frame,time,x,y,z,vx,vy,vz,yaw,yaw_rate,speed,rpm,gear,steer,grounded,original_gear,shaft_spin,throttle,brake,handbrake,up_x,up_y,up_z,right_x,right_y,right_z,omega_x,omega_z,last_push_x,last_push_y,last_push_z,wheel0_grounded,wheel0_x,wheel0_load,wheel0_f_lat,wheel0_f_long,wheel0_bristle_lat,wheel0_bristle_long,wheel0_omega,wheel1_grounded,wheel1_x,wheel1_load,wheel1_f_lat,wheel1_f_long,wheel1_bristle_lat,wheel1_bristle_long,wheel1_omega,wheel2_grounded,wheel2_x,wheel2_load,wheel2_f_lat,wheel2_f_long,wheel2_bristle_lat,wheel2_bristle_long,wheel2_omega,wheel3_grounded,wheel3_x,wheel3_load,wheel3_f_lat,wheel3_f_long,wheel3_bristle_lat,wheel3_bristle_long,wheel3_omega,force_x,force_y,force_z,torque_x,torque_y,torque_z,impulse_x,impulse_y,impulse_z,angular_impulse_x,angular_impulse_y,angular_impulse_z,applied_push_x,applied_push_y,applied_push_z
0,0.000000,0.000000,0.000000,0.000000,-0.000000,-0.000000,0.000000,-0.000002,-0.000000,-0.000000,865.037,0,0.000000,4,2,0.000000,1,0,0,0.000480,0.999993,-0.003814,1.000000,-0.000480,0.000004,-0.000000,-0.000000,0.000000,0.000000,0.000000,1,0.008368,30725.589844,0.031464,-12.746793,-0.000000,0.000027,0.000000,1,0.009397,30877.386719,0.031560,-12.320998,-0.000000,0.000026,0.000000,1,-0.019648,18152.783203,-0.030473,12.541591,0.000000,-0.000039,0.000000,1,-0.018739,18244.333984,-0.030534,12.528200,0.000000,-0.000039,0.000000,0.002018,98000.109375,-0.002000,0.328125,0.003211,0.128906,0.000000,0.000000,0.000000,0.000000,0.000000,0.000000,0.000000,0.000000,0.000000
1,0.016667,0.000000,0.000000,0.000000,-0.000000,0.000000,-0.000000,-0.000002,0.000000,0.000000,981.677,0,0.000000,4,2,0.000000,1,0,0,0.000480,0.999993,-0.003814,1.000000,-0.000480,0.000004,0.000000,0.000000,0.000000,0.000000,0.000000,1,0.008368,30725.589844,0.030117,-12.747658,-0.000000,0.000027,0.000000,1,0.009397,30877.179688,0.030214,-12.321923,-0.000000,0.000026,0.000000,1,-0.019648,18152.783203,-0.031535,12.540998,0.000000,-0.000039,0.000000,1,-0.018739,18244.333984,-0.031595,12.527571,0.000000,-0.000039,0.000000,-0.002799,97999.867188,0.001012,-0.343750,0.000661,-0.132812,0.000000,0.000000,0.000000,0.000000,0.000000,0.000000,0.000000,0.000000,0.000000
2,0.033333,0.000000,0.000000,0.000000,-0.000000,-0.000000,-0.000000,-0.000002,0.000000,0.000000,1099.818,0,0.000000,4,2,0.000000,1,0,0,0.000480,0.999993,-0.003814,1.000000,-0.000480,0.000004,-0.000000,-0.000000,0.000000,0.000000,0.000000,1,0.008368,30725.589844,0.032243,-12.746756,-0.000000,0.000027,0.000000,1,0.009397,30877.386719,0.032340,-12.321024,-0.000000,0.000026,0.000000,1,-0.019648,18152.783203,-0.030090,12.541613,0.000000,-0.000039,0.000000,1,-0.018739,18244.333984,-0.030151,12.528184,0.000000,-0.000039,0.000000,0.004342,98000.109375,-0.002017,0.328125,0.002390,0.128906,0.000000,0.000000,0.000000,0.000000,0.000000,0.000000,0.000000,0.000000,0.000000
3,0.050000,0.000000,0.000000,0.000000,-0.000000,-0.000000,-0.000000,-0.000002,0.000000,0.000000,1219.367,0,0.000000,4,2,0.000000,1,0,0,0.000480,0.999993,-0.003814,1.000000,-0.000480,0.000004,0.000000,0.000000,0.000000,0.000000,0.000000,1,0.008368,30725.589844,0.030785,-12.747625,-0.000000,0.000027,0.000000,1,0.009397,30877.292969,0.030881,-12.321962,-0.000000,0.000026,0.000000,1,-0.019648,18152.783203,-0.031246,12.541016,0.000000,-0.000039,0.000000,1,-0.018739,18244.333984,-0.031307,12.527547,0.000000,-0.000039,0.000000,-0.000887,98000.000000,0.001025,0.031250,-0.000436,0.011719,0.000000,0.000000,0.000000,0.000000,0.000000,0.000000,0.000000,0.000000,0.000000
4,0.066667,0.000000,0.000000,0.000000,-0.000000,-0.000000,-0.000000,-0.000002,0.000000,0.000000,1340.224,0,0.000000,4,2,0.000000,1,0,0,0.000480,0.999993,-0.003814,1.000000,-0.000480,0.000004,0.000000,0.000000,0.000000,0.000000,0.000000,1,0.008368,30725.589844,0.030590,-12.747831,-0.000000,0.000027,0.000000,1,0.009397,30877.179688,0.030686,-12.322199,-0.000000,0.000026,0.000000,1,-0.019648,18152.783203,-0.031450,12.540875,0.000000,-0.000039,0.000000,1,-0.018739,18244.333984,-0.031511,12.527387,0.000000,-0.000039,0.000000,-0.001685,97999.867188,0.001768,-0.343750,-0.001307,-0.132812,0.000000,0.000000,0.000000,0.000000,0.000000,0.000000,0.000000,0.000000,0.000000
5,0.083333,0.000000,0.000000,0.000000,-0.000000,-0.000000,0.000000,-0.000002,0.000000,-0.000000,1462.284,0,0.000000,4,2,0.000000,1,0,0,0.000480,0.999993,-0.003814,1.000000,-0.000480,0.000004,-0.000000,-0.000000,0.000000,0.000000,0.000000,1,0.008368,30725.589844,0.032560,-12.746898,-0.000000,0.000027,0.000000,1,0.009397,30877.386719,0.032656,-12.321256,-0.000000,0.000026,0.000000,1,-0.019648,18152.783203,-0.030083,12.541512,0.000000,-0.000039,0.000000,1,-0.018739,18244.333984,-0.030144,12.528030,0.000000,-0.000039,0.000000,0.004990,98000.109375,-0.001390,0.328125,0.000581,0.128906,0.000000,0.000000,0.000000,0.000000,0.000000,0.000000,0.000000,0.000000,0.000000
6,0.100000,0.000000,0.000000,0.000000,-0.000000,-0.000000,-0.000000,-0.000002,0.000000,0.000000,1585.439,0,0.000000,4,2,0.000000,1,0,0,0.000480,0.999993,-0.003814,1.000000,-0.000480,0.000004,0.000000,0.000000,0.000000,0.000000,0.000000,1,0.008368,30725.589844,0.030940,-12.747728,-0.000000,0.000027,0.000000,1,0.009397,30877.179688,0.031036,-12.322135,-0.000000,0.000026,0.000000,1,-0.019648,18152.783203,-0.031303,12.540944,0.000000,-0.000039,0.000000,1,-0.018739,18244.333984,-0.031363,12.527431,0.000000,-0.000039,0.000000,-0.000689,97999.867188,0.001487,-0.343750,-0.001923,-0.128906,0.000000,0.000000,0.000000,0.000000,0.000000,0.000000,0.000000,0.000000,0.000000
7,0.116667,0.000000,0.000000,0.000000,-0.000000,-0.000000,0.000000,-0.000002,0.000000,-0.000000,1585.439,0,0.000000,4,2,3.521044,1,0,0,0.000480,0.999993,-0.003814,1.000000,-0.000480,0.000004,-0.000000,-0.000000,0.000000,0.000000,0.000000,1,0.008368,30725.589844,0.032702,-12.746792,-0.000000,0.000027,0.000000,1,0.009397,30877.386719,0.032798,-12.321177,-0.000000,0.000026,0.000000,1,-0.019648,18152.783203,-0.030052,32623.003906,0.000000,-0.037620,3.521044,1,-0.018739,18244.333984,-0.030113,32622.994141,0.000000,-0.037620,3.521044,0.245635,98000.109375,-65220.929688,34498.250000,-142.193359,0.253906,0.000000,0.000000,0.000000,0.000000,0.000000,0.000000,0.000000,0.000000,0.000000
8,0.133333,0.000000,-0.000006,-0.003540,0.000001,-0.000340,-0.217403,-0.000003,-0.000041,0.217403,1261.011,0,0.000000,4,2,3.405184,1,0,0,0.000480,0.999993,-0.003664,1.000000,-0.000480,0.000004,0.009025,-0.000000,0.000000,0.000000,0.000000,1,0.007963,30344.970703,-2.343138,-4721.026367,0.000002,0.003731,0.000000,1,0.008991,30496.560547,-2.343050,-4718.736816,0.000002,0.003728,0.000000,1,-0.018947,18602.416016,2.503615,37204.832031,-0.000003,-0.070262,3.405184,1,-0.018037,18693.968750,2.515807,37387.937500,-0.000003,-0.070263,3.405184,0.613188,98159.578125,-65152.914062,27217.773438,70.980469,-1.960938,0.000000,0.000000,0.000000,0.000000,0.000000,0.000000,0.000000,0.000000,0.000000
9,0.150000,0.000000,-0.000008,-0.010742,0.000003,-0.000156,-0.434579,-0.000003,-0.000021,0.434578,1219.517,0,0.000000,4,2,3.236118,1,0,0,0.000480,0.999994,-0.003395,1.000000,-0.000480,0.000005,0.016147,-0.000002,0.000000,0.000000,0.000000,1,0.007229,29977.423828,-2.067877,-10056.009766,0.000003,0.010256,0.087156,1,0.008258,30129.220703,-2.067788,-10047.402344,0.000003,0.010248,0.087397,1,-0.017699,19022.984375,1.987011,38045.968750,-0.000005,-0.097420,3.236490,1,-0.016789,19114.535156,1.996775,38229.070312,-0.000005,-0.097414,3.235747,0.102037,98279.109375,-56171.257812,15760.218750,97.218750,-1.833984,0.000000,0.000000,0.000000,0.000000,0.000000,0.000000,0.000000,0.000000,0.000000
10,0.166667,0.000000,-0.000000,-0.021118,0.000003,0.000480,-0.621817,-0.000003,0.000006,0.621813,1158.969,0,0.000000,4,2,3.056301,1,0,0,0.000480,0.999995,-0.003057,1.000000,-0.000480,0.000004,0.020272,-0.000004,0.000000,0.000000,0.000000,1,0.006298,29682.962891,-0.894439,-14796.369141,0.000002,0.018089,0.274597,1,0.007327,29834.775391,-0.894346,-14773.135742,0.000002,0.018065,0.275280,1,-0.016144,19345.431641,0.854330,38690.863281,-0.000004,-0.119507,3.057021,1,-0.015234,19437.136719,0.858594,38874.273438,-0.000004,-0.119485,3.055581,0.128193,98338.578125,-47994.875000,6359.000000,119.386719,-1.451172,0.000000,0.000000,0.000000,0.000000,0.000000,0.000000,0.000000,0.000000,0.000000
11,0.183333,0.000000,0.000023,-0.034058,0.000004,0.001378,-0.781800,-0.000002,0.000040,0.781793,1094.570,0,0.000000,4,2,2.867774,1,0,0,0.000480,0.999996,-0.002691,1.000000,-0.000480,0.000003,0.021939,-0.000006,0.000000,0.000000,0.000000,1,0.005275,29459.955078,1.234447,-18430.279297,0.000001,0.025872,0.551144,1,0.006304,29612.011719,1.234545,-18384.623047,0.000001,0.025822,0.552279,1,-0.014475,19574.742188,-6.588728,37192.007812,-0.000001,-0.116445,2.868817,1,-0.013565,19666.470703,-6.628562,37366.292969,-0.000001,-0.116426,2.866731,-10.619888,98347.460938,-37742.199219,-2581.601562,84.953125,-4.187500,0.000000,0.000000,0.000000,0.000000,0.000000,0.000000,0.000000,0.000000,0.000000
12,0.200000,0.000000,0.000063,-0.049194,-0.000032,0.002388,-0.907607,-0.000001,0.000065,0.907599,1027.052,0,0.000000,4,2,2.694446,1,0,0,0.000481,0.999997,-0.002337,1.000000,-0.000481,0.000002,0.021267,-0.000011,0.000000,0.000000,0.000000,1,0.004265,29321.875000,4.321165,-20434.179688,-0.000003,0.032343,0.896000,1,0.005295,29473.982422,4.321266,-20359.828125,-0.000003,0.032253,0.897383,1,-0.012876,19698.611328,-3.381171,37427.359375,0.000003,-0.116203,2.695776,1,-0.011965,19790.363281,-3.381229,37601.691406,0.000003,-0.116744,2.693117,1.953813,98309.281250,-34233.425781,-6247.945312,138.078125,2.775391,0.000000,0.000000,0.000000,0.000000,0.000000,0.000000,0.000000,0.000000,0.000000
13,0.216667,0.000000,0.000118,-0.066284,-0.000025,0.003327,-1.021719,0.000001,0.000104,1.021710,964.977,0,0.000000,4,2,2.516913,1,0,0,0.000481,0.999998,-0.002010,1.000000,-0.000481,0.000000,0.019636,-0.000007,0.000000,0.000000,0.000000,1,0.003315,29228.435547,8.093128,-21087.128906,-0.000008,0.036926,1.278524,1,0.004345,29380.371094,8.093226,-20982.667969,-0.000008,0.036787,1.279734,1,-0.011417,19769.033203,-7.572333,37561.164062,0.000011,-0.116618,2.518502,1,-0.010507,19860.810547,-7.572393,37735.539062,0.000011,-0.117160,2.515324,1.050274,98252.000000,-33224.859375,-7717.859375,112.988281,2.318359,0.000000,0.000000,0.000000,0.000000,0.000000,0.000000,0.000000,0.000000,0.000000
14,0.233333,0.000000,0.000187,-0.085083,-0.000022,0.004117,-1.132468,0.000003,0.000137,1.132460,901.396,0,0.000000,4,2,2.336206,1,0,0,0.000481,0.999998,-0.001716,1.000000,-0.000481,-0.000002,0.017619,-0.000003,0.000000,0.000000,0.000000,1,0.002443,29162.164062,12.269834,-20619.722656,-0.000015,0.039439,1.673322,1,0.003473,29314.117188,12.270271,-20486.761719,-0.000015,0.039247,1.673831,1,-0.010127,19807.810547,-11.399556,39615.621094,0.000021,-0.122545,2.338027,1,-0.009217,19899.533203,-11.415807,39799.066406,0.000021,-0.123043,2.334387,1.642053,98186.234375,-38305.687500,-5487.648438,83.417969,-0.773438,0.000000,0.000000,0.000000,0.000000,0.000000,0.000000,0.000000,0.000000,0.000000
15,0.250000,0.000000,0.000265,-0.106079,-0.000016,0.004699,-1.260154,0.000006,0.000161,1.260146,836.678,0,0.000000,4,2,2.130671,1,0,0,0.000481,0.999999,-0.001446,1.000000,-0.000481,-0.000005,0.016185,-0.000004,0.000000,0.000000,0.000000,1,0.001627,29085.669922,16.572123,-19651.966797,-0.000022,0.040259,2.059334,1,0.002657,29237.753906,16.572311,-19495.533203,-0.000022,0.040015,2.058576,1,-0.008958,19860.480469,-17.295115,38737.003906,0.000033,-0.120269,2.132689,1,-0.008047,19952.140625,-17.295200,38898.859375,0.000033,-0.120771,2.128655,-1.636944,98130.765625,-38485.250000,-6101.445312,7.238281,-2.212891,0.000000,0.000000,0.000000,0.000000,0.000000,0.000000,0.000000,0.000000,0.000000
16,0.266667,0.000000,0.000350,-0.129272,-0.000022,0.005129,-1.388438,0.000008,0.000163,1.388431,763.069,0,0.000000,4,2,1.932990,1,0,0,0.000481,0.999999,-0.001203,1.000000,-0.000481,-0.000008,0.014590,-0.000007,0.000000,0.000000,0.000000,1,0.000876,29026.751953,20.297983,-18124.281250,-0.000030,0.039573,2.427155,1,0.001907,29178.871094,20.298136,-17950.984375,-0.000030,0.039283,2.424628,1,-0.007919,19894.693359,-21.323961,36470.218750,0.000045,-0.117656,1.935134,1,-0.007008,19986.582031,-21.323782,36587.917969,0.000045,-0.118108,1.930848,-2.339800,98074.726562,-36979.089844,-7335.546875,-73.847656,-2.115234,0.000000,0.000000,0.000000,0.000000,0.000000,0.000000,0.000000,0.000000,0.000000
17,0.283333,0.000000,0.000441,-0.154419,-0.000030,0.005413,-1.511702,0.000011,0.000142,1.511696,806.485,0,0.000000,4,2,0.446111,1,0,0,0.000481,0.999999,-0.000992,1.000000,-0.000481,-0.000010,0.012672,-0.000010,0.000000,0.000000,0.000000,1,0.000208,28993.710938,22.795740,-16136.787109,-0.000037,0.037578,2.766259,1,0.001239,29145.976562,22.795868,-15954.703125,-0.000037,0.037252,2.761555,1,-0.007032,19901.505859,-23.811634,20074.945312,0.000056,-0.097119,0.446663,1,-0.006121,19993.355469,-23.811401,20206.294922,0.000056,-0.097555,0.445558,-2.115337,98016.062500,-8185.271484,-22585.171875,-26.769531,-1.716797,0.000000,0.000000,0.000000,0.000000,0.000000,0.000000,0.000000,0.000000,0.000000
18,0.300000,0.000000,0.000535,-0.180176,-0.000037,0.005680,-1.538986,0.000013,0.000134,1.538980,922.329,0,0.000000,4,2,-0.374405,1,0,0,0.000481,0.999999,-0.000879,1.000000,-0.000481,-0.000013,0.006764,-0.000013,0.000000,0.000000,0.000000,1,-0.000195,29143.875000,25.670113,-11921.855469,-0.000043,0.033007,3.068003,1,0.000836,29296.304688,25.670204,-11741.466797,-0.000043,0.032661,3.060836,1,-0.006606,19696.027344,-26.665257,5499.848633,0.000066,-0.067408,-0.375104,1,-0.005694,19787.976562,-26.665203,5649.333008,0.000066,-0.067854,-0.373707,-1.832981,97891.257812,12518.785156,-30143.453125,-11.176270,1.187500,0.000000,0.000000,0.000000,0.000000,0.000000,0.000000,0.000000,0.000000,0.000000
19,0.316667,0.000000,0.000630,-0.205078,-0.000043,0.005667,-1.497257,0.000015,0.000132,1.497251,1039.721,0,0.000000,4,2,-0.599484,1,0,0,0.000481,0.999999,-0.000898,1.000000,-0.000482,-0.000015,-0.001123,-0.000012,0.000000,0.000000,0.000000,1,-0.000238,29422.068359,28.650387,-6001.277344,-0.000050,0.025476,3.290516,1,0.000793,29574.457031,28.650436,-5835.639648,-0.000050,0.025128,3.280665,1,-0.006787,19349.302734,-29.641487,-5489.563477,0.000076,-0.036061,-0.600093,1,-0.005875,19441.365234,-29.641459,-5338.233398,0.000076,-0.036516,-0.598876,-1.648075,97737.914062,22669.109375,-29920.351562,-53.604004,1.222656,0.000000,0.000000,0.000000,0.000000,0.000000,0.000000,0.000000,0.000000,0.000000
20,0.333333,0.000000,0.000717,-0.228760,-0.000048,0.005217,-1.421693,0.000017,0.000117,1.421686,1158.568,0,0.000000,4,2,-0.377764,1,0,0,0.000482,0.999999,-0.001047,1.000000,-0.000482,-0.000017,-0.008953,-0.000011,0.000000,0.000000,0.000000,1,0.000083,29757.884766,30.905067,636.240723,-0.000056,0.015519,3.401738,1,0.001115,29910.326172,30.905390,773.049805,-0.000056,0.015193,3.389124,1,-0.007564,18949.394531,-31.711956,-12376.091797,0.000084,-0.008413,-0.377944,1,-0.006652,19041.427734,-31.711946,-12229.447266,0.000084,-0.008868,-0.377585,-1.228138,97597.367188,23200.210938,-23801.742188,-126.484375,1.240234,0.000000,0.000000,0.000000,0.000000,0.000000,0.000000,0.000000,0.000000,0.000000
21,0.350000,0.000000,0.000788,-0.251221,-0.000052,0.004308,-1.344359,0.000018,0.000081,1.344352,1278.774,0,0.000000,4,2,0.124060,1,0,0,0.000482,0.999999,-0.001300,1.000000,-0.000482,-0.000018,-0.015183,-0.000011,0.000000,0.000000,0.000000,1,0.000703,30086.015625,31.651371,6872.260742,-0.000060,0.004353,3.388191,1,0.001735,30238.509766,31.651701,6966.995117,-0.000060,0.004073,3.372959,1,-0.008806,18572.884766,-31.997299,-15466.516602,0.000090,0.012534,0.124016,1,-0.007894,18664.953125,-31.997293,-15321.363281,0.000090,0.012080,0.124104,-0.389194,97495.203125,16952.167969,-14512.429688,-200.123047,1.492188,0.000000,0.000000,0.000000,0.000000,0.000000,0.000000,0.000000,0.000000,0.000000
22,0.366667,0.000000,0.000839,-0.272705,-0.000054,0.003020,-1.287852,0.000019,0.000024,1.287845,1400.237,0,0.000000,4,2,0.748399,1,0,0,0.000482,0.999998,-0.001617,1.000000,-0.000482,-0.000018,-0.018985,-0.000010,0.000000,0.000000,0.000000,1,0.001518,30360.326172,30.386616,11739.435547,-0.000062,-0.006497,3.257423,1,0.002550,30512.984375,30.386837,11781.791016,-0.000062,-0.006707,3.239990,1,-0.010321,18273.728516,-29.987608,-15570.050781,0.000091,0.025825,0.750004,1,-0.009408,18365.833984,-29.987549,-15454.378906,0.000091,0.025407,0.746796,0.934042,97448.484375,7506.455078,-4799.570312,-284.791992,2.115234,0.000000,0.000000,0.000000,0.000000,0.000000,0.000000,0.000000,0.000000,0.000000
23,0.383333,0.000000,0.000864,-0.293701,-0.000050,0.001503,-1.262830,0.000018,-0.000057,1.262825,1522.851,0,0.000000,4,2,1.377546,1,0,0,0.000482,0.999998,-0.001954,1.000000,-0.000482,-0.000017,-0.020246,-0.000008,0.000000,0.000000,0.000000,1,0.002415,30558.160156,26.419640,14613.445312,-0.000059,-0.015581,3.035163,1,0.003448,30710.666016,26.419767,14598.332031,-0.000059,-0.015701,3.016226,1,-0.011907,18075.257812,-24.982002,-13636.901367,0.000086,0.031955,1.380957,1,-0.010993,18167.322266,-24.981934,-13563.650391,0.000086,0.031607,1.374145,2.841501,97456.906250,-2008.100586,3298.320312,-342.931641,2.576172,0.000000,0.000000,0.000000,0.000000,0.000000,0.000000,0.000000,0.000000,0.000000
24,0.400000,0.000000,0.000863,-0.314941,-0.000041,-0.000069,-1.269524,0.000015,-0.000155,1.269521,1522.851,0,0.000000,4,2,3.904816,1,0,0,0.000482,0.999997,-0.002277,1.000000,-0.000482,-0.000014,-0.019388,-0.000005,0.000000,0.000000,0.000000,1,0.003300,30678.326172,19.607849,15279.918945,-0.000053,-0.021817,2.758880,1,0.004333,30830.867188,19.608141,15208.415039,-0.000053,-0.021836,2.739349,1,-0.013400,17974.818359,-16.926252,7752.617676,0.000074,0.011159,3.914925,1,-0.012487,18066.830078,-16.926140,7681.794922,0.000074,0.011022,3.894732,4.711319,97511.101562,-45919.585938,28014.585938,-525.952637,3.271484,0.000000,0.000000,0.000000,0.000000,0.000000,0.000000,0.000000,0.000000,0.000000
25,0.416667,0.000000,0.000834,-0.338623,-0.000025,-0.001731,-1.422589,0.000010,-0.000306,1.422589,1398.453,0,0.000000,4,2,4.070518,1,0,0,0.000482,0.999997,-0.002478,1.000000,-0.000482,-0.000009,-0.012064,-0.000001,0.000000,0.000000,0.000000,1,0.003879,30521.494141,7.475932,11270.582031,-0.000039,-0.022585,2.470068,1,0.004912,30673.957031,7.476288,11152.210938,-0.000039,-0.022504,2.450966,1,-0.014302,18204.058594,-3.028473,13715.926758,0.000050,-0.008790,4.080898,1,-0.013388,18296.082031,-3.028323,13576.368164,0.000050,-0.008715,4.060163,8.447716,97684.835938,-49711.121094,26163.468750,-451.382812,2.843750,0.000000,0.000000,0.000000,0.000000,0.000000,0.000000,0.000000,0.000000,0.000000
26,0.433333,0.000000,0.000786,-0.365112,0.000003,-0.002881,-1.588293,0.000003,-0.000435,1.588295,1457.797,0,0.000000,4,2,4.170906,1,0,0,0.000482,0.999996,-0.002565,1.000000,-0.000482,-0.000002,-0.005223,0.000001,0.000000,0.000000,0.000000,1,0.004165,30332.070312,-6.910625,5364.405273,-0.000019,-0.018421,2.256622,1,0.005198,30484.328125,-6.910314,5215.622070,-0.000019,-0.018253,2.239074,1,-0.014656,18463.662109,13.012709,18619.875000,0.000016,-0.026985,4.181237,1,-0.013743,18555.468750,13.012833,18416.595703,0.000016,-0.026704,4.160600,12.123281,97848.445312,-47611.554688,20824.851562,-305.005859,4.218750,0.000000,0.000000,0.000000,0.000000,0.000000,0.000000,0.000000,0.000000,0.000000
27,0.450000,0.000000,0.000727,-0.394287,0.000043,-0.003516,-1.746998,-0.000006,-0.000523,1.747001,1493.749,0,0.000000,4,2,4.217362,1,0,0,0.000482,0.999997,-0.002561,1.000000,-0.000482,0.000007,0.000223,0.000007,0.000000,0.000000,0.000000,1,0.004213,30151.419922,-21.984566,-1310.767578,0.000005,-0.010553,2.154197,1,0.005246,30303.548828,-21.984444,-1469.457520,0.000005,-0.010322,2.139133,1,-0.014581,18703.812500,29.233667,22569.583984,-0.000023,-0.042979,4.227370,1,-0.013667,18795.748047,29.233681,22308.160156,-0.000023,-0.042501,4.207378,14.793066,97984.109375,-42091.539062,14086.875000,-119.029297,6.994141,0.000000,0.000000,0.000000,0.000000,0.000000,0.000000,0.000000,0.000000,0.000000
28,0.466667,0.000000,0.000666,-0.425781,0.000093,-0.003699,-1.887303,-0.000015,-0.000557,1.887307,1510.387,0,0.000000,4,2,4.220201,1,0,0,0.000482,0.999997,-0.002496,1.000000,-0.000482,0.000016,0.003908,0.000016,0.000000,0.000000,0.000000,1,0.004097,30003.814453,-36.235367,-7749.449219,0.000032,-0.000540,2.177249,1,0.005129,30155.572266,-36.235550,-7896.476562,0.000032,-0.000279,2.165256,1,-0.014217,18895.695312,43.803558,25684.257812,-0.000065,-0.056625,4.229657,1,-0.013304,18987.250000,43.803391,25370.556641,-0.000065,-0.055963,4.210766,15.711323,98081.062500,-35401.906250,7554.679688,80.164062,10.214844,0.000000,0.000000,0.000000,0.000000,0.000000,0.000000,0.000000,0.000000,0.000000
29,0.483333,0.000000,0.000606,-0.459106,0.000145,-0.003544,-2.005310,-0.000024,-0.000534,2.005312,1511.404,0,0.000000,4,2,4.188476,1,0,0,0.000481,0.999997,-0.002398,1.000000,-0.000481,0.000025,0.005885,0.000030,0.000000,0.000000,0.000000,1,0.003888,29899.943359,-48.295303,-13188.528320,0.000058,0.010035,2.321332,1,0.004920,30051.277344,-48.294456,-13304.245117,0.000058,0.010290,2.312578,1,-0.013704,19028.367188,55.150806,28057.503906,-0.000105,-0.067941,4.197196,1,-0.012792,19119.630859,55.151367,27697.496094,-0.000105,-0.067110,4.179773,14.446705,98140.804688,-29254.343750,2299.890625,259.636719,6.363281,0.000000,0.000000,0.000000,0.000000,0.000000,0.000000,0.000000,0.000000,0.000000
30,0.500000,0.000000,0.000554,-0.494263,0.000193,-0.003167,-2.102824,-0.000032,-0.000460,2.102826,1500.042,0,0.000000,4,2,4.130248,1,0,0,0.000481,0.999997,-0.002290,1.000000,-0.000481,0.000033,0.006489,0.000039,0.000000,0.000000,0.000000,1,0.003646,29837.621094,-57.085991,-17159.324219,0.000081,0.019808,2.567656,1,0.004676,29988.367188,-57.086311,-17228.373047,0.000081,0.020023,2.561877,1,-0.013150,19105.853516,62.361828,29740.982422,-0.000138,-0.076997,4.138089,1,-0.012240,19196.869141,62.361618,29340.732422,-0.000138,-0.076013,4.122421,11.358524,98168.398438,-24685.351562,-1247.070312,403.494141,3.750000,0.000000,0.000000,0.000000,0.000000,0.000000,0.000000,0.000000,0.000000,0.000000
31,0.516667,0.000000,0.000509,-0.530640,0.000231,-0.002677,-2.185109,-0.000037,-0.000345,2.185109,1479.188,0,0.000000,4,2,4.053041,1,0,0,0.000480,0.999997,-0.002187,1.000000,-0.000480,0.000038,0.006164,0.000045,0.000000,0.000000,0.000000,1,0.003411,29808.167969,-61.990601,-19481.400391,0.000100,0.027780,2.888621,1,0.004439,29958.591797,-61.990200,-19494.402344,0.000100,0.027926,2.885177,1,-0.012630,19140.414062,64.916595,30747.638672,-0.000161,-0.083852,4.059898,1,-0.011721,19231.158203,64.916893,30313.257812,-0.000161,-0.082732,4.046196,6.700294,98173.304688,-22075.736328,-3059.171875,486.242188,1.947266,0.000000,0.000000,0.000000,0.000000,0.000000,0.000000,0.000000,0.000000,0.000000
32,0.533333,0.000000,0.000473,-0.568359,0.000253,-0.002156,-2.258694,-0.000041,-0.000206,2.258694,1451.538,0,0.000000,4,2,3.964274,1,0,0,0.000479,0.999998,-0.002098,1.000000,-0.000479,0.000042,0.005365,0.000049,0.000000,0.000000,0.000000,1,0.003203,29799.621094,-62.992641,-20215.876953,0.000112,0.033371,3.253236,1,0.004230,29949.480469,-62.992279,-20169.953125,0.000112,0.033426,3.251208,1,-0.012179,19147.818359,63.059700,31067.310547,-0.000174,-0.088530,3.970074,1,-0.011272,19238.341797,63.059605,30605.076172,-0.000174,-0.087294,3.958483,1.023247,98164.250000,-21276.554688,-3505.429688,515.103516,-1.914062,0.000000,0.000000,0.000000,0.000000,0.000000,0.000000,0.000000,0.000000,0.000000
33,0.550000,0.000000,0.000445,-0.607178,0.000257,-0.001656,-2.329616,-0.000042,-0.000059,2.329615,1419.747,0,0.000000,4,2,3.871515,1,0,0,0.000478,0.999998,-0.002024,1.000000,-0.000478,0.000043,0.004450,0.000048,0.000000,0.000000,0.000000,1,0.003029,29800.224609,-60.291748,-19595.519531,0.000118,0.036399,3.631656,1,0.004054,29950.136719,-60.291584,-19494.207031,0.000118,0.036354,3.629979,1,-0.011808,19142.580078,20.684614,27181.902344,-0.000064,-0.084393,3.876215,1,-0.010902,19233.023438,20.783897,26786.853516,-0.000065,-0.083167,3.866821,-78.479912,98148.937500,-14868.396484,-6743.835938,245.312500,-43.921875,0.000000,0.000000,0.000000,0.000000,0.000000,0.000000,0.000000,0.000000,0.000000
34,0.566667,0.000000,0.000426,-0.646729,-0.000005,-0.001167,-2.379178,-0.000042,0.000012,2.379175,1386.527,0,0.000000,4,2,3.821270,1,0,0,0.000479,0.999998,-0.001979,1.000000,-0.000479,0.000043,0.002687,-0.000011,0.000000,0.000000,0.000000,1,0.002925,29841.207031,-52.689987,-15313.407227,0.000116,0.032453,3.998416,1,0.003951,29992.681641,-52.689758,-15287.336914,0.000116,0.032398,3.996006,1,-0.011581,19087.076172,13.361914,25866.931641,-0.000041,-0.080310,3.825077,1,-0.010675,19178.445312,13.425644,25474.501953,-0.000042,-0.079092,3.817467,-77.709953,98114.609375,-20729.597656,-2696.335938,40.130859,-40.443359,0.000000,0.000000,0.000000,0.000000,0.000000,0.000000,0.000000,0.000000,0.000000
35,0.583333,0.000000,0.000412,-0.687500,-0.000264,-0.000816,-2.448276,-0.000041,0.000023,2.448273,1368.532,0,0.000000,4,2,3.785393,1,0,0,0.000480,0.999998,-0.001946,1.000000,-0.000480,0.000042,0.001983,-0.000065,0.000000,0.000000,0.000000,1,0.002847,29849.916016,-44.757908,-13454.208008,0.000108,0.030990,4.284682,1,0.003875,30003.347656,-44.757694,-13282.083984,0.000108,0.030820,4.282702,1,-0.011416,19070.761719,17.635233,25530.814453,-0.000046,-0.079923,3.788335,1,-0.010507,19163.300781,17.698950,25083.291016,-0.000047,-0.078641,3.782454,-53.174015,98098.234375,-23866.070312,-759.031250,131.396484,-23.730469,0.000000,0.000000,0.000000,0.000000,0.000000,0.000000,0.000000,0.000000,0.000000
36,0.600000,0.000000,0.000404,-0.729614,-0.000441,-0.000530,-2.527830,-0.000040,0.000060,2.527826,1355.684,0,0.000000,4,2,3.753343,1,0,0,0.000481,0.999998,-0.001916,1.000000,-0.000481,0.000041,0.001785,-0.000097,0.000000,0.000000,0.000000,1,0.002773,29841.683594,-34.802624,-11293.658203,0.000095,0.028371,4.536000,1,0.003804,29996.472656,-34.802437,-11089.589844,0.000095,0.028104,4.531584,1,-0.011271,19074.277344,19.531084,23951.720703,-0.000052,-0.077860,3.755312,1,-0.010359,19167.783203,19.594984,23500.722656,-0.000052,-0.076534,3.751374,-29.446085,98088.289062,-25056.673828,-192.203125,120.097656,-8.492188,0.000000,0.000000,0.000000,0.000000,0.000000,0.000000,0.000000,0.000000,0.000000
37,0.616667,0.000000,0.000399,-0.773193,-0.000539,-0.000278,-2.611352,-0.000039,0.000095,2.611348,1344.205,0,0.000000,4,2,3.738770,1,0,0,0.000483,0.999998,-0.001887,1.000000,-0.000483,0.000040,0.001736,-0.000108,0.000000,0.000000,0.000000,1,0.002697,29828.923828,-24.632471,-9182.625000,0.000079,0.025064,4.746706,1,0.003732,29984.558594,-24.632334,-8965.595703,0.000079,0.024725,4.739120,1,-0.011134,19083.521484,20.432787,21936.154297,-0.000056,-0.074239,3.739772,1,-0.010219,19177.427734,20.496681,21487.964844,-0.000056,-0.072889,3.737768,-7.333632,98080.335938,-25262.535156,-221.734375,86.189453,4.589844,0.000000,0.000000,0.000000,0.000000,0.000000,0.000000,0.000000,0.000000,0.000000
38,0.633333,0.000000,0.000398,-0.818115,-0.000564,-0.000048,-2.695561,-0.000037,0.000119,2.695556,1338.986,0,0.000000,4,2,3.746647,1,0,0,0.000485,0.999998,-0.001859,1.000000,-0.000485,0.000038,0.001679,-0.000102,0.000000,0.000000,0.000000,1,0.002619,29816.554688,-15.260589,-7259.266602,0.000062,0.021471,4.917728,1,0.003658,29972.640625,-15.260201,-7047.339355,0.000062,0.021091,4.906603,1,-0.011006,19092.230469,20.462944,19617.136719,-0.000059,-0.069290,3.746692,1,-0.010087,19186.396484,20.526896,19178.140625,-0.000059,-0.067935,3.746601,11.390797,98071.757812,-24474.431641,-783.890625,37.685547,15.228516,0.000000,0.000000,0.000000,0.000000,0.000000,0.000000,0.000000,0.000000,0.000000
39,0.650000,0.000000,0.000401,-0.864380,-0.000526,0.000163,-2.777142,-0.000034,0.000130,2.777137,1341.807,0,0.000000,4,2,3.780492,1,0,0,0.000486,0.999998,-0.001835,1.000000,-0.000486,0.000035,0.001474,-0.000081,0.000000,0.000000,0.000000,1,0.002548,29810.835938,-7.514218,-5597.892578,0.000045,0.017905,5.052597,1,0.003589,29966.683594,-7.513749,-5406.541016,0.000045,0.017515,5.037912,1,-0.010896,19092.964844,12.683472,17149.708984,-0.000039,-0.063335,3.779593,1,-0.009975,19186.998047,12.743391,16726.398438,-0.000040,-0.061995,3.781392,11.209951,98059.179688,-22856.558594,-1657.351562,-82.411133,14.583984,0.000000,0.000000,0.000000,0.000000,0.000000,0.000000,0.000000,0.000000,0.000000
40,0.666667,0.000000,0.000407,-0.911987,-0.000488,0.000347,-2.853331,-0.000033,0.000107,2.853325,1353.928,0,0.000000,4,2,3.842111,1,0,0,0.000487,0.999998,-0.001817,1.000000,-0.000487,0.000034,0.001041,-0.000061,0.000000,0.000000,0.000000,1,0.002494,29816.310547,-1.894337,-4224.865723,0.000030,0.014582,5.156236,1,0.003537,29971.908203,-1.893834,-4064.967529,0.000030,0.014211,5.138280,1,-0.010823,19080.781250,14.462895,14694.694336,-0.000041,-0.056761,3.840279,1,-0.009900,19174.759766,14.522724,14294.169922,-0.000042,-0.055457,3.843945,25.894611,98043.031250,-20683.074219,-2617.296875,-103.383789,20.597656,0.000000,0.000000,0.000000,0.000000,0.000000,0.000000,0.000000,0.000000,0.000000
41,0.683333,0.000000,0.000415,-0.960693,-0.000402,0.000495,-2.922274,-0.000031,0.000077,2.922268,1375.996,0,0.000000,4,2,3.931512,1,0,0,0.000488,0.999998,-0.001811,1.000000,-0.000488,0.000032,0.000357,-0.000034,0.000000,0.000000,0.000000,1,0.002468,29835.601562,1.371077,-3134.409424,0.000018,0.011635,5.234066,1,0.003513,29990.843750,1.371590,-3013.645996,0.000018,0.011307,5.213348,1,-0.010804,19053.185547,15.611356,12404.481445,-0.000044,-0.049987,3.928761,1,-0.009880,19146.757812,15.671173,12033.290039,-0.000044,-0.048740,3.934264,34.617496,98023.046875,-18272.976562,-3456.023438,-121.013672,24.273438,0.000000,0.000000,0.000000,0.000000,0.000000,0.000000,0.000000,0.000000,0.000000
42,0.700000,0.000000,0.000425,-1.010376,-0.000287,0.000594,-2.983184,-0.000031,0.000043,2.983178,1408.014,0,0.000000,4,2,4.046987,1,0,0,0.000488,0.999998,-0.001821,1.000000,-0.000488,0.000032,-0.000547,-0.000001,0.000000,0.000000,0.000000,1,0.002483,29869.703125,2.261517,-2305.723633,0.000009,0.009130,5.291398,1,0.003528,30023.812500,2.262020,-2227.473145,0.000009,0.008862,5.268591,1,-0.010856,19009.552734,16.837019,10409.634766,-0.000047,-0.043429,4.043340,1,-0.009932,19102.544922,16.896841,10074.131836,-0.000047,-0.042258,4.050636,38.762314,97999.523438,-15933.125000,-4005.601562,-122.242188,24.404297,0.000000,0.000000,0.000000,0.000000,0.000000,0.000000,0.000000,0.000000,0.000000
43,0.716667,0.000000,0.000435,-1.060913,-0.000158,0.000632,-3.036294,-0.000031,0.000008,3.036288,1449.370,0,0.000000,4,2,4.185342,1,0,0,0.000487,0.999998,-0.001847,1.000000,-0.000487,0.000031,-0.001595,0.000032,0.000000,0.000000,0.000000,1,0.002546,29916.794922,1.081206,-1714.172729,0.000005,0.007090,5.333152,1,0.003590,30069.785156,1.081683,-1677.902954,0.000005,0.006893,5.309009,1,-0.010989,18952.582031,18.048143,8810.193359,-0.000050,-0.037462,4.180830,1,-0.010066,19044.962891,18.107996,8516.337891,-0.000051,-0.036387,4.189858,38.757935,97975.625000,-13916.384766,-4171.593750,-106.410156,22.365234,0.000000,0.000000,0.000000,0.000000,0.000000,0.000000,0.000000,0.000000,0.000000
44,0.733333,0.000000,0.000445,-1.112305,-0.000028,0.000604,-3.082682,-0.000031,-0.000022,3.082676,1498.919,0,0.000000,4,2,4.342227,1,0,0,0.000486,0.999998,-0.001892,1.000000,-0.000486,0.000032,-0.002686,0.000063,0.000000,0.000000,0.000000,1,0.002660,29973.621094,-1.669586,-1338.277100,0.000004,0.005511,5.363787,1,0.003701,30125.318359,-1.669091,-1340.158691,0.000004,0.005388,5.339063,1,-0.011205,18885.806641,19.081894,7670.767090,-0.000054,-0.032397,4.336895,1,-0.010284,18977.402344,19.141724,7423.894531,-0.000054,-0.031436,4.347565,35.280254,97951.531250,-12397.599609,-3922.882812,-75.253906,18.113281,0.000000,0.000000,0.000000,0.000000,0.000000,0.000000,0.000000,0.000000,0.000000
45,0.750000,0.000000,0.000454,-1.164307,0.000089,0.000505,-3.124008,-0.000032,-0.000044,3.124001,1555.106,0,0.000000,4,2,4.512526,1,0,0,0.000485,0.999998,-0.001954,1.000000,-0.000485,0.000033,-0.003713,0.000087,0.000000,0.000000,0.000000,1,0.002822,30036.242188,-5.346684,-1162.156006,0.000007,0.004379,5.387356,1,0.003860,30186.914062,-5.346156,-1195.857544,0.000007,0.004329,5.362748,1,-0.011498,18814.693359,19.734264,7019.443359,-0.000057,-0.028461,4.506438,1,-0.010580,18905.626953,19.794147,6824.097656,-0.000057,-0.027632,4.518622,29.209270,97931.585938,-11466.398438,-3303.835938,-32.495117,12.990234,0.000000,0.000000,0.000000,0.000000,0.000000,0.000000,0.000000,0.000000,0.000000
46,0.766667,0.000000,0.000460,-1.217041,0.000187,0.000344,-3.162229,-0.000033,-0.000053,3.162222,1616.096,0,0.000000,4,2,4.690767,1,0,0,0.000483,0.999998,-0.002030,1.000000,-0.000483,0.000034,-0.004578,0.000105,0.000000,0.000000,0.000000,1,0.003027,30100.136719,-9.259251,-1174.486206,0.000012,0.003678,5.407615,1,0.004062,30249.792969,-9.258834,-1232.026489,0.000012,0.003691,5.383712,1,-0.011855,18744.306641,18.438932,6850.076172,-0.000057,-0.025791,4.684005,1,-0.010941,18834.583984,18.528858,6709.812988,-0.000058,-0.025108,4.697539,18.822231,97916.500000,-11133.777344,-2393.734375,4.510742,5.615234,0.000000,0.000000,0.000000,0.000000,0.000000,0.000000,0.000000,0.000000,0.000000
47,0.783333,0.000000,0.000462,-1.270264,0.000249,0.000130,-3.199342,-0.000033,-0.000052,3.199334,1679.930,0,0.000000,4,2,4.871510,1,0,0,0.000481,0.999997,-0.002117,1.000000,-0.000481,0.000034,-0.005205,0.000112,0.000000,0.000000,0.000000,1,0.003264,30160.570312,-12.720679,-1365.583252,0.000017,0.003387,5.428105,1,0.004295,30309.345703,-12.720160,-1437.999268,0.000017,0.003452,5.405358,1,-0.012257,18679.800781,6.672405,7126.855469,-0.000021,-0.024431,4.864176,1,-0.011346,18769.589844,6.704120,7044.219238,-0.000021,-0.023906,4.878855,-11.674764,97907.421875,-11347.431641,-1289.789062,-47.194824,-12.041016,0.000000,0.000000,0.000000,0.000000,0.000000,0.000000,0.000000,0.000000,0.000000
48,0.800000,0.000000,0.000460,-1.324219,0.000210,-0.000120,-3.237167,-0.000034,-0.000065,3.237159,1744.661,0,0.000000,4,2,5.049689,1,0,0,0.000480,0.999998,-0.002209,1.000000,-0.000479,0.000036,-0.005543,0.000096,0.000000,0.000000,0.000000,1,0.003520,30213.328125,-15.063112,-1724.114380,0.000023,0.003486,5.452187,1,0.004547,30362.064453,-15.062561,-1801.240234,0.000023,0.003588,5.430888,1,-0.012681,18625.015625,8.913868,7790.238770,-0.000023,-0.024340,5.041904,1,-0.011773,18714.750000,8.945635,5961.271484,-0.000023,-0.018508,5.057486,-11.904106,97904.492188,-10205.616211,-1063.429688,-1670.447266,-14.431641,0.000000,0.000000,0.000000,0.000000,0.000000,0.000000,0.000000,0.000000,0.000000
49,0.816667,0.000000,0.000453,-1.378784,0.000171,-0.000380,-3.271185,-0.000044,-0.000542,3.271178,1808.473,0,0.000000,4,2,5.230994,1,0,0,0.000478,0.999997,-0.002306,1.000000,-0.000478,0.000045,-0.005822,0.000072,0.000000,0.000000,0.000000,1,0.003793,30267.314453,-43.506798,-2112.695557,0.000049,0.003854,5.483009,1,0.004818,30416.324219,-43.505981,-2164.476807,0.000049,0.003959,5.463267,1,-0.013122,18571.259766,42.880188,8903.753906,-0.000064,-0.025567,5.218885,1,-0.012216,18661.292969,42.911266,7264.718750,-0.000064,-0.020010,5.243131,-0.691795,97907.359375,-11870.327148,638.664062,-996.344238,-4.015625,0.000000,0.000000,0.000000,0.000000,0.000000,0.000000,0.000000,0.000000,0.000000
50,0.833333,0.000000,0.000443,-1.433960,0.000168,-0.000649,-3.310753,-0.000057,-0.000827,3.310745,1873.405,0,0.000000,4,2,5.399487,1,0,0,0.000477,0.999997,-0.002400,1.000000,-0.000477,0.000058,-0.005656,0.000064,0.000000,0.000000,0.000000,1,0.004063,30304.039062,-71.017181,-2654.709717,0.000086,0.004512,5.521135,1,0.005085,30453.111328,-71.016602,-2679.528809,0.000086,0.004597,5.502497,1,-0.013547,18537.765625,75.839958,10244.751953,-0.000128,-0.027883,5.383377,1,-0.012643,18627.658203,75.871597,8776.691406,-0.000128,-0.022697,5.415646,10.476738,97916.140625,-13665.719727,2079.148438,-353.576172,3.320312,0.000000,0.000000,0.000000,0.000000,0.000000,0.000000,0.000000,0.000000,0.000000
51,0.850000,0.000000,0.000428,-1.489990,0.000203,-0.000907,-3.356306,-0.000073,-0.000928,3.356297,1933.748,0,0.000000,4,2,5.552614,1,0,0,0.000476,0.999997,-0.002486,1.000000,-0.000476,0.000074,-0.005113,0.000068,0.000000,0.000000,0.000000,1,0.004312,30324.871094,-94.347290,-3332.483398,0.000129,0.005458,5.569449,1,0.005332,30473.179688,-94.345001,-3333.741943,0.000129,0.005513,5.551439,1,-0.013925,18524.701172,103.350906,11710.648438,-0.000199,-0.031029,5.532824,1,-0.013023,18614.314453,103.383850,10433.063477,-0.000199,-0.026296,5.572474,19.185890,97933.921875,-15455.406250,3185.937500,231.219727,8.173828,0.000000,0.000000,0.000000,0.000000,0.000000,0.000000,0.000000,0.000000,0.000000
52,0.866667,0.000000,0.000409,-1.546753,0.000267,-0.001126,-3.407824,-0.000087,-0.000862,3.407815,1988.588,0,0.000000,4,2,5.688758,1,0,0,0.000475,0.999997,-0.002557,1.000000,-0.000475,0.000088,-0.004280,0.000079,0.000000,0.000000,0.000000,1,0.004528,30329.636719,-110.773903,-4112.633789,0.000168,0.006667,5.630505,1,0.005545,30477.333984,-110.773911,-4097.121582,0.000168,0.006690,5.612719,1,-0.014235,18530.195312,121.783028,13203.947266,-0.000266,-0.034728,5.665689,1,-0.013335,18619.363281,121.814522,12131.257812,-0.000266,-0.030516,5.711921,23.561249,97956.937500,-17102.685547,3941.914062,700.816406,10.730469,0.000000,0.000000,0.000000,0.000000,0.000000,0.000000,0.000000,0.000000,0.000000
53,0.883333,0.000122,0.000387,-1.604492,0.000346,-0.001287,-3.464833,-0.000098,-0.000662,3.464823,2037.346,0,0.000000,4,2,5.807436,1,0,0,0.000473,0.999996,-0.002611,1.000000,-0.000473,0.000099,-0.003250,0.000095,0.000000,0.000000,0.000000,1,0.004699,30320.087891,-118.705338,-4948.074707,0.000199,0.008085,5.706224,1,0.005713,30466.916016,-118.705841,-4923.837891,0.000199,0.008080,5.688394,1,-0.014462,18551.849609,129.120911,14638.823242,-0.000316,-0.038708,5.781548,1,-0.013566,18640.382812,129.152130,13780.765625,-0.000316,-0.035070,5.833439,22.703568,97983.148438,-18524.144531,4327.679688,1020.337891,-5.691406,0.000000,0.000000,0.000000,0.000000,0.000000,0.000000,0.000000,0.000000,0.000000
54,0.900000,0.000122,0.000364,-1.663208,0.000422,-0.001377,-3.526580,-0.000104,-0.000370,3.526571,2079.849,0,0.000000,4,2,5.909161,1,0,0,0.000472,0.999996,-0.002646,1.000000,-0.000472,0.000106,-0.002118,0.000090,0.000000,0.000000,0.000000,1,0.004820,30298.121094,-117.413620,-5784.288086,0.000217,0.009634,5.797648,1,0.005830,30444.568359,-117.413177,-5758.725098,0.000217,0.009611,5.779658,1,-0.014601,18585.777344,125.130150,15943.653320,-0.000343,-0.042714,5.880956,1,-0.013708,18674.152344,125.162018,15305.838867,-0.000343,-0.039692,5.937501,17.543732,98009.593750,-19682.099609,4379.648438,1185.685547,-9.023438,0.000000,0.000000,0.000000,0.000000,0.000000,0.000000,0.000000,0.000000,0.000000
55,0.916667,0.000122,0.000341,-1.723022,0.000480,-0.001393,-3.592187,-0.000105,-0.000032,3.592177,2116.280,0,0.000000,4,2,5.995290,1,0,0,0.000471,0.999996,-0.002663,1.000000,-0.000470,0.000106,-0.000972,0.000081,0.000000,0.000000,0.000000,1,0.004889,30267.279297,-57.713432,-6566.277344,0.000122,0.011223,5.904791,1,0.005896,30413.476562,-57.993176,-6544.875977,0.000123,0.011192,5.886667,1,-0.014652,18628.482422,0.800503,17062.166016,-0.000002,-0.046522,5.965292,1,-0.013761,18716.796875,0.804520,16646.576172,-0.000002,-0.044143,6.025439,-111.918526,98035.593750,-20572.310547,4161.304688,-85.483398,-77.884766,0.000000,0.000000,0.000000,0.000000,0.000000,0.000000,0.000000,0.000000,0.000000
56,0.933333,0.000122,0.000319,-1.784058,0.000107,-0.001333,-3.660761,-0.000106,-0.000056,3.660751,2147.126,0,0.000000,4,2,6.067843,1,0,0,0.000471,0.999996,-0.002661,1.000000,-0.000471,0.000107,0.000117,-0.000026,0.000000,0.000000,0.000000,1,0.004905,30227.898438,-54.656185,-7253.292480,0.000120,0.012763,6.026634,1,0.005914,30377.458984,-54.935909,-7222.131836,0.000120,0.012719,6.008501,1,-0.014621,18675.503906,8.898209,17948.601562,-0.000012,-0.049939,6.036584,1,-0.013729,18765.630859,8.902260,17764.246094,-0.000012,-0.048230,6.099264,-89.518066,98057.765625,-21211.167969,3731.390625,201.738281,-59.837891,0.000000,0.000000,0.000000,0.000000,0.000000,0.000000,0.000000,0.000000,0.000000
57,0.950000,0.000122,0.000299,-1.846313,-0.000191,-0.001205,-3.731465,-0.000106,0.000001,3.731455,2173.110,0,0.000000,4,2,6.129325,1,0,0,0.000473,0.999996,-0.002642,1.000000,-0.000472,0.000107,0.001094,-0.000107,0.000000,0.000000,0.000000,1,0.004874,30185.091797,-42.803673,-7796.946289,0.000109,0.014159,6.161390,1,0.005886,30337.386719,-43.083412,-7758.837402,0.000110,0.014101,6.143106,1,-0.014518,18724.599609,13.107791,18582.509766,-0.000023,-0.052817,6.097352,1,-0.013623,18816.554688,13.111822,18625.914062,-0.000023,-0.051793,6.161466,-57.347813,98075.828125,-21625.355469,3155.156250,398.728516,-37.523438,0.000000,0.000000,0.000000,0.000000,0.000000,0.000000,0.000000,0.000000,0.000000
58,0.966667,0.000122,0.000282,-1.909668,-0.000383,-0.001021,-3.803550,-0.000104,0.000115,3.803539,2195.129,0,0.000000,4,2,6.182551,1,0,0,0.000475,0.999996,-0.002610,1.000000,-0.000475,0.000105,0.001920,-0.000157,0.000000,0.000000,0.000000,1,0.004800,30141.677734,-26.477470,-8170.777832,0.000089,0.015331,6.306366,1,0.005818,30295.988281,-26.757252,-8128.771973,0.000090,0.015261,6.287832,1,-0.014355,18773.353516,12.103138,16545.066406,-0.000028,-0.051368,6.150394,1,-0.013455,18866.650391,12.107096,19217.804688,-0.000028,-0.054715,6.214876,-26.975288,98090.156250,-19434.968750,1224.335938,2799.500977,-17.685547,0.000000,0.000000,0.000000,0.000000,0.000000,0.000000,0.000000,0.000000,0.000000
59,0.983333,0.000000,0.000269,-1.974121,-0.000472,-0.000778,-3.868333,-0.000089,0.000915,3.868322,2214.191,0,0.000000,4,2,6.243964,1,0,0,0.000478,0.999997,-0.002573,1.000000,-0.000478,0.000090,0.002241,-0.000173,0.000000,0.000000,0.000000,1,0.004708,30112.546875,30.112394,-8174.766602,0.000033,0.016071,6.458369,1,0.005732,30268.658203,29.834007,-8161.266602,0.000033,0.016016,6.439535,1,-0.014172,18802.783203,-38.940998,14407.724609,0.000027,-0.044732,6.217250,1,-0.013267,18896.888672,-38.936356,17567.294922,0.000027,-0.054542,6.270793,-16.521755,98091.906250,-15609.660156,-1271.148438,2458.050781,5.019531,0.000000,0.000000,0.000000,0.000000,0.000000,0.000000,0.000000,0.000000,0.000000
60,1.000000,0.000000,0.000260,-2.039429,-0.000528,-0.000505,-3.920365,-0.000062,0.001617,3.920354,2236.185,0,0.000000,4,2,6.326684,1,0,0,0.000481,0.999997,-0.002541,1.000000,-0.000481,0.000063,0.001910,-0.000159,0.000000,0.000000,0.000000,1,0.004627,30109.521484,96.505569,-4504.942871,-0.000055,0.009547,6.610446,1,0.005656,30265.796875,96.226746,-4478.171387,-0.000055,0.009490,6.591850,1,-0.014019,18802.027344,-104.518188,14522.301758,0.000138,-0.045088,6.306450,1,-0.013109,18896.455078,-104.514038,16988.730469,0.000138,-0.052746,6.346983,-14.878479,98081.984375,-22497.794922,2393.648438,827.513672,3.464844,0.000000,0.000000,0.000000,0.000000,0.000000,0.000000,0.000000,0.000000,0.000000
61,1.016667,0.000000,0.000256,-2.106079,-0.000577,-0.000296,-3.995358,-0.000031,0.001853,3.995346,2265.810,0,0.000000,4,2,6.412126,1,0,0,0.000483,0.999997,-0.002499,1.000000,-0.000483,0.000032,0.002537,-0.000152,0.000000,0.000000,0.000000,1,0.004513,30067.316406,150.179169,-5168.580078,-0.000153,0.010069,6.693541,1,0.005548,30224.417969,149.902771,-5194.187012,-0.000152,0.010054,6.674710,1,-0.013821,18846.384766,-156.935699,12460.677734,0.000267,-0.038687,6.396955,1,-0.012906,18941.023438,-156.929886,14779.167969,0.000267,-0.045886,6.427333,-13.238907,98086.875000,-16845.791016,-1304.101562,-134.473633,2.636719,0.000000,0.000000,0.000000,0.000000,0.000000,0.000000,0.000000,0.000000,0.000000
62,1.033333,0.000000,0.000255,-2.173462,-0.000621,-0.000037,-4.051510,-0.000001,0.001815,4.051498,2296.410,0,0.000000,4,2,6.521592,1,0,0,0.000486,0.999997,-0.002462,1.000000,-0.000486,0.000002,0.002196,-0.000149,0.000000,0.000000,0.000000,1,0.004411,30061.324219,192.329254,-5402.742188,-0.000248,0.010582,6.789110,1,0.005452,30218.917969,192.051300,-5432.218750,-0.000247,0.010595,6.771073,1,-0.013654,18846.630859,-197.301849,14179.393555,0.000395,-0.040668,6.511195,1,-0.012734,18941.812500,-197.296967,15234.968750,0.000395,-0.047301,6.532005,-10.180954,98073.554688,-18547.226562,-384.687500,-1942.910156,6.234375,0.000000,0.000000,0.000000,0.000000,0.000000,0.000000,0.000000,0.000000,0.000000
63,1.050000,0.000000,0.000258,-2.242065,-0.000655,0.000176,-4.113335,0.000020,0.001260,4.113321,2335.613,0,0.000000,4,2,6.619005,1,0,0,0.000488,0.999997,-0.002428,1.000000,-0.000488,-0.000019,0.002096,-0.000146,0.000000,0.000000,0.000000,1,0.004310,30047.173828,203.613159,-5711.772461,-0.000316,0.011147,6.889081,1,0.005356,30205.539062,203.334015,-5714.619141,-0.000315,0.011158,6.871925,1,-0.013497,18856.460938,-202.219604,14838.324219,0.000482,-0.042673,6.610740,1,-0.012573,18951.970703,-202.215439,15021.144531,0.000482,-0.046637,6.627280,2.162231,98064.070312,-18399.914062,-618.585938,-2848.624023,12.535156,0.000000,0.000000,0.000000,0.000000,0.000000,0.000000,0.000000,0.000000,0.000000
64,1.066667,0.000000,0.000264,-2.311646,-0.000648,0.000363,-4.174668,0.000028,0.000446,4.174655,2370.500,0,0.000000,4,2,6.714013,1,0,0,0.000490,0.999997,-0.002395,1.000000,-0.000490,-0.000027,0.001935,-0.000136,0.000000,0.000000,0.000000,1,0.004213,30036.408203,187.746094,-5967.665039,-0.000346,0.011704,6.994861,1,0.005264,30195.099609,187.468262,-5923.058594,-0.000346,0.011675,6.978102,1,-0.013356,18862.130859,-176.193573,13826.499023,0.000506,-0.042928,6.706026,1,-0.012427,18957.945312,-176.188538,14854.101562,0.000506,-0.046118,6.722010,22.388992,98052.546875,-16755.718750,-1580.195312,-1664.981445,22.464844,0.000000,0.000000,0.000000,0.000000,0.000000,0.000000,0.000000,0.000000,0.000000
65,1.083333,0.000000,0.000273,-2.382202,-0.000573,0.000528,-4.230520,0.000027,-0.000030,4.230507,2404.526,0,0.000000,4,2,6.815685,1,0,0,0.000492,0.999997,-0.002370,1.000000,-0.000492,-0.000026,0.001522,-0.000110,0.000000,0.000000,0.000000,1,0.004133,30037.707031,93.520912,-4943.684570,-0.000198,0.010477,7.105451,1,0.005188,30196.207031,94.015373,-4313.063965,-0.000199,0.009140,7.088210,1,-0.013250,18854.531250,-153.450287,15701.762695,0.000495,-0.045089,6.809803,1,-0.012317,18950.318359,-153.445572,15529.012695,0.000495,-0.048214,6.821572,-119.931305,98037.554688,-21938.945312,1290.484375,-1463.486328,-53.273438,0.000000,0.000000,0.000000,0.000000,0.000000,0.000000,0.000000,0.000000,0.000000
66,1.100000,0.000000,0.000283,-2.453979,-0.000973,0.000622,-4.303650,0.000020,-0.000448,4.303637,2440.938,0,0.000000,4,2,6.903127,1,0,0,0.000495,0.999997,-0.002339,1.000000,-0.000495,-0.000019,0.001860,-0.000186,0.000000,0.000000,0.000000,1,0.004034,30008.435547,88.560387,-5870.457520,-0.000194,0.011206,7.196792,1,0.005096,30170.408203,89.054070,-5293.493652,-0.000195,0.009912,7.167957,1,-0.013119,18880.253906,-115.132195,12696.580078,0.000444,-0.039420,6.896796,1,-0.012181,18977.851562,-115.127243,13675.711914,0.000444,-0.042460,6.909464,-52.922424,98035.656250,-15172.038086,-2733.382812,-33.533203,-10.283203,0.000000,0.000000,0.000000,0.000000,0.000000,0.000000,0.000000,0.000000,0.000000
67,1.116667,0.000000,0.000296,-2.526611,-0.001150,0.000750,-4.354223,0.000012,-0.000458,4.354209,2472.255,0,0.000000,4,2,7.017792,1,0,0,0.000499,0.999997,-0.002320,1.000000,-0.000499,-0.000011,0.001146,-0.000200,0.000000,0.000000,0.000000,1,0.003966,30022.642578,90.743607,-5913.707031,-0.000194,0.011698,7.305555,1,0.005035,30185.634766,91.238007,-5484.351074,-0.000195,0.010547,7.266192,1,-0.013047,18856.458984,-94.921837,14666.229492,0.000389,-0.041690,7.013480,1,-0.012102,18954.951172,-94.916885,15737.775391,0.000389,-0.044836,7.022106,-8.059517,98015.875000,-18968.785156,-351.742188,63.963867,15.462891,0.000000,0.000000,0.000000,0.000000,0.000000,0.000000,0.000000,0.000000,0.000000
68,1.133333,0.000000,0.000309,-2.600220,-0.001176,0.000798,-4.417452,0.000005,-0.000439,4.417439,2513.320,0,0.000000,4,2,7.109890,1,0,0,0.000502,0.999997,-0.002302,1.000000,-0.000502,-0.000004,0.001054,-0.000179,0.000000,0.000000,0.000000,1,0.003902,30015.962891,10.825093,-5447.561035,-0.000023,0.011545,7.415131,1,0.004977,30179.527344,10.887143,-5841.417969,-0.000023,0.011227,7.368027,1,-0.012981,18859.107422,-77.621559,15357.778320,0.000334,-0.043914,7.107840,1,-0.012031,18957.777344,-77.616646,14929.447266,0.000334,-0.046352,7.111941,-133.589005,98008.007812,-18960.000000,-398.671875,-1640.513672,-52.621094,0.000000,0.000000,0.000000,0.000000,0.000000,0.000000,0.000000,0.000000,0.000000
69,1.150000,0.000000,0.000323,-2.674927,-0.001622,0.000825,-4.480652,-0.000010,-0.000908,4.480639,2546.304,0,0.000000,4,2,7.202627,1,0,0,0.000506,0.999997,-0.002286,1.000000,-0.000506,0.000011,0.000950,-0.000255,0.000000,0.000000,0.000000,1,0.003840,30009.138672,-3.498056,-6120.892090,-0.000012,0.012074,7.515944,1,0.004924,30176.226562,-3.436469,-6123.261230,-0.000012,0.011876,7.476595,1,-0.012926,18859.341797,-20.615829,13880.771484,0.000234,-0.043096,7.199623,1,-0.011968,18960.179688,-20.611214,14491.858398,0.000234,-0.044994,7.205631,-47.965508,98000.031250,-16089.127930,-1950.234375,375.861328,0.583984,0.000000,0.000000,0.000000,0.000000,0.000000,0.000000,0.000000,0.000000,0.000000
70,1.166667,0.000000,0.000337,-2.750488,-0.001782,0.000844,-4.534283,-0.000023,-0.000801,4.534268,2579.516,0,0.000000,4,2,7.306046,1,0,0,0.000510,0.999997,-0.002279,1.000000,-0.000510,0.000025,0.000439,-0.000253,0.000000,0.000000,0.000000,1,0.003802,30021.650391,2.071574,-3454.981689,-0.000009,0.007322,7.629414,1,0.004894,30189.978516,2.132558,-4783.781738,-0.000009,0.010138,7.590478,1,-0.012910,18839.484375,7.632893,15940.732422,0.000138,-0.045470,7.304323,1,-0.011944,18941.060547,7.637150,16605.683594,0.000138,-0.047430,7.307770,20.088318,97986.078125,-24267.355469,2686.890625,-784.197266,47.332031,0.000000,0.000000,0.000000,0.000000,0.000000,0.000000,0.000000,0.000000,0.000000
71,1.183333,0.000000,0.000350,-2.827393,-0.001715,0.000778,-4.615174,-0.000041,-0.001025,4.615160,2616.554,0,0.000000,4,2,7.386038,1,0,0,0.000513,0.999997,-0.002260,1.000000,-0.000513,0.000042,0.001142,-0.000191,0.000000,0.000000,0.000000,1,0.003733,29987.976562,-12.585875,-4764.888672,0.000004,0.008352,7.692772,1,0.004833,30155.513672,-12.526267,-5910.391113,0.000004,0.011024,7.679102,1,-0.012838,18877.123047,53.105759,12106.360352,0.000026,-0.037587,7.385731,1,-0.011866,18978.283203,53.109184,12737.230469,0.000026,-0.039546,7.386345,81.708878,97994.812500,-14126.560547,-3284.250000,-95.714844,79.523438,0.000000,0.000000,0.000000,0.000000,0.000000,0.000000,0.000000,0.000000,0.000000
72,1.200000,0.000000,0.000363,-2.905151,-0.001442,0.000796,-4.662262,-0.000058,-0.001052,4.662248,2645.202,0,0.000000,4,2,7.509090,1,0,0,0.000515,0.999997,-0.002255,1.000000,-0.000515,0.000059,0.000283,-0.000083,0.000000,0.000000,0.000000,1,0.003706,30016.273438,-25.607597,-5136.002930,0.000023,0.009292,7.780753,1,0.004808,30181.232422,-25.546879,-5933.233398,0.000023,0.011599,7.788971,1,-0.012831,18842.966797,87.588982,14219.468750,-0.000085,-0.040022,7.510146,1,-0.011856,18942.523438,87.593292,14859.593750,-0.000085,-0.041992,7.508034,125.107307,97977.062500,-17967.214844,-692.000000,668.605469,98.681641,0.000000,0.000000,0.000000,0.000000,0.000000,0.000000,0.000000,0.000000,0.000000
73,1.216667,0.000122,0.000375,-2.983887,-0.001025,0.000737,-4.722153,-0.000072,-0.000860,4.722139,2689.271,0,0.000000,4,2,7.608306,1,0,0,0.000514,0.999997,-0.002254,1.000000,-0.000514,0.000074,0.000102,0.000053,0.000000,0.000000,0.000000,1,0.003690,30023.179688,-32.135563,-5650.762207,0.000040,0.010288,7.875710,1,0.004790,30183.876953,-32.073196,-5347.462891,0.000039,0.011333,7.899271,1,-0.012835,18836.607422,104.330185,15073.534180,-0.000174,-0.042538,7.610761,1,-0.011861,18933.675781,104.334198,15685.965820,-0.000174,-0.044482,7.605853,145.918533,97971.453125,-19717.558594,355.156250,2005.216797,91.009766,0.000000,0.000000,0.000000,0.000000,0.000000,0.000000,0.000000,0.000000,0.000000
74,1.233333,0.000122,0.000386,-3.063721,-0.000539,0.000653,-4.787879,-0.000077,-0.000287,4.787865,2724.804,0,0.000000,4,2,7.697992,1,0,0,0.000511,0.999997,-0.002250,1.000000,-0.000511,0.000078,0.000194,0.000182,0.000000,0.000000,0.000000,1,0.003673,30020.171875,-18.020111,-6188.579590,0.000039,0.011337,7.980342,1,0.004767,30176.429688,-17.958273,-6119.166016,0.000039,0.011940,7.998524,1,-0.012828,18843.109375,86.954414,14452.207031,-0.000209,-0.044871,7.701797,1,-0.011860,18937.337891,86.958450,14140.255859,-0.000209,-0.043902,7.694188,139.215225,97972.031250,-16239.775391,-1570.882812,650.584961,78.923828,0.000000,0.000000,0.000000,0.000000,0.000000,0.000000,0.000000,0.000000,0.000000
75,1.250000,0.000122,0.000396,-3.144409,-0.000075,0.000589,-4.842011,-0.000079,-0.000101,4.841997,2756.924,0,0.000000,4,2,7.799679,1,0,0,0.000506,0.999997,-0.002254,1.000000,-0.000506,0.000080,-0.000217,0.000291,0.000000,0.000000,0.000000,1,0.003678,30038.207031,-17.777393,-6382.297852,0.000039,0.012150,8.095085,1,0.004762,30189.935547,-17.715694,-4162.908691,0.000038,0.008822,8.112329,1,-0.012849,18825.255859,78.663651,15248.267578,-0.000222,-0.047342,7.802860,1,-0.011891,18916.755859,78.667709,16325.553711,-0.000222,-0.046420,7.796499,123.521812,97964.843750,-20982.652344,1249.070312,4180.911133,54.939453,0.000000,0.000000,0.000000,0.000000,0.000000,0.000000,0.000000,0.000000,0.000000
76,1.266667,0.000000,0.000404,-3.226318,0.000337,0.000477,-4.911953,-0.000061,0.001093,4.911939,2793.342,0,0.000000,4,2,7.884507,1,0,0,0.000500,0.999997,-0.002252,1.000000,-0.000500,0.000062,0.000109,0.000375,0.000000,0.000000,0.000000,1,0.003672,30028.125000,40.230751,-6738.739746,-0.000007,0.012941,8.213470,1,0.004743,30175.431641,40.292591,-5193.368652,-0.000008,0.009633,8.189245,1,-0.012843,18841.152344,-4.910797,13944.122070,-0.000134,-0.043293,7.890047,1,-0.011897,18930.048828,-4.906803,13197.142578,-0.000134,-0.040974,7.878971,71.642448,97971.000000,-15161.862305,-2072.867188,655.973633,30.109375,0.000000,0.000000,0.000000,0.000000,0.000000,0.000000,0.000000,0.000000,0.000000
77,1.283333,0.000000,0.000411,-3.309082,0.000576,0.000415,-4.962492,-0.000039,0.001281,4.962479,2823.722,0,0.000000,4,2,7.993991,1,0,0,0.000493,0.999997,-0.002259,1.000000,-0.000493,0.000040,-0.000433,0.000418,0.000000,0.000000,0.000000,1,0.003692,30052.150391,65.067238,-4136.322266,-0.000056,0.008766,8.338553,1,0.004748,30195.921875,65.131279,-5432.225586,-0.000056,0.010330,8.285593,1,-0.012877,18816.121094,-51.122696,16270.995117,-0.000025,-0.045975,7.997992,1,-0.011943,18902.988281,-51.117229,15414.845703,-0.000025,-0.043530,7.989993,28.847778,97962.828125,-22069.023438,2011.515625,-3071.059570,0.003906,0.000000,0.000000,0.000000,0.000000,0.000000,0.000000,0.000000,0.000000,0.000000
78,1.300000,0.000000,0.000416,-3.393066,0.000672,0.000290,-5.036056,-0.000033,0.000403,5.036042,2862.932,0,0.000000,4,2,8.077808,1,0,0,0.000486,0.999997,-0.002258,1.000000,-0.000486,0.000034,0.000093,0.000410,0.000000,0.000000,0.000000,1,0.003691,30034.546875,34.481915,-5262.183594,-0.000062,0.009652,8.414719,1,0.004732,30176.437500,34.545097,-6036.767578,-0.000062,0.011245,8.386445,1,-0.012868,18839.996094,-29.206631,13371.216797,0.000018,-0.041514,8.080004,1,-0.011948,18925.621094,-29.201685,13120.787109,0.000018,-0.040737,8.075613,11.124535,97974.414062,-15143.343750,-2027.617188,-1551.593750,-13.894531,0.000000,0.000000,0.000000,0.000000,0.000000,0.000000,0.000000,0.000000,0.000000
79,1.316667,0.000000,0.000419,-3.477783,0.000709,0.000237,-5.086534,-0.000033,-0.000040,5.086520,2892.950,0,0.000000,4,2,8.190511,1,0,0,0.000479,0.999997,-0.002265,1.000000,-0.000479,0.000034,-0.000438,0.000388,0.000000,0.000000,0.000000,1,0.003714,30057.355469,11.394411,-5532.684082,-0.000048,0.010421,8.512047,1,0.004741,30197.867188,11.457140,-6108.894531,-0.000048,0.011876,8.498697,1,-0.012900,18814.988281,-13.716835,15684.725586,0.000027,-0.044180,8.192195,1,-0.011992,18899.687500,-13.712158,15404.194336,0.000027,-0.043368,8.188827,-3.915549,97966.992188,-19396.628906,634.070312,-1108.839844,-26.326172,0.000000,0.000000,0.000000,0.000000,0.000000,0.000000,0.000000,0.000000,0.000000
80,1.333333,0.000000,0.000422,-3.563599,0.000696,0.000137,-5.151189,-0.000039,-0.000357,5.151175,2933.312,0,0.000000,4,2,8.277198,1,0,0,0.000474,0.999997,-0.002270,1.000000,-0.000474,0.000040,-0.000272,0.000349,0.000000,0.000000,0.000000,1,0.003730,30054.574219,-12.229781,-5989.992188,-0.000021,0.011265,8.614460,1,0.004745,30194.503906,-12.167663,-5863.911621,-0.000021,0.012427,8.612309,1,-0.012917,18820.669922,5.464837,14035.003906,0.000011,-0.043575,8.278296,1,-0.012020,18905.113281,5.469145,14038.985352,0.000011,-0.043588,8.276101,-12.816069,97973.203125,-16168.079102,-1160.757812,226.929688,-27.837891,0.000000,0.000000,0.000000,0.000000,0.000000,0.000000,0.000000,0.000000,0.000000
81,1.350000,0.000000,0.000423,-3.650391,0.000653,0.000073,-5.205083,-0.000044,-0.000292,5.205069,2964.358,0,0.000000,4,2,8.380529,1,0,0,0.000468,0.999997,-0.002279,1.000000,-0.000468,0.000045,-0.000576,0.000312,0.000000,0.000000,0.000000,1,0.003761,30070.525391,-19.534271,-6132.421875,0.000002,0.011908,8.725470,1,0.004764,30209.537109,-19.472340,-4037.871338,0.000002,0.008557,8.721302,1,-0.012958,18804.138672,7.678350,16386.294922,-0.000002,-0.046285,8.381649,1,-0.012071,18888.101562,7.682545,14906.458008,-0.000002,-0.046281,8.379410,-22.697292,97970.500000,-21069.359375,1707.375000,979.435547,-34.269531,0.000000,0.000000,0.000000,0.000000,0.000000,0.000000,0.000000,0.000000,0.000000
82,1.366667,0.000000,0.000423,-3.738281,0.000578,-0.000027,-5.275314,-0.000044,-0.000012,5.275300,3001.365,0,0.000000,4,2,8.465541,1,0,0,0.000464,0.999997,-0.002281,1.000000,-0.000464,0.000045,-0.000130,0.000268,0.000000,0.000000,0.000000,1,0.003772,30056.705078,-12.001703,-6496.051758,0.000011,0.012598,8.839156,1,0.004766,30195.615234,-11.939423,-5104.670898,0.000011,0.009396,8.795859,1,-0.012963,18822.798828,-5.421644,13313.572266,0.000005,-0.041335,8.463481,1,-0.012085,18906.607422,-5.417239,13591.539062,0.000005,-0.042198,8.467601,-34.090836,97981.687500,-15249.845703,-1669.171875,1742.223633,-40.187500,0.000000,0.000000,0.000000,0.000000,0.000000,0.000000,0.000000,0.000000,0.000000
83,1.383333,0.000000,0.000422,-3.827026,0.000464,-0.000063,-5.326147,-0.000036,0.000485,5.326133,3031.811,0,0.000000,4,2,8.574851,1,0,0,0.000460,0.999997,-0.002291,1.000000,-0.000460,0.000037,-0.000567,0.000217,0.000000,0.000000,0.000000,1,0.003803,30076.712891,14.904819,-3326.957520,-0.000005,0.007051,8.959679,1,0.004789,30216.101562,14.967939,-5392.478516,-0.000005,0.010151,8.890534,1,-0.013003,18800.500000,-39.552189,15700.219727,0.000049,-0.044086,8.573366,1,-0.012131,18884.589844,-39.547279,15992.407227,0.000049,-0.044965,8.576337,-48.373863,97977.273438,-22917.593750,2758.203125,-2429.622070,-42.806641,0.000000,0.000000,0.000000,0.000000,0.000000,0.000000,0.000000,0.000000,0.000000
84,1.400000,0.000000,0.000419,-3.917114,0.000303,-0.000154,-5.402539,-0.000040,-0.000209,5.402525,3070.958,0,0.000000,4,2,8.656997,1,0,0,0.000458,0.999997,-0.002288,1.000000,-0.000458,0.000041,0.000154,0.000153,0.000000,0.000000,0.000000,1,0.003801,30050.695312,-13.273198,-4630.802246,0.000007,0.008076,9.020630,1,0.004782,30190.972656,-13.210982,-6099.383301,0.000007,0.011181,8.990637,1,-0.012986,18832.531250,-4.058455,12700.684570,0.000035,-0.039432,8.656127,1,-0.012119,18917.236328,-4.054089,12881.418945,0.000035,-0.039994,8.657866,-33.993763,97993.031250,-14794.711914,-2063.304688,-1394.781250,-29.466797,0.000000,0.000000,0.000000,0.000000,0.000000,0.000000,0.000000,0.000000,0.000000
85,1.416667,0.000000,0.000416,-4.007935,0.000189,-0.000154,-5.451855,-0.000050,-0.000607,5.451841,3100.378,0,0.000000,4,2,8.773061,1,0,0,0.000456,0.999997,-0.002295,1.000000,-0.000456,0.000051,-0.000385,0.000110,0.000000,0.000000,0.000000,1,0.003823,30072.814453,-38.039284,-5090.512207,0.000035,0.009083,9.106091,1,0.004800,30213.849609,-37.976662,-6187.692383,0.000034,0.011898,9.104070,1,-0.013011,18807.117188,29.715069,15097.876953,-0.000012,-0.042195,8.772571,1,-0.012148,18892.105469,29.718735,15304.333984,-0.000012,-0.042786,8.773551,-15.609985,97986.359375,-19065.750000,622.085938,-537.678711,-25.169922,0.000000,0.000000,0.000000,0.000000,0.000000,0.000000,0.000000,0.000000,0.000000
86,1.433333,0.000000,0.000413,-4.099854,0.000137,-0.000199,-5.515408,-0.000063,-0.000761,5.515393,3141.945,0,0.000000,4,2,8.861707,1,0,0,0.000455,0.999997,-0.002298,1.000000,-0.000455,0.000064,-0.000223,0.000074,0.000000,0.000000,0.000000,1,0.003838,30069.240234,-56.714684,-5736.740723,0.000066,0.010224,9.200192,1,0.004812,30210.832031,-56.652390,-6422.437988,0.000066,0.012534,9.219168,1,-0.013024,18812.660156,57.326954,13900.435547,-0.000074,-0.043157,8.861656,1,-0.012162,18898.205078,57.331177,14083.841797,-0.000074,-0.043727,8.861757,2.296471,97992.125000,-15765.474609,-1211.726562,246.386719,-12.894531,0.000000,0.000000,0.000000,0.000000,0.000000,0.000000,0.000000,0.000000,0.000000
87,1.450000,0.000000,0.000410,-4.192627,0.000145,-0.000209,-5.567959,-0.000074,-0.000691,5.567945,3173.692,0,0.000000,4,2,8.963537,1,0,0,0.000454,0.999997,-0.002307,1.000000,-0.000454,0.000075,-0.000540,0.000057,0.000000,0.000000,0.000000,1,0.003867,30084.849609,-66.177185,-6050.616211,0.000094,0.011189,9.306441,1,0.004839,30226.501953,-66.115318,-3122.663330,0.000094,0.006618,9.338693,1,-0.013061,18795.714844,73.448601,14771.027344,-0.000131,-0.045860,8.963882,1,-0.012202,18881.197266,73.452606,14906.551758,-0.000131,-0.046281,8.963192,16.147873,97988.843750,-20443.533203,1542.210938,4262.004883,-5.443359,0.000000,0.000000,0.000000,0.000000,0.000000,0.000000,0.000000,0.000000,0.000000
88,1.466667,0.000000,0.000405,-4.286621,0.000199,-0.000256,-5.636105,-0.000065,0.000527,5.636090,3210.161,0,0.000000,4,2,9.055464,1,0,0,0.000453,0.999997,-0.002310,1.000000,-0.000453,0.000066,-0.000136,0.000060,0.000000,0.000000,0.000000,1,0.003878,30072.798828,-10.686651,-6519.429199,0.000067,0.012164,9.418591,1,0.004848,30214.023438,-10.625566,-4292.745605,0.000067,0.007538,9.395991,1,-0.013066,18812.367188,8.996487,14018.233398,-0.000093,-0.043523,9.056105,1,-0.012209,18897.658203,9.000641,13941.382812,-0.000093,-0.043285,9.054823,-2.179369,97998.687500,-17085.179688,-502.578125,2416.917969,-15.833984,0.000000,0.000000,0.000000,0.000000,0.000000,0.000000,0.000000,0.000000,0.000000
89,1.483333,0.000000,0.000401,-4.381470,0.000192,-0.000255,-5.693055,-0.000045,0.001217,5.693040,3243.083,0,0.000000,4,2,9.156606,1,0,0,0.000452,0.999997,-0.002314,1.000000,-0.000452,0.000046,-0.000268,0.000045,0.000000,0.000000,0.000000,1,0.003896,30079.669922,39.735512,-6651.574219,0.000011,0.012881,9.539553,1,0.004864,30221.343750,39.796715,-4949.013184,0.000011,0.008633,9.475355,1,-0.013082,18805.257812,-50.909973,14519.261719,0.000000,-0.045079,9.157088,1,-0.012226,18890.662109,-50.906445,14362.312500,0.000000,-0.044591,9.156123,-21.490162,97998.500000,-17217.460938,-317.476562,950.661133,-24.355469,0.000000,0.000000,0.000000,0.000000,0.000000,0.000000,0.000000,0.000000,0.000000
90,1.500000,0.000000,0.000397,-4.477295,0.000120,-0.000256,-5.750447,-0.000020,0.001489,5.750432,3279.305,0,0.000000,4,2,9.252123,1,0,0,0.000452,0.999997,-0.002320,1.000000,-0.000452,0.000021,-0.000351,0.000014,0.000000,0.000000,0.000000,1,0.003916,30085.445312,80.910370,-4114.101074,-0.000057,0.008719,9.662998,1,0.004884,30227.582031,80.973389,-5532.292969,-0.000057,0.009781,9.567095,1,-0.013105,18799.179688,-99.815933,14670.697266,0.000115,-0.045549,9.252272,1,-0.012249,18885.126953,-99.811172,14510.310547,0.000115,-0.045051,9.251974,-37.329445,97998.718750,-19469.800781,965.140625,-3079.911133,-32.902344,0.000000,0.000000,0.000000,0.000000,0.000000,0.000000,0.000000,0.000000,0.000000
91,1.516667,0.000000,0.000392,-4.574219,-0.000005,-0.000269,-5.815346,-0.000010,0.000609,5.815331,3313.513,0,0.000000,4,2,9.345506,1,0,0,0.000452,0.999997,-0.002322,1.000000,-0.000452,0.000011,-0.000099,-0.000038,0.000000,0.000000,0.000000,1,0.003924,30076.847656,63.908844,-5133.680176,-0.000086,0.009521,9.738746,1,0.004894,30220.892578,63.971264,-6138.648926,-0.000086,0.010979,9.669833,1,-0.013108,18809.046875,-76.574364,14074.943359,0.000161,-0.043699,9.345310,1,-0.012251,18895.873047,-76.569962,14071.067383,0.000161,-0.043687,9.345701,-25.076721,98004.671875,-16807.398438,-608.132812,-2173.734375,-24.455078,0.000000,0.000000,0.000000,0.000000,0.000000,0.000000,0.000000,0.000000,0.000000
92,1.533333,0.000000,0.000388,-4.672119,-0.000088,-0.000250,-5.871371,-0.000010,-0.000012,5.871355,3346.957,0,0.000000,4,2,9.444216,1,0,0,0.000454,0.999997,-0.002326,1.000000,-0.000454,0.000011,-0.000258,-0.000077,0.000000,0.000000,0.000000,1,0.003939,30083.880859,24.907024,-5520.750000,-0.000053,0.010330,9.833659,1,0.004911,30229.367188,25.027540,-6438.400879,-0.000053,0.011968,9.784006,1,-0.013125,18800.117188,-48.130878,14430.504883,0.000157,-0.044803,9.444010,1,-0.012266,18887.970703,-48.126583,14518.661133,0.000157,-0.045077,9.444422,-46.129677,98002.820312,-16922.449219,-409.031250,-1516.772461,-32.738281,0.000000,0.000000,0.000000,0.000000,0.000000,0.000000,0.000000,0.000000,0.000000
93,1.550000,0.000000,0.000384,-4.770874,-0.000242,-0.000238,-5.927779,-0.000018,-0.000446,5.927763,3382.309,0,0.000000,4,2,9.537915,1,0,0,0.000456,0.999997,-0.002332,1.000000,-0.000456,0.000019,-0.000365,-0.000125,0.000000,0.000000,0.000000,1,0.003957,30089.701172,7.976674,-5824.203613,-0.000039,0.011077,9.935848,1,0.004934,30237.269531,8.096810,-6581.321289,-0.000040,0.012703,9.903831,1,-0.013152,18792.597656,-14.542418,14542.151367,0.000115,-0.045150,9.537897,1,-0.012288,18881.617188,-14.538345,14674.634766,0.000115,-0.045561,9.537933,-12.689389,98002.406250,-16742.390625,-390.328125,-899.462891,-13.583984,0.000000,0.000000,0.000000,0.000000,0.000000,0.000000,0.000000,0.000000,0.000000
94,1.566667,0.000000,0.000381,-4.870605,-0.000284,-0.000227,-5.983587,-0.000029,-0.000703,5.983572,3415.866,0,0.000000,4,2,9.629609,1,0,0,0.000458,0.999997,-0.002340,1.000000,-0.000458,0.000030,-0.000467,-0.000146,0.000000,0.000000,0.000000,1,0.003980,30096.101562,-10.565022,-5364.346680,-0.000017,0.011368,10.043741,1,0.004961,30245.009766,-10.443801,-3947.228271,-0.000017,0.008365,10.026353,1,-0.013186,18784.621094,17.767426,14620.498047,0.000052,-0.045393,9.629876,1,-0.012318,18874.419922,17.772295,14762.871094,0.000052,-0.045835,9.629342,15.145533,98001.023438,-20001.619141,1468.656250,1834.964844,11.763672,0.000000,0.000000,0.000000,0.000000,0.000000,0.000000,0.000000,0.000000,0.000000
95,1.583333,0.000000,0.000377,-4.971436,-0.000234,-0.000239,-6.050259,-0.000032,-0.000178,6.050243,3448.705,0,0.000000,4,2,9.719855,1,0,0,0.000460,0.999997,-0.002341,1.000000,-0.000460,0.000033,-0.000082,-0.000125,0.000000,0.000000,0.000000,1,0.003985,30083.607422,2.192523,-6307.759766,-0.000005,0.012110,10.142990,1,0.004971,30232.619141,2.204872,-5026.454590,-0.000005,0.009214,10.099201,1,-0.013190,18800.404297,2.459858,13904.421875,0.000030,-0.043170,9.720432,1,-0.012318,18890.353516,2.464470,13943.230469,0.000030,-0.043290,9.719278,9.876513,98008.796875,-16441.691406,-671.359375,1387.798828,6.755859,0.000000,0.000000,0.000000,0.000000,0.000000,0.000000,0.000000,0.000000,0.000000
96,1.600000,0.000000,0.000373,-5.073242,-0.000201,-0.000207,-6.105065,-0.000029,0.000218,6.105049,3481.025,0,0.000000,4,2,9.818175,1,0,0,0.000462,0.999997,-0.002346,1.000000,-0.000462,0.000030,-0.000258,-0.000113,0.000000,0.000000,0.000000,1,0.003998,30091.802734,24.206619,-4237.093750,-0.000022,0.008979,10.259973,1,0.004988,30240.810547,24.218704,-5422.257812,-0.000022,0.010059,10.192401,1,-0.013209,18791.099609,-17.812592,14391.919922,0.000039,-0.044683,9.818843,1,-0.012333,18881.150391,-17.808285,14371.936523,0.000039,-0.044621,9.817509,13.376038,98006.054688,-19031.453125,849.664062,-1621.889648,7.158203,0.000000,0.000000,0.000000,0.000000,0.000000,0.000000,0.000000,0.000000,0.000000
97,1.616667,0.000000,0.000370,-5.176025,-0.000156,-0.000198,-6.168503,-0.000033,-0.000245,6.168487,3516.237,0,0.000000,4,2,9.910774,1,0,0,0.000464,0.999997,-0.002346,1.000000,-0.000464,0.000034,-0.000036,-0.000107,0.000000,0.000000,0.000000,1,0.004001,30083.923828,5.097284,-5240.921875,-0.000018,0.009769,10.338032,1,0.004995,30233.716797,5.109793,-5890.247070,-0.000018,0.010959,10.293065,1,-0.013210,18800.187500,9.848719,13942.487305,0.000013,-0.043288,9.911406,1,-0.012331,18890.523438,9.853363,13986.513672,0.000013,-0.043425,9.910143,30.480156,98009.906250,-16723.253906,-521.898438,-621.629883,11.367188,0.000000,0.000000,0.000000,0.000000,0.000000,0.000000,0.000000,0.000000,0.000000
98,1.633333,0.000000,0.000367,-5.279785,-0.000055,-0.000165,-6.224247,-0.000040,-0.000423,6.224230,3549.400,0,0.000000,4,2,10.007471,1,0,0,0.000466,0.999997,-0.002349,1.000000,-0.000466,0.000041,-0.000172,-0.000093,0.000000,0.000000,0.000000,1,0.004010,30090.164062,-8.484684,-5581.107422,-0.000005,0.010533,10.434960,1,0.005008,30239.660156,-8.472029,-6112.275879,-0.000005,0.011699,10.402554,1,-0.013222,18793.191406,29.167570,14246.434570,-0.000025,-0.044232,10.008204,1,-0.012340,18883.494141,29.172367,14307.131836,-0.000025,-0.044420,10.006739,42.073929,98007.531250,-16784.250000,-375.835938,-225.699219,20.642578,0.000000,0.000000,0.000000,0.000000,0.000000,0.000000,0.000000,0.000000,0.000000
99,1.650000,0.000000,0.000365,-5.384399,0.000086,-0.000140,-6.280194,-0.000048,-0.000487,6.280178,3584.030,0,0.000000,4,2,10.100050,1,0,0,0.000467,0.999997,-0.002353,1.000000,-0.000467,0.000049,-0.000270,-0.000066,0.000000,0.000000,0.000000,1,0.004024,30095.640625,-20.638746,-5831.163086,0.000013,0.011210,10.538284,1,0.005023,30245.035156,-20.626108,-4573.999512,0.000013,0.009693,10.516230,1,-0.013241,18787.103516,44.433208,14360.151367,-0.000067,-0.044585,10.100921,1,-0.012357,18877.158203,44.438042,14417.842773,-0.000067,-0.044764,10.099179,48.506500,98005.546875,-18295.525391,522.742188,1889.983398,21.236328,0.000000,0.000000,0.000000,0.000000,0.000000,0.000000,0.000000,0.000000,0.000000
100,1.666667,0.000000,0.000363,-5.490112,0.000247,-0.000129,-6.341179,-0.000047,0.000053,6.341163,3617.186,0,0.000000,4,2,10.190760,1,0,0,0.000467,0.999997,-0.002356,1.000000,-0.000467,0.000048,-0.000134,-0.000032,0.000000,0.000000,0.000000,1,0.004031,30092.031250,-1.662981,-5094.906250,0.000010,0.010797,10.646308,1,0.005032,30240.675781,-1.650476,-5507.562500,0.000010,0.010428,10.600897,1,-0.013250,18792.087891,19.148087,14084.683594,-0.000064,-0.043729,10.191762,1,-0.012365,18881.734375,19.152760,14058.494141,-0.000064,-0.043648,10.189757,35.829224,98007.296875,-17461.894531,1.281250,-312.007812,15.351562,0.000000,0.000000,0.000000,0.000000,0.000000,0.000000,0.000000,0.000000,0.000000
101,1.683333,0.000000,0.000361,-5.596802,0.000367,-0.000109,-6.399385,-0.000048,-0.000036,6.399368,3649.673,0,0.000000,4,2,10.284404,1,0,0,0.000467,0.999997,-0.002358,1.000000,-0.000467,0.000049,-0.000133,-0.000012,0.000000,0.000000,0.000000,1,0.004039,30093.474609,-7.712380,-5381.071777,0.000012,0.011404,10.740492,1,0.005040,30241.193359,-7.699849,-5798.145996,0.000012,0.011118,10.703169,1,-0.013259,18791.287109,10.007831,14080.176758,-0.000031,-0.043715,10.285358,1,-0.012373,18880.583984,10.055586,14070.232422,-0.000031,-0.043685,10.283449,5.474329,98007.187500,-16890.925781,-285.781250,-352.684570,-4.589844,0.000000,0.000000,0.000000,0.000000,0.000000,0.000000,0.000000,0.000000,0.000000
102,1.700000,0.000000,0.000359,-5.704346,0.000385,-0.000085,-6.455688,-0.000050,-0.000137,6.455671,3683.210,0,0.000000,4,2,10.377350,1,0,0,0.000468,0.999997,-0.002361,1.000000,-0.000468,0.000051,-0.000208,-0.000019,0.000000,0.000000,0.000000,1,0.004050,30097.097656,-14.646358,-5002.312988,0.000019,0.010601,10.840055,1,0.005052,30245.503906,-14.633799,-4565.348633,0.000019,0.009675,10.810921,1,-0.013273,18786.375000,18.518789,14175.344727,-0.000041,-0.044011,10.378292,1,-0.012388,18875.861328,18.566597,14180.868164,-0.000041,-0.044028,10.376408,8.759672,98005.117188,-18706.867188,750.578125,688.753906,-1.792969,0.000000,0.000000,0.000000,0.000000,0.000000,0.000000,0.000000,0.000000,0.000000
103,1.716667,0.000000,0.000358,-5.812988,0.000414,-0.000078,-6.518044,-0.000049,0.000060,6.518027,3716.497,0,0.000000,4,2,10.468472,1,0,0,0.000468,0.999997,-0.002362,1.000000,-0.000468,0.000050,-0.000011,-0.000020,0.000000,0.000000,0.000000,1,0.004051,30090.138672,-7.229513,-5947.473633,0.000018,0.011345,10.932499,1,0.005054,30238.556641,-7.216996,-5540.918457,0.000018,0.010443,10.895425,1,-0.013273,18794.500000,8.048804,13806.601562,-0.000035,-0.042866,10.469435,1,-0.012387,18884.046875,8.096555,13783.394531,-0.000035,-0.042794,10.467508,2.499645,98007.851562,-16018.334961,-806.484375,498.381836,-5.060547,0.000000,0.000000,0.000000,0.000000,0.000000,0.000000,0.000000,0.000000,0.000000
104,1.733333,0.000000,0.000357,-5.922485,0.000423,-0.000048,-6.571439,-0.000046,0.000202,6.571421,3749.131,0,0.000000,4,2,10.563207,1,0,0,0.000469,0.999997,-0.002365,1.000000,-0.000468,0.000047,-0.000222,-0.000025,0.000000,0.000000,0.000000,1,0.004062,30098.855469,1.169906,-4325.499023,0.000010,0.009167,11.042709,1,0.005065,30247.490234,1.182340,-5102.940918,0.000010,0.010814,10.998326,1,-0.013290,18783.742188,-3.736683,14185.094727,-0.000018,-0.044041,10.564129,1,-0.012403,18873.423828,-3.689017,14150.790039,-0.000018,-0.043935,10.562285,-4.196012,98003.437500,-18822.804688,848.765625,-941.280273,-5.914062,0.000000,0.000000,0.000000,0.000000,0.000000,0.000000,0.000000,0.000000,0.000000
105,1.750000,0.000000,0.000356,-6.033081,0.000409,-0.000047,-6.634181,-0.000047,-0.000067,6.634163,3783.059,0,0.000000,4,2,10.653044,1,0,0,0.000469,0.999997,-0.002365,1.000000,-0.000469,0.000048,-0.000000,-0.000036,0.000000,0.000000,0.000000,1,0.004062,30090.777344,-10.237446,-5351.512695,0.000014,0.009974,11.122431,1,0.005067,30239.871094,-10.224926,-6050.192383,0.000014,0.011560,11.092969,1,-0.013290,18792.832031,9.120144,13711.218750,-0.000022,-0.042570,10.653900,1,-0.012402,18882.892578,9.167903,13714.288086,-0.000022,-0.042579,10.652188,-1.413563,98006.757812,-15937.538086,-830.335938,-632.615234,-3.492188,0.000000,0.000000,0.000000,0.000000,0.000000,0.000000,0.000000,0.000000,0.000000
106,1.766667,0.000000,0.000356,-6.144531,0.000404,-0.000019,-6.687306,-0.000051,-0.000248,6.687288,3815.233,0,0.000000,4,2,10.747274,1,0,0,0.000470,0.999997,-0.002369,1.000000,-0.000470,0.000052,-0.000217,-0.000042,0.000000,0.000000,0.000000,1,0.004071,30099.429688,-21.906288,-5617.503418,0.000026,0.010691,11.221438,1,0.005078,30249.148438,-21.893730,-4046.128174,0.000026,0.008575,11.205474,1,-0.013307,18781.843750,23.035091,14063.878906,-0.000040,-0.043665,10.748144,1,-0.012417,18872.099609,23.082916,14091.204102,-0.000040,-0.043750,10.746405,3.273067,98002.250000,-18403.800781,649.109375,2006.676758,-2.361328,0.000000,0.000000,0.000000,0.000000,0.000000,0.000000,0.000000,0.000000,0.000000
107,1.783333,0.000000,0.000356,-6.256958,0.000415,-0.000019,-6.748652,-0.000045,0.000326,6.748634,3848.980,0,0.000000,4,2,10.836664,1,0,0,0.000470,0.999997,-0.002370,1.000000,-0.000470,0.000047,-0.000048,-0.000040,0.000000,0.000000,0.000000,1,0.004073,30093.656250,4.755877,-5939.518555,0.000013,0.011395,11.325446,1,0.005081,30243.285156,4.768245,-5070.818848,0.000013,0.009381,11.280187,1,-0.013311,18788.455078,-10.013714,13728.726562,-0.000014,-0.042624,10.837600,1,-0.012420,18878.843750,-9.966106,13677.931641,-0.000014,-0.042467,10.835729,-9.698640,98004.281250,-16307.054688,-571.859375,734.740234,-6.958984,0.000000,0.000000,0.000000,0.000000,0.000000,0.000000,0.000000,0.000000,0.000000
108,1.800000,0.000000,0.000356,-6.370361,0.000382,-0.000002,-6.803010,-0.000036,0.000536,6.802990,3880.994,0,0.000000,4,2,10.929509,1,0,0,0.000471,0.999997,-0.002373,1.000000,-0.000471,0.000038,-0.000197,-0.000048,0.000000,0.000000,0.000000,1,0.004081,30099.851562,22.833918,-4013.451416,-0.000010,0.008505,11.435507,1,0.005091,30250.232422,22.845911,-5422.415527,-0.000010,0.010164,11.374223,1,-0.013327,18780.408203,-32.890911,13959.468750,0.000029,-0.043341,10.930343,1,-0.012434,18871.156250,-32.843597,13894.101562,0.000029,-0.043138,10.928676,-19.367634,98001.281250,-18326.992188,623.078125,-2035.616211,-10.800781,0.000000,0.000000,0.000000,0.000000,0.000000,0.000000,0.000000,0.000000,0.000000
109,1.816667,0.000000,0.000356,-6.484741,0.000318,-0.000004,-6.864100,-0.000037,-0.000046,6.864080,3914.245,0,0.000000,4,2,11.019071,1,0,0,0.000472,0.999997,-0.002374,1.000000,-0.000472,0.000038,-0.000034,-0.000068,0.000000,0.000000,0.000000,1,0.004082,30093.884766,1.608852,-5055.721191,-0.000007,0.009325,11.509362,1,0.005093,30244.882812,1.621181,-5808.135254,-0.000008,0.010960,11.474890,1,-0.013331,18786.744141,-6.629781,13575.168945,0.000026,-0.042148,11.019771,1,-0.012436,18877.890625,-6.582184,13590.340820,0.000026,-0.042195,11.018371,-9.361092,98003.359375,-16209.306641,-606.101562,-891.599609,-4.380859,0.000000,0.000000,0.000000,0.000000,0.000000,0.000000,0.000000,0.000000,0.000000
110,1.833333,0.000000,0.000356,-6.600098,0.000287,0.000011,-6.918130,-0.000042,-0.000301,6.918111,3946.320,0,0.000000,4,2,11.111712,1,0,0,0.000474,0.999997,-0.002377,1.000000,-0.000474,0.000043,-0.000193,-0.000076,0.000000,0.000000,0.000000,1,0.004089,30100.222656,-12.754633,-5419.035645,0.000005,0.010127,11.602810,1,0.005103,30252.001953,-12.742143,-4731.021973,0.000005,0.010026,11.582830,1,-0.013347,18778.287109,12.499822,13794.199219,0.000002,-0.042828,11.112452,1,-0.012450,18869.791016,12.547043,13839.041992,0.000002,-0.042967,11.110973,0.304276,97999.781250,-17389.375000,147.617188,932.520508,2.015625,0.000000,0.000000,0.000000,0.000000,0.000000,0.000000,0.000000,0.000000,0.000000
111,1.850000,0.000000,0.000356,-6.716309,0.000288,0.000009,-6.976095,-0.000043,-0.000034,6.976076,3979.499,0,0.000000,4,2,11.200920,1,0,0,0.000475,0.999997,-0.002379,1.000000,-0.000475,0.000044,-0.000154,-0.000071,0.000000,0.000000,0.000000,1,0.004094,30099.933594,-3.305320,-5761.633301,0.000006,0.010900,11.703087,1,0.005111,30251.781250,-3.292927,-5653.451172,0.000006,0.010752,11.670459,1,-0.013360,18778.640625,2.469016,13660.211914,-0.000002,-0.042412,11.201761,1,-0.012461,18870.296875,2.516480,13664.519531,-0.000002,-0.042425,11.200079,-0.917735,98000.273438,-15814.262695,-697.023438,132.888672,1.519531,0.000000,0.000000,0.000000,0.000000,0.000000,0.000000,0.000000,0.000000,0.000000
112,1.866667,0.000000,0.000356,-6.833496,0.000285,0.000017,-7.028810,-0.000043,0.000004,7.028790,4011.447,0,0.000000,4,2,11.291051,1,0,0,0.000476,0.999997,-0.002385,1.000000,-0.000476,0.000044,-0.000336,-0.000068,0.000000,0.000000,0.000000,1,0.004108,30108.386719,-1.321537,-4453.178223,0.000005,0.009437,11.809804,1,0.005128,30260.810547,-1.309158,-4235.596680,0.000005,0.008976,11.775482,1,-0.013387,18768.154297,1.133974,13874.739258,-0.000002,-0.043078,11.291908,1,-0.012486,18860.179688,1.181425,13875.431641,-0.000002,-0.043080,11.290194,0.517068,97996.718750,-18964.562500,1134.171875,215.010742,3.306641,0.000000,0.000000,0.000000,0.000000,0.000000,0.000000,0.000000,0.000000,0.000000
113,1.883333,0.000000,0.000356,-6.951660,0.000286,-0.000004,-7.092025,-0.000042,0.000065,7.092005,4043.726,0,0.000000,4,2,11.377972,1,0,0,0.000477,0.999997,-0.002386,1.000000,-0.000477,0.000043,-0.000040,-0.000063,0.000000,0.000000,0.000000,1,0.004109,30098.115234,2.591658,-5522.554688,0.000001,0.010279,11.891925,1,0.005131,30250.478516,2.603996,-5310.742188,0.000001,0.009822,11.853768,1,-0.013391,18780.521484,-2.880458,13311.522461,0.000002,-0.041329,11.378837,1,-0.012488,18872.478516,-2.833046,13301.221680,0.000002,-0.041297,11.377107,0.153338,98001.546875,-15680.865234,-805.968750,148.071289,2.859375,0.000000,0.000000,0.000000,0.000000,0.000000,0.000000,0.000000,0.000000,0.000000
114,1.900000,0.000000,0.000356,-7.070679,0.000287,0.000009,-7.144294,-0.000040,0.000107,7.144274,4074.855,0,0.000000,4,2,11.470444,1,0,0,0.000478,0.999997,-0.002390,1.000000,-0.000478,0.000041,-0.000251,-0.000059,0.000000,0.000000,0.000000,1,0.004119,30107.173828,6.560363,-5121.535645,-0.000005,0.010854,11.994148,1,0.005143,30259.853516,6.572650,-5575.409180,-0.000005,0.010562,11.952330,1,-0.013412,18769.441406,-7.250763,13643.767578,0.000010,-0.042361,11.471294,1,-0.012506,18861.591797,-7.203397,13632.515625,0.000009,-0.042326,11.469593,-0.645430,97997.460938,-16479.296875,-207.304688,-630.007812,2.964844,0.000000,0.000000,0.000000,0.000000,0.000000,0.000000,0.000000,0.000000,0.000000
115,1.916667,0.000000,0.000356,-7.190674,0.000285,0.000004,-7.199225,-0.000041,-0.000073,7.199204,4107.973,0,0.000000,4,2,11.558314,1,0,0,0.000479,0.999997,-0.002395,1.000000,-0.000479,0.000042,-0.000305,-0.000057,0.000000,0.000000,0.000000,1,0.004132,30111.037109,-1.012298,-4971.619141,-0.000002,0.010536,12.088833,1,0.005158,30264.031250,-0.999914,-4587.128418,-0.000002,0.009721,12.055882,1,-0.013436,18764.933594,2.494299,13618.446289,0.000003,-0.042282,11.559147,1,-0.012529,18857.199219,2.541754,13630.117188,0.000003,-0.042318,11.557482,3.766513,97996.562500,-17588.230469,449.265625,418.287109,5.734375,0.000000,0.000000,0.000000,0.000000,0.000000,0.000000,0.000000,0.000000,0.000000
116,1.933333,0.000000,0.000356,-7.311646,0.000297,-0.000011,-7.257853,-0.000040,0.000047,7.257832,4139.442,0,0.000000,4,2,11.645481,1,0,0,0.000480,0.999997,-0.002398,1.000000,-0.000480,0.000041,-0.000187,-0.000048,0.000000,0.000000,0.000000,1,0.004140,30108.328125,4.306063,-5930.398438,-0.000005,0.011290,12.180699,1,0.005168,30261.193359,4.318383,-5561.234375,-0.000005,0.010488,12.140797,1,-0.013451,18768.367188,-3.732625,13361.333984,0.000006,-0.041484,11.646344,1,-0.012542,18860.738281,-3.685228,13355.748047,0.000006,-0.041466,11.644618,1.833128,97998.312500,-15122.203125,-915.210938,305.164062,4.582031,0.000000,0.000000,0.000000,0.000000,0.000000,0.000000,0.000000,0.000000,0.000000
117,1.950000,0.000000,0.000356,-7.433472,0.000303,-0.000006,-7.308260,-0.000038,0.000134,7.308239,4170.660,0,0.000000,4,2,11.734755,1,0,0,0.000480,0.999997,-0.002405,1.000000,-0.000480,0.000039,-0.000427,-0.000041,0.000000,0.000000,0.000000,1,0.004159,30119.785156,10.085152,-3657.854492,-0.000011,0.007752,12.290588,1,0.005188,30272.671875,10.097384,-4218.820312,-0.000011,0.008941,12.244081,1,-0.013484,18755.156250,-10.928658,13679.298828,0.000017,-0.042471,11.735612,1,-0.012575,18847.388672,-10.881334,13666.655273,0.000016,-0.042432,11.733897,-0.868700,97994.164062,-19364.593750,1542.640625,-807.464844,2.964844,0.000000,0.000000,0.000000,0.000000,0.000000,0.000000,0.000000,0.000000,0.000000
118,1.966667,0.000000,0.000355,-7.556396,0.000300,-0.000038,-7.372809,-0.000040,-0.000097,7.372787,4202.632,0,0.000000,4,2,11.819600,1,0,0,0.000481,0.999997,-0.002405,1.000000,-0.000481,0.000041,-0.000023,-0.000039,0.000000,0.000000,0.000000,1,0.004160,30105.775391,-0.013852,-4836.059570,-0.000007,0.008679,12.357759,1,0.005190,30258.873047,-0.001480,-5345.925293,-0.000007,0.009827,12.322051,1,-0.013486,18772.041016,1.435055,12961.031250,0.000009,-0.040241,11.820437,1,-0.012575,18864.468750,1.482499,12972.474609,0.000009,-0.040276,11.818763,3.540601,98001.421875,-15644.978516,-702.296875,-550.658203,5.708984,0.000000,0.000000,0.000000,0.000000,0.000000,0.000000,0.000000,0.000000,0.000000
119,1.983333,0.000000,0.000355,-7.680176,0.000312,-0.000027,-7.424959,-0.000044,-0.000254,7.424937,4233.018,0,0.000000,4,2,11.911475,1,0,0,0.000482,0.999997,-0.002409,1.000000,-0.000482,0.000045,-0.000207,-0.000033,0.000000,0.000000,0.000000,1,0.004169,30113.861328,-10.649042,-5259.277344,0.000004,0.009594,12.447078,1,0.005201,30266.833984,-10.636576,-5614.795410,0.000004,0.010596,12.421275,1,-0.013502,18762.769531,14.734462,13260.979492,-0.000011,-0.041172,11.912343,1,-0.012590,18855.023438,14.782004,13290.159180,-0.000012,-0.041263,11.910607,8.932331,97998.296875,-15569.009766,-591.101562,-186.155273,8.167969,0.000000,0.000000,0.000000,0.000000,0.000000,0.000000,0.000000,0.000000,0.000000
120,2.000000,0.000000,0.000355,-7.804810,0.000342,-0.000026,-7.476855,-0.000049,-0.000307,7.476833,4265.922,0,0.000000,4,2,11.998925,1,0,0,0.000482,0.999997,-0.002415,1.000000,-0.000482,0.000050,-0.000362,-0.000022,0.000000,0.000000,0.000000,1,0.004186,30121.964844,-18.766964,-5570.043457,0.000017,0.010415,12.544352,1,0.005218,30274.873047,-18.754490,-4235.586426,0.000017,0.008976,12.525570,1,-0.013530,18753.523438,24.880503,13413.206055,-0.000036,-0.041645,11.999862,1,-0.012617,18845.785156,24.928082,13444.469727,-0.000036,-0.041742,11.997989,13.137362,97995.609375,-16942.476562,275.820312,1761.193359,10.283203,0.000000,0.000000,0.000000,0.000000,0.000000,0.000000,0.000000,0.000000,0.000000
121,2.016667,0.000000,0.000354,-7.930420,0.000386,-0.000041,-7.533330,-0.000046,0.000196,7.533308,4297.241,0,0.000000,4,2,12.083721,1,0,0,0.000482,0.999997,-0.002420,1.000000,-0.000482,0.000047,-0.000289,-0.000003,0.000000,0.000000,0.000000,1,0.004199,30121.722656,2.537930,-5100.238281,0.000009,0.010809,12.647468,1,0.005232,30274.082031,2.550252,-5220.663574,0.000009,0.009751,12.603856,1,-0.013552,18754.687500,-2.015210,13228.876953,-0.000020,-0.041072,12.084732,1,-0.012639,18846.716797,-1.967804,13197.297852,-0.000020,-0.040974,12.082710,1.854589,97996.929688,-15994.041016,-246.031250,-219.983398,3.341797,0.000000,0.000000,0.000000,0.000000,0.000000,0.000000,0.000000,0.000000,0.000000
122,2.033333,0.000000,0.000353,-8.056885,0.000392,-0.000048,-7.586644,-0.000043,0.000133,7.586621,4327.609,0,0.000000,4,2,12.170007,1,0,0,0.000482,0.999997,-0.002426,1.000000,-0.000482,0.000045,-0.000354,0.000001,0.000000,0.000000,0.000000,1,0.004216,30126.878906,2.395033,-4791.907227,0.000004,0.010155,12.741752,1,0.005249,30279.029297,2.407338,-4873.549316,0.000004,0.010328,12.700718,1,-0.013578,18749.449219,-3.177573,13249.051758,-0.000009,-0.041135,12.170957,1,-0.012665,18841.271484,-3.130181,13229.612305,-0.000009,-0.041075,12.169057,-0.760237,97996.296875,-16700.396484,212.953125,-179.170898,1.466797,0.000000,0.000000,0.000000,0.000000,0.000000,0.000000,0.000000,0.000000,0.000000
123,2.050000,0.000000,0.000352,-8.184204,0.000390,-0.000060,-7.642312,-0.000042,0.000082,7.642289,4358.511,0,0.000000,4,2,12.255041,1,0,0,0.000482,0.999997,-0.002431,1.000000,-0.000482,0.000043,-0.000298,0.000002,0.000000,0.000000,0.000000,1,0.004231,30127.041016,1.745212,-5127.033691,0.000001,0.010865,12.830240,1,0.005263,30279.289062,1.757513,-5059.562500,0.000001,0.010722,12.791035,1,-0.013600,18749.763672,-3.443092,13088.906250,-0.000002,-0.040638,12.255956,1,-0.012687,18841.574219,-3.395701,13077.251953,-0.000002,-0.040602,12.254127,-2.650019,97997.554688,-15865.088867,-236.335938,-9.094727,0.576172,0.000000,0.000000,0.000000,0.000000,0.000000,0.000000,0.000000,0.000000,0.000000
124,2.066667,0.000000,0.000351,-8.312500,0.000381,-0.000065,-7.695195,-0.000041,0.000080,7.695172,4388.965,0,0.000000,4,2,12.340865,1,0,0,0.000482,0.999997,-0.002437,1.000000,-0.000482,0.000042,-0.000360,0.000003,0.000000,0.000000,0.000000,1,0.004248,30131.984375,2.904185,-4736.636230,-0.000002,0.010038,12.925029,1,0.005281,30284.005859,2.916464,-4709.924805,-0.000002,0.009981,12.884859,1,-0.013627,18744.435547,-5.624379,13122.611328,0.000005,-0.040742,12.341761,1,-0.012714,18836.312500,-5.577008,13113.463867,0.000005,-0.040714,12.339970,-4.681760,97996.500000,-16673.451172,274.570312,-79.271484,-0.705078,0.000000,0.000000,0.000000,0.000000,0.000000,0.000000,0.000000,0.000000,0.000000
125,2.083333,0.000000,0.000350,-8.441650,0.000365,-0.000077,-7.750773,-0.000040,0.000057,7.750751,4419.702,0,0.000000,4,2,12.425313,1,0,0,0.000482,0.999997,-0.002441,1.000000,-0.000482,0.000041,-0.000288,0.000002,0.000000,0.000000,0.000000,1,0.004263,30131.546875,3.075958,-5702.669434,-0.000003,0.010798,13.012479,1,0.005295,30283.982422,3.088230,-5664.460938,-0.000004,0.010732,12.972090,1,-0.013648,18745.414062,-6.241584,12951.685547,0.000011,-0.040212,12.426196,1,-0.012735,18837.291016,-6.194218,12945.356445,0.000010,-0.040192,12.424430,-5.681044,97998.265625,-14412.166016,-939.492188,-65.081055,-0.718750,0.000000,0.000000,0.000000,0.000000,0.000000,0.000000,0.000000,0.000000,0.000000
126,2.100000,0.000000,0.000349,-8.571655,0.000346,-0.000073,-7.798814,-0.000039,0.000038,7.798790,4449.945,0,0.000000,4,2,12.510675,1,0,0,0.000482,0.999997,-0.002450,1.000000,-0.000482,0.000040,-0.000534,0.000001,0.000000,0.000000,0.000000,1,0.004288,30144.175781,3.197253,-3504.566895,-0.000005,0.007427,13.118088,1,0.005321,30296.421875,3.209621,-3460.358154,-0.000005,0.007333,13.077321,1,-0.013688,18731.234375,-6.431422,13243.654297,0.000014,-0.041118,12.511551,1,-0.012775,18823.033203,-6.383991,13242.252930,0.000014,-0.041114,12.509800,-5.625351,97994.367188,-19401.771484,1934.890625,-69.833984,-1.011719,0.000000,0.000000,0.000000,0.000000,0.000000,0.000000,0.000000,0.000000,0.000000
127,2.116667,0.000000,0.000347,-8.702759,0.000327,-0.000108,-7.863486,-0.000039,0.000018,7.863463,4480.517,0,0.000000,4,2,12.591731,1,0,0,0.000482,0.999997,-0.002451,1.000000,-0.000482,0.000040,-0.000028,-0.000001,0.000000,0.000000,0.000000,1,0.004291,30126.898438,3.037753,-4731.023438,-0.000005,0.008392,13.182378,1,0.005324,30279.031250,3.050109,-4679.328613,-0.000005,0.008292,13.140988,1,-0.013688,18752.511719,-5.929909,12439.400391,0.000016,-0.038621,12.592609,1,-0.012775,18844.375000,-5.882484,12435.360352,0.000016,-0.038609,12.590853,-5.109688,98003.640625,-15343.213867,-559.179688,-48.624023,-0.820312,0.000000,0.000000,0.000000,0.000000,0.000000,0.000000,0.000000,0.000000,0.000000
128,2.133333,0.000000,0.000345,-8.834717,0.000310,-0.000092,-7.914630,-0.000039,0.000005,7.914608,4509.546,0,0.000000,4,2,12.680832,1,0,0,0.000482,0.999997,-0.002454,1.000000,-0.000482,0.000040,-0.000174,-0.000002,0.000000,0.000000,0.000000,1,0.004301,30133.398438,2.267618,-5172.778320,-0.000005,0.009346,13.269722,1,0.005333,30285.626953,2.279114,-5122.860840,-0.000005,0.009244,13.227642,1,-0.013700,18745.064453,-0.904976,12692.366211,0.000003,-0.039407,12.681707,1,-0.012787,18837.005859,-0.909390,12692.065430,0.000003,-0.039406,12.679956,3.331270,98001.523438,-14966.015625,-637.718750,4.771484,3.855469,0.000000,0.000000,0.000000,0.000000,0.000000,0.000000,0.000000,0.000000,0.000000
129,2.150000,0.000000,0.000344,-8.967407,0.000321,-0.000082,-7.964517,-0.000039,0.000006,7.964493,4541.456,0,0.000000,4,2,12.765993,1,0,0,0.000482,0.999997,-0.002459,1.000000,-0.000482,0.000040,-0.000341,0.000003,0.000000,0.000000,0.000000,1,0.004318,30141.742188,1.245164,-5478.116699,-0.000003,0.010186,13.365370,1,0.005350,30293.859375,1.251506,-5431.285156,-0.000003,0.010085,13.322659,1,-0.013725,18735.539062,-1.374027,12873.707031,0.000003,-0.039970,12.766874,1,-0.012812,18827.337891,-1.378435,12874.390625,0.000003,-0.039972,12.765112,0.331483,97998.429688,-14714.366211,-617.835938,4.530273,1.974609,0.000000,0.000000,0.000000,0.000000,0.000000,0.000000,0.000000,0.000000,0.000000
130,2.166667,0.000000,0.000342,-9.100952,0.000323,-0.000080,-8.013565,-0.000039,0.000007,8.013540,4571.955,0,0.000000,4,2,12.848063,1,0,0,0.000482,0.999997,-0.002468,1.000000,-0.000482,0.000040,-0.000503,0.000006,0.000000,0.000000,0.000000,1,0.004342,30151.402344,1.521126,-4304.251953,-0.000003,0.009122,13.466758,1,0.005374,30303.388672,1.527481,-4347.010254,-0.000003,0.009212,13.423493,1,-0.013762,18725.009766,-1.657600,12990.759766,0.000004,-0.040333,12.848951,1,-0.012850,18816.796875,-1.662004,12991.967773,0.000004,-0.040337,12.847176,0.413721,97996.257812,-17205.601562,869.281250,-101.759766,1.849609,0.000000,0.000000,0.000000,0.000000,0.000000,0.000000,0.000000,0.000000,0.000000
131,2.183333,0.000000,0.000341,-9.235596,0.000324,-0.000099,-8.070917,-0.000039,-0.000022,8.070892,4601.347,0,0.000000,4,2,12.927789,1,0,0,0.000482,0.999997,-0.002472,1.000000,-0.000482,0.000040,-0.000275,0.000008,0.000000,0.000000,0.000000,1,0.004357,30145.398438,-0.003966,-5360.938477,-0.000002,0.009953,13.546080,1,0.005388,30297.349609,0.002341,-5389.976562,-0.000002,0.010033,13.503881,1,-0.013782,18732.777344,0.112365,12566.462891,0.000002,-0.039016,12.928685,1,-0.012869,18824.476562,0.107932,12567.845703,0.000002,-0.039020,12.926892,0.791274,98000.250000,-14255.720703,-832.484375,-54.528320,1.910156,0.000000,0.000000,0.000000,0.000000,0.000000,0.000000,0.000000,0.000000,0.000000
132,2.200000,0.000000,0.000339,-9.370850,0.000327,-0.000090,-8.118436,-0.000040,-0.000037,8.118411,4629.900,0,0.000000,4,2,13.011248,1,0,0,0.000482,0.999997,-0.002481,1.000000,-0.000481,0.000041,-0.000493,0.000010,0.000000,0.000000,0.000000,1,0.004381,30156.683594,-1.342600,-4170.082031,-0.000000,0.008837,13.645265,1,0.005412,30308.601562,-1.336337,-4044.877930,-0.000000,0.008572,13.603935,1,-0.013818,18719.974609,1.719718,12815.450195,-0.000000,-0.039789,13.012154,1,-0.012906,18811.572266,1.715258,12819.746094,-0.000000,-0.039802,13.010342,1.461488,97996.539062,-17291.054688,979.125000,127.669922,2.126953,0.000000,0.000000,0.000000,0.000000,0.000000,0.000000,0.000000,0.000000,0.000000
133,2.216667,0.000000,0.000337,-9.507080,0.000331,-0.000110,-8.176073,-0.000040,-0.000001,8.176048,4659.789,0,0.000000,4,2,13.090825,1,0,0,0.000481,0.999997,-0.002485,1.000000,-0.000481,0.000041,-0.000237,0.000014,0.000000,0.000000,0.000000,1,0.004394,30149.828125,-0.128180,-5246.894043,0.000000,0.009684,13.722064,1,0.005425,30301.373047,-0.121877,-5117.446777,0.000000,0.009416,13.678625,1,-0.013834,18729.224609,0.145812,12379.564453,-0.000000,-0.038435,13.091745,1,-0.012923,18820.787109,0.141378,12376.664062,-0.000000,-0.038426,13.089905,0.619188,98001.656250,-14260.865234,-775.593750,112.003906,1.177734,0.000000,0.000000,0.000000,0.000000,0.000000,0.000000,0.000000,0.000000,0.000000
134,2.233333,0.000000,0.000336,-9.644165,0.000334,-0.000098,-8.223609,-0.000039,0.000031,8.223583,4688.289,0,0.000000,4,2,13.174281,1,0,0,0.000481,0.999997,-0.002492,1.000000,-0.000481,0.000040,-0.000440,0.000016,0.000000,0.000000,0.000000,1,0.004416,30160.136719,1.552536,-4345.547363,-0.000001,0.009209,13.819105,1,0.005446,30311.595703,1.558898,-4465.591309,-0.000001,0.009464,13.773540,1,-0.013866,18717.585938,-2.076618,12628.817383,0.000002,-0.039209,13.175201,1,-0.012955,18808.958984,-2.081017,12624.490234,0.000002,-0.039196,13.173361,-0.388983,97998.195312,-16309.619141,491.593750,-191.714844,0.357422,0.000000,0.000000,0.000000,0.000000,0.000000,0.000000,0.000000,0.000000,0.000000
135,2.250000,0.000000,0.000334,-9.782104,0.000332,-0.000107,-8.277974,-0.000039,-0.000024,8.277948,4718.177,0,0.000000,4,2,13.253847,1,0,0,0.000481,0.999997,-0.002497,1.000000,-0.000481,0.000041,-0.000311,0.000016,0.000000,0.000000,0.000000,1,0.004432,30158.000000,-0.890606,-5358.751465,-0.000000,0.010006,13.899203,1,0.005462,30309.482422,-0.884322,-5461.397461,-0.000000,0.010247,13.856164,1,-0.013888,18720.722656,0.860575,12369.781250,0.000000,-0.038405,13.254764,1,-0.012977,18812.113281,0.856129,12370.198242,0.000000,-0.038406,13.252931,0.502875,98000.570312,-13785.522461,-898.031250,-121.371094,0.896484,0.000000,0.000000,0.000000,0.000000,0.000000,0.000000,0.000000,0.000000,0.000000
136,2.266667,0.000000,0.000332,-9.920776,0.000334,-0.000097,-8.323926,-0.000040,-0.000058,8.323899,4746.673,0,0.000000,4,2,13.335217,1,0,0,0.000481,0.999997,-0.002506,1.000000,-0.000480,0.000042,-0.000546,0.000016,0.000000,0.000000,0.000000,1,0.004459,30170.238281,-3.270933,-3703.849854,0.000003,0.007849,13.998347,1,0.005488,30321.650391,-3.264735,-3470.894043,0.000003,0.007356,13.957566,1,-0.013928,18706.750000,3.863611,12627.066406,-0.000004,-0.039204,13.336140,1,-0.013018,18798.093750,3.859113,12632.595703,-0.000004,-0.039221,13.334293,1.935284,97996.382812,-17949.115234,1528.273438,272.717773,1.537109,0.000000,0.000000,0.000000,0.000000,0.000000,0.000000,0.000000,0.000000,0.000000
137,2.283333,0.000000,0.000330,-10.060547,0.000340,-0.000122,-8.383757,-0.000040,0.000020,8.383730,4775.814,0,0.000000,4,2,13.412569,1,0,0,0.000480,0.999997,-0.002509,1.000000,-0.000480,0.000041,-0.000146,0.000019,0.000000,0.000000,0.000000,1,0.004468,30157.500000,-0.152164,-4861.828613,0.000002,0.008760,14.066383,1,0.005496,30308.619141,-0.145858,-4630.792480,0.000002,0.008268,14.021432,1,-0.013937,18722.708984,0.007104,12011.656250,-0.000003,-0.037293,13.413509,1,-0.013028,18813.927734,0.002671,12004.473633,-0.000003,-0.037271,13.411629,0.306712,98003.406250,-14385.746094,-617.812500,214.908203,0.185547,0.000000,0.000000,0.000000,0.000000,0.000000,0.000000,0.000000,0.000000,0.000000
138,2.300000,0.000000,0.000329,-10.201050,0.000341,-0.000107,-8.431709,-0.000039,0.000081,8.431683,4803.517,0,0.000000,4,2,13.495816,1,0,0,0.000480,0.999997,-0.002514,1.000000,-0.000480,0.000040,-0.000308,0.000020,0.000000,0.000000,0.000000,1,0.004484,30165.646484,3.565057,-5177.812988,-0.000002,0.009582,14.156186,1,0.005512,30316.658203,3.571277,-4997.821777,-0.000002,0.009131,14.107170,1,-0.013959,18713.777344,-4.763631,12231.150391,0.000004,-0.037975,13.496746,1,-0.013050,18804.857422,-4.767990,12220.173828,0.000004,-0.037941,13.494886,-1.829841,98001.203125,-14136.345703,-600.171875,92.903320,-1.201172,0.000000,0.000000,0.000000,0.000000,0.000000,0.000000,0.000000,0.000000,0.000000
139,2.316667,0.000000,0.000327,-10.342407,0.000335,-0.000097,-8.478830,-0.000037,0.000107,8.478803,4833.331,0,0.000000,4,2,13.575465,1,0,0,0.000480,0.999997,-0.002521,1.000000,-0.000479,0.000038,-0.000465,0.000019,0.000000,0.000000,0.000000,1,0.004507,30174.640625,6.590623,-4104.577637,-0.000006,0.008699,14.251928,1,0.005534,30325.546875,6.596791,-4545.174316,-0.000006,0.009632,14.199830,1,-0.013993,18703.660156,-8.721434,12369.185547,0.000012,-0.038403,13.576376,1,-0.013085,18794.746094,-8.725926,12358.142578,0.000012,-0.038369,13.574554,-3.651082,97998.445312,-15936.669922,508.070312,-629.989258,-2.261719,0.000000,0.000000,0.000000,0.000000,0.000000,0.000000,0.000000,0.000000,0.000000
140,2.333333,0.000000,0.000325,-10.484619,0.000323,-0.000107,-8.531953,-0.000038,-0.000073,8.531925,4861.856,0,0.000000,4,2,13.652443,1,0,0,0.000479,0.999997,-0.002527,1.000000,-0.000479,0.000039,-0.000332,0.000014,0.000000,0.000000,0.000000,1,0.004524,30172.359375,-1.119185,-5126.651367,-0.000003,0.009503,14.327497,1,0.005551,30323.384766,-1.112901,-4819.080566,-0.000003,0.010213,14.283954,1,-0.014017,18706.886719,0.931757,12091.852539,0.000007,-0.037542,13.653335,1,-0.013109,18798.064453,0.927363,12098.882812,0.000007,-0.037564,13.651551,0.183292,98000.906250,-14102.327148,-518.929688,324.770508,0.041016,0.000000,0.000000,0.000000,0.000000,0.000000,0.000000,0.000000,0.000000,0.000000
141,2.350000,0.000000,0.000324,-10.627563,0.000324,-0.000099,-8.578960,-0.000038,0.000020,8.578933,4889.424,0,0.000000,4,2,13.731323,1,0,0,0.000479,0.999997,-0.002535,1.000000,-0.000479,0.000039,-0.000468,0.000015,0.000000,0.000000,0.000000,1,0.004547,30180.599609,2.698376,-3994.703857,-0.000004,0.008466,14.422277,1,0.005574,30331.441406,2.704606,-4198.727539,-0.000004,0.008898,14.373243,1,-0.014051,18697.634766,-3.474279,12214.670898,0.000008,-0.037924,13.732235,1,-0.013143,18788.777344,-3.478718,12212.227539,0.000008,-0.037916,13.730412,-0.920814,97998.281250,-16089.214844,678.679688,-299.107422,-0.792969,0.000000,0.000000,0.000000,0.000000,0.000000,0.000000,0.000000,0.000000,0.000000
142,2.366667,0.000000,0.000322,-10.771484,0.000321,-0.000111,-8.632591,-0.000039,-0.000065,8.632564,4917.674,0,0.000000,4,2,13.807739,1,0,0,0.000479,0.999997,-0.002540,1.000000,-0.000479,0.000040,-0.000290,0.000013,0.000000,0.000000,0.000000,1,0.004563,30176.640625,-1.457282,-5038.135742,-0.000001,0.009287,14.495781,1,0.005589,30327.507812,-1.450991,-5222.923340,-0.000001,0.009704,14.450834,1,-0.014071,18703.193359,1.987198,11901.306641,0.000003,-0.036951,13.808651,1,-0.013164,18794.224609,1.982811,11905.770508,0.000003,-0.036964,13.806828,1.600646,98001.906250,-13399.956055,-835.593750,-191.543945,0.464844,0.000000,0.000000,0.000000,0.000000,0.000000,0.000000,0.000000,0.000000,0.000000
143,2.383333,0.000000,0.000320,-10.916138,0.000326,-0.000097,-8.677258,-0.000041,-0.000120,8.677230,4945.041,0,0.000000,4,2,13.886506,1,0,0,0.000479,0.999997,-0.002548,1.000000,-0.000479,0.000042,-0.000509,0.000013,0.000000,0.000000,0.000000,1,0.004588,30187.972656,-5.585515,-3928.643066,0.000004,0.008326,14.588898,1,0.005613,30338.769531,-5.579175,-3605.551025,0.000004,0.007641,14.547739,1,-0.014109,18690.154297,7.570788,12134.410156,-0.000007,-0.037674,13.887433,1,-0.013202,18781.136719,7.566448,12144.984375,-0.000007,-0.037707,13.885579,4.673432,97997.757812,-16597.623047,1071.460938,424.185547,1.974609,0.000000,0.000000,0.000000,0.000000,0.000000,0.000000,0.000000,0.000000,0.000000
144,2.400000,0.000000,0.000318,-11.061646,0.000342,-0.000114,-8.732583,-0.000041,0.000001,8.732555,4973.250,0,0.000000,4,2,13.961463,1,0,0,0.000478,0.999997,-0.002552,1.000000,-0.000478,0.000042,-0.000229,0.000017,0.000000,0.000000,0.000000,1,0.004601,30180.025391,-1.209630,-5015.073242,0.000003,0.009180,14.661160,1,0.005625,30330.527344,-1.203342,-4695.153320,0.000003,0.008498,14.614144,1,-0.014124,18700.441406,0.730691,11700.792969,-0.000002,-0.036328,13.962419,1,-0.013218,18791.376953,0.734239,11695.192383,-0.000002,-0.036311,13.960507,-0.376787,98002.828125,-13536.293945,-717.625000,326.177734,-1.099609,0.000000,0.000000,0.000000,0.000000,0.000000,0.000000,0.000000,0.000000,0.000000
145,2.416667,0.000000,0.000317,-11.207886,0.000340,-0.000099,-8.777704,-0.000039,0.000094,8.777676,5000.095,0,0.000000,4,2,14.040242,1,0,0,0.000478,0.999997,-0.002559,1.000000,-0.000478,0.000041,-0.000416,0.000016,0.000000,0.000000,0.000000,1,0.004621,30189.611328,4.137406,-4138.025391,-0.000001,0.008769,14.753843,1,0.005645,30340.232422,4.143625,-4961.247070,-0.000001,0.009246,14.701097,1,-0.014154,18689.486328,-5.481694,11917.215820,0.000005,-0.037000,14.041191,1,-0.013249,18780.296875,-5.478209,11904.458008,0.000005,-0.036960,14.039293,-2.087039,97999.585938,-14571.387695,6.164062,-994.426758,-1.972656,0.000000,0.000000,0.000000,0.000000,0.000000,0.000000,0.000000,0.000000,0.000000
146,2.433333,0.000000,0.000315,-11.354980,0.000333,-0.000100,-8.826276,-0.000043,-0.000190,8.826247,5028.309,0,0.000000,4,2,14.115427,1,0,0,0.000478,0.999997,-0.002566,1.000000,-0.000478,0.000044,-0.000415,0.000011,0.000000,0.000000,0.000000,1,0.004642,30192.462891,-9.391976,-4478.293457,0.000007,0.009491,14.830041,1,0.005666,30343.125000,-9.385601,-3865.940918,0.000007,0.008193,14.793067,1,-0.014184,18686.527344,11.796852,11820.284180,-0.000011,-0.036699,14.116354,1,-0.013279,18777.429688,11.800486,11836.601562,-0.000011,-0.036750,14.114500,5.484097,97999.492188,-15159.960938,360.828125,803.162109,2.208984,0.000000,0.000000,0.000000,0.000000,0.000000,0.000000,0.000000,0.000000,0.000000
147,2.450000,0.000000,0.000313,-11.502930,0.000352,-0.000105,-8.876809,-0.000042,0.000040,8.876780,5055.235,0,0.000000,4,2,14.190332,1,0,0,0.000478,0.999997,-0.002571,1.000000,-0.000478,0.000043,-0.000320,0.000016,0.000000,0.000000,0.000000,1,0.004659,30191.810547,-0.328678,-4590.279297,0.000004,0.009728,14.912634,1,0.005682,30342.197266,-0.322398,-4861.767578,0.000004,0.008976,14.864382,1,-0.014207,18688.240234,1.049898,11642.463867,-0.000008,-0.036147,14.191300,1,-0.013302,18778.953125,1.053439,11632.887695,-0.000008,-0.036117,14.189364,2.041939,98001.421875,-13668.861328,-456.796875,-313.158203,-0.156250,0.000000,0.000000,0.000000,0.000000,0.000000,0.000000,0.000000,0.000000,0.000000
148,2.466667,0.000000,0.000311,-11.651611,0.000358,-0.000096,-8.922372,-0.000043,-0.000050,8.922342,5082.062,0,0.000000,4,2,14.266130,1,0,0,0.000477,0.999997,-0.002578,1.000000,-0.000477,0.000044,-0.000440,0.000015,0.000000,0.000000,0.000000,1,0.004681,30199.195312,-4.413026,-4134.800781,0.000006,0.008763,14.997333,1,0.005703,30349.494141,-4.406701,-3860.166504,0.000006,0.008181,14.954476,1,-0.014239,18679.925781,6.213229,11729.592773,-0.000012,-0.036417,14.267083,1,-0.013335,18770.656250,6.216814,11730.523438,-0.000012,-0.036420,14.265178,4.283463,97999.148438,-15309.116211,542.101562,347.500000,0.970703,0.000000,0.000000,0.000000,0.000000,0.000000,0.000000,0.000000,0.000000,0.000000
149,2.483333,0.000000,0.000310,-11.801147,0.000373,-0.000104,-8.973402,-0.000042,0.000050,8.973372,5109.208,0,0.000000,4,2,14.339591,1,0,0,0.000477,0.999996,-0.002583,1.000000,-0.000477,0.000043,-0.000298,0.000017,0.000000,0.000000,0.000000,1,0.004696,30196.611328,0.034819,-5149.034668,0.000004,0.009560,15.073469,1,0.005718,30346.820312,0.041094,-4872.925781,0.000004,0.008977,15.025682,1,-0.014260,18683.724609,0.643087,11475.660156,-0.000008,-0.035629,14.340550,1,-0.013356,18774.484375,0.646624,11465.433594,-0.000008,-0.035597,14.338633,1.915980,98001.906250,-12761.310547,-870.359375,269.232422,-0.347656,0.000000,0.000000,0.000000,0.000000,0.000000,0.000000,0.000000,0.000000,0.000000
150,2.500000,0.000000,0.000308,-11.951416,0.000379,-0.000090,-9.015940,-0.000040,0.000127,9.015909,5135.517,0,0.000000,4,2,14.414653,1,0,0,0.000477,0.999996,-0.002592,1.000000,-0.000477,0.000041,-0.000526,0.000018,0.000000,0.000000,0.000000,1,0.004722,30208.332031,5.095679,-3321.209229,-0.000002,0.007038,15.168671,1,0.005743,30358.455078,5.101882,-3608.932861,-0.000002,0.007648,15.115987,1,-0.014299,18670.373047,-6.052639,11699.453125,0.000002,-0.036324,14.415594,1,-0.013396,18760.865234,-6.049165,11684.593750,0.000002,-0.036278,14.413712,-1.236291,97997.687500,-16294.582031,1213.632812,-438.352539,-2.390625,0.000000,0.000000,0.000000,0.000000,0.000000,0.000000,0.000000,0.000000,0.000000
151,2.516667,0.000000,0.000306,-12.102539,0.000375,-0.000109,-9.070255,-0.000040,0.000001,9.070225,5162.398,0,0.000000,4,2,14.485859,1,0,0,0.000477,0.999996,-0.002596,1.000000,-0.000476,0.000041,-0.000208,0.000013,0.000000,0.000000,0.000000,1,0.004734,30198.699219,0.593956,-4431.946777,-0.000001,0.007912,15.229514,1,0.005754,30348.845703,0.600216,-4700.596191,-0.000001,0.008507,15.182455,1,-0.014313,18682.220703,-0.791076,11200.708984,0.000002,-0.034775,14.486774,1,-0.013410,18772.871094,-0.787551,11196.879883,0.000002,-0.034764,14.484943,0.152518,98003.078125,-13103.797852,-667.078125,-325.989258,-1.433594,0.000000,0.000000,0.000000,0.000000,0.000000,0.000000,0.000000,0.000000,0.000000
152,2.533333,0.000000,0.000305,-12.254395,0.000375,-0.000093,-9.113935,-0.000041,-0.000092,9.113904,5187.900,0,0.000000,4,2,14.561243,1,0,0,0.000476,0.999996,-0.002602,1.000000,-0.000476,0.000043,-0.000383,0.000010,0.000000,0.000000,0.000000,1,0.004753,30207.662109,-4.499101,-4744.600586,0.000003,0.008708,15.311236,1,0.005773,30357.738281,-4.492779,-4198.481934,0.000003,0.008898,15.269510,1,-0.014341,18671.943359,5.595919,11370.622070,-0.000005,-0.035303,14.562155,1,-0.013438,18762.634766,5.599500,11377.276367,-0.000005,-0.035324,14.560331,2.783766,97999.929688,-13642.011719,-218.593750,642.404297,-0.066406,0.000000,0.000000,0.000000,0.000000,0.000000,0.000000,0.000000,0.000000,0.000000
153,2.550000,0.000000,0.000303,-12.407104,0.000385,-0.000091,-9.159408,-0.000040,0.000092,9.159376,5214.898,0,0.000000,4,2,14.633203,1,0,0,0.000476,0.999996,-0.002609,1.000000,-0.000476,0.000041,-0.000440,0.000012,0.000000,0.000000,0.000000,1,0.004774,30212.841797,3.740193,-3953.067871,-0.000001,0.008378,15.398836,1,0.005795,30363.070312,3.746410,-4136.977539,-0.000001,0.008767,15.347096,1,-0.014373,18666.462891,-4.689393,11356.291992,0.000002,-0.035258,14.634132,1,-0.013471,18757.052734,-4.685906,11344.557617,0.000002,-0.035222,14.632273,-1.296678,97999.304688,-14446.371094,289.375000,-299.514648,-2.132812,0.000000,0.000000,0.000000,0.000000,0.000000,0.000000,0.000000,0.000000,0.000000
154,2.566667,0.000000,0.000302,-12.560547,0.000380,-0.000096,-9.207562,-0.000040,0.000006,9.207531,5240.669,0,0.000000,4,2,14.703989,1,0,0,0.000476,0.999996,-0.002615,1.000000,-0.000476,0.000041,-0.000364,0.000008,0.000000,0.000000,0.000000,1,0.004793,30213.019531,0.786905,-4934.588379,-0.000001,0.009150,15.471557,1,0.005813,30363.101562,0.793159,-4367.529297,-0.000001,0.009256,15.423523,1,-0.014399,18666.902344,-1.217750,11159.129883,0.000003,-0.034646,14.704899,1,-0.013497,18757.533203,-1.214230,11155.909180,0.000003,-0.034636,14.703079,-0.326645,98000.625000,-12846.754883,-568.054688,565.247070,-1.744141,0.000000,0.000000,0.000000,0.000000,0.000000,0.000000,0.000000,0.000000,0.000000
155,2.583333,0.000000,0.000300,-12.714722,0.000379,-0.000089,-9.250385,-0.000037,0.000168,9.250353,5266.021,0,0.000000,4,2,14.775486,1,0,0,0.000476,0.999996,-0.002624,1.000000,-0.000476,0.000038,-0.000513,0.000008,0.000000,0.000000,0.000000,1,0.004818,30221.675781,9.731144,-3341.344727,-0.000009,0.007081,15.562727,1,0.005837,30371.816406,9.737258,-3879.262695,-0.000009,0.008221,15.504297,1,-0.014437,18656.763672,-12.545706,11260.264648,0.000016,-0.034960,14.776393,1,-0.013536,18747.294922,-12.542305,11242.979492,0.000016,-0.034907,14.774579,-5.044166,97997.140625,-15114.919922,783.640625,-791.665039,-4.263672,0.000000,0.000000,0.000000,0.000000,0.000000,0.000000,0.000000,0.000000,0.000000
156,2.600000,0.000000,0.000299,-12.869751,0.000363,-0.000105,-9.300768,-0.000038,-0.000059,9.300735,5291.625,0,0.000000,4,2,14.844429,1,0,0,0.000476,0.999996,-0.002629,1.000000,-0.000476,0.000039,-0.000308,-0.000001,0.000000,0.000000,0.000000,1,0.004834,30216.937500,0.668362,-4387.908203,-0.000006,0.007904,15.623949,1,0.005853,30367.267578,0.674614,-4901.114746,-0.000006,0.009025,15.575864,1,-0.014459,18663.250000,-1.274363,10891.974609,0.000012,-0.033817,14.845304,1,-0.013558,18753.972656,-1.270845,10896.098633,0.000012,-0.033830,14.843554,-0.720344,98001.687500,-12329.502930,-798.187500,-583.728516,-1.527344,0.000000,0.000000,0.000000,0.000000,0.000000,0.000000,0.000000,0.000000,0.000000
157,2.616667,0.000000,0.000297,-13.025391,0.000360,-0.000092,-9.341866,-0.000042,-0.000225,9.341834,5316.316,0,0.000000,4,2,14.915895,1,0,0,0.000476,0.999996,-0.002638,1.000000,-0.000476,0.000043,-0.000517,-0.000004,0.000000,0.000000,0.000000,1,0.004859,30227.892578,-9.372530,-4023.255615,0.000004,0.008526,15.704844,1,0.005878,30378.335938,-9.366164,-3342.191162,0.000004,0.007083,15.666700,1,-0.014497,18650.576172,11.940269,11062.673828,-0.000006,-0.034347,14.916782,1,-0.013596,18741.375000,11.943896,11082.874023,-0.000006,-0.034410,14.915009,5.772100,97997.890625,-14609.050781,608.804688,882.139648,2.136719,0.000000,0.000000,0.000000,0.000000,0.000000,0.000000,0.000000,0.000000,0.000000
158,2.633333,0.000000,0.000295,-13.181885,0.000379,-0.000104,-9.390563,-0.000041,0.000027,9.390531,5341.912,0,0.000000,4,2,14.983792,1,0,0,0.000476,0.999996,-0.002644,1.000000,-0.000476,0.000042,-0.000357,0.000001,0.000000,0.000000,0.000000,1,0.004877,30225.093750,0.203608,-5026.134277,0.000002,0.009315,15.778883,1,0.005896,30375.330078,0.209865,-4351.454590,0.000002,0.007877,15.728139,1,-0.014523,18654.667969,0.552582,10772.675781,-0.000005,-0.033446,14.984727,1,-0.013622,18745.404297,0.556155,10764.985352,-0.000005,-0.033423,14.982858,2.030831,98000.609375,-11987.235352,-846.195312,697.942383,-0.181641,0.000000,0.000000,0.000000,0.000000,0.000000,0.000000,0.000000,0.000000,0.000000
159,2.650000,0.000000,0.000294,-13.339111,0.000386,-0.000094,-9.430520,-0.000037,0.000226,9.430488,5366.228,0,0.000000,4,2,15.053570,1,0,0,0.000476,0.999996,-0.002653,1.000000,-0.000476,0.000039,-0.000579,0.000003,0.000000,0.000000,0.000000,1,0.004905,30236.943359,11.593580,-3008.849365,-0.000008,0.006376,15.871775,1,0.005924,30387.273438,11.599660,-3753.799561,-0.000008,0.007955,15.808610,1,-0.014566,18641.140625,-13.954772,10962.518555,0.000013,-0.034036,15.054492,1,-0.013665,18731.800781,-13.950981,10938.605469,0.000013,-0.033962,15.052648,-4.134732,97996.734375,-14964.164062,944.562500,-1042.749023,-3.402344,0.000000,0.000000,0.000000,0.000000,0.000000,0.000000,0.000000,0.000000,0.000000
160,2.666667,0.000000,0.000292,-13.497070,0.000372,-0.000113,-9.480401,-0.000039,-0.000072,9.480368,5391.217,0,0.000000,4,2,15.119716,1,0,0,0.000476,0.999996,-0.002659,1.000000,-0.000476,0.000040,-0.000332,-0.000005,0.000000,0.000000,0.000000,1,0.004922,30230.871094,-0.328982,-4062.666992,-0.000005,0.007205,15.926746,1,0.005941,30381.314453,-0.322727,-4780.824707,-0.000005,0.008763,15.877810,1,-0.014590,18649.044922,0.690536,10536.192383,0.000007,-0.032712,15.120592,1,-0.013688,18739.919922,0.694099,10540.525391,0.000007,-0.032726,15.118840,1.213357,98001.421875,-12057.065430,-726.742188,-778.956055,-0.201172,0.000000,0.000000,0.000000,0.000000,0.000000,0.000000,0.000000,0.000000,0.000000
161,2.683333,0.000000,0.000290,-13.655762,0.000376,-0.000101,-9.520592,-0.000043,-0.000294,9.520558,5414.907,0,0.000000,4,2,15.188934,1,0,0,0.000476,0.999996,-0.002668,1.000000,-0.000476,0.000045,-0.000522,-0.000007,0.000000,0.000000,0.000000,1,0.004947,30241.107422,-13.738628,-4370.114746,0.000008,0.007969,16.001528,1,0.005967,30391.791016,-13.732248,-3340.407471,0.000008,0.007079,15.966378,1,-0.014629,18637.171875,18.067150,10679.557617,-0.000016,-0.033157,15.189823,1,-0.013727,18727.996094,18.070404,10704.597656,-0.000016,-0.033235,15.188046,9.271538,97997.812500,-13495.974609,222.867188,1343.513672,4.298828,0.000000,0.000000,0.000000,0.000000,0.000000,0.000000,0.000000,0.000000,0.000000
162,2.700000,0.000000,0.000288,-13.815186,0.000407,-0.000110,-9.565578,-0.000042,0.000089,9.565544,5439.696,0,0.000000,4,2,15.254787,1,0,0,0.000476,0.999996,-0.002675,1.000000,-0.000476,0.000043,-0.000463,0.000002,0.000000,0.000000,0.000000,1,0.004970,30242.707031,1.566847,-3936.390381,0.000004,0.008342,16.082088,1,0.005990,30392.996094,1.573302,-4286.810547,0.000004,0.007824,16.027782,1,-0.014662,18636.339844,-0.715379,10518.250977,-0.000009,-0.032657,15.255733,1,-0.013761,18727.023438,-0.711795,10503.824219,-0.000009,-0.032612,15.253842,2.259043,97999.007812,-12619.534180,-226.742188,-427.424805,-0.070312,0.000000,0.000000,0.000000,0.000000,0.000000,0.000000,0.000000,0.000000,0.000000
163,2.716667,0.000000,0.000286,-13.975342,0.000415,-0.000110,-9.607643,-0.000043,-0.000033,9.607608,5463.280,0,0.000000,4,2,15.321075,1,0,0,0.000476,0.999996,-0.002684,1.000000,-0.000476,0.000044,-0.000523,0.000001,0.000000,0.000000,0.000000,1,0.004996,30248.673828,-3.537585,-3857.054199,0.000005,0.008174,16.154495,1,0.006015,30398.945312,-3.531307,-3652.577393,0.000005,0.007741,16.107035,1,-0.014701,18629.953125,5.265232,10485.710938,-0.000012,-0.032556,15.321994,1,-0.013799,18720.701172,5.268711,10484.163086,-0.000012,-0.032551,15.320157,4.046939,97998.101562,-13279.322266,221.125000,260.529297,0.931641,0.000000,0.000000,0.000000,0.000000,0.000000,0.000000,0.000000,0.000000,0.000000
164,2.733333,0.000000,0.000284,-14.136230,0.000428,-0.000118,-9.651908,-0.000042,0.000042,9.651873,5487.021,0,0.000000,4,2,15.386025,1,0,0,0.000476,0.999996,-0.002692,1.000000,-0.000476,0.000043,-0.000465,0.000003,0.000000,0.000000,0.000000,1,0.005019,30250.121094,-0.293536,-4037.586914,0.000003,0.008557,16.225410,1,0.006039,30400.375000,-0.287135,-4582.633789,0.000003,0.008472,16.174326,1,-0.014735,18629.056641,0.846374,10317.904297,-0.000008,-0.032035,15.386945,1,-0.013833,18719.804688,0.849927,10308.872070,-0.000008,-0.032006,15.385107,1.625224,97999.382812,-11823.963867,-538.414062,-604.200195,-0.373047,0.000000,0.000000,0.000000,0.000000,0.000000,0.000000,0.000000,0.000000,0.000000
165,2.750000,0.000000,0.000283,-14.297729,0.000434,-0.000114,-9.691321,-0.000044,-0.000131,9.691285,5510.282,0,0.000000,4,2,15.451273,1,0,0,0.000476,0.999996,-0.002702,1.000000,-0.000476,0.000045,-0.000606,0.000001,0.000000,0.000000,0.000000,1,0.005048,30259.369141,-9.109189,-3626.292969,0.000009,0.007685,16.299719,1,0.006068,30409.716797,-9.103107,-3009.873779,0.000009,0.006379,16.259157,1,-0.014779,18618.773438,11.553686,10379.518555,-0.000019,-0.032226,15.452175,1,-0.013878,18709.445312,11.557279,10387.808594,-0.000019,-0.032252,15.450371,5.530621,97997.007812,-13947.073242,749.710938,797.897461,1.728516,0.000000,0.000000,0.000000,0.000000,0.000000,0.000000,0.000000,0.000000,0.000000
166,2.766667,0.000000,0.000280,-14.460083,0.000452,-0.000130,-9.737812,-0.000042,0.000097,9.737776,5533.649,0,0.000000,4,2,15.514078,1,0,0,0.000476,0.999996,-0.002709,1.000000,-0.000476,0.000044,-0.000410,0.000006,0.000000,0.000000,0.000000,1,0.005069,30255.763672,0.590226,-4614.865723,0.000005,0.008463,16.366297,1,0.006089,30405.888672,0.596669,-3999.840820,0.000005,0.007157,16.314329,1,-0.014809,18624.064453,-0.922071,10050.958984,-0.000011,-0.031206,15.515003,1,-0.013907,18714.648438,-0.918580,10035.418945,-0.000011,-0.031157,15.513153,-0.161211,98000.593750,-11285.815430,-747.828125,612.087891,-1.662109,0.000000,0.000000,0.000000,0.000000,0.000000,0.000000,0.000000,0.000000,0.000000
167,2.783333,0.000000,0.000278,-14.623169,0.000452,-0.000121,-9.775432,-0.000038,0.000272,9.775395,5556.142,0,0.000000,4,2,15.579079,1,0,0,0.000476,0.999996,-0.002719,1.000000,-0.000476,0.000039,-0.000605,0.000005,0.000000,0.000000,0.000000,1,0.005099,30266.916016,11.688997,-3050.729248,-0.000006,0.006465,16.451458,1,0.006118,30417.117188,11.695803,-3688.492920,-0.000006,0.007817,16.388170,1,-0.014853,18611.257812,-15.800354,10206.375000,0.000012,-0.031688,15.579974,1,-0.013952,18701.970703,-15.796536,10178.114258,0.000011,-0.031601,15.578183,-7.686401,97996.960938,-13457.972656,588.562500,-946.338867,-5.392578,0.000000,0.000000,0.000000,0.000000,0.000000,0.000000,0.000000,0.000000,0.000000
168,2.800000,0.000000,0.000276,-14.786865,0.000426,-0.000136,-9.820292,-0.000038,0.000002,9.820255,5579.421,0,0.000000,4,2,15.640713,1,0,0,0.000476,0.999996,-0.002726,1.000000,-0.000476,0.000039,-0.000451,-0.000005,0.000000,0.000000,0.000000,1,0.005122,30264.896484,1.999583,-4020.631592,-0.000005,0.007228,16.507217,1,0.006141,30415.304688,2.006086,-4638.593750,-0.000005,0.008564,16.456139,1,-0.014886,18614.474609,-2.514639,9898.075195,0.000008,-0.030731,15.641552,1,-0.013985,18705.261719,-2.526907,9896.073242,0.000008,-0.030725,15.639874,-0.608295,98000.109375,-10945.905273,-806.968750,-717.880859,-1.314453,0.000000,0.000000,0.000000,0.000000,0.000000,0.000000,0.000000,0.000000,0.000000
169,2.816667,0.000000,0.000274,-14.951172,0.000424,-0.000127,-9.856778,-0.000041,-0.000204,9.856742,5601.494,0,0.000000,4,2,15.704021,1,0,0,0.000476,0.999996,-0.002737,1.000000,-0.000476,0.000043,-0.000662,-0.000009,0.000000,0.000000,0.000000,1,0.005154,30277.095703,-9.328446,-3466.587891,0.000004,0.007347,16.581207,1,0.006174,30427.744141,-9.321811,-2723.954102,0.000004,0.005773,16.542025,1,-0.014935,18600.644531,11.100635,10040.148438,-0.000008,-0.031172,15.704859,1,-0.014034,18691.521484,11.088491,10057.678711,-0.000008,-0.031227,15.703182,4.122203,97996.687500,-13716.861328,881.828125,938.682617,1.583984,0.000000,0.000000,0.000000,0.000000,0.000000,0.000000,0.000000,0.000000,0.000000
170,2.833333,0.000000,0.000272,-15.116211,0.000438,-0.000145,-9.902501,-0.000040,0.000065,9.902464,5624.167,0,0.000000,4,2,15.763931,1,0,0,0.000476,0.999996,-0.002744,1.000000,-0.000476,0.000041,-0.000432,-0.000004,0.000000,0.000000,0.000000,1,0.005176,30272.328125,1.301056,-4451.240723,0.000002,0.008121,16.644783,1,0.006196,30422.806641,1.307562,-3710.082031,0.000002,0.006548,16.591805,1,-0.014966,18607.464844,-2.151438,9669.797852,-0.000002,-0.030022,15.764811,1,-0.014064,18698.289062,-2.163701,9658.912109,-0.000002,-0.029989,15.763052,-1.252031,98001.226562,-10975.191406,-682.968750,736.406250,-1.546875,0.000000,0.000000,0.000000,0.000000,0.000000,0.000000,0.000000,0.000000,0.000000
171,2.850000,0.000000,0.000269,-15.281860,0.000434,-0.000135,-9.939085,-0.000036,0.000275,9.939048,5645.623,0,0.000000,4,2,15.826523,1,0,0,0.000476,0.999996,-0.002755,1.000000,-0.000476,0.000037,-0.000610,-0.000004,0.000000,0.000000,0.000000,1,0.005206,30282.966797,13.838951,-3053.166748,-0.000010,0.006470,16.726868,1,0.006226,30433.574219,13.845234,-3993.414795,-0.000010,0.007259,16.660181,1,-0.015011,18595.279297,-18.547262,9804.601562,0.000020,-0.030441,15.827383,1,-0.014109,18686.115234,-18.559710,9777.101562,0.000020,-0.030355,15.825663,-8.968952,97997.757812,-12341.503906,239.125000,-1304.469727,-5.460938,0.000000,0.000000,0.000000,0.000000,0.000000,0.000000,0.000000,0.000000,0.000000
172,2.866667,0.000000,0.000267,-15.448242,0.000404,-0.000144,-9.980224,-0.000037,-0.000098,9.980185,5668.040,0,0.000000,4,2,15.885980,1,0,0,0.000476,0.999996,-0.002764,1.000000,-0.000476,0.000039,-0.000548,-0.000015,0.000000,0.000000,0.000000,1,0.005233,30284.804688,-1.211749,-3957.056641,-0.000005,0.007181,16.782673,1,0.006254,30435.671875,-1.205226,-3535.318848,-0.000005,0.007492,16.733900,1,-0.015051,18593.812500,-0.013206,9606.573242,0.000012,-0.029826,15.886785,1,-0.014149,18684.888672,-0.025451,9614.809570,0.000013,-0.029852,15.885175,-2.011841,97999.218750,-11533.783203,-171.031250,444.027344,-1.210938,0.000000,0.000000,0.000000,0.000000,0.000000,0.000000,0.000000,0.000000,0.000000
173,2.883333,0.000000,0.000265,-15.615234,0.000397,-0.000144,-10.018669,-0.000037,0.000029,10.018630,5689.333,0,0.000000,4,2,15.945803,1,0,0,0.000477,0.999996,-0.002774,1.000000,-0.000477,0.000038,-0.000593,-0.000016,0.000000,0.000000,0.000000,1,0.005262,30290.714844,4.024062,-3351.524658,-0.000006,0.007103,16.855469,1,0.006283,30441.652344,4.030509,-3513.907471,-0.000007,0.007447,16.798981,1,-0.015095,18587.628906,-6.086291,9570.437500,0.000015,-0.029714,15.946628,1,-0.014192,18678.830078,-6.098601,9566.278320,0.000015,-0.029701,15.944978,-3.671465,97998.812500,-12074.551758,209.773438,-279.698242,-1.882812,0.000000,0.000000,0.000000,0.000000,0.000000,0.000000,0.000000,0.000000,0.000000
174,2.900000,0.000000,0.000262,-15.782837,0.000385,-0.000150,-10.058918,-0.000038,-0.000051,10.058879,5710.758,0,0.000000,4,2,16.004421,1,0,0,0.000477,0.999996,-0.002783,1.000000,-0.000477,0.000039,-0.000538,-0.000019,0.000000,0.000000,0.000000,1,0.005289,30292.560547,0.472415,-4238.078125,-0.000004,0.007800,16.916882,1,0.006311,30443.791016,0.478920,-3653.440674,-0.000004,0.007743,16.863657,1,-0.015134,18586.000000,-1.157686,9405.567383,0.000011,-0.029202,16.005239,1,-0.014230,18677.261719,-1.169947,9408.176758,0.000011,-0.029210,16.003603,-0.959258,97999.726562,-10723.910156,-484.539062,595.388672,-0.042969,0.000000,0.000000,0.000000,0.000000,0.000000,0.000000,0.000000,0.000000,0.000000
175,2.916667,0.000000,0.000260,-15.951050,0.000382,-0.000146,-10.094665,-0.000036,0.000119,10.094625,5731.751,0,0.000000,4,2,16.063185,1,0,0,0.000477,0.999996,-0.002794,1.000000,-0.000477,0.000037,-0.000665,-0.000017,0.000000,0.000000,0.000000,1,0.005321,30301.964844,9.019128,-2747.628418,-0.000010,0.005823,16.994959,1,0.006344,30453.300781,9.025496,-3287.104004,-0.000010,0.006966,16.930965,1,-0.015183,18575.789062,-11.430034,9466.074219,0.000020,-0.029390,16.064013,1,-0.014279,18667.033203,-11.442408,9453.622070,0.000020,-0.029351,16.062357,-4.360013,97997.945312,-12685.236328,714.320312,-770.079102,-1.753906,0.000000,0.000000,0.000000,0.000000,0.000000,0.000000,0.000000,0.000000,0.000000
176,2.933333,0.000000,0.000257,-16.119995,0.000367,-0.000159,-10.136949,-0.000037,-0.000101,10.136909,5752.796,0,0.000000,4,2,16.119673,1,0,0,0.000478,0.999996,-0.002802,1.000000,-0.000478,0.000039,-0.000478,-0.000022,0.000000,0.000000,0.000000,1,0.005345,30298.912109,-0.405136,-3681.665283,-0.000006,0.006558,17.045021,1,0.006369,30450.353516,-0.398613,-4207.562988,-0.000006,0.007690,16.991365,1,-0.015217,18580.023438,0.841592,9139.598633,0.000012,-0.028376,16.120476,1,-0.014313,18671.468750,0.829347,9146.418945,0.000012,-0.028397,16.118870,1.260931,98001.054688,-10195.384766,-679.187500,-565.568359,1.539062,0.000000,0.000000,0.000000,0.000000,0.000000,0.000000,0.000000,0.000000,0.000000
177,2.950000,0.000000,0.000254,-16.289551,0.000371,-0.000149,-10.170933,-0.000042,-0.000262,10.170893,5773.027,0,0.000000,4,2,16.178076,1,0,0,0.000478,0.999996,-0.002813,1.000000,-0.000478,0.000043,-0.000655,-0.000022,0.000000,0.000000,0.000000,1,0.005377,30309.847656,-10.772120,-3327.218994,0.000005,0.007051,17.112640,1,0.006401,30461.394531,-10.765481,-2730.110596,0.000005,0.005786,17.069122,1,-0.015266,18567.746094,14.940929,9257.655273,-0.000010,-0.028743,16.178898,1,-0.014361,18659.189453,14.928795,9278.367188,-0.000010,-0.028807,16.177254,8.860655,97998.031250,-12275.934570,615.445312,832.358887,5.660156,0.000000,0.000000,0.000000,0.000000,0.000000,0.000000,0.000000,0.000000,0.000000
178,2.966667,0.000000,0.000252,-16.459717,0.000401,-0.000161,-10.211853,-0.000042,-0.000024,10.211813,5793.943,0,0.000000,4,2,16.233377,1,0,0,0.000478,0.999996,-0.002821,1.000000,-0.000478,0.000043,-0.000494,-0.000011,0.000000,0.000000,0.000000,1,0.005402,30308.068359,-1.656407,-4233.311035,0.000004,0.007764,17.173597,1,0.006427,30459.496094,-1.664629,-3632.545654,0.000004,0.006496,17.119019,1,-0.015301,18571.048828,5.534134,8984.162109,-0.000013,-0.027894,16.234247,1,-0.014396,18662.398438,5.521916,8979.808594,-0.000013,-0.027880,16.232508,8.164825,98001.328125,-9893.722656,-702.070312,681.936523,5.009766,0.000000,0.000000,0.000000,0.000000,0.000000,0.000000,0.000000,0.000000,0.000000
179,2.983333,0.000000,0.000249,-16.630493,0.000428,-0.000150,-10.244832,-0.000039,0.000170,10.244791,5813.749,0,0.000000,4,2,16.290255,1,0,0,0.000478,0.999996,-0.002832,1.000000,-0.000478,0.000041,-0.000678,-0.000002,0.000000,0.000000,0.000000,1,0.005436,30319.482422,7.975789,-2551.655029,-0.000004,0.005408,17.251585,1,0.006460,30470.533203,7.967440,-3136.168457,-0.000004,0.006646,17.185932,1,-0.015351,18558.447266,-7.502446,9118.960938,0.000001,-0.028312,16.291117,1,-0.014445,18649.679688,-7.514784,9098.991211,0.000001,-0.028250,16.289392,1.425143,97997.960938,-12324.414062,775.750000,-782.376953,0.830078,0.000000,0.000000,0.000000,0.000000,0.000000,0.000000,0.000000,0.000000,0.000000
180,3.000000,0.000000,0.000247,-16.801880,0.000433,-0.000163,-10.285913,-0.000040,-0.000053,10.285873,5834.118,0,0.000000,4,2,16.344025,1,0,0,0.000478,0.999996,-0.002840,1.000000,-0.000478,0.000041,-0.000475,-0.000004,0.000000,0.000000,0.000000,1,0.005460,30315.992188,-1.255890,-3467.547363,-0.000002,0.006128,17.297962,1,0.006485,30467.267578,-1.264122,-4040.806152,-0.000002,0.007358,17.243486,1,-0.015385,18563.527344,3.255593,8773.138672,-0.000003,-0.027238,16.344847,1,-0.014479,18654.771484,3.243266,8773.180664,-0.000003,-0.027239,16.343203,4.385789,98001.937500,-9830.598633,-632.734375,-594.803711,2.681641,0.000000,0.000000,0.000000,0.000000,0.000000,0.000000,0.000000,0.000000,0.000000
181,3.016667,0.000000,0.000244,-16.973877,0.000447,-0.000152,-10.318682,-0.000044,-0.000223,10.318640,5853.375,0,0.000000,4,2,16.399948,1,0,0,0.000478,0.999996,-0.002851,1.000000,-0.000478,0.000045,-0.000641,-0.000002,0.000000,0.000000,0.000000,1,0.005492,30326.517578,-11.766243,-3705.978027,0.000008,0.006769,17.361557,1,0.006516,30477.492188,-11.774376,-2684.796387,0.000008,0.005690,17.318100,1,-0.015432,18551.781250,16.266365,8874.901367,-0.000021,-0.027554,16.400774,1,-0.014526,18643.037109,16.253801,8890.291016,-0.000021,-0.027602,16.399122,9.483835,97998.726562,-11165.726562,257.789062,1302.043945,5.015625,0.000000,0.000000,0.000000,0.000000,0.000000,0.000000,0.000000,0.000000,0.000000
182,3.033333,0.000000,0.000241,-17.146484,0.000479,-0.000158,-10.355901,-0.000041,0.000149,10.355858,5873.403,0,0.000000,4,2,16.452963,1,0,0,0.000478,0.999996,-0.002860,1.000000,-0.000478,0.000043,-0.000573,0.000009,0.000000,0.000000,0.000000,1,0.005521,30328.619141,3.843003,-3008.702148,0.000002,0.006376,17.429632,1,0.006545,30479.351562,3.834696,-3519.480957,0.000002,0.006346,17.367142,1,-0.015473,18550.644531,-3.871328,8713.958008,-0.000009,-0.027055,16.453823,1,-0.014568,18641.607422,-3.883547,8694.131836,-0.000009,-0.026993,16.452103,0.377142,98000.351562,-10669.707031,11.445312,-642.791992,-0.431641,0.000000,0.000000,0.000000,0.000000,0.000000,0.000000,0.000000,0.000000,0.000000
183,3.050000,0.000000,0.000239,-17.319702,0.000480,-0.000157,-10.391466,-0.000042,-0.000035,10.391423,5892.390,0,0.000000,4,2,16.506371,1,0,0,0.000478,0.999996,-0.002870,1.000000,-0.000478,0.000043,-0.000570,0.000006,0.000000,0.000000,0.000000,1,0.005549,30332.667969,-3.758953,-3268.267578,0.000004,0.006926,17.484600,1,0.006573,30483.570312,-3.767178,-3123.726562,0.000004,0.006620,17.431923,1,-0.015515,18546.556641,4.600646,8614.225586,-0.000011,-0.026745,16.507191,1,-0.014609,18637.636719,4.588278,8612.326172,-0.000011,-0.026739,16.505550,2.121415,98000.578125,-10622.913086,46.992188,196.063965,0.845703,0.000000,0.000000,0.000000,0.000000,0.000000,0.000000,0.000000,0.000000,0.000000
184,3.066667,0.000000,0.000236,-17.493530,0.000487,-0.000156,-10.426876,-0.000042,0.000021,10.426832,5911.517,0,0.000000,4,2,16.559164,1,0,0,0.000478,0.999996,-0.002879,1.000000,-0.000478,0.000043,-0.000558,0.000008,0.000000,0.000000,0.000000,1,0.005578,30336.455078,-1.742728,-3251.020508,0.000004,0.006890,17.544449,1,0.006601,30487.119141,-1.750979,-3233.294678,0.000004,0.006852,17.489243,1,-0.015555,18543.017578,1.380717,8516.004883,-0.000008,-0.026440,16.559984,1,-0.014650,18633.931641,1.368400,8508.852539,-0.000008,-0.026418,16.558346,-0.302572,98000.656250,-10327.452148,-56.320312,15.111816,-0.912109,0.000000,0.000000,0.000000,0.000000,0.000000,0.000000,0.000000,0.000000,0.000000
185,3.083333,0.000000,0.000234,-17.667847,0.000486,-0.000153,-10.461301,-0.000041,0.000026,10.461257,5930.424,0,0.000000,4,2,16.611465,1,0,0,0.000478,0.999996,-0.002889,1.000000,-0.000478,0.000042,-0.000573,0.000007,0.000000,0.000000,0.000000,1,0.005606,30340.957031,-1.410045,-3171.798340,0.000004,0.006722,17.603973,1,0.006630,30491.791016,-1.418239,-3152.083008,0.000004,0.006680,17.548628,1,-0.015597,18538.121094,0.302146,8446.295898,-0.000006,-0.026224,16.612272,1,-0.014692,18629.152344,0.289842,8439.317383,-0.000006,-0.026202,16.610659,-1.797863,98000.062500,-10347.232422,29.945312,5.431152,-1.351562,0.000000,0.000000,0.000000,0.000000,0.000000,0.000000,0.000000,0.000000,0.000000
186,3.100000,0.000000,0.000231,-17.842773,0.000480,-0.000154,-10.495791,-0.000041,0.000027,10.495748,5949.155,0,0.000000,4,2,16.662931,1,0,0,0.000478,0.999996,-0.002898,1.000000,-0.000478,0.000042,-0.000565,0.000005,0.000000,0.000000,0.000000,1,0.005635,30345.064453,-1.048978,-3172.787842,0.000003,0.006724,17.662008,1,0.006658,30495.656250,-1.057151,-3153.162109,0.000003,0.006682,17.606482,1,-0.015638,18534.392578,-0.632867,8350.227539,-0.000003,-0.025925,16.663727,1,-0.014733,18625.333984,-0.645158,8343.344727,-0.000003,-0.025904,16.662136,-2.958539,98000.546875,-10151.706055,-16.890625,-4.816895,-2.361328,0.000000,0.000000,0.000000,0.000000,0.000000,0.000000,0.000000,0.000000,0.000000
187,3.116667,0.000000,0.000229,-18.018311,0.000470,-0.000152,-10.529631,-0.000040,0.000026,10.529587,5967.587,0,0.000000,4,2,16.713873,1,0,0,0.000478,0.999996,-0.002908,1.000000,-0.000478,0.000042,-0.000569,0.000002,0.000000,0.000000,0.000000,1,0.005663,30349.154297,-0.693730,-3118.947266,0.000003,0.006610,17.720062,1,0.006686,30500.029297,-0.701887,-3098.607910,0.000003,0.006567,17.664356,1,-0.015679,18530.046875,-1.320923,8268.986328,-0.000000,-0.025673,16.714657,1,-0.014774,18621.042969,-1.333251,8262.646484,-0.000000,-0.025653,16.713089,-3.630659,98000.328125,-10096.767578,24.976562,-11.831055,-2.294922,0.000000,0.000000,0.000000,0.000000,0.000000,0.000000,0.000000,0.000000,0.000000
188,3.133333,0.000000,0.000226,-18.194336,0.000458,-0.000151,-10.563287,-0.000040,0.000023,10.563242,5985.831,0,0.000000,4,2,16.764130,1,0,0,0.000478,0.999996,-0.002917,1.000000,-0.000478,0.000041,-0.000563,-0.000001,0.000000,0.000000,0.000000,1,0.005691,30353.224609,-0.358980,-3100.368164,0.000002,0.006570,17.777103,1,0.006715,30504.212891,-0.367125,-3080.205078,0.000002,0.006528,17.721201,1,-0.015720,18526.048828,-1.755000,8176.776855,0.000002,-0.025387,16.764900,1,-0.014815,18617.183594,-1.767331,8171.208008,0.000002,-0.025370,16.763359,-3.838951,98000.781250,-9948.708984,5.851562,-16.870117,-2.115234,0.000000,0.000000,0.000000,0.000000,0.000000,0.000000,0.000000,0.000000,0.000000
189,3.150000,0.000000,0.000224,-18.370972,0.000445,-0.000149,-10.596449,-0.000040,0.000018,10.596404,6003.830,0,0.000000,4,2,16.813835,1,0,0,0.000478,0.999996,-0.002926,1.000000,-0.000478,0.000041,-0.000561,-0.000004,0.000000,0.000000,0.000000,1,0.005719,30357.167969,-0.062661,-3058.339111,0.000001,0.006481,17.833796,1,0.006743,30508.171875,-0.070801,-3037.816895,0.000001,0.006438,17.777699,1,-0.015761,18522.074219,-1.928274,8091.807617,0.000003,-0.025123,16.814596,1,-0.014856,18613.144531,-1.940608,8086.826660,0.000003,-0.025108,16.813074,-3.599049,98000.632812,-9862.400391,19.218750,-19.039062,-2.046875,0.000000,0.000000,0.000000,0.000000,0.000000,0.000000,0.000000,0.000000,0.000000
190,3.166667,0.000000,0.000221,-18.548096,0.000433,-0.000147,-10.629324,-0.000039,0.000012,10.629278,6021.631,0,0.000000,4,2,16.862921,1,0,0,0.000478,0.999996,-0.002936,1.000000,-0.000478,0.000041,-0.000556,-0.000007,0.000000,0.000000,0.000000,1,0.005747,30360.851562,0.195205,-3031.615723,0.000001,0.006425,17.889698,1,0.006770,30511.984375,0.187067,-3011.381592,0.000001,0.006382,17.833397,1,-0.015801,18518.123047,-1.871091,8002.568848,0.000004,-0.024846,16.863674,1,-0.014896,18609.423828,-1.883425,7998.231445,0.000004,-0.024833,16.862167,-2.975816,98000.421875,-9736.357422,1.039062,-19.393066,-1.310547,0.000000,0.000000,0.000000,0.000000,0.000000,0.000000,0.000000,0.000000,0.000000
191,3.183333,0.000000,0.000219,-18.725830,0.000424,-0.000146,-10.661778,-0.000039,0.000007,10.661732,6039.210,0,0.000000,4,2,16.911446,1,0,0,0.000478,0.999996,-0.002945,1.000000,-0.000478,0.000041,-0.000556,-0.000009,0.000000,0.000000,0.000000,1,0.005774,30365.023438,0.395369,-2994.981445,0.000000,0.006347,17.945097,1,0.006798,30516.193359,0.387230,-2974.731934,0.000000,0.006304,17.888597,1,-0.015842,18514.042969,-0.836775,7916.825684,0.000003,-0.024580,16.912191,1,-0.014936,18605.304688,-0.840915,7913.074219,0.000003,-0.024568,16.910700,-0.503513,98000.625000,-9637.386719,10.367188,-10.144531,-0.013672,0.000000,0.000000,0.000000,0.000000,0.000000,0.000000,0.000000,0.000000,0.000000
192,3.200000,0.000000,0.000216,-18.904053,0.000422,-0.000145,-10.693903,-0.000039,0.000004,10.693856,6056.589,0,0.000000,4,2,16.959381,1,0,0,0.000478,0.999995,-0.002954,1.000000,-0.000478,0.000041,-0.000553,-0.000009,0.000000,0.000000,0.000000,1,0.005802,30369.101562,0.532542,-2964.852539,-0.000000,0.006283,17.999807,1,0.006826,30520.195312,0.524391,-2945.313232,-0.000000,0.006242,17.943108,1,-0.015882,18510.041016,-0.053131,7829.844727,0.000000,-0.024310,16.960121,1,-0.014976,18601.324219,-0.053401,7826.267090,0.000000,-0.024299,16.958641,1.336775,98000.734375,-9521.802734,15.375000,-4.008301,0.882812,0.000000,0.000000,0.000000,0.000000,0.000000,0.000000,0.000000,0.000000,0.000000
193,3.216667,0.000000,0.000214,-19.082886,0.000426,-0.000143,-10.725642,-0.000039,0.000003,10.725595,6073.756,0,0.000000,4,2,17.006758,1,0,0,0.000478,0.999995,-0.002963,1.000000,-0.000478,0.000041,-0.000549,-0.000008,0.000000,0.000000,0.000000,1,0.005829,30372.732422,0.587873,-2930.749756,-0.000001,0.006211,18.053951,1,0.006854,30524.177734,0.579723,-2911.777832,-0.000001,0.006171,17.997063,1,-0.015922,18506.201172,-0.000591,7744.788086,0.000000,-0.024046,17.007492,1,-0.015016,18597.509766,-0.000601,7741.346191,0.000000,-0.024035,17.006023,1.548124,98000.671875,-9418.130859,4.882812,-4.118164,1.447266,0.000000,0.000000,0.000000,0.000000,0.000000,0.000000,0.000000,0.000000,0.000000
194,3.233333,0.000000,0.000211,-19.262207,0.000432,-0.000141,-10.757036,-0.000039,0.000001,10.756989,6090.723,0,0.000000,4,2,17.053564,1,0,0,0.000478,0.999995,-0.002972,1.000000,-0.000478,0.000040,-0.000548,-0.000006,0.000000,0.000000,0.000000,1,0.005857,30376.740234,0.564298,-2899.664551,-0.000001,0.006145,18.107454,1,0.006881,30528.033203,0.556148,-2880.911621,-0.000001,0.006105,18.050385,1,-0.015962,18502.246094,0.003313,7659.534668,-0.000000,-0.023781,17.054293,1,-0.015056,18593.501953,0.003302,7656.107910,-0.000000,-0.023770,17.052835,1.504056,98000.546875,-9308.268555,5.609375,-3.970703,1.162109,0.000000,0.000000,0.000000,0.000000,0.000000,0.000000,0.000000,0.000000,0.000000
195,3.250000,0.000000,0.000209,-19.442017,0.000437,-0.000139,-10.788064,-0.000039,0.000000,10.788016,6107.486,0,0.000000,4,2,17.099817,1,0,0,0.000479,0.999995,-0.002981,1.000000,-0.000478,0.000040,-0.000546,-0.000004,0.000000,0.000000,0.000000,1,0.005884,30380.636719,0.291118,-2867.123291,-0.000001,0.006076,18.160374,1,0.006909,30531.962891,0.292568,-2848.596680,-0.000001,0.006037,18.103125,1,-0.016002,18498.302734,0.013877,7575.388672,-0.000000,-0.023520,17.100538,1,-0.015096,18589.648438,0.013866,7572.249512,-0.000000,-0.023510,17.099096,0.984103,98000.578125,-9203.810547,8.242188,-2.184082,1.013672,0.000000,0.000000,0.000000,0.000000,0.000000,0.000000,0.000000,0.000000,0.000000
196,3.266667,0.000000,0.000207,-19.622314,0.000440,-0.000138,-10.818744,-0.000039,-0.000000,10.818696,6124.051,0,0.000000,4,2,17.145515,1,0,0,0.000479,0.999995,-0.002990,1.000000,-0.000478,0.000040,-0.000544,-0.000003,0.000000,0.000000,0.000000,1,0.005911,30384.738281,0.271656,-2836.089355,-0.000001,0.006010,18.212681,1,0.006936,30535.876953,0.273107,-2817.850586,-0.000001,0.005972,18.155254,1,-0.016042,18494.296875,0.021680,7491.713867,-0.000000,-0.023260,17.146233,1,-0.015135,18585.587891,0.021670,7488.383789,-0.000000,-0.023250,17.144798,0.956491,98000.515625,-9096.750000,11.531250,-2.295898,0.695312,0.000000,0.000000,0.000000,0.000000,0.000000,0.000000,0.000000,0.000000,0.000000
197,3.283333,0.000000,0.000205,-19.803101,0.000443,-0.000136,-10.849066,-0.000039,-0.000001,10.849017,6140.417,0,0.000000,4,2,17.190670,1,0,0,0.000479,0.999995,-0.003000,1.000000,-0.000478,0.000041,-0.000541,-0.000002,0.000000,0.000000,0.000000,1,0.005937,30388.298828,0.179064,-2804.250244,-0.000001,0.005943,18.264404,1,0.006963,30539.548828,0.180515,-2786.242432,-0.000001,0.005905,18.206804,1,-0.016081,18490.441406,0.038947,7409.007324,-0.000000,-0.023003,17.191383,1,-0.015175,18581.667969,0.038937,7405.651367,-0.000000,-0.022993,17.189957,0.801799,97999.890625,-8993.470703,12.796875,-1.710938,0.681641,0.000000,0.000000,0.000000,0.000000,0.000000,0.000000,0.000000,0.000000,0.000000
198,3.300000,0.000000,0.000202,-19.984375,0.000446,-0.000137,-10.879044,-0.000039,-0.000001,10.878995,6156.589,0,0.000000,4,2,17.235281,1,0,0,0.000479,0.999995,-0.003008,1.000000,-0.000479,0.000041,-0.000538,-0.000001,0.000000,0.000000,0.000000,1,0.005964,30392.347656,0.077172,-2773.466064,-0.000000,0.005878,18.315531,1,0.006989,30543.503906,0.078623,-2755.596191,-0.000000,0.005840,18.257759,1,-0.016120,18486.687500,0.057917,7326.768066,-0.000000,-0.022748,17.235989,1,-0.015214,18577.990234,0.057908,7323.484375,-0.000000,-0.022738,17.234573,0.631955,98000.562500,-8889.218750,14.210938,-0.862793,0.548828,0.000000,0.000000,0.000000,0.000000,0.000000,0.000000,0.000000,0.000000,0.000000
199,3.316667,0.000000,0.000200,-20.166138,0.000448,-0.000135,-10.908674,-0.000039,-0.000002,10.908625,6172.565,0,0.000000,4,2,17.279356,1,0,0,0.000479,0.999995,-0.003017,1.000000,-0.000479,0.000041,-0.000534,-0.000000,0.000000,0.000000,0.000000,1,0.005991,30396.191406,-0.019426,-2742.590820,-0.000000,0.005812,18.366077,1,0.007016,30547.347656,-0.017974,-2725.019043,-0.000000,0.005775,18.308136,1,-0.016159,18482.968750,0.073985,7245.295410,-0.000000,-0.022495,17.280058,1,-0.015253,18574.207031,0.073977,7241.944336,-0.000000,-0.022484,17.278654,0.466996,98000.765625,-8786.392578,15.796875,-0.376465,0.392578,0.000000,0.000000,0.000000,0.000000,0.000000,0.000000,0.000000,0.000000,0.000000
200,3.333333,0.000000,0.000198,-20.348389,0.000449,-0.000133,-10.937963,-0.000039,-0.000002,10.937912,6188.350,0,0.000000,4,2,17.322903,1,0,0,0.000479,0.999995,-0.003026,1.000000,-0.000479,0.000041,-0.000530,0.000000,0.000000,0.000000,0.000000,1,0.006017,30399.792969,-0.106581,-2711.924561,-0.000000,0.005747,18.416044,1,0.007042,30550.949219,-0.105128,-2694.648926,-0.000000,0.005711,18.357937,1,-0.016198,18479.132812,0.091442,7164.512207,-0.000000,-0.022244,17.323601,1,-0.015292,18570.373047,0.091434,7161.122559,-0.000000,-0.022234,17.322205,0.323762,98000.218750,-8684.570312,17.343750,0.097656,0.316406,0.000000,0.000000,0.000000,0.000000,0.000000,0.000000,0.000000,0.000000,0.000000
201,3.350000,0.000000,0.000196,-20.531128,0.000450,-0.000133,-10.966911,-0.000039,-0.000002,10.966861,6203.946,0,0.000000,4,2,17.365925,1,0,0,0.000479,0.999995,-0.003035,1.000000,-0.000478,0.000041,-0.000525,0.000001,0.000000,0.000000,0.000000,1,0.006043,30403.453125,-0.179510,-2681.718506,0.000000,0.005683,18.465435,1,0.007069,30554.611328,-0.178052,-2664.661865,0.000000,0.005647,18.407164,1,-0.016236,18475.615234,0.108424,7084.617676,-0.000000,-0.021996,17.366617,1,-0.015330,18566.779297,0.108413,7081.158691,-0.000000,-0.021985,17.365234,0.208065,98000.468750,-8583.662109,15.343750,0.541992,0.167969,0.000000,0.000000,0.000000,0.000000,0.000000,0.000000,0.000000,0.000000,0.000000
202,3.366667,0.000000,0.000193,-20.714355,0.000451,-0.000132,-10.995523,-0.000039,-0.000002,10.995472,6219.354,0,0.000000,4,2,17.408428,1,0,0,0.000479,0.999995,-0.003044,1.000000,-0.000478,0.000041,-0.000521,0.000001,0.000000,0.000000,0.000000,1,0.006069,30407.191406,-0.233107,-2651.585205,0.000000,0.005619,18.514257,1,0.007095,30558.347656,-0.231651,-2634.668457,0.000000,0.005584,18.455826,1,-0.016274,18471.851562,0.123999,7005.255371,-0.000000,-0.021750,17.409113,1,-0.015368,18563.080078,0.123987,7001.868164,-0.000000,-0.021739,17.407743,0.128239,98000.476562,-8483.904297,14.171875,1.082520,0.197266,0.000000,0.000000,0.000000,0.000000,0.000000,0.000000,0.000000,0.000000,0.000000
203,3.383333,0.000000,0.000191,-20.898071,0.000452,-0.000130,-11.023803,-0.000039,-0.000001,11.023751,6234.576,0,0.000000,4,2,17.450418,1,0,0,0.000479,0.999995,-0.003052,1.000000,-0.000478,0.000041,-0.000518,0.000001,0.000000,0.000000,0.000000,1,0.006095,30410.912109,-0.265331,-2621.970459,0.000000,0.005557,18.562513,1,0.007120,30561.957031,-0.263876,-2605.261230,0.000000,0.005521,18.503922,1,-0.016312,18468.253906,0.131579,6926.736328,-0.000000,-0.021506,17.451097,1,-0.015406,18559.482422,0.131568,6923.312988,-0.000000,-0.021495,17.449739,0.075148,98000.640625,-8384.630859,15.117188,1.258301,0.027344,0.000000,0.000000,0.000000,0.000000,0.000000,0.000000,0.000000,0.000000,0.000000
204,3.400000,0.000000,0.000189,-21.082275,0.000452,-0.000129,-11.051751,-0.000039,-0.000001,11.051700,6249.614,0,0.000000,4,2,17.491903,1,0,0,0.000479,0.999995,-0.003061,1.000000,-0.000478,0.000041,-0.000514,0.000001,0.000000,0.000000,0.000000,1,0.006121,30414.390625,-0.276599,-2592.467529,0.000000,0.005494,18.610212,1,0.007146,30565.640625,-0.275144,-2575.915283,0.000000,0.005459,18.551464,1,-0.016349,18464.615234,0.085993,6848.969238,-0.000000,-0.021264,17.492575,1,-0.015443,18555.765625,0.086414,6845.649902,-0.000000,-0.021254,17.491232,-0.041925,98000.406250,-8286.840820,17.265625,1.011230,0.136719,0.000000,0.000000,0.000000,0.000000,0.000000,0.000000,0.000000,0.000000,0.000000
205,3.416667,0.000000,0.000187,-21.266968,0.000452,-0.000128,-11.079374,-0.000039,-0.000001,11.079323,6264.471,0,0.000000,4,2,17.532887,1,0,0,0.000479,0.999995,-0.003069,1.000000,-0.000478,0.000041,-0.000509,0.000001,0.000000,0.000000,0.000000,1,0.006146,30418.041016,-0.231417,-2563.411377,0.000000,0.005432,18.657356,1,0.007171,30569.085938,-0.269052,-2547.133301,0.000000,0.005398,18.598452,1,-0.016386,18461.076172,0.085164,6772.075684,-0.000000,-0.021026,17.533554,1,-0.015480,18552.292969,0.085583,6768.582520,-0.000000,-0.021015,17.532219,0.003876,98000.507812,-8189.519531,13.117188,0.585938,-0.023438,0.000000,0.000000,0.000000,0.000000,0.000000,0.000000,0.000000,0.000000,0.000000
206,3.433333,0.000000,0.000185,-21.452026,0.000452,-0.000126,-11.106672,-0.000039,-0.000000,11.106620,6279.148,0,0.000000,4,2,17.573374,1,0,0,0.000479,0.999995,-0.003078,1.000000,-0.000478,0.000041,-0.000506,0.000001,0.000000,0.000000,0.000000,1,0.006171,30421.673828,-0.091051,-2534.325684,0.000000,0.005371,18.703955,1,0.007196,30572.699219,-0.091501,-2518.183838,0.000000,0.005337,18.644897,1,-0.016423,18457.421875,0.117849,6695.800293,-0.000000,-0.020789,17.574034,1,-0.015517,18548.636719,0.118268,6692.441895,-0.000000,-0.020778,17.572714,0.383390,98000.437500,-8093.952148,16.585938,0.177246,0.152344,0.000000,0.000000,0.000000,0.000000,0.000000,0.000000,0.000000,0.000000,0.000000
207,3.450000,0.000000,0.000183,-21.637573,0.000453,-0.000125,-11.133652,-0.000039,-0.000000,11.133599,6293.648,0,0.000000,4,2,17.613371,1,0,0,0.000478,0.999995,-0.003086,1.000000,-0.000478,0.000041,-0.000501,0.000002,0.000000,0.000000,0.000000,1,0.006196,30424.951172,-0.093217,-2505.933838,0.000000,0.005311,18.750006,1,0.007221,30576.074219,-0.093678,-2489.863525,0.000000,0.005277,18.690798,1,-0.016460,18454.007812,0.087903,6620.382324,-0.000000,-0.020555,17.614025,1,-0.015554,18545.146484,0.088336,6616.969727,-0.000000,-0.020544,17.612717,0.315369,98000.132812,-7998.597656,16.140625,-0.040039,0.156250,0.000000,0.000000,0.000000,0.000000,0.000000,0.000000,0.000000,0.000000,0.000000
208,3.466667,0.000000,0.000181,-21.823608,0.000454,-0.000125,-11.160314,-0.000039,-0.000000,11.160260,6307.973,0,0.000000,4,2,17.652885,1,0,0,0.000478,0.999995,-0.003094,1.000000,-0.000478,0.000041,-0.000497,0.000002,0.000000,0.000000,0.000000,1,0.006221,30428.607422,-0.091772,-2477.611572,0.000000,0.005251,18.795525,1,0.007246,30579.617188,-0.092230,-2461.821533,0.000000,0.005217,18.736164,1,-0.016496,18450.488281,0.092255,6545.686035,-0.000000,-0.020323,17.653534,1,-0.015590,18541.691406,0.092709,6542.351562,-0.000000,-0.020312,17.652237,0.323241,98000.406250,-7904.482910,18.570312,-0.059082,0.089844,0.000000,0.000000,0.000000,0.000000,0.000000,0.000000,0.000000,0.000000,0.000000
209,3.483333,0.000000,0.000179,-22.010010,0.000455,-0.000124,-11.186662,-0.000039,-0.000000,11.186607,6322.124,0,0.000000,4,2,17.691921,1,0,0,0.000478,0.999995,-0.003103,1.000000,-0.000478,0.000041,-0.000492,0.000002,0.000000,0.000000,0.000000,1,0.006246,30432.041016,-0.090638,-2449.607666,0.000000,0.005191,18.840509,1,0.007270,30583.144531,-0.091090,-2433.962646,0.000000,0.005158,18.781000,1,-0.016532,18447.070312,0.098389,6471.895020,-0.000000,-0.020094,17.692564,1,-0.015626,18538.197266,0.098876,6468.470215,-0.000000,-0.020083,17.691278,0.334117,98000.468750,-7811.519043,26.554688,-0.078613,0.128906,0.000000,0.000000,0.000000,0.000000,0.000000,0.000000,0.000000,0.000000,0.000000
210,3.500000,0.000000,0.000177,-22.196899,0.000456,-0.000123,-11.212700,-0.000039,-0.000000,11.212646,6336.104,0,0.000000,4,2,17.730484,1,0,0,0.000478,0.999995,-0.003111,1.000000,-0.000478,0.000041,-0.000485,0.000002,0.000000,0.000000,0.000000,1,0.006270,30435.326172,-0.096642,-2421.997070,0.000000,0.005133,18.884968,1,0.007294,30586.318359,-0.097126,-2406.481201,0.000000,0.005100,18.825312,1,-0.016567,18443.763672,0.102302,6398.796875,-0.000000,-0.019867,17.731123,1,-0.015661,18534.957031,0.102808,6395.331055,-0.000000,-0.019856,17.729845,0.326250,98000.359375,-7719.230469,25.421875,-0.016113,0.058594,0.000000,0.000000,0.000000,0.000000,0.000000,0.000000,0.000000,0.000000,0.000000
211,3.516667,0.000000,0.000175,-22.384155,0.000457,-0.000122,-11.238431,-0.000039,-0.000000,11.238376,6349.915,0,0.000000,4,2,17.768581,1,0,0,0.000478,0.999995,-0.003119,1.000000,-0.000478,0.000041,-0.000479,0.000002,0.000000,0.000000,0.000000,1,0.006294,30438.558594,-0.093432,-2394.633301,0.000000,0.005075,18.928907,1,0.007318,30589.644531,-0.093900,-2379.338135,0.000000,0.005042,18.869104,1,-0.016602,18440.582031,0.105417,6326.506348,-0.000000,-0.019642,17.769213,1,-0.015696,18531.621094,0.105937,6323.091309,-0.000000,-0.019632,17.767950,0.335299,98000.406250,-7628.075195,25.171875,-0.024414,0.011719,0.000000,0.000000,0.000000,0.000000,0.000000,0.000000,0.000000,0.000000,0.000000
212,3.533333,0.000000,0.000172,-22.571899,0.000458,-0.000121,-11.263858,-0.000039,-0.000000,11.263803,6363.559,1,0.000000,4,3,24.678305,1,0,0,0.000478,0.999995,-0.003127,1.000000,-0.000478,0.000041,-0.000472,0.000002,0.000000,0.000000,0.000000,1,0.006317,30441.738281,-0.091404,-2367.362793,0.000000,0.005017,18.972334,1,0.007342,30592.824219,-0.091863,-2352.279541,0.000000,0.004985,18.912386,1,-0.016636,18437.384766,0.055679,36874.769531,-0.000000,-0.095326,24.679173,1,-0.015731,18528.552734,0.056247,37057.105469,-0.000000,-0.095297,24.677437,2.743414,98000.515625,-68963.562500,32524.593750,40.746094,1.429688,0.000000,0.000000,0.000000,0.000000,0.000000,0.000000,0.000000,0.000000,0.000000
213,3.550000,0.000000,0.000165,-22.763550,0.000468,-0.000440,-11.493736,-0.000039,0.000011,11.493686,6363.559,1,0.000000,4,3,23.797668,1,0,0,0.000478,0.999995,-0.002993,1.000000,-0.000478,0.000041,0.008036,0.000003,0.000000,0.000000,0.000000,1,0.005958,30086.292969,0.473804,-7423.642578,-0.000000,0.008994,19.015247,1,0.006983,30237.156250,0.473338,-7401.931641,-0.000000,0.008957,18.955156,1,-0.016010,18857.666016,-0.649411,35829.566406,0.000001,-0.111242,23.798880,1,-0.015104,18948.833984,-0.648881,36002.785156,0.000001,-0.111780,23.796457,1.951170,98150.304688,-56747.851562,19291.960938,61.773438,0.582031,0.000000,0.000000,0.000000,0.000000,0.000000,0.000000,0.000000,0.000000,0.000000
214,3.566667,0.000000,0.000162,-22.958252,0.000474,-0.000204,-11.682896,-0.000039,0.000028,11.682852,6241.180,1,0.000000,4,3,22.942013,1,0,0,0.000478,0.999996,-0.002775,1.000000,-0.000478,0.000040,0.013085,0.000004,0.000000,0.000000,0.000000,1,0.005366,29813.919922,1.572081,-11633.689453,-0.000001,0.014807,19.153206,1,0.006390,29964.859375,1.571598,-11604.285156,-0.000001,0.014761,19.093153,1,-0.014997,19167.812500,-2.176155,36418.843750,0.000003,-0.113072,22.943537,1,-0.014091,19258.904297,-2.175639,36591.917969,0.000003,-0.113609,22.940489,0.771853,98234.515625,-49505.265625,10536.187500,69.953125,-0.080078,0.000000,0.000000,0.000000,0.000000,0.000000,0.000000,0.000000,0.000000,0.000000
215,3.583333,0.000000,0.000168,-23.155762,0.000477,0.000358,-11.847913,-0.000038,0.000048,11.847875,6097.093,1,0.000000,4,3,22.072336,1,0,0,0.000478,0.999997,-0.002510,1.000000,-0.000478,0.000039,0.015843,0.000003,0.000000,0.000000,0.000000,1,0.004638,29599.291016,3.116979,-15179.726562,-0.000003,0.021252,19.370302,1,0.005662,29750.212891,3.116594,-15136.261719,-0.000003,0.021188,19.310396,1,-0.013781,19399.962891,-4.346328,36859.929688,0.000007,-0.114441,22.074158,1,-0.012876,19491.042969,-4.345748,37032.980469,0.000007,-0.114978,22.070515,-0.766924,98270.460938,-43301.792969,3618.335938,73.492188,-0.896484,0.000000,0.000000,0.000000,0.000000,0.000000,0.000000,0.000000,0.000000,0.000000
216,3.600000,0.000000,0.000186,-23.355591,0.000474,0.001089,-11.992252,-0.000037,0.000069,11.992220,5930.766,1,0.000000,4,3,21.192163,1,0,0,0.000478,0.999997,-0.002231,1.000000,-0.000478,0.000038,0.016792,0.000002,0.000000,0.000000,0.000000,1,0.003854,29439.994141,5.102627,-17729.212891,-0.000006,0.027310,19.654057,1,0.004878,29591.009766,5.102307,-17666.164062,-0.000006,0.027220,19.594244,1,-0.012505,19561.361328,-7.116896,38960.050781,0.000012,-0.120961,21.194265,1,-0.011599,19652.503906,-7.116400,39132.894531,0.000012,-0.121498,21.190062,-2.425984,98270.781250,-42415.695312,692.382812,61.828125,-1.503906,0.000000,0.000000,0.000000,0.000000,0.000000,0.000000,0.000000,0.000000,0.000000
217,3.616667,0.000000,0.000217,-23.557739,0.000466,0.001850,-12.133638,-0.000035,0.000087,12.133612,5741.844,1,0.000000,4,3,20.262014,1,0,0,0.000478,0.999998,-0.001948,1.000000,-0.000478,0.000036,0.016976,0.000001,0.000000,0.000000,0.000000,1,0.003050,29304.660156,7.335465,-19423.970703,-0.000010,0.032452,19.985735,1,0.004074,29455.675781,7.334990,-19337.656250,-0.000010,0.032328,19.925798,1,-0.011227,19690.771484,-10.195860,31993.644531,0.000020,-0.099332,20.264378,1,-0.010321,19781.916016,-10.195400,32168.113281,0.000020,-0.099874,20.259653,-4.812120,98252.976562,-25111.570312,-10389.632812,86.859375,-2.654297,0.000000,0.000000,0.000000,0.000000,0.000000,0.000000,0.000000,0.000000,0.000000
218,3.633333,0.000000,0.000261,-23.761353,0.000450,0.002669,-12.217343,-0.000033,0.000112,12.217320,5527.425,1,0.000000,4,3,19.497631,1,0,0,0.000478,0.999998,-0.001710,1.000000,-0.000478,0.000034,0.014261,-0.000002,0.000000,0.000000,0.000000,1,0.002355,29289.431641,10.359535,-11484.694336,-0.000014,0.024339,20.349270,1,0.003379,29440.449219,10.358994,-11398.649414,-0.000014,0.024157,20.288874,1,-0.010172,19676.482422,-14.208643,25289.923828,0.000029,-0.078519,19.500261,1,-0.009266,19767.626953,-14.208036,25466.201172,0.000029,-0.079066,19.495001,-6.754601,98181.507812,-27580.226562,-8700.046875,21.835938,-7.087891,0.000000,0.000000,0.000000,0.000000,0.000000,0.000000,0.000000,0.000000,0.000000
219,3.650000,0.000000,0.000316,-23.966553,0.000427,0.003269,-12.309278,-0.000031,0.000118,12.309258,5302.023,1,0.000000,4,3,18.892759,1,0,0,0.000478,0.999999,-0.001510,1.000000,-0.000478,0.000032,0.011987,-0.000012,0.000000,0.000000,0.000000,1,0.001754,29274.666016,12.997986,-9235.766602,-0.000019,0.019573,20.563566,1,0.002779,29426.019531,12.997386,-9142.767578,-0.000019,0.019376,20.502237,1,-0.009302,19663.732422,-17.489698,22185.572266,0.000038,-0.074941,18.895674,1,-0.008397,19755.105469,-17.489054,22304.640625,0.000038,-0.075423,18.889845,-8.153460,98117.289062,-25814.703125,-9326.406250,-66.095703,-4.589844,0.000000,0.000000,0.000000,0.000000,0.000000,0.000000,0.000000,0.000000,0.000000
220,3.666667,0.000000,0.000377,-24.173096,0.000400,0.003693,-12.395327,-0.000030,0.000099,12.395309,5071.394,1,0.000000,4,3,18.362446,1,0,0,0.000479,0.999999,-0.001351,1.000000,-0.000479,0.000030,0.009548,-0.000018,0.000000,0.000000,0.000000,1,0.001257,29283.625000,14.497438,-8129.899902,-0.000023,0.017229,20.735588,1,0.002282,29435.365234,14.497060,-8050.832031,-0.000023,0.017062,20.673061,1,-0.008628,19626.263672,-19.126078,14897.228516,0.000046,-0.064292,18.365526,1,-0.007722,19717.824219,-19.125591,14992.507812,0.000046,-0.064705,18.359367,-8.849449,98052.296875,-13407.863281,-15191.421875,-101.622070,-4.154297,0.000000,0.000000,0.000000,0.000000,0.000000,0.000000,0.000000,0.000000,0.000000
221,3.683333,0.000000,0.000444,-24.380493,0.000371,0.003990,-12.440020,-0.000029,0.000070,12.440004,4832.985,1,0.000000,4,3,18.005861,1,0,0,0.000479,0.999999,-0.001258,1.000000,-0.000479,0.000029,0.005574,-0.000023,0.000000,0.000000,0.000000,1,0.000936,29375.621094,15.246222,-5135.609375,-0.000027,0.010884,20.886822,1,0.001962,29527.578125,15.245667,-5050.815918,-0.000027,0.010704,20.823294,1,-0.008265,19494.455078,-14.313517,7549.741211,0.000044,-0.049129,18.009081,1,-0.007358,19586.154297,-14.380514,7621.030273,0.000045,-0.049470,18.002642,1.934536,97962.250000,-4681.028320,-17636.570312,-62.755859,2.072266,0.000000,0.000000,0.000000,0.000000,0.000000,0.000000,0.000000,0.000000,0.000000
222,3.700000,0.000000,0.000511,-24.588013,0.000377,0.004056,-12.455623,-0.000028,0.000053,12.455608,4600.956,1,0.000000,4,3,17.824417,1,0,0,0.000479,0.999999,-0.001242,1.000000,-0.000479,0.000028,0.000960,-0.000020,0.000000,0.000000,0.000000,1,0.000824,29524.691406,9.267324,-2261.109619,-0.000020,0.004792,20.981771,1,0.001851,29676.660156,9.314710,-2193.802002,-0.000020,0.004649,20.916952,1,-0.008259,19302.408203,-11.362539,795.755859,0.000035,-0.031810,17.827755,1,-0.007351,19394.101562,-11.416299,842.494141,0.000035,-0.032079,17.821079,-4.285867,97866.179688,3120.740723,-18652.000000,-31.114319,-1.150391,0.000000,0.000000,0.000000,0.000000,0.000000,0.000000,0.000000,0.000000,0.000000
223,3.716667,0.000000,0.000576,-24.795532,0.000363,0.003860,-12.445220,-0.000027,0.000044,12.445205,4382.097,1,0.000000,4,3,17.803995,1,0,0,0.000480,0.999999,-0.001308,1.000000,-0.000480,0.000028,-0.003921,-0.000021,0.000000,0.000000,0.000000,1,0.000938,29720.167969,8.064442,-2157.655518,-0.000017,0.004710,21.022688,1,0.001966,29872.353516,8.105477,-2078.385986,-0.000017,0.004558,20.956736,1,-0.008626,19064.070312,-9.226967,-4782.934082,0.000029,-0.014491,17.807428,1,-0.007717,19155.900391,-9.271249,-4761.224609,0.000029,-0.014684,17.800562,-2.718171,97772.367188,14083.771484,-20668.171875,8.273926,0.121094,0.000000,0.000000,0.000000,0.000000,0.000000,0.000000,0.000000,0.000000,0.000000
224,3.733333,0.000000,0.000633,-25.002075,0.000354,0.003417,-12.398274,-0.000026,0.000047,12.398256,4181.101,1,0.000000,4,3,17.916632,1,0,0,0.000480,0.999999,-0.001463,1.000000,-0.000480,0.000027,-0.009330,-0.000021,0.000000,0.000000,0.000000,1,0.001306,29975.460938,8.598128,-574.919189,-0.000018,0.003414,21.061659,1,0.002334,30127.658203,8.641493,-506.970337,-0.000018,0.003265,20.994341,1,-0.009403,18764.597656,-9.701096,-8597.055664,0.000030,0.000796,17.920134,1,-0.008493,18856.423828,-9.748398,-8600.726562,0.000030,0.000678,17.913130,-2.711082,97676.437500,18580.957031,-18268.351562,-27.110352,0.109375,0.000000,0.000000,0.000000,0.000000,0.000000,0.000000,0.000000,0.000000,0.000000
225,3.750000,0.000000,0.000677,-25.207642,0.000345,0.002678,-12.336338,-0.000026,0.000039,12.336315,3999.840,1,0.000000,4,3,18.120337,1,0,0,0.000480,0.999998,-0.001698,1.000000,-0.000480,0.000026,-0.014112,-0.000020,0.000000,0.000000,0.000000,1,0.001904,30245.943359,7.247149,1518.149780,-0.000015,0.000953,21.070879,1,0.002934,30398.246094,7.283404,1569.695801,-0.000015,0.000818,21.002314,1,-0.010535,18458.031250,-8.086627,-10701.349609,0.000025,0.012833,18.123871,1,-0.009626,18549.917969,-8.126750,-10729.955078,0.000025,0.012792,18.116804,-2.175619,97600.625000,18641.742188,-13453.203125,-48.086914,0.517578,0.000000,0.000000,0.000000,0.000000,0.000000,0.000000,0.000000,0.000000,0.000000
226,3.766667,0.000000,0.000705,-25.412354,0.000338,0.001678,-12.274199,-0.000025,0.000026,12.274171,3836.454,1,0.000000,4,3,18.374416,1,0,0,0.000481,0.999998,-0.001992,1.000000,-0.000481,0.000026,-0.017635,-0.000020,0.000000,0.000000,0.000000,1,0.002680,30500.472656,4.708354,3657.553467,-0.000010,-0.002278,21.040754,1,0.003710,30652.880859,4.731965,3688.142090,-0.000010,-0.002387,20.971125,1,-0.011923,18180.597656,-5.277454,-11299.839844,0.000016,0.021092,18.377939,1,-0.011013,18272.695312,-5.304246,-11352.556641,0.000016,0.021127,18.370895,-1.549412,97556.085938,15601.986328,-7481.445312,-62.438477,1.082031,0.000000,0.000000,0.000000,0.000000,0.000000,0.000000,0.000000,0.000000,0.000000
227,3.783333,0.000000,0.000713,-25.615967,0.000332,0.000493,-12.222192,-0.000025,0.000008,12.222157,3687.181,1,0.000000,4,3,18.643026,1,0,0,0.000481,0.999997,-0.002319,1.000000,-0.000481,0.000026,-0.019597,-0.000019,0.000000,0.000000,0.000000,1,0.003565,30717.333984,1.362437,5423.084961,-0.000003,-0.005698,20.970413,1,0.004595,30869.734375,1.369225,5429.485352,-0.000003,-0.005772,20.899988,1,-0.013443,17956.562500,-1.643024,-10705.860352,0.000005,0.025601,18.646486,1,-0.012532,18048.515625,-1.651420,-10781.412109,0.000005,0.025710,18.639566,-0.848886,97547.273438,10927.490234,-1542.468750,-70.157227,1.109375,0.000000,0.000000,0.000000,0.000000,0.000000,0.000000,0.000000,0.000000,0.000000
228,3.800000,0.000000,0.000701,-25.818970,0.000330,-0.000775,-12.185767,-0.000025,-0.000012,12.185727,3547.118,1,0.000000,4,3,18.897772,1,0,0,0.000481,0.999996,-0.002652,1.000000,-0.000481,0.000027,-0.020005,-0.000017,0.000000,0.000000,0.000000,1,0.004489,30885.050781,0.706102,6514.100586,-0.000002,-0.008707,20.866886,1,0.005520,31037.539062,0.712876,6494.983398,-0.000002,-0.008738,20.796013,1,-0.014973,17797.121094,-0.786451,-2897.220459,0.000004,0.008995,18.901115,1,-0.014061,17889.199219,-0.794857,-3083.322266,0.000004,0.009573,18.894430,0.016188,97573.750000,-6737.496094,10247.148438,-230.738281,1.601562,0.000000,0.000000,0.000000,0.000000,0.000000,0.000000,0.000000,0.000000,0.000000
229,3.816667,0.000000,0.000666,-26.022461,0.000330,-0.002085,-12.208225,-0.000027,-0.000078,12.208178,3595.587,1,0.000000,4,3,19.253300,1,0,0,0.000482,0.999996,-0.002941,1.000000,-0.000481,0.000028,-0.017328,-0.000016,0.000000,0.000000,0.000000,1,0.005313,30927.345703,-2.990639,5870.489258,0.000001,-0.010093,20.742849,1,0.006345,31079.921875,-2.983956,5829.059570,0.000001,-0.010080,20.671946,1,-0.016274,17789.365234,4.205912,-978.374268,-0.000002,0.006784,19.256302,1,-0.015362,17881.425781,4.197590,-1217.933960,-0.000002,0.007423,19.250298,2.686759,97659.312500,-9211.121094,11518.195312,-243.603149,2.865234,0.000000,0.000000,0.000000,0.000000,0.000000,0.000000,0.000000,0.000000,0.000000
230,3.833333,0.000000,0.000613,-26.226440,0.000339,-0.003164,-12.238929,-0.000029,-0.000148,12.238877,3663.232,1,0.000000,4,3,19.562347,1,0,0,0.000482,0.999995,-0.003180,1.000000,-0.000482,0.000031,-0.014318,-0.000014,0.000000,0.000000,0.000000,1,0.006018,30936.744141,-8.087865,4434.178711,0.000007,-0.009835,20.630911,1,0.007050,31089.296875,-8.081325,4376.018066,0.000007,-0.009781,20.560436,1,-0.017326,17818.478516,11.245761,2123.719971,-0.000014,0.001818,19.564878,1,-0.016413,17910.511719,11.237530,1874.965088,-0.000014,0.002507,19.559818,6.697235,97751.359375,-12515.291992,12677.734375,-182.797485,4.693359,0.000000,0.000000,0.000000,0.000000,0.000000,0.000000,0.000000,0.000000,0.000000
231,3.850000,0.000000,0.000547,-26.431152,0.000361,-0.003994,-12.280646,-0.000032,-0.000200,12.280591,3722.032,1,0.000000,4,3,19.796350,1,0,0,0.000482,0.999994,-0.003363,1.000000,-0.000482,0.000034,-0.011004,-0.000008,0.000000,0.000000,0.000000,1,0.006586,30912.191406,-13.585709,2324.366699,0.000015,-0.008013,20.545973,1,0.007618,31064.589844,-13.579350,2256.324463,0.000015,-0.007925,20.476328,1,-0.018108,17885.343750,18.918951,5256.134766,-0.000031,-0.004914,19.798372,1,-0.017195,17977.414062,18.910801,5002.330078,-0.000031,-0.004188,19.794329,11.160162,97849.742188,-14543.562500,12602.476562,-98.888672,6.693359,0.000000,0.000000,0.000000,0.000000,0.000000,0.000000,0.000000,0.000000,0.000000
232,3.866667,0.000000,0.000471,-26.636719,0.000398,-0.004544,-12.329124,-0.000036,-0.000229,12.329065,3766.555,1,0.000000,4,3,19.954817,1,0,0,0.000482,0.999994,-0.003491,1.000000,-0.000482,0.000038,-0.007709,0.000000,0.000000,0.000000,0.000000,1,0.007013,30863.652344,-18.897039,-168.256104,0.000024,-0.004906,20.500692,1,0.008045,31015.863281,-18.890285,-238.219482,0.000024,-0.004796,20.432192,1,-0.018627,17975.443359,26.236732,8160.534180,-0.000050,-0.012494,19.956308,1,-0.017714,18067.242188,26.228237,7905.455566,-0.000050,-0.011744,19.953325,15.260746,97943.812500,-15361.580078,11540.859375,-4.789062,9.750000,0.000000,0.000000,0.000000,0.000000,0.000000,0.000000,0.000000,0.000000,0.000000
233,3.883333,0.000000,0.000391,-26.843018,0.000449,-0.004817,-12.380330,-0.000040,-0.000230,12.380269,3796.706,1,0.000000,4,3,20.043447,1,0,0,0.000482,0.999994,-0.003570,1.000000,-0.000482,0.000042,-0.004690,0.000013,0.000000,0.000000,0.000000,1,0.007307,30801.945312,-23.527866,-2733.176025,0.000034,-0.000935,20.502268,1,0.008339,30953.708984,-23.521675,-2796.958740,0.000034,-0.000816,20.435097,1,-0.018908,18075.406250,32.275597,10654.291016,-0.000068,-0.020135,20.044399,1,-0.017996,18167.041016,32.267395,10401.332031,-0.000068,-0.019372,20.042496,18.130383,98028.265625,-15225.075195,9871.609375,88.457031,10.371094,0.000000,0.000000,0.000000,0.000000,0.000000,0.000000,0.000000,0.000000,0.000000
234,3.900000,0.000000,0.000310,-27.050171,0.000509,-0.004834,-12.431080,-0.000043,-0.000205,12.431016,3813.569,1,0.000000,4,3,20.072289,1,0,0,0.000481,0.999993,-0.003605,1.000000,-0.000481,0.000045,-0.002108,0.000027,0.000000,0.000000,0.000000,1,0.007484,30735.429688,-27.031197,-5086.024902,0.000043,0.003413,20.552057,1,0.008515,30886.675781,-27.025150,-5136.125977,0.000043,0.003527,20.486254,1,-0.018989,18175.056641,36.304245,12623.960938,-0.000085,-0.027210,20.072701,1,-0.018078,18266.271484,36.296059,12376.123047,-0.000085,-0.026444,20.071877,19.198959,98099.140625,-14475.050781,7903.632812,169.112305,9.722656,0.000000,0.000000,0.000000,0.000000,0.000000,0.000000,0.000000,0.000000,0.000000
235,3.916667,0.000000,0.000233,-27.258179,0.000573,-0.004631,-12.479330,-0.000046,-0.000157,12.479265,3819.057,1,0.000000,4,3,20.054058,1,0,0,0.000481,0.999993,-0.003605,1.000000,-0.000480,0.000048,-0.000039,0.000041,0.000000,0.000000,0.000000,1,0.007564,30670.005859,-29.120636,-7002.562012,0.000050,0.007654,20.646074,1,0.008593,30820.662109,-29.114262,-7033.036133,0.000050,0.007750,20.581522,1,-0.018915,18267.072266,30.408895,14015.871094,-0.000094,-0.033262,20.053942,1,-0.018005,18357.964844,30.561136,13775.731445,-0.000095,-0.032504,20.054174,3.378340,98154.031250,-13450.768555,5930.453125,159.894531,0.212891,0.000000,0.000000,0.000000,0.000000,0.000000,0.000000,0.000000,0.000000,0.000000
236,3.933333,0.000000,0.000162,-27.466919,0.000585,-0.004252,-12.524166,-0.000048,-0.000111,12.524100,3815.588,1,0.000000,4,3,20.002699,1,0,0,0.000480,0.999993,-0.003580,1.000000,-0.000480,0.000050,0.001514,0.000041,0.000000,0.000000,0.000000,1,0.007567,30609.562500,-21.203913,-8338.932617,0.000045,0.011373,20.776117,1,0.008595,30760.009766,-21.309408,-8344.968750,0.000045,0.011438,20.712561,1,-0.018726,18347.255859,22.172026,10934.954102,-0.000069,-0.033950,20.002071,1,-0.017817,18438.089844,22.282299,11025.007812,-0.000069,-0.034230,20.003326,2.188450,98193.390625,-4968.627930,197.843750,399.549805,-0.736328,0.000000,0.000000,0.000000,0.000000,0.000000,0.000000,0.000000,0.000000,0.000000
237,3.950000,0.000000,0.000100,-27.675903,0.000592,-0.003706,-12.540729,-0.000048,0.000003,12.540661,3805.816,1,0.000000,4,3,20.020971,1,0,0,0.000479,0.999993,-0.003554,1.000000,-0.000479,0.000050,0.001567,0.000042,0.000000,0.000000,0.000000,1,0.007558,30599.000000,-20.880827,-8495.819336,0.000045,0.013835,20.931282,1,0.008584,30749.123047,-20.986326,-8478.521484,0.000045,0.013862,20.868340,1,-0.018543,18363.068359,22.086830,10767.672852,-0.000069,-0.033431,20.020535,1,-0.017635,18453.708984,22.197102,10840.432617,-0.000069,-0.033657,20.021408,2.631876,98198.906250,-4325.517578,-358.773438,407.151367,-1.072266,0.000000,0.000000,0.000000,0.000000,0.000000,0.000000,0.000000,0.000000,0.000000
238,3.966667,0.000000,0.000048,-27.885132,0.000601,-0.003138,-12.555147,-0.000046,0.000119,12.555081,3809.293,1,0.000000,4,3,20.043344,1,0,0,0.000479,0.999994,-0.003529,1.000000,-0.000478,0.000048,0.001476,0.000042,0.000000,0.000000,0.000000,1,0.007544,30592.869141,-14.727757,-4824.142578,0.000040,0.010224,21.089396,1,0.008568,30742.763672,-14.833303,-4681.381348,0.000040,0.009921,21.026638,1,-0.018376,18370.828125,13.789835,10766.947266,-0.000059,-0.033429,20.043062,1,-0.017470,18461.335938,13.900053,10824.597656,-0.000059,-0.033608,20.043627,-1.311124,98196.914062,-11777.063477,3493.054688,395.962891,-3.523438,0.000000,0.000000,0.000000,0.000000,0.000000,0.000000,0.000000,0.000000,0.000000
239,3.983333,0.000000,0.000004,-28.095093,0.000596,-0.002615,-12.594404,-0.000042,0.000232,12.594337,3813.550,1,0.000000,4,3,20.065809,1,0,0,0.000478,0.999994,-0.003490,1.000000,-0.000478,0.000044,0.002391,0.000039,0.000000,0.000000,0.000000,1,0.007479,30543.119141,-6.687358,-3904.760986,0.000030,0.008275,21.178490,1,0.008502,30692.898438,-6.793015,-3859.675049,0.000030,0.008180,21.113331,1,-0.018148,18427.324219,2.531304,9876.398438,-0.000040,-0.030664,20.065651,1,-0.017243,18517.625000,2.641422,9915.978516,-0.000040,-0.030787,20.065968,-7.797094,98207.578125,-11717.049805,2567.953125,124.750000,-7.263672,0.000000,0.000000,0.000000,0.000000,0.000000,0.000000,0.000000,0.000000,0.000000
240,4.000000,0.000000,-0.000030,-28.305542,0.000570,-0.002051,-12.633461,-0.000038,0.000268,12.633393,3817.823,1,0.000000,4,3,20.109575,1,0,0,0.000477,0.999994,-0.003439,1.000000,-0.000477,0.000039,0.003065,0.000030,0.000000,0.000000,0.000000,1,0.007374,30495.953125,-0.666192,-3671.127686,0.000020,0.007780,21.250301,1,0.008396,30645.968750,-0.771976,-3646.161133,0.000020,0.007727,21.184528,1,-0.017877,18477.533203,-6.325256,9469.250000,-0.000018,-0.029400,20.109501,1,-0.016973,18568.070312,-6.214768,9500.375000,-0.000018,-0.029496,20.109650,-13.535748,98210.984375,-11339.513672,1590.054688,-19.596680,-9.667969,0.000000,0.000000,0.000000,0.000000,0.000000,0.000000,0.000000,0.000000,0.000000
241,4.016667,0.000000,-0.000054,-28.516724,0.000525,-0.001469,-12.671259,-0.000033,0.000262,12.671192,3826.151,1,0.000000,4,3,20.162922,1,0,0,0.000477,0.999994,-0.003381,1.000000,-0.000477,0.000035,0.003483,0.000016,0.000000,0.000000,0.000000,1,0.007240,30453.291016,4.004209,-3525.491455,0.000009,0.007471,21.317722,1,0.008262,30603.388672,3.898975,-3500.475342,0.000009,0.007418,21.251699,1,-0.017583,18519.027344,-13.118420,9326.402344,0.000004,-0.028956,20.162914,1,-0.016680,18609.708984,-13.008325,9354.078125,0.000004,-0.029042,20.162930,-17.831207,98204.859375,-11339.815430,926.851562,-111.407227,-15.337891,0.000000,0.000000,0.000000,0.000000,0.000000,0.000000,0.000000,0.000000,0.000000
242,4.033333,0.000000,-0.000069,-28.728516,0.000466,-0.000897,-12.709059,-0.000029,0.000230,12.708991,3836.301,1,0.000000,4,3,20.219452,1,0,0,0.000477,0.999994,-0.003318,1.000000,-0.000477,0.000031,0.003728,-0.000005,0.000000,0.000000,0.000000,1,0.007085,30413.628906,7.544976,-3487.607178,-0.000000,0.007391,21.382406,1,0.008107,30564.628906,7.439805,-3460.286133,0.000000,0.007333,21.316122,1,-0.017281,18554.273438,-17.666138,9256.168945,0.000023,-0.028738,20.219503,1,-0.016377,18645.365234,-17.556122,9283.099609,0.000022,-0.028822,20.219400,-19.890715,98193.085938,-11274.798828,324.945312,-170.262695,-12.501953,0.000000,0.000000,0.000000,0.000000,0.000000,0.000000,0.000000,0.000000,0.000000
243,4.050000,0.000000,-0.000075,-28.941040,0.000399,-0.000353,-12.746641,-0.000026,0.000182,12.746574,3847.057,1,0.000000,4,3,20.277390,1,0,0,0.000478,0.999995,-0.003255,1.000000,-0.000477,0.000028,0.003814,-0.000022,0.000000,0.000000,0.000000,1,0.006917,30378.335938,9.923212,-3460.097168,-0.000008,0.007333,21.446377,1,0.007939,30529.837891,9.817598,-3429.845703,-0.000008,0.007269,21.379787,1,-0.016981,18583.162109,-19.958929,9225.823242,0.000037,-0.028644,20.277498,1,-0.016077,18674.507812,-19.848640,9253.427734,0.000037,-0.028730,20.277281,-19.753866,98176.742188,-11270.856445,-146.367188,-201.048828,-11.480469,0.000000,0.000000,0.000000,0.000000,0.000000,0.000000,0.000000,0.000000,0.000000
244,4.066667,0.000000,-0.000073,-29.154053,0.000334,0.000150,-12.784210,-0.000024,0.000124,12.784144,3858.080,1,0.000000,4,3,20.335758,1,0,0,0.000478,0.999995,-0.003192,1.000000,-0.000478,0.000026,0.003778,-0.000039,0.000000,0.000000,0.000000,1,0.006741,30347.025391,11.273316,-3449.264404,-0.000014,0.007310,21.509830,1,0.007765,30498.984375,11.167998,-3417.359619,-0.000014,0.007242,21.442879,1,-0.016693,18605.851562,-20.094408,9205.109375,0.000047,-0.028580,20.335926,1,-0.015788,18697.716797,-19.984337,9234.116211,0.000046,-0.028670,20.335590,-17.347672,98156.203125,-11252.269531,-523.421875,-206.790039,-9.031250,0.000000,0.000000,0.000000,0.000000,0.000000,0.000000,0.000000,0.000000,0.000000
245,4.083333,0.000000,-0.000063,-29.367798,0.000276,0.000598,-12.821718,-0.000023,0.000065,12.821653,3869.186,1,0.000000,4,3,20.394316,1,0,0,0.000479,0.999995,-0.003131,1.000000,-0.000479,0.000025,0.003643,-0.000051,0.000000,0.000000,0.000000,1,0.006564,30319.394531,11.732884,-3439.578857,-0.000018,0.007289,21.573080,1,0.007590,30472.423828,11.627547,-3407.071533,-0.000018,0.007220,21.505735,1,-0.016423,18623.318359,-9.681575,9190.434570,0.000030,-0.028534,20.394545,1,-0.015516,18715.466797,-9.729589,9220.777344,0.000030,-0.028628,20.394087,4.227381,98133.195312,-11242.345703,-818.296875,-111.875977,4.041016,0.000000,0.000000,0.000000,0.000000,0.000000,0.000000,0.000000,0.000000,0.000000
246,4.100000,0.000000,-0.000046,-29.582153,0.000290,0.000984,-12.859193,-0.000023,0.000033,12.859130,3880.327,1,0.000000,4,3,20.452915,1,0,0,0.000480,0.999995,-0.003074,1.000000,-0.000480,0.000024,0.003430,-0.000046,0.000000,0.000000,0.000000,1,0.006391,30296.853516,9.507321,-3430.803223,-0.000020,0.007271,21.636148,1,0.007419,30449.529297,11.210940,-3402.031982,-0.000020,0.007210,21.568398,1,-0.016176,18635.916016,-4.509863,9178.174805,0.000014,-0.028496,20.453211,1,-0.015267,18728.144531,-4.532097,9207.602539,0.000014,-0.028587,20.452620,11.947067,98109.453125,-11228.839844,-1043.156250,-61.588867,7.771484,0.000000,0.000000,0.000000,0.000000,0.000000,0.000000,0.000000,0.000000,0.000000
247,4.116667,0.000000,-0.000025,-29.797119,0.000330,0.001304,-12.896623,-0.000022,0.000016,12.896560,3891.477,1,0.000000,4,3,20.511524,1,0,0,0.000480,0.999995,-0.003021,1.000000,-0.000480,0.000024,0.003158,-0.000036,0.000000,0.000000,0.000000,1,0.006225,30278.009766,2.706479,-3422.960938,-0.000006,0.007254,21.699051,1,0.007254,30430.671875,2.720039,-3397.219482,-0.000006,0.007200,21.630964,1,-0.015954,18644.083984,-3.130779,9167.223633,0.000010,-0.028462,20.511883,1,-0.015045,18736.304688,-3.146229,9194.947266,0.000010,-0.028548,20.511166,-0.584293,98084.867188,-11215.999023,-1188.406250,-11.858398,1.126953,0.000000,0.000000,0.000000,0.000000,0.000000,0.000000,0.000000,0.000000,0.000000
248,4.133333,0.000000,0.000001,-30.012695,0.000328,0.001556,-12.934010,-0.000022,0.000012,12.933948,3902.628,1,0.000000,4,3,20.570118,1,0,0,0.000481,0.999995,-0.002974,1.000000,-0.000481,0.000024,0.002848,-0.000034,0.000000,0.000000,0.000000,1,0.006068,30262.683594,1.987360,-3416.148682,-0.000004,0.007240,21.761806,1,0.007098,30415.632812,1.997443,-3393.120361,-0.000004,0.007191,21.693441,1,-0.015761,18648.326172,-2.517813,9156.855469,0.000008,-0.028430,20.570538,1,-0.014850,18740.589844,-2.530303,9181.944336,0.000008,-0.028508,20.569698,-0.799986,98060.242188,-11201.646484,-1288.382812,-7.634766,1.431641,0.000000,0.000000,0.000000,0.000000,0.000000,0.000000,0.000000,0.000000,0.000000
249,4.150000,0.000000,0.000030,-30.228760,0.000325,0.001740,-12.971349,-0.000022,0.000010,12.971288,3913.776,1,0.000000,4,3,20.628691,1,0,0,0.000481,0.999996,-0.002932,1.000000,-0.000481,0.000023,0.002511,-0.000032,0.000000,0.000000,0.000000,1,0.005924,30251.259766,1.573367,-3410.651611,-0.000003,0.007228,21.824434,1,0.006956,30404.177734,1.581267,-3388.622070,-0.000003,0.007181,21.755840,1,-0.015597,18649.201172,-2.097081,9146.504883,0.000007,-0.028398,20.629166,1,-0.014685,18741.496094,-2.107489,9169.250977,0.000007,-0.028468,20.628216,-0.789023,98036.921875,-11186.702148,-1315.406250,-4.747070,1.451172,0.000000,0.000000,0.000000,0.000000,0.000000,0.000000,0.000000,0.000000,0.000000
250,4.166667,0.000000,0.000061,-30.445557,0.000322,0.001858,-13.008637,-0.000022,0.000009,13.008575,3924.921,1,0.000000,4,3,20.687239,1,0,0,0.000482,0.999996,-0.002896,1.000000,-0.000482,0.000023,0.002168,-0.000030,0.000000,0.000000,0.000000,1,0.005794,30242.894531,1.337638,-3405.983643,-0.000003,0.007218,21.886959,1,0.006826,30396.083984,1.344440,-3384.277588,-0.000003,0.007172,21.818155,1,-0.015462,18647.466797,-1.824391,9136.259766,0.000006,-0.028366,20.687763,1,-0.014549,18739.933594,-1.833420,9156.958984,0.000006,-0.028430,20.686714,-0.716952,98015.492188,-11171.279297,-1317.023438,-3.202148,2.025391,0.000000,0.000000,0.000000,0.000000,0.000000,0.000000,0.000000,0.000000,0.000000
251,4.183333,0.000000,0.000093,-30.662964,0.000320,0.001914,-13.045875,-0.000022,0.000008,13.045816,3936.060,1,0.000000,4,3,20.745752,1,0,0,0.000482,0.999996,-0.002865,1.000000,-0.000482,0.000023,0.001823,-0.000027,0.000000,0.000000,0.000000,1,0.005678,30237.558594,1.157536,-3401.566162,-0.000002,0.007209,21.949396,1,0.006712,30390.699219,1.163423,-3380.078369,-0.000002,0.007163,21.880388,1,-0.015353,18643.474609,-1.654469,9126.047852,0.000005,-0.028334,20.746325,1,-0.014440,18735.972656,-1.662663,9144.649414,0.000005,-0.028392,20.745180,-0.739333,97995.593750,-11155.472656,-1278.570312,-2.849609,1.990234,0.000000,0.000000,0.000000,0.000000,0.000000,0.000000,0.000000,0.000000,0.000000
252,4.200000,0.000000,0.000125,-30.880981,0.000318,0.001914,-13.083059,-0.000022,0.000007,13.083001,3947.193,1,0.000000,4,3,20.804228,1,0,0,0.000483,0.999996,-0.002841,1.000000,-0.000483,0.000023,0.001489,-0.000025,0.000000,0.000000,0.000000,1,0.005578,30234.849609,1.018416,-3397.668213,-0.000002,0.007200,22.011749,1,0.006613,30388.132812,1.023543,-3376.224854,-0.000002,0.007155,21.942541,1,-0.015271,18638.009766,-1.492065,9115.833984,0.000005,-0.028302,20.804840,1,-0.014356,18730.451172,-1.499451,9132.654297,0.000005,-0.028355,20.803616,-0.694482,97978.664062,-11139.110352,-1216.640625,-2.298828,2.130859,0.000000,0.000000,0.000000,0.000000,0.000000,0.000000,0.000000,0.000000,0.000000
253,4.216667,0.000000,0.000156,-31.099609,0.000315,0.001866,-13.120190,-0.000021,0.000006,13.120132,3958.319,1,0.000000,4,3,20.862661,1,0,0,0.000483,0.999996,-0.002821,1.000000,-0.000483,0.000023,0.001170,-0.000022,0.000000,0.000000,0.000000,1,0.005493,30234.615234,0.904046,-3393.891602,-0.000002,0.007192,22.074030,1,0.006528,30387.814453,0.908596,-3372.464844,-0.000002,0.007147,22.004622,1,-0.015212,18631.046875,-1.363420,9105.604492,0.000004,-0.028271,20.863314,1,-0.014297,18723.484375,-1.370172,9120.718750,0.000004,-0.028318,20.862009,-0.667493,97963.914062,-11122.575195,-1114.203125,-2.095703,2.031250,0.000000,0.000000,0.000000,0.000000,0.000000,0.000000,0.000000,0.000000,0.000000
254,4.233333,0.000000,0.000186,-31.318848,0.000313,0.001775,-13.157265,-0.000021,0.000006,13.157208,3969.437,1,0.000000,4,3,20.921049,1,0,0,0.000484,0.999996,-0.002807,1.000000,-0.000483,0.000023,0.000879,-0.000019,0.000000,0.000000,0.000000,1,0.005423,30235.994141,0.810175,-3390.389404,-0.000002,0.007185,22.136240,1,0.006459,30389.410156,0.814253,-3369.073242,-0.000002,0.007140,22.066631,1,-0.015174,18623.593750,-1.240706,9095.506836,0.000004,-0.028239,20.921736,1,-0.014258,18716.091797,-1.246858,9109.227539,0.000004,-0.028282,20.920362,-0.611162,97952.218750,-11105.970703,-1013.226562,-1.863281,2.396484,0.000000,0.000000,0.000000,0.000000,0.000000,0.000000,0.000000,0.000000,0.000000
255,4.250000,0.000000,0.000213,-31.538818,0.000311,0.001649,-13.194284,-0.000021,0.000005,13.194228,3980.546,1,0.000000,4,3,20.979383,1,0,0,0.000484,0.999996,-0.002796,1.000000,-0.000484,0.000023,0.000613,-0.000016,0.000000,0.000000,0.000000,1,0.005368,30239.105469,0.707649,-3386.924561,-0.000001,0.007178,22.198383,1,0.006404,30392.308594,0.711208,-3365.667236,-0.000002,0.007133,22.128576,1,-0.015155,18615.644531,-1.143775,9085.433594,0.000004,-0.028208,20.980101,1,-0.014238,18708.203125,-1.149479,9097.909180,0.000004,-0.028247,20.978666,-0.623779,97942.875000,-11089.538086,-904.585938,-1.625977,2.179688,0.000000,0.000000,0.000000,0.000000,0.000000,0.000000,0.000000,0.000000,0.000000
256,4.266667,0.000000,0.000238,-31.759399,0.000309,0.001496,-13.231250,-0.000021,0.000005,13.231194,3991.645,1,0.000000,4,3,21.037659,1,0,0,0.000484,0.999996,-0.002790,1.000000,-0.000484,0.000023,0.000376,-0.000013,0.000000,0.000000,0.000000,1,0.005325,30243.431641,0.639751,-3383.625732,-0.000001,0.007171,22.260462,1,0.006362,30396.705078,0.642968,-3362.269043,-0.000001,0.007125,22.190458,1,-0.015151,18607.529297,-1.046925,9075.377930,0.000003,-0.028177,21.038406,1,-0.014234,18699.994141,-1.052142,9086.538086,0.000003,-0.028211,21.036911,-0.566981,97936.015625,-11072.893555,-787.109375,-1.472656,2.185547,0.000000,0.000000,0.000000,0.000000,0.000000,0.000000,0.000000,0.000000,0.000000
257,4.283333,0.000000,0.000260,-31.980591,0.000307,0.001322,-13.268160,-0.000021,0.000004,13.268104,4002.733,1,0.000000,4,3,21.095873,1,0,0,0.000484,0.999996,-0.002787,1.000000,-0.000484,0.000022,0.000169,-0.000010,0.000000,0.000000,0.000000,1,0.005296,30248.830078,0.574191,-3380.289795,-0.000001,0.007164,22.322477,1,0.006333,30402.062500,0.577077,-3359.007080,-0.000001,0.007119,22.252275,1,-0.015160,18599.585938,-0.962008,9065.402344,0.000003,-0.028146,21.096647,1,-0.014243,18692.087891,-0.966807,9075.486328,0.000003,-0.028177,21.095098,-0.529332,97931.953125,-11056.546875,-669.679688,-1.403320,2.181641,0.000000,0.000000,0.000000,0.000000,0.000000,0.000000,0.000000,0.000000,0.000000
258,4.300000,0.000000,0.000279,-32.202393,0.000305,0.001136,-13.305015,-0.000021,0.000004,13.304959,4013.809,1,0.000000,4,3,21.154020,1,0,0,0.000484,0.999996,-0.002787,1.000000,-0.000484,0.000022,-0.000007,-0.000007,0.000000,0.000000,0.000000,1,0.005277,30254.826172,0.510823,-3376.926758,-0.000001,0.007157,22.384432,1,0.006314,30407.998047,0.513387,-3355.650146,-0.000001,0.007111,22.314032,1,-0.015180,18592.017578,-0.881933,9055.507812,0.000003,-0.028115,21.154819,1,-0.014262,18684.476562,-0.886331,9064.547852,0.000003,-0.028143,21.153221,-0.496894,97929.851562,-11040.514648,-555.460938,-1.288086,2.066406,0.000000,0.000000,0.000000,0.000000,0.000000,0.000000,0.000000,0.000000,0.000000
259,4.316667,0.000000,0.000295,-32.424805,0.000304,0.000943,-13.341816,-0.000021,0.000004,13.341761,4024.872,1,0.000000,4,3,21.212097,1,0,0,0.000484,0.999996,-0.002790,1.000000,-0.000484,0.000022,-0.000153,-0.000004,0.000000,0.000000,0.000000,1,0.005268,30261.449219,0.457966,-3373.601562,-0.000001,0.007149,22.446321,1,0.006306,30414.658203,0.460262,-3352.341309,-0.000001,0.007104,22.375725,1,-0.015207,18584.931641,-0.805525,9045.578125,0.000003,-0.028084,21.212919,1,-0.014290,18677.339844,-0.809542,9053.642578,0.000003,-0.028109,21.211275,-0.450656,97930.250000,-11024.391602,-445.109375,-1.209961,2.058594,0.000000,0.000000,0.000000,0.000000,0.000000,0.000000,0.000000,0.000000,0.000000
260,4.333333,0.000000,0.000307,-32.647827,0.000302,0.000749,-13.378564,-0.000021,0.000003,13.378510,4035.923,1,0.000000,4,3,21.270102,1,0,0,0.000484,0.999996,-0.002794,1.000000,-0.000484,0.000022,-0.000270,-0.000002,0.000000,0.000000,0.000000,1,0.005268,30268.205078,0.404753,-3370.320312,-0.000001,0.007143,22.508150,1,0.006305,30421.226562,0.406783,-3349.052002,-0.000001,0.007097,22.437355,1,-0.015240,18578.492188,-0.736069,9035.666992,0.000002,-0.028054,21.270943,1,-0.014323,18670.835938,-0.739737,9042.948242,0.000002,-0.028076,21.269260,-0.418990,97931.968750,-11008.431641,-343.859375,-0.985352,1.753906,0.000000,0.000000,0.000000,0.000000,0.000000,0.000000,0.000000,0.000000,0.000000
261,4.350000,0.000000,0.000317,-32.871460,0.000301,0.000560,-13.415258,-0.000021,0.000003,13.415204,4046.959,1,0.000000,4,3,21.328028,1,0,0,0.000484,0.999996,-0.002800,1.000000,-0.000484,0.000022,-0.000360,0.000001,0.000000,0.000000,0.000000,1,0.005275,30275.109375,0.375412,-3366.900879,-0.000001,0.007135,22.569916,1,0.006312,30428.128906,0.377294,-3345.704590,-0.000001,0.007090,22.498922,1,-0.015278,18572.623047,-0.671295,9025.736328,0.000002,-0.028023,21.328888,1,-0.014360,18664.890625,-0.674640,9032.262695,0.000002,-0.028043,21.327168,-0.348787,97935.343750,-10992.655273,-248.968750,-0.992188,1.695312,0.000000,0.000000,0.000000,0.000000,0.000000,0.000000,0.000000,0.000000,0.000000
262,4.366667,0.000000,0.000323,-33.095703,0.000300,0.000379,-13.451900,-0.000021,0.000003,13.451847,4057.980,1,0.000000,4,3,21.385874,1,0,0,0.000484,0.999996,-0.002807,1.000000,-0.000484,0.000022,-0.000426,0.000003,0.000000,0.000000,0.000000,1,0.005288,30281.759766,0.336969,-3363.238525,-0.000001,0.007128,22.631618,1,0.006325,30434.667969,0.338659,-3342.224121,-0.000001,0.007083,22.560427,1,-0.015317,18567.658203,-0.611362,9015.852539,0.000002,-0.027992,21.386751,1,-0.014399,18659.990234,-0.614398,9021.726562,0.000002,-0.028010,21.384996,-0.306464,97940.039062,-10977.449219,-165.429688,-1.018555,1.634766,0.000000,0.000000,0.000000,0.000000,0.000000,0.000000,0.000000,0.000000,0.000000
263,4.383333,0.000000,0.000327,-33.320557,0.000299,0.000210,-13.488492,-0.000021,0.000003,13.488438,4068.986,1,0.000000,4,3,21.443636,1,0,0,0.000484,0.999996,-0.002815,1.000000,-0.000484,0.000022,-0.000470,0.000005,0.000000,0.000000,0.000000,1,0.005306,30288.394531,0.294837,-3359.849854,-0.000001,0.007120,22.693253,1,0.006343,30441.060547,0.296309,-3338.757568,-0.000001,0.007076,22.621866,1,-0.015356,18563.339844,-0.551518,9005.796875,0.000002,-0.027961,21.444529,1,-0.014439,18655.519531,-0.554253,9011.008789,0.000002,-0.027977,21.442743,-0.271689,97945.585938,-10961.598633,-91.875000,-0.751953,1.171875,0.000000,0.000000,0.000000,0.000000,0.000000,0.000000,0.000000,0.000000,0.000000
264,4.400000,0.000000,0.000327,-33.546021,0.000298,0.000057,-13.525031,-0.000021,0.000002,13.524978,4079.976,1,0.000000,4,3,21.501316,1,0,0,0.000484,0.999996,-0.002824,1.000000,-0.000484,0.000022,-0.000495,0.000007,0.000000,0.000000,0.000000,1,0.005328,30294.423828,0.284074,-3356.119629,-0.000001,0.007112,22.754822,1,0.006365,30447.148438,0.285492,-3334.982178,-0.000001,0.007068,22.683241,1,-0.015395,18559.802734,-0.495158,8995.767578,0.000002,-0.027930,21.502220,1,-0.014478,18652.035156,-0.497615,9000.582031,0.000002,-0.027945,21.500412,-0.180941,97951.914062,-10946.712891,-30.859375,-0.477539,1.341797,0.000000,0.000000,0.000000,0.000000,0.000000,0.000000,0.000000,0.000000,0.000000
265,4.416667,0.000000,0.000326,-33.772095,0.000297,-0.000079,-13.561521,-0.000021,0.000002,13.561466,4090.951,1,0.000000,4,3,21.558910,1,0,0,0.000484,0.999996,-0.002832,1.000000,-0.000484,0.000022,-0.000503,0.000009,0.000000,0.000000,0.000000,1,0.005352,30299.972656,0.260916,-3352.428467,-0.000001,0.007105,22.816320,1,0.006389,30452.662109,0.262219,-3331.358643,-0.000001,0.007060,22.744543,1,-0.015432,18557.025391,-0.468872,8985.755859,0.000001,-0.027899,21.559828,1,-0.014516,18649.015625,-0.471192,8989.964844,0.000001,-0.027912,21.557993,-0.175324,97958.242188,-10931.461914,12.234375,-0.729492,1.025391,0.000000,0.000000,0.000000,0.000000,0.000000,0.000000,0.000000,0.000000,0.000000
266,4.433333,0.000000,0.000323,-33.998779,0.000296,-0.000198,-13.597959,-0.000021,0.000002,13.597905,4101.909,1,0.000000,4,3,21.616417,1,0,0,0.000484,0.999996,-0.002840,1.000000,-0.000484,0.000022,-0.000500,0.000010,0.000000,0.000000,0.000000,1,0.005378,30305.667969,0.241221,-3348.482178,-0.000001,0.007096,22.877750,1,0.006415,30458.099609,0.242426,-3327.452881,-0.000001,0.007052,22.805777,1,-0.015468,18554.503906,-0.419712,8975.491211,0.000001,-0.027867,21.617344,1,-0.014551,18646.751953,-0.421795,8979.461914,0.000001,-0.027879,21.615490,-0.116868,97965.664062,-10916.606445,53.117188,-0.414062,1.011719,0.000000,0.000000,0.000000,0.000000,0.000000,0.000000,0.000000,0.000000,0.000000
267,4.450000,0.000000,0.000318,-34.226074,0.000296,-0.000295,-13.634347,-0.000021,0.000002,13.634292,4112.850,1,0.000000,4,3,21.673838,1,0,0,0.000484,0.999996,-0.002848,1.000000,-0.000484,0.000022,-0.000487,0.000011,0.000000,0.000000,0.000000,1,0.005406,30310.353516,0.226918,-3344.457275,-0.000000,0.007088,22.939106,1,0.006441,30462.714844,0.228064,-3323.429932,-0.000000,0.007043,22.866938,1,-0.015500,18552.785156,-0.393372,8965.367188,0.000001,-0.027835,21.674776,1,-0.014584,18644.728516,-0.395318,8968.765625,0.000001,-0.027846,21.672899,-0.093309,97971.992188,-10901.892578,91.007812,-0.612305,0.595703,0.000000,0.000000,0.000000,0.000000,0.000000,0.000000,0.000000,0.000000,0.000000
268,4.466667,0.000000,0.000312,-34.453857,0.000296,-0.000376,-13.670687,-0.000021,0.000002,13.670631,4123.776,1,0.000000,4,3,21.731171,1,0,0,0.000483,0.999996,-0.002856,1.000000,-0.000483,0.000022,-0.000463,0.000012,0.000000,0.000000,0.000000,1,0.005433,30314.601562,0.218950,-3340.537842,-0.000000,0.007079,23.000385,1,0.006469,30467.005859,0.220057,-3319.525146,-0.000000,0.007035,22.928022,1,-0.015529,18551.585938,-0.346862,8955.088867,0.000001,-0.027803,21.732119,1,-0.014614,18643.478516,-0.348577,8958.096680,0.000001,-0.027813,21.730223,-0.016604,97978.828125,-10886.824219,115.921875,-0.500000,0.630859,0.000000,0.000000,0.000000,0.000000,0.000000,0.000000,0.000000,0.000000,0.000000
269,4.483333,0.000000,0.000304,-34.682251,0.000296,-0.000437,-13.706976,-0.000021,0.000002,13.706921,4134.684,1,0.000000,4,3,21.788414,1,0,0,0.000483,0.999996,-0.002863,1.000000,-0.000483,0.000022,-0.000433,0.000013,0.000000,0.000000,0.000000,1,0.005461,30318.439453,0.199786,-3336.365479,-0.000000,0.007071,23.061592,1,0.006496,30470.789062,0.200796,-3315.355225,-0.000000,0.007026,22.989033,1,-0.015555,18550.707031,-0.316228,8944.657227,0.000001,-0.027771,21.789370,1,-0.014640,18642.707031,-0.317792,8947.450195,0.000001,-0.027780,21.787458,0.005844,97985.390625,-10872.140625,134.257812,-0.295898,0.693359,0.000000,0.000000,0.000000,0.000000,0.000000,0.000000,0.000000,0.000000,0.000000
270,4.500000,0.000000,0.000296,-34.911255,0.000296,-0.000480,-13.743217,-0.000021,0.000001,13.743160,4145.576,1,0.000000,4,3,21.845570,1,0,0,0.000483,0.999996,-0.002870,1.000000,-0.000483,0.000022,-0.000398,0.000014,0.000000,0.000000,0.000000,1,0.005487,30321.457031,0.184059,-3332.075928,-0.000000,0.007061,23.122721,1,0.006521,30473.642578,0.184988,-3311.239258,-0.000000,0.007017,23.049965,1,-0.015578,18550.384766,-0.300362,8934.190430,0.000001,-0.027738,21.846533,1,-0.014663,18642.128906,-0.301846,8936.653320,0.000001,-0.027746,21.844606,0.005584,97990.718750,-10857.333008,143.492188,-0.540039,0.207031,0.000000,0.000000,0.000000,0.000000,0.000000,0.000000,0.000000,0.000000,0.000000
271,4.516667,0.000000,0.000288,-35.140869,0.000296,-0.000507,-13.779408,-0.000021,0.000001,13.779352,4156.450,1,0.000000,4,3,21.902637,1,0,0,0.000483,0.999996,-0.002876,1.000000,-0.000483,0.000022,-0.000361,0.000014,0.000000,0.000000,0.000000,1,0.005512,30324.429688,0.180522,-3327.876465,-0.000000,0.007053,23.183767,1,0.006546,30476.544922,0.181432,-3306.980713,-0.000000,0.007008,23.110819,1,-0.015597,18550.267578,-0.257316,8923.678711,0.000001,-0.027706,21.903608,1,-0.014683,18642.029297,-0.258586,8925.846680,0.000001,-0.027713,21.901667,0.084286,97996.781250,-10842.520508,149.718750,-0.315430,0.183594,0.000000,0.000000,0.000000,0.000000,0.000000,0.000000,0.000000,0.000000,0.000000
272,4.533333,0.000000,0.000279,-35.371094,0.000296,-0.000518,-13.815549,-0.000021,0.000001,13.815494,4167.308,1,0.000000,4,3,21.959616,1,0,0,0.000482,0.999996,-0.002881,1.000000,-0.000482,0.000022,-0.000322,0.000014,0.000000,0.000000,0.000000,1,0.005536,30326.589844,0.173171,-3323.501221,-0.000000,0.007043,23.244736,1,0.006569,30478.521484,0.174044,-3302.656494,-0.000000,0.006999,23.171593,1,-0.015613,18550.333984,-0.234808,8913.083008,0.000001,-0.027673,21.960594,1,-0.014699,18642.123047,-0.235967,8914.961914,0.000001,-0.027679,21.958637,0.114171,98001.203125,-10827.785156,149.070312,-0.371094,0.009766,0.000000,0.000000,0.000000,0.000000,0.000000,0.000000,0.000000,0.000000,0.000000
273,4.550000,0.000000,0.000271,-35.601929,0.000296,-0.000516,-13.851642,-0.000021,0.000001,13.851585,4178.149,1,0.000000,4,3,22.016506,1,0,0,0.000482,0.999996,-0.002886,1.000000,-0.000482,0.000022,-0.000283,0.000014,0.000000,0.000000,0.000000,1,0.005557,30328.167969,0.165705,-3319.037842,-0.000000,0.007034,23.305622,1,0.006590,30480.236328,0.166537,-3298.217285,-0.000000,0.006990,23.232286,1,-0.015626,18550.558594,-0.207877,8902.361328,0.000001,-0.027640,22.017492,1,-0.014713,18642.236328,-0.208904,8903.914062,0.000001,-0.027644,22.015520,0.152704,98004.835938,-10812.960938,145.437500,-0.393555,0.093750,0.000000,0.000000,0.000000,0.000000,0.000000,0.000000,0.000000,0.000000,0.000000
274,4.566667,0.000000,0.000262,-35.833374,0.000297,-0.000504,-13.887685,-0.000021,0.000001,13.887629,4188.973,1,0.000000,4,3,22.073309,1,0,0,0.000482,0.999996,-0.002890,1.000000,-0.000482,0.000022,-0.000244,0.000015,0.000000,0.000000,0.000000,1,0.005577,30329.669922,0.146048,-3314.600586,-0.000000,0.007024,23.366425,1,0.006609,30481.349609,0.146781,-3293.688721,-0.000000,0.006980,23.292896,1,-0.015636,18551.148438,-0.186499,8891.641602,0.000001,-0.027606,22.074301,1,-0.014723,18642.779297,-0.187419,8892.996094,0.000001,-0.027611,22.072317,0.155682,98008.601562,-10798.329102,136.203125,-0.156250,-0.433594,0.000000,0.000000,0.000000,0.000000,0.000000,0.000000,0.000000,0.000000,0.000000
275,4.583333,0.000000,0.000254,-36.065430,0.000297,-0.000481,-13.923679,-0.000021,0.000001,13.923622,4199.781,1,0.000000,4,3,22.130022,1,0,0,0.000482,0.999996,-0.002894,1.000000,-0.000482,0.000022,-0.000209,0.000014,0.000000,0.000000,0.000000,1,0.005595,30330.796875,0.162697,-3310.157715,-0.000000,0.007015,23.427143,1,0.006627,30482.595703,0.163513,-3289.388184,-0.000000,0.006971,23.353420,1,-0.015644,18551.580078,-0.162706,8880.710938,0.000001,-0.027572,22.131020,1,-0.014732,18643.162109,-0.163508,8881.831055,0.000001,-0.027576,22.129025,0.236287,98011.718750,-10783.014648,128.210938,-0.375977,-0.281250,0.000000,0.000000,0.000000,0.000000,0.000000,0.000000,0.000000,0.000000,0.000000
276,4.600000,0.000000,0.000247,-36.298096,0.000298,-0.000449,-13.959622,-0.000020,0.000001,13.959565,4210.571,1,0.000000,4,3,22.186649,1,0,0,0.000482,0.999996,-0.002897,1.000000,-0.000481,0.000022,-0.000175,0.000014,0.000000,0.000000,0.000000,1,0.005611,30331.419922,0.144765,-3305.516357,-0.000000,0.007005,23.487778,1,0.006642,30483.148438,0.145491,-3284.749756,-0.000000,0.006961,23.413862,1,-0.015650,18552.087891,-0.141747,8869.774414,0.000000,-0.027538,22.187653,1,-0.014738,18643.697266,-0.142446,8870.732422,0.000000,-0.027541,22.185646,0.241898,98013.718750,-10768.294922,116.078125,-0.217773,-0.318359,0.000000,0.000000,0.000000,0.000000,0.000000,0.000000,0.000000,0.000000,0.000000
277,4.616667,0.000000,0.000240,-36.531372,0.000299,-0.000411,-13.995517,-0.000020,0.000001,13.995460,4221.346,1,0.000000,4,3,22.243187,1,0,0,0.000481,0.999996,-0.002899,1.000000,-0.000481,0.000022,-0.000145,0.000013,0.000000,0.000000,0.000000,1,0.005624,30331.726562,0.136054,-3300.876953,-0.000000,0.006995,23.548326,1,0.006655,30483.382812,0.136738,-3280.171387,-0.000000,0.006951,23.474218,1,-0.015654,18552.644531,-0.128191,8858.725586,0.000000,-0.027504,22.244194,1,-0.014742,18644.142578,-0.128821,8859.485352,0.000000,-0.027507,22.242180,0.251160,98014.984375,-10753.250000,102.585938,-0.275391,-0.507812,0.000000,0.000000,0.000000,0.000000,0.000000,0.000000,0.000000,0.000000,0.000000
278,4.633333,0.000000,0.000234,-36.765259,0.000300,-0.000369,-14.031361,-0.000020,0.000001,14.031303,4232.103,1,0.000000,4,3,22.299637,1,0,0,0.000481,0.999996,-0.002901,1.000000,-0.000481,0.000022,-0.000118,0.000013,0.000000,0.000000,0.000000,1,0.005636,30331.939453,0.132123,-3296.262207,-0.000000,0.006986,23.608788,1,0.006667,30483.750000,0.132784,-3275.583252,-0.000000,0.006942,23.534487,1,-0.015657,18553.078125,-0.107247,8847.577148,0.000000,-0.027470,22.300650,1,-0.014745,18644.603516,-0.107777,8848.205078,0.000000,-0.027471,22.298624,0.284818,98016.203125,-10738.055664,94.781250,-0.190430,-0.257812,0.000000,0.000000,0.000000,0.000000,0.000000,0.000000,0.000000,0.000000,0.000000
279,4.650000,0.000000,0.000228,-36.999756,0.000301,-0.000324,-14.067154,-0.000020,0.000001,14.067096,4242.843,1,0.000000,4,3,22.355999,1,0,0,0.000481,0.999996,-0.002902,1.000000,-0.000481,0.000022,-0.000093,0.000012,0.000000,0.000000,0.000000,1,0.005646,30332.095703,0.114290,-3291.676270,-0.000000,0.006976,23.669161,1,0.006676,30483.423828,0.114862,-3270.955566,-0.000000,0.006932,23.594669,1,-0.015658,18553.642578,-0.101507,8836.453125,0.000000,-0.027435,22.357018,1,-0.014747,18645.056641,-0.102006,8836.818359,0.000000,-0.027436,22.354980,0.260132,98016.742188,-10722.787109,79.804688,-0.218750,-0.976562,0.000000,0.000000,0.000000,0.000000,0.000000,0.000000,0.000000,0.000000,0.000000
280,4.666667,0.000000,0.000224,-37.234863,0.000302,-0.000278,-14.102897,-0.000020,0.000001,14.102839,4253.567,1,0.000000,4,3,22.412273,1,0,0,0.000481,0.999996,-0.002904,1.000000,-0.000481,0.000022,-0.000072,0.000011,0.000000,0.000000,0.000000,1,0.005654,30331.781250,0.158339,-3286.957520,-0.000000,0.006966,23.729448,1,0.006684,30483.228516,0.158912,-3266.317139,-0.000000,0.006922,23.654764,1,-0.015659,18553.878906,-0.071074,8825.038086,0.000000,-0.027400,22.413294,1,-0.014748,18645.398438,-0.071423,8825.433594,0.000000,-0.027401,22.411253,0.408815,98016.421875,-10707.371094,66.468750,-0.209961,-0.611328,0.000000,0.000000,0.000000,0.000000,0.000000,0.000000,0.000000,0.000000,0.000000
281,4.683333,0.000000,0.000220,-37.470459,0.000303,-0.000232,-14.138588,-0.000020,0.000000,14.138530,4264.274,1,0.000000,4,3,22.468462,1,0,0,0.000481,0.999996,-0.002905,1.000000,-0.000481,0.000022,-0.000054,0.000010,0.000000,0.000000,0.000000,1,0.005660,30331.410156,0.106472,-3282.149902,-0.000000,0.006956,23.789648,1,0.006690,30483.009766,0.107008,-3261.711914,-0.000000,0.006912,23.714771,1,-0.015659,18554.253906,-0.069485,8813.745117,0.000000,-0.027364,22.469484,1,-0.014749,18645.750000,-0.069827,8814.109375,0.000000,-0.027366,22.467440,0.307799,98016.250000,-10692.191406,52.539062,-0.134766,-0.486328,0.000000,0.000000,0.000000,0.000000,0.000000,0.000000,0.000000,0.000000,0.000000
282,4.700000,0.000000,0.000217,-37.706665,0.000304,-0.000186,-14.174229,-0.000020,0.000000,14.174170,4274.965,1,0.000000,4,3,22.524561,1,0,0,0.000480,0.999996,-0.002905,1.000000,-0.000480,0.000022,-0.000040,0.000009,0.000000,0.000000,0.000000,1,0.005665,30331.015625,0.099060,-3277.551514,-0.000000,0.006946,23.849756,1,0.006695,30482.582031,0.099555,-3256.884521,-0.000000,0.006902,23.774693,1,-0.015659,18554.470703,-0.062258,8802.337891,0.000000,-0.027329,22.525587,1,-0.014749,18645.789062,-0.062565,8802.470703,0.000000,-0.027329,22.523535,0.306999,98015.304688,-10676.592773,40.507812,0.022461,-0.708984,0.000000,0.000000,0.000000,0.000000,0.000000,0.000000,0.000000,0.000000,0.000000
283,4.716667,0.000000,0.000214,-37.943481,0.000305,-0.000143,-14.209817,-0.000020,0.000000,14.209758,4285.639,1,0.000000,4,3,22.580572,1,0,0,0.000480,0.999996,-0.002906,1.000000,-0.000480,0.000022,-0.000029,0.000008,0.000000,0.000000,0.000000,1,0.005669,30330.746094,0.109630,-3272.768555,-0.000000,0.006936,23.909779,1,0.006698,30482.166016,0.110177,-3252.210938,-0.000000,0.006892,23.834522,1,-0.015658,18554.496094,-0.056797,8790.831055,0.000000,-0.027293,22.581600,1,-0.014749,18645.917969,-0.057077,8790.964844,0.000000,-0.027294,22.579544,0.338715,98014.468750,-10661.056641,29.687500,-0.076172,-0.744141,0.000000,0.000000,0.000000,0.000000,0.000000,0.000000,0.000000,0.000000,0.000000
284,4.733333,0.000000,0.000213,-38.180908,0.000306,-0.000103,-14.245354,-0.000020,0.000000,14.245295,4296.295,1,0.000000,4,3,22.636496,1,0,0,0.000480,0.999996,-0.002906,1.000000,-0.000480,0.000022,-0.000021,0.000007,0.000000,0.000000,0.000000,1,0.005672,30330.207031,0.110319,-3268.049561,-0.000000,0.006926,23.969711,1,0.006701,30481.796875,0.110872,-3247.576904,-0.000000,0.006882,23.894264,1,-0.015658,18554.443359,-0.049379,8779.220703,0.000000,-0.027257,22.637526,1,-0.014749,18645.841797,-0.049623,8779.353516,0.000000,-0.027258,22.635466,0.354542,98013.078125,-10645.206055,19.695312,-0.077148,-0.535156,0.000000,0.000000,0.000000,0.000000,0.000000,0.000000,0.000000,0.000000,0.000000
285,4.750000,0.000000,0.000212,-38.418945,0.000307,-0.000066,-14.280838,-0.000020,0.000000,14.280779,4306.936,1,0.000000,4,3,22.692331,1,0,0,0.000480,0.999996,-0.002906,1.000000,-0.000480,0.000022,-0.000016,0.000007,0.000000,0.000000,0.000000,1,0.005674,30329.941406,0.098395,-3263.279053,-0.000000,0.006916,24.029554,1,0.006702,30481.289062,0.098886,-3242.729492,-0.000000,0.006872,23.953918,1,-0.015658,18554.378906,-0.049487,8767.688477,0.000000,-0.027222,22.693365,1,-0.014749,18645.753906,-0.049730,8767.697266,0.000000,-0.027222,22.691298,0.329996,98011.890625,-10629.652344,10.539062,-0.024414,-0.865234,0.000000,0.000000,0.000000,0.000000,0.000000,0.000000,0.000000,0.000000,0.000000
286,4.766667,0.000000,0.000211,-38.657593,0.000309,-0.000032,-14.316270,-0.000020,0.000000,14.316210,4317.560,1,0.000000,4,3,22.748077,1,0,0,0.000480,0.999996,-0.002907,1.000000,-0.000480,0.000022,-0.000013,0.000006,0.000000,0.000000,0.000000,1,0.005675,30329.568359,0.109311,-3258.474609,-0.000000,0.006906,24.089308,1,0.006703,30480.974609,0.109859,-3238.054688,-0.000000,0.006862,24.013481,1,-0.015659,18554.072266,-0.040173,8756.005859,0.000000,-0.027185,22.749113,1,-0.014750,18645.500000,-0.040370,8755.956055,0.000000,-0.027185,22.747042,0.370135,98010.359375,-10613.721680,3.710938,-0.167969,-0.697266,0.000000,0.000000,0.000000,0.000000,0.000000,0.000000,0.000000,0.000000,0.000000
287,4.783333,0.000000,0.000211,-38.896729,0.000310,-0.000003,-14.351649,-0.000020,0.000000,14.351589,4328.166,1,0.000000,4,3,22.803734,1,0,0,0.000480,0.999996,-0.002907,1.000000,-0.000480,0.000022,-0.000012,0.000005,0.000000,0.000000,0.000000,1,0.005676,30329.201172,0.097723,-3253.763428,-0.000000,0.006896,24.148972,1,0.006704,30480.685547,0.098213,-3233.359131,-0.000000,0.006852,24.072956,1,-0.015660,18553.871094,-0.033005,8744.273438,0.000000,-0.027149,22.804771,1,-0.014751,18645.287109,-0.033167,8744.165039,0.000000,-0.027148,22.802696,0.360847,98009.078125,-10597.617188,-3.851562,-0.082031,-0.605469,0.000000,0.000000,0.000000,0.000000,0.000000,0.000000,0.000000,0.000000,0.000000
288,4.800000,0.000000,0.000211,-39.136475,0.000311,0.000023,-14.386974,-0.000020,0.000000,14.386914,4338.755,1,0.000000,4,3,22.859303,1,0,0,0.000480,0.999996,-0.002907,1.000000,-0.000480,0.000022,-0.000013,0.000004,0.000000,0.000000,0.000000,1,0.005676,30328.859375,0.088584,-3248.802734,-0.000000,0.006885,24.208548,1,0.006704,30480.326172,0.089028,-3228.401855,-0.000000,0.006842,24.132343,1,-0.015661,18553.341797,-0.031244,8732.533203,0.000000,-0.027112,22.860344,1,-0.014752,18644.746094,-0.031397,8732.308594,0.000000,-0.027112,22.858261,0.345647,98007.031250,-10581.948242,-7.773438,-0.103516,-0.640625,0.000000,0.000000,0.000000,0.000000,0.000000,0.000000,0.000000,0.000000,0.000000
289,4.816667,0.000000,0.000212,-39.376831,0.000312,0.000043,-14.422248,-0.000020,0.000000,14.422188,4349.328,1,0.000000,4,3,22.914782,1,0,0,0.000480,0.999996,-0.002907,1.000000,-0.000480,0.000022,-0.000015,0.000003,0.000000,0.000000,0.000000,1,0.005676,30328.669922,0.083646,-3244.122803,-0.000000,0.006875,24.268030,1,0.006704,30480.119141,0.084066,-3223.841309,-0.000000,0.006832,24.191635,1,-0.015663,18552.968750,-0.025393,8720.706055,0.000000,-0.027076,22.915825,1,-0.014754,18644.359375,-0.025517,8720.422852,0.000000,-0.027075,22.913738,0.347060,98005.734375,-10565.484375,-12.843750,-0.180664,-0.666016,0.000000,0.000000,0.000000,0.000000,0.000000,0.000000,0.000000,0.000000,0.000000
290,4.833333,0.000000,0.000213,-39.617798,0.000313,0.000059,-14.457466,-0.000020,0.000000,14.457406,4359.884,1,0.000000,4,3,22.970171,1,0,0,0.000480,0.999996,-0.002908,1.000000,-0.000480,0.000022,-0.000018,0.000002,0.000000,0.000000,0.000000,1,0.005676,30328.669922,0.076561,-3239.326172,-0.000000,0.006865,24.327425,1,0.006704,30479.990234,0.076943,-3218.978516,-0.000000,0.006822,24.250841,1,-0.015665,18552.406250,-0.014883,8708.815430,0.000000,-0.027039,22.971216,1,-0.014757,18643.785156,-0.014957,8708.536133,0.000000,-0.027038,22.969126,0.353521,98004.320312,-10549.373047,-14.875000,0.055664,-0.832031,0.000000,0.000000,0.000000,0.000000,0.000000,0.000000,0.000000,0.000000,0.000000
291,4.850000,0.000000,0.000214,-39.859375,0.000314,0.000072,-14.492631,-0.000020,0.000000,14.492571,4370.422,1,0.000000,4,3,23.025471,1,0,0,0.000480,0.999996,-0.002908,1.000000,-0.000480,0.000022,-0.000022,0.000001,0.000000,0.000000,0.000000,1,0.005676,30328.447266,0.086890,-3234.482910,-0.000000,0.006855,24.386728,1,0.006704,30479.955078,0.087324,-3214.274902,-0.000000,0.006812,24.309956,1,-0.015668,18551.785156,-0.012343,8696.951172,0.000000,-0.027002,23.026520,1,-0.014760,18643.304688,-0.012404,8696.593750,0.000000,-0.027001,23.024422,0.378917,98002.828125,-10533.117188,-17.687500,-0.174805,-0.416016,0.000000,0.000000,0.000000,0.000000,0.000000,0.000000,0.000000,0.000000,0.000000
292,4.866667,0.000000,0.000216,-40.101562,0.000316,0.000080,-14.527741,-0.000020,0.000000,14.527680,4380.944,1,0.000000,4,3,23.080679,1,0,0,0.000480,0.999996,-0.002908,1.000000,-0.000480,0.000022,-0.000027,0.000000,0.000000,0.000000,0.000000,1,0.005676,30328.412109,0.062852,-3229.637939,-0.000000,0.006844,24.445942,1,0.006704,30480.144531,0.063166,-3209.400146,-0.000000,0.006802,24.368982,1,-0.015671,18551.255859,-0.012490,8685.002930,0.000000,-0.026965,23.081730,1,-0.014763,18642.634766,-0.012552,8684.558594,0.000000,-0.026963,23.079628,0.330026,98001.726562,-10516.857422,-18.710938,-0.067383,-0.320312,0.000000,0.000000,0.000000,0.000000,0.000000,0.000000,0.000000,0.000000,0.000000
293,4.883333,0.000000,0.000217,-40.344238,0.000317,0.000085,-14.562798,-0.000020,0.000000,14.562737,4391.448,1,0.000000,4,3,23.135796,1,0,0,0.000480,0.999996,-0.002909,1.000000,-0.000480,0.000022,-0.000032,-0.000000,0.000000,0.000000,0.000000,1,0.005676,30328.824219,0.050367,-3224.818604,-0.000000,0.006834,24.505064,1,0.006704,30480.144531,0.050620,-3204.596924,-0.000000,0.006791,24.427917,1,-0.015675,18550.537109,-0.014281,8672.959961,0.000000,-0.026927,23.136848,1,-0.014767,18642.058594,-0.014350,8672.526367,0.000000,-0.026926,23.134743,0.301013,98000.812500,-10500.405273,-18.578125,0.003906,-0.691406,0.000000,0.000000,0.000000,0.000000,0.000000,0.000000,0.000000,0.000000,0.000000
294,4.900000,0.000000,0.000219,-40.587524,0.000318,0.000088,-14.597799,-0.000020,0.000000,14.597738,4401.935,1,0.000000,4,3,23.190821,1,0,0,0.000480,0.999996,-0.002909,1.000000,-0.000480,0.000022,-0.000037,-0.000001,0.000000,0.000000,0.000000,1,0.005676,30328.634766,0.072070,-3219.969482,-0.000000,0.006824,24.564095,1,0.006704,30480.367188,0.072324,-3199.795166,-0.000000,0.006781,24.486761,1,-0.015680,18549.912109,-0.006099,8660.891602,0.000000,-0.026890,23.191877,1,-0.014771,18641.369141,-0.006129,8660.347656,0.000000,-0.026888,23.189764,0.360427,97999.453125,-10483.808594,-19.734375,-0.168457,-0.210938,0.000000,0.000000,0.000000,0.000000,0.000000,0.000000,0.000000,0.000000,0.000000
295,4.916667,0.000000,0.000220,-40.831421,0.000319,0.000086,-14.632746,-0.000020,0.000000,14.632685,4412.405,1,0.000000,4,3,23.245756,1,0,0,0.000480,0.999996,-0.002910,1.000000,-0.000480,0.000022,-0.000042,-0.000001,0.000000,0.000000,0.000000,1,0.005677,30329.083984,0.036078,-3215.110107,-0.000000,0.006814,24.623035,1,0.006704,30480.626953,0.036258,-3194.860352,-0.000000,0.006771,24.545515,1,-0.015684,18549.251953,-0.009784,8648.833008,0.000000,-0.026852,23.246815,1,-0.014776,18640.707031,-0.009815,8648.263672,0.000000,-0.026851,23.244698,0.280613,97998.875000,-10467.458008,-18.617188,0.078613,-0.498047,0.000000,0.000000,0.000000,0.000000,0.000000,0.000000,0.000000,0.000000,0.000000
296,4.933333,0.000000,0.000221,-41.075928,0.000320,0.000083,-14.667637,-0.000020,0.000000,14.667575,4422.856,1,0.000000,4,3,23.300598,1,0,0,0.000480,0.999996,-0.002911,1.000000,-0.000480,0.000022,-0.000047,-0.000002,0.000000,0.000000,0.000000,1,0.005677,30329.488281,0.052880,-3210.223877,-0.000000,0.006803,24.681885,1,0.006705,30481.033203,0.053060,-3190.089844,-0.000000,0.006761,24.604176,1,-0.015689,18548.478516,-0.007136,8636.685547,0.000000,-0.026815,23.301659,1,-0.014781,18640.009766,-0.007171,8636.070312,0.000000,-0.026813,23.299538,0.319120,97998.234375,-10450.770508,-16.695312,-0.129395,-0.388672,0.000000,0.000000,0.000000,0.000000,0.000000,0.000000,0.000000,0.000000,0.000000
297,4.950000,0.000000,0.000223,-41.320923,0.000321,0.000078,-14.702473,-0.000020,0.000000,14.702411,4433.292,1,0.000000,4,3,23.355347,1,0,0,0.000480,0.999996,-0.002912,1.000000,-0.000480,0.000022,-0.000051,-0.000003,0.000000,0.000000,0.000000,1,0.005678,30329.724609,0.039987,-3205.297852,-0.000000,0.006793,24.740643,1,0.006706,30481.378906,0.040187,-3185.176514,-0.000000,0.006750,24.662746,1,-0.015695,18547.884766,-0.002334,8624.526367,0.000000,-0.026777,23.356411,1,-0.014786,18639.353516,-0.002346,8623.794922,0.000000,-0.026775,23.354282,0.302599,97997.585938,-10434.169922,-16.718750,-0.110840,-0.332031,0.000000,0.000000,0.000000,0.000000,0.000000,0.000000,0.000000,0.000000,0.000000
298,4.966667,0.000000,0.000224,-41.566528,0.000322,0.000072,-14.737253,-0.000020,0.000000,14.737191,4443.708,1,0.000000,4,3,23.410004,1,0,0,0.000480,0.999996,-0.002913,1.000000,-0.000480,0.000022,-0.000055,-0.000003,0.000000,0.000000,0.000000,1,0.005680,30330.087891,0.033090,-3200.364258,-0.000000,0.006782,24.799307,1,0.006708,30481.761719,0.033256,-3180.359131,-0.000000,0.006740,24.721224,1,-0.015700,18547.128906,-0.001403,8612.224609,0.000000,-0.026739,23.411066,1,-0.014791,18638.671875,-0.001415,8611.625977,0.000000,-0.026737,23.408941,0.290254,97996.898438,-10417.443359,-15.335938,-0.035156,-0.238281,0.000000,0.000000,0.000000,0.000000,0.000000,0.000000,0.000000,0.000000,0.000000
299,4.983333,0.000000,0.000225,-41.812744,0.000323,0.000063,-14.771978,-0.000020,0.000000,14.771915,4454.107,1,0.000000,4,3,23.464567,1,0,0,0.000480,0.999996,-0.002914,1.000000,-0.000480,0.000022,-0.000060,-0.000003,0.000000,0.000000,0.000000,1,0.005681,30330.712891,0.028418,-3195.548340,-0.000000,0.006772,24.857878,1,0.006709,30482.402344,0.028561,-3175.489258,-0.000000,0.006730,24.779612,1,-0.015706,18546.564453,-0.001008,8599.949219,0.000000,-0.026701,23.465630,1,-0.014797,18638.121094,-0.001020,8599.390625,0.000000,-0.026699,23.463505,0.281299,97997.195312,-10400.609375,-14.140625,0.117676,-0.210938,0.000000,0.000000,0.000000,0.000000,0.000000,0.000000,0.000000,0.000000,0.000000
300,5.000000,0.000000,0.000226,-42.059570,0.000324,0.000055,-14.806647,-0.000020,0.000000,14.806584,4464.489,1,0.047244,4,3,23.519035,1,0,0,0.000480,0.999996,-0.002915,1.000000,-0.000480,0.000022,-0.000063,-0.000004,0.000000,0.000000,0.000000,1,0.005702,30348.976562,8891.484375,-2843.358887,-0.006994,0.006026,24.916359,1,0.006692,30464.984375,8891.484375,-2818.085693,-0.006994,0.005972,24.837906,1,-0.015712,18545.847656,-0.003509,8587.626953,0.000000,-0.026662,23.520102,1,-0.014803,18637.339844,-0.003521,8586.921875,0.000000,-0.026660,23.517969,17615.589844,97996.531250,-10581.277344,87.721069,-48234.800781,9273.418945,0.000000,0.000000,0.000000,0.000000,0.000000,0.000000,0.000000,0.000000,0.000000
301,5.016667,0.001099,0.000226,-42.306885,0.059043,0.000040,-14.841918,-0.000250,-0.013752,14.841869,4474.853,1,0.078740,4,3,23.573412,1,0,0,0.000273,0.999996,-0.002915,1.000000,-0.000272,0.000251,-0.000039,0.012447,0.000000,0.000000,0.000000,1,0.005939,30554.392578,16056.984375,-4127.159668,-0.017029,0.007036,24.968220,1,0.006459,30259.570312,16033.829102,-1852.955200,-0.017011,0.003927,24.889462,1,-0.015518,18673.060547,24.809048,8192.454102,-0.000029,-0.025436,23.574480,1,-0.015002,18512.769531,24.811584,8907.893555,-0.000029,-0.027657,23.572344,31822.904297,97999.687500,-9171.635742,-663.855103,-83762.843750,16011.037109,0.000000,0.000000,0.000000,0.000000,0.000000,0.000000,0.000000,0.000000,0.000000
302,5.033333,0.003784,0.000227,-42.554810,0.165119,0.000037,-14.872490,-0.000879,-0.037633,14.872567,4485.198,1,0.110236,4,3,23.628283,1,0,0,-0.000291,0.999996,-0.002919,1.000000,0.000293,0.000878,-0.000214,0.033943,0.000000,0.000000,0.000000,1,0.006567,30956.888672,23136.804688,-4785.236816,-0.028908,0.008188,25.044212,1,0.005850,29872.658203,23039.531250,-802.827393,-0.028820,0.001701,24.922817,1,-0.014997,18902.466797,68.241974,7713.529297,-0.000097,-0.023949,23.630886,1,-0.015553,18267.738281,68.267708,9580.487305,-0.000097,-0.029745,23.625681,45845.328125,97999.656250,-8192.429688,-1031.589233,-118740.289062,21991.865234,0.000000,0.000000,0.000000,0.000000,0.000000,0.000000,0.000000,0.000000,0.000000
303,5.050000,0.009033,0.000228,-42.803101,0.317937,0.000037,-14.899798,-0.002074,-0.071488,14.900360,4495.638,1,0.149606,4,3,23.680454,1,0,0,-0.001345,0.999995,-0.002928,0.999997,0.001351,0.002070,-0.000502,0.063457,0.000000,0.000000,0.000000,1,0.007734,31556.013672,31163.539062,-5588.838867,-0.042692,0.009545,25.132576,1,0.004723,29295.628906,30893.841797,-754.373657,-0.042425,0.001663,24.936369,1,-0.014026,19243.298828,176.500992,7037.480957,-0.000264,-0.021850,23.687057,1,-0.016585,17903.572266,176.496368,10424.606445,-0.000264,-0.032366,23.673853,61594.042969,97998.234375,-5018.770508,-2479.983887,-158189.125000,28198.947266,0.000000,0.000000,0.000000,0.000000,0.000000,0.000000,0.000000,0.000000,0.000000
304,5.066667,0.017822,0.000229,-43.051758,0.523250,0.000047,-14.916528,-0.004022,-0.116595,14.918445,4505.565,1,0.188976,4,3,23.730247,1,0,0,-0.003027,0.999991,-0.002953,0.999987,0.003039,0.004013,-0.001213,0.101287,0.000000,0.000000,0.000000,1,0.009597,32381.417969,38302.203125,-6546.956543,-0.057168,0.011185,25.236046,1,0.002944,28518.623047,34221.851562,-184.285263,-0.056531,0.001207,24.949007,1,-0.012496,19699.017578,409.222229,6358.178711,-0.000638,-0.019741,23.744108,1,-0.018253,17392.361328,409.376312,11593.284180,-0.000638,-0.035994,23.716394,72111.757812,97990.078125,-2332.269531,-3368.016357,-180261.875000,30883.652344,0.000000,0.000000,0.000000,0.000000,0.000000,0.000000,0.000000,0.000000,0.000000
305,5.083333,0.030518,0.000229,-43.300659,0.763623,0.000046,-14.924302,-0.006829,-0.167999,14.929104,4515.039,1,0.228346,4,3,23.773857,1,0,0,-0.005397,0.999981,-0.003002,0.999962,0.005418,0.006813,-0.002233,0.142703,0.000000,0.000000,0.000000,1,0.012221,33369.523438,39476.550781,-6714.041016,-0.071713,0.013116,25.357525,1,0.000454,27587.833984,30238.427734,444.451294,-0.064083,0.000409,24.950895,1,-0.010357,20243.349609,781.094910,5668.346680,-0.001301,-0.017599,23.798939,1,-0.020619,16776.613281,780.941284,12749.820312,-0.001301,-0.039585,23.748802,69761.726562,97973.968750,-1773.500000,-2989.523926,-165677.109375,26258.921875,0.000000,0.000000,0.000000,0.000000,0.000000,0.000000,0.000000,0.000000,0.000000
306,5.100000,0.047119,0.000229,-43.549438,0.996162,0.000004,-14.930214,-0.010425,-0.215251,14.939719,4523.336,1,0.267717,4,3,23.811594,1,0,0,-0.008351,0.999960,-0.003080,0.999911,0.008383,0.010400,-0.003223,0.177883,0.000000,0.000000,0.000000,1,0.015473,34347.464844,38663.957031,-8936.250977,-0.081938,0.015277,25.482145,1,-0.002652,26642.679688,29558.527344,941.479431,-0.062642,-0.000483,24.940928,1,-0.007684,20800.947266,1299.268311,5034.778320,-0.002316,-0.015632,23.851856,1,-0.023563,16168.662109,1299.863281,13505.321289,-0.002316,-0.041931,23.771400,68628.968750,97954.171875,1414.899414,-4134.574707,-151362.562500,22355.572266,0.000000,0.000000,0.000000,0.000000,0.000000,0.000000,0.000000,0.000000,0.000000
307,5.116667,0.067505,0.000228,-43.798218,1.224925,-0.000077,-14.925498,-0.014743,-0.258425,14.941868,4530.516,1,0.307087,4,3,23.847605,1,0,0,-0.011801,0.999925,-0.003200,0.999822,0.011847,0.014705,-0.004581,0.207824,0.000000,0.000000,0.000000,1,0.019261,35329.285156,40800.269531,-7093.412598,-0.086466,0.015033,25.648537,1,-0.006278,25696.730469,29181.363281,1413.239136,-0.061842,-0.001416,24.921587,1,-0.004565,21355.705078,1907.045166,4865.303711,-0.003654,-0.015106,23.906036,1,-0.027007,15551.833008,1908.065918,14174.964844,-0.003655,-0.044010,23.789316,71537.007812,97924.734375,855.790039,-3156.710205,-151272.843750,20662.654297,0.000000,0.000000,0.000000,0.000000,0.000000,0.000000,0.000000,0.000000,0.000000
308,5.133333,0.091919,0.000224,-44.046875,1.463382,-0.000245,-14.922646,-0.019781,-0.301579,14.948602,4537.368,1,0.354331,4,3,23.877399,1,0,0,-0.015708,0.999871,-0.003365,0.999681,0.015772,0.019729,-0.005774,0.235461,0.000000,0.000000,0.000000,1,0.023514,36324.734375,42972.445312,-7309.527832,-0.091855,0.015624,25.780289,1,-0.010404,24691.708984,29158.396484,1680.519165,-0.061794,-0.002212,24.893349,1,-0.000995,21958.316406,2651.675293,4398.786133,-0.005353,-0.013657,23.955803,1,-0.030875,14933.624023,2652.593994,14509.982422,-0.005355,-0.045050,23.799252,74529.664062,97897.000000,3724.307617,-4293.963867,-147872.812500,18936.908203,0.000000,0.000000,0.000000,0.000000,0.000000,0.000000,0.000000,0.000000,0.000000
309,5.150000,0.120483,0.000216,-44.295410,1.711814,-0.000473,-14.910232,-0.025524,-0.343768,14.948993,4543.037,1,0.393701,4,3,23.908539,1,0,0,-0.020034,0.999793,-0.003590,0.999473,0.020119,0.025454,-0.007354,0.260799,0.000000,0.000000,0.000000,1,0.028187,37345.945312,44188.292969,-7469.332520,-0.094964,0.016052,25.916101,1,-0.014990,23652.648438,28215.449219,1740.741455,-0.059795,-0.002760,24.860071,1,0.002987,22582.208984,3470.110840,4284.678223,-0.007365,-0.013303,24.008657,1,-0.035132,14294.988281,3471.289062,14838.969727,-0.007368,-0.046071,23.808838,75831.507812,97861.093750,5764.301758,-4948.692383,-139306.046875,16258.051758,0.000000,0.000000,0.000000,0.000000,0.000000,0.000000,0.000000,0.000000,0.000000
310,5.166667,0.153320,0.000203,-44.543579,1.964586,-0.000792,-14.891017,-0.031930,-0.383519,14.946077,4548.961,1,0.440945,4,3,23.936892,1,0,0,-0.024719,0.999687,-0.003886,0.999185,0.024830,0.031838,-0.009163,0.282562,0.000000,0.000000,0.000000,1,0.033203,38357.085938,45186.593750,-3118.595459,-0.095989,0.014576,26.054918,1,-0.019972,22604.382812,27068.068359,481.962097,-0.057373,-0.002118,24.825657,1,0.007337,23218.406250,4330.225586,4350.467285,-0.009622,-0.013507,24.059687,1,-0.039712,13659.510742,4331.502930,15040.601562,-0.009625,-0.046697,23.814724,77548.773438,97821.281250,4963.571289,-4118.804688,-137643.953125,13855.733398,0.000000,0.000000,0.000000,0.000000,0.000000,0.000000,0.000000,0.000000,0.000000
311,5.183333,0.190308,0.000182,-44.791504,2.223082,-0.001230,-14.874472,-0.038993,-0.422804,14.949759,4554.355,1,0.488189,4,3,23.961851,1,0,0,-0.029706,0.999550,-0.004258,0.998798,0.029849,0.038873,-0.010800,0.301064,0.000000,0.000000,0.000000,1,0.038477,39339.027344,43547.320312,-3796.284424,-0.092637,0.016882,26.111954,1,-0.025312,21533.144531,25062.304688,297.274506,-0.053117,-0.001514,24.814981,1,0.012043,23884.392578,5322.137207,4072.574707,-0.012184,-0.012644,24.107616,1,-0.044524,13049.572266,3794.717529,15007.281250,-0.011782,-0.046594,23.816967,73510.867188,97785.671875,7391.536133,-5339.879395,-123924.039062,8449.610352,0.000000,0.000000,0.000000,0.000000,0.000000,0.000000,0.000000,0.000000,0.000000
312,5.200000,0.231445,0.000153,-45.039062,2.468118,-0.001761,-14.849833,-0.046645,-0.458190,14.948702,4559.105,1,0.535433,4,3,23.990330,1,0,0,-0.034875,0.999381,-0.004715,0.998303,0.035056,0.046492,-0.012648,0.312344,0.000000,0.000000,0.000000,1,0.043882,40239.050781,40094.593750,-3406.556152,-0.085276,0.019450,26.181726,1,-0.030875,20536.277344,21898.482422,305.877472,-0.046413,-0.001879,24.807789,1,0.016987,24510.744141,6524.117676,4261.180176,-0.015180,-0.013230,24.159639,1,-0.049459,12486.516602,4227.222168,15007.436523,-0.013124,-0.046594,23.822206,68291.093750,97750.085938,6882.047852,-4970.213867,-99618.968750,2746.094482,0.000000,0.000000,0.000000,0.000000,0.000000,0.000000,0.000000,0.000000,0.000000
313,5.216667,0.276367,0.000113,-45.286255,2.695755,-0.002410,-14.826893,-0.054772,-0.486651,14.952175,4564.523,1,0.574803,4,3,24.016350,1,0,0,-0.040097,0.999182,-0.005255,0.997695,0.040324,0.054577,-0.014180,0.315983,0.000000,0.000000,0.000000,1,0.049280,41030.593750,40894.773438,-3335.771973,-0.086954,0.022189,26.244173,1,-0.036543,19617.539062,19615.867188,256.116333,-0.041574,-0.001905,24.800434,1,0.022073,25099.357422,7813.937012,4451.389160,-0.018550,-0.013820,24.208807,1,-0.054373,12003.380859,4552.067383,14844.219727,-0.014133,-0.046088,23.825422,67862.437500,97728.523438,8232.909180,-5849.780273,-87669.000000,-64.550766,0.000000,0.000000,0.000000,0.000000,0.000000,0.000000,0.000000,0.000000,0.000000
314,5.233333,0.324951,0.000061,-45.532959,2.921963,-0.003118,-14.799450,-0.063317,-0.511710,14.954622,4569.474,1,0.622047,4,3,24.041855,1,0,0,-0.045310,0.998956,-0.005882,0.996967,0.045591,0.063072,-0.015809,0.315943,0.000000,0.000000,0.000000,1,0.054592,41745.082031,41654.292969,-2751.669434,-0.088468,0.024174,26.305290,1,-0.042222,18771.537109,18768.236328,352.038483,-0.039781,-0.002528,24.794018,1,0.027236,25660.552734,9132.180664,4807.442383,-0.022189,-0.014926,24.256725,1,-0.059215,11554.770508,4718.416016,14655.961914,-0.014650,-0.045503,23.828888,68701.125000,97710.164062,9618.132812,-6683.359863,-81449.867188,-1933.817993,0.000000,0.000000,0.000000,0.000000,0.000000,0.000000,0.000000,0.000000,0.000000
315,5.250000,0.377441,-0.000004,-45.779053,3.150967,-0.003877,-14.767389,-0.072249,-0.535000,14.956266,4574.327,1,0.669291,4,3,24.065172,1,0,0,-0.050474,0.998704,-0.006602,0.996113,0.050818,0.071944,-0.017541,0.313502,0.000000,0.000000,0.000000,1,0.059789,42421.015625,42362.914062,-2219.448242,-0.089901,0.022177,26.355427,1,-0.047868,17965.121094,17959.570312,446.577728,-0.038072,-0.003465,24.785791,1,0.032429,26199.923828,10473.230469,5189.026367,-0.026023,-0.016111,24.301294,1,-0.063957,11131.946289,4780.736816,14448.660156,-0.014843,-0.044860,23.831345,69394.601562,97697.492188,11065.111328,-7445.674805,-75621.750000,-3729.975586,0.000000,0.000000,0.000000,0.000000,0.000000,0.000000,0.000000,0.000000,0.000000
316,5.266667,0.433838,-0.000082,-46.024658,3.382282,-0.004672,-14.730506,-0.081541,-0.556634,14.957005,4578.763,1,0.724409,4,3,24.086241,1,0,0,-0.055547,0.998429,-0.007415,0.995128,0.055967,0.081163,-0.019330,0.308776,0.000000,0.000000,0.000000,1,0.064817,43027.937500,43002.941406,-1466.462891,-0.091187,0.017067,26.395559,1,-0.053408,17232.958984,17222.171875,609.650696,-0.036521,-0.005001,24.775784,1,0.037609,26713.437500,11822.623047,5590.279297,-0.029988,-0.017356,24.342352,1,-0.068572,10735.761719,4767.423828,14230.854492,-0.014802,-0.044183,23.832823,69988.406250,97691.609375,12519.434570,-8083.643555,-70698.453125,-5333.976074,0.000000,0.000000,0.000000,0.000000,0.000000,0.000000,0.000000,0.000000,0.000000
317,5.283333,0.494019,-0.000173,-46.269531,3.615577,-0.005485,-14.688774,-0.091170,-0.576869,14.956903,4582.771,1,0.771654,4,3,24.104967,1,0,0,-0.060497,0.998134,-0.008324,0.994008,0.061003,0.090705,-0.021125,0.302034,0.000000,0.000000,0.000000,1,0.069688,43622.570312,43610.589844,-1022.219910,-0.092447,0.013309,26.421537,1,-0.058836,16520.484375,16505.732422,697.989380,-0.035011,-0.007036,24.762699,1,0.042732,27198.650391,13171.965820,5996.239746,-0.034037,-0.018617,24.379738,1,-0.073039,10365.980469,4699.496094,14011.622070,-0.014591,-0.043503,23.833294,70439.117188,97691.765625,14071.313477,-8665.689453,-65491.175781,-6921.379395,0.000000,0.000000,0.000000,0.000000,0.000000,0.000000,0.000000,0.000000,0.000000
318,5.300000,0.558228,-0.000278,-46.513428,3.850374,-0.006302,-14.641870,-0.101111,-0.595623,14.955702,4586.335,1,0.818898,4,3,24.121332,1,0,0,-0.065288,0.997823,-0.009329,0.992748,0.065896,0.100542,-0.022881,0.293315,0.000000,0.000000,0.000000,1,0.074359,44152.636719,44149.050781,-562.663513,-0.093570,0.008163,26.439165,1,-0.064088,15884.935547,15865.240234,790.774902,-0.033664,-0.009674,24.747950,1,0.047755,27650.769531,11755.708984,6416.297363,-0.036499,-0.019921,24.413410,1,-0.077339,10023.224609,4577.598633,13795.736328,-0.014212,-0.042832,23.832748,68062.140625,97698.804688,15326.420898,-8942.342773,-73517.515625,-9764.064453,0.000000,0.000000,0.000000,0.000000,0.000000,0.000000,0.000000,0.000000,0.000000
319,5.316667,0.626221,-0.000397,-46.756714,4.077248,-0.007113,-14.590781,-0.111401,-0.616682,14.953576,4589.448,1,0.866142,4,3,24.135143,1,0,0,-0.069857,0.997502,-0.010429,0.991343,0.070583,0.110711,-0.024365,0.280870,0.000000,0.000000,0.000000,1,0.078776,44603.335938,44603.156250,-126.110016,-0.094525,0.002031,26.448154,1,-0.069087,15348.136719,15321.335938,906.630493,-0.032526,-0.012609,24.731451,1,0.052610,28047.687500,13130.006836,6654.187988,-0.040765,-0.020660,24.443150,1,-0.081425,9727.582031,4903.009766,13654.744141,-0.015223,-0.042395,23.831018,68866.375000,97718.414062,17017.962891,-9328.085938,-66436.625000,-10606.621094,0.000000,0.000000,0.000000,0.000000,0.000000,0.000000,0.000000,0.000000,0.000000
320,5.333333,0.697998,-0.000528,-46.998901,4.306802,-0.007872,-14.534055,-0.122008,-0.635723,14.950147,4592.076,1,0.921260,4,3,24.147697,1,0,0,-0.074186,0.997177,-0.011620,0.989790,0.075049,0.121175,-0.025764,0.267479,0.000000,0.000000,0.000000,1,0.082893,44972.437500,44969.156250,543.235779,-0.095308,0.001144,26.448938,1,-0.073767,14910.675781,14872.055664,1072.489502,-0.031599,-0.016039,24.712767,1,0.057266,28409.726562,14153.708008,6980.878906,-0.043944,-0.021674,24.470816,1,-0.085296,9454.709961,5079.135742,13515.941406,-0.015769,-0.041964,23.828846,69150.835938,97743.859375,18593.683594,-9416.070312,-62537.460938,-11417.614258,0.000000,0.000000,0.000000,0.000000,0.000000,0.000000,0.000000,0.000000,0.000000
321,5.350000,0.773560,-0.000671,-47.240234,4.537305,-0.008566,-14.472075,-0.132913,-0.653652,14.945700,4594.465,1,0.968504,4,3,24.157921,1,0,0,-0.078259,0.996850,-0.012899,0.988086,0.079278,0.131914,-0.026984,0.253155,0.000000,0.000000,0.000000,1,0.086776,45360.773438,45350.000000,988.574768,-0.096131,-0.000583,26.437140,1,-0.078181,14470.598633,14422.512695,1178.696777,-0.030667,-0.018541,24.690954,1,0.061701,28736.154297,15073.328125,7308.396973,-0.046799,-0.022691,24.495131,1,-0.088945,9206.865234,5217.960449,13388.747070,-0.016200,-0.041569,23.825354,69261.242188,97775.562500,20160.587891,-9382.769531,-58843.296875,-12280.785156,0.000000,0.000000,0.000000,0.000000,0.000000,0.000000,0.000000,0.000000,0.000000
322,5.366667,0.853027,-0.000823,-47.480225,4.768176,-0.009179,-14.404874,-0.144098,-0.670530,14.940268,4596.410,1,1.000000,4,3,24.165684,1,0,0,-0.082058,0.996526,-0.014259,0.986228,0.083255,0.142908,-0.027965,0.237819,0.000000,0.000000,0.000000,1,0.090481,45765.347656,45753.269531,1051.356323,-0.096988,-0.002482,26.416969,1,-0.082368,14032.412109,13982.074219,1187.516113,-0.029738,-0.019230,24.667139,1,0.065888,29023.923828,15908.396484,7620.035645,-0.049392,-0.023658,24.515985,1,-0.092366,8985.632812,5330.389648,13273.833008,-0.016550,-0.041212,23.820387,69281.820312,97813.523438,21669.382812,-9260.478516,-54709.332031,-13194.113281,0.000000,0.000000,0.000000,0.000000,0.000000,0.000000,0.000000,0.000000,0.000000
323,5.383333,0.936401,-0.000985,-47.719116,4.999115,-0.009695,-14.332643,-0.155543,-0.686229,14.934044,4597.887,1,1.000000,4,3,24.171047,1,0,0,-0.085564,0.996209,-0.015694,0.984215,0.086962,0.154136,-0.028653,0.221404,0.000000,0.000000,0.000000,1,0.094123,46252.968750,46251.695312,343.128876,-0.098021,-0.003086,26.395618,1,-0.086431,13531.603516,13493.686523,1012.277832,-0.028677,-0.016403,24.643158,1,0.069800,29268.871094,16633.367188,7910.490723,-0.051642,-0.024560,24.533501,1,-0.095552,8791.923828,5415.921387,13176.487305,-0.016815,-0.040910,23.813950,69252.640625,97856.632812,23050.421875,-9158.050781,-49017.527344,-14364.583984,0.000000,0.000000,0.000000,0.000000,0.000000,0.000000,0.000000,0.000000,0.000000
324,5.400000,1.023560,-0.001153,-47.956787,5.229957,-0.010100,-14.255808,-0.167223,-0.700305,14.927437,4598.907,1,1.000000,4,3,24.174072,1,0,0,-0.088751,0.995906,-0.017192,0.982049,0.090375,0.165568,-0.028984,0.203586,0.000000,0.000000,0.000000,1,0.097504,46545.156250,46544.394531,-266.308716,-0.098641,-0.002627,26.387581,1,-0.090152,13253.130859,13224.575195,869.525208,-0.028087,-0.014073,24.622482,1,0.073400,29462.912109,17130.560547,8182.409180,-0.053186,-0.025404,24.547812,1,-0.098494,8627.529297,5445.068848,13092.923828,-0.016906,-0.040650,23.806023,69015.343750,97905.093750,24321.820312,-8927.247070,-45121.703125,-15040.211914,0.000000,0.000000,0.000000,0.000000,0.000000,0.000000,0.000000,0.000000,0.000000
325,5.416667,1.114502,-0.001326,-48.192993,5.460008,-0.010378,-14.174735,-0.179117,-0.713269,14.920708,4599.483,1,1.000000,4,3,24.174833,1,0,0,-0.091608,0.995619,-0.018745,0.979728,0.093482,0.177185,-0.028983,0.185009,0.000000,0.000000,0.000000,1,0.100619,46793.960938,46787.296875,-789.761658,-0.099168,-0.001295,26.390999,1,-0.093511,13044.603516,13023.451172,742.563232,-0.027645,-0.011986,24.604498,1,0.076663,29609.238281,17511.046875,8408.040039,-0.054367,-0.026105,24.559067,1,-0.101193,8487.533203,5457.003906,13022.637695,-0.016943,-0.040432,23.796612,68699.453125,97956.507812,25554.269531,-8522.419922,-42093.500000,-15542.276367,0.000000,0.000000,0.000000,0.000000,0.000000,0.000000,0.000000,0.000000,0.000000
326,5.433333,1.209351,-0.001502,-48.427856,5.689006,-0.010520,-14.089554,-0.191213,-0.725369,14.913948,4599.628,1,1.000000,4,3,24.173738,1,0,0,-0.094124,0.995353,-0.020343,0.977252,0.096275,0.188969,-0.028615,0.165874,0.000000,0.000000,0.000000,1,0.103465,47000.054688,46983.804688,-1235.895142,-0.099605,0.000753,26.404257,1,-0.096491,12905.072266,12889.772461,628.210205,-0.027349,-0.010103,24.588907,1,0.079568,29708.496094,17820.941406,8579.274414,-0.055330,-0.026637,24.567804,1,-0.103649,8371.144531,5466.377441,12967.652344,-0.016972,-0.040261,23.785994,68358.609375,98010.429688,26772.183594,-7959.452637,-39640.972656,-15845.477539,0.000000,0.000000,0.000000,0.000000,0.000000,0.000000,0.000000,0.000000,0.000000
327,5.450000,1.307983,-0.001677,-48.661255,5.916868,-0.010520,-14.000313,-0.203497,-0.736768,14.907192,4599.420,1,1.000000,4,3,24.171268,1,0,0,-0.096293,0.995111,-0.021974,0.974621,0.098747,0.200908,-0.027861,0.146411,0.000000,0.000000,0.000000,1,0.106038,47164.250000,47136.769531,-1609.854980,-0.099953,0.003376,26.425901,1,-0.099082,12831.046875,12820.312500,524.736694,-0.027192,-0.008398,24.575474,1,0.082101,29761.941406,18089.572266,8709.237305,-0.056164,-0.027040,24.574661,1,-0.105867,8276.919922,5481.717285,12931.000977,-0.017019,-0.040148,23.774498,68028.562500,98063.593750,27970.542969,-7280.647461,-37575.625000,-15916.032227,0.000000,0.000000,0.000000,0.000000,0.000000,0.000000,0.000000,0.000000,0.000000
328,5.466667,1.410400,-0.001850,-48.893066,6.143630,-0.010378,-13.907078,-0.215961,-0.747576,14.900516,4598.950,1,1.000000,4,3,24.167707,1,0,0,-0.098113,0.994895,-0.023628,0.971831,0.100897,0.212989,-0.026723,0.126894,0.000000,0.000000,0.000000,1,0.108341,47289.445312,47250.218750,-1925.691772,-0.100218,0.006466,26.454575,1,-0.101278,12818.890625,12811.717773,428.761719,-0.027166,-0.006824,24.563992,1,0.084251,29772.234375,18306.837891,8800.001953,-0.056838,-0.027322,24.580053,1,-0.107851,8202.988281,5503.890137,12914.940430,-0.017088,-0.040098,23.762280,67689.710938,98116.179688,29155.703125,-6471.485352,-35894.132812,-15801.970703,0.000000,0.000000,0.000000,0.000000,0.000000,0.000000,0.000000,0.000000,0.000000
329,5.483333,1.516602,-0.002018,-49.123291,6.369262,-0.010096,-13.809892,-0.228597,-0.757902,14.893967,4598.272,1,1.000000,4,3,24.163284,1,0,0,-0.099587,0.994707,-0.025295,0.968881,0.102728,0.225204,-0.025197,0.107526,0.000000,0.000000,0.000000,1,0.110375,47377.054688,47326.496094,-2188.083984,-0.100404,0.009927,26.489185,1,-0.103083,12863.488281,12859.041016,338.214508,-0.027261,-0.005350,24.554319,1,0.086017,29741.621094,18493.914062,8850.184570,-0.057419,-0.027478,24.584337,1,-0.109609,8148.529297,5535.479004,12916.123047,-0.017186,-0.040101,23.749443,67357.898438,98165.625000,30339.808594,-5572.673828,-34491.847656,-15488.893555,0.000000,0.000000,0.000000,0.000000,0.000000,0.000000,0.000000,0.000000,0.000000
330,5.500000,1.626465,-0.002180,-49.351807,6.593789,-0.009682,-13.708759,-0.241397,-0.767826,14.887566,4597.430,1,1.000000,4,3,24.158283,1,0,0,-0.100720,0.994549,-0.026963,0.965767,0.104245,0.237543,-0.023297,0.088527,0.000000,0.000000,0.000000,1,0.112145,47429.343750,47368.316406,-2405.208496,-0.100514,0.013681,26.528728,1,-0.104500,12960.824219,12958.384766,251.484787,-0.027467,-0.003951,24.546354,1,0.087398,29673.500000,18653.070312,8880.110352,-0.057913,-0.027571,24.587925,1,-0.111148,8111.924805,5577.176758,12937.704102,-0.017316,-0.040168,23.736149,67033.531250,98212.125000,31506.662109,-4603.648438,-33322.625000,-14985.164062,0.000000,0.000000,0.000000,0.000000,0.000000,0.000000,0.000000,0.000000,0.000000
331,5.516667,1.740112,-0.002332,-49.578491,6.817234,-0.009143,-13.603737,-0.254357,-0.777413,14.881398,4596.479,1,1.000000,4,3,24.152708,1,0,0,-0.101522,0.994421,-0.028622,0.962486,0.105457,0.249998,-0.021050,0.070107,0.000000,0.000000,0.000000,1,0.113658,47448.890625,47378.406250,-2585.288818,-0.100556,0.017667,26.572353,1,-0.105541,13104.494141,13103.435547,166.585129,-0.027772,-0.002598,24.540024,1,0.088403,29571.320312,18781.507812,8872.403320,-0.058312,-0.027547,24.590912,1,-0.112477,8091.251953,5627.008789,12974.755859,-0.017470,-0.040283,23.722313,66696.914062,98253.117188,32681.011719,-3584.140625,-32379.027344,-14329.817383,0.000000,0.000000,0.000000,0.000000,0.000000,0.000000,0.000000,0.000000,0.000000
332,5.533333,1.857422,-0.002474,-49.803345,7.039557,-0.008493,-13.494801,-0.267471,-0.786727,14.875445,4595.418,1,1.000000,4,3,24.146826,1,0,0,-0.102005,0.994323,-0.030263,0.959033,0.106376,0.262564,-0.018479,0.052422,0.000000,0.000000,0.000000,1,0.114923,47438.335938,47359.480469,-2734.086914,-0.100533,0.021835,26.619364,1,-0.106222,13289.786133,13289.531250,82.417259,-0.028164,-0.001275,24.535295,1,0.089043,29438.503906,18901.355469,8850.064453,-0.058684,-0.027477,24.593678,1,-0.113607,8085.703125,5689.200684,13028.100586,-0.017664,-0.040449,23.708094,66372.875000,98289.382812,33849.488281,-2544.929932,-31524.632812,-13517.724609,0.000000,0.000000,0.000000,0.000000,0.000000,0.000000,0.000000,0.000000,0.000000
333,5.550000,1.978394,-0.002603,-50.026367,7.260799,-0.007746,-13.381968,-0.280736,-0.795794,14.869762,4594.299,1,1.000000,4,3,24.140619,1,0,0,-0.102183,0.994255,-0.031876,0.955403,0.107014,0.275232,-0.015628,0.035638,0.000000,0.000000,0.000000,1,0.115947,47399.359375,47313.363281,-2853.951172,-0.100451,0.026139,26.669170,1,-0.106561,13510.289062,13510.289062,-1.916587,-0.028632,-0.001267,24.532154,1,0.089334,29279.017578,18992.869141,8805.273438,-0.058968,-0.027338,24.596272,1,-0.114547,8093.270508,5760.459961,13096.352539,-0.017885,-0.040661,23.693409,66031.468750,98317.843750,35013.859375,-1516.311035,-30837.367188,-12577.405273,0.000000,0.000000,0.000000,0.000000,0.000000,0.000000,0.000000,0.000000,0.000000
334,5.566667,2.103027,-0.002718,-50.247437,7.480904,-0.006923,-13.265256,-0.294147,-0.804661,14.864375,4593.118,1,1.000000,4,3,24.134180,1,0,0,-0.102075,0.994214,-0.033453,0.951591,0.107389,0.287997,-0.012543,0.019889,0.000000,0.000000,0.000000,1,0.116742,47336.062500,47243.828125,-2953.617188,-0.100317,0.030548,26.721230,1,-0.106579,13761.043945,13760.764648,-87.757156,-0.029163,-0.000899,24.530603,1,0.089294,29096.855469,19066.046875,8745.328125,-0.059195,-0.027152,24.598867,1,-0.115309,8112.776367,5837.814941,13174.994141,-0.018125,-0.040905,23.678270,65671.640625,98340.914062,36178.492188,-497.431396,-30270.828125,-11542.686523,0.000000,0.000000,0.000000,0.000000,0.000000,0.000000,0.000000,0.000000,0.000000
335,5.583333,2.231323,-0.002819,-50.466431,7.699810,-0.006037,-13.144661,-0.307704,-0.813362,14.859293,4591.893,1,1.000000,4,3,24.127567,1,0,0,-0.101698,0.994200,-0.034988,0.947590,0.107518,0.300853,-0.009265,0.005262,0.000000,0.000000,0.000000,1,0.117322,47250.070312,47152.460938,-3035.615234,-0.100134,0.035037,26.775164,1,-0.106302,14036.088867,14034.987305,-175.770584,-0.029746,-0.000189,24.530670,1,0.088947,28895.578125,19128.835938,8661.960938,-0.059390,-0.026893,24.601582,1,-0.115904,8142.721680,5924.837402,13263.927734,-0.018395,-0.041181,23.662685,65296.468750,98356.054688,37352.976562,488.266846,-29752.875000,-10422.133789,0.000000,0.000000,0.000000,0.000000,0.000000,0.000000,0.000000,0.000000,0.000000
336,5.600000,2.363281,-0.002904,-50.683472,7.917464,-0.005110,-13.020151,-0.321402,-0.821910,14.854499,4590.635,1,1.000000,4,3,24.120939,1,0,0,-0.101073,0.994210,-0.036474,0.943395,0.107419,0.313795,-0.005845,-0.008161,0.000000,0.000000,0.000000,1,0.117697,47144.335938,47042.230469,-3101.039062,-0.099910,0.039582,26.830639,1,-0.105754,14330.478516,14328.024414,-265.151917,-0.030370,0.000843,24.532398,1,0.088317,28679.046875,19180.156250,8571.992188,-0.059550,-0.026614,24.604647,1,-0.116345,8182.160156,6020.925781,13362.292969,-0.018693,-0.041487,23.646742,64907.386719,98364.476562,38520.035156,1423.209473,-29295.308594,-9219.667969,0.000000,0.000000,0.000000,0.000000,0.000000,0.000000,0.000000,0.000000,0.000000
337,5.616667,2.498901,-0.002973,-50.898315,8.133822,-0.004160,-12.891751,-0.335240,-0.830323,14.850030,4589.374,1,1.000000,4,3,24.114260,1,0,0,-0.100222,0.994243,-0.037905,0.938998,0.107113,0.326816,-0.002337,-0.020301,0.000000,0.000000,0.000000,1,0.117883,47021.667969,46915.699219,-3155.067871,-0.099650,0.044166,26.887342,1,-0.104965,14638.719727,14634.356445,-357.400604,-0.031023,0.002183,24.535810,1,0.087430,28451.335938,19225.367188,8478.538086,-0.059690,-0.026324,24.608055,1,-0.116642,8229.645508,6122.487305,13467.440430,-0.019009,-0.041813,23.630373,64499.195312,98366.187500,39681.250000,2291.569336,-28848.511719,-7980.028809,0.000000,0.000000,0.000000,0.000000,0.000000,0.000000,0.000000,0.000000,0.000000
338,5.633333,2.638062,-0.003027,-51.110962,8.348820,-0.003206,-12.759480,-0.349215,-0.838604,14.845919,4588.103,1,1.000000,4,3,24.107492,1,0,0,-0.099167,0.994295,-0.039279,0.934395,0.106621,0.339910,0.001206,-0.031130,0.000000,0.000000,0.000000,1,0.117894,46884.242188,46774.933594,-3199.692383,-0.099359,0.045398,26.945063,1,-0.103961,14955.501953,14948.708984,-450.702942,-0.031694,0.003810,24.540962,1,0.086314,28215.699219,19258.972656,8371.901367,-0.059794,-0.025993,24.611795,1,-0.116808,8283.915039,6230.825684,13575.446289,-0.019345,-0.042148,23.613522,64061.328125,98359.953125,40845.140625,3169.921143,-28437.250000,-6678.627930,0.000000,0.000000,0.000000,0.000000,0.000000,0.000000,0.000000,0.000000,0.000000
339,5.650000,2.780762,-0.003064,-51.321289,8.562358,-0.002271,-12.623330,-0.363326,-0.846762,14.842147,4586.815,1,1.000000,4,3,24.100760,1,0,0,-0.097930,0.994365,-0.040591,0.929577,0.105962,0.353072,0.004754,-0.040615,0.000000,0.000000,0.000000,1,0.117743,46734.238281,46622.085938,-3235.780273,-0.099041,0.045300,27.003622,1,-0.102774,15276.332031,15266.538086,-546.946594,-0.032374,0.005713,24.547874,1,0.085002,27977.435547,19286.476562,8256.768555,-0.059880,-0.025635,24.616026,1,-0.116851,8345.448242,6345.953613,13689.687500,-0.019703,-0.042503,23.596277,63597.843750,98349.875000,42004.960938,4101.367188,-27994.140625,-5322.095215,0.000000,0.000000,0.000000,0.000000,0.000000,0.000000,0.000000,0.000000,0.000000
340,5.666667,2.927002,-0.003087,-51.529419,8.774351,-0.001366,-12.483314,-0.377570,-0.854787,14.838727,4585.534,1,1.000000,4,3,24.094088,1,0,0,-0.096535,0.994450,-0.041838,0.924538,0.105159,0.366294,0.008294,-0.048750,0.000000,0.000000,0.000000,1,0.117442,46571.960938,46457.546875,-3262.526367,-0.098697,0.045088,27.062859,1,-0.101434,15594.774414,15581.496094,-643.385437,-0.033049,0.007871,24.556601,1,0.083528,27741.265625,19309.560547,8149.708984,-0.059951,-0.025303,24.620808,1,-0.116779,8415.373047,6467.183594,13811.168945,-0.020079,-0.042880,23.578636,63115.707031,98335.609375,43137.203125,4893.547363,-27532.332031,-3969.362305,0.000000,0.000000,0.000000,0.000000,0.000000,0.000000,0.000000,0.000000,0.000000
341,5.683333,3.076660,-0.003096,-51.735107,8.984736,-0.000502,-12.339523,-0.391944,-0.862675,14.835751,4584.265,1,1.000000,4,3,24.087296,1,0,0,-0.095005,0.994547,-0.043020,0.919273,0.104233,0.379570,0.011760,-0.055536,0.000000,0.000000,0.000000,1,0.117006,46399.558594,46283.234375,-3283.482666,-0.098332,0.044809,27.122599,1,-0.099972,15906.860352,15889.623047,-740.305786,-0.033711,0.009263,24.567146,1,0.081925,27510.357422,19330.949219,8036.637695,-0.060018,-0.024952,24.625950,1,-0.116598,8492.235352,6593.876953,13934.962891,-0.020472,-0.043265,23.560423,62606.203125,98317.054688,44260.328125,5536.183594,-27018.113281,-2657.533691,0.000000,0.000000,0.000000,0.000000,0.000000,0.000000,0.000000,0.000000,0.000000
342,5.700000,3.229980,-0.003090,-51.938232,9.193424,0.000309,-12.191989,-0.406448,-0.870410,14.833228,4582.973,1,1.000000,4,3,24.080427,1,0,0,-0.093361,0.994653,-0.044137,0.913775,0.103204,0.392892,0.015092,-0.061007,0.000000,0.000000,0.000000,1,0.116446,46220.007812,46102.085938,-3299.481689,-0.097952,0.044475,27.182734,1,-0.098418,16209.175781,16187.455078,-838.855469,-0.034351,0.010255,24.579519,1,0.080225,27287.384766,19343.761719,7899.929688,-0.060058,-0.024527,24.631516,1,-0.116317,8575.139648,6721.823730,14059.172852,-0.020870,-0.043650,23.541668,62049.664062,98295.757812,45387.761719,6044.533203,-26503.640625,-1418.698730,0.000000,0.000000,0.000000,0.000000,0.000000,0.000000,0.000000,0.000000,0.000000
343,5.716667,3.386719,-0.003073,-52.138916,9.400256,0.001062,-12.040696,-0.421077,-0.877993,14.831115,4581.666,1,1.000000,4,3,24.073759,1,0,0,-0.091626,0.994768,-0.045188,0.908040,0.102092,0.406253,0.018247,-0.065237,0.000000,0.000000,0.000000,1,0.115778,46034.906250,45915.906250,-3307.880859,-0.097559,0.044059,27.243168,1,-0.096799,16499.039062,16472.552734,-934.511780,-0.034966,0.011171,24.593750,1,0.078460,27074.062500,19363.927734,7788.786133,-0.060120,-0.024182,24.637838,1,-0.115942,8662.936523,6856.435059,14185.193359,-0.021288,-0.044042,23.522594,61491.601562,98271.062500,46476.156250,6398.032227,-25910.996094,-219.886230,0.000000,0.000000,0.000000,0.000000,0.000000,0.000000,0.000000,0.000000,0.000000
344,5.733333,3.546753,-0.003044,-52.336914,9.605228,0.001746,-11.885776,-0.435829,-0.885401,14.829536,4580.397,1,1.000000,4,3,24.066963,1,0,0,-0.089820,0.994887,-0.046176,0.902061,0.100917,0.419644,0.021159,-0.068249,0.000000,0.000000,0.000000,1,0.115015,45847.562500,45727.664062,-3313.567383,-0.097162,0.043622,27.303761,1,-0.095141,16774.253906,16742.617188,-1029.747070,-0.035549,0.012042,24.609785,1,0.076658,26872.773438,19376.714844,7664.871094,-0.060160,-0.023798,24.644535,1,-0.115483,8754.492188,6989.603516,14306.744141,-0.021701,-0.044419,23.502928,60887.976562,98245.726562,47561.019531,6621.307617,-25325.179688,885.392944,0.000000,0.000000,0.000000,0.000000,0.000000,0.000000,0.000000,0.000000,0.000000
345,5.750000,3.710327,-0.003004,-52.532471,9.808188,0.002361,-11.727239,-0.450701,-0.892636,14.828460,4579.104,1,1.000000,4,3,24.060247,1,0,0,-0.087964,0.995009,-0.047103,0.895836,0.099697,0.433058,0.023794,-0.070129,0.000000,0.000000,0.000000,1,0.114171,45659.484375,45539.171875,-3312.426758,-0.096764,0.043119,27.364460,1,-0.093469,17032.257812,16995.269531,-1121.891357,-0.036096,0.012845,24.627617,1,0.074845,26684.738281,19395.708984,7540.068359,-0.060219,-0.023410,24.651833,1,-0.114950,8848.470703,7126.025391,14423.467773,-0.022125,-0.044781,23.482859,60265.820312,98218.304688,48634.488281,6689.078613,-24655.785156,1893.308228,0.000000,0.000000,0.000000,0.000000,0.000000,0.000000,0.000000,0.000000,0.000000
346,5.766667,3.877075,-0.002956,-52.725098,10.009074,0.002902,-11.565124,-0.465690,-0.899676,14.827901,4577.826,1,1.000000,4,3,24.053679,1,0,0,-0.086074,0.995133,-0.047975,0.889358,0.098450,0.446486,0.026106,-0.070954,0.000000,0.000000,0.000000,1,0.113261,45473.191406,45352.820312,-3306.497314,-0.096369,0.042575,27.425138,1,-0.091804,17271.910156,17229.357422,-1211.665527,-0.036603,0.013590,24.647186,1,0.073046,26510.822266,19401.191406,7422.625977,-0.060236,-0.023045,24.659792,1,-0.114352,8943.543945,7257.711426,14531.105469,-0.022533,-0.045115,23.462463,59600.648438,98189.835938,49682.531250,6656.007812,-24073.410156,2805.685547,0.000000,0.000000,0.000000,0.000000,0.000000,0.000000,0.000000,0.000000,0.000000
347,5.783333,4.047241,-0.002900,-52.915161,10.207743,0.003366,-11.399515,-0.480794,-0.906545,14.827883,4576.577,1,1.000000,4,3,24.047276,1,0,0,-0.084168,0.995256,-0.048796,0.882626,0.097192,0.459918,0.028072,-0.070815,0.000000,0.000000,0.000000,1,0.112300,45290.609375,45170.585938,-3295.012939,-0.095982,0.041986,27.485704,1,-0.090166,17492.117188,17443.988281,-1296.684204,-0.037070,0.014260,24.668447,1,0.071282,26352.261719,19418.488281,7306.586426,-0.060290,-0.022685,24.668398,1,-0.113699,9039.009766,7391.049316,14630.214844,-0.022947,-0.045423,23.441793,58922.328125,98161.851562,50722.546875,6488.101562,-23398.152344,3612.494141,0.000000,0.000000,0.000000,0.000000,0.000000,0.000000,0.000000,0.000000,0.000000
348,5.800000,4.220703,-0.002837,-53.102295,10.404150,0.003755,-11.230440,-0.496009,-0.913216,14.828419,4575.358,1,1.000000,4,3,24.041121,1,0,0,-0.082262,0.995377,-0.049570,0.875636,0.095939,0.473347,0.029657,-0.069790,0.000000,0.000000,0.000000,1,0.111301,45113.398438,44993.843750,-3282.222656,-0.095606,0.041399,27.546055,1,-0.088573,17691.451172,17637.832031,-1376.347168,-0.037493,0.014851,24.691313,1,0.069572,26209.119141,19441.064453,7198.447754,-0.060360,-0.022349,24.677713,1,-0.113002,9133.220703,7522.172852,14716.533203,-0.023354,-0.045691,23.420948,58219.660156,98132.710938,51749.097656,6226.230957,-22692.687500,4309.262207,0.000000,0.000000,0.000000,0.000000,0.000000,0.000000,0.000000,0.000000,0.000000
349,5.816667,4.397339,-0.002769,-53.286621,10.598215,0.004066,-11.057943,-0.511331,-0.919683,14.829505,4574.187,1,1.000000,4,3,24.035273,1,0,0,-0.080369,0.995495,-0.050305,0.868386,0.094704,0.486762,0.030848,-0.067978,0.000000,0.000000,0.000000,1,0.110279,44943.933594,44825.375000,-3262.391113,-0.095247,0.040754,27.606165,1,-0.087040,17870.283203,17811.316406,-1450.530640,-0.037872,0.015371,24.715681,1,0.067932,26082.457031,19464.279297,7099.567383,-0.060432,-0.022042,24.687757,1,-0.112270,9225.412109,7649.032227,14792.656250,-0.023748,-0.045928,23.400034,57495.835938,98105.921875,52754.996094,5865.969238,-21992.527344,4899.403809,0.000000,0.000000,0.000000,0.000000,0.000000,0.000000,0.000000,0.000000,0.000000
350,5.833333,4.577148,-0.002698,-53.468018,10.789868,0.004308,-10.882093,-0.526758,-0.925947,14.831181,4573.074,1,1.000000,4,3,24.029739,1,0,0,-0.078501,0.995608,-0.051006,0.860873,0.093501,0.500155,0.031626,-0.065462,0.000000,0.000000,0.000000,1,0.109245,44782.960938,44665.519531,-3241.166260,-0.094906,0.040110,27.665903,1,-0.085580,18026.765625,17962.626953,-1519.318726,-0.038203,0.015822,24.741447,1,0.066377,25971.345703,19492.828125,7008.809570,-0.060520,-0.021761,24.698492,1,-0.111515,9313.957031,7769.333496,14852.749023,-0.024122,-0.046114,23.379093,56744.378906,98077.125000,53747.976562,5445.129395,-21299.082031,5388.715820,0.000000,0.000000,0.000000,0.000000,0.000000,0.000000,0.000000,0.000000,0.000000
351,5.850000,4.760132,-0.002623,-53.646362,10.979016,0.004473,-10.702933,-0.542286,-0.932010,14.833428,4572.021,1,1.000000,4,3,24.024612,1,0,0,-0.076669,0.995716,-0.051681,0.853096,0.092340,0.513517,0.031990,-0.062333,0.000000,0.000000,0.000000,1,0.108214,44632.703125,44516.796875,-3214.489502,-0.094588,0.039429,27.725241,1,-0.084206,18162.578125,18093.466797,-1582.945923,-0.038491,0.016211,24.768511,1,0.064919,25876.949219,19520.568359,6925.781738,-0.060607,-0.021503,24.709963,1,-0.110747,9398.805664,7886.178223,14896.667969,-0.024485,-0.046250,23.358271,55968.007812,98052.156250,54728.273438,4958.867188,-20629.164062,5765.312988,0.000000,0.000000,0.000000,0.000000,0.000000,0.000000,0.000000,0.000000,0.000000
352,5.866667,4.946289,-0.002547,-53.821777,11.165576,0.004573,-10.520506,-0.557912,-0.937880,14.836245,4571.046,1,1.000000,4,3,24.019989,1,0,0,-0.074882,0.995818,-0.052335,0.845055,0.091233,0.526838,0.031942,-0.058687,0.000000,0.000000,0.000000,1,0.107197,44493.742188,44379.601562,-3184.969971,-0.094293,0.038737,27.784079,1,-0.082925,18276.863281,18203.228516,-1638.954956,-0.038733,0.016521,24.796774,1,0.063567,25798.386719,19562.929688,6853.933105,-0.060738,-0.021280,24.722219,1,-0.109974,9478.706055,7997.227051,14925.642578,-0.024829,-0.046340,23.337706,55180.460938,98028.093750,55697.902344,4416.670898,-19913.386719,6042.334473,0.000000,0.000000,0.000000,0.000000,0.000000,0.000000,0.000000,0.000000,0.000000
353,5.883333,5.135376,-0.002470,-53.994019,11.349511,0.004611,-10.334846,-0.573633,-0.943543,14.839636,4570.167,1,1.000000,4,3,24.015909,1,0,0,-0.073147,0.995913,-0.052976,0.836748,0.090188,0.540110,0.031481,-0.054604,0.000000,0.000000,0.000000,1,0.106205,44367.136719,44254.863281,-3154.363525,-0.094025,0.038056,27.842361,1,-0.081748,18369.089844,18291.347656,-1688.206421,-0.038929,0.016764,24.826094,1,0.062329,25735.464844,19598.882812,6778.143066,-0.060850,-0.021044,24.735247,1,-0.109207,9552.662109,8100.116699,14934.038086,-0.025149,-0.046366,23.317492,54348.828125,98004.132812,56662.757812,3851.416992,-19258.128906,6188.337891,0.000000,0.000000,0.000000,0.000000,0.000000,0.000000,0.000000,0.000000,0.000000
354,5.900000,5.327637,-0.002394,-54.163086,11.530674,0.004588,-10.145970,-0.589445,-0.949018,14.843531,4569.390,1,1.000000,4,3,24.012663,1,0,0,-0.071471,0.996001,-0.053611,0.828175,0.089212,0.553323,0.030643,-0.050210,0.000000,0.000000,0.000000,1,0.105247,44253.601562,44143.375000,-3121.492676,-0.093784,0.037369,27.900068,1,-0.080677,18442.343750,18360.900391,-1731.289429,-0.039084,0.016947,24.856342,1,0.061211,25687.279297,19655.822266,6734.192383,-0.061026,-0.020908,24.749310,1,-0.108455,9620.747070,8199.203125,14931.587891,-0.025456,-0.046359,23.297941,53526.789062,97983.703125,57604.269531,3270.752686,-18545.703125,6275.318359,0.000000,0.000000,0.000000,0.000000,0.000000,0.000000,0.000000,0.000000,0.000000
355,5.916667,5.522827,-0.002318,-54.329102,11.709097,0.004512,-9.953956,-0.605345,-0.954289,14.848013,4568.772,1,1.000000,4,3,24.009993,1,0,0,-0.069857,0.996081,-0.054247,0.819338,0.088312,0.566469,0.029433,-0.045553,0.000000,0.000000,0.000000,1,0.104334,44153.390625,44045.640625,-3082.815918,-0.093572,0.036642,27.957157,1,-0.079719,18495.015625,18410.398438,-1767.151978,-0.039195,0.017066,24.887403,1,0.060215,25653.535156,19715.087891,6703.815430,-0.061210,-0.020814,24.764055,1,-0.107725,9681.980469,8290.710938,14908.916016,-0.025741,-0.046288,23.278893,52684.968750,97963.664062,58530.664062,2665.175049,-17879.449219,6273.990234,0.000000,0.000000,0.000000,0.000000,0.000000,0.000000,0.000000,0.000000,0.000000
356,5.933333,5.720825,-0.002245,-54.491699,11.884713,0.004386,-9.758854,-0.621331,-0.959368,14.853071,4568.264,1,1.000000,4,3,24.007973,1,0,0,-0.068309,0.996153,-0.054889,0.810235,0.087493,0.579538,0.027864,-0.040705,0.000000,0.000000,0.000000,1,0.103472,44068.007812,43962.808594,-3043.194336,-0.093391,0.035927,28.013519,1,-0.078875,18528.925781,18441.388672,-1798.967041,-0.039267,0.017151,24.919140,1,0.059346,25634.009766,19773.285156,6667.964844,-0.061391,-0.020702,24.779486,1,-0.107025,9736.121094,8372.916016,14869.298828,-0.025996,-0.046165,23.260481,51803.859375,97947.335938,59456.492188,2068.570557,-17250.753906,6164.150391,0.000000,0.000000,0.000000,0.000000,0.000000,0.000000,0.000000,0.000000,0.000000
357,5.950000,5.921875,-0.002175,-54.651123,12.057393,0.004220,-9.560665,-0.637398,-0.964269,14.858633,4567.880,1,1.000000,4,3,24.006866,1,0,0,-0.066827,0.996217,-0.055543,0.800869,0.086759,0.592522,0.025982,-0.035770,0.000000,0.000000,0.000000,1,0.102670,43996.421875,43893.859375,-3002.343994,-0.093239,0.035219,28.069136,1,-0.078146,18544.841797,18455.103516,-1822.165283,-0.039301,0.017164,24.951477,1,0.058602,25627.076172,19855.324219,6652.471680,-0.061646,-0.020654,24.795851,1,-0.106362,9782.719727,8451.209961,14814.992188,-0.026239,-0.045997,23.242987,50929.007812,97931.898438,60374.265625,1470.469238,-16545.843750,5995.773926,0.000000,0.000000,0.000000,0.000000,0.000000,0.000000,0.000000,0.000000,0.000000
358,5.966667,6.125732,-0.002108,-54.807129,12.227157,0.004015,-9.359418,-0.653545,-0.968968,14.864725,4567.669,1,1.000000,4,3,24.006599,1,0,0,-0.065414,0.996273,-0.056216,0.791240,0.086112,0.605412,0.023802,-0.030795,0.000000,0.000000,0.000000,1,0.101933,43939.460938,43839.578125,-2961.072266,-0.093118,0.034525,28.123985,1,-0.077533,18543.482422,18451.986328,-1839.833862,-0.039298,0.017135,24.984251,1,0.057983,25632.382812,19926.599609,6652.877441,-0.061867,-0.020656,24.813000,1,-0.105743,9821.602539,8520.200195,14745.561523,-0.026453,-0.045781,23.226406,50022.445312,97918.539062,61266.582031,910.406250,-15952.355469,5755.635742,0.000000,0.000000,0.000000,0.000000,0.000000,0.000000,0.000000,0.000000,0.000000
359,5.983333,6.332153,-0.002045,-54.959717,12.393898,0.003779,-9.155196,-0.669767,-0.973498,14.871344,4567.619,1,1.000000,4,3,24.007154,1,0,0,-0.064066,0.996321,-0.056911,0.781350,0.085556,0.618201,0.021372,-0.025858,0.000000,0.000000,0.000000,1,0.101266,43896.390625,43799.441406,-2915.864746,-0.093027,0.033806,28.178059,1,-0.077035,18526.380859,18433.453125,-1853.277954,-0.039262,0.017074,25.017359,1,0.057488,25648.982422,20013.849609,6667.895508,-0.062138,-0.020702,24.830849,1,-0.105172,9853.061523,8582.322266,14661.252930,-0.026646,-0.045520,23.210785,49109.753906,97907.406250,62151.414062,366.770020,-15357.496094,5481.920410,0.000000,0.000000,0.000000,0.000000,0.000000,0.000000,0.000000,0.000000,0.000000
360,6.000000,6.541504,-0.001987,-55.108765,12.557597,0.003516,-8.948025,-0.686062,-0.977860,14.878491,4567.724,1,0.897638,4,3,24.008532,1,0,0,-0.062784,0.996362,-0.057634,0.771201,0.085089,0.630879,0.018707,-0.020987,0.000000,0.000000,0.000000,1,0.101264,44422.406250,43790.421875,-7466.544922,-0.094142,0.040345,28.231283,1,-0.077243,17937.421875,20134.955078,-5014.158691,-0.043974,0.023026,25.050720,1,0.057112,25676.214844,20105.789062,6673.061035,-0.062424,-0.020718,24.849337,1,-0.104654,9876.388672,8636.194336,14561.282227,-0.026813,-0.045209,23.196177,45190.398438,97895.804688,66405.046875,-1486.741821,-8157.138672,1874.652954,0.000000,0.000000,0.000000,0.000000,0.000000,0.000000,0.000000,0.000000,0.000000
361,6.016667,6.753296,-0.001933,-55.254150,12.708232,0.003242,-8.726675,-0.702397,-0.980180,14.870988,4567.986,1,0.803150,4,3,24.011026,1,0,0,-0.061530,0.996397,-0.058373,0.760818,0.084676,0.643417,0.016664,-0.018503,0.000000,0.000000,0.000000,1,0.101232,44393.589844,47162.042969,-24772.570312,-0.112668,0.047336,28.370049,1,-0.077375,17977.566406,14944.556641,-10944.378906,-0.031671,0.023194,25.143688,1,0.056756,25650.703125,19898.482422,7443.962891,-0.061780,-0.023112,24.868761,1,-0.104219,9875.484375,8557.455078,14580.083984,-0.026569,-0.045268,23.182877,25826.769531,97880.945312,72790.296875,-4923.813965,35639.898438,-8276.427734,0.000000,0.000000,0.000000,0.000000,0.000000,0.000000,0.000000,0.000000,0.000000
362,6.033333,6.966431,-0.001883,-55.395508,12.794321,0.002965,-8.484040,-0.718561,-0.970026,14.808737,4568.461,1,0.700787,4,3,24.004105,1,0,0,-0.060196,0.996438,-0.059066,0.750350,0.084195,0.655657,0.017551,-0.023115,0.000000,0.000000,0.000000,1,0.101236,44422.625000,39737.109375,-8909.218750,-0.084213,0.018881,28.834124,1,-0.077277,18173.523438,6655.567871,-5999.008301,-0.025151,0.012713,25.348486,1,0.056131,25442.138672,18772.851562,10975.249023,-0.058285,-0.027181,24.876820,1,-0.103924,9829.891602,8106.728516,14955.253906,-0.025169,-0.046432,23.162004,42758.179688,97849.765625,46786.199219,10008.534180,26163.078125,2171.117676,0.000000,0.000000,0.000000,0.000000,0.000000,0.000000,0.000000,0.000000,0.000000
363,6.050000,7.182129,-0.001843,-55.534424,12.936849,0.002407,-8.328086,-0.734601,-0.962550,14.851526,4567.145,1,0.614173,4,3,23.950752,1,0,0,-0.058804,0.996487,-0.059627,0.739772,0.083605,0.667643,0.023691,-0.026498,0.000000,0.000000,0.000000,1,0.100919,44121.898438,28248.509766,-1156.167236,-0.075175,0.002450,29.000008,1,-0.077003,18354.187500,-12066.712891,-3594.498535,-0.006323,0.007618,25.460026,1,0.055560,25414.263672,18600.035156,7840.546875,-0.057749,-0.024343,24.830006,1,-0.103365,10028.535156,8194.376953,14272.349609,-0.025442,-0.044312,23.102634,37371.261719,97911.328125,18366.710938,23479.091797,90807.765625,-868.265625,0.000000,0.000000,0.000000,0.000000,0.000000,0.000000,0.000000,0.000000,0.000000
364,6.066667,7.399780,-0.001812,-55.672119,13.061419,0.001845,-8.266864,-0.750207,-0.936630,14.952572,4556.993,1,0.519685,4,3,23.943224,1,0,0,-0.057214,0.996567,-0.059840,0.729314,0.082652,0.679168,0.041695,-0.039583,0.000000,0.000000,0.000000,1,0.100025,43533.792969,7766.816406,-345.022308,-0.053381,0.001812,29.020153,1,-0.076457,18649.722656,-22354.880859,-1052.998291,0.023582,0.003497,25.526222,1,0.054966,25342.058594,18130.654297,4519.917480,-0.056291,-0.014033,24.835926,1,-0.102135,10514.426758,8370.183594,13108.776367,-0.025987,-0.040700,23.082609,22705.722656,98052.664062,-6663.083496,33449.507812,168549.828125,-9321.037109,0.000000,0.000000,0.000000,0.000000,0.000000,0.000000,0.000000,0.000000,0.000000
365,6.083333,7.618774,-0.001786,-55.810303,13.137105,0.001558,-8.289074,-0.765009,-0.888547,15.077383,4555.561,1,0.433071,4,3,23.989107,1,0,0,-0.055252,0.996700,-0.059472,0.719265,0.081044,0.689993,0.072261,-0.064920,0.000000,0.000000,0.000000,1,0.098192,42520.109375,-13835.381836,2194.065918,-0.022683,-0.000586,29.025051,1,-0.075268,19333.484375,-19333.298828,-84.704361,0.040972,0.000787,25.544493,1,0.054081,25095.851562,17182.583984,2636.562012,-0.053348,-0.008186,24.901892,1,-0.099943,11255.262695,8526.922852,11541.041992,-0.026474,-0.035832,23.109781,12573.811523,98241.250000,-21637.779297,36919.652344,206938.031250,-14691.145508,0.000000,0.000000,0.000000,0.000000,0.000000,0.000000,0.000000,0.000000,0.000000
366,6.100000,7.838501,-0.001757,-55.949707,13.179018,0.001771,-8.361200,-0.778823,-0.829522,15.208347,4564.291,1,0.346457,4,3,24.075714,1,0,0,-0.052837,0.996894,-0.058409,0.709784,0.078634,0.700017,0.108979,-0.096336,0.000000,0.000000,0.000000,1,0.095326,41280.835938,-37861.761719,5642.547852,0.015520,-0.004807,28.982222,1,-0.073270,20268.000000,-20267.501953,141.968903,0.042953,0.000486,25.544502,1,0.052692,24683.507812,16179.405273,2157.053955,-0.050233,-0.006697,25.010870,1,-0.096724,12133.891602,8739.168945,9631.101562,-0.027133,-0.029902,23.175524,-1588.497070,98422.390625,-42335.839844,42982.085938,262805.625000,-21521.564453,0.000000,0.000000,0.000000,0.000000,0.000000,0.000000,0.000000,0.000000,0.000000
367,6.116667,8.057983,-0.001716,-56.091431,13.173723,0.002439,-8.502319,-0.791384,-0.754567,15.346624,4580.769,1,0.259843,4,3,24.190104,1,0,0,-0.049851,0.997158,-0.056483,0.701098,0.075215,0.709087,0.154774,-0.136216,0.000000,0.000000,0.000000,1,0.091236,39708.296875,-47088.800781,7291.310547,0.059224,-0.010682,28.874569,1,-0.070210,21560.031250,-21558.650391,243.852737,0.045691,-0.000046,25.540237,1,0.050542,24056.222656,15030.775391,3071.335449,-0.046667,-0.007751,25.145733,1,-0.092339,13204.630859,8985.750977,7089.295410,-0.027899,-0.022011,23.270790,-10242.895508,98602.085938,-49944.167969,41396.871094,285107.625000,-24632.205078,0.000000,0.000000,0.000000,0.000000,0.000000,0.000000,0.000000,0.000000,0.000000
368,6.133333,8.276855,-0.001655,-56.235840,13.139580,0.003662,-8.668800,-0.802586,-0.673245,15.472773,4602.533,1,0.188976,4,3,24.322994,1,0,0,-0.046284,0.997485,-0.053672,0.693312,0.070759,0.717156,0.201546,-0.177385,0.000000,0.000000,0.000000,1,0.085941,37974.257812,-37541.968750,5713.563477,0.080477,-0.017663,28.735924,1,-0.065999,23092.451172,-23092.318359,78.019241,0.048939,-0.000208,25.534052,1,0.047476,23253.296875,13541.028320,3988.979736,-0.042042,-0.009471,25.292498,1,-0.086894,14325.433594,9003.032227,4346.476562,-0.027952,-0.013495,23.390654,-11070.147461,98725.109375,-40942.058594,31135.832031,259778.312500,-22720.755859,0.000000,0.000000,0.000000,0.000000,0.000000,0.000000,0.000000,0.000000,0.000000
369,6.150000,8.495239,-0.001565,-56.382690,13.102679,0.005380,-8.805274,-0.812551,-0.599136,15.567920,4627.818,1,0.110236,4,3,24.476587,1,0,0,-0.042253,0.997848,-0.050134,0.686355,0.065454,0.724316,0.239336,-0.211288,0.000000,0.000000,0.000000,1,0.079748,36349.984375,-35826.355469,6147.662109,0.077035,-0.026295,28.626936,1,-0.060801,24639.248047,-24638.878906,134.963242,0.052217,-0.000490,25.530993,1,0.043502,22362.062500,11760.421875,5620.823242,-0.036513,-0.012433,25.452980,1,-0.080751,15321.120117,8624.597656,2530.072510,-0.026777,-0.007855,23.537649,-14216.640625,98743.734375,-41099.031250,26843.773438,248415.281250,-21289.509766,0.000000,0.000000,0.000000,0.000000,0.000000,0.000000,0.000000,0.000000,0.000000
370,6.166667,8.712891,-0.001445,-56.531738,13.055290,0.007223,-8.942271,-0.821333,-0.528260,15.648945,4657.041,1,0.047244,4,3,24.631187,1,0,0,-0.037812,0.998228,-0.045944,0.680201,0.059392,0.730616,0.273099,-0.241576,0.000000,0.000000,0.000000,1,0.072779,34708.492188,-34131.933594,6300.041992,0.073556,-0.035969,28.509789,1,-0.054695,26258.148438,-26258.125000,-34.884785,0.055647,-0.000419,25.526859,1,0.038635,21390.380859,10122.274414,7760.153320,-0.031427,-0.016761,25.607109,1,-0.074067,16285.978516,8185.276855,1094.874634,-0.025413,-0.003399,23.692461,-16618.132812,98698.414062,-41847.812500,23301.882812,236468.437500,-18940.074219,0.000000,0.000000,0.000000,0.000000,0.000000,0.000000,0.000000,0.000000,0.000000
371,6.183333,8.929443,-0.001295,-56.683105,12.999896,0.008997,-9.081764,-0.828989,-0.460784,15.719864,4686.456,1,0.000000,4,3,24.776196,1,0,0,-0.033017,0.998606,-0.041177,0.674819,0.052664,0.736101,0.302837,-0.268006,0.000000,0.000000,0.000000,1,0.065160,33071.023438,-32473.695312,6257.125977,0.070086,-0.046043,28.389776,1,-0.047799,27900.597656,-27896.373047,-485.501312,0.059128,0.000490,25.525930,1,0.032936,20367.375000,8665.373047,10283.955078,-0.026904,-0.022391,25.743549,1,-0.066961,17228.947266,7726.957520,1039.126709,-0.023990,-0.003335,23.845192,-17517.886719,98602.773438,-43689.117188,20600.875000,225422.265625,-15526.882812,0.000000,0.000000,0.000000,0.000000,0.000000,0.000000,0.000000,0.000000,0.000000
372,6.200000,9.145264,-0.001119,-56.836792,12.941504,0.010538,-9.227395,-0.835571,-0.396451,15.787641,4714.046,1,-0.047244,4,3,24.890684,1,0,0,-0.027930,0.998965,-0.035908,0.670177,0.045367,0.740813,0.328588,-0.290283,0.000000,0.000000,0.000000,1,0.056983,31423.941406,-30839.449219,6032.605957,0.066595,-0.056306,28.270571,1,-0.040235,29544.335938,-29527.150391,-1007.529846,0.062612,0.002270,25.533499,1,0.026510,19327.199219,7349.867676,12885.339844,-0.022820,-0.028930,25.842680,1,-0.059514,18162.792969,7229.175293,311.117523,-0.022445,-0.002456,23.973757,-18956.125000,98470.312500,-44831.062500,17587.697266,213884.281250,-12462.370117,0.000000,0.000000,0.000000,0.000000,0.000000,0.000000,0.000000,0.000000,0.000000
373,6.216667,9.359863,-0.000924,-56.993042,12.878317,0.011745,-9.376832,-0.841135,-0.335401,15.850132,4735.829,1,-0.078740,4,3,24.981962,1,0,0,-0.022607,0.999288,-0.030218,0.666238,0.037594,0.744791,0.350206,-0.308569,0.000000,0.000000,0.000000,1,0.048356,29794.439453,-29242.187500,5709.897949,0.063142,-0.053640,28.155586,1,-0.032134,31163.652344,-31104.968750,-1911.579224,0.066043,0.005343,25.550911,1,0.019460,18280.958984,6201.405273,15527.485352,-0.019254,-0.036086,25.910511,1,-0.051803,19081.097656,6727.263184,-696.814819,-0.020886,-0.000741,24.086691,-20333.421875,98308.515625,-45649.933594,14509.573242,202048.078125,-9424.900391,0.000000,0.000000,0.000000,0.000000,0.000000,0.000000,0.000000,0.000000,0.000000
374,6.233333,9.573364,-0.000715,-57.151855,12.810539,0.012527,-9.528998,-0.845737,-0.277722,15.907493,4753.196,1,-0.110236,4,3,25.053055,1,0,0,-0.017103,0.999561,-0.024187,0.662963,0.029445,0.748073,0.367588,-0.322900,0.000000,0.000000,0.000000,1,0.039361,28177.603516,-27670.746094,5320.444336,0.059715,-0.049089,28.046667,1,-0.023606,32759.160156,-32636.386719,-2833.502197,0.069425,0.009537,25.585371,1,0.011900,17244.712891,5216.968750,12354.393555,-0.016197,-0.038357,25.949512,1,-0.043900,19981.140625,6241.368652,-1958.143921,-0.019378,0.001791,24.187567,-26166.589844,98127.984375,-42181.898438,9241.453125,196016.828125,-8832.817383,0.000000,0.000000,0.000000,0.000000,0.000000,0.000000,0.000000,0.000000,0.000000
375,6.250000,9.785400,-0.000501,-57.312988,12.723317,0.012855,-9.669604,-0.849406,-0.221757,15.939756,4766.723,1,-0.149606,4,3,25.176331,1,0,0,-0.011461,0.999774,-0.017907,0.660334,0.021015,0.750678,0.380086,-0.333928,0.000000,0.000000,0.000000,1,0.030123,26623.593750,-26132.544922,5089.776855,0.056422,-0.046868,27.945068,1,-0.014727,34346.253906,-34191.324219,-3258.577881,0.072788,0.014125,25.637217,1,0.003886,16192.605469,4160.312012,13453.092773,-0.012917,-0.041769,26.046495,1,-0.035931,20818.232422,5486.905273,-2652.597656,-0.017035,0.004183,24.335236,-28398.628906,97922.843750,-42454.726562,6566.729492,185472.890625,-5945.907227,0.000000,0.000000,0.000000,0.000000,0.000000,0.000000,0.000000,0.000000,0.000000
376,6.266667,9.995850,-0.000290,-57.476562,12.628655,0.012619,-9.811120,-0.852192,-0.168793,15.964786,4790.178,1,-0.188976,4,3,25.293783,1,0,0,-0.005731,0.999918,-0.011454,0.658315,0.012394,0.752641,0.388685,-0.341391,0.000000,0.000000,0.000000,1,0.020731,25115.972656,-24647.056641,4830.598145,0.053227,-0.044653,27.847805,1,-0.005614,35875.437500,-35697.085938,-3572.821289,0.076029,0.018963,25.697079,1,-0.004461,15173.134766,3266.577393,14234.785156,-0.010142,-0.044195,26.133469,1,-0.027940,21634.351562,4750.185547,-3168.194824,-0.014748,0.006281,24.481077,-30553.195312,97721.531250,-42508.476562,3864.684814,176261.046875,-3201.533936,0.000000,0.000000,0.000000,0.000000,0.000000,0.000000,0.000000,0.000000,0.000000
377,6.283333,10.204590,-0.000093,-57.642456,12.526812,0.011821,-9.952815,-0.854137,-0.118449,15.982849,4812.525,1,-0.228346,4,3,25.407093,1,0,0,0.000042,0.999988,-0.004903,0.656874,0.003669,0.753992,0.393411,-0.345400,0.000000,0.000000,0.000000,1,0.011265,23661.603516,-23217.509766,4562.750488,0.050145,-0.042545,27.755415,1,0.003625,37337.878906,-37147.441406,-3766.287354,0.079128,0.023920,25.762867,1,-0.013018,14198.001953,2480.848633,14780.210938,-0.007702,-0.045889,26.213223,1,-0.019968,22426.628906,3973.162598,-3459.159180,-0.012336,0.007936,24.625755,-32590.693359,97531.406250,-42531.507812,1271.283691,167858.562500,-626.581726,0.000000,0.000000,0.000000,0.000000,0.000000,0.000000,0.000000,0.000000,0.000000
378,6.300000,10.411621,0.000082,-57.810669,12.418176,0.010489,-10.094586,-0.855284,-0.070494,15.994676,4834.084,1,-0.267717,4,3,25.516422,1,0,0,0.005813,0.999982,0.001675,0.655983,-0.005077,0.754758,0.394436,-0.346150,0.000000,0.000000,0.000000,1,0.001803,22270.197266,-21851.482422,4298.177246,0.047196,-0.040590,27.668060,1,0.012890,38723.609375,-38532.523438,-3842.193848,0.082065,0.028881,25.832302,1,-0.021668,13277.205078,1778.877075,15129.715820,-0.005523,-0.046974,26.286919,1,-0.012051,23194.335938,3132.943359,-2673.223877,-0.009727,0.008300,24.768511,-33864.507812,97362.250000,-43151.605469,-883.082825,160811.031250,2080.497314,0.000000,0.000000,0.000000,0.000000,0.000000,0.000000,0.000000,0.000000,0.000000
379,6.316667,10.616699,0.000226,-57.981201,12.305294,0.008669,-10.238425,-0.855664,-0.024540,16.003973,4854.886,1,-0.307087,4,3,25.611317,1,0,0,0.011540,0.999900,0.008212,0.655621,-0.013767,0.754965,0.392065,-0.343786,0.000000,0.000000,0.000000,1,-0.007586,20943.173828,-20552.939453,4024.080322,0.044384,-0.038660,27.585678,1,0.022078,40018.757812,-39832.773438,-3853.718262,0.084810,0.033807,25.903170,1,-0.030290,12424.597656,1127.218506,15208.520508,-0.003500,-0.047219,26.346533,1,-0.004209,23942.613281,2178.333496,-1523.907593,-0.006763,0.004731,24.896618,-35057.808594,97220.859375,-43855.984375,-2944.617920,154040.062500,4429.362793,0.000000,0.000000,0.000000,0.000000,0.000000,0.000000,0.000000,0.000000,0.000000
380,6.333333,10.819824,0.000333,-58.154419,12.188435,0.006438,-10.384612,-0.855310,0.019491,16.011551,4872.940,1,-0.354331,4,3,25.690786,1,0,0,0.017187,0.999745,0.014649,0.655764,-0.022331,0.754636,0.386576,-0.338620,0.000000,0.000000,0.000000,1,-0.016836,19688.632812,-19327.505859,3753.631592,0.041725,-0.037427,27.508448,1,0.031102,41218.382812,-41066.710938,-3532.745117,0.087352,0.038420,25.974255,1,-0.038774,11644.719727,530.320007,15084.210938,-0.001647,-0.046833,26.392454,1,0.003536,24669.957031,1120.978638,-601.881287,-0.003480,0.001869,25.007772,-36578.550781,97113.562500,-44303.261719,-5089.045410,147449.484375,6229.996094,0.000000,0.000000,0.000000,0.000000,0.000000,0.000000,0.000000,0.000000,0.000000
381,6.350000,11.020874,0.000398,-58.329834,12.066506,0.003891,-10.532290,-0.854255,0.061651,16.016432,4888.061,1,-0.393701,4,3,25.760080,1,0,0,0.022720,0.999523,0.020930,0.656393,-0.030704,0.753794,0.378198,-0.331004,0.000000,0.000000,0.000000,1,-0.025886,18513.253906,-18179.585938,3499.031982,0.039234,-0.035687,27.436302,1,0.039884,42322.652344,-42180.808594,-3462.082520,0.089692,0.041553,26.039286,1,-0.047030,10937.166016,524.782471,14867.615234,-0.001640,-0.046160,26.430063,1,0.011159,25370.765625,1115.503052,-522.162659,-0.003474,0.001777,25.107080,-37656.730469,97040.507812,-42857.644531,-8122.327637,147261.031250,7922.734863,0.000000,0.000000,0.000000,0.000000,0.000000,0.000000,0.000000,0.000000,0.000000
382,6.366667,11.219971,0.000417,-58.507812,11.940984,0.001125,-10.675148,-0.852498,0.103772,16.015949,4901.245,1,-0.440945,4,3,25.830404,1,0,0,0.028100,0.999241,0.026985,0.657510,-0.038810,0.752446,0.366188,-0.320511,0.000000,0.000000,0.000000,1,-0.034641,17455.140625,-17139.175781,3306.139404,0.036992,-0.034938,27.368942,1,0.048338,43309.125000,-43202.558594,-3036.299561,0.091783,0.038957,26.102985,1,-0.054969,10309.601562,-68.087158,14715.888672,-0.000953,-0.045689,26.469276,1,0.018602,26023.527344,523.035767,-126.804565,-0.002787,0.001263,25.206953,-39152.035156,97003.070312,-42611.199219,-10215.703125,142429.046875,9114.306641,0.000000,0.000000,0.000000,0.000000,0.000000,0.000000,0.000000,0.000000,0.000000
383,6.383333,11.416748,0.000388,-58.688110,11.810477,-0.001763,-10.817185,-0.850062,0.144525,16.012032,4914.625,1,-0.488189,4,3,25.897217,1,0,0,0.033300,0.998908,0.032767,0.659101,-0.046595,0.750610,0.351684,-0.308015,0.000000,0.000000,0.000000,1,-0.043044,16494.931641,-16192.450195,3144.410400,0.034957,-0.034336,27.305208,1,0.056405,44192.960938,-44116.824219,-2593.004150,0.093656,0.035656,26.158655,1,-0.062522,9757.532227,-932.157837,14566.041016,0.000475,-0.045224,26.505974,1,0.025835,26637.691406,-340.781525,435.353241,-0.001360,0.000293,25.302441,-40840.003906,97001.453125,-42865.042969,-11843.928711,135274.828125,9928.953125,0.000000,0.000000,0.000000,0.000000,0.000000,0.000000,0.000000,0.000000,0.000000
384,6.400000,11.611328,0.000310,-58.870850,11.674344,-0.004670,-10.960069,-0.846983,0.183243,16.005617,4927.337,1,-0.535433,4,3,25.958540,1,0,0,0.038303,0.998534,0.038240,0.661143,-0.054018,0.748313,0.335328,-0.294035,0.000000,0.000000,0.000000,1,-0.051049,15628.988281,-15337.384766,3004.976807,0.033122,-0.033122,27.244514,1,0.064042,44978.757812,-44928.042969,-2135.282227,0.095321,0.031537,26.205965,1,-0.069639,9276.720703,-2003.279053,14407.125000,0.002607,-0.044731,26.538502,1,0.032834,27215.591797,-1411.174683,1149.183105,0.000771,-0.001140,25.391253,-42668.218750,97033.984375,-43496.691406,-13088.541992,126396.125000,10387.752930,0.000000,0.000000,0.000000,0.000000,0.000000,0.000000,0.000000,0.000000,0.000000
385,6.416667,11.803467,0.000185,-59.055908,11.532117,-0.007500,-11.105058,-0.843302,0.219432,15.997484,4939.005,1,-0.574803,4,3,26.012720,1,0,0,0.043095,0.998129,0.043377,0.663607,-0.061054,0.745586,0.317678,-0.279030,0.000000,0.000000,0.000000,1,-0.058644,14834.519531,-14555.620117,2863.021729,0.031438,-0.031438,27.186441,1,0.071238,45690.835938,-45650.582031,-1917.576294,0.096830,0.029654,26.244644,1,-0.076285,8862.257812,-3203.033203,14237.250000,0.005331,-0.044203,26.565531,1,0.039581,27758.685547,-2610.534912,1993.114502,0.003493,-0.003014,25.471413,-44544.656250,97097.976562,-44374.855469,-14117.189453,116041.250000,10586.017578,0.000000,0.000000,0.000000,0.000000,0.000000,0.000000,0.000000,0.000000,0.000000
386,6.433333,11.993286,0.000015,-59.243408,11.383635,-0.010160,-11.252974,-0.839069,0.252668,15.988358,4949.314,1,-0.622047,4,3,26.058401,1,0,0,0.047667,0.997702,0.048160,0.666458,-0.067681,0.742464,0.299093,-0.263299,0.000000,0.000000,0.000000,1,-0.065768,14155.964844,-13884.922852,2756.857666,0.030000,-0.030000,27.131037,1,0.077939,46287.289062,-46265.890625,-1407.285156,0.098094,0.023489,26.279219,1,-0.082439,8508.506836,-4440.609375,14058.993164,0.008470,-0.043650,26.585999,1,0.046058,28265.285156,-3847.241211,2940.083252,0.006630,-0.005283,25.541273,-46394.421875,97187.546875,-45363.019531,-14819.069336,106065.554688,10550.999023,0.000000,0.000000,0.000000,0.000000,0.000000,0.000000,0.000000,0.000000,0.000000
387,6.450000,12.180420,-0.000194,-59.433472,11.228987,-0.012578,-11.404183,-0.834331,0.283058,15.978809,4958.005,1,-0.669291,4,3,26.094530,1,0,0,0.052014,0.997261,0.052580,0.669661,-0.073890,0.738982,0.280003,-0.247181,0.000000,0.000000,0.000000,1,-0.072422,13547.058594,-13282.945312,2661.979980,0.028710,-0.028710,27.077627,1,0.084150,46815.460938,-46806.640625,-908.865479,0.099213,0.016382,26.304169,1,-0.088094,8209.303711,-2876.763916,13878.190430,0.008932,-0.043088,26.599091,1,0.052254,28736.693359,-5052.185059,3953.502197,0.009992,-0.007878,25.599541,-46298.355469,97298.140625,-44241.640625,-16478.490234,109327.468750,11396.225586,0.000000,0.000000,0.000000,0.000000,0.000000,0.000000,0.000000,0.000000,0.000000
388,6.466667,12.365112,-0.000439,-59.625977,11.074659,-0.014703,-11.551656,-0.829073,0.314390,15.969204,4964.879,1,-0.724409,4,3,26.120432,1,0,0,0.056113,0.996819,0.056602,0.673229,-0.079640,0.735132,0.259062,-0.229466,0.000000,0.000000,0.000000,1,-0.078522,13085.519531,-12819.238281,2626.394043,0.027731,-0.027731,27.026001,1,0.089801,47204.789062,-47204.265625,-222.560043,0.100038,0.004443,26.319721,1,-0.093216,7981.176758,-3202.355225,13760.747070,0.009943,-0.042724,26.604284,1,0.058121,29149.601562,-6574.891602,4946.689453,0.013860,-0.010655,25.645378,-47670.105469,97430.148438,-44713.539062,-16915.216797,102848.718750,11214.607422,0.000000,0.000000,0.000000,0.000000,0.000000,0.000000,0.000000,0.000000,0.000000
389,6.483333,12.546997,-0.000714,-59.820923,10.915759,-0.016462,-11.700701,-0.823325,0.343874,15.959684,4969.807,1,-0.771654,4,3,26.135681,1,0,0,0.059963,0.996382,0.060221,0.677140,-0.084928,0.730937,0.237951,-0.211592,0.000000,0.000000,0.000000,1,-0.084123,12654.675781,-12389.556641,2576.762695,0.026818,-0.026818,26.975044,1,0.094950,47568.156250,-47567.753906,195.869247,0.100809,0.004083,26.322330,1,-0.097813,7802.562500,-3460.757568,13664.607422,0.010745,-0.042425,26.600992,1,0.063645,29519.863281,-8187.921387,5906.709961,0.018151,-0.013507,25.678509,-49059.171875,97572.531250,-45146.265625,-17311.783203,95743.937500,10945.806641,0.000000,0.000000,0.000000,0.000000,0.000000,0.000000,0.000000,0.000000,0.000000
390,6.500000,12.726318,-0.001011,-60.018433,10.752229,-0.017824,-11.851189,-0.817122,0.371328,15.950327,4972.708,1,-0.818898,4,3,26.140516,1,0,0,0.063560,0.995960,0.063438,0.681368,-0.089753,0.726417,0.216772,-0.193644,0.000000,0.000000,0.000000,1,-0.089190,12329.906250,-12063.587891,2548.813721,0.026130,-0.026130,26.925020,1,0.099575,47834.117188,-47830.156250,615.527344,0.101372,0.002898,26.317049,1,-0.101895,7669.465820,-3645.211426,13594.277344,0.011317,-0.042207,26.589352,1,0.068807,29844.716797,-9845.839844,6801.721680,0.022761,-0.016332,25.699259,-50453.003906,97722.203125,-45507.472656,-17510.781250,88843.046875,10499.798828,0.000000,0.000000,0.000000,0.000000,0.000000,0.000000,0.000000,0.000000,0.000000
391,6.516667,12.902588,-0.001324,-60.218506,10.584052,-0.018765,-12.002880,-0.810495,0.396811,15.941156,4973.629,1,-0.866142,4,3,26.135494,1,0,0,0.066908,0.995557,0.066256,0.685887,-0.094120,0.721596,0.195803,-0.175861,0.000000,0.000000,0.000000,1,-0.093724,12083.179688,-11813.729492,2537.526611,0.025607,-0.025607,26.875521,1,0.103685,48033.539062,-48022.414062,1033.724365,0.101795,0.000809,26.303854,1,-0.105485,7574.075195,-3756.804443,13546.348633,0.011664,-0.042058,26.569746,1,0.073595,30123.726562,-11508.295898,7604.819336,0.027575,-0.019034,25.708340,-51851.855469,97873.132812,-45742.679688,-17549.974609,82322.460938,9996.153320,0.000000,0.000000,0.000000,0.000000,0.000000,0.000000,0.000000,0.000000,0.000000
392,6.533333,13.076172,-0.001645,-60.421143,10.411213,-0.019279,-12.155355,-0.803477,0.420430,15.932063,4972.673,1,-0.921260,4,3,26.121532,1,0,0,0.070008,0.995179,0.068683,0.690672,-0.098036,0.716492,0.175223,-0.158377,0.000000,0.000000,0.000000,1,-0.097678,11959.494141,-11678.584961,2576.848633,0.025345,-0.025345,26.826235,1,0.107242,48120.246094,-48091.667969,1658.246338,0.101979,-0.002750,26.282774,1,-0.108610,7510.746094,-3801.995850,13520.550781,0.011804,-0.041978,26.542875,1,0.077993,30356.382812,-13142.904297,8295.515625,0.032486,-0.021529,25.706879,-53266.226562,98017.164062,-45780.882812,-17334.964844,76854.953125,9378.648438,0.000000,0.000000,0.000000,0.000000,0.000000,0.000000,0.000000,0.000000,0.000000
393,6.550000,13.246704,-0.001968,-60.626221,10.233659,-0.019381,-12.307959,-0.796093,0.442484,15.922729,4970.017,1,-0.968504,4,3,26.099783,1,0,0,0.072867,0.994830,0.070732,0.695701,-0.101518,0.711122,0.155311,-0.141420,0.000000,0.000000,0.000000,1,-0.101165,11814.185547,-11526.656250,2590.592773,0.025037,-0.025037,26.776209,1,0.110370,48242.214844,-48198.519531,2052.791504,0.102237,-0.007361,26.249916,1,-0.111302,7472.987305,-3793.776123,13514.089844,0.011779,-0.041958,26.509630,1,0.081994,30544.746094,-14729.236328,6907.752441,0.037402,-0.021447,25.696272,-56072.265625,98153.484375,-44290.078125,-17911.593750,69510.437500,8135.878906,0.000000,0.000000,0.000000,0.000000,0.000000,0.000000,0.000000,0.000000,0.000000
394,6.566667,13.414185,-0.002286,-60.833740,10.046751,-0.019084,-12.455592,-0.788378,0.462439,15.906412,4965.879,1,-1.000000,4,3,26.094818,1,0,0,0.075492,0.994514,0.072411,0.700945,-0.104576,0.705507,0.135770,-0.125061,0.000000,0.000000,0.000000,1,-0.104262,11666.783203,-11380.432617,2568.968262,0.024725,-0.024725,26.725925,1,0.113179,48403.351562,-48357.976562,2095.446533,0.102579,-0.012169,26.209618,1,-0.113616,7445.316406,-3695.734619,13585.910156,0.011474,-0.042181,26.490486,1,0.085568,30673.294922,-16200.393555,7194.374512,0.042189,-0.022337,25.705059,-57440.300781,98273.710938,-44003.031250,-17737.015625,63681.273438,7833.141602,0.000000,0.000000,0.000000,0.000000,0.000000,0.000000,0.000000,0.000000,0.000000
395,6.583333,13.578369,-0.002593,-61.043823,9.855284,-0.018447,-12.602269,-0.780359,0.480727,15.889471,4964.934,1,-1.000000,4,3,26.085632,1,0,0,0.077884,0.994232,0.073731,0.706382,-0.107221,0.699663,0.116711,-0.108974,0.000000,0.000000,0.000000,1,-0.107126,11428.269531,-11166.623047,2431.436035,0.024219,-0.024219,26.676048,1,0.115836,48674.812500,-48656.476562,1335.771484,0.103154,-0.015159,26.168514,1,-0.115576,7438.685547,-3535.286133,13675.569336,0.010976,-0.042459,26.467522,1,0.088703,30752.015625,-13832.631836,7421.909180,0.042947,-0.023043,25.709253,-56012.878906,98381.976562,-41109.699219,-19297.439453,73492.265625,9108.411133,0.000000,0.000000,0.000000,0.000000,0.000000,0.000000,0.000000,0.000000,0.000000
396,6.600000,13.739624,-0.002885,-61.256226,9.668574,-0.017526,-12.739302,-0.771990,0.501827,15.872446,4963.186,1,-1.000000,4,3,26.072754,1,0,0,0.080011,0.993994,0.074658,0.712044,-0.109408,0.693558,0.095808,-0.090925,0.000000,0.000000,0.000000,1,-0.109462,11502.121094,-11254.847656,2372.171143,0.024376,-0.024376,26.628756,1,0.118069,48669.359375,-48665.441406,617.423218,0.103142,-0.015781,26.141737,1,-0.117162,7480.875000,-3755.427734,13856.437500,0.011660,-0.043021,26.441113,1,0.091333,30744.171875,-14581.352539,7388.477051,0.045271,-0.022939,25.709528,-57171.816406,98487.070312,-40663.082031,-18884.273438,67255.968750,8536.607422,0.000000,0.000000,0.000000,0.000000,0.000000,0.000000,0.000000,0.000000,0.000000
397,6.616667,13.897583,-0.003157,-61.470825,9.478002,-0.016300,-12.874846,-0.763301,0.521142,15.855062,4960.736,1,-1.000000,4,3,26.058235,1,0,0,0.081879,0.993801,0.075210,0.717906,-0.111156,0.687209,0.075755,-0.073496,0.000000,0.000000,0.000000,1,-0.111282,11642.166016,-11407.689453,2324.791504,0.024673,-0.024673,26.582577,1,0.119904,48624.468750,-48624.464844,-19.461826,0.103047,-0.015739,26.128506,1,-0.118414,7535.471680,-3911.249023,14046.890625,0.012143,-0.043612,26.412590,1,0.093453,30681.365234,-15014.208008,7410.168457,0.046615,-0.023007,25.708635,-58019.816406,98573.500000,-40060.867188,-18274.630859,63122.910156,8178.591797,0.000000,0.000000,0.000000,0.000000,0.000000,0.000000,0.000000,0.000000,0.000000
398,6.633333,14.052246,-0.003404,-61.687622,9.284602,-0.014825,-13.008382,-0.754310,0.539272,15.837743,4957.974,1,-1.000000,4,3,26.041321,1,0,0,0.083494,0.993651,0.075404,0.723947,-0.112481,0.680624,0.056582,-0.056627,0.000000,0.000000,0.000000,1,-0.112599,11845.998047,-11623.071289,2287.334473,0.025105,-0.025105,26.537289,1,0.121362,48541.726562,-48538.187500,-586.250122,0.102872,-0.014489,26.127285,1,-0.119366,7602.029297,-4047.164551,14245.679688,0.012565,-0.044229,26.381287,1,0.095060,30566.384766,-15308.733398,7399.524902,0.047530,-0.022974,25.705736,-58779.312500,98643.468750,-39386.433594,-17463.435547,59957.554688,7906.358887,0.000000,0.000000,0.000000,0.000000,0.000000,0.000000,0.000000,0.000000,0.000000
399,6.650000,14.203613,-0.003623,-61.906616,9.088671,-0.013146,-13.139670,-0.745033,0.556494,15.820591,4954.755,1,-1.000000,4,3,26.022318,1,0,0,0.084861,0.993546,0.075259,0.730152,-0.113403,0.673808,0.038387,-0.040361,0.000000,0.000000,0.000000,1,-0.113431,12106.644531,-11894.424805,2256.878662,0.025657,-0.025657,26.492704,1,0.122466,48423.742188,-48411.476562,-1089.837646,0.102622,-0.012198,26.136753,1,-0.120049,7678.516602,-4176.078125,14452.493164,0.012966,-0.044871,26.347431,1,0.096158,30402.246094,-15525.272461,7354.907715,0.048202,-0.022835,25.701218,-59502.742188,98693.421875,-38680.914062,-16430.134766,57393.062500,7689.077148,0.000000,0.000000,0.000000,0.000000,0.000000,0.000000,0.000000,0.000000,0.000000
400,6.666667,14.351929,-0.003812,-62.127808,8.890328,-0.011319,-13.268607,-0.735482,0.572979,15.803676,4951.140,1,-1.000000,4,3,26.001554,1,0,0,0.085988,0.993485,0.074796,0.736506,-0.113944,0.666765,0.021300,-0.024777,0.000000,0.000000,0.000000,1,-0.113801,12418.363281,-12216.342773,2230.851807,0.026318,-0.026318,26.448694,1,0.123238,48274.707031,-48250.292969,-1535.110229,0.102306,-0.009012,26.155718,1,-0.120492,7763.038086,-4305.005859,14664.875000,0.013366,-0.045531,26.311270,1,0.096759,30194.025391,-15695.010742,7290.765625,0.048729,-0.022636,25.695486,-60210.628906,98725.609375,-37972.789062,-15184.304688,55236.433594,7490.941406,0.000000,0.000000,0.000000,0.000000,0.000000,0.000000,0.000000,0.000000,0.000000
401,6.683333,14.496704,-0.003969,-62.350952,8.689627,-0.009395,-13.395184,-0.725667,0.588842,15.787073,4947.189,1,-1.000000,4,3,25.979210,1,0,0,0.086883,0.993463,0.074038,0.742995,-0.114127,0.659494,0.005453,-0.009978,0.000000,0.000000,0.000000,1,-0.113734,12773.810547,-12581.785156,2206.563965,0.027071,-0.027071,26.405172,1,0.123702,48099.531250,-48060.882812,-1927.846924,0.101935,-0.005058,26.183079,1,-0.120725,7853.602539,-4434.844238,14879.560547,0.013769,-0.046197,26.272932,1,0.096880,29947.154297,-15826.762695,7186.235840,0.049138,-0.022311,25.688772,-60926.148438,98741.484375,-37242.578125,-13750.942383,53431.640625,7319.316406,0.000000,0.000000,0.000000,0.000000,0.000000,0.000000,0.000000,0.000000,0.000000
402,6.700000,14.638184,-0.004092,-62.576416,8.486540,-0.007421,-13.519325,-0.715598,0.604185,15.770777,4942.938,1,-1.000000,4,3,25.955753,1,0,0,0.087558,0.993480,0.073010,0.749606,-0.113979,0.651996,-0.009050,0.003953,0.000000,0.000000,0.000000,1,-0.113261,13164.212891,-12982.211914,2181.435791,0.027898,-0.027898,26.362106,1,0.123881,47900.898438,-47846.925781,-2273.256104,0.101514,-0.000447,26.217846,1,-0.120773,7948.139648,-4571.531250,15094.846680,0.014193,-0.046866,26.232801,1,0.096546,29667.361328,-15935.709961,7071.388184,0.049476,-0.021955,25.681631,-61641.765625,98738.421875,-36517.070312,-11830.944336,51789.871094,7437.115234,0.000000,0.000000,0.000000,0.000000,0.000000,0.000000,0.000000,0.000000,0.000000
403,6.716667,14.776245,-0.004183,-62.803711,8.281067,-0.005452,-13.641048,-0.705282,0.619052,15.754845,4938.475,1,-1.000000,4,3,25.931307,1,0,0,0.088023,0.993532,0.071739,0.756326,-0.113528,0.644269,-0.022038,0.017009,0.000000,0.000000,0.000000,1,-0.112421,13578.682617,-13407.056641,2152.077637,0.028777,-0.028777,26.319513,1,0.123796,47679.019531,-47609.300781,-2577.454102,0.101044,0.004727,26.259127,1,-0.120652,8051.806641,-4712.908203,15320.025391,0.014632,-0.047565,26.190985,1,0.095795,29366.644531,-16028.930664,6935.879883,0.049766,-0.021534,25.674204,-62353.230469,98724.156250,-35788.167969,-9655.344727,50274.945312,7666.957031,0.000000,0.000000,0.000000,0.000000,0.000000,0.000000,0.000000,0.000000,0.000000
404,6.733333,14.910767,-0.004242,-63.033203,8.073223,-0.003525,-13.760343,-0.694726,0.633478,15.739328,4933.824,1,-1.000000,4,3,25.906010,1,0,0,0.088290,0.993614,0.070255,0.763141,-0.112802,0.636311,-0.033423,0.029158,0.000000,0.000000,0.000000,1,-0.111258,14006.464844,-13845.732422,2115.824951,0.029683,-0.029683,26.277472,1,0.123463,47434.023438,-47348.722656,-2843.359619,0.100524,0.010380,26.306145,1,-0.120372,8166.259766,-4863.639160,15558.438477,0.015100,-0.048305,26.147552,1,0.094673,29053.734375,-16110.885742,6780.552246,0.050020,-0.021052,25.666698,-63055.343750,98698.453125,-35058.531250,-7515.069336,48820.296875,7776.328613,0.000000,0.000000,0.000000,0.000000,0.000000,0.000000,0.000000,0.000000,0.000000
405,6.750000,15.041748,-0.004270,-63.264526,7.863039,-0.001668,-13.877204,-0.683937,0.647480,15.724302,4929.010,1,-1.000000,4,3,25.879946,1,0,0,0.088371,0.993724,0.068586,0.770039,-0.111831,0.628119,-0.043209,0.040323,0.000000,0.000000,0.000000,1,-0.109814,14441.250000,-14291.951172,2071.194336,0.030605,-0.030605,26.236113,1,0.122901,47169.750000,-47069.437500,-3074.615723,0.099964,0.016439,26.358177,1,-0.119943,8289.828125,-5017.621582,15802.167969,0.015583,-0.049075,26.102526,1,0.093229,28734.068359,-16171.943359,6616.104980,0.050210,-0.020541,25.659264,-63732.445312,98662.843750,-34315.281250,-5430.894531,47515.937500,7772.055664,0.000000,0.000000,0.000000,0.000000,0.000000,0.000000,0.000000,0.000000,0.000000
406,6.766667,15.169312,-0.004268,-63.497681,7.650597,0.000091,-13.991589,-0.672922,0.661101,15.709829,4924.051,1,-1.000000,4,3,25.853167,1,0,0,0.088281,0.993856,0.066761,0.777007,-0.110646,0.619692,-0.051422,0.050441,0.000000,0.000000,0.000000,1,-0.108132,14877.427734,-14740.067383,2017.000244,0.031529,-0.030459,26.195593,1,0.122130,46890.589844,-46776.078125,-3275.016357,0.099373,0.022838,26.414570,1,-0.119376,8420.807617,-5171.794922,16027.868164,0.016091,-0.049868,26.055927,1,0.091508,28411.484375,-16230.125977,6441.210449,0.050391,-0.019998,25.651983,-64410.500000,98618.390625,-33544.113281,-3457.083740,46269.785156,7630.358398,0.000000,0.000000,0.000000,0.000000,0.000000,0.000000,0.000000,0.000000,0.000000
407,6.783333,15.293213,-0.004239,-63.732788,7.435895,0.001728,-14.103402,-0.661686,0.674359,15.695878,4918.956,1,-1.000000,4,3,25.826017,1,0,0,0.088036,0.994007,0.064808,0.784032,-0.109277,0.611025,-0.058109,0.059452,0.000000,0.000000,0.000000,1,-0.106255,15309.392578,-15184.373047,1952.507446,0.032444,-0.029735,26.156092,1,0.121171,46600.628906,-46472.960938,-3447.171387,0.098758,0.029520,26.474741,1,-0.118686,8557.476562,-5332.059082,16263.171875,0.016613,-0.050671,26.008123,1,0.089557,28090.742188,-16281.611328,6263.677734,0.050550,-0.019447,25.645187,-65067.210938,98566.812500,-32770.679688,-1596.591064,45061.980469,7380.045898,0.000000,0.000000,0.000000,0.000000,0.000000,0.000000,0.000000,0.000000,0.000000
408,6.800000,15.413452,-0.004186,-63.969604,7.219005,0.003223,-14.212638,-0.650237,0.687264,15.682530,4913.791,1,-1.000000,4,3,25.798418,1,0,0,0.087651,0.994173,0.062752,0.791102,-0.107753,0.602119,-0.063333,0.067323,0.000000,0.000000,0.000000,1,-0.104220,15733.548828,-15621.041016,1878.207764,0.033343,-0.028803,26.117802,1,0.120047,46304.019531,-46164.257812,-3594.950195,0.098130,0.036436,26.538158,1,-0.117885,8697.722656,-5499.580078,16503.214844,0.017153,-0.051471,25.959007,1,0.087420,27774.898438,-16326.052734,6074.353516,0.050688,-0.018859,25.638823,-65712.156250,98509.812500,-31981.531250,140.518311,43881.269531,7030.478516,0.000000,0.000000,0.000000,0.000000,0.000000,0.000000,0.000000,0.000000,0.000000
409,6.816667,15.530151,-0.004110,-64.208252,6.999964,0.004563,-14.319243,-0.638578,0.699824,15.669810,4908.540,1,-1.000000,4,3,25.770456,1,0,0,0.087144,0.994350,0.060620,0.798204,-0.106104,0.592970,-0.067169,0.074028,0.000000,0.000000,0.000000,1,-0.102067,16144.801758,-16044.894531,1793.319702,0.034215,-0.027658,26.080908,1,0.118781,46004.632812,-45854.160156,-3717.819092,0.097495,0.043537,26.604364,1,-0.116987,8840.140625,-5670.468750,16746.287109,0.017696,-0.052260,25.908632,1,0.085139,27467.634766,-16374.571289,5888.146484,0.050839,-0.018281,25.633017,-66341.742188,98448.515625,-31191.574219,1717.341064,42667.695312,6559.509766,0.000000,0.000000,0.000000,0.000000,0.000000,0.000000,0.000000,0.000000,0.000000
410,6.833333,15.643188,-0.004014,-64.448608,6.778825,0.005736,-14.423215,-0.626717,0.712031,15.657782,4903.219,1,-1.000000,4,3,25.742060,1,0,0,0.086532,0.994534,0.058434,0.805324,-0.104357,0.583577,-0.069697,0.079540,0.000000,0.000000,0.000000,1,-0.099831,16539.841797,-16452.480469,1697.722656,0.035052,-0.026303,26.045610,1,0.117396,45706.410156,-45546.316406,-3822.194824,0.096863,0.050785,26.672886,1,-0.116009,8982.412109,-5845.275879,16987.279297,0.018245,-0.053021,25.856930,1,0.082754,27171.531250,-16412.492188,5701.136719,0.050957,-0.017701,25.627699,-66950.210938,98383.859375,-30379.087891,3149.948486,41498.433594,6023.061035,0.000000,0.000000,0.000000,0.000000,0.000000,0.000000,0.000000,0.000000,0.000000
411,6.850000,15.752319,-0.003902,-64.690796,6.555658,0.006732,-14.524479,-0.614658,0.723897,15.646457,4897.816,1,-1.000000,4,3,25.713268,1,0,0,0.085833,0.994722,0.056217,0.812452,-0.102542,0.573940,-0.071018,0.083869,0.000000,0.000000,0.000000,1,-0.097546,16915.839844,-16840.792969,1591.658813,0.035849,-0.024747,26.012110,1,0.115915,45412.843750,-45244.351562,-3908.320801,0.096241,0.058146,26.743376,1,-0.114964,9123.217773,-6023.836914,17223.408203,0.018796,-0.053741,25.803946,1,0.080303,26889.312500,-16450.560547,5508.059570,0.051075,-0.017101,25.622910,-67550.695312,98318.125000,-29544.273438,4399.059570,40301.621094,5422.138672,0.000000,0.000000,0.000000,0.000000,0.000000,0.000000,0.000000,0.000000,0.000000
412,6.866667,15.857910,-0.003776,-64.934448,6.330489,0.007549,-14.622960,-0.602408,0.735415,15.635828,4892.338,1,-1.000000,4,3,25.684214,1,0,0,0.085065,0.994912,0.053988,0.819573,-0.100682,0.564059,-0.071251,0.087047,0.000000,0.000000,0.000000,1,-0.095243,17270.128906,-17206.810547,1477.505737,0.036600,-0.023026,25.980604,1,0.114363,45126.625000,-44951.113281,-3976.147461,0.095634,0.064871,26.815491,1,-0.113868,9261.274414,-6203.494629,17452.835938,0.019341,-0.054414,25.749807,1,0.077821,26622.738281,-16490.425781,5322.469727,0.051199,-0.016525,25.618788,-68134.750000,98251.750000,-28698.826172,5496.089355,39107.375000,4747.871582,0.000000,0.000000,0.000000,0.000000,0.000000,0.000000,0.000000,0.000000,0.000000
413,6.883333,15.959595,-0.003639,-65.179688,6.103373,0.008185,-14.718623,-0.589972,0.746585,15.625917,4886.811,1,-1.000000,4,3,25.654888,1,0,0,0.084246,0.995099,0.051766,0.826677,-0.098803,0.553934,-0.070487,0.089075,0.000000,0.000000,0.000000,1,-0.092949,17600.953125,-17548.707031,1355.140015,0.037301,-0.021148,25.951244,1,0.112761,44851.781250,-44670.343750,-4030.245850,0.095052,0.064676,26.888884,1,-0.112736,9394.800781,-6381.538086,17672.722656,0.019869,-0.055026,25.694542,1,0.075341,26373.890625,-16527.074219,5131.268066,0.051312,-0.015931,25.615295,-68706.359375,98187.593750,-27821.021484,6430.143555,37935.617188,4052.040527,0.000000,0.000000,0.000000,0.000000,0.000000,0.000000,0.000000,0.000000,0.000000
414,6.900000,16.057495,-0.003495,-65.426514,5.874352,0.008647,-14.811360,-0.577356,0.757414,15.616690,4881.230,1,-1.000000,4,3,25.625473,1,0,0,0.083393,0.995283,0.049566,0.833751,-0.096928,0.543566,-0.068845,0.090011,0.000000,0.000000,0.000000,1,-0.090690,17906.328125,-17864.308594,1225.987671,0.037948,-0.019142,25.924183,1,0.111132,44589.761719,-44403.750000,-4068.630859,0.094497,0.064298,26.963297,1,-0.111582,9522.959961,-6558.866211,17880.949219,0.020384,-0.055572,25.638340,1,0.072892,26144.140625,-16562.003906,4956.811035,0.051421,-0.015390,25.612612,-69254.906250,98125.468750,-26932.945312,7193.855469,36772.257812,3324.226074,0.000000,0.000000,0.000000,0.000000,0.000000,0.000000,0.000000,0.000000,0.000000
415,6.916667,16.151611,-0.003346,-65.674805,5.643502,0.008941,-14.901136,-0.564565,0.767907,15.608173,4875.634,1,-1.000000,4,3,25.595909,1,0,0,0.082522,0.995461,0.047402,0.840784,-0.095078,0.532956,-0.066440,0.089900,0.000000,0.000000,0.000000,1,-0.088489,18184.937500,-18152.109375,1092.191406,0.038538,-0.017045,25.899549,1,0.109496,44343.046875,-44153.539062,-4095.223633,0.093974,0.063791,27.038435,1,-0.110420,9644.415039,-6727.334473,18049.669922,0.020887,-0.056040,25.581203,1,0.070500,25934.474609,-16603.216797,4788.889648,0.051549,-0.014868,25.610622,-69800.953125,98066.179688,-26001.375000,7806.382812,35662.742188,2577.314941,0.000000,0.000000,0.000000,0.000000,0.000000,0.000000,0.000000,0.000000,0.000000
416,6.933333,16.241821,-0.003195,-65.924561,5.410832,0.009073,-14.987807,-0.551605,0.778077,15.600277,4870.009,1,-1.000000,4,3,25.566589,1,0,0,0.081650,0.995632,0.045286,0.847765,-0.093271,0.522107,-0.063376,0.088791,0.000000,0.000000,0.000000,1,-0.086366,18436.072266,-18411.310547,955.181335,0.039071,-0.014887,25.877432,1,0.107873,44114.109375,-43922.445312,-4107.749512,0.093489,0.063137,27.114075,1,-0.109262,9758.370117,-6883.022461,18174.923828,0.021370,-0.056429,25.523624,1,0.068189,25745.837891,-16651.544922,4631.374023,0.051699,-0.014379,25.609627,-70342.406250,98011.796875,-25028.246094,8242.384766,34610.261719,1820.904053,0.000000,0.000000,0.000000,0.000000,0.000000,0.000000,0.000000,0.000000,0.000000
417,6.950000,16.328125,-0.003044,-66.175781,5.176358,0.009060,-15.071235,-0.538480,0.787943,15.592905,4864.431,1,-1.000000,4,3,25.537905,1,0,0,0.080791,0.995793,0.043227,0.854682,-0.091526,0.511020,-0.059772,0.086751,0.000000,0.000000,0.000000,1,-0.084340,18658.777344,-18640.927734,815.976868,0.039543,-0.012690,25.857889,1,0.106281,43904.007812,-43711.132812,-4110.808105,0.093043,0.062396,27.189949,1,-0.108122,9863.671875,-7037.790527,18273.515625,0.021851,-0.056735,25.466110,1,0.065981,25578.597656,-16720.703125,4502.074219,0.051914,-0.013978,25.609901,-70881.343750,97961.359375,-24052.921875,8549.333008,33499.949219,1082.781616,0.000000,0.000000,0.000000,0.000000,0.000000,0.000000,0.000000,0.000000,0.000000
418,6.966667,16.410522,-0.002896,-66.428345,4.940086,0.008910,-15.151411,-0.525196,0.797487,15.586070,4858.973,1,-1.000000,4,3,25.509829,1,0,0,0.079961,0.995945,0.041234,0.861526,-0.089857,0.499699,-0.055728,0.083851,0.000000,0.000000,0.000000,1,-0.082424,18853.416016,-18841.263672,676.815430,0.039955,-0.010495,25.840963,1,0.104738,43714.496094,-43521.574219,-4102.394043,0.092642,0.061549,27.265882,1,-0.107010,9960.029297,-7184.810059,18346.845703,0.022307,-0.056962,25.408747,1,0.063892,25433.230469,-16789.777344,4403.248047,0.052128,-0.013671,25.611313,-71394.476562,97917.406250,-23068.691406,8731.628906,32454.218750,366.678955,0.000000,0.000000,0.000000,0.000000,0.000000,0.000000,0.000000,0.000000,0.000000
419,6.983333,16.488770,-0.002752,-66.682129,4.702105,0.008642,-15.228307,-0.511758,0.806730,15.579803,4853.631,1,-1.000000,4,3,25.482296,1,0,0,0.079171,0.996085,0.039312,0.868286,-0.088279,0.488146,-0.051339,0.080164,0.000000,0.000000,0.000000,1,-0.080633,19018.933594,-19011.324219,537.950562,0.040306,-0.008311,25.826654,1,0.103257,43545.742188,-43353.503906,-4087.235107,0.092284,0.060651,27.341658,1,-0.105937,10046.924805,-7323.873047,18390.525391,0.022739,-0.057098,25.351591,1,0.061939,25309.761719,-16870.492188,4315.878418,0.052379,-0.013400,25.613676,-71901.406250,97878.187500,-22057.373047,8792.820312,31421.089844,-300.074829,0.000000,0.000000,0.000000,0.000000,0.000000,0.000000,0.000000,0.000000,0.000000
420,7.000000,16.563110,-0.002614,-66.937134,4.462433,0.008270,-15.301831,-0.498170,0.815675,15.574055,4848.392,1,-0.897638,4,3,25.455517,1,0,0,0.078435,0.996215,0.037465,0.874953,-0.086802,0.476365,-0.046707,0.075788,0.000000,0.000000,0.000000,1,-0.079584,18586.253906,-18568.435547,-813.640808,0.039389,-0.006230,25.814955,1,0.102461,43970.308594,-43185.226562,-8271.916992,0.093184,0.072013,27.417147,1,-0.104913,10124.167969,-7456.630859,18408.306641,0.023151,-0.057153,25.294935,1,0.060135,25208.472656,-16962.365234,4255.550781,0.052664,-0.013212,25.617117,-72065.742188,97847.734375,-19457.250000,6492.384277,18228.962891,277.794312,0.000000,0.000000,0.000000,0.000000,0.000000,0.000000,0.000000,0.000000,0.000000
421,7.016667,16.633545,-0.002484,-67.193237,4.222214,0.007809,-15.366689,-0.484495,0.820860,15.564480,4843.297,1,-0.803150,4,3,25.429470,1,0,0,0.077721,0.996337,0.035673,0.881493,-0.085390,0.464412,-0.043580,0.073148,0.000000,0.000000,0.000000,1,-0.078485,18787.914062,-18614.439453,-2547.230957,0.039816,-0.001870,25.828661,1,0.101593,43785.660156,-41865.640625,-12823.895508,0.092793,0.085065,27.571548,1,-0.103924,10204.532227,-7404.532715,18429.369141,0.022989,-0.057219,25.238873,1,0.058419,25083.382812,-16608.019531,4529.791016,0.051564,-0.014064,25.621508,-71173.523438,97822.156250,-15751.007812,4563.380371,7981.941406,106.927368,0.000000,0.000000,0.000000,0.000000,0.000000,0.000000,0.000000,0.000000,0.000000
422,7.033333,16.699951,-0.002362,-67.450317,3.984969,0.007285,-15.419192,-0.470783,0.823122,15.549101,4838.341,1,-0.700787,4,3,25.400131,1,0,0,0.077015,0.996453,0.033924,0.887882,-0.084024,0.452333,-0.041378,0.071220,0.000000,0.000000,0.000000,1,-0.077382,18953.867188,-21006.677734,-5861.340820,0.044518,0.003435,25.874956,1,0.100741,43673.039062,-46299.957031,-24057.671875,0.110576,0.088978,27.811790,1,-0.102981,10274.598633,-7264.165039,18436.205078,0.022553,-0.057240,25.180115,1,0.056746,24938.296875,-16084.241211,5060.309570,0.049938,-0.015711,25.622068,-78959.578125,97803.218750,-4500.867188,-1120.472900,6164.097656,-4356.109375,0.000000,0.000000,0.000000,0.000000,0.000000,0.000000,0.000000,0.000000,0.000000
423,7.050000,16.761963,-0.002249,-67.707520,3.721771,0.006789,-15.434196,-0.457041,0.824874,15.492249,4832.759,1,-0.614173,4,3,25.364645,1,0,0,0.076360,0.996560,0.032206,0.894110,-0.082734,0.440140,-0.040014,0.066801,0.000000,0.000000,0.000000,1,-0.076134,19252.609375,-8906.916016,-6651.079102,0.018876,0.007392,25.983547,1,0.099924,43579.726562,-38973.414062,-31557.333984,0.082594,0.066878,28.263874,1,-0.102254,10230.872070,-6888.494141,18506.570312,0.021387,-0.057458,25.116423,1,0.055004,24725.900391,-15164.416016,7521.352539,0.047082,-0.018547,25.615320,-59447.269531,97750.281250,1243.180664,-2338.228516,-47634.164062,6163.280762,0.000000,0.000000,0.000000,0.000000,0.000000,0.000000,0.000000,0.000000,0.000000
424,7.066667,16.820679,-0.002149,-67.964722,3.523613,0.006011,-15.430052,-0.443527,0.811286,15.448961,4826.007,1,-0.519685,4,3,25.299337,1,0,0,0.075543,0.996677,0.030454,0.900082,-0.081302,0.428069,-0.043607,0.074698,0.000000,0.000000,0.000000,1,-0.074637,19670.648438,8336.091797,-3324.409180,0.005312,0.007045,26.106983,1,0.098973,43333.339844,-30661.705078,-18076.308594,0.076056,0.038308,28.857384,1,-0.101438,10361.079102,-6558.048340,18588.888672,0.020361,-0.057714,25.028364,1,0.053079,24433.068359,-14094.028320,8847.542969,0.043758,-0.021859,25.573244,-31905.185547,97766.828125,-14881.486328,7699.657227,-80292.976562,20070.621094,0.000000,0.000000,0.000000,0.000000,0.000000,0.000000,0.000000,0.000000,0.000000
425,7.083333,16.877686,-0.002065,-68.222656,3.417262,0.005057,-15.479657,-0.430396,0.788372,15.493489,4813.582,1,-0.433071,4,3,25.217817,1,0,0,0.074365,0.996819,0.028668,0.905755,-0.079543,0.416269,-0.048241,0.094310,0.000000,0.000000,0.000000,1,-0.072803,20207.142578,24239.220703,-673.353088,-0.019059,0.001676,26.167887,1,0.097474,42678.281250,-12169.604492,-14280.470703,0.057398,0.035322,29.196672,1,-0.100053,10808.254883,-6639.833496,18338.326172,0.020615,-0.056936,24.926991,1,0.051100,24205.193359,-13591.265625,5535.181152,0.042198,-0.017185,25.512037,846.325195,97888.296875,-12889.040039,5889.554688,-164096.937500,34615.285156,0.000000,0.000000,0.000000,0.000000,0.000000,0.000000,0.000000,0.000000,0.000000
426,7.100000,16.934692,-0.001993,-68.481323,3.420083,0.004277,-15.522620,-0.418049,0.741565,15.574120,4798.071,1,-0.346457,4,3,25.179371,1,0,0,0.072521,0.997007,0.026775,0.911003,-0.077145,0.405120,-0.059303,0.131599,0.000000,0.000000,0.000000,1,-0.070359,21051.074219,25260.402344,-211.839310,-0.051302,0.001384,26.178957,1,0.095082,41619.933594,8420.885742,-7075.337402,0.029469,0.027777,29.464382,1,-0.097713,11559.284180,-6681.255371,17843.130859,0.020744,-0.055399,24.861698,1,0.048855,23834.839844,-12657.014648,3517.357422,0.039297,-0.010921,25.501102,22328.203125,98082.335938,-12755.042969,4558.315918,-204065.250000,41617.843750,0.000000,0.000000,0.000000,0.000000,0.000000,0.000000,0.000000,0.000000,0.000000
427,7.116667,16.992920,-0.001927,-68.740723,3.494511,0.003977,-15.565137,-0.406675,0.683370,15.677732,4790.756,1,-0.259843,4,3,25.171144,1,0,0,0.069858,0.997250,0.024744,0.915783,-0.073947,0.394809,-0.073406,0.177903,0.000000,0.000000,0.000000,1,-0.067138,22140.320312,22137.734375,338.388306,-0.046921,0.000794,26.181353,1,0.091625,40266.351562,31343.013672,871.323730,-0.006125,0.016781,29.596220,1,-0.094271,12500.792969,-6851.606934,16773.394531,0.021273,-0.052077,24.823006,1,0.046187,23338.246094,-11831.309570,1877.854248,0.036733,-0.005830,25.524166,42228.968750,98288.562500,-11949.470703,2759.871094,-241473.625000,46801.593750,0.000000,0.000000,0.000000,0.000000,0.000000,0.000000,0.000000,0.000000,0.000000
428,7.133333,17.053589,-0.001857,-69.000854,3.635274,0.004226,-15.604968,-0.396453,0.614513,15.798145,4789.191,1,-0.188976,4,3,25.195225,1,0,0,0.066254,0.997548,0.022552,0.920056,-0.069823,0.385515,-0.089921,0.231340,0.000000,0.000000,0.000000,1,-0.062996,23480.458984,23480.458984,-4.074429,-0.049761,0.000009,26.173405,1,0.086969,38632.109375,45811.808594,7098.725098,-0.045315,0.004127,29.578201,1,-0.089641,13608.958984,-7064.938477,14934.035156,0.021935,-0.046366,24.814924,1,0.042945,22701.412109,-10990.202148,869.781372,0.034122,-0.002700,25.581354,57858.062500,98486.875000,-8525.218750,-315.739929,-273126.562500,48891.828125,0.000000,0.000000,0.000000,0.000000,0.000000,0.000000,0.000000,0.000000,0.000000
429,7.150000,17.117432,-0.001772,-69.261353,3.828134,0.005052,-15.633386,-0.387533,0.536630,15.920557,4793.772,1,-0.110236,4,3,25.252987,1,0,0,0.061644,0.997894,0.020182,0.923791,-0.064699,0.377391,-0.108142,0.288761,0.000000,0.000000,0.000000,1,-0.057853,25030.136719,25027.033203,-394.174622,-0.053045,0.000702,26.171894,1,0.081093,36798.875000,43321.890625,8555.722656,-0.088340,-0.009224,29.442749,1,-0.083836,14827.914062,-7140.643066,12430.442383,0.022170,-0.038593,24.841722,1,0.038977,21910.130859,-9927.459961,955.704895,0.030822,-0.002967,25.671061,56567.636719,98643.531250,-4501.280762,-3296.927490,-264765.718750,41569.148438,0.000000,0.000000,0.000000,0.000000,0.000000,0.000000,0.000000,0.000000,0.000000
430,7.166667,17.184326,-0.001665,-69.522217,4.016693,0.006447,-15.648390,-0.379875,0.461121,16.022053,4804.763,1,-0.047244,4,3,25.339037,1,0,0,0.056151,0.998266,0.017658,0.927013,-0.058695,0.370407,-0.124545,0.338928,0.000000,0.000000,0.000000,1,-0.051793,26649.722656,26631.625000,-981.978516,-0.056477,0.002362,26.177717,1,0.074191,34970.058594,33496.226562,10045.288086,-0.074110,-0.022617,29.279821,1,-0.077128,15990.652344,-6856.607910,10002.977539,0.021288,-0.031057,24.901793,1,0.034247,21022.642578,-8554.971680,1864.579834,0.026561,-0.004015,25.783958,49534.964844,98707.843750,-4039.805176,-3441.845215,-231341.703125,31692.121094,0.000000,0.000000,0.000000,0.000000,0.000000,0.000000,0.000000,0.000000,0.000000
431,7.183333,17.254028,-0.001529,-69.783325,4.181809,0.008153,-15.661856,-0.373319,0.395129,16.108057,4821.135,1,-0.000000,4,3,25.442436,1,0,0,0.049975,0.998637,0.015025,0.929781,-0.052012,0.364419,-0.137179,0.377607,0.000000,0.000000,0.000000,1,-0.045024,28209.636719,28155.265625,-1750.596924,-0.059783,0.005150,26.194588,1,0.066533,33242.695312,32008.654297,8973.452148,-0.070449,-0.035187,29.088804,1,-0.069815,17053.345703,-6432.297363,7970.878906,0.019971,-0.024748,24.985964,1,0.028842,20113.908203,-7253.112305,2954.136230,0.022519,-0.005929,25.907249,49763.789062,98680.406250,558.682617,-5174.914062,-221603.625000,26307.734375,0.000000,0.000000,0.000000,0.000000,0.000000,0.000000,0.000000,0.000000,0.000000
432,7.200000,17.326538,-0.001365,-70.044312,4.347688,0.009869,-15.659993,-0.367817,0.331907,16.175732,4840.809,1,0.047244,4,3,25.556181,1,0,0,0.043215,0.998990,0.012297,0.932114,-0.044746,0.359389,-0.148419,0.410605,0.000000,0.000000,0.000000,1,-0.037621,29802.140625,29706.869141,-2381.076660,-0.063158,0.008762,26.225906,1,0.058256,31531.894531,30480.066406,8076.250977,-0.066824,-0.047199,28.917999,1,-0.062067,18068.662109,-5891.005371,6467.302734,0.018290,-0.020079,25.086910,1,0.022778,19147.603516,-6010.818848,4596.339844,0.018662,-0.009025,26.034231,50456.542969,98590.585938,3875.018555,-5573.235840,-211044.234375,21502.703125,0.000000,0.000000,0.000000,0.000000,0.000000,0.000000,0.000000,0.000000,0.000000
433,7.216667,17.401733,-0.001175,-70.305176,4.515877,0.011396,-15.647077,-0.363320,0.271688,16.230349,4862.450,1,0.078740,4,3,25.667309,1,0,0,0.035970,0.999308,0.009486,0.934031,-0.036993,0.355272,-0.158002,0.438048,0.000000,0.000000,0.000000,1,-0.029694,31385.699219,31206.591797,-3348.253906,-0.066514,0.013399,26.269077,1,0.049492,29853.853516,28914.494141,7429.980469,-0.063268,-0.057814,28.764112,1,-0.054009,19047.025391,-5286.421875,5313.316406,0.016413,-0.016497,25.191986,1,0.016113,18151.865234,-4883.910156,6686.661133,0.015163,-0.013381,26.151600,51366.921875,98454.734375,5929.460938,-4982.160645,-199338.703125,17101.130859,0.000000,0.000000,0.000000,0.000000,0.000000,0.000000,0.000000,0.000000,0.000000
434,7.233333,17.479858,-0.000965,-70.565674,4.687100,0.012587,-15.627312,-0.359771,0.214799,16.276787,4883.594,1,0.110236,4,3,25.766342,1,0,0,0.028336,0.999577,0.006611,0.935549,-0.028849,0.352016,-0.165733,0.460012,0.000000,0.000000,0.000000,1,-0.021341,32955.542969,32682.167969,-4236.002441,-0.069841,0.018814,26.330429,1,0.040333,28191.802734,27364.443359,6779.748047,-0.059745,-0.052204,28.622414,1,-0.045736,19995.527344,-4670.561035,4283.233398,0.014501,-0.013298,25.292128,1,0.008934,17151.970703,-3908.937500,9081.666016,0.012136,-0.018880,26.249449,52257.257812,98285.921875,7467.936523,-3969.548584,-187984.171875,12860.815430,0.000000,0.000000,0.000000,0.000000,0.000000,0.000000,0.000000,0.000000,0.000000
435,7.250000,17.560791,-0.000743,-70.825684,4.861291,0.013339,-15.602419,-0.357117,0.161137,16.317263,4902.437,1,0.149606,4,3,25.848278,1,0,0,0.020411,0.999785,0.003687,0.936687,-0.020412,0.349572,-0.171545,0.476503,0.000000,0.000000,0.000000,1,-0.012665,34489.550781,34166.816406,-4707.201172,-0.073092,0.024601,26.408468,1,0.030875,26559.431641,25857.703125,6064.868164,-0.056286,-0.047624,28.492977,1,-0.037326,20916.263672,-4043.841553,3242.981934,0.012555,-0.010069,25.382832,1,0.001347,16167.774414,-3069.428711,11660.765625,0.009530,-0.025311,26.322260,53105.761719,98099.992188,8769.436523,-2830.388916,-177556.187500,8802.604492,0.000000,0.000000,0.000000,0.000000,0.000000,0.000000,0.000000,0.000000,0.000000
436,7.266667,17.644775,-0.000516,-71.085327,5.038310,0.013591,-15.573188,-0.355308,0.110441,16.353045,4918.026,1,0.188976,4,3,25.911190,1,0,0,0.012288,0.999924,0.000733,0.937460,-0.011775,0.347895,-0.175483,0.487670,0.000000,0.000000,0.000000,1,-0.003785,35960.898438,35606.199219,-5038.319336,-0.076210,0.030634,26.495365,1,0.021218,24978.246094,24388.558594,5395.461426,-0.052935,-0.043455,28.377020,1,-0.028845,21808.363281,-3389.473877,2119.943359,0.010523,-0.006582,25.462624,1,-0.006538,15213.525391,-2334.547607,10217.512695,0.007248,-0.031723,26.367659,52449.421875,97906.109375,13725.892578,-3721.758301,-171088.718750,4159.918457,0.000000,0.000000,0.000000,0.000000,0.000000,0.000000,0.000000,0.000000,0.000000
437,7.283333,17.731689,-0.000294,-71.344116,5.213141,0.013335,-15.527435,-0.354313,0.061577,16.371483,4929.996,1,0.228346,4,3,26.004087,1,0,0,0.004063,0.999989,-0.002245,0.937877,-0.003031,0.346954,-0.178154,0.493494,0.000000,0.000000,0.000000,1,0.005219,37386.308594,37040.843750,-5070.670410,-0.079231,0.036599,26.588486,1,0.011479,23477.335938,22957.507812,4913.062500,-0.049754,-0.040525,28.273687,1,-0.020393,22642.847656,-2511.169678,2373.275391,0.007797,-0.007368,25.571260,1,-0.014651,14273.339844,-1571.781982,11120.362305,0.004880,-0.034526,26.444241,53511.628906,97705.015625,14872.383789,-2272.517822,-162796.515625,811.079773,0.000000,0.000000,0.000000,0.000000,0.000000,0.000000,0.000000,0.000000,0.000000
438,7.300000,17.821533,-0.000085,-71.602173,5.391513,0.012515,-15.477860,-0.354092,0.015070,16.386944,4947.671,1,0.267717,4,3,26.082409,1,0,0,-0.004184,0.999977,-0.005230,0.937953,0.005737,0.346715,-0.179111,0.494716,0.000000,0.000000,0.000000,1,0.014246,38736.031250,38410.000000,-5015.179199,-0.082091,0.042455,26.682215,1,0.001737,22039.218750,21583.523438,4458.554688,-0.046706,-0.037837,28.179451,1,-0.012008,23451.171875,-1564.076782,2524.082764,0.004856,-0.007837,25.667006,1,-0.022876,13385.068359,-891.231873,11646.030273,0.002767,-0.036158,26.504534,54383.546875,97521.937500,16372.677734,-1218.078979,-154795.375000,-2425.794189,0.000000,0.000000,0.000000,0.000000,0.000000,0.000000,0.000000,0.000000,0.000000
439,7.316667,17.914429,0.000101,-71.859253,5.572792,0.011180,-15.423285,-0.354608,-0.029166,16.398558,4962.573,1,0.307087,4,3,26.151987,1,0,0,-0.012373,0.999890,-0.008210,0.937702,0.014454,0.347141,-0.178549,0.491613,0.000000,0.000000,0.000000,1,0.023207,40004.277344,39707.460938,-4864.145020,-0.084779,0.046529,26.774900,1,-0.007930,20672.410156,20271.906250,4049.487305,-0.043810,-0.035473,28.093786,1,-0.003727,24228.482422,-559.535522,2729.979980,0.001737,-0.008476,25.755001,1,-0.031109,12552.306641,-290.849609,11956.858398,0.000903,-0.037123,26.555094,55185.156250,97357.773438,17903.765625,-366.122681,-147148.546875,-5460.018555,0.000000,0.000000,0.000000,0.000000,0.000000,0.000000,0.000000,0.000000,0.000000
440,7.333333,18.010376,0.000257,-72.115356,5.756742,0.009378,-15.363605,-0.355824,-0.071229,16.406538,4975.811,1,0.354331,4,3,26.214796,1,0,0,-0.020435,0.999729,-0.011172,0.937138,0.023047,0.348198,-0.176614,0.484504,0.000000,0.000000,0.000000,1,0.032019,41186.656250,40958.917969,-4325.218750,-0.087285,0.044564,26.864746,1,-0.017446,19388.498047,19035.533203,3682.703613,-0.041089,-0.034050,28.015835,1,0.004415,24972.552734,-395.195221,3016.606689,0.001548,-0.009366,25.836599,1,-0.039253,11780.195312,-126.398911,12121.697266,0.000713,-0.037635,26.598528,54813.660156,97223.515625,18957.625000,596.396973,-146201.843750,-8848.745117,0.000000,0.000000,0.000000,0.000000,0.000000,0.000000,0.000000,0.000000,0.000000
441,7.350000,18.109375,0.000377,-72.370361,5.939455,0.007187,-15.300413,-0.357736,-0.113037,16.411388,4987.762,1,0.393701,4,3,26.271669,1,0,0,-0.028290,0.999500,-0.014102,0.936265,0.031437,0.349884,-0.173117,0.472896,0.000000,0.000000,0.000000,1,0.040595,42264.289062,42064.402344,-4105.632812,-0.089568,0.044236,26.944462,1,-0.026728,18205.384766,17887.447266,3387.519775,-0.038582,-0.032395,27.944799,1,0.012370,25672.322266,207.229919,3297.376953,0.000734,-0.010238,25.912130,1,-0.047209,11081.742188,476.260315,12216.069336,-0.000100,-0.037928,26.636196,55161.523438,97119.406250,20347.027344,1148.834961,-140576.250000,-11558.963867,0.000000,0.000000,0.000000,0.000000,0.000000,0.000000,0.000000,0.000000,0.000000
442,7.366667,18.211426,0.000455,-72.624268,6.123326,0.004690,-15.232590,-0.360317,-0.153250,16.413233,4998.583,1,0.440945,4,3,26.323566,1,0,0,-0.035876,0.999212,-0.016990,0.935098,0.039562,0.352175,-0.168450,0.457795,0.000000,0.000000,0.000000,1,0.048863,43239.597656,43094.718750,-3536.636475,-0.091635,0.041280,27.020050,1,-0.035699,17128.025391,16837.261719,3142.585205,-0.036298,-0.031624,27.879332,1,0.020103,26330.984375,1052.275757,3641.919434,-0.000751,-0.011307,25.982393,1,-0.054895,10453.294922,1321.522339,12250.172852,-0.001586,-0.038034,26.669220,55999.121094,97052.718750,21838.060547,1527.829468,-133421.250000,-13684.499023,0.000000,0.000000,0.000000,0.000000,0.000000,0.000000,0.000000,0.000000,0.000000
443,7.383333,18.316528,0.000489,-72.876953,6.309990,0.001992,-15.159796,-0.363533,-0.191429,16.412655,5008.457,1,0.488189,4,3,26.370487,1,0,0,-0.043143,0.998872,-0.019828,0.933651,0.047374,0.355038,-0.162870,0.439996,0.000000,0.000000,0.000000,1,0.056772,44122.238281,44021.515625,-2979.574951,-0.093506,0.037713,27.084942,1,-0.044308,16145.553711,15875.649414,2939.845215,-0.034216,-0.031030,27.818483,1,0.027588,26950.380859,2088.097168,4038.766113,-0.002879,-0.012539,26.047115,1,-0.062250,9892.238281,2357.563965,12234.352539,-0.003714,-0.037985,26.697874,57154.468750,97020.359375,23452.464844,1672.974854,-124567.031250,-15353.036133,0.000000,0.000000,0.000000,0.000000,0.000000,0.000000,0.000000,0.000000,0.000000
444,7.400000,18.424805,0.000475,-73.128296,6.500505,-0.000812,-15.081621,-0.367341,-0.227087,16.409943,5017.384,1,0.535433,4,3,26.412443,1,0,0,-0.050056,0.998490,-0.022611,0.931943,0.054837,0.358435,-0.156613,0.420162,0.000000,0.000000,0.000000,1,0.064286,44917.105469,44851.457031,-2427.607666,-0.095190,0.033351,27.139362,1,-0.052510,15257.626953,15003.931641,2770.773926,-0.032335,-0.030566,27.761457,1,0.034804,27531.365234,3239.645996,4484.942871,-0.005544,-0.013925,26.106081,1,-0.069226,9394.137695,3510.020508,12178.994141,-0.006381,-0.037813,26.722401,58496.035156,97022.804688,25139.097656,1676.438843,-114761.203125,-16664.312500,0.000000,0.000000,0.000000,0.000000,0.000000,0.000000,0.000000,0.000000,0.000000
445,7.416667,18.536499,0.000415,-73.378418,6.695492,-0.003622,-14.997824,-0.371696,-0.259949,16.405373,5025.367,1,0.574803,4,3,26.449356,1,0,0,-0.056588,0.998076,-0.025335,0.929993,0.061925,0.362322,-0.149845,0.398800,0.000000,0.000000,0.000000,1,0.071398,45647.585938,45597.777344,-2131.874756,-0.096738,0.030943,27.183409,1,-0.060292,14443.279297,14205.478516,2610.114502,-0.030609,-0.029674,27.707621,1,0.041733,28073.503906,4430.107910,4975.141602,-0.008591,-0.015447,26.159014,1,-0.075793,8954.774414,2781.282715,12095.235352,-0.008635,-0.037553,26.742922,58093.042969,97056.937500,26132.964844,1919.570801,-113110.101562,-18697.421875,0.000000,0.000000,0.000000,0.000000,0.000000,0.000000,0.000000,0.000000,0.000000
446,7.433333,18.651245,0.000309,-73.626831,6.889135,-0.006353,-14.910714,-0.376588,-0.292350,16.399269,5032.390,1,0.622047,4,3,26.481087,1,0,0,-0.062693,0.997640,-0.027990,0.927810,0.068593,0.366694,-0.142181,0.374926,0.000000,0.000000,0.000000,1,0.078030,46246.253906,46219.714844,-1566.571289,-0.098007,0.024741,27.221895,1,-0.067563,13775.272461,13544.884766,2508.829834,-0.029193,-0.029193,27.656813,1,0.048332,28559.976562,5861.298828,5379.154785,-0.012157,-0.016701,26.205612,1,-0.081906,8584.504883,3103.771240,12034.803711,-0.009636,-0.037365,26.759457,58870.531250,97121.039062,27647.386719,1842.031982,-106020.984375,-19663.900391,0.000000,0.000000,0.000000,0.000000,0.000000,0.000000,0.000000,0.000000,0.000000
447,7.450000,18.769409,0.000160,-73.873779,7.085371,-0.008915,-14.818556,-0.381986,-0.322731,16.391653,5038.428,1,0.669291,4,3,26.508427,1,0,0,-0.068354,0.997193,-0.030573,0.925406,0.074823,0.371518,-0.134121,0.349994,0.000000,0.000000,0.000000,1,0.084183,46773.789062,46762.796875,-1014.047119,-0.099125,0.017430,27.249756,1,-0.074311,13193.201172,12967.291992,2431.026855,-0.027960,-0.027960,27.607914,1,0.054583,29000.601562,7391.003906,5786.392090,-0.016162,-0.017965,26.246889,1,-0.087548,8270.661133,3345.140625,11984.121094,-0.010386,-0.037208,26.772570,59635.433594,97211.804688,29174.603516,1696.640259,-98923.906250,-20392.341797,0.000000,0.000000,0.000000,0.000000,0.000000,0.000000,0.000000,0.000000,0.000000
448,7.466667,18.890747,-0.000027,-74.119141,7.284155,-0.011232,-14.721307,-0.387854,-0.351088,16.382702,5043.630,1,0.724409,4,3,26.531261,1,0,0,-0.073557,0.996742,-0.033077,0.922796,0.080603,0.376762,-0.125765,0.324333,0.000000,0.000000,0.000000,1,0.089812,47190.175781,47189.550781,-243.029160,-0.100008,0.004667,27.267231,1,-0.080485,12737.574219,12508.828125,2403.126221,-0.026994,-0.026994,27.560484,1,0.060464,29393.154297,8981.548828,6188.989746,-0.020514,-0.019215,26.282740,1,-0.092715,8007.906250,3509.389893,11946.998047,-0.010896,-0.037092,26.782133,60342.140625,97320.859375,30728.501953,1552.207397,-92552.796875,-20732.833984,0.000000,0.000000,0.000000,0.000000,0.000000,0.000000,0.000000,0.000000,0.000000
449,7.483333,19.015503,-0.000248,-74.362793,7.485296,-0.013251,-14.618878,-0.394162,-0.377627,16.372473,5047.974,1,0.771654,4,3,26.549528,1,0,0,-0.078297,0.996298,-0.035503,0.919993,0.085927,0.382399,-0.117245,0.298421,0.000000,0.000000,0.000000,1,0.094981,47587.320312,47586.636719,255.433105,-0.100849,0.004198,27.270212,1,-0.086139,12315.882812,12086.516602,2365.814453,-0.026100,-0.026100,27.513578,1,0.065963,29739.914062,10605.152344,6566.855469,-0.025121,-0.020388,26.313137,1,-0.097408,7791.177734,3611.093018,11927.082031,-0.011212,-0.037031,26.788044,60972.500000,97444.281250,32297.191406,1407.738159,-85824.375000,-21020.171875,0.000000,0.000000,0.000000,0.000000,0.000000,0.000000,0.000000,0.000000,0.000000
450,7.500000,19.143677,-0.000497,-74.604736,7.688538,-0.014929,-14.511221,-0.400879,-0.402245,16.361012,5051.450,1,0.818898,4,3,26.563358,1,0,0,-0.082573,0.995866,-0.037844,0.917009,0.090794,0.388396,-0.108569,0.272335,0.000000,0.000000,0.000000,1,0.099660,47890.601562,47884.695312,751.886108,-0.101492,0.002748,27.263823,1,-0.091235,12005.759766,11772.799805,2353.608154,-0.025443,-0.025443,27.467377,1,0.071063,30038.074219,12223.017578,6929.638672,-0.029883,-0.021515,26.338293,1,-0.101634,7617.577148,3648.416992,11929.232422,-0.011327,-0.037037,26.790348,61518.507812,97579.046875,33843.070312,1249.197021,-79569.460938,-21027.548828,0.000000,0.000000,0.000000,0.000000,0.000000,0.000000,0.000000,0.000000,0.000000
451,7.516667,19.275269,-0.000767,-74.844727,7.893600,-0.016231,-14.398411,-0.407975,-0.425076,16.348461,5054.081,1,0.866142,4,3,26.572710,1,0,0,-0.086386,0.995454,-0.040100,0.913853,0.095205,0.394727,-0.099843,0.246425,0.000000,0.000000,0.000000,1,0.103858,48128.523438,48112.515625,1241.024658,-0.101996,0.000230,27.248102,1,-0.095774,11777.199219,11538.222656,2360.472656,-0.024959,-0.024959,27.421406,1,0.075753,30288.535156,13802.881836,7257.568848,-0.034698,-0.022533,26.358242,1,-0.105410,7481.277344,3628.045898,11951.731445,-0.011264,-0.037107,26.788923,61939.882812,97717.843750,35381.214844,1147.182617,-73876.265625,-20861.617188,0.000000,0.000000,0.000000,0.000000,0.000000,0.000000,0.000000,0.000000,0.000000
452,7.533333,19.410400,-0.001053,-75.082764,8.100066,-0.017146,-14.280474,-0.415423,-0.446279,16.334852,5055.860,1,0.921260,4,3,26.577801,1,0,0,-0.089744,0.995068,-0.042266,0.910534,0.099168,0.401364,-0.091106,0.220882,0.000000,0.000000,0.000000,1,0.107531,48254.476562,48215.925781,1928.423584,-0.102263,-0.003935,27.223186,1,-0.099707,11676.871094,11423.485352,2419.358398,-0.024746,-0.024746,27.375305,1,0.080024,30491.894531,15320.434570,7552.930664,-0.039474,-0.023450,26.373314,1,-0.108753,7378.551758,3559.461182,11996.152344,-0.011051,-0.037245,26.783873,62192.476562,97857.398438,36929.953125,1074.658447,-69412.218750,-20370.363281,0.000000,0.000000,0.000000,0.000000,0.000000,0.000000,0.000000,0.000000,0.000000
453,7.550000,19.548706,-0.001347,-75.318726,8.307374,-0.017668,-14.157373,-0.423202,-0.466205,16.320076,5056.829,1,0.968504,4,3,26.578798,1,0,0,-0.092658,0.994710,-0.044342,0.907059,0.102694,0.408287,-0.082475,0.196078,0.000000,0.000000,0.000000,1,0.110798,48414.546875,48355.925781,2381.720703,-0.102602,-0.009327,27.185350,1,-0.103151,11555.341797,11291.764648,2453.973633,-0.024489,-0.024489,27.328094,1,0.083873,30651.255859,13776.175781,7811.423828,-0.042772,-0.024253,26.383789,1,-0.111687,7303.722656,3456.197754,12061.292969,-0.010731,-0.037447,26.775249,59588.703125,97991.171875,37220.847656,1765.988037,-78757.468750,-21386.919922,0.000000,0.000000,0.000000,0.000000,0.000000,0.000000,0.000000,0.000000,0.000000
454,7.566667,19.690552,-0.001645,-75.552612,8.506003,-0.017830,-14.033304,-0.431356,-0.488808,16.304230,5057.019,1,1.000000,4,3,26.575935,1,0,0,-0.095105,0.994389,-0.046317,0.903408,0.105758,0.415535,-0.073011,0.169876,0.000000,0.000000,0.000000,1,0.113716,48569.425781,48509.585938,2410.173096,-0.102930,-0.014914,27.138992,1,-0.106156,11460.601562,11194.261719,2456.395264,-0.024288,-0.024288,27.280231,1,0.087259,30742.613281,14739.538086,7856.385254,-0.045763,-0.024392,26.390018,1,-0.114201,7278.161133,3682.281738,12209.423828,-0.011433,-0.037907,26.763163,59572.550781,98126.570312,38728.011719,1761.193359,-73624.468750,-21004.689453,0.000000,0.000000,0.000000,0.000000,0.000000,0.000000,0.000000,0.000000,0.000000
455,7.583333,19.835571,-0.001938,-75.784302,8.704578,-0.017610,-13.904211,-0.439861,-0.509942,16.287209,5056.474,1,1.000000,4,3,26.570803,1,0,0,-0.097094,0.994108,-0.048187,0.899587,0.108370,0.423084,-0.063564,0.144272,0.000000,0.000000,0.000000,1,0.116453,48829.539062,48801.339844,1659.302979,-0.103482,-0.018674,27.092100,1,-0.108883,11277.324219,11030.649414,2345.810059,-0.023899,-0.023899,27.232323,1,0.090176,30782.130859,15495.745117,7950.681641,-0.048110,-0.024685,26.394213,1,-0.116318,7279.014648,3875.698242,12384.900391,-0.012033,-0.038452,26.748575,59527.023438,98250.359375,39940.496094,1851.734131,-67301.351562,-20968.847656,0.000000,0.000000,0.000000,0.000000,0.000000,0.000000,0.000000,0.000000,0.000000
456,7.600000,19.983887,-0.002222,-76.013794,8.903002,-0.017044,-13.771076,-0.448687,-0.529268,16.269949,5055.497,1,1.000000,4,3,26.562511,1,0,0,-0.098630,0.993870,-0.049944,0.895603,0.110532,0.430903,-0.053945,0.118835,0.000000,0.000000,0.000000,1,0.118774,48842.671875,48832.910156,976.274231,-0.103510,-0.020848,27.059322,1,-0.111090,11364.382812,11130.590820,2293.285889,-0.024084,-0.024084,27.186499,1,0.092605,30763.464844,15985.692383,8031.939453,-0.049632,-0.024937,26.395439,1,-0.118059,7307.592773,4023.779541,12583.458008,-0.012493,-0.039069,26.730640,59287.492188,98364.898438,40969.515625,1849.216064,-62841.160156,-20373.792969,0.000000,0.000000,0.000000,0.000000,0.000000,0.000000,0.000000,0.000000,0.000000
457,7.616667,20.135620,-0.002491,-76.241089,9.100627,-0.016152,-13.634511,-0.457813,-0.547317,16.252804,5053.920,1,1.000000,4,3,26.550972,1,0,0,-0.099728,0.993677,-0.051585,0.891461,0.112258,0.438971,-0.044433,0.094250,0.000000,0.000000,0.000000,1,0.120697,48810.703125,48809.363281,361.722748,-0.103442,-0.009080,27.039383,1,-0.112787,11517.441406,11295.100586,2252.145020,-0.024408,-0.024408,27.141665,1,0.094542,30692.742188,16323.396484,8054.231934,-0.050680,-0.025006,26.393684,1,-0.119452,7354.655273,4152.853027,12792.545898,-0.012894,-0.039718,26.709196,58922.195312,98464.062500,41951.339844,1965.694092,-59363.710938,-19623.285156,0.000000,0.000000,0.000000,0.000000,0.000000,0.000000,0.000000,0.000000,0.000000
458,7.633333,20.290649,-0.002741,-76.465942,9.297034,-0.014977,-13.494673,-0.467222,-0.564368,16.235804,5051.724,1,1.000000,4,3,26.536791,1,0,0,-0.100405,0.993528,-0.053106,0.887160,0.113563,0.447270,-0.035046,0.070637,0.000000,0.000000,0.000000,1,0.122238,48736.179688,48735.816406,-188.565552,-0.103284,-0.008673,27.030996,1,-0.113989,11731.205078,11519.173828,2220.316162,-0.024861,-0.024861,27.097607,1,0.095988,30572.968750,16568.958984,8029.787598,-0.051443,-0.024931,26.389696,1,-0.120527,7418.211914,4276.326172,13013.162109,-0.013277,-0.040403,26.684706,58498.914062,98546.250000,42906.222656,2172.088867,-56525.527344,-18687.574219,0.000000,0.000000,0.000000,0.000000,0.000000,0.000000,0.000000,0.000000,0.000000
459,7.650000,20.448853,-0.002967,-76.688477,9.492031,-0.013566,-13.351652,-0.476901,-0.580606,16.218998,5049.026,1,1.000000,4,3,26.520414,1,0,0,-0.100682,0.993425,-0.054507,0.882699,0.114468,0.455785,-0.025828,0.048158,0.000000,0.000000,0.000000,1,0.123417,48623.546875,48618.812500,-678.617554,-0.103045,-0.007224,27.032953,1,-0.114717,11999.613281,11797.137695,2195.054443,-0.025430,-0.025430,27.054150,1,0.096949,30407.646484,16753.490234,7966.700684,-0.052015,-0.024735,26.384041,1,-0.121314,7494.990234,4400.448730,13242.597656,-0.013662,-0.041115,26.657494,58048.746094,98610.304688,43848.277344,2452.683838,-54145.601562,-17565.433594,0.000000,0.000000,0.000000,0.000000,0.000000,0.000000,0.000000,0.000000,0.000000
460,7.666667,20.610229,-0.003167,-76.908569,9.685527,-0.011970,-13.205491,-0.486838,-0.596159,16.202431,5045.910,1,1.000000,4,3,26.502216,1,0,0,-0.100581,0.993364,-0.055786,0.878075,0.114993,0.464500,-0.016833,0.026977,0.000000,0.000000,0.000000,1,0.124255,48477.562500,48464.769531,-1113.626221,-0.102736,-0.004874,27.044123,1,-0.114993,12316.542969,12123.122070,2174.201416,-0.026102,-0.026102,27.011169,1,0.097438,30201.939453,16900.404297,7876.389648,-0.052472,-0.024454,26.377192,1,-0.121839,7583.258789,4529.032227,13479.655273,-0.014062,-0.041851,26.627834,57594.746094,98658.960938,44783.902344,2785.511963,-52096.707031,-16257.078125,0.000000,0.000000,0.000000,0.000000,0.000000,0.000000,0.000000,0.000000,0.000000
461,7.683333,20.774780,-0.003337,-77.126099,9.877509,-0.010233,-13.056211,-0.497024,-0.611121,16.186172,5042.447,1,1.000000,4,3,26.482447,1,0,0,-0.100127,0.993344,-0.056942,0.873285,0.115163,0.473404,-0.008126,0.007260,0.000000,0.000000,0.000000,1,0.124775,48301.824219,48278.527344,-1500.029785,-0.102363,-0.001742,27.063469,1,-0.114847,12672.695312,12488.226562,2154.396484,-0.026857,-0.026857,26.968582,1,0.097474,29960.378906,17011.445312,7752.402344,-0.052816,-0.024069,26.369467,1,-0.122132,7679.722656,4660.429199,13720.309570,-0.014469,-0.042598,26.595911,57121.671875,98687.312500,45722.753906,3173.037842,-50333.351562,-14820.701172,0.000000,0.000000,0.000000,0.000000,0.000000,0.000000,0.000000,0.000000,0.000000
462,7.700000,20.942627,-0.003477,-77.341064,10.067915,-0.008411,-12.903802,-0.507450,-0.625575,16.170227,5038.687,1,1.000000,4,3,26.461479,1,0,0,-0.099347,0.993362,-0.057978,0.868323,0.115002,0.482483,0.000250,-0.010898,0.000000,0.000000,0.000000,1,0.124998,48100.546875,48065.269531,-1841.969360,-0.101937,0.002065,27.090078,1,-0.114308,13062.195312,12886.769531,2133.569336,-0.027682,-0.027682,26.926369,1,0.097080,29688.878906,17100.644531,7613.383301,-0.053093,-0.023638,26.361319,1,-0.122216,7783.451172,4800.283691,13962.924805,-0.014904,-0.043351,26.562019,56649.066406,98699.554688,46661.031250,3601.377441,-48771.230469,-13255.898438,0.000000,0.000000,0.000000,0.000000,0.000000,0.000000,0.000000,0.000000,0.000000
463,7.716667,21.113525,-0.003586,-77.553589,10.256745,-0.006549,-12.748265,-0.518108,-0.639576,16.154644,5034.697,1,1.000000,4,3,26.439478,1,0,0,-0.098271,0.993415,-0.058895,0.863183,0.114540,0.491728,0.008248,-0.027405,0.000000,0.000000,0.000000,1,0.124950,47877.898438,47829.988281,-2141.330566,-0.101465,0.006451,27.123116,1,-0.113412,13477.357422,13311.182617,2109.870361,-0.028562,-0.028562,26.884548,1,0.096285,29392.554688,17173.861328,7464.874512,-0.053321,-0.023177,26.352945,1,-0.122117,7892.431641,4944.273926,14206.766602,-0.015351,-0.044108,26.526295,56176.128906,98695.382812,47594.531250,4379.185547,-47333.726562,-11367.006836,0.000000,0.000000,0.000000,0.000000,0.000000,0.000000,0.000000,0.000000,0.000000
464,7.733333,21.287598,-0.003665,-77.763428,10.443999,-0.004698,-12.589617,-0.528992,-0.653160,16.139481,5030.511,1,1.000000,4,3,26.416552,1,0,0,-0.096928,0.993500,-0.059694,0.857859,0.113805,0.501126,0.015889,-0.042102,0.000000,0.000000,0.000000,1,0.124648,47633.453125,47572.636719,-2406.263428,-0.100947,0.011337,27.161779,1,-0.112199,13906.641602,13750.237305,2079.819824,-0.029472,-0.029472,26.843174,1,0.095132,29083.105469,17226.998047,7291.216797,-0.053486,-0.022637,26.344471,1,-0.121850,8010.699219,5095.146484,14456.704102,-0.015819,-0.044884,26.488829,55680.953125,98679.359375,48526.570312,5101.237793,-46016.855469,-9467.419922,0.000000,0.000000,0.000000,0.000000,0.000000,0.000000,0.000000,0.000000,0.000000
465,7.750000,21.464722,-0.003713,-77.970459,10.629602,-0.002890,-12.427861,-0.540096,-0.666360,16.124752,5026.149,1,1.000000,4,3,26.392933,1,0,0,-0.095351,0.993611,-0.060379,0.852344,0.112826,0.510666,0.023132,-0.054995,0.000000,0.000000,0.000000,1,0.124114,47370.312500,47296.796875,-2638.083740,-0.100389,0.016652,27.205423,1,-0.110711,14343.764648,14197.639648,2042.207275,-0.030398,-0.030398,26.802366,1,0.093665,28765.419922,17268.781250,7117.804688,-0.053615,-0.022099,26.336201,1,-0.121427,8137.044922,5253.369629,14712.759766,-0.016310,-0.045679,26.449787,55181.000000,98652.101562,49437.898438,5729.927734,-44772.730469,-7555.529297,0.000000,0.000000,0.000000,0.000000,0.000000,0.000000,0.000000,0.000000,0.000000
466,7.766667,21.645020,-0.003732,-78.174927,10.813540,-0.001157,-12.263068,-0.551412,-0.679196,16.110550,5021.655,1,1.000000,4,3,26.368551,1,0,0,-0.093570,0.993745,-0.060953,0.846632,0.111633,0.520339,0.029912,-0.066071,0.000000,0.000000,0.000000,1,0.123367,47092.304688,47006.640625,-2839.217041,-0.099800,0.022331,27.253426,1,-0.108990,14782.064453,14646.619141,1996.499268,-0.031327,-0.030264,26.762268,1,0.091927,28444.322266,17312.939453,6923.642090,-0.053752,-0.021496,26.328070,1,-0.120862,8270.138672,5419.541992,14970.004883,-0.016826,-0.046478,26.409096,54671.699219,98614.414062,50356.820312,6217.915527,-43510.699219,-5677.048828,0.000000,0.000000,0.000000,0.000000,0.000000,0.000000,0.000000,0.000000,0.000000
467,7.783333,21.828247,-0.003724,-78.376465,10.995778,0.000473,-12.095212,-0.562936,-0.691665,16.096876,5017.016,1,1.000000,4,3,26.343647,1,0,0,-0.091616,0.993898,-0.061421,0.840716,0.110257,0.530131,0.036160,-0.075342,0.000000,0.000000,0.000000,1,0.122430,46803.820312,46706.703125,-3013.561523,-0.099189,0.028318,27.305208,1,-0.107077,15216.472656,15092.124023,1941.345703,-0.032247,-0.029671,26.723032,1,0.089963,28124.291016,17340.619141,6733.006836,-0.053838,-0.020904,26.320364,1,-0.120172,8408.054688,5589.259277,15227.058594,-0.017353,-0.047276,26.366951,54140.195312,98568.468750,51252.867188,6599.455078,-42351.890625,-3839.960938,0.000000,0.000000,0.000000,0.000000,0.000000,0.000000,0.000000,0.000000,0.000000
468,7.800000,22.014526,-0.003691,-78.575195,11.176246,0.001977,-11.924369,-0.574661,-0.703794,16.083797,5012.277,1,1.000000,4,3,26.318182,1,0,0,-0.089521,0.994066,-0.061791,0.834591,0.108728,0.540033,0.041826,-0.082843,0.000000,0.000000,0.000000,1,0.121326,46508.468750,46400.699219,-3164.320557,-0.098563,0.034563,27.360268,1,-0.105011,15641.985352,15529.079102,1876.013794,-0.033149,-0.028877,26.684835,1,0.087816,27809.464844,17359.425781,6540.241211,-0.053897,-0.020306,26.313036,1,-0.119369,8549.470703,5761.415527,15480.300781,-0.017888,-0.048062,26.323328,53583.390625,98515.898438,52136.937500,6862.134277,-41240.937500,-2084.770264,0.000000,0.000000,0.000000,0.000000,0.000000,0.000000,0.000000,0.000000,0.000000
469,7.816667,22.203735,-0.003636,-78.771118,11.354857,0.003336,-11.750579,-0.586582,-0.715599,16.071331,5007.433,1,1.000000,4,3,26.292231,1,0,0,-0.087314,0.994245,-0.062069,0.828250,0.107074,0.550034,0.046870,-0.088644,0.000000,0.000000,0.000000,1,0.120078,46210.015625,46092.582031,-3292.289307,-0.097930,0.041021,27.418161,1,-0.102829,16054.650391,15953.322266,1800.923218,-0.034024,-0.027888,26.647871,1,0.085528,27503.515625,17382.527344,6338.211426,-0.053968,-0.019679,26.306156,1,-0.118467,8693.239258,5937.915527,15725.998047,-0.018436,-0.048825,26.278313,53007.726562,98459.312500,53025.523438,6981.233887,-40109.222656,-429.069092,0.000000,0.000000,0.000000,0.000000,0.000000,0.000000,0.000000,0.000000,0.000000
470,7.833333,22.395874,-0.003560,-78.963989,11.531549,0.004540,-11.573827,-0.598694,-0.727074,16.059467,5002.495,1,1.000000,4,3,26.265995,1,0,0,-0.085022,0.994432,-0.062263,0.821688,0.105323,0.560121,0.051247,-0.092816,0.000000,0.000000,0.000000,1,0.118708,45911.750000,45785.640625,-3400.559326,-0.097298,0.047653,27.478460,1,-0.100570,16449.921875,16360.155273,1716.172363,-0.034861,-0.026709,26.612322,1,0.083141,27209.199219,17399.804688,6135.796387,-0.054022,-0.019050,26.299927,1,-0.117482,8837.575195,6116.908203,15962.540039,-0.018991,-0.049560,26.232107,52403.800781,98398.296875,53905.078125,6977.868652,-38996.332031,1100.529785,0.000000,0.000000,0.000000,0.000000,0.000000,0.000000,0.000000,0.000000,0.000000
471,7.850000,22.591064,-0.003467,-79.153809,11.706229,0.005576,-11.394143,-0.610991,-0.738223,16.048206,4997.503,1,1.000000,4,3,26.239592,1,0,0,-0.082673,0.994622,-0.062385,0.814900,0.103504,0.570285,0.054934,-0.095463,0.000000,0.000000,0.000000,1,0.117239,45617.039062,45483.222656,-3491.553711,-0.096674,0.054422,27.540794,1,-0.098265,16825.759766,16747.400391,1621.954956,-0.035658,-0.025346,26.578371,1,0.080691,26929.109375,17419.992188,5947.666992,-0.054085,-0.018466,26.294445,1,-0.116428,8981.014648,6294.394043,16186.580078,-0.019543,-0.050255,26.184853,51780.539062,98335.593750,54769.945312,6869.462891,-37898.539062,2509.772461,0.000000,0.000000,0.000000,0.000000,0.000000,0.000000,0.000000,0.000000,0.000000
472,7.866667,22.789062,-0.003360,-79.340698,11.878831,0.006441,-11.211576,-0.623468,-0.749053,16.037575,4992.479,1,1.000000,4,3,26.212997,1,0,0,-0.080291,0.994814,-0.062442,0.807882,0.101641,0.580514,0.057915,-0.096689,0.000000,0.000000,0.000000,1,0.115694,45329.039062,45188.683594,-3564.368652,-0.096063,0.060007,27.604839,1,-0.095945,17179.197266,17111.808594,1520.146973,-0.036407,-0.023828,26.546198,1,0.078216,26665.607422,17442.144531,5762.263672,-0.054154,-0.017890,26.289631,1,-0.115319,9122.627930,6472.011230,16396.152344,-0.020094,-0.050906,26.136587,51133.707031,98272.937500,55630.062500,6628.810547,-36786.371094,3770.102295,0.000000,0.000000,0.000000,0.000000,0.000000,0.000000,0.000000,0.000000,0.000000
473,7.883333,22.989990,-0.003241,-79.524536,12.049276,0.007134,-11.026143,-0.636120,-0.759558,16.027569,4987.419,1,1.000000,4,3,26.186356,1,0,0,-0.077899,0.995004,-0.062445,0.800630,0.099759,0.590796,0.060170,-0.096604,0.000000,0.000000,0.000000,1,0.114095,45050.968750,44905.050781,-3623.027344,-0.095474,0.060041,27.670254,1,-0.093640,17508.349609,17451.396484,1411.055298,-0.037104,-0.022167,26.515944,1,0.075745,26420.144531,17467.847656,5587.454102,-0.054233,-0.017348,26.285587,1,-0.114169,9260.348633,6649.128906,16587.699219,-0.020644,-0.051501,26.087500,50463.550781,98211.023438,56483.914062,6301.173828,-35680.378906,4898.600586,0.000000,0.000000,0.000000,0.000000,0.000000,0.000000,0.000000,0.000000,0.000000
474,7.900000,23.193481,-0.003113,-79.705078,12.217488,0.007659,-10.837863,-0.648941,-0.769742,16.018177,4982.351,1,1.000000,4,3,26.159754,1,0,0,-0.075517,0.995190,-0.062406,0.793141,0.097880,0.601121,0.061697,-0.095322,0.000000,0.000000,0.000000,1,0.112464,44784.597656,44634.191406,-3667.346436,-0.094910,0.059887,27.736771,1,-0.091373,17811.417969,17764.263672,1295.176025,-0.037747,-0.020375,26.487747,1,0.073311,26194.632812,17499.525391,5423.612305,-0.054332,-0.016839,26.282341,1,-0.112991,9393.681641,6820.859863,16760.082031,-0.021177,-0.052036,26.037739,49768.429688,98151.296875,57329.582031,5886.888672,-34590.757812,5882.574219,0.000000,0.000000,0.000000,0.000000,0.000000,0.000000,0.000000,0.000000,0.000000
475,7.916667,23.399902,-0.002980,-79.882568,12.383383,0.008020,-10.646765,-0.661927,-0.779609,16.009388,4977.289,1,1.000000,4,3,26.133289,1,0,0,-0.073164,0.995370,-0.062335,0.785413,0.096025,0.611478,0.062499,-0.092962,0.000000,0.000000,0.000000,1,0.110821,44532.769531,44378.996094,-3697.567871,-0.094376,0.059563,27.804121,1,-0.089169,18086.863281,18048.628906,1175.436401,-0.038330,-0.018501,26.461737,1,0.070940,25989.902344,17542.355469,5273.210449,-0.054465,-0.016372,26.279928,1,-0.111799,9521.294922,6990.054199,16909.605469,-0.021702,-0.052500,25.987469,49057.058594,98094.531250,58172.328125,5374.819824,-33463.875000,6703.375488,0.000000,0.000000,0.000000,0.000000,0.000000,0.000000,0.000000,0.000000,0.000000
476,7.933333,23.608887,-0.002842,-80.056763,12.546906,0.008227,-10.452857,-0.675072,-0.789149,16.001196,4972.254,1,1.000000,4,3,26.107071,1,0,0,-0.070858,0.995543,-0.062244,0.777445,0.094215,0.621855,0.062581,-0.089649,0.000000,0.000000,0.000000,1,0.109186,44297.855469,44141.679688,-3716.456299,-0.093878,0.059107,27.872038,1,-0.087048,18334.056641,18303.845703,1052.039673,-0.038854,-0.016555,26.437983,1,0.068655,25806.621094,17577.648438,5136.460938,-0.054574,-0.015947,26.278379,1,-0.110607,9641.627930,7151.661621,17036.330078,-0.022204,-0.052894,25.936880,48309.136719,98041.562500,58998.804688,4827.795898,-32447.710938,7399.791016,0.000000,0.000000,0.000000,0.000000,0.000000,0.000000,0.000000,0.000000,0.000000
477,7.950000,23.820801,-0.002704,-80.227661,12.707937,0.008291,-10.256194,-0.688371,-0.798395,15.993576,4967.266,1,1.000000,4,3,26.081205,1,0,0,-0.068611,0.995706,-0.062144,0.769233,0.092465,0.632242,0.061969,-0.085500,0.000000,0.000000,0.000000,1,0.107576,44080.664062,43922.937500,-3725.645264,-0.093418,0.058551,27.940311,1,-0.085028,18552.466797,18529.320312,926.431335,-0.039317,-0.014566,26.416555,1,0.066478,25645.671875,17636.486328,5012.187988,-0.054757,-0.015562,26.277721,1,-0.109426,9754.380859,7309.203613,17136.345703,-0.022693,-0.053204,25.886160,47548.566406,97993.218750,59833.726562,4220.479492,-31335.015625,7919.067871,0.000000,0.000000,0.000000,0.000000,0.000000,0.000000,0.000000,0.000000,0.000000
478,7.966667,24.035278,-0.002567,-80.395264,12.866432,0.008225,-10.056748,-0.701818,-0.807319,15.986496,4962.344,1,1.000000,4,3,26.055861,1,0,0,-0.066437,0.995860,-0.062045,0.760780,0.090792,0.642628,0.060699,-0.080662,0.000000,0.000000,0.000000,1,0.106009,43883.351562,43724.984375,-3724.792236,-0.093000,0.057892,28.008757,1,-0.083123,18741.621094,18724.541016,799.944397,-0.039718,-0.012558,26.397497,1,0.064427,25506.832031,17696.669922,4909.067383,-0.054944,-0.015241,26.278040,1,-0.108268,9858.584961,7460.027832,17213.750000,-0.023162,-0.053444,25.835560,46766.285156,97949.953125,60652.066406,3591.175781,-30269.429688,8308.544922,0.000000,0.000000,0.000000,0.000000,0.000000,0.000000,0.000000,0.000000,0.000000
479,7.983333,24.252319,-0.002433,-80.559570,13.022320,0.008042,-9.854575,-0.715410,-0.815936,15.979960,4957.521,1,1.000000,4,3,26.031046,1,0,0,-0.064345,0.996003,-0.061958,0.752083,0.089208,0.653003,0.058808,-0.075250,0.000000,0.000000,0.000000,1,0.104499,43705.761719,43547.652344,-3714.263672,-0.092623,0.057140,28.077187,1,-0.081347,18902.164062,18890.132812,674.266846,-0.040058,-0.010562,26.380825,1,0.062515,25390.076172,17767.226562,4827.878418,-0.055163,-0.014989,26.279253,1,-0.107143,9953.916016,7603.179688,17264.736328,-0.023606,-0.053603,25.785183,45968.394531,97911.757812,61460.757812,2936.308350,-29221.359375,8566.774414,0.000000,0.000000,0.000000,0.000000,0.000000,0.000000,0.000000,0.000000,0.000000
480,8.000000,24.471924,-0.002304,-80.720459,13.175548,0.007757,-9.649706,-0.729141,-0.824251,15.973965,4952.800,1,0.897638,4,3,26.006811,1,0,0,-0.062342,0.996134,-0.061893,0.743143,0.087726,0.663357,0.056333,-0.069378,0.000000,0.000000,0.000000,1,0.103673,44125.460938,43434.367188,-7778.930664,-0.093513,0.068323,28.145418,1,-0.080325,18456.039062,18445.902344,-611.560303,-0.039113,-0.008888,26.366522,1,0.060756,25295.285156,17849.064453,4765.485352,-0.055417,-0.014796,26.281311,1,-0.106061,10039.570312,7736.537109,17290.324219,-0.024020,-0.053682,25.735178,43736.687500,97876.882812,62464.867188,2642.466553,-16272.972656,6242.619141,0.000000,0.000000,0.000000,0.000000,0.000000,0.000000,0.000000,0.000000,0.000000
481,8.016666,24.693970,-0.002181,-80.877686,13.321337,0.007375,-9.441489,-0.742949,-0.828875,15.964614,4948.189,1,0.803150,4,3,25.983229,1,0,0,-0.060401,0.996257,-0.061829,0.734003,0.086308,0.673640,0.054922,-0.065447,0.000000,0.000000,0.000000,1,0.102772,43933.398438,42210.289062,-12183.395508,-0.093106,0.081437,28.290056,1,-0.079255,18651.091797,18518.849609,-2217.087402,-0.039526,-0.004748,26.376467,1,0.059089,25177.902344,17491.054688,4998.387695,-0.054305,-0.015519,26.284191,1,-0.105011,10127.844727,7691.705078,17315.470703,-0.023881,-0.053760,25.685711,40195.023438,97852.835938,62905.980469,1769.393433,-6391.621094,4544.496094,0.000000,0.000000,0.000000,0.000000,0.000000,0.000000,0.000000,0.000000,0.000000
482,8.033334,24.918091,-0.002065,-81.031616,13.455320,0.006933,-9.231803,-0.756787,-0.830682,15.950005,4943.703,1,0.700787,4,3,25.956783,1,0,0,-0.058507,0.996375,-0.061759,0.724695,0.084939,0.683814,0.053792,-0.062545,0.000000,0.000000,0.000000,1,0.101885,43813.894531,46273.781250,-22431.437500,-0.108980,0.089510,28.517487,1,-0.078189,18805.542969,21823.279297,-4496.457520,-0.046249,0.000552,26.416689,1,0.057472,25041.593750,16950.519531,5469.817871,-0.052627,-0.016982,26.283707,1,-0.104007,10204.476562,7555.545410,17328.582031,-0.023458,-0.053801,25.633926,34218.539062,97830.078125,73743.703125,-4286.917480,-8240.951172,1683.051636,0.000000,0.000000,0.000000,0.000000,0.000000,0.000000,0.000000,0.000000,0.000000
483,8.050000,25.144287,-0.001957,-81.181396,13.569382,0.006507,-8.985991,-0.770665,-0.833021,15.899359,4938.671,1,0.614173,4,3,25.924807,1,0,0,-0.056673,0.996482,-0.061736,0.715214,0.083665,0.693880,0.049545,-0.058817,0.000000,0.000000,0.000000,1,0.101038,43719.871094,37948.691406,-33657.285156,-0.080423,0.071328,28.937553,1,-0.077008,19071.171875,9443.582031,-5894.205566,-0.020013,0.004983,26.499895,1,0.055821,24857.277344,16049.529297,8011.710449,-0.049830,-0.019912,26.276611,1,-0.103217,10167.769531,7191.282715,17426.412109,-0.022327,-0.054105,25.577713,17824.201172,97778.437500,57784.179688,4744.178223,56443.042969,-5626.304199,0.000000,0.000000,0.000000,0.000000,0.000000,0.000000,0.000000,0.000000,0.000000
484,8.066667,25.371460,-0.001860,-81.327881,13.628796,0.005819,-8.793377,-0.784273,-0.816921,15.850790,4932.587,1,0.519685,4,3,25.861702,1,0,0,-0.054741,0.996601,-0.061559,0.705791,0.082230,0.703631,0.056280,-0.065777,0.000000,0.000000,0.000000,1,0.100050,43463.406250,32045.080078,-19888.054688,-0.075779,0.042148,29.568640,1,-0.075548,19506.599609,-5454.478516,-5046.763672,-0.008294,0.007104,26.609459,1,0.053948,24548.500000,14821.052734,9461.586914,-0.046016,-0.023425,26.232698,1,-0.102345,10300.163086,6808.387207,17524.787109,-0.021138,-0.054410,25.495953,23902.062500,97787.328125,31473.972656,18683.515625,74428.539062,-590.376343,0.000000,0.000000,0.000000,0.000000,0.000000,0.000000,0.000000,0.000000,0.000000
485,8.083333,25.599976,-0.001777,-81.472778,13.708469,0.004972,-8.688463,-0.797526,-0.795682,15.878683,4920.580,1,0.433071,4,3,25.780727,1,0,0,-0.052663,0.996742,-0.061083,0.696501,0.080496,0.713027,0.071537,-0.076113,0.000000,0.000000,0.000000,1,0.098572,42857.484375,13685.869141,-16176.475586,-0.058416,0.039228,29.940899,1,-0.073751,20038.226562,-24027.050781,-951.235168,0.014836,0.002139,26.703041,1,0.051986,24303.220703,14357.193359,6421.023438,-0.044576,-0.019936,26.167721,1,-0.100990,10697.772461,6901.331055,17219.076172,-0.021427,-0.053461,25.399458,11340.701172,97882.539062,-1645.165039,33913.746094,165637.687500,-6558.832520,0.000000,0.000000,0.000000,0.000000,0.000000,0.000000,0.000000,0.000000,0.000000
486,8.100000,25.828979,-0.001707,-81.617676,13.746272,0.004208,-8.693947,-0.809988,-0.748435,15.950453,4905.173,1,0.346457,4,3,25.740276,1,0,0,-0.050262,0.996931,-0.060020,0.687683,0.078126,0.721796,0.102643,-0.099064,0.000000,0.000000,0.000000,1,0.096212,41811.179688,-6760.524414,-8452.410156,-0.031415,0.031316,30.243389,1,-0.071341,20879.300781,-25053.123047,-319.883972,0.046192,0.001816,26.719393,1,0.049743,23925.203125,13332.571289,4643.202637,-0.041394,-0.014416,26.149675,1,-0.098702,11431.963867,6922.920898,16632.113281,-0.021494,-0.051639,25.337286,4778.033203,98059.414062,-22210.316406,40630.234375,203353.265625,-9399.345703,0.000000,0.000000,0.000000,0.000000,0.000000,0.000000,0.000000,0.000000,0.000000
487,8.116667,26.058350,-0.001642,-81.763672,13.762198,0.003872,-8.767982,-0.821479,-0.690440,16.048052,4897.477,1,0.259843,4,3,25.728313,1,0,0,-0.047461,0.997174,-0.058234,0.679493,0.074963,0.729842,0.141273,-0.127622,0.000000,0.000000,0.000000,1,0.092787,40463.417969,-29747.826172,46.994141,0.003646,0.019655,30.400686,1,-0.068165,21953.335938,-21949.611328,404.348022,0.046524,0.001114,26.723837,1,0.047084,23433.347656,12476.230469,3016.843994,-0.038736,-0.009367,26.163101,1,-0.095316,12365.615234,7106.832031,15481.999023,-0.022065,-0.048068,25.300751,-2081.100586,98252.023438,-41110.128906,45319.054688,239850.765625,-12385.043945,0.000000,0.000000,0.000000,0.000000,0.000000,0.000000,0.000000,0.000000,0.000000
488,8.133333,26.287598,-0.001575,-81.912109,13.755261,0.004045,-8.905015,-0.831827,-0.622043,16.164940,4895.201,1,0.188976,4,3,25.749491,1,0,0,-0.044199,0.997473,-0.055619,0.672084,0.070880,0.737075,0.185920,-0.160732,0.000000,0.000000,0.000000,1,0.088158,38828.023438,-46051.675781,7085.879395,0.042648,0.006150,30.398216,1,-0.064085,23270.730469,-23270.583984,82.916916,0.049316,0.000968,26.714624,1,0.043869,22809.414062,11611.796875,1909.152588,-0.036052,-0.005927,26.211269,1,-0.090734,13472.761719,7346.859375,13590.800781,-0.022810,-0.042196,25.295849,-10993.641602,98437.460938,-56542.261719,47209.593750,275089.031250,-16264.875000,0.000000,0.000000,0.000000,0.000000,0.000000,0.000000,0.000000,0.000000,0.000000
489,8.150000,26.516235,-0.001496,-82.063599,13.718616,0.004750,-9.093490,-0.840863,-0.543598,16.286894,4899.230,1,0.110236,4,3,25.806170,1,0,0,-0.040427,0.997823,-0.052100,0.665603,0.065782,0.743402,0.234723,-0.197509,0.000000,0.000000,0.000000,1,0.082276,36969.656250,-43477.347656,8823.155273,0.085715,-0.008085,30.263432,1,-0.059005,24811.138672,-24809.130859,-315.642212,0.052581,0.001529,26.711473,1,0.039938,22026.957031,10554.602539,1824.991089,-0.032769,-0.005666,26.293957,1,-0.084940,14710.360352,7482.595703,11037.055664,-0.023232,-0.034267,25.327433,-14204.150391,98587.265625,-53873.808594,38989.824219,266586.406250,-16788.324219,0.000000,0.000000,0.000000,0.000000,0.000000,0.000000,0.000000,0.000000,0.000000
490,8.166667,26.744141,-0.001396,-82.218140,13.671268,0.006005,-9.273069,-0.848628,-0.467568,16.388000,4910.014,1,0.047244,4,3,25.893744,1,0,0,-0.036210,0.998201,-0.047788,0.660029,0.059794,0.748857,0.277138,-0.230096,0.000000,0.000000,0.000000,1,0.075346,35118.089844,-33469.113281,10634.783203,0.074424,-0.022350,30.095991,1,-0.053004,26424.458984,-26409.316406,-894.500122,0.056000,0.003062,26.715839,1,0.035250,21145.916016,9154.869141,3060.188232,-0.028424,-0.007090,26.402916,1,-0.078218,15888.717773,7242.923340,8628.553711,-0.022487,-0.026790,25.394390,-11641.673828,98644.695312,-47386.386719,29470.521484,232163.546875,-13563.124023,0.000000,0.000000,0.000000,0.000000,0.000000,0.000000,0.000000,0.000000,0.000000
491,8.183333,26.971191,-0.001270,-82.375366,13.632463,0.007547,-9.431024,-0.855288,-0.401341,16.475822,4926.676,1,0.000000,4,3,25.994513,1,0,0,-0.031661,0.998579,-0.042860,0.655244,0.053118,0.753547,0.309841,-0.255157,0.000000,0.000000,0.000000,1,0.067644,33371.113281,-32010.205078,9432.819336,0.070722,-0.035679,29.894497,1,-0.046291,27977.333984,-27927.710938,-1665.621460,0.059291,0.005759,26.731121,1,0.029892,20245.089844,7827.480957,4171.098145,-0.024302,-0.009265,26.517601,1,-0.070869,16966.841797,6856.960449,6533.637695,-0.021289,-0.020285,25.481743,-16195.060547,98614.562500,-45965.031250,23440.625000,222668.781250,-13789.113281,0.000000,0.000000,0.000000,0.000000,0.000000,0.000000,0.000000,0.000000,0.000000
492,8.200000,27.197510,-0.001119,-82.535156,13.578479,0.009092,-9.584240,-0.860889,-0.337814,16.544706,4945.850,1,-0.047244,4,3,26.106104,1,0,0,-0.026823,0.998940,-0.037405,0.651219,0.045851,0.757504,0.337555,-0.277089,0.000000,0.000000,0.000000,1,0.059313,31645.441406,-30499.310547,8439.545898,0.067064,-0.048379,29.715595,1,-0.038937,29569.552734,-29480.675781,-2290.885254,0.062665,0.009305,26.760944,1,0.023870,19280.021484,6535.070801,5811.082031,-0.020290,-0.012523,26.636503,1,-0.063075,17992.148438,6332.137207,4994.092285,-0.019660,-0.015505,25.586266,-19687.539062,98521.250000,-45470.136719,18510.955078,212111.984375,-12881.338867,0.000000,0.000000,0.000000,0.000000,0.000000,0.000000,0.000000,0.000000,0.000000
493,8.216666,27.422729,-0.000945,-82.697388,13.512854,0.010440,-9.735807,-0.865479,-0.277291,16.600086,4967.082,1,-0.078740,4,3,26.215509,1,0,0,-0.021740,0.999267,-0.031514,0.647917,0.038088,0.760758,0.360535,-0.295689,0.000000,0.000000,0.000000,1,0.050492,29956.261719,-28938.619141,7741.693848,0.063485,-0.059265,29.555367,1,-0.031045,31159.589844,-30990.847656,-3238.425537,0.066035,0.013890,26.802557,1,0.017232,18279.240234,5349.103027,7881.407227,-0.016608,-0.016957,26.746382,1,-0.054969,18976.070312,5726.921387,3831.230469,-0.017781,-0.011895,25.695173,-22024.937500,98381.570312,-45661.421875,14401.370117,200283.171875,-11028.844727,0.000000,0.000000,0.000000,0.000000,0.000000,0.000000,0.000000,0.000000,0.000000
494,8.233334,27.646729,-0.000754,-82.862183,13.439437,0.011441,-9.888012,-0.869117,-0.220132,16.647058,4987.897,1,-0.110236,4,3,26.313139,1,0,0,-0.016460,0.999545,-0.025272,0.645298,0.029926,0.763345,0.378932,-0.310749,0.000000,0.000000,0.000000,1,0.041277,28286.480469,-27394.197266,7048.608398,0.059946,-0.053589,29.408255,1,-0.022707,32741.306641,-32483.099609,-4103.830566,0.069387,0.019266,26.862040,1,0.010062,17270.330078,4315.041504,10236.954102,-0.013397,-0.022461,26.837313,1,-0.046651,19927.525391,5101.905273,2808.135986,-0.015840,-0.008719,25.799204,-23873.410156,98211.484375,-46024.578125,10685.332031,188815.953125,-8768.843750,0.000000,0.000000,0.000000,0.000000,0.000000,0.000000,0.000000,0.000000,0.000000
495,8.250000,27.869507,-0.000554,-83.029541,13.359859,0.011996,-10.041428,-0.871856,-0.166234,16.687870,5006.473,1,-0.149606,4,3,26.394032,1,0,0,-0.011030,0.999763,-0.018765,0.643318,0.021462,0.765298,0.392825,-0.322215,0.000000,0.000000,0.000000,1,0.031764,26646.931641,-25893.041016,6293.604492,0.056471,-0.048953,29.274172,1,-0.014027,34291.742188,-33987.863281,-4555.099609,0.072673,0.025019,26.937841,1,0.002461,16272.824219,3421.121582,12762.264648,-0.010622,-0.028831,26.903908,1,-0.038203,20849.019531,4465.511230,1793.878418,-0.013864,-0.005570,25.893818,-25480.751953,98022.562500,-46432.273438,7212.161133,178334.906250,-6383.260742,0.000000,0.000000,0.000000,0.000000,0.000000,0.000000,0.000000,0.000000,0.000000
496,8.266666,28.090698,-0.000353,-83.199585,13.274922,0.012042,-10.196202,-0.873747,-0.115316,16.723795,5021.864,1,-0.188976,4,3,26.456198,1,0,0,-0.005499,0.999912,-0.012077,0.641940,0.012790,0.766648,0.402328,-0.330146,0.000000,0.000000,0.000000,1,0.022055,25060.531250,-24427.919922,5595.257812,0.053109,-0.044762,29.154280,1,-0.005121,35784.710938,-35452.195312,-4866.960449,0.075837,0.031018,27.022152,1,-0.005459,15302.882812,2635.138916,9926.924805,-0.008181,-0.030821,26.943804,1,-0.029688,21741.593750,3792.484863,713.141785,-0.011775,-0.002214,25.977415,-31039.439453,97830.835938,-43362.320312,2125.055664,173090.937500,-6157.648438,0.000000,0.000000,0.000000,0.000000,0.000000,0.000000,0.000000,0.000000,0.000000
497,8.283334,28.310181,-0.000160,-83.371826,13.171457,0.011588,-10.340743,-0.874815,-0.065882,16.737816,5033.692,1,-0.228346,4,3,26.564377,1,0,0,0.000097,0.999986,-0.005295,0.641145,0.004001,0.767410,0.407107,-0.335214,0.000000,0.000000,0.000000,1,0.012274,23561.695312,-22996.189453,5131.149414,0.049933,-0.042045,29.047516,1,0.003939,37241.757812,-36926.191406,-4837.850586,0.078924,0.036882,27.112345,1,-0.013643,14336.726562,1786.133911,11094.607422,-0.005546,-0.034446,27.034229,1,-0.021222,22567.226562,2832.152588,1273.047852,-0.008793,-0.002859,26.102690,-32122.541016,97629.093750,-44570.332031,-58.507034,164288.812500,-3221.934326,0.000000,0.000000,0.000000,0.000000,0.000000,0.000000,0.000000,0.000000,0.000000
498,8.300000,28.527954,0.000016,-83.546631,13.064383,0.010561,-10.489311,-0.875100,-0.018950,16.750994,5054.275,1,-0.267717,4,3,26.650957,1,0,0,0.005715,0.999982,0.001511,0.640900,-0.004823,0.767609,0.408324,-0.337067,0.000000,0.000000,0.000000,1,0.002492,22117.779297,-21619.023438,4670.543457,0.046873,-0.039407,28.949476,1,0.013045,38621.664062,-38327.410156,-4758.414062,0.081849,0.042611,27.201988,1,-0.021962,13426.379883,1052.292236,11714.740234,-0.003267,-0.036371,27.101305,1,-0.012825,23375.169922,1835.881592,1628.369629,-0.005700,-0.003675,26.208092,-33678.425781,97448.812500,-45202.539062,-2485.633301,156090.968750,-842.821411,0.000000,0.000000,0.000000,0.000000,0.000000,0.000000,0.000000,0.000000,0.000000
499,8.316667,28.743774,0.000166,-83.723877,12.952121,0.009019,-10.639986,-0.874642,0.025654,16.761339,5070.748,1,-0.307087,4,3,26.725077,1,0,0,0.011317,0.999902,0.008275,0.641177,-0.013606,0.767273,0.406055,-0.335970,0.000000,0.000000,0.000000,1,-0.007221,20741.085938,-20301.679688,4246.707520,0.043955,-0.037019,28.860094,1,0.022104,39919.726562,-39653.394531,-4603.588379,0.084600,0.044690,27.290133,1,-0.030303,12574.843750,413.017761,12046.746094,-0.001282,-0.037402,27.155087,1,-0.004527,24157.310547,791.153625,2006.744141,-0.002456,-0.004623,26.301876,-35320.886719,97292.015625,-45645.910156,-4893.944824,148349.953125,1213.468506,0.000000,0.000000,0.000000,0.000000,0.000000,0.000000,0.000000,0.000000,0.000000
500,8.333333,28.957764,0.000283,-83.903809,12.834385,0.007026,-10.792139,-0.873479,0.068058,16.768627,5084.851,1,-0.354331,4,3,26.789997,1,0,0,0.016865,0.999746,0.014933,0.641947,-0.022277,0.766425,0.400492,-0.332159,0.000000,0.000000,0.000000,1,-0.016791,19442.769531,-19055.986328,3858.841309,0.041204,-0.035514,28.778679,1,0.031030,41130.519531,-40927.777344,-4078.821777,0.087166,0.042700,27.375359,1,-0.038564,11786.542969,309.507690,12197.284180,-0.001163,-0.037870,27.199570,1,0.003644,24910.531250,687.877991,2421.343506,-0.002337,-0.005698,26.386593,-36063.082031,97166.023438,-44913.507812,-7731.296875,148187.296875,3481.521484,0.000000,0.000000,0.000000,0.000000,0.000000,0.000000,0.000000,0.000000,0.000000
501,8.350000,29.169556,0.000361,-84.086182,12.714174,0.004663,-10.941851,-0.871610,0.110432,16.773012,5097.202,1,-0.393701,4,3,26.847527,1,0,0,0.022317,0.999522,0.021413,0.643213,-0.030751,0.765070,0.391116,-0.325224,0.000000,0.000000,0.000000,1,-0.026132,18245.496094,-17896.998047,3549.025635,0.038667,-0.033796,28.704556,1,0.039728,42233.488281,-42055.898438,-3868.946777,0.089503,0.042401,27.450687,1,-0.046637,11075.732422,-323.189697,12268.175781,-0.000359,-0.038090,27.237066,1,0.011641,25621.988281,55.295166,2849.936035,-0.001533,-0.006867,26.463558,-37461.242188,97074.085938,-44897.632812,-9999.914062,142514.906250,5084.748047,0.000000,0.000000,0.000000,0.000000,0.000000,0.000000,0.000000,0.000000,0.000000
502,8.366667,29.379395,0.000395,-84.270996,12.589303,0.002025,-11.091510,-0.869064,0.151197,16.774702,5108.148,1,-0.440945,4,3,26.898514,1,0,0,0.027641,0.999235,0.027660,0.644955,-0.038968,0.763227,0.378834,-0.315946,0.000000,0.000000,0.000000,1,-0.035174,17150.083984,-16832.203125,3286.689453,0.036345,-0.032920,28.636255,1,0.048123,43231.234375,-43103.714844,-3318.022705,0.091618,0.039420,27.522058,1,-0.054437,10438.115234,-1220.152954,12268.875000,0.001180,-0.038092,27.268650,1,0.019433,26295.476562,-841.419128,3307.159912,0.000005,-0.008129,26.533401,-39182.308594,97018.765625,-45298.562500,-11795.798828,135057.453125,6244.218750,0.000000,0.000000,0.000000,0.000000,0.000000,0.000000,0.000000,0.000000,0.000000
503,8.383333,29.587036,0.000382,-84.458374,12.458695,-0.000785,-11.242505,-0.865874,0.189842,16.774088,5117.849,1,-0.488189,4,3,26.943516,1,0,0,0.032815,0.998895,0.033631,0.647148,-0.046878,0.760922,0.364337,-0.304883,0.000000,0.000000,0.000000,1,-0.043864,16146.661133,-15852.530273,3067.884521,0.034219,-0.032208,28.572886,1,0.056163,44135.203125,-44047.898438,-2774.658203,0.093533,0.035772,27.583042,1,-0.061898,9869.837891,-2322.014404,12217.299805,0.003418,-0.037932,27.295109,1,0.026998,26933.722656,-1942.947754,3796.212158,0.002243,-0.009487,26.596453,-41155.015625,96999.835938,-45965.230469,-13264.209961,125747.554688,7016.424805,0.000000,0.000000,0.000000,0.000000,0.000000,0.000000,0.000000,0.000000,0.000000
504,8.400000,29.792358,0.000321,-84.648315,12.321512,-0.003665,-11.395722,-0.862086,0.225835,16.771410,5126.412,1,-0.535433,4,3,26.982834,1,0,0,0.037820,0.998512,0.039293,0.649760,-0.054447,0.758187,0.348155,-0.292476,0.000000,0.000000,0.000000,1,-0.052161,15234.324219,-14958.828125,2884.114990,0.032285,-0.031610,28.513630,1,0.063807,44949.789062,-44894.367188,-2231.454590,0.095260,0.031248,27.633778,1,-0.068973,9366.704102,-3548.233887,12127.846680,0.006239,-0.037654,27.316936,1,0.034315,27536.652344,-3168.561035,4322.305664,0.005062,-0.010947,26.652819,-43269.226562,97015.742188,-46789.921875,-14456.375000,115387.617188,7483.950195,0.000000,0.000000,0.000000,0.000000,0.000000,0.000000,0.000000,0.000000,0.000000
505,8.416667,29.995361,0.000212,-84.840820,12.177281,-0.006514,-11.551689,-0.857749,0.258874,16.766937,5133.893,1,-0.574803,4,3,27.016533,1,0,0,0.042645,0.998093,0.044622,0.652754,-0.061646,0.755057,0.330726,-0.279080,0.000000,0.000000,0.000000,1,-0.060052,14392.271484,-14134.631836,2711.025879,0.030501,-0.030501,28.457829,1,0.071048,45698.511719,-45657.429688,-1937.155151,0.096846,0.028685,27.674271,1,-0.075627,8923.894531,-2867.290039,12012.836914,0.008902,-0.037297,27.334370,1,0.041368,28103.851562,-4432.582520,4886.005859,0.008291,-0.012514,26.702393,-44123.074219,97063.062500,-46184.843750,-16293.239258,113280.437500,8423.658203,0.000000,0.000000,0.000000,0.000000,0.000000,0.000000,0.000000,0.000000,0.000000
506,8.433333,30.195923,0.000058,-85.035889,12.030205,-0.009249,-11.705639,-0.852873,0.291322,16.761009,5140.304,1,-0.622047,4,3,27.044527,1,0,0,0.047264,0.997651,0.049580,0.656126,-0.068433,0.751542,0.311211,-0.263976,0.000000,0.000000,0.000000,1,-0.067447,13694.171875,-13445.774414,2596.442139,0.029021,-0.029021,28.405281,1,0.077807,46313.808594,-46293.429688,-1373.700684,0.098150,0.022152,27.709213,1,-0.081818,8551.645508,-3186.366699,11923.345703,0.009893,-0.037019,27.347464,1,0.048115,28617.951172,-5935.829102,5451.204102,0.012054,-0.014151,26.744947,-45757.820312,97140.218750,-46533.781250,-17254.957031,106030.195312,8694.754883,0.000000,0.000000,0.000000,0.000000,0.000000,0.000000,0.000000,0.000000,0.000000
507,8.450000,30.393799,-0.000138,-85.233643,11.877679,-0.011780,-11.860751,-0.847492,0.321703,16.753962,5145.630,1,-0.669291,4,3,27.066555,1,0,0,0.051667,0.997195,0.054149,0.659849,-0.074787,0.747667,0.290794,-0.248116,0.000000,0.000000,0.000000,1,-0.074335,13079.031250,-12836.864258,2505.196533,0.027718,-0.027718,28.354887,1,0.084082,46855.906250,-46848.636719,-825.172729,0.099299,0.014491,27.733530,1,-0.087526,8237.283203,-3422.747559,11839.040039,0.010627,-0.036757,27.355911,1,0.054536,29087.703125,-7539.191406,4813.073242,0.016268,-0.014943,26.780258,-48305.421875,97241.500000,-46061.605469,-18445.224609,97699.156250,8354.283203,0.000000,0.000000,0.000000,0.000000,0.000000,0.000000,0.000000,0.000000,0.000000
508,8.466666,30.589111,-0.000372,-85.433838,11.716660,-0.014031,-12.014290,-0.841647,0.349709,16.741920,5149.822,1,-0.724409,4,3,27.096937,1,0,0,0.055846,0.996735,0.058316,0.663894,-0.080695,0.743460,0.269633,-0.231816,0.000000,0.000000,0.000000,1,-0.080656,12596.515625,-12351.121094,2474.271729,0.026695,-0.026695,28.306208,1,0.089836,47291.578125,-47291.574219,-21.053568,0.100222,0.000414,27.747503,1,-0.092758,7967.894531,-3561.750000,11838.552734,0.011058,-0.036756,27.371605,1,0.060596,29503.175781,-9182.209961,6504.818359,0.020812,-0.016893,26.825026,-49017.492188,97359.359375,-47135.011719,-18382.257812,92421.734375,8918.601562,0.000000,0.000000,0.000000,0.000000,0.000000,0.000000,0.000000,0.000000,0.000000
509,8.483334,30.781616,-0.000638,-85.636597,11.553268,-0.015965,-12.171407,-0.835362,0.376208,16.733097,5155.602,1,-0.771654,4,3,27.106861,1,0,0,0.059796,0.996279,0.062078,0.668243,-0.086150,0.738939,0.248342,-0.215076,0.000000,0.000000,0.000000,1,-0.086469,12140.574219,-11896.333008,2422.977783,0.025729,-0.025729,28.258110,1,0.095119,47698.238281,-47695.960938,465.814728,0.101084,-0.000467,27.746313,1,-0.097501,7754.918945,-3663.469238,11778.461914,0.011374,-0.036569,27.370239,1,0.066296,29882.210938,-10876.058594,5660.559570,0.025621,-0.017575,26.846018,-51685.625000,97494.578125,-46382.695312,-19293.173828,84269.179688,8283.816406,0.000000,0.000000,0.000000,0.000000,0.000000,0.000000,0.000000,0.000000,0.000000
510,8.500000,30.971313,-0.000930,-85.842041,11.380983,-0.017519,-12.326015,-0.828675,0.400381,16.718761,5157.491,1,-0.818898,4,3,27.127436,1,0,0,0.063512,0.995834,0.065431,0.672864,-0.091149,0.734129,0.226753,-0.198254,0.000000,0.000000,0.000000,1,-0.091729,11803.056641,-11554.742188,2408.335938,0.025014,-0.025014,28.210978,1,0.099911,48016.937500,-48006.656250,993.752747,0.101760,-0.002445,27.735941,1,-0.101777,7576.390625,-3677.854736,11809.664062,0.011419,-0.036666,27.377941,1,0.071602,30203.425781,-12538.435547,7551.297852,0.030560,-0.019754,26.879221,-52171.039062,97635.109375,-47470.687500,-18871.839844,79342.812500,8752.809570,0.000000,0.000000,0.000000,0.000000,0.000000,0.000000,0.000000,0.000000,0.000000
511,8.516666,31.157959,-0.001242,-86.050049,11.207080,-0.018688,-12.484251,-0.821611,0.423145,16.708614,5161.405,1,-0.866142,4,3,27.124912,1,0,0,0.066992,0.995408,0.068379,0.677742,-0.095694,0.729046,0.205418,-0.181240,0.000000,0.000000,0.000000,1,-0.096443,11540.009766,-11287.454102,2401.085693,0.024456,-0.024456,28.164120,1,0.104209,48259.539062,-48237.285156,1465.426025,0.102274,-0.005511,27.715614,1,-0.105586,7445.947266,-3661.721924,11783.275391,0.011369,-0.036584,27.366306,1,0.076516,30486.351562,-14180.012695,6220.767578,0.035558,-0.019314,26.885649,-55049.468750,97782.468750,-46208.351562,-19547.464844,71850.210938,7780.029297,0.000000,0.000000,0.000000,0.000000,0.000000,0.000000,0.000000,0.000000,0.000000
512,8.533334,31.341797,-0.001566,-86.260742,11.023582,-0.019435,-12.638279,-0.814205,0.443769,16.691631,5160.925,1,-0.921260,4,3,27.138561,1,0,0,0.070236,0.995006,0.070927,0.682846,-0.099790,0.723715,0.184204,-0.164530,0.000000,0.000000,0.000000,1,-0.100549,11415.894531,-11147.990234,2458.650146,0.024193,-0.024193,28.117397,1,0.107982,48399.804688,-48350.488281,2184.397461,0.102571,-0.010374,27.686392,1,-0.108966,7336.573242,-3565.834717,11859.840820,0.011071,-0.036822,27.368196,1,0.081006,30709.056641,-15725.462891,8259.715820,0.040482,-0.021664,26.910852,-55283.093750,97924.453125,-47173.750000,-18526.611328,69042.656250,8233.603516,0.000000,0.000000,0.000000,0.000000,0.000000,0.000000,0.000000,0.000000,0.000000
513,8.550000,31.522339,-0.001896,-86.473999,10.839305,-0.019792,-12.795525,-0.806470,0.463587,16.679493,5163.522,1,-0.968504,4,3,27.126886,1,0,0,0.073245,0.994632,0.073088,0.688166,-0.103448,0.718141,0.163763,-0.147956,0.000000,0.000000,0.000000,1,-0.104173,11262.048828,-10985.546875,2480.226074,0.023867,-0.023867,28.069593,1,0.111336,48563.609375,-48492.867188,2620.261719,0.102918,-0.016488,27.643612,1,-0.111925,7267.094727,-3468.304688,11877.625000,0.010768,-0.036877,27.348743,1,0.085086,30898.255859,-14024.786133,6707.871094,0.043543,-0.020826,26.906830,-55914.902344,98064.695312,-43202.750000,-20241.652344,77448.156250,8432.527344,0.000000,0.000000,0.000000,0.000000,0.000000,0.000000,0.000000,0.000000,0.000000
514,8.566667,31.699829,-0.002225,-86.689575,10.652922,-0.019761,-12.939534,-0.798366,0.485816,16.660019,5161.301,1,-1.000000,4,3,27.133596,1,0,0,0.076002,0.994295,0.074835,0.693729,-0.106639,0.712298,0.141893,-0.130209,0.000000,0.000000,0.000000,1,-0.107347,11150.820312,-10870.110352,2486.261719,0.023631,-0.023631,28.021383,1,0.114344,48732.351562,-48658.292969,2685.633057,0.103276,-0.022902,27.592613,1,-0.114469,7234.269531,-3680.463867,12059.013672,0.011427,-0.037440,27.344469,1,0.088687,31001.962891,-14969.278320,7310.087402,0.046476,-0.022696,26.924351,-56867.976562,98201.781250,-43109.687500,-19712.189453,73082.046875,8543.729492,0.000000,0.000000,0.000000,0.000000,0.000000,0.000000,0.000000,0.000000,0.000000
515,8.583333,31.874268,-0.002547,-86.907593,10.463362,-0.019347,-13.083233,-0.789913,0.506796,16.641426,5162.577,1,-1.000000,4,3,27.130907,1,0,0,0.078506,0.993999,0.076181,0.699517,-0.109371,0.706197,0.120590,-0.112583,0.000000,0.000000,0.000000,1,-0.110237,10949.054688,-10687.160156,2380.422852,0.023204,-0.023204,27.973061,1,0.117169,49004.906250,-48965.652344,1961.031494,0.103853,-0.027480,27.540380,1,-0.116619,7231.671875,-3876.072754,12240.866211,0.012034,-0.038005,27.331621,1,0.091806,31055.625000,-15764.552734,7597.438477,0.048945,-0.023588,26.931665,-57870.480469,98329.937500,-42859.515625,-19663.029297,66786.406250,8602.002930,0.000000,0.000000,0.000000,0.000000,0.000000,0.000000,0.000000,0.000000,0.000000
516,8.600000,32.045410,-0.002857,-87.128052,10.270460,-0.018575,-13.226098,-0.781142,0.525974,16.623322,5162.065,1,-1.000000,4,3,27.122663,1,0,0,0.080749,0.993746,0.077131,0.705505,-0.111648,0.699855,0.099502,-0.094855,0.000000,0.000000,0.000000,1,-0.112598,11019.765625,-10769.684570,2334.335205,0.023354,-0.023354,27.926727,1,0.119575,49027.578125,-49010.542969,1292.373657,0.103901,-0.030448,27.501812,1,-0.118392,7256.219727,-4026.577637,12433.404297,0.012502,-0.038603,27.313408,1,0.094425,31049.328125,-16285.777344,7741.588867,0.050563,-0.024036,26.933252,-58735.074219,98445.242188,-42373.433594,-19206.857422,62260.425781,8347.703125,0.000000,0.000000,0.000000,0.000000,0.000000,0.000000,0.000000,0.000000,0.000000
517,8.616667,32.213257,-0.003148,-87.350830,10.074677,-0.017473,-13.367343,-0.772074,0.543857,16.605560,5160.497,1,-1.000000,4,3,27.110506,1,0,0,0.082734,0.993538,0.077701,0.711674,-0.113482,0.693283,0.079131,-0.077502,0.000000,0.000000,0.000000,1,-0.114439,11159.792969,-10919.933594,2301.308838,0.023650,-0.023650,27.881260,1,0.121579,49005.273438,-49000.441406,688.461121,0.103854,-0.017293,27.475853,1,-0.119821,7298.354492,-4154.940918,12632.447266,0.012900,-0.039221,27.291153,1,0.096537,30987.923828,-16647.021484,7800.369141,0.051685,-0.024218,26.931055,-59531.632812,98544.718750,-41754.335938,-18557.009766,58752.101562,8128.587891,0.000000,0.000000,0.000000,0.000000,0.000000,0.000000,0.000000,0.000000,0.000000
518,8.633333,32.377930,-0.003416,-87.576050,9.876238,-0.016086,-13.506524,-0.762725,0.560735,16.588055,5158.184,1,-1.000000,4,3,27.095417,1,0,0,0.084465,0.993376,0.077906,0.718006,-0.114889,0.686489,0.059605,-0.060606,0.000000,0.000000,0.000000,1,-0.115774,11363.740234,-11132.854492,2279.066162,0.024083,-0.024083,27.836414,1,0.123200,48941.316406,-48941.097656,145.662445,0.103719,-0.003696,27.461283,1,-0.120937,7354.745117,-4277.567871,12838.421875,0.013281,-0.039860,27.265652,1,0.098140,30873.935547,-16911.662109,7794.486816,0.052507,-0.024200,26.926245,-60300.710938,98625.421875,-41069.406250,-17708.601562,55885.730469,7931.566406,0.000000,0.000000,0.000000,0.000000,0.000000,0.000000,0.000000,0.000000,0.000000
519,8.650000,32.539185,-0.003657,-87.803345,9.675236,-0.014466,-13.643422,-0.753110,0.576790,16.570765,5155.313,1,-1.000000,4,3,27.078114,1,0,0,0.085946,0.993260,0.077767,0.724487,-0.115889,0.679477,0.041061,-0.044262,0.000000,0.000000,0.000000,1,-0.116620,11625.685547,-11402.903320,2265.031982,0.024638,-0.024638,27.791986,1,0.124459,48840.703125,-48839.519531,-340.105438,0.103505,-0.002947,27.456949,1,-0.121772,7422.722656,-4398.061035,13049.447266,0.013655,-0.040515,27.237478,1,0.099236,30711.175781,-17107.949219,7751.357910,0.053116,-0.024066,26.919682,-61048.210938,98688.054688,-40353.878906,-16625.660156,53557.324219,7768.004883,0.000000,0.000000,0.000000,0.000000,0.000000,0.000000,0.000000,0.000000,0.000000
520,8.666667,32.697021,-0.003869,-88.032959,9.471742,-0.012663,-13.777935,-0.743239,0.592176,16.553722,5152.021,1,-1.000000,4,3,27.059004,1,0,0,0.087184,0.993188,0.077304,0.731102,-0.116502,0.672248,0.023648,-0.028574,0.000000,0.000000,0.000000,1,-0.116999,11938.755859,-11723.569336,2256.504150,0.025301,-0.025301,27.747822,1,0.125378,48707.113281,-48700.945312,-775.139832,0.103222,-0.001258,27.461775,1,-0.122356,7499.779297,-4521.435547,13264.995117,0.014038,-0.041185,27.206953,1,0.099838,30504.160156,-17262.029297,7669.518066,0.053594,-0.023812,26.911860,-61797.207031,98731.585938,-39619.179688,-15347.314453,51572.859375,7637.024414,0.000000,0.000000,0.000000,0.000000,0.000000,0.000000,0.000000,0.000000,0.000000
521,8.683333,32.851562,-0.004047,-88.264893,9.265751,-0.010732,-13.909999,-0.733122,0.606990,16.536921,5148.385,1,-1.000000,4,3,27.038513,1,0,0,0.088188,0.993159,0.076541,0.737839,-0.116752,0.664803,0.007480,-0.013623,0.000000,0.000000,0.000000,1,-0.116940,12295.189453,-12087.304688,2251.391357,0.026057,-0.026057,27.703817,1,0.125980,48544.859375,-48530.992188,-1160.399170,0.102878,0.001244,27.474804,1,-0.122716,7584.188477,-4650.595215,13483.279297,0.014439,-0.041862,27.174416,1,0.099961,30258.332031,-17392.095703,7561.315430,0.053998,-0.023476,26.903292,-62553.957031,98756.640625,-38884.089844,-13903.069336,49817.738281,7481.491211,0.000000,0.000000,0.000000,0.000000,0.000000,0.000000,0.000000,0.000000,0.000000
522,8.700000,33.002441,-0.004193,-88.498779,9.057238,-0.008723,-14.039613,-0.722767,0.621298,16.520405,5144.486,1,-1.000000,4,3,27.016937,1,0,0,0.088967,0.993169,0.075502,0.744684,-0.116665,0.657142,-0.007329,0.000476,0.000000,0.000000,0.000000,1,-0.116471,12687.638672,-12487.200195,2246.334229,0.026888,-0.026888,27.659910,1,0.126289,48358.207031,-48334.785156,-1504.879639,0.102483,0.004458,27.495098,1,-0.122880,7673.514648,-4781.009277,13701.311523,0.014844,-0.042539,27.140099,1,0.099629,29979.085938,-17481.039062,7444.089355,0.054274,-0.023112,26.894335,-63292.222656,98763.375000,-38132.375000,-11996.668945,48363.589844,7634.209961,0.000000,0.000000,0.000000,0.000000,0.000000,0.000000,0.000000,0.000000,0.000000
523,8.716666,33.149902,-0.004304,-88.734985,8.846264,-0.006693,-14.166720,-0.712182,0.635184,16.504211,5140.381,1,-1.000000,4,3,26.994398,1,0,0,0.089532,0.993215,0.074216,0.751626,-0.116269,0.649261,-0.020632,0.013741,0.000000,0.000000,0.000000,1,-0.115632,13104.755859,-12912.128906,2238.652100,0.027772,-0.027772,27.616096,1,0.126323,48146.093750,-48112.089844,-1809.149658,0.102033,0.008288,27.521889,1,-0.122865,7772.253906,-4924.582520,13926.632812,0.015290,-0.043239,27.104113,1,0.098879,29677.785156,-17573.859375,7305.314941,0.054562,-0.022681,26.885128,-64046.800781,98755.976562,-37393.500000,-9772.201172,46856.792969,7922.492188,0.000000,0.000000,0.000000,0.000000,0.000000,0.000000,0.000000,0.000000,0.000000
524,8.733334,33.293701,-0.004382,-88.973145,8.632774,-0.004684,-14.291366,-0.701373,0.648632,16.488396,5136.093,1,-1.000000,4,3,26.971073,1,0,0,0.089894,0.993294,0.072711,0.758651,-0.115593,0.641160,-0.032307,0.026127,0.000000,0.000000,0.000000,1,-0.114467,13534.574219,-13350.394531,2225.230713,0.028683,-0.028683,27.572428,1,0.126099,47908.285156,-47863.195312,-2078.077393,0.101529,0.012651,27.554419,1,-0.122679,7883.140625,-5071.814941,14164.808594,0.015747,-0.043978,27.066570,1,0.097758,29364.582031,-17631.566406,7155.466309,0.054742,-0.022216,26.875912,-64760.042969,98735.367188,-36638.746094,-7557.832031,45579.910156,8105.642578,0.000000,0.000000,0.000000,0.000000,0.000000,0.000000,0.000000,0.000000,0.000000
525,8.750000,33.434082,-0.004428,-89.213257,8.416907,-0.002732,-14.413495,-0.690347,0.661707,16.473043,5131.654,1,-1.000000,4,3,26.946949,1,0,0,0.090064,0.993401,0.071018,0.765749,-0.114666,0.632835,-0.042353,0.037558,0.000000,0.000000,0.000000,1,-0.113019,13971.622070,-13796.502930,2205.160889,0.029609,-0.029609,27.529011,1,0.125634,47649.453125,-47593.171875,-2315.185059,0.100981,0.017477,27.592018,1,-0.122331,8005.085938,-5230.869141,14413.649414,0.016241,-0.044751,27.027411,1,0.096315,29044.861328,-17689.150391,6998.304688,0.054920,-0.021728,26.866726,-65463.667969,98705.664062,-35893.601562,-5422.979980,44274.058594,8125.716797,0.000000,0.000000,0.000000,0.000000,0.000000,0.000000,0.000000,0.000000,0.000000
526,8.766666,33.570679,-0.004442,-89.455566,8.198695,-0.000861,-14.533140,-0.679110,0.674400,16.458248,5127.065,1,-1.000000,4,3,26.921993,1,0,0,0.090059,0.993532,0.069165,0.772905,-0.113519,0.624285,-0.050786,0.047940,0.000000,0.000000,0.000000,1,-0.111333,14408.808594,-14243.541016,2176.079590,0.030536,-0.030536,27.485971,1,0.124948,47373.632812,-47306.382812,-2523.302490,0.100396,0.022701,27.634090,1,-0.121835,8135.372070,-5394.795898,14666.938477,0.016750,-0.045537,26.986565,1,0.094595,28723.044922,-17730.703125,6816.906250,0.055049,-0.021165,26.857576,-66152.601562,98665.273438,-35120.527344,-3416.687012,43034.550781,8017.159180,0.000000,0.000000,0.000000,0.000000,0.000000,0.000000,0.000000,0.000000,0.000000
527,8.783334,33.703613,-0.004427,-89.699707,7.978187,0.000900,-14.650208,-0.667668,0.686732,16.444004,5122.317,1,-1.000000,4,3,26.896450,1,0,0,0.089891,0.993683,0.067180,0.780107,-0.112183,0.615505,-0.057674,0.057235,0.000000,0.000000,0.000000,1,-0.109451,14842.190430,-14687.456055,2137.575195,0.031454,-0.031454,27.443480,1,0.124062,47084.734375,-47006.988281,-2704.654297,0.099784,0.028265,27.680086,1,-0.121203,8272.536133,-5565.056152,14922.976562,0.017278,-0.046332,26.944221,1,0.092647,28402.955078,-17758.931641,6627.255859,0.055137,-0.020576,26.848764,-66820.593750,98616.906250,-34331.070312,-1530.895996,41862.234375,7782.387695,0.000000,0.000000,0.000000,0.000000,0.000000,0.000000,0.000000,0.000000,0.000000
528,8.800000,33.832886,-0.004385,-89.945679,7.755451,0.002528,-14.764646,-0.656027,0.698722,16.430359,5117.457,1,-1.000000,4,3,26.870388,1,0,0,0.089578,0.993851,0.065090,0.787344,-0.110686,0.606496,-0.063078,0.065396,0.000000,0.000000,0.000000,1,-0.107412,15266.430664,-15122.717773,2089.810303,0.032353,-0.031403,27.401711,1,0.122999,46787.593750,-46699.937500,-2862.667236,0.099154,0.034120,27.729502,1,-0.120449,8414.160156,-5737.952148,15177.357422,0.017815,-0.047122,26.900421,1,0.090512,28087.726562,-17787.414062,6436.411621,0.055226,-0.019983,26.840389,-67472.937500,98560.765625,-33530.671875,208.009277,40686.726562,7424.833496,0.000000,0.000000,0.000000,0.000000,0.000000,0.000000,0.000000,0.000000,0.000000
529,8.816667,33.958374,-0.004318,-90.193604,7.530541,0.004004,-14.876414,-0.644193,0.710369,16.417345,5112.498,1,-1.000000,4,3,26.843845,1,0,0,0.089137,0.994030,0.062921,0.794603,-0.109059,0.597254,-0.067075,0.072390,0.000000,0.000000,0.000000,1,-0.105254,15678.110352,-15545.993164,2031.066650,0.033226,-0.030792,27.360840,1,0.121782,46486.125000,-46389.304688,-2998.760742,0.098515,0.040219,27.781898,1,-0.119589,8558.485352,-5915.768066,15425.526367,0.018367,-0.047892,26.855209,1,0.088234,27780.873047,-17807.382812,6242.631836,0.055288,-0.019382,26.832487,-68108.750000,98499.406250,-32707.716797,1798.645264,39559.949219,6968.896484,0.000000,0.000000,0.000000,0.000000,0.000000,0.000000,0.000000,0.000000,0.000000
530,8.833333,34.080078,-0.004230,-90.443481,7.303512,0.005313,-14.985440,-0.632171,0.721686,16.404966,5107.448,1,-1.000000,4,3,26.816933,1,0,0,0.088584,0.994218,0.060696,0.801871,-0.107330,0.587778,-0.069756,0.078203,0.000000,0.000000,0.000000,1,-0.103014,16074.212891,-15953.904297,1962.968750,0.034065,-0.029992,27.321074,1,0.120434,46184.089844,-46078.968750,-3114.222412,0.097875,0.046521,27.836861,1,-0.118636,8703.783203,-6095.103027,15664.475586,0.018924,-0.048634,26.808702,1,0.085853,27485.156250,-17828.193359,6048.956543,0.055352,-0.018781,26.825165,-68732.546875,98434.804688,-31866.570312,3203.343262,38419.140625,6408.243164,0.000000,0.000000,0.000000,0.000000,0.000000,0.000000,0.000000,0.000000,0.000000
531,8.850000,34.197998,-0.004122,-90.694946,7.074404,0.006447,-15.091662,-0.619966,0.732671,16.393232,5102.327,1,-1.000000,4,3,26.789762,1,0,0,0.087939,0.994410,0.058438,0.809136,-0.105526,0.578068,-0.071226,0.082832,0.000000,0.000000,0.000000,1,-0.100725,16450.671875,-16342.335938,1884.852173,0.034863,-0.028995,27.282587,1,0.118980,45885.855469,-45773.269531,-3212.393066,0.097243,0.052988,27.894001,1,-0.117609,8847.754883,-6272.983398,15889.908203,0.019476,-0.049334,26.761036,1,0.083404,27202.498047,-17845.451172,5856.606445,0.055406,-0.018183,26.818520,-69339.773438,98366.734375,-30996.800781,4448.098633,37324.406250,5789.675781,0.000000,0.000000,0.000000,0.000000,0.000000,0.000000,0.000000,0.000000,0.000000
532,8.866667,34.312012,-0.003999,-90.948120,6.843271,0.007396,-15.194985,-0.607584,0.743338,16.382120,5097.158,1,-1.000000,4,3,26.762480,1,0,0,0.087218,0.994605,0.056166,0.816387,-0.103673,0.568124,-0.071593,0.086301,0.000000,0.000000,0.000000,1,-0.098415,16806.841797,-16710.378906,1798.110107,0.035618,-0.027822,27.245569,1,0.117444,45594.042969,-45474.957031,-3293.166504,0.096625,0.057674,27.952991,1,-0.116522,8989.202148,-6451.111328,16100.475586,0.020029,-0.049988,26.712387,1,0.080922,26935.134766,-17868.566406,5675.161621,0.055477,-0.017620,26.812666,-69935.703125,98298.585938,-30113.496094,5526.671875,36215.367188,5100.971680,0.000000,0.000000,0.000000,0.000000,0.000000,0.000000,0.000000,0.000000,0.000000
533,8.883333,34.422119,-0.003863,-91.203003,6.610152,0.008160,-15.295363,-0.595029,0.753681,16.371637,5091.967,1,-1.000000,4,3,26.735132,1,0,0,0.086440,0.994798,0.053899,0.823611,-0.101796,0.557945,-0.070961,0.088623,0.000000,0.000000,0.000000,1,-0.096115,17139.070312,-17054.244141,1703.074097,0.036322,-0.026482,27.210182,1,0.115849,45312.226562,-45187.617188,-3358.170166,0.096028,0.057902,28.013506,1,-0.115392,9126.463867,-6625.607910,16291.387695,0.020571,-0.050581,26.662859,1,0.078440,26684.656250,-17888.152344,5501.606445,0.055538,-0.017081,26.807602,-70513.046875,98230.046875,-29201.787109,6438.696289,35163.351562,4376.585449,0.000000,0.000000,0.000000,0.000000,0.000000,0.000000,0.000000,0.000000,0.000000
534,8.900000,34.528320,-0.003717,-91.459595,6.375109,0.008738,-15.392703,-0.582308,0.763718,16.361763,5086.764,1,-1.000000,4,3,26.707857,1,0,0,0.085623,0.994988,0.051653,0.830798,-0.099917,0.547532,-0.069444,0.089841,0.000000,0.000000,0.000000,1,-0.093848,17446.945312,-17373.308594,1601.273438,0.036974,-0.025000,27.176580,1,0.114218,45042.988281,-44913.742188,-3409.729248,0.095457,0.057939,28.075245,1,-0.114234,9258.250977,-6797.104492,16462.318359,0.021103,-0.051111,26.612648,1,0.075985,26452.742188,-17914.636719,5338.260254,0.055621,-0.016574,26.803408,-71080.773438,98163.921875,-28269.195312,7196.750977,34110.878906,3625.155273,0.000000,0.000000,0.000000,0.000000,0.000000,0.000000,0.000000,0.000000,0.000000
535,8.916667,34.630615,-0.003565,-91.717651,6.138173,0.009136,-15.486934,-0.569425,0.773450,16.352478,5081.574,1,-1.000000,4,3,26.680769,1,0,0,0.084782,0.995172,0.049441,0.837936,-0.098059,0.536887,-0.067151,0.089997,0.000000,0.000000,0.000000,1,-0.091637,17728.523438,-17665.472656,1493.852539,0.037571,-0.023397,27.144894,1,0.112572,44788.996094,-44656.070312,-3448.145020,0.094919,0.057801,28.137957,1,-0.113062,9383.550781,-6966.123047,16610.498047,0.021628,-0.051571,26.561934,1,0.073585,26240.146484,-17952.095703,5198.729980,0.055737,-0.016141,26.800137,-71636.851562,98100.593750,-27328.412109,7810.285156,33047.847656,2850.058594,0.000000,0.000000,0.000000,0.000000,0.000000,0.000000,0.000000,0.000000,0.000000
536,8.933333,34.728882,-0.003409,-91.977295,5.899383,0.009364,-15.578029,-0.556385,0.782873,16.343792,5076.420,1,-1.000000,4,3,26.653852,1,0,0,0.083934,0.995349,0.047275,0.845015,-0.096240,0.526011,-0.064179,0.089130,0.000000,0.000000,0.000000,1,-0.089503,17982.458984,-17929.347656,1381.070190,0.038109,-0.021684,27.115225,1,0.110932,44551.921875,-44416.214844,-3474.687256,0.094416,0.057514,28.201393,1,-0.111890,9501.127930,-7129.019531,16733.875000,0.022134,-0.051955,26.510801,1,0.071262,26048.507812,-18000.310547,5064.275879,0.055887,-0.015723,26.797674,-72188.898438,98040.726562,-26359.058594,8256.044922,31966.390625,2073.972656,0.000000,0.000000,0.000000,0.000000,0.000000,0.000000,0.000000,0.000000,0.000000
537,8.950000,34.823242,-0.003252,-92.238403,5.658753,0.009430,-15.665893,-0.543192,0.791983,16.335648,5071.299,1,-1.000000,4,3,26.627337,1,0,0,0.083096,0.995518,0.045167,0.852023,-0.094480,0.514907,-0.060648,0.087313,0.000000,0.000000,0.000000,1,-0.087463,18208.734375,-18164.695312,1265.645996,0.038589,-0.019904,27.087677,1,0.109318,44334.082031,-44196.437500,-3490.821045,0.093955,0.057106,28.265329,1,-0.110733,9610.165039,-7285.507324,16832.378906,0.022620,-0.052260,26.459541,1,0.069038,25878.054688,-18050.093750,4952.445312,0.056041,-0.015376,26.796194,-72720.804688,97986.179688,-25372.425781,8570.574219,30934.410156,1316.121460,0.000000,0.000000,0.000000,0.000000,0.000000,0.000000,0.000000,0.000000,0.000000
538,8.966666,34.913574,-0.003096,-92.500854,5.416351,0.009348,-15.750467,-0.529853,0.800794,16.328047,5066.253,1,-1.000000,4,3,26.601244,1,0,0,0.082281,0.995676,0.043123,0.858952,-0.092792,0.503578,-0.056659,0.084617,0.000000,0.000000,0.000000,1,-0.085533,18406.240234,-18370.429688,1147.593018,0.039007,-0.018065,27.062298,1,0.107746,44136.117188,-43997.359375,-3497.037842,0.093535,0.056585,28.329571,1,-0.109601,9710.171875,-7433.057617,16903.902344,0.023078,-0.052482,26.408278,1,0.066931,25729.119141,-18105.394531,4859.279297,0.056213,-0.015087,26.795620,-73235.757812,97936.031250,-24364.242188,8764.947266,29957.972656,588.575439,0.000000,0.000000,0.000000,0.000000,0.000000,0.000000,0.000000,0.000000,0.000000
539,8.983334,34.999756,-0.002944,-92.764771,5.172232,0.009132,-15.831681,-0.516371,0.809323,16.320961,5061.289,1,-1.000000,4,3,26.575666,1,0,0,0.081503,0.995823,0.041150,0.865791,-0.091192,0.492025,-0.052312,0.081119,0.000000,0.000000,0.000000,1,-0.083726,18575.656250,-18547.154297,1028.643799,0.039366,-0.016197,27.039139,1,0.106233,43959.218750,-43820.125000,-3494.207031,0.093160,0.055969,28.393929,1,-0.108505,9801.017578,-7577.688477,16951.392578,0.023527,-0.052630,26.357201,1,0.064958,25602.414062,-18181.021484,4780.854492,0.056448,-0.014843,26.795944,-73753.406250,97893.007812,-23345.222656,8830.650391,28909.972656,-121.412231,0.000000,0.000000,0.000000,0.000000,0.000000,0.000000,0.000000,0.000000,0.000000
540,9.000000,35.081909,-0.002797,-93.029907,4.926387,0.008801,-15.909498,-0.502752,0.817551,16.314369,5056.423,1,-0.897638,4,3,26.550709,1,0,0,0.080774,0.995959,0.039253,0.872531,-0.089692,0.480254,-0.047695,0.076888,0.000000,0.000000,0.000000,1,-0.082683,18124.888672,-18124.386719,-134.984940,0.038411,-0.015792,27.018215,1,0.105425,44397.285156,-43763.042969,-7477.648926,0.094089,0.067286,28.458233,1,-0.107456,9881.822266,-7713.104980,16972.472656,0.023947,-0.052695,26.306492,1,0.063130,25497.523438,-18266.109375,4722.524902,0.056712,-0.014662,26.797194,-74016.117188,97857.531250,-21109.066406,6637.088867,16128.634766,398.089111,0.000000,0.000000,0.000000,0.000000,0.000000,0.000000,0.000000,0.000000,0.000000
541,9.016666,35.159912,-0.002658,-93.296265,4.679667,0.008368,-15.979862,-0.489057,0.822134,16.304909,5051.674,1,-0.803150,4,3,26.526438,1,0,0,0.080066,0.996087,0.037412,0.879141,-0.088256,0.468319,-0.044514,0.074287,0.000000,0.000000,0.000000,1,-0.081587,18328.183594,-18265.496094,-1514.593506,0.038842,-0.012623,27.019165,1,0.104538,44205.496094,-42617.570312,-11741.742188,0.093682,0.080784,28.597656,1,-0.106440,9965.635742,-7671.111328,16991.203125,0.023817,-0.052753,26.256317,1,0.061393,25371.226562,-17911.574219,4943.555176,0.055611,-0.015349,26.799335,-73375.742188,97828.562500,-17978.515625,4949.573730,6737.771484,64.892883,0.000000,0.000000,0.000000,0.000000,0.000000,0.000000,0.000000,0.000000,0.000000
542,9.033334,35.233765,-0.002527,-93.563599,4.435081,0.007861,-16.039791,-0.475329,0.824039,16.291071,5047.056,1,-0.700787,4,3,26.499550,1,0,0,0.079371,0.996209,0.035618,0.885595,-0.086871,0.456262,-0.042074,0.072118,0.000000,0.000000,0.000000,1,-0.080496,18484.968750,-22142.988281,-12.840576,0.046926,-0.007927,27.046049,1,0.103670,44091.062500,-44717.140625,-20346.316406,0.104115,0.092030,28.817492,1,-0.105472,10037.537109,-7534.926758,16990.546875,0.023394,-0.052751,26.204012,1,0.059708,25229.880859,-17360.777344,5363.786133,0.053901,-0.016653,26.798422,-79892.617188,97803.781250,-14026.652344,3018.676758,9481.845703,-3765.601562,0.000000,0.000000,0.000000,0.000000,0.000000,0.000000,0.000000,0.000000,0.000000
543,9.050000,35.303223,-0.002404,-93.831787,4.168772,0.007342,-16.086546,-0.461557,0.826724,16.259567,5041.940,1,-0.614173,4,3,26.467928,1,0,0,0.078744,0.996319,0.033882,0.891894,-0.085593,0.444072,-0.038942,0.066543,0.000000,0.000000,0.000000,1,-0.079334,18712.960938,-10007.989258,-2817.531006,0.021209,-0.002768,27.044703,1,0.102814,43975.039062,-40068.367188,-34339.542969,0.092297,0.079101,29.199589,1,-0.104671,10027.674805,-7164.896484,16981.500000,0.022245,-0.052723,26.147953,1,0.058060,25084.636719,-16409.455078,7607.024414,0.050947,-0.019238,26.791819,-63560.656250,97760.078125,384.409180,-3627.529785,-52572.101562,4769.044922,0.000000,0.000000,0.000000,0.000000,0.000000,0.000000,0.000000,0.000000,0.000000
544,9.066667,35.369141,-0.002294,-94.099854,3.956903,0.006614,-16.085264,-0.448035,0.811723,16.211540,5035.924,1,-0.519685,4,3,26.410023,1,0,0,0.077972,0.996438,0.032116,0.897924,-0.084188,0.432025,-0.042546,0.073384,0.000000,0.000000,0.000000,1,-0.077921,19119.367188,1550.699707,-3329.813965,0.012117,0.000879,27.096077,1,0.101859,43756.046875,-40934.652344,-23382.376953,0.090238,0.049553,29.845564,1,-0.103830,10133.642578,-6712.712402,17060.296875,0.020841,-0.052968,26.070780,1,0.056210,24788.757812,-15040.086914,8980.498047,0.046696,-0.022447,26.753679,-51069.937500,97763.492188,-11241.416016,4201.322754,-49342.160156,10920.918945,0.000000,0.000000,0.000000,0.000000,0.000000,0.000000,0.000000,0.000000,0.000000
545,9.083333,35.432373,-0.002198,-94.368530,3.786670,0.005781,-16.122736,-0.434748,0.797636,16.217587,5024.906,1,-0.433071,4,3,26.335384,1,0,0,0.076993,0.996570,0.030338,0.903705,-0.082607,0.420112,-0.045053,0.083978,0.000000,0.000000,0.000000,1,-0.076258,19562.914062,22052.498047,-3194.961670,-0.009728,0.003066,27.157082,1,0.100592,43322.382812,-22161.564453,-21065.085938,0.074176,0.047730,30.284914,1,-0.102714,10395.229492,-6655.363281,16847.787109,0.020663,-0.052308,25.979900,1,0.054301,24564.609375,-14420.869141,6445.144531,0.044773,-0.020011,26.695732,-13731.054688,97823.640625,-5621.427734,1513.159180,-145423.265625,28999.091797,0.000000,0.000000,0.000000,0.000000,0.000000,0.000000,0.000000,0.000000,0.000000
546,9.100000,35.494629,-0.002116,-94.637451,3.740900,0.004900,-16.141474,-0.422156,0.756159,16.256903,5010.706,1,-0.346457,4,3,26.294136,1,0,0,0.075428,0.996745,0.028448,0.909086,-0.080461,0.408765,-0.055912,0.116514,0.000000,0.000000,0.000000,1,-0.073995,20371.767578,24436.521484,-685.007019,-0.040852,0.002623,27.215551,1,0.098581,42437.031250,-1030.003906,-12364.252930,0.047453,0.039740,30.680565,1,-0.100831,10998.810547,-6688.725586,16601.332031,0.020767,-0.051543,25.917038,1,0.052078,24171.183594,-13538.194336,5729.453613,0.042033,-0.017789,26.676722,10691.817383,97981.664062,-10424.567383,3938.268555,-186832.859375,38465.613281,0.000000,0.000000,0.000000,0.000000,0.000000,0.000000,0.000000,0.000000,0.000000
547,9.116667,35.557739,-0.002044,-94.907104,3.776539,0.004345,-16.176222,-0.410456,0.702875,16.339329,5002.857,1,-0.259843,4,3,26.264711,1,0,0,0.073102,0.996974,0.026429,0.914022,-0.077575,0.398177,-0.069160,0.159299,0.000000,0.000000,0.000000,1,-0.070999,21392.585938,21392.441406,78.925102,-0.045336,0.002480,27.226841,1,0.095585,41215.101562,22882.455078,-2783.483398,0.011839,0.027178,30.912138,1,-0.097922,11845.233398,-6899.130371,15767.282227,0.021420,-0.048954,25.864853,1,0.049469,23700.578125,-12784.433594,4058.656738,0.039693,-0.012601,26.670752,31919.914062,98183.351562,-11756.641602,3673.073730,-224295.796875,44855.054688,0.000000,0.000000,0.000000,0.000000,0.000000,0.000000,0.000000,0.000000,0.000000
548,9.133333,35.622314,-0.001972,-95.177368,3.882939,0.004296,-16.215410,-0.399826,0.638911,16.447729,4997.259,1,-0.188976,4,3,26.265358,1,0,0,0.069883,0.997260,0.024261,0.918476,-0.073814,0.388527,-0.084661,0.209987,0.000000,0.000000,0.000000,1,-0.067134,22650.578125,22650.417969,-85.729988,-0.048002,0.000854,27.223770,1,0.091437,39692.480469,45599.156250,6197.566406,-0.028425,0.012215,30.963041,1,-0.093851,12883.140625,-7203.546875,14224.711914,0.022365,-0.044164,25.840494,1,0.046353,23112.486328,-12056.437500,2579.153564,0.037432,-0.008008,26.697206,55878.175781,98392.914062,-9033.209961,1071.142456,-274703.937500,51688.171875,0.000000,0.000000,0.000000,0.000000,0.000000,0.000000,0.000000,0.000000,0.000000
549,9.150000,35.690186,-0.001892,-95.448120,4.069199,0.004795,-16.245522,-0.390506,0.560579,16.571262,4997.381,1,-0.110236,4,3,26.301958,1,0,0,0.065609,0.997605,0.021908,0.922388,-0.069008,0.380051,-0.103470,0.270050,0.000000,0.000000,0.000000,1,-0.062245,24182.498047,24178.785156,-423.719177,-0.051249,0.001652,27.223795,1,0.085993,37864.132812,44501.179688,9173.992188,-0.072928,-0.003669,30.844582,1,-0.088491,14119.144531,-7484.666992,11860.416016,0.023238,-0.036824,25.851608,1,0.042540,22352.947266,-11152.883789,1929.301147,0.034627,-0.005990,26.760153,55774.046875,98592.671875,-5716.125000,-1806.644287,-270635.218750,44839.484375,0.000000,0.000000,0.000000,0.000000,0.000000,0.000000,0.000000,0.000000,0.000000
550,9.166667,35.761108,-0.001793,-95.719238,4.255113,0.005980,-16.264576,-0.382476,0.483397,16.677237,5004.345,1,-0.047244,4,3,26.374092,1,0,0,0.060397,0.997986,0.019396,0.925777,-0.063271,0.372739,-0.120549,0.323434,0.000000,0.000000,0.000000,1,-0.056404,25796.695312,25777.539062,-993.977173,-0.054670,0.003454,27.230173,1,0.079437,36016.902344,34084.449219,11639.047852,-0.076329,-0.019495,30.669994,1,-0.082106,15314.957031,-7365.468262,9436.434570,0.022868,-0.029298,25.901249,1,0.037984,21492.859375,-9810.419922,3017.253418,0.030459,-0.007244,26.855566,48415.636719,98699.820312,-6647.852539,-1556.525879,-235405.328125,34547.554688,0.000000,0.000000,0.000000,0.000000,0.000000,0.000000,0.000000,0.000000,0.000000
551,9.183333,35.834595,-0.001666,-95.990601,4.416498,0.007605,-16.286736,-0.375568,0.416247,16.771324,5018.070,1,-0.000000,4,3,26.461460,1,0,0,0.054454,0.998375,0.016776,0.928706,-0.056811,0.366439,-0.133503,0.364749,0.000000,0.000000,0.000000,1,-0.049834,27341.908203,27284.134766,-1776.520264,-0.057944,0.006496,27.247271,1,0.072048,34268.726562,32701.908203,10243.583984,-0.072624,-0.034127,30.448921,1,-0.075011,16413.097656,-7062.667969,7164.895996,0.021928,-0.022245,25.973303,1,0.032778,20617.228516,-8480.452148,3877.576904,0.026330,-0.009024,26.958792,48356.621094,98710.031250,-1300.574219,-4116.265625,-226781.921875,28786.939453,0.000000,0.000000,0.000000,0.000000,0.000000,0.000000,0.000000,0.000000,0.000000
552,9.200000,35.910889,-0.001510,-96.262085,4.577687,0.009359,-16.291071,-0.369739,0.351550,16.844208,5034.693,1,0.000000,4,3,26.564800,1,0,0,0.047882,0.998754,0.014059,0.931193,-0.049727,0.361120,-0.145237,0.400278,0.000000,0.000000,0.000000,1,-0.042635,28901.429688,28655.957031,-3758.836670,-0.061249,0.011652,27.279078,1,0.064007,32566.919922,31014.521484,9934.975586,-0.069017,-0.046721,30.254164,1,-0.067398,17458.728516,-6575.357910,5456.237305,0.020415,-0.016940,26.067692,1,0.026913,19671.500000,-7131.787598,5281.414062,0.022142,-0.011761,27.071388,48818.066406,98650.039062,1387.159180,-4518.078125,-212520.250000,23729.250000,0.000000,0.000000,0.000000,0.000000,0.000000,0.000000,0.000000,0.000000,0.000000
553,9.216666,35.989990,-0.001326,-96.533569,4.740414,0.011014,-16.286448,-0.364922,0.290914,16.905573,5054.355,1,0.000000,4,3,26.670773,1,0,0,0.040785,0.999105,0.011260,0.933262,-0.042117,0.356718,-0.155214,0.429991,0.000000,0.000000,0.000000,1,-0.034881,30485.031250,29864.935547,-6117.418457,-0.064605,0.018278,27.348146,1,0.055412,30860.597656,29287.937500,9725.905273,-0.065401,-0.056272,30.065226,1,-0.059407,18467.578125,-6086.875977,4099.610352,0.018898,-0.012728,26.171307,1,0.020445,18694.218750,-5969.195312,7075.110352,0.018533,-0.015549,27.179771,49113.746094,98536.390625,3546.008789,-4314.414062,-198048.703125,18780.546875,0.000000,0.000000,0.000000,0.000000,0.000000,0.000000,0.000000,0.000000,0.000000
554,9.233334,36.071655,-0.001119,-96.804688,4.904126,0.012408,-16.274628,-0.361047,0.234396,16.957586,5074.518,1,0.000000,4,3,26.770494,1,0,0,0.033267,0.999411,0.008396,0.934937,-0.034088,0.353173,-0.163287,0.453734,0.000000,0.000000,0.000000,1,-0.026677,32050.025391,36024.902344,-10347.086914,-0.079432,0.025696,27.461552,1,0.046379,29182.513672,32537.597656,11365.725586,-0.073041,-0.046890,29.880230,1,-0.051155,19438.605469,-5611.534180,2997.663086,0.017422,-0.009307,26.275536,1,0.013452,17707.412109,-4983.259277,9170.384766,0.015472,-0.020346,27.274776,58724.550781,98382.625000,8689.559570,-5487.289062,-207601.265625,19000.976562,0.000000,0.000000,0.000000,0.000000,0.000000,0.000000,0.000000,0.000000,0.000000
555,9.250000,36.156616,-0.000896,-97.075439,5.099874,0.013392,-16.245663,-0.358160,0.175155,17.002367,5093.492,1,0.000000,4,3,26.857384,1,0,0,0.025321,0.999665,0.005447,0.936202,-0.025623,0.350527,-0.171869,0.478187,0.000000,0.000000,0.000000,1,-0.018008,33695.656250,35509.500000,-19340.308594,-0.083515,0.033042,27.654463,1,0.036893,27424.826172,28896.556641,15749.394531,-0.067542,-0.036812,29.664312,1,-0.042625,20447.882812,-5311.750977,1808.286865,0.016492,-0.005614,26.374039,1,0.005928,16662.599609,-4246.669434,11550.804688,0.013185,-0.026105,27.349586,54620.519531,98211.117188,10625.294922,-4811.500000,-173620.421875,11758.858398,0.000000,0.000000,0.000000,0.000000,0.000000,0.000000,0.000000,0.000000,0.000000
556,9.266666,36.244629,-0.000664,-97.345703,5.281943,0.013950,-16.210245,-0.356099,0.125597,17.034504,5110.023,1,0.000000,4,3,26.929199,1,0,0,0.017103,0.999851,0.002443,0.937109,-0.016881,0.348629,-0.177647,0.493688,0.000000,0.000000,0.000000,1,-0.009035,35260.687500,34413.324219,-17300.169922,-0.072930,0.036663,28.016424,1,0.027129,25765.679688,24906.607422,11068.256836,-0.052783,-0.023456,29.365728,1,-0.033979,21380.734375,-5466.825684,1122.004517,0.016973,-0.003484,26.465414,1,-0.001997,15648.942383,-3947.443359,9395.049805,0.012256,-0.029169,27.401112,48091.480469,98011.750000,13926.068359,-4682.566406,-167545.312500,3733.159180,0.000000,0.000000,0.000000,0.000000,0.000000,0.000000,0.000000,0.000000,0.000000
557,9.283334,36.335327,-0.000430,-97.615112,5.442248,0.014000,-16.163824,-0.354836,0.077746,17.047552,5123.688,1,0.000000,4,3,27.034071,1,0,0,0.008782,0.999961,-0.000582,0.937663,-0.008033,0.347452,-0.180528,0.499339,0.000000,0.000000,0.000000,1,0.000082,36718.234375,24160.324219,-11215.410156,-0.051202,0.023768,28.340036,1,0.017288,24253.660156,15833.747070,7367.503418,-0.033556,-0.015614,29.155420,1,-0.025401,22206.921875,-4625.438477,1846.450684,0.014361,-0.004318,26.586208,1,-0.010185,14682.725586,-3032.485107,10607.437500,0.009415,-0.032933,27.489477,33129.816406,97793.578125,3705.941406,2871.890625,-116615.085938,-8122.541016,0.000000,0.000000,0.000000,0.000000,0.000000,0.000000,0.000000,0.000000,0.000000
558,9.300000,36.427856,-0.000207,-97.884277,5.552680,0.013427,-16.151470,-0.354127,0.044393,17.074621,5143.642,1,0.000000,4,3,27.114763,1,0,0,0.000649,0.999994,-0.003524,0.937950,0.000614,0.346769,-0.176309,0.487925,0.000000,0.000000,0.000000,1,0.008973,37850.945312,14580.576172,-7924.934082,-0.030900,0.016795,28.549271,1,0.007659,23001.230469,8815.931641,4293.969238,-0.018683,-0.009100,29.014898,1,-0.017091,22898.917969,-3280.476318,2172.618896,0.010185,-0.005219,26.684322,1,-0.018253,13934.935547,-1986.647827,10885.900391,0.006168,-0.033798,27.552149,20087.824219,97601.117188,-2015.334961,7038.613281,-67008.218750,-18171.582031,0.000000,0.000000,0.000000,0.000000,0.000000,0.000000,0.000000,0.000000,0.000000
559,9.316667,36.521484,-0.000002,-98.153564,5.619640,0.012301,-16.158188,-0.353736,0.025172,17.104280,5158.994,1,0.000000,4,3,27.187372,1,0,0,-0.007067,0.999955,-0.006306,0.938059,0.008814,0.346363,-0.166966,0.462867,0.000000,0.000000,0.000000,1,0.017377,38704.656250,8639.304688,-5764.089355,-0.018309,0.012216,28.696651,1,-0.001502,22020.054688,4900.277344,1999.010986,-0.010385,-0.004236,28.932337,1,-0.009240,23441.394531,-2004.041992,2604.037598,0.006222,-0.006283,26.774427,1,-0.025936,13369.633789,-1139.906860,10842.985352,0.003539,-0.033665,27.606686,12917.299805,97440.515625,-4940.098633,9205.023438,-35419.179688,-24239.710938,0.000000,0.000000,0.000000,0.000000,0.000000,0.000000,0.000000,0.000000,0.000000
560,9.333333,36.615967,0.000177,-98.423096,5.662697,0.010700,-16.174654,-0.353513,0.014954,17.134716,5172.809,1,0.000000,4,3,27.254545,1,0,0,-0.014230,0.999859,-0.008881,0.938055,0.016425,0.346096,-0.154668,0.429699,0.000000,0.000000,0.000000,1,0.025151,39352.226562,5702.361328,-4425.094238,-0.012085,0.009378,28.803415,1,-0.010034,21260.886719,3075.205078,371.909393,-0.006517,-0.000788,28.893053,1,-0.001959,23865.894531,-979.137146,3142.561035,0.003040,-0.007572,26.858212,1,-0.033076,12945.004883,-530.237671,10674.845703,0.001646,-0.033143,27.656727,10008.525391,97326.187500,-6101.569824,10116.414062,-18645.650391,-27393.789062,0.000000,0.000000,0.000000,0.000000,0.000000,0.000000,0.000000,0.000000,0.000000
561,9.350000,36.710815,0.000322,-98.692993,5.696059,0.008752,-16.194992,-0.353378,0.009517,17.165390,5185.590,1,0.000000,4,3,27.316545,1,0,0,-0.020770,0.999721,-0.011226,0.937980,0.023372,0.345901,-0.140917,0.392392,0.000000,0.000000,0.000000,1,0.032230,39846.199219,4388.728027,-3681.064941,-0.009301,0.007801,28.885008,1,-0.017843,20680.175781,2275.094482,-49.262054,-0.004821,-0.000457,28.884453,1,0.004696,24198.035156,-223.193146,3755.604492,0.000693,-0.009090,26.935427,1,-0.039588,12628.241211,-116.385773,10467.591797,0.000361,-0.032499,27.703058,9372.480469,97258.984375,-7111.763672,10764.074219,-9433.531250,-28825.648438,0.000000,0.000000,0.000000,0.000000,0.000000,0.000000,0.000000,0.000000,0.000000
562,9.366667,36.806396,0.000432,-98.963379,5.727301,0.006586,-16.218699,-0.353287,0.006709,17.198479,5197.386,1,0.000000,4,3,27.373003,1,0,0,-0.026655,0.999556,-0.013330,0.937863,0.029621,0.345740,-0.126417,0.353131,0.000000,0.000000,0.000000,1,0.038585,40210.406250,3844.643799,-3439.357422,-0.008148,0.007289,28.952616,1,-0.024887,20247.925781,1934.351929,-850.646973,-0.004099,0.000382,28.883795,1,0.010710,24456.699219,-128.454880,4376.333984,0.000584,-0.010759,27.005453,1,-0.045423,12406.445312,-21.681980,10217.737305,0.000252,-0.031724,27.745554,8652.445312,97237.664062,-7174.349609,10703.992188,-8047.935547,-29912.376953,0.000000,0.000000,0.000000,0.000000,0.000000,0.000000,0.000000,0.000000,0.000000
563,9.383333,36.902344,0.000505,-99.234131,5.756142,0.004342,-16.242613,-0.353233,0.004295,17.230915,5208.128,1,0.000000,4,3,27.424389,1,0,0,-0.031863,0.999377,-0.015186,0.937719,0.035149,0.345613,-0.111560,0.312562,0.000000,0.000000,0.000000,1,0.044205,40457.109375,3607.030762,-3289.990479,-0.007644,0.006972,29.015680,1,-0.031127,19964.039062,1778.967896,-1695.104736,-0.003770,0.001574,28.898249,1,0.016062,24638.171875,109.524010,4998.346191,0.000241,-0.012526,27.068644,1,-0.050559,12267.509766,216.297943,10011.096680,-0.000091,-0.031082,27.784809,8631.677734,97257.062500,-6881.976562,10371.648438,-6594.273438,-30218.152344,0.000000,0.000000,0.000000,0.000000,0.000000,0.000000,0.000000,0.000000,0.000000
564,9.400000,36.998779,0.000540,-99.505127,5.784914,0.002136,-16.265553,-0.353210,0.002297,17.262409,5217.905,1,0.000000,4,3,27.470226,1,0,0,-0.036389,0.999197,-0.016796,0.937562,0.039952,0.345516,-0.096730,0.271742,0.000000,0.000000,0.000000,1,0.049095,40600.300781,3465.454346,-3145.643311,-0.007344,0.006666,29.075937,1,-0.036548,19812.126953,1690.598145,-2493.867432,-0.003583,0.002951,28.928627,1,0.020747,24749.406250,401.282227,4348.692871,-0.000311,-0.013502,27.124603,1,-0.054992,12200.610352,508.062317,9836.635742,-0.000643,-0.030540,27.820253,8450.579102,97309.281250,-5370.934082,9366.183594,-3827.572266,-30258.878906,0.000000,0.000000,0.000000,0.000000,0.000000,0.000000,0.000000,0.000000,0.000000
565,9.416667,37.095581,0.000541,-99.776611,5.813083,0.000073,-16.283455,-0.353205,0.001091,17.288960,5226.626,1,0.000000,4,3,27.525324,1,0,0,-0.040240,0.999025,-0.018165,0.937406,0.044039,0.345442,-0.082283,0.231242,0.000000,0.000000,0.000000,1,0.053275,40655.632812,3393.161621,-2700.383545,-0.007191,0.005723,29.133480,1,-0.041145,19787.140625,1651.220215,-3101.474365,-0.003499,0.004295,28.974068,1,0.024757,24788.076172,692.124512,4931.316406,-0.000993,-0.015311,27.190746,1,-0.058745,12190.568359,798.908997,9861.034180,-0.001325,-0.030616,27.864017,9044.011719,97385.929688,-5624.346191,9364.660156,-2459.226562,-29519.626953,0.000000,0.000000,0.000000,0.000000,0.000000,0.000000,0.000000,0.000000,0.000000
566,9.433333,37.192993,0.000512,-100.048218,5.843230,-0.001786,-16.302202,-0.353211,0.000281,17.316984,5237.109,1,0.000000,4,3,27.572536,1,0,0,-0.043431,0.998870,-0.019299,0.937262,0.047426,0.345385,-0.068100,0.191657,0.000000,0.000000,0.000000,1,0.056761,40619.726562,3262.353760,-2663.065186,-0.006914,0.005644,29.182653,1,-0.044935,19866.339844,1595.501099,-2471.591309,-0.003381,0.005238,29.030968,1,0.028111,24771.886719,972.094666,5231.824219,-0.001745,-0.016244,27.247927,1,-0.061825,12244.226562,1078.885986,9838.835938,-0.002076,-0.030547,27.901012,9719.971680,97485.007812,-6380.912109,9521.812500,1008.355469,-28477.281250,0.000000,0.000000,0.000000,0.000000,0.000000,0.000000,0.000000,0.000000,0.000000
567,9.450000,37.290894,0.000455,-100.320312,5.875630,-0.003376,-16.323471,-0.353211,0.000467,17.348152,5246.092,1,0.000000,4,3,27.615864,1,0,0,-0.045984,0.998738,-0.020201,0.937140,0.050132,0.345334,-0.054226,0.153309,0.000000,0.000000,0.000000,1,0.059566,40494.781250,3175.938477,-2795.427979,-0.006731,0.005924,29.231125,1,-0.047948,20036.460938,1571.321655,-2635.549072,-0.003330,0.005585,29.075989,1,0.030840,24708.632812,1179.329712,5319.778320,-0.002456,-0.016517,27.300594,1,-0.064241,12358.917969,861.151001,9763.979492,-0.002674,-0.030315,27.934774,9506.916016,97599.554688,-6155.370117,8986.621094,1083.626953,-27691.570312,0.000000,0.000000,0.000000,0.000000,0.000000,0.000000,0.000000,0.000000,0.000000
568,9.466666,37.389282,0.000378,-100.592773,5.907320,-0.004644,-16.343988,-0.353206,0.000677,17.378372,5254.336,1,0.000000,4,3,27.658504,1,0,0,-0.047916,0.998633,-0.020880,0.937045,0.052181,0.345289,-0.040841,0.116117,0.000000,0.000000,0.000000,1,0.061711,40289.632812,3067.133057,-2753.249023,-0.006500,0.005835,29.282085,1,-0.050207,20300.380859,1545.282104,-2722.033203,-0.003275,0.005769,29.124102,1,0.032955,24589.742188,1367.235229,5408.442383,-0.003120,-0.016792,27.352249,1,-0.066022,12523.123047,813.378967,9736.394531,-0.002525,-0.030229,27.968189,9516.185547,97719.921875,-6167.709961,8571.210938,1864.012695,-26551.730469,0.000000,0.000000,0.000000,0.000000,0.000000,0.000000,0.000000,0.000000,0.000000
569,9.483334,37.488281,0.000285,-100.865479,5.939040,-0.005570,-16.364548,-0.353192,0.001116,17.408642,5262.449,1,0.000000,4,3,27.699892,1,0,0,-0.049256,0.998558,-0.021346,0.936980,0.053599,0.345246,-0.028024,0.080476,0.000000,0.000000,0.000000,1,0.063223,40010.789062,2927.260986,-2725.519287,-0.006204,0.005776,29.332253,1,-0.051746,20643.773438,1510.098145,-2798.070312,-0.003200,0.005930,29.173845,1,0.034478,24423.246094,1509.764160,5455.064453,-0.003702,-0.016937,27.402430,1,-0.067197,12732.306641,724.058594,9723.462891,-0.002248,-0.030189,28.000584,9395.249023,97841.398438,-6194.618164,8105.078125,2430.121094,-25268.513672,0.000000,0.000000,0.000000,0.000000,0.000000,0.000000,0.000000,0.000000,0.000000
570,9.500000,37.587646,0.000183,-101.138550,5.970358,-0.006149,-16.385197,-0.353165,0.001722,17.438850,5270.324,1,0.000000,4,3,27.740364,1,0,0,-0.050032,0.998514,-0.021608,0.936948,0.054418,0.345205,-0.015847,0.046578,0.000000,0.000000,0.000000,1,0.064129,39664.523438,2764.382812,-2698.704102,-0.005858,0.005719,29.381899,1,-0.052601,21058.285156,1467.314819,-2860.048828,-0.003110,0.006061,29.225023,1,0.035433,24212.593750,1121.662598,5473.712402,-0.003482,-0.016995,27.451593,1,-0.067800,12980.886719,601.215210,9723.360352,-0.001867,-0.030189,28.032173,8715.476562,97959.382812,-6425.357422,7714.324219,518.235352,-24103.300781,0.000000,0.000000,0.000000,0.000000,0.000000,0.000000,0.000000,0.000000,0.000000
571,9.516666,37.687622,0.000076,-101.411987,5.999410,-0.006390,-16.406614,-0.353136,0.001786,17.468996,5278.024,1,0.000000,4,3,27.780107,1,0,0,-0.050270,0.998500,-0.021677,0.936945,0.054664,0.345174,-0.004238,0.014243,0.000000,0.000000,0.000000,1,0.064451,39250.453125,2599.654053,-2720.082031,-0.005509,0.005765,29.431040,1,-0.052810,21539.292969,1426.240234,-2884.470703,-0.003023,0.006113,29.277370,1,0.035841,23958.224609,1011.957336,5446.759766,-0.003142,-0.016911,27.500008,1,-0.067861,13266.839844,560.251892,9745.602539,-0.001739,-0.030258,28.063059,8361.971680,98066.648438,-6499.747070,7211.992188,427.208984,-22587.955078,0.000000,0.000000,0.000000,0.000000,0.000000,0.000000,0.000000,0.000000,0.000000
572,9.533334,37.788086,-0.000029,-101.685791,6.027283,-0.006319,-16.428280,-0.353105,0.001830,17.498966,5285.586,1,0.000000,4,3,27.819407,1,0,0,-0.050003,0.998516,-0.021565,0.936971,0.054375,0.345151,0.006636,-0.016053,0.000000,0.000000,0.000000,1,0.064223,38781.039062,2432.154541,-2711.479980,-0.005154,0.005746,29.480583,1,-0.052417,22073.359375,1383.990234,-2897.661621,-0.002933,0.006141,29.330177,1,0.035732,23667.902344,907.559692,5408.856934,-0.002818,-0.016793,27.548101,1,-0.067421,13582.175781,520.713745,9777.363281,-0.001617,-0.030356,28.093384,8024.858887,98162.289062,-6610.481934,6685.359375,375.877930,-20934.519531,0.000000,0.000000,0.000000,0.000000,0.000000,0.000000,0.000000,0.000000,0.000000
573,9.550000,37.889038,-0.000129,-101.959961,6.054032,-0.005968,-16.450315,-0.353072,0.001865,17.528893,5293.063,1,0.000000,4,3,27.858278,1,0,0,-0.049269,0.998559,-0.021285,0.937021,0.053590,0.345137,0.016714,-0.044133,0.000000,0.000000,0.000000,1,0.063478,38263.109375,2258.334473,-2703.639893,-0.004786,0.005730,29.529964,1,-0.051472,22649.812500,1336.463867,-2906.703369,-0.002832,0.006160,29.383234,1,0.035138,23346.537109,802.809875,5357.779785,-0.002493,-0.016635,27.595932,1,-0.066520,13921.582031,478.610077,9810.155273,-0.001486,-0.030458,28.123119,7671.123047,98241.820312,-6717.990723,6137.992188,358.179688,-19186.365234,0.000000,0.000000,0.000000,0.000000,0.000000,0.000000,0.000000,0.000000,0.000000
574,9.566667,37.990356,-0.000218,-102.234497,6.079603,-0.005381,-16.472710,-0.353036,0.001902,17.558746,5300.459,1,0.000000,4,3,27.896872,1,0,0,-0.048107,0.998625,-0.020852,0.937094,0.052350,0.345130,0.025955,-0.069873,0.000000,0.000000,0.000000,1,0.062256,37704.925781,2079.946777,-2693.732178,-0.004408,0.005709,29.579199,1,-0.050025,23259.583984,1282.773926,-2910.797607,-0.002719,0.006169,29.436460,1,0.034096,22999.568359,695.971802,5300.459473,-0.002161,-0.016457,27.643679,1,-0.065202,14279.686523,432.006897,9840.424805,-0.001341,-0.030552,28.152382,7300.556641,98304.859375,-6829.813965,5568.960938,344.003906,-17383.429688,0.000000,0.000000,0.000000,0.000000,0.000000,0.000000,0.000000,0.000000,0.000000
575,9.583333,38.092041,-0.000295,-102.509399,6.103938,-0.004603,-16.495476,-0.352999,0.001940,17.588518,5307.802,1,0.000000,4,3,27.935289,1,0,0,-0.046557,0.998710,-0.020279,0.937185,0.050696,0.345129,0.034332,-0.093197,0.000000,0.000000,0.000000,1,0.060597,37113.578125,1899.363647,-2682.797607,-0.004025,0.005686,29.628246,1,-0.048130,23894.105469,1222.524658,-2909.830811,-0.002591,0.006167,29.489763,1,0.032644,22631.472656,588.042664,5240.483887,-0.001826,-0.016270,27.691452,1,-0.063511,14651.457031,380.626617,9864.848633,-0.001182,-0.030628,28.181273,6915.460938,98349.476562,-6944.396484,5010.894531,325.079102,-15531.634766,0.000000,0.000000,0.000000,0.000000,0.000000,0.000000,0.000000,0.000000,0.000000
576,9.600000,38.194092,-0.000356,-102.784668,6.126990,-0.003687,-16.518623,-0.352960,0.001980,17.618202,5315.111,1,0.000000,4,3,27.973631,1,0,0,-0.044659,0.998810,-0.019581,0.937291,0.048674,0.345133,0.041830,-0.114050,0.000000,0.000000,0.000000,1,0.058540,36496.253906,1718.563477,-2672.078125,-0.003642,0.005663,29.677090,1,-0.045839,24545.103516,1155.483765,-2904.437256,-0.002449,0.006155,29.543049,1,0.030820,22247.312500,480.565735,5180.677734,-0.001492,-0.016085,27.739346,1,-0.061490,15032.826172,324.632996,9881.145508,-0.001008,-0.030679,28.209896,6518.618164,98375.960938,-7059.289062,4434.078125,303.274414,-13651.454102,0.000000,0.000000,0.000000,0.000000,0.000000,0.000000,0.000000,0.000000,0.000000
577,9.616667,38.296631,-0.000401,-103.060425,6.148718,-0.002684,-16.542154,-0.352920,0.002020,17.647787,5322.407,1,0.000000,4,3,28.011990,1,0,0,-0.042455,0.998922,-0.018773,0.937407,0.046327,0.345140,0.048433,-0.132389,0.000000,0.000000,0.000000,1,0.056130,35861.148438,1539.231323,-2660.920166,-0.003262,0.005639,29.725731,1,-0.043206,25204.660156,1081.530884,-2894.615723,-0.002292,0.006134,29.596233,1,0.028666,21852.361328,374.605652,5124.295898,-0.001163,-0.015910,27.787430,1,-0.059183,15419.551758,264.273529,9887.798828,-0.000821,-0.030699,28.238363,6113.557129,98386.156250,-7175.745605,3858.781250,270.775391,-11783.894531,0.000000,0.000000,0.000000,0.000000,0.000000,0.000000,0.000000,0.000000,0.000000
578,9.633333,38.399414,-0.000429,-103.336426,6.169097,-0.001641,-16.566074,-0.352878,0.002056,17.677273,5329.706,1,0.000000,4,3,28.050436,1,0,0,-0.039988,0.999040,-0.017870,0.937530,0.043700,0.345148,0.054145,-0.148232,0.000000,0.000000,0.000000,1,0.053409,35214.437500,1363.656616,-2649.727051,-0.002890,0.005615,29.774162,1,-0.040281,25866.072266,1001.378662,-2881.688721,-0.002122,0.006107,29.649231,1,0.026224,21450.564453,272.293640,5072.602539,-0.000845,-0.015749,27.835751,1,-0.056633,15807.498047,200.604233,9883.363281,-0.000623,-0.030685,28.266777,5705.426758,98379.515625,-7289.832520,3289.773438,234.747070,-9933.871094,0.000000,0.000000,0.000000,0.000000,0.000000,0.000000,0.000000,0.000000,0.000000
579,9.650000,38.502563,-0.000439,-103.612915,6.188115,-0.000605,-16.590374,-0.352834,0.002089,17.706640,5337.020,1,0.000000,4,3,28.089043,1,0,0,-0.037298,0.999161,-0.016887,0.937656,0.040835,0.345157,0.058975,-0.161600,0.000000,0.000000,0.000000,1,0.050423,34563.375000,1193.587769,-2638.349121,-0.002530,0.005591,29.822384,1,-0.037116,26523.595703,915.675354,-2865.445312,-0.001941,0.006073,29.701986,1,0.023534,21046.671875,174.700226,5027.252441,-0.000542,-0.015608,27.884346,1,-0.053882,16193.249023,134.371368,9867.516602,-0.000417,-0.030636,28.295242,5298.769531,98359.546875,-7401.683594,2722.851562,194.269531,-8108.582031,0.000000,0.000000,0.000000,0.000000,0.000000,0.000000,0.000000,0.000000,0.000000
580,9.666667,38.605957,-0.000432,-103.889893,6.205778,0.000383,-16.615046,-0.352790,0.002117,17.735889,5344.366,1,0.000000,4,3,28.127865,1,0,0,-0.034425,0.999282,-0.015838,0.937781,0.037777,0.345165,0.062932,-0.172526,0.000000,0.000000,0.000000,1,0.047214,33914.585938,1029.589844,-2626.981689,-0.002182,0.005567,29.870392,1,-0.033759,27170.330078,824.657532,-2846.997070,-0.001748,0.006033,29.754435,1,0.020641,20644.919922,82.433197,4989.429199,-0.000256,-0.015491,27.933231,1,-0.050969,16573.839844,66.137352,9840.485352,-0.000205,-0.030552,28.323854,4895.470703,98327.515625,-7510.713379,2153.718750,149.797852,-6338.522461,0.000000,0.000000,0.000000,0.000000,0.000000,0.000000,0.000000,0.000000,0.000000
581,9.683333,38.709595,-0.000411,-104.167236,6.222096,0.001289,-16.640081,-0.352745,0.002138,17.765011,5351.751,1,0.000000,4,3,28.166939,1,0,0,-0.031410,0.999398,-0.014737,0.937903,0.034567,0.345172,0.066036,-0.181076,0.000000,0.000000,0.000000,1,0.043827,33274.468750,873.199951,-2616.056152,-0.001851,0.005544,29.918186,1,-0.030256,27802.353516,729.389709,-2826.887695,-0.001546,0.005991,29.806536,1,0.017584,20248.933594,80.826408,4959.334961,-0.000254,-0.015398,27.982405,1,-0.047933,16945.656250,64.523674,9801.862305,-0.000203,-0.030432,28.352690,4642.048828,98286.406250,-7561.742676,1574.703125,808.569336,-4558.990234,0.000000,0.000000,0.000000,0.000000,0.000000,0.000000,0.000000,0.000000,0.000000
582,9.700000,38.813599,-0.000376,-104.444946,6.237569,0.002086,-16.665287,-0.352696,0.002353,17.794006,5359.187,1,0.000000,4,3,28.206305,1,0,0,-0.028291,0.999507,-0.013598,0.938019,0.031247,0.345172,0.068278,-0.187232,0.000000,0.000000,0.000000,1,0.040308,32650.093750,721.371460,-2593.540039,-0.001529,0.005496,29.965775,1,-0.026653,28412.361328,627.565979,-2815.186279,-0.001330,0.005966,29.858257,1,0.014405,19863.691406,21.737499,4943.672363,-0.000185,-0.015349,28.031864,1,-0.044813,17305.529297,5.432201,9747.684570,-0.000134,-0.030264,28.381830,4279.575195,98238.039062,-7655.087891,1055.304688,888.839844,-2929.923828,0.000000,0.000000,0.000000,0.000000,0.000000,0.000000,0.000000,0.000000,0.000000
583,9.716666,38.917847,-0.000330,-104.723145,6.251834,0.002752,-16.690804,-0.352642,0.002597,17.822870,5366.676,1,0.000000,4,3,28.245968,1,0,0,-0.025107,0.999607,-0.012435,0.938128,0.027856,0.345166,0.069737,-0.191203,0.000000,0.000000,0.000000,1,0.036697,32045.814453,576.330933,-2577.015137,-0.001221,0.005461,30.012939,1,-0.022992,28998.546875,521.388000,-2800.334473,-0.001105,0.005935,29.909758,1,0.011146,19491.478516,-61.814457,4936.477051,-0.000045,-0.015327,28.081553,1,-0.041641,17652.007812,-78.122330,9682.716797,0.000006,-0.030062,28.411346,3871.687500,98186.296875,-7759.619629,545.585938,728.722656,-1412.775391,0.000000,0.000000,0.000000,0.000000,0.000000,0.000000,0.000000,0.000000,0.000000
584,9.733334,39.022217,-0.000276,-105.001831,6.264740,0.003276,-16.716669,-0.352585,0.002800,17.851591,5374.223,1,0.000000,4,3,28.285948,1,0,0,-0.021890,0.999697,-0.011260,0.938228,0.024431,0.345153,0.070455,-0.193130,0.000000,0.000000,0.000000,1,0.033035,31465.070312,440.737457,-2565.891357,-0.000934,0.005438,30.059793,1,-0.019310,29558.111328,413.864044,-2779.578857,-0.000877,0.005891,29.960978,1,0.007841,19134.423828,-162.692734,4936.065430,0.000159,-0.015325,28.131445,1,-0.038452,17983.177734,-179.010071,9610.155273,0.000210,-0.029837,28.441299,3438.777344,98132.046875,-7873.000488,63.484375,383.231445,-25.813477,0.000000,0.000000,0.000000,0.000000,0.000000,0.000000,0.000000,0.000000,0.000000
585,9.750000,39.126709,-0.000215,-105.280884,6.276203,0.003650,-16.742912,-0.352526,0.002909,17.880171,5381.829,1,0.000000,4,3,28.326248,1,0,0,-0.018671,0.999775,-0.010085,0.938318,0.021005,0.345134,0.070490,-0.193182,0.000000,0.000000,0.000000,1,0.029359,30911.986328,317.617798,-2559.531738,-0.000673,0.005424,30.106438,1,-0.015641,30088.425781,309.024353,-2752.956055,-0.000655,0.005834,30.011806,1,0.004525,18794.820312,-272.256500,4941.296875,0.000414,-0.015342,28.181517,1,-0.035272,18297.744141,-288.578979,9532.725586,0.000465,-0.029597,28.471722,3004.468262,98078.078125,-7988.856445,-373.179688,-78.256836,1281.745117,0.000000,0.000000,0.000000,0.000000,0.000000,0.000000,0.000000,0.000000,0.000000
586,9.766666,39.231567,-0.000150,-105.560303,6.286218,0.003873,-16.769543,-0.352468,0.002892,17.908615,5389.497,1,0.000000,4,3,28.366852,1,0,0,-0.015481,0.999840,-0.008919,0.938397,0.017608,0.345112,0.069889,-0.191475,0.000000,0.000000,0.000000,1,0.025704,30389.636719,206.976715,-2558.065918,-0.000439,0.005421,30.152964,1,-0.012017,30587.880859,208.254974,-2722.596680,-0.000441,0.005770,30.062134,1,0.001231,18474.980469,-382.229828,4950.719727,0.000701,-0.015371,28.231728,1,-0.032129,18594.486328,-398.550507,9451.862305,0.000751,-0.029346,28.502623,2584.833740,98027.171875,-8098.854004,-781.375000,-591.509277,2464.197266,0.000000,0.000000,0.000000,0.000000,0.000000,0.000000,0.000000,0.000000,0.000000
587,9.783334,39.336548,-0.000084,-105.840332,6.294834,0.003953,-16.796539,-0.352412,0.002731,17.936920,5397.223,1,0.000000,4,3,28.407742,1,0,0,-0.012346,0.999894,-0.007774,0.938462,0.014270,0.345087,0.068707,-0.188172,0.000000,0.000000,0.000000,1,0.022103,29901.042969,110.130203,-2559.272949,-0.000233,0.005424,30.199461,1,-0.008465,31054.066406,114.339684,-2689.557617,-0.000242,0.005700,30.111889,1,-0.002012,18176.193359,-484.558258,4964.229004,0.000999,-0.015413,28.282045,1,-0.029046,18872.212891,-500.874634,9369.001953,0.001050,-0.029088,28.533997,2199.717285,97979.960938,-8198.354492,-1183.757812,-1087.680176,3549.568359,0.000000,0.000000,0.000000,0.000000,0.000000,0.000000,0.000000,0.000000,0.000000
588,9.800000,39.441528,-0.000019,-106.120605,6.302166,0.003899,-16.823868,-0.352362,0.002433,17.965092,5405.002,1,0.000000,4,3,28.448885,1,0,0,-0.009290,0.999935,-0.006657,0.938515,0.011016,0.345063,0.066981,-0.183395,0.000000,0.000000,0.000000,1,0.018586,29449.011719,26.285931,-2562.387451,-0.000056,0.005430,30.245981,1,-0.005011,31485.804688,28.095804,-2656.216553,-0.000060,0.005629,30.161020,1,-0.005177,17899.740234,-573.022156,4981.457031,0.001289,-0.015466,28.332424,1,-0.026046,19129.279297,-589.352295,9284.072266,0.001339,-0.028825,28.565825,1860.110107,97937.726562,-8281.144531,-1520.601562,-1513.846680,4544.024414,0.000000,0.000000,0.000000,0.000000,0.000000,0.000000,0.000000,0.000000,0.000000
589,9.816667,39.546631,0.000043,-106.401489,6.308366,0.003724,-16.851471,-0.352319,0.002016,17.993137,5412.831,1,0.000000,4,3,28.490255,1,0,0,-0.006335,0.999964,-0.005577,0.938554,0.007871,0.345042,0.064770,-0.177277,0.000000,0.000000,0.000000,1,0.015180,29034.906250,6.524577,-2565.727539,-0.000040,0.005437,30.292561,1,-0.001679,31881.156250,8.324348,-2624.200439,-0.000044,0.005561,30.209522,1,-0.008239,17647.406250,-440.698090,5003.077148,0.001368,-0.015533,28.382824,1,-0.023148,19365.605469,-483.517914,9197.620117,0.001501,-0.028556,28.598093,2033.197510,97901.593750,-8176.844238,-1961.398438,-384.970215,5684.068359,0.000000,0.000000,0.000000,0.000000,0.000000,0.000000,0.000000,0.000000,0.000000
590,9.833333,39.651855,0.000100,-106.682861,6.315144,0.003446,-16.878727,-0.352277,0.001926,18.021051,5420.702,1,0.000000,4,3,28.531813,1,0,0,-0.003509,0.999983,-0.004544,0.938583,0.004861,0.345018,0.061979,-0.169598,0.000000,0.000000,0.000000,1,0.011918,28667.771484,-45.152344,-2548.256348,0.000010,0.005400,30.339203,1,0.001506,32233.546875,-43.346218,-2617.270752,0.000006,0.005547,30.257421,1,-0.011169,17423.349609,-473.677368,5040.504883,0.001471,-0.015650,28.433191,1,-0.020378,19575.814453,-532.117126,9096.253906,0.001652,-0.028242,28.630775,1845.119751,97872.820312,-8201.726562,-2245.953125,-637.373535,6497.750000,0.000000,0.000000,0.000000,0.000000,0.000000,0.000000,0.000000,0.000000,0.000000
591,9.850000,39.757202,0.000152,-106.964600,6.321294,0.003085,-16.906067,-0.352239,0.001767,18.048832,5428.609,1,0.000000,4,3,28.573540,1,0,0,-0.000829,0.999993,-0.003564,0.938603,0.002008,0.344994,0.058788,-0.160819,0.000000,0.000000,0.000000,1,0.008822,28342.783203,-116.399963,-2540.180664,0.000098,0.005383,30.385517,1,0.004523,32545.972656,-114.593842,-2599.602295,0.000094,0.005509,30.305189,1,-0.013948,17225.718750,-496.544678,5082.628418,0.001542,-0.015780,28.483444,1,-0.017751,19762.994141,-569.578369,8993.782227,0.001768,-0.027923,28.663919,1641.989258,97850.531250,-8237.394531,-2501.335938,-667.873535,7152.235352,0.000000,0.000000,0.000000,0.000000,0.000000,0.000000,0.000000,0.000000,0.000000
592,9.866667,39.862671,0.000196,-107.246826,6.326767,0.002658,-16.933525,-0.352204,0.001602,18.076488,5436.548,1,0.000000,4,3,28.615389,1,0,0,0.001690,0.999995,-0.002643,0.938614,-0.000675,0.344970,0.055264,-0.151146,0.000000,0.000000,0.000000,1,0.005912,28060.652344,-201.018372,-2534.334717,0.000220,0.005371,30.431679,1,0.007358,32820.066406,-199.202148,-2581.735840,0.000216,0.005471,30.352625,1,-0.016558,17054.070312,-512.801697,5129.946289,0.001592,-0.015927,28.533524,1,-0.015280,19927.068359,-599.105103,8888.596680,0.001860,-0.027597,28.697489,1427.622070,97836.687500,-8277.667969,-2707.617188,-560.090820,7693.640625,0.000000,0.000000,0.000000,0.000000,0.000000,0.000000,0.000000,0.000000,0.000000
593,9.883333,39.968262,0.000232,-107.529541,6.331526,0.002190,-16.961117,-0.352172,0.001469,18.104027,5444.511,1,0.000000,4,3,28.657324,1,0,0,0.004036,0.999990,-0.001786,0.938618,-0.003172,0.344945,0.051467,-0.140734,0.000000,0.000000,0.000000,1,0.003204,27820.343750,-292.633636,-2527.802734,0.000368,0.005357,30.477730,1,0.009998,33055.582031,-290.823761,-2566.391357,0.000365,0.005439,30.399723,1,-0.018986,16908.019531,-524.518555,5182.907227,0.001629,-0.016092,28.583372,1,-0.012977,20068.119141,-622.425476,8780.442383,0.001932,-0.027261,28.731466,1210.525391,97829.312500,-8319.837891,-2868.117188,-376.655273,8097.686523,0.000000,0.000000,0.000000,0.000000,0.000000,0.000000,0.000000,0.000000,0.000000
594,9.900000,40.073730,0.000261,-107.812744,6.335561,0.001698,-16.988850,-0.352142,0.001390,18.131449,5452.490,1,0.000000,4,3,28.699308,1,0,0,0.006198,0.999980,-0.000995,0.938616,-0.005475,0.344920,0.047464,-0.129767,0.000000,0.000000,0.000000,1,0.000708,27620.882812,-384.575684,-2520.024414,0.000534,0.005341,30.523659,1,0.012435,33253.476562,-382.775909,-2553.565918,0.000530,0.005412,30.446531,1,-0.021221,16786.859375,-531.762390,5241.325684,0.001651,-0.016273,28.632940,1,-0.010850,20187.068359,-639.379333,8669.356445,0.001985,-0.026916,28.765831,1003.454102,97828.523438,-8359.652344,-3005.617188,-150.767578,8394.563477,0.000000,0.000000,0.000000,0.000000,0.000000,0.000000,0.000000,0.000000,0.000000
595,9.916667,40.179443,0.000281,-108.096313,6.338906,0.001201,-17.016716,-0.352113,0.001377,18.158760,5460.477,1,0.000000,4,3,28.741308,1,0,0,0.008171,0.999967,-0.000273,0.938611,-0.007576,0.344894,0.043300,-0.118387,0.000000,0.000000,0.000000,1,-0.001566,27461.339844,-471.076172,-2511.586914,0.000706,0.005323,30.569441,1,0.014661,33415.476562,-469.270020,-2543.159912,0.000703,0.005390,30.493099,1,-0.023257,16689.714844,-535.557129,5304.638184,0.001663,-0.016470,28.682171,1,-0.008907,20283.867188,-650.796875,8555.272461,0.002021,-0.026562,28.800568,815.120361,97834.085938,-8392.724609,-3088.000000,76.829590,8596.495117,0.000000,0.000000,0.000000,0.000000,0.000000,0.000000,0.000000,0.000000,0.000000
596,9.933333,40.285156,0.000293,-108.380371,6.341623,0.000719,-17.044691,-0.352083,0.001430,18.185955,5468.469,1,0.000000,4,3,28.783297,1,0,0,0.009950,0.999950,0.000377,0.938604,-0.009470,0.344866,0.039033,-0.106728,0.000000,0.000000,0.000000,1,-0.003612,27340.029297,-547.261597,-2502.538574,0.000875,0.005303,30.615065,1,0.016673,33541.781250,-545.465515,-2533.789795,0.000871,0.005370,30.539471,1,-0.025089,16615.787109,-536.182739,5372.481934,0.001665,-0.016680,28.731024,1,-0.007150,20359.572266,-656.925598,8439.232422,0.002040,-0.026202,28.835665,654.830200,97844.492188,-8417.777344,-3131.718750,280.258789,8708.571289,0.000000,0.000000,0.000000,0.000000,0.000000,0.000000,0.000000,0.000000,0.000000
597,9.950000,40.390991,0.000297,-108.664917,6.343806,0.000264,-17.072750,-0.352052,0.001541,18.213041,5476.458,1,0.000000,4,3,28.825241,1,0,0,0.011532,0.999933,0.000955,0.938597,-0.011154,0.344836,0.034709,-0.094915,0.000000,0.000000,0.000000,1,-0.005427,27255.238281,-415.698425,-2493.707275,0.000881,0.005285,30.660519,1,0.018466,33633.789062,-607.734619,-2524.730957,0.001026,0.005351,30.585665,1,-0.026713,16564.269531,-534.014221,5443.925781,0.001658,-0.016902,28.779448,1,-0.005584,20414.605469,-658.024719,8321.647461,0.002043,-0.025837,28.871107,710.488647,97858.906250,-8365.109375,-3202.242188,-92.216797,8818.404297,0.000000,0.000000,0.000000,0.000000,0.000000,0.000000,0.000000,0.000000,0.000000
598,9.966666,40.496704,0.000295,-108.949951,6.346174,-0.000152,-17.100634,-0.352022,0.001547,18.240030,5484.438,1,0.000000,4,3,28.867113,1,0,0,0.012914,0.999915,0.001460,0.938589,-0.012626,0.344805,0.030319,-0.082943,0.000000,0.000000,0.000000,1,-0.007007,27207.759766,-406.007202,-2493.135986,0.000860,0.005284,30.705807,1,0.020039,33691.082031,-502.663452,-2507.132568,0.001065,0.005313,30.631687,1,-0.028128,16534.994141,-528.437561,5514.634766,0.001641,-0.017122,28.827404,1,-0.004210,20448.605469,-653.437683,8206.768555,0.002029,-0.025480,28.906876,818.134888,97877.148438,-8295.750000,-3223.875000,-522.175293,8859.835938,0.000000,0.000000,0.000000,0.000000,0.000000,0.000000,0.000000,0.000000,0.000000
599,9.983334,40.602539,0.000286,-109.235352,6.348901,-0.000518,-17.128286,-0.351994,0.001429,18.266928,5492.405,1,0.000000,4,3,28.908888,1,0,0,0.014096,0.999899,0.001892,0.938582,-0.013884,0.344777,0.025907,-0.070914,0.000000,0.000000,0.000000,1,-0.008352,27195.751953,-430.095276,-2497.673828,0.000911,0.005293,30.751083,1,0.021389,33714.500000,-533.098938,-2485.616699,0.001130,0.005268,30.677378,1,-0.029333,16527.027344,-519.651733,5584.223633,0.001613,-0.017338,28.874878,1,-0.003031,20462.185547,-643.273132,8094.980957,0.001997,-0.025133,28.942938,775.402954,97897.695312,-8282.474609,-3179.085938,-435.506836,8728.598633,0.000000,0.000000,0.000000,0.000000,0.000000,0.000000,0.000000,0.000000,0.000000
600,10.000000,40.708374,0.000272,-109.521362,6.351486,-0.000826,-17.155895,-0.351969,0.001336,18.293736,5500.353,1,0.000000,4,3,28.950539,1,0,0,0.015081,0.999884,0.002251,0.938575,-0.014932,0.344751,0.021560,-0.059062,0.000000,0.000000,0.000000,1,-0.009466,27214.658203,-440.882996,-2498.015137,0.000934,0.005294,30.796446,1,0.022521,33707.964844,-545.964539,-2471.349365,0.001157,0.005237,30.722664,1,-0.030332,16537.964844,-508.088440,5654.958008,0.001577,-0.017557,28.921846,1,-0.002044,20457.556641,-628.406616,7982.937500,0.001951,-0.024785,28.979259,767.943359,97919.609375,-8253.945312,-3125.679688,-411.013184,8533.803711,0.000000,0.000000,0.000000,0.000000,0.000000,0.000000,0.000000,0.000000,0.000000
601,10.016666,40.814209,0.000254,-109.807617,6.354045,-0.001073,-17.183409,-0.351945,0.001249,18.320446,5508.278,1,0.000000,4,3,28.992054,1,0,0,0.015872,0.999871,0.002539,0.938570,-0.015774,0.344727,0.017303,-0.047468,0.000000,0.000000,0.000000,1,-0.010353,27262.871094,-444.212830,-2496.314453,0.000941,0.005290,30.841814,1,0.023438,33673.148438,-548.580139,-2458.743896,0.001163,0.005211,30.767681,1,-0.031130,16566.158203,-493.700073,5726.172852,0.001533,-0.017778,28.968296,1,-0.001247,20435.626953,-608.923401,7871.559570,0.001891,-0.024439,29.015831,784.633423,97942.140625,-8218.181641,-3025.929688,-401.942871,8282.401367,0.000000,0.000000,0.000000,0.000000,0.000000,0.000000,0.000000,0.000000,0.000000
602,10.033334,40.920166,0.000233,-110.094604,6.356661,-0.001257,-17.210802,-0.351924,0.001164,18.347059,5516.177,1,0.000000,4,3,29.033421,1,0,0,0.016475,0.999860,0.002758,0.938567,-0.016416,0.344705,0.013175,-0.036218,0.000000,0.000000,0.000000,1,-0.011022,27337.285156,-442.153870,-2493.573730,0.000937,0.005284,30.887152,1,0.024145,33611.695312,-543.562683,-2446.802490,0.001152,0.005185,30.812460,1,-0.031734,16610.291016,-476.690063,5797.161621,0.001480,-0.017999,29.014215,1,-0.000634,20398.015625,-585.321838,7761.649414,0.001817,-0.024098,29.052639,820.444580,97964.015625,-8177.125977,-2937.843750,-398.998535,7962.251953,0.000000,0.000000,0.000000,0.000000,0.000000,0.000000,0.000000,0.000000,0.000000
603,10.050000,41.026245,0.000210,-110.381836,6.359396,-0.001377,-17.238060,-0.351904,0.001079,18.373589,5524.048,1,0.000000,4,3,29.074621,1,0,0,0.016898,0.999853,0.002911,0.938567,-0.016866,0.344686,0.009195,-0.025392,0.000000,0.000000,0.000000,1,-0.011480,27435.656250,-435.804962,-2490.449463,0.000924,0.005278,30.932438,1,0.024651,33526.742188,-532.466797,-2435.644043,0.001128,0.005162,30.857014,1,-0.032151,16668.775391,-457.291840,5867.208008,0.001420,-0.018216,29.059587,1,-0.000198,20345.480469,-558.111755,7653.125977,0.001733,-0.023761,29.089663,871.644287,97985.367188,-8130.475098,-2796.195312,-391.920410,7588.838867,0.000000,0.000000,0.000000,0.000000,0.000000,0.000000,0.000000,0.000000,0.000000
604,10.066667,41.132324,0.000186,-110.669678,6.362301,-0.001437,-17.265162,-0.351887,0.000994,18.400032,5531.887,1,0.000000,4,3,29.115650,1,0,0,0.017150,0.999848,0.003001,0.938568,-0.017133,0.344669,0.005404,-0.015076,0.000000,0.000000,0.000000,1,-0.011740,27555.117188,-425.324738,-2487.209473,0.000901,0.005271,30.977665,1,0.024963,33419.894531,-515.790405,-2424.962646,0.001093,0.005139,30.901358,1,-0.032393,16739.496094,-435.721252,5935.533203,0.001353,-0.018428,29.104414,1,0.000066,20279.808594,-527.805237,7546.578125,0.001639,-0.023430,29.126892,936.877075,98004.453125,-8078.566406,-2651.578125,-385.434570,7174.229492,0.000000,0.000000,0.000000,0.000000,0.000000,0.000000,0.000000,0.000000,0.000000
605,10.083333,41.238403,0.000162,-110.957886,6.365424,-0.001442,-17.292089,-0.351871,0.000910,18.426384,5539.693,1,0.000000,4,3,29.156504,1,0,0,0.017238,0.999847,0.003031,0.938572,-0.017227,0.344654,0.001818,-0.005320,0.000000,0.000000,0.000000,1,-0.011811,27693.449219,-411.572754,-2483.026123,0.000872,0.005262,31.022831,1,0.025092,33293.957031,-494.728241,-2414.639893,0.001048,0.005117,30.945499,1,-0.032468,16821.662109,-412.305298,6002.094238,0.001280,-0.018635,29.148695,1,0.000168,20202.367188,-495.136292,7442.328613,0.001537,-0.023107,29.164314,1013.640503,98022.671875,-8023.625000,-2487.796875,-377.268555,6726.893555,0.000000,0.000000,0.000000,0.000000,0.000000,0.000000,0.000000,0.000000,0.000000
606,10.100000,41.344604,0.000139,-111.246460,6.368803,-0.001394,-17.318834,-0.351858,0.000827,18.452654,5547.466,1,0.000000,4,3,29.197176,1,0,0,0.017175,0.999848,0.003005,0.938577,-0.017158,0.344642,-0.001546,0.003828,0.000000,0.000000,0.000000,1,-0.011708,27847.322266,-394.837555,-2478.619141,0.000837,0.005253,31.067919,1,0.025049,33150.738281,-469.936829,-2404.681641,0.000996,0.005096,30.989447,1,-0.032389,16913.068359,-387.316101,6065.985840,0.001203,-0.018833,29.192436,1,0.000116,20114.464844,-460.590363,7340.588379,0.001430,-0.022791,29.201918,1099.845825,98037.296875,-7964.904785,-2310.406250,-365.054688,6240.262695,0.000000,0.000000,0.000000,0.000000,0.000000,0.000000,0.000000,0.000000,0.000000
607,10.116667,41.450806,0.000117,-111.535522,6.372468,-0.001304,-17.345385,-0.351846,0.000745,18.478840,5555.205,1,0.000000,4,3,29.237667,1,0,0,0.016969,0.999852,0.002927,0.938585,-0.016938,0.344631,-0.004667,0.012316,0.000000,0.000000,0.000000,1,-0.011442,28014.593750,-375.147614,-2473.666748,0.000795,0.005242,31.112923,1,0.024844,32992.996094,-441.801544,-2395.358643,0.000936,0.005076,31.033207,1,-0.032168,17012.386719,-360.897308,6126.947266,0.001120,-0.019023,29.235643,1,-0.000078,20017.712891,-424.604614,7241.807129,0.001318,-0.022484,29.239691,1194.639893,98049.468750,-7902.974609,-2115.914062,-351.002930,5729.690430,0.000000,0.000000,0.000000,0.000000,0.000000,0.000000,0.000000,0.000000,0.000000
608,10.133333,41.557007,0.000098,-111.825073,6.376451,-0.001177,-17.371727,-0.351836,0.000666,18.504940,5562.908,1,0.000000,4,3,29.277977,1,0,0,0.016634,0.999858,0.002801,0.938595,-0.016581,0.344623,-0.007530,0.020107,0.000000,0.000000,0.000000,1,-0.011029,28192.419922,-353.021576,-2467.868896,0.000748,0.005230,31.157835,1,0.024490,32823.351562,-410.952698,-2386.236816,0.000871,0.005057,31.076790,1,-0.031816,17118.187500,-333.337952,6184.604492,0.001035,-0.019202,29.278334,1,-0.000404,19913.603516,-387.731354,7146.192383,0.001204,-0.022187,29.277620,1296.347290,98059.039062,-7839.054688,-1920.601562,-337.850586,5219.793945,0.000000,0.000000,0.000000,0.000000,0.000000,0.000000,0.000000,0.000000,0.000000
609,10.150000,41.663330,0.000081,-112.114990,6.380772,-0.001022,-17.397858,-0.351828,0.000588,18.530958,5570.578,1,0.000000,4,3,29.318108,1,0,0,0.016181,0.999866,0.002632,0.938605,-0.016097,0.344617,-0.010135,0.027203,0.000000,0.000000,0.000000,1,-0.010482,28378.820312,-329.309540,-2461.933105,0.000698,0.005217,31.202637,1,0.024001,32643.332031,-378.769501,-2377.500000,0.000803,0.005039,31.120201,1,-0.031346,17229.308594,-305.136108,6238.574219,0.000947,-0.019369,29.320518,1,-0.000851,19803.542969,-350.690887,7053.957520,0.001089,-0.021901,29.315697,1401.366455,98065.851562,-7773.335449,-1722.679688,-322.201660,4676.819336,0.000000,0.000000,0.000000,0.000000,0.000000,0.000000,0.000000,0.000000,0.000000
610,10.166667,41.769775,0.000067,-112.405396,6.385443,-0.000846,-17.423769,-0.351821,0.000513,18.556892,5578.213,1,0.000000,4,3,29.358063,1,0,0,0.015622,0.999875,0.002424,0.938617,-0.015500,0.344612,-0.012470,0.033561,0.000000,0.000000,0.000000,1,-0.009816,28571.382812,-303.522369,-2455.451904,0.000643,0.005204,31.247328,1,0.023389,32455.978516,-344.769348,-2369.050781,0.000731,0.005021,31.163448,1,-0.030771,17343.691406,-276.097473,6288.498047,0.000857,-0.019524,29.362221,1,-0.001406,19688.611328,-313.410309,6965.390625,0.000973,-0.021626,29.353905,1511.007935,98069.539062,-7705.801758,-1515.335938,-306.052246,4120.630859,0.000000,0.000000,0.000000,0.000000,0.000000,0.000000,0.000000,0.000000,0.000000
611,10.183333,41.876221,0.000056,-112.696167,6.390480,-0.000658,-17.449455,-0.351816,0.000440,18.582741,5585.815,1,0.000000,4,3,29.397846,1,0,0,0.014969,0.999886,0.002182,0.938630,-0.014804,0.344609,-0.014526,0.039162,0.000000,0.000000,0.000000,1,-0.009046,28767.199219,-275.825500,-2448.150391,0.000585,0.005188,31.291897,1,0.022667,32263.406250,-309.307404,-2360.733154,0.000655,0.005003,31.206535,1,-0.030104,17460.585938,-246.338379,6334.399414,0.000765,-0.019667,29.403458,1,-0.002059,19570.937500,-276.085083,6880.970703,0.000857,-0.021364,29.392237,1624.811279,98070.843750,-7637.611816,-1313.109375,-287.314453,3579.415039,0.000000,0.000000,0.000000,0.000000,0.000000,0.000000,0.000000,0.000000,0.000000
612,10.200000,41.982788,0.000048,-112.987427,6.395895,-0.000465,-17.474915,-0.351812,0.000371,18.608505,5593.385,1,0.000000,4,3,29.437456,1,0,0,0.014236,0.999897,0.001910,0.938642,-0.014022,0.344607,-0.016311,0.044026,0.000000,0.000000,0.000000,1,-0.008185,28965.474609,-247.283478,-2440.539307,0.000524,0.005172,31.336329,1,0.021851,32067.861328,-273.757385,-2352.886475,0.000580,0.004986,31.249466,1,-0.029358,17578.353516,-216.588287,6375.700684,0.000672,-0.019795,29.444242,1,-0.002795,19451.208984,-239.655304,6800.450684,0.000744,-0.021114,29.430672,1738.341431,98070.359375,-7568.610352,-1102.906250,-266.280762,3029.421875,0.000000,0.000000,0.000000,0.000000,0.000000,0.000000,0.000000,0.000000,0.000000
613,10.216666,42.089478,0.000043,-113.279175,6.401690,-0.000272,-17.500143,-0.351810,0.000306,18.634186,5600.921,1,0.000000,4,3,29.476902,1,0,0,0.013433,0.999909,0.001613,0.938655,-0.013166,0.344606,-0.017818,0.048140,0.000000,0.000000,0.000000,1,-0.007250,29162.507812,-217.517471,-2432.473633,0.000461,0.005155,31.380617,1,0.020954,31871.064453,-237.711716,-2345.239746,0.000504,0.004970,31.292248,1,-0.028546,17695.978516,-186.774048,6412.467285,0.000580,-0.019909,29.484604,1,-0.003604,19331.005859,-204.024826,6724.046875,0.000633,-0.020877,29.469202,1852.735718,98066.476562,-7499.125977,-918.304688,-248.899902,2489.193359,0.000000,0.000000,0.000000,0.000000,0.000000,0.000000,0.000000,0.000000,0.000000
614,10.233334,42.196289,0.000042,-113.571167,6.407866,-0.000089,-17.525141,-0.351809,0.000244,18.659779,5608.427,1,0.000000,4,3,29.516188,1,0,0,0.012575,0.999920,0.001295,0.938667,-0.012251,0.344606,-0.019061,0.051524,0.000000,0.000000,0.000000,1,-0.006253,29358.476562,-187.326447,-2424.057129,0.000397,0.005137,31.424755,1,0.019989,31675.916016,-202.107605,-2337.622314,0.000428,0.004954,31.334887,1,-0.027680,17812.341797,-157.190781,6444.648438,0.000488,-0.020009,29.524565,1,-0.004472,19211.283203,-169.559982,6652.014160,0.000526,-0.020653,29.507812,1965.836914,98062.601562,-7430.234863,-714.992188,-228.033691,1964.951172,0.000000,0.000000,0.000000,0.000000,0.000000,0.000000,0.000000,0.000000,0.000000
615,10.250000,42.303101,0.000043,-113.863647,6.414419,0.000085,-17.549908,-0.351809,0.000186,18.685287,5615.901,1,0.000000,4,3,29.555317,1,0,0,0.011672,0.999932,0.000961,0.938679,-0.011288,0.344607,-0.020038,0.054192,0.000000,0.000000,0.000000,1,-0.005209,29550.027344,-156.831100,-2415.020020,0.000332,0.005118,31.468735,1,0.018971,31483.103516,-167.086945,-2330.365723,0.000354,0.004939,31.377380,1,-0.026771,17926.501953,-128.135788,6472.219238,0.000398,-0.020095,29.564150,1,-0.005388,19093.328125,-136.473511,6584.358887,0.000424,-0.020443,29.546486,2076.889404,98056.023438,-7362.130371,-529.890625,-207.837402,1460.904297,0.000000,0.000000,0.000000,0.000000,0.000000,0.000000,0.000000,0.000000,0.000000
616,10.266666,42.410156,0.000047,-114.156616,6.421342,0.000241,-17.574448,-0.351809,0.000132,18.710707,5623.347,1,0.000000,4,3,29.594292,1,0,0,0.010735,0.999942,0.000615,0.938690,-0.010290,0.344609,-0.020763,0.056175,0.000000,0.000000,0.000000,1,-0.004130,29736.708984,-126.544846,-2405.951172,0.000268,0.005099,31.512545,1,0.017912,31294.769531,-133.149261,-2323.346680,0.000282,0.004924,31.419739,1,-0.025832,18037.640625,-99.853569,6495.070312,0.000310,-0.020166,29.603376,1,-0.006340,18978.060547,-105.058189,6521.013184,0.000326,-0.020246,29.585211,2184.217529,98048.843750,-7294.743652,-354.718750,-184.695801,979.982422,0.000000,0.000000,0.000000,0.000000,0.000000,0.000000,0.000000,0.000000,0.000000
617,10.283334,42.517334,0.000054,-114.449829,6.428623,0.000378,-17.598763,-0.351811,0.000083,18.736042,5630.762,1,0.000000,4,3,29.633116,1,0,0,0.009777,0.999952,0.000261,0.938700,-0.009268,0.344611,-0.021250,0.057505,0.000000,0.000000,0.000000,1,-0.003028,29917.111328,-96.807716,-2396.321045,0.000205,0.005078,31.556183,1,0.016825,31112.414062,-100.650871,-2316.312500,0.000213,0.004909,31.461964,1,-0.024873,18144.771484,-72.741699,6513.331543,0.000226,-0.020222,29.642269,1,-0.007317,18866.349609,-75.633850,6462.002441,0.000235,-0.020063,29.623966,2286.815430,98041.015625,-7229.438965,-168.171875,-164.052734,519.503906,0.000000,0.000000,0.000000,0.000000,0.000000,0.000000,0.000000,0.000000,0.000000
618,10.300000,42.624634,0.000062,-114.743652,6.436245,0.000493,-17.622860,-0.351814,0.000038,18.761290,5638.148,1,0.000000,4,3,29.671793,1,0,0,0.008807,0.999961,-0.000097,0.938709,-0.008234,0.344614,-0.021500,0.058203,0.000000,0.000000,0.000000,1,-0.001915,30089.435547,-67.328110,-2387.066650,0.000143,0.005059,31.599640,1,0.015722,30937.250000,-69.248444,-2309.821533,0.000147,0.004895,31.504057,1,-0.023905,18247.541016,-46.601620,6526.987793,0.000145,-0.020265,29.680847,1,-0.008307,18759.248047,-47.908272,6407.215332,0.000149,-0.019893,29.662741,2385.182129,98032.656250,-7164.308594,-32.609375,-144.943848,85.625000,0.000000,0.000000,0.000000,0.000000,0.000000,0.000000,0.000000,0.000000,0.000000
619,10.316667,42.732056,0.000072,-115.037720,6.444196,0.000586,-17.646742,-0.351817,-0.000003,18.786448,5645.507,1,0.000000,4,3,29.710327,1,0,0,0.007835,0.999969,-0.000456,0.938716,-0.007198,0.344616,-0.021542,0.058319,0.000000,0.000000,0.000000,1,-0.000803,30253.572266,-39.175064,-2376.972656,0.000083,0.005037,31.642923,1,0.014615,30770.603516,-39.821156,-2303.160889,0.000084,0.004881,31.546028,1,-0.022936,18344.953125,-21.907961,6536.387207,0.000068,-0.020294,29.719139,1,-0.009302,18657.107422,-22.307806,6356.812988,0.000069,-0.019736,29.701517,2477.482422,98024.406250,-7102.621094,133.015625,-124.032227,-318.507812,0.000000,0.000000,0.000000,0.000000,0.000000,0.000000,0.000000,0.000000,0.000000
620,10.333333,42.839600,0.000083,-115.332153,6.452455,0.000655,-17.670418,-0.351821,-0.000040,18.811518,5652.840,1,0.000000,4,3,29.748718,1,0,0,0.006870,0.999976,-0.000813,0.938722,-0.006169,0.344619,-0.021377,0.057880,0.000000,0.000000,0.000000,1,0.000299,30407.765625,-11.838185,-2366.813965,0.000025,0.005016,31.686018,1,0.013514,30613.285156,-11.918248,-2296.680664,0.000025,0.004867,31.587873,1,-0.021977,18436.777344,-21.170082,6541.488770,0.000067,-0.020310,29.757158,1,-0.010290,18560.769531,-21.563028,6310.429199,0.000068,-0.019592,29.740280,2521.621094,98015.843750,-7058.196777,289.328125,-317.694336,-711.986328,0.000000,0.000000,0.000000,0.000000,0.000000,0.000000,0.000000,0.000000,0.000000
621,10.350000,42.947266,0.000094,-115.627075,6.460860,0.000701,-17.693945,-0.351826,-0.000133,18.836500,5660.144,1,0.000000,4,3,29.786968,1,0,0,0.005922,0.999982,-0.001163,0.938727,-0.005159,0.344623,-0.021010,0.056902,0.000000,0.000000,0.000000,1,0.001381,30551.234375,-5.220758,-2360.056396,0.000020,0.005002,31.728920,1,0.012430,30467.082031,-5.290718,-2287.669678,0.000020,0.004848,31.629597,1,-0.021035,18522.136719,-2.897438,6540.700684,0.000046,-0.020307,29.794926,1,-0.011263,18471.359375,-3.308515,6269.729980,0.000047,-0.019466,29.779013,2558.872070,98008.421875,-7015.160645,414.593750,-216.036621,-1084.384766,0.000000,0.000000,0.000000,0.000000,0.000000,0.000000,0.000000,0.000000,0.000000
622,10.366667,43.055176,0.000106,-115.922363,6.469389,0.000726,-17.717329,-0.351833,-0.000199,18.861391,5667.421,1,0.000000,4,3,29.825079,1,0,0,0.004998,0.999986,-0.001504,0.938730,-0.004174,0.344628,-0.020462,0.055421,0.000000,0.000000,0.000000,1,0.002433,30682.986328,13.521471,-2349.859619,0.000002,0.004980,31.771696,1,0.011373,30332.251953,13.455260,-2281.011475,0.000002,0.004834,31.671150,1,-0.020118,18600.615234,22.159504,6536.825684,0.000003,-0.020295,29.832468,1,-0.012212,18388.804688,21.764000,6232.273926,0.000004,-0.019350,29.817692,2632.081543,98000.671875,-6960.251953,520.398438,-118.450684,-1394.708984,0.000000,0.000000,0.000000,0.000000,0.000000,0.000000,0.000000,0.000000,0.000000
623,10.383333,43.163086,0.000118,-116.218140,6.478163,0.000729,-17.740530,-0.351840,-0.000238,18.886194,5674.673,1,0.000000,4,3,29.863050,1,0,0,0.004106,0.999990,-0.001833,0.938732,-0.003223,0.344633,-0.019763,0.053522,0.000000,0.000000,0.000000,1,0.003448,30803.550781,38.955376,-2338.789795,-0.000029,0.004956,31.814280,1,0.010352,30209.845703,38.892918,-2276.053467,-0.000029,0.004824,31.712578,1,-0.019234,18672.019531,51.528976,6529.678711,-0.000057,-0.020273,29.869797,1,-0.013129,18313.626953,51.136028,6198.020508,-0.000056,-0.019243,29.856306,2725.626221,97994.796875,-6896.925293,604.750000,-13.403809,-1656.817383,0.000000,0.000000,0.000000,0.000000,0.000000,0.000000,0.000000,0.000000,0.000000
624,10.400000,43.271240,0.000130,-116.514160,6.487249,0.000716,-17.763519,-0.351847,-0.000248,18.910908,5681.897,1,0.000000,4,3,29.900881,1,0,0,0.003252,0.999992,-0.002149,0.938733,-0.002312,0.344638,-0.018937,0.051272,0.000000,0.000000,0.000000,1,0.004420,30912.640625,68.855850,-2326.489502,-0.000073,0.004930,31.856655,1,0.009373,30098.851562,68.776932,-2271.654053,-0.000073,0.004814,31.753912,1,-0.018388,18736.402344,82.393616,6519.754395,-0.000131,-0.020242,29.906925,1,-0.014009,18245.156250,82.003242,6166.531738,-0.000130,-0.019146,29.894836,2830.561523,97988.523438,-6830.123047,692.640625,84.948242,-1875.619141,0.000000,0.000000,0.000000,0.000000,0.000000,0.000000,0.000000,0.000000,0.000000
625,10.416667,43.379395,0.000142,-116.810547,6.496684,0.000684,-17.786287,-0.351853,-0.000231,18.935532,5689.095,1,0.000000,4,3,29.938572,1,0,0,0.002440,0.999994,-0.002449,0.938733,-0.001446,0.344642,-0.018000,0.048721,0.000000,0.000000,0.000000,1,0.005344,31010.425781,100.820274,-2314.351074,-0.000125,0.004905,31.898800,1,0.008442,29999.900391,100.747711,-2267.781250,-0.000125,0.004806,31.795162,1,-0.017585,18794.173828,112.166702,6507.274902,-0.000212,-0.020203,29.943869,1,-0.014845,18184.169922,111.778893,6137.670410,-0.000210,-0.019056,29.933277,2937.116211,97984.156250,-6762.074219,755.898438,164.547363,-2046.890625,0.000000,0.000000,0.000000,0.000000,0.000000,0.000000,0.000000,0.000000,0.000000
626,10.433333,43.487793,0.000152,-117.107300,6.506474,0.000641,-17.808828,-0.351859,-0.000191,18.960064,5696.267,1,0.000000,4,3,29.976124,1,0,0,0.001674,0.999995,-0.002732,0.938733,-0.000630,0.344645,-0.016977,0.045938,0.000000,0.000000,0.000000,1,0.006214,31096.916016,132.198792,-2302.221680,-0.000183,0.004879,31.940716,1,0.007564,29912.673828,132.126221,-2263.721436,-0.000182,0.004797,31.836340,1,-0.016829,18845.128906,138.491058,6492.300781,-0.000293,-0.020157,29.980637,1,-0.015635,18130.189453,138.098923,6111.267578,-0.000291,-0.018974,29.971611,3036.114014,97980.515625,-6696.953125,803.601562,219.282227,-2196.630859,0.000000,0.000000,0.000000,0.000000,0.000000,0.000000,0.000000,0.000000,0.000000
627,10.450000,43.596436,0.000162,-117.404419,6.516595,0.000587,-17.831152,-0.351864,-0.000136,18.984507,5703.411,1,0.000000,4,3,30.013535,1,0,0,0.000958,0.999995,-0.002996,0.938732,0.000133,0.344648,-0.015882,0.042954,0.000000,0.000000,0.000000,1,0.007029,31172.691406,160.796204,-2290.532959,-0.000241,0.004854,31.982405,1,0.006744,29836.773438,160.713531,-2258.941406,-0.000241,0.004787,31.877441,1,-0.016122,18889.404297,159.741989,6475.012695,-0.000368,-0.020103,30.017239,1,-0.016374,18083.099609,159.356750,6087.513672,-0.000367,-0.018900,30.009832,3120.558594,97977.796875,-6637.834961,857.000000,250.473633,-2307.240234,0.000000,0.000000,0.000000,0.000000,0.000000,0.000000,0.000000,0.000000,0.000000
628,10.466666,43.705322,0.000171,-117.702026,6.526997,0.000525,-17.853277,-0.351867,-0.000073,19.008865,5710.530,1,0.000000,4,3,30.050802,1,0,0,0.000295,0.999995,-0.003242,0.938731,0.000841,0.344649,-0.014728,0.039815,0.000000,0.000000,0.000000,1,0.007784,31236.960938,184.800201,-2279.794678,-0.000297,0.004831,32.023872,1,0.005984,29772.521484,184.733978,-2254.177002,-0.000297,0.004777,31.918453,1,-0.015468,18927.226562,110.544441,6455.270996,-0.000343,-0.020042,30.053682,1,-0.017060,18042.931641,105.380486,6065.934570,-0.000327,-0.018833,30.047922,3059.200195,97975.765625,-6630.926270,919.867188,-364.743164,-2492.845703,0.000000,0.000000,0.000000,0.000000,0.000000,0.000000,0.000000,0.000000,0.000000
629,10.483334,43.814209,0.000179,-118.000000,6.537194,0.000457,-17.875380,-0.351872,-0.000187,19.033125,5717.620,1,0.000000,4,3,30.087931,1,0,0,-0.000312,0.999994,-0.003466,0.938730,0.001488,0.344651,-0.013482,0.036424,0.000000,0.000000,0.000000,1,0.008476,31288.763672,150.422211,-2278.143311,-0.000319,0.004828,32.065140,1,0.005289,29721.435547,142.890228,-2239.889893,-0.000303,0.004747,31.959373,1,-0.014869,18956.990234,125.913055,6428.453125,-0.000391,-0.019959,30.089983,1,-0.017688,18011.117188,119.619881,6051.670898,-0.000371,-0.018789,30.085878,3006.108643,97974.828125,-6621.706055,953.546875,11.003906,-2601.354492,0.000000,0.000000,0.000000,0.000000,0.000000,0.000000,0.000000,0.000000,0.000000
630,10.500000,43.923340,0.000185,-118.298340,6.547214,0.000387,-17.897451,-0.351877,-0.000193,19.057299,5724.685,1,0.000000,4,3,30.124916,1,0,0,-0.000860,0.999993,-0.003670,0.938728,0.002072,0.344654,-0.012184,0.032888,0.000000,0.000000,0.000000,1,0.009101,31328.193359,162.083939,-2266.768555,-0.000343,0.004804,32.106377,1,0.004662,29682.837891,153.596817,-2234.966797,-0.000326,0.004736,32.000027,1,-0.014329,18979.781250,133.950409,6402.222168,-0.000416,-0.019877,30.126165,1,-0.018255,17986.521484,126.955727,6036.938965,-0.000394,-0.018743,30.123667,3032.376221,97974.250000,-6583.862305,961.359375,25.616699,-2650.483398,0.000000,0.000000,0.000000,0.000000,0.000000,0.000000,0.000000,0.000000,0.000000
631,10.516666,44.032593,0.000190,-118.597046,6.557322,0.000314,-17.919397,-0.351882,-0.000196,19.081383,5731.721,1,0.000000,4,3,30.161757,1,0,0,-0.001349,0.999992,-0.003851,0.938725,0.002593,0.344657,-0.010867,0.029290,0.000000,0.000000,0.000000,1,0.009658,31357.238281,169.887390,-2256.387207,-0.000360,0.004782,32.147400,1,0.004104,29655.845703,160.695282,-2229.645508,-0.000341,0.004725,32.040585,1,-0.013849,18995.851562,138.944534,6374.198242,-0.000431,-0.019790,30.162228,1,-0.018761,17968.748047,131.434387,6023.945312,-0.000408,-0.018703,30.161285,3045.869629,97975.132812,-6550.020508,973.921875,41.853027,-2666.382812,0.000000,0.000000,0.000000,0.000000,0.000000,0.000000,0.000000,0.000000,0.000000
632,10.533334,44.141968,0.000194,-118.895996,6.567475,0.000244,-17.941231,-0.351887,-0.000193,19.105377,5738.730,1,0.000000,4,3,30.198456,1,0,0,-0.001776,0.999990,-0.004010,0.938723,0.003049,0.344659,-0.009538,0.025668,0.000000,0.000000,0.000000,1,0.010148,31375.919922,174.791245,-2246.010498,-0.000370,0.004760,32.188229,1,0.003617,29639.248047,165.142136,-2224.010498,-0.000350,0.004713,32.081043,1,-0.013429,19005.757812,141.291107,6344.798340,-0.000439,-0.019699,30.198179,1,-0.019205,17957.384766,133.474396,6012.641602,-0.000414,-0.018668,30.198732,3049.589111,97976.265625,-6520.436035,978.429688,48.861328,-2662.152344,0.000000,0.000000,0.000000,0.000000,0.000000,0.000000,0.000000,0.000000,0.000000
633,10.550000,44.251709,0.000197,-119.195435,6.577640,0.000178,-17.962965,-0.351891,-0.000189,19.129282,5745.713,1,0.000000,4,3,30.235008,1,0,0,-0.002144,0.999989,-0.004146,0.938721,0.003442,0.344662,-0.008210,0.022049,0.000000,0.000000,0.000000,1,0.010571,31384.394531,177.570435,-2236.478760,-0.000376,0.004740,32.228859,1,0.003199,29632.839844,167.641769,-2217.963623,-0.000355,0.004700,32.121395,1,-0.013069,19009.628906,141.967789,6313.899902,-0.000441,-0.019603,30.234020,1,-0.019588,17952.234375,134.060715,6002.580078,-0.000416,-0.018637,30.235996,3046.315674,97977.500000,-6492.688965,959.062500,58.555176,-2630.945312,0.000000,0.000000,0.000000,0.000000,0.000000,0.000000,0.000000,0.000000,0.000000
634,10.566667,44.361450,0.000199,-119.495117,6.587794,0.000114,-17.984608,-0.351895,-0.000182,19.153101,5752.667,1,0.000000,4,3,30.271418,1,0,0,-0.002452,0.999988,-0.004261,0.938718,0.003770,0.344664,-0.006900,0.018475,0.000000,0.000000,0.000000,1,0.010926,31383.855469,178.258926,-2226.882324,-0.000378,0.004719,32.269310,1,0.002850,29635.820312,168.333588,-2212.041992,-0.000357,0.004688,32.161633,1,-0.012768,19007.923828,140.807068,6282.028320,-0.000437,-0.019504,30.269764,1,-0.019910,17952.691406,133.005280,5993.695801,-0.000413,-0.018609,30.273073,3036.166260,97979.125000,-6467.625488,942.718750,63.654297,-2569.995117,0.000000,0.000000,0.000000,0.000000,0.000000,0.000000,0.000000,0.000000,0.000000
635,10.583333,44.471436,0.000200,-119.795288,6.597915,0.000055,-18.006166,-0.351899,-0.000173,19.176828,5759.595,1,0.000000,4,3,30.307684,1,0,0,-0.002701,0.999987,-0.004355,0.938717,0.004037,0.344666,-0.005618,0.014983,0.000000,0.000000,0.000000,1,0.011216,31374.796875,176.866592,-2217.353027,-0.000375,0.004699,32.309582,1,0.002569,29647.710938,167.155930,-2205.779297,-0.000354,0.004675,32.201759,1,-0.012524,19001.246094,138.144852,6249.408691,-0.000429,-0.019403,30.305412,1,-0.020171,17958.730469,130.580414,5985.739258,-0.000405,-0.018584,30.309958,3019.770020,97981.851562,-6445.344238,900.835938,67.947266,-2502.482422,0.000000,0.000000,0.000000,0.000000,0.000000,0.000000,0.000000,0.000000,0.000000
636,10.600000,44.581665,0.000200,-120.095703,6.607981,0.000004,-18.027651,-0.351903,-0.000163,19.200464,5766.496,1,0.000000,4,3,30.343803,1,0,0,-0.002895,0.999986,-0.004428,0.938715,0.004243,0.344669,-0.004376,0.011588,0.000000,0.000000,0.000000,1,0.011442,31357.880859,174.036743,-2207.851318,-0.000369,0.004679,32.349674,1,0.002353,29667.873047,164.660187,-2199.038574,-0.000349,0.004660,32.241768,1,-0.012338,18989.451172,134.325180,6216.113281,-0.000417,-0.019299,30.340963,1,-0.020376,17969.125000,127.097038,5978.626465,-0.000395,-0.018562,30.346643,2998.920166,97984.085938,-6425.358887,884.625000,71.126953,-2412.980469,0.000000,0.000000,0.000000,0.000000,0.000000,0.000000,0.000000,0.000000,0.000000
637,10.616667,44.691895,0.000200,-120.396484,6.617977,-0.000041,-18.049068,-0.351906,-0.000152,19.224014,5773.368,1,0.000000,4,3,30.379776,1,0,0,-0.003033,0.999985,-0.004481,0.938713,0.004392,0.344671,-0.003173,0.008309,0.000000,0.000000,0.000000,1,0.011607,31333.496094,170.106293,-2199.129639,-0.000360,0.004660,32.389587,1,0.002200,29695.146484,161.236603,-2192.839111,-0.000342,0.004647,32.281651,1,-0.012206,18973.253906,129.590073,6182.143066,-0.000402,-0.019194,30.376427,1,-0.020524,17984.375000,122.863152,5971.810547,-0.000381,-0.018541,30.383127,2974.019043,97986.375000,-6405.058594,838.320312,73.128906,-2309.744141,0.000000,0.000000,0.000000,0.000000,0.000000,0.000000,0.000000,0.000000,0.000000
638,10.633333,44.802368,0.000198,-120.697632,6.627891,-0.000080,-18.070419,-0.351908,-0.000139,19.247473,5780.212,1,0.000000,4,3,30.415607,1,0,0,-0.003119,0.999985,-0.004515,0.938712,0.004484,0.344673,-0.002024,0.005173,0.000000,0.000000,0.000000,1,0.011712,31302.392578,164.809631,-2189.886719,-0.000349,0.004641,32.429337,1,0.002108,29729.240234,156.485184,-2185.958008,-0.000332,0.004633,32.321415,1,-0.012125,18953.242188,123.898399,6148.052246,-0.000385,-0.019088,30.411804,1,-0.020620,18003.494141,117.691452,5965.519531,-0.000365,-0.018521,30.419411,2945.365723,97988.781250,-6387.851074,796.890625,74.455566,-2186.751953,0.000000,0.000000,0.000000,0.000000,0.000000,0.000000,0.000000,0.000000,0.000000
639,10.650000,44.912964,0.000196,-120.999268,6.637709,-0.000112,-18.091713,-0.351910,-0.000126,19.270845,5787.030,1,0.000000,4,3,30.451292,1,0,0,-0.003156,0.999985,-0.004530,0.938711,0.004524,0.344675,-0.000935,0.002203,0.000000,0.000000,0.000000,1,0.011762,31265.609375,158.302704,-2181.007812,-0.000335,0.004622,32.468914,1,0.002072,29769.205078,150.728271,-2179.172852,-0.000319,0.004618,32.361050,1,-0.012095,18929.451172,117.339981,6113.714844,-0.000364,-0.018982,30.447094,1,-0.020665,18026.132812,111.741875,5959.348633,-0.000347,-0.018502,30.455490,2912.889160,97991.062500,-6371.428711,737.539062,75.069336,-2054.565430,0.000000,0.000000,0.000000,0.000000,0.000000,0.000000,0.000000,0.000000,0.000000
640,10.666667,45.023804,0.000194,-121.301025,6.647418,-0.000137,-18.112951,-0.351912,-0.000112,19.294132,5793.819,1,0.000000,4,3,30.486832,1,0,0,-0.003146,0.999985,-0.004529,0.938711,0.004514,0.344677,0.000083,-0.000583,0.000000,0.000000,0.000000,1,0.011760,31223.732422,150.576889,-2172.264404,-0.000319,0.004604,32.508324,1,0.002090,29814.123047,143.736679,-2172.155518,-0.000305,0.004603,32.400555,1,-0.012111,18902.564453,109.928696,6079.458984,-0.000341,-0.018875,30.482298,1,-0.020663,18051.695312,105.007019,5953.045410,-0.000326,-0.018483,30.491365,2876.590088,97992.953125,-6356.464844,698.226562,73.955078,-1906.754883,0.000000,0.000000,0.000000,0.000000,0.000000,0.000000,0.000000,0.000000,0.000000
641,10.683333,45.134766,0.000191,-121.603271,6.657007,-0.000157,-18.134140,-0.351914,-0.000098,19.317324,5800.581,1,0.000000,4,3,30.522230,1,0,0,-0.003093,0.999985,-0.004512,0.938710,0.004459,0.344678,0.001034,-0.003174,0.000000,0.000000,0.000000,1,0.011708,31177.589844,142.086090,-2163.800537,-0.000301,0.004586,32.547569,1,0.002158,29863.667969,136.099640,-2165.217773,-0.000288,0.004589,32.439930,1,-0.012171,18873.267578,102.103416,6045.359863,-0.000317,-0.018769,30.517420,1,-0.020617,18080.074219,97.813232,5946.704590,-0.000304,-0.018463,30.527040,2838.067871,97995.703125,-6342.065430,638.250000,73.498535,-1755.820312,0.000000,0.000000,0.000000,0.000000,0.000000,0.000000,0.000000,0.000000,0.000000
642,10.700000,45.245850,0.000189,-121.905884,6.666468,-0.000169,-18.155281,-0.351915,-0.000084,19.340431,5807.316,1,0.000000,4,3,30.557484,1,0,0,-0.003001,0.999985,-0.004480,0.938710,0.004361,0.344680,0.001908,-0.005558,0.000000,0.000000,0.000000,1,0.011612,31127.617188,132.841476,-2155.288818,-0.000282,0.004568,32.586655,1,0.002272,29916.328125,127.673309,-2157.988281,-0.000271,0.004573,32.479172,1,-0.012270,18841.689453,93.738503,6011.710938,-0.000291,-0.018665,30.552456,1,-0.020531,18110.285156,90.087708,5939.996094,-0.000280,-0.018442,30.562511,2797.240234,97997.046875,-6328.967285,583.320312,70.980469,-1595.936523,0.000000,0.000000,0.000000,0.000000,0.000000,0.000000,0.000000,0.000000,0.000000
643,10.716666,45.357178,0.000186,-122.208862,6.675792,-0.000177,-18.176378,-0.351916,-0.000069,19.363449,5814.024,1,0.000000,4,3,30.592594,1,0,0,-0.002872,0.999986,-0.004435,0.938710,0.004225,0.344681,0.002703,-0.007726,0.000000,0.000000,0.000000,1,0.011475,31075.009766,122.971603,-2146.988770,-0.000261,0.004550,32.625580,1,0.002426,29971.878906,118.585052,-2150.532227,-0.000251,0.004558,32.518280,1,-0.012406,18808.230469,85.041397,5978.392090,-0.000264,-0.018561,30.587408,1,-0.020409,18142.451172,82.044373,5932.811523,-0.000255,-0.018420,30.597780,2754.552490,97998.781250,-6316.417969,526.234375,69.182617,-1437.133789,0.000000,0.000000,0.000000,0.000000,0.000000,0.000000,0.000000,0.000000,0.000000
644,10.733334,45.468628,0.000183,-122.512207,6.684974,-0.000181,-18.197433,-0.351916,-0.000055,19.386379,5820.704,1,0.000000,4,3,30.627563,1,0,0,-0.002711,0.999987,-0.004378,0.938711,0.004053,0.344682,0.003420,-0.009679,0.000000,0.000000,0.000000,1,0.011300,31019.841797,112.827209,-2138.725586,-0.000239,0.004532,32.664352,1,0.002618,30029.613281,109.226151,-2143.052979,-0.000231,0.004542,32.557247,1,-0.012575,18773.685547,76.205307,5945.799805,-0.000237,-0.018460,30.622274,1,-0.020253,18175.871094,73.779083,5925.288574,-0.000229,-0.018397,30.632853,2711.147949,98000.265625,-6304.536621,463.570312,65.142578,-1279.041016,0.000000,0.000000,0.000000,0.000000,0.000000,0.000000,0.000000,0.000000,0.000000
645,10.750000,45.580078,0.000180,-122.815918,6.694011,-0.000180,-18.218449,-0.351916,-0.000041,19.409222,5827.357,1,0.000000,4,3,30.662390,1,0,0,-0.002520,0.999988,-0.004310,0.938711,0.003852,0.344683,0.004056,-0.011415,0.000000,0.000000,0.000000,1,0.011093,30963.218750,102.439575,-2130.487061,-0.000217,0.004515,32.702969,1,0.002843,30088.914062,99.569588,-2135.589355,-0.000211,0.004526,32.596073,1,-0.012773,18737.775391,67.376572,5913.603516,-0.000209,-0.018360,30.657051,1,-0.020069,18210.001953,65.479080,5916.915039,-0.000203,-0.018371,30.667728,2667.043457,98001.117188,-6292.389648,392.828125,62.404297,-1096.774414,0.000000,0.000000,0.000000,0.000000,0.000000,0.000000,0.000000,0.000000,0.000000
646,10.766666,45.691772,0.000177,-123.119873,6.702901,-0.000177,-18.239424,-0.351916,-0.000027,19.431974,5833.983,1,0.000000,4,3,30.697077,1,0,0,-0.002305,0.999988,-0.004234,0.938712,0.003623,0.344684,0.004599,-0.012902,0.000000,0.000000,0.000000,1,0.010857,30905.996094,91.110458,-2122.331055,-0.000193,0.004498,32.741428,1,0.003096,30148.607422,88.855797,-2127.625732,-0.000188,0.004509,32.634758,1,-0.012996,18701.714844,58.010731,5882.420898,-0.000180,-0.018263,30.691740,1,-0.019860,18244.517578,56.592693,5907.957031,-0.000176,-0.018343,30.702415,2620.303467,98002.000000,-6282.116699,347.570312,57.197266,-943.350586,0.000000,0.000000,0.000000,0.000000,0.000000,0.000000,0.000000,0.000000,0.000000
647,10.783334,45.803589,0.000174,-123.424194,6.711635,-0.000171,-18.260365,-0.351915,-0.000014,19.454643,5840.583,1,0.000000,4,3,30.731621,1,0,0,-0.002069,0.999989,-0.004149,0.938713,0.003372,0.344684,0.005070,-0.014184,0.000000,0.000000,0.000000,1,0.010597,30848.285156,80.389778,-2114.791992,-0.000170,0.004482,32.779736,1,0.003374,30208.662109,78.723068,-2120.019043,-0.000167,0.004493,32.673294,1,-0.013241,18665.414062,49.236031,5851.686523,-0.000153,-0.018168,30.726332,1,-0.019629,18279.250000,48.217472,5898.120117,-0.000150,-0.018312,30.736910,2575.236084,98002.703125,-6269.739258,286.289062,53.642578,-781.519531,0.000000,0.000000,0.000000,0.000000,0.000000,0.000000,0.000000,0.000000,0.000000
648,10.800000,45.915527,0.000171,-123.728882,6.720219,-0.000163,-18.281263,-0.351914,-0.000002,19.477221,5847.156,1,0.000000,4,3,30.766029,1,0,0,-0.001815,0.999990,-0.004058,0.938713,0.003102,0.344684,0.005460,-0.015246,0.000000,0.000000,0.000000,1,0.010316,30790.884766,69.687416,-2106.866211,-0.000148,0.004465,32.817902,1,0.003672,30268.593750,68.505371,-2112.133545,-0.000145,0.004476,32.711685,1,-0.013504,18629.082031,40.540329,5822.089844,-0.000126,-0.018076,30.760834,1,-0.019381,18313.837891,39.841499,5887.613770,-0.000124,-0.018280,30.771225,2530.575195,98003.453125,-6258.425293,221.851562,49.638672,-619.069336,0.000000,0.000000,0.000000,0.000000,0.000000,0.000000,0.000000,0.000000,0.000000
649,10.816667,46.027710,0.000169,-124.033813,6.728654,-0.000153,-18.302124,-0.351913,0.000010,19.499708,5853.703,1,0.000000,4,3,30.800297,1,0,0,-0.001547,0.999991,-0.003962,0.938714,0.002818,0.344685,0.005767,-0.016086,0.000000,0.000000,0.000000,1,0.010019,30734.191406,58.756042,-2099.021973,-0.000125,0.004448,32.855919,1,0.003985,30327.146484,58.022274,-2104.052979,-0.000123,0.004459,32.749928,1,-0.013782,18593.433594,31.885366,5793.267578,-0.000099,-0.017987,30.795235,1,-0.019119,18347.615234,31.450975,5876.178223,-0.000098,-0.018244,30.805359,2485.464844,98003.265625,-6247.238281,173.757812,44.665039,-474.710938,0.000000,0.000000,0.000000,0.000000,0.000000,0.000000,0.000000,0.000000,0.000000
650,10.833333,46.140015,0.000166,-124.339233,6.736939,-0.000144,-18.322948,-0.351912,0.000021,19.522110,5860.223,1,0.000000,4,3,30.834427,1,0,0,-0.001268,0.999992,-0.003862,0.938715,0.002521,0.344684,0.006004,-0.016730,0.000000,0.000000,0.000000,1,0.009710,30678.894531,48.564125,-2091.479980,-0.000103,0.004432,32.893787,1,0.004310,30384.757812,48.098396,-2096.155273,-0.000102,0.004442,32.788017,1,-0.014070,18558.484375,23.787951,5765.408691,-0.000074,-0.017900,30.829536,1,-0.018846,18380.939453,23.560326,5863.875977,-0.000073,-0.018206,30.839317,2442.437256,98003.929688,-6234.876953,117.304688,40.126953,-318.605469,0.000000,0.000000,0.000000,0.000000,0.000000,0.000000,0.000000,0.000000,0.000000
651,10.850000,46.252563,0.000164,-124.644897,6.745081,-0.000133,-18.343731,-0.351910,0.000031,19.544428,5866.716,1,0.000000,4,3,30.868418,1,0,0,-0.000982,0.999992,-0.003759,0.938716,0.002217,0.344684,0.006163,-0.017163,0.000000,0.000000,0.000000,1,0.009392,30625.142578,38.253139,-2083.900391,-0.000081,0.004416,32.931515,1,0.004643,30439.910156,37.999371,-2087.906250,-0.000081,0.004425,32.825958,1,-0.014366,18524.572266,15.816742,5738.470215,-0.000049,-0.017817,30.863731,1,-0.018566,18412.683594,15.708326,5850.684082,-0.000049,-0.018165,30.873104,2399.437744,98002.906250,-6222.956543,69.296875,34.670898,-184.888672,0.000000,0.000000,0.000000,0.000000,0.000000,0.000000,0.000000,0.000000,0.000000
652,10.866667,46.365112,0.000162,-124.951050,6.753079,-0.000124,-18.364473,-0.351909,0.000040,19.566656,5873.184,1,0.000000,4,3,30.902271,1,0,0,-0.000692,0.999993,-0.003655,0.938717,0.001909,0.344684,0.006256,-0.017415,0.000000,0.000000,0.000000,1,0.009070,30573.691406,28.560724,-2076.248291,-0.000061,0.004400,32.969101,1,0.004981,30493.613281,28.485790,-2079.981689,-0.000060,0.004408,32.863743,1,-0.014666,18491.953125,8.420179,5712.377930,-0.000026,-0.017736,30.897820,1,-0.018282,18443.646484,8.385312,5836.715332,-0.000026,-0.018122,30.906723,2358.546631,98003.500000,-6210.073730,15.898438,29.976562,-48.930664,0.000000,0.000000,0.000000,0.000000,0.000000,0.000000,0.000000,0.000000,0.000000
653,10.883333,46.477783,0.000160,-125.257446,6.760941,-0.000115,-18.385174,-0.351907,0.000049,19.588797,5879.625,1,0.000000,4,3,30.935987,1,0,0,-0.000400,0.999994,-0.003550,0.938718,0.001599,0.344683,0.006279,-0.017481,0.000000,0.000000,0.000000,1,0.008746,30524.875000,19.034409,-2068.979004,-0.000040,0.004385,33.006542,1,0.005320,30544.341797,19.046448,-2071.847656,-0.000040,0.004391,32.901379,1,-0.014968,18460.798828,1.271091,5687.417480,-0.000004,-0.017658,30.931797,1,-0.017998,18472.609375,1.284745,5821.585938,-0.000004,-0.018075,30.940180,2318.256836,98003.085938,-6196.759277,-18.023438,24.512207,67.808594,0.000000,0.000000,0.000000,0.000000,0.000000,0.000000,0.000000,0.000000,0.000000
654,10.900000,46.590576,0.000158,-125.564209,6.768668,-0.000106,-18.405830,-0.351905,0.000056,19.610849,5886.040,1,0.000000,4,3,30.969566,1,0,0,-0.000110,0.999994,-0.003446,0.938718,0.001291,0.344683,0.006248,-0.017391,0.000000,0.000000,0.000000,1,0.008423,30478.216797,10.470682,-2061.541260,-0.000022,0.004369,33.043846,1,0.005657,30592.527344,10.532200,-2063.364014,-0.000022,0.004373,32.938862,1,-0.015268,18431.488281,-1.439066,5663.270996,-0.000001,-0.017583,30.965656,1,-0.017715,18500.410156,-1.439204,5805.898438,-0.000001,-0.018026,30.973476,2288.286621,98003.039062,-6180.484863,-67.664062,55.308594,191.640625,0.000000,0.000000,0.000000,0.000000,0.000000,0.000000,0.000000,0.000000,0.000000
655,10.916667,46.703491,0.000157,-125.871338,6.776296,-0.000097,-18.426432,-0.351903,0.000073,19.632816,5892.429,1,0.000000,4,3,31.003008,1,0,0,0.000175,0.999994,-0.003344,0.938719,0.000988,0.344681,0.006153,-0.017131,0.000000,0.000000,0.000000,1,0.008105,30435.203125,1.840597,-2053.864502,-0.000004,0.004353,33.081009,1,0.005989,30637.296875,1.852804,-2055.774414,-0.000004,0.004357,32.976185,1,-0.015565,18403.873047,-6.893002,5640.217773,0.000007,-0.017511,30.999399,1,-0.017436,18525.939453,-6.877572,5788.785645,0.000007,-0.017973,31.006617,2252.637207,98002.593750,-6165.250000,-111.625000,55.889648,297.097656,0.000000,0.000000,0.000000,0.000000,0.000000,0.000000,0.000000,0.000000,0.000000
656,10.933333,46.816528,0.000155,-126.178711,6.783804,-0.000090,-18.446983,-0.351900,0.000090,19.654697,5898.792,1,0.000000,4,3,31.036316,1,0,0,0.000454,0.999995,-0.003244,0.938720,0.000692,0.344680,0.006004,-0.016726,0.000000,0.000000,0.000000,1,0.007795,30395.371094,-1.038742,-2046.263184,-0.000002,0.004337,33.118031,1,0.006313,30679.054688,-1.026535,-2047.810791,-0.000002,0.004340,33.013363,1,-0.015854,18378.345703,-13.901409,5618.228516,0.000021,-0.017443,31.033022,1,-0.017165,18549.396484,-13.904110,5770.983398,0.000021,-0.017917,31.039612,2225.115234,98002.382812,-6147.751953,-129.101562,9.131348,395.905273,0.000000,0.000000,0.000000,0.000000,0.000000,0.000000,0.000000,0.000000,0.000000
657,10.950000,46.929688,0.000154,-126.486572,6.791222,-0.000084,-18.467476,-0.351898,0.000094,19.676489,5905.129,1,0.000000,4,3,31.069489,1,0,0,0.000724,0.999995,-0.003147,0.938721,0.000405,0.344679,0.005813,-0.016194,0.000000,0.000000,0.000000,1,0.007494,30358.773438,-6.724552,-2039.680786,0.000004,0.004323,33.154907,1,0.006626,30716.779297,-6.702242,-2039.321289,0.000004,0.004322,33.050392,1,-0.016134,18355.019531,-21.759533,5596.811523,0.000038,-0.017377,31.066517,1,-0.016902,18571.294922,-21.746666,5752.659180,0.000038,-0.017861,31.072460,2190.622803,98002.000000,-6132.348633,-181.921875,-27.745605,481.652344,0.000000,0.000000,0.000000,0.000000,0.000000,0.000000,0.000000,0.000000,0.000000
658,10.966666,47.043091,0.000152,-126.794678,6.798524,-0.000078,-18.487917,-0.351896,0.000088,19.698195,5911.440,1,0.000000,4,3,31.102526,1,0,0,0.000983,0.999995,-0.003054,0.938721,0.000130,0.344677,0.005571,-0.015538,0.000000,0.000000,0.000000,1,0.007206,30326.193359,-14.275682,-2032.967529,0.000014,0.004308,33.191662,1,0.006928,30751.576172,-14.259725,-2030.123413,0.000014,0.004302,33.087261,1,-0.016404,18333.826172,-29.969471,5576.035156,0.000058,-0.017312,31.099884,1,-0.016650,18590.505859,-29.960938,5733.899902,0.000058,-0.017802,31.105167,2152.298096,98002.250000,-6119.468262,-187.640625,-61.007324,532.896484,0.000000,0.000000,0.000000,0.000000,0.000000,0.000000,0.000000,0.000000,0.000000
659,10.983334,47.156494,0.000151,-127.103149,6.805698,-0.000072,-18.508316,-0.351894,0.000072,19.719816,5917.726,1,0.000000,4,3,31.135426,1,0,0,0.001230,0.999995,-0.002965,0.938721,-0.000132,0.344676,0.005308,-0.014816,0.000000,0.000000,0.000000,1,0.006931,30296.351562,-22.536030,-2026.549194,0.000026,0.004295,33.228291,1,0.007215,30782.679688,-22.530174,-2021.124390,0.000026,0.004283,33.123959,1,-0.016661,18314.500000,-37.429855,5555.673340,0.000080,-0.017249,31.133120,1,-0.016410,18608.042969,-37.421322,5714.597656,0.000080,-0.017742,31.137733,2113.843262,98001.617188,-6105.979492,-217.718750,-81.042969,594.867188,0.000000,0.000000,0.000000,0.000000,0.000000,0.000000,0.000000,0.000000,0.000000
660,11.000000,47.269897,0.000150,-127.411987,6.812745,-0.000068,-18.528669,-0.351892,0.000051,19.741348,5923.985,1,0.000000,4,3,31.168192,1,0,0,0.001463,0.999995,-0.002882,0.938722,-0.000380,0.344675,0.005011,-0.014008,0.000000,0.000000,0.000000,1,0.006672,30270.289062,-31.202766,-2019.983521,0.000041,0.004281,33.264797,1,0.007487,30810.683594,-31.180454,-2012.453613,0.000041,0.004265,33.160484,1,-0.016905,18297.164062,-43.958466,5535.948730,0.000101,-0.017188,31.166224,1,-0.016185,18623.439453,-43.956825,5694.807617,0.000101,-0.017681,31.170162,2076.390137,98001.617188,-6092.094238,-241.023438,-91.725098,656.826172,0.000000,0.000000,0.000000,0.000000,0.000000,0.000000,0.000000,0.000000,0.000000
661,11.016666,47.383545,0.000149,-127.721069,6.819666,-0.000064,-18.548977,-0.351891,0.000028,19.762800,5930.220,1,0.000000,4,3,31.200823,1,0,0,0.001682,0.999995,-0.002804,0.938722,-0.000612,0.344675,0.004684,-0.013116,0.000000,0.000000,0.000000,1,0.006429,30247.722656,-39.723930,-2013.081787,0.000057,0.004266,33.301182,1,0.007741,30834.646484,-39.707970,-2003.791870,0.000057,0.004247,33.196846,1,-0.017134,18282.314453,-30.657415,5517.006348,0.000095,-0.017129,31.199192,1,-0.015974,18636.400391,-31.251097,5674.350586,0.000097,-0.017617,31.202454,2076.025879,98001.039062,-6065.065918,-244.601562,75.147461,715.237305,0.000000,0.000000,0.000000,0.000000,0.000000,0.000000,0.000000,0.000000,0.000000
662,11.033334,47.497314,0.000148,-128.030640,6.826586,-0.000061,-18.569193,-0.351889,0.000052,19.784161,5936.429,1,0.000000,4,3,31.233320,1,0,0,0.001884,0.999994,-0.002732,0.938722,-0.000827,0.344674,0.004334,-0.012150,0.000000,0.000000,0.000000,1,0.006205,30228.960938,-47.738983,-2004.085327,0.000073,0.004247,33.337437,1,0.007977,30854.736328,-47.712921,-1998.011841,0.000073,0.004234,33.233044,1,-0.017346,18269.679688,-35.872234,5499.790527,0.000111,-0.017075,31.232025,1,-0.015779,18647.441406,-36.613785,5652.194824,0.000114,-0.017549,31.234615,2042.021240,98000.734375,-6049.587402,-278.156250,60.925781,741.034180,0.000000,0.000000,0.000000,0.000000,0.000000,0.000000,0.000000,0.000000,0.000000
663,11.050000,47.611206,0.000147,-128.340454,6.833393,-0.000059,-18.589357,-0.351887,0.000072,19.805437,5942.612,1,0.000000,4,3,31.265684,1,0,0,0.002070,0.999994,-0.002665,0.938722,-0.001024,0.344673,0.003962,-0.011140,0.000000,0.000000,0.000000,1,0.006000,30214.214844,-54.964153,-1995.897827,0.000089,0.004230,33.373520,1,0.008194,30871.746094,-54.944447,-1990.399902,0.000089,0.004218,33.269135,1,-0.017542,18259.361328,-39.127754,5483.197754,0.000121,-0.017024,31.264713,1,-0.015601,18656.277344,-39.978024,5629.841797,0.000124,-0.017479,31.266655,2013.701294,98001.656250,-6033.569336,-276.343750,62.849609,755.288086,0.000000,0.000000,0.000000,0.000000,0.000000,0.000000,0.000000,0.000000,0.000000
664,11.066667,47.725220,0.000146,-128.650635,6.840105,-0.000055,-18.609468,-0.351885,0.000093,19.826630,5948.769,1,0.000000,4,3,31.297909,1,0,0,0.002239,0.999994,-0.002606,0.938723,-0.001203,0.344671,0.003585,-0.010114,0.000000,0.000000,0.000000,1,0.005814,30201.904297,-40.149776,-1988.323975,0.000085,0.004214,33.409451,1,0.008392,30885.179688,-41.035423,-1983.008301,0.000087,0.004202,33.305080,1,-0.017720,18250.632812,-41.022617,5466.821289,0.000127,-0.016973,31.297251,1,-0.015441,18663.037109,-41.949219,5606.858887,0.000130,-0.017408,31.298567,2028.072754,98000.671875,-6000.551758,-287.867188,-41.097656,783.951172,0.000000,0.000000,0.000000,0.000000,0.000000,0.000000,0.000000,0.000000,0.000000
665,11.083333,47.839233,0.000145,-128.961060,6.846865,-0.000054,-18.629471,-0.351883,0.000084,19.847736,5954.901,1,0.000000,4,3,31.330004,1,0,0,0.002389,0.999994,-0.002553,0.938723,-0.001363,0.344670,0.003194,-0.009048,0.000000,0.000000,0.000000,1,0.005649,30193.750000,-44.881065,-1982.485718,0.000095,0.004201,33.445240,1,0.008569,30895.357422,-45.945797,-1973.695923,0.000097,0.004183,33.340889,1,-0.017880,18244.152344,-42.028305,5450.293457,0.000130,-0.016922,31.329643,1,-0.015298,18667.587891,-43.003410,5584.264160,0.000134,-0.017338,31.330364,2008.270020,98000.796875,-5980.537598,-284.726562,-26.916016,805.273438,0.000000,0.000000,0.000000,0.000000,0.000000,0.000000,0.000000,0.000000,0.000000
666,11.100000,47.953491,0.000144,-129.271851,6.853559,-0.000052,-18.649406,-0.351881,0.000079,19.868757,5961.007,1,0.000000,4,3,31.361965,1,0,0,0.002522,0.999994,-0.002506,0.938723,-0.001504,0.344669,0.002796,-0.007958,0.000000,0.000000,0.000000,1,0.005504,30188.728516,-47.823689,-1975.607544,0.000101,0.004187,33.480919,1,0.008725,30901.894531,-48.930817,-1965.125732,0.000104,0.004165,33.376522,1,-0.018022,18239.855469,-42.798931,5434.430176,0.000133,-0.016873,31.361891,1,-0.015174,18670.468750,-43.796215,5561.318848,0.000136,-0.017267,31.362040,1992.634888,98000.914062,-5959.650391,-288.468750,-23.004395,786.330078,0.000000,0.000000,0.000000,0.000000,0.000000,0.000000,0.000000,0.000000,0.000000
667,11.116667,48.067749,0.000143,-129.583008,6.860202,-0.000050,-18.669271,-0.351880,0.000076,19.889694,5967.088,1,0.000000,4,3,31.393791,1,0,0,0.002637,0.999993,-0.002466,0.938723,-0.001625,0.344667,0.002404,-0.006889,0.000000,0.000000,0.000000,1,0.005380,30186.414062,-48.941288,-1968.760254,0.000104,0.004172,33.516468,1,0.008861,30905.914062,-50.085194,-1957.370361,0.000106,0.004148,33.411991,1,-0.018146,18237.187500,-42.710175,5418.740234,0.000133,-0.016824,31.393986,1,-0.015067,18671.394531,-43.713963,5538.037598,0.000136,-0.017194,31.393597,1981.714966,98000.875000,-5935.962402,-287.632812,-22.372070,791.439453,0.000000,0.000000,0.000000,0.000000,0.000000,0.000000,0.000000,0.000000,0.000000
668,11.133333,48.182251,0.000143,-129.894531,6.866807,-0.000048,-18.689058,-0.351878,0.000072,19.910543,5973.144,1,0.000000,4,3,31.425486,1,0,0,0.002734,0.999993,-0.002432,0.938724,-0.001728,0.344666,0.002010,-0.005815,0.000000,0.000000,0.000000,1,0.005276,30187.423828,-49.736973,-1961.477783,0.000105,0.004157,33.551888,1,0.008977,30906.833984,-50.921879,-1949.182373,0.000108,0.004131,33.447315,1,-0.018251,18236.419922,-42.489056,5403.575195,0.000132,-0.016777,31.425936,1,-0.014978,18670.728516,-43.500660,5514.584961,0.000135,-0.017121,31.425035,1972.066528,98001.453125,-5913.113281,-286.742188,-23.550781,759.724609,0.000000,0.000000,0.000000,0.000000,0.000000,0.000000,0.000000,0.000000,0.000000
669,11.150000,48.296753,0.000142,-130.206299,6.873381,-0.000045,-18.708769,-0.351877,0.000068,19.931311,5979.174,1,0.000000,4,3,31.457047,1,0,0,0.002813,0.999993,-0.002405,0.938724,-0.001812,0.344665,0.001628,-0.004779,0.000000,0.000000,0.000000,1,0.005191,30190.466797,-49.430313,-1954.432861,0.000105,0.004142,33.587170,1,0.009073,30905.419922,-50.622696,-1941.217407,0.000107,0.004114,33.482487,1,-0.018340,18236.726562,-41.548504,5388.410156,0.000129,-0.016730,31.457733,1,-0.014907,18668.273438,-42.556919,5491.000000,0.000132,-0.017048,31.456360,1965.677979,98000.851562,-5888.442383,-271.960938,-23.352051,759.274414,0.000000,0.000000,0.000000,0.000000,0.000000,0.000000,0.000000,0.000000,0.000000
670,11.166667,48.411377,0.000141,-130.518433,6.879933,-0.000043,-18.728397,-0.351876,0.000064,19.952000,5985.179,1,0.000000,4,3,31.488476,1,0,0,0.002876,0.999993,-0.002384,0.938724,-0.001878,0.344664,0.001252,-0.003750,0.000000,0.000000,0.000000,1,0.005127,30196.503906,-49.259144,-1947.180664,0.000104,0.004127,33.622322,1,0.009149,30901.214844,-50.408382,-1933.532593,0.000107,0.004098,33.517506,1,-0.018411,18238.976562,-40.726383,5373.590332,0.000126,-0.016684,31.489380,1,-0.014854,18664.412109,-41.676094,5467.258301,0.000129,-0.016974,31.487572,1958.953613,98001.109375,-5864.020996,-263.382812,-24.913574,729.625000,0.000000,0.000000,0.000000,0.000000,0.000000,0.000000,0.000000,0.000000,0.000000
671,11.183333,48.526123,0.000141,-130.830933,6.886463,-0.000040,-18.747944,-0.351874,0.000060,19.972595,5991.159,1,0.000000,4,3,31.519773,1,0,0,0.002922,0.999993,-0.002370,0.938724,-0.001926,0.344663,0.000889,-0.002760,0.000000,0.000000,0.000000,1,0.005081,30204.546875,-48.421535,-1940.161377,0.000103,0.004112,33.657337,1,0.009207,30894.800781,-49.549896,-1925.735229,0.000105,0.004081,33.552380,1,-0.018465,18242.748047,-39.411770,5358.941895,0.000122,-0.016638,31.520878,1,-0.014816,18659.433594,-40.311752,5443.638672,0.000125,-0.016901,31.518669,1954.437744,98001.593750,-5838.979492,-255.445312,-23.578613,704.468750,0.000000,0.000000,0.000000,0.000000,0.000000,0.000000,0.000000,0.000000,0.000000
672,11.200000,48.640991,0.000140,-131.143677,6.892978,-0.000036,-18.767406,-0.351873,0.000056,19.993111,5997.113,1,0.000000,4,3,31.550936,1,0,0,0.002952,0.999993,-0.002361,0.938725,-0.001957,0.344662,0.000539,-0.001803,0.000000,0.000000,0.000000,1,0.005053,30214.679688,-47.307861,-1932.874512,0.000100,0.004096,33.692219,1,0.009246,30886.056641,-48.380852,-1917.904907,0.000103,0.004065,33.587109,1,-0.018503,18247.548828,-37.952484,5344.270996,0.000118,-0.016593,31.552221,1,-0.014795,18652.671875,-38.794888,5419.711914,0.000120,-0.016827,31.549650,1950.743286,98000.921875,-5813.610352,-239.906250,-25.687012,665.208008,0.000000,0.000000,0.000000,0.000000,0.000000,0.000000,0.000000,0.000000,0.000000
673,11.216666,48.756104,0.000139,-131.456787,6.899481,-0.000034,-18.786785,-0.351872,0.000051,20.013542,6003.043,1,0.000000,4,3,31.581970,1,0,0,0.002967,0.999993,-0.002357,0.938725,-0.001973,0.344662,0.000209,-0.000901,0.000000,0.000000,0.000000,1,0.005042,30226.792969,-45.659157,-1925.815186,0.000097,0.004081,33.726963,1,0.009268,30875.835938,-46.639317,-1910.267090,0.000099,0.004048,33.621689,1,-0.018526,18253.423828,-36.075443,5329.725586,0.000112,-0.016547,31.583420,1,-0.014789,18645.324219,-36.837120,5396.020020,0.000114,-0.016753,31.580521,1948.875732,98001.414062,-5787.513184,-226.328125,-26.037598,614.658203,0.000000,0.000000,0.000000,0.000000,0.000000,0.000000,0.000000,0.000000,0.000000
674,11.233334,48.871216,0.000139,-131.770264,6.905977,-0.000030,-18.806076,-0.351872,0.000046,20.033892,6008.948,1,0.000000,4,3,31.612873,1,0,0,0.002968,0.999993,-0.002359,0.938725,-0.001973,0.344661,-0.000098,-0.000065,0.000000,0.000000,0.000000,1,0.005048,30240.113281,-43.323872,-1918.345215,0.000092,0.004065,33.761578,1,0.009274,30864.109375,-44.217625,-1902.562500,0.000094,0.004032,33.656124,1,-0.018534,18260.132812,-33.731056,5315.140625,0.000105,-0.016502,31.614468,1,-0.014797,18636.792969,-34.426689,5372.391113,0.000107,-0.016680,31.611279,1949.328613,98001.140625,-5761.102539,-210.570312,-24.724609,575.844727,0.000000,0.000000,0.000000,0.000000,0.000000,0.000000,0.000000,0.000000,0.000000
675,11.250000,48.986328,0.000138,-132.083984,6.912475,-0.000028,-18.825279,-0.351871,0.000041,20.054155,6014.828,1,0.000000,4,3,31.643646,1,0,0,0.002956,0.999993,-0.002365,0.938725,-0.001960,0.344660,-0.000385,0.000717,0.000000,0.000000,0.000000,1,0.005068,30254.763672,-41.014751,-1911.227295,0.000087,0.004050,33.796051,1,0.009265,30850.921875,-41.822750,-1894.966675,0.000089,0.004016,33.690414,1,-0.018530,18267.724609,-31.453306,5300.483398,0.000098,-0.016457,31.645363,1,-0.014818,18627.662109,-32.085579,5349.087891,0.000100,-0.016608,31.641930,1949.534058,98001.062500,-5734.566406,-197.570312,-23.466309,540.111328,0.000000,0.000000,0.000000,0.000000,0.000000,0.000000,0.000000,0.000000,0.000000
676,11.266666,49.101685,0.000138,-132.398071,6.918973,-0.000025,-18.844395,-0.351871,0.000036,20.074339,6020.683,1,0.000000,4,3,31.674288,1,0,0,0.002932,0.999993,-0.002376,0.938726,-0.001933,0.344660,-0.000654,0.001451,0.000000,0.000000,0.000000,1,0.005102,30270.921875,-38.753212,-1904.051636,0.000082,0.004035,33.830391,1,0.009243,30836.751953,-39.477448,-1887.507935,0.000084,0.004000,33.724564,1,-0.018513,18276.189453,-29.266529,5285.840820,0.000091,-0.016411,31.676107,1,-0.014851,18617.605469,-29.813150,5325.689941,0.000093,-0.016535,31.672468,1949.444214,98001.515625,-5707.974121,-181.437500,-21.733887,492.293945,0.000000,0.000000,0.000000,0.000000,0.000000,0.000000,0.000000,0.000000,0.000000
677,11.283334,49.217163,0.000138,-132.712402,6.925472,-0.000021,-18.863420,-0.351870,0.000032,20.094440,6026.512,1,0.000000,4,3,31.704800,1,0,0,0.002896,0.999993,-0.002391,0.938726,-0.001895,0.344659,-0.000900,0.002120,0.000000,0.000000,0.000000,1,0.005148,30287.701172,-36.128307,-1896.677490,0.000077,0.004020,33.864594,1,0.009207,30821.230469,-36.764587,-1879.907715,0.000078,0.003984,33.758572,1,-0.018485,18284.921875,-26.921473,5271.080566,0.000084,-0.016365,31.706705,1,-0.014896,18606.988281,-27.395576,5302.630371,0.000085,-0.016463,31.702894,1950.519897,98000.781250,-5681.556641,-162.890625,-23.097656,437.368164,0.000000,0.000000,0.000000,0.000000,0.000000,0.000000,0.000000,0.000000,0.000000
678,11.300000,49.332764,0.000137,-133.027100,6.931973,-0.000019,-18.882359,-0.351870,0.000027,20.114458,6032.318,1,0.000000,4,3,31.735182,1,0,0,0.002851,0.999993,-0.002410,0.938726,-0.001846,0.344659,-0.001119,0.002715,0.000000,0.000000,0.000000,1,0.005207,30305.541016,-33.140728,-1889.383789,0.000070,0.004004,33.898659,1,0.009161,30805.695312,-33.709476,-1872.504150,0.000071,0.003968,33.792435,1,-0.018447,18294.298828,-24.257706,5256.171387,0.000075,-0.016319,31.737156,1,-0.014950,18596.148438,-24.657888,5279.817871,0.000077,-0.016393,31.733208,1952.796265,98001.765625,-5654.512695,-140.960938,-22.179199,386.708008,0.000000,0.000000,0.000000,0.000000,0.000000,0.000000,0.000000,0.000000,0.000000
679,11.316667,49.448486,0.000137,-133.342163,6.938483,-0.000014,-18.901207,-0.351870,0.000022,20.134394,6038.099,1,0.000000,4,3,31.765434,1,0,0,0.002797,0.999993,-0.002432,0.938726,-0.001788,0.344658,-0.001312,0.003241,0.000000,0.000000,0.000000,1,0.005275,30323.314453,-30.026320,-1882.182739,0.000064,0.003989,33.932587,1,0.009104,30789.216797,-30.465721,-1865.240479,0.000065,0.003953,33.826157,1,-0.018400,18303.562500,-21.522089,5240.941406,0.000067,-0.016272,31.767460,1,-0.015014,18584.771484,-21.852701,5257.022949,0.000068,-0.016322,31.763409,1955.315796,98000.804688,-5626.814453,-128.617188,-20.760254,341.566406,0.000000,0.000000,0.000000,0.000000,0.000000,0.000000,0.000000,0.000000,0.000000
680,11.333333,49.564209,0.000137,-133.657471,6.945001,-0.000012,-18.919964,-0.351870,0.000018,20.154251,6043.854,1,0.000000,4,3,31.795561,1,0,0,0.002735,0.999993,-0.002456,0.938727,-0.001721,0.344658,-0.001483,0.003706,0.000000,0.000000,0.000000,1,0.005352,30341.521484,-27.043970,-1874.938110,0.000057,0.003973,33.966381,1,0.009039,30772.566406,-27.471788,-1857.737183,0.000058,0.003937,33.859745,1,-0.018346,18313.218750,-18.925648,5225.718262,0.000059,-0.016225,31.797623,1,-0.015086,18573.386719,-19.194487,5234.723145,0.000060,-0.016253,31.793499,1957.479736,98000.617188,-5600.087891,-107.023438,-19.558594,279.772461,0.000000,0.000000,0.000000,0.000000,0.000000,0.000000,0.000000,0.000000,0.000000
681,11.350000,49.679932,0.000137,-133.973145,6.951526,-0.000011,-18.938631,-0.351870,0.000013,20.174023,6049.586,1,0.000000,4,3,31.825560,1,0,0,0.002667,0.999993,-0.002483,0.938727,-0.001648,0.344658,-0.001625,0.004088,0.000000,0.000000,0.000000,1,0.005436,30359.781250,-23.633535,-1867.458008,0.000050,0.003958,34.000038,1,0.008966,30756.072266,-23.920197,-1850.524780,0.000051,0.003922,33.893188,1,-0.018285,18322.892578,-16.084169,5210.350586,0.000050,-0.016177,31.827642,1,-0.015164,18562.138672,-16.294163,5212.723145,0.000051,-0.016184,31.823477,1961.061157,98000.851562,-5572.952637,-86.906250,-16.492188,249.449219,0.000000,0.000000,0.000000,0.000000,0.000000,0.000000,0.000000,0.000000,0.000000
682,11.366667,49.795898,0.000137,-134.289062,6.958063,-0.000009,-18.957207,-0.351870,0.000009,20.193710,6055.294,1,0.000000,4,3,31.855429,1,0,0,0.002594,0.999993,-0.002513,0.938727,-0.001569,0.344658,-0.001747,0.004425,0.000000,0.000000,0.000000,1,0.005526,30378.234375,-20.828127,-1860.254150,0.000044,0.003942,34.033554,1,0.008887,30739.400391,-21.075731,-1843.411865,0.000045,0.003907,33.926498,1,-0.018219,18332.613281,-13.752241,5194.658691,0.000043,-0.016128,31.857517,1,-0.015247,18550.636719,-13.903268,5190.911133,0.000043,-0.016116,31.853340,1962.278564,98000.851562,-5546.146484,-69.218750,-16.526367,199.283203,0.000000,0.000000,0.000000,0.000000,0.000000,0.000000,0.000000,0.000000,0.000000
683,11.383333,49.911987,0.000136,-134.605347,6.964603,-0.000006,-18.975695,-0.351870,0.000005,20.213324,6060.978,1,0.000000,4,3,31.885172,1,0,0,0.002515,0.999994,-0.002543,0.938727,-0.001485,0.344658,-0.001845,0.004694,0.000000,0.000000,0.000000,1,0.005622,30396.294922,-17.787954,-1852.871216,0.000038,0.003927,34.066936,1,0.008802,30722.691406,-17.957212,-1836.152588,0.000038,0.003891,33.959675,1,-0.018148,18342.210938,-11.249242,5178.826172,0.000035,-0.016079,31.887255,1,-0.015335,18539.324219,-11.357631,5169.412109,0.000035,-0.016050,31.883089,1964.451904,98000.437500,-5519.523438,-51.218750,-16.045410,146.540039,0.000000,0.000000,0.000000,0.000000,0.000000,0.000000,0.000000,0.000000,0.000000
684,11.400000,50.028076,0.000136,-134.921997,6.971152,-0.000005,-18.994093,-0.351870,0.000001,20.232849,6066.636,1,0.000000,4,3,31.914789,1,0,0,0.002434,0.999994,-0.002575,0.938727,-0.001397,0.344658,-0.001917,0.004893,0.000000,0.000000,0.000000,1,0.005721,30413.972656,-14.599328,-1845.478271,0.000031,0.003911,34.100178,1,0.008714,30706.759766,-14.739868,-1828.880615,0.000031,0.003876,33.992714,1,-0.018073,18351.654297,-8.661868,5162.891113,0.000027,-0.016029,31.916855,1,-0.015427,18528.394531,-8.732813,5148.275879,0.000027,-0.015984,31.912724,1967.109131,98000.750000,-5493.029297,-42.210938,-11.934082,111.329102,0.000000,0.000000,0.000000,0.000000,0.000000,0.000000,0.000000,0.000000,0.000000
685,11.416667,50.144409,0.000136,-135.238892,6.977709,-0.000003,-19.012403,-0.351870,-0.000002,20.252296,6072.272,1,0.000000,4,3,31.944279,1,0,0,0.002350,0.999994,-0.002608,0.938727,-0.001307,0.344658,-0.001973,0.005044,0.000000,0.000000,0.000000,1,0.005823,30431.207031,-11.778248,-1838.238403,0.000025,0.003896,34.133282,1,0.008623,30691.066406,-11.900502,-1821.817139,0.000025,0.003861,34.025616,1,-0.017996,18360.693359,-6.447142,5146.597168,0.000020,-0.015979,31.946316,1,-0.015520,18517.521484,-6.514668,5127.412109,0.000020,-0.015919,31.942242,1968.181152,98000.421875,-5466.645508,-22.054688,-11.790527,68.198242,0.000000,0.000000,0.000000,0.000000,0.000000,0.000000,0.000000,0.000000,0.000000
686,11.433333,50.260864,0.000136,-135.556030,6.984270,-0.000002,-19.030626,-0.351871,-0.000005,20.271664,6077.882,1,0.000000,4,3,31.973644,1,0,0,0.002264,0.999994,-0.002642,0.938727,-0.001215,0.344658,-0.002006,0.005136,0.000000,0.000000,0.000000,1,0.005927,30447.839844,-8.937663,-1830.974976,0.000019,0.003880,34.166248,1,0.008530,30675.845703,-9.004598,-1814.806274,0.000019,0.003846,34.058384,1,-0.017917,18369.513672,-4.234389,5130.136719,0.000013,-0.015928,31.975641,1,-0.015616,18507.150391,-4.266118,5106.848145,0.000013,-0.015855,31.971647,1969.387817,98000.265625,-5440.329102,-14.179688,-12.261230,18.451172,0.000000,0.000000,0.000000,0.000000,0.000000,0.000000,0.000000,0.000000,0.000000
687,11.450000,50.377319,0.000136,-135.873535,6.990834,-0.000001,-19.048761,-0.351871,-0.000008,20.290951,6083.469,1,0.000000,4,3,32.002884,1,0,0,0.002178,0.999994,-0.002675,0.938728,-0.001123,0.344658,-0.002018,0.005164,0.000000,0.000000,0.000000,1,0.006032,30463.708984,-6.013269,-1823.678833,0.000013,0.003865,34.199078,1,0.008436,30661.798828,-6.030762,-1807.636108,0.000013,0.003831,34.091019,1,-0.017838,18377.509766,-1.887865,5113.434082,0.000006,-0.015876,32.004833,1,-0.015712,18496.941406,-1.900135,5086.674805,0.000006,-0.015793,32.000935,1971.100586,97999.828125,-5414.195312,6.835938,-9.022461,-3.497070,0.000000,0.000000,0.000000,0.000000,0.000000,0.000000,0.000000,0.000000,0.000000
688,11.466666,50.494019,0.000136,-136.191284,6.997405,-0.000002,-19.066809,-0.351872,-0.000011,20.310156,6089.033,1,0.000000,4,3,32.031998,1,0,0,0.002092,0.999994,-0.002709,0.938728,-0.001030,0.344658,-0.002014,0.005157,0.000000,0.000000,0.000000,1,0.006136,30479.109375,-3.584965,-1816.368286,0.000008,0.003849,34.231770,1,0.008343,30648.035156,-3.626423,-1800.674927,0.000008,0.003816,34.123520,1,-0.017760,18385.517578,-0.024666,5096.584473,0.000000,-0.015824,32.033890,1,-0.015808,18487.550781,-0.024803,5066.837891,0.000000,-0.015731,32.030106,1970.897339,98000.148438,-5388.763184,24.250000,-7.212402,-45.922852,0.000000,0.000000,0.000000,0.000000,0.000000,0.000000,0.000000,0.000000,0.000000
689,11.483334,50.610840,0.000136,-136.509399,7.003974,-0.000001,-19.084772,-0.351872,-0.000013,20.329283,6094.572,1,0.000000,4,3,32.060989,1,0,0,0.002007,0.999994,-0.002742,0.938728,-0.000939,0.344659,-0.001989,0.005092,0.000000,0.000000,0.000000,1,0.006239,30492.939453,-0.944098,-1809.144775,0.000002,0.003834,34.264324,1,0.008251,30635.277344,-0.948506,-1793.712158,0.000002,0.003801,34.155888,1,-0.017682,18392.849609,1.058018,5079.488770,-0.000001,-0.015771,32.062820,1,-0.015903,18478.667969,1.064777,5047.249023,-0.000001,-0.015670,32.059158,1969.652710,97999.601562,-5363.630371,23.796875,-13.629395,-77.502930,0.000000,0.000000,0.000000,0.000000,0.000000,0.000000,0.000000,0.000000,0.000000
690,11.500000,50.727661,0.000136,-136.827759,7.010540,-0.000002,-19.102652,-0.351873,-0.000017,20.348331,6100.089,1,0.000000,4,3,32.089855,1,0,0,0.001924,0.999994,-0.002774,0.938728,-0.000850,0.344659,-0.001952,0.004988,0.000000,0.000000,0.000000,1,0.006340,30506.525391,-0.307613,-1801.920532,0.000002,0.003819,34.296745,1,0.008161,30623.910156,-0.301918,-1786.686035,0.000002,0.003786,34.188126,1,-0.017605,18399.550781,2.646018,5062.162109,-0.000004,-0.015717,32.091618,1,-0.015996,18470.287109,2.655337,5028.045898,-0.000004,-0.015611,32.088093,1965.640503,98000.242188,-5339.752930,46.414062,-4.581055,-118.041016,0.000000,0.000000,0.000000,0.000000,0.000000,0.000000,0.000000,0.000000,0.000000
691,11.516666,50.844604,0.000136,-137.146484,7.017092,-0.000002,-19.120451,-0.351873,-0.000019,20.367296,6105.581,1,0.000000,4,3,32.118599,1,0,0,0.001844,0.999994,-0.002806,0.938728,-0.000764,0.344659,-0.001892,0.004827,0.000000,0.000000,0.000000,1,0.006438,30518.523438,1.575420,-1794.450439,-0.000000,0.003803,34.329029,1,0.008074,30613.119141,1.564659,-1779.883667,-0.000000,0.003772,34.220230,1,-0.017532,18405.384766,4.791523,5044.679199,-0.000008,-0.015662,32.120293,1,-0.016086,18462.621094,4.789610,5009.096191,-0.000008,-0.015552,32.116905,1965.020020,97999.531250,-5314.760742,51.265625,3.236328,-137.923828,0.000000,0.000000,0.000000,0.000000,0.000000,0.000000,0.000000,0.000000,0.000000
692,11.533334,50.961670,0.000136,-137.465454,7.023642,-0.000003,-19.138166,-0.351874,-0.000019,20.386185,6111.050,1,0.000000,4,3,32.147217,1,0,0,0.001766,0.999994,-0.002836,0.938728,-0.000681,0.344660,-0.001823,0.004639,0.000000,0.000000,0.000000,1,0.006532,30529.503906,3.908066,-1787.102173,-0.000003,0.003787,34.361172,1,0.007990,30603.832031,3.893554,-1772.855591,-0.000003,0.003757,34.252209,1,-0.017462,18410.777344,7.096698,5027.067383,-0.000013,-0.015608,32.148834,1,-0.016173,18455.599609,7.092225,4990.381348,-0.000013,-0.015494,32.145599,1965.636353,97999.625000,-5289.544922,49.062500,11.129395,-156.877930,0.000000,0.000000,0.000000,0.000000,0.000000,0.000000,0.000000,0.000000,0.000000
693,11.550000,51.078735,0.000136,-137.784668,7.030194,-0.000004,-19.155798,-0.351874,-0.000016,20.404991,6116.495,1,0.000000,4,3,32.175713,1,0,0,0.001693,0.999994,-0.002865,0.938727,-0.000601,0.344660,-0.001748,0.004429,0.000000,0.000000,0.000000,1,0.006623,30539.714844,6.509087,-1779.640991,-0.000007,0.003771,34.393177,1,0.007911,30595.109375,6.490825,-1766.132690,-0.000007,0.003743,34.284054,1,-0.017395,18415.552734,9.324005,5009.416504,-0.000019,-0.015553,32.177254,1,-0.016256,18449.056641,9.316973,4971.852051,-0.000019,-0.015436,32.174171,1966.594604,97999.312500,-5264.159180,60.156250,16.681641,-170.970703,0.000000,0.000000,0.000000,0.000000,0.000000,0.000000,0.000000,0.000000,0.000000
694,11.566667,51.196045,0.000136,-138.104248,7.036749,-0.000006,-19.173346,-0.351875,-0.000012,20.423725,6121.916,2,0.000000,4,4,36.730442,1,0,0,0.001623,0.999994,-0.002893,0.938727,-0.000526,0.344660,-0.001663,0.004197,0.000000,0.000000,0.000000,1,0.006709,30549.009766,9.212864,-1772.475952,-0.000012,0.003756,34.425041,1,0.007836,30587.730469,9.190853,-1759.507812,-0.000012,0.003729,34.315773,1,-0.017333,18419.662109,8.400984,36839.320312,-0.000025,-0.067213,36.732109,1,-0.016336,18442.937500,8.415999,36885.871094,-0.000025,-0.067061,36.728775,23944.171875,97999.218750,-65112.640625,31747.968750,-75.128906,11436.140625,0.000000,0.000000,0.000000,0.000000,0.000000,0.000000,0.000000,0.000000,0.000000
695,11.583333,51.314697,0.000130,-138.427368,7.116563,-0.000340,-19.390388,-0.351876,-0.000035,20.654987,6121.916,2,0.000000,4,4,35.525490,1,0,0,0.001506,0.999995,-0.002781,0.938727,-0.000455,0.344660,0.006720,0.006976,0.000000,0.000000,0.000000,1,0.006393,30184.550781,10.922014,-7220.790039,-0.000016,0.008042,34.456772,1,0.007369,30208.812500,10.916459,-7199.860840,-0.000016,0.008008,34.347366,1,-0.016588,18862.990234,11.208313,37725.980469,-0.000034,-0.102080,35.527203,1,-0.015725,18877.568359,11.230386,37755.132812,-0.000034,-0.101892,35.523781,20798.585938,98154.968750,-56518.875000,20594.304688,-38.082031,7316.257324,0.000000,0.000000,0.000000,0.000000,0.000000,0.000000,0.000000,0.000000,0.000000
696,11.600000,51.434448,0.000128,-138.753784,7.185892,-0.000116,-19.578785,-0.351877,-0.000046,20.855749,5994.197,2,0.000000,4,4,34.291870,1,0,0,0.001362,0.999996,-0.002578,0.938727,-0.000390,0.344661,0.012196,0.008653,0.000000,0.000000,0.000000,1,0.005808,29884.742188,12.906942,-11877.926758,-0.000020,0.014401,34.590916,1,0.006643,29897.234375,12.895033,-11847.617188,-0.000020,0.014355,34.481552,1,-0.015411,19214.925781,19.411011,23465.560547,-0.000043,-0.072855,34.293583,1,-0.014672,19222.457031,19.405756,23440.222656,-0.000043,-0.072776,34.290157,7756.247559,98250.515625,-20937.324219,-3426.375000,70.876953,-1492.263672,0.000000,0.000000,0.000000,0.000000,0.000000,0.000000,0.000000,0.000000,0.000000
697,11.616667,51.554565,0.000139,-139.081177,7.211746,0.000632,-19.648577,-0.351877,-0.000027,20.930183,5847.004,2,0.000000,4,4,33.524788,1,0,0,0.001228,0.999996,-0.002388,0.938727,-0.000330,0.344661,0.011385,0.008038,0.000000,0.000000,0.000000,1,0.005249,29823.148438,10.981894,-13662.630859,-0.000023,0.019803,34.812603,1,0.005955,29825.076172,11.003011,-13617.080078,-0.000023,0.019739,34.703384,1,-0.014327,19274.097656,11.963763,12744.705078,-0.000037,-0.039569,33.526409,1,-0.013702,19275.285156,11.964531,12701.909180,-0.000037,-0.039436,33.523167,-884.546387,98220.429688,2542.649414,-16551.015625,74.887695,-6334.496094,0.000000,0.000000,0.000000,0.000000,0.000000,0.000000,0.000000,0.000000,0.000000
698,11.633333,51.674805,0.000163,-139.408447,7.208798,0.001431,-19.640100,-0.351878,-0.000006,20.921217,5691.384,2,0.000000,4,4,33.108059,1,0,0,0.001126,0.999997,-0.002269,0.938727,-0.000275,0.344662,0.007149,0.006132,0.000000,0.000000,0.000000,1,0.004882,29921.111328,18.064056,-6595.451660,-0.000029,0.013977,35.067841,1,0.005471,29914.951172,18.095276,-6533.610840,-0.000029,0.013846,34.958584,1,-0.013618,19142.531250,9.907291,6909.806152,-0.000031,-0.021453,33.109570,1,-0.013098,19138.794922,9.905363,6862.962891,-0.000031,-0.021308,33.106548,-21.197754,98123.992188,220.380859,-13163.742188,18.059570,-5089.668945,0.000000,0.000000,0.000000,0.000000,0.000000,0.000000,0.000000,0.000000,0.000000
699,11.650000,51.795044,0.000195,-139.735840,7.208727,0.001921,-19.639366,-0.351878,-0.000001,20.920507,5534.716,2,0.000000,4,4,32.881924,1,0,0,0.001050,0.999997,-0.002206,0.938727,-0.000225,0.344662,0.003798,0.004553,0.000000,0.000000,0.000000,1,0.004668,30011.373047,14.402596,-3622.318604,-0.000031,0.007677,35.190231,1,0.005152,29998.849609,14.355578,-3566.710938,-0.000030,0.007559,35.080204,1,-0.013207,19022.964844,8.942560,3433.581787,-0.000028,-0.010660,32.883327,1,-0.012780,19015.333984,8.951355,3387.739014,-0.000028,-0.010518,32.880520,-378.529663,98043.234375,1166.553955,-11763.562500,24.130371,-4600.760742,0.000000,0.000000,0.000000,0.000000,0.000000,0.000000,0.000000,0.000000,0.000000
700,11.666667,51.915161,0.000231,-140.063110,7.207466,0.002168,-19.635477,-0.351878,0.000005,20.916420,5378.992,2,0.000000,4,4,32.769279,1,0,0,0.000999,0.999997,-0.002192,0.938727,-0.000182,0.344661,0.000821,0.003077,0.000000,0.000000,0.000000,1,0.004596,30111.666016,16.534201,-1757.002441,-0.000035,0.003724,35.256733,1,0.004986,30095.505859,16.525318,-1716.378418,-0.000035,0.003637,35.145878,1,-0.013061,18894.726562,8.958586,1758.327148,-0.000028,-0.005459,32.770580,1,-0.012716,18885.074219,8.966304,1715.186523,-0.000028,-0.005325,32.767979,-247.572327,97972.828125,822.427246,-9612.226562,-3.491577,-3812.710938,0.000000,0.000000,0.000000,0.000000,0.000000,0.000000,0.000000,0.000000,0.000000
701,11.683333,52.035156,0.000267,-140.390259,7.206640,0.002193,-19.632736,-0.351878,0.000003,20.913563,5225.072,2,0.000000,4,4,32.711296,1,0,0,0.000969,0.999997,-0.002219,0.938727,-0.000145,0.344661,-0.001594,0.001806,0.000000,0.000000,0.000000,1,0.004639,30210.041016,17.294043,-788.271606,-0.000037,0.001671,35.288174,1,0.004949,30192.464844,17.263329,-761.416565,-0.000037,0.001614,35.176659,1,-0.013130,18772.009766,9.623654,918.487183,-0.000030,-0.002852,32.712502,1,-0.012856,18761.271484,9.630364,878.693970,-0.000030,-0.002728,32.710091,-159.588928,97915.812500,590.975647,-7646.789062,-14.362427,-3063.031250,0.000000,0.000000,0.000000,0.000000,0.000000,0.000000,0.000000,0.000000,0.000000
702,11.700000,52.155273,0.000301,-140.717407,7.206108,0.002035,-19.630766,-0.351878,-0.000002,20.911526,5072.395,2,0.000000,4,4,32.680679,1,0,0,0.000956,0.999997,-0.002277,0.938727,-0.000113,0.344661,-0.003504,0.000757,0.000000,0.000000,0.000000,1,0.004778,30305.748047,16.501604,-316.193024,-0.000035,0.000670,35.301403,1,0.005019,30287.119141,16.491463,-299.492859,-0.000035,0.000635,35.189430,1,-0.013367,18656.966797,9.967219,496.440094,-0.000031,-0.001541,32.681797,1,-0.013153,18645.734375,9.949071,460.026398,-0.000031,-0.001428,32.679562,-128.232468,97872.398438,502.934052,-5887.179688,-15.154510,-2416.712891,0.000000,0.000000,0.000000,0.000000,0.000000,0.000000,0.000000,0.000000,0.000000
703,11.716666,52.275391,0.000330,-141.044678,7.205681,0.001736,-19.629089,-0.351878,-0.000006,20.909803,4920.529,2,0.000000,4,4,32.663788,1,0,0,0.000958,0.999997,-0.002360,0.938727,-0.000086,0.344662,-0.004955,-0.000123,0.000000,0.000000,0.000000,1,0.004991,30396.455078,15.866879,-91.950783,-0.000034,0.000195,35.305759,1,0.005176,30378.798828,15.878454,-82.264435,-0.000034,0.000174,35.193489,1,-0.013732,18550.751953,10.443516,285.167877,-0.000032,-0.000885,32.664829,1,-0.013569,18540.146484,10.449630,251.636887,-0.000032,-0.000781,32.662746,-120.928154,97842.000000,482.233093,-4320.890625,-12.210754,-1835.650391,0.000000,0.000000,0.000000,0.000000,0.000000,0.000000,0.000000,0.000000,0.000000
704,11.733334,52.395508,0.000352,-141.371704,7.205278,0.001334,-19.627481,-0.351878,-0.000011,20.908150,4769.156,2,0.000000,4,4,32.653748,1,0,0,0.000972,0.999996,-0.002460,0.938727,-0.000065,0.344662,-0.005998,-0.000845,0.000000,0.000000,0.000000,1,0.005261,30481.527344,15.287424,-86.293129,-0.000032,0.000190,35.305901,1,0.005401,30466.023438,15.279665,-73.899200,-0.000032,0.000168,35.193455,1,-0.014191,18454.367188,10.763170,178.597366,-0.000033,-0.000555,32.654716,1,-0.014068,18444.833984,10.781659,147.800766,-0.000033,-0.000459,32.652779,-189.068466,97823.351562,666.272766,-3024.914062,-0.094604,-1351.014648,0.000000,0.000000,0.000000,0.000000,0.000000,0.000000,0.000000,0.000000,0.000000
705,11.750000,52.515747,0.000367,-141.698853,7.204648,0.000866,-19.625261,-0.351878,-0.000011,20.905846,4618.057,2,0.000000,4,4,32.647144,1,0,0,0.000996,0.999996,-0.002571,0.938727,-0.000049,0.344662,-0.006705,-0.001431,0.000000,0.000000,0.000000,1,0.005574,30560.470703,14.910825,-25.353565,-0.000032,0.000140,35.305935,1,0.005678,30548.546875,14.905024,-14.783451,-0.000032,0.000117,35.193260,1,-0.014714,18367.111328,10.617936,139.885010,-0.000033,-0.000434,32.648048,1,-0.014621,18360.068359,10.601911,111.399048,-0.000033,-0.000346,32.646240,-174.530823,97814.828125,623.534790,-1766.414062,0.546768,-899.333008,0.000000,0.000000,0.000000,0.000000,0.000000,0.000000,0.000000,0.000000,0.000000
706,11.766666,52.635742,0.000373,-142.025879,7.204066,0.000360,-19.623182,-0.351879,-0.000012,20.903688,4467.098,2,0.000000,4,4,32.641766,1,0,0,0.001028,0.999996,-0.002689,0.938727,-0.000038,0.344662,-0.007080,-0.001910,0.000000,0.000000,0.000000,1,0.005912,30631.111328,15.009909,36.048504,-0.000032,0.000059,35.304825,1,0.005993,30624.947266,14.985951,44.027676,-0.000032,0.000039,35.191952,1,-0.015273,18291.273438,10.718380,112.803978,-0.000033,-0.000350,32.642605,1,-0.015201,18287.447266,10.716151,86.542534,-0.000033,-0.000269,32.640926,-150.573914,97816.562500,559.410400,-660.304688,0.193146,-478.333984,0.000000,0.000000,0.000000,0.000000,0.000000,0.000000,0.000000,0.000000,0.000000
707,11.783334,52.755737,0.000370,-142.352905,7.203564,-0.000152,-19.621317,-0.351879,-0.000012,20.901758,4316.150,2,0.000000,4,4,32.637238,1,0,0,0.001066,0.999996,-0.002809,0.938727,-0.000032,0.344662,-0.007171,-0.002264,0.000000,0.000000,0.000000,1,0.006263,30693.085938,14.579613,88.603958,-0.000031,-0.000032,35.302559,1,0.006332,30693.376953,14.579769,93.572525,-0.000031,-0.000049,35.189533,1,-0.015844,18227.296875,10.539357,90.064095,-0.000033,-0.000280,32.638023,1,-0.015783,18227.441406,10.551333,65.564621,-0.000033,-0.000204,32.636452,-131.511810,97826.867188,504.047638,251.648438,-0.805595,-123.964844,0.000000,0.000000,0.000000,0.000000,0.000000,0.000000,0.000000,0.000000,0.000000
708,11.800000,52.875732,0.000360,-142.679810,7.203125,-0.000645,-19.619637,-0.351879,-0.000013,20.900024,4165.205,2,0.000000,4,4,32.633423,1,0,0,0.001107,0.999995,-0.002926,0.938727,-0.000031,0.344662,-0.007030,-0.002506,0.000000,0.000000,0.000000,1,0.006615,30745.656250,13.742976,127.100601,-0.000029,-0.000120,35.299305,1,0.006682,30753.613281,13.725504,129.035965,-0.000029,-0.000132,35.186180,1,-0.016407,18174.558594,10.189828,70.635872,-0.000032,-0.000219,32.634159,1,-0.016348,18179.394531,10.180702,47.868889,-0.000032,-0.000149,32.632687,-121.036644,97843.054688,468.502228,984.546875,-1.245674,155.046875,0.000000,0.000000,0.000000,0.000000,0.000000,0.000000,0.000000,0.000000,0.000000
709,11.816667,52.995728,0.000341,-143.006714,7.202722,-0.001099,-19.618074,-0.351879,-0.000014,20.898411,4014.267,2,0.000000,4,4,32.630215,1,0,0,0.001152,0.999995,-0.003038,0.938727,-0.000034,0.344663,-0.006700,-0.002666,0.000000,0.000000,0.000000,1,0.006958,30789.507812,12.899449,149.910583,-0.000027,-0.000194,35.295330,1,0.007032,30805.730469,12.948438,148.898499,-0.000027,-0.000200,35.182159,1,-0.016948,18132.572266,9.871473,55.168427,-0.000031,-0.000171,32.630898,1,-0.016883,18142.322266,9.876792,34.107677,-0.000031,-0.000106,32.629532,-118.469086,97864.234375,454.983063,1548.031250,-1.233688,388.618164,0.000000,0.000000,0.000000,0.000000,0.000000,0.000000,0.000000,0.000000,0.000000
710,11.833333,53.115723,0.000316,-143.333740,7.202327,-0.001500,-19.616558,-0.351879,-0.000015,20.896845,3863.341,2,0.000000,4,4,32.627483,1,0,0,0.001197,0.999994,-0.003141,0.938726,-0.000041,0.344663,-0.006233,-0.002739,0.000000,0.000000,0.000000,1,0.007286,30824.818359,11.691187,157.571854,-0.000025,-0.000246,35.290924,1,0.007374,30849.765625,11.700668,154.110153,-0.000025,-0.000247,35.177765,1,-0.017453,18100.617188,9.347250,44.129185,-0.000029,-0.000137,32.628120,1,-0.017375,18115.703125,9.343243,24.707954,-0.000029,-0.000077,32.626846,-124.336975,97889.218750,460.752167,1932.296875,-0.472702,544.966797,0.000000,0.000000,0.000000,0.000000,0.000000,0.000000,0.000000,0.000000,0.000000
711,11.850000,53.235840,0.000286,-143.660645,7.201913,-0.001834,-19.615023,-0.351880,-0.000016,20.895254,3863.018,2,0.000000,4,4,32.863346,1,0,0,0.001243,0.999994,-0.003236,0.938726,-0.000052,0.344663,-0.005670,-0.002756,0.000000,0.000000,0.000000,1,0.007591,30852.236328,10.561741,76.939445,-0.000022,-0.000163,35.286373,1,0.007702,30886.562500,10.573509,64.263649,-0.000022,-0.000136,35.173271,1,-0.017917,18076.925781,8.828773,2272.940186,-0.000027,-0.002706,32.863945,1,-0.017818,18097.632812,8.850700,2242.843994,-0.000027,-0.002633,32.862747,1346.575928,97915.484375,-3554.932129,4353.710938,-28.267334,1431.876953,0.000000,0.000000,0.000000,0.000000,0.000000,0.000000,0.000000,0.000000,0.000000
712,11.866667,53.355957,0.000250,-143.987793,7.206401,-0.002118,-19.626873,-0.351880,-0.000025,20.907921,3890.943,2,0.000000,4,4,33.025986,1,0,0,0.001286,0.999994,-0.003311,0.938726,-0.000066,0.344663,-0.004472,-0.002543,0.000000,0.000000,0.000000,1,0.007842,30846.953125,9.160270,-206.387451,-0.000019,0.000060,35.283340,1,0.007983,30891.667969,9.194708,-221.972885,-0.000019,0.000089,35.170471,1,-0.018286,18090.429688,9.607746,4413.445801,-0.000030,-0.006788,33.026524,1,-0.018161,18117.353516,9.633873,4380.766602,-0.000030,-0.006704,33.025448,2623.381836,97953.414062,-7035.988281,5894.710938,-26.140625,2029.500000,0.000000,0.000000,0.000000,0.000000,0.000000,0.000000,0.000000,0.000000,0.000000
713,11.883333,53.476196,0.000212,-144.315308,7.215146,-0.002312,-19.650326,-0.351881,-0.000033,20.932945,3910.199,2,0.000000,4,4,33.118336,1,0,0,0.001321,0.999993,-0.003359,0.938726,-0.000083,0.344664,-0.002883,-0.002142,0.000000,0.000000,0.000000,1,0.008019,30814.527344,7.138874,-831.491821,-0.000015,0.000692,35.285633,1,0.008197,30869.509766,7.193826,-843.914001,-0.000015,0.000720,35.173069,1,-0.018529,18134.080078,9.973063,6208.292480,-0.000031,-0.011423,33.118805,1,-0.018372,18167.269531,9.991347,6173.708008,-0.000031,-0.011331,33.117867,3426.346191,97997.437500,-9232.513672,6336.929688,-13.991211,2203.458984,0.000000,0.000000,0.000000,0.000000,0.000000,0.000000,0.000000,0.000000,0.000000
714,11.900000,53.596680,0.000172,-144.643311,7.226567,-0.002385,-19.681101,-0.351881,-0.000037,20.965771,3921.133,2,0.000000,4,4,33.151855,1,0,0,0.001350,0.999993,-0.003378,0.938726,-0.000102,0.344665,-0.001181,-0.001685,0.000000,0.000000,0.000000,1,0.008115,30764.023438,5.835342,-1668.825073,-0.000012,0.001748,35.299675,1,0.008335,30829.626953,5.826772,-1676.307007,-0.000012,0.001771,35.187397,1,-0.018638,18195.464844,10.073467,7522.799805,-0.000031,-0.015852,33.152252,1,-0.018444,18235.027344,10.083559,7486.799805,-0.000031,-0.015753,33.151459,3753.237549,98040.406250,-10130.016602,5835.898438,-5.132812,2043.509766,0.000000,0.000000,0.000000,0.000000,0.000000,0.000000,0.000000,0.000000,0.000000
715,11.916667,53.717285,0.000133,-144.971924,7.239078,-0.002331,-19.714867,-0.351882,-0.000039,21.001778,3925.102,2,0.000000,4,4,33.142387,1,0,0,0.001370,0.999993,-0.003372,0.938726,-0.000124,0.344665,0.000381,-0.001246,0.000000,0.000000,0.000000,1,0.008134,30705.955078,4.412905,-2574.629883,-0.000009,0.003124,35.329456,1,0.008400,30781.998047,4.444817,-2575.561768,-0.000009,0.003140,35.217422,1,-0.018625,18262.621094,9.654621,5325.602539,-0.000030,-0.016535,33.142708,1,-0.018390,18308.435547,9.667002,5331.296387,-0.000030,-0.016552,33.142067,1626.437378,98078.218750,-4348.041992,1724.414062,59.000977,551.208984,0.000000,0.000000,0.000000,0.000000,0.000000,0.000000,0.000000,0.000000,0.000000
716,11.933333,53.838013,0.000098,-145.300781,7.244500,-0.002127,-19.729361,-0.351882,-0.000022,21.017250,3923.981,2,0.000000,4,4,33.204010,1,0,0,0.001390,0.999993,-0.003358,0.938725,-0.000148,0.344665,0.000862,-0.001181,0.000000,0.000000,0.000000,1,0.008126,30683.662109,5.095535,-2969.751953,-0.000011,0.004301,35.376266,1,0.008442,30769.919922,5.088930,-2963.670898,-0.000011,0.004306,35.264404,1,-0.018581,18284.148438,6.992372,5871.558594,-0.000022,-0.018230,33.204342,1,-0.018302,18336.228516,7.000418,5879.539062,-0.000022,-0.018255,33.203678,1729.419556,98092.500000,-4640.140137,1519.070312,41.174805,498.296875,0.000000,0.000000,0.000000,0.000000,0.000000,0.000000,0.000000,0.000000,0.000000
717,11.950000,53.958862,0.000066,-145.629883,7.250265,-0.001881,-19.744827,-0.351882,-0.000011,21.033756,3931.277,2,0.000000,4,4,33.247597,1,0,0,0.001408,0.999993,-0.003336,0.938725,-0.000172,0.344666,0.001281,-0.001107,0.000000,0.000000,0.000000,1,0.008093,30659.335938,4.858104,-2373.549805,-0.000010,0.005030,35.430504,1,0.008463,30755.662109,4.852458,-2349.200439,-0.000010,0.004979,35.318707,1,-0.018510,18305.800781,4.766217,6128.772949,-0.000015,-0.019028,33.247944,1,-0.018184,18363.947266,4.769468,6138.606934,-0.000015,-0.019059,33.247250,2319.541748,98102.078125,-6261.699707,2013.390625,40.019043,688.685547,0.000000,0.000000,0.000000,0.000000,0.000000,0.000000,0.000000,0.000000,0.000000
718,11.966666,54.079834,0.000039,-145.959351,7.257997,-0.001612,-19.765699,-0.351882,0.000000,21.056019,3936.438,2,0.000000,4,4,33.282635,1,0,0,0.001425,0.999994,-0.003306,0.938725,-0.000198,0.344666,0.001827,-0.000976,0.000000,0.000000,0.000000,1,0.008030,30625.216797,4.868308,-2244.177246,-0.000010,0.004756,35.473534,1,0.008454,30731.583984,4.885217,-2225.748535,-0.000010,0.004717,35.361420,1,-0.018401,18336.949219,2.716831,6130.981934,-0.000008,-0.019035,33.283005,1,-0.018026,18401.111328,2.726337,6141.655762,-0.000008,-0.019068,33.282265,2404.056885,98111.054688,-6503.640137,1633.398438,14.775391,565.031250,0.000000,0.000000,0.000000,0.000000,0.000000,0.000000,0.000000,0.000000,0.000000
719,11.983334,54.200928,0.000018,-146.289062,7.266010,-0.001314,-19.787378,-0.351882,0.000004,21.079132,3940.586,2,0.000000,4,4,33.317490,1,0,0,0.001439,0.999994,-0.003268,0.938725,-0.000225,0.344666,0.002267,-0.000861,0.000000,0.000000,0.000000,1,0.007940,30591.191406,4.047949,-2210.185791,-0.000009,0.004684,35.514130,1,0.008421,30706.947266,4.021591,-2194.788330,-0.000009,0.004651,35.401806,1,-0.018263,18366.671875,1.495627,6111.413574,-0.000005,-0.018974,33.317883,1,-0.017838,18436.517578,1.501314,6122.987793,-0.000005,-0.019010,33.317097,2408.727051,98115.992188,-6528.351562,1178.867188,5.427734,408.823242,0.000000,0.000000,0.000000,0.000000,0.000000,0.000000,0.000000,0.000000,0.000000
720,12.000000,54.322144,0.000001,-146.619263,7.274039,-0.000998,-19.809139,-0.351882,0.000006,21.102329,3944.713,2,0.000000,4,4,33.352875,1,0,0,0.001452,0.999994,-0.003225,0.938726,-0.000252,0.344666,0.002585,-0.000777,0.000000,0.000000,0.000000,1,0.007829,30558.669922,3.210640,-2193.058350,-0.000007,0.004648,35.554089,1,0.008368,30683.669922,3.202973,-2179.194336,-0.000007,0.004618,35.441608,1,-0.018106,18393.236328,0.771818,6098.037109,-0.000002,-0.018933,33.353291,1,-0.017629,18468.808594,0.786911,6110.629395,-0.000002,-0.018972,33.352459,2407.567627,98117.218750,-6534.177734,749.000000,1.278320,259.985352,0.000000,0.000000,0.000000,0.000000,0.000000,0.000000,0.000000,0.000000,0.000000
721,12.016666,54.443481,-0.000010,-146.949829,7.282064,-0.000673,-19.830919,-0.351881,0.000006,21.125544,3948.902,2,0.000000,4,4,33.388580,1,0,0,0.001464,0.999994,-0.003178,0.938726,-0.000279,0.344665,0.002787,-0.000723,0.000000,0.000000,0.000000,1,0.007703,30527.714844,2.397731,-2182.121826,-0.000005,0.004624,35.593727,1,0.008300,30662.212891,2.408294,-2168.939453,-0.000005,0.004597,35.481117,1,-0.017938,18415.451172,0.249383,6089.117188,-0.000001,-0.018905,33.389027,1,-0.017410,18496.628906,0.274338,6102.572266,-0.000001,-0.018947,33.388134,2405.874756,98112.445312,-6537.240723,366.773438,1.714355,137.423828,0.000000,0.000000,0.000000,0.000000,0.000000,0.000000,0.000000,0.000000,0.000000
722,12.033334,54.564941,-0.000016,-147.280762,7.290084,-0.000358,-19.852711,-0.351881,0.000007,21.148764,3953.130,2,0.000000,4,4,33.424465,1,0,0,0.001475,0.999994,-0.003130,0.938726,-0.000306,0.344665,0.002883,-0.000684,0.000000,0.000000,0.000000,1,0.007567,30499.939453,1.505894,-2174.653076,-0.000003,0.004609,35.633160,1,0.008223,30642.861328,1.492225,-2161.923828,-0.000003,0.004582,35.520432,1,-0.017767,18434.306641,0.056293,6082.609863,-0.000001,-0.018885,33.424938,1,-0.017188,18520.550781,0.074351,6096.934082,-0.000001,-0.018929,33.423992,2403.950195,98105.773438,-6538.390137,45.070312,4.561035,37.050781,0.000000,0.000000,0.000000,0.000000,0.000000,0.000000,0.000000,0.000000,0.000000
723,12.050000,54.686646,-0.000017,-147.612061,7.298097,-0.000059,-19.874506,-0.351881,0.000008,21.171986,3957.378,2,0.000000,4,4,33.460445,1,0,0,0.001486,0.999994,-0.003082,0.938726,-0.000333,0.344665,0.002889,-0.000654,0.000000,0.000000,0.000000,1,0.007426,30474.974609,0.452966,-2169.008301,-0.000001,0.004597,35.672451,1,0.008139,30625.617188,0.455204,-2156.525635,-0.000001,0.004570,35.559612,1,-0.017600,18449.273438,-0.518792,6077.395508,0.000000,-0.018869,33.460953,1,-0.016970,18540.179688,-0.496398,6092.201660,0.000000,-0.018915,33.459938,2400.624512,98095.671875,-6538.726074,-217.632812,4.247559,-59.905273,0.000000,0.000000,0.000000,0.000000,0.000000,0.000000,0.000000,0.000000,0.000000
724,12.066667,54.808350,-0.000014,-147.943604,7.306099,0.000215,-19.896301,-0.351881,0.000009,21.195206,3961.638,2,0.000000,4,4,33.496487,1,0,0,0.001497,0.999994,-0.003035,0.938726,-0.000359,0.344665,0.002826,-0.000650,0.000000,0.000000,0.000000,1,0.007283,30452.820312,0.372142,-2164.378662,-0.000001,0.004587,35.711636,1,0.008053,30611.150391,0.364278,-2152.222168,-0.000001,0.004561,35.598694,1,-0.017442,18460.607422,-1.122128,6072.823242,0.000001,-0.018855,33.497025,1,-0.016761,18556.089844,-1.106629,6088.135254,0.000001,-0.018902,33.495949,2398.759521,98083.929688,-6537.670898,-403.312500,-0.254883,-129.620117,0.000000,0.000000,0.000000,0.000000,0.000000,0.000000,0.000000,0.000000,0.000000
725,12.083333,54.930298,-0.000006,-148.275635,7.314095,0.000457,-19.918093,-0.351880,0.000009,21.218420,3965.906,2,0.000000,4,4,33.532570,1,0,0,0.001508,0.999994,-0.002990,0.938726,-0.000385,0.344665,0.002714,-0.000665,0.000000,0.000000,0.000000,1,0.007142,30433.027344,0.109774,-2160.807373,-0.000001,0.004579,35.750732,1,0.007968,30598.923828,0.118366,-2148.489990,-0.000001,0.004553,35.637691,1,-0.017295,18468.785156,-1.660358,6068.617188,0.000003,-0.018842,33.533142,1,-0.016565,18568.914062,-1.647419,6084.422852,0.000003,-0.018891,33.531998,2396.391602,98070.656250,-6535.829590,-575.148438,-3.063477,-178.244141,0.000000,0.000000,0.000000,0.000000,0.000000,0.000000,0.000000,0.000000,0.000000
726,12.100000,55.052368,0.000005,-148.608032,7.322083,0.000663,-19.939878,-0.351880,0.000009,21.241627,3970.178,2,0.000000,4,4,33.568680,1,0,0,0.001520,0.999995,-0.002947,0.938726,-0.000411,0.344665,0.002553,-0.000680,0.000000,0.000000,0.000000,1,0.007005,30416.449219,-0.370184,-2157.871826,-0.000000,0.004573,35.789764,1,0.007885,30589.005859,-0.378048,-2145.411133,-0.000000,0.004547,35.676620,1,-0.017163,18473.984375,-2.289383,6064.534180,0.000004,-0.018829,33.569283,1,-0.016386,18578.162109,-2.265212,6080.730469,0.000004,-0.018879,33.568077,2393.031250,98056.546875,-6533.130859,-702.960938,-5.578613,-211.555664,0.000000,0.000000,0.000000,0.000000,0.000000,0.000000,0.000000,0.000000,0.000000
727,12.116667,55.174561,0.000019,-148.940796,7.330060,0.000830,-19.961655,-0.351880,0.000007,21.264820,3974.453,2,0.000000,4,4,33.604816,1,0,0,0.001531,0.999995,-0.002908,0.938726,-0.000435,0.344664,0.002353,-0.000690,0.000000,0.000000,0.000000,1,0.006876,30403.001953,-1.086173,-2155.166504,0.000001,0.004567,35.828739,1,0.007808,30581.525391,-1.087684,-2142.592773,0.000001,0.004541,35.715492,1,-0.017048,18476.687500,-2.959936,6060.905762,0.000006,-0.018818,33.605457,1,-0.016224,18584.468750,-2.933205,6077.139648,0.000006,-0.018868,33.604176,2389.185547,98042.906250,-6530.677734,-770.953125,-8.637695,-223.723633,0.000000,0.000000,0.000000,0.000000,0.000000,0.000000,0.000000,0.000000,0.000000
728,12.133333,55.296875,0.000035,-149.273926,7.338025,0.000960,-19.983423,-0.351880,0.000005,21.288000,3978.731,2,0.000000,4,4,33.640968,1,0,0,0.001543,0.999995,-0.002873,0.938726,-0.000458,0.344664,0.002131,-0.000691,0.000000,0.000000,0.000000,1,0.006755,30391.839844,-1.964561,-2153.026855,0.000002,0.004563,35.867664,1,0.007736,30575.677734,-1.966073,-2140.135986,0.000002,0.004535,35.754311,1,-0.016950,18477.355469,-3.592818,6057.185547,0.000008,-0.018806,33.641647,1,-0.016083,18588.162109,-3.570423,6073.490234,0.000008,-0.018857,33.640289,2384.722656,98028.695312,-6527.302734,-819.789062,-8.795410,-233.228516,0.000000,0.000000,0.000000,0.000000,0.000000,0.000000,0.000000,0.000000,0.000000
729,12.150000,55.419312,0.000052,-149.607422,7.345973,0.001050,-20.005180,-0.351880,0.000003,21.311165,3983.012,2,0.000000,4,4,33.677135,1,0,0,0.001554,0.999995,-0.002841,0.938726,-0.000480,0.344664,0.001892,-0.000686,0.000000,0.000000,0.000000,1,0.006644,30383.492188,-2.900570,-2151.171387,0.000004,0.004559,35.906548,1,0.007671,30571.826172,-2.902082,-2138.224609,0.000004,0.004531,35.793079,1,-0.016870,18476.000000,-2.716463,6053.550781,0.000008,-0.018795,33.677849,1,-0.015961,18589.660156,-2.745056,6069.834961,0.000009,-0.018845,33.676422,2382.682617,98015.421875,-6522.238770,-832.515625,3.993164,-226.993164,0.000000,0.000000,0.000000,0.000000,0.000000,0.000000,0.000000,0.000000,0.000000
730,12.166667,55.541870,0.000071,-149.941162,7.353916,0.001102,-20.026920,-0.351880,0.000004,21.334311,3987.294,2,0.000000,4,4,33.713318,1,0,0,0.001565,0.999995,-0.002814,0.938726,-0.000500,0.344664,0.001647,-0.000670,0.000000,0.000000,0.000000,1,0.006544,30377.759766,-3.883258,-2149.349365,0.000005,0.004555,35.945396,1,0.007614,30569.255859,-3.884769,-2136.567627,0.000005,0.004528,35.831814,1,-0.016805,18473.570312,-3.291186,6050.354492,0.000010,-0.018785,33.714069,1,-0.015859,18589.228516,-3.323659,6066.126953,0.000010,-0.018834,33.712566,2377.908447,98003.359375,-6518.281250,-811.085938,1.908203,-224.306641,0.000000,0.000000,0.000000,0.000000,0.000000,0.000000,0.000000,0.000000,0.000000
731,12.183333,55.664551,0.000089,-150.275146,7.361842,0.001120,-20.048649,-0.351879,0.000005,21.357439,3991.578,2,0.000000,4,4,33.749512,1,0,0,0.001576,0.999995,-0.002790,0.938726,-0.000518,0.344664,0.001409,-0.000657,0.000000,0.000000,0.000000,1,0.006456,30373.919922,-4.710873,-2148.060547,0.000007,0.004552,35.984211,1,0.007565,30568.558594,-4.722487,-2135.283936,0.000007,0.004525,35.870518,1,-0.016757,18469.941406,-3.463710,6047.250000,0.000011,-0.018775,33.750298,1,-0.015776,18587.494141,-3.473897,6062.569824,0.000011,-0.018823,33.748726,2373.967285,97992.914062,-6513.311523,-771.476562,4.119141,-209.257812,0.000000,0.000000,0.000000,0.000000,0.000000,0.000000,0.000000,0.000000,0.000000
732,12.200000,55.787354,0.000108,-150.609619,7.369755,0.001107,-20.070360,-0.351879,0.000006,21.380552,3995.863,2,0.000000,4,4,33.785709,1,0,0,0.001587,0.999995,-0.002770,0.938726,-0.000535,0.344664,0.001180,-0.000640,0.000000,0.000000,0.000000,1,0.006379,30371.224609,-5.421003,-2146.698730,0.000009,0.004549,36.023003,1,0.007525,30568.849609,-5.416162,-2133.915283,0.000009,0.004522,35.909199,1,-0.016723,18465.570312,-3.576822,6044.211914,0.000011,-0.018766,33.786526,1,-0.015710,18584.716797,-3.599899,6059.117188,0.000011,-0.018812,33.784893,2370.462646,97982.953125,-6508.529785,-730.406250,6.718750,-190.050781,0.000000,0.000000,0.000000,0.000000,0.000000,0.000000,0.000000,0.000000,0.000000
733,12.216666,55.910278,0.000126,-150.944458,7.377657,0.001066,-20.092054,-0.351879,0.000008,21.403643,4000.149,2,0.000000,4,4,33.821911,1,0,0,0.001597,0.999995,-0.002754,0.938726,-0.000550,0.344664,0.000961,-0.000615,0.000000,0.000000,0.000000,1,0.006313,30370.707031,-3.754998,-2145.416260,0.000008,0.004547,36.061768,1,0.007491,30569.982422,-3.800063,-2132.688965,0.000008,0.004520,35.947853,1,-0.016702,18460.816406,-3.701311,6041.486328,0.000011,-0.018757,33.822762,1,-0.015660,18581.103516,-3.713598,6055.791504,0.000012,-0.018802,33.821060,2371.433105,97975.140625,-6502.336426,-675.414062,-3.496094,-173.512695,0.000000,0.000000,0.000000,0.000000,0.000000,0.000000,0.000000,0.000000,0.000000
734,12.233334,56.033325,0.000142,-151.279663,7.385562,0.001003,-20.113729,-0.351879,0.000008,21.426712,4004.435,2,0.000000,4,4,33.858105,1,0,0,0.001607,0.999995,-0.002742,0.938726,-0.000563,0.344664,0.000758,-0.000588,0.000000,0.000000,0.000000,1,0.006259,30371.558594,-3.953832,-2144.862793,0.000008,0.004545,36.100510,1,0.007466,30572.464844,-4.000393,-2131.797852,0.000008,0.004518,35.986485,1,-0.016692,18455.541016,-3.696285,6038.594727,0.000011,-0.018748,33.858990,1,-0.015625,18576.876953,-3.708773,6052.273926,0.000012,-0.018791,33.857220,2368.690674,97969.171875,-6495.992676,-617.320312,-2.766113,-147.590820,0.000000,0.000000,0.000000,0.000000,0.000000,0.000000,0.000000,0.000000,0.000000
735,12.250000,56.156494,0.000158,-151.615234,7.393457,0.000921,-20.135384,-0.351879,0.000007,21.449760,4008.720,2,0.000000,4,4,33.894299,1,0,0,0.001616,0.999995,-0.002732,0.938726,-0.000575,0.344664,0.000568,-0.000550,0.000000,0.000000,0.000000,1,0.006215,30373.615234,-4.192929,-2143.847412,0.000009,0.004543,36.139240,1,0.007448,30575.322266,-4.200381,-2130.778320,0.000009,0.004516,36.025097,1,-0.016692,18450.326172,-3.714721,6035.987793,0.000012,-0.018740,33.895210,1,-0.015603,18572.037109,-3.727428,6049.083984,0.000012,-0.018781,33.893387,2366.280518,97964.367188,-6490.806152,-546.085938,-1.592773,-119.118164,0.000000,0.000000,0.000000,0.000000,0.000000,0.000000,0.000000,0.000000,0.000000
736,12.266666,56.279785,0.000171,-151.951172,7.401345,0.000826,-20.157021,-0.351879,0.000007,21.472792,4013.005,2,0.000000,4,4,33.930481,1,0,0,0.001624,0.999995,-0.002726,0.938726,-0.000585,0.344664,0.000396,-0.000503,0.000000,0.000000,0.000000,1,0.006182,30376.470703,-4.330488,-2143.126465,0.000009,0.004542,36.177952,1,0.007436,30578.771484,-4.400066,-2129.960938,0.000009,0.004514,36.063690,1,-0.016700,18445.054688,-3.768201,6033.408691,0.000012,-0.018732,33.931423,1,-0.015591,18567.175781,-3.793148,6045.851562,0.000012,-0.018771,33.929539,2363.712891,97961.023438,-6485.132812,-465.742188,-1.552734,-92.378906,0.000000,0.000000,0.000000,0.000000,0.000000,0.000000,0.000000,0.000000,0.000000
737,12.283334,56.403320,0.000183,-152.287476,7.409225,0.000720,-20.178638,-0.351879,0.000007,21.495800,4017.290,2,0.000000,4,4,33.966656,1,0,0,0.001632,0.999995,-0.002722,0.938726,-0.000594,0.344664,0.000246,-0.000451,0.000000,0.000000,0.000000,1,0.006157,30380.001953,-4.427450,-2142.378174,0.000009,0.004540,36.216648,1,0.007429,30581.955078,-4.456878,-2128.970459,0.000009,0.004512,36.102268,1,-0.016715,18440.332031,-3.786589,6031.186523,0.000012,-0.018725,33.967628,1,-0.015590,18562.269531,-3.788097,6042.608887,0.000012,-0.018761,33.965683,2361.604980,97958.656250,-6479.873047,-395.726562,-1.901855,-68.320312,0.000000,0.000000,0.000000,0.000000,0.000000,0.000000,0.000000,0.000000,0.000000
738,12.300000,56.526978,0.000194,-152.624146,7.417097,0.000606,-20.200237,-0.351878,0.000006,21.518789,4021.572,2,0.000000,4,4,34.002811,1,0,0,0.001639,0.999995,-0.002720,0.938726,-0.000601,0.344663,0.000115,-0.000395,0.000000,0.000000,0.000000,1,0.006141,30384.419922,-4.423374,-2141.616455,0.000009,0.004539,36.255333,1,0.007428,30585.800781,-4.473020,-2128.186523,0.000009,0.004510,36.140827,1,-0.016733,18436.140625,-3.723336,6028.927734,0.000012,-0.018718,34.003807,1,-0.015595,18557.560547,-3.747856,6039.611328,0.000012,-0.018751,34.001816,2359.745605,97958.843750,-6474.538086,-326.578125,-2.063965,-44.977539,0.000000,0.000000,0.000000,0.000000,0.000000,0.000000,0.000000,0.000000,0.000000
739,12.316667,56.650757,0.000202,-152.961182,7.424963,0.000493,-20.221819,-0.351878,0.000006,21.541763,4025.853,2,0.000000,4,4,34.038948,1,0,0,0.001644,0.999995,-0.002720,0.938726,-0.000606,0.344663,0.000002,-0.000334,0.000000,0.000000,0.000000,1,0.006132,30388.986328,-4.439509,-2140.867676,0.000009,0.004537,36.294003,1,0.007430,30589.169922,-4.468751,-2127.608887,0.000009,0.004509,36.179371,1,-0.016755,18431.978516,-3.648595,6026.641113,0.000011,-0.018711,34.039970,1,-0.015608,18552.923828,-3.684266,6036.470215,0.000011,-0.018742,34.037926,2357.783691,97958.656250,-6468.824707,-260.523438,-2.383789,-23.385742,0.000000,0.000000,0.000000,0.000000,0.000000,0.000000,0.000000,0.000000,0.000000
740,12.333333,56.774658,0.000208,-153.298584,7.432822,0.000378,-20.243382,-0.351878,0.000006,21.564711,4030.132,2,0.000000,4,4,34.075069,1,0,0,0.001649,0.999995,-0.002721,0.938726,-0.000610,0.344663,-0.000092,-0.000271,0.000000,0.000000,0.000000,1,0.006130,30393.859375,-4.354861,-2140.065430,0.000009,0.004535,36.332657,1,0.007436,30592.878906,-4.363081,-2126.506592,0.000009,0.004507,36.217907,1,-0.016779,18428.830078,-3.516031,6024.690918,0.000011,-0.018705,34.076115,1,-0.015624,18548.873047,-3.538932,6033.570312,0.000011,-0.018733,34.074024,2356.541016,97960.945312,-6464.077637,-201.359375,-2.197266,-4.458008,0.000000,0.000000,0.000000,0.000000,0.000000,0.000000,0.000000,0.000000,0.000000
741,12.350000,56.898682,0.000213,-153.636353,7.440677,0.000269,-20.264929,-0.351878,0.000005,21.587645,4034.408,2,0.000000,4,4,34.111164,1,0,0,0.001652,0.999995,-0.002724,0.938726,-0.000612,0.344663,-0.000169,-0.000205,0.000000,0.000000,0.000000,1,0.006134,30398.914062,-4.169678,-2139.435059,0.000009,0.004534,36.371296,1,0.007445,30596.109375,-4.216998,-2125.688965,0.000009,0.004505,36.256420,1,-0.016803,18425.996094,-3.348967,6022.549316,0.000010,-0.018699,34.112228,1,-0.015644,18544.990234,-3.370592,6030.559570,0.000010,-0.018723,34.110100,2355.223145,97963.312500,-6458.548340,-146.632812,-2.170410,12.044922,0.000000,0.000000,0.000000,0.000000,0.000000,0.000000,0.000000,0.000000,0.000000
742,12.366667,57.022827,0.000215,-153.974487,7.448527,0.000166,-20.286457,-0.351878,0.000005,21.610561,4038.682,2,0.000000,4,4,34.147236,1,0,0,0.001654,0.999995,-0.002728,0.938726,-0.000613,0.344663,-0.000232,-0.000138,0.000000,0.000000,0.000000,1,0.006142,30404.142578,-4.045227,-2138.585205,0.000009,0.004532,36.409924,1,0.007455,30598.923828,-4.071140,-2124.845215,0.000009,0.004503,36.294918,1,-0.016827,18423.777344,-3.228871,6020.487793,0.000010,-0.018692,34.148319,1,-0.015667,18541.371094,-3.237790,6027.599609,0.000010,-0.018714,34.146152,2353.899902,97966.289062,-6453.422363,-104.695312,-2.775391,25.441406,0.000000,0.000000,0.000000,0.000000,0.000000,0.000000,0.000000,0.000000,0.000000
743,12.383333,57.147095,0.000216,-154.312988,7.456374,0.000072,-20.307968,-0.351878,0.000004,21.633457,4042.953,2,0.000000,4,4,34.183281,1,0,0,0.001655,0.999995,-0.002733,0.938726,-0.000612,0.344663,-0.000282,-0.000070,0.000000,0.000000,0.000000,1,0.006155,30409.099609,-3.920964,-2137.642090,0.000008,0.004530,36.448536,1,0.007466,30601.648438,-3.986259,-2123.841309,0.000008,0.004501,36.333401,1,-0.016850,18422.052734,-3.027936,6018.465820,0.000009,-0.018686,34.184380,1,-0.015691,18538.261719,-3.058710,6024.726562,0.000009,-0.018705,34.182182,2352.769775,97969.882812,-6448.629883,-61.968750,-2.327637,36.831055,0.000000,0.000000,0.000000,0.000000,0.000000,0.000000,0.000000,0.000000,0.000000
744,12.400000,57.271484,0.000216,-154.651855,7.464216,-0.000013,-20.329464,-0.351878,0.000004,21.656338,4047.220,2,0.000000,4,4,34.219299,1,0,0,0.001656,0.999995,-0.002738,0.938726,-0.000610,0.344663,-0.000320,-0.000003,0.000000,0.000000,0.000000,1,0.006170,30413.968750,-3.776827,-2136.695801,0.000008,0.004528,36.487129,1,0.007478,30603.671875,-3.800384,-2122.791992,0.000008,0.004499,36.371864,1,-0.016872,18420.742188,-2.850703,6016.415527,0.000009,-0.018679,34.220413,1,-0.015715,18535.251953,-2.868423,6021.722656,0.000009,-0.018696,34.218185,2351.702637,97973.054688,-6443.695312,-24.203125,-2.320312,45.367188,0.000000,0.000000,0.000000,0.000000,0.000000,0.000000,0.000000,0.000000,0.000000
745,12.416667,57.395996,0.000215,-154.991089,7.472055,-0.000090,-20.350943,-0.351878,0.000003,21.679203,4051.485,2,0.000000,4,4,34.255295,1,0,0,0.001654,0.999995,-0.002744,0.938726,-0.000607,0.344663,-0.000345,0.000062,0.000000,0.000000,0.000000,1,0.006189,30418.861328,-3.572741,-2135.599121,0.000008,0.004526,36.525707,1,0.007490,30605.748047,-3.554301,-2121.906250,0.000008,0.004497,36.410309,1,-0.016891,18420.044922,-2.639232,6014.446289,0.000008,-0.018673,34.256420,1,-0.015740,18532.908203,-2.667049,6018.986328,0.000008,-0.018687,34.254169,2350.905762,97977.695312,-6439.018066,7.226562,-2.593750,51.900391,0.000000,0.000000,0.000000,0.000000,0.000000,0.000000,0.000000,0.000000,0.000000
746,12.433333,57.520630,0.000212,-155.330566,7.479892,-0.000153,-20.372406,-0.351878,0.000003,21.702051,4055.747,2,0.000000,4,4,34.291260,1,0,0,0.001652,0.999995,-0.002750,0.938726,-0.000603,0.344663,-0.000361,0.000123,0.000000,0.000000,0.000000,1,0.006209,30423.376953,-3.268714,-2134.790039,0.000007,0.004524,36.564262,1,0.007502,30607.205078,-3.308638,-2120.903076,0.000007,0.004495,36.448734,1,-0.016907,18419.730469,-2.393585,6012.480957,0.000007,-0.018667,34.292397,1,-0.015764,18530.666016,-2.408000,6016.034180,0.000007,-0.018678,34.290123,2350.157227,97981.625000,-6433.915527,40.632812,-2.302734,55.979492,0.000000,0.000000,0.000000,0.000000,0.000000,0.000000,0.000000,0.000000,0.000000
747,12.450000,57.645386,0.000209,-155.670410,7.487726,-0.000206,-20.393852,-0.351878,0.000002,21.724882,4060.005,2,0.000000,4,4,34.327198,1,0,0,0.001650,0.999995,-0.002756,0.938726,-0.000599,0.344663,-0.000365,0.000177,0.000000,0.000000,0.000000,1,0.006231,30427.501953,-2.965199,-2133.801514,0.000006,0.004522,36.602802,1,0.007513,30608.386719,-3.002980,-2119.805420,0.000006,0.004492,36.487141,1,-0.016921,18419.972656,-2.113875,6010.450684,0.000007,-0.018661,34.328342,1,-0.015787,18529.146484,-2.126403,6013.238770,0.000007,-0.018670,34.326054,2349.643311,97986.187500,-6429.115723,58.304688,-1.976074,57.524414,0.000000,0.000000,0.000000,0.000000,0.000000,0.000000,0.000000,0.000000,0.000000
748,12.466666,57.770264,0.000205,-156.010620,7.495558,-0.000246,-20.415283,-0.351878,0.000002,21.747700,4064.260,2,0.000000,4,4,34.363106,1,0,0,0.001646,0.999995,-0.002762,0.938726,-0.000593,0.344663,-0.000363,0.000227,0.000000,0.000000,0.000000,1,0.006253,30431.132812,-2.662199,-2132.393799,0.000006,0.004519,36.641327,1,0.007523,30608.806641,-2.697875,-2118.659180,0.000006,0.004490,36.525528,1,-0.016932,18420.361328,-1.834760,6008.434082,0.000006,-0.018655,34.364262,1,-0.015808,18527.695312,-1.845450,6010.391602,0.000006,-0.018661,34.361950,2349.274658,97989.468750,-6424.719238,71.789062,-2.112793,57.148438,0.000000,0.000000,0.000000,0.000000,0.000000,0.000000,0.000000,0.000000,0.000000
749,12.483334,57.895264,0.000200,-156.351196,7.503389,-0.000276,-20.436699,-0.351878,0.000001,21.770504,4068.511,2,0.000000,4,4,34.398987,1,0,0,0.001641,0.999995,-0.002768,0.938726,-0.000587,0.344663,-0.000355,0.000272,0.000000,0.000000,0.000000,1,0.006275,30434.607422,-2.339752,-2131.212646,0.000005,0.004517,36.679825,1,0.007532,30609.259766,-2.333066,-2117.596191,0.000005,0.004488,36.563892,1,-0.016940,18421.101562,-1.567775,6006.286621,0.000005,-0.018648,34.400146,1,-0.015828,18526.529297,-1.576748,6007.601074,0.000005,-0.018652,34.397827,2348.825195,97993.289062,-6419.942871,81.726562,-2.245117,55.763672,0.000000,0.000000,0.000000,0.000000,0.000000,0.000000,0.000000,0.000000,0.000000
750,12.500000,58.020508,0.000195,-156.692139,7.511218,-0.000296,-20.458099,-0.351878,0.000001,21.793289,4072.759,2,0.000000,4,4,34.434837,1,0,0,0.001636,0.999995,-0.002773,0.938726,-0.000580,0.344663,-0.000343,0.000311,0.000000,0.000000,0.000000,1,0.006297,30437.558594,-1.997894,-2130.075439,0.000004,0.004514,36.718300,1,0.007539,30609.328125,-2.009169,-2116.354492,0.000004,0.004485,36.602238,1,-0.016945,18422.132812,-1.278317,6004.198730,0.000004,-0.018642,34.436005,1,-0.015846,18525.671875,-1.285501,6004.665527,0.000004,-0.018643,34.433670,2348.414307,97996.703125,-6415.203613,86.242188,-2.062500,52.646484,0.000000,0.000000,0.000000,0.000000,0.000000,0.000000,0.000000,0.000000,0.000000
751,12.516666,58.145874,0.000190,-157.033447,7.519046,-0.000307,-20.479483,-0.351878,0.000000,21.816059,4077.004,2,0.000000,4,4,34.470661,1,0,0,0.001630,0.999995,-0.002779,0.938726,-0.000573,0.344663,-0.000328,0.000345,0.000000,0.000000,0.000000,1,0.006319,30440.570312,-1.776447,-2128.714600,0.000004,0.004511,36.756752,1,0.007545,30608.980469,-1.786275,-2114.854736,0.000004,0.004482,36.640560,1,-0.016947,18423.296875,-1.046962,6002.080078,0.000003,-0.018635,34.471828,1,-0.015863,18524.992188,-1.064310,6002.009277,0.000003,-0.018635,34.469494,2347.926270,98000.031250,-6411.270020,91.421875,-1.794434,48.221680,0.000000,0.000000,0.000000,0.000000,0.000000,0.000000,0.000000,0.000000,0.000000
752,12.533334,58.271362,0.000185,-157.375122,7.526873,-0.000308,-20.500854,-0.351878,-0.000000,21.838818,4081.245,2,0.000000,4,4,34.506454,1,0,0,0.001624,0.999995,-0.002784,0.938726,-0.000565,0.344663,-0.000309,0.000372,0.000000,0.000000,0.000000,1,0.006339,30442.650391,-1.455669,-2127.524902,0.000003,0.004509,36.795177,1,0.007550,30608.517578,-1.443551,-2113.662354,0.000003,0.004479,36.678856,1,-0.016947,18424.572266,-0.781585,5999.752930,0.000002,-0.018628,34.507622,1,-0.015877,18524.494141,-0.797380,5999.166992,0.000002,-0.018626,34.505287,2347.417480,98002.468750,-6406.413574,89.265625,-1.628418,43.310547,0.000000,0.000000,0.000000,0.000000,0.000000,0.000000,0.000000,0.000000,0.000000
753,12.550000,58.396973,0.000180,-157.717163,7.534698,-0.000302,-20.522209,-0.351878,-0.000001,21.861561,4085.483,2,0.000000,4,4,34.542225,1,0,0,0.001618,0.999995,-0.002789,0.938726,-0.000557,0.344663,-0.000290,0.000393,0.000000,0.000000,0.000000,1,0.006359,30445.001953,-1.135525,-2126.203125,0.000002,0.004506,36.833584,1,0.007553,30607.619141,-1.161619,-2112.365967,0.000002,0.004477,36.717129,1,-0.016945,18425.859375,-0.528207,5997.565918,0.000002,-0.018621,34.543396,1,-0.015890,18524.099609,-0.531023,5996.324707,0.000002,-0.018617,34.541054,2346.968994,98004.835938,-6401.934570,86.992188,-1.509766,37.492188,0.000000,0.000000,0.000000,0.000000,0.000000,0.000000,0.000000,0.000000,0.000000
754,12.566667,58.522705,0.000175,-158.059570,7.542521,-0.000289,-20.543549,-0.351878,-0.000001,21.884291,4089.718,2,0.000000,4,4,34.577969,1,0,0,0.001611,0.999995,-0.002793,0.938726,-0.000549,0.344663,-0.000269,0.000409,0.000000,0.000000,0.000000,1,0.006377,30446.576172,-0.915485,-2124.832031,0.000002,0.004503,36.871964,1,0.007554,30606.697266,-0.900294,-2110.994629,0.000002,0.004474,36.755375,1,-0.016942,18427.197266,-0.309735,5995.236328,0.000001,-0.018614,34.579136,1,-0.015901,18523.796875,-0.299827,5993.648926,0.000001,-0.018609,34.576801,2346.391602,98006.429688,-6397.659668,85.476562,-0.978516,31.566406,0.000000,0.000000,0.000000,0.000000,0.000000,0.000000,0.000000,0.000000,0.000000
755,12.583333,58.648560,0.000171,-158.402344,7.550342,-0.000272,-20.564875,-0.351878,-0.000001,21.907007,4093.951,2,0.000000,4,4,34.613686,1,0,0,0.001604,0.999995,-0.002798,0.938726,-0.000541,0.344663,-0.000247,0.000417,0.000000,0.000000,0.000000,1,0.006395,30448.052734,-0.556702,-2123.458252,0.000001,0.004500,36.910316,1,0.007554,30605.453125,-0.559580,-2109.837646,0.000001,0.004471,36.793594,1,-0.016936,18428.638672,-0.080225,5992.991211,0.000000,-0.018607,34.614849,1,-0.015911,18523.726562,-0.069119,5991.015137,0.000000,-0.018601,34.612522,2345.999756,98007.953125,-6393.225586,77.679688,-2.043945,22.438477,0.000000,0.000000,0.000000,0.000000,0.000000,0.000000,0.000000,0.000000,0.000000
756,12.600000,58.774536,0.000166,-158.745483,7.558162,-0.000250,-20.586185,-0.351878,-0.000002,21.929707,4098.179,2,0.000000,4,4,34.649372,1,0,0,0.001597,0.999995,-0.002801,0.938726,-0.000533,0.344663,-0.000224,0.000417,0.000000,0.000000,0.000000,1,0.006410,30449.111328,-0.258211,-2122.136475,0.000001,0.004497,36.948647,1,0.007553,30604.429688,-0.259528,-2108.467041,0.000001,0.004468,36.831795,1,-0.016930,18429.865234,0.043904,5990.474609,0.000000,-0.018599,34.650532,1,-0.015919,18523.595703,0.055010,5988.202148,0.000000,-0.018592,34.648212,2345.214111,98008.929688,-6388.626953,70.656250,-2.750977,16.692383,0.000000,0.000000,0.000000,0.000000,0.000000,0.000000,0.000000,0.000000,0.000000
757,12.616667,58.900635,0.000163,-159.088989,7.565979,-0.000225,-20.607481,-0.351878,-0.000003,21.952393,4102.404,2,0.000000,4,4,34.685036,1,0,0,0.001590,0.999995,-0.002805,0.938726,-0.000526,0.344663,-0.000202,0.000413,0.000000,0.000000,0.000000,1,0.006424,30450.166016,-0.000000,-2120.511230,0.000000,0.004494,36.986950,1,0.007551,30603.357422,-0.019942,-2106.865479,0.000000,0.004465,36.869968,1,-0.016923,18431.125000,0.262381,5988.063477,-0.000000,-0.018591,34.686192,1,-0.015927,18523.519531,0.273487,5985.544922,-0.000000,-0.018584,34.683880,2344.784180,98009.976562,-6384.744141,63.742188,-2.831055,18.446289,0.000000,0.000000,0.000000,0.000000,0.000000,0.000000,0.000000,0.000000,0.000000
758,12.633333,59.026855,0.000159,-159.432983,7.573795,-0.000197,-20.628763,-0.351878,-0.000004,21.975063,4106.627,2,0.000000,4,4,34.720673,1,0,0,0.001583,0.999995,-0.002808,0.938726,-0.000518,0.344663,-0.000184,0.000413,0.000000,0.000000,0.000000,1,0.006437,30450.802734,-0.020206,-2119.169189,0.000000,0.004491,37.025223,1,0.007547,30601.921875,-0.040148,-2105.552979,0.000000,0.004462,36.908112,1,-0.016915,18432.250000,0.462098,5985.575684,-0.000001,-0.018584,34.721828,1,-0.015933,18523.488281,0.466308,5982.784180,-0.000001,-0.018575,34.719517,2343.548340,98010.031250,-6380.355469,42.945312,-0.860840,11.976562,0.000000,0.000000,0.000000,0.000000,0.000000,0.000000,0.000000,0.000000,0.000000
759,12.650000,59.153198,0.000157,-159.777100,7.581607,-0.000169,-20.650030,-0.351878,-0.000004,21.997719,4110.846,2,0.000000,4,4,34.756283,1,0,0,0.001576,0.999995,-0.002811,0.938726,-0.000511,0.344663,-0.000171,0.000412,0.000000,0.000000,0.000000,1,0.006449,30451.771484,-0.000000,-2117.854248,0.000000,0.004488,37.063469,1,0.007543,30600.535156,-0.007237,-2104.093018,0.000000,0.004459,36.946232,1,-0.016906,18433.359375,0.646819,5983.093750,-0.000001,-0.018576,34.757435,1,-0.015938,18523.105469,0.648469,5979.919434,-0.000001,-0.018566,34.755131,2342.383545,98010.148438,-6375.962402,37.632812,0.497070,6.054688,0.000000,0.000000,0.000000,0.000000,0.000000,0.000000,0.000000,0.000000,0.000000
760,12.666667,59.279663,0.000154,-160.121582,7.589415,-0.000141,-20.671284,-0.351878,-0.000004,22.020359,4115.062,2,0.000000,4,4,34.791870,1,0,0,0.001569,0.999995,-0.002813,0.938726,-0.000504,0.344663,-0.000158,0.000406,0.000000,0.000000,0.000000,1,0.006459,30452.597656,0.060618,-2116.303955,-0.000000,0.004485,37.101692,1,0.007538,30599.341797,0.050778,-2102.651123,-0.000000,0.004456,36.984322,1,-0.016898,18434.289062,0.833105,5980.562012,-0.000002,-0.018568,34.793015,1,-0.015943,18522.986328,0.839092,5977.232910,-0.000002,-0.018558,34.790726,2341.408203,98010.437500,-6371.868164,32.046875,1.659668,1.046875,0.000000,0.000000,0.000000,0.000000,0.000000,0.000000,0.000000,0.000000,0.000000
761,12.683333,59.406250,0.000152,-160.466431,7.597220,-0.000112,-20.692524,-0.351878,-0.000003,22.042988,4119.276,2,0.000000,4,4,34.827435,1,0,0,0.001563,0.999995,-0.002816,0.938726,-0.000497,0.344663,-0.000146,0.000396,0.000000,0.000000,0.000000,1,0.006469,30452.837891,0.163942,-2115.023682,-0.000000,0.004482,37.139885,1,0.007532,30597.837891,0.137646,-2101.423340,-0.000000,0.004453,37.022385,1,-0.016889,18435.228516,0.995150,5977.957520,-0.000002,-0.018560,34.828571,1,-0.015948,18522.636719,1.008033,5974.481934,-0.000002,-0.018549,34.826298,2340.242676,98009.468750,-6367.181641,24.742188,2.486328,-4.523438,0.000000,0.000000,0.000000,0.000000,0.000000,0.000000,0.000000,0.000000,0.000000
762,12.700000,59.532959,0.000151,-160.811646,7.605021,-0.000085,-20.713747,-0.351878,-0.000003,22.065598,4123.486,2,0.000000,4,4,34.862976,1,0,0,0.001556,0.999995,-0.002818,0.938726,-0.000490,0.344663,-0.000135,0.000382,0.000000,0.000000,0.000000,1,0.006477,30453.537109,0.307369,-2113.396973,-0.000000,0.004479,37.178055,1,0.007527,30596.769531,0.287426,-2099.997803,-0.000000,0.004450,37.060425,1,-0.016881,18435.722656,0.728487,5975.388184,-0.000002,-0.018552,34.864105,1,-0.015953,18522.232422,0.743342,5971.764648,-0.000002,-0.018541,34.861847,2338.575439,98009.000000,-6363.331055,23.062500,0.245117,-3.535156,0.000000,0.000000,0.000000,0.000000,0.000000,0.000000,0.000000,0.000000,0.000000
763,12.716666,59.659790,0.000150,-161.157227,7.612816,-0.000060,-20.734959,-0.351878,-0.000003,22.088198,4127.695,2,0.000000,4,4,34.898491,1,0,0,0.001550,0.999995,-0.002820,0.938726,-0.000483,0.344663,-0.000124,0.000369,0.000000,0.000000,0.000000,1,0.006485,30453.794922,0.454238,-2112.050293,-0.000001,0.004476,37.216194,1,0.007520,30595.556641,0.424192,-2098.644287,-0.000001,0.004448,37.098438,1,-0.016873,18436.539062,0.796002,5972.806641,-0.000002,-0.018544,34.899612,1,-0.015957,18521.994141,0.799692,5969.109863,-0.000002,-0.018533,34.897369,2337.409912,98008.453125,-6358.974121,16.882812,0.234863,-11.867188,0.000000,0.000000,0.000000,0.000000,0.000000,0.000000,0.000000,0.000000,0.000000
764,12.733334,59.786743,0.000149,-161.503174,7.620607,-0.000036,-20.756155,-0.351879,-0.000003,22.110783,4131.900,2,0.000000,4,4,34.933983,1,0,0,0.001544,0.999995,-0.002822,0.938726,-0.000477,0.344663,-0.000113,0.000349,0.000000,0.000000,0.000000,1,0.006491,30453.783203,0.653916,-2110.536377,-0.000001,0.004473,37.254307,1,0.007514,30594.289062,0.620120,-2097.214600,-0.000001,0.004445,37.136425,1,-0.016865,18436.896484,0.897445,5970.210449,-0.000003,-0.018536,34.935101,1,-0.015961,18521.714844,0.901574,5966.452637,-0.000003,-0.018524,34.932865,2336.501709,98006.968750,-6354.762207,12.234375,-0.048828,-15.074219,0.000000,0.000000,0.000000,0.000000,0.000000,0.000000,0.000000,0.000000,0.000000
765,12.750000,59.913940,0.000149,-161.849487,7.628396,-0.000016,-20.777338,-0.351879,-0.000003,22.133350,4136.102,2,0.000000,4,4,34.969448,1,0,0,0.001539,0.999995,-0.002824,0.938726,-0.000472,0.344663,-0.000103,0.000326,0.000000,0.000000,0.000000,1,0.006497,30454.042969,0.867139,-2109.198730,-0.000001,0.004470,37.292393,1,0.007507,30593.304688,0.849799,-2095.884521,-0.000001,0.004442,37.174385,1,-0.016858,18437.257812,0.998685,5967.501465,-0.000003,-0.018528,34.970558,1,-0.015965,18521.382812,0.980441,5963.744629,-0.000003,-0.018516,34.968338,2335.464355,98006.109375,-6350.129883,9.328125,-0.426758,-17.708984,0.000000,0.000000,0.000000,0.000000,0.000000,0.000000,0.000000,0.000000,0.000000
766,12.766666,60.041260,0.000149,-162.196167,7.636180,0.000001,-20.798506,-0.351879,-0.000003,22.155905,4140.301,2,0.000000,4,4,35.004890,1,0,0,0.001534,0.999995,-0.002825,0.938726,-0.000466,0.344663,-0.000093,0.000301,0.000000,0.000000,0.000000,1,0.006502,30454.310547,1.096509,-2107.789062,-0.000002,0.004467,37.330452,1,0.007501,30592.767578,1.062713,-2094.512695,-0.000002,0.004439,37.212322,1,-0.016852,18437.636719,1.099724,5964.846680,-0.000003,-0.018519,35.005993,1,-0.015969,18521.140625,1.093317,5961.074219,-0.000003,-0.018508,35.003788,2334.528320,98005.937500,-6345.677734,7.109375,-0.694824,-19.439453,0.000000,0.000000,0.000000,0.000000,0.000000,0.000000,0.000000,0.000000,0.000000
767,12.783334,60.168701,0.000149,-162.543213,7.643962,0.000018,-20.819658,-0.351879,-0.000003,22.178444,4144.497,2,0.000000,4,4,35.040306,1,0,0,0.001529,0.999995,-0.002826,0.938726,-0.000462,0.344663,-0.000083,0.000275,0.000000,0.000000,0.000000,1,0.006506,30454.154297,1.328173,-2106.583496,-0.000002,0.004464,37.368484,1,0.007494,30591.853516,1.300731,-2093.196045,-0.000002,0.004436,37.250233,1,-0.016847,18437.738281,1.177894,5961.988281,-0.000004,-0.018510,35.041401,1,-0.015972,18520.919922,1.183208,5958.378906,-0.000004,-0.018499,35.039211,2333.407471,98004.554688,-6340.774414,3.468750,-0.915039,-21.339844,0.000000,0.000000,0.000000,0.000000,0.000000,0.000000,0.000000,0.000000,0.000000
768,12.800000,60.296265,0.000150,-162.890503,7.651741,0.000031,-20.840794,-0.351879,-0.000004,22.200964,4148.690,2,0.000000,4,4,35.075703,1,0,0,0.001525,0.999995,-0.002828,0.938726,-0.000457,0.344663,-0.000074,0.000247,0.000000,0.000000,0.000000,1,0.006509,30454.080078,1.020382,-2104.929932,-0.000002,0.004461,37.406494,1,0.007489,30591.386719,0.985561,-2091.684326,-0.000002,0.004433,37.288116,1,-0.016842,18437.908203,1.199339,5959.411621,-0.000004,-0.018502,35.076790,1,-0.015976,18520.572266,1.204716,5955.903809,-0.000004,-0.018492,35.074615,2331.536865,98003.742188,-6337.363281,2.429688,1.417969,-30.208984,0.000000,0.000000,0.000000,0.000000,0.000000,0.000000,0.000000,0.000000,0.000000
769,12.816667,60.423950,0.000151,-163.238159,7.659513,0.000042,-20.861917,-0.351879,-0.000003,22.223473,4152.881,2,0.000000,4,4,35.111069,1,0,0,0.001522,0.999995,-0.002829,0.938726,-0.000454,0.344663,-0.000063,0.000209,0.000000,0.000000,0.000000,1,0.006512,30454.011719,1.697279,-2103.586426,-0.000003,0.004458,37.444473,1,0.007483,30590.990234,1.642252,-2090.334961,-0.000003,0.004430,37.325974,1,-0.016838,18437.634766,1.311134,5956.534668,-0.000004,-0.018494,35.112148,1,-0.015979,18520.453125,1.328377,5953.216797,-0.000004,-0.018483,35.109989,2331.344238,98002.781250,-6332.288574,1.515625,-0.946777,-29.537109,0.000000,0.000000,0.000000,0.000000,0.000000,0.000000,0.000000,0.000000,0.000000
770,12.833333,60.551758,0.000151,-163.586182,7.667284,0.000050,-20.883024,-0.351879,-0.000004,22.245964,4157.068,2,0.000000,4,4,35.146412,1,0,0,0.001519,0.999995,-0.002830,0.938726,-0.000451,0.344664,-0.000051,0.000172,0.000000,0.000000,0.000000,1,0.006513,30453.521484,1.272872,-2102.065674,-0.000003,0.004455,37.482430,1,0.007479,30590.888672,1.298285,-2089.009766,-0.000003,0.004427,37.363804,1,-0.016835,18437.472656,1.366253,5953.702148,-0.000004,-0.018485,35.147484,1,-0.015982,18520.294922,1.372391,5950.695312,-0.000004,-0.018475,35.145340,2329.175293,98001.773438,-6328.324707,-5.828125,1.866211,-29.567383,0.000000,0.000000,0.000000,0.000000,0.000000,0.000000,0.000000,0.000000,0.000000
771,12.850000,60.679688,0.000152,-163.934570,7.675047,0.000055,-20.904119,-0.351879,-0.000003,22.268444,4161.252,2,0.000000,4,4,35.181732,1,0,0,0.001517,0.999995,-0.002830,0.938726,-0.000448,0.344664,-0.000043,0.000138,0.000000,0.000000,0.000000,1,0.006515,30453.449219,1.428086,-2100.882080,-0.000003,0.004452,37.520355,1,0.007475,30590.892578,1.434531,-2087.695557,-0.000003,0.004424,37.401611,1,-0.016833,18437.150391,1.376130,5950.870117,-0.000004,-0.018476,35.182796,1,-0.015984,18520.160156,1.382326,5948.063477,-0.000004,-0.018467,35.180668,2327.769043,98001.226562,-6323.592285,-5.273438,1.500977,-28.613281,0.000000,0.000000,0.000000,0.000000,0.000000,0.000000,0.000000,0.000000,0.000000
772,12.866667,60.807739,0.000153,-164.283325,7.682806,0.000058,-20.925198,-0.351879,-0.000003,22.290905,4165.435,2,0.000000,4,4,35.217030,1,0,0,0.001515,0.999995,-0.002831,0.938726,-0.000446,0.344664,-0.000035,0.000105,0.000000,0.000000,0.000000,1,0.006516,30452.988281,1.465711,-2099.296387,-0.000003,0.004449,37.558258,1,0.007472,30591.001953,1.472354,-2086.240967,-0.000003,0.004421,37.439392,1,-0.016832,18436.730469,1.352176,5948.098145,-0.000004,-0.018467,35.218090,1,-0.015987,18519.972656,1.358281,5945.550293,-0.000004,-0.018459,35.215969,2326.345215,98000.179688,-6319.634277,-4.671875,1.184082,-27.148438,0.000000,0.000000,0.000000,0.000000,0.000000,0.000000,0.000000,0.000000,0.000000
773,12.883333,60.935913,0.000154,-164.632446,7.690561,0.000059,-20.946262,-0.351879,-0.000003,22.313351,4169.613,2,0.000000,4,4,35.252300,1,0,0,0.001514,0.999995,-0.002831,0.938726,-0.000445,0.344664,-0.000027,0.000073,0.000000,0.000000,0.000000,1,0.006516,30452.871094,1.483753,-2098.041504,-0.000003,0.004446,37.596130,1,0.007470,30591.214844,1.490494,-2085.025146,-0.000003,0.004419,37.477146,1,-0.016832,18436.369141,1.305763,5945.312012,-0.000004,-0.018459,35.253361,1,-0.015989,18519.873047,1.289063,5942.865723,-0.000004,-0.018451,35.251240,2324.559570,97999.843750,-6315.003906,-6.078125,0.863281,-25.962891,0.000000,0.000000,0.000000,0.000000,0.000000,0.000000,0.000000,0.000000,0.000000
774,12.900000,61.064209,0.000155,-164.981934,7.698309,0.000059,-20.967312,-0.351879,-0.000002,22.335781,4173.790,2,0.000000,4,4,35.287544,1,0,0,0.001513,0.999995,-0.002832,0.938726,-0.000444,0.344664,-0.000021,0.000043,0.000000,0.000000,0.000000,1,0.006516,30452.605469,1.404238,-2096.553467,-0.000003,0.004443,37.633980,1,0.007468,30591.648438,1.430242,-2083.524658,-0.000003,0.004415,37.514877,1,-0.016833,18435.933594,1.214462,5942.554688,-0.000004,-0.018450,35.288601,1,-0.015991,18519.796875,1.242579,5940.322266,-0.000004,-0.018443,35.286488,2322.824707,97999.515625,-6311.086426,-8.312500,0.740723,-24.124023,0.000000,0.000000,0.000000,0.000000,0.000000,0.000000,0.000000,0.000000,0.000000
775,12.916667,61.192627,0.000156,-165.331787,7.706052,0.000058,-20.988348,-0.351879,-0.000002,22.358196,4177.962,2,0.000000,4,4,35.322762,1,0,0,0.001513,0.999995,-0.002832,0.938726,-0.000444,0.344664,-0.000015,0.000017,0.000000,0.000000,0.000000,1,0.006516,30452.287109,1.324882,-2095.217529,-0.000003,0.004440,37.671803,1,0.007467,30591.978516,1.272242,-2082.173096,-0.000003,0.004413,37.552582,1,-0.016834,18435.351562,1.157040,5939.593750,-0.000004,-0.018441,35.323814,1,-0.015993,18519.593750,1.151043,5937.539551,-0.000004,-0.018435,35.321709,2320.731689,97998.695312,-6306.506836,-6.304688,0.895020,-22.233398,0.000000,0.000000,0.000000,0.000000,0.000000,0.000000,0.000000,0.000000,0.000000
776,12.933333,61.321167,0.000157,-165.681885,7.713788,0.000054,-21.009369,-0.351879,-0.000002,22.380596,4182.132,2,0.000000,4,4,35.357960,1,0,0,0.001513,0.999995,-0.002832,0.938726,-0.000444,0.344664,-0.000010,-0.000008,0.000000,0.000000,0.000000,1,0.006516,30452.138672,1.206767,-2093.670898,-0.000003,0.004437,37.709599,1,0.007467,30592.398438,1.231879,-2080.756348,-0.000003,0.004410,37.590260,1,-0.016836,18434.837891,1.066076,5936.787598,-0.000003,-0.018432,35.359009,1,-0.015995,18519.619141,1.070979,5935.046875,-0.000003,-0.018427,35.356911,2318.939941,97998.531250,-6302.584961,-4.734375,0.698242,-20.440430,0.000000,0.000000,0.000000,0.000000,0.000000,0.000000,0.000000,0.000000,0.000000
777,12.950000,61.449829,0.000158,-166.032349,7.721518,0.000050,-21.030378,-0.351879,-0.000002,22.402983,4186.300,2,0.000000,4,4,35.393131,1,0,0,0.001513,0.999995,-0.002832,0.938726,-0.000444,0.344664,-0.000004,-0.000032,0.000000,0.000000,0.000000,1,0.006515,30451.751953,1.147214,-2092.489502,-0.000002,0.004434,37.747368,1,0.007467,30593.128906,1.152540,-2079.592041,-0.000002,0.004407,37.627911,1,-0.016838,18434.263672,0.997716,5933.887695,-0.000003,-0.018423,35.394176,1,-0.015996,18519.527344,0.991069,5932.484375,-0.000003,-0.018419,35.392086,2316.918457,97998.234375,-6297.913574,-2.718750,0.701172,-17.827148,0.000000,0.000000,0.000000,0.000000,0.000000,0.000000,0.000000,0.000000,0.000000
778,12.966666,61.578613,0.000159,-166.383179,7.729241,0.000045,-21.051371,-0.351879,-0.000002,22.425348,4190.464,2,0.000000,4,4,35.428276,1,0,0,0.001514,0.999995,-0.002832,0.938726,-0.000445,0.344664,0.000001,-0.000053,0.000000,0.000000,0.000000,1,0.006514,30451.533203,1.068363,-2091.096924,-0.000002,0.004432,37.785114,1,0.007468,30593.646484,1.053834,-2078.189453,-0.000002,0.004404,37.665539,1,-0.016841,18433.781250,0.940701,5930.986816,-0.000003,-0.018414,35.429317,1,-0.015998,18519.523438,0.933826,5929.834473,-0.000003,-0.018411,35.427235,2315.017090,97998.078125,-6293.583008,-1.453125,0.914062,-16.038086,0.000000,0.000000,0.000000,0.000000,0.000000,0.000000,0.000000,0.000000,0.000000
779,12.983334,61.707520,0.000159,-166.734375,7.736958,0.000040,-21.072350,-0.351879,-0.000002,22.447702,4194.625,2,0.000000,4,4,35.463398,1,0,0,0.001515,0.999995,-0.002832,0.938726,-0.000446,0.344664,0.000006,-0.000072,0.000000,0.000000,0.000000,1,0.006513,30451.074219,1.009068,-2089.692139,-0.000002,0.004429,37.822834,1,0.007470,30594.123047,1.013808,-2076.864502,-0.000002,0.004401,37.703140,1,-0.016845,18433.189453,0.850236,5928.183594,-0.000003,-0.018406,35.464439,1,-0.015999,18519.468750,0.842977,5927.218262,-0.000003,-0.018403,35.462357,2313.148682,97997.414062,-6289.309082,-0.296875,0.443359,-13.983398,0.000000,0.000000,0.000000,0.000000,0.000000,0.000000,0.000000,0.000000,0.000000
780,13.000000,61.836548,0.000160,-167.085938,7.744668,0.000032,-21.093313,-0.351879,-0.000002,22.470039,4198.783,2,0.000000,4,4,35.498493,1,0,0,0.001517,0.999995,-0.002832,0.938726,-0.000448,0.344664,0.000011,-0.000089,0.000000,0.000000,0.000000,1,0.006512,30450.898438,0.911131,-2088.311035,-0.000002,0.004426,37.860527,1,0.007471,30594.875000,0.895962,-2075.334717,-0.000002,0.004398,37.740719,1,-0.016848,18432.777344,0.793493,5925.405273,-0.000002,-0.018397,35.499535,1,-0.016000,18519.654297,0.797233,5924.605957,-0.000002,-0.018394,35.497452,2311.317139,97997.890625,-6285.245117,0.476562,0.880371,-12.051758,0.000000,0.000000,0.000000,0.000000,0.000000,0.000000,0.000000,0.000000,0.000000
781,13.016666,61.965698,0.000160,-167.437866,7.752372,0.000026,-21.114264,-0.351879,-0.000001,22.492359,4202.938,2,0.000000,4,4,35.533562,1,0,0,0.001519,0.999995,-0.002832,0.938726,-0.000450,0.344664,0.000015,-0.000104,0.000000,0.000000,0.000000,1,0.006510,30450.722656,0.852122,-2087.009521,-0.000002,0.004423,37.898193,1,0.007474,30595.603516,0.875635,-2074.186279,-0.000002,0.004396,37.778267,1,-0.016852,18432.199219,0.714529,5922.542480,-0.000002,-0.018388,35.534603,1,-0.016000,18519.734375,0.717923,5921.927734,-0.000002,-0.018386,35.532520,2309.350830,97998.000000,-6280.579102,2.210938,0.386230,-9.718750,0.000000,0.000000,0.000000,0.000000,0.000000,0.000000,0.000000,0.000000,0.000000
782,13.033334,62.095093,0.000161,-167.790161,7.760070,0.000021,-21.135199,-0.351879,-0.000001,22.514666,4207.090,2,0.000000,4,4,35.568607,1,0,0,0.001521,0.999995,-0.002831,0.938726,-0.000452,0.344664,0.000020,-0.000117,0.000000,0.000000,0.000000,1,0.006509,30450.435547,0.715842,-2085.553711,-0.000002,0.004420,37.935837,1,0.007477,30596.404297,0.738713,-2072.819580,-0.000002,0.004393,37.815792,1,-0.016856,18431.814453,0.635734,5919.792969,-0.000002,-0.018379,35.569649,1,-0.016000,18519.916016,0.638773,5919.374512,-0.000002,-0.018378,35.567566,2307.412598,97998.406250,-6276.552246,6.320312,0.586914,-7.866211,0.000000,0.000000,0.000000,0.000000,0.000000,0.000000,0.000000,0.000000,0.000000
783,13.050000,62.224609,0.000161,-168.142822,7.767762,0.000016,-21.156120,-0.351879,-0.000001,22.536957,4211.240,2,0.000000,4,4,35.603626,1,0,0,0.001523,0.999995,-0.002831,0.938726,-0.000454,0.344664,0.000025,-0.000129,0.000000,0.000000,0.000000,1,0.006508,30449.906250,0.657139,-2084.235596,-0.000001,0.004417,37.973454,1,0.007480,30596.937500,0.679733,-2071.288330,-0.000001,0.004390,37.853294,1,-0.016859,18431.431641,0.568241,5917.009766,-0.000002,-0.018371,35.604671,1,-0.016000,18520.132812,0.559780,5916.716309,-0.000002,-0.018370,35.602581,2305.592529,97998.242188,-6272.362793,7.210938,0.332520,-6.583008,0.000000,0.000000,0.000000,0.000000,0.000000,0.000000,0.000000,0.000000,0.000000
784,13.066667,62.354248,0.000161,-168.495728,7.775447,0.000011,-21.177029,-0.351879,-0.000001,22.559231,4215.386,2,0.000000,4,4,35.638618,1,0,0,0.001525,0.999995,-0.002830,0.938726,-0.000456,0.344664,0.000030,-0.000139,0.000000,0.000000,0.000000,1,0.006506,30449.548828,0.598557,-2082.708984,-0.000001,0.004414,38.011044,1,0.007483,30597.712891,0.620872,-2069.928223,-0.000001,0.004387,37.890766,1,-0.016863,18430.894531,0.534271,5914.065430,-0.000002,-0.018362,35.639664,1,-0.015999,18520.308594,0.536863,5914.055176,-0.000002,-0.018362,35.637573,2303.812744,97998.335938,-6268.021484,7.937500,0.485840,-4.280273,0.000000,0.000000,0.000000,0.000000,0.000000,0.000000,0.000000,0.000000,0.000000
785,13.083333,62.484009,0.000161,-168.848999,7.783126,0.000006,-21.197922,-0.351879,-0.000001,22.581491,4219.529,2,0.000000,4,4,35.673588,1,0,0,0.001528,0.999995,-0.002830,0.938726,-0.000459,0.344664,0.000035,-0.000147,0.000000,0.000000,0.000000,1,0.006504,30449.173828,0.520804,-2081.484375,-0.000001,0.004411,38.048607,1,0.007486,30598.205078,0.503970,-2068.778809,-0.000001,0.004384,37.928211,1,-0.016867,18430.638672,0.444781,5911.300781,-0.000001,-0.018353,35.674633,1,-0.015999,18520.509766,0.446950,5911.410645,-0.000001,-0.018353,35.672543,2301.736328,97998.421875,-6263.453125,6.296875,-0.249512,3.830078,0.000000,0.000000,0.000000,0.000000,0.000000,0.000000,0.000000,0.000000,0.000000
786,13.100000,62.613892,0.000161,-169.202637,7.790799,0.000002,-21.218800,-0.351879,-0.000001,22.603735,4223.669,2,0.000000,4,4,35.708527,1,0,0,0.001530,0.999995,-0.002829,0.938726,-0.000461,0.344664,0.000036,-0.000145,0.000000,0.000000,0.000000,1,0.006502,30448.779297,0.192699,-2080.037598,-0.000000,0.004408,38.086147,1,0.007490,30598.697266,0.193647,-2067.257324,-0.000000,0.004381,37.965637,1,-0.016871,18430.332031,0.277710,5908.531250,-0.000001,-0.018345,35.709576,1,-0.015998,18520.812500,0.267911,5908.726562,-0.000001,-0.018345,35.707478,2299.276367,97998.554688,-6259.609863,4.718750,0.060547,4.364258,0.000000,0.000000,0.000000,0.000000,0.000000,0.000000,0.000000,0.000000,0.000000
787,13.116667,62.743896,0.000161,-169.556641,7.798463,-0.000002,-21.239664,-0.351879,-0.000001,22.625961,4227.806,2,0.000000,4,4,35.743439,1,0,0,0.001532,0.999995,-0.002829,0.938726,-0.000464,0.344664,0.000036,-0.000141,0.000000,0.000000,0.000000,1,0.006500,30448.705078,0.182596,-2078.617432,-0.000000,0.004405,38.123661,1,0.007493,30599.189453,0.183544,-2065.890381,-0.000000,0.004378,38.003033,1,-0.016874,18430.113281,0.155363,5905.634766,-0.000000,-0.018336,35.744488,1,-0.015996,18520.996094,0.144977,5905.972168,-0.000000,-0.018337,35.742390,2297.360840,97999.007812,-6255.163086,10.171875,-1.097656,5.018555,0.000000,0.000000,0.000000,0.000000,0.000000,0.000000,0.000000,0.000000,0.000000
788,13.133333,62.874023,0.000161,-169.911011,7.806121,-0.000005,-21.260515,-0.351879,-0.000001,22.648174,4231.939,2,0.000000,4,4,35.778328,1,0,0,0.001535,0.999995,-0.002828,0.938726,-0.000466,0.344664,0.000038,-0.000139,0.000000,0.000000,0.000000,1,0.006498,30448.105469,0.118228,-2077.239746,-0.000000,0.004402,38.161148,1,0.007496,30599.345703,0.109074,-2064.504639,-0.000000,0.004375,38.040401,1,-0.016878,18429.917969,0.133037,5902.755371,-0.000000,-0.018327,35.779377,1,-0.015995,18521.191406,0.133695,5903.270508,-0.000000,-0.018328,35.777279,2295.548340,97998.500000,-6250.728027,6.820312,-0.691406,4.942383,0.000000,0.000000,0.000000,0.000000,0.000000,0.000000,0.000000,0.000000,0.000000
789,13.150000,63.004272,0.000161,-170.265747,7.813773,-0.000010,-21.281351,-0.351879,-0.000001,22.670370,4236.070,2,0.000000,4,4,35.813194,1,0,0,0.001537,0.999995,-0.002827,0.938726,-0.000468,0.344664,0.000039,-0.000135,0.000000,0.000000,0.000000,1,0.006496,30448.236328,0.041463,-2075.990479,-0.000000,0.004400,38.198608,1,0.007499,30599.896484,0.028559,-2063.150146,-0.000000,0.004372,38.077747,1,-0.016881,18429.822266,0.121830,5899.957031,-0.000000,-0.018318,35.814243,1,-0.015993,18521.552734,0.111306,5900.632324,-0.000000,-0.018320,35.812145,2293.714111,97999.593750,-6246.284180,5.679688,-0.142090,5.291016,0.000000,0.000000,0.000000,0.000000,0.000000,0.000000,0.000000,0.000000,0.000000
790,13.166667,63.134644,0.000161,-170.620728,7.821418,-0.000011,-21.302172,-0.351879,-0.000001,22.692551,4240.198,2,0.000000,4,4,35.848030,1,0,0,0.001539,0.999995,-0.002827,0.938726,-0.000471,0.344664,0.000039,-0.000131,0.000000,0.000000,0.000000,1,0.006494,30447.654297,-0.054053,-2074.473389,-0.000000,0.004396,38.236046,1,0.007502,30600.353516,-0.070707,-2061.717773,-0.000000,0.004369,38.115067,1,-0.016883,18429.763672,0.066388,5897.181152,-0.000000,-0.018309,35.849083,1,-0.015992,18521.720703,0.044479,5897.859863,-0.000000,-0.018311,35.846977,2291.841309,97999.562500,-6242.103027,2.882812,-0.256836,5.519531,0.000000,0.000000,0.000000,0.000000,0.000000,0.000000,0.000000,0.000000,0.000000
791,13.183333,63.265137,0.000161,-170.976074,7.829058,-0.000012,-21.322979,-0.351879,-0.000002,22.714716,4244.323,2,0.000000,4,4,35.882843,1,0,0,0.001541,0.999995,-0.002826,0.938726,-0.000473,0.344664,0.000039,-0.000125,0.000000,0.000000,0.000000,1,0.006492,30447.580078,-0.168318,-2073.144043,0.000000,0.004393,38.273453,1,0.007505,30600.474609,-0.178620,-2060.267578,0.000000,0.004366,38.152359,1,-0.016885,18429.587891,0.033161,5894.335938,-0.000000,-0.018300,35.883896,1,-0.015990,18521.964844,0.011109,5895.161133,-0.000000,-0.018303,35.881790,2289.937500,97999.687500,-6237.755371,1.070312,0.317383,5.240234,0.000000,0.000000,0.000000,0.000000,0.000000,0.000000,0.000000,0.000000,0.000000
792,13.200000,63.395752,0.000160,-171.331787,7.836691,-0.000013,-21.343771,-0.351879,-0.000001,22.736866,4248.445,2,0.000000,4,4,35.917629,1,0,0,0.001543,0.999995,-0.002825,0.938726,-0.000475,0.344664,0.000037,-0.000119,0.000000,0.000000,0.000000,1,0.006491,30447.427734,-0.291231,-2071.664551,0.000000,0.004390,38.310837,1,0.007508,30600.878906,-0.301533,-2058.840576,0.000000,0.004363,38.189625,1,-0.016888,18429.423828,0.005577,5891.544922,-0.000000,-0.018292,35.918682,1,-0.015988,18522.070312,-0.009579,5892.427246,-0.000000,-0.018295,35.916576,2288.079102,97999.890625,-6233.546387,0.476562,0.770508,5.726562,0.000000,0.000000,0.000000,0.000000,0.000000,0.000000,0.000000,0.000000,0.000000
793,13.216666,63.526489,0.000160,-171.687866,7.844318,-0.000013,-21.364550,-0.351879,-0.000001,22.758999,4252.563,2,0.000000,4,4,35.952389,1,0,0,0.001545,0.999995,-0.002825,0.938726,-0.000477,0.344664,0.000035,-0.000112,0.000000,0.000000,0.000000,1,0.006489,30447.070312,-0.378630,-2070.250000,0.000000,0.004387,38.348190,1,0.007510,30601.060547,-0.399034,-2057.402344,0.000000,0.004360,38.226864,1,-0.016890,18429.349609,-0.032246,5888.710449,-0.000000,-0.018283,35.953442,1,-0.015987,18522.160156,-0.051739,5889.698730,0.000000,-0.018286,35.951336,2286.216309,97999.703125,-6229.240723,-1.757812,1.038086,5.476562,0.000000,0.000000,0.000000,0.000000,0.000000,0.000000,0.000000,0.000000,0.000000
794,13.233334,63.657349,0.000160,-172.044312,7.851939,-0.000014,-21.385313,-0.351879,-0.000001,22.781116,4256.679,2,0.000000,4,4,35.987122,1,0,0,0.001547,0.999995,-0.002824,0.938726,-0.000479,0.344664,0.000033,-0.000105,0.000000,0.000000,0.000000,1,0.006487,30447.142578,-0.502690,-2068.868164,0.000001,0.004384,38.385517,1,0.007513,30601.429688,-0.516741,-2055.832031,0.000001,0.004357,38.264076,1,-0.016892,18429.144531,-0.100997,5885.883301,0.000000,-0.018274,35.988178,1,-0.015985,18522.392578,-0.120489,5886.942871,0.000000,-0.018277,35.986065,2284.272949,98000.234375,-6225.046875,-2.140625,1.337891,5.853516,0.000000,0.000000,0.000000,0.000000,0.000000,0.000000,0.000000,0.000000,0.000000
795,13.250000,63.788330,0.000160,-172.401123,7.859553,-0.000013,-21.406063,-0.351879,-0.000000,22.803221,4260.791,2,0.000000,4,4,36.021828,1,0,0,0.001548,0.999995,-0.002824,0.938726,-0.000480,0.344664,0.000030,-0.000097,0.000000,0.000000,0.000000,1,0.006486,30447.042969,-0.597589,-2067.405029,0.000001,0.004381,38.422821,1,0.007515,30601.574219,-0.601537,-2054.698486,0.000001,0.004354,38.301258,1,-0.016893,18429.169922,-0.160081,5883.059082,0.000000,-0.018265,36.022884,1,-0.015984,18522.332031,-0.186469,5884.021484,0.000000,-0.018268,36.020771,2282.221191,98000.218750,-6220.342773,-7.156250,0.487793,8.980469,0.000000,0.000000,0.000000,0.000000,0.000000,0.000000,0.000000,0.000000,0.000000
796,13.266666,63.919434,0.000160,-172.758179,7.867160,-0.000013,-21.426798,-0.351879,-0.000000,22.825306,4264.900,2,0.000000,4,4,36.056511,1,0,0,0.001550,0.999995,-0.002823,0.938726,-0.000482,0.344664,0.000024,-0.000083,0.000000,0.000000,0.000000,1,0.006485,30447.074219,-0.739252,-2066.102783,0.000001,0.004379,38.460094,1,0.007517,30601.685547,-0.749553,-2053.193359,0.000001,0.004351,38.338417,1,-0.016895,18429.001953,-0.261324,5880.182129,0.000000,-0.018257,36.057568,1,-0.015983,18522.310547,-0.283376,5881.203125,0.000001,-0.018260,36.055454,2280.087402,98000.156250,-6215.945801,-7.250000,0.641113,8.802734,0.000000,0.000000,0.000000,0.000000,0.000000,0.000000,0.000000,0.000000,0.000000
797,13.283334,64.050659,0.000159,-173.115601,7.874761,-0.000012,-21.447517,-0.351879,-0.000000,22.847376,4269.006,2,0.000000,4,4,36.091167,1,0,0,0.001551,0.999995,-0.002823,0.938726,-0.000483,0.344664,0.000018,-0.000070,0.000000,0.000000,0.000000,1,0.006484,30447.250000,-0.590964,-2064.592529,0.000001,0.004375,38.497345,1,0.007519,30601.759766,-0.593963,-2051.764893,0.000001,0.004348,38.375549,1,-0.016897,18428.910156,-0.355461,5877.419922,0.000001,-0.018248,36.092224,1,-0.015982,18522.189453,-0.377513,5878.444824,0.000001,-0.018251,36.090111,2278.625488,98000.187500,-6211.627441,-8.617188,-1.182617,8.760742,0.000000,0.000000,0.000000,0.000000,0.000000,0.000000,0.000000,0.000000,0.000000
798,13.300000,64.182007,0.000159,-173.473389,7.882356,-0.000012,-21.468224,-0.351879,-0.000000,22.869431,4273.109,2,0.000000,4,4,36.125797,1,0,0,0.001552,0.999995,-0.002823,0.938726,-0.000484,0.344664,0.000011,-0.000056,0.000000,0.000000,0.000000,1,0.006484,30447.369141,-0.685621,-2063.156738,0.000001,0.004372,38.534565,1,0.007520,30601.912109,-0.689101,-2050.271240,0.000001,0.004345,38.412655,1,-0.016898,18428.908203,-0.432252,5874.612793,0.000001,-0.018239,36.126858,1,-0.015982,18522.109375,-0.454304,5875.545898,0.000001,-0.018242,36.124737,2276.665039,98000.390625,-6207.284668,-8.789062,-1.395508,8.352539,0.000000,0.000000,0.000000,0.000000,0.000000,0.000000,0.000000,0.000000,0.000000
799,13.316667,64.313477,0.000159,-173.831543,7.889945,-0.000011,-21.488914,-0.351879,-0.000001,22.891470,4277.209,2,0.000000,4,4,36.160404,1,0,0,0.001553,0.999995,-0.002823,0.938726,-0.000484,0.344664,0.000005,-0.000042,0.000000,0.000000,0.000000,1,0.006484,30447.634766,-0.742047,-2061.882568,0.000002,0.004370,38.571758,1,0.007522,30601.822266,-0.726682,-2048.914551,0.000002,0.004342,38.449730,1,-0.016899,18428.851562,-0.307101,5871.840332,0.000001,-0.018231,36.161465,1,-0.015981,18521.927734,-0.297629,5872.705078,0.000001,-0.018233,36.159344,2275.132568,98000.304688,-6202.563965,-8.500000,0.196289,7.864258,0.000000,0.000000,0.000000,0.000000,0.000000,0.000000,0.000000,0.000000,0.000000
800,13.333333,64.445068,0.000159,-174.190063,7.897529,-0.000010,-21.509590,-0.351879,-0.000001,22.913492,4281.307,2,0.000000,4,4,36.194984,1,0,0,0.001553,0.999995,-0.002823,0.938726,-0.000485,0.344664,-0.000001,-0.000030,0.000000,0.000000,0.000000,1,0.006484,30447.953125,-0.722333,-2060.468018,0.000002,0.004367,38.608929,1,0.007523,30601.902344,-0.725985,-2047.424194,0.000002,0.004339,38.486782,1,-0.016900,18428.656250,-0.328717,5868.991699,0.000001,-0.018222,36.196045,1,-0.015982,18521.634766,-0.319363,5869.836914,0.000001,-0.018224,36.193924,2273.460693,98000.195312,-6198.076172,-6.234375,0.007812,8.199219,0.000000,0.000000,0.000000,0.000000,0.000000,0.000000,0.000000,0.000000,0.000000
801,13.350000,64.576782,0.000159,-174.548950,7.905107,-0.000009,-21.530251,-0.351879,-0.000001,22.935497,4285.401,2,0.000000,4,4,36.229538,1,0,0,0.001553,0.999995,-0.002823,0.938726,-0.000485,0.344664,-0.000007,-0.000018,0.000000,0.000000,0.000000,1,0.006485,30448.210938,-0.740637,-2058.979980,0.000002,0.004363,38.646072,1,0.007524,30601.855469,-0.725288,-2046.078613,0.000002,0.004336,38.523804,1,-0.016901,18428.753906,-0.328404,5866.204102,0.000001,-0.018213,36.230602,1,-0.015982,18521.445312,-0.330055,5866.891113,0.000001,-0.018215,36.228474,2271.753906,98000.320312,-6193.507812,-6.523438,-0.289062,7.300781,0.000000,0.000000,0.000000,0.000000,0.000000,0.000000,0.000000,0.000000,0.000000
802,13.366667,64.708618,0.000158,-174.908081,7.912680,-0.000008,-21.550896,-0.351879,-0.000001,22.957489,4289.492,2,0.000000,4,4,36.264069,1,0,0,0.001553,0.999995,-0.002823,0.938726,-0.000485,0.344664,-0.000012,-0.000006,0.000000,0.000000,0.000000,1,0.006485,30448.505859,-0.720962,-2057.572266,0.000002,0.004360,38.683189,1,0.007525,30601.771484,-0.724591,-2044.585938,0.000002,0.004333,38.560802,1,-0.016902,18428.656250,-0.295279,5863.364746,0.000001,-0.018204,36.265133,1,-0.015983,18521.232422,-0.318744,5864.067383,0.000001,-0.018206,36.263004,2270.181152,98000.195312,-6189.034180,-5.710938,-0.027344,6.981445,0.000000,0.000000,0.000000,0.000000,0.000000,0.000000,0.000000,0.000000,0.000000
803,13.383333,64.840576,0.000158,-175.267578,7.920247,-0.000008,-21.571526,-0.351879,-0.000001,22.979462,4293.581,2,0.000000,4,4,36.298573,1,0,0,0.001553,0.999995,-0.002823,0.938726,-0.000485,0.344664,-0.000017,0.000004,0.000000,0.000000,0.000000,1,0.006486,30448.835938,-0.720280,-2056.023926,0.000002,0.004357,38.720280,1,0.007525,30601.765625,-0.704848,-2043.176636,0.000001,0.004330,38.597771,1,-0.016903,18428.714844,-0.305923,5860.624512,0.000001,-0.018196,36.299637,1,-0.015984,18520.996094,-0.296474,5861.205566,0.000001,-0.018198,36.297508,2268.617676,98000.359375,-6184.683594,-5.125000,-0.289062,6.427734,0.000000,0.000000,0.000000,0.000000,0.000000,0.000000,0.000000,0.000000,0.000000
804,13.400000,64.972656,0.000158,-175.627380,7.927809,-0.000007,-21.592142,-0.351879,-0.000001,23.001421,4297.666,2,0.000000,4,4,36.333046,1,0,0,0.001553,0.999995,-0.002824,0.938726,-0.000485,0.344664,-0.000021,0.000014,0.000000,0.000000,0.000000,1,0.006487,30449.087891,-0.662788,-2054.768799,0.000001,0.004355,38.757339,1,0.007526,30601.628906,-0.647077,-2041.910522,0.000001,0.004327,38.634712,1,-0.016904,18428.642578,-0.261969,5857.731934,0.000001,-0.018187,36.334110,1,-0.015986,18520.736328,-0.274248,5858.265137,0.000001,-0.018188,36.331982,2266.964844,98000.101562,-6179.654785,1.210938,-0.486328,5.936523,0.000000,0.000000,0.000000,0.000000,0.000000,0.000000,0.000000,0.000000,0.000000
805,13.416667,65.104858,0.000158,-175.987610,7.935366,-0.000006,-21.612741,-0.351879,-0.000001,23.023363,4301.748,2,0.000000,4,4,36.367496,1,0,0,0.001553,0.999995,-0.002824,0.938726,-0.000484,0.344664,-0.000022,0.000021,0.000000,0.000000,0.000000,1,0.006489,30449.470703,-0.548652,-2053.305908,0.000001,0.004351,38.794376,1,0.007526,30601.681641,-0.551394,-2040.365479,0.000001,0.004324,38.671631,1,-0.016904,18428.722656,-0.185385,5854.975586,0.000001,-0.018178,36.368565,1,-0.015987,18520.527344,-0.186309,5855.349609,0.000001,-0.018179,36.366428,2265.716309,98000.453125,-6175.166992,1.765625,-0.355469,5.612305,0.000000,0.000000,0.000000,0.000000,0.000000,0.000000,0.000000,0.000000,0.000000
806,13.433333,65.237183,0.000158,-176.348145,7.942918,-0.000005,-21.633326,-0.351879,-0.000001,23.045288,4305.826,2,0.000000,4,4,36.401920,1,0,0,0.001552,0.999995,-0.002825,0.938726,-0.000484,0.344664,-0.000024,0.000027,0.000000,0.000000,0.000000,1,0.006490,30449.550781,-0.529230,-2051.752930,0.000001,0.004348,38.831387,1,0.007526,30601.511719,-0.493881,-2039.031494,0.000001,0.004321,38.708519,1,-0.016905,18428.751953,-0.141630,5852.132324,0.000000,-0.018169,36.402988,1,-0.015988,18520.382812,-0.153283,5852.464844,0.000000,-0.018170,36.400852,2264.199219,98000.218750,-6170.588379,0.578125,-0.479004,4.758789,0.000000,0.000000,0.000000,0.000000,0.000000,0.000000,0.000000,0.000000,0.000000
807,13.450000,65.369751,0.000158,-176.709045,7.950466,-0.000004,-21.653894,-0.351879,-0.000001,23.067200,4309.902,2,0.000000,4,4,36.436317,1,0,0,0.001552,0.999995,-0.002825,0.938726,-0.000483,0.344664,-0.000025,0.000033,0.000000,0.000000,0.000000,1,0.006491,30449.951172,-0.453201,-2050.446289,0.000001,0.004345,38.868366,1,0.007526,30601.304688,-0.455454,-2037.551147,0.000001,0.004318,38.745384,1,-0.016905,18428.791016,-0.087075,5849.303223,0.000000,-0.018161,36.437386,1,-0.015990,18520.162109,-0.098445,5849.563477,0.000000,-0.018161,36.435249,2262.712646,98000.226562,-6165.888672,0.710938,-0.160645,3.875000,0.000000,0.000000,0.000000,0.000000,0.000000,0.000000,0.000000,0.000000,0.000000
808,13.466666,65.502441,0.000158,-177.070312,7.958008,-0.000004,-21.674448,-0.351880,-0.000001,23.089092,4313.975,2,0.000000,4,4,36.470692,1,0,0,0.001551,0.999995,-0.002825,0.938726,-0.000482,0.344664,-0.000026,0.000037,0.000000,0.000000,0.000000,1,0.006492,30450.050781,-0.358445,-2049.049561,0.000001,0.004342,38.905323,1,0.007526,30601.175781,-0.360224,-2036.154053,0.000001,0.004315,38.782219,1,-0.016905,18428.767578,-0.043496,5846.501953,0.000000,-0.018152,36.471760,1,-0.015992,18520.007812,-0.032784,5846.692871,0.000000,-0.018153,36.469624,2261.319336,97999.976562,-6161.224609,-0.039062,-0.232422,3.379883,0.000000,0.000000,0.000000,0.000000,0.000000,0.000000,0.000000,0.000000,0.000000
809,13.483334,65.635254,0.000158,-177.431885,7.965546,-0.000004,-21.694986,-0.351880,-0.000001,23.110970,4318.044,2,0.000000,4,4,36.505035,1,0,0,0.001550,0.999995,-0.002826,0.938726,-0.000481,0.344664,-0.000027,0.000042,0.000000,0.000000,0.000000,1,0.006494,30450.578125,-0.339264,-2047.539795,0.000001,0.004339,38.942253,1,0.007526,30601.251953,-0.322002,-2034.774658,0.000001,0.004312,38.819027,1,-0.016905,18428.896484,-0.000000,5843.677246,0.000000,-0.018143,36.506107,1,-0.015993,18519.927734,-0.000000,5843.734375,0.000000,-0.018143,36.503963,2259.765137,98000.734375,-6156.602539,0.093750,-0.296387,2.729492,0.000000,0.000000,0.000000,0.000000,0.000000,0.000000,0.000000,0.000000,0.000000
810,13.500000,65.768188,0.000158,-177.793823,7.973079,-0.000002,-21.715508,-0.351880,-0.000001,23.132832,4322.111,2,0.000000,4,4,36.539356,1,0,0,0.001550,0.999995,-0.002826,0.938726,-0.000481,0.344664,-0.000028,0.000045,0.000000,0.000000,0.000000,1,0.006496,30450.601562,-0.320114,-2046.073120,0.000001,0.004336,38.979153,1,0.007525,30601.011719,-0.302772,-2033.304565,0.000001,0.004309,38.855812,1,-0.016905,18428.896484,0.013792,5840.862305,-0.000000,-0.018134,36.540428,1,-0.015995,18519.707031,0.020688,5840.902832,-0.000000,-0.018135,36.538284,2258.216797,98000.218750,-6152.173340,-0.820312,-0.246094,1.903320,0.000000,0.000000,0.000000,0.000000,0.000000,0.000000,0.000000,0.000000,0.000000
811,13.516666,65.901245,0.000158,-178.156067,7.980606,-0.000001,-21.736015,-0.351880,-0.000001,23.154676,4326.174,2,0.000000,4,4,36.573647,1,0,0,0.001549,0.999995,-0.002827,0.938726,-0.000480,0.344664,-0.000029,0.000048,0.000000,0.000000,0.000000,1,0.006497,30450.701172,-0.225750,-2044.689209,0.000000,0.004333,39.016026,1,0.007525,30600.734375,-0.226863,-2031.762817,0.000000,0.004306,38.892567,1,-0.016905,18428.896484,0.039600,5838.056641,-0.000000,-0.018126,36.574718,1,-0.015996,18519.322266,0.042160,5837.948242,-0.000000,-0.018125,36.572575,2256.761230,97999.570312,-6147.576172,-0.734375,-0.457031,1.179688,0.000000,0.000000,0.000000,0.000000,0.000000,0.000000,0.000000,0.000000,0.000000
812,13.533334,66.034424,0.000158,-178.518677,7.988129,-0.000002,-21.756508,-0.351880,-0.000001,23.176506,4330.234,2,0.000000,4,4,36.607910,1,0,0,0.001548,0.999995,-0.002827,0.938726,-0.000479,0.344664,-0.000030,0.000049,0.000000,0.000000,0.000000,1,0.006498,30451.117188,-0.206746,-2043.257446,0.000000,0.004330,39.052872,1,0.007524,30600.757812,-0.226649,-2030.392090,0.000000,0.004303,38.929295,1,-0.016905,18428.896484,0.079983,5835.140137,-0.000000,-0.018117,36.608982,1,-0.015998,18519.207031,0.089438,5835.005859,-0.000000,-0.018116,36.606838,2255.125244,97999.953125,-6142.809570,-0.390625,-0.186035,0.794922,0.000000,0.000000,0.000000,0.000000,0.000000,0.000000,0.000000,0.000000,0.000000
813,13.550000,66.167725,0.000158,-178.881653,7.995646,-0.000003,-21.776983,-0.351880,-0.000001,23.198317,4334.291,2,0.000000,4,4,36.642151,1,0,0,0.001547,0.999995,-0.002828,0.938726,-0.000478,0.344664,-0.000031,0.000050,0.000000,0.000000,0.000000,1,0.006500,30451.458984,-0.187776,-2041.824707,0.000000,0.004327,39.089691,1,0.007524,30600.800781,-0.188697,-2028.952881,0.000000,0.004300,38.965996,1,-0.016905,18428.896484,0.116812,5832.352539,-0.000000,-0.018108,36.643227,1,-0.016000,18519.025391,0.128828,5832.053223,-0.000000,-0.018107,36.641075,2253.578613,98000.195312,-6138.210449,0.210938,-0.131348,0.564453,0.000000,0.000000,0.000000,0.000000,0.000000,0.000000,0.000000,0.000000,0.000000
814,13.566667,66.301147,0.000158,-179.244934,8.003158,-0.000002,-21.797443,-0.351880,-0.000001,23.220112,4338.345,2,0.000000,4,4,36.676365,1,0,0,0.001546,0.999995,-0.002828,0.938726,-0.000477,0.344664,-0.000031,0.000051,0.000000,0.000000,0.000000,1,0.006502,30451.705078,-0.168841,-2040.316406,0.000000,0.004324,39.126484,1,0.007523,30600.634766,-0.188519,-2027.430786,0.000000,0.004297,39.002670,1,-0.016905,18429.048828,0.151865,5829.502930,-0.000000,-0.018099,36.677441,1,-0.016002,18518.921875,0.166440,5829.214355,-0.000000,-0.018098,36.675289,2252.065430,98000.343750,-6133.822266,-1.085938,0.418457,-4.337891,0.000000,0.000000,0.000000,0.000000,0.000000,0.000000,0.000000,0.000000,0.000000
815,13.583333,66.434692,0.000158,-179.608582,8.010665,-0.000001,-21.817890,-0.351880,-0.000001,23.241894,4342.396,2,0.000000,4,4,36.710552,1,0,0,0.001546,0.999995,-0.002829,0.938726,-0.000476,0.344664,-0.000030,0.000046,0.000000,0.000000,0.000000,1,0.006503,30451.726562,-0.037485,-2038.870361,0.000000,0.004321,39.163250,1,0.007523,30600.677734,-0.056503,-2026.146484,0.000000,0.004294,39.039314,1,-0.016905,18428.919922,0.230854,5826.572754,-0.000000,-0.018090,36.711628,1,-0.016003,18518.753906,0.241093,5826.244141,-0.000000,-0.018089,36.709476,2250.680664,98000.070312,-6128.840332,-1.250000,0.207031,-4.098633,0.000000,0.000000,0.000000,0.000000,0.000000,0.000000,0.000000,0.000000,0.000000
816,13.600000,66.568359,0.000158,-179.972534,8.018167,-0.000001,-21.838320,-0.351880,-0.000001,23.263659,4346.443,2,0.000000,4,4,36.744713,1,0,0,0.001545,0.999995,-0.002829,0.938726,-0.000475,0.344664,-0.000029,0.000041,0.000000,0.000000,0.000000,1,0.006505,30452.048828,-0.017279,-2037.303467,0.000000,0.004318,39.199989,1,0.007523,30600.736328,-0.036297,-2024.720459,0.000000,0.004291,39.075935,1,-0.016905,18428.767578,0.300177,5823.645508,-0.000001,-0.018081,36.745789,1,-0.016005,18518.509766,0.310416,5823.298340,-0.000001,-0.018080,36.743637,2249.172363,98000.046875,-6124.212402,1.484375,0.453125,-3.783203,0.000000,0.000000,0.000000,0.000000,0.000000,0.000000,0.000000,0.000000,0.000000
817,13.616667,66.702148,0.000158,-180.336853,8.025664,-0.000001,-21.858734,-0.351880,-0.000001,23.285406,4350.488,2,0.000000,4,4,36.778847,1,0,0,0.001544,0.999995,-0.002830,0.938726,-0.000474,0.344664,-0.000027,0.000036,0.000000,0.000000,0.000000,1,0.006506,30452.054688,0.040736,-2035.937256,0.000000,0.004315,39.236698,1,0.007522,30600.701172,0.021718,-2023.146240,0.000000,0.004288,39.112530,1,-0.016905,18428.744141,0.384075,5820.806641,-0.000001,-0.018072,36.779926,1,-0.016007,18518.482422,0.394314,5820.352051,-0.000001,-0.018071,36.777767,2247.774902,97999.960938,-6119.582031,-0.023438,1.040039,-4.170898,0.000000,0.000000,0.000000,0.000000,0.000000,0.000000,0.000000,0.000000,0.000000
818,13.633333,66.836060,0.000158,-180.701477,8.033157,-0.000001,-21.879133,-0.351880,-0.000001,23.307138,4354.529,2,0.000000,4,4,36.812954,1,0,0,0.001544,0.999995,-0.002830,0.938726,-0.000474,0.344664,-0.000025,0.000031,0.000000,0.000000,0.000000,1,0.006507,30452.248047,0.087192,-2034.442139,-0.000000,0.004311,39.273380,1,0.007522,30600.777344,0.078277,-2021.802856,-0.000000,0.004285,39.149094,1,-0.016906,18428.566406,0.258531,5817.889648,-0.000001,-0.018063,36.814034,1,-0.016008,18518.250000,0.238140,5817.429199,-0.000001,-0.018062,36.811874,2245.888672,97999.796875,-6114.963379,1.234375,-0.705078,-3.959961,0.000000,0.000000,0.000000,0.000000,0.000000,0.000000,0.000000,0.000000,0.000000
819,13.650000,66.970093,0.000158,-181.066467,8.040644,-0.000001,-21.899517,-0.351880,-0.000001,23.328854,4358.567,2,0.000000,4,4,36.847038,1,0,0,0.001543,0.999995,-0.002831,0.938726,-0.000473,0.344665,-0.000023,0.000026,0.000000,0.000000,0.000000,1,0.006509,30452.328125,0.151251,-2033.016357,-0.000000,0.004308,39.310036,1,0.007522,30600.871094,0.125881,-2020.245850,-0.000000,0.004281,39.185635,1,-0.016906,18428.519531,0.301338,5814.983398,-0.000001,-0.018054,36.848118,1,-0.016010,18518.236328,0.438127,5814.543945,-0.000001,-0.018053,36.845959,2244.569336,97999.937500,-6110.341309,0.343750,0.280273,-3.971680,0.000000,0.000000,0.000000,0.000000,0.000000,0.000000,0.000000,0.000000,0.000000
820,13.666667,67.104248,0.000158,-181.431824,8.048125,-0.000001,-21.919886,-0.351880,-0.000001,23.350552,4362.603,2,0.000000,4,4,36.881092,1,0,0,0.001543,0.999995,-0.002831,0.938726,-0.000473,0.344665,-0.000022,0.000021,0.000000,0.000000,0.000000,1,0.006510,30452.281250,0.206355,-2031.513794,-0.000000,0.004305,39.346664,1,0.007522,30600.984375,0.197440,-2018.912354,-0.000000,0.004279,39.222145,1,-0.016907,18428.394531,0.311808,5812.100586,-0.000001,-0.018045,36.882175,1,-0.016011,18518.015625,0.324129,5811.563965,-0.000001,-0.018043,36.880009,2242.863770,97999.617188,-6105.628418,0.523438,-0.811035,-3.750977,0.000000,0.000000,0.000000,0.000000,0.000000,0.000000,0.000000,0.000000,0.000000
821,13.683333,67.238525,0.000158,-181.797485,8.055601,-0.000003,-21.940237,-0.351880,-0.000001,23.372231,4366.635,2,0.000000,4,4,36.915123,1,0,0,0.001543,0.999995,-0.002831,0.938726,-0.000472,0.344665,-0.000020,0.000016,0.000000,0.000000,0.000000,1,0.006511,30452.533203,0.234900,-2030.107544,-0.000000,0.004302,39.383263,1,0.007523,30601.113281,0.219632,-2017.439087,-0.000000,0.004275,39.258629,1,-0.016908,18428.257812,0.343742,5809.223633,-0.000001,-0.018036,36.916206,1,-0.016013,18518.011719,0.334622,5808.740723,-0.000001,-0.018035,36.914040,2241.294678,97999.906250,-6101.084961,0.718750,-0.623535,-3.594727,0.000000,0.000000,0.000000,0.000000,0.000000,0.000000,0.000000,0.000000,0.000000
822,13.700000,67.372925,0.000157,-182.163513,8.063072,-0.000003,-21.960573,-0.351880,-0.000001,23.393894,4370.664,2,0.000000,4,4,36.949123,1,0,0,0.001543,0.999995,-0.002832,0.938726,-0.000472,0.344665,-0.000019,0.000011,0.000000,0.000000,0.000000,1,0.006512,30452.691406,0.186214,-2028.481934,-0.000000,0.004299,39.419838,1,0.007523,30601.373047,0.168411,-2015.832764,-0.000000,0.004272,39.295086,1,-0.016908,18428.185547,0.354155,5806.296875,-0.000001,-0.018027,36.950207,1,-0.016014,18517.880859,0.355878,5805.887207,-0.000001,-0.018026,36.948040,2239.667969,98000.156250,-6096.851562,1.484375,-0.147461,-3.261719,0.000000,0.000000,0.000000,0.000000,0.000000,0.000000,0.000000,0.000000,0.000000
823,13.716666,67.507446,0.000157,-182.529846,8.070538,-0.000002,-21.980896,-0.351880,-0.000002,23.415545,4374.689,2,0.000000,4,4,36.983097,1,0,0,0.001542,0.999995,-0.002832,0.938726,-0.000472,0.344665,-0.000017,0.000007,0.000000,0.000000,0.000000,1,0.006513,30452.738281,0.148834,-2027.142578,-0.000000,0.004296,39.456383,1,0.007524,30601.443359,0.186950,-2014.581055,-0.000000,0.004269,39.331512,1,-0.016909,18428.037109,0.353824,5803.355957,-0.000001,-0.018018,36.984180,1,-0.016015,18517.824219,0.366322,5802.866211,-0.000001,-0.018016,36.982014,2237.813477,98000.046875,-6091.825195,0.890625,-0.209473,-3.312500,0.000000,0.000000,0.000000,0.000000,0.000000,0.000000,0.000000,0.000000,0.000000
824,13.733334,67.642090,0.000157,-182.896545,8.077997,-0.000002,-22.001202,-0.351880,-0.000002,23.437178,4378.712,2,0.000000,4,4,37.017044,1,0,0,0.001542,0.999995,-0.002832,0.938726,-0.000472,0.344665,-0.000015,0.000002,0.000000,0.000000,0.000000,1,0.006513,30452.654297,0.148696,-2025.653809,-0.000000,0.004293,39.492901,1,0.007524,30601.513672,0.130745,-2012.970581,-0.000000,0.004266,39.367916,1,-0.016910,18428.029297,0.332073,5800.427734,-0.000001,-0.018009,37.018131,1,-0.016016,18517.781250,0.355219,5799.898438,-0.000001,-0.018007,37.015957,2236.081543,97999.968750,-6087.366211,-0.546875,-0.109375,-3.708008,0.000000,0.000000,0.000000,0.000000,0.000000,0.000000,0.000000,0.000000,0.000000
825,13.750000,67.776855,0.000157,-183.263550,8.085451,-0.000002,-22.021492,-0.351880,-0.000002,23.458794,4382.731,2,0.000000,4,4,37.050964,1,0,0,0.001542,0.999995,-0.002832,0.938726,-0.000472,0.344665,-0.000014,-0.000002,0.000000,0.000000,0.000000,1,0.006514,30452.759766,0.092850,-2024.181885,-0.000000,0.004290,39.529392,1,0.007525,30601.806641,0.074643,-2011.451172,-0.000000,0.004263,39.404289,1,-0.016911,18427.652344,0.331761,5797.393555,-0.000001,-0.017999,37.052052,1,-0.016017,18517.595703,0.322626,5796.936523,-0.000001,-0.017998,37.049877,2234.224609,97999.789062,-6082.730469,1.640625,0.171387,-2.503906,0.000000,0.000000,0.000000,0.000000,0.000000,0.000000,0.000000,0.000000,0.000000
826,13.766666,67.911743,0.000157,-183.630920,8.092898,-0.000003,-22.041767,-0.351880,-0.000002,23.480392,4386.748,2,0.000000,4,4,37.084862,1,0,0,0.001543,0.999995,-0.002833,0.938726,-0.000472,0.344665,-0.000013,-0.000006,0.000000,0.000000,0.000000,1,0.006515,30452.865234,0.092764,-2022.786133,-0.000000,0.004287,39.565853,1,0.007525,30601.800781,0.074575,-2010.206421,-0.000000,0.004260,39.440632,1,-0.016912,18427.685547,0.310072,5794.498047,-0.000001,-0.017990,37.085949,1,-0.016018,18517.628906,0.311585,5794.051270,-0.000001,-0.017989,37.083775,2232.426758,97999.984375,-6077.928711,-0.156250,-0.125000,-3.329102,0.000000,0.000000,0.000000,0.000000,0.000000,0.000000,0.000000,0.000000,0.000000
827,13.783334,68.046753,0.000157,-183.998596,8.100340,-0.000003,-22.062027,-0.351880,-0.000002,23.501978,4390.761,2,0.000000,4,4,37.118729,1,0,0,0.001543,0.999995,-0.002833,0.938726,-0.000472,0.344665,-0.000012,-0.000010,0.000000,0.000000,0.000000,1,0.006515,30452.748047,0.074143,-2021.163940,-0.000000,0.004283,39.602287,1,0.007526,30602.000000,0.093133,-2008.616821,-0.000000,0.004257,39.476952,1,-0.016913,18427.513672,0.299102,5791.586426,-0.000001,-0.017981,37.119816,1,-0.016019,18517.533203,0.300563,5791.174805,-0.000001,-0.017980,37.117641,2230.832520,97999.765625,-6073.651367,-0.203125,-0.221680,-2.854492,0.000000,0.000000,0.000000,0.000000,0.000000,0.000000,0.000000,0.000000,0.000000
828,13.800000,68.181885,0.000157,-184.366638,8.107776,-0.000004,-22.082272,-0.351880,-0.000002,23.523544,4394.771,2,0.000000,4,4,37.152569,1,0,0,0.001543,0.999995,-0.002833,0.938726,-0.000472,0.344665,-0.000011,-0.000013,0.000000,0.000000,0.000000,1,0.006516,30452.929688,0.055557,-2019.852783,-0.000000,0.004281,39.638691,1,0.007527,30602.218750,0.037219,-2007.249878,-0.000000,0.004254,39.513241,1,-0.016914,18427.328125,0.320169,5788.639648,-0.000001,-0.017972,37.153660,1,-0.016020,18517.437500,0.332460,5788.148926,-0.000001,-0.017971,37.151478,2228.991943,97999.914062,-6068.700195,0.500000,0.220703,-2.459961,0.000000,0.000000,0.000000,0.000000,0.000000,0.000000,0.000000,0.000000,0.000000
829,13.816667,68.317139,0.000157,-184.734985,8.115206,-0.000004,-22.102501,-0.351880,-0.000002,23.545094,4398.777,2,0.000000,4,4,37.186382,1,0,0,0.001543,0.999995,-0.002833,0.938726,-0.000472,0.344665,-0.000010,-0.000016,0.000000,0.000000,0.000000,1,0.006516,30453.017578,0.095968,-2018.324097,-0.000000,0.004277,39.675072,1,0.007528,30602.453125,0.067528,-2005.743286,-0.000000,0.004251,39.549507,1,-0.016916,18427.132812,0.319873,5785.620117,-0.000001,-0.017963,37.187473,1,-0.016021,18517.417969,0.310726,5785.196289,-0.000001,-0.017962,37.185291,2227.340332,98000.039062,-6064.060059,0.718750,-0.027344,-1.959961,0.000000,0.000000,0.000000,0.000000,0.000000,0.000000,0.000000,0.000000,0.000000
830,13.833333,68.452515,0.000157,-185.103699,8.122630,-0.000004,-22.122715,-0.351880,-0.000002,23.566629,4402.780,2,0.000000,4,4,37.220169,1,0,0,0.001544,0.999995,-0.002833,0.938726,-0.000472,0.344665,-0.000009,-0.000019,0.000000,0.000000,0.000000,1,0.006517,30452.994141,0.036970,-2017.007080,-0.000000,0.004275,39.711422,1,0.007529,30602.593750,0.088881,-2004.378540,-0.000000,0.004248,39.585743,1,-0.016917,18427.000000,0.319578,5782.590332,-0.000001,-0.017954,37.221260,1,-0.016022,18517.333984,0.310440,5782.232422,-0.000001,-0.017952,37.219078,2225.477783,97999.914062,-6059.097656,0.195312,-0.036133,1.792969,0.000000,0.000000,0.000000,0.000000,0.000000,0.000000,0.000000,0.000000,0.000000
831,13.850000,68.588013,0.000157,-185.472717,8.130049,-0.000004,-22.142912,-0.351880,-0.000002,23.588146,4406.781,2,0.000000,4,4,37.253929,1,0,0,0.001544,0.999995,-0.002833,0.938726,-0.000473,0.344665,-0.000009,-0.000017,0.000000,0.000000,0.000000,1,0.006517,30453.064453,-0.013545,-2015.413818,-0.000000,0.004271,39.747749,1,0.007530,30602.734375,0.023058,-2002.874023,-0.000000,0.004245,39.621952,1,-0.016918,18426.867188,0.223499,5779.610352,-0.000001,-0.017944,37.255020,1,-0.016023,18517.250000,0.235291,5779.277344,-0.000001,-0.017943,37.252838,2223.544434,97999.906250,-6054.666504,0.289062,-0.576172,1.795898,0.000000,0.000000,0.000000,0.000000,0.000000,0.000000,0.000000,0.000000,0.000000
832,13.866667,68.723633,0.000157,-185.842102,8.137461,-0.000004,-22.163094,-0.351880,-0.000002,23.609646,4410.778,2,0.000000,4,4,37.287663,1,0,0,0.001544,0.999995,-0.002834,0.938726,-0.000473,0.344665,-0.000010,-0.000015,0.000000,0.000000,0.000000,1,0.006518,30453.246094,-0.092912,-2013.903076,0.000000,0.004268,39.784046,1,0.007531,30602.986328,-0.062663,-2001.308472,-0.000000,0.004241,39.658134,1,-0.016919,18426.888672,0.202030,5776.765625,-0.000001,-0.017935,37.288757,1,-0.016024,18517.166016,0.192334,5776.252441,-0.000001,-0.017934,37.286568,2221.681152,98000.343750,-6050.256348,0.312500,-0.526367,1.628906,0.000000,0.000000,0.000000,0.000000,0.000000,0.000000,0.000000,0.000000,0.000000
833,13.883333,68.859375,0.000157,-186.211853,8.144866,-0.000003,-22.183262,-0.351880,-0.000002,23.631130,4414.772,2,0.000000,4,4,37.321369,1,0,0,0.001544,0.999995,-0.002834,0.938726,-0.000473,0.344665,-0.000010,-0.000013,0.000000,0.000000,0.000000,1,0.006518,30453.222656,-0.144266,-2012.383545,0.000000,0.004265,39.820316,1,0.007532,30602.808594,-0.114016,-1999.863037,0.000000,0.004238,39.694286,1,-0.016920,18426.705078,0.212467,5773.787109,-0.000001,-0.017926,37.322464,1,-0.016025,18517.005859,0.213509,5773.291992,-0.000001,-0.017925,37.320274,2219.903809,97999.703125,-6045.621094,-0.187500,-0.152832,1.209961,0.000000,0.000000,0.000000,0.000000,0.000000,0.000000,0.000000,0.000000,0.000000
834,13.900000,68.995239,0.000157,-186.581909,8.152266,-0.000004,-22.203413,-0.351880,-0.000002,23.652596,4418.763,2,0.000000,4,4,37.355049,1,0,0,0.001544,0.999995,-0.002834,0.938726,-0.000473,0.344665,-0.000011,-0.000011,0.000000,0.000000,0.000000,1,0.006519,30453.404297,-0.209473,-2011.024414,0.000000,0.004262,39.856556,1,0.007532,30603.027344,-0.159017,-1998.375732,0.000000,0.004235,39.730412,1,-0.016922,18426.660156,0.191047,5770.821289,-0.000001,-0.017917,37.356144,1,-0.016025,18516.986328,0.191983,5770.345703,-0.000001,-0.017915,37.353954,2218.018066,98000.093750,-6040.928711,-0.414062,0.112305,1.117188,0.000000,0.000000,0.000000,0.000000,0.000000,0.000000,0.000000,0.000000,0.000000
835,13.916667,69.131226,0.000157,-186.952332,8.159659,-0.000004,-22.223549,-0.351880,-0.000002,23.674047,4422.750,2,0.000000,4,4,37.388702,1,0,0,0.001545,0.999995,-0.002834,0.938726,-0.000473,0.344665,-0.000011,-0.000010,0.000000,0.000000,0.000000,1,0.006520,30453.380859,-0.272076,-2009.369629,0.000000,0.004258,39.892773,1,0.007533,30603.037109,-0.234327,-1996.950317,0.000000,0.004232,39.766510,1,-0.016923,18426.476562,0.169664,5767.822266,-0.000001,-0.017908,37.389797,1,-0.016026,18516.824219,0.181152,5767.363281,-0.000001,-0.017906,37.387608,2216.172363,97999.679688,-6036.395996,-0.367188,0.117676,1.096680,0.000000,0.000000,0.000000,0.000000,0.000000,0.000000,0.000000,0.000000,0.000000
836,13.933333,69.267334,0.000157,-187.323059,8.167047,-0.000005,-22.243670,-0.351880,-0.000002,23.695480,4426.735,2,0.000000,4,4,37.422329,1,0,0,0.001545,0.999995,-0.002834,0.938726,-0.000473,0.344665,-0.000012,-0.000008,0.000000,0.000000,0.000000,1,0.006520,30453.673828,-0.308121,-2007.954590,0.000000,0.004255,39.928955,1,0.007534,30603.255859,-0.280474,-1995.399292,0.000000,0.004229,39.802582,1,-0.016924,18426.433594,0.169510,5764.954102,-0.000001,-0.017899,37.423428,1,-0.016027,18516.728516,0.159694,5764.411621,-0.000000,-0.017897,37.421230,2214.406250,98000.117188,-6031.885254,0.281250,0.317871,1.103516,0.000000,0.000000,0.000000,0.000000,0.000000,0.000000,0.000000,0.000000,0.000000
837,13.950000,69.403564,0.000157,-187.694092,8.174428,-0.000004,-22.263775,-0.351880,-0.000002,23.716898,4430.716,2,0.000000,4,4,37.455925,1,0,0,0.001545,0.999995,-0.002835,0.938726,-0.000473,0.344665,-0.000012,-0.000007,0.000000,0.000000,0.000000,1,0.006521,30453.667969,-0.238789,-2006.523560,0.000001,0.004252,39.965111,1,0.007535,30603.265625,-0.221503,-1994.053589,0.000000,0.004226,39.838623,1,-0.016925,18426.402344,0.179941,5761.904297,-0.000001,-0.017889,37.457024,1,-0.016028,18516.632812,0.170186,5761.390137,-0.000001,-0.017888,37.454826,2212.724609,97999.968750,-6026.872559,-0.937500,0.007324,0.679688,0.000000,0.000000,0.000000,0.000000,0.000000,0.000000,0.000000,0.000000,0.000000
838,13.966666,69.539917,0.000157,-188.065491,8.181804,-0.000005,-22.283865,-0.351880,-0.000002,23.738300,4434.694,2,0.000000,4,4,37.489494,1,0,0,0.001545,0.999995,-0.002835,0.938726,-0.000473,0.344665,-0.000013,-0.000006,0.000000,0.000000,0.000000,1,0.006522,30453.978516,-0.220224,-2005.117676,0.000000,0.004249,40.001240,1,0.007536,30603.595703,-0.202864,-1992.517700,0.000000,0.004223,39.874638,1,-0.016926,18426.382812,0.179779,5758.865234,-0.000001,-0.017880,37.490593,1,-0.016029,18516.613281,0.180659,5758.362793,-0.000001,-0.017878,37.488396,2211.006592,98000.664062,-6022.054199,-0.601562,0.110840,0.845703,0.000000,0.000000,0.000000,0.000000,0.000000,0.000000,0.000000,0.000000,0.000000
839,13.983334,69.676392,0.000157,-188.437195,8.189174,-0.000003,-22.303938,-0.351880,-0.000002,23.759684,4438.668,2,0.000000,4,4,37.523041,1,0,0,0.001545,0.999995,-0.002835,0.938726,-0.000473,0.344665,-0.000013,-0.000005,0.000000,0.000000,0.000000,1,0.006522,30453.990234,-0.220026,-2003.410767,0.000000,0.004246,40.037342,1,0.007536,30603.400391,-0.221105,-1990.809082,0.000000,0.004219,39.910625,1,-0.016927,18426.068359,0.190180,5755.862793,-0.000001,-0.017871,37.524139,1,-0.016030,18516.300781,0.201728,5755.409668,-0.000001,-0.017869,37.521942,2209.457520,97999.710938,-6017.795898,0.585938,0.360352,1.025391,0.000000,0.000000,0.000000,0.000000,0.000000,0.000000,0.000000,0.000000,0.000000
840,14.000000,69.812988,0.000156,-188.809265,8.196539,-0.000003,-22.323997,-0.351880,-0.000002,23.781052,4442.640,2,0.000000,4,4,37.556557,1,0,0,0.001545,0.999995,-0.002835,0.938726,-0.000473,0.344665,-0.000013,-0.000004,0.000000,0.000000,0.000000,1,0.006523,30454.095703,-0.183191,-2001.999023,0.000000,0.004243,40.073414,1,0.007537,30603.599609,-0.165681,-1989.630493,0.000000,0.004217,39.946579,1,-0.016928,18426.101562,0.168897,5752.937988,-0.000001,-0.017861,37.557659,1,-0.016031,18516.333984,0.169724,5752.298340,-0.000001,-0.017859,37.555454,2207.620361,98000.156250,-6012.678711,-0.835938,-0.555176,0.651367,0.000000,0.000000,0.000000,0.000000,0.000000,0.000000,0.000000,0.000000,0.000000
841,14.016666,69.949707,0.000156,-189.181641,8.203897,-0.000003,-22.344040,-0.351880,-0.000002,23.802402,4446.608,2,0.000000,4,4,37.590046,1,0,0,0.001545,0.999995,-0.002835,0.938726,-0.000473,0.344665,-0.000014,-0.000002,0.000000,0.000000,0.000000,1,0.006524,30454.201172,-0.183027,-2000.591064,0.000000,0.004240,40.109459,1,0.007538,30603.593750,-0.202317,-1988.085083,0.000000,0.004213,39.982510,1,-0.016929,18426.005859,0.200384,5749.904785,-0.000001,-0.017852,37.591148,1,-0.016032,18516.160156,0.211963,5749.290039,-0.000001,-0.017850,37.588943,2205.905273,97999.953125,-6007.897949,-0.867188,0.062988,0.418945,0.000000,0.000000,0.000000,0.000000,0.000000,0.000000,0.000000,0.000000,0.000000
842,14.033334,70.086548,0.000156,-189.554382,8.211250,-0.000003,-22.364067,-0.351881,-0.000002,23.823738,4450.573,2,0.000000,4,4,37.623508,1,0,0,0.001545,0.999995,-0.002836,0.938726,-0.000473,0.344665,-0.000014,-0.000002,0.000000,0.000000,0.000000,1,0.006525,30454.417969,-0.164578,-1999.052490,0.000000,0.004236,40.145477,1,0.007538,30603.792969,-0.165385,-1986.557129,0.000000,0.004210,40.018414,1,-0.016930,18425.910156,0.210741,5746.918457,-0.000001,-0.017843,37.624611,1,-0.016033,18516.052734,0.211772,5746.271484,-0.000001,-0.017841,37.622406,2204.267578,98000.195312,-6003.247559,-0.289062,-0.074219,0.635742,0.000000,0.000000,0.000000,0.000000,0.000000,0.000000,0.000000,0.000000,0.000000
843,14.050000,70.223511,0.000156,-189.927429,8.218597,-0.000003,-22.384077,-0.351881,-0.000002,23.845051,4454.535,2,0.000000,4,4,37.656944,1,0,0,0.001545,0.999995,-0.002836,0.938726,-0.000473,0.344665,-0.000015,-0.000001,0.000000,0.000000,0.000000,1,0.006525,30454.318359,-0.146160,-1997.497192,0.000000,0.004233,40.181469,1,0.007539,30603.562500,-0.165236,-1985.076538,0.000000,0.004207,40.054287,1,-0.016931,18425.736328,0.200023,5743.878418,-0.000001,-0.017833,37.658047,1,-0.016035,18515.869141,0.222159,5743.239746,-0.000001,-0.017831,37.655842,2202.552246,97999.406250,-5998.521484,-1.156250,-0.191406,0.148438,0.000000,0.000000,0.000000,0.000000,0.000000,0.000000,0.000000,0.000000,0.000000
844,14.066667,70.360596,0.000156,-190.300842,8.225939,-0.000004,-22.404072,-0.351881,-0.000002,23.866350,4458.494,2,0.000000,4,4,37.690353,1,0,0,0.001545,0.999995,-0.002836,0.938726,-0.000473,0.344665,-0.000015,-0.000000,0.000000,0.000000,0.000000,1,0.006526,30454.628906,-0.164285,-1996.043701,0.000000,0.004230,40.217430,1,0.007539,30603.951172,-0.146747,-1983.568970,0.000000,0.004204,40.090134,1,-0.016932,18425.705078,0.199844,5740.930176,-0.000001,-0.017824,37.691460,1,-0.016036,18515.748047,0.221960,5740.195312,-0.000001,-0.017822,37.689247,2200.821289,98000.046875,-5993.805664,-0.031250,-0.219238,0.569336,0.000000,0.000000,0.000000,0.000000,0.000000,0.000000,0.000000,0.000000,0.000000
845,14.083333,70.497803,0.000156,-190.674561,8.233274,-0.000004,-22.424051,-0.351881,-0.000002,23.887634,4462.450,2,0.000000,4,4,37.723736,1,0,0,0.001545,0.999995,-0.002836,0.938726,-0.000473,0.344665,-0.000015,0.000001,0.000000,0.000000,0.000000,1,0.006527,30454.751953,-0.109426,-1994.581909,0.000000,0.004227,40.253365,1,0.007540,30604.056641,-0.109963,-1982.189087,0.000000,0.004201,40.125954,1,-0.016933,18425.609375,0.241700,5737.855957,-0.000001,-0.017815,37.724842,1,-0.016037,18515.705078,0.232321,5737.145996,-0.000001,-0.017812,37.722630,2199.139160,98000.156250,-5988.806152,-0.570312,-0.281250,0.498047,0.000000,0.000000,0.000000,0.000000,0.000000,0.000000,0.000000,0.000000,0.000000
846,14.100000,70.635132,0.000156,-191.048645,8.240605,-0.000004,-22.444014,-0.351881,-0.000002,23.908897,4466.402,2,0.000000,4,4,37.757092,1,0,0,0.001545,0.999995,-0.002837,0.938726,-0.000473,0.344665,-0.000016,0.000001,0.000000,0.000000,0.000000,1,0.006528,30454.763672,-0.210456,-1992.833862,0.000000,0.004223,40.289272,1,0.007541,30603.939453,-0.231198,-1980.371704,0.000000,0.004197,40.161747,1,-0.016934,18425.513672,0.220485,5734.945312,-0.000001,-0.017806,37.758198,1,-0.016038,18515.519531,0.211011,5734.218262,-0.000001,-0.017803,37.755985,2197.420166,97999.695312,-5984.892578,-0.695312,0.192383,0.030273,0.000000,0.000000,0.000000,0.000000,0.000000,0.000000,0.000000,0.000000,0.000000
847,14.116667,70.772583,0.000156,-191.423035,8.247931,-0.000005,-22.463963,-0.351881,-0.000002,23.930151,4470.351,2,0.000000,4,4,37.790417,1,0,0,0.001545,0.999995,-0.002837,0.938726,-0.000473,0.344665,-0.000016,0.000002,0.000000,0.000000,0.000000,1,0.006529,30455.093750,-0.268162,-1991.535278,0.000000,0.004221,40.325146,1,0.007541,30604.232422,-0.296405,-1979.154663,0.000000,0.004194,40.197506,1,-0.016934,18425.494141,0.199309,5731.912109,-0.000001,-0.017796,37.791527,1,-0.016039,18515.476562,0.189741,5731.148926,-0.000001,-0.017794,37.789307,2195.341797,98000.351562,-5979.711914,-0.484375,0.217773,-0.044922,0.000000,0.000000,0.000000,0.000000,0.000000,0.000000,0.000000,0.000000,0.000000
848,14.133333,70.910156,0.000156,-191.797791,8.255248,-0.000004,-22.483894,-0.351881,-0.000002,23.951382,4474.297,2,0.000000,4,4,37.823715,1,0,0,0.001545,0.999995,-0.002837,0.938726,-0.000473,0.344665,-0.000016,0.000002,0.000000,0.000000,0.000000,1,0.006530,30455.234375,-0.145516,-1990.016113,0.000000,0.004217,40.360992,1,0.007542,30604.115234,-0.182784,-1977.488159,0.000000,0.004191,40.233242,1,-0.016935,18425.257812,0.220091,5728.821289,-0.000001,-0.017787,37.824825,1,-0.016040,18515.292969,0.231698,5728.044922,-0.000001,-0.017784,37.822605,2193.898926,97999.882812,-5974.913574,0.015625,0.013672,0.027344,0.000000,0.000000,0.000000,0.000000,0.000000,0.000000,0.000000,0.000000,0.000000
849,14.150000,71.047852,0.000156,-192.172852,8.262561,-0.000004,-22.503811,-0.351881,-0.000002,23.972599,4478.239,2,0.000000,4,4,37.856991,1,0,0,0.001545,0.999995,-0.002837,0.938726,-0.000472,0.344665,-0.000016,0.000002,0.000000,0.000000,0.000000,1,0.006530,30455.150391,-0.145387,-1988.556396,0.000000,0.004214,40.396812,1,0.007542,30604.408203,-0.182624,-1976.136597,0.000000,0.004188,40.268944,1,-0.016936,18425.226562,0.230367,5725.840820,-0.000001,-0.017777,37.858101,1,-0.016042,18515.095703,0.231490,5725.023926,-0.000001,-0.017775,37.855881,2192.122314,97999.859375,-5970.044922,-0.148438,-0.086426,0.290039,0.000000,0.000000,0.000000,0.000000,0.000000,0.000000,0.000000,0.000000,0.000000
850,14.166667,71.185669,0.000156,-192.548218,8.269868,-0.000004,-22.523710,-0.351881,-0.000002,23.993799,4482.179,2,0.000000,4,4,37.890236,1,0,0,0.001545,0.999995,-0.002838,0.938726,-0.000472,0.344665,-0.000016,0.000002,0.000000,0.000000,0.000000,1,0.006531,30455.480469,-0.163417,-1986.987061,0.000000,0.004211,40.432606,1,0.007543,30604.291016,-0.182462,-1974.690796,0.000000,0.004185,40.304623,1,-0.016937,18425.128906,0.230162,5722.812012,-0.000001,-0.017768,37.891346,1,-0.016043,18515.117188,0.210260,5722.039551,-0.000001,-0.017766,37.889126,2190.365234,98000.023438,-5965.373535,-0.710938,-0.220215,-0.379883,0.000000,0.000000,0.000000,0.000000,0.000000,0.000000,0.000000,0.000000,0.000000
851,14.183333,71.323608,0.000156,-192.923950,8.277169,-0.000004,-22.543594,-0.351881,-0.000002,24.014980,4486.115,2,0.000000,4,4,37.923454,1,0,0,0.001545,0.999995,-0.002838,0.938726,-0.000472,0.344665,-0.000017,0.000002,0.000000,0.000000,0.000000,1,0.006532,30455.507812,-0.145132,-1985.472534,0.000000,0.004208,40.468369,1,0.007544,30604.472656,-0.182302,-1973.055786,0.000000,0.004181,40.340275,1,-0.016938,18425.033203,0.229958,5719.830078,-0.000001,-0.017759,37.924568,1,-0.016044,18514.855469,0.241582,5718.939941,-0.000001,-0.017756,37.922340,2188.714355,97999.843750,-5960.732422,0.000000,-0.101074,-0.062500,0.000000,0.000000,0.000000,0.000000,0.000000,0.000000,0.000000,0.000000,0.000000
852,14.200000,71.461670,0.000156,-193.299988,8.284465,-0.000005,-22.563463,-0.351881,-0.000002,24.036148,4490.048,2,0.000000,4,4,37.956642,1,0,0,0.001545,0.999995,-0.002838,0.938726,-0.000472,0.344665,-0.000017,0.000002,0.000000,0.000000,0.000000,1,0.006533,30455.630859,-0.145005,-1984.038574,0.000000,0.004205,40.504105,1,0.007544,30604.671875,-0.163928,-1971.567993,0.000000,0.004178,40.375896,1,-0.016939,18424.937500,0.250641,5716.741699,-0.000001,-0.017749,37.957756,1,-0.016045,18514.876953,0.241370,5715.857910,-0.000001,-0.017746,37.955528,2186.944336,98000.140625,-5955.798340,-0.609375,0.014160,-0.017578,0.000000,0.000000,0.000000,0.000000,0.000000,0.000000,0.000000,0.000000,0.000000
853,14.216666,71.599854,0.000156,-193.676392,8.291755,-0.000004,-22.583317,-0.351881,-0.000002,24.057297,4493.978,2,0.000000,4,4,37.989807,1,0,0,0.001545,0.999995,-0.002839,0.938726,-0.000472,0.344665,-0.000017,0.000002,0.000000,0.000000,0.000000,1,0.006534,30455.753906,-0.162987,-1982.537842,0.000000,0.004201,40.539814,1,0.007545,30604.666016,-0.145586,-1970.212036,0.000000,0.004175,40.411488,1,-0.016940,18424.841797,0.260853,5713.662109,-0.000001,-0.017740,37.990921,1,-0.016046,18514.617188,0.251639,5712.775391,-0.000001,-0.017737,37.988693,2185.138184,97999.859375,-5950.816406,-0.234375,-0.040527,-0.223633,0.000000,0.000000,0.000000,0.000000,0.000000,0.000000,0.000000,0.000000,0.000000
854,14.233334,71.738159,0.000156,-194.053101,8.299039,-0.000005,-22.603153,-0.351881,-0.000002,24.078428,4497.904,2,0.000000,4,4,38.022945,1,0,0,0.001545,0.999995,-0.002839,0.938726,-0.000472,0.344665,-0.000017,0.000002,0.000000,0.000000,0.000000,1,0.006535,30455.990234,-0.144752,-1980.978394,0.000000,0.004198,40.575493,1,0.007545,30604.753906,-0.163641,-1968.724731,0.000000,0.004172,40.447052,1,-0.016941,18424.746094,0.250198,5710.630859,-0.000001,-0.017730,38.024059,1,-0.016048,18514.560547,0.240942,5709.727051,-0.000001,-0.017727,38.021832,2183.385742,98000.062500,-5946.105469,-0.195312,-0.225586,-0.360352,0.000000,0.000000,0.000000,0.000000,0.000000,0.000000,0.000000,0.000000,0.000000
855,14.250000,71.876587,0.000156,-194.430176,8.306316,-0.000004,-22.622974,-0.351881,-0.000002,24.099545,4501.828,2,0.000000,4,4,38.056053,1,0,0,0.001545,0.999995,-0.002839,0.938726,-0.000472,0.344665,-0.000017,0.000002,0.000000,0.000000,0.000000,1,0.006536,30456.017578,-0.108469,-1979.620239,0.000000,0.004195,40.611141,1,0.007546,30604.841797,-0.127165,-1967.170776,0.000000,0.004169,40.482590,1,-0.016942,18424.574219,0.270808,5707.623535,-0.000001,-0.017721,38.057171,1,-0.016049,18514.441406,0.282595,5706.630371,-0.000001,-0.017718,38.054935,2181.725586,97999.859375,-5941.190918,-0.312500,-0.003906,-0.164062,0.000000,0.000000,0.000000,0.000000,0.000000,0.000000,0.000000,0.000000,0.000000
856,14.266666,72.015137,0.000155,-194.807556,8.313589,-0.000005,-22.642778,-0.351881,-0.000002,24.120640,4505.748,2,0.000000,4,4,38.089134,1,0,0,0.001545,0.999995,-0.002839,0.938725,-0.000472,0.344665,-0.000017,0.000001,0.000000,0.000000,0.000000,1,0.006537,30456.476562,-0.108375,-1977.942749,0.000000,0.004192,40.646767,1,0.007547,30605.041016,-0.145205,-1965.698364,0.000000,0.004166,40.518097,1,-0.016943,18424.541016,0.270570,5704.628906,-0.000001,-0.017711,38.090252,1,-0.016050,18514.320312,0.282346,5703.618652,-0.000001,-0.017708,38.088017,2180.036621,98000.445312,-5936.643555,0.898438,-0.182617,-0.169922,0.000000,0.000000,0.000000,0.000000,0.000000,0.000000,0.000000,0.000000,0.000000
857,14.283334,72.153809,0.000155,-195.185242,8.320856,-0.000004,-22.662567,-0.351881,-0.000002,24.141720,4509.664,2,0.000000,4,4,38.122185,1,0,0,0.001545,0.999995,-0.002840,0.938725,-0.000471,0.344666,-0.000016,0.000001,0.000000,0.000000,0.000000,1,0.006537,30456.205078,-0.126327,-1976.432617,0.000000,0.004189,40.682362,1,0.007547,30605.035156,-0.163213,-1964.216675,0.000000,0.004163,40.553577,1,-0.016944,18424.369141,0.270332,5701.487305,-0.000001,-0.017702,38.123302,1,-0.016051,18514.125000,0.261201,5700.515625,-0.000001,-0.017699,38.121067,2178.174316,97999.687500,-5931.737793,-0.039062,-0.169434,-0.212891,0.000000,0.000000,0.000000,0.000000,0.000000,0.000000,0.000000,0.000000,0.000000
858,14.300000,72.292603,0.000155,-195.563293,8.328116,-0.000004,-22.682339,-0.351881,-0.000002,24.162783,4513.578,2,0.000000,4,4,38.155212,1,0,0,0.001545,0.999995,-0.002840,0.938725,-0.000471,0.344666,-0.000016,0.000001,0.000000,0.000000,0.000000,1,0.006538,30456.535156,-0.126218,-1974.895142,0.000000,0.004185,40.717926,1,0.007548,30605.234375,-0.163072,-1962.611572,0.000000,0.004159,40.589031,1,-0.016945,18424.337891,0.259707,5698.472656,-0.000001,-0.017692,38.156330,1,-0.016052,18514.144531,0.281851,5697.526855,-0.000001,-0.017689,38.154095,2176.510742,98000.296875,-5927.177246,-0.031250,-0.020996,-0.314453,0.000000,0.000000,0.000000,0.000000,0.000000,0.000000,0.000000,0.000000,0.000000
859,14.316667,72.431519,0.000155,-195.941650,8.335371,-0.000004,-22.702095,-0.351881,-0.000002,24.183828,4517.488,2,0.000000,4,4,38.188210,1,0,0,0.001545,0.999995,-0.002840,0.938725,-0.000471,0.344666,-0.000016,0.000000,0.000000,0.000000,0.000000,1,0.006539,30456.451172,-0.126108,-1973.475220,0.000000,0.004182,40.753460,1,0.007549,30605.228516,-0.144827,-1961.137817,0.000000,0.004156,40.624454,1,-0.016946,18424.242188,0.269859,5695.448730,-0.000001,-0.017683,38.189331,1,-0.016054,18513.884766,0.271172,5694.345703,-0.000001,-0.017680,38.187088,2174.699219,97999.773438,-5922.190918,-0.367188,-0.156250,-0.506836,0.000000,0.000000,0.000000,0.000000,0.000000,0.000000,0.000000,0.000000,0.000000
860,14.333333,72.570557,0.000155,-196.320374,8.342620,-0.000004,-22.721836,-0.351881,-0.000002,24.204859,4521.395,2,0.000000,4,4,38.221180,1,0,0,0.001545,0.999995,-0.002841,0.938725,-0.000471,0.344666,-0.000016,-0.000000,0.000000,0.000000,0.000000,1,0.006540,30456.781250,-0.125999,-1972.015869,0.000000,0.004179,40.788967,1,0.007549,30605.427734,-0.126614,-1959.610962,0.000000,0.004153,40.659851,1,-0.016947,18424.070312,0.290362,5692.332031,-0.000001,-0.017673,38.222301,1,-0.016055,18513.828125,0.281356,5691.313477,-0.000001,-0.017670,38.220058,2172.967773,98000.125000,-5917.332031,0.515625,0.095703,-0.171875,0.000000,0.000000,0.000000,0.000000,0.000000,0.000000,0.000000,0.000000,0.000000
861,14.350000,72.709717,0.000155,-196.699402,8.349863,-0.000004,-22.741560,-0.351881,-0.000002,24.225870,4525.298,2,0.000000,4,4,38.254124,1,0,0,0.001545,0.999995,-0.002841,0.938725,-0.000471,0.344666,-0.000016,-0.000001,0.000000,0.000000,0.000000,1,0.006541,30456.808594,-0.143874,-1970.401001,0.000000,0.004176,40.824448,1,0.007550,30605.533203,-0.144577,-1958.082031,0.000000,0.004150,40.695217,1,-0.016948,18423.960938,0.290109,5689.246094,-0.000001,-0.017664,38.255245,1,-0.016056,18513.708984,0.270699,5688.231445,-0.000001,-0.017661,38.253002,2171.194336,98000.015625,-5912.637207,0.273438,0.062012,-0.186523,0.000000,0.000000,0.000000,0.000000,0.000000,0.000000,0.000000,0.000000,0.000000
862,14.366667,72.848999,0.000155,-197.078735,8.357100,-0.000004,-22.761269,-0.351881,-0.000002,24.246866,4529.199,2,0.000000,4,4,38.287037,1,0,0,0.001545,0.999995,-0.002841,0.938725,-0.000471,0.344666,-0.000016,-0.000001,0.000000,0.000000,0.000000,1,0.006542,30456.931641,-0.125782,-1968.936035,0.000000,0.004173,40.859898,1,0.007551,30605.527344,-0.162508,-1956.549683,0.000000,0.004146,40.730556,1,-0.016949,18423.853516,0.279504,5686.128418,-0.000001,-0.017654,38.288158,1,-0.016057,18513.587891,0.280865,5685.119629,-0.000001,-0.017651,38.285915,2169.392578,97999.890625,-5907.730957,-0.015625,0.145508,-0.475586,0.000000,0.000000,0.000000,0.000000,0.000000,0.000000,0.000000,0.000000,0.000000
863,14.383333,72.988403,0.000155,-197.458435,8.364332,-0.000004,-22.780962,-0.351881,-0.000002,24.267845,4533.095,2,0.000000,4,4,38.319923,1,0,0,0.001545,0.999995,-0.002841,0.938725,-0.000471,0.344666,-0.000016,-0.000001,0.000000,0.000000,0.000000,1,0.006543,30457.054688,-0.143627,-1967.405029,0.000000,0.004169,40.895321,1,0.007551,30605.726562,-0.144328,-1955.034668,0.000000,0.004143,40.765865,1,-0.016950,18423.746094,0.268918,5683.021973,-0.000001,-0.017644,38.321049,1,-0.016058,18513.544922,0.270228,5682.002930,-0.000001,-0.017641,38.318798,2167.590820,98000.085938,-5902.882812,-0.171875,0.026855,-0.367188,0.000000,0.000000,0.000000,0.000000,0.000000,0.000000,0.000000,0.000000,0.000000
864,14.400000,73.127930,0.000155,-197.838440,8.371557,-0.000004,-22.800638,-0.351881,-0.000002,24.288807,4536.989,2,0.000000,4,4,38.352783,1,0,0,0.001545,0.999995,-0.002842,0.938725,-0.000471,0.344666,-0.000016,-0.000002,0.000000,0.000000,0.000000,1,0.006543,30457.066406,-0.107627,-1965.731812,0.000000,0.004166,40.930717,1,0.007552,30605.720703,-0.144203,-1953.440552,0.000000,0.004140,40.801144,1,-0.016952,18423.636719,0.289352,5680.038574,-0.000001,-0.017635,38.353909,1,-0.016060,18513.285156,0.280376,5678.906250,-0.000001,-0.017632,38.351658,2165.996338,97999.656250,-5898.346191,0.125000,-0.114258,-0.412109,0.000000,0.000000,0.000000,0.000000,0.000000,0.000000,0.000000,0.000000,0.000000
865,14.416667,73.267578,0.000155,-198.218750,8.378778,-0.000005,-22.820299,-0.351881,-0.000002,24.309750,4540.879,2,0.000000,4,4,38.385616,1,0,0,0.001545,0.999995,-0.002842,0.938725,-0.000471,0.344666,-0.000015,-0.000002,0.000000,0.000000,0.000000,1,0.006544,30457.396484,-0.198554,-1964.361694,0.000000,0.004163,40.966080,1,0.007553,30606.033203,-0.162091,-1952.010742,0.000000,0.004137,40.836395,1,-0.016953,18423.605469,0.278777,5676.934082,-0.000001,-0.017625,38.386742,1,-0.016061,18513.304688,0.280134,5675.787109,-0.000001,-0.017622,38.384491,2164.016357,98000.398438,-5893.300293,0.148438,0.192871,-0.435547,0.000000,0.000000,0.000000,0.000000,0.000000,0.000000,0.000000,0.000000,0.000000
866,14.433333,73.407349,0.000155,-198.599426,8.385991,-0.000004,-22.839943,-0.351881,-0.000002,24.330675,4544.767,2,0.000000,4,4,38.418423,1,0,0,0.001545,0.999995,-0.002842,0.938725,-0.000471,0.344666,-0.000015,-0.000003,0.000000,0.000000,0.000000,1,0.006545,30457.423828,-0.125350,-1962.697266,0.000000,0.004159,41.001419,1,0.007554,30606.156250,-0.107968,-1950.572632,0.000000,0.004134,40.871620,1,-0.016954,18423.357422,0.278534,5673.888672,-0.000001,-0.017616,38.419548,1,-0.016062,18513.121094,0.269524,5672.731934,-0.000001,-0.017612,38.417297,2162.404785,98000.062500,-5888.572754,0.945312,-0.449219,0.132812,0.000000,0.000000,0.000000,0.000000,0.000000,0.000000,0.000000,0.000000,0.000000
867,14.450000,73.547241,0.000155,-198.980408,8.393199,-0.000004,-22.859571,-0.351881,-0.000002,24.351585,4548.651,2,0.000000,4,4,38.451199,1,0,0,0.001545,0.999995,-0.002842,0.938725,-0.000471,0.344666,-0.000015,-0.000003,0.000000,0.000000,0.000000,1,0.006546,30457.435547,-0.143135,-1961.314087,0.000000,0.004157,41.036724,1,0.007554,30606.054688,-0.198894,-1949.123657,0.000000,0.004131,40.906815,1,-0.016955,18423.390625,0.288602,5670.784180,-0.000001,-0.017606,38.452328,1,-0.016063,18513.078125,0.290007,5669.574707,-0.000001,-0.017603,38.450069,2160.462158,97999.945312,-5883.507812,-1.156250,0.018066,-0.917969,0.000000,0.000000,0.000000,0.000000,0.000000,0.000000,0.000000,0.000000,0.000000
868,14.466666,73.687256,0.000155,-199.361755,8.400400,-0.000004,-22.879183,-0.351881,-0.000002,24.372477,4552.532,2,0.000000,4,4,38.483948,1,0,0,0.001545,0.999995,-0.002843,0.938725,-0.000471,0.344666,-0.000015,-0.000004,0.000000,0.000000,0.000000,1,0.006546,30457.541016,-0.125136,-1959.663086,0.000000,0.004153,41.072006,1,0.007555,30606.253906,-0.125747,-1947.419067,0.000000,0.004127,40.941982,1,-0.016956,18423.140625,0.298649,5667.602539,-0.000001,-0.017597,38.485073,1,-0.016064,18512.968750,0.289757,5666.559082,-0.000001,-0.017593,38.482822,2158.890137,97999.890625,-5878.932617,-0.179688,0.035645,-0.211914,0.000000,0.000000,0.000000,0.000000,0.000000,0.000000,0.000000,0.000000,0.000000
869,14.483334,73.827393,0.000155,-199.743408,8.407597,-0.000004,-22.898779,-0.351881,-0.000002,24.393353,4556.409,2,0.000000,4,4,38.516670,1,0,0,0.001545,0.999995,-0.002843,0.938725,-0.000471,0.344666,-0.000015,-0.000004,0.000000,0.000000,0.000000,1,0.006547,30457.757812,-0.216062,-1958.092896,0.000000,0.004150,41.107254,1,0.007556,30606.359375,-0.226776,-1945.781860,0.000000,0.004124,40.977119,1,-0.016957,18423.097656,0.277814,5664.531738,-0.000001,-0.017587,38.517792,1,-0.016065,18512.785156,0.279166,5663.568848,-0.000001,-0.017584,38.515549,2157.009033,98000.000000,-5874.457031,0.406250,0.569336,-0.437500,0.000000,0.000000,0.000000,0.000000,0.000000,0.000000,0.000000,0.000000,0.000000
870,14.500000,73.967651,0.000154,-200.125366,8.414786,-0.000004,-22.918360,-0.351881,-0.000002,24.414211,4560.284,2,0.000000,4,4,38.549362,1,0,0,0.001545,0.999995,-0.002843,0.938725,-0.000471,0.344666,-0.000015,-0.000005,0.000000,0.000000,0.000000,1,0.006548,30457.880859,-0.124923,-1956.589722,0.000000,0.004146,41.142475,1,0.007557,30606.578125,-0.107600,-1944.434937,0.000000,0.004121,41.012226,1,-0.016958,18422.912109,0.277574,5661.349609,-0.000001,-0.017577,38.550484,1,-0.016066,18512.664062,0.268596,5660.375977,-0.000001,-0.017574,38.548241,2155.293945,98000.046875,-5869.206055,0.859375,-0.223633,0.049805,0.000000,0.000000,0.000000,0.000000,0.000000,0.000000,0.000000,0.000000,0.000000
871,14.516666,74.108032,0.000154,-200.507690,8.421970,-0.000004,-22.937923,-0.351881,-0.000002,24.435051,4564.154,2,0.000000,4,4,38.582027,1,0,0,0.001545,0.999995,-0.002843,0.938725,-0.000471,0.344666,-0.000014,-0.000005,0.000000,0.000000,0.000000,1,0.006549,30457.892578,-0.124817,-1955.083374,0.000000,0.004143,41.177666,1,0.007557,30606.587891,-0.125426,-1942.939209,0.000000,0.004118,41.047306,1,-0.016959,18422.869141,0.277336,5658.297852,-0.000001,-0.017568,38.583149,1,-0.016068,18512.621094,0.289009,5657.331055,-0.000001,-0.017565,38.580906,2153.541992,97999.968750,-5864.427246,-0.429688,-0.079590,-0.433594,0.000000,0.000000,0.000000,0.000000,0.000000,0.000000,0.000000,0.000000,0.000000
872,14.533334,74.248535,0.000154,-200.890320,8.429149,-0.000004,-22.957472,-0.351881,-0.000002,24.455877,4568.021,2,0.000000,4,4,38.614662,1,0,0,0.001545,0.999995,-0.002844,0.938725,-0.000471,0.344666,-0.000014,-0.000005,0.000000,0.000000,0.000000,1,0.006550,30457.998047,-0.124711,-1953.517456,0.000000,0.004140,41.212830,1,0.007558,30606.693359,-0.107417,-1941.383667,0.000000,0.004114,41.082359,1,-0.016960,18422.685547,0.277097,5655.059570,-0.000001,-0.017558,38.615784,1,-0.016069,18512.437500,0.288760,5654.138184,-0.000001,-0.017555,38.613541,2151.729980,97999.789062,-5859.440918,0.156250,-0.091797,-0.210938,0.000000,0.000000,0.000000,0.000000,0.000000,0.000000,0.000000,0.000000,0.000000
873,14.550000,74.389160,0.000154,-201.273254,8.436321,-0.000005,-22.977003,-0.351881,-0.000002,24.476685,4571.886,2,0.000000,4,4,38.647274,1,0,0,0.001546,0.999995,-0.002844,0.938725,-0.000471,0.344666,-0.000014,-0.000006,0.000000,0.000000,0.000000,1,0.006550,30458.214844,-0.215638,-1952.101318,0.000000,0.004137,41.247963,1,0.007559,30606.912109,-0.188241,-1939.908936,0.000000,0.004111,41.117382,1,-0.016961,18422.640625,0.287115,5652.021973,-0.000001,-0.017548,38.648399,1,-0.016070,18512.392578,0.267906,5650.996094,-0.000001,-0.017545,38.646149,2149.737305,98000.187500,-5854.543457,0.023438,0.299805,-0.348633,0.000000,0.000000,0.000000,0.000000,0.000000,0.000000,0.000000,0.000000,0.000000
874,14.566667,74.529907,0.000154,-201.656555,8.443487,-0.000004,-22.996519,-0.351881,-0.000002,24.497475,4575.747,2,0.000000,4,4,38.679855,1,0,0,0.001546,0.999995,-0.002844,0.938725,-0.000471,0.344666,-0.000014,-0.000006,0.000000,0.000000,0.000000,1,0.006551,30458.337891,-0.124501,-1950.544434,0.000000,0.004134,41.283070,1,0.007560,30607.035156,-0.125109,-1938.362183,0.000000,0.004108,41.152378,1,-0.016963,18422.533203,0.286870,5648.901367,-0.000001,-0.017538,38.680981,1,-0.016071,18512.285156,0.277972,5647.844727,-0.000001,-0.017535,38.678730,2148.111816,98000.226562,-5849.639648,0.000000,-0.109375,-0.268555,0.000000,0.000000,0.000000,0.000000,0.000000,0.000000,0.000000,0.000000,0.000000
875,14.583333,74.670776,0.000154,-202.040161,8.450647,-0.000003,-23.016018,-0.351881,-0.000002,24.518246,4579.604,2,0.000000,4,4,38.712410,1,0,0,0.001546,0.999995,-0.002844,0.938725,-0.000471,0.344666,-0.000014,-0.000006,0.000000,0.000000,0.000000,1,0.006552,30458.238281,-0.106624,-1948.839111,0.000000,0.004130,41.318150,1,0.007560,30607.044922,-0.107145,-1936.812500,0.000000,0.004105,41.187344,1,-0.016964,18422.425781,0.286625,5645.788086,-0.000001,-0.017529,38.713535,1,-0.016072,18512.177734,0.267449,5644.739258,-0.000001,-0.017526,38.711285,2146.426270,97999.867188,-5844.975586,-0.960938,-0.408691,-0.462891,0.000000,0.000000,0.000000,0.000000,0.000000,0.000000,0.000000,0.000000,0.000000
876,14.600000,74.811768,0.000154,-202.424072,8.457802,-0.000004,-23.035501,-0.351882,-0.000002,24.539001,4583.458,2,0.000000,4,4,38.744934,1,0,0,0.001546,0.999995,-0.002845,0.938725,-0.000471,0.344666,-0.000014,-0.000007,0.000000,0.000000,0.000000,1,0.006553,30458.550781,-0.124291,-1947.578613,0.000000,0.004127,41.353195,1,0.007561,30607.150391,-0.124897,-1935.342041,0.000000,0.004101,41.222279,1,-0.016965,18422.240234,0.306836,5642.585938,-0.000001,-0.017519,38.746059,1,-0.016073,18511.992188,0.298053,5641.582520,-0.000001,-0.017516,38.743809,2144.502441,97999.921875,-5839.691406,0.203125,0.200195,-0.301758,0.000000,0.000000,0.000000,0.000000,0.000000,0.000000,0.000000,0.000000,0.000000
877,14.616667,74.952881,0.000154,-202.808350,8.464951,-0.000004,-23.054968,-0.351882,-0.000002,24.559740,4587.310,2,0.000000,4,4,38.777431,1,0,0,0.001546,0.999995,-0.002845,0.938725,-0.000471,0.344666,-0.000014,-0.000007,0.000000,0.000000,0.000000,1,0.006553,30458.449219,-0.124186,-1945.881104,0.000000,0.004124,41.388218,1,0.007562,30607.369141,-0.124793,-1933.743652,0.000000,0.004098,41.257187,1,-0.016966,18422.197266,0.286137,5639.509766,-0.000001,-0.017509,38.778561,1,-0.016074,18511.949219,0.277263,5638.401855,-0.000001,-0.017506,38.776302,2142.755615,97999.968750,-5835.052246,-0.875000,-0.190430,-0.287109,0.000000,0.000000,0.000000,0.000000,0.000000,0.000000,0.000000,0.000000,0.000000
878,14.633333,75.094116,0.000154,-203.192932,8.472093,-0.000004,-23.074417,-0.351882,-0.000002,24.580456,4591.157,2,0.000000,4,4,38.809902,1,0,0,0.001546,0.999995,-0.002845,0.938725,-0.000471,0.344666,-0.000014,-0.000007,0.000000,0.000000,0.000000,1,0.006554,30458.761719,-0.141808,-1944.214233,0.000000,0.004120,41.423210,1,0.007563,30607.492188,-0.124688,-1932.213013,0.000000,0.004095,41.292065,1,-0.016967,18421.859375,0.285891,5636.392090,-0.000001,-0.017500,38.811031,1,-0.016075,18511.765625,0.287286,5635.300781,-0.000001,-0.017496,38.808773,2141.019531,97999.867188,-5830.344727,1.328125,-0.216309,0.433594,0.000000,0.000000,0.000000,0.000000,0.000000,0.000000,0.000000,0.000000,0.000000
879,14.650000,75.235474,0.000154,-203.577820,8.479229,-0.000005,-23.093851,-0.351882,-0.000002,24.601160,4595.001,2,0.000000,4,4,38.842342,1,0,0,0.001546,0.999995,-0.002845,0.938725,-0.000471,0.344666,-0.000014,-0.000007,0.000000,0.000000,0.000000,1,0.006555,30458.771484,-0.141689,-1942.739014,0.000000,0.004117,41.458168,1,0.007564,30607.615234,-0.215614,-1930.616455,0.000000,0.004091,41.326916,1,-0.016968,18421.945312,0.285652,5633.260742,-0.000001,-0.017490,38.843472,1,-0.016076,18511.720703,0.297295,5632.175781,-0.000001,-0.017487,38.841213,2139.158203,98000.062500,-5825.510254,-0.320312,0.220703,-0.228516,0.000000,0.000000,0.000000,0.000000,0.000000,0.000000,0.000000,0.000000,0.000000
880,14.666667,75.376953,0.000154,-203.963013,8.486360,-0.000004,-23.113270,-0.351882,-0.000002,24.621847,4598.842,2,0.000000,4,4,38.874756,1,0,0,0.001546,0.999995,-0.002845,0.938725,-0.000471,0.344666,-0.000014,-0.000007,0.000000,0.000000,0.000000,1,0.006556,30458.876953,-0.141570,-1941.273682,0.000000,0.004114,41.493099,1,0.007564,30607.738281,-0.124479,-1929.162598,0.000000,0.004088,41.361736,1,-0.016969,18421.837891,0.295603,5630.079590,-0.000001,-0.017480,38.875885,1,-0.016078,18511.613281,0.276558,5629.001465,-0.000001,-0.017477,38.873627,2137.361816,98000.085938,-5820.383789,-0.523438,-0.077148,-0.237305,0.000000,0.000000,0.000000,0.000000,0.000000,0.000000,0.000000,0.000000,0.000000
881,14.683333,75.518555,0.000154,-204.348572,8.493484,-0.000004,-23.132671,-0.351882,-0.000002,24.642517,4602.680,2,0.000000,4,4,38.907143,1,0,0,0.001546,0.999995,-0.002846,0.938725,-0.000471,0.344666,-0.000014,-0.000007,0.000000,0.000000,0.000000,1,0.006556,30459.093750,-0.159134,-1939.681641,0.000000,0.004111,41.528004,1,0.007565,30607.861328,-0.142143,-1927.574097,0.000000,0.004085,41.396530,1,-0.016971,18421.730469,0.274985,5626.982422,-0.000001,-0.017470,38.908276,1,-0.016079,18511.505859,0.286559,5625.798828,-0.000001,-0.017467,38.906010,2135.555908,98000.226562,-5815.597656,-0.195312,-0.125977,-0.259766,0.000000,0.000000,0.000000,0.000000,0.000000,0.000000,0.000000,0.000000,0.000000
882,14.700000,75.660278,0.000154,-204.734436,8.500603,-0.000003,-23.152056,-0.351882,-0.000002,24.663166,4606.515,2,0.000000,4,4,38.939503,1,0,0,0.001547,0.999995,-0.002846,0.938725,-0.000471,0.344666,-0.000014,-0.000008,0.000000,0.000000,0.000000,1,0.006557,30459.105469,-0.159001,-1938.149292,0.000000,0.004107,41.562878,1,0.007566,30607.984375,-0.142025,-1925.989502,0.000000,0.004082,41.431293,1,-0.016972,18421.468750,0.274750,5623.810059,-0.000001,-0.017461,38.940636,1,-0.016080,18511.320312,0.286316,5622.695312,-0.000001,-0.017457,38.938370,2133.779297,97999.859375,-5810.758789,0.578125,0.000488,0.254883,0.000000,0.000000,0.000000,0.000000,0.000000,0.000000,0.000000,0.000000,0.000000
883,14.716666,75.802124,0.000154,-205.120605,8.507715,-0.000004,-23.171425,-0.351882,-0.000002,24.683800,4610.346,2,0.000000,4,4,38.971832,1,0,0,0.001547,0.999995,-0.002846,0.938725,-0.000471,0.344666,-0.000014,-0.000008,0.000000,0.000000,0.000000,1,0.006558,30459.210938,-0.176521,-1936.626099,0.000000,0.004104,41.597721,1,0.007567,30607.994141,-0.141906,-1924.470947,0.000000,0.004078,41.466026,1,-0.016973,18421.490234,0.264354,5620.695801,-0.000001,-0.017451,38.972965,1,-0.016081,18511.277344,0.286076,5619.530273,-0.000001,-0.017447,38.970699,2131.949219,97999.968750,-5805.855469,-0.773438,-0.045898,-0.464844,0.000000,0.000000,0.000000,0.000000,0.000000,0.000000,0.000000,0.000000,0.000000
884,14.733334,75.944092,0.000154,-205.507141,8.514822,-0.000004,-23.190777,-0.351882,-0.000002,24.704416,4614.173,2,0.000000,4,4,39.004135,1,0,0,0.001547,0.999995,-0.002846,0.938725,-0.000471,0.344666,-0.000014,-0.000008,0.000000,0.000000,0.000000,1,0.006559,30459.429688,-0.194012,-1934.977539,0.000000,0.004101,41.632538,1,0.007568,30608.212891,-0.177236,-1923.038208,0.000000,0.004075,41.500729,1,-0.016974,18421.228516,0.253970,5617.502930,-0.000001,-0.017441,39.005268,1,-0.016082,18511.169922,0.265419,5616.431152,-0.000001,-0.017438,39.003002,2130.076172,98000.046875,-5800.998047,0.515625,-0.181152,0.140625,0.000000,0.000000,0.000000,0.000000,0.000000,0.000000,0.000000,0.000000,0.000000
885,14.750000,76.086182,0.000154,-205.893982,8.521922,-0.000004,-23.210114,-0.351882,-0.000002,24.725016,4617.998,2,0.000000,4,4,39.036407,1,0,0,0.001547,0.999995,-0.002847,0.938725,-0.000471,0.344666,-0.000014,-0.000008,0.000000,0.000000,0.000000,1,0.006559,30459.439453,-0.176228,-1933.525024,0.000000,0.004098,41.667324,1,0.007568,30608.335938,-0.177089,-1921.465454,0.000000,0.004072,41.535404,1,-0.016975,18421.173828,0.274059,5614.420410,-0.000001,-0.017431,39.037544,1,-0.016083,18510.984375,0.265195,5613.165039,-0.000001,-0.017427,39.035271,2128.278564,97999.929688,-5795.991699,0.195312,-0.176758,0.032227,0.000000,0.000000,0.000000,0.000000,0.000000,0.000000,0.000000,0.000000,0.000000
886,14.766666,76.228271,0.000154,-206.281128,8.529016,-0.000004,-23.229433,-0.351882,-0.000002,24.745596,4621.819,2,0.000000,4,4,39.068653,1,0,0,0.001547,0.999995,-0.002847,0.938725,-0.000471,0.344666,-0.000014,-0.000008,0.000000,0.000000,0.000000,1,0.006560,30459.544922,-0.176082,-1931.945435,0.000000,0.004094,41.702084,1,0.007569,30608.458984,-0.176943,-1919.896606,0.000000,0.004069,41.570053,1,-0.016977,18421.052734,0.283971,5611.176270,-0.000001,-0.017421,39.069786,1,-0.016084,18510.865234,0.285355,5610.040527,-0.000001,-0.017418,39.067520,2126.509766,97999.921875,-5791.085449,0.187500,0.073242,0.078125,0.000000,0.000000,0.000000,0.000000,0.000000,0.000000,0.000000,0.000000,0.000000
887,14.783334,76.370483,0.000153,-206.668579,8.536105,-0.000004,-23.248737,-0.351882,-0.000002,24.766161,4625.637,2,0.000000,4,4,39.100872,1,0,0,0.001547,0.999995,-0.002847,0.938725,-0.000471,0.344666,-0.000014,-0.000008,0.000000,0.000000,0.000000,1,0.006561,30459.650391,-0.175936,-1930.301392,0.000000,0.004091,41.736813,1,0.007570,30608.582031,-0.176796,-1918.194092,0.000000,0.004065,41.604671,1,-0.016978,18420.857422,0.283732,5608.031250,-0.000001,-0.017412,39.102001,1,-0.016085,18510.822266,0.264752,5607.025391,-0.000001,-0.017408,39.099743,2124.833008,97999.906250,-5786.576660,0.390625,0.168945,0.332031,0.000000,0.000000,0.000000,0.000000,0.000000,0.000000,0.000000,0.000000,0.000000
888,14.800000,76.512817,0.000153,-207.056396,8.543188,-0.000004,-23.268026,-0.351882,-0.000002,24.786707,4629.452,2,0.000000,4,4,39.133060,1,0,0,0.001547,0.999995,-0.002847,0.938725,-0.000471,0.344666,-0.000014,-0.000008,0.000000,0.000000,0.000000,1,0.006562,30459.755859,-0.175791,-1928.934448,0.000000,0.004088,41.771511,1,0.007571,30608.816406,-0.141321,-1917.052612,0.000000,0.004063,41.639256,1,-0.016979,18420.876953,0.263247,5604.735352,-0.000001,-0.017401,39.134190,1,-0.016086,18510.712891,0.264531,5603.732910,-0.000001,-0.017398,39.131931,2122.752930,98000.203125,-5780.869141,-0.460938,-0.252930,0.047852,0.000000,0.000000,0.000000,0.000000,0.000000,0.000000,0.000000,0.000000,0.000000
889,14.816667,76.655273,0.000153,-207.444519,8.550264,-0.000004,-23.287296,-0.351882,-0.000002,24.807232,4633.263,2,0.000000,4,4,39.165222,1,0,0,0.001547,0.999995,-0.002848,0.938725,-0.000471,0.344666,-0.000014,-0.000007,0.000000,0.000000,0.000000,1,0.006562,30459.972656,-0.210776,-1927.237061,0.000000,0.004084,41.806183,1,0.007572,30608.732422,-0.176504,-1915.275635,0.000000,0.004059,41.673820,1,-0.016980,18420.693359,0.283260,5601.610840,-0.000001,-0.017392,39.166351,1,-0.016087,18510.681641,0.284643,5600.663086,-0.000001,-0.017389,39.164093,2121.099854,98000.093750,-5776.452148,-0.500000,0.271484,-0.215820,0.000000,0.000000,0.000000,0.000000,0.000000,0.000000,0.000000,0.000000,0.000000
890,14.833333,76.797852,0.000153,-207.832947,8.557335,-0.000004,-23.306551,-0.351882,-0.000002,24.827744,4637.070,2,0.000000,4,4,39.197353,1,0,0,0.001548,0.999995,-0.002848,0.938725,-0.000471,0.344666,-0.000014,-0.000007,0.000000,0.000000,0.000000,1,0.006563,30459.984375,-0.175502,-1925.667114,0.000000,0.004081,41.840824,1,0.007573,30608.951172,-0.176360,-1913.728271,0.000000,0.004056,41.708351,1,-0.016981,18420.574219,0.262808,5598.404297,-0.000001,-0.017382,39.198483,1,-0.016089,18510.433594,0.264090,5597.460449,-0.000001,-0.017379,39.196224,2119.272461,97999.929688,-5771.491211,0.109375,-0.028809,0.131836,0.000000,0.000000,0.000000,0.000000,0.000000,0.000000,0.000000,0.000000,0.000000
891,14.850000,76.940552,0.000153,-208.221680,8.564399,-0.000004,-23.325788,-0.351882,-0.000002,24.848238,4640.875,2,0.000000,4,4,39.229458,1,0,0,0.001548,0.999995,-0.002848,0.938725,-0.000471,0.344666,-0.000014,-0.000007,0.000000,0.000000,0.000000,1,0.006564,30460.203125,-0.175358,-1924.114014,0.000000,0.004078,41.875435,1,0.007573,30609.074219,-0.211458,-1912.178589,0.000000,0.004052,41.742851,1,-0.016983,18420.453125,0.262589,5595.279297,-0.000001,-0.017372,39.230591,1,-0.016090,18510.312500,0.284168,5594.230469,-0.000001,-0.017369,39.228325,2117.449707,98000.054688,-5766.570312,0.507812,0.062500,0.138672,0.000000,0.000000,0.000000,0.000000,0.000000,0.000000,0.000000,0.000000,0.000000
892,14.866667,77.083374,0.000153,-208.610779,8.571457,-0.000004,-23.345011,-0.351882,-0.000002,24.868717,4644.676,2,0.000000,4,4,39.261536,1,0,0,0.001548,0.999995,-0.002848,0.938725,-0.000471,0.344666,-0.000014,-0.000007,0.000000,0.000000,0.000000,1,0.006565,30460.212891,-0.175214,-1922.620117,0.000000,0.004075,41.910015,1,0.007574,30609.308594,-0.176071,-1910.571167,0.000000,0.004049,41.777325,1,-0.016984,18420.333984,0.262371,5592.088867,-0.000001,-0.017362,39.262669,1,-0.016091,18510.345703,0.263654,5591.093262,-0.000001,-0.017359,39.260403,2115.664062,98000.234375,-5761.663086,-0.359375,0.050781,0.305664,0.000000,0.000000,0.000000,0.000000,0.000000,0.000000,0.000000,0.000000,0.000000
893,14.883333,77.226318,0.000153,-209.000183,8.578509,-0.000003,-23.364216,-0.351882,-0.000002,24.889175,4648.474,2,0.000000,4,4,39.293583,1,0,0,0.001548,0.999995,-0.002848,0.938725,-0.000471,0.344666,-0.000014,-0.000007,0.000000,0.000000,0.000000,1,0.006565,30460.318359,-0.210084,-1921.067993,0.000000,0.004071,41.944569,1,0.007575,30609.224609,-0.175926,-1909.016357,0.000000,0.004046,41.811768,1,-0.016985,18420.212891,0.262154,5588.907715,-0.000001,-0.017352,39.294716,1,-0.016092,18510.021484,0.263432,5587.818848,-0.000001,-0.017349,39.292450,2113.789551,97999.734375,-5756.659180,2.078125,0.105957,-0.004883,0.000000,0.000000,0.000000,0.000000,0.000000,0.000000,0.000000,0.000000,0.000000
894,14.900000,77.369385,0.000153,-209.389893,8.585555,-0.000004,-23.383404,-0.351882,-0.000002,24.909615,4652.268,2,0.000000,4,4,39.325603,1,0,0,0.001548,0.999995,-0.002849,0.938725,-0.000471,0.344667,-0.000013,-0.000008,0.000000,0.000000,0.000000,1,0.006566,30460.423828,-0.174927,-1919.451172,0.000000,0.004068,41.979092,1,0.007576,30609.330078,-0.175782,-1907.477173,0.000000,0.004042,41.846180,1,-0.016986,18420.093750,0.261937,5585.735840,-0.000001,-0.017342,39.326736,1,-0.016093,18510.041016,0.263216,5584.733887,-0.000001,-0.017339,39.324471,2112.065918,97999.875000,-5751.863281,-0.531250,-0.026367,-0.091797,0.000000,0.000000,0.000000,0.000000,0.000000,0.000000,0.000000,0.000000,0.000000
895,14.916667,77.512573,0.000153,-209.779907,8.592595,-0.000004,-23.402576,-0.351882,-0.000002,24.930040,4656.059,2,0.000000,4,4,39.357594,1,0,0,0.001548,0.999995,-0.002849,0.938725,-0.000471,0.344667,-0.000014,-0.000007,0.000000,0.000000,0.000000,1,0.006567,30460.529297,-0.174785,-1917.770508,0.000000,0.004064,42.013584,1,0.007577,30609.660156,-0.140512,-1905.819580,0.000000,0.004039,41.880562,1,-0.016987,18419.972656,0.261721,5582.609375,-0.000001,-0.017333,39.358730,1,-0.016094,18509.933594,0.283230,5581.543457,-0.000001,-0.017329,39.356457,2110.403320,98000.117188,-5747.174805,0.109375,-0.109375,0.470703,0.000000,0.000000,0.000000,0.000000,0.000000,0.000000,0.000000,0.000000,0.000000
896,14.933333,77.655884,0.000153,-210.170288,8.599629,-0.000004,-23.421734,-0.351882,-0.000002,24.950449,4659.847,2,0.000000,4,4,39.389553,1,0,0,0.001548,0.999995,-0.002849,0.938725,-0.000471,0.344667,-0.000014,-0.000007,0.000000,0.000000,0.000000,1,0.006567,30460.634766,-0.174642,-1916.433838,0.000000,0.004061,42.048046,1,0.007578,30609.576172,-0.175496,-1904.480957,0.000000,0.004036,41.914913,1,-0.016988,18419.929688,0.281622,5579.403320,-0.000001,-0.017323,39.390690,1,-0.016095,18509.826172,0.262783,5578.250000,-0.000001,-0.017319,39.388416,2108.364502,97999.960938,-5741.724121,0.742188,-0.047852,-0.325195,0.000000,0.000000,0.000000,0.000000,0.000000,0.000000,0.000000,0.000000,0.000000
897,14.950000,77.799316,0.000153,-210.560974,8.606657,-0.000004,-23.440872,-0.351882,-0.000002,24.970837,4663.631,2,0.000000,4,4,39.421486,1,0,0,0.001548,0.999995,-0.002849,0.938725,-0.000471,0.344667,-0.000013,-0.000008,0.000000,0.000000,0.000000,1,0.006568,30460.740234,-0.174500,-1914.828247,0.000000,0.004058,42.082481,1,0.007578,30609.681641,-0.140283,-1902.816895,0.000000,0.004033,41.949242,1,-0.016990,18419.746094,0.261290,5576.126953,-0.000001,-0.017312,39.422623,1,-0.016096,18509.716797,0.282764,5575.039551,-0.000001,-0.017309,39.420349,2106.601074,97999.867188,-5736.819336,0.960938,-0.014160,-0.132812,0.000000,0.000000,0.000000,0.000000,0.000000,0.000000,0.000000,0.000000,0.000000
898,14.966666,77.942871,0.000153,-210.951965,8.613679,-0.000004,-23.459995,-0.351882,-0.000002,24.991207,4667.412,2,0.000000,4,4,39.453392,1,0,0,0.001549,0.999995,-0.002850,0.938725,-0.000472,0.344667,-0.000013,-0.000008,0.000000,0.000000,0.000000,1,0.006569,30460.734375,-0.139486,-1913.220459,0.000000,0.004055,42.116890,1,0.007579,30609.900391,-0.140170,-1901.299927,0.000000,0.004029,41.983536,1,-0.016991,18419.701172,0.301242,5572.938477,-0.000001,-0.017303,39.454529,1,-0.016097,18509.685547,0.282533,5571.861328,-0.000001,-0.017299,39.452255,2104.866699,98000.031250,-5731.877441,0.015625,-0.004883,-0.131836,0.000000,0.000000,0.000000,0.000000,0.000000,0.000000,0.000000,0.000000,0.000000
899,14.983334,78.086548,0.000153,-211.343262,8.620695,-0.000004,-23.479101,-0.351882,-0.000002,25.011562,4671.189,2,0.000000,4,4,39.485271,1,0,0,0.001549,0.999995,-0.002850,0.938725,-0.000472,0.344667,-0.000013,-0.000008,0.000000,0.000000,0.000000,1,0.006569,30460.822266,-0.139373,-1911.621704,0.000000,0.004051,42.151268,1,0.007580,30609.910156,-0.175069,-1899.705566,0.000000,0.004026,42.017803,1,-0.016992,18419.593750,0.300995,5569.813965,-0.000001,-0.017293,39.486412,1,-0.016098,18509.513672,0.282300,5568.611816,-0.000001,-0.017289,39.484131,2103.049805,97999.820312,-5727.031250,-0.039062,-0.027344,-0.356445,0.000000,0.000000,0.000000,0.000000,0.000000,0.000000,0.000000,0.000000,0.000000
900,15.000000,78.230347,0.000153,-211.734924,8.627706,-0.000005,-23.498192,-0.351882,-0.000002,25.031898,4674.964,2,0.000000,4,4,39.517120,1,0,0,0.001549,0.999995,-0.002850,0.938725,-0.000472,0.344667,-0.000013,-0.000009,0.000000,0.000000,0.000000,1,0.006570,30461.021484,-0.139261,-1910.102295,0.000000,0.004048,42.185616,1,0.007581,30610.128906,-0.139943,-1898.196289,0.000000,0.004023,42.052040,1,-0.016993,18419.410156,0.300748,5566.563965,-0.000001,-0.017283,39.518261,1,-0.016099,18509.482422,0.302218,5565.451660,-0.000001,-0.017279,39.515980,2101.248535,98000.062500,-5721.965332,0.312500,0.049316,0.005859,0.000000,0.000000,0.000000,0.000000,0.000000,0.000000,0.000000,0.000000,0.000000
