frame,time,x,y,z,vx,vy,vz,yaw,yaw_rate,speed,rpm,gear,steer,grounded,original_gear,shaft_spin,throttle,brake,handbrake
0,0.000000,-0.000000,0.000000,0.000000,-0.000000,-0.000001,0.000000,-0.000141,0.000000,-0.000000,613.487,0,0.000000,4,2,0.000000,1,0,0
1,0.016667,-0.000000,0.000000,0.000000,-0.000000,-0.000000,0.000000,-0.000141,-0.000000,-0.000000,669.119,0,0.000000,4,2,0.000000,1,0,0
2,0.033333,-0.000000,0.000000,0.000000,-0.000000,-0.000001,0.000000,-0.000141,-0.000000,-0.000000,725.131,0,0.000000,4,2,0.000000,1,0,0
3,0.050000,-0.000000,-0.000000,0.000000,0.000000,-0.000001,0.000000,-0.000141,-0.000000,-0.000000,781.516,0,0.000000,4,2,0.000000,1,0,0
4,0.066667,-0.000000,-0.000000,0.000000,0.000000,-0.000000,0.000000,-0.000141,-0.000000,-0.000000,838.266,0,0.000000,4,2,0.000000,1,0,0
5,0.083333,-0.000000,-0.000000,0.000000,0.000000,0.000000,0.000000,-0.000141,-0.000000,-0.000000,895.375,0,0.000000,4,2,0.000000,1,0,0
6,0.100000,0.000000,-0.000000,0.000000,0.000000,-0.000000,0.000000,-0.000141,-0.000000,-0.000000,952.835,0,0.000000,4,2,0.000000,1,0,0
7,0.116667,0.000000,-0.000000,0.000000,0.000000,-0.000000,-0.000000,-0.000141,-0.000000,0.000000,1010.637,0,0.000000,4,2,0.000000,1,0,0
8,0.133333,0.000000,-0.000000,0.000000,0.000000,-0.000000,-0.000000,-0.000141,-0.000000,0.000000,1068.775,0,0.000000,4,2,0.000000,1,0,0
9,0.150000,0.000000,-0.000000,0.000000,0.000000,-0.000000,-0.000000,-0.000141,-0.000000,0.000000,1127.240,0,0.000000,4,2,0.000000,1,0,0
10,0.166667,0.000000,-0.000000,0.000000,0.000000,-0.000000,-0.000000,-0.000141,-0.000000,0.000000,1186.023,0,0.000000,4,2,0.000000,1,0,0
11,0.183333,0.000000,-0.000000,0.000000,-0.000000,-0.000000,-0.000000,-0.000141,-0.000000,0.000000,1245.115,0,0.000000,4,2,0.000000,1,0,0
12,0.200000,0.000000,-0.000000,0.000000,-0.000000,-0.000000,-0.000000,-0.000141,-0.000000,0.000000,1304.508,0,0.000000,4,2,0.000000,1,0,0
13,0.216667,-0.000000,-0.000000,0.000000,-0.000000,-0.000000,-0.000000,-0.000141,-0.000000,0.000000,1364.193,0,0.000000,4,2,0.000000,1,0,0
14,0.233333,-0.000000,-0.000000,0.000000,-0.000000,-0.000000,-0.000000,-0.000141,0.000000,0.000000,1424.161,0,0.000000,4,2,0.000000,1,0,0
15,0.250000,-0.000000,-0.000000,0.000000,-0.000000,-0.000000,-0.000000,-0.000141,0.000000,0.000000,1484.401,0,0.000000,4,2,0.000000,1,0,0
16,0.266667,-0.000000,-0.000000,0.000000,-0.000000,0.000001,0.000000,-0.000141,0.000000,-0.000000,1544.904,0,0.000000,4,2,0.000000,1,0,0
17,0.283333,-0.000000,-0.000000,0.000000,-0.000000,-0.000000,0.000000,-0.000141,0.000000,-0.000000,1544.904,0,0.000000,4,2,6.922393,1,0,0
18,0.300000,0.000000,-0.000007,-0.004548,0.000026,-0.000416,-0.272900,-0.000058,0.005025,0.272893,1508.693,0,0.000000,4,2,7.016748,1,0,0
19,0.316667,-0.000001,-0.000010,-0.014315,-0.000093,-0.000197,-0.586009,0.000081,0.008310,0.585992,1529.257,0,0.000000,4,2,7.067458,1,0,0
20,0.333333,-0.000007,-0.000001,-0.029488,-0.000369,0.000585,-0.910374,0.000236,0.009313,0.910348,1540.309,0,0.000000,4,2,7.084670,1,0,0
21,0.350000,-0.000020,0.000029,-0.049903,-0.000761,0.001765,-1.224880,0.000374,0.008280,1.224850,1544.060,0,0.000000,4,2,7.077683,1,0,0
22,0.366667,-0.000040,0.000081,-0.075172,-0.001197,0.003137,-1.516166,0.000472,0.005895,1.516136,1542.538,0,0.000000,4,2,7.054676,1,0,0
23,0.383333,-0.000067,0.000156,-0.104771,-0.001606,0.004493,-1.775934,0.000496,0.001427,1.775906,1537.523,0,0.000000,4,2,7.023930,1,0,0
24,0.400000,-0.000098,0.000250,-0.138140,-0.001870,0.005657,-2.002109,0.000409,-0.005220,2.002087,1530.823,0,0.000000,4,2,6.992560,1,0,0
25,0.416667,-0.000128,0.000358,-0.174873,-0.001811,0.006488,-2.203979,0.000264,-0.008679,2.203962,1523.986,0,0.000000,4,2,6.962507,1,0,0
26,0.433333,-0.000152,0.000474,-0.214336,-0.001437,0.006953,-2.367831,0.000158,-0.006386,2.367818,1517.436,0,0.000000,4,2,6.949904,1,0,0
27,0.450000,-0.000168,0.000590,-0.256555,-0.000958,0.006943,-2.533115,0.000114,-0.002669,2.533104,1514.689,0,0.000000,4,2,6.939846,1,0,0
28,0.466667,-0.000176,0.000699,-0.301717,-0.000507,0.006535,-2.709716,0.000121,0.000426,2.709707,1512.497,0,0.000000,4,2,6.942610,1,0,0
29,0.483333,-0.000179,0.000797,-0.349583,-0.000165,0.005886,-2.871972,0.000163,0.002534,2.871964,1513.099,0,0.000000,4,2,6.963192,1,0,0
30,0.500000,-0.000179,0.000881,-0.400010,0.000019,0.005032,-3.025583,0.000220,0.003456,3.025576,1517.585,0,0.000000,4,2,7.004831,1,0,0
31,0.516667,-0.000178,0.000948,-0.452839,0.000034,0.004031,-3.169739,0.000277,0.003368,3.169730,1526.660,0,0.000000,4,2,7.070574,1,0,0
32,0.533333,-0.000180,0.000997,-0.507882,-0.000099,0.002942,-3.302621,0.000320,0.002574,3.302612,1540.989,0,0.000000,4,2,7.162937,1,0,0
33,0.550000,-0.000185,0.001027,-0.564912,-0.000334,0.001813,-3.421805,0.000343,0.001403,3.421795,1561.118,0,0.000000,4,2,7.283790,1,0,0
34,0.566667,-0.000198,0.001039,-0.623658,-0.000781,0.000685,-3.524724,0.000348,0.000317,3.524714,1587.457,0,0.000000,4,2,7.434257,1,0,0
35,0.583333,-0.000217,0.001032,-0.683810,-0.001131,-0.000406,-3.609119,0.000335,-0.000799,3.609107,1620.251,0,0.000000,4,2,7.614636,1,0,0
36,0.600000,-0.000241,0.001008,-0.745033,-0.001404,-0.001439,-3.673416,0.000306,-0.001711,3.673403,1659.563,0,0.000000,4,2,7.824358,1,0,0
37,0.616667,-0.000267,0.000968,-0.806983,-0.001566,-0.002402,-3.716981,0.000267,-0.002346,3.716964,1705.271,0,0.000000,4,2,8.061990,1,0,0
38,0.633333,-0.000294,0.000913,-0.869320,-0.001603,-0.003286,-3.740240,0.000222,-0.002698,3.740219,1757.061,0,0.000000,4,2,8.325280,1,0,0
39,0.650000,-0.000319,0.000845,-0.931732,-0.001515,-0.004082,-3.744681,0.000176,-0.002800,3.744655,1814.444,0,0.000000,4,2,8.611252,1,0,0
40,0.666667,-0.000341,0.000765,-0.993944,-0.001319,-0.004786,-3.732734,0.000131,-0.002708,3.732702,1876.770,0,0.000000,4,2,8.916321,1,0,0
41,0.683333,-0.000358,0.000676,-1.055737,-0.001041,-0.005389,-3.707581,0.000089,-0.002486,3.707541,1943.258,0,0.000000,4,2,9.236445,1,0,0
42,0.700000,-0.000370,0.000578,-1.116952,-0.000714,-0.005878,-3.672916,0.000053,-0.002190,3.672868,2013.027,0,0.000000,4,2,9.567289,1,0,0
43,0.716667,-0.000376,0.000474,-1.177497,-0.000369,-0.006243,-3.632688,0.000022,-0.001864,3.632630,2085.132,0,0.000000,4,2,9.904384,1,0,0
44,0.733333,-0.000377,0.000366,-1.237345,-0.000039,-0.006473,-3.590860,-0.000004,-0.001538,3.590792,2158.600,0,0.000000,4,2,10.243290,1,0,0
45,0.750000,-0.000373,0.000256,-1.296531,0.000251,-0.006555,-3.551198,-0.000025,-0.001232,3.551118,2232.462,0,0.000000,4,2,10.579747,1,0,0
46,0.766667,-0.000365,0.000148,-1.355150,0.000482,-0.006482,-3.517104,-0.000041,-0.000955,3.517014,2305.791,0,0.000000,4,2,10.909801,1,0,0
47,0.783333,-0.000354,0.000044,-1.413342,0.000643,-0.006249,-3.491506,-0.000052,-0.000710,3.491404,2377.725,0,0.000000,4,2,11.229911,1,0,0
48,0.800000,-0.000342,-0.000053,-1.471288,0.000731,-0.005859,-3.476782,-0.000061,-0.000497,3.476669,2447.490,0,0.000000,4,2,11.537032,1,0,0
49,0.816667,-0.000328,-0.000142,-1.529200,0.000842,-0.005316,-3.474743,-0.000064,-0.000192,3.474619,2514.426,0,0.000000,4,2,11.828679,1,0,0
50,0.833333,-0.000313,-0.000219,-1.587311,0.000862,-0.004635,-3.486637,-0.000064,0.000020,3.486503,2577.988,0,0.000000,4,2,12.102962,1,0,0
51,0.850000,-0.000300,-0.000283,-1.645864,0.000801,-0.003838,-3.513180,-0.000061,0.000157,3.513037,2637.767,0,0.000000,4,2,12.358602,1,0,0
52,0.866667,-0.000289,-0.000332,-1.705107,0.000677,-0.002945,-3.554604,-0.000057,0.000236,3.554454,2693.482,0,0.000000,4,2,12.594930,1,0,0
53,0.883333,-0.000280,-0.000365,-1.765286,0.000509,-0.001986,-3.610707,-0.000053,0.000274,3.610552,2744.988,0,0.000000,4,2,12.811871,1,0,0
54,0.900000,-0.000275,-0.000382,-1.826634,0.000317,-0.000984,-3.680911,-0.000048,0.000287,3.680753,2792.269,0,0.000000,4,2,13.009904,1,0,0
55,0.916667,-0.000275,-0.000381,-1.889373,0.000004,0.000027,-3.764314,-0.000041,0.000412,3.764156,2835.429,0,0.000000,4,2,13.190022,1,0,0
56,0.933333,-0.000279,-0.000364,-1.953702,-0.000271,0.001014,-3.859742,-0.000033,0.000467,3.859585,2874.685,0,0.000000,4,2,13.353671,1,0,0
57,0.950000,-0.000288,-0.000332,-2.019799,-0.000493,0.001947,-3.965788,-0.000026,0.000462,3.965636,2910.351,0,0.000000,4,2,13.502691,1,0,0
58,0.966667,-0.000298,-0.000285,-2.087813,-0.000652,0.002797,-4.080855,-0.000019,0.000412,4.080709,2942.829,0,0.000000,4,2,13.639243,1,0,0
59,0.983333,-0.000311,-0.000226,-2.157866,-0.000742,0.003542,-4.203201,-0.000013,0.000330,4.203063,2972.589,0,0.000000,4,2,13.765733,1,0,0
60,1.000000,-0.000324,-0.000157,-2.230049,-0.000767,0.004163,-4.330978,-0.000009,0.000230,4.330848,3000.157,0,0.000000,4,2,13.884733,1,0,0
61,1.016667,-0.000336,-0.000079,-2.304421,-0.000732,0.004648,-4.462280,-0.000007,0.000121,4.462159,3026.093,0,0.000000,4,2,13.998905,1,0,0
62,1.033333,-0.000347,0.000004,-2.381007,-0.000647,0.004986,-4.595185,-0.000007,0.000010,4.595074,3050.976,0,0.000000,4,2,14.110917,1,0,0
63,1.050000,-0.000355,0.000090,-2.459435,-0.000524,0.005207,-4.705660,0.000038,0.002681,4.705558,3075.388,0,0.000000,4,2,14.246008,1,0,0
64,1.066667,-0.000364,0.000177,-2.539696,-0.000497,0.005217,-4.815680,0.000110,0.004365,4.815584,3104.830,0,0.000000,4,2,14.393662,1,0,0
65,1.083333,-0.000374,0.000262,-2.621628,-0.000609,0.005058,-4.915879,0.000307,0.011802,4.915789,3137.011,0,0.000000,4,2,14.553991,1,0,0
66,1.100000,-0.000393,0.000340,-2.705398,-0.001172,0.004705,-5.026251,0.000655,0.020850,5.026165,3171.954,0,0.000000,4,2,14.716204,1,0,0
67,1.116667,-0.000434,0.000411,-2.790847,-0.002450,0.004255,-5.126927,0.000963,0.018535,5.126847,3207.307,0,0.000000,4,2,14.882984,1,0,0
68,1.133333,-0.000503,0.000473,-2.877826,-0.004153,0.003715,-5.218721,0.001128,0.009849,5.218644,3243.655,0,0.000000,4,2,15.054962,1,0,0
69,1.150000,-0.000601,0.000525,-2.966193,-0.005858,0.003102,-5.302006,0.001105,-0.001381,5.301932,3281.137,0,0.000000,4,2,15.232514,1,0,0
70,1.166667,-0.000720,0.000565,-3.055822,-0.007119,0.002430,-5.377745,0.000902,-0.012175,5.377671,3319.833,0,0.000000,4,2,15.415754,1,0,0
71,1.183333,-0.000846,0.000594,-3.146672,-0.007568,0.001718,-5.451035,0.000611,-0.017442,5.450962,3359.770,0,0.000000,4,2,15.604591,1,0,0
72,1.200000,-0.000964,0.000610,-3.238804,-0.007117,0.000986,-5.527926,0.000389,-0.013340,5.527849,3400.925,0,0.000000,4,2,15.799062,1,0,0
73,1.216667,-0.001065,0.000615,-3.332040,-0.006061,0.000306,-5.594150,0.000173,-0.012951,5.594069,3443.309,0,0.000000,4,2,15.999529,1,0,0
74,1.233333,-0.001139,0.000610,-3.426253,-0.004439,-0.000326,-5.652742,-0.000054,-0.013631,5.652657,3487.000,0,0.000000,4,2,16.205351,1,0,0
75,1.250000,-0.001178,0.000595,-3.521343,-0.002339,-0.000910,-5.705420,-0.000293,-0.014341,5.705330,3531.857,0,0.000000,4,2,16.415789,1,0,0
76,1.266667,-0.001176,0.000571,-3.617398,0.000122,-0.001448,-5.763305,-0.000418,-0.007475,5.763210,3577.721,0,0.000000,4,2,16.629995,1,0,0
77,1.283333,-0.001135,0.000539,-3.714296,0.002462,-0.001885,-5.813855,-0.000500,-0.004934,5.813756,3624.406,0,0.000000,4,2,16.847759,1,0,0
78,1.300000,-0.001060,0.000502,-3.811963,0.004540,-0.002235,-5.860037,-0.000572,-0.004270,5.859933,3671.866,0,0.000000,4,2,17.068060,1,0,0
79,1.316667,-0.000955,0.000460,-3.910355,0.006266,-0.002500,-5.903505,-0.000645,-0.004371,5.903397,3719.879,0,0.000000,4,2,17.289896,1,0,0
80,1.333333,-0.000828,0.000415,-4.009556,0.007600,-0.002691,-5.952038,-0.000642,0.000190,5.951923,3768.227,0,0.000000,4,2,17.512270,1,0,0
81,1.350000,-0.000690,0.000369,-4.109510,0.008307,-0.002779,-5.997257,-0.000614,0.001638,5.997136,3816.692,0,0.000000,4,2,17.734692,1,0,0
82,1.366667,-0.000550,0.000323,-4.210205,0.008420,-0.002784,-6.041711,-0.000581,0.002001,6.041583,3865.167,0,0.000000,4,2,17.956205,1,0,0
83,1.383333,-0.000416,0.000277,-4.311831,0.008021,-0.002728,-6.097543,-0.000675,-0.005658,6.097409,3913.445,0,0.000000,4,2,18.175974,1,0,0
84,1.400000,-0.000290,0.000235,-4.413873,0.007560,-0.002530,-6.122529,-0.000826,-0.009038,6.122388,3961.342,0,0.000000,4,2,18.410860,1,0,0
85,1.416667,-0.000170,0.000196,-4.516654,0.007217,-0.002361,-6.166844,-0.000776,0.002983,6.166696,4012.534,0,0.000000,4,2,18.640469,1,0,0
86,1.433333,-0.000062,0.000160,-4.620179,0.006453,-0.002144,-6.211491,-0.000587,0.011375,6.211335,4062.576,0,0.000000,4,2,18.865341,1,0,0
87,1.450000,0.000024,0.000128,-4.724470,0.005145,-0.001888,-6.257488,-0.000324,0.015762,6.257325,4111.585,0,0.000000,4,2,19.084738,1,0,0
88,1.466667,0.000079,0.000102,-4.829566,0.003299,-0.001606,-6.305705,-0.000049,0.016480,6.305535,4159.402,0,0.000000,4,2,19.298059,1,0,0
89,1.483333,0.000096,0.000080,-4.935516,0.001040,-0.001305,-6.357018,0.000193,0.014533,6.356844,4205.894,0,0.000000,4,2,19.504871,1,0,0
90,1.500000,0.000072,0.000063,-5.042386,-0.001422,-0.000994,-6.412190,0.000378,0.011080,6.412013,4250.967,0,0.000000,4,2,19.704929,1,0,0
91,1.516667,0.000008,0.000052,-5.150249,-0.003840,-0.000676,-6.471773,0.000497,0.007127,6.471593,4294.569,0,0.000000,4,2,19.898193,1,0,0
92,1.533333,-0.000091,0.000046,-5.259182,-0.005976,-0.000359,-6.536051,0.000554,0.003397,6.535872,4336.689,0,0.000000,4,2,20.084826,1,0,0
93,1.550000,-0.000206,0.000045,-5.369267,-0.006870,-0.000047,-6.605021,0.000576,0.001288,6.604843,4377.365,0,0.000000,4,2,20.265184,1,0,0
94,1.566667,-0.000332,0.000050,-5.480573,-0.007556,0.000253,-6.678400,0.000564,-0.000709,6.678223,4416.673,0,0.000000,4,2,20.439806,1,0,0
95,1.583333,-0.000462,0.000059,-5.593168,-0.007781,0.000538,-6.755680,0.000528,-0.002188,6.755504,4454.730,0,0.000000,4,2,20.609369,1,0,0
96,1.600000,-0.000592,0.000072,-5.707104,-0.007809,0.000803,-6.836167,0.000480,-0.002880,6.835994,4491.686,0,0.000000,4,2,20.774668,1,0,0
97,1.616667,-0.000723,0.000090,-5.822045,-0.007903,0.001073,-6.896511,0.000347,-0.007953,6.896339,4527.712,0,0.000000,4,2,20.953533,1,0,0
98,1.633333,-0.000843,0.000110,-5.938411,-0.007178,0.001216,-6.981905,0.000290,-0.003432,6.981735,4566.694,0,0.000000,4,2,21.132227,1,0,0
99,1.650000,-0.000945,0.000133,-6.055681,-0.006105,0.001389,-7.036191,0.000247,-0.002588,7.036023,4605.640,0,0.000000,4,2,21.323652,1,0,0
100,1.666667,-0.001025,0.000157,-6.174067,-0.004790,0.001434,-7.103230,0.000219,-0.001684,7.103063,4647.360,0,0.000000,4,2,21.505089,1,0,0
101,1.683333,-0.001083,0.000181,-6.293307,-0.003487,0.001444,-7.154355,0.000186,-0.001977,7.154187,4686.902,0,0.000000,4,2,21.693483,1,0,0
102,1.700000,-0.001118,0.000203,-6.413807,-0.002105,0.001330,-7.230005,0.000043,-0.008526,7.229838,4727.962,0,0.000000,4,2,21.871399,1,0,0
103,1.716667,-0.001126,0.000224,-6.535141,-0.000476,0.001247,-7.280045,-0.000075,-0.007086,7.279876,4766.738,0,0.000000,4,2,22.060621,1,0,0
104,1.733333,-0.001107,0.000242,-6.657756,0.001136,0.001056,-7.356886,0.000018,0.005590,7.356718,4807.978,0,0.000000,4,2,22.239462,1,0,0
105,1.750000,-0.001073,0.000257,-6.781216,0.002017,0.000923,-7.407610,0.000081,0.003796,7.407441,4846.955,0,0.000000,4,2,22.429094,1,0,0
106,1.766667,-0.001033,0.000269,-6.905731,0.002423,0.000725,-7.470907,0.000104,0.001364,7.470737,4888.284,0,0.000000,4,2,22.608576,1,0,0
107,1.783333,-0.000992,0.000278,-7.031170,0.002456,0.000543,-7.526323,0.000203,0.005972,7.526151,4927.401,0,0.000000,4,2,22.789898,1,0,0
108,1.800000,-0.000961,0.000284,-7.157710,0.001867,0.000336,-7.592361,0.000101,-0.006121,7.592188,4966.918,0,0.000000,4,2,22.967628,1,0,0
109,1.816667,-0.000936,0.000287,-7.285100,0.001464,0.000182,-7.643403,0.000052,-0.002957,7.643228,5005.654,0,0.000000,4,2,23.150352,1,0,0
110,1.833333,-0.000920,0.000287,-7.413553,0.000971,0.000002,-7.707180,0.000046,-0.000369,7.707003,5045.478,0,0.000000,4,2,23.326187,1,0,0
111,1.850000,-0.000914,0.000285,-7.542881,0.000387,-0.000126,-7.759733,0.000054,0.000495,7.759554,5083.800,0,0.000000,4,2,23.504890,1,0,0
112,1.866667,-0.000917,0.000280,-7.673360,-0.000201,-0.000272,-7.828703,0.000106,0.003134,7.828522,5122.747,0,0.000000,4,2,23.679413,1,0,0
113,1.883333,-0.000932,0.000275,-7.804719,-0.000921,-0.000341,-7.881585,0.000161,0.003272,7.881401,5160.783,0,0.000000,4,2,23.858112,1,0,0
114,1.900000,-0.000960,0.000268,-7.937056,-0.001680,-0.000412,-7.940160,0.000176,0.000933,7.939974,5199.729,0,0.000000,4,2,24.032778,1,0,0
115,1.916667,-0.000999,0.000260,-8.070288,-0.002311,-0.000452,-7.994014,0.000203,0.001600,7.993827,5237.796,0,0.000000,4,2,24.206696,1,0,0
116,1.933333,-0.001047,0.000252,-8.204682,-0.002867,-0.000507,-8.063650,0.000213,0.000583,8.063460,5275.702,0,0.000000,4,2,24.377798,1,0,0
117,1.950000,-0.001101,0.000244,-8.339945,-0.003257,-0.000481,-8.115752,0.000214,0.000049,8.115561,5312.992,0,0.000000,4,2,24.553699,1,0,0
118,1.966667,-0.001159,0.000236,-8.476114,-0.003471,-0.000465,-8.170193,0.000212,-0.000100,8.169998,5351.329,0,0.000000,4,2,24.725628,1,0,0
119,1.983333,-0.001218,0.000229,-8.613258,-0.003519,-0.000450,-8.228694,0.000262,0.002977,8.228497,5388.800,0,0.000000,4,2,24.895273,1,0,0
120,2.000000,-0.001277,0.000222,-8.751315,-0.003597,-0.000417,-8.283366,0.000265,0.000211,8.283167,5425.773,0,0.000000,4,2,25.064791,1,0,0
121,2.016667,-0.001336,0.000215,-8.890385,-0.003534,-0.000391,-8.344142,0.000297,0.001908,8.343941,5462.718,0,0.000000,4,2,25.232483,1,0,0
122,2.033333,-0.001395,0.000210,-9.030290,-0.003493,-0.000333,-8.394362,0.000327,0.001810,8.394159,5499.265,0,0.000000,4,2,25.401295,1,0,0
123,2.050000,-0.001453,0.000204,-9.171285,-0.003480,-0.000312,-8.459710,0.000296,-0.001886,8.459505,5536.057,0,0.000000,4,2,25.566399,1,0,0
124,2.066667,-0.001508,0.000200,-9.313116,-0.003296,-0.000242,-8.509893,0.000247,-0.002916,8.509686,5572.040,0,0.000000,4,2,25.734943,1,0,0
125,2.083333,-0.001557,0.000197,-9.455904,-0.002963,-0.000203,-8.567266,0.000264,0.000977,8.567055,5608.773,0,0.000000,4,2,25.899767,1,0,0
126,2.100000,-0.001602,0.000194,-9.599535,-0.002734,-0.000151,-8.617846,0.000269,0.000342,8.617635,5644.695,0,0.000000,4,2,26.064529,1,0,0
127,2.116667,-0.001647,0.000192,-9.744121,-0.002689,-0.000127,-8.675179,0.000300,0.001847,8.674965,5680.604,0,0.000000,4,2,26.226318,1,0,0
128,2.133333,-0.001693,0.000191,-9.889566,-0.002743,-0.000090,-8.726704,0.000291,-0.000567,8.726486,5715.866,0,0.000000,4,2,26.388441,1,0,0
129,2.150000,-0.001739,0.000190,-10.035998,-0.002752,-0.000076,-8.785961,0.000319,0.001690,8.785743,5751.199,0,0.000000,4,2,26.548367,1,0,0
130,2.166667,-0.001787,0.000189,-10.183231,-0.002878,-0.000036,-8.833961,0.000350,0.001843,8.833739,5786.054,0,0.000000,4,2,26.709650,1,0,0
131,2.183333,-0.001838,0.000188,-10.331466,-0.003099,-0.000035,-8.894094,0.000314,-0.002124,8.893870,5821.205,0,0.000000,4,2,26.867336,1,0,0
132,2.200000,-0.001891,0.000188,-10.480494,-0.003163,-0.000001,-8.941684,0.000260,-0.003247,8.941460,5855.571,0,0.000000,4,2,27.026934,1,0,0
133,2.216667,-0.001942,0.000188,-10.630486,-0.003059,-0.000004,-8.999556,0.000310,0.003001,8.999328,5890.355,0,0.000000,4,2,27.182852,1,0,0
134,2.233333,-0.001995,0.000189,-10.781290,-0.003165,0.000017,-9.048200,0.000357,0.002821,9.047971,5924.336,0,0.000000,4,2,27.339787,1,0,0
135,2.250000,-0.002051,0.000189,-10.932988,-0.003380,0.000014,-9.101907,0.000338,-0.001159,9.101677,5958.540,0,0.000000,4,2,27.493725,1,0,0
136,2.266667,-0.002109,0.000189,-11.085477,-0.003471,0.000020,-9.149309,0.000322,-0.000946,9.149076,5992.089,0,0.000000,4,2,27.647097,1,0,0
137,2.283333,-0.002168,0.000189,-11.238919,-0.003510,-0.000001,-9.206505,0.000320,-0.000099,9.206270,6025.516,0,0.000000,4,2,27.797335,1,0,0
138,2.300000,-0.002234,0.000189,-11.393116,-0.003957,0.000010,-9.251821,0.000326,0.000329,9.251583,6058.259,0,0.000000,4,2,27.948780,1,0,0
139,2.316667,-0.002305,0.000189,-11.548245,-0.004299,-0.000012,-9.307728,0.000321,-0.000292,9.307489,6091.266,0,0.000000,4,2,28.096399,1,0,0
140,2.333333,-0.002380,0.000189,-11.704115,-0.004484,-0.000004,-9.352165,0.000310,-0.000667,9.351923,6123.438,0,0.000000,4,2,28.244923,1,0,0
141,2.350000,-0.002455,0.000188,-11.860907,-0.004510,-0.000030,-9.407500,0.000333,0.001404,9.407257,6155.808,0,0.000000,4,2,28.389570,1,0,0
142,2.366667,-0.002530,0.000188,-12.018426,-0.004517,-0.000022,-9.451149,0.000361,0.001652,9.450903,6187.333,0,0.000000,4,2,28.535168,1,0,0
143,2.383333,-0.002606,0.000187,-12.176839,-0.004521,-0.000047,-9.504774,0.000339,-0.001303,9.504526,6219.065,0,0.000000,4,2,28.676891,1,0,0
144,2.400000,-0.002678,0.000187,-12.336000,-0.004354,-0.000046,-9.549694,0.000329,-0.000586,9.549444,6249.954,0,0.000000,4,2,28.819170,1,0,0
145,2.416667,-0.002752,0.000186,-12.495954,-0.004418,-0.000059,-9.597199,0.000365,0.002121,9.596947,6280.961,0,0.000000,4,2,28.958439,1,0,0
146,2.433333,-0.002827,0.000184,-12.656688,-0.004523,-0.000071,-9.644022,0.000334,-0.001809,9.643767,6311.314,0,0.000000,4,2,29.096096,1,0,0
147,2.450000,-0.002901,0.000183,-12.818231,-0.004416,-0.000085,-9.692553,0.000387,0.003138,9.692295,6341.316,0,0.000000,4,2,29.232059,1,0,0
148,2.466667,-0.002976,0.000181,-12.980542,-0.004477,-0.000091,-9.738708,0.000385,-0.000103,9.738449,6370.949,0,0.000000,4,2,29.367170,1,0,0
149,2.483333,-0.003054,0.000180,-13.143542,-0.004683,-0.000092,-9.779967,0.000392,0.000396,9.779706,6400.395,0,0.000000,4,2,29.500591,1,0,0
150,2.500000,-0.003128,0.000178,-13.307418,-0.004467,-0.000118,-9.832547,0.000409,0.001076,9.832284,6429.474,0,0.000000,4,2,29.630636,1,0,0
151,2.516667,-0.003200,0.000176,-13.471957,-0.004325,-0.000107,-9.872371,0.000425,0.000934,9.872105,6457.816,0,0.000000,4,2,29.762079,1,0,0
152,2.533333,-0.003271,0.000174,-13.637205,-0.004259,-0.000112,-9.914909,0.000460,0.002127,9.914639,6486.463,0,0.000000,4,2,29.889799,1,0,0
153,2.550000,-0.003344,0.000172,-13.803242,-0.004357,-0.000130,-9.962254,0.000453,-0.000419,9.961983,6514.299,0,0.000000,4,2,30.015333,1,0,0
154,2.566667,-0.003418,0.000170,-13.969947,-0.004436,-0.000124,-10.002260,0.000460,0.000370,10.001986,6541.658,0,0.000000,4,2,30.140776,1,0,0
155,2.583333,-0.003494,0.000168,-14.137379,-0.004578,-0.000131,-10.045888,0.000476,0.000986,10.045610,6568.998,0,0.000000,4,2,30.263325,1,0,0
156,2.600000,-0.003574,0.000166,-14.305487,-0.004794,-0.000131,-10.086511,0.000481,0.000316,10.086233,6595.707,0,0.000000,4,2,30.384726,1,0,0
157,2.616667,-0.003658,0.000163,-14.474303,-0.005020,-0.000138,-10.128968,0.000489,0.000433,10.128688,6622.165,0,0.000000,4,2,30.503983,1,0,0
158,2.633333,-0.003749,0.000161,-14.643778,-0.005501,-0.000135,-10.168460,0.000495,0.000409,10.168177,6648.156,0,0.000000,4,2,30.622055,1,0,0
159,2.650000,-0.003843,0.000159,-14.813941,-0.005643,-0.000139,-10.209783,0.000506,0.000658,10.209496,6673.890,0,0.000000,4,2,30.737976,1,0,0
160,2.666667,-0.003940,0.000157,-14.984744,-0.005817,-0.000134,-10.248183,0.000516,0.000554,10.247894,6699.153,0,0.000000,4,2,30.852705,1,0,0
161,2.683333,-0.004040,0.000154,-15.156217,-0.005974,-0.000136,-10.288364,0.000524,0.000526,10.288072,6724.158,0,0.000000,4,2,30.965302,1,0,0
162,2.700000,-0.004140,0.000152,-15.328312,-0.006020,-0.000131,-10.325721,0.000534,0.000559,10.325427,6748.698,0,0.000000,4,2,31.076704,1,0,0
163,2.716667,-0.004242,0.000150,-15.501058,-0.006111,-0.000134,-10.364746,0.000540,0.000380,10.364450,6772.978,0,0.000000,4,2,31.186014,1,0,0
164,2.733333,-0.004342,0.000148,-15.674409,-0.006027,-0.000130,-10.401088,0.000549,0.000557,10.400788,6796.801,0,0.000000,4,2,31.294123,1,0,0
165,2.750000,-0.004443,0.000146,-15.848392,-0.006019,-0.000131,-10.438951,0.000555,0.000342,10.438648,6820.363,0,0.000000,4,2,31.400194,1,0,0
166,2.766667,-0.004547,0.000143,-16.022963,-0.006277,-0.000126,-10.474306,0.000565,0.000616,10.474001,6843.480,0,0.000000,4,2,31.505054,1,0,0
167,2.783333,-0.004656,0.000141,-16.198147,-0.006513,-0.000126,-10.511004,0.000572,0.000419,10.510698,6866.334,0,0.000000,4,2,31.607941,1,0,0
168,2.800000,-0.004766,0.000139,-16.373903,-0.006611,-0.000123,-10.545399,0.000582,0.000602,10.545090,6888.757,0,0.000000,4,2,31.709606,1,0,0
169,2.816667,-0.004879,0.000137,-16.550253,-0.006753,-0.000124,-10.580937,0.000589,0.000390,10.580625,6910.915,0,0.000000,4,2,31.809368,1,0,0
170,2.833333,-0.004991,0.000135,-16.727160,-0.006752,-0.000120,-10.614400,0.000598,0.000556,10.614084,6932.657,0,0.000000,4,2,31.907896,1,0,0
171,2.850000,-0.005105,0.000133,-16.904640,-0.006809,-0.000119,-10.648789,0.000604,0.000349,10.648471,6954.131,0,0.000000,4,2,32.004601,1,0,0
172,2.866667,-0.005221,0.000131,-17.082663,-0.006974,-0.000116,-10.681337,0.000612,0.000457,10.681016,6975.207,0,0.000000,4,2,32.100060,1,0,0
173,2.883333,-0.005339,0.000129,-17.261240,-0.007106,-0.000116,-10.714602,0.000616,0.000274,10.714281,6996.012,0,0.000000,4,2,32.193771,1,0,0
174,2.900000,-0.005457,0.000127,-17.440344,-0.007068,-0.000114,-10.746247,0.000626,0.000579,10.745923,7016.435,0,0.000000,4,2,32.286232,1,0,0
175,2.916667,-0.005575,0.000126,-17.619984,-0.007062,-0.000114,-10.778418,0.000632,0.000374,10.778090,7036.587,0,0.000000,4,2,32.377022,1,0,0
176,2.933333,-0.005695,0.000124,-17.800137,-0.007233,-0.000112,-10.809171,0.000641,0.000569,10.808840,7056.374,0,0.000000,4,2,32.466557,1,0,0
177,2.950000,-0.005819,0.000122,-17.980808,-0.007397,-0.000111,-10.840276,0.000648,0.000405,10.839942,7075.887,0,0.000000,4,2,32.554497,1,0,0
178,2.966667,-0.005945,0.000120,-18.161978,-0.007555,-0.000109,-10.870153,0.000655,0.000402,10.869820,7095.053,0,0.000000,4,2,32.641182,1,0,0
179,2.983333,-0.006073,0.000118,-18.343649,-0.007687,-0.000109,-10.900226,0.000660,0.000304,10.899889,7113.946,0,0.000000,4,2,32.726345,1,0,0
180,3.000000,-0.006200,0.000116,-18.525803,-0.007664,-0.000107,-10.929240,0.000667,0.000426,10.928900,7132.507,0,0.000000,4,2,32.810261,1,0,0
181,3.016667,-0.006329,0.000115,-18.708441,-0.007697,-0.000106,-10.958315,0.000672,0.000290,10.957973,7150.795,0,0.000000,4,2,32.892723,1,0,0
182,3.033333,-0.006460,0.000113,-18.891548,-0.007893,-0.000105,-10.986475,0.000679,0.000430,10.986130,7168.768,0,0.000000,4,2,32.973949,1,0,0
183,3.050000,-0.006595,0.000111,-19.075125,-0.008063,-0.000103,-11.014589,0.000684,0.000308,11.014245,7186.470,0,0.000000,4,2,33.053783,1,0,0
184,3.066667,-0.006729,0.000110,-19.259157,-0.008080,-0.000102,-11.041908,0.000692,0.000462,11.041561,7203.870,0,0.000000,4,2,33.132401,1,0,0
185,3.083333,-0.006865,0.000108,-19.443640,-0.008141,-0.000101,-11.069097,0.000697,0.000333,11.068746,7221.004,0,0.000000,4,2,33.209682,1,0,0
186,3.100000,-0.007002,0.000106,-19.628567,-0.008241,-0.000099,-11.095591,0.000703,0.000352,11.095237,7237.848,0,0.000000,4,2,33.285767,1,0,0
187,3.116667,-0.007141,0.000105,-19.813932,-0.008315,-0.000097,-11.121888,0.000707,0.000226,11.121531,7254.430,0,0.000000,4,2,33.360573,1,0,0
188,3.133333,-0.007280,0.000103,-19.999725,-0.008370,-0.000095,-11.147573,0.000715,0.000456,11.147216,7270.732,0,0.000000,4,2,33.434208,1,0,0
189,3.150000,-0.007421,0.000101,-20.185942,-0.008447,-0.000096,-11.173012,0.000720,0.000314,11.172652,7286.781,1,0.000000,4,3,59.076458,1,0,0
190,3.166667,-0.007571,0.000088,-20.380507,-0.009016,-0.000820,-11.673881,0.000722,0.000119,11.673573,7286.781,1,0.000000,4,3,58.036758,1,0,0
191,3.183333,-0.007726,0.000085,-20.581305,-0.009286,-0.000137,-12.047833,0.000703,-0.001148,12.047595,7233.151,1,0.000000,4,3,57.127720,1,0,0
192,3.200000,-0.007880,0.000105,-20.787302,-0.009229,0.001150,-12.359775,0.000649,-0.003238,12.359602,7165.983,1,0.000000,4,3,56.235909,1,0,0
193,3.216667,-0.008028,0.000149,-20.997601,-0.008893,0.002636,-12.617913,0.000560,-0.005296,12.617795,7085.662,1,0.000000,4,3,55.355534,1,0,0
194,3.233333,-0.008162,0.000215,-21.211504,-0.008013,0.004014,-12.834291,0.000444,-0.006978,12.834210,6992.400,1,0.000000,4,3,54.481644,1,0,0
195,3.250000,-0.008271,0.000300,-21.428549,-0.006524,0.005093,-13.022756,0.000312,-0.007951,13.022700,6886.270,1,0.000000,4,3,53.610363,1,0,0
196,3.266667,-0.008345,0.000397,-21.648500,-0.004452,0.005778,-13.197134,0.000177,-0.008091,13.197095,6767.241,1,0.000000,4,3,52.739017,1,0,0
197,3.283333,-0.008377,0.000496,-21.872320,-0.001925,0.005954,-13.429120,0.000136,-0.002418,13.429093,6635.232,1,0.000000,4,3,51.866119,1,0,0
198,3.300000,-0.008385,0.000594,-22.100523,-0.000496,0.005874,-13.692276,0.000076,-0.003620,13.692260,6490.156,1,0.000000,4,3,50.994545,1,0,0
199,3.316667,-0.008366,0.000689,-22.333033,0.001136,0.005696,-13.950643,0.000022,-0.003254,13.950635,6332.169,1,0.000000,4,3,50.125504,1,0,0
200,3.333333,-0.008335,0.000778,-22.569969,0.001845,0.005387,-14.216122,-0.000108,-0.007768,14.216118,6161.390,1,0.000000,4,3,49.244637,1,0,0
201,3.350000,-0.008298,0.000861,-22.811956,0.002262,0.004937,-14.519317,-0.000182,-0.004450,14.519316,5976.700,1,0.000000,4,3,48.283993,1,0,0
202,3.366667,-0.008248,0.000937,-23.058111,0.003004,0.004593,-14.769263,-0.000154,0.001654,14.769264,5771.764,1,0.000000,4,3,47.395401,1,0,0
203,3.383333,-0.008197,0.001007,-23.307543,0.003038,0.004202,-14.965938,-0.000094,0.003637,14.965940,5559.496,1,0.000000,4,3,46.643742,1,0,0
204,3.400000,-0.008152,0.001068,-23.559593,0.002726,0.003645,-15.122914,-0.000032,0.003671,15.122915,5348.269,1,0.000000,4,3,46.026840,1,0,0
205,3.416667,-0.008117,0.001116,-23.813597,0.002095,0.002897,-15.240252,0.000014,0.002763,15.240251,5140.900,1,0.000000,4,3,45.542919,1,0,0
206,3.433333,-0.008096,0.001149,-24.068899,0.001245,0.001952,-15.318158,0.000034,0.001233,15.318155,5086.849,1,0.000000,4,3,45.595879,1,0,0
207,3.450000,-0.008062,0.001162,-24.325338,0.002021,0.000786,-15.386342,-0.000358,-0.023516,15.386332,5092.764,1,0.000000,4,3,45.720688,1,0,0
208,3.466667,-0.007988,0.001154,-24.582499,0.004430,-0.000471,-15.429655,-0.001259,-0.054093,15.429626,5106.705,1,0.000000,4,3,45.919987,1,0,0
209,3.483333,-0.007808,0.001124,-24.840714,0.010800,-0.001832,-15.492972,-0.002214,-0.057251,15.492916,5128.965,1,0.000000,4,3,46.109222,1,0,0
210,3.500000,-0.007458,0.001072,-25.099928,0.021012,-0.003098,-15.552906,-0.003058,-0.050641,15.552829,5150.102,1,0.000000,4,3,46.296879,1,0,0
211,3.516667,-0.006886,0.001002,-25.360151,0.034299,-0.004217,-15.613301,-0.003673,-0.036934,15.613221,5171.062,1,0.000000,4,3,46.482342,1,0,0
212,3.533333,-0.006068,0.000916,-25.621367,0.049123,-0.005137,-15.673010,-0.004003,-0.019733,15.672945,5191.776,1,0.000000,4,3,46.665718,1,0,0
213,3.550000,-0.005025,0.000819,-25.883440,0.062581,-0.005817,-15.724355,-0.004325,-0.019312,15.724304,5212.259,1,0.000000,4,3,46.861206,1,0,0
214,3.566667,-0.003860,0.000714,-26.146612,0.069908,-0.006302,-15.790402,-0.004418,-0.005540,15.790346,5234.093,1,0.000000,4,3,47.038326,1,0,0
215,3.583333,-0.002699,0.000606,-26.410524,0.069623,-0.006491,-15.834633,-0.004733,-0.018859,15.834537,5253.877,1,0.000000,4,3,47.240681,1,0,0
216,3.600000,-0.001518,0.000497,-26.675552,0.070903,-0.006514,-15.901608,-0.004797,-0.003829,15.901482,5276.478,1,0.000000,4,3,47.420868,1,0,0
217,3.616667,-0.000261,0.000393,-26.941366,0.075400,-0.006268,-15.948836,-0.004911,-0.006862,15.948697,5296.604,1,0.000000,4,3,47.624485,1,0,0
218,3.633333,0.001082,0.000295,-27.208078,0.080581,-0.005881,-16.002714,-0.004924,-0.000770,16.002569,5319.347,1,0.000000,4,3,47.821930,1,0,0
219,3.650000,0.002495,0.000206,-27.475668,0.084756,-0.005358,-16.055429,-0.004834,0.005420,16.055281,5341.400,1,0.000000,4,3,48.019447,1,0,0
220,3.666667,0.003950,0.000127,-27.744139,0.087316,-0.004737,-16.108223,-0.004649,0.011092,16.108063,5363.462,1,0.000000,4,3,48.216167,1,0,0
221,3.683333,0.005413,0.000059,-28.013491,0.087777,-0.004049,-16.161102,-0.004391,0.015477,16.160923,5385.434,1,0.000000,4,3,48.411682,1,0,0
222,3.700000,0.006844,0.000004,-28.283730,0.085884,-0.003323,-16.214287,-0.004086,0.018268,16.214077,5407.271,1,0.000000,4,3,48.605419,1,0,0
223,3.716667,0.008205,-0.000039,-28.554859,0.081637,-0.002586,-16.267897,-0.003762,0.019416,16.267653,5428.911,1,0.000000,4,3,48.796928,1,0,0
224,3.733333,0.009460,-0.000070,-28.826893,0.075296,-0.001860,-16.322002,-0.003444,0.019070,16.321720,5450.301,1,0.000000,4,3,48.985905,1,0,0
225,3.750000,0.010582,-0.000090,-29.099836,0.067337,-0.001166,-16.376619,-0.003152,0.017494,16.376299,5471.408,1,0.000000,4,3,49.172207,1,0,0
226,3.766667,0.011556,-0.000098,-29.373699,0.058399,-0.000518,-16.431721,-0.002901,0.015006,16.431368,5492.217,1,0.000000,4,3,49.355824,1,0,0
227,3.783333,0.012376,-0.000097,-29.648487,0.049203,0.000070,-16.487253,-0.002701,0.011933,16.486870,5512.726,1,0.000000,4,3,49.536861,1,0,0
228,3.800000,0.013066,-0.000087,-29.924206,0.041422,0.000587,-16.543142,-0.002537,0.009784,16.542740,5532.946,1,0.000000,4,3,49.715496,1,0,0
229,3.816667,0.013706,-0.000069,-30.200254,0.038398,0.001082,-16.562963,-0.001918,0.037061,16.562548,5552.899,1,0.000000,4,3,49.963696,1,0,0
230,3.833333,0.014242,-0.000047,-30.477058,0.032138,0.001357,-16.608191,-0.001194,0.043383,16.607754,5580.621,1,0.000000,4,3,50.189682,1,0,0
231,3.850000,0.014633,-0.000021,-30.754652,0.023487,0.001543,-16.655613,-0.000500,0.041614,16.655157,5605.862,1,0.000000,4,3,50.400894,1,0,0
232,3.866667,0.014846,0.000006,-31.033121,0.012754,0.001652,-16.708199,0.000066,0.033899,16.707731,5629.454,1,0.000000,4,3,50.596741,1,0,0
233,3.883333,0.014859,0.000035,-31.312525,0.000827,0.001709,-16.764122,0.000441,0.022444,16.763655,5651.328,1,0.000000,4,3,50.779079,1,0,0
234,3.900000,0.014722,0.000064,-31.592894,-0.008246,0.001730,-16.822109,0.000754,0.018727,16.821648,5671.694,1,0.000000,4,3,50.949661,1,0,0
235,3.916667,0.014490,0.000092,-31.874216,-0.013911,0.001723,-16.879288,0.001025,0.016243,16.878834,5690.747,1,0.000000,4,3,51.111912,1,0,0
236,3.933333,0.014181,0.000120,-32.156498,-0.018569,0.001682,-16.936928,0.001248,0.013374,16.936483,5708.870,1,0.000000,4,3,51.266197,1,0,0
237,3.950000,0.013808,0.000147,-32.439873,-0.022373,0.001598,-17.002502,0.001345,0.005766,17.002073,5726.103,1,0.000000,4,3,51.413250,1,0,0
238,3.966667,0.013413,0.000173,-32.723988,-0.023689,0.001539,-17.046671,0.001642,0.017801,17.046244,5742.527,1,0.000000,4,3,51.585861,1,0,0
239,3.983333,0.012970,0.000196,-33.009136,-0.026565,0.001388,-17.109070,0.001823,0.010872,17.108650,5761.807,1,0.000000,4,3,51.747974,1,0,0
240,4.000000,0.012454,0.000217,-33.295170,-0.030986,0.001248,-17.161863,0.001982,0.009574,17.161457,5779.914,1,0.000000,4,3,51.915100,1,0,0
241,4.016667,0.011855,0.000235,-33.582077,-0.035929,0.001083,-17.214411,0.002130,0.008848,17.214016,5798.581,1,0.000000,4,3,52.079220,1,0,0
242,4.033333,0.011227,0.000250,-33.869968,-0.037696,0.000896,-17.273615,0.002214,0.005109,17.273224,5816.912,1,0.000000,4,3,52.240852,1,0,0
243,4.050000,0.010568,0.000262,-34.158703,-0.039495,0.000731,-17.324003,0.002383,0.010103,17.323622,5834.965,1,0.000000,4,3,52.405205,1,0,0
244,4.066667,0.009865,0.000271,-34.448421,-0.042185,0.000539,-17.382917,0.002460,0.004696,17.382540,5853.322,1,0.000000,4,3,52.565403,1,0,0
245,4.083333,0.009131,0.000277,-34.738983,-0.044070,0.000380,-17.433611,0.002595,0.008114,17.433241,5871.215,1,0.000000,4,3,52.728371,1,0,0
246,4.100000,0.008353,0.000281,-35.030499,-0.046678,0.000208,-17.491165,0.002654,0.003543,17.490801,5889.418,1,0.000000,4,3,52.887669,1,0,0
247,4.116667,0.007556,0.000282,-35.322849,-0.047820,0.000073,-17.540924,0.002787,0.008001,17.540562,5907.210,1,0.000000,4,3,53.048901,1,0,0
248,4.133333,0.006728,0.000281,-35.616169,-0.049674,-0.000074,-17.599073,0.002842,0.003313,17.598713,5925.219,1,0.000000,4,3,53.206173,1,0,0
249,4.150000,0.005873,0.000278,-35.910316,-0.051278,-0.000176,-17.648859,0.002947,0.006353,17.648504,5942.785,1,0.000000,4,3,53.366180,1,0,0
250,4.166667,0.004982,0.000273,-36.205410,-0.053473,-0.000283,-17.705673,0.002987,0.002409,17.705324,5960.657,1,0.000000,4,3,53.522480,1,0,0
251,4.183333,0.004078,0.000267,-36.501316,-0.054234,-0.000347,-17.754549,0.003095,0.006492,17.754196,5978.114,1,0.000000,4,3,53.680744,1,0,0
252,4.200000,0.003152,0.000260,-36.798180,-0.055582,-0.000418,-17.811760,0.003135,0.002438,17.811411,5995.792,1,0.000000,4,3,53.835037,1,0,0
253,4.216667,0.002202,0.000253,-37.095860,-0.056973,-0.000446,-17.860586,0.003220,0.005153,17.860239,6013.025,1,0.000000,4,3,53.991955,1,0,0
254,4.233333,0.001221,0.000245,-37.394466,-0.058864,-0.000480,-17.916533,0.003247,0.001609,17.916189,6030.552,1,0.000000,4,3,54.145134,1,0,0
255,4.250000,0.000232,0.000237,-37.693874,-0.059379,-0.000476,-17.964476,0.003338,0.005511,17.964130,6047.661,1,0.000000,4,3,54.300262,1,0,0
256,4.266667,-0.000775,0.000229,-37.994221,-0.060406,-0.000484,-18.020649,0.003370,0.001930,18.020306,6064.987,1,0.000000,4,3,54.451424,1,0,0
257,4.283333,-0.001806,0.000221,-38.295361,-0.061838,-0.000457,-18.068472,0.003439,0.004150,18.068129,6081.871,1,0.000000,4,3,54.605083,1,0,0
258,4.300000,-0.002865,0.000214,-38.597416,-0.063518,-0.000442,-18.123449,0.003455,0.000967,18.123110,6099.034,1,0.000000,4,3,54.754993,1,0,0
259,4.316667,-0.003926,0.000207,-38.900257,-0.063710,-0.000396,-18.170385,0.003538,0.004941,18.170044,6115.778,1,0.000000,4,3,54.906811,1,0,0
260,4.333333,-0.004999,0.000201,-39.204014,-0.064365,-0.000371,-18.225506,0.003566,0.001732,18.225163,6132.735,1,0.000000,4,3,55.054665,1,0,0
261,4.350000,-0.006092,0.000196,-39.508553,-0.065575,-0.000319,-18.272324,0.003631,0.003901,18.271978,6149.250,1,0.000000,4,3,55.204922,1,0,0
262,4.366667,-0.007208,0.000191,-39.813988,-0.066978,-0.000287,-18.326206,0.003649,0.001077,18.325865,6166.032,1,0.000000,4,3,55.351456,1,0,0
263,4.383333,-0.008337,0.000187,-40.120193,-0.067704,-0.000232,-18.372103,0.003720,0.004235,18.371761,6182.400,1,0.000000,4,3,55.499802,1,0,0
264,4.400000,-0.009485,0.000184,-40.427296,-0.068871,-0.000202,-18.426098,0.003735,0.000913,18.425758,6198.969,1,0.000000,4,3,55.644203,1,0,0
265,4.416667,-0.010644,0.000181,-40.735157,-0.069591,-0.000151,-18.471838,0.003797,0.003707,18.471495,6215.097,1,0.000000,4,3,55.790916,1,0,0
266,4.433333,-0.011823,0.000179,-41.043900,-0.070707,-0.000124,-18.524635,0.003813,0.000945,18.524296,6231.484,1,0.000000,4,3,55.933914,1,0,0
267,4.450000,-0.013013,0.000178,-41.353394,-0.071389,-0.000079,-18.569538,0.003876,0.003813,18.569197,6247.456,1,0.000000,4,3,56.078682,1,0,0
268,4.466667,-0.014221,0.000177,-41.663765,-0.072479,-0.000063,-18.622257,0.003887,0.000652,18.621918,6263.625,1,0.000000,4,3,56.219589,1,0,0
269,4.483333,-0.015439,0.000176,-41.974876,-0.073110,-0.000026,-18.666859,0.003946,0.003551,18.666517,6279.364,1,0.000000,4,3,56.362625,1,0,0
270,4.500000,-0.016675,0.000176,-42.286854,-0.074131,-0.000017,-18.718576,0.003961,0.000875,18.718237,6295.341,1,0.000000,4,3,56.501957,1,0,0
271,4.516667,-0.017922,0.000176,-42.599564,-0.074860,0.000011,-18.762434,0.004019,0.003486,18.762096,6310.903,1,0.000000,4,3,56.643063,1,0,0
272,4.533333,-0.019189,0.000176,-42.913128,-0.075979,0.000010,-18.813860,0.004026,0.000435,18.813522,6326.664,1,0.000000,4,3,56.780376,1,0,0
273,4.550000,-0.020463,0.000177,-43.227417,-0.076487,0.000030,-18.857307,0.004084,0.003459,18.856968,6342.000,1,0.000000,4,3,56.919666,1,0,0
274,4.566667,-0.021753,0.000177,-43.542549,-0.077380,0.000023,-18.907885,0.004099,0.000870,18.907547,6357.559,1,0.000000,4,3,57.055275,1,0,0
275,4.583333,-0.023058,0.000178,-43.858395,-0.078324,0.000035,-18.950668,0.004150,0.003048,18.950331,6372.705,1,0.000000,4,3,57.192638,1,0,0
276,4.600000,-0.024383,0.000178,-44.175076,-0.079451,0.000021,-19.000786,0.004153,0.000203,19.000452,6388.047,1,0.000000,4,3,57.326294,1,0,0
277,4.616667,-0.025711,0.000179,-44.492458,-0.079720,0.000029,-19.043039,0.004210,0.003441,19.042702,6402.976,1,0.000000,4,3,57.461792,1,0,0
278,4.633333,-0.027051,0.000179,-44.810665,-0.080365,0.000013,-19.092472,0.004226,0.000950,19.092134,6418.111,1,0.000000,4,3,57.593624,1,0,0
279,4.650000,-0.028403,0.000179,-45.129570,-0.081165,0.000015,-19.134178,0.004279,0.003159,19.133841,6432.835,1,0.000000,4,3,57.727219,1,0,0
280,4.666667,-0.029774,0.000179,-45.449284,-0.082227,-0.000003,-19.182947,0.004287,0.000473,19.182611,6447.757,1,0.000000,4,3,57.857189,1,0,0
281,4.683333,-0.031153,0.000179,-45.769684,-0.082764,-0.000001,-19.224030,0.004337,0.002985,19.223692,6462.273,1,0.000000,4,3,57.988869,1,0,0
282,4.700000,-0.032548,0.000179,-46.090889,-0.083697,-0.000022,-19.272238,0.004340,0.000221,19.271904,6476.981,1,0.000000,4,3,58.116928,1,0,0
283,4.716667,-0.033949,0.000178,-46.412773,-0.084026,-0.000020,-19.312794,0.004387,0.002796,19.312454,6491.285,1,0.000000,4,3,58.246716,1,0,0
284,4.733333,-0.035361,0.000178,-46.735443,-0.084754,-0.000040,-19.360292,0.004390,0.000196,19.359955,6505.781,1,0.000000,4,3,58.372944,1,0,0
285,4.750000,-0.036781,0.000177,-47.058781,-0.085155,-0.000037,-19.400240,0.004433,0.002558,19.399902,6519.880,1,0.000000,4,3,58.500813,1,0,0
286,4.766667,-0.038213,0.000176,-47.382900,-0.085962,-0.000057,-19.447145,0.004431,-0.000126,19.446810,6534.162,1,0.000000,4,3,58.625141,1,0,0
287,4.783333,-0.039650,0.000175,-47.707680,-0.086198,-0.000052,-19.486534,0.004472,0.002468,19.486193,6548.049,1,0.000000,4,3,58.751118,1,0,0
288,4.800000,-0.041097,0.000174,-48.033226,-0.086838,-0.000070,-19.532772,0.004471,-0.000032,19.532433,6562.119,1,0.000000,4,3,58.873592,1,0,0
289,4.816667,-0.042551,0.000173,-48.359417,-0.087247,-0.000065,-19.571575,0.004509,0.002262,19.571234,6575.799,1,0.000000,4,3,58.997665,1,0,0
290,4.833333,-0.044020,0.000172,-48.686375,-0.088146,-0.000081,-19.617176,0.004505,-0.000233,19.616837,6589.657,1,0.000000,4,3,59.118275,1,0,0
291,4.850000,-0.045494,0.000170,-49.013962,-0.088388,-0.000073,-19.655394,0.004544,0.002349,19.655050,6603.128,1,0.000000,4,3,59.240456,1,0,0
292,4.866667,-0.046977,0.000169,-49.342300,-0.089019,-0.000086,-19.700363,0.004543,-0.000080,19.700020,6616.775,1,0.000000,4,3,59.359200,1,0,0
293,4.883333,-0.048468,0.000168,-49.671265,-0.089440,-0.000078,-19.738029,0.004579,0.002174,19.737686,6630.039,1,0.000000,4,3,59.479504,1,0,0
294,4.900000,-0.049972,0.000166,-50.000973,-0.090244,-0.000089,-19.782318,0.004573,-0.000329,19.781977,6643.475,1,0.000000,4,3,59.596420,1,0,0
295,4.916667,-0.051480,0.000165,-50.331295,-0.090476,-0.000079,-19.819389,0.004611,0.002282,19.819046,6656.535,1,0.000000,4,3,59.714840,1,0,0
296,4.933333,-0.052998,0.000163,-50.662346,-0.091085,-0.000089,-19.863070,0.004610,-0.000064,19.862724,6669.761,1,0.000000,4,3,59.829903,1,0,0
297,4.950000,-0.054524,0.000162,-50.994007,-0.091550,-0.000079,-19.899593,0.004645,0.002104,19.899246,6682.612,1,0.000000,4,3,59.946468,1,0,0
298,4.966667,-0.056063,0.000161,-51.326382,-0.092384,-0.000086,-19.942595,0.004639,-0.000363,19.942249,6695.632,1,0.000000,4,3,60.059727,1,0,0
299,4.983333,-0.057607,0.000159,-51.659355,-0.092592,-0.000075,-19.978523,0.004677,0.002267,19.978176,6708.282,1,0.000000,4,3,60.174431,1,0,0
300,5.000000,-0.059159,0.000158,-51.993038,-0.093164,-0.000084,-20.020926,0.004677,0.000002,20.020580,6721.094,1,0.047244,4,3,60.285854,1,0,0
301,5.016667,-0.060013,0.000157,-52.327320,-0.051220,-0.000050,-20.056744,0.003799,-0.052658,20.056227,6733.540,1,0.070866,4,3,60.396591,1,0,0
302,5.033333,-0.059634,0.000156,-52.662434,0.022768,-0.000064,-20.106806,0.001978,-0.109075,20.106155,6745.908,1,0.086614,4,3,60.483109,1,0,0
303,5.050000,-0.057568,0.000155,-52.998028,0.123923,-0.000057,-20.135561,-0.001042,-0.181024,20.135107,6755.572,1,0.110236,4,3,60.602428,1,0,0
304,5.066667,-0.053196,0.000153,-53.334255,0.262351,-0.000139,-20.173704,-0.005296,-0.254888,20.174238,6768.899,1,0.133858,4,3,60.688393,1,0,0
305,5.083333,-0.045890,0.000149,-53.670719,0.438314,-0.000242,-20.188007,-0.011119,-0.348879,20.191055,6778.501,1,0.157480,4,3,60.807961,1,0,0
306,5.100000,-0.034965,0.000141,-54.007565,0.655524,-0.000474,-20.210796,-0.018608,-0.448748,20.218912,6791.855,1,0.188976,4,3,60.917465,1,0,0
307,5.116667,-0.019584,0.000128,-54.344643,0.922862,-0.000767,-20.224649,-0.027841,-0.553142,20.241915,6804.086,1,0.212598,4,3,61.014774,1,0,0
308,5.133333,0.000448,0.000108,-54.682144,1.201937,-0.001184,-20.250221,-0.038278,-0.625280,20.280792,6814.956,1,0.236220,4,3,61.106239,1,0,0
309,5.150000,0.025215,0.000081,-55.019958,1.486023,-0.001623,-20.268810,-0.049365,-0.664204,20.316858,6825.171,1,0.267717,4,3,61.204212,1,0,0
310,5.166667,0.055971,0.000048,-55.357815,1.845368,-0.002014,-20.271278,-0.062129,-0.764672,20.346159,6836.114,1,0.291339,4,3,61.309574,1,0,0
311,5.183333,0.092325,0.000007,-55.695499,2.181232,-0.002462,-20.261002,-0.075304,-0.789241,20.367102,6847.882,1,0.322835,4,3,61.419418,1,0,0
312,5.200000,0.134668,-0.000042,-56.032909,2.540542,-0.002920,-20.244631,-0.090126,-0.888053,20.390547,6860.151,1,0.346457,4,3,61.533901,1,0,0
313,5.216667,0.183469,-0.000097,-56.369762,2.928064,-0.003337,-20.211315,-0.105756,-0.936447,20.406902,6872.938,1,0.377953,4,3,61.650116,1,0,0
314,5.233333,0.238814,-0.000160,-56.705799,3.320715,-0.003748,-20.162262,-0.123187,-1.044537,20.416935,6885.918,1,0.401575,4,3,61.768883,1,0,0
315,5.250000,0.301454,-0.000228,-57.040710,3.758399,-0.004105,-20.094625,-0.141215,-1.080304,20.423000,6899.185,1,0.433071,4,3,61.885429,1,0,0
316,5.266667,0.371361,-0.000303,-57.374374,4.194433,-0.004479,-20.019825,-0.161115,-1.192667,20.432835,6912.202,1,0.464567,4,3,62.002262,1,0,0
317,5.283333,0.449547,-0.000382,-57.706348,4.691147,-0.004759,-19.918556,-0.181795,-1.239396,20.437862,6925.251,1,0.488189,4,3,62.116539,1,0,0
318,5.300000,0.535663,-0.000467,-58.036522,5.166980,-0.005062,-19.810322,-0.204231,-1.344785,20.445953,6938.016,1,0.519685,4,3,62.217323,1,0,0
319,5.316667,0.630464,-0.000554,-58.364265,5.688014,-0.005247,-19.664669,-0.227486,-1.393908,20.440247,6949.271,1,0.551181,4,3,62.332985,1,0,0
320,5.333333,0.734073,-0.000645,-58.689499,6.216534,-0.005455,-19.513987,-0.252598,-1.505359,20.447763,6962.190,1,0.582677,4,3,62.420261,1,0,0
321,5.350000,0.847068,-0.000738,-59.011490,6.779701,-0.005546,-19.319613,-0.278345,-1.543440,20.438227,6971.939,1,0.614173,4,3,62.534943,1,0,0
322,5.366667,0.969209,-0.000221,-59.330055,7.328487,-0.005670,-19.113949,-0.305849,-1.648906,20.432894,6984.748,1,0.637795,4,3,62.630581,1,0,0
323,5.383333,1.101301,0.001779,-59.644306,7.925506,0.000270,-18.855083,-0.333967,-1.685796,20.410570,6995.430,1,0.669291,4,3,62.753368,1,0,0
324,5.400000,1.242642,0.003575,-59.954369,8.480460,-0.004757,-18.603893,-0.363735,-1.784881,20.403152,7009.145,1,0.700787,4,3,62.854183,1,0,0
325,5.416667,1.393533,0.005131,-60.259499,9.053485,-0.022825,-18.307760,-0.393957,-1.812241,20.379993,7020.406,1,0.732283,4,3,62.975773,1,0,0
326,5.433333,1.553698,0.006438,-60.559620,9.609882,-0.039518,-18.007336,-0.425679,-1.902358,20.368307,7033.985,2,0.763780,4,4,87.626900,1,0,0
327,5.450000,1.725232,0.006713,-60.860664,10.292033,-0.055636,-18.062567,-0.460030,-2.060264,20.754040,7033.985,2,0.795276,4,4,85.941574,1,0,0
328,5.466667,1.908431,0.006345,-61.161545,10.991946,-0.071270,-18.052830,-0.495196,-2.109399,21.107714,6952.670,2,0.826772,4,4,84.247551,1,0,0
329,5.483333,2.103050,0.005781,-61.460506,11.677129,-0.078619,-17.937710,-0.529494,-2.057435,21.379585,6856.073,2,0.866142,4,4,82.675003,1,0,0
330,5.500000,2.308534,0.005320,-61.755733,12.329058,-0.080912,-17.713675,-0.564191,-2.081508,21.561333,6745.840,2,0.897638,4,4,81.201210,1,0,0
331,5.516667,2.524814,0.005187,-62.045429,12.976767,-0.081183,-17.381809,-0.599474,-2.116718,21.672718,6623.202,2,0.929134,4,4,79.811844,1,0,0
332,5.533333,2.751885,0.005484,-62.328075,13.624249,-0.081564,-16.958683,-0.635923,-2.186744,21.735493,6489.175,2,0.960630,4,4,78.471985,1,0,0
333,5.550000,2.989840,0.006079,-62.603241,14.277294,-0.083924,-16.510138,-0.673451,-2.251532,21.810200,6343.955,2,0.992126,4,4,77.261414,1,0,0
334,5.566667,3.238392,0.006875,-62.870365,14.913170,-0.089441,-16.027369,-0.711848,-2.303724,21.877085,6190.729,2,1.000000,4,4,76.201248,1,0,0
335,5.583333,3.498338,0.008089,-63.127811,15.596718,-0.087094,-15.446810,-0.748853,-2.220197,21.932627,6032.012,2,1.000000,4,4,75.250526,1,0,0
336,5.600000,3.768203,0.009305,-63.376484,16.191936,-0.090544,-14.920384,-0.787287,-2.305959,22.001472,5868.174,2,1.000000,4,4,74.379692,1,0,0
337,5.616667,4.047467,0.010568,-63.615467,16.755823,-0.097622,-14.338970,-0.826087,-2.327916,22.038761,5699.362,2,1.000000,4,4,73.619995,1,0,0
338,5.633333,4.335284,0.011767,-63.844360,17.269039,-0.114176,-13.733665,-0.865336,-2.354829,22.051994,5528.209,2,1.000000,4,4,72.940361,1,0,0
339,5.650000,4.631136,0.012916,-64.062569,17.751144,-0.131910,-13.092245,-0.904560,-2.353341,22.046741,5354.537,2,1.000000,4,4,72.332878,1,0,0
340,5.666667,4.934752,0.013968,-64.269814,18.216898,-0.149716,-12.434499,-0.943759,-2.351790,22.047665,5178.964,2,1.000000,4,4,71.781822,1,0,0
341,5.683333,5.245596,0.014923,-64.465668,18.650696,-0.167739,-11.751147,-0.982734,-2.338386,22.036959,5001.474,2,1.000000,4,4,71.285187,1,0,0
342,5.700000,5.563114,0.015783,-64.649742,19.051029,-0.185437,-11.044297,-1.021363,-2.317635,22.014860,4822.695,2,1.000000,4,4,70.830429,1,0,0
343,5.716667,5.886786,0.016538,-64.821732,19.420349,-0.202700,-10.319348,-1.059637,-2.296299,21.986542,4791.930,2,1.000000,4,4,70.924294,1,0,0
344,5.733333,6.216326,0.017156,-64.981453,19.772366,-0.219413,-9.583714,-1.097750,-2.286718,21.967878,4798.280,2,1.000000,4,4,70.993149,1,0,0
345,5.750000,6.551400,0.017628,-65.128716,20.104412,-0.235385,-8.835489,-1.135784,-2.281915,21.955976,4802.938,2,1.000000,4,4,71.046165,1,0,0
346,5.766667,6.891638,0.017964,-65.263268,20.414289,-0.250215,-8.073205,-1.173756,-2.278281,21.948639,4806.525,2,1.000000,4,4,71.088066,1,0,0
347,5.783333,7.236633,0.018179,-65.384880,20.699713,-0.263709,-7.296654,-1.211668,-2.274601,21.944183,4809.360,2,1.000000,4,4,71.121704,1,0,0
348,5.800000,7.585943,0.018294,-65.493317,20.958559,-0.275820,-6.506462,-1.249513,-2.270682,21.941334,4811.636,2,1.000000,4,4,71.148933,1,0,0
349,5.816667,7.939093,0.018326,-65.588379,21.189018,-0.286573,-5.703755,-1.287292,-2.266691,21.939192,4813.478,2,1.000000,4,4,71.170967,1,0,0
350,5.833333,8.295508,0.018303,-65.669853,21.384953,-0.296036,-4.888440,-1.324948,-2.259341,21.932203,4814.968,2,1.000000,4,4,71.188599,1,0,0
351,5.850000,8.655206,0.018619,-65.735847,21.581831,-0.287069,-3.959783,-1.360257,-2.118496,21.933353,4816.161,2,1.000000,4,4,71.199951,1,0,0
352,5.866667,9.017259,0.018913,-65.788048,21.723177,-0.281038,-3.132036,-1.396310,-2.163199,21.937668,4816.929,2,1.000000,4,4,71.184616,1,0,0
353,5.883333,9.380989,0.018905,-65.827248,21.823814,-0.294751,-2.351923,-1.433969,-2.259602,21.941336,4815.892,2,1.000000,4,4,71.180244,1,0,0
354,5.900000,9.745818,0.018759,-65.852928,21.889771,-0.305733,-1.541195,-1.472294,-2.299536,21.935963,4815.596,2,1.000000,4,4,71.191071,1,0,0
355,5.916667,10.111230,0.018559,-65.864792,21.924696,-0.313902,-0.711956,-1.510808,-2.310896,21.928707,4816.329,2,1.000000,4,4,71.201141,1,0,0
356,5.933333,10.476699,0.018334,-65.862686,21.928137,-0.320432,0.126186,-1.549322,-2.310889,21.921148,4817.010,2,1.000000,4,4,71.206772,1,0,0
357,5.950000,10.841700,0.018093,-65.846550,21.900028,-0.325829,0.968297,-1.587766,-2.306646,21.914078,4817.391,2,1.000000,4,4,71.207550,1,0,0
358,5.966667,11.205707,0.017839,-65.816360,21.840418,-0.330286,1.811422,-1.626120,-2.301273,21.907921,4817.443,2,1.000000,4,4,71.204140,1,0,0
359,5.983333,11.568195,0.017576,-65.772141,21.749357,-0.333896,2.653403,-1.664391,-2.296266,21.902874,4817.212,2,1.000000,4,4,71.197586,1,0,0
360,6.000000,11.928643,0.017307,-65.713936,21.626871,-0.336726,3.492446,-1.702596,-2.292353,21.898962,4816.769,2,1.000000,4,4,71.189003,1,0,0
361,6.016667,12.286609,0.017023,-65.641815,21.477901,-0.338827,4.327478,-1.740820,-2.293449,21.901083,4816.188,2,1.000000,4,4,71.179359,1,0,0
362,6.033333,12.641253,0.017137,-65.554100,21.278721,-0.321982,5.262740,-1.776809,-2.159325,21.905956,4815.536,2,1.000000,4,4,71.172005,1,0,0
363,6.050000,12.992414,0.017287,-65.452721,21.069643,-0.308461,6.082914,-1.813593,-2.207148,21.914820,4815.039,2,1.000000,4,4,71.141129,1,0,0
364,6.066667,13.339703,0.017177,-65.338707,20.837307,-0.316553,6.840505,-1.852058,-2.307928,21.918022,4812.950,2,1.000000,4,4,71.125351,1,0,0
365,6.083333,13.682418,0.016968,-65.211800,20.562908,-0.322370,7.614430,-1.891115,-2.343540,21.915365,4811.882,2,1.000000,4,4,71.127777,1,0,0
366,6.100000,14.019958,0.016742,-65.071945,20.252373,-0.325875,8.391645,-1.930296,-2.350905,21.910788,4812.046,2,1.000000,4,4,71.131058,1,0,0
367,6.116667,14.351781,0.016524,-64.919235,19.909372,-0.328249,9.162787,-1.969434,-2.348326,21.905809,4812.269,2,1.000000,4,4,71.131302,1,0,0
368,6.133333,14.677380,0.016319,-64.753838,19.535852,-0.329996,9.923330,-2.008480,-2.342773,21.901100,4812.285,2,1.000000,4,4,71.128265,1,0,0
369,6.150000,14.996263,0.016127,-64.575996,19.133024,-0.331308,10.670720,-2.047428,-2.336919,21.896992,4812.079,2,1.000000,4,4,71.122696,1,0,0
370,6.166667,15.308027,0.015936,-64.385910,18.705853,-0.332249,11.405157,-2.086346,-2.335082,21.898182,4811.703,2,1.000000,4,4,71.115501,1,0,0
371,6.183333,15.612184,0.015752,-64.183861,18.249371,-0.332868,12.123123,-2.125209,-2.331748,21.898676,4811.216,2,1.000000,4,4,71.109924,1,0,0
372,6.200000,15.908261,0.015576,-63.970139,17.764647,-0.333111,12.823364,-2.164015,-2.328366,21.898846,4810.838,2,1.000000,4,4,71.105057,1,0,0
373,6.216667,16.195803,0.015411,-63.745068,17.252420,-0.333059,13.504261,-2.202772,-2.325429,21.898464,4810.509,2,1.000000,4,4,71.100784,1,0,0
374,6.233333,16.473366,0.015652,-63.507549,16.653770,-0.314236,14.250964,-2.239288,-2.190936,21.902596,4810.220,2,1.000000,4,4,71.096893,1,0,0
375,6.250000,16.741644,0.015942,-63.259384,16.096758,-0.299434,14.889915,-2.276582,-2.237695,21.910051,4809.957,2,1.000000,4,4,71.069008,1,0,0
376,6.266667,17.000751,0.015981,-63.001671,15.546527,-0.306668,15.462818,-2.315521,-2.336343,21.911961,4808.070,2,1.000000,4,4,71.055603,1,0,0
377,6.283333,17.249947,0.015926,-62.734478,14.951658,-0.311986,16.031427,-2.355012,-2.369547,21.908247,4807.164,2,1.000000,4,4,71.059967,1,0,0
378,6.300000,17.488674,0.015854,-62.458035,14.323630,-0.315330,16.586620,-2.394595,-2.375008,21.903011,4807.458,2,1.000000,4,4,71.064529,1,0,0
379,6.316667,17.716505,0.015785,-62.172676,13.669881,-0.317839,17.121759,-2.434108,-2.370750,21.897753,4807.767,2,1.000000,4,4,71.065697,1,0,0
380,6.333333,17.933073,0.015719,-61.878777,12.994049,-0.319956,17.633793,-2.473498,-2.363423,21.893131,4807.846,2,1.000000,4,4,71.063408,1,0,0
381,6.350000,18.138044,0.015651,-61.576759,12.298225,-0.321808,18.121052,-2.512757,-2.355529,21.889408,4807.691,2,1.000000,4,4,71.058495,1,0,0
382,6.366667,18.331148,0.015570,-61.267006,11.586241,-0.323402,18.585432,-2.551938,-2.350821,21.890556,4807.359,2,1.000000,4,4,71.051933,1,0,0
383,6.383333,18.512077,0.015478,-60.949963,10.855865,-0.324732,19.022301,-2.591018,-2.344801,21.891539,4806.915,2,1.000000,4,4,71.046669,1,0,0
384,6.400000,18.680550,0.015381,-60.626118,10.108336,-0.325704,19.430769,-2.629996,-2.338658,21.892357,4806.559,2,1.000000,4,4,71.042053,1,0,0
385,6.416667,18.836300,0.015283,-60.295956,9.345016,-0.326366,19.809690,-2.668882,-2.333099,21.892740,4806.247,2,1.000000,4,4,71.037971,1,0,0
386,6.433333,18.977537,0.015585,-59.959141,8.474233,-0.307803,20.208851,-2.705468,-2.195162,21.897614,4805.971,2,1.000000,4,4,71.034271,1,0,0
387,6.450000,19.105705,0.015926,-59.616970,7.690110,-0.293801,20.530434,-2.742811,-2.240592,21.906237,4805.720,2,1.000000,4,4,71.006348,1,0,0
388,6.466667,19.221415,0.016001,-59.270378,6.942579,-0.302106,20.795517,-2.781799,-2.339319,21.909082,4803.831,2,1.000000,4,4,70.993248,1,0,0
389,6.483333,19.324015,0.015980,-58.919762,6.155900,-0.308015,21.036945,-2.821313,-2.370888,21.906040,4802.945,2,1.000000,4,4,70.998413,1,0,0
390,6.500000,19.413109,0.015941,-58.565575,5.345729,-0.311916,21.251257,-2.860904,-2.375490,21.901272,4803.294,2,1.000000,4,4,71.003677,1,0,0
391,6.516667,19.488470,0.015899,-58.208309,4.521664,-0.314988,21.435862,-2.900417,-2.370785,21.896261,4803.650,2,1.000000,4,4,71.005615,1,0,0
392,6.533333,19.549942,0.015854,-57.848480,3.688231,-0.317660,21.589724,-2.939803,-2.363166,21.891689,4803.782,2,1.000000,4,4,71.004105,1,0,0
393,6.550000,19.597408,0.015803,-57.486610,2.847981,-0.320037,21.712355,-2.979054,-2.355031,21.887850,4803.680,2,1.000000,4,4,70.999870,1,0,0
394,6.566667,19.630796,0.015735,-57.123173,2.003298,-0.322118,21.806280,-3.018212,-2.349416,21.887827,4803.393,2,1.000000,4,4,70.993866,1,0,0
395,6.583333,19.650042,0.015652,-56.758698,1.154763,-0.323885,21.868538,-3.057275,-2.343777,21.888826,4802.987,2,1.000000,4,4,70.988464,1,0,0
396,6.600000,19.655102,0.015560,-56.393738,0.303559,-0.325271,21.897617,-3.096239,-2.337828,21.889542,4802.622,2,1.000000,4,4,70.983856,1,0,0
397,6.616667,19.645958,0.015465,-56.028851,-0.548618,-0.326297,21.893240,-3.135114,-2.332440,21.889849,4802.310,2,1.000000,4,4,70.979729,1,0,0
398,6.633333,19.620850,0.015766,-55.664539,-1.506507,-0.308332,21.858633,3.111504,-2.194038,21.894682,4802.030,2,1.000000,4,4,70.975952,1,0,0
399,6.650000,19.581652,0.016101,-55.301315,-2.351945,-0.294588,21.793640,3.074181,-2.239392,21.903250,4801.775,2,1.000000,4,4,70.948021,1,0,0
400,6.666667,19.529322,0.016174,-54.939739,-3.139718,-0.302838,21.694576,3.035222,-2.337589,21.906055,4799.885,2,1.000000,4,4,70.935051,1,0,0
401,6.683333,19.463474,0.016152,-54.580456,-3.950890,-0.308967,21.556854,2.995716,-2.370378,21.902994,4799.008,2,1.000000,4,4,70.940071,1,0,0
402,6.700000,19.383957,0.016109,-54.224049,-4.771024,-0.313068,21.384239,2.956120,-2.375765,21.898134,4799.347,2,1.000000,4,4,70.945473,1,0,0
403,6.716667,19.290785,0.016062,-53.871071,-5.590365,-0.316313,21.178766,2.916595,-2.371528,21.893011,4799.712,2,1.000000,4,4,70.947632,1,0,0
404,6.733333,19.184046,0.016010,-53.522045,-6.404357,-0.319133,20.941561,2.877192,-2.364174,21.888306,4799.859,2,1.000000,4,4,70.946365,1,0,0
405,6.750000,19.063869,0.015950,-53.177490,-7.210494,-0.321630,20.673340,2.837923,-2.356127,21.884357,4799.773,2,1.000000,4,4,70.942360,1,0,0
406,6.766667,18.930407,0.015874,-52.837868,-8.007764,-0.323795,20.377371,2.798748,-2.350482,21.884176,4799.502,2,1.000000,4,4,70.936508,1,0,0
407,6.783333,18.783836,0.015783,-52.503677,-8.794310,-0.325618,20.051439,2.759665,-2.344941,21.885149,4799.106,2,1.000000,4,4,70.931160,1,0,0
408,6.800000,18.624363,0.015683,-52.175430,-9.568343,-0.327040,19.694593,2.720680,-2.339086,21.885826,4798.744,2,1.000000,4,4,70.926598,1,0,0
409,6.816667,18.452225,0.015581,-51.853642,-10.328196,-0.328092,19.307343,2.681783,-2.333811,21.886072,4798.436,2,1.000000,4,4,70.922539,1,0,0
410,6.833333,18.266071,0.015876,-51.539555,-11.169174,-0.310101,18.845345,2.645197,-2.195118,21.890858,4798.161,2,1.000000,4,4,70.918831,1,0,0
411,6.850000,18.067806,0.016205,-51.232777,-11.895981,-0.296308,18.406710,2.607859,-2.240355,21.899368,4797.910,2,1.000000,4,4,70.890953,1,0,0
412,6.866667,17.858549,0.016273,-50.933380,-12.555470,-0.304610,17.963739,2.568875,-2.339072,21.902086,4796.024,2,1.000000,4,4,70.878136,1,0,0
413,6.883333,17.638239,0.016247,-50.642120,-13.218558,-0.310729,17.475550,2.529339,-2.372153,21.898888,4795.157,2,1.000000,4,4,70.883415,1,0,0
414,6.900000,17.407007,0.016199,-50.359585,-13.873903,-0.314821,16.952112,2.489710,-2.377807,21.893871,4795.514,2,1.000000,4,4,70.889114,1,0,0
415,6.916667,17.165113,0.016146,-50.086258,-14.513709,-0.318068,16.399647,2.450148,-2.373714,21.888586,4795.900,2,1.000000,4,4,70.891640,1,0,0
416,6.933333,16.912870,0.016086,-49.822571,-15.134484,-0.320875,15.821183,2.410710,-2.366306,21.883734,4796.071,2,1.000000,4,4,70.890739,1,0,0
417,6.950000,16.650631,0.016018,-49.568932,-15.734319,-0.323330,15.218489,2.371407,-2.358111,21.879677,4796.010,2,1.000000,4,4,70.887039,1,0,0
418,6.966667,16.378735,0.015934,-49.325680,-16.313761,-0.325438,14.595003,2.332201,-2.352383,21.879446,4795.759,2,1.000000,4,4,70.881439,1,0,0
419,6.983333,16.097567,0.015838,-49.093189,-16.870094,-0.327193,13.949525,2.293087,-2.346772,21.880362,4795.381,2,1.000000,4,4,70.876312,1,0,0
420,7.000000,15.807544,0.015789,-48.871822,-17.401264,-0.328549,13.282047,2.254072,-2.340920,21.880966,4795.034,2,0.897638,4,4,70.871964,1,0,0
421,7.016667,15.508486,0.015831,-48.662231,-17.943464,-0.329890,12.575495,2.215591,-2.308789,21.899776,4794.740,2,0.803150,4,4,70.832680,1,0,0
422,7.033333,15.198620,0.016287,-48.465714,-18.592001,-0.312374,11.790810,2.179658,-2.155937,21.995209,4792.082,2,0.700787,4,4,70.556702,1,0,0
423,7.050000,14.880109,0.016768,-48.280800,-19.110668,-0.299292,11.094992,2.144700,-2.097458,22.073231,4773.411,2,0.614173,4,4,70.403114,1,0,0
424,7.066667,14.554599,0.016862,-48.106121,-19.530556,-0.308988,10.480692,2.111071,-2.017835,22.140509,4763.020,2,0.519685,4,4,70.348648,1,0,0
425,7.083333,14.222882,0.016473,-47.940502,-19.902979,-0.316453,9.937138,2.079803,-1.876172,22.223148,4759.335,2,0.433071,4,4,70.273781,1,0,0
426,7.100000,13.885464,0.015504,-47.782635,-20.245150,-0.320789,9.471905,2.051765,-1.682538,22.331184,4754.271,2,0.346457,4,4,70.111443,1,0,0
427,7.116667,13.543272,0.013886,-47.631023,-20.531509,-0.320838,9.096692,2.027626,-1.448675,22.439539,4743.288,2,0.259843,4,4,69.934387,1,0,0
428,7.133333,13.196954,0.011695,-47.484856,-20.779078,-0.315502,8.770041,2.006737,-1.253876,22.539743,4731.309,2,0.188976,4,4,69.740273,1,0,0
429,7.150000,12.846733,0.008932,-47.342812,-21.013222,-0.303651,8.522678,1.989334,-1.044741,22.664021,4718.177,2,0.110236,4,4,69.539223,1,0,0
430,7.166667,12.493902,0.005657,-47.203503,-21.169865,-0.285567,8.358518,1.975633,-0.822773,22.751488,4704.575,2,0.047244,4,4,69.436371,1,0,0
431,7.183333,12.139103,0.001870,-47.065266,-21.287973,-0.260752,8.294147,1.965063,-0.635056,22.841412,4697.617,2,0.000000,4,4,69.290131,1,0,0
432,7.200000,11.783427,-0.001956,-46.927071,-21.340521,-0.229563,8.291664,1.957830,-0.435028,22.892239,4687.723,2,0.000000,4,4,69.273682,1,0,0
433,7.216667,11.427018,-0.005137,-46.788776,-21.384539,-0.190882,8.297746,1.952066,-0.347027,22.937065,4686.610,2,0.000000,4,4,69.297569,1,0,0
434,7.233333,11.069687,-0.007613,-46.650589,-21.439915,-0.148532,8.291186,1.947563,-0.271527,22.986952,4688.227,2,0.000000,4,4,69.363609,1,0,0
435,7.250000,10.711582,-0.009426,-46.512657,-21.486248,-0.108800,8.275931,1.944093,-0.209667,23.024874,4692.694,2,0.000000,4,4,69.470131,1,0,0
436,7.266667,10.352617,-0.010635,-46.374920,-21.537899,-0.072505,8.264178,1.941290,-0.169768,23.068872,4699.901,2,0.000000,4,4,69.589890,1,0,0
437,7.283333,9.992701,-0.011304,-46.237343,-21.594994,-0.040145,8.254549,1.938960,-0.141480,23.118656,4708.002,2,0.000000,4,4,69.724823,1,0,0
438,7.300000,9.631840,-0.011504,-46.099915,-21.651655,-0.012016,8.245716,1.937003,-0.119069,23.168306,4717.131,2,0.000000,4,4,69.874847,1,0,0
439,7.316667,9.270066,-0.011308,-45.962608,-21.706387,0.011744,8.238512,1.935349,-0.100862,23.216759,4727.281,2,0.000000,4,4,70.032852,1,0,0
440,7.333333,8.907383,-0.010789,-45.825371,-21.760994,0.031145,8.234238,1.933979,-0.083691,23.266161,4737.971,2,0.000000,4,4,70.183441,1,0,0
441,7.350000,8.543910,-0.010017,-45.688187,-21.808371,0.046353,8.231182,1.932783,-0.073125,23.309273,4748.159,2,0.000000,4,4,70.349403,1,0,0
442,7.366667,8.179602,-0.009057,-45.550995,-21.858482,0.057561,8.231297,1.931822,-0.058883,23.356098,4759.386,2,0.000000,4,4,70.496094,1,0,0
443,7.383333,7.814577,-0.007972,-45.413780,-21.901485,0.065116,8.232919,1.930971,-0.052091,23.396832,4769.311,2,0.000000,4,4,70.655167,1,0,0
444,7.400000,7.448743,-0.006816,-45.276478,-21.950039,0.069369,8.238110,1.930326,-0.039511,23.444042,4780.072,2,0.000000,4,4,70.785446,1,0,0
445,7.416667,7.082175,-0.005636,-45.139053,-21.994091,0.070773,8.245619,1.929647,-0.041426,23.487885,4788.886,2,0.000000,4,4,70.940842,1,0,0
446,7.433333,6.714802,-0.004474,-45.001499,-22.042355,0.069751,8.253125,1.929060,-0.035691,23.535694,4799.399,2,0.000000,4,4,71.088593,1,0,0
447,7.450000,6.346636,-0.003361,-44.863800,-22.089922,0.066755,8.261965,1.928523,-0.032538,23.583345,4809.395,2,0.000000,4,4,71.235939,1,0,0
448,7.466667,5.977680,-0.002324,-44.725945,-22.137381,0.062205,8.271381,1.928041,-0.029134,23.631111,4819.364,2,0.000000,4,4,71.382233,1,0,0
449,7.483333,5.607926,-0.001383,-44.587948,-22.185225,0.056509,8.279712,1.927572,-0.028191,23.678875,4829.261,2,0.000000,4,4,71.527634,1,0,0
450,7.500000,5.237375,-0.000549,-44.449810,-22.233049,0.050031,8.288224,1.927135,-0.026118,23.726698,4839.098,2,0.000000,4,4,71.671982,1,0,0
451,7.516667,4.866031,0.000170,-44.311527,-22.280672,0.043098,8.297086,1.926723,-0.024584,23.774466,4848.863,2,0.000000,4,4,71.815552,1,0,0
452,7.533333,4.493895,0.000770,-44.173092,-22.328175,0.036003,8.306172,1.926334,-0.023087,23.822203,4858.577,2,0.000000,4,4,71.958344,1,0,0
453,7.550000,4.120969,0.001253,-44.034500,-22.375561,0.028988,8.315454,1.925967,-0.021729,23.869904,4868.237,2,0.000000,4,4,72.100441,1,0,0
454,7.566667,3.747255,0.001624,-43.895748,-22.422848,0.022256,8.324896,1.925620,-0.020487,23.917572,4877.851,2,0.000000,4,4,72.241905,1,0,0
455,7.583333,3.372754,0.001890,-43.756840,-22.470039,0.015960,8.334475,1.925293,-0.019315,23.965195,4887.421,2,0.000000,4,4,72.382820,1,0,0
456,7.600000,2.997468,0.002060,-43.617771,-22.517136,0.010222,8.344181,1.924983,-0.018207,24.012774,4896.955,2,0.000000,4,4,72.523262,1,0,0
457,7.616667,2.621399,0.002145,-43.478539,-22.564131,0.005118,8.354017,1.924691,-0.017152,24.060301,4906.456,2,0.000000,4,4,72.663307,1,0,0
458,7.633333,2.244549,0.002157,-43.339138,-22.611019,0.000701,8.363993,1.924417,-0.016142,24.107767,4915.931,2,0.000000,4,4,72.803024,1,0,0
459,7.650000,1.866919,0.002107,-43.199570,-22.657784,-0.003011,8.374122,1.924158,-0.015172,24.155174,4925.383,2,0.000000,4,4,72.942482,1,0,0
460,7.666667,1.488512,0.002007,-43.059830,-22.704414,-0.006023,8.384418,1.923916,-0.014237,24.202503,4934.817,2,0.000000,4,4,73.081749,1,0,0
461,7.683333,1.109330,0.001867,-42.919914,-22.750900,-0.008359,8.394902,1.923689,-0.013335,24.249762,4944.240,2,0.000000,4,4,73.220863,1,0,0
462,7.700000,0.729376,0.001700,-42.779819,-22.797234,-0.010060,8.405590,1.923477,-0.012466,24.296944,4953.651,2,0.000000,4,4,73.359863,1,0,0
463,7.716667,0.348653,0.001513,-42.639545,-22.843403,-0.011180,8.416495,1.923280,-0.011626,24.344042,4963.055,2,0.000000,4,4,73.498795,1,0,0
464,7.733333,-0.032837,0.001317,-42.499084,-22.889404,-0.011781,8.427636,1.923097,-0.010819,24.391066,4972.454,2,0.000000,4,4,73.637665,1,0,0
465,7.750000,-0.415091,0.001118,-42.358433,-22.935226,-0.011929,8.439020,1.922927,-0.010044,24.437996,4981.849,2,0.000000,4,4,73.776505,1,0,0
466,7.766667,-0.798105,0.000923,-42.217590,-22.980873,-0.011693,8.450658,1.922770,-0.009301,24.484852,4991.242,2,0.000000,4,4,73.915321,1,0,0
467,7.783333,-1.181878,0.000737,-42.076546,-23.026339,-0.011145,8.462552,1.922625,-0.008591,24.531622,5000.634,2,0.000000,4,4,74.054123,1,0,0
468,7.800000,-1.566405,0.000565,-41.935303,-23.071623,-0.010352,8.474709,1.922493,-0.007916,24.578310,5010.024,2,0.000000,4,4,74.192902,1,0,0
469,7.816667,-1.951684,0.000409,-41.793850,-23.116726,-0.009378,8.487123,1.922371,-0.007272,24.624914,5019.413,2,0.000000,4,4,74.331665,1,0,0
470,7.833333,-2.337711,0.000271,-41.652184,-23.161652,-0.008279,8.499795,1.922259,-0.006666,24.671444,5028.801,2,0.000000,4,4,74.470390,1,0,0
471,7.850000,-2.724484,0.000152,-41.510307,-23.206402,-0.007112,8.512712,1.922158,-0.006093,24.717899,5038.186,2,0.000000,4,4,74.609085,1,0,0
472,7.866667,-3.112001,0.000053,-41.368206,-23.250982,-0.005923,8.525870,1.922066,-0.005554,24.764265,5047.569,2,0.000000,4,4,74.747726,1,0,0
473,7.883333,-3.500257,-0.000026,-41.225883,-23.295399,-0.004747,8.539257,1.921983,-0.005049,24.810566,5056.949,2,0.000000,4,4,74.886307,1,0,0
474,7.900000,-3.889252,-0.000086,-41.083336,-23.339655,-0.003621,8.552858,1.921907,-0.004576,24.856789,5066.324,2,0.000000,4,4,75.024811,1,0,0
475,7.916667,-4.278981,-0.000129,-40.940559,-23.383759,-0.002565,8.566667,1.921839,-0.004137,24.902939,5075.695,2,0.000000,4,4,75.163216,1,0,0
476,7.933333,-4.669444,-0.000156,-40.797546,-23.427717,-0.001605,8.580666,1.921778,-0.003729,24.949018,5085.058,2,0.000000,4,4,75.301514,1,0,0
477,7.950000,-5.060636,-0.000168,-40.654301,-23.471537,-0.000750,8.594845,1.921723,-0.003353,24.995031,5094.415,2,0.000000,4,4,75.439682,1,0,0
478,7.966667,-5.452556,-0.000168,-40.510815,-23.515223,-0.000011,8.609187,1.921675,-0.003005,25.040979,5103.762,2,0.000000,4,4,75.577713,1,0,0
479,7.983333,-5.845203,-0.000158,-40.367088,-23.558783,0.000611,8.623679,1.921631,-0.002685,25.086861,5113.101,2,0.000000,4,4,75.715576,1,0,0
480,8.000000,-6.238574,-0.000140,-40.223118,-23.602224,0.001115,8.638308,1.921592,-0.002391,25.132677,5122.427,2,0.000000,4,4,75.853264,1,0,0
481,8.016666,-6.632666,-0.000114,-40.078899,-23.645552,0.001506,8.653055,1.921558,-0.002121,25.178429,5131.742,2,0.000000,4,4,75.990768,1,0,0
482,8.033334,-7.027479,-0.000085,-39.934433,-23.688774,0.001790,8.667912,1.921528,-0.001876,25.224121,5141.044,2,0.000000,4,4,76.128075,1,0,0
483,8.050000,-7.423011,-0.000052,-39.789722,-23.731895,0.001976,8.682863,1.921501,-0.001651,25.269749,5150.334,2,0.000000,4,4,76.265175,1,0,0
484,8.066667,-7.819259,-0.000017,-39.644756,-23.774920,0.002076,8.697898,1.921478,-0.001447,25.315317,5159.609,2,0.000000,4,4,76.402054,1,0,0
485,8.083333,-8.216224,0.000018,-39.499542,-23.817852,0.002098,8.713003,1.921458,-0.001260,25.360830,5168.870,2,0.000000,4,4,76.538712,1,0,0
486,8.100000,-8.613901,0.000052,-39.354073,-23.860697,0.002053,8.728170,1.921440,-0.001091,25.406273,5178.115,2,0.000000,4,4,76.675133,1,0,0
487,8.116667,-9.012293,0.000085,-39.208347,-23.903460,0.001958,8.743390,1.921425,-0.000937,25.451664,5187.345,2,0.000000,4,4,76.811317,1,0,0
488,8.133333,-9.411394,0.000115,-39.062370,-23.946140,0.001819,8.758650,1.921412,-0.000796,25.496990,5196.558,2,0.000000,4,4,76.947273,1,0,0
489,8.150000,-9.811207,0.000143,-38.916138,-23.988745,0.001649,8.773945,1.921401,-0.000668,25.542259,5205.756,2,0.000000,4,4,77.082993,1,0,0
490,8.166667,-10.211728,0.000167,-38.769650,-24.031271,0.001459,8.789268,1.921392,-0.000550,25.587458,5214.938,2,0.000000,4,4,77.218468,1,0,0
491,8.183333,-10.612956,0.000188,-38.622902,-24.073725,0.001256,8.804614,1.921385,-0.000444,25.632601,5224.104,2,0.000000,4,4,77.353706,1,0,0
492,8.200000,-11.014892,0.000205,-38.475906,-24.116106,0.001048,8.819977,1.921379,-0.000346,25.677679,5233.252,2,0.000000,4,4,77.488708,1,0,0
493,8.216666,-11.417532,0.000219,-38.328651,-24.158415,0.000843,8.835349,1.921375,-0.000255,25.722694,5242.386,2,0.000000,4,4,77.623474,1,0,0
494,8.233334,-11.820876,0.000230,-38.181141,-24.200655,0.000645,8.850730,1.921372,-0.000172,25.767656,5251.503,2,0.000000,4,4,77.758003,1,0,0
495,8.250000,-12.224922,0.000238,-38.033375,-24.242823,0.000459,8.866116,1.921371,-0.000095,25.812538,5260.604,2,0.000000,4,4,77.892311,1,0,0
496,8.266666,-12.629671,0.000243,-37.885345,-24.284922,0.000290,8.881503,1.921370,-0.000023,25.857361,5269.691,2,0.000000,4,4,78.026390,1,0,0
497,8.283334,-13.035120,0.000245,-37.737064,-24.326958,0.000138,8.896873,1.921371,0.000067,25.902119,5278.762,2,0.000000,4,4,78.160240,1,0,0
498,8.300000,-13.441270,0.000245,-37.588528,-24.368931,0.000008,8.912230,1.921374,0.000161,25.946814,5287.817,2,0.000000,4,4,78.293869,1,0,0
499,8.316667,-13.848117,0.000243,-37.439732,-24.410830,-0.000104,8.927593,1.921378,0.000253,25.991436,5296.858,2,0.000000,4,4,78.427277,1,0,0
500,8.333333,-14.255662,0.000240,-37.290684,-24.452654,-0.000195,8.942969,1.921383,0.000326,26.036003,5305.883,2,0.000000,4,4,78.560463,1,0,0
501,8.350000,-14.663901,0.000236,-37.141376,-24.494400,-0.000267,8.958364,1.921389,0.000379,26.080494,5314.894,2,0.000000,4,4,78.693443,1,0,0
502,8.366667,-15.072836,0.000230,-36.991814,-24.536066,-0.000320,8.973775,1.921396,0.000410,26.124916,5323.891,2,0.000000,4,4,78.826210,1,0,0
503,8.383333,-15.482463,0.000224,-36.841991,-24.577658,-0.000356,8.989202,1.921403,0.000422,26.169273,5332.873,2,0.000000,4,4,78.958755,1,0,0
504,8.400000,-15.892783,0.000218,-36.691917,-24.619175,-0.000375,9.004634,1.921409,0.000421,26.213564,5341.840,2,0.000000,4,4,79.091087,1,0,0
505,8.416667,-16.303793,0.000212,-36.541580,-24.660631,-0.000381,9.020031,1.921417,0.000449,26.257786,5350.792,2,0.000000,4,4,79.223213,1,0,0
506,8.433333,-16.715494,0.000205,-36.390991,-24.702036,-0.000375,9.035368,1.921425,0.000521,26.301937,5359.731,2,0.000000,4,4,79.355133,1,0,0
507,8.450000,-17.127884,0.000199,-36.240147,-24.743370,-0.000361,9.050699,1.921435,0.000547,26.346024,5368.656,2,0.000000,4,4,79.486847,1,0,0
508,8.466666,-17.540960,0.000194,-36.089043,-24.784641,-0.000338,9.066011,1.921444,0.000569,26.390039,5377.567,2,0.000000,4,4,79.618347,1,0,0
509,8.483334,-17.954725,0.000189,-35.937687,-24.825840,-0.000308,9.081316,1.921454,0.000602,26.433987,5386.463,2,0.000000,4,4,79.749641,1,0,0
510,8.500000,-18.369175,0.000184,-35.786076,-24.866962,-0.000275,9.096624,1.921465,0.000644,26.477865,5395.346,2,0.000000,4,4,79.880730,1,0,0
511,8.516666,-18.784311,0.000180,-35.634212,-24.908016,-0.000241,9.111924,1.921476,0.000675,26.521669,5404.215,2,0.000000,4,4,80.011612,1,0,0
512,8.533334,-19.200129,0.000177,-35.482094,-24.948997,-0.000204,9.127212,1.921488,0.000704,26.565407,5413.069,2,0.000000,4,4,80.142281,1,0,0
513,8.550000,-19.616627,0.000174,-35.329720,-24.989912,-0.000167,9.142488,1.921500,0.000732,26.609079,5421.910,2,0.000000,4,4,80.272743,1,0,0
514,8.566667,-20.033806,0.000172,-35.177090,-25.030756,-0.000133,9.157758,1.921513,0.000758,26.652683,5430.736,2,0.000000,4,4,80.402992,1,0,0
515,8.583333,-20.451664,0.000170,-35.024204,-25.071531,-0.000100,9.173015,1.921526,0.000783,26.696215,5439.548,2,0.000000,4,4,80.533028,1,0,0
516,8.600000,-20.870201,0.000169,-34.871067,-25.112232,-0.000070,9.188260,1.921539,0.000807,26.739674,5448.345,2,0.000000,4,4,80.662857,1,0,0
517,8.616667,-21.289415,0.000168,-34.717674,-25.152866,-0.000043,9.203494,1.921553,0.000829,26.783066,5457.129,2,0.000000,4,4,80.792465,1,0,0
518,8.633333,-21.709305,0.000168,-34.564030,-25.193432,-0.000018,9.218717,1.921567,0.000849,26.826391,5465.896,2,0.000000,4,4,80.921860,1,0,0
519,8.650000,-22.129871,0.000168,-34.410130,-25.233929,0.000003,9.233925,1.921582,0.000869,26.869646,5474.651,2,0.000000,4,4,81.051041,1,0,0
520,8.666667,-22.551111,0.000168,-34.255978,-25.274353,0.000019,9.249122,1.921597,0.000887,26.912830,5483.390,2,0.000000,4,4,81.180008,1,0,0
521,8.683333,-22.973022,0.000169,-34.101574,-25.314711,0.000032,9.264303,1.921612,0.000904,26.955948,5492.116,2,0.000000,4,4,81.308762,1,0,0
522,8.700000,-23.395605,0.000169,-33.946915,-25.355000,0.000043,9.279471,1.921627,0.000919,26.998993,5500.826,2,0.000000,4,4,81.437302,1,0,0
523,8.716666,-23.818859,0.000170,-33.792004,-25.395220,0.000050,9.294625,1.921643,0.000934,27.041969,5509.522,2,0.000000,4,4,81.565620,1,0,0
524,8.733334,-24.242781,0.000171,-33.636845,-25.435369,0.000054,9.309762,1.921659,0.000948,27.084875,5518.203,2,0.000000,4,4,81.693726,1,0,0
525,8.750000,-24.667374,0.000172,-33.481430,-25.475451,0.000056,9.324884,1.921674,0.000960,27.127710,5526.870,2,0.000000,4,4,81.821609,1,0,0
526,8.766666,-25.092630,0.000173,-33.325764,-25.515463,0.000056,9.339990,1.921691,0.000972,27.170473,5535.522,2,0.000000,4,4,81.949272,1,0,0
527,8.783334,-25.518553,0.000174,-33.169846,-25.555410,0.000053,9.355080,1.921707,0.000982,27.213173,5544.159,2,0.000000,4,4,82.076714,1,0,0
528,8.800000,-25.945141,0.000175,-33.013676,-25.595287,0.000050,9.370151,1.921724,0.000993,27.255800,5552.780,2,0.000000,4,4,82.203934,1,0,0
529,8.816667,-26.372393,0.000176,-32.857254,-25.635096,0.000046,9.385203,1.921741,0.001002,27.298353,5561.388,2,0.000000,4,4,82.330940,1,0,0
530,8.833333,-26.800306,0.000176,-32.700584,-25.674835,0.000039,9.400237,1.921757,0.001011,27.340839,5569.980,2,0.000000,4,4,82.457726,1,0,0
531,8.850000,-27.228882,0.000177,-32.543663,-25.714508,0.000034,9.415252,1.921775,0.001019,27.383255,5578.557,2,0.000000,4,4,82.584290,1,0,0
532,8.866667,-27.658117,0.000177,-32.386494,-25.754112,0.000027,9.430248,1.921792,0.001026,27.425596,5587.120,2,0.000000,4,4,82.710632,1,0,0
533,8.883333,-28.088013,0.000178,-32.229073,-25.793648,0.000021,9.445225,1.921809,0.001033,27.467871,5595.667,2,0.000000,4,4,82.836754,1,0,0
534,8.900000,-28.518564,0.000178,-32.071404,-25.833115,0.000014,9.460180,1.921826,0.001040,27.510073,5604.200,2,0.000000,4,4,82.962654,1,0,0
535,8.916667,-28.949772,0.000178,-31.913483,-25.872515,0.000008,9.475115,1.921844,0.001046,27.552204,5612.718,2,0.000000,4,4,83.088333,1,0,0
536,8.933333,-29.381636,0.000178,-31.755316,-25.911846,0.000002,9.490030,1.921861,0.001051,27.594263,5621.221,2,0.000000,4,4,83.213791,1,0,0
537,8.950000,-29.814154,0.000178,-31.596901,-25.951109,-0.000002,9.504925,1.921879,0.001056,27.636253,5629.708,2,0.000000,4,4,83.339027,1,0,0
538,8.966666,-30.247326,0.000178,-31.438238,-25.990303,-0.000007,9.519798,1.921896,0.001062,27.678169,5638.181,2,0.000000,4,4,83.464043,1,0,0
539,8.983334,-30.681150,0.000178,-31.279327,-26.029430,-0.000011,9.534651,1.921914,0.001065,27.720018,5646.639,2,0.000000,4,4,83.588837,1,0,0
540,9.000000,-31.115625,0.000177,-31.120169,-26.068489,-0.000015,9.549481,1.921932,0.001070,27.761793,5655.081,2,0.000000,4,4,83.713409,1,0,0
541,9.016666,-31.550751,0.000177,-30.960764,-26.107477,-0.000018,9.564292,1.921950,0.001073,27.803495,5663.509,2,0.000000,4,4,83.837761,1,0,0
542,9.033334,-31.986525,0.000177,-30.801113,-26.146400,-0.000019,9.579080,1.921968,0.001078,27.845127,5671.922,2,0.000000,4,4,83.961884,1,0,0
543,9.050000,-32.422947,0.000176,-30.641216,-26.185253,-0.000021,9.593845,1.921986,0.001081,27.886686,5680.319,2,0.000000,4,4,84.085793,1,0,0
544,9.066667,-32.860016,0.000176,-30.481073,-26.224039,-0.000023,9.608590,1.922004,0.001084,27.928177,5688.702,2,0.000000,4,4,84.209473,1,0,0
545,9.083333,-33.297729,0.000176,-30.320684,-26.262754,-0.000023,9.623311,1.922022,0.001087,27.969593,5697.069,2,0.000000,4,4,84.332932,1,0,0
546,9.100000,-33.736088,0.000175,-30.160051,-26.301401,-0.000023,9.638011,1.922040,0.001090,28.010935,5705.422,2,0.000000,4,4,84.456169,1,0,0
547,9.116667,-34.175087,0.000175,-29.999174,-26.339981,-0.000024,9.652688,1.922058,0.001092,28.052208,5713.759,2,0.000000,4,4,84.579185,1,0,0
548,9.133333,-34.614727,0.000174,-29.838053,-26.378492,-0.000022,9.667342,1.922077,0.001096,28.093409,5722.082,2,0.000000,4,4,84.701981,1,0,0
549,9.150000,-35.055008,0.000174,-29.676687,-26.416935,-0.000021,9.681975,1.922095,0.001098,28.134537,5730.389,2,0.000000,4,4,84.824547,1,0,0
550,9.166667,-35.495930,0.000174,-29.515076,-26.455309,-0.000020,9.696588,1.922113,0.001100,28.175592,5738.681,2,0.000000,4,4,84.946892,1,0,0
551,9.183333,-35.937492,0.000173,-29.353222,-26.493614,-0.000019,9.711175,1.922132,0.001103,28.216576,5746.958,2,0.000000,4,4,85.069016,1,0,0
552,9.200000,-36.379688,0.000173,-29.191126,-26.531849,-0.000018,9.725740,1.922150,0.001105,28.257492,5755.220,2,0.000000,4,4,85.190910,1,0,0
553,9.216666,-36.822521,0.000173,-29.028788,-26.570017,-0.000017,9.740284,1.922169,0.001107,28.298328,5763.467,2,0.000000,4,4,85.312584,1,0,0
554,9.233334,-37.265991,0.000173,-28.866207,-26.608114,-0.000017,9.754806,1.922187,0.001108,28.339096,5771.699,2,0.000000,4,4,85.434036,1,0,0
555,9.250000,-37.710094,0.000172,-28.703386,-26.646143,-0.000015,9.769304,1.922206,0.001111,28.379791,5779.916,2,0.000000,4,4,85.555260,1,0,0
556,9.266666,-38.154831,0.000172,-28.540323,-26.684103,-0.000015,9.783779,1.922224,0.001113,28.420412,5788.117,2,0.000000,4,4,85.676262,1,0,0
557,9.283334,-38.600197,0.000172,-28.377020,-26.721994,-0.000014,9.798232,1.922243,0.001114,28.460962,5796.303,2,0.000000,4,4,85.797035,1,0,0
558,9.300000,-39.046192,0.000172,-28.213476,-26.759815,-0.000012,9.812662,1.922261,0.001116,28.501436,5804.474,2,0.000000,4,4,85.917587,1,0,0
559,9.316667,-39.492817,0.000171,-28.049692,-26.797567,-0.000011,9.827068,1.922280,0.001117,28.541838,5812.629,2,0.000000,4,4,86.037903,1,0,0
560,9.333333,-39.940071,0.000171,-27.885668,-26.835251,-0.000010,9.841451,1.922299,0.001119,28.582169,5820.769,2,0.000000,4,4,86.157982,1,0,0
561,9.350000,-40.387951,0.000171,-27.721405,-26.872864,-0.000010,9.855810,1.922317,0.001120,28.622425,5828.893,2,0.000000,4,4,86.277817,1,0,0
562,9.366667,-40.836456,0.000171,-27.556902,-26.910406,-0.000010,9.870145,1.922336,0.001121,28.662605,5837.000,2,0.000000,4,4,86.397400,1,0,0
563,9.383333,-41.285587,0.000171,-27.392160,-26.947874,-0.000010,9.884457,1.922355,0.001122,28.702707,5845.090,2,0.000000,4,4,86.516739,1,0,0
564,9.400000,-41.735340,0.000171,-27.227180,-26.985270,-0.000010,9.898746,1.922374,0.001123,28.742737,5853.164,2,0.000000,4,4,86.635818,1,0,0
565,9.416667,-42.185715,0.000170,-27.061964,-27.022591,-0.000010,9.913009,1.922392,0.001124,28.782684,5861.221,2,0.000000,4,4,86.754646,1,0,0
566,9.433333,-42.636711,0.000170,-26.896509,-27.059839,-0.000010,9.927246,1.922411,0.001126,28.822557,5869.260,2,0.000000,4,4,86.873207,1,0,0
567,9.450000,-43.088329,0.000170,-26.730818,-27.097013,-0.000010,9.941459,1.922430,0.001126,28.862349,5877.280,2,0.000000,4,4,86.991508,1,0,0
568,9.466666,-43.540565,0.000170,-26.564890,-27.134111,-0.000010,9.955645,1.922449,0.001127,28.902063,5885.284,2,0.000000,4,4,87.109543,1,0,0
569,9.483334,-43.993416,0.000170,-26.398727,-27.171133,-0.000010,9.969805,1.922467,0.001128,28.941694,5893.269,2,0.000000,4,4,87.227310,1,0,0
570,9.500000,-44.446884,0.000170,-26.232328,-27.208078,-0.000010,9.983937,1.922486,0.001129,28.981245,5901.236,2,0.000000,4,4,87.344810,1,0,0
571,9.516666,-44.900967,0.000169,-26.065695,-27.244946,-0.000010,9.998044,1.922505,0.001129,29.020714,5909.186,2,0.000000,4,4,87.462036,1,0,0
572,9.533334,-45.355667,0.000169,-25.898827,-27.281733,-0.000010,10.012123,1.922524,0.001130,29.060095,5917.117,2,0.000000,4,4,87.578995,1,0,0
573,9.550000,-45.810974,0.000169,-25.731724,-27.318441,-0.000012,10.026175,1.922543,0.001131,29.099394,5925.029,2,0.000000,4,4,87.695671,1,0,0
574,9.566667,-46.266891,0.000169,-25.564386,-27.355070,-0.000011,10.040201,1.922562,0.001131,29.138613,5932.923,2,0.000000,4,4,87.812073,1,0,0
575,9.583333,-46.723419,0.000169,-25.396816,-27.391617,-0.000011,10.054199,1.922580,0.001131,29.177744,5940.798,2,0.000000,4,4,87.928200,1,0,0
576,9.600000,-47.180553,0.000169,-25.229013,-27.428083,-0.000012,10.068172,1.922599,0.001132,29.216791,5948.655,2,0.000000,4,4,88.044037,1,0,0
577,9.616667,-47.638294,0.000168,-25.060978,-27.464468,-0.000013,10.082114,1.922618,0.001132,29.255753,5956.491,2,0.000000,4,4,88.159599,1,0,0
578,9.633333,-48.096642,0.000168,-24.892710,-27.500769,-0.000014,10.096028,1.922637,0.001132,29.294624,5964.310,2,0.000000,4,4,88.274872,1,0,0
579,9.650000,-48.555592,0.000168,-24.724211,-27.536985,-0.000014,10.109914,1.922656,0.001133,29.333401,5972.108,2,0.000000,4,4,88.389854,1,0,0
580,9.666667,-49.015144,0.000168,-24.555481,-27.573120,-0.000013,10.123771,1.922675,0.001133,29.372099,5979.888,2,0.000000,4,4,88.504547,1,0,0
581,9.683333,-49.475296,0.000167,-24.386520,-27.609169,-0.000014,10.137598,1.922694,0.001133,29.410700,5987.646,2,0.000000,4,4,88.618958,1,0,0
582,9.700000,-49.936047,0.000167,-24.217331,-27.645134,-0.000014,10.151396,1.922713,0.001133,29.449217,5995.386,2,0.000000,4,4,88.733070,1,0,0
583,9.716666,-50.397396,0.000167,-24.047911,-27.681013,-0.000015,10.165163,1.922732,0.001133,29.487642,6003.107,2,0.000000,4,4,88.846886,1,0,0
584,9.733334,-50.859344,0.000167,-23.878262,-27.716806,-0.000015,10.178900,1.922751,0.001134,29.525974,6010.807,2,0.000000,4,4,88.960411,1,0,0
585,9.750000,-51.321888,0.000166,-23.708385,-27.752514,-0.000015,10.192608,1.922770,0.001134,29.564215,6018.487,2,0.000000,4,4,89.073631,1,0,0
586,9.766666,-51.785023,0.000166,-23.538280,-27.788132,-0.000016,10.206284,1.922788,0.001134,29.602364,6026.147,2,0.000000,4,4,89.186562,1,0,0
587,9.783334,-52.248749,0.000166,-23.367949,-27.823662,-0.000017,10.219930,1.922807,0.001134,29.640421,6033.788,2,0.000000,4,4,89.299187,1,0,0
588,9.800000,-52.713066,0.000166,-23.197390,-27.859104,-0.000017,10.233545,1.922826,0.001133,29.678383,6041.407,2,0.000000,4,4,89.411514,1,0,0
589,9.816667,-53.177975,0.000165,-23.026604,-27.894457,-0.000017,10.247129,1.922845,0.001134,29.716248,6049.006,2,0.000000,4,4,89.523537,1,0,0
590,9.833333,-53.643475,0.000165,-22.855593,-27.929722,-0.000016,10.260682,1.922864,0.001134,29.754023,6056.584,2,0.000000,4,4,89.635254,1,0,0
591,9.850000,-54.109554,0.000165,-22.684357,-27.964895,-0.000016,10.274202,1.922883,0.001134,29.791700,6064.143,2,0.000000,4,4,89.746666,1,0,0
592,9.866667,-54.576221,0.000164,-22.512896,-27.999977,-0.000016,10.287691,1.922902,0.001133,29.829279,6071.680,2,0.000000,4,4,89.857773,1,0,0
593,9.883333,-55.043472,0.000164,-22.341209,-28.034969,-0.000016,10.301147,1.922921,0.001133,29.866764,6079.197,2,0.000000,4,4,89.968567,1,0,0
594,9.900000,-55.511303,0.000164,-22.169300,-28.069870,-0.000017,10.314572,1.922940,0.001133,29.904152,6086.693,2,0.000000,4,4,90.079056,1,0,0
595,9.916667,-55.979713,0.000164,-21.997168,-28.104679,-0.000016,10.327966,1.922959,0.001133,29.941441,6094.167,2,0.000000,4,4,90.189224,1,0,0
596,9.933333,-56.448704,0.000163,-21.824812,-28.139397,-0.000017,10.341327,1.922978,0.001133,29.978636,6101.621,2,0.000000,4,4,90.299088,1,0,0
597,9.950000,-56.918270,0.000163,-21.652235,-28.174021,-0.000017,10.354655,1.922997,0.001133,30.015732,6109.054,2,0.000000,4,4,90.408630,1,0,0
598,9.966666,-57.388412,0.000163,-21.479437,-28.208549,-0.000017,10.367949,1.923015,0.001132,30.052723,6116.464,2,0.000000,4,4,90.517868,1,0,0
599,9.983334,-57.859127,0.000163,-21.306416,-28.242987,-0.000017,10.381211,1.923034,0.001132,30.089621,6123.854,2,0.000000,4,4,90.626785,1,0,0
600,10.000000,-58.330414,0.000162,-21.133175,-28.277328,-0.000016,10.394441,1.923053,0.001132,30.126415,6131.223,2,0.000000,4,4,90.735382,1,0,0
601,10.016666,-58.802273,0.000162,-20.959715,-28.311577,-0.000017,10.407636,1.923072,0.001130,30.163109,6138.570,2,0.000000,4,4,90.843666,1,0,0
602,10.033334,-59.274700,0.000162,-20.786036,-28.345728,-0.000017,10.420796,1.923091,0.001130,30.199701,6145.896,2,0.000000,4,4,90.951630,1,0,0
603,10.050000,-59.747696,0.000161,-20.612137,-28.379787,-0.000016,10.433924,1.923110,0.001130,30.236197,6153.200,2,0.000000,4,4,91.059265,1,0,0
604,10.066667,-60.221260,0.000161,-20.438021,-28.413750,-0.000017,10.447017,1.923129,0.001129,30.272596,6160.482,2,0.000000,4,4,91.166588,1,0,0
605,10.083333,-60.695389,0.000161,-20.263687,-28.447617,-0.000018,10.460076,1.923148,0.001129,30.308884,6167.743,2,0.000000,4,4,91.273582,1,0,0
606,10.100000,-61.170078,0.000161,-20.089136,-28.481386,-0.000018,10.473102,1.923166,0.001129,30.345072,6174.981,2,0.000000,4,4,91.380257,1,0,0
607,10.116667,-61.645329,0.000160,-19.914368,-28.515060,-0.000017,10.486094,1.923185,0.001129,30.381157,6182.198,2,0.000000,4,4,91.486603,1,0,0
608,10.133333,-62.121140,0.000160,-19.739384,-28.548635,-0.000017,10.499050,1.923204,0.001128,30.417145,6189.393,2,0.000000,4,4,91.592628,1,0,0
609,10.150000,-62.597507,0.000160,-19.564184,-28.582115,-0.000019,10.511971,1.923223,0.001127,30.453022,6196.566,2,0.000000,4,4,91.698326,1,0,0
610,10.166667,-63.074432,0.000159,-19.388769,-28.615498,-0.000019,10.524857,1.923241,0.001126,30.488800,6203.717,2,0.000000,4,4,91.803696,1,0,0
611,10.183333,-63.551910,0.000159,-19.213140,-28.648781,-0.000019,10.537707,1.923260,0.001126,30.524473,6210.846,2,0.000000,4,4,91.908745,1,0,0
612,10.200000,-64.029938,0.000159,-19.037298,-28.681965,-0.000018,10.550524,1.923279,0.001125,30.560040,6217.952,2,0.000000,4,4,92.013466,1,0,0
613,10.216666,-64.508522,0.000158,-18.861242,-28.715052,-0.000019,10.563304,1.923298,0.001124,30.595503,6225.037,2,0.000000,4,4,92.117851,1,0,0
614,10.233334,-64.987656,0.000158,-18.684975,-28.748039,-0.000019,10.576050,1.923316,0.001123,30.630859,6232.099,2,0.000000,4,4,92.221909,1,0,0
615,10.250000,-65.467339,0.000158,-18.508495,-28.780928,-0.000019,10.588760,1.923335,0.001123,30.666113,6239.139,2,0.000000,4,4,92.325638,1,0,0
616,10.266666,-65.947563,0.000157,-18.331802,-28.813717,-0.000020,10.601436,1.923354,0.001122,30.701262,6246.157,2,0.000000,4,4,92.429039,1,0,0
617,10.283334,-66.428337,0.000157,-18.154902,-28.846405,-0.000019,10.614075,1.923373,0.001121,30.736301,6253.153,2,0.000000,4,4,92.532104,1,0,0
618,10.300000,-66.909653,0.000157,-17.977791,-28.878994,-0.000019,10.626679,1.923391,0.001121,30.771236,6260.125,2,0.000000,4,4,92.634842,1,0,0
619,10.316667,-67.391510,0.000157,-17.800470,-28.911482,-0.000020,10.639248,1.923410,0.001119,30.806059,6267.075,2,0.000000,4,4,92.737244,1,0,0
620,10.333333,-67.873909,0.000156,-17.622940,-28.943871,-0.000019,10.651779,1.923429,0.001119,30.840784,6274.003,2,0.000000,4,4,92.839310,1,0,0
621,10.350000,-68.356842,0.000156,-17.445202,-28.976160,-0.000019,10.664274,1.923447,0.001119,30.875401,6280.909,2,0.000000,4,4,92.941048,1,0,0
622,10.366667,-68.840317,0.000156,-17.267256,-29.008347,-0.000019,10.676733,1.923466,0.001117,30.909904,6287.792,2,0.000000,4,4,93.042450,1,0,0
623,10.383333,-69.324326,0.000155,-17.089104,-29.040434,-0.000019,10.689155,1.923484,0.001116,30.944307,6294.651,2,0.000000,4,4,93.143517,1,0,0
624,10.400000,-69.808868,0.000155,-16.910746,-29.072420,-0.000018,10.701540,1.923503,0.001115,30.978601,6301.489,2,0.000000,4,4,93.244247,1,0,0
625,10.416667,-70.293945,0.000155,-16.732182,-29.104303,-0.000019,10.713889,1.923522,0.001114,31.012787,6308.304,2,0.000000,4,4,93.344643,1,0,0
626,10.433333,-70.779549,0.000154,-16.553411,-29.136084,-0.000019,10.726202,1.923540,0.001113,31.046860,6315.096,2,0.000000,4,4,93.444710,1,0,0
627,10.450000,-71.265678,0.000154,-16.374437,-29.167765,-0.000018,10.738479,1.923559,0.001111,31.080830,6321.866,2,0.000000,4,4,93.544434,1,0,0
628,10.466666,-71.752335,0.000154,-16.195259,-29.199343,-0.000019,10.750720,1.923577,0.001111,31.114693,6328.613,2,0.000000,4,4,93.643822,1,0,0
629,10.483334,-72.239517,0.000153,-16.015877,-29.230820,-0.000020,10.762922,1.923596,0.001110,31.148445,6335.337,2,0.000000,4,4,93.742874,1,0,0
630,10.500000,-72.727219,0.000153,-15.836291,-29.262196,-0.000021,10.775088,1.923614,0.001109,31.182093,6342.038,2,0.000000,4,4,93.841591,1,0,0
631,10.516666,-73.215446,0.000153,-15.656505,-29.293468,-0.000021,10.787217,1.923633,0.001108,31.215631,6348.717,2,0.000000,4,4,93.939972,1,0,0
632,10.533334,-73.704193,0.000152,-15.476516,-29.324636,-0.000021,10.799310,1.923651,0.001107,31.249056,6355.372,2,0.000000,4,4,94.038017,1,0,0
633,10.550000,-74.193451,0.000152,-15.296327,-29.355703,-0.000020,10.811364,1.923669,0.001105,31.282372,6362.005,2,0.000000,4,4,94.135719,1,0,0
634,10.566667,-74.683228,0.000152,-15.115937,-29.386667,-0.000020,10.823381,1.923688,0.001104,31.315577,6368.615,2,0.000000,4,4,94.233086,1,0,0
635,10.583333,-75.173523,0.000151,-14.935348,-29.417528,-0.000020,10.835361,1.923706,0.001103,31.348675,6375.202,2,0.000000,4,4,94.330116,1,0,0
636,10.600000,-75.664330,0.000151,-14.754559,-29.448286,-0.000020,10.847305,1.923725,0.001102,31.381660,6381.767,2,0.000000,4,4,94.426811,1,0,0
637,10.616667,-76.155647,0.000151,-14.573572,-29.478941,-0.000019,10.859213,1.923743,0.001101,31.414541,6388.308,2,0.000000,4,4,94.523163,1,0,0
638,10.633333,-76.647469,0.000150,-14.392387,-29.509493,-0.000019,10.871082,1.923761,0.001100,31.447311,6394.827,2,0.000000,4,4,94.619179,1,0,0
639,10.650000,-77.139801,0.000150,-14.211005,-29.539942,-0.000020,10.882914,1.923780,0.001100,31.479973,6401.323,2,0.000000,4,4,94.714859,1,0,0
640,10.666667,-77.632637,0.000150,-14.029427,-29.570288,-0.000020,10.894708,1.923798,0.001098,31.512524,6407.796,2,0.000000,4,4,94.810196,1,0,0
641,10.683333,-78.125977,0.000149,-13.847652,-29.600531,-0.000020,10.906465,1.923816,0.001097,31.544966,6414.246,2,0.000000,4,4,94.905197,1,0,0
642,10.700000,-78.619820,0.000149,-13.665683,-29.630669,-0.000020,10.918184,1.923835,0.001095,31.577295,6420.673,2,0.000000,4,4,94.999863,1,0,0
643,10.716666,-79.114166,0.000149,-13.483519,-29.660704,-0.000020,10.929868,1.923853,0.001094,31.609516,6427.078,2,0.000000,4,4,95.094185,1,0,0
644,10.733334,-79.609009,0.000148,-13.301159,-29.690636,-0.000019,10.941513,1.923871,0.001093,31.641628,6433.459,2,0.000000,4,4,95.188171,1,0,0
645,10.750000,-80.104347,0.000148,-13.118607,-29.720465,-0.000021,10.953119,1.923889,0.001092,31.673630,6439.817,2,0.000000,4,4,95.281822,1,0,0
646,10.766666,-80.600182,0.000148,-12.935862,-29.750189,-0.000020,10.964688,1.923907,0.001091,31.705513,6446.153,2,0.000000,4,4,95.375137,1,0,0
647,10.783334,-81.096512,0.000147,-12.752925,-29.779810,-0.000019,10.976220,1.923926,0.001089,31.737293,6452.466,2,0.000000,4,4,95.468117,1,0,0
648,10.800000,-81.593330,0.000147,-12.569797,-29.809328,-0.000019,10.987714,1.923944,0.001089,31.768970,6458.757,2,0.000000,4,4,95.560753,1,0,0
649,10.816667,-82.090645,0.000147,-12.386477,-29.838741,-0.000021,10.999170,1.923962,0.001087,31.800522,6465.024,2,0.000000,4,4,95.653053,1,0,0
650,10.833333,-82.588448,0.000146,-12.202968,-29.868052,-0.000021,11.010590,1.923980,0.001086,31.831972,6471.268,2,0.000000,4,4,95.745018,1,0,0
651,10.850000,-83.086746,0.000146,-12.019267,-29.897259,-0.000020,11.021972,1.923998,0.001085,31.863312,6477.490,2,0.000000,4,4,95.836639,1,0,0
652,10.866667,-83.585518,0.000146,-11.835379,-29.926361,-0.000020,11.033317,1.924016,0.001083,31.894543,6483.688,2,0.000000,4,4,95.927933,1,0,0
653,10.883333,-84.084770,0.000145,-11.651301,-29.955360,-0.000021,11.044623,1.924034,0.001081,31.925661,6489.865,2,0.000000,4,4,96.018883,1,0,0
654,10.900000,-84.584511,0.000145,-11.467036,-29.984257,-0.000021,11.055891,1.924052,0.001080,31.956667,6496.018,2,0.000000,4,4,96.109497,1,0,0
655,10.916667,-85.084724,0.000145,-11.282584,-30.013050,-0.000021,11.067121,1.924070,0.001079,31.987566,6502.148,2,0.000000,4,4,96.199776,1,0,0
656,10.933333,-85.585419,0.000144,-11.097946,-30.041739,-0.000019,11.078313,1.924088,0.001077,32.018349,6508.256,2,0.000000,4,4,96.289719,1,0,0
657,10.950000,-86.086594,0.000144,-10.913122,-30.070324,-0.000020,11.089468,1.924106,0.001076,32.049026,6514.341,2,0.000000,4,4,96.379326,1,0,0
658,10.966666,-86.588242,0.000144,-10.728112,-30.098806,-0.000020,11.100585,1.924124,0.001074,32.079597,6520.403,2,0.000000,4,4,96.468597,1,0,0
659,10.983334,-87.090363,0.000143,-10.542917,-30.127184,-0.000021,11.111664,1.924142,0.001073,32.110054,6526.443,2,0.000000,4,4,96.557533,1,0,0
660,11.000000,-87.592957,0.000143,-10.357539,-30.155458,-0.000020,11.122705,1.924160,0.001072,32.140404,6532.460,2,0.000000,4,4,96.646133,1,0,0
661,11.016666,-88.096016,0.000143,-10.171977,-30.183630,-0.000020,11.133709,1.924178,0.001070,32.170643,6538.454,2,0.000000,4,4,96.734406,1,0,0
662,11.033334,-88.599541,0.000142,-9.986233,-30.211697,-0.000022,11.144675,1.924195,0.001068,32.200768,6544.425,2,0.000000,4,4,96.822342,1,0,0
663,11.050000,-89.103539,0.000142,-9.800306,-30.239662,-0.000022,11.155603,1.924213,0.001067,32.230782,6550.375,2,0.000000,4,4,96.909943,1,0,0
664,11.066667,-89.607994,0.000142,-9.614199,-30.267525,-0.000021,11.166492,1.924231,0.001065,32.260693,6556.301,2,0.000000,4,4,96.997208,1,0,0
665,11.083333,-90.112915,0.000141,-9.427910,-30.295284,-0.000021,11.177343,1.924249,0.001063,32.290489,6562.205,2,0.000000,4,4,97.084145,1,0,0
666,11.100000,-90.618294,0.000141,-9.241440,-30.322943,-0.000020,11.188158,1.924266,0.001062,32.320183,6568.086,2,0.000000,4,4,97.170738,1,0,0
667,11.116667,-91.124138,0.000141,-9.054791,-30.350496,-0.000021,11.198935,1.924284,0.001060,32.349762,6573.945,2,0.000000,4,4,97.257011,1,0,0
668,11.133333,-91.630440,0.000140,-8.867964,-30.377945,-0.000022,11.209674,1.924302,0.001059,32.379227,6579.782,2,0.000000,4,4,97.342949,1,0,0
669,11.150000,-92.137192,0.000140,-8.680958,-30.405293,-0.000021,11.220376,1.924319,0.001057,32.408588,6585.596,2,0.000000,4,4,97.428558,1,0,0
670,11.166667,-92.644402,0.000140,-8.493773,-30.432537,-0.000020,11.231041,1.924337,0.001055,32.437832,6591.388,2,0.000000,4,4,97.513832,1,0,0
671,11.183333,-93.152061,0.000139,-8.306413,-30.459681,-0.000018,11.241667,1.924354,0.001054,32.466972,6597.156,2,0.000000,4,4,97.598778,1,0,0
672,11.200000,-93.660172,0.000139,-8.118876,-30.486721,-0.000020,11.252254,1.924372,0.001052,32.496002,6602.904,2,0.000000,4,4,97.683395,1,0,0
673,11.216666,-94.168732,0.000139,-7.931162,-30.513660,-0.000020,11.262806,1.924390,0.001051,32.524929,6608.628,2,0.000000,4,4,97.767677,1,0,0
674,11.233334,-94.677742,0.000138,-7.743274,-30.540495,-0.000018,11.273320,1.924407,0.001049,32.553745,6614.330,2,0.000000,4,4,97.851639,1,0,0
675,11.250000,-95.187195,0.000138,-7.555210,-30.567230,-0.000019,11.283796,1.924425,0.001047,32.582451,6620.010,2,0.000000,4,4,97.935272,1,0,0
676,11.266666,-95.697098,0.000138,-7.366973,-30.593863,-0.000020,11.294234,1.924442,0.001046,32.611050,6625.668,2,0.000000,4,4,98.018578,1,0,0
677,11.283334,-96.207436,0.000137,-7.178563,-30.620394,-0.000020,11.304635,1.924459,0.001044,32.639538,6631.304,2,0.000000,4,4,98.101555,1,0,0
678,11.300000,-96.718216,0.000137,-6.989979,-30.646824,-0.000020,11.314999,1.924477,0.001043,32.667919,6636.917,2,0.000000,4,4,98.184204,1,0,0
679,11.316667,-97.229431,0.000137,-6.801223,-30.673151,-0.000020,11.325325,1.924494,0.001041,32.696194,6642.510,2,0.000000,4,4,98.266533,1,0,0
680,11.333333,-97.741089,0.000136,-6.612297,-30.699379,-0.000019,11.335613,1.924511,0.001040,32.724361,6648.079,2,0.000000,4,4,98.348534,1,0,0
681,11.350000,-98.253181,0.000136,-6.423199,-30.725506,-0.000020,11.345864,1.924529,0.001038,32.752419,6653.627,2,0.000000,4,4,98.430206,1,0,0
682,11.366667,-98.765709,0.000136,-6.233931,-30.751532,-0.000020,11.356078,1.924546,0.001037,32.780369,6659.153,2,0.000000,4,4,98.511551,1,0,0
683,11.383333,-99.278664,0.000135,-6.044493,-30.777454,-0.000020,11.366256,1.924563,0.001034,32.808212,6664.656,2,0.000000,4,4,98.592583,1,0,0
684,11.400000,-99.792053,0.000135,-5.854886,-30.803276,-0.000020,11.376397,1.924580,0.001033,32.835949,6670.138,2,0.000000,4,4,98.673294,1,0,0
685,11.416667,-100.305870,0.000135,-5.665111,-30.828999,-0.000022,11.386501,1.924598,0.001031,32.863575,6675.598,2,0.000000,4,4,98.753677,1,0,0
686,11.433333,-100.820114,0.000134,-5.475168,-30.854620,-0.000021,11.396567,1.924615,0.001029,32.891098,6681.037,2,0.000000,4,4,98.833740,1,0,0
687,11.450000,-101.334785,0.000134,-5.285058,-30.880142,-0.000021,11.406595,1.924632,0.001028,32.918510,6686.453,2,0.000000,4,4,98.913483,1,0,0
688,11.466666,-101.849876,0.000134,-5.094782,-30.905565,-0.000021,11.416587,1.924649,0.001025,32.945820,6691.848,2,0.000000,4,4,98.992905,1,0,0
689,11.483334,-102.365395,0.000133,-4.904340,-30.930887,-0.000020,11.426542,1.924666,0.001022,32.973019,6697.221,2,0.000000,4,4,99.072006,1,0,0
690,11.500000,-102.881332,0.000133,-4.713732,-30.956110,-0.000019,11.436460,1.924683,0.001022,33.000114,6702.573,2,0.000000,4,4,99.150787,1,0,0
691,11.516666,-103.397682,0.000133,-4.522960,-30.981234,-0.000021,11.446342,1.924700,0.001020,33.027100,6707.902,2,0.000000,4,4,99.229256,1,0,0
692,11.533334,-103.914452,0.000132,-4.332024,-31.006258,-0.000020,11.456185,1.924717,0.001019,33.053982,6713.210,2,0.000000,4,4,99.307404,1,0,0
693,11.550000,-104.431641,0.000132,-4.140924,-31.031183,-0.000019,11.465993,1.924734,0.001017,33.080761,6718.498,2,0.000000,4,4,99.385239,1,0,0
694,11.566667,-104.949242,0.000132,-3.949661,-31.056009,-0.000019,11.475765,1.924751,0.001016,33.107441,6723.763,2,0.000000,4,4,99.462753,1,0,0
695,11.583333,-105.467255,0.000131,-3.758236,-31.080736,-0.000021,11.485502,1.924768,0.001014,33.134003,6729.008,2,0.000000,4,4,99.539955,1,0,0
696,11.600000,-105.985680,0.000131,-3.566649,-31.105364,-0.000019,11.495202,1.924785,0.001013,33.160465,6734.231,2,0.000000,4,4,99.616844,1,0,0
697,11.616667,-106.504509,0.000131,-3.374901,-31.129892,-0.000020,11.504864,1.924802,0.001011,33.186821,6739.433,2,0.000000,4,4,99.693420,1,0,0
698,11.633333,-107.023750,0.000130,-3.182993,-31.154324,-0.000019,11.514493,1.924818,0.001011,33.213074,6744.613,2,0.000000,4,4,99.769684,1,0,0
699,11.650000,-107.543396,0.000130,-2.990925,-31.178658,-0.000021,11.524083,1.924835,0.001008,33.239220,6749.773,3,0.000000,4,5,116.989502,1,0,0
700,11.666667,-108.070709,0.000118,-2.796013,-31.638739,-0.000727,11.694749,1.924845,0.000584,33.730103,6749.773,3,0.000000,4,5,114.002563,1,0,0
701,11.683333,-108.604202,0.000116,-2.598809,-32.009464,-0.000113,11.832211,1.924827,-0.001062,34.125710,6667.879,3,0.000000,4,5,111.169754,1,0,0
702,11.700000,-109.141685,0.000137,-2.400125,-32.248924,0.001293,11.921028,1.924780,-0.002846,34.381306,6567.693,3,0.000000,4,5,108.806999,1,0,0
703,11.716666,-109.680908,0.000186,-2.200804,-32.353252,0.002893,11.959285,1.924716,-0.003810,34.492546,6453.766,3,0.000000,4,5,107.023117,1,0,0
704,11.733334,-110.221214,0.000253,-2.001101,-32.418369,0.004064,11.982167,1.924720,0.000215,34.561626,6332.058,3,0.000000,4,5,105.724594,1,0,0
705,11.750000,-110.761948,0.000332,-1.801260,-32.444061,0.004733,11.990438,1.924756,0.002138,34.588623,6206.666,3,0.000000,4,5,104.822678,1,0,0
706,11.766666,-111.302788,0.000413,-1.601398,-32.449974,0.004848,11.991742,1.924802,0.002783,34.594612,6080.572,3,0.000000,4,5,104.202560,1,0,0
707,11.783334,-111.843567,0.000488,-1.401557,-32.446842,0.004468,11.990451,1.924851,0.002945,34.591198,5955.023,3,0.000000,4,5,103.776222,1,0,0
708,11.800000,-112.384232,0.000549,-1.201748,-32.439835,0.003698,11.988564,1.924899,0.002912,34.583912,5830.475,3,0.000000,4,5,103.481560,1,0,0
709,11.816667,-112.924751,0.000593,-1.001969,-32.431301,0.002661,11.986714,1.924943,0.002602,34.575195,5706.999,3,0.000000,4,5,103.275970,1,0,0
710,11.833333,-113.465118,0.000618,-0.802216,-32.422203,0.001476,11.985172,1.924979,0.002184,34.566040,5584.498,3,0.000000,4,5,103.130486,1,0,0
711,11.850000,-114.005333,0.000622,-0.602484,-32.412975,0.000250,11.983942,1.925008,0.001738,34.556847,5462.803,3,0.000000,4,5,103.025414,1,0,0
712,11.866667,-114.545410,0.000607,-0.402780,-32.404041,-0.000928,11.982260,1.925045,0.002182,34.547771,5341.734,3,0.000000,4,5,102.947487,1,0,0
713,11.883333,-115.085327,0.000574,-0.203105,-32.395298,-0.001996,11.980496,1.925081,0.002201,34.538837,5221.127,3,0.000000,4,5,102.887772,1,0,0
714,11.900000,-115.625114,0.000525,-0.003458,-32.386692,-0.002904,11.978769,1.925118,0.002225,34.530052,5100.840,3,0.000000,4,5,102.840256,1,0,0
715,11.916667,-116.164749,0.000465,0.196160,-32.378197,-0.003623,11.977081,1.925156,0.002224,34.521385,4980.757,3,0.000000,4,5,102.800911,1,0,0
716,11.933333,-116.704247,0.000396,0.395750,-32.369797,-0.004138,11.975422,1.925192,0.002200,34.512825,4978.852,3,0.000000,4,5,103.279503,1,0,0
717,11.950000,-117.243958,0.000321,0.595444,-32.382679,-0.004485,11.981627,1.925254,0.003655,34.526989,5002.031,3,0.000000,4,5,103.631866,1,0,0
718,11.966666,-117.784142,0.000244,0.795356,-32.411259,-0.004609,11.994734,1.925321,0.004010,34.558281,5019.097,3,0.000000,4,5,103.867897,1,0,0
719,11.983334,-118.325012,0.000169,0.995556,-32.452309,-0.004490,12.011959,1.925407,0.005172,34.602737,5030.528,3,0.000000,4,5,103.999870,1,0,0
720,12.000000,-118.866676,0.000100,1.196106,-32.499836,-0.004146,12.033040,1.925483,0.004551,34.654625,5036.920,3,0.000000,4,5,104.048508,1,0,0
721,12.016666,-119.408646,0.000041,1.396807,-32.518311,-0.003557,12.042064,1.925508,0.001532,34.675095,5039.275,3,0.000000,4,5,104.227524,1,0,0
722,12.033334,-119.950966,-0.000008,1.597658,-32.539112,-0.002918,12.051062,1.925519,0.000653,34.697742,5047.945,3,0.000000,4,5,104.366425,1,0,0
723,12.050000,-120.493820,-0.000046,1.798722,-32.571041,-0.002276,12.063836,1.925548,0.001701,34.732147,5054.672,3,0.000000,4,5,104.481506,1,0,0
724,12.066667,-121.037186,-0.000072,1.999998,-32.601566,-0.001614,12.076564,1.925571,0.001391,34.765217,5060.247,3,0.000000,4,5,104.593277,1,0,0
725,12.083333,-121.581047,-0.000089,2.201477,-32.631855,-0.000966,12.088697,1.925596,0.001521,34.797867,5065.660,3,0.000000,4,5,104.701317,1,0,0
726,12.100000,-122.125420,-0.000095,2.403157,-32.661995,-0.000363,12.100800,1.925620,0.001414,34.830364,5070.893,3,0.000000,4,5,104.806320,1,0,0
727,12.116667,-122.670280,-0.000092,2.605038,-32.692081,0.000174,12.112875,1.925642,0.001331,34.862797,5075.978,3,0.000000,4,5,104.909050,1,0,0
728,12.133333,-123.215652,-0.000081,2.807120,-32.722172,0.000636,12.124886,1.925663,0.001231,34.895214,5080.953,3,0.000000,4,5,105.010094,1,0,0
729,12.150000,-123.761520,-0.000064,3.009400,-32.752262,0.001011,12.136850,1.925682,0.001166,34.927612,5085.847,3,0.000000,4,5,105.109917,1,0,0
730,12.166667,-124.307892,-0.000043,3.211880,-32.782356,0.001302,12.148778,1.925701,0.001121,34.959999,5090.682,3,0.000000,4,5,105.208824,1,0,0
731,12.183333,-124.854767,-0.000017,3.414558,-32.812450,0.001506,12.160670,1.925719,0.001089,34.992371,5095.472,3,0.000000,4,5,105.307053,1,0,0
732,12.200000,-125.402138,0.000010,3.617434,-32.842541,0.001628,12.172534,1.925736,0.001067,35.024715,5100.229,3,0.000000,4,5,105.404747,1,0,0
733,12.216666,-125.950020,0.000038,3.820506,-32.872620,0.001678,12.184370,1.925754,0.001051,35.057045,5104.961,3,0.000000,4,5,105.502037,1,0,0
734,12.233334,-126.498398,0.000065,4.023776,-32.902687,0.001665,12.196183,1.925771,0.001042,35.089352,5109.673,3,0.000000,4,5,105.598991,1,0,0
735,12.250000,-127.047279,0.000092,4.227242,-32.932732,0.001597,12.207978,1.925788,0.001036,35.121639,5114.369,3,0.000000,4,5,105.695679,1,0,0
736,12.266666,-127.596664,0.000117,4.430905,-32.962749,0.001483,12.219756,1.925805,0.001034,35.153877,5119.051,3,0.000000,4,5,105.792152,1,0,0
737,12.283334,-128.146545,0.000139,4.634764,-32.992741,0.001340,12.231521,1.925823,0.001034,35.186096,5123.724,3,0.000000,4,5,105.888428,1,0,0
738,12.300000,-128.696930,0.000159,4.838818,-33.022701,0.001172,12.243271,1.925840,0.001036,35.218277,5128.387,3,0.000000,4,5,105.984543,1,0,0
739,12.316667,-129.247803,0.000175,5.043068,-33.052628,0.000991,12.255011,1.925857,0.001040,35.250416,5133.042,3,0.000000,4,5,106.080505,1,0,0
740,12.333333,-129.799179,0.000189,5.247514,-33.082520,0.000804,12.266738,1.925875,0.001044,35.282520,5137.689,3,0.000000,4,5,106.176338,1,0,0
741,12.350000,-130.351059,0.000199,5.452155,-33.112377,0.000620,12.278455,1.925892,0.001049,35.314587,5142.331,3,0.000000,4,5,106.272049,1,0,0
742,12.366667,-130.903427,0.000206,5.656991,-33.142200,0.000443,12.290161,1.925910,0.001055,35.346619,5146.966,3,0.000000,4,5,106.367645,1,0,0
743,12.383333,-131.456299,0.000211,5.862022,-33.171986,0.000278,12.301858,1.925927,0.001061,35.378609,5151.596,3,0.000000,4,5,106.463150,1,0,0
744,12.400000,-132.009659,0.000213,6.067248,-33.201736,0.000131,12.313547,1.925945,0.001068,35.410564,5156.222,3,0.000000,4,5,106.558548,1,0,0
745,12.416667,-132.563522,0.000213,6.272668,-33.231449,0.000001,12.325228,1.925963,0.001074,35.442482,5160.842,3,0.000000,4,5,106.653854,1,0,0
746,12.433333,-133.117874,0.000211,6.478283,-33.261127,-0.000109,12.336902,1.925981,0.001080,35.474365,5165.458,3,0.000000,4,5,106.749069,1,0,0
747,12.450000,-133.672714,0.000208,6.684093,-33.290771,-0.000197,12.348567,1.925999,0.001086,35.506214,5170.069,3,0.000000,4,5,106.844193,1,0,0
748,12.466666,-134.228058,0.000204,6.890097,-33.320381,-0.000267,12.360226,1.926017,0.001093,35.538025,5174.676,3,0.000000,4,5,106.939232,1,0,0
749,12.483334,-134.783890,0.000198,7.096295,-33.349957,-0.000317,12.371878,1.926036,0.001098,35.569809,5179.279,3,0.000000,4,5,107.034180,1,0,0
750,12.500000,-135.340210,0.000192,7.302687,-33.379498,-0.000348,12.383522,1.926054,0.001104,35.601551,5183.877,3,0.000000,4,5,107.129036,1,0,0
751,12.516666,-135.897034,0.000186,7.509273,-33.409004,-0.000365,12.395160,1.926073,0.001110,35.633263,5188.472,3,0.000000,4,5,107.223816,1,0,0
752,12.533334,-136.454346,0.000180,7.716053,-33.438480,-0.000366,12.406791,1.926091,0.001115,35.664940,5193.062,3,0.000000,4,5,107.318504,1,0,0
753,12.550000,-137.012146,0.000174,7.923026,-33.467926,-0.000358,12.418415,1.926110,0.001120,35.696587,5197.648,3,0.000000,4,5,107.413109,1,0,0
754,12.566667,-137.570435,0.000169,8.130194,-33.497337,-0.000340,12.430033,1.926129,0.001125,35.728199,5202.229,3,0.000000,4,5,107.507622,1,0,0
755,12.583333,-138.129211,0.000163,8.337555,-33.526718,-0.000313,12.441643,1.926148,0.001129,35.759781,5206.807,3,0.000000,4,5,107.602051,1,0,0
756,12.600000,-138.688477,0.000159,8.545109,-33.556068,-0.000280,12.453247,1.926166,0.001134,35.791336,5211.380,3,0.000000,4,5,107.696388,1,0,0
757,12.616667,-139.248230,0.000155,8.752856,-33.585388,-0.000245,12.464844,1.926185,0.001137,35.822857,5215.949,3,0.000000,4,5,107.790634,1,0,0
758,12.633333,-139.808472,0.000151,8.960797,-33.614677,-0.000208,12.476434,1.926205,0.001142,35.854347,5220.514,3,0.000000,4,5,107.884789,1,0,0
759,12.650000,-140.369202,0.000148,9.168931,-33.643932,-0.000171,12.488016,1.926224,0.001146,35.885811,5225.074,3,0.000000,4,5,107.978859,1,0,0
760,12.666667,-140.930420,0.000146,9.377257,-33.673157,-0.000136,12.499592,1.926243,0.001149,35.917229,5229.630,3,0.000000,4,5,108.072838,1,0,0
761,12.683333,-141.492126,0.000144,9.585777,-33.702354,-0.000100,12.511161,1.926262,0.001152,35.948624,5234.182,3,0.000000,4,5,108.166718,1,0,0
762,12.700000,-142.054321,0.000143,9.794489,-33.731522,-0.000069,12.522720,1.926281,0.001155,35.979988,5238.729,3,0.000000,4,5,108.260506,1,0,0
763,12.716666,-142.617004,0.000143,10.003393,-33.760658,-0.000040,12.534272,1.926301,0.001158,36.011322,5243.271,3,0.000000,4,5,108.354202,1,0,0
764,12.733334,-143.180161,0.000142,10.212490,-33.789761,-0.000014,12.545815,1.926320,0.001161,36.042622,5247.809,3,0.000000,4,5,108.447807,1,0,0
765,12.750000,-143.743805,0.000143,10.421780,-33.818836,0.000008,12.557351,1.926339,0.001163,36.073895,5252.342,3,0.000000,4,5,108.541313,1,0,0
766,12.766666,-144.307938,0.000143,10.631261,-33.847881,0.000025,12.568879,1.926359,0.001166,36.105133,5256.871,3,0.000000,4,5,108.634720,1,0,0
767,12.783334,-144.872559,0.000144,10.840934,-33.876896,0.000039,12.580400,1.926378,0.001167,36.136341,5261.395,3,0.000000,4,5,108.728035,1,0,0
768,12.800000,-145.437653,0.000144,11.050799,-33.905880,0.000050,12.591911,1.926398,0.001170,36.167530,5265.914,3,0.000000,4,5,108.821243,1,0,0
769,12.816667,-146.003235,0.000145,11.260857,-33.934834,0.000056,12.603415,1.926417,0.001172,36.198669,5270.428,3,0.000000,4,5,108.914368,1,0,0
770,12.833333,-146.569290,0.000146,11.471106,-33.963753,0.000060,12.614909,1.926437,0.001174,36.229782,5274.938,3,0.000000,4,5,109.007393,1,0,0
771,12.850000,-147.135834,0.000147,11.681545,-33.992645,0.000063,12.626396,1.926457,0.001176,36.260864,5279.444,3,0.000000,4,5,109.100311,1,0,0
772,12.866667,-147.702866,0.000148,11.892177,-34.021507,0.000061,12.637874,1.926476,0.001178,36.291916,5283.945,3,0.000000,4,5,109.193138,1,0,0
773,12.883333,-148.270370,0.000149,12.102999,-34.050339,0.000059,12.649342,1.926496,0.001180,36.322933,5288.440,3,0.000000,4,5,109.285858,1,0,0
774,12.900000,-148.838364,0.000150,12.314013,-34.079140,0.000056,12.660800,1.926516,0.001181,36.353920,5292.931,3,0.000000,4,5,109.378487,1,0,0
775,12.916667,-149.406830,0.000151,12.525217,-34.107910,0.000050,12.672250,1.926535,0.001183,36.384876,5297.417,3,0.000000,4,5,109.471016,1,0,0
776,12.933333,-149.975769,0.000152,12.736612,-34.136650,0.000044,12.683691,1.926555,0.001185,36.415802,5301.898,3,0.000000,4,5,109.563446,1,0,0
777,12.950000,-150.545197,0.000153,12.948197,-34.165359,0.000037,12.695124,1.926575,0.001186,36.446697,5306.375,3,0.000000,4,5,109.655777,1,0,0
778,12.966666,-151.115097,0.000153,13.159973,-34.194038,0.000032,12.706547,1.926595,0.001188,36.477558,5310.847,3,0.000000,4,5,109.748009,1,0,0
779,12.983334,-151.685471,0.000153,13.371939,-34.222687,0.000025,12.717959,1.926614,0.001188,36.508385,5315.313,3,0.000000,4,5,109.840149,1,0,0
780,13.000000,-152.256332,0.000154,13.584095,-34.251305,0.000019,12.729364,1.926634,0.001190,36.539181,5319.776,3,0.000000,4,5,109.932182,1,0,0
781,13.016666,-152.827667,0.000154,13.796441,-34.279892,0.000012,12.740760,1.926654,0.001191,36.569942,5324.233,3,0.000000,4,5,110.024124,1,0,0
782,13.033334,-153.399475,0.000154,14.008977,-34.308449,0.000008,12.752146,1.926674,0.001192,36.600677,5328.687,3,0.000000,4,5,110.115967,1,0,0
783,13.050000,-153.971756,0.000154,14.221703,-34.336975,0.000004,12.763523,1.926694,0.001194,36.631386,5333.135,3,0.000000,4,5,110.207710,1,0,0
784,13.066667,-154.544510,0.000154,14.434617,-34.365471,-0.000001,12.774890,1.926714,0.001194,36.662056,5337.578,3,0.000000,4,5,110.299362,1,0,0
785,13.083333,-155.117737,0.000154,14.647721,-34.393936,-0.000004,12.786248,1.926734,0.001196,36.692692,5342.016,3,0.000000,4,5,110.390907,1,0,0
786,13.100000,-155.691437,0.000154,14.861014,-34.422371,-0.000007,12.797596,1.926754,0.001197,36.723297,5346.450,3,0.000000,4,5,110.482361,1,0,0
787,13.116667,-156.265610,0.000154,15.074496,-34.450775,-0.000010,12.808935,1.926774,0.001198,36.753872,5350.880,3,0.000000,4,5,110.573715,1,0,0
788,13.133333,-156.840256,0.000154,15.288167,-34.479149,-0.000012,12.820266,1.926794,0.001199,36.784416,5355.304,3,0.000000,4,5,110.664970,1,0,0
789,13.150000,-157.415375,0.000153,15.502027,-34.507492,-0.000012,12.831588,1.926814,0.001200,36.814930,5359.724,3,0.000000,4,5,110.756126,1,0,0
790,13.166667,-157.990967,0.000153,15.716076,-34.535805,-0.000012,12.842900,1.926834,0.001201,36.845406,5364.139,3,0.000000,4,5,110.847191,1,0,0
791,13.183333,-158.567032,0.000153,15.930313,-34.564083,-0.000012,12.854203,1.926854,0.001201,36.875851,5368.549,3,0.000000,4,5,110.938156,1,0,0
792,13.200000,-159.143570,0.000153,16.144737,-34.592335,-0.000012,12.865498,1.926874,0.001202,36.906265,5372.955,3,0.000000,4,5,111.029015,1,0,0
793,13.216666,-159.720581,0.000153,16.359350,-34.620556,-0.000012,12.876781,1.926894,0.001204,36.936646,5377.355,3,0.000000,4,5,111.119781,1,0,0
794,13.233334,-160.298065,0.000152,16.574152,-34.648746,-0.000011,12.888054,1.926914,0.001204,36.966999,5381.751,3,0.000000,4,5,111.210457,1,0,0
795,13.250000,-160.876007,0.000152,16.789141,-34.676903,-0.000011,12.899318,1.926934,0.001205,36.997318,5386.143,3,0.000000,4,5,111.301025,1,0,0
796,13.266666,-161.454422,0.000152,17.004316,-34.705032,-0.000010,12.910570,1.926954,0.001206,37.027599,5390.529,3,0.000000,4,5,111.391502,1,0,0
797,13.283334,-162.033310,0.000152,17.219681,-34.733131,-0.000009,12.921816,1.926974,0.001207,37.057858,5394.911,3,0.000000,4,5,111.481873,1,0,0
798,13.300000,-162.612671,0.000152,17.435232,-34.761200,-0.000007,12.933051,1.926994,0.001207,37.088078,5399.288,3,0.000000,4,5,111.572144,1,0,0
799,13.316667,-163.192490,0.000152,17.650970,-34.789234,-0.000006,12.944276,1.927015,0.001208,37.118271,5403.660,3,0.000000,4,5,111.662331,1,0,0
800,13.333333,-163.772781,0.000152,17.866896,-34.817238,-0.000006,12.955492,1.927035,0.001208,37.148426,5408.028,3,0.000000,4,5,111.752419,1,0,0
801,13.350000,-164.353531,0.000152,18.083008,-34.845215,-0.000005,12.966699,1.927055,0.001209,37.178551,5412.391,3,0.000000,4,5,111.842400,1,0,0
802,13.366667,-164.934753,0.000151,18.299307,-34.873158,-0.000004,12.977895,1.927075,0.001209,37.208641,5416.750,3,0.000000,4,5,111.932289,1,0,0
803,13.383333,-165.516434,0.000151,18.515791,-34.901070,-0.000003,12.989081,1.927095,0.001210,37.238701,5421.103,3,0.000000,4,5,112.022072,1,0,0
804,13.400000,-166.098587,0.000151,18.732462,-34.928951,-0.000003,13.000258,1.927115,0.001211,37.268734,5425.451,3,0.000000,4,5,112.111755,1,0,0
805,13.416667,-166.681198,0.000151,18.949320,-34.956802,-0.000003,13.011426,1.927136,0.001212,37.298733,5429.794,3,0.000000,4,5,112.201347,1,0,0
806,13.433333,-167.264282,0.000151,19.166363,-34.984623,-0.000003,13.022583,1.927156,0.001213,37.328697,5434.133,3,0.000000,4,5,112.290840,1,0,0
807,13.450000,-167.847824,0.000151,19.383591,-35.012417,-0.000003,13.033731,1.927176,0.001213,37.358631,5438.468,3,0.000000,4,5,112.380226,1,0,0
808,13.466666,-168.431824,0.000151,19.601006,-35.040176,-0.000003,13.044869,1.927196,0.001213,37.388531,5442.797,3,0.000000,4,5,112.469528,1,0,0
809,13.483334,-169.016296,0.000151,19.818605,-35.067905,-0.000002,13.055997,1.927216,0.001214,37.418400,5447.123,3,0.000000,4,5,112.558723,1,0,0
810,13.500000,-169.601227,0.000151,20.036390,-35.095604,-0.000003,13.067115,1.927237,0.001215,37.448238,5451.442,3,0.000000,4,5,112.647827,1,0,0
811,13.516666,-170.186615,0.000151,20.254360,-35.123272,-0.000001,13.078224,1.927257,0.001216,37.478039,5455.758,3,0.000000,4,5,112.736824,1,0,0
812,13.533334,-170.772461,0.000151,20.472515,-35.150909,-0.000001,13.089324,1.927277,0.001216,37.507812,5460.067,3,0.000000,4,5,112.825722,1,0,0
813,13.550000,-171.358765,0.000151,20.690855,-35.178513,-0.000001,13.100414,1.927298,0.001216,37.537544,5464.374,3,0.000000,4,5,112.914528,1,0,0
814,13.566667,-171.945526,0.000151,20.909380,-35.206085,-0.000003,13.111494,1.927318,0.001217,37.567245,5468.674,3,0.000000,4,5,113.003235,1,0,0
815,13.583333,-172.532761,0.000151,21.128090,-35.233631,-0.000001,13.122563,1.927338,0.001218,37.596924,5472.971,3,0.000000,4,5,113.091835,1,0,0
816,13.600000,-173.120453,0.000151,21.346983,-35.261143,-0.000002,13.133624,1.927359,0.001218,37.626564,5477.262,3,0.000000,4,5,113.180344,1,0,0
817,13.616667,-173.708603,0.000151,21.566061,-35.288624,-0.000002,13.144673,1.927379,0.001219,37.656174,5481.548,3,0.000000,4,5,113.268753,1,0,0
818,13.633333,-174.297211,0.000151,21.785322,-35.316078,-0.000002,13.155713,1.927399,0.001220,37.685753,5485.830,3,0.000000,4,5,113.357056,1,0,0
819,13.650000,-174.886276,0.000151,22.004768,-35.343498,-0.000002,13.166742,1.927420,0.001220,37.715305,5490.107,3,0.000000,4,5,113.445274,1,0,0
820,13.666667,-175.475784,0.000151,22.224398,-35.370888,-0.000003,13.177763,1.927440,0.001221,37.744808,5494.380,3,0.000000,4,5,113.533386,1,0,0
821,13.683333,-176.065750,0.000151,22.444210,-35.398247,-0.000002,13.188773,1.927460,0.001222,37.774288,5498.646,3,0.000000,4,5,113.621399,1,0,0
822,13.700000,-176.656174,0.000151,22.664206,-35.425575,-0.000003,13.199773,1.927480,0.001222,37.803738,5502.910,3,0.000000,4,5,113.709312,1,0,0
823,13.716666,-177.247055,0.000151,22.884384,-35.452873,-0.000002,13.210763,1.927501,0.001222,37.833160,5507.167,3,0.000000,4,5,113.797127,1,0,0
824,13.733334,-177.838394,0.000151,23.104746,-35.480141,-0.000004,13.221743,1.927521,0.001224,37.862541,5511.420,3,0.000000,4,5,113.884842,1,0,0
825,13.750000,-178.430191,0.000151,23.325291,-35.507374,-0.000003,13.232715,1.927542,0.001223,37.891891,5515.668,3,0.000000,4,5,113.972466,1,0,0
826,13.766666,-179.022430,0.000151,23.546019,-35.534576,-0.000003,13.243677,1.927562,0.001224,37.921211,5519.912,3,0.000000,4,5,114.059982,1,0,0
827,13.783334,-179.615128,0.000150,23.766930,-35.561749,-0.000002,13.254631,1.927583,0.001224,37.950493,5524.151,3,0.000000,4,5,114.147400,1,0,0
828,13.800000,-180.208282,0.000150,23.988022,-35.588890,-0.000003,13.265575,1.927603,0.001224,37.979748,5528.385,3,0.000000,4,5,114.234718,1,0,0
829,13.816667,-180.801880,0.000150,24.209297,-35.616001,-0.000002,13.276509,1.927624,0.001225,38.008972,5532.614,3,0.000000,4,5,114.321938,1,0,0
830,13.833333,-181.395935,0.000150,24.430754,-35.643082,-0.000003,13.287433,1.927644,0.001224,38.038158,5536.838,3,0.000000,4,5,114.409058,1,0,0
831,13.850000,-181.990433,0.000150,24.652393,-35.670128,-0.000003,13.298346,1.927665,0.001225,38.067314,5541.058,3,0.000000,4,5,114.496086,1,0,0
832,13.866667,-182.585388,0.000150,24.874214,-35.697147,-0.000004,13.309249,1.927685,0.001225,38.096439,5545.272,3,0.000000,4,5,114.583008,1,0,0
833,13.883333,-183.180786,0.000150,25.096216,-35.724133,-0.000003,13.320142,1.927706,0.001226,38.125530,5549.482,3,0.000000,4,5,114.669830,1,0,0
834,13.900000,-183.776642,0.000150,25.318399,-35.751087,-0.000004,13.331024,1.927726,0.001226,38.154587,5553.687,3,0.000000,4,5,114.756561,1,0,0
835,13.916667,-184.372940,0.000150,25.540764,-35.778015,-0.000004,13.341896,1.927747,0.001226,38.183609,5557.888,3,0.000000,4,5,114.843185,1,0,0
836,13.933333,-184.969696,0.000150,25.763309,-35.804909,-0.000002,13.352758,1.927767,0.001226,38.212601,5562.083,3,0.000000,4,5,114.929710,1,0,0
837,13.950000,-185.566895,0.000150,25.986036,-35.831772,-0.000002,13.363610,1.927787,0.001227,38.241566,5566.273,3,0.000000,4,5,115.016144,1,0,0
838,13.966666,-186.164536,0.000150,26.208944,-35.858604,-0.000003,13.374452,1.927808,0.001227,38.270493,5570.460,3,0.000000,4,5,115.102470,1,0,0
839,13.983334,-186.762619,0.000150,26.432032,-35.885406,-0.000003,13.385283,1.927828,0.001228,38.299393,5574.641,3,0.000000,4,5,115.188705,1,0,0
840,14.000000,-187.361160,0.000150,26.655300,-35.912178,-0.000003,13.396104,1.927849,0.001227,38.328255,5578.817,3,0.000000,4,5,115.274834,1,0,0
841,14.016666,-187.960144,0.000150,26.878748,-35.938919,-0.000003,13.406915,1.927869,0.001228,38.357086,5582.989,3,0.000000,4,5,115.360863,1,0,0
842,14.033334,-188.559570,0.000150,27.102377,-35.965630,-0.000003,13.417716,1.927890,0.001228,38.385887,5587.155,3,0.000000,4,5,115.446800,1,0,0
843,14.050000,-189.159439,0.000150,27.326185,-35.992310,-0.000002,13.428507,1.927910,0.001228,38.414658,5591.317,3,0.000000,4,5,115.532631,1,0,0
844,14.066667,-189.759750,0.000150,27.550173,-36.018955,-0.000003,13.439287,1.927931,0.001229,38.443390,5595.474,3,0.000000,4,5,115.618370,1,0,0
845,14.083333,-190.360504,0.000150,27.774340,-36.045570,-0.000004,13.450056,1.927951,0.001229,38.472092,5599.626,3,0.000000,4,5,115.704010,1,0,0
846,14.100000,-190.961700,0.000150,27.998686,-36.072155,-0.000003,13.460815,1.927972,0.001229,38.500755,5603.774,3,0.000000,4,5,115.789543,1,0,0
847,14.116667,-191.563339,0.000149,28.223211,-36.098709,-0.000003,13.471564,1.927992,0.001230,38.529392,5607.917,3,0.000000,4,5,115.874977,1,0,0
848,14.133333,-192.165421,0.000149,28.447916,-36.125233,-0.000003,13.482304,1.928012,0.001230,38.557995,5612.054,3,0.000000,4,5,115.960312,1,0,0
849,14.150000,-192.767944,0.000149,28.672800,-36.151726,-0.000004,13.493032,1.928033,0.001230,38.586567,5616.188,3,0.000000,4,5,116.045555,1,0,0
850,14.166667,-193.370911,0.000149,28.897863,-36.178185,-0.000004,13.503749,1.928053,0.001230,38.615105,5620.316,3,0.000000,4,5,116.130699,1,0,0
851,14.183333,-193.974319,0.000149,29.123104,-36.204617,-0.000004,13.514458,1.928074,0.001230,38.643604,5624.440,3,0.000000,4,5,116.215736,1,0,0
852,14.200000,-194.578171,0.000149,29.348524,-36.231014,-0.000003,13.525155,1.928094,0.001231,38.672077,5628.559,3,0.000000,4,5,116.300674,1,0,0
853,14.216666,-195.182465,0.000149,29.574121,-36.257381,-0.000003,13.535842,1.928115,0.001232,38.700520,5632.672,3,0.000000,4,5,116.385521,1,0,0
854,14.233334,-195.787201,0.000149,29.799896,-36.283722,-0.000003,13.546519,1.928135,0.001231,38.728928,5636.782,3,0.000000,4,5,116.470261,1,0,0
855,14.250000,-196.392365,0.000149,30.025850,-36.310028,-0.000003,13.557186,1.928156,0.001233,38.757298,5640.886,3,0.000000,4,5,116.554901,1,0,0
856,14.266666,-196.997971,0.000149,30.251982,-36.336304,-0.000002,13.567843,1.928177,0.001232,38.785641,5644.985,3,0.000000,4,5,116.639442,1,0,0
857,14.283334,-197.604019,0.000149,30.478291,-36.362549,-0.000002,13.578491,1.928197,0.001233,38.813957,5649.080,3,0.000000,4,5,116.723885,1,0,0
858,14.300000,-198.210495,0.000149,30.704777,-36.388760,-0.000004,13.589130,1.928218,0.001232,38.842228,5653.169,3,0.000000,4,5,116.808235,1,0,0
859,14.316667,-198.817413,0.000149,30.931438,-36.414944,-0.000003,13.599759,1.928238,0.001233,38.870476,5657.254,3,0.000000,4,5,116.892471,1,0,0
860,14.333333,-199.424759,0.000149,31.158278,-36.441093,-0.000003,13.610377,1.928259,0.001233,38.898682,5661.334,3,0.000000,4,5,116.976616,1,0,0
861,14.350000,-200.032547,0.000149,31.385294,-36.467213,-0.000002,13.620985,1.928280,0.001233,38.926861,5665.409,3,0.000000,4,5,117.060669,1,0,0
862,14.366667,-200.640762,0.000149,31.612490,-36.493301,-0.000002,13.631584,1.928300,0.001233,38.955017,5669.480,3,0.000000,4,5,117.144615,1,0,0
863,14.383333,-201.249420,0.000149,31.839859,-36.519360,-0.000003,13.642172,1.928321,0.001233,38.983131,5673.546,3,0.000000,4,5,117.228462,1,0,0
864,14.400000,-201.858505,0.000149,32.067402,-36.545387,-0.000003,13.652749,1.928341,0.001233,39.011211,5677.607,3,0.000000,4,5,117.312210,1,0,0
865,14.416667,-202.468033,0.000149,32.295124,-36.571381,-0.000002,13.663316,1.928362,0.001234,39.039253,5681.663,3,0.000000,4,5,117.395859,1,0,0
866,14.433333,-203.077988,0.000149,32.523022,-36.597347,-0.000002,13.673874,1.928382,0.001234,39.067272,5685.714,3,0.000000,4,5,117.479401,1,0,0
867,14.450000,-203.688370,0.000149,32.751095,-36.623280,-0.000002,13.684420,1.928403,0.001234,39.095261,5689.760,3,0.000000,4,5,117.562859,1,0,0
868,14.466666,-204.299194,0.000148,32.979343,-36.649181,-0.000003,13.694956,1.928424,0.001234,39.123211,5693.802,3,0.000000,4,5,117.646210,1,0,0
869,14.483334,-204.910446,0.000148,33.207767,-36.675053,-0.000004,13.705482,1.928444,0.001234,39.151127,5697.839,3,0.000000,4,5,117.729462,1,0,0
870,14.500000,-205.522125,0.000148,33.436367,-36.700893,-0.000003,13.715998,1.928465,0.001234,39.179008,5701.871,3,0.000000,4,5,117.812607,1,0,0
871,14.516666,-206.134232,0.000148,33.665142,-36.726704,-0.000004,13.726502,1.928485,0.001234,39.206863,5705.898,3,0.000000,4,5,117.895660,1,0,0
872,14.533334,-206.746780,0.000148,33.894093,-36.752483,-0.000002,13.736997,1.928506,0.001235,39.234684,5709.920,3,0.000000,4,5,117.978607,1,0,0
873,14.550000,-207.359756,0.000148,34.123219,-36.778229,-0.000003,13.747479,1.928526,0.001235,39.262474,5713.938,3,0.000000,4,5,118.061462,1,0,0
874,14.566667,-207.973160,0.000148,34.352516,-36.803947,-0.000004,13.757954,1.928547,0.001236,39.290230,5717.951,3,0.000000,4,5,118.144218,1,0,0
875,14.583333,-208.586990,0.000148,34.581989,-36.829632,-0.000003,13.768418,1.928568,0.001236,39.317947,5721.959,3,0.000000,4,5,118.226875,1,0,0
876,14.600000,-209.201248,0.000148,34.811638,-36.855286,-0.000003,13.778872,1.928588,0.001236,39.345634,5725.962,3,0.000000,4,5,118.309433,1,0,0
877,14.616667,-209.815948,0.000148,35.041458,-36.880909,-0.000003,13.789314,1.928609,0.001236,39.373291,5729.960,3,0.000000,4,5,118.391884,1,0,0
878,14.633333,-210.431061,0.000148,35.271454,-36.906502,-0.000003,13.799747,1.928629,0.001236,39.400921,5733.954,3,0.000000,4,5,118.474243,1,0,0
879,14.650000,-211.046600,0.000148,35.501625,-36.932064,-0.000003,13.810172,1.928650,0.001236,39.428513,5737.942,3,0.000000,4,5,118.556496,1,0,0
880,14.666667,-211.662567,0.000148,35.731968,-36.957592,-0.000004,13.820584,1.928671,0.001237,39.456070,5741.926,3,0.000000,4,5,118.638657,1,0,0
881,14.683333,-212.278946,0.000148,35.962486,-36.983089,-0.000005,13.830986,1.928691,0.001237,39.483597,5745.905,3,0.000000,4,5,118.720711,1,0,0
882,14.700000,-212.895752,0.000148,36.193176,-37.008556,-0.000004,13.841378,1.928712,0.001237,39.511093,5749.879,3,0.000000,4,5,118.802666,1,0,0
883,14.716666,-213.512985,0.000148,36.424038,-37.033993,-0.000006,13.851761,1.928733,0.001236,39.538551,5753.848,3,0.000000,4,5,118.884521,1,0,0
884,14.733334,-214.130646,0.000148,36.655075,-37.059399,-0.000004,13.862134,1.928753,0.001237,39.565979,5757.813,3,0.000000,4,5,118.966278,1,0,0
885,14.750000,-214.748718,0.000147,36.886284,-37.084774,-0.000004,13.872495,1.928774,0.001237,39.593376,5761.773,3,0.000000,4,5,119.047935,1,0,0
886,14.766666,-215.367218,0.000147,37.117664,-37.110115,-0.000004,13.882846,1.928795,0.001237,39.620731,5765.728,3,0.000000,4,5,119.129494,1,0,0
887,14.783334,-215.986145,0.000147,37.349216,-37.135426,-0.000004,13.893187,1.928815,0.001237,39.648064,5769.677,3,0.000000,4,5,119.210953,1,0,0
888,14.800000,-216.605484,0.000147,37.580940,-37.160706,-0.000003,13.903518,1.928836,0.001238,39.675358,5773.623,3,0.000000,4,5,119.292313,1,0,0
889,14.816667,-217.225250,0.000147,37.812836,-37.185955,-0.000004,13.913838,1.928856,0.001238,39.702621,5777.563,3,0.000000,4,5,119.373573,1,0,0
890,14.833333,-217.845444,0.000147,38.044907,-37.211174,-0.000004,13.924149,1.928877,0.001239,39.729855,5781.499,3,0.000000,4,5,119.454735,1,0,0
891,14.850000,-218.466049,0.000147,38.277149,-37.236362,-0.000005,13.934447,1.928898,0.001239,39.757057,5785.430,3,0.000000,4,5,119.535797,1,0,0
892,14.866667,-219.087082,0.000147,38.509560,-37.261520,-0.000005,13.944737,1.928918,0.001239,39.784222,5789.355,3,0.000000,4,5,119.616753,1,0,0
893,14.883333,-219.708527,0.000147,38.742142,-37.286644,-0.000005,13.955016,1.928939,0.001239,39.811356,5793.276,3,0.000000,4,5,119.697624,1,0,0
894,14.900000,-220.330383,0.000147,38.974895,-37.311741,-0.000003,13.965285,1.928960,0.001239,39.838459,5797.193,3,0.000000,4,5,119.778389,1,0,0
895,14.916667,-220.952667,0.000147,39.207821,-37.336803,-0.000003,13.975543,1.928980,0.001238,39.865528,5801.105,3,0.000000,4,5,119.859055,1,0,0
896,14.933333,-221.575363,0.000147,39.440918,-37.361835,-0.000004,13.985790,1.929001,0.001239,39.892559,5805.012,3,0.000000,4,5,119.939621,1,0,0
897,14.950000,-222.198471,0.000147,39.674187,-37.386837,-0.000003,13.996028,1.929022,0.001239,39.919563,5808.914,3,0.000000,4,5,120.020081,1,0,0
898,14.966666,-222.822006,0.000147,39.907623,-37.411808,-0.000003,14.006254,1.929042,0.001239,39.946526,5812.811,3,0.000000,4,5,120.100441,1,0,0
899,14.983334,-223.445953,0.000147,40.141232,-37.436749,-0.000002,14.016471,1.929063,0.001239,39.973473,5816.702,3,0.000000,4,5,120.180695,1,0,0
900,15.000000,-224.070312,0.000147,40.375008,-37.461655,-0.000003,14.026676,1.929083,0.001240,40.000374,5820.589,3,0.000000,4,5,120.260849,1,0,0
