frame,time,x,y,z,vx,vy,vz,yaw,yaw_rate,speed,rpm,gear,steer,grounded,original_gear,shaft_spin,throttle,brake,handbrake,up_x,up_y,up_z,right_x,right_y,right_z,omega_x,omega_z,last_push_x,last_push_y,last_push_z,wheel0_grounded,wheel0_x,wheel0_load,wheel0_f_lat,wheel0_f_long,wheel0_bristle_lat,wheel0_bristle_long,wheel0_omega,wheel1_grounded,wheel1_x,wheel1_load,wheel1_f_lat,wheel1_f_long,wheel1_bristle_lat,wheel1_bristle_long,wheel1_omega,wheel2_grounded,wheel2_x,wheel2_load,wheel2_f_lat,wheel2_f_long,wheel2_bristle_lat,wheel2_bristle_long,wheel2_omega,wheel3_grounded,wheel3_x,wheel3_load,wheel3_f_lat,wheel3_f_long,wheel3_bristle_lat,wheel3_bristle_long,wheel3_omega,force_x,force_y,force_z,torque_x,torque_y,torque_z,impulse_x,impulse_y,impulse_z,angular_impulse_x,angular_impulse_y,angular_impulse_z,applied_push_x,applied_push_y,applied_push_z
0,0.000000,0.000000,-0.000000,0.000000,-0.000000,-0.000000,0.000000,-0.000029,0.000000,-0.000000,862.546,0,0.000000,4,2,0.000000,1,0,0,-0.000180,1.000000,0.000331,1.000000,0.000180,0.000029,0.000000,0.000000,0.000000,0.000000,0.000000,1,-0.000632,6970.049805,0.000041,-0.000010,-0.000000,-0.000000,0.000000,1,-0.000945,6956.900879,0.000046,-0.000018,-0.000000,0.000000,0.000000,1,0.001322,5781.716309,-0.000036,0.000006,0.000000,-0.000000,0.000000,1,0.001021,5771.344727,0.000009,-0.000034,0.000000,0.000000,0.000000,0.000061,25480.019531,0.000056,-0.010724,-0.000001,-0.010738,0.000000,0.000000,0.000000,0.000000,0.000000,0.000000,0.000000,0.000000,0.000000
1,0.016667,0.000000,-0.000000,0.000000,-0.000000,-0.000000,0.000000,-0.000029,0.000000,-0.000000,976.613,0,0.000000,4,2,0.000000,1,0,0,-0.000180,1.000000,0.000331,1.000000,0.000180,0.000029,0.000000,-0.000000,0.000000,0.000000,0.000000,1,-0.000632,6970.047363,0.000138,0.000017,-0.000000,-0.000000,0.000000,1,-0.000945,6956.900879,0.000143,0.000008,-0.000000,0.000000,0.000000,1,0.001322,5781.713379,0.000043,0.000028,0.000000,-0.000000,0.000000,1,0.001021,5771.346680,0.000089,-0.000013,-0.000000,0.000000,0.000000,0.000413,25480.011719,-0.000040,-0.011701,-0.000009,0.007013,0.000000,0.000000,0.000000,0.000000,0.000000,0.000000,0.000000,0.000000,0.000000
2,0.033333,0.000000,-0.000000,0.000000,-0.000000,0.000000,0.000000,-0.000029,-0.000000,-0.000000,1092.005,0,0.000000,4,2,0.000000,1,0,0,-0.000180,1.000000,0.000331,1.000000,0.000180,0.000029,-0.000000,-0.000000,0.000000,0.000000,0.000000,1,-0.000632,6970.047363,0.000101,0.000052,-0.000000,-0.000000,0.000000,1,-0.000945,6956.900879,0.000106,0.000044,-0.000000,-0.000000,0.000000,1,0.001322,5781.713379,0.000014,0.000057,0.000000,-0.000000,0.000000,1,0.001021,5771.343750,0.000059,0.000017,-0.000000,0.000000,0.000000,0.000279,25480.005859,-0.000170,-0.003888,-0.000004,-0.000854,0.000000,0.000000,0.000000,0.000000,0.000000,0.000000,0.000000,0.000000,0.000000
3,0.050000,0.000000,-0.000000,0.000000,0.000000,0.000000,0.000000,-0.000029,-0.000000,-0.000000,1208.666,0,0.000000,4,2,0.000000,1,0,0,-0.000180,1.000000,0.000331,1.000000,0.000180,0.000029,-0.000000,-0.000000,0.000000,0.000000,0.000000,1,-0.000632,6970.047363,0.000105,0.000069,-0.000000,-0.000000,0.000000,1,-0.000945,6956.900879,0.000110,0.000061,-0.000000,-0.000000,0.000000,1,0.001322,5781.708496,0.000017,0.000070,-0.000000,-0.000000,0.000000,1,0.001021,5771.338867,0.000062,0.000030,-0.000000,-0.000000,0.000000,0.000293,25479.992188,-0.000230,0.019549,-0.000002,-0.001342,0.000000,0.000000,0.000000,0.000000,0.000000,0.000000,0.000000,0.000000,0.000000
4,0.066667,0.000000,-0.000000,0.000000,0.000000,0.000000,-0.000000,-0.000029,-0.000000,0.000000,1326.537,0,0.000000,4,2,0.000000,1,0,0,-0.000180,1.000000,0.000331,1.000000,0.000180,0.000029,0.000000,-0.000000,0.000000,0.000000,0.000000,1,-0.000632,6970.047363,0.000107,0.000016,-0.000000,-0.000000,0.000000,1,-0.000945,6956.900879,0.000112,0.000008,-0.000000,-0.000000,0.000000,1,0.001322,5781.711426,0.000019,0.000027,-0.000000,-0.000000,0.000000,1,0.001021,5771.346680,0.000064,-0.000013,-0.000000,0.000000,0.000000,0.000303,25480.007812,-0.000039,-0.008771,-0.000003,0.008538,0.000000,0.000000,0.000000,0.000000,0.000000,0.000000,0.000000,0.000000,0.000000
5,0.083333,0.000000,-0.000000,0.000000,0.000000,0.000000,-0.000000,-0.000029,-0.000000,0.000000,1445.556,0,0.000000,4,2,0.000000,1,0,0,-0.000180,1.000000,0.000331,1.000000,0.000180,0.000029,-0.000000,0.000000,0.000000,0.000000,0.000000,1,-0.000632,6970.047363,0.000027,0.000029,-0.000000,-0.000000,0.000000,1,-0.000945,6956.900879,0.000032,0.000021,-0.000000,-0.000000,0.000000,1,0.001322,5781.711426,-0.000046,0.000037,0.000000,-0.000000,0.000000,1,0.001021,5771.343750,-0.000000,-0.000002,-0.000000,0.000000,0.000000,0.000013,25480.003906,-0.000086,-0.000959,0.000004,0.000671,0.000000,0.000000,0.000000,0.000000,0.000000,0.000000,0.000000,0.000000,0.000000
6,0.100000,0.000000,0.000000,0.000000,0.000000,0.000000,-0.000000,-0.000029,-0.000000,0.000000,1565.658,0,0.000000,4,2,0.000000,1,0,0,-0.000180,1.000000,0.000331,1.000000,0.000180,0.000029,-0.000000,0.000000,0.000000,0.000000,0.000000,1,-0.000632,6970.042480,-0.000004,0.000025,-0.000000,-0.000000,0.000000,1,-0.000945,6956.900879,0.000001,0.000018,-0.000000,-0.000000,0.000000,1,0.001322,5781.711426,-0.000071,0.000034,0.000000,-0.000000,0.000000,1,0.001021,5771.333984,-0.000026,-0.000005,-0.000000,0.000000,0.000000,-0.000099,25479.982422,-0.000072,0.010760,0.000007,-0.008228,0.000000,0.000000,0.000000,0.000000,0.000000,0.000000,0.000000,0.000000,0.000000
7,0.116667,0.000000,0.000000,0.000000,0.000000,0.000000,-0.000000,-0.000029,-0.000000,0.000000,1565.658,0,0.000000,4,2,8.131288,1,0,0,-0.000180,1.000000,0.000331,1.000000,0.000180,0.000029,0.000000,-0.000000,0.000000,0.000000,0.000000,1,-0.000632,6970.044922,0.000041,-0.000011,-0.000000,-0.000000,0.000000,1,-0.000945,6956.900879,0.000046,-0.000019,-0.000000,-0.000000,0.000000,1,0.001322,5781.711426,-0.000034,12226.167969,0.000000,-0.049447,8.131288,1,0.001021,5771.350098,0.000011,12226.167969,-0.000000,-0.049447,8.131288,0.720052,25480.009766,-24452.335938,2733.718750,-1.791793,0.099959,0.000000,0.000000,0.000000,0.000000,0.000000,0.000000,0.000000,0.000000,0.000000
8,0.133333,0.000000,-0.000002,-0.005127,0.000009,-0.000144,-0.313491,-0.000030,-0.000009,0.313491,1355.627,0,0.000000,4,2,8.312123,1,0,0,-0.000180,1.000000,0.000557,1.000000,0.000180,0.000030,0.013566,-0.000001,0.000000,0.000000,0.000000,1,-0.000940,6944.431152,-0.058899,-1583.414429,0.000000,0.005250,0.000000,1,-0.001254,6931.297363,-0.058891,-1583.338867,0.000000,0.005250,0.000000,1,0.001699,5813.826172,0.059680,15738.065430,-0.000000,-0.094743,8.312123,1,0.001398,5803.441895,0.059723,15738.123047,-0.000000,-0.094743,8.312123,0.840403,25493.050781,-28309.406250,2876.254883,-6.724267,-0.048199,0.000000,0.000000,0.000000,0.000000,0.000000,0.000000,0.000000,0.000000,0.000000
9,0.150000,0.000000,-0.000005,-0.016479,0.000020,-0.000141,-0.676433,-0.000030,-0.000042,0.676432,1385.776,0,0.000000,4,2,8.381642,1,0,0,-0.000180,0.999999,0.001021,1.000000,0.000180,0.000030,0.027840,-0.000003,0.000000,0.000000,0.000000,1,-0.001576,6904.359375,-0.303991,-3638.367188,0.000001,0.015365,0.209205,1,-0.001889,6891.257324,-0.303996,-3637.994629,0.000001,0.015364,0.209194,1,0.002470,5860.459961,0.294839,17581.378906,-0.000001,-0.134386,8.381642,1,0.002169,5850.065918,0.294365,17550.197266,-0.000001,-0.134387,8.381642,0.828170,25505.865234,-27855.078125,2368.072266,-37.658577,-0.188287,0.000000,0.000000,0.000000,0.000000,0.000000,0.000000,0.000000,0.000000,0.000000
10,0.166667,0.000000,-0.000004,-0.033691,0.000031,0.000043,-1.033549,-0.000034,-0.000227,1.033548,1397.366,0,0.000000,4,2,8.393042,1,0,0,-0.000180,0.999999,0.001681,1.000000,0.000180,0.000034,0.039592,-0.000007,0.000000,0.000000,0.000000,1,-0.002484,6855.197266,-1.665204,-5686.458984,0.000006,0.028517,0.717067,1,-0.002797,6842.125488,-1.665131,-5684.433594,0.000006,0.028510,0.717002,1,0.003563,5914.603027,1.460723,17743.808594,-0.000008,-0.168120,8.392786,1,0.003263,5904.208496,1.458077,17712.625000,-0.000008,-0.168131,8.393297,0.414700,25515.119141,-24085.220703,1462.036621,-34.684578,-0.397543,0.000000,0.000000,0.000000,0.000000,0.000000,0.000000,0.000000,0.000000,0.000000
11,0.183333,0.000000,0.000002,-0.056152,0.000036,0.000385,-1.342334,-0.000041,-0.000397,1.342331,1399.266,0,0.000000,4,2,8.399313,1,0,0,-0.000180,0.999997,0.002462,1.000000,0.000180,0.000041,0.046849,-0.000014,0.000000,0.000000,0.000000,1,-0.003565,6803.045898,-3.339996,-7309.239258,0.000015,0.042168,1.522588,1,-0.003877,6790.032227,-3.340110,-7305.541992,0.000015,0.042151,1.522229,1,0.004850,5969.170410,3.308622,8356.837891,-0.000019,-0.163013,8.398802,1,0.004550,5958.771484,3.300970,8342.279297,-0.000019,-0.163023,8.399824,0.015074,25518.966797,-2083.794922,-1407.178711,-12.075311,-0.559811,0.000000,0.000000,0.000000,0.000000,0.000000,0.000000,0.000000,0.000000,0.000000
12,0.200000,0.000000,0.000018,-0.078857,0.000036,0.000927,-1.369049,-0.000048,-0.000457,1.369045,1400.312,0,0.000000,4,2,8.706467,1,0,0,-0.000180,0.999995,0.003126,1.000000,0.000179,0.000049,0.039868,-0.000020,0.000000,0.000000,0.000000,1,-0.004494,6770.488281,-4.671353,-7149.817383,0.000025,0.050223,2.563957,1,-0.004806,6757.532715,-4.671293,-7145.482422,0.000025,0.050198,2.563060,1,0.005936,5996.655273,4.025388,17989.964844,-0.000032,-0.193055,8.705813,1,0.005636,5986.270020,4.017478,17958.810547,-0.000032,-0.193086,8.707120,-0.242995,25507.656250,-21652.914062,688.656250,-20.118494,0.249996,0.000000,0.000000,0.000000,0.000000,0.000000,0.000000,0.000000,0.000000,0.000000
13,0.216667,0.000000,0.000038,-0.106323,0.000033,0.001220,-1.646651,-0.000058,-0.000556,1.646643,1451.520,0,0.000000,4,2,8.707079,1,0,0,-0.000179,0.999993,0.003848,1.000000,0.000179,0.000058,0.043287,-0.000017,0.000000,0.000000,0.000000,1,-0.005507,6724.946289,-6.306871,-7671.544434,0.000037,0.057018,3.582155,1,-0.005819,6712.023926,-6.306806,-7666.542969,0.000037,0.056986,3.580628,1,0.007111,6042.133301,5.472342,8458.984375,-0.000049,-0.187761,8.706171,1,0.006812,6031.742676,5.457317,8444.437500,-0.000049,-0.187791,8.707987,-1.592931,25506.712891,-1564.521484,-1874.750000,3.212519,-0.083260,0.000000,0.000000,0.000000,0.000000,0.000000,0.000000,0.000000,0.000000,0.000000
14,0.233333,0.000000,0.000066,-0.134033,0.000013,0.001641,-1.666709,-0.000067,-0.000540,1.666700,1451.622,0,0.000000,4,2,9.013152,1,0,0,-0.000179,0.999990,0.004414,1.000000,0.000179,0.000067,0.033986,-0.000016,0.000000,0.000000,0.000000,1,-0.006314,6699.872070,-7.319916,-6079.840820,0.000047,0.054311,4.676179,1,-0.006625,6686.989258,-7.319873,-6076.364746,0.000047,0.054280,4.673925,1,0.008022,6060.496094,5.230354,8484.692383,-0.000065,-0.182280,9.012089,1,0.007723,6050.106934,5.216007,8470.147461,-0.000065,-0.182309,9.014215,-3.870450,25492.474609,-4797.801758,-1527.347656,9.276783,-0.355685,0.000000,0.000000,0.000000,0.000000,0.000000,0.000000,0.000000,0.000000,0.000000
15,0.250000,0.000000,0.000097,-0.162842,-0.000037,0.001873,-1.728219,-0.000075,-0.000495,1.728208,1502.650,0,0.000000,4,2,9.320517,1,0,0,-0.000179,0.999988,0.004854,1.000000,0.000178,0.000076,0.026408,-0.000020,0.000000,0.000000,0.000000,1,-0.006951,6680.393555,-7.857219,-5113.106445,0.000056,0.051106,5.538873,1,-0.007261,6667.550293,-7.857208,-5110.124023,0.000056,0.051076,5.536114,1,0.008720,6074.007812,5.044756,8503.608398,-0.000082,-0.176613,9.319294,1,0.008422,6063.636230,5.030955,8489.089844,-0.000082,-0.176640,9.321739,-5.126713,25480.187500,-6768.573242,-1278.978516,12.059671,-1.209316,0.000000,0.000000,0.000000,0.000000,0.000000,0.000000,0.000000,0.000000,0.000000
16,0.266667,0.000000,0.000129,-0.193115,-0.000103,0.001945,-1.814996,-0.000082,-0.000435,1.814981,1553.893,0,0.000000,4,2,9.629331,1,0,0,-0.000178,0.999987,0.005189,1.000000,0.000178,0.000083,0.020061,-0.000036,0.000000,0.000000,0.000000,1,-0.007444,6665.851074,-7.960013,-3925.714355,0.000061,0.045153,6.261066,1,-0.007753,6653.081055,-7.960036,-3924.188965,0.000061,0.045129,6.257874,1,0.009241,6083.216797,4.917970,8516.501953,-0.000098,-0.170759,9.627945,1,0.008944,6072.900391,4.904568,8502.059570,-0.000098,-0.170784,9.630716,-5.336943,25469.617188,-9167.671875,-988.353516,14.665463,-1.051997,0.000000,0.000000,0.000000,0.000000,0.000000,0.000000,0.000000,0.000000,0.000000
17,0.283333,0.000000,0.000160,-0.225220,-0.000171,0.001874,-1.932530,-0.000088,-0.000363,1.932511,1605.377,0,0.000000,4,2,9.939727,1,0,0,-0.000177,0.999985,0.005441,1.000000,0.000177,0.000089,0.015157,-0.000051,0.000000,0.000000,0.000000,1,-0.007823,6654.766113,-7.637899,-2887.426270,0.000064,0.037967,6.810690,1,-0.008131,6642.082031,-7.637951,-2887.577148,0.000064,0.037953,6.807275,1,0.009627,6089.883789,10.428779,18269.648438,-0.000114,-0.198951,9.938174,1,0.009332,6079.635742,4.779456,8511.489258,-0.000114,-0.164739,9.941279,1.802976,25461.234375,-21005.015625,349.512756,-8102.408691,-0.053626,0.000000,0.000000,0.000000,0.000000,0.000000,0.000000,0.000000,0.000000,0.000000
18,0.300000,0.000000,0.000188,-0.261963,-0.000148,0.001631,-2.201825,-0.000759,-0.040254,2.201798,1657.126,0,0.000000,4,2,10.095485,1,0,0,-0.000187,0.999984,0.005723,1.000000,0.000183,0.000760,0.016889,0.000367,0.000000,0.000000,0.000000,1,-0.008233,6636.599609,-276.532623,-2915.488525,0.000957,0.033541,7.209414,1,-0.008551,6623.010742,-276.553101,-2567.895020,0.000957,0.032380,7.206021,1,0.010071,6108.371094,413.107422,8541.736328,-0.001255,-0.192862,10.012828,1,0.009766,6097.167969,249.190994,18289.806641,-0.001255,-0.190467,10.178824,125.437408,25460.578125,-21346.615234,254.633331,10610.041016,9.534298,0.000000,0.000000,0.000000,0.000000,0.000000,0.000000,0.000000,0.000000,0.000000
19,0.316667,0.000000,0.000211,-0.303223,0.001460,0.001385,-2.475500,-0.000559,0.011983,2.475463,1683.093,0,0.000000,4,2,10.251380,1,0,0,-0.000185,0.999982,0.006025,1.000000,0.000181,0.000560,0.018153,-0.000077,0.000000,0.000000,0.000000,1,-0.008673,6617.097168,-24.612453,-2865.197266,0.000683,0.030592,7.612216,1,-0.008989,6604.147949,-24.620182,-2934.041260,0.000684,0.030090,7.558306,1,0.010548,6126.747559,-134.324585,8576.394531,-0.000923,-0.186630,10.248425,1,0.010246,6116.277344,-136.004974,8561.708008,-0.000923,-0.184232,10.254335,-313.209595,25460.308594,-11337.203125,-996.506714,-491.981750,-38.352982,0.000000,0.000000,0.000000,0.000000,0.000000,0.000000,0.000000,0.000000,0.000000
20,0.333333,-0.000122,0.000231,-0.346924,-0.002555,0.001204,-2.620848,-0.000400,0.009563,2.620803,1709.084,0,0.000000,4,2,10.563672,1,0,0,-0.000174,0.999980,0.006245,1.000000,0.000172,0.000401,0.013207,-0.000586,0.000000,0.000000,0.000000,1,-0.009004,6607.855469,8.074127,-2582.852783,0.000403,0.027801,8.007710,1,-0.009303,6596.224609,8.070656,-2686.890381,0.000403,0.027830,7.963804,1,0.010885,6131.375977,-84.331741,8583.510742,-0.000721,-0.180208,10.560503,1,0.010599,6122.178711,-85.138626,8570.626953,-0.000721,-0.177806,10.566842,-148.557831,25454.265625,-11882.394531,-913.651062,-431.252045,-11.870918,0.000000,0.000000,0.000000,0.000000,0.000000,0.000000,0.000000,0.000000,0.000000
21,0.350000,-0.000122,0.000246,-0.393188,-0.004460,0.000946,-2.773187,-0.000276,0.007440,2.773134,1761.148,0,0.000000,4,2,10.877515,1,0,0,-0.000161,0.999979,0.006390,1.000000,0.000159,0.000277,0.008672,-0.000724,0.000000,0.000000,0.000000,1,-0.009230,6602.885742,33.021172,-2423.982910,0.000144,0.025519,8.362168,1,-0.009507,6592.283203,33.014832,-2542.551270,0.000144,0.025930,8.333384,1,0.011099,6132.591309,31.866783,18397.746094,-0.000604,-0.200202,10.874144,1,0.010832,6124.295410,32.212856,18372.859375,-0.000604,-0.197634,10.880887,138.930145,25449.437500,-31801.726562,1342.584351,-128.669342,22.683506,0.000000,0.000000,0.000000,0.000000,0.000000,0.000000,0.000000,0.000000,0.000000
22,0.366667,-0.000122,0.000255,-0.446167,-0.002679,0.000507,-3.180901,-0.000163,0.006805,3.180834,1813.471,0,0.000000,4,2,10.878487,1,0,0,-0.000154,0.999978,0.006646,1.000000,0.000153,0.000164,0.015332,-0.000399,0.000000,0.000000,0.000000,1,-0.009596,6582.019531,47.257229,-3645.883301,-0.000066,0.028136,8.693538,1,-0.009861,6571.525879,47.248241,-3771.610352,-0.000066,0.028811,8.681985,1,0.011508,6156.935547,-87.509895,8619.265625,-0.000470,-0.193589,10.874911,1,0.011253,6148.564941,-88.374557,8607.537109,-0.000470,-0.191016,10.882063,-79.771088,25457.363281,-9806.287109,-1325.232666,-561.993530,-3.885303,0.000000,0.000000,0.000000,0.000000,0.000000,0.000000,0.000000,0.000000,0.000000
23,0.383333,-0.000122,0.000260,-0.501343,-0.003702,0.000309,-3.306623,-0.000095,0.004038,3.306548,1813.633,0,0.000000,4,2,11.192915,1,0,0,-0.000146,0.999977,0.006792,1.000000,0.000146,0.000096,0.008755,-0.000416,0.000000,0.000000,0.000000,1,-0.009807,6579.556641,55.780273,-3690.511719,-0.000227,0.029929,9.202492,1,-0.010061,6569.581543,55.771492,-3789.720703,-0.000227,0.030683,9.209211,1,0.011739,6155.926270,-29.049419,8618.248047,-0.000426,-0.186785,11.189137,1,0.011495,6147.973633,-29.164745,8607.113281,-0.000426,-0.184208,11.196693,54.280426,25452.041016,-9741.843750,-1266.221680,-359.811523,15.904405,0.000000,0.000000,0.000000,0.000000,0.000000,0.000000,0.000000,0.000000,0.000000
24,0.400000,-0.000122,0.000261,-0.558594,-0.003006,0.000044,-3.431518,-0.000058,0.002266,3.431438,1866.054,0,0.000000,4,2,11.509044,1,0,0,-0.000143,0.999977,0.006833,1.000000,0.000143,0.000059,0.002471,-0.000166,0.000000,0.000000,0.000000,1,-0.009867,6583.293457,57.244545,-3002.825684,-0.000332,0.026824,9.717932,1,-0.010116,6573.220703,57.237900,-2814.523438,-0.000332,0.025142,9.739070,1,0.011804,6149.754395,33.545654,18449.234375,-0.000417,-0.199582,11.505066,1,0.011565,6141.620117,33.898979,18424.826172,-0.000417,-0.196991,11.513022,183.750610,25447.722656,-31053.167969,1202.575195,90.319283,28.782444,0.000000,0.000000,0.000000,0.000000,0.000000,0.000000,0.000000,0.000000,0.000000
25,0.416667,-0.000122,0.000254,-0.622437,-0.000650,-0.000408,-3.829636,-0.000012,0.002709,3.829540,1918.758,0,0.000000,4,2,11.511652,1,0,0,-0.000147,0.999976,0.006973,1.000000,0.000147,0.000013,0.008436,0.000234,0.000000,0.000000,0.000000,1,-0.010051,6570.685547,59.323502,-4552.866699,-0.000406,0.031964,10.133427,1,-0.010306,6559.862793,59.314789,-4399.119141,-0.000406,0.030396,10.127198,1,0.012047,6167.363770,-97.899765,9510.760742,-0.000354,-0.192585,11.507474,1,0.011802,6158.429199,-100.453926,9720.328125,-0.000354,-0.189988,11.515831,-79.575935,25457.164062,-10274.703125,-1266.213867,-198.361008,-4.436197,0.000000,0.000000,0.000000,0.000000,0.000000,0.000000,0.000000,0.000000,0.000000
26,0.433333,-0.000122,0.000244,-0.688477,-0.001670,-0.000612,-3.961363,0.000016,0.001732,3.961261,1919.193,0,0.000000,4,2,11.797238,1,0,0,-0.000150,0.999975,0.007009,1.000000,0.000150,-0.000015,0.002152,0.000185,0.000000,0.000000,0.000000,1,-0.010087,6575.174805,65.372627,-4672.307617,-0.000472,0.035592,10.774198,1,-0.010348,6564.188477,65.366653,-4561.862793,-0.000472,0.034240,10.745624,1,0.012119,6161.173828,26.317816,18483.501953,-0.000332,-0.198306,11.794714,1,0.011869,6152.126953,26.614298,18456.361328,-0.000332,-0.195692,11.799764,183.247574,25454.171875,-27700.988281,768.067871,-31.223980,25.029127,0.000000,0.000000,0.000000,0.000000,0.000000,0.000000,0.000000,0.000000,0.000000
27,0.450000,-0.000122,0.000228,-0.760376,0.000679,-0.000963,-4.316504,0.000043,0.001577,4.316388,1966.805,0,0.000000,4,2,11.800200,1,0,0,-0.000159,0.999975,0.007109,1.000000,0.000159,-0.000042,0.005962,0.000541,0.000000,0.000000,0.000000,1,-0.010200,6567.402344,59.102512,-5717.296387,-0.000493,0.041338,11.432327,1,-0.010476,6555.352051,59.094772,-5657.655762,-0.000493,0.040290,11.387702,1,0.012307,6173.709473,15.947218,18153.318359,-0.000273,-0.198116,11.797452,1,0.012042,6163.625977,15.943876,17910.816406,-0.000273,-0.195492,11.802947,149.059616,25462.396484,-24683.597656,340.617065,-280.486572,13.412771,0.000000,0.000000,0.000000,0.000000,0.000000,0.000000,0.000000,0.000000,0.000000
28,0.466667,-0.000122,0.000208,-0.837646,0.002590,-0.001192,-4.632960,0.000046,0.000195,4.632830,1967.299,0,0.000000,4,2,11.817220,1,0,0,-0.000171,0.999974,0.007236,1.000000,0.000172,-0.000045,0.007651,0.000749,0.000000,0.000000,0.000000,1,-0.010345,6560.131348,42.012909,-6543.970703,-0.000449,0.047692,12.242331,1,-0.010643,6546.939453,42.005569,-6521.419922,-0.000449,0.046959,12.189037,1,0.012549,6184.927734,11.891734,16848.833984,-0.000220,-0.192721,11.812482,1,0.012263,6173.808594,11.888115,16620.861328,-0.000220,-0.190149,11.821959,106.879395,25468.654297,-20397.869141,-212.519684,-269.154968,5.562419,0.000000,0.000000,0.000000,0.000000,0.000000,0.000000,0.000000,0.000000,0.000000
29,0.483333,0.000000,0.000186,-0.919189,0.003961,-0.001316,-4.894471,0.000027,-0.001131,4.894329,1970.136,0,0.000000,4,2,11.875933,1,0,0,-0.000185,0.999973,0.007346,1.000000,0.000186,-0.000026,0.006596,0.000847,0.000000,0.000000,0.000000,1,-0.010462,6556.425781,21.431488,-6950.989746,-0.000353,0.053038,13.172479,1,-0.010785,6542.114258,21.423683,-6957.744141,-0.000353,0.052599,13.115908,1,0.012765,6191.203613,10.680795,15357.333984,-0.000182,-0.183296,11.869296,1,0.012455,6179.111328,10.676846,15148.981445,-0.000182,-0.180836,11.882572,63.775543,25472.041016,-16590.394531,-660.390747,-225.990463,-0.861521,0.000000,0.000000,0.000000,0.000000,0.000000,0.000000,0.000000,0.000000,0.000000
30,0.500000,0.000122,0.000163,-1.004272,0.004778,-0.001375,-5.107169,-0.000010,-0.002243,5.107018,1979.925,0,0.000000,4,2,11.982451,1,0,0,-0.000200,0.999973,0.007401,1.000000,0.000200,0.000011,0.003318,0.000850,0.000000,0.000000,0.000000,1,-0.010503,6557.847656,-0.148792,-6894.231445,-0.000222,0.056211,14.161780,1,-0.010850,6542.511719,-0.156546,-6922.536133,-0.000222,0.056029,14.106192,1,0.012891,6191.064453,12.138187,13770.992188,-0.000163,-0.170954,11.974036,1,0.012558,6178.136230,12.134295,13585.934570,-0.000163,-0.168659,11.990873,24.114258,25472.972656,-13532.334961,-973.638672,-160.976105,-8.457042,0.000000,0.000000,0.000000,0.000000,0.000000,0.000000,0.000000,0.000000,0.000000
31,0.516667,0.000244,0.000140,-1.092285,0.005087,-0.001405,-5.280660,-0.000060,-0.003035,5.280507,1997.683,0,0.000000,4,2,12.139980,1,0,0,-0.000213,0.999973,0.007376,1.000000,0.000212,0.000062,-0.001513,0.000743,0.000000,0.000000,0.000000,1,-0.010434,6565.156250,-20.510777,-5311.129883,-0.000071,0.047444,15.142834,1,-0.010803,6549.068848,-20.518166,-5294.073242,-0.000071,0.047292,15.091358,1,0.012883,6183.913086,15.750978,12157.181641,-0.000166,-0.156666,12.129920,1,0.012529,6170.417480,15.747430,11997.639648,-0.000166,-0.154578,12.150049,-8.698633,25472.171875,-13541.253906,-898.620850,-24.751451,-11.014241,0.000000,0.000000,0.000000,0.000000,0.000000,0.000000,0.000000,0.000000,0.000000
32,0.533333,0.000366,0.000115,-1.183228,0.004976,-0.001449,-5.454266,-0.000113,-0.003157,5.454112,2023.946,0,0.000000,4,2,12.349588,1,0,0,-0.000223,0.999974,0.007276,1.000000,0.000222,0.000115,-0.005972,0.000589,0.000000,0.000000,0.000000,1,-0.010264,6576.277344,-36.032177,-4987.482422,0.000075,0.046371,15.893806,1,-0.010650,6559.639160,-36.040924,-5037.030762,0.000075,0.046440,15.839852,1,0.012750,6172.888184,18.618156,10444.988281,-0.000180,-0.140757,12.338027,1,0.012380,6159.038086,18.615149,10309.780273,-0.000180,-0.138897,12.361161,-33.618465,25471.683594,-10721.334961,-1116.208740,-9.656961,-14.418215,0.000000,0.000000,0.000000,0.000000,0.000000,0.000000,0.000000,0.000000,0.000000
33,0.550000,0.000488,0.000091,-1.276367,0.004545,-0.001487,-5.591719,-0.000166,-0.003203,5.591569,2058.892,0,0.000000,4,2,12.614662,1,0,0,-0.000230,0.999975,0.007085,1.000000,0.000229,0.000168,-0.011511,0.000388,0.000000,0.000000,0.000000,1,-0.009970,6593.512695,-48.841537,-4326.309082,0.000209,0.043504,16.597742,1,-0.010367,6576.649902,-48.850288,-4387.599121,0.000209,0.043750,16.550989,1,0.012463,6154.854980,23.343149,8817.316406,-0.000208,-0.124171,12.601722,1,0.012081,6140.921387,23.339233,8707.543945,-0.000207,-0.122557,12.627616,-49.537498,25470.017578,-8801.581055,-1173.042603,54.041710,-15.913396,0.000000,0.000000,0.000000,0.000000,0.000000,0.000000,0.000000,0.000000,0.000000
34,0.566667,0.000488,0.000065,-1.371460,0.003910,-0.001542,-5.704560,-0.000215,-0.002936,5.704418,2103.084,0,0.000000,4,2,12.932673,1,0,0,-0.000233,0.999977,0.006796,1.000000,0.000231,0.000217,-0.017332,0.000161,0.000000,0.000000,0.000000,1,-0.009544,6616.439941,-57.212357,-3506.843750,0.000321,0.038984,17.205585,1,-0.009946,6599.629395,-57.218987,-3574.822266,0.000321,0.039364,17.167740,1,0.012012,6130.709961,28.002285,7309.881836,-0.000244,-0.107644,12.918487,1,0.011626,6116.944824,27.998722,7224.649902,-0.000244,-0.106285,12.946876,-56.821281,25468.078125,-7443.116699,-1116.156006,110.821556,-14.352685,0.000000,0.000000,0.000000,0.000000,0.000000,0.000000,0.000000,0.000000,0.000000
35,0.583333,0.000488,0.000038,-1.468262,0.003181,-0.001623,-5.799984,-0.000255,-0.002390,5.799856,2156.102,0,0.000000,4,2,13.299939,1,0,0,-0.000232,0.999979,0.006415,1.000000,0.000231,0.000257,-0.022871,-0.000046,0.000000,0.000000,0.000000,1,-0.008993,6644.328125,-60.950684,-2621.669922,0.000404,0.033207,17.694332,1,-0.009394,6627.792480,-60.957832,-2692.173828,0.000404,0.033679,17.666367,1,0.011407,6101.595215,31.728794,5954.815430,-0.000282,-0.091771,13.284633,1,0.011022,6088.177734,31.725792,5892.532715,-0.000282,-0.090665,13.315263,-56.783382,25466.574219,-6523.427246,-975.919800,151.846786,-13.168000,0.000000,0.000000,0.000000,0.000000,0.000000,0.000000,0.000000,0.000000,0.000000
36,0.600000,0.000488,0.000009,-1.566284,0.002453,-0.001731,-5.883618,-0.000282,-0.001641,5.883505,2217.332,0,0.000000,4,2,13.711706,1,0,0,-0.000228,0.999982,0.005953,1.000000,0.000227,0.000284,-0.027714,-0.000239,0.000000,0.000000,0.000000,1,-0.008332,6676.190430,-60.379486,-1760.613281,0.000454,0.026719,18.054432,1,-0.008727,6660.139648,-60.387001,-1830.139893,0.000454,0.027247,18.036713,1,0.010667,6068.822266,33.930828,4775.833008,-0.000314,-0.077022,13.695400,1,0.010289,6055.918945,33.926727,4734.606445,-0.000314,-0.076160,13.728031,-51.233318,25466.160156,-5909.315918,-776.759766,178.507156,-9.598828,0.000000,0.000000,0.000000,0.000000,0.000000,0.000000,0.000000,0.000000,0.000000
37,0.616667,0.000488,-0.000022,-1.665527,0.001796,-0.001854,-5.959379,-0.000295,-0.000762,5.959281,2285.980,0,0.000000,4,2,14.162411,1,0,0,-0.000222,0.999985,0.005427,1.000000,0.000220,0.000296,-0.031569,-0.000382,0.000000,0.000000,0.000000,1,-0.007583,6710.862305,-35.033669,-998.906128,0.000313,0.020113,18.289391,1,-0.007966,6695.397949,-34.961422,-1064.633789,0.000312,0.020663,18.281776,1,0.009821,6033.816406,34.097347,3791.119141,-0.000336,-0.063765,14.145221,1,0.009453,6021.495605,34.093681,3768.908203,-0.000335,-0.063133,14.179622,-0.178257,25467.070312,-5485.833984,-545.219971,130.579681,-1.882460,0.000000,0.000000,0.000000,0.000000,0.000000,0.000000,0.000000,0.000000,0.000000
38,0.633333,0.000488,-0.000055,-1.766113,0.001794,-0.001979,-6.029710,-0.000297,-0.000119,6.029629,2361.121,0,0.000000,4,2,14.645851,1,0,0,-0.000215,0.999988,0.004855,1.000000,0.000214,0.000298,-0.034275,-0.000414,0.000000,0.000000,0.000000,1,-0.006770,6747.200684,-3.851675,-391.719482,0.000034,0.013946,18.413647,1,-0.007142,6732.248047,-3.842905,-448.849976,0.000034,0.014482,18.415585,1,0.008902,5997.980469,25.847731,3013.764160,-0.000282,-0.052285,14.627887,1,0.008545,5986.113281,25.797331,3010.606445,-0.000281,-0.051875,14.663837,45.493233,25469.402344,-5172.880859,-322.378174,42.578598,5.285708,0.000000,0.000000,0.000000,0.000000,0.000000,0.000000,0.000000,0.000000,0.000000
39,0.650000,0.000488,-0.000090,-1.867676,0.002377,-0.002088,-6.096029,-0.000296,0.000090,6.095965,2441.719,0,0.000000,4,2,15.155316,1,0,0,-0.000210,0.999991,0.004257,1.000000,0.000208,0.000297,-0.035876,-0.000340,0.000000,0.000000,0.000000,1,-0.005917,6784.254395,-5.904488,29.958740,0.000041,0.008670,18.449657,1,-0.006280,6769.583008,-5.895705,-12.863953,0.000041,0.009149,18.459898,1,0.007941,5962.399902,23.037941,2453.334473,-0.000270,-0.042800,15.136700,1,0.007594,5950.763672,22.987541,2471.068848,-0.000270,-0.042614,15.173956,35.686626,25473.183594,-4930.339844,-112.737465,70.141266,4.403618,0.000000,0.000000,0.000000,0.000000,0.000000,0.000000,0.000000,0.000000,0.000000
40,0.666667,0.000488,-0.000126,-1.970337,0.002835,-0.002163,-6.159238,-0.000288,0.000435,6.159190,2526.655,0,0.000000,4,2,15.683710,1,0,0,-0.000205,0.999993,0.003650,1.000000,0.000204,0.000289,-0.036435,-0.000281,0.000000,0.000000,0.000000,1,-0.005050,6820.966309,-6.748058,260.544678,0.000048,0.004588,18.424383,1,-0.005404,6806.527344,-6.738984,231.913147,0.000048,0.004984,18.440847,1,0.006967,5927.812500,17.615074,2117.469727,-0.000241,-0.035477,15.664595,1,0.006628,5916.379395,17.564665,2154.894043,-0.000241,-0.035511,15.702848,23.065577,25478.056641,-4753.434570,88.885651,83.897827,2.399166,0.000000,0.000000,0.000000,0.000000,0.000000,0.000000,0.000000,0.000000,0.000000
41,0.683333,0.000488,-0.000162,-2.073975,0.003131,-0.002191,-6.220180,-0.000274,0.000848,6.220145,2614.748,0,0.000000,4,2,16.223698,1,0,0,-0.000201,0.999995,0.003050,1.000000,0.000200,0.000275,-0.035994,-0.000250,0.000000,0.000000,0.000000,1,-0.004192,6856.369141,-6.545348,310.115540,0.000052,0.001857,18.365597,1,-0.004539,6842.165527,-6.536504,294.393616,0.000052,0.002158,18.386221,1,0.006006,5895.084961,10.600892,2006.861084,-0.000195,-0.030425,16.204241,1,0.005673,5883.856445,10.550383,2062.709961,-0.000194,-0.030672,16.243177,9.348805,25483.914062,-4662.470703,279.952087,86.671898,1.247982,0.000000,0.000000,0.000000,0.000000,0.000000,0.000000,0.000000,0.000000,0.000000
42,0.700000,0.000488,-0.000198,-2.178711,0.003250,-0.002159,-6.279955,-0.000253,0.001275,6.279932,2704.773,0,0.000000,4,2,16.767889,1,0,0,-0.000197,0.999997,0.002473,1.000000,0.000196,0.000254,-0.034605,-0.000235,0.000000,0.000000,0.000000,1,-0.003366,6889.522461,-5.221316,201.271149,0.000050,0.000500,18.299606,1,-0.003707,6875.561035,-5.212748,196.425629,0.000050,0.000706,18.322515,1,0.005084,5864.991211,2.419074,2115.648193,-0.000132,-0.027688,16.748253,1,0.004757,5853.975586,2.368930,2188.670898,-0.000132,-0.028139,16.787550,-4.459730,25490.359375,-4690.186035,451.520447,79.011238,-0.667230,0.000000,0.000000,0.000000,0.000000,0.000000,0.000000,0.000000,0.000000,0.000000
43,0.716667,0.000488,-0.000233,-2.284302,0.003193,-0.002060,-6.340086,-0.000225,0.001664,6.340071,2795.499,0,0.000000,4,2,17.309059,1,0,0,-0.000192,0.999998,0.001934,1.000000,0.000192,0.000226,-0.032364,-0.000248,0.000000,0.000000,0.000000,1,-0.002593,6919.626953,-2.821593,-36.271729,0.000041,0.000435,18.249434,1,-0.002927,6905.948730,-2.812614,-32.578171,0.000041,0.000552,18.273048,1,0.004221,5838.145996,-6.389581,2430.640381,-0.000057,-0.027241,17.289406,1,0.003900,5827.397461,-6.439841,2519.717285,-0.000057,-0.027885,17.328735,-17.367619,25497.113281,-4869.453125,610.944336,63.401730,-0.018808,0.000000,0.000000,0.000000,0.000000,0.000000,0.000000,0.000000,0.000000,0.000000
44,0.733333,0.000488,-0.000264,-2.391113,0.002971,-0.001888,-6.402515,-0.000192,0.001976,6.402506,2885.722,0,0.000000,4,2,17.840395,1,0,0,-0.000188,0.999999,0.001445,1.000000,0.000188,0.000193,-0.029331,-0.000251,0.000000,0.000000,0.000000,1,-0.001893,6945.958984,0.496518,-370.412994,0.000024,0.001502,18.233784,1,-0.002220,6932.570312,0.506263,-360.479614,0.000024,0.001542,18.256863,1,0.003438,5815.175781,-15.288471,2931.152100,0.000026,-0.028984,17.820889,1,0.003125,5804.681152,-15.339140,3035.340820,0.000026,-0.029810,17.859922,-28.621435,25503.869141,-5223.308594,742.039062,41.212471,-1.527217,0.000000,0.000000,0.000000,0.000000,0.000000,0.000000,0.000000,0.000000,0.000000
45,0.750000,0.000488,-0.000291,-2.498901,0.002604,-0.001642,-6.469481,-0.000156,0.002179,6.469476,2974.305,0,0.000000,4,2,18.355743,1,0,0,-0.000184,0.999999,0.001018,1.000000,0.000183,0.000156,-0.025648,-0.000275,0.000000,0.000000,0.000000,1,-0.001282,6967.914062,4.520546,-770.152832,0.000000,0.003498,18.266697,1,-0.001601,6954.868652,4.530027,-755.970276,0.000000,0.003476,18.288332,1,0.002753,5796.435547,-23.692410,3589.522949,0.000112,-0.032743,18.336552,1,0.002448,5786.252441,-23.743797,3708.112793,0.000113,-0.033742,18.374956,-37.488369,25510.240234,-5758.961914,864.571167,16.521807,-1.873354,0.000000,0.000000,0.000000,0.000000,0.000000,0.000000,0.000000,0.000000,0.000000
46,0.766667,0.000488,-0.000313,-2.607910,0.002123,-0.001326,-6.543314,-0.000118,0.002261,6.543312,3060.222,0,0.000000,4,2,18.849848,1,0,0,-0.000178,1.000000,0.000662,1.000000,0.000178,0.000119,-0.021356,-0.000303,0.000000,0.000000,0.000000,1,-0.000775,6984.903809,9.009283,-1207.900146,-0.000030,0.006205,18.357706,1,-0.001085,6972.250000,9.018141,-1191.077026,-0.000030,0.006135,18.377281,1,0.002182,5782.409668,-31.138977,4372.194336,0.000196,-0.038272,18.831135,1,0.001884,5772.562012,-31.189064,4504.652832,0.000197,-0.039436,18.868580,-43.536510,25515.996094,-6465.031250,973.467651,-8.134384,-1.853412,0.000000,0.000000,0.000000,0.000000,0.000000,0.000000,0.000000,0.000000,0.000000
47,0.783333,0.000488,-0.000329,-2.718262,0.001565,-0.000947,-6.626198,-0.000081,0.002221,6.626197,3142.598,0,0.000000,4,2,19.318542,1,0,0,-0.000173,1.000000,0.000386,1.000000,0.000173,0.000082,-0.016523,-0.000331,0.000000,0.000000,0.000000,1,-0.000385,6996.416016,13.719332,-1660.435547,-0.000064,0.009407,18.512337,1,-0.000686,6984.194336,13.727320,-1642.178223,-0.000064,0.009303,18.529467,1,0.001736,5773.465332,-37.264084,5241.410156,0.000274,-0.045264,19.300476,1,0.001448,5763.982422,-37.314487,5387.325195,0.000275,-0.046586,19.336626,-46.537643,25520.843750,-7312.953125,1066.688477,-30.349867,-1.447905,0.000000,0.000000,0.000000,0.000000,0.000000,0.000000,0.000000,0.000000,0.000000
48,0.800000,0.000488,-0.000338,-2.830322,0.000968,-0.000515,-6.719954,-0.000047,0.002071,6.719954,3220.738,0,0.000000,4,2,19.758900,1,0,0,-0.000167,1.000000,0.000199,1.000000,0.000167,0.000047,-0.011228,-0.000352,0.000000,0.000000,0.000000,1,-0.000124,7002.071777,18.421955,-2109.015381,-0.000101,0.012908,18.732737,1,-0.000415,6990.293457,18.430241,-2090.195312,-0.000102,0.012781,18.747211,1,0.001430,5769.921875,-41.843018,6157.159180,0.000342,-0.053364,19.741642,1,0.001151,5760.804199,-41.892834,6316.175781,0.000342,-0.054839,19.776173,-46.496811,25524.658203,-8260.579102,1136.522461,-48.535305,0.073765,0.000000,0.000000,0.000000,0.000000,0.000000,0.000000,0.000000,0.000000,0.000000
49,0.816667,0.000488,-0.000338,-2.944092,0.000372,-0.000041,-6.825859,-0.000016,0.001832,6.825859,3294.153,0,0.000000,4,2,20.169302,1,0,0,-0.000161,1.000000,0.000106,1.000000,0.000161,0.000016,-0.005586,-0.000352,0.000000,0.000000,0.000000,1,-0.000000,7001.610840,22.914793,-2538.858887,-0.000140,0.016535,19.018330,1,-0.000281,6990.266602,22.923605,-2520.066650,-0.000140,0.016393,19.030069,1,0.001271,5771.945801,-44.782272,7079.291992,0.000396,-0.062187,20.153015,1,0.001002,5763.179199,-44.832298,7251.015625,0.000397,-0.063809,20.185602,-43.624557,25527.234375,-9257.405273,1193.059570,-61.942955,0.235139,0.000000,0.000000,0.000000,0.000000,0.000000,0.000000,0.000000,0.000000,0.000000
50,0.833333,0.000488,-0.000331,-3.059814,-0.000187,0.000461,-6.944544,0.000009,0.001527,6.944544,3362.574,0,0.000000,4,2,20.549448,1,0,0,-0.000155,1.000000,0.000112,1.000000,0.000155,-0.000009,0.000337,-0.000350,0.000000,0.000000,0.000000,1,-0.000021,6994.829590,27.027977,-2938.381592,-0.000178,0.020141,19.366394,1,-0.000291,6983.902344,27.036505,-2920.029541,-0.000178,0.019990,19.375402,1,0.001268,5779.700195,-46.099792,7969.471191,0.000435,-0.071336,20.534286,1,0.001009,5771.252441,-46.150047,8153.413086,0.000436,-0.073099,20.564621,-38.277580,25528.501953,-10250.003906,1219.273438,-67.587982,1.953052,0.000000,0.000000,0.000000,0.000000,0.000000,0.000000,0.000000,0.000000,0.000000
51,0.850000,0.000488,-0.000315,-3.177734,-0.000678,0.000977,-7.075954,0.000029,0.001195,7.075954,3425.951,0,0.000000,4,2,20.900297,1,0,0,-0.000150,1.000000,0.000218,1.000000,0.000150,-0.000029,0.006390,-0.000322,0.000000,0.000000,0.000000,1,-0.000188,6981.757812,30.688778,-3298.273682,-0.000213,0.023601,19.772524,1,-0.000449,6971.197754,30.697811,-3280.792236,-0.000213,0.023448,19.778864,1,0.001424,5793.127930,-46.025974,8793.071289,0.000460,-0.080419,20.886408,1,0.001174,5784.948730,-46.076408,8988.501953,0.000460,-0.082318,20.914196,-31.038322,25528.398438,-11187.486328,1196.858398,-68.935699,6.235962,0.000000,0.000000,0.000000,0.000000,0.000000,0.000000,0.000000,0.000000,0.000000
52,0.866667,0.000488,-0.000290,-3.297974,-0.001076,0.001492,-7.219383,0.000043,0.000855,7.219383,3484.444,0,0.000000,4,2,21.223946,1,0,0,-0.000146,1.000000,0.000424,1.000000,0.000146,-0.000043,0.012332,-0.000234,0.000000,0.000000,0.000000,1,-0.000499,6962.817383,33.773762,-3611.005615,-0.000246,0.026814,20.230959,1,-0.000753,6952.448730,33.782204,-3594.759521,-0.000246,0.026664,20.234758,1,0.001736,5811.852051,-44.798908,9520.525391,0.000470,-0.089073,21.211464,1,0.001493,5803.771973,-44.849014,9726.512695,0.000471,-0.091100,21.236435,-22.609169,25526.808594,-12025.636719,1128.975586,-66.576828,6.025415,0.000000,0.000000,0.000000,0.000000,0.000000,0.000000,0.000000,0.000000,0.000000
53,0.883333,0.000488,-0.000256,-3.420898,-0.001366,0.001993,-7.373558,0.000052,0.000528,7.373558,3538.402,0,0.000000,4,2,21.523460,1,0,0,-0.000144,1.000000,0.000723,1.000000,0.000144,-0.000052,0.017937,-0.000149,0.000000,0.000000,0.000000,1,-0.000946,6938.537598,36.228733,-3870.446533,-0.000275,0.029695,20.734844,1,-0.001195,6928.247559,36.237141,-3855.771973,-0.000275,0.029552,20.736282,1,0.002197,5835.238770,-42.658585,10128.365234,0.000468,-0.096973,21.512510,1,0.001957,5827.164062,-42.708721,10343.751953,0.000469,-0.099119,21.534416,-13.559914,25523.705078,-12729.587891,997.597656,-60.849655,6.518055,0.000000,0.000000,0.000000,0.000000,0.000000,0.000000,0.000000,0.000000,0.000000
54,0.900000,0.000488,-0.000215,-3.546509,-0.001540,0.002462,-7.536758,0.000056,0.000228,7.536756,3588.336,0,0.000000,4,2,21.802675,1,0,0,-0.000143,0.999999,0.001104,1.000000,0.000143,-0.000056,0.022890,-0.000056,0.000000,0.000000,0.000000,1,-0.001512,6909.890625,38.014065,-4071.728760,-0.000299,0.032173,21.276436,1,-0.001760,6899.565918,38.022511,-4058.939209,-0.000299,0.032041,21.275742,1,0.002787,5862.260742,-39.899441,10599.862305,0.000456,-0.103848,21.793367,1,0.002549,5854.103516,-39.949600,10823.242188,0.000456,-0.106100,21.811987,-4.548683,25519.029297,-13275.396484,822.571289,-52.366882,6.815069,0.000000,0.000000,0.000000,0.000000,0.000000,0.000000,0.000000,0.000000,0.000000
55,0.916667,0.000488,-0.000167,-3.675049,-0.001598,0.002886,-7.706955,0.000055,-0.000030,7.706951,3634.886,0,0.000000,4,2,22.065971,1,0,0,-0.000143,0.999999,0.001554,1.000000,0.000143,-0.000055,0.026974,0.000041,0.000000,0.000000,0.000000,1,-0.002178,6877.953613,30.170847,-3119.129395,-0.000270,0.027863,21.847281,1,-0.002427,6867.483887,30.125097,-3134.974854,-0.000269,0.028005,21.844727,1,0.003485,5891.841797,-36.819817,10925.149414,0.000436,-0.109486,22.058401,1,0.003245,5883.499023,-36.869984,11154.885742,0.000436,-0.111832,22.073544,-14.262001,25512.796875,-15808.111328,859.717773,-36.941395,4.810207,0.000000,0.000000,0.000000,0.000000,0.000000,0.000000,0.000000,0.000000,0.000000
56,0.933333,0.000488,-0.000113,-3.806763,-0.001781,0.003232,-7.909624,0.000052,-0.000212,7.909613,3678.782,0,0.000000,4,2,22.318050,1,0,0,-0.000145,0.999998,0.002075,1.000000,0.000145,-0.000051,0.031241,0.000109,0.000000,0.000000,0.000000,1,-0.002946,6841.657227,27.745911,-3995.904297,-0.000248,0.030770,22.279678,1,-0.003199,6830.977051,27.703703,-4010.335693,-0.000247,0.030907,22.279428,1,0.004295,5925.685547,-32.921688,10986.599609,0.000407,-0.113280,22.312294,1,0.004053,5917.123047,-32.971893,11220.657227,0.000408,-0.115702,22.323809,-11.170929,25506.490234,-14182.247070,397.970642,-15.256891,4.253618,0.000000,0.000000,0.000000,0.000000,0.000000,0.000000,0.000000,0.000000,0.000000
57,0.950000,0.000488,-0.000055,-3.941650,-0.001924,0.003528,-8.091447,0.000047,-0.000287,8.091429,3720.808,0,0.000000,4,2,22.567392,1,0,0,-0.000148,0.999997,0.002628,1.000000,0.000148,-0.000047,0.033218,0.000170,0.000000,0.000000,0.000000,1,-0.003764,6805.515137,28.568249,-4259.301270,-0.000255,0.033472,22.839502,1,-0.004021,6794.570312,28.523764,-4268.886230,-0.000255,0.033590,22.841351,1,0.005156,5958.155273,-29.104263,9137.407227,0.000374,-0.099559,22.563507,1,0.004909,5949.324707,-29.154362,9359.229492,0.000374,-0.101976,22.571278,-1.626757,25497.804688,-9948.808594,-318.985413,-11.641497,4.399787,0.000000,0.000000,0.000000,0.000000,0.000000,0.000000,0.000000,0.000000,0.000000
58,0.966667,0.000488,0.000008,-4.078613,-0.001945,0.003758,-8.218996,0.000041,-0.000344,8.218967,3762.378,0,0.000000,4,2,22.875509,1,0,0,-0.000152,0.999995,0.003155,1.000000,0.000152,-0.000041,0.031636,0.000232,0.000000,0.000000,0.000000,1,-0.004548,6774.196777,27.419815,-2228.071533,-0.000245,0.019903,23.437607,1,-0.004813,6762.919922,27.375732,-2241.052979,-0.000245,0.020019,23.440849,1,0.005971,5984.094727,-25.419327,8177.067871,0.000338,-0.089095,22.873411,1,0.005717,5974.941895,-25.469555,8283.482422,0.000338,-0.090255,22.877607,3.422049,25485.833984,-11971.160156,-228.750061,-88.666512,3.969524,0.000000,0.000000,0.000000,0.000000,0.000000,0.000000,0.000000,0.000000,0.000000
59,0.983333,0.000488,0.000072,-4.218262,-0.001901,0.003840,-8.372473,0.000028,-0.000781,8.372431,3813.746,0,0.000000,4,2,23.215311,1,0,0,-0.000157,0.999993,0.003664,1.000000,0.000157,-0.000028,0.030501,0.000291,0.000000,0.000000,0.000000,1,-0.005307,6743.668457,13.573392,-2882.916992,-0.000121,0.022075,23.740503,1,-0.005580,6731.975586,13.552963,-2880.117676,-0.000121,0.022138,23.745632,1,0.006753,6009.710938,-18.925320,6881.463867,0.000289,-0.074979,23.214066,1,0.006492,6000.187988,-18.975349,6987.739258,0.000289,-0.076137,23.216557,-10.994253,25475.041016,-8085.139160,-811.504883,-18.585819,-1.052076,0.000000,0.000000,0.000000,0.000000,0.000000,0.000000,0.000000,0.000000,0.000000
60,1.000000,0.000488,0.000136,-4.359497,-0.002042,0.003824,-8.476129,0.000014,-0.000872,8.476072,3870.397,0,0.000000,4,2,23.595522,1,0,0,-0.000161,0.999992,0.004105,1.000000,0.000162,-0.000013,0.026474,0.000277,0.000000,0.000000,0.000000,1,-0.005974,6719.736328,17.090134,-2201.828369,-0.000133,0.019669,24.138573,1,-0.006255,6707.740723,17.069807,-2127.497803,-0.000133,0.019005,24.143293,1,0.007425,6027.451172,-12.733014,7413.789062,0.000233,-0.077132,23.595139,1,0.007155,6017.664551,-12.783060,7527.213379,0.000234,-0.078319,23.595905,8.509913,25462.210938,-10590.123047,-585.452148,63.104694,0.646376,0.000000,0.000000,0.000000,0.000000,0.000000,0.000000,0.000000,0.000000,0.000000
61,1.016667,0.000488,0.000196,-4.503052,-0.001933,0.003643,-8.611899,0.000004,-0.000562,8.611829,3933.785,0,0.000000,4,2,23.957153,1,0,0,-0.000166,0.999990,0.004498,1.000000,0.000166,-0.000004,0.023568,0.000284,0.000000,0.000000,0.000000,1,-0.006571,6697.810059,20.390532,-2838.113037,-0.000151,0.021779,24.437654,1,-0.006860,6685.477539,20.369816,-2769.491455,-0.000151,0.021134,24.431574,1,0.008019,6044.252441,-9.862825,7599.428711,0.000187,-0.079236,23.957706,1,0.007741,6034.171387,-9.912906,7710.554688,0.000187,-0.080432,23.956600,20.953840,25451.869141,-9680.129883,-759.169922,53.960484,0.650042,0.000000,0.000000,0.000000,0.000000,0.000000,0.000000,0.000000,0.000000,0.000000
62,1.033333,0.000488,0.000252,-4.648682,-0.001664,0.003348,-8.736004,-0.000000,-0.000296,8.735918,3994.075,0,0.000000,4,2,24.311449,1,0,0,-0.000171,0.999988,0.004828,1.000000,0.000171,0.000001,0.019799,0.000291,0.000000,0.000000,0.000000,1,-0.007076,6680.577148,23.134956,-2530.001709,-0.000172,0.022600,24.829212,1,-0.007374,6667.898438,23.114445,-2964.416992,-0.000172,0.023119,24.813158,1,0.008514,6056.497070,-8.326126,7817.916504,0.000151,-0.081443,24.312933,1,0.008228,6046.112305,-8.376220,7925.232422,0.000152,-0.082629,24.309965,29.564785,25442.083984,-10225.835938,-731.901367,-388.831268,0.960855,0.000000,0.000000,0.000000,0.000000,0.000000,0.000000,0.000000,0.000000,0.000000
63,1.050000,0.000488,0.000301,-4.796509,-0.001285,0.002934,-8.867105,-0.000037,-0.002211,8.867005,4053.142,0,0.000000,4,2,24.657316,1,0,0,-0.000177,0.999987,0.005097,1.000000,0.000176,0.000038,0.016165,0.000323,0.000000,0.000000,0.000000,1,-0.007491,6667.086426,11.925453,-2738.697266,-0.000148,0.024465,25.175989,1,-0.007798,6653.983887,11.904205,-2309.429688,-0.000147,0.020630,25.223072,1,0.008916,6065.793945,7.782352,7996.717285,0.000063,-0.083554,24.659712,1,0.008621,6055.051270,7.731681,8113.550293,0.000064,-0.084772,24.654921,39.769615,25434.042969,-11038.550781,-662.412964,455.981445,1.281776,0.000000,0.000000,0.000000,0.000000,0.000000,0.000000,0.000000,0.000000,0.000000
64,1.066667,0.000488,0.000341,-4.946533,-0.000775,0.002420,-9.008624,-0.000037,0.000034,9.008510,4110.804,0,0.000000,4,2,24.995762,1,0,0,-0.000182,0.999986,0.005312,1.000000,0.000182,0.000038,0.012876,0.000320,0.000000,0.000000,0.000000,1,-0.007822,6656.800781,22.177658,-2862.677734,-0.000166,0.025572,25.553097,1,-0.008138,6643.329590,22.156883,-3010.744141,-0.000166,0.022955,25.537792,1,0.009235,6072.771973,-1.612427,7036.904297,0.000046,-0.076672,24.999159,1,0.008932,6061.722656,-1.662741,6882.876465,0.000047,-0.074994,24.992365,41.364494,25428.140625,-8022.011230,-1010.648315,-333.501099,0.872060,0.000000,0.000000,0.000000,0.000000,0.000000,0.000000,0.000000,0.000000,0.000000
65,1.083333,0.000488,0.000372,-5.098389,-0.000245,0.001855,-9.111470,-0.000063,-0.001608,9.111346,4167.229,0,0.000000,4,2,25.367754,1,0,0,-0.000188,0.999985,0.005443,1.000000,0.000188,0.000064,0.007858,0.000350,0.000000,0.000000,0.000000,1,-0.008028,6653.376465,11.488995,-2142.655029,-0.000143,0.019140,25.948223,1,-0.008354,6639.452637,11.468296,-2036.329712,-0.000142,0.018190,25.954439,1,0.009426,6072.889160,9.986461,7625.602539,-0.000011,-0.079053,25.369923,1,0.009113,6061.453125,9.936247,7476.106445,-0.000011,-0.077393,25.365585,43.584969,25422.257812,-10897.816406,-651.113159,-37.022572,1.026958,0.000000,0.000000,0.000000,0.000000,0.000000,0.000000,0.000000,0.000000,0.000000
66,1.100000,0.000488,0.000392,-5.252563,0.000314,0.001200,-9.251185,-0.000093,-0.001790,9.251051,4229.247,0,0.000000,4,2,25.718952,1,0,0,-0.000194,0.999985,0.005520,1.000000,0.000194,0.000094,0.004624,0.000367,0.000000,0.000000,0.000000,1,-0.008149,6651.858398,6.196449,-2842.450195,-0.000110,0.021461,26.238705,1,-0.008486,6637.482422,6.175320,-2736.599121,-0.000110,0.020512,26.229469,1,0.009539,6072.845703,15.384542,7795.463867,-0.000069,-0.081237,25.719912,1,0.009216,6061.027832,15.334009,7652.534668,-0.000069,-0.079616,25.717993,44.020393,25420.041016,-9843.269531,-746.765381,-2.460455,-1.218081,0.000000,0.000000,0.000000,0.000000,0.000000,0.000000,0.000000,0.000000,0.000000
67,1.116667,0.000488,0.000401,-5.408813,0.000878,0.000524,-9.377381,-0.000123,-0.001802,9.377240,4287.797,0,0.000000,4,2,26.062769,1,0,0,-0.000200,0.999985,0.005535,1.000000,0.000200,0.000124,0.000915,0.000351,0.000000,0.000000,0.000000,1,-0.008173,6654.766602,1.132148,-3049.746826,-0.000073,0.023607,26.630892,1,-0.008520,6639.978516,1.110403,-2970.825195,-0.000073,0.022749,26.606272,1,0.009561,6068.939941,19.686951,7992.740723,-0.000123,-0.083409,26.062555,1,0.009228,6056.808105,19.636852,7856.917969,-0.000123,-0.081840,26.062983,42.786331,25419.136719,-9802.701172,-704.131592,8.218600,-1.083359,0.000000,0.000000,0.000000,0.000000,0.000000,0.000000,0.000000,0.000000,0.000000
68,1.133333,0.000488,0.000398,-5.567139,0.001427,-0.000166,-9.503057,-0.000153,-0.001762,9.502913,4345.118,0,0.000000,4,2,26.398268,1,0,0,-0.000206,0.999985,0.005492,1.000000,0.000205,0.000154,-0.002582,0.000336,0.000000,0.000000,0.000000,1,-0.008107,6661.263672,-4.019066,-2193.248535,-0.000033,0.019592,27.053207,1,-0.008463,6646.092773,-4.040478,-2376.000732,-0.000032,0.021225,27.017117,1,0.009497,6062.354492,23.318748,7528.964844,-0.000172,-0.082034,26.396927,1,0.009154,6049.916016,23.268391,8050.748535,-0.000171,-0.084022,26.399609,40.216110,25420.103516,-10983.367188,-509.405945,357.285187,-1.772815,0.000000,0.000000,0.000000,0.000000,0.000000,0.000000,0.000000,0.000000,0.000000
69,1.150000,0.000488,0.000384,-5.727905,0.001942,-0.000855,-9.643869,-0.000153,-0.000003,9.643723,4401.051,0,0.000000,4,2,26.736181,1,0,0,-0.000211,0.999985,0.005407,1.000000,0.000210,0.000154,-0.005113,0.000293,0.000000,0.000000,0.000000,1,-0.007971,6669.703125,1.158607,-2911.479736,-0.000024,0.021974,27.351044,1,-0.008336,6654.223145,1.137324,-3110.851318,-0.000024,0.023661,27.341513,1,0.009374,6055.060547,13.752305,6691.969238,-0.000164,-0.072914,26.739145,1,0.009023,6042.395508,13.702003,6564.569336,-0.000163,-0.071526,26.733217,30.856892,25423.687500,-7206.302246,-870.602295,-247.334381,-3.022584,0.000000,0.000000,0.000000,0.000000,0.000000,0.000000,0.000000,0.000000,0.000000
70,1.166667,0.000488,0.000359,-5.890137,0.002338,-0.001481,-9.736258,-0.000173,-0.001220,9.736115,4457.387,0,0.000000,4,2,27.109346,1,0,0,-0.000215,0.999986,0.005250,1.000000,0.000215,0.000174,-0.009436,0.000265,0.000000,0.000000,0.000000,1,-0.007726,6684.318359,-9.095030,-1931.231689,0.000015,0.017252,27.753263,1,-0.008099,6668.541504,-9.115923,-1753.239990,0.000015,0.015662,27.772709,1,0.009142,6041.368164,20.575268,7333.573730,-0.000186,-0.075509,27.111296,1,0.008784,6028.499512,20.524733,7208.701172,-0.000186,-0.074131,27.107397,24.772095,25426.738281,-10829.361328,-339.611023,137.311310,-4.638515,0.000000,0.000000,0.000000,0.000000,0.000000,0.000000,0.000000,0.000000,0.000000
71,1.183333,0.000488,0.000324,-6.054810,0.002656,-0.002099,-9.875095,-0.000182,-0.000544,9.874958,4519.601,0,0.000000,4,2,27.459574,1,0,0,-0.000219,0.999987,0.005064,1.000000,0.000218,0.000183,-0.011124,0.000193,0.000000,0.000000,0.000000,1,-0.007433,6698.415039,-9.793027,-2654.918213,0.000042,0.019651,28.013020,1,-0.007812,6682.485352,-9.814369,-2483.388184,0.000042,0.018083,28.006596,1,0.008872,6030.053711,2.063889,7527.766113,-0.000022,-0.077926,27.460514,1,0.008509,6017.099121,2.057508,7402.212402,-0.000022,-0.076552,27.458633,-13.701159,25433.671875,-9762.419922,-372.367920,69.565544,-8.696893,0.000000,0.000000,0.000000,0.000000,0.000000,0.000000,0.000000,0.000000,0.000000
72,1.200000,0.000488,0.000281,-6.221436,0.002480,-0.002633,-10.000255,-0.000185,-0.000201,10.000125,4577.990,0,0.000000,4,2,27.801317,1,0,0,-0.000220,0.999988,0.004848,1.000000,0.000219,0.000186,-0.012974,0.000067,0.000000,0.000000,0.000000,1,-0.007091,6714.632324,-9.206242,-2912.959961,0.000057,0.022016,28.377953,1,-0.007472,6698.755371,-9.227413,-2790.350342,0.000057,0.020623,28.346598,1,0.008559,6016.879395,0.866970,7748.152344,-0.000018,-0.080337,27.801228,1,0.008194,6004.034668,0.860635,7623.677734,-0.000018,-0.078970,27.801407,-14.911367,25441.316406,-9638.521484,-277.752747,21.176769,-7.107430,0.000000,0.000000,0.000000,0.000000,0.000000,0.000000,0.000000,0.000000,0.000000
73,1.216667,0.000488,0.000229,-6.390137,0.002289,-0.003081,-10.123825,-0.000187,-0.000097,10.123704,4634.964,0,0.000000,4,2,28.133677,1,0,0,-0.000219,0.999989,0.004609,1.000000,0.000218,0.000188,-0.014354,-0.000033,0.000000,0.000000,0.000000,1,-0.006711,6731.952637,-8.950883,-2424.643311,0.000065,0.021659,28.780388,1,-0.007091,6716.221191,-8.972062,-3023.995117,0.000066,0.022995,28.731213,1,0.008213,6003.184570,0.702840,7959.396973,-0.000014,-0.082708,28.132557,1,0.007849,5990.532227,0.696497,7837.913086,-0.000014,-0.081357,28.134796,-14.585536,25450.089844,-10317.927734,-92.530159,-604.991333,-6.115662,0.000000,0.000000,0.000000,0.000000,0.000000,0.000000,0.000000,0.000000,0.000000
74,1.233333,0.000488,0.000172,-6.561035,0.002102,-0.003433,-10.256106,-0.000238,-0.003075,10.255994,4690.374,0,0.000000,4,2,28.456898,1,0,0,-0.000218,0.999990,0.004362,1.000000,0.000217,0.000239,-0.014815,-0.000093,0.000000,0.000000,0.000000,1,-0.006315,6749.011230,-26.769226,-3153.938232,0.000130,0.024077,29.111853,1,-0.006692,6733.453613,-26.789295,-2416.951660,0.000130,0.021591,29.149784,1,0.007860,5990.486816,23.762949,6866.937012,-0.000105,-0.074821,28.454760,1,0.007498,5978.002930,23.757729,7175.991211,-0.000105,-0.078188,28.459036,-4.018274,25460.058594,-8440.483398,-208.986237,1043.828369,-4.125543,0.000000,0.000000,0.000000,0.000000,0.000000,0.000000,0.000000,0.000000,0.000000
75,1.250000,0.000488,0.000111,-6.733765,0.002050,-0.003661,-10.364318,-0.000204,0.002064,10.364217,4744.261,0,0.000000,4,2,28.805927,1,0,0,-0.000215,0.999992,0.004098,1.000000,0.000214,0.000205,-0.015853,-0.000194,0.000000,0.000000,0.000000,1,-0.005894,6767.617676,0.197504,-1852.095459,0.000081,0.016545,29.549311,1,-0.006265,6752.391602,0.176623,-2358.344727,0.000081,0.021067,29.480131,1,0.007481,5975.923340,-4.090008,7483.192871,-0.000049,-0.077313,28.806322,1,0.007124,5963.777832,-4.096153,7776.864746,-0.000049,-0.080618,28.805532,-5.556746,25469.421875,-11017.394531,188.784180,-217.168442,-3.178357,0.000000,0.000000,0.000000,0.000000,0.000000,0.000000,0.000000,0.000000,0.000000
76,1.266667,0.000488,0.000048,-6.908936,0.001979,-0.003797,-10.505567,-0.000187,0.000995,10.505475,4802.450,0,0.000000,4,2,29.132837,1,0,0,-0.000211,0.999993,0.003849,1.000000,0.000210,0.000188,-0.014917,-0.000231,0.000000,0.000000,0.000000,1,-0.005492,6783.527832,-2.078436,-2620.266602,0.000058,0.019092,29.797565,1,-0.005857,6768.607910,-2.099444,-3127.541504,0.000058,0.023618,29.801960,1,0.007129,5965.079102,-2.171718,6808.742676,-0.000022,-0.074186,29.135668,1,0.006778,5953.211914,-2.177946,6618.555176,-0.000022,-0.072114,29.130007,-7.089713,25480.460938,-7646.381836,-123.160187,-611.203735,-2.566449,0.000000,0.000000,0.000000,0.000000,0.000000,0.000000,0.000000,0.000000,0.000000
77,1.283333,0.000488,-0.000015,-7.085693,0.001888,-0.003785,-10.603597,-0.000221,-0.002014,10.603515,4856.952,0,0.000000,4,2,29.486628,1,0,0,-0.000207,0.999994,0.003590,1.000000,0.000206,0.000222,-0.015528,-0.000245,0.000000,0.000000,0.000000,1,-0.005076,6801.381836,-17.943466,-2782.573242,0.000096,0.021232,30.157461,1,-0.005434,6786.763184,-17.963310,-1834.324951,0.000096,0.016386,30.235580,1,0.006760,5951.348633,17.808796,7449.596680,-0.000086,-0.076778,29.487917,1,0.006416,5939.749512,17.802675,7269.372070,-0.000086,-0.074746,29.485338,1.936815,25489.261719,-10068.339844,247.979431,776.154907,-0.046461,0.000000,0.000000,0.000000,0.000000,0.000000,0.000000,0.000000,0.000000,0.000000
78,1.300000,0.000488,-0.000077,-7.264526,0.001913,-0.003688,-10.732678,-0.000191,0.001807,10.732605,4915.935,0,0.000000,4,2,29.816893,1,0,0,-0.000202,0.999994,0.003352,1.000000,0.000201,0.000191,-0.014297,-0.000273,0.000000,0.000000,0.000000,1,-0.004691,6816.188965,2.624627,-2242.632812,0.000052,0.020033,30.540947,1,-0.005041,6801.922852,2.603826,-2563.006348,0.000052,0.018802,30.481251,1,0.006422,5941.259766,-3.741202,7662.457520,-0.000039,-0.079269,29.816706,1,0.006087,5929.963867,-3.746745,7464.103516,-0.000039,-0.077189,29.817080,-0.290445,25499.082031,-10286.365234,333.434509,-472.588043,-0.348589,0.000000,0.000000,0.000000,0.000000,0.000000,0.000000,0.000000,0.000000,0.000000
79,1.316667,0.000488,-0.000135,-7.445557,0.001909,-0.003477,-10.864555,-0.000199,-0.000519,10.864491,4970.996,0,0.000000,4,2,30.137917,1,0,0,-0.000198,0.999995,0.003141,1.000000,0.000197,0.000200,-0.012642,-0.000263,0.000000,0.000000,0.000000,1,-0.004347,6828.832031,-7.892317,-2992.708008,0.000059,0.022520,30.845961,1,-0.004689,6814.856445,-7.912880,-2873.268311,0.000059,0.021350,30.832825,1,0.006128,5933.154785,8.328002,6778.324219,-0.000058,-0.073855,30.136087,1,0.005799,5922.099609,8.322176,6865.292969,-0.000058,-0.074803,30.139746,2.394208,25508.099609,-7742.229492,93.215759,216.195297,0.400258,0.000000,0.000000,0.000000,0.000000,0.000000,0.000000,0.000000,0.000000,0.000000
80,1.333333,0.000488,-0.000187,-7.628296,0.001940,-0.003146,-10.963815,-0.000190,0.000545,10.963758,5024.516,0,0.000000,4,2,30.480019,1,0,0,-0.000193,0.999996,0.002938,1.000000,0.000193,0.000191,-0.012177,-0.000264,0.000000,0.000000,0.000000,1,-0.004019,6841.834473,-1.877149,-1897.582397,0.000043,0.016951,31.259985,1,-0.004354,6828.169434,-1.897502,-2098.491943,0.000043,0.018746,31.229490,1,0.005840,5923.531250,2.366508,7431.986328,-0.000046,-0.076499,30.478889,1,0.005519,5912.741699,2.360805,7518.601562,-0.000046,-0.077445,30.481148,3.037104,25514.580078,-10918.451172,507.154236,-96.515152,1.047042,0.000000,0.000000,0.000000,0.000000,0.000000,0.000000,0.000000,0.000000,0.000000
81,1.350000,0.000488,-0.000233,-7.813477,0.001979,-0.002760,-11.103795,-0.000189,0.000070,11.103745,5081.550,0,0.000000,4,2,30.798195,1,0,0,-0.000189,0.999996,0.002777,1.000000,0.000189,0.000190,-0.009659,-0.000248,0.000000,0.000000,0.000000,1,-0.003755,6850.217773,-3.560793,-2681.443115,0.000039,0.019550,31.514851,1,-0.004083,6836.833496,-3.581310,-2885.228760,0.000039,0.021354,31.513554,1,0.005616,5918.973145,2.162232,6737.246094,-0.000024,-0.073407,30.797770,1,0.005301,5908.395020,2.158149,6733.643066,-0.000024,-0.073368,30.798620,-1.329150,25521.689453,-7867.229980,178.007751,-172.678558,0.926313,0.000000,0.000000,0.000000,0.000000,0.000000,0.000000,0.000000,0.000000,0.000000
82,1.366667,0.000488,-0.000271,-8.000244,0.001962,-0.002271,-11.204657,-0.000202,-0.000780,11.204612,5134.596,0,0.000000,4,2,31.137270,1,0,0,-0.000185,0.999996,0.002631,1.000000,0.000185,0.000203,-0.008773,-0.000231,0.000000,0.000000,0.000000,1,-0.003519,6858.904785,-8.066279,-2310.369629,0.000051,0.020638,31.883638,1,-0.003841,6845.762207,-8.086735,-2112.354004,0.000051,0.018870,31.911959,1,0.005408,5912.592773,8.867688,7381.527344,-0.000051,-0.076013,31.136810,1,0.005100,5902.223633,8.863303,7384.668457,-0.000051,-0.076001,31.137730,3.667390,25525.480469,-10305.808594,484.178650,219.231308,1.811281,0.000000,0.000000,0.000000,0.000000,0.000000,0.000000,0.000000,0.000000,0.000000
83,1.383333,0.000488,-0.000300,-8.189209,0.002009,-0.001753,-11.336782,-0.000197,0.000299,11.336741,5191.125,0,0.000000,4,2,31.452469,1,0,0,-0.000182,0.999997,0.002525,1.000000,0.000181,0.000198,-0.006368,-0.000212,0.000000,0.000000,0.000000,1,-0.003347,6863.477539,-2.381018,-3072.577637,0.000040,0.023166,32.198494,1,-0.003663,6850.575684,-2.401356,-2877.979492,0.000040,0.021408,32.198036,1,0.005259,5910.356934,3.659428,6845.145020,-0.000047,-0.074583,31.452030,1,0.004956,5900.151855,3.655188,6825.363770,-0.000047,-0.074368,31.452908,4.051139,25529.177734,-7681.395020,195.248993,161.602585,2.112633,0.000000,0.000000,0.000000,0.000000,0.000000,0.000000,0.000000,0.000000,0.000000
84,1.400000,0.000488,-0.000320,-8.379761,0.002061,-0.001175,-11.435262,-0.000179,0.001095,11.435225,5243.675,0,0.000000,4,2,31.782284,1,0,0,-0.000179,0.999997,0.002435,1.000000,0.000178,0.000179,-0.005397,-0.000186,0.000000,0.000000,0.000000,1,-0.003207,6868.062500,3.135423,-1791.803467,0.000015,0.016006,32.624126,1,-0.003517,6855.337891,3.114692,-1991.919067,0.000015,0.017794,32.595387,1,0.005127,5906.664551,-3.148128,7513.619629,-0.000017,-0.077287,31.781677,1,0.004829,5896.614258,-3.152641,7488.132324,-0.000017,-0.077048,31.782890,1.954483,25529.804688,-11178.799805,599.814453,-221.594940,2.036109,0.000000,0.000000,0.000000,0.000000,0.000000,0.000000,0.000000,0.000000,0.000000
85,1.416667,0.000488,-0.000330,-8.572754,0.002086,-0.000612,-11.578580,-0.000179,0.000004,11.578545,5298.661,0,0.000000,4,2,32.087578,1,0,0,-0.000176,0.999997,0.002395,1.000000,0.000176,0.000179,-0.002418,-0.000153,0.000000,0.000000,0.000000,1,-0.003143,6867.547363,-1.595477,-2611.630371,0.000015,0.018725,32.863617,1,-0.003449,6854.976562,-1.616021,-2811.180176,0.000015,0.020510,32.863960,1,0.005068,5908.356445,0.052290,6250.477539,-0.000001,-0.068104,32.086754,1,0.004775,5898.404297,0.052202,6265.525391,-0.000001,-0.068268,32.088402,-1.842427,25530.912109,-7052.973633,111.272461,-165.848602,1.648101,0.000000,0.000000,0.000000,0.000000,0.000000,0.000000,0.000000,0.000000,0.000000
86,1.433333,0.000488,-0.000330,-8.767212,0.002062,-0.000009,-11.669003,-0.000192,-0.000813,11.668968,5349.559,0,0.000000,4,2,32.429733,1,0,0,-0.000174,0.999997,0.002364,1.000000,0.000174,0.000193,-0.001863,-0.000127,0.000000,0.000000,0.000000,1,-0.003102,6868.342773,-6.237368,-2226.861084,0.000030,0.019893,33.222260,1,-0.003404,6855.889160,-6.257787,-2029.378296,0.000030,0.018128,33.251602,1,0.005015,5906.790039,6.435786,6920.881836,-0.000026,-0.070815,32.429028,1,0.004725,5896.929688,6.435847,6943.632812,-0.000026,-0.071010,32.430439,2.222136,25528.015625,-9567.425781,395.339844,222.053955,2.139191,0.000000,0.000000,0.000000,0.000000,0.000000,0.000000,0.000000,0.000000,0.000000
87,1.450000,0.000488,-0.000321,-8.963745,0.002091,0.000544,-11.791662,-0.000188,0.000280,11.791629,5406.602,0,0.000000,4,2,32.746811,1,0,0,-0.000172,0.999997,0.002365,1.000000,0.000172,0.000188,0.000101,-0.000102,0.000000,0.000000,0.000000,1,-0.003115,6865.592285,-0.703308,-2479.541016,0.000021,0.022150,33.524979,1,-0.003414,6853.237305,-0.723860,-2767.085938,0.000021,0.020574,33.525623,1,0.005007,5908.837891,1.081234,7144.125488,-0.000021,-0.073423,32.746284,1,0.004720,5899.030273,1.081142,7161.683105,-0.000021,-0.073617,32.747337,2.432460,25525.306641,-9017.468750,307.840881,-238.907730,2.129303,0.000000,0.000000,0.000000,0.000000,0.000000,0.000000,0.000000,0.000000,0.000000
88,1.466667,0.000488,-0.000303,-9.162231,0.002122,0.001070,-11.907270,-0.000203,-0.000896,11.907238,5459.464,0,0.000000,4,2,33.053535,1,0,0,-0.000171,0.999997,0.002392,1.000000,0.000171,0.000203,0.001631,-0.000067,0.000000,0.000000,0.000000,1,-0.003171,6861.462402,-7.027337,-2436.564697,0.000037,0.021766,33.864422,1,-0.003468,6849.149414,-7.047798,-2167.465332,0.000037,0.019362,33.906857,1,0.005033,5911.467773,9.294722,7363.706055,-0.000051,-0.075951,33.053150,1,0.004749,5901.687988,9.294769,7388.794434,-0.000051,-0.076174,33.053921,6.567947,25520.996094,-10105.934570,400.001038,297.691681,2.450359,0.000000,0.000000,0.000000,0.000000,0.000000,0.000000,0.000000,0.000000,0.000000
89,1.483333,0.000488,-0.000278,-9.362793,0.002206,0.001539,-12.036834,-0.000193,0.000570,12.036801,5510.601,0,0.000000,4,2,33.349861,1,0,0,-0.000170,0.999997,0.002453,1.000000,0.000170,0.000194,0.003618,-0.000041,0.000000,0.000000,0.000000,1,-0.003281,6854.727539,0.492935,-2613.494629,0.000021,0.023346,34.197620,1,-0.003576,6842.435059,0.472354,-2961.684814,0.000022,0.021995,34.200943,1,0.005107,5916.435059,1.300141,6143.503906,-0.000037,-0.066938,33.349678,1,0.004823,5906.650391,1.300022,6098.750000,-0.000037,-0.066451,33.350044,4.848332,25516.228516,-6623.607910,-36.435467,-346.488251,2.078102,0.000000,0.000000,0.000000,0.000000,0.000000,0.000000,0.000000,0.000000,0.000000
90,1.500000,0.000488,-0.000245,-9.564819,0.002268,0.001974,-12.121752,-0.000212,-0.001136,12.121719,5560.003,0,0.000000,4,2,33.683258,1,0,0,-0.000170,0.999997,0.002510,1.000000,0.000170,0.000213,0.003439,-0.000003,0.000000,0.000000,0.000000,1,-0.003392,6849.955078,-8.693322,-1981.872559,0.000042,0.017704,34.556534,1,-0.003688,6837.630859,-8.713870,-1644.022339,0.000042,0.014686,34.610458,1,0.005169,5917.993652,12.443491,6829.608887,-0.000074,-0.069713,33.682705,1,0.004886,5908.160645,12.443492,6794.326660,-0.000074,-0.069264,33.683811,9.596719,25508.623047,-9953.958984,319.829224,323.809479,3.156561,0.000000,0.000000,0.000000,0.000000,0.000000,0.000000,0.000000,0.000000,0.000000
91,1.516667,0.000488,-0.000206,-9.769043,0.002391,0.002299,-12.249367,-0.000204,0.000458,12.249331,5615.586,0,0.000000,4,2,33.990829,1,0,0,-0.000171,0.999997,0.002594,1.000000,0.000170,0.000205,0.005028,0.000033,0.000000,0.000000,0.000000,1,-0.003545,6841.875488,-0.983788,-2753.466064,0.000030,0.020262,34.823650,1,-0.003842,6829.468750,-1.004346,-2411.201172,0.000030,0.017230,34.828472,1,0.005270,5923.484863,4.112575,7025.141113,-0.000063,-0.072249,33.989979,1,0.004986,5913.572266,4.112725,6983.309570,-0.000063,-0.071797,33.991680,8.040817,25502.425781,-8798.767578,138.515778,270.701508,1.758284,0.000000,0.000000,0.000000,0.000000,0.000000,0.000000,0.000000,0.000000,0.000000
92,1.533333,0.000488,-0.000164,-9.975098,0.002494,0.002560,-12.362171,-0.000175,0.001791,12.362134,5666.864,0,0.000000,4,2,34.288780,1,0,0,-0.000172,0.999996,0.002689,1.000000,0.000171,0.000175,0.005717,0.000051,0.000000,0.000000,0.000000,1,-0.003718,6833.842773,7.354419,-2154.314453,-0.000006,0.019244,35.202904,1,-0.004016,6821.360840,7.333322,-2693.895020,-0.000005,0.019767,35.157982,1,0.005386,5928.272949,-7.830757,6724.700195,-0.000008,-0.073271,34.287575,1,0.005100,5918.273438,-7.830368,6627.942871,-0.000008,-0.072216,34.289986,0.506580,25495.091797,-8458.587891,57.694469,-605.469604,0.626882,0.000000,0.000000,0.000000,0.000000,0.000000,0.000000,0.000000,0.000000,0.000000
93,1.550000,0.000488,-0.000118,-10.182983,0.002501,0.002737,-12.470614,-0.000194,-0.001190,12.470574,5716.537,0,0.000000,4,2,34.593838,1,0,0,-0.000173,0.999996,0.002789,1.000000,0.000173,0.000195,0.006004,0.000075,0.000000,0.000000,0.000000,1,-0.003901,6825.864746,-7.988878,-2281.670166,0.000023,0.020382,35.495079,1,-0.004201,6813.267578,-8.009465,-2065.439941,0.000023,0.018451,35.528580,1,0.005507,5932.750488,8.535316,6678.769531,-0.000040,-0.072770,34.591824,1,0.005219,5922.651367,8.535685,6804.369629,-0.000040,-0.074139,34.595852,2.844485,25487.410156,-9089.375000,88.808762,336.012146,0.543918,0.000000,0.000000,0.000000,0.000000,0.000000,0.000000,0.000000,0.000000,0.000000
94,1.566667,0.000488,-0.000071,-10.392700,0.002537,0.002821,-12.587145,-0.000187,0.000464,12.587100,5767.396,0,0.000000,4,2,34.893242,1,0,0,-0.000174,0.999996,0.002897,1.000000,0.000174,0.000187,0.006445,0.000074,0.000000,0.000000,0.000000,1,-0.004094,6817.321289,-0.308485,-2369.144531,0.000015,0.021164,35.805767,1,-0.004396,6804.639160,-0.328985,-2821.353760,0.000016,0.020957,35.807838,1,0.005639,5937.875488,-0.320513,6409.541504,-0.000024,-0.069837,34.892246,1,0.005349,5927.708496,-0.320142,6396.250488,-0.000024,-0.069692,34.894238,0.138228,25480.195312,-7567.762695,-120.075035,-413.450623,0.074557,0.000000,0.000000,0.000000,0.000000,0.000000,0.000000,0.000000,0.000000,0.000000
95,1.583333,0.000488,-0.000024,-10.604126,0.002539,0.002830,-12.684168,-0.000213,-0.001571,12.684119,5817.312,0,0.000000,4,2,35.199951,1,0,0,-0.000176,0.999995,0.002994,1.000000,0.000175,0.000213,0.005849,0.000086,0.000000,0.000000,0.000000,1,-0.004274,6810.377930,-11.794660,-2142.099365,0.000049,0.019135,36.129166,1,-0.004579,6797.585938,-11.815317,-1736.546265,0.000049,0.015513,36.196960,1,0.005755,5941.071289,13.546776,7054.986816,-0.000070,-0.072447,35.198841,1,0.005463,5930.793945,13.547132,7055.835449,-0.000070,-0.072360,35.201065,5.658356,25472.482422,-10183.909180,144.729691,424.861145,1.229136,0.000000,0.000000,0.000000,0.000000,0.000000,0.000000,0.000000,0.000000,0.000000
96,1.600000,0.000488,0.000022,-10.817749,0.002612,0.002732,-12.814731,-0.000204,0.000520,12.814677,5868.445,0,0.000000,4,2,35.482018,1,0,0,-0.000177,0.999995,0.003104,1.000000,0.000177,0.000205,0.006567,0.000091,0.000000,0.000000,0.000000,1,-0.004469,6801.651367,-1.855384,-2969.691895,0.000037,0.021879,36.419567,1,-0.004776,6788.746582,-1.876045,-2553.223877,0.000037,0.018220,36.428421,1,0.005892,5946.923828,2.845644,5810.801758,-0.000055,-0.063313,35.480904,1,0.005597,5936.543457,2.845903,5798.051270,-0.000055,-0.063174,35.483131,3.196481,25466.732422,-6036.672363,-366.002747,357.179688,-0.141637,0.000000,0.000000,0.000000,0.000000,0.000000,0.000000,0.000000,0.000000,0.000000
97,1.616667,0.000488,0.000065,-11.032593,0.002653,0.002593,-12.892124,-0.000166,0.002279,12.892068,5915.471,0,0.000000,4,2,35.800735,1,0,0,-0.000179,0.999995,0.003183,1.000000,0.000178,0.000167,0.004750,0.000080,0.000000,0.000000,0.000000,1,-0.004620,6797.159668,9.062013,-1515.632080,-0.000007,0.013539,36.830246,1,-0.004930,6784.178223,9.041896,-1843.562256,-0.000007,0.016469,36.778572,1,0.005981,5947.567383,-12.592635,6516.156738,0.000016,-0.066166,35.799507,1,0.005684,5937.140625,-12.592021,6491.431152,0.000016,-0.065978,35.801964,-5.481303,25459.312500,-9598.533203,34.231594,-379.016205,-1.246682,0.000000,0.000000,0.000000,0.000000,0.000000,0.000000,0.000000,0.000000,0.000000
98,1.633333,0.000488,0.000104,-11.249512,0.002582,0.002344,-13.015182,-0.000159,0.000413,13.015121,5968.606,0,0.000000,4,2,36.093025,1,0,0,-0.000180,0.999995,0.003265,1.000000,0.000179,0.000160,0.004919,0.000074,0.000000,0.000000,0.000000,1,-0.004771,6790.891602,1.067189,-2285.250732,-0.000008,0.016091,37.029598,1,-0.005082,6777.833984,1.046812,-2623.794189,-0.000008,0.019056,37.025585,1,0.006079,5951.419434,-6.398737,6703.521484,0.000036,-0.068717,36.091583,1,0.005780,5940.923340,-6.398286,6687.820312,0.000036,-0.068536,36.094467,-9.336179,25454.976562,-8431.480469,-130.273300,-339.774963,-1.803268,0.000000,0.000000,0.000000,0.000000,0.000000,0.000000,0.000000,0.000000,0.000000
99,1.650000,0.000488,0.000138,-11.468262,0.002463,0.002052,-13.123279,-0.000180,-0.001260,13.123214,6017.336,0,0.000000,4,2,36.375427,1,0,0,-0.000181,0.999994,0.003336,1.000000,0.000180,0.000181,0.004271,0.000059,0.000000,0.000000,0.000000,1,-0.004902,6786.220703,-8.303869,-2577.848145,0.000023,0.018666,37.340805,1,-0.005215,6773.113281,-8.323965,-2060.141846,0.000023,0.018403,37.385994,1,0.006163,5953.687500,4.908040,6316.628418,0.000003,-0.068824,36.373844,1,0.005863,5943.160645,4.908166,6430.803223,0.000003,-0.070069,36.377010,-5.353648,25450.845703,-8057.776855,-184.951996,576.724915,-1.257282,0.000000,0.000000,0.000000,0.000000,0.000000,0.000000,0.000000,0.000000,0.000000
100,1.666667,0.000488,0.000167,-11.688721,0.002394,0.001713,-13.226583,-0.000154,0.001579,13.226514,6064.417,0,0.000000,4,2,36.664494,1,0,0,-0.000181,0.999994,0.003392,1.000000,0.000181,0.000155,0.003352,0.000023,0.000000,0.000000,0.000000,1,-0.005007,6782.935059,6.627275,-1985.509155,-0.000008,0.017737,37.694538,1,-0.005321,6769.833984,6.607173,-2173.092285,-0.000008,0.019412,37.664486,1,0.006228,5954.898926,-12.489962,6464.055176,0.000052,-0.070431,36.663837,1,0.005926,5944.394043,-12.489557,6369.882324,0.000052,-0.069405,36.665150,-10.412753,25447.621094,-8622.855469,-126.938370,-308.866760,-1.733096,0.000000,0.000000,0.000000,0.000000,0.000000,0.000000,0.000000,0.000000,0.000000
101,1.683333,0.000488,0.000189,-11.911011,0.002261,0.001333,-13.337132,-0.000153,0.000059,13.337058,6112.610,0,0.000000,4,2,36.948364,1,0,0,-0.000181,0.999994,0.003437,1.000000,0.000181,0.000154,0.002720,0.000009,0.000000,0.000000,0.000000,1,-0.005091,6780.256836,0.212869,-2240.455811,-0.000006,0.020014,37.962181,1,-0.005406,6767.169922,0.192613,-2251.489258,-0.000005,0.020113,37.959393,1,0.006281,5956.167969,-6.072500,6096.835449,0.000057,-0.066430,36.946930,1,0.005979,5945.675293,-6.072147,6122.132812,0.000057,-0.066705,36.949799,-10.560582,25445.806641,-7673.661621,-240.962799,-16.794666,-1.637455,0.000000,0.000000,0.000000,0.000000,0.000000,0.000000,0.000000,0.000000,0.000000
102,1.700000,0.000488,0.000204,-12.134888,0.002125,0.000937,-13.435513,-0.000153,-0.000024,13.435435,6159.936,0,0.000000,4,2,37.238075,1,0,0,-0.000181,0.999994,0.003462,1.000000,0.000180,0.000154,0.001522,-0.000013,0.000000,0.000000,0.000000,1,-0.005142,6779.527832,0.193693,-2116.724121,-0.000004,0.018909,38.266876,1,-0.005456,6766.485352,0.173466,-2117.949463,-0.000004,0.018920,38.265694,1,0.006307,5955.716309,-0.642676,6717.626953,0.000007,-0.068940,37.236835,1,0.006006,5945.266113,-0.641431,6746.814453,0.000007,-0.069232,37.239315,0.496787,25444.568359,-9175.614258,-64.402252,13.378886,-0.196538,0.000000,0.000000,0.000000,0.000000,0.000000,0.000000,0.000000,0.000000,0.000000
103,1.716667,0.000488,0.000213,-12.360718,0.002132,0.000516,-13.553148,-0.000153,0.000042,13.553068,6208.236,0,0.000000,4,2,37.502686,1,0,0,-0.000181,0.999994,0.003483,1.000000,0.000180,0.000153,0.001201,-0.000016,0.000000,0.000000,0.000000,1,-0.005179,6778.598145,0.108926,-2352.781250,-0.000001,0.021017,38.553589,1,-0.005492,6765.583496,0.108731,-2354.187500,-0.000001,0.021030,38.552586,1,0.006331,5956.464844,-1.138310,5497.590820,0.000009,-0.059900,37.501678,1,0.006031,5946.037109,-1.137084,5513.396484,0.000009,-0.060073,37.503693,-1.099354,25445.335938,-6248.912598,-395.870056,-0.008368,-0.309080,0.000000,0.000000,0.000000,0.000000,0.000000,0.000000,0.000000,0.000000,0.000000
104,1.733333,0.000488,0.000215,-12.587891,0.002117,0.000123,-13.633263,-0.000152,0.000042,13.633182,6252.351,0,0.000000,4,2,37.801044,1,0,0,-0.000180,0.999994,0.003470,1.000000,0.000180,0.000153,-0.000765,-0.000020,0.000000,0.000000,0.000000,1,-0.005163,6781.344238,0.231374,-1893.841309,-0.000001,0.016918,38.874611,1,-0.005476,6768.356445,0.231182,-1895.181885,-0.000001,0.016930,38.873810,1,0.006308,5953.217773,-1.251073,6151.751953,0.000011,-0.062546,37.800159,1,0.006008,5942.812500,-1.249855,6169.923828,0.000011,-0.062728,37.801929,-0.744098,25445.433594,-8476.892578,-116.111252,2.658586,-0.195052,0.000000,0.000000,0.000000,0.000000,0.000000,0.000000,0.000000,0.000000,0.000000
105,1.750000,0.000488,0.000210,-12.816895,0.002108,-0.000284,-13.741940,-0.000151,0.000055,13.741858,6302.093,0,0.000000,4,2,38.071037,1,0,0,-0.000180,0.999994,0.003447,1.000000,0.000179,0.000152,-0.001343,-0.000023,0.000000,0.000000,0.000000,1,-0.005128,6783.630859,0.436424,-2164.650391,-0.000002,0.019337,39.128933,1,-0.005440,6770.671387,0.436200,-2164.791260,-0.000002,0.019338,39.128326,1,0.006275,5951.609863,-1.441356,6353.198730,0.000013,-0.065024,38.070297,1,0.005976,5941.239258,-1.440124,6371.726074,0.000013,-0.065214,38.071777,-0.743298,25447.910156,-8338.831055,-116.226486,1.914374,-0.104116,0.000000,0.000000,0.000000,0.000000,0.000000,0.000000,0.000000,0.000000,0.000000
106,1.766667,0.000488,0.000199,-13.047729,0.002098,-0.000662,-13.848848,-0.000150,0.000065,13.848764,6347.106,0,0.000000,4,2,38.327000,1,0,0,-0.000180,0.999994,0.003415,1.000000,0.000179,0.000151,-0.001922,-0.000024,0.000000,0.000000,0.000000,1,-0.005073,6786.711426,0.661153,-2216.440674,-0.000004,0.019799,39.422611,1,-0.005385,6773.772949,0.660914,-2216.543701,-0.000004,0.019800,39.422028,1,0.006233,5949.655273,-1.630361,5594.720703,0.000014,-0.060959,38.326408,1,0.005934,5939.294922,-1.629128,5596.993652,0.000014,-0.060984,38.327591,-0.927620,25451.171875,-6701.193848,-280.958923,-12.277975,0.620910,0.000000,0.000000,0.000000,0.000000,0.000000,0.000000,0.000000,0.000000,0.000000
107,1.783333,0.000488,0.000183,-13.280029,0.002086,-0.000991,-13.934761,-0.000150,0.000004,13.934678,6389.779,0,0.000000,4,2,38.599594,1,0,0,-0.000179,0.999994,0.003360,1.000000,0.000179,0.000151,-0.003318,-0.000014,0.000000,0.000000,0.000000,1,-0.004981,6792.103027,0.284454,-1944.182861,-0.000003,0.017367,39.723816,1,-0.005292,6779.166992,0.283912,-1943.312378,-0.000003,0.017360,39.723248,1,0.006158,5945.358887,-1.300794,6208.618164,0.000014,-0.063442,38.599018,1,0.005859,5935.008789,-1.299562,6212.593750,0.000014,-0.063473,38.600170,-0.755363,25454.250000,-8475.463867,-42.932537,-7.023533,0.643308,0.000000,0.000000,0.000000,0.000000,0.000000,0.000000,0.000000,0.000000,0.000000
108,1.800000,0.000488,0.000161,-13.514038,0.002077,-0.001297,-14.043421,-0.000151,-0.000031,14.043340,6435.225,0,0.000000,4,2,38.843182,1,0,0,-0.000179,0.999995,0.003301,1.000000,0.000179,0.000151,-0.003532,-0.000005,0.000000,0.000000,0.000000,1,-0.004878,6796.784180,0.056119,-2175.731445,-0.000001,0.019436,39.985455,1,-0.005189,6783.841309,0.056002,-2174.169678,-0.000001,0.019422,39.984760,1,0.006081,5942.675293,-0.921503,5290.362793,0.000013,-0.057643,38.842632,1,0.005783,5932.315430,-0.920272,5297.937012,0.000013,-0.057725,38.843731,-0.795660,25459.003906,-6179.233398,-278.451111,-2.256358,0.592264,0.000000,0.000000,0.000000,0.000000,0.000000,0.000000,0.000000,0.000000,0.000000
109,1.816667,0.000488,0.000136,-13.749390,0.002067,-0.001533,-14.122642,-0.000151,-0.000042,14.122562,6475.835,0,0.000000,4,2,39.107170,1,0,0,-0.000179,0.999995,0.003219,1.000000,0.000179,0.000152,-0.004915,0.000004,0.000000,0.000000,0.000000,1,-0.004740,6804.008301,0.153104,-1843.737793,-0.000001,0.016470,40.280743,1,-0.005051,6791.047363,0.152982,-1843.633423,-0.000001,0.016469,40.279823,1,0.005971,5937.118652,-0.570822,5893.904785,0.000010,-0.060083,39.106682,1,0.005673,5926.739746,-0.569592,5903.231934,0.000010,-0.060173,39.107658,0.387979,25462.941406,-8049.931152,-22.074125,-0.827092,-0.050139,0.000000,0.000000,0.000000,0.000000,0.000000,0.000000,0.000000,0.000000,0.000000
110,1.833333,0.000488,0.000107,-13.986450,0.002072,-0.001736,-14.225845,-0.000152,-0.000046,14.225770,6519.847,0,0.000000,4,2,39.341305,1,0,0,-0.000179,0.999995,0.003135,1.000000,0.000179,0.000153,-0.005025,0.000004,0.000000,0.000000,0.000000,1,-0.004596,6810.251465,0.268556,-2069.828125,-0.000001,0.018490,40.527782,1,-0.004907,6797.287109,0.268433,-2069.229736,-0.000001,0.018484,40.526848,1,0.005862,5933.313477,-0.231702,5202.678711,0.000007,-0.056687,39.340889,1,0.005563,5922.935059,-0.230496,5207.559082,0.000007,-0.056740,39.341721,1.022609,25468.328125,-6210.467773,-196.700104,-3.913594,0.055271,0.000000,0.000000,0.000000,0.000000,0.000000,0.000000,0.000000,0.000000,0.000000
111,1.850000,0.000488,0.000076,-14.224854,0.002085,-0.001865,-14.305467,-0.000153,-0.000065,14.305393,6558.881,0,0.000000,4,2,39.587795,1,0,0,-0.000180,0.999995,0.003035,1.000000,0.000179,0.000154,-0.006002,0.000005,0.000000,0.000000,0.000000,1,-0.004427,6818.291504,0.271767,-1820.342041,-0.000002,0.016261,40.807682,1,-0.004739,6805.311035,0.271638,-1820.177124,-0.000002,0.016260,40.806660,1,0.005727,5927.379883,0.224376,5776.053223,0.000004,-0.059006,39.587418,1,0.005428,5917.000488,0.225595,5782.513672,0.000004,-0.059066,39.588173,2.200762,25472.882812,-7856.654297,39.184666,-0.726131,0.196459,0.000000,0.000000,0.000000,0.000000,0.000000,0.000000,0.000000,0.000000,0.000000
112,1.866667,0.000488,0.000043,-14.464966,0.002113,-0.001952,-14.406193,-0.000154,-0.000069,14.406123,6599.976,0,0.000000,4,2,39.804859,1,0,0,-0.000180,0.999996,0.002939,1.000000,0.000179,0.000155,-0.005808,0.000008,0.000000,0.000000,0.000000,1,-0.004261,6825.088379,0.305490,-2027.852417,-0.000002,0.018115,41.051323,1,-0.004573,6812.086914,0.305358,-2027.305420,-0.000002,0.018110,41.050274,1,0.005599,5923.291016,0.598652,4725.533203,-0.000000,-0.051488,39.804531,1,0.005300,5912.899414,0.599869,4730.336426,-0.000000,-0.051541,39.805187,2.635957,25478.488281,-5338.450684,-215.033112,-1.143623,0.218166,0.000000,0.000000,0.000000,0.000000,0.000000,0.000000,0.000000,0.000000,0.000000
113,1.883333,0.000488,0.000010,-14.706177,0.002147,-0.001959,-14.474634,-0.000155,-0.000074,14.474569,6636.164,0,0.000000,4,2,40.045460,1,0,0,-0.000180,0.999996,0.002824,1.000000,0.000179,0.000156,-0.006875,0.000011,0.000000,0.000000,0.000000,1,-0.004071,6834.035156,0.102449,-1659.330688,-0.000001,0.014823,41.325119,1,-0.004383,6821.016602,0.102225,-1659.725708,-0.000001,0.014826,41.323994,1,0.005442,5916.346680,0.963163,5290.415527,-0.000004,-0.053773,40.045170,1,0.005143,5905.939453,0.964377,5296.597656,-0.000004,-0.053831,40.045750,3.256406,25482.500000,-7205.102539,51.378029,2.071659,0.287722,0.000000,0.000000,0.000000,0.000000,0.000000,0.000000,0.000000,0.000000,0.000000
114,1.900000,0.000488,-0.000022,-14.949097,0.002188,-0.001932,-14.567007,-0.000157,-0.000064,14.566949,6676.276,0,0.000000,4,2,40.256104,1,0,0,-0.000180,0.999996,0.002714,1.000000,0.000180,0.000157,-0.006620,0.000015,0.000000,0.000000,0.000000,1,-0.003887,6841.450195,0.146464,-1864.933594,-0.000001,0.016659,41.545357,1,-0.004199,6828.400879,0.146271,-1864.881348,-0.000001,0.016659,41.544289,1,0.005292,5911.459961,1.197847,4812.644531,-0.000007,-0.052437,40.255863,1,0.004992,5901.037598,1.199060,4814.395996,-0.000007,-0.052457,40.256344,3.605998,25487.419922,-5833.566406,-69.920792,-1.149802,0.291490,0.000000,0.000000,0.000000,0.000000,0.000000,0.000000,0.000000,0.000000,0.000000
115,1.916667,0.000488,-0.000052,-15.193115,0.002235,-0.001839,-14.641796,-0.000158,-0.000070,14.641742,6711.394,0,0.000000,4,2,40.471367,1,0,0,-0.000180,0.999997,0.002598,1.000000,0.000180,0.000158,-0.006967,0.000019,0.000000,0.000000,0.000000,1,-0.003696,6849.676270,0.031907,-1695.239868,-0.000001,0.015144,41.795475,1,-0.004009,6836.592773,0.031683,-1695.406616,-0.000001,0.015145,41.794399,1,0.005130,5905.290039,1.472257,4922.175781,-0.000011,-0.053631,40.471142,1,0.004830,5894.846191,1.473467,4923.568848,-0.000011,-0.053646,40.471592,4.020383,25491.261719,-6390.783691,35.946400,0.128240,0.299422,0.000000,0.000000,0.000000,0.000000,0.000000,0.000000,0.000000,0.000000,0.000000
116,1.933333,0.000488,-0.000081,-15.438477,0.002286,-0.001706,-14.723729,-0.000159,-0.000069,14.723680,6747.282,0,0.000000,4,2,40.671703,1,0,0,-0.000181,0.999997,0.002485,1.000000,0.000180,0.000159,-0.006788,0.000023,0.000000,0.000000,0.000000,1,-0.003512,6857.116211,-0.108473,-1736.548584,-0.000000,0.015513,42.020931,1,-0.003826,6843.994141,-0.108702,-1736.496826,-0.000000,0.015512,42.019882,1,0.004971,5899.924316,1.673086,4572.879395,-0.000013,-0.049825,40.671486,1,0.004671,5889.449219,1.674293,4574.682129,-0.000013,-0.049845,40.671921,4.023964,25494.992188,-5609.479004,-14.697154,1.636028,0.237666,0.000000,0.000000,0.000000,0.000000,0.000000,0.000000,0.000000,0.000000,0.000000
117,1.950000,0.000488,-0.000106,-15.685059,0.002338,-0.001526,-14.795646,-0.000160,-0.000061,14.795601,6780.682,0,0.000000,4,2,40.872250,1,0,0,-0.000181,0.999997,0.002370,1.000000,0.000181,0.000160,-0.006860,0.000027,0.000000,0.000000,0.000000,1,-0.003329,6864.706543,-0.254662,-1616.836060,0.000001,0.014443,42.252392,1,-0.003643,6851.540527,-0.254856,-1617.230957,0.000001,0.014447,42.251335,1,0.004808,5894.000488,1.773501,4593.777344,-0.000016,-0.050053,40.872047,1,0.004506,5883.498047,1.774705,4594.548828,-0.000016,-0.050061,40.872452,3.982670,25497.800781,-5888.584961,59.766716,1.510491,0.181704,0.000000,0.000000,0.000000,0.000000,0.000000,0.000000,0.000000,0.000000,0.000000
118,1.966667,0.000488,-0.000128,-15.932861,0.002389,-0.001317,-14.871140,-0.000161,-0.000054,14.871099,6814.117,0,0.000000,4,2,41.060814,1,0,0,-0.000182,0.999997,0.002261,1.000000,0.000181,0.000161,-0.006562,0.000029,0.000000,0.000000,0.000000,1,-0.003156,6871.499023,-0.434792,-1625.917236,0.000002,0.014524,42.466454,1,-0.003471,6858.289551,-0.435012,-1626.182861,0.000002,0.014527,42.465454,1,0.004649,5888.723145,1.816397,4325.801270,-0.000017,-0.047133,41.060619,1,0.004346,5878.197266,1.817600,4326.402832,-0.000017,-0.047139,41.061008,3.623800,25500.214844,-5333.758301,32.268673,2.128101,0.103328,0.000000,0.000000,0.000000,0.000000,0.000000,0.000000,0.000000,0.000000,0.000000
119,1.983333,0.000488,-0.000146,-16.181885,0.002435,-0.001077,-14.939522,-0.000161,-0.000043,14.939485,6845.554,0,0.000000,4,2,41.247028,1,0,0,-0.000182,0.999998,0.002154,1.000000,0.000182,0.000162,-0.006401,0.000031,0.000000,0.000000,0.000000,1,-0.002991,6878.080078,-0.618196,-1534.929932,0.000003,0.013711,42.681835,1,-0.003307,6864.829590,-0.618418,-1535.408569,0.000003,0.013716,42.680874,1,0.004490,5883.262695,1.784115,4287.291016,-0.000018,-0.046713,41.246838,1,0.004187,5872.696777,1.785317,4287.164062,-0.000018,-0.046712,41.247219,3.212785,25501.763672,-5437.159180,75.540161,2.030153,-0.005110,0.000000,0.000000,0.000000,0.000000,0.000000,0.000000,0.000000,0.000000,0.000000
120,2.000000,0.000488,-0.000160,-16.432007,0.002476,-0.000820,-15.009229,-0.000162,-0.000033,15.009195,6876.599,0,0.000000,4,2,41.423412,1,0,0,-0.000183,0.999998,0.002054,1.000000,0.000182,0.000162,-0.006025,0.000030,0.000000,0.000000,0.000000,1,-0.002839,6883.907227,-0.808412,-1522.877441,0.000005,0.013604,42.883995,1,-0.003156,6870.616211,-0.808637,-1523.270630,0.000005,0.013607,42.883102,1,0.004338,5878.291992,0.512729,4071.153564,-0.000006,-0.044358,41.423222,1,0.004034,5867.701172,0.511941,4070.784668,-0.000006,-0.044354,41.423603,0.223989,25502.746094,-5028.207520,60.014767,-1.728958,-0.370599,0.000000,0.000000,0.000000,0.000000,0.000000,0.000000,0.000000,0.000000,0.000000
121,2.016667,0.000488,-0.000169,-16.683228,0.002479,-0.000551,-15.073693,-0.000163,-0.000042,15.073664,6906.004,0,0.000000,4,2,41.596001,1,0,0,-0.000183,0.999998,0.001958,1.000000,0.000183,0.000163,-0.005726,0.000025,0.000000,0.000000,0.000000,1,-0.002698,6889.323242,-0.939306,-1450.225586,0.000006,0.012955,43.084400,1,-0.003016,6876.007324,-0.939510,-1450.298584,0.000006,0.012955,43.083565,1,0.004190,5873.330078,0.697912,3996.124756,-0.000006,-0.043541,41.595806,1,0.003885,5862.726074,0.697119,3996.513428,-0.000006,-0.043545,41.596195,0.335375,25502.927734,-5023.949219,90.046989,0.396904,-0.336528,0.000000,0.000000,0.000000,0.000000,0.000000,0.000000,0.000000,0.000000,0.000000
122,2.033333,0.000488,-0.000174,-16.935547,0.002484,-0.000282,-15.138103,-0.000163,-0.000040,15.138077,6934.779,0,0.000000,4,2,41.760265,1,0,0,-0.000184,0.999998,0.001870,1.000000,0.000183,0.000164,-0.005278,0.000020,0.000000,0.000000,0.000000,1,-0.002572,6893.978516,-0.994641,-1425.529785,0.000007,0.012734,43.274250,1,-0.002891,6880.639648,-0.994863,-1425.663696,0.000007,0.012735,43.273422,1,0.004049,5868.843750,0.821408,3814.256592,-0.000007,-0.041559,41.760071,1,0.003743,5858.232422,0.820614,3814.836670,-0.000007,-0.041566,41.760460,0.423460,25502.531250,-4709.150879,78.233513,1.164140,-0.306611,0.000000,0.000000,0.000000,0.000000,0.000000,0.000000,0.000000,0.000000,0.000000
123,2.050000,0.000488,-0.000174,-17.188843,0.002489,-0.000017,-15.198476,-0.000164,-0.000034,15.198450,6962.164,0,0.000000,4,2,41.919971,1,0,0,-0.000184,0.999998,0.001789,1.000000,0.000183,0.000164,-0.004889,0.000015,0.000000,0.000000,0.000000,1,-0.002459,6898.143066,-0.558711,-1364.473999,0.000005,0.012189,43.460510,1,-0.002778,6884.781738,-0.557654,-1364.754639,0.000005,0.012191,43.459702,1,0.003914,5864.504395,0.926294,3720.088867,-0.000008,-0.040533,41.919781,1,0.003608,5853.881836,0.925499,3720.401855,-0.000008,-0.040537,41.920162,1.497989,25501.468750,-4641.963867,92.187614,0.164316,-0.191296,0.000000,0.000000,0.000000,0.000000,0.000000,0.000000,0.000000,0.000000,0.000000
124,2.066667,0.000488,-0.000170,-17.443115,0.002508,0.000235,-15.257988,-0.000164,-0.000033,15.257966,6988.790,0,0.000000,4,2,42.072426,1,0,0,-0.000184,0.999999,0.001715,1.000000,0.000184,0.000165,-0.004430,0.000013,0.000000,0.000000,0.000000,1,-0.002362,6901.618652,-0.553301,-1332.980713,0.000005,0.011907,43.637897,1,-0.002681,6888.247559,-0.552250,-1333.151611,0.000005,0.011909,43.637127,1,0.003788,5860.567871,1.012050,3562.228516,-0.000009,-0.038813,42.072239,1,0.003482,5849.940918,1.011269,3562.654297,-0.000009,-0.038818,42.072613,1.641123,25499.875000,-4388.908203,83.844833,0.739183,-0.145336,0.000000,0.000000,0.000000,0.000000,0.000000,0.000000,0.000000,0.000000,0.000000
125,2.083333,0.000488,-0.000162,-17.698364,0.002529,0.000468,-15.314256,-0.000165,-0.000030,15.314235,7014.206,0,0.000000,4,2,42.219982,1,0,0,-0.000184,0.999999,0.001648,1.000000,0.000184,0.000165,-0.004013,0.000010,0.000000,0.000000,0.000000,1,-0.002277,6904.595215,-0.539971,-1280.097046,0.000005,0.011435,43.810707,1,-0.002597,6891.217285,-0.538898,-1280.339478,0.000005,0.011437,43.809959,1,0.003670,5856.843750,1.061528,3458.498535,-0.000010,-0.037683,42.219795,1,0.003363,5846.211914,1.060736,3458.892822,-0.000010,-0.037687,42.220169,1.751924,25497.765625,-4286.596680,91.537216,0.954696,-0.114938,0.000000,0.000000,0.000000,0.000000,0.000000,0.000000,0.000000,0.000000,0.000000
126,2.100000,0.000488,-0.000151,-17.954468,0.002552,0.000676,-15.369212,-0.000165,-0.000025,15.369193,7038.807,0,0.000000,4,2,42.361088,1,0,0,-0.000184,0.999999,0.001589,1.000000,0.000184,0.000166,-0.003558,0.000008,0.000000,0.000000,0.000000,1,-0.002207,6906.966797,-0.544947,-1245.286499,0.000005,0.011124,43.975830,1,-0.002527,6893.572754,-0.543867,-1245.549805,0.000005,0.011126,43.975117,1,0.003560,5853.528320,1.076555,3318.138916,-0.000011,-0.036154,42.360905,1,0.003253,5842.892578,1.075762,3318.338623,-0.000011,-0.036156,42.361271,1.738628,25495.320312,-4074.777344,82.167099,0.959297,-0.127194,0.000000,0.000000,0.000000,0.000000,0.000000,0.000000,0.000000,0.000000,0.000000
127,2.116667,0.000488,-0.000137,-18.211548,0.002574,0.000855,-15.421453,-0.000166,-0.000020,15.421434,7062.332,0,0.000000,4,2,42.497227,1,0,0,-0.000184,0.999999,0.001536,1.000000,0.000184,0.000166,-0.003149,0.000006,0.000000,0.000000,0.000000,1,-0.002149,6908.893555,-0.568514,-1198.239624,0.000005,0.010704,44.135895,1,-0.002469,6895.495605,-0.567426,-1198.513916,0.000005,0.010706,44.135220,1,0.003459,5850.446289,0.743916,3211.635498,-0.000008,-0.034993,42.497044,1,0.003152,5839.809570,0.742547,3211.781250,-0.000008,-0.034995,42.497410,1.007102,25492.548828,-3955.316650,77.629990,0.022233,-0.187929,0.000000,0.000000,0.000000,0.000000,0.000000,0.000000,0.000000,0.000000,0.000000
128,2.133333,0.000488,-0.000120,-18.469360,0.002587,0.001001,-15.472161,-0.000166,-0.000020,15.472147,7085.028,0,0.000000,4,2,42.627537,1,0,0,-0.000184,0.999999,0.001490,1.000000,0.000184,0.000166,-0.002763,0.000004,0.000000,0.000000,0.000000,1,-0.002102,6910.371094,-0.553237,-1162.468750,0.000005,0.010384,44.289120,1,-0.002422,6896.969727,-0.552181,-1162.608276,0.000005,0.010386,44.288486,1,0.003366,5847.629395,0.767221,3084.517822,-0.000008,-0.033608,42.627354,1,0.003059,5836.987793,0.765799,3084.892822,-0.000008,-0.033612,42.627720,1.055060,25489.447266,-3772.517090,66.645615,0.488018,-0.179382,0.000000,0.000000,0.000000,0.000000,0.000000,0.000000,0.000000,0.000000,0.000000
129,2.150000,0.000488,-0.000102,-18.728027,0.002601,0.001110,-15.520527,-0.000166,-0.000018,15.520514,7106.753,0,0.000000,4,2,42.752979,1,0,0,-0.000184,0.999999,0.001450,1.000000,0.000184,0.000167,-0.002432,0.000001,0.000000,0.000000,0.000000,1,-0.002065,6911.550293,-0.517338,-1119.904785,0.000005,0.010004,44.437145,1,-0.002385,6898.143066,-0.516344,-1120.096924,0.000005,0.010006,44.436535,1,0.003280,5845.043457,0.576496,2979.156494,-0.000006,-0.032460,42.752800,1,0.002973,5834.412109,0.575421,2979.484375,-0.000006,-0.032464,42.753159,0.725745,25486.376953,-3646.373291,62.211040,-0.186098,-0.192031,0.000000,0.000000,0.000000,0.000000,0.000000,0.000000,0.000000,0.000000,0.000000
130,2.166667,0.000488,-0.000082,-18.987427,0.002610,0.001183,-15.567275,-0.000167,-0.000018,15.567261,7127.667,0,0.000000,4,2,42.873104,1,0,0,-0.000184,0.999999,0.001414,1.000000,0.000184,0.000167,-0.002123,-0.000002,0.000000,0.000000,0.000000,1,-0.002036,6912.409668,-0.485883,-1084.508301,0.000004,0.009688,44.578987,1,-0.002356,6899.017090,-0.484952,-1084.618652,0.000004,0.009689,44.578403,1,0.003202,5842.705566,0.657047,2862.925293,-0.000007,-0.031194,42.872925,1,0.002895,5832.075684,0.655979,2863.466553,-0.000007,-0.031200,42.873283,0.923805,25483.238281,-3484.563232,53.034283,0.362930,-0.127722,0.000000,0.000000,0.000000,0.000000,0.000000,0.000000,0.000000,0.000000,0.000000
131,2.183333,0.000488,-0.000062,-19.247681,0.002622,0.001219,-15.611949,-0.000167,-0.000017,15.611936,7147.694,0,0.000000,4,2,42.988556,1,0,0,-0.000184,0.999999,0.001383,1.000000,0.000184,0.000167,-0.001860,-0.000004,0.000000,0.000000,0.000000,1,-0.002014,6913.073242,-0.450655,-1045.577637,0.000004,0.009340,44.715683,1,-0.002334,6899.679688,-0.449792,-1045.734985,0.000004,0.009342,44.715115,1,0.003130,5840.555176,0.675055,2761.015137,-0.000007,-0.030083,42.988380,1,0.002823,5829.936523,0.673989,2761.573730,-0.000007,-0.030089,42.988731,1.010024,25480.177734,-3358.156738,44.562603,0.428335,-0.102107,0.000000,0.000000,0.000000,0.000000,0.000000,0.000000,0.000000,0.000000,0.000000
132,2.200000,0.000488,-0.000041,-19.508545,0.002635,0.001219,-15.655003,-0.000167,-0.000015,15.654989,7166.941,1,0.000000,4,3,61.973778,1,0,0,-0.000184,0.999999,0.001356,1.000000,0.000184,0.000167,-0.001638,-0.000005,0.000000,0.000000,0.000000,1,-0.001996,6913.581055,-0.435511,-1011.304382,0.000004,0.009034,44.846722,1,-0.002317,6900.194824,-0.434678,-1011.475647,0.000004,0.009035,44.846176,1,0.003065,5838.596680,0.247374,17515.789062,-0.000005,-0.146034,61.973534,1,0.002758,5827.983398,0.246490,17483.949219,-0.000005,-0.146043,61.974022,5.132849,25477.283203,-32903.433594,3354.725098,-28.770662,0.378654,0.000000,0.000000,0.000000,0.000000,0.000000,0.000000,0.000000,0.000000,0.000000
133,2.216667,0.000488,-0.000024,-19.776367,0.002700,0.001008,-16.076841,-0.000170,-0.000156,16.076822,7166.941,1,0.000000,4,3,60.719795,1,0,0,-0.000184,0.999999,0.001606,1.000000,0.000184,0.000170,0.015009,-0.000006,0.000000,0.000000,0.000000,1,-0.002357,6882.964844,-1.338260,-3310.021973,0.000007,0.016656,44.972778,1,-0.002677,6869.605957,-1.337372,-3309.728271,0.000007,0.016656,44.972260,1,0.003462,5875.859863,0.397310,8226.204102,-0.000010,-0.109110,60.719303,1,0.003156,5865.247559,0.396544,8211.346680,-0.000010,-0.109119,60.720287,-0.224968,25490.765625,-9740.261719,424.188599,-18.699247,-1.095245,0.000000,0.000000,0.000000,0.000000,0.000000,0.000000,0.000000,0.000000,0.000000
134,2.233333,0.000488,-0.000006,-20.046387,0.002698,0.001114,-16.201717,-0.000174,-0.000248,16.201689,7067.965,1,0.000000,4,3,60.128269,1,0,0,-0.000184,0.999998,0.001891,1.000000,0.000184,0.000174,0.017114,-0.000022,0.000000,0.000000,0.000000,1,-0.002769,6863.717285,-1.838037,-3989.157227,0.000010,0.023701,45.432919,1,-0.003088,6850.422363,-1.837257,-3987.967041,0.000010,0.023697,45.432358,1,0.003916,5894.427246,3.116890,8252.197266,-0.000019,-0.089914,60.127659,1,0.003610,5883.855469,0.775138,8237.397461,-0.000019,-0.089753,60.128880,1.687074,25489.185547,-8433.721680,139.863373,-13.285147,-0.782258,0.000000,0.000000,0.000000,0.000000,0.000000,0.000000,0.000000,0.000000,0.000000
135,2.250000,0.000488,0.000014,-20.318237,0.002719,0.001216,-16.309841,-0.000179,-0.000313,16.309807,6961.608,1,0.000000,4,3,59.534885,1,0,0,-0.000183,0.999998,0.002188,1.000000,0.000183,0.000180,0.017809,-0.000033,0.000000,0.000000,0.000000,1,-0.003198,6845.076172,-2.261030,-4346.223145,0.000014,0.029315,45.991764,1,-0.003516,6831.842773,-2.260310,-4344.323730,0.000014,0.029306,45.991028,1,0.004387,5911.648438,2.750574,17734.945312,-0.000031,-0.180076,59.534161,1,0.004082,5901.113281,2.746117,17703.339844,-0.000031,-0.179932,59.535610,5.764479,25486.167969,-26667.935547,2060.375000,-25.573153,0.556571,0.000000,0.000000,0.000000,0.000000,0.000000,0.000000,0.000000,0.000000,0.000000
136,2.266667,0.000488,0.000034,-20.595825,0.002793,0.001180,-16.651737,-0.000186,-0.000439,16.651682,6847.835,1,0.000000,4,3,58.265251,1,0,0,-0.000183,0.999996,0.002655,1.000000,0.000182,0.000187,0.028033,-0.000029,0.000000,0.000000,0.000000,1,-0.003860,6807.848633,-2.980834,-5633.160156,0.000019,0.037112,46.602501,1,-0.004177,6794.674805,-2.979955,-5630.106445,0.000019,0.037096,46.601490,1,0.005142,5952.202148,1.903678,8333.083008,-0.000048,-0.144645,58.264290,1,0.004837,5941.688477,1.899670,8318.363281,-0.000048,-0.144500,58.266212,-1.164075,25492.759766,-5304.997070,-713.008667,-13.775089,-0.367136,0.000000,0.000000,0.000000,0.000000,0.000000,0.000000,0.000000,0.000000,0.000000
137,2.283333,0.000488,0.000057,-20.874390,0.002778,0.001371,-16.719749,-0.000195,-0.000507,16.719673,6709.783,1,0.000000,4,3,57.666092,1,0,0,-0.000182,0.999995,0.003064,1.000000,0.000182,0.000195,0.024496,-0.000033,0.000000,0.000000,0.000000,1,-0.004445,6786.665527,-2.471961,-3024.507812,0.000022,0.027018,47.400276,1,-0.004761,6773.551270,-2.467153,-3014.602295,0.000022,0.026929,47.398823,1,0.005795,5969.772461,2.583605,8357.681641,-0.000071,-0.109579,57.665020,1,0.005492,5959.289062,2.578138,8343.004883,-0.000071,-0.109433,57.667164,2.292756,25485.203125,-10577.710938,-179.931549,1.612284,0.039893,0.000000,0.000000,0.000000,0.000000,0.000000,0.000000,0.000000,0.000000,0.000000
138,2.300000,0.000488,0.000081,-21.155396,0.002808,0.001443,-16.855362,-0.000203,-0.000499,16.855267,6576.803,1,0.000000,4,3,57.065178,1,0,0,-0.000182,0.999994,0.003457,1.000000,0.000181,0.000204,0.023603,-0.000032,0.000000,0.000000,0.000000,1,-0.005011,6763.907227,-0.646604,-2880.779297,0.000006,0.025734,47.818924,1,-0.005326,6750.844727,-0.645327,-2876.865723,0.000006,0.025699,47.816029,1,0.006422,5990.288086,8.516932,17970.861328,-0.000095,-0.175614,57.063999,1,0.006120,5979.826660,8.503606,17939.478516,-0.000095,-0.175496,57.066357,21.861443,25480.628906,-30067.460938,1883.679688,-2.704405,2.189256,0.000000,0.000000,0.000000,0.000000,0.000000,0.000000,0.000000,0.000000,0.000000
139,2.316667,0.000488,0.000103,-21.442749,0.003088,0.001349,-17.240843,-0.000212,-0.000512,17.240709,6436.281,1,0.000000,4,3,55.778694,1,0,0,-0.000182,0.999992,0.004006,1.000000,0.000181,0.000213,0.032950,-0.000005,0.000000,0.000000,0.000000,1,-0.005789,6722.857422,-1.287206,-5378.278320,0.000008,0.034015,48.216682,1,-0.006103,6709.807617,-1.285938,-5375.927734,0.000008,0.033985,48.213219,1,0.007310,6034.447266,3.879181,8448.224609,-0.000119,-0.141696,55.777290,1,0.007008,6023.940918,3.869935,8433.516602,-0.000119,-0.141576,55.780098,6.462113,25486.837891,-6038.360352,-1216.404297,-11.266785,0.884549,0.000000,0.000000,0.000000,0.000000,0.000000,0.000000,0.000000,0.000000,0.000000
140,2.333333,0.000488,0.000128,-21.731323,0.003171,0.001496,-17.318258,-0.000221,-0.000568,17.318092,6258.321,1,0.000000,4,3,55.171318,1,0,0,-0.000182,0.999990,0.004455,1.000000,0.000181,0.000222,0.026915,0.000011,0.000000,0.000000,0.000000,1,-0.006431,6701.775391,-1.421863,-3431.020752,0.000010,0.030649,48.977413,1,-0.006745,6688.710938,-1.420646,-3428.040039,0.000010,0.030623,48.973610,1,0.008028,6050.899902,12.971098,18152.695312,-0.000146,-0.188490,55.169811,1,0.007726,6040.363281,12.949189,18121.085938,-0.000146,-0.188405,55.172825,29.592794,25477.289062,-29324.742188,1383.212158,12.311370,3.293682,0.000000,0.000000,0.000000,0.000000,0.000000,0.000000,0.000000,0.000000,0.000000
141,2.350000,0.000488,0.000151,-22.026245,0.003550,0.001389,-17.694216,-0.000230,-0.000507,17.694000,6098.204,1,0.000000,4,3,53.871864,1,0,0,-0.000183,0.999987,0.005018,1.000000,0.000182,0.000231,0.033778,0.000054,0.000000,0.000000,0.000000,1,-0.007228,6662.386230,-1.952080,-6045.561035,0.000013,0.039318,49.455139,1,-0.007544,6649.233398,-1.950605,-6045.542480,0.000013,0.039302,49.450905,1,0.008938,6092.490234,5.953565,8529.484375,-0.000168,-0.155732,53.870140,1,0.008635,6081.815430,5.936716,8514.539062,-0.000168,-0.155644,53.873589,9.110926,25481.576172,-4858.994141,-1713.882568,-6.133191,0.318722,0.000000,0.000000,0.000000,0.000000,0.000000,0.000000,0.000000,0.000000,0.000000
142,2.366667,0.000488,0.000177,-22.322144,0.003667,0.001501,-17.756510,-0.000239,-0.000538,17.756256,5891.648,1,0.000000,4,3,53.258694,1,0,0,-0.000184,0.999985,0.005439,1.000000,0.000183,0.000240,0.025274,0.000063,0.000000,0.000000,0.000000,1,-0.007831,6645.272949,-2.198821,-3056.348633,0.000015,0.027302,50.312851,1,-0.008149,6632.049805,-2.197291,-3055.964844,0.000015,0.027299,50.308613,1,0.009612,6103.993652,18.615875,18311.970703,-0.000193,-0.183593,53.256870,1,0.009307,6093.254883,18.581516,18279.757812,-0.000193,-0.183542,53.260521,40.085968,25470.132812,-30384.820312,1202.870361,30.532820,2.870423,0.000000,0.000000,0.000000,0.000000,0.000000,0.000000,0.000000,0.000000,0.000000
143,2.383333,0.000610,0.000198,-22.624634,0.004181,0.001317,-18.146059,-0.000245,-0.000387,18.145744,5711.694,1,0.000000,4,3,51.947891,1,0,0,-0.000186,0.999982,0.005960,1.000000,0.000184,0.000246,0.031242,0.000099,0.000000,0.000000,0.000000,1,-0.008568,6609.331543,-2.989249,-5703.590332,0.000019,0.036080,50.736126,1,-0.008889,6595.974121,-2.987962,-5707.310059,0.000019,0.036090,50.731831,1,0.010454,6142.065918,21.501560,17505.121094,-0.000208,-0.190732,51.945854,1,0.010147,6131.175781,21.500648,17491.169922,-0.000208,-0.190580,51.949928,42.808887,25474.427734,-23486.597656,106.716057,46.204960,2.520724,0.000000,0.000000,0.000000,0.000000,0.000000,0.000000,0.000000,0.000000,0.000000
144,2.400000,0.000732,0.000219,-22.932007,0.004730,0.001245,-18.447170,-0.000248,-0.000160,18.446793,5476.213,1,0.000000,4,3,50.694031,1,0,0,-0.000188,0.999979,0.006489,1.000000,0.000186,0.000249,0.031771,0.000131,0.000000,0.000000,0.000000,1,-0.009316,6577.998047,-4.043731,-6788.300293,0.000026,0.045196,51.544136,1,-0.009640,6564.483398,-4.042325,-6794.587891,0.000026,0.045223,51.540382,1,0.011312,6173.006348,4.028198,14675.946289,-0.000044,-0.159906,50.691929,1,0.011002,6161.927734,4.021453,14661.759766,-0.000044,-0.159751,50.696133,3.859783,25473.457031,-15652.730469,-963.304443,-14.341567,-2.466801,0.000000,0.000000,0.000000,0.000000,0.000000,0.000000,0.000000,0.000000,0.000000
145,2.416667,0.000854,0.000240,-23.242798,0.004779,0.001220,-18.647846,-0.000252,-0.000231,18.647408,5228.639,1,0.000000,4,3,49.642117,1,0,0,-0.000190,0.999976,0.006939,1.000000,0.000188,0.000253,0.026991,0.000100,0.000000,0.000000,0.000000,1,-0.009954,6556.146973,-4.836061,-4102.460938,0.000032,0.036647,52.509792,1,-0.010280,6542.562012,-4.834766,-4099.524902,0.000032,0.036621,52.506954,1,0.012039,6191.785645,5.299069,12453.571289,-0.000049,-0.150918,49.639946,1,0.011725,6180.631348,5.292271,12447.482422,-0.000049,-0.150796,49.644287,5.116808,25467.361328,-16594.750000,-900.399170,13.927860,-3.141897,0.000000,0.000000,0.000000,0.000000,0.000000,0.000000,0.000000,0.000000,0.000000
146,2.433333,0.000977,0.000258,-23.557129,0.004845,0.001118,-18.860600,-0.000254,-0.000162,18.860104,4981.799,1,0.000000,4,3,48.748539,1,0,0,-0.000191,0.999973,0.007314,1.000000,0.000189,0.000256,0.022523,0.000057,0.000000,0.000000,0.000000,1,-0.010488,6538.327637,-2.613127,-4162.246582,0.000023,0.037181,53.085102,1,-0.010816,6524.738281,-2.607871,-4161.488770,0.000023,0.037174,53.081837,1,0.012643,6206.752930,5.487598,9410.611328,-0.000053,-0.132959,48.746361,1,0.012328,6195.624023,5.480795,9407.086914,-0.000053,-0.132868,48.750717,8.402863,25462.033203,-10387.248047,-1626.477295,9.028975,-2.540538,0.000000,0.000000,0.000000,0.000000,0.000000,0.000000,0.000000,0.000000,0.000000
147,2.450000,0.001099,0.000275,-23.873657,0.004952,0.000993,-18.993769,-0.000256,-0.000117,18.993235,4735.663,1,0.000000,4,3,48.072071,1,0,0,-0.000191,0.999971,0.007555,1.000000,0.000189,0.000258,0.014451,0.000025,0.000000,0.000000,0.000000,1,-0.010836,6531.607422,-2.294158,-3476.741455,0.000020,0.031058,53.669102,1,-0.011164,6518.043457,-2.289376,-3478.584961,0.000020,0.031074,53.665726,1,0.013026,6208.916504,4.598235,6200.344727,-0.000050,-0.108683,48.069893,1,0.012710,6197.791016,4.590283,6199.363281,-0.000050,-0.108622,48.074249,5.979574,25453.468750,-5336.154785,-2113.250977,7.652397,-2.602695,0.000000,0.000000,0.000000,0.000000,0.000000,0.000000,0.000000,0.000000,0.000000
148,2.466667,0.001221,0.000288,-24.191406,0.005029,0.000792,-19.062181,-0.000258,-0.000080,19.061634,4498.695,1,0.000000,4,3,47.624653,1,0,0,-0.000191,0.999971,0.007621,1.000000,0.000189,0.000259,0.003964,-0.000006,0.000000,0.000000,0.000000,1,-0.010940,6537.242676,-2.065843,-2511.156738,0.000018,0.022432,54.153473,1,-0.011268,6523.714844,-2.061549,-2515.009521,0.000018,0.022467,54.150364,1,0.013122,6197.638672,1.402754,3022.647461,-0.000015,-0.080566,47.622486,1,0.012807,6186.569336,1.400417,3024.097656,-0.000015,-0.080534,47.626820,-1.088647,25443.052734,-911.572754,-2458.972656,0.110610,-3.068066,0.000000,0.000000,0.000000,0.000000,0.000000,0.000000,0.000000,0.000000,0.000000
149,2.483333,0.001343,0.000296,-24.509277,0.005015,0.000486,-19.073868,-0.000259,-0.000079,19.073338,4456.824,1,0.000000,4,3,48.138405,1,0,0,-0.000190,0.999972,0.007484,1.000000,0.000188,0.000260,-0.008239,-0.000043,0.000000,0.000000,0.000000,1,-0.010760,6556.263672,-1.594682,-1449.598511,0.000014,0.012949,54.497513,1,-0.011087,6542.818359,-1.591395,-1454.059692,0.000014,0.012989,54.494961,1,0.012886,6172.345215,1.755049,1172.059326,-0.000017,-0.055401,48.136227,1,0.012571,6161.364746,1.752729,1176.161133,-0.000017,-0.055398,48.140583,0.148425,25431.751953,664.578857,-2416.101562,4.978853,-1.638787,0.000000,0.000000,0.000000,0.000000,0.000000,0.000000,0.000000,0.000000,0.000000
150,2.500000,0.001465,0.000297,-24.827026,0.005017,0.000042,-19.065348,-0.000260,-0.000055,19.064861,4504.902,1,0.000000,4,3,48.781925,1,0,0,-0.000189,0.999974,0.007147,1.000000,0.000187,0.000261,-0.020230,-0.000060,0.000000,0.000000,0.000000,1,-0.010297,6586.843750,-1.113914,-693.103210,0.000010,0.006191,54.687271,1,-0.010623,6573.463379,-1.111637,-697.435364,0.000010,0.006230,54.685368,1,0.012325,6136.113770,1.775086,-129.186035,-0.000018,-0.034315,48.779755,1,0.012013,6125.231934,1.772765,-122.641602,-0.000018,-0.034339,48.784096,0.864707,25422.041016,1751.410034,-2196.835938,8.447023,-1.099684,0.000000,0.000000,0.000000,0.000000,0.000000,0.000000,0.000000,0.000000,0.000000
151,2.516667,0.001587,0.000288,-25.144409,0.005028,-0.000530,-19.042894,-0.000260,-0.000013,19.042473,4565.125,1,0.000000,4,3,49.515347,1,0,0,-0.000188,0.999978,0.006628,1.000000,0.000186,0.000261,-0.031134,-0.000069,0.000000,0.000000,0.000000,1,-0.009575,6627.243652,-0.670278,-166.993057,0.000006,0.001492,54.767082,1,-0.009899,6613.927734,-0.668946,-171.012085,0.000006,0.001528,54.765808,1,0.011474,6091.350098,1.524772,-863.986084,-0.000017,-0.018083,49.513195,1,0.011163,6080.548340,1.522444,-855.234009,-0.000017,-0.018134,49.517498,1.141775,25415.187500,2166.012939,-1816.622070,10.289514,-0.632605,0.000000,0.000000,0.000000,0.000000,0.000000,0.000000,0.000000,0.000000,0.000000
152,2.533333,0.001709,0.000268,-25.461426,0.005043,-0.001206,-19.015125,-0.000259,0.000037,19.014780,4633.760,1,0.000000,4,3,50.297699,1,0,0,-0.000187,0.999982,0.005959,1.000000,0.000185,0.000261,-0.040151,-0.000074,0.000000,0.000000,0.000000,1,-0.008635,6675.023438,-0.321180,-96.824211,0.000003,0.001259,54.770432,1,-0.008958,6661.762695,-0.320507,-102.377197,0.000003,0.001300,54.769741,1,0.010384,6041.069336,0.995431,-1058.517212,-0.000015,-0.007090,50.295586,1,0.010075,6030.358887,0.993113,-1047.782471,-0.000015,-0.007165,50.299812,0.717448,25412.267578,2413.971924,-1427.627930,8.152741,-0.237245,0.000000,0.000000,0.000000,0.000000,0.000000,0.000000,0.000000,0.000000,0.000000
153,2.550000,0.001831,0.000235,-25.777832,0.005052,-0.001938,-18.984177,-0.000258,0.000077,18.983913,4706.974,1,0.000000,4,3,51.090027,1,0,0,-0.000186,0.999987,0.005172,1.000000,0.000184,0.000259,-0.047239,-0.000074,0.000000,0.000000,0.000000,1,-0.007521,6728.353027,-0.214183,76.989182,0.000002,0.000536,54.763584,1,-0.007841,6715.136719,-0.213692,71.921394,0.000002,0.000579,54.763699,1,0.009111,5987.246094,0.318316,-745.098938,-0.000011,-0.001445,51.087967,1,0.008804,5976.617676,0.316015,-732.540283,-0.000011,-0.001543,51.092087,-0.166578,25413.437500,1436.846924,-910.573120,8.088131,0.070314,0.000000,0.000000,0.000000,0.000000,0.000000,0.000000,0.000000,0.000000,0.000000
154,2.566667,0.001953,0.000191,-26.093872,0.005050,-0.002684,-18.965755,-0.000256,0.000117,18.965570,4781.122,1,0.000000,4,3,51.855850,1,0,0,-0.000184,0.999991,0.004309,1.000000,0.000183,0.000257,-0.051761,-0.000070,0.000000,0.000000,0.000000,1,-0.006290,6784.215820,-0.092061,197.124390,0.000001,-0.000316,54.731476,1,-0.006609,6771.040039,-0.091936,192.827805,0.000001,-0.000275,54.732327,1,0.007726,5933.243652,-0.520054,-33.477158,-0.000005,-0.000773,51.853867,1,0.007420,5922.680664,-0.522397,-19.320992,-0.000005,-0.000892,51.857834,-1.168537,25419.267578,-229.245453,-335.146362,7.258962,-0.510275,0.000000,0.000000,0.000000,0.000000,0.000000,0.000000,0.000000,0.000000,0.000000
155,2.583333,0.002075,0.000134,-26.410034,0.005035,-0.003392,-18.968695,-0.000254,0.000153,18.968573,4852.790,1,0.000000,4,3,52.566723,1,0,0,-0.000183,0.999994,0.003418,1.000000,0.000182,0.000254,-0.053427,-0.000077,0.000000,0.000000,0.000000,1,-0.005010,6839.561035,-0.063945,192.350189,0.000001,-0.000837,54.681908,1,-0.005327,6826.423340,-0.063764,188.994995,0.000001,-0.000800,54.683380,1,0.006306,5882.132324,-1.464226,962.644653,0.000003,-0.004379,52.564831,1,0.006002,5871.671875,-1.466517,978.195923,0.000003,-0.004517,52.568615,-2.496632,25429.707031,-2214.243652,224.042084,5.888527,-0.244929,0.000000,0.000000,0.000000,0.000000,0.000000,0.000000,0.000000,0.000000,0.000000
156,2.600000,0.002197,0.000067,-26.726685,0.005003,-0.004006,-18.997082,-0.000251,0.000182,18.997009,4919.314,1,0.000000,4,3,53.202488,1,0,0,-0.000182,0.999997,0.002546,1.000000,0.000181,0.000251,-0.052318,-0.000081,0.000000,0.000000,0.000000,1,-0.003745,6891.706543,0.042450,22.064838,0.000000,-0.000599,54.633034,1,-0.004060,6878.640625,0.042551,19.763081,0.000000,-0.000568,54.634991,1,0.004926,5836.368652,-2.448248,2132.309082,0.000012,-0.011378,53.200703,1,0.004624,5826.003418,-2.450613,2149.055176,0.000012,-0.011532,53.204273,-3.756879,25444.169922,-4214.927246,727.869263,3.800453,0.751123,0.000000,0.000000,0.000000,0.000000,0.000000,0.000000,0.000000,0.000000,0.000000
157,2.616667,0.002319,-0.000007,-27.044067,0.004955,-0.004474,-19.051119,-0.000247,0.000201,19.051085,4978.811,1,0.000000,4,3,53.751064,1,0,0,-0.000181,0.999999,0.001735,1.000000,0.000180,0.000248,-0.048708,-0.000073,0.000000,0.000000,0.000000,1,-0.002555,6938.369141,0.189950,-320.218079,-0.000000,0.000685,54.608906,1,-0.002868,6925.337891,0.190020,-321.418304,-0.000000,0.000708,54.611198,1,0.003655,5797.815918,-3.404806,3375.307373,0.000021,-0.020805,53.749397,1,0.003354,5787.522461,-3.407100,3393.091797,0.000021,-0.020974,53.752731,-4.943284,25461.576172,-6017.880859,1139.202148,0.914720,0.852233,0.000000,0.000000,0.000000,0.000000,0.000000,0.000000,0.000000,0.000000,0.000000
158,2.633333,0.002441,-0.000086,-27.362915,0.004891,-0.004755,-19.128271,-0.000244,0.000205,19.128258,5030.148,1,0.000000,4,3,54.207630,1,0,0,-0.000179,0.999999,0.001017,1.000000,0.000179,0.000244,-0.043056,-0.000064,0.000000,0.000000,0.000000,1,-0.001489,6977.860840,0.374444,-810.221924,-0.000002,0.003117,54.634525,1,-0.001801,6964.870117,0.374486,-810.327026,-0.000002,0.003132,54.636990,1,0.002544,5767.610352,-4.240819,4606.717773,0.000030,-0.031714,54.206097,1,0.002245,5757.362793,-4.243099,4625.415039,0.000031,-0.031896,54.209164,-5.905448,25480.832031,-7501.818359,1441.932617,-2.280591,0.915303,0.000000,0.000000,0.000000,0.000000,0.000000,0.000000,0.000000,0.000000,0.000000
159,2.650000,0.002563,-0.000167,-27.683228,0.004816,-0.004821,-19.224449,-0.000241,0.000194,19.224447,5072.875,1,0.000000,4,3,54.573498,1,0,0,-0.000179,1.000000,0.000419,1.000000,0.000178,0.000241,-0.035901,-0.000054,0.000000,0.000000,0.000000,1,-0.000587,7009.023926,0.590432,-1400.961792,-0.000003,0.006605,54.731358,1,-0.000897,6996.058105,0.590444,-1400.000244,-0.000003,0.006612,54.733837,1,0.001632,5746.220703,-4.875892,5758.519531,0.000039,-0.043232,54.572105,1,0.001334,5736.033691,-4.878167,5778.055664,0.000039,-0.043425,54.574890,-6.498201,25500.464844,-8624.741211,1640.011719,-5.325994,0.987497,0.000000,0.000000,0.000000,0.000000,0.000000,0.000000,0.000000,0.000000,0.000000
160,2.666667,0.002686,-0.000244,-28.005493,0.004732,-0.004663,-19.335022,-0.000238,0.000168,19.335024,5107.113,1,0.000000,4,3,54.854858,1,0,0,-0.000178,1.000000,-0.000044,1.000000,0.000178,0.000238,-0.027761,-0.000045,0.000000,0.000000,0.000000,1,0.000126,7031.203125,0.834407,-2032.961670,-0.000005,0.010894,54.914047,1,-0.000183,7018.258789,0.834401,-2031.046631,-0.000005,0.010892,54.916386,1,0.000942,5733.708984,-5.249163,6779.366699,0.000046,-0.054603,54.853619,1,0.000646,5723.557617,-5.251435,6799.684082,0.000046,-0.054806,54.856098,-6.596269,25519.257812,-9402.892578,1695.000000,-7.877461,1.018052,0.000000,0.000000,0.000000,0.000000,0.000000,0.000000,0.000000,0.000000,0.000000
161,2.683333,0.002808,-0.000316,-28.329712,0.004648,-0.004283,-19.455572,-0.000236,0.000129,19.455572,5133.443,1,0.000000,4,3,55.061558,1,0,0,-0.000177,1.000000,-0.000366,1.000000,0.000177,0.000236,-0.019348,-0.000035,0.000000,0.000000,0.000000,1,0.000641,7044.627441,1.104615,-2644.593506,-0.000007,0.015620,55.188587,1,0.000332,7031.699707,1.104600,-2641.860596,-0.000007,0.015609,55.190647,1,0.000479,5729.201172,-5.322860,7633.247070,0.000050,-0.065206,55.060482,1,0.000183,5719.058105,-5.325132,7654.290527,0.000050,-0.065420,55.062634,-6.109439,25535.949219,-9887.530273,1676.878906,-9.601256,1.029238,0.000000,0.000000,0.000000,0.000000,0.000000,0.000000,0.000000,0.000000,0.000000
162,2.700000,0.002930,-0.000378,-28.656006,0.004569,-0.003702,-19.582335,-0.000234,0.000082,19.582335,5152.787,1,0.000000,4,3,55.205971,1,0,0,-0.000177,1.000000,-0.000550,1.000000,0.000177,0.000234,-0.011024,-0.000025,0.000000,0.000000,0.000000,1,0.000955,7049.590820,1.399262,-3181.053711,-0.000009,0.020369,55.552017,1,0.000647,7036.683594,1.399293,-3177.674561,-0.000009,0.020352,55.553680,1,0.000236,5731.986816,-3.580861,8297.462891,0.000039,-0.074561,55.205063,1,-0.000060,5721.859863,-3.574753,8319.195312,0.000039,-0.074783,55.206879,-1.981271,25549.832031,-10142.890625,1614.930664,-5.273230,1.465377,0.000000,0.000000,0.000000,0.000000,0.000000,0.000000,0.000000,0.000000,0.000000
163,2.716667,0.003052,-0.000427,-28.984497,0.004544,-0.002952,-19.712372,-0.000233,0.000056,19.712370,5166.302,1,0.000000,4,3,55.302025,1,0,0,-0.000177,1.000000,-0.000600,1.000000,0.000177,0.000233,-0.003006,-0.000008,0.000000,0.000000,0.000000,1,0.001073,7046.479004,1.646653,-2722.675537,-0.000011,0.024322,55.993416,1,0.000765,7033.556641,1.646684,-2714.582520,-0.000011,0.024249,55.994587,1,0.000202,5741.395508,-1.157736,8761.007812,0.000013,-0.082317,55.301292,1,-0.000093,5731.256836,-1.155658,8783.196289,0.000013,-0.082547,55.302757,3.777346,25560.287109,-11990.372070,1710.478760,7.924951,1.934680,0.000000,0.000000,0.000000,0.000000,0.000000,0.000000,0.000000,0.000000,0.000000
164,2.733333,0.003174,-0.000461,-29.315552,0.004592,-0.002082,-19.866095,-0.000232,0.000095,19.866093,5175.290,1,0.000000,4,3,55.364357,1,0,0,-0.000177,1.000000,-0.000509,1.000000,0.000177,0.000232,0.005486,0.000015,0.000000,0.000000,0.000000,1,0.000982,7034.063965,1.489073,-2939.228271,-0.000013,0.026256,56.368195,1,0.000674,7021.108887,1.486358,-2935.442871,-0.000013,0.026222,56.368191,1,0.000388,5758.962891,-1.770738,8929.657227,0.000015,-0.087877,55.363808,1,0.000093,5748.775879,-1.768652,8951.694336,0.000015,-0.088110,55.364906,2.190684,25568.097656,-11888.281250,1551.649658,2.787269,2.175099,0.000000,0.000000,0.000000,0.000000,0.000000,0.000000,0.000000,0.000000,0.000000
165,2.750000,0.003296,-0.000480,-29.649170,0.004620,-0.001109,-20.018509,-0.000230,0.000109,20.018507,5181.124,1,0.000000,4,3,55.414253,1,0,0,-0.000178,1.000000,-0.000289,1.000000,0.000178,0.000230,0.013191,0.000041,0.000000,0.000000,0.000000,1,0.000699,7014.239258,1.345561,-3027.678467,-0.000012,0.027046,56.774448,1,0.000390,7001.212891,1.343089,-3025.749023,-0.000012,0.027029,56.773891,1,0.000771,5782.154297,-2.221207,5512.192871,0.000018,-0.060060,55.413883,1,0.000475,5771.885254,-2.219118,5504.509277,0.000018,-0.059976,55.414623,-0.638239,25572.031250,-4843.052734,562.459106,-25.171602,1.445439,0.000000,0.000000,0.000000,0.000000,0.000000,0.000000,0.000000,0.000000,0.000000
166,2.766667,0.003418,-0.000481,-29.983887,0.004612,-0.000038,-20.080599,-0.000230,-0.000015,20.080599,5185.793,1,0.000000,4,3,55.708817,1,0,0,-0.000179,1.000000,-0.000023,1.000000,0.000179,0.000230,0.015987,0.000060,0.000000,0.000000,0.000000,1,0.000334,6995.557129,1.265207,-2198.201904,-0.000012,0.019636,57.193554,1,0.000023,6982.447266,1.262740,-2196.682617,-0.000012,0.019623,57.192719,1,0.001215,5800.450195,-1.576799,6515.809082,0.000018,-0.064119,55.708382,1,0.000917,5790.094727,-1.574715,6509.517090,0.000018,-0.064040,55.709251,1.335545,25568.289062,-8509.472656,827.936707,-19.358906,1.314832,0.000000,0.000000,0.000000,0.000000,0.000000,0.000000,0.000000,0.000000,0.000000
167,2.783333,0.003540,-0.000464,-30.320435,0.004629,0.000974,-20.189695,-0.000232,-0.000110,20.189693,5213.359,1,0.000000,4,3,55.929775,1,0,0,-0.000180,1.000000,0.000312,1.000000,0.000180,0.000232,0.020100,0.000077,0.000000,0.000000,0.000000,1,-0.000142,6971.015625,0.800752,-2237.045410,-0.000010,0.019983,57.492107,1,-0.000455,6957.812500,0.798328,-2234.524658,-0.000010,0.019961,57.491055,1,0.001755,5824.009766,-0.698659,5905.717285,0.000014,-0.064347,55.929287,1,0.001455,5813.549805,-0.696585,5908.417480,0.000014,-0.064377,55.930264,1.880104,25563.447266,-7220.277344,487.281433,-7.613982,0.264506,0.000000,0.000000,0.000000,0.000000,0.000000,0.000000,0.000000,0.000000,0.000000
168,2.800000,0.003662,-0.000432,-30.658447,0.004654,0.001946,-20.282263,-0.000235,-0.000147,20.282259,5234.037,1,0.000000,4,3,56.192501,1,0,0,-0.000181,1.000000,0.000688,1.000000,0.000181,0.000235,0.022522,0.000079,0.000000,0.000000,0.000000,1,-0.000690,6945.100586,0.593937,-2094.383545,-0.000008,0.018709,57.796307,1,-0.001004,6931.823242,0.591542,-2092.722900,-0.000008,0.018694,57.794888,1,0.002345,5846.986816,0.110235,5978.579590,0.000008,-0.065141,56.192036,1,0.002043,5836.440918,0.112301,5982.208984,0.000008,-0.065181,56.192966,3.203710,25554.859375,-7650.270508,357.737488,-3.833373,0.130432,0.000000,0.000000,0.000000,0.000000,0.000000,0.000000,0.000000,0.000000,0.000000
169,2.816667,0.003784,-0.000385,-30.998169,0.004695,0.002823,-20.380342,-0.000237,-0.000166,20.380333,5258.624,1,0.000000,4,3,56.448242,1,0,0,-0.000183,0.999999,0.001093,1.000000,0.000182,0.000237,0.024302,0.000080,0.000000,0.000000,0.000000,1,-0.001292,6917.579102,0.467180,-2074.686279,-0.000007,0.018533,58.079773,1,-0.001610,6904.218262,0.464814,-2073.484375,-0.000007,0.018522,58.078114,1,0.002971,5870.375000,0.926001,5853.645020,0.000002,-0.063780,56.447803,1,0.002666,5859.745605,0.928055,5857.827637,0.000002,-0.063825,56.448681,4.553516,25544.166016,-7438.694336,155.436737,-0.576652,-0.015539,0.000000,0.000000,0.000000,0.000000,0.000000,0.000000,0.000000,0.000000,0.000000
170,2.833333,0.003906,-0.000325,-31.339478,0.004753,0.003582,-20.475710,-0.000240,-0.000169,20.475691,5282.556,1,0.000000,4,3,56.711159,1,0,0,-0.000184,0.999999,0.001511,1.000000,0.000183,0.000240,0.025076,0.000079,0.000000,0.000000,0.000000,1,-0.001926,6889.822266,0.395654,-2037.722168,-0.000006,0.018203,58.360378,1,-0.002245,6876.393555,0.393306,-2037.044312,-0.000006,0.018197,58.358543,1,0.003605,5892.778809,1.674267,5863.292480,-0.000006,-0.063885,56.710754,1,0.003299,5882.071289,1.676396,5866.944336,-0.000006,-0.063925,56.711563,5.950653,25531.355469,-7529.692871,3.144746,1.388557,-0.099521,0.000000,0.000000,0.000000,0.000000,0.000000,0.000000,0.000000,0.000000,0.000000
171,2.850000,0.004028,-0.000255,-31.682251,0.004829,0.004196,-20.572245,-0.000243,-0.000162,20.572214,5307.160,1,0.000000,4,3,56.971611,1,0,0,-0.000185,0.999998,0.001929,1.000000,0.000185,0.000243,0.025095,0.000078,0.000000,0.000000,0.000000,1,-0.002570,6862.458984,0.330517,-2029.178589,-0.000005,0.018127,58.635609,1,-0.002891,6848.957520,0.328087,-2028.902100,-0.000005,0.018124,58.633678,1,0.004229,5913.916016,2.320014,5822.466797,-0.000013,-0.063440,56.971233,1,0.003921,5903.132324,2.322162,5825.419434,-0.000013,-0.063472,56.971989,7.116533,25517.171875,-7462.839355,-143.832794,2.871841,-0.219211,0.000000,0.000000,0.000000,0.000000,0.000000,0.000000,0.000000,0.000000,0.000000
172,2.866667,0.004150,-0.000178,-32.026733,0.004921,0.004648,-20.667923,-0.000245,-0.000148,20.667877,5331.534,1,0.000000,4,3,57.233208,1,0,0,-0.000186,0.999997,0.002335,1.000000,0.000186,0.000246,0.024383,0.000075,0.000000,0.000000,0.000000,1,-0.003205,6836.280273,0.244068,-2016.266602,-0.000004,0.018011,58.909599,1,-0.003529,6822.716309,0.241622,-2016.325562,-0.000004,0.018012,58.907627,1,0.004826,5933.248047,2.825467,5813.842773,-0.000020,-0.063346,57.232853,1,0.004516,5922.391113,2.827549,5815.772461,-0.000020,-0.063367,57.233562,7.974846,25502.199219,-7468.873535,-270.126740,3.744744,-0.336167,0.000000,0.000000,0.000000,0.000000,0.000000,0.000000,0.000000,0.000000,0.000000
173,2.883333,0.004272,-0.000096,-32.372803,0.005023,0.004928,-20.763678,-0.000247,-0.000130,20.763615,5356.015,1,0.000000,4,3,57.493637,1,0,0,-0.000188,0.999996,0.002719,1.000000,0.000187,0.000248,0.023044,0.000071,0.000000,0.000000,0.000000,1,-0.003815,6811.929199,0.110728,-2010.109741,-0.000003,0.017956,59.181713,1,-0.004140,6798.301270,0.108265,-2010.360596,-0.000003,0.017959,59.179749,1,0.005381,5950.418945,3.173351,5792.468262,-0.000025,-0.063113,57.493298,1,0.005069,5939.491211,3.175427,5793.304688,-0.000025,-0.063122,57.493977,8.412243,25487.023438,-7435.961914,-375.519318,4.262162,-0.491149,0.000000,0.000000,0.000000,0.000000,0.000000,0.000000,0.000000,0.000000,0.000000
174,2.900000,0.004395,-0.000012,-32.720337,0.005131,0.005032,-20.859011,-0.000249,-0.000109,20.858929,5380.387,1,0.000000,4,3,57.753796,1,0,0,-0.000189,0.999995,0.003072,1.000000,0.000188,0.000250,0.021181,0.000065,0.000000,0.000000,0.000000,1,-0.004383,6789.914062,-0.080052,-2003.062622,-0.000001,0.017893,59.452930,1,-0.004710,6776.239258,-0.082522,-2003.493286,-0.000001,0.017897,59.451004,1,0.005883,5965.156250,3.356841,5778.335449,-0.000029,-0.062959,57.753460,1,0.005570,5954.176270,3.358910,5778.210938,-0.000029,-0.062958,57.754131,8.407223,25472.148438,-7419.459473,-456.529083,3.801449,-1.346006,0.000000,0.000000,0.000000,0.000000,0.000000,0.000000,0.000000,0.000000,0.000000
175,2.916667,0.004517,0.000071,-33.069580,0.005238,0.004963,-20.954132,-0.000251,-0.000090,20.954029,5404.732,1,0.000000,4,3,58.013149,1,0,0,-0.000189,0.999994,0.003388,1.000000,0.000189,0.000251,0.018915,0.000047,0.000000,0.000000,0.000000,1,-0.004899,6770.611328,-0.340445,-1997.777710,0.000000,0.017846,59.723125,1,-0.005227,6756.907715,-0.342924,-1998.250610,0.000000,0.017850,59.721260,1,0.006323,5977.339355,3.414084,5760.850586,-0.000032,-0.062769,58.012814,1,0.006009,5966.332520,3.416148,5760.025879,-0.000032,-0.062760,58.013485,8.005547,25458.078125,-7393.124512,-521.934326,4.146766,-1.434191,0.000000,0.000000,0.000000,0.000000,0.000000,0.000000,0.000000,0.000000,0.000000
176,2.933333,0.004639,0.000150,-33.420410,0.005341,0.004729,-21.048916,-0.000252,-0.000070,21.048794,5429.004,1,0.000000,4,3,58.271912,1,0,0,-0.000190,0.999993,0.003660,1.000000,0.000189,0.000253,0.016324,0.000028,0.000000,0.000000,0.000000,1,-0.005352,6754.354980,-0.642554,-1992.426392,0.000002,0.017798,59.992554,1,-0.005680,6740.660645,-0.644997,-1992.973511,0.000002,0.017803,59.990757,1,0.006696,5986.849609,2.650633,5744.914551,-0.000029,-0.062595,58.271568,1,0.006380,5975.840820,2.645913,5743.402344,-0.000029,-0.062579,58.272255,5.870464,25445.253906,-7370.000000,-566.231262,1.848360,-1.603315,0.000000,0.000000,0.000000,0.000000,0.000000,0.000000,0.000000,0.000000,0.000000
177,2.950000,0.004761,0.000222,-33.772827,0.005416,0.004344,-21.143402,-0.000253,-0.000061,21.143259,5453.220,1,0.000000,4,3,58.529957,1,0,0,-0.000190,0.999992,0.003885,1.000000,0.000189,0.000254,0.013512,0.000007,0.000000,0.000000,0.000000,1,-0.005734,6741.356445,-0.943486,-1987.656616,0.000005,0.017756,60.261204,1,-0.006063,6727.682617,-0.945928,-1988.094482,0.000005,0.017760,60.259487,1,0.006997,5993.683594,1.389851,5727.885742,-0.000015,-0.062410,58.529598,1,0.006681,5982.693848,1.387198,5726.269531,-0.000015,-0.062392,58.530315,2.750148,25434.001953,-7344.291504,-597.095581,-1.445194,-1.857063,0.000000,0.000000,0.000000,0.000000,0.000000,0.000000,0.000000,0.000000,0.000000
178,2.966667,0.004883,0.000286,-34.126709,0.005452,0.003826,-21.237560,-0.000254,-0.000068,21.237400,5477.368,1,0.000000,4,3,58.787327,1,0,0,-0.000190,0.999992,0.004061,1.000000,0.000189,0.000255,0.010547,-0.000018,0.000000,0.000000,0.000000,1,-0.006040,6731.765137,-1.168137,-1983.140869,0.000007,0.017715,60.529160,1,-0.006368,6718.158691,-1.170572,-1983.250732,0.000007,0.017716,60.527508,1,0.007224,5997.858398,1.695863,5710.602539,-0.000016,-0.062221,58.786953,1,0.006909,5986.917480,1.693226,5709.609375,-0.000016,-0.062211,58.787701,2.914931,25424.683594,-7318.510742,-603.453979,1.039378,-1.611795,0.000000,0.000000,0.000000,0.000000,0.000000,0.000000,0.000000,0.000000,0.000000
179,2.983333,0.005005,0.000339,-34.482300,0.005489,0.003197,-21.331387,-0.000255,-0.000063,21.331213,5501.453,1,0.000000,4,3,59.044003,1,0,0,-0.000189,0.999991,0.004187,1.000000,0.000188,0.000256,0.007549,-0.000039,0.000000,0.000000,0.000000,1,-0.006267,6725.571289,-1.318695,-1978.596802,0.000009,0.017675,60.796459,1,-0.006594,6712.035156,-1.321159,-1978.744751,0.000009,0.017676,60.794823,1,0.007378,5999.553223,1.822039,5693.476562,-0.000018,-0.062035,59.043617,1,0.007065,5988.680176,1.819379,5692.548340,-0.000018,-0.062025,59.044388,2.867231,25417.501953,-7292.175781,-602.480347,1.936113,-1.397611,0.000000,0.000000,0.000000,0.000000,0.000000,0.000000,0.000000,0.000000,0.000000
180,3.000000,0.005127,0.000381,-34.839355,0.005526,0.002482,-21.424875,-0.000256,-0.000053,21.424692,5525.474,1,0.000000,4,3,59.299976,1,0,0,-0.000188,0.999991,0.004263,1.000000,0.000187,0.000257,0.004556,-0.000057,0.000000,0.000000,0.000000,1,-0.006413,6722.766602,-0.854558,-1974.118530,0.000008,0.017635,61.063099,1,-0.006739,6709.324219,-0.852832,-1974.365601,0.000008,0.017637,61.061481,1,0.007462,5998.851562,1.909472,5676.444824,-0.000019,-0.061849,59.299583,1,0.007150,5988.063477,1.906836,5675.309082,-0.000019,-0.061837,59.300369,3.974334,25412.562500,-7265.562988,-587.770386,0.723429,-1.004135,0.000000,0.000000,0.000000,0.000000,0.000000,0.000000,0.000000,0.000000,0.000000
181,3.016667,0.005249,0.000409,-35.197998,0.005577,0.001707,-21.518024,-0.000257,-0.000049,21.517834,5549.428,1,0.000000,4,3,59.555241,1,0,0,-0.000187,0.999991,0.004290,1.000000,0.000186,0.000258,0.001636,-0.000069,0.000000,0.000000,0.000000,1,-0.006480,6723.242188,-0.878949,-1969.764404,0.000008,0.017596,61.329086,1,-0.006804,6709.899414,-0.877248,-1969.981445,0.000008,0.017598,61.327507,1,0.007478,5995.944336,1.644027,5659.118164,-0.000018,-0.061660,59.554836,1,0.007168,5985.235352,1.641179,5658.137207,-0.000018,-0.061650,59.555645,3.393439,25409.917969,-7238.602539,-556.866089,0.100207,-0.832679,0.000000,0.000000,0.000000,0.000000,0.000000,0.000000,0.000000,0.000000,0.000000
182,3.033333,0.005371,0.000424,-35.558228,0.005620,0.000899,-21.610826,-0.000258,-0.000049,21.610632,5573.315,1,0.000000,4,3,59.809788,1,0,0,-0.000186,0.999991,0.004271,1.000000,0.000185,0.000258,-0.001131,-0.000080,0.000000,0.000000,0.000000,1,-0.006470,6726.793945,-0.878698,-1965.429199,0.000008,0.017557,61.594440,1,-0.006791,6713.558594,-0.876960,-1965.554932,0.000008,0.017558,61.592896,1,0.007431,5991.090820,1.583365,5641.828125,-0.000017,-0.061472,59.809376,1,0.007123,5980.470215,1.580632,5641.003418,-0.000017,-0.061463,59.810200,3.271690,25409.652344,-7211.739746,-517.787964,-0.096261,0.231342,0.000000,0.000000,0.000000,0.000000,0.000000,0.000000,0.000000,0.000000,0.000000
183,3.050000,0.005493,0.000425,-35.919922,0.005662,0.000086,-21.703285,-0.000258,-0.000049,21.703093,5597.137,1,0.000000,4,3,60.063602,1,0,0,-0.000184,0.999991,0.004209,1.000000,0.000183,0.000259,-0.003704,-0.000075,0.000000,0.000000,0.000000,1,-0.006388,6733.187500,-0.892029,-1961.078125,0.000008,0.017518,61.859165,1,-0.006707,6720.031250,-0.890272,-1961.160034,0.000008,0.017519,61.857639,1,0.007326,5984.518555,1.570573,5624.314453,-0.000017,-0.061281,60.063179,1,0.007020,5973.964844,1.567701,5623.847168,-0.000017,-0.061276,60.064026,3.218150,25411.574219,-7184.614258,-464.769470,0.270484,0.370940,0.000000,0.000000,0.000000,0.000000,0.000000,0.000000,0.000000,0.000000,0.000000
184,3.066667,0.005615,0.000414,-36.283203,0.005703,-0.000708,-21.795395,-0.000259,-0.000048,21.795208,5620.890,1,0.000000,4,3,60.316681,1,0,0,-0.000183,0.999992,0.004109,1.000000,0.000182,0.000260,-0.006014,-0.000068,0.000000,0.000000,0.000000,1,-0.006239,6742.072266,-0.883236,-1956.626953,0.000008,0.017479,62.123257,1,-0.006556,6728.986328,-0.881564,-1956.732056,0.000008,0.017479,62.121742,1,0.007171,5976.538574,1.468872,5607.083984,-0.000016,-0.061093,60.316254,1,0.006866,5966.048828,1.466205,5606.554688,-0.000016,-0.061088,60.317108,3.031106,25415.589844,-7157.768555,-396.938385,-0.126945,0.493639,0.000000,0.000000,0.000000,0.000000,0.000000,0.000000,0.000000,0.000000,0.000000
185,3.083333,0.005737,0.000389,-36.648071,0.005742,-0.001456,-21.887161,-0.000260,-0.000049,21.886982,5644.574,1,0.000000,4,3,60.569008,1,0,0,-0.000182,0.999992,0.003976,1.000000,0.000181,0.000261,-0.007987,-0.000060,0.000000,0.000000,0.000000,1,-0.006033,6753.027832,-0.877428,-1952.135620,0.000008,0.017438,62.386703,1,-0.006348,6739.989258,-0.875720,-1952.209351,0.000008,0.017439,62.385204,1,0.006973,5967.546875,1.530437,5589.671875,-0.000017,-0.060904,60.568573,1,0.006671,5957.107422,1.527832,5589.336426,-0.000017,-0.060900,60.569443,3.164623,25421.583984,-7130.949707,-326.410034,0.287703,0.600325,0.000000,0.000000,0.000000,0.000000,0.000000,0.000000,0.000000,0.000000,0.000000
186,3.100000,0.005859,0.000354,-37.014404,0.005783,-0.002138,-21.978584,-0.000261,-0.000047,21.978418,5668.187,1,0.000000,4,3,60.820572,1,0,0,-0.000182,0.999993,0.003816,1.000000,0.000181,0.000262,-0.009610,-0.000051,0.000000,0.000000,0.000000,1,-0.005777,6765.629395,-0.868006,-1947.511963,0.000008,0.017397,62.649498,1,-0.006091,6752.636719,-0.866390,-1947.590210,0.000008,0.017398,62.648006,1,0.006743,5957.837891,1.426028,5572.479004,-0.000016,-0.060716,60.820133,1,0.006442,5947.424805,1.423447,5572.176270,-0.000016,-0.060713,60.821011,2.973134,25429.218750,-7104.636230,-249.366089,-0.025696,0.654189,0.000000,0.000000,0.000000,0.000000,0.000000,0.000000,0.000000,0.000000,0.000000
187,3.116667,0.005981,0.000308,-37.382202,0.005821,-0.002731,-22.069670,-0.000262,-0.000048,22.069515,5691.729,1,0.000000,4,3,61.071350,1,0,0,-0.000181,0.999993,0.003635,1.000000,0.000180,0.000262,-0.010850,-0.000041,0.000000,0.000000,0.000000,1,-0.005484,6779.418457,-0.855879,-1942.754761,0.000008,0.017355,62.911621,1,-0.005797,6766.443848,-0.854231,-1942.797974,0.000008,0.017355,62.910141,1,0.006488,5947.736328,1.463873,5555.212891,-0.000016,-0.060528,61.070908,1,0.006188,5937.360840,1.461391,5554.996094,-0.000016,-0.060526,61.071793,3.071788,25438.179688,-7078.535645,-169.233276,0.204328,0.731491,0.000000,0.000000,0.000000,0.000000,0.000000,0.000000,0.000000,0.000000,0.000000
188,3.133333,0.006104,0.000255,-37.751465,0.005860,-0.003222,-22.160419,-0.000262,-0.000047,22.160278,5715.197,1,0.000000,4,3,61.321339,1,0,0,-0.000180,0.999994,0.003440,1.000000,0.000179,0.000263,-0.011692,-0.000030,0.000000,0.000000,0.000000,1,-0.005162,6793.928711,-0.845242,-1937.795532,0.000008,0.017310,63.173050,1,-0.005475,6780.969238,-0.843666,-1937.886841,0.000008,0.017311,63.171577,1,0.006219,5937.607422,1.400266,5538.163574,-0.000015,-0.060343,61.320892,1,0.005919,5927.240723,1.397721,5537.872559,-0.000015,-0.060339,61.321785,2.964267,25448.251953,-7053.028809,-90.263535,-0.102258,0.749451,0.000000,0.000000,0.000000,0.000000,0.000000,0.000000,0.000000,0.000000,0.000000
189,3.150000,0.006226,0.000195,-38.122314,0.005898,-0.003597,-22.250843,-0.000263,-0.000047,22.250717,5738.591,1,0.000000,4,3,61.570511,1,0,0,-0.000180,0.999995,0.003238,1.000000,0.000179,0.000264,-0.012142,-0.000019,0.000000,0.000000,0.000000,1,-0.004824,6808.690430,-0.838931,-1932.730957,0.000007,0.017265,63.433758,1,-0.005136,6795.735840,-0.837329,-1932.768921,0.000007,0.017265,63.432301,1,0.005943,5927.728027,1.452080,5521.096191,-0.000016,-0.060157,61.570061,1,0.005644,5917.360352,1.449597,5520.900391,-0.000016,-0.060154,61.570961,3.079302,25458.990234,-7027.967285,-16.930521,0.213194,0.779569,0.000000,0.000000,0.000000,0.000000,0.000000,0.000000,0.000000,0.000000,0.000000
190,3.166667,0.006348,0.000130,-38.494629,0.005938,-0.003848,-22.340944,-0.000264,-0.000046,22.340832,5761.910,1,0.000000,4,3,61.818855,1,0,0,-0.000180,0.999995,0.003034,1.000000,0.000179,0.000265,-0.012227,-0.000008,0.000000,0.000000,0.000000,1,-0.004480,6823.283691,-0.829680,-1927.425903,0.000007,0.017218,63.693729,1,-0.004792,6810.309570,-0.828143,-1927.436768,0.000007,0.017218,63.692280,1,0.005669,5918.308594,1.380480,5504.165527,-0.000015,-0.059972,61.818401,1,0.005371,5907.942871,1.378119,5503.935547,-0.000015,-0.059970,61.819309,2.953346,25469.937500,-7003.503418,54.499180,-0.018243,0.756836,0.000000,0.000000,0.000000,0.000000,0.000000,0.000000,0.000000,0.000000,0.000000
191,3.183333,0.006470,0.000064,-38.868408,0.005976,-0.003971,-22.430733,-0.000265,-0.000046,22.430632,5785.150,1,0.000000,4,3,62.066353,1,0,0,-0.000180,0.999996,0.002835,1.000000,0.000179,0.000265,-0.011957,0.000003,0.000000,0.000000,0.000000,1,-0.004140,6837.328613,-0.818246,-1921.989502,0.000007,0.017169,63.952930,1,-0.004451,6824.322754,-0.816684,-1922.003174,0.000007,0.017169,63.951485,1,0.005405,5909.644043,1.411733,5487.248535,-0.000015,-0.059788,62.065895,1,0.005107,5899.257812,1.409322,5487.010742,-0.000015,-0.059785,62.066811,3.037448,25480.986328,-6979.325195,115.180832,0.080409,0.711807,0.000000,0.000000,0.000000,0.000000,0.000000,0.000000,0.000000,0.000000,0.000000
192,3.200000,0.006592,-0.000002,-39.243896,0.006015,-0.003965,-22.520212,-0.000266,-0.000046,22.520123,5808.312,1,0.000000,4,3,62.312992,1,0,0,-0.000180,0.999996,0.002645,1.000000,0.000179,0.000266,-0.011385,0.000013,0.000000,0.000000,0.000000,1,-0.003812,6850.433105,-0.809955,-1916.330933,0.000007,0.017119,64.211342,1,-0.004124,6837.395508,-0.808400,-1916.346191,0.000007,0.017119,64.209900,1,0.005157,5901.828613,1.392159,5470.355469,-0.000015,-0.059604,62.312531,1,0.004858,5891.425293,1.389787,5470.158691,-0.000015,-0.059602,62.313454,3.013738,25491.468750,-6955.689453,163.740417,0.063752,0.686780,0.000000,0.000000,0.000000,0.000000,0.000000,0.000000,0.000000,0.000000,0.000000
193,3.216667,0.006714,-0.000066,-39.620728,0.006053,-0.003837,-22.609388,-0.000266,-0.000046,22.609310,5831.393,1,0.000000,4,3,62.558762,1,0,0,-0.000181,0.999997,0.002469,1.000000,0.000180,0.000267,-0.010572,0.000022,0.000000,0.000000,0.000000,1,-0.003506,6862.388672,-0.799354,-1910.477173,0.000007,0.017066,64.468933,1,-0.003819,6849.302246,-0.797820,-1910.489014,0.000007,0.017066,64.467491,1,0.004930,5894.970215,1.385958,5453.635254,-0.000015,-0.059422,62.558300,1,0.004630,5884.527832,1.383406,5453.376953,-0.000015,-0.059419,62.559223,3.021280,25501.234375,-6932.690430,209.110535,0.001247,0.594907,0.000000,0.000000,0.000000,0.000000,0.000000,0.000000,0.000000,0.000000,0.000000
194,3.233333,0.006836,-0.000126,-39.999023,0.006092,-0.003594,-22.698269,-0.000267,-0.000046,22.698202,5854.393,1,0.000000,4,3,62.803638,1,0,0,-0.000181,0.999997,0.002310,1.000000,0.000180,0.000267,-0.009534,0.000030,0.000000,0.000000,0.000000,1,-0.003227,6872.889160,-0.790695,-1904.528198,0.000007,0.017013,64.725670,1,-0.003541,6859.752441,-0.789182,-1904.518799,0.000007,0.017013,64.724228,1,0.004727,5889.191895,1.398833,5436.772949,-0.000015,-0.059238,62.803169,1,0.004426,5878.707520,1.396398,5436.583984,-0.000015,-0.059236,62.804108,3.063384,25509.939453,-6909.746582,243.597855,0.133528,0.517981,0.000000,0.000000,0.000000,0.000000,0.000000,0.000000,0.000000,0.000000,0.000000
195,3.250000,0.006958,-0.000180,-40.378784,0.006131,-0.003249,-22.786856,-0.000268,-0.000045,22.786797,5877.309,1,0.000000,4,3,63.047623,1,0,0,-0.000182,0.999998,0.002171,1.000000,0.000181,0.000268,-0.008323,0.000036,0.000000,0.000000,0.000000,1,-0.002981,6881.777344,-0.778450,-1898.378296,0.000007,0.016958,64.981544,1,-0.003296,6868.578613,-0.776947,-1898.392090,0.000007,0.016958,64.980103,1,0.004551,5884.515137,1.368027,5420.012207,-0.000015,-0.059055,63.047153,1,0.004249,5873.995117,1.365623,5419.729492,-0.000015,-0.059052,63.048092,3.025243,25517.353516,-6887.199219,271.110535,-0.064280,0.429630,0.000000,0.000000,0.000000,0.000000,0.000000,0.000000,0.000000,0.000000,0.000000
196,3.266667,0.007080,-0.000227,-40.760010,0.006170,-0.002817,-22.875153,-0.000269,-0.000045,22.875099,5900.142,1,0.000000,4,3,63.290699,1,0,0,-0.000182,0.999998,0.002055,1.000000,0.000182,0.000269,-0.006976,0.000041,0.000000,0.000000,0.000000,1,-0.002774,6888.881836,-0.769985,-1892.147949,0.000007,0.016903,65.236526,1,-0.003090,6875.621582,-0.768506,-1892.118530,0.000007,0.016902,65.235085,1,0.004406,5881.014648,1.405919,5403.125977,-0.000015,-0.058871,63.290222,1,0.004103,5870.441406,1.403283,5402.952637,-0.000015,-0.058869,63.291176,3.116745,25523.308594,-6864.830078,287.132050,0.204729,0.326723,0.000000,0.000000,0.000000,0.000000,0.000000,0.000000,0.000000,0.000000,0.000000
197,3.283333,0.007202,-0.000265,-41.142700,0.006210,-0.002314,-22.963163,-0.000269,-0.000044,22.963114,5922.889,1,0.000000,4,3,63.532864,1,0,0,-0.000183,0.999998,0.001962,1.000000,0.000183,0.000270,-0.005549,0.000045,0.000000,0.000000,0.000000,1,-0.002607,6894.159668,-0.756170,-1885.780151,0.000007,0.016846,65.490601,1,-0.002925,6880.833984,-0.754711,-1885.770020,0.000007,0.016846,65.489159,1,0.004292,5878.642090,1.350679,5386.331543,-0.000015,-0.058688,63.532387,1,0.003988,5868.026855,1.348282,5386.027344,-0.000015,-0.058685,63.533340,3.033066,25527.707031,-6842.616211,297.626190,-0.104404,0.224400,0.000000,0.000000,0.000000,0.000000,0.000000,0.000000,0.000000,0.000000,0.000000
198,3.300000,0.007324,-0.000295,-41.526855,0.006249,-0.001760,-23.050890,-0.000270,-0.000045,23.050844,5945.551,1,0.000000,4,3,63.774109,1,0,0,-0.000184,0.999998,0.001894,1.000000,0.000183,0.000270,-0.004069,0.000047,0.000000,0.000000,0.000000,1,-0.002484,6897.543945,-0.746776,-1879.323975,0.000007,0.016788,65.743752,1,-0.002803,6884.153809,-0.745316,-1879.315430,0.000007,0.016788,65.742310,1,0.004210,5877.394043,1.406282,5369.331055,-0.000015,-0.058503,63.773624,1,0.003904,5866.726074,1.403784,5369.102539,-0.000015,-0.058500,63.774593,3.161976,25530.406250,-6820.391113,297.247284,0.153382,0.123316,0.000000,0.000000,0.000000,0.000000,0.000000,0.000000,0.000000,0.000000,0.000000
199,3.316667,0.007446,-0.000314,-41.912476,0.006289,-0.001173,-23.138330,-0.000271,-0.000044,23.138288,5968.128,1,0.000000,4,3,64.014435,1,0,0,-0.000185,0.999998,0.001851,1.000000,0.000184,0.000271,-0.002592,0.000048,0.000000,0.000000,0.000000,1,-0.002404,6899.080078,-0.736188,-1872.793701,0.000007,0.016730,65.995964,1,-0.002725,6885.633789,-0.734751,-1872.755127,0.000007,0.016729,65.994522,1,0.004158,5877.186523,1.361691,5352.433594,-0.000015,-0.058319,64.013947,1,0.003851,5866.477051,1.359251,5352.252930,-0.000015,-0.058317,64.014923,3.093015,25531.431641,-6798.522949,287.595917,0.081072,0.039226,0.000000,0.000000,0.000000,0.000000,0.000000,0.000000,0.000000,0.000000,0.000000
200,3.333333,0.007568,-0.000324,-42.299561,0.006329,-0.000573,-23.225491,-0.000271,-0.000044,23.225449,5990.618,1,0.000000,4,3,64.253822,1,0,0,-0.000185,0.999998,0.001832,1.000000,0.000185,0.000272,-0.001162,0.000048,0.000000,0.000000,0.000000,1,-0.002368,6898.868652,-0.720982,-1866.235229,0.000006,0.016671,66.247223,1,-0.002689,6885.369629,-0.719566,-1866.197632,0.000006,0.016671,66.245781,1,0.004137,5877.936523,1.360156,5335.352051,-0.000015,-0.058133,64.253334,1,0.003828,5867.171387,1.357719,5335.081543,-0.000015,-0.058130,64.254311,3.119175,25530.845703,-6776.173340,271.375244,-0.003404,-0.068038,0.000000,0.000000,0.000000,0.000000,0.000000,0.000000,0.000000,0.000000,0.000000
201,3.350000,0.007690,-0.000323,-42.688110,0.006369,0.000021,-23.312365,-0.000272,-0.000044,23.312323,6013.021,1,0.000000,4,3,64.492287,1,0,0,-0.000186,0.999998,0.001835,1.000000,0.000186,0.000273,0.000188,0.000046,0.000000,0.000000,0.000000,1,-0.002371,6897.028320,-0.711086,-1859.614624,0.000006,0.016612,66.497528,1,-0.002695,6883.465332,-0.709681,-1859.557983,0.000006,0.016611,66.496086,1,0.004142,5879.508789,1.376110,5318.174316,-0.000015,-0.057946,64.491791,1,0.003832,5868.708984,1.373636,5318.007812,-0.000015,-0.057944,64.492783,3.169697,25528.656250,-6753.969238,250.633026,0.164565,-0.160986,0.000000,0.000000,0.000000,0.000000,0.000000,0.000000,0.000000,0.000000,0.000000
202,3.366667,0.007812,-0.000314,-43.078125,0.006410,0.000589,-23.398954,-0.000273,-0.000043,23.398912,6035.336,1,0.000000,4,3,64.729813,1,0,0,-0.000187,0.999998,0.001859,1.000000,0.000186,0.000273,0.001434,0.000043,0.000000,0.000000,0.000000,1,-0.002414,6893.697754,-0.697226,-1852.986450,0.000006,0.016553,66.746872,1,-0.002738,6880.096191,-0.695845,-1852.947876,0.000006,0.016552,66.745422,1,0.004173,5881.821777,1.337309,5300.912109,-0.000015,-0.057757,64.729317,1,0.003861,5870.978027,1.334885,5300.674316,-0.000015,-0.057755,64.730309,3.118505,25525.046875,-6731.398438,225.335175,-0.040031,-0.236419,0.000000,0.000000,0.000000,0.000000,0.000000,0.000000,0.000000,0.000000,0.000000
203,3.383333,0.007935,-0.000295,-43.469604,0.006450,0.001116,-23.485254,-0.000274,-0.000043,23.485214,6057.564,1,0.000000,4,3,64.966408,1,0,0,-0.000188,0.999998,0.001902,1.000000,0.000187,0.000274,0.002555,0.000039,0.000000,0.000000,0.000000,1,-0.002490,6889.082031,-0.687147,-1846.355957,0.000006,0.016493,66.995255,1,-0.002816,6875.432129,-0.685780,-1846.316162,0.000006,0.016493,66.993797,1,0.004225,5884.757324,1.368437,5283.499023,-0.000015,-0.057568,64.965904,1,0.003913,5873.889160,1.365963,5283.379395,-0.000015,-0.057566,64.966911,3.199511,25520.244141,-6708.738770,194.948456,0.173844,-0.296981,0.000000,0.000000,0.000000,0.000000,0.000000,0.000000,0.000000,0.000000,0.000000
204,3.400000,0.008057,-0.000268,-43.862427,0.006491,0.001587,-23.571264,-0.000274,-0.000042,23.571224,6079.706,1,0.000000,4,3,65.202072,1,0,0,-0.000188,0.999998,0.001960,1.000000,0.000188,0.000275,0.003524,0.000034,0.000000,0.000000,0.000000,1,-0.002597,6883.376953,-0.674712,-1839.695435,0.000006,0.016434,67.242676,1,-0.002923,6869.705078,-0.673370,-1839.691650,0.000006,0.016434,67.241211,1,0.004296,5888.192383,1.322518,5266.076660,-0.000014,-0.057378,65.201569,1,0.003983,5877.297852,1.320124,5265.907715,-0.000014,-0.057376,65.202576,3.131092,25514.435547,-6685.916016,158.904510,-0.046864,-0.336933,0.000000,0.000000,0.000000,0.000000,0.000000,0.000000,0.000000,0.000000,0.000000
205,3.416667,0.008179,-0.000235,-44.256714,0.006531,0.001991,-23.656981,-0.000275,-0.000042,23.656935,6101.760,1,0.000000,4,3,65.436806,1,0,0,-0.000189,0.999998,0.002032,1.000000,0.000188,0.000275,0.004314,0.000029,0.000000,0.000000,0.000000,1,-0.002729,6876.854492,-0.665634,-1833.108032,0.000006,0.016375,67.489128,1,-0.003056,6863.153809,-0.664310,-1833.074097,0.000006,0.016375,67.487663,1,0.004383,5891.949219,1.353365,5248.483398,-0.000015,-0.057186,65.436302,1,0.004069,5881.026855,1.350751,5248.350098,-0.000015,-0.057185,65.437309,3.209119,25507.796875,-6662.755371,116.474815,0.124076,-0.400977,0.000000,0.000000,0.000000,0.000000,0.000000,0.000000,0.000000,0.000000,0.000000
206,3.433333,0.008301,-0.000197,-44.652466,0.006572,0.002317,-23.742401,-0.000276,-0.000042,23.742353,6123.726,1,0.000000,4,3,65.670609,1,0,0,-0.000189,0.999998,0.002114,1.000000,0.000188,0.000276,0.004894,0.000023,0.000000,0.000000,0.000000,1,-0.002879,6869.793945,-0.656085,-1826.555908,0.000006,0.016317,67.734619,1,-0.003207,6856.076660,-0.654777,-1826.510498,0.000006,0.016316,67.733154,1,0.004479,5895.835449,1.319294,5230.674805,-0.000014,-0.056992,65.670097,1,0.004165,5884.912598,1.316878,5230.685059,-0.000014,-0.056992,65.671120,3.158460,25500.585938,-6639.182617,78.494331,0.152873,-0.405511,0.000000,0.000000,0.000000,0.000000,0.000000,0.000000,0.000000,0.000000,0.000000
207,3.450000,0.008423,-0.000154,-45.049561,0.006612,0.002559,-23.827518,-0.000276,-0.000041,23.827465,6145.606,1,0.000000,4,3,65.903397,1,0,0,-0.000189,0.999997,0.002202,1.000000,0.000189,0.000277,0.005285,0.000017,0.000000,0.000000,0.000000,1,-0.003043,6862.437012,-0.641474,-1820.023193,0.000006,0.016258,67.979164,1,-0.003371,6848.711426,-0.640189,-1820.015015,0.000006,0.016258,67.977692,1,0.004583,5899.778320,1.289767,5212.211426,-0.000014,-0.056791,65.902885,1,0.004268,5888.832031,1.287389,5212.179688,-0.000014,-0.056791,65.903908,3.126302,25493.115234,-6614.027344,42.937695,-0.016514,-0.459135,0.000000,0.000000,0.000000,0.000000,0.000000,0.000000,0.000000,0.000000,0.000000
208,3.466667,0.008545,-0.000109,-45.448120,0.006653,0.002713,-23.912313,-0.000277,-0.000041,23.912254,6167.391,1,0.000000,4,3,66.134964,1,0,0,-0.000190,0.999997,0.002293,1.000000,0.000189,0.000278,0.005498,0.000010,0.000000,0.000000,0.000000,1,-0.003214,6854.981445,-0.632029,-1813.453125,0.000006,0.016200,68.222755,1,-0.003542,6841.259277,-0.630765,-1813.423584,0.000006,0.016199,68.221283,1,0.004690,5903.648926,1.310999,5191.567871,-0.000014,-0.056566,66.134453,1,0.004375,5892.707520,1.308597,5191.524414,-0.000014,-0.056566,66.135475,3.184085,25485.552734,-6584.675781,1.964053,0.074291,-0.427367,0.000000,0.000000,0.000000,0.000000,0.000000,0.000000,0.000000,0.000000,0.000000
209,3.483333,0.008667,-0.000063,-45.848022,0.006693,0.002780,-23.996733,-0.000278,-0.000040,23.996670,6189.062,1,0.000000,4,3,66.365204,1,0,0,-0.000190,0.999997,0.002385,1.000000,0.000189,0.000278,0.005508,0.000004,0.000000,0.000000,0.000000,1,-0.003386,6847.712402,-0.625617,-1806.442505,0.000006,0.016137,68.465393,1,-0.003715,6833.999023,-0.624370,-1806.440063,0.000006,0.016137,68.463913,1,0.004796,5907.264648,1.288341,5169.024414,-0.000014,-0.056320,66.364693,1,0.004481,5896.328613,1.285863,5168.973145,-0.000014,-0.056320,66.365715,3.147061,25478.070312,-6552.361816,-32.527164,-0.009689,-0.415434,0.000000,0.000000,0.000000,0.000000,0.000000,0.000000,0.000000,0.000000,0.000000
210,3.500000,0.008789,-0.000017,-46.249390,0.006734,0.002758,-24.080738,-0.000278,-0.000041,24.080669,6210.608,1,0.000000,4,3,66.594009,1,0,0,-0.000190,0.999997,0.002474,1.000000,0.000189,0.000279,0.005347,-0.000001,0.000000,0.000000,0.000000,1,-0.003555,6840.839844,-0.620389,-1798.992188,0.000006,0.016070,68.707008,1,-0.003883,6827.142578,-0.619145,-1798.989624,0.000006,0.016070,68.705528,1,0.004897,5910.574219,1.295105,5144.344238,-0.000014,-0.056052,66.593491,1,0.004582,5899.649414,1.292751,5144.502441,-0.000014,-0.056053,66.594528,3.165811,25471.029297,-6516.899902,-65.365059,0.213454,-0.384105,0.000000,0.000000,0.000000,0.000000,0.000000,0.000000,0.000000,0.000000,0.000000
211,3.516667,0.008911,0.000028,-46.652100,0.006774,0.002655,-24.164288,-0.000279,-0.000039,24.164213,6232.021,1,0.000000,4,3,66.821281,1,0,0,-0.000189,0.999997,0.002558,1.000000,0.000189,0.000280,0.005022,-0.000007,0.000000,0.000000,0.000000,1,-0.003714,6834.569336,-0.609030,-1790.948975,0.000005,0.015999,68.947548,1,-0.004043,6820.890137,-0.607812,-1790.964355,0.000005,0.015999,68.946068,1,0.004992,5913.492676,1.235120,5117.808594,-0.000013,-0.055762,66.820763,1,0.004677,5902.575684,1.232867,5117.969238,-0.000013,-0.055764,66.821800,3.062334,25464.646484,-6478.690430,-90.493973,0.010838,-0.379129,0.000000,0.000000,0.000000,0.000000,0.000000,0.000000,0.000000,0.000000,0.000000
212,3.533333,0.009033,0.000069,-47.056274,0.006814,0.002476,-24.247347,-0.000280,-0.000039,24.247271,6253.289,1,0.000000,4,3,67.046928,1,0,0,-0.000189,0.999997,0.002634,1.000000,0.000189,0.000280,0.004572,-0.000012,0.000000,0.000000,0.000000,1,-0.003861,6828.996094,-0.599022,-1782.423828,0.000005,0.015922,69.186913,1,-0.004189,6815.340332,-0.597822,-1782.429932,0.000005,0.015922,69.185440,1,0.005076,5915.930664,1.249636,5089.192871,-0.000014,-0.055451,67.046410,1,0.004762,5905.039062,1.247362,5089.372559,-0.000014,-0.055453,67.047447,3.104105,25458.853516,-6437.331055,-117.806480,0.098710,-0.318462,0.000000,0.000000,0.000000,0.000000,0.000000,0.000000,0.000000,0.000000,0.000000
213,3.550000,0.009155,0.000106,-47.461792,0.006853,0.002229,-24.329876,-0.000280,-0.000039,24.329796,6274.405,1,0.000000,4,3,67.270874,1,0,0,-0.000189,0.999996,0.002701,1.000000,0.000188,0.000281,0.003986,-0.000016,0.000000,0.000000,0.000000,1,-0.003990,6824.345703,-0.592079,-1773.300781,0.000005,0.015841,69.425041,1,-0.004317,6810.712891,-0.590898,-1773.314331,0.000005,0.015841,69.423569,1,0.005149,5917.849609,1.221841,5058.690430,-0.000013,-0.055118,67.270355,1,0.004835,5906.976074,1.219623,5058.968750,-0.000013,-0.055121,67.271393,3.054368,25454.093750,-6393.460938,-134.045746,0.108003,-0.293539,0.000000,0.000000,0.000000,0.000000,0.000000,0.000000,0.000000,0.000000,0.000000
214,3.566667,0.009277,0.000138,-47.868652,0.006892,0.001926,-24.411844,-0.000281,-0.000038,24.411758,6295.362,1,0.000000,4,3,67.493034,1,0,0,-0.000189,0.999996,0.002756,1.000000,0.000188,0.000282,0.003320,-0.000020,0.000000,0.000000,0.000000,1,-0.004098,6820.661133,-0.582405,-1763.628540,0.000005,0.015754,69.661842,1,-0.004425,6807.067383,-0.581250,-1763.671875,0.000005,0.015755,69.660370,1,0.005209,5919.237305,1.199524,5026.270508,-0.000013,-0.054765,67.492516,1,0.004895,5908.379395,1.197231,5026.564453,-0.000013,-0.054768,67.493553,3.019985,25450.363281,-6346.752930,-151.218597,0.040117,-0.235545,0.000000,0.000000,0.000000,0.000000,0.000000,0.000000,0.000000,0.000000,0.000000
215,3.583333,0.009399,0.000165,-48.276855,0.006931,0.001580,-24.493214,-0.000282,-0.000038,24.493122,6316.153,1,0.000000,4,3,67.713356,1,0,0,-0.000188,0.999996,0.002799,1.000000,0.000188,0.000282,0.002568,-0.000023,0.000000,0.000000,0.000000,1,-0.004184,6818.028809,-0.575644,-1753.406128,0.000005,0.015663,69.897240,1,-0.004510,6804.468750,-0.574501,-1753.434448,0.000005,0.015663,69.895775,1,0.005253,5920.000977,1.194892,4992.285156,-0.000013,-0.054395,67.712837,1,0.004940,5909.179199,1.192722,4992.616211,-0.000013,-0.054398,67.713875,3.014713,25447.580078,-6298.085449,-161.676605,0.098187,-0.151822,0.000000,0.000000,0.000000,0.000000,0.000000,0.000000,0.000000,0.000000,0.000000
216,3.600000,0.009521,0.000185,-48.686279,0.006970,0.001201,-24.573957,-0.000282,-0.000038,24.573864,6336.771,1,0.000000,4,3,67.931755,1,0,0,-0.000188,0.999996,0.002828,1.000000,0.000187,0.000283,0.001764,-0.000024,0.000000,0.000000,0.000000,1,-0.004244,6816.520996,-0.569153,-1742.657104,0.000005,0.015567,70.131149,1,-0.004570,6802.986816,-0.568028,-1742.686279,0.000005,0.015567,70.129692,1,0.005281,5920.185547,1.167981,4956.627930,-0.000013,-0.054006,67.931244,1,0.004969,5909.378418,1.165875,4956.895508,-0.000013,-0.054009,67.932266,2.963469,25445.972656,-6247.016113,-161.989105,-0.014560,-0.140983,0.000000,0.000000,0.000000,0.000000,0.000000,0.000000,0.000000,0.000000,0.000000
217,3.616667,0.009644,0.000198,-49.097168,0.007008,0.000803,-24.654047,-0.000283,-0.000038,24.653952,6357.209,1,0.000000,4,3,68.148170,1,0,0,-0.000187,0.999996,0.002844,1.000000,0.000187,0.000283,0.000958,-0.000026,0.000000,0.000000,0.000000,1,-0.004280,6816.051270,-0.564779,-1731.393677,0.000005,0.015467,70.363495,1,-0.004605,6802.560059,-0.563659,-1731.445190,0.000005,0.015467,70.362045,1,0.005294,5919.832031,1.177974,4919.226562,-0.000013,-0.053599,68.147659,1,0.004983,5909.055664,1.175856,4919.611328,-0.000013,-0.053603,68.148682,2.981015,25445.427734,-6193.652344,-161.116058,0.135779,-0.041511,0.000000,0.000000,0.000000,0.000000,0.000000,0.000000,0.000000,0.000000,0.000000
218,3.633333,0.009766,0.000205,-49.509399,0.007046,0.000398,-24.733454,-0.000284,-0.000037,24.733356,6377.462,1,0.000000,4,3,68.362541,1,0,0,-0.000187,0.999996,0.002847,1.000000,0.000186,0.000284,0.000157,-0.000026,0.000000,0.000000,0.000000,1,-0.004291,6816.640137,-0.558782,-1719.608521,0.000005,0.015361,70.594208,1,-0.004614,6803.173828,-0.557683,-1719.664795,0.000005,0.015362,70.592766,1,0.005291,5918.949219,1.136685,4880.436035,-0.000012,-0.053176,68.362030,1,0.004981,5908.208496,1.134649,4880.860352,-0.000012,-0.053181,68.363052,2.898660,25445.947266,-6138.500000,-157.772308,0.062045,0.009332,0.000000,0.000000,0.000000,0.000000,0.000000,0.000000,0.000000,0.000000,0.000000
219,3.650000,0.009888,0.000205,-49.922974,0.007083,-0.000001,-24.812153,-0.000284,-0.000037,24.812054,6397.524,1,0.000000,4,3,68.574814,1,0,0,-0.000187,0.999996,0.002836,1.000000,0.000186,0.000285,-0.000628,-0.000025,0.000000,0.000000,0.000000,1,-0.004277,6818.237793,-0.551296,-1707.351074,0.000005,0.015252,70.823204,1,-0.004600,6804.800293,-0.550214,-1707.400879,0.000005,0.015252,70.821770,1,0.005274,5917.579590,1.128181,4840.306641,-0.000012,-0.052739,68.574310,1,0.004964,5906.853027,1.126162,4840.673828,-0.000012,-0.052743,68.575317,2.884170,25447.488281,-6081.535645,-152.094574,0.023495,0.040804,0.000000,0.000000,0.000000,0.000000,0.000000,0.000000,0.000000,0.000000,0.000000
220,3.666667,0.010010,0.000198,-50.337769,0.007120,-0.000382,-24.890121,-0.000285,-0.000037,24.890022,6417.388,1,0.000000,4,3,68.784927,1,0,0,-0.000186,0.999996,0.002813,1.000000,0.000185,0.000285,-0.001384,-0.000024,0.000000,0.000000,0.000000,1,-0.004239,6820.785156,-0.546763,-1694.546997,0.000005,0.015137,71.050423,1,-0.004561,6807.366699,-0.545689,-1694.619507,0.000005,0.015138,71.048996,1,0.005241,5915.723633,1.125661,4798.732910,-0.000012,-0.052286,68.784424,1,0.004932,5905.020020,1.123650,4799.172852,-0.000012,-0.052291,68.785431,2.875165,25449.904297,-6022.883789,-140.747894,0.097476,0.081479,0.000000,0.000000,0.000000,0.000000,0.000000,0.000000,0.000000,0.000000,0.000000
221,3.683333,0.010132,0.000186,-50.754028,0.007157,-0.000734,-24.967339,-0.000285,-0.000036,24.967239,6437.051,1,0.000000,4,3,68.992844,1,0,0,-0.000186,0.999996,0.002779,1.000000,0.000185,0.000286,-0.002084,-0.000022,0.000000,0.000000,0.000000,1,-0.004179,6824.168945,-0.540747,-1681.318115,0.000005,0.015019,71.275780,1,-0.004501,6810.783691,-0.539691,-1681.403809,0.000005,0.015020,71.274361,1,0.005196,5913.454102,1.100531,4755.990234,-0.000012,-0.051820,68.992340,1,0.004887,5902.774414,1.098442,4756.505859,-0.000012,-0.051826,68.993347,2.823256,25453.105469,-5962.763672,-129.894379,0.105000,0.157178,0.000000,0.000000,0.000000,0.000000,0.000000,0.000000,0.000000,0.000000,0.000000
222,3.700000,0.010254,0.000169,-51.171387,0.007193,-0.001049,-25.043785,-0.000286,-0.000036,25.043690,6456.509,1,0.000000,4,3,69.198509,1,0,0,-0.000186,0.999996,0.002733,1.000000,0.000185,0.000287,-0.002730,-0.000020,0.000000,0.000000,0.000000,1,-0.004099,6828.317383,-0.533129,-1667.631104,0.000005,0.014897,71.499214,1,-0.004421,6814.949707,-0.532087,-1667.698120,0.000005,0.014898,71.497810,1,0.005138,5910.793945,1.077790,4712.192383,-0.000012,-0.051343,69.198013,1,0.004829,5900.123047,1.075858,4712.610840,-0.000012,-0.051347,69.199005,2.779058,25456.919922,-5901.316406,-111.450035,-0.000442,0.169192,0.000000,0.000000,0.000000,0.000000,0.000000,0.000000,0.000000,0.000000,0.000000
223,3.716667,0.010376,0.000147,-51.590088,0.007229,-0.001319,-25.119444,-0.000287,-0.000036,25.119350,6475.755,1,0.000000,4,3,69.401878,1,0,0,-0.000185,0.999996,0.002678,1.000000,0.000184,0.000287,-0.003285,-0.000017,0.000000,0.000000,0.000000,1,-0.004002,6833.072266,-0.528293,-1653.549805,0.000005,0.014771,71.720657,1,-0.004323,6819.712402,-0.527269,-1653.612549,0.000005,0.014772,71.719261,1,0.005069,5907.850098,1.086046,4667.109375,-0.000012,-0.050852,69.401382,1,0.004761,5897.202148,1.084114,4667.606934,-0.000012,-0.050857,69.402374,2.790591,25461.279297,-5838.257812,-91.866051,0.140416,0.209571,0.000000,0.000000,0.000000,0.000000,0.000000,0.000000,0.000000,0.000000,0.000000
224,3.733333,0.010498,0.000121,-52.010010,0.007265,-0.001538,-25.194294,-0.000287,-0.000035,25.194204,6494.787,1,0.000000,4,3,69.602921,1,0,0,-0.000185,0.999997,0.002616,1.000000,0.000184,0.000288,-0.003742,-0.000014,0.000000,0.000000,0.000000,1,-0.003891,6838.287598,-0.521196,-1638.979004,0.000005,0.014641,71.940056,1,-0.004212,6824.942383,-0.520180,-1639.055420,0.000005,0.014642,71.938667,1,0.004991,5904.700684,1.049539,4621.178711,-0.000011,-0.050351,69.602425,1,0.004683,5894.047363,1.047648,4621.733887,-0.000011,-0.050357,69.603416,2.716800,25465.990234,-5774.452148,-72.404129,0.094777,0.208489,0.000000,0.000000,0.000000,0.000000,0.000000,0.000000,0.000000,0.000000,0.000000
225,3.750000,0.010620,0.000093,-52.431152,0.007300,-0.001701,-25.268326,-0.000288,-0.000035,25.268240,6513.601,1,0.000000,4,3,69.801598,1,0,0,-0.000185,0.999997,0.002548,1.000000,0.000184,0.000288,-0.004102,-0.000011,0.000000,0.000000,0.000000,1,-0.003769,6843.841797,-0.511904,-1624.067139,0.000005,0.014508,72.157333,1,-0.004089,6830.496582,-0.510907,-1624.154663,0.000005,0.014509,72.155960,1,0.004906,5901.377930,1.036638,4574.350098,-0.000011,-0.049841,69.801109,1,0.004598,5890.744629,1.034773,4574.863770,-0.000011,-0.049847,69.802086,2.694123,25470.902344,-5709.445312,-47.729324,0.040546,0.243681,0.000000,0.000000,0.000000,0.000000,0.000000,0.000000,0.000000,0.000000,0.000000
226,3.766667,0.010742,0.000062,-52.853516,0.007334,-0.001808,-25.341524,-0.000288,-0.000034,25.341444,6532.194,1,0.000000,4,3,69.997879,1,0,0,-0.000185,0.999997,0.002475,1.000000,0.000184,0.000289,-0.004339,-0.000007,0.000000,0.000000,0.000000,1,-0.003639,6849.543945,-0.505644,-1608.768311,0.000005,0.014371,72.372444,1,-0.003959,6836.206055,-0.504664,-1608.854980,0.000005,0.014372,72.371086,1,0.004816,5898.033203,1.034657,4526.705566,-0.000011,-0.049322,69.997391,1,0.004509,5887.393555,1.032781,4527.239746,-0.000011,-0.049328,69.998367,2.686865,25475.904297,-5643.664062,-29.706858,0.094498,0.248217,0.000000,0.000000,0.000000,0.000000,0.000000,0.000000,0.000000,0.000000,0.000000
227,3.783333,0.010864,0.000031,-53.277100,0.007368,-0.001855,-25.413879,-0.000289,-0.000034,25.413803,6550.562,1,0.000000,4,3,70.191727,1,0,0,-0.000185,0.999997,0.002400,1.000000,0.000184,0.000289,-0.004487,-0.000003,0.000000,0.000000,0.000000,1,-0.003506,6855.299805,-0.498678,-1593.134521,0.000004,0.014231,72.585335,1,-0.003826,6841.948730,-0.497716,-1593.187134,0.000004,0.014232,72.583992,1,0.004723,5894.636230,1.015121,4478.224121,-0.000011,-0.048794,70.191238,1,0.004416,5883.997070,1.013280,4478.786621,-0.000011,-0.048800,70.192215,2.645561,25480.722656,-5576.929199,-7.613103,0.123797,0.227975,0.000000,0.000000,0.000000,0.000000,0.000000,0.000000,0.000000,0.000000,0.000000
228,3.800000,0.010986,0.000001,-53.701904,0.007402,-0.001846,-25.485378,-0.000289,-0.000033,25.485306,6568.703,1,0.000000,4,3,70.383125,1,0,0,-0.000185,0.999997,0.002325,1.000000,0.000184,0.000290,-0.004524,-0.000000,0.000000,0.000000,0.000000,1,-0.003371,6860.937012,-0.488967,-1577.155762,0.000004,0.014089,72.795952,1,-0.003691,6847.583008,-0.488016,-1577.236206,0.000004,0.014089,72.794617,1,0.004629,5891.307617,0.993515,4429.160645,-0.000011,-0.048259,70.382645,1,0.004322,5880.662109,0.991734,4429.667480,-0.000011,-0.048265,70.383606,2.605331,25485.300781,-5509.584473,10.195494,-0.176280,1.068626,0.000000,0.000000,0.000000,0.000000,0.000000,0.000000,0.000000,0.000000,0.000000
229,3.816667,0.011108,-0.000029,-54.127808,0.007436,-0.001783,-25.556013,-0.000290,-0.000034,25.555944,6586.614,1,0.000000,4,3,70.572052,1,0,0,-0.000185,0.999997,0.002250,1.000000,0.000184,0.000290,-0.004473,0.000015,0.000000,0.000000,0.000000,1,-0.003239,6866.400879,-0.500683,-1560.864746,0.000004,0.013943,73.004250,1,-0.003559,6852.999512,-0.499710,-1560.934326,0.000004,0.013944,73.002922,1,0.004535,5888.095703,1.017604,4379.467285,-0.000011,-0.047718,70.571571,1,0.004228,5877.414551,1.015761,4380.020020,-0.000011,-0.047724,70.572533,2.613421,25489.580078,-5441.754883,30.970903,0.047452,0.927074,0.000000,0.000000,0.000000,0.000000,0.000000,0.000000,0.000000,0.000000,0.000000
230,3.833333,0.011230,-0.000057,-54.554932,0.007469,-0.001670,-25.625780,-0.000291,-0.000034,25.625717,6604.294,1,0.000000,4,3,70.758476,1,0,0,-0.000185,0.999998,0.002179,1.000000,0.000185,0.000291,-0.004319,0.000028,0.000000,0.000000,0.000000,1,-0.003111,6871.495605,-0.501008,-1544.366577,0.000004,0.013796,73.210175,1,-0.003433,6858.039062,-0.500036,-1544.409180,0.000004,0.013796,73.208862,1,0.004444,5885.060059,0.994408,4329.145508,-0.000011,-0.047169,70.758003,1,0.004136,5874.343262,0.992599,4329.666992,-0.000011,-0.047175,70.758949,2.549442,25493.298828,-5373.032227,44.475800,0.032599,0.803823,0.000000,0.000000,0.000000,0.000000,0.000000,0.000000,0.000000,0.000000,0.000000
231,3.850000,0.011353,-0.000082,-54.983154,0.007502,-0.001514,-25.694666,-0.000291,-0.000034,25.694605,6621.741,1,0.000000,4,3,70.942398,1,0,0,-0.000186,0.999998,0.002110,1.000000,0.000185,0.000292,-0.004098,0.000039,0.000000,0.000000,0.000000,1,-0.002992,6876.179199,-0.495725,-1527.565063,0.000004,0.013646,73.413704,1,-0.003314,6862.663574,-0.494755,-1527.595337,0.000004,0.013646,73.412399,1,0.004357,5882.221680,0.993462,4278.447266,-0.000011,-0.046617,70.941925,1,0.004047,5871.440918,0.991643,4278.998535,-0.000011,-0.046623,70.942871,2.541027,25496.457031,-5304.220215,55.998272,0.116395,0.645575,0.000000,0.000000,0.000000,0.000000,0.000000,0.000000,0.000000,0.000000,0.000000
232,3.866667,0.011475,-0.000104,-55.412476,0.007535,-0.001320,-25.762669,-0.000292,-0.000033,25.762613,6638.953,1,0.000000,4,3,71.123795,1,0,0,-0.000187,0.999998,0.002047,1.000000,0.000186,0.000292,-0.003819,0.000048,0.000000,0.000000,0.000000,1,-0.002881,6880.401855,-0.486149,-1510.555298,0.000004,0.013494,73.614792,1,-0.003205,6866.816895,-0.485198,-1510.586060,0.000004,0.013494,73.613495,1,0.004274,5879.584961,0.974890,4227.328125,-0.000011,-0.046060,71.123322,1,0.003963,5868.749023,0.973106,4227.878906,-0.000011,-0.046066,71.124268,2.505715,25499.015625,-5234.950684,68.017815,0.091993,0.508673,0.000000,0.000000,0.000000,0.000000,0.000000,0.000000,0.000000,0.000000,0.000000
233,3.883333,0.011597,-0.000122,-55.843018,0.007567,-0.001096,-25.829782,-0.000292,-0.000033,25.829729,6655.928,1,0.000000,4,3,71.302658,1,0,0,-0.000188,0.999998,0.001989,1.000000,0.000187,0.000293,-0.003481,0.000055,0.000000,0.000000,0.000000,1,-0.002782,6884.071777,-0.475300,-1493.348999,0.000004,0.013340,73.813408,1,-0.003108,6870.402344,-0.474331,-1493.392212,0.000004,0.013340,73.812119,1,0.004197,5877.209473,0.969018,4175.902832,-0.000011,-0.045500,71.302193,1,0.003884,5866.312500,0.967212,4176.373047,-0.000011,-0.045505,71.303123,2.498135,25500.888672,-5165.380859,73.507088,0.030736,0.346824,0.000000,0.000000,0.000000,0.000000,0.000000,0.000000,0.000000,0.000000,0.000000
234,3.900000,0.011719,-0.000136,-56.274658,0.007599,-0.000850,-25.896006,-0.000293,-0.000033,25.895952,6672.667,1,0.000000,4,3,71.478981,1,0,0,-0.000189,0.999998,0.001937,1.000000,0.000188,0.000293,-0.003115,0.000060,0.000000,0.000000,0.000000,1,-0.002696,6887.169922,-0.466729,-1476.003540,0.000004,0.013185,74.009521,1,-0.003023,6873.418945,-0.465805,-1476.045166,0.000004,0.013185,74.008240,1,0.004126,5875.055176,0.977950,4124.094727,-0.000011,-0.044935,71.478516,1,0.003812,5864.090332,0.976115,4124.602051,-0.000011,-0.044941,71.479446,2.515352,25501.976562,-5095.466797,82.770760,0.134497,0.200972,0.000000,0.000000,0.000000,0.000000,0.000000,0.000000,0.000000,0.000000,0.000000
235,3.916667,0.011841,-0.000146,-56.707397,0.007631,-0.000592,-25.961332,-0.000293,-0.000032,25.961288,6689.167,1,0.000000,4,3,71.652763,1,0,0,-0.000190,0.999998,0.001892,1.000000,0.000189,0.000294,-0.002703,0.000062,0.000000,0.000000,0.000000,1,-0.002623,6889.636719,-0.455963,-1458.494751,0.000004,0.013029,74.203117,1,-0.002953,6875.809570,-0.455052,-1458.536621,0.000004,0.013029,74.201843,1,0.004062,5873.181152,0.956380,4072.134521,-0.000010,-0.044369,71.652306,1,0.003746,5862.162109,0.954577,4072.531494,-0.000010,-0.044373,71.653221,2.475884,25502.343750,-5025.437500,85.159431,0.006771,0.096034,0.000000,0.000000,0.000000,0.000000,0.000000,0.000000,0.000000,0.000000,0.000000
236,3.933333,0.011963,-0.000152,-57.141113,0.007663,-0.000329,-26.025761,-0.000294,-0.000032,26.025717,6705.430,1,0.000000,4,3,71.824005,1,0,0,-0.000191,0.999998,0.001854,1.000000,0.000190,0.000294,-0.002279,0.000063,0.000000,0.000000,0.000000,1,-0.002565,6891.520508,-0.448106,-1440.908936,0.000004,0.012872,74.394165,1,-0.002896,6877.612793,-0.447207,-1440.950195,0.000004,0.012872,74.392899,1,0.004005,5871.615723,0.971417,4019.991699,-0.000011,-0.043801,71.823547,1,0.003688,5860.529785,0.969574,4020.431396,-0.000011,-0.043806,71.824463,2.503659,25502.185547,-4955.362305,83.234634,0.136650,-0.041037,0.000000,0.000000,0.000000,0.000000,0.000000,0.000000,0.000000,0.000000,0.000000
237,3.950000,0.012085,-0.000153,-57.575928,0.007695,-0.000068,-26.089291,-0.000294,-0.000031,26.089249,6721.455,1,0.000000,4,3,71.992691,1,0,0,-0.000192,0.999998,0.001823,1.000000,0.000191,0.000295,-0.001865,0.000063,0.000000,0.000000,0.000000,1,-0.002520,6892.829590,-0.438046,-1423.235962,0.000004,0.012714,74.582657,1,-0.002853,6878.843750,-0.437165,-1423.262695,0.000004,0.012714,74.581398,1,0.003956,5870.255859,0.947153,3967.663574,-0.000010,-0.043231,71.992233,1,0.003636,5859.108887,0.945346,3968.152832,-0.000010,-0.043236,71.993149,2.457133,25501.261719,-4885.122559,79.449486,0.149324,-0.165250,0.000000,0.000000,0.000000,0.000000,0.000000,0.000000,0.000000,0.000000,0.000000
238,3.966667,0.012207,-0.000150,-58.011841,0.007726,0.000182,-26.151920,-0.000295,-0.000031,26.151878,6737.241,1,0.000000,4,3,72.158836,1,0,0,-0.000193,0.999998,0.001798,1.000000,0.000192,0.000295,-0.001469,0.000060,0.000000,0.000000,0.000000,1,-0.002488,6893.594727,-0.424944,-1405.469971,0.000004,0.012555,74.768585,1,-0.002823,6879.536133,-0.424086,-1405.527222,0.000004,0.012556,74.767326,1,0.003913,5869.111816,0.927539,3915.347168,-0.000010,-0.042661,72.158386,1,0.003592,5857.914062,0.925782,3915.695312,-0.000010,-0.042664,72.159286,2.425869,25499.718750,-4814.868652,75.051041,-0.030400,-0.258845,0.000000,0.000000,0.000000,0.000000,0.000000,0.000000,0.000000,0.000000,0.000000
239,3.983333,0.012329,-0.000143,-58.448730,0.007757,0.000414,-26.213650,-0.000295,-0.000031,26.213610,6752.790,1,0.000000,4,3,72.322449,1,0,0,-0.000194,0.999998,0.001780,1.000000,0.000193,0.000296,-0.001096,0.000056,0.000000,0.000000,0.000000,1,-0.002469,6893.878418,-0.418053,-1387.698120,0.000004,0.012396,74.951927,1,-0.002806,6879.764160,-0.417205,-1387.760620,0.000004,0.012397,74.950676,1,0.003877,5868.179199,0.952814,3862.908691,-0.000010,-0.042089,72.321999,1,0.003554,5856.923828,0.950999,3863.352051,-0.000010,-0.042094,72.322899,2.471825,25497.712891,-4744.655273,68.905533,0.174639,-0.328698,0.000000,0.000000,0.000000,0.000000,0.000000,0.000000,0.000000,0.000000,0.000000
240,4.000000,0.012451,-0.000133,-58.886597,0.007789,0.000622,-26.274479,-0.000296,-0.000030,26.274439,6768.101,1,0.000000,4,3,72.483528,1,0,0,-0.000195,0.999998,0.001767,1.000000,0.000194,0.000296,-0.000753,0.000051,0.000000,0.000000,0.000000,1,-0.002462,6893.734863,-0.408429,-1369.904175,0.000004,0.012237,75.132690,1,-0.002799,6879.556152,-0.407597,-1369.955566,0.000004,0.012238,75.131447,1,0.003846,5867.423828,0.914275,3810.513428,-0.000010,-0.041518,72.483086,1,0.003522,5856.141602,0.912508,3810.876221,-0.000010,-0.041522,72.483971,2.395570,25495.291016,-4674.425781,61.165291,0.028107,-0.386391,0.000000,0.000000,0.000000,0.000000,0.000000,0.000000,0.000000,0.000000,0.000000
241,4.016667,0.012573,-0.000119,-59.325562,0.007820,0.000802,-26.334408,-0.000296,-0.000030,26.334368,6783.175,1,0.000000,4,3,72.642090,1,0,0,-0.000195,0.999998,0.001760,1.000000,0.000195,0.000297,-0.000449,0.000045,0.000000,0.000000,0.000000,1,-0.002464,6893.216797,-0.400203,-1352.098877,0.000004,0.012078,75.310867,1,-0.002803,6878.993164,-0.399385,-1352.172729,0.000004,0.012079,75.309631,1,0.003821,5866.826660,0.923162,3758.100586,-0.000010,-0.040947,72.641647,1,0.003496,5855.500000,0.921403,3758.570801,-0.000010,-0.040952,72.642532,2.411311,25492.498047,-4604.349609,52.237553,0.170167,-0.442473,0.000000,0.000000,0.000000,0.000000,0.000000,0.000000,0.000000,0.000000,0.000000
242,4.033333,0.012695,-0.000103,-59.765503,0.007851,0.000948,-26.393438,-0.000297,-0.000029,26.393400,6798.014,1,0.000000,4,3,72.798149,1,0,0,-0.000196,0.999998,0.001757,1.000000,0.000196,0.000297,-0.000189,0.000039,0.000000,0.000000,0.000000,1,-0.002475,6892.408203,-0.389775,-1334.328613,0.000003,0.011920,75.486458,1,-0.002815,6878.145020,-0.388970,-1334.410889,0.000003,0.011920,75.485229,1,0.003800,5866.344238,0.889111,3705.950684,-0.000010,-0.040379,72.797714,1,0.003474,5854.992676,0.887392,3706.343018,-0.000010,-0.040383,72.798584,2.345562,25489.462891,-4534.570312,42.452389,0.020462,-0.471127,0.000000,0.000000,0.000000,0.000000,0.000000,0.000000,0.000000,0.000000,0.000000
243,4.050000,0.012817,-0.000086,-60.206421,0.007881,0.001059,-26.451574,-0.000297,-0.000029,26.451536,6812.618,1,0.000000,4,3,72.951706,1,0,0,-0.000197,0.999998,0.001757,1.000000,0.000196,0.000298,0.000022,0.000032,0.000000,0.000000,0.000000,1,-0.002493,6891.391602,-0.382295,-1316.623169,0.000003,0.011761,75.659462,1,-0.002834,6877.101562,-0.381511,-1316.687988,0.000003,0.011762,75.658249,1,0.003784,5865.973145,0.898796,3653.773438,-0.000010,-0.039811,72.951271,1,0.003457,5854.599609,0.897033,3654.249512,-0.000010,-0.039816,72.952141,2.361235,25486.361328,-4464.806152,32.043201,0.180817,-0.475435,0.000000,0.000000,0.000000,0.000000,0.000000,0.000000,0.000000,0.000000,0.000000
244,4.066667,0.012939,-0.000067,-60.648193,0.007911,0.001134,-26.508816,-0.000298,-0.000028,26.508776,6826.988,1,0.000000,4,3,73.102791,1,0,0,-0.000197,0.999998,0.001760,1.000000,0.000197,0.000298,0.000182,0.000025,0.000000,0.000000,0.000000,1,-0.002515,6890.247070,-0.372612,-1298.953247,0.000003,0.011604,75.829895,1,-0.002857,6875.924805,-0.371845,-1299.042969,0.000003,0.011604,75.828690,1,0.003770,5865.664062,0.859476,3601.888428,-0.000009,-0.039245,73.102356,1,0.003442,5854.274902,0.857787,3602.412598,-0.000009,-0.039251,73.103226,2.283422,25483.218750,-4395.489258,21.415268,0.105843,-0.509954,0.000000,0.000000,0.000000,0.000000,0.000000,0.000000,0.000000,0.000000,0.000000
245,4.083333,0.013062,-0.000047,-61.090942,0.007940,0.001171,-26.565168,-0.000298,-0.000027,26.565128,6841.127,1,0.000000,4,3,73.251404,1,0,0,-0.000197,0.999998,0.001765,1.000000,0.000197,0.000299,0.000288,0.000018,0.000000,0.000000,0.000000,1,-0.002541,6889.030762,-0.362177,-1281.371338,0.000003,0.011446,75.997757,1,-0.002884,6874.699219,-0.361439,-1281.461548,0.000003,0.011447,75.996567,1,0.003759,5865.380371,0.848780,3550.145264,-0.000009,-0.038682,73.250977,1,0.003431,5853.982422,0.847110,3550.604004,-0.000009,-0.038687,73.251831,2.264207,25480.091797,-4326.204102,10.831275,0.049396,-0.483713,0.000000,0.000000,0.000000,0.000000,0.000000,0.000000,0.000000,0.000000,0.000000
246,4.100000,0.013184,-0.000028,-61.534668,0.007969,0.001172,-26.620632,-0.000299,-0.000027,26.620592,6855.035,1,0.000000,4,3,73.397575,1,0,0,-0.000198,0.999998,0.001770,1.000000,0.000197,0.000299,0.000342,0.000011,0.000000,0.000000,0.000000,1,-0.002568,6887.835938,-0.355736,-1263.864136,0.000003,0.011290,76.163063,1,-0.002911,6873.507324,-0.355003,-1263.956909,0.000003,0.011291,76.161888,1,0.003749,5865.105469,0.846021,3498.687744,-0.000009,-0.038121,73.397148,1,0.003420,5853.709473,0.844379,3499.244385,-0.000009,-0.038127,73.398003,2.253008,25477.156250,-4257.513672,0.651577,0.164328,-0.433938,0.000000,0.000000,0.000000,0.000000,0.000000,0.000000,0.000000,0.000000,0.000000
247,4.116667,0.013306,-0.000009,-61.979248,0.007998,0.001138,-26.675215,-0.000299,-0.000026,26.675175,6868.714,1,0.000000,4,3,73.541313,1,0,0,-0.000198,0.999998,0.001776,1.000000,0.000197,0.000300,0.000345,0.000005,0.000000,0.000000,0.000000,1,-0.002595,6886.731934,-0.347341,-1246.441406,0.000003,0.011134,76.325829,1,-0.002938,6872.398926,-0.346626,-1246.550049,0.000003,0.011135,76.324661,1,0.003740,5864.806641,0.809719,3447.449707,-0.000009,-0.037563,73.540894,1,0.003411,5853.420410,0.808148,3447.990479,-0.000009,-0.037568,73.541733,2.178584,25474.437500,-4188.978516,-8.919718,0.055655,-0.413394,0.000000,0.000000,0.000000,0.000000,0.000000,0.000000,0.000000,0.000000,0.000000
248,4.133333,0.013428,0.000009,-62.424683,0.008026,0.001071,-26.728920,-0.000300,-0.000026,26.728880,6882.166,1,0.000000,4,3,73.682648,1,0,0,-0.000198,0.999998,0.001781,1.000000,0.000197,0.000300,0.000300,-0.000001,0.000000,0.000000,0.000000,1,-0.002620,6885.778809,-0.340269,-1229.125244,0.000003,0.010980,76.486061,1,-0.002963,6871.463867,-0.339562,-1229.239624,0.000003,0.010981,76.484909,1,0.003730,5864.470215,0.807315,3396.536621,-0.000009,-0.037008,73.682228,1,0.003401,5853.087402,0.805749,3397.176025,-0.000009,-0.037015,73.683067,2.169351,25472.058594,-4121.017090,-17.566210,0.166211,-0.362151,0.000000,0.000000,0.000000,0.000000,0.000000,0.000000,0.000000,0.000000,0.000000
249,4.150000,0.013550,0.000025,-62.871094,0.008054,0.000977,-26.781754,-0.000300,-0.000025,26.781713,6895.391,1,0.000000,4,3,73.821594,1,0,0,-0.000198,0.999998,0.001785,1.000000,0.000197,0.000300,0.000213,-0.000006,0.000000,0.000000,0.000000,1,-0.002641,6885.039062,-0.331775,-1211.951538,0.000003,0.010826,76.643776,1,-0.002984,6870.729004,-0.331093,-1212.055176,0.000003,0.010827,76.642639,1,0.003720,5864.058594,0.771408,3345.922363,-0.000008,-0.036456,73.821182,1,0.003391,5852.686035,0.769892,3346.544189,-0.000008,-0.036463,73.822006,2.095932,25470.011719,-4053.281006,-25.132618,0.079041,-0.347645,0.000000,0.000000,0.000000,0.000000,0.000000,0.000000,0.000000,0.000000,0.000000
250,4.166667,0.013672,0.000040,-63.318359,0.008081,0.000859,-26.833719,-0.000300,-0.000025,26.833679,6908.394,1,0.000000,4,3,73.958183,1,0,0,-0.000197,0.999998,0.001786,1.000000,0.000197,0.000301,0.000088,-0.000011,0.000000,0.000000,0.000000,1,-0.002658,6884.546875,-0.323962,-1194.879761,0.000003,0.010674,76.798996,1,-0.003000,6870.257324,-0.323298,-1194.989624,0.000003,0.010675,76.797874,1,0.003708,5863.562988,0.763787,3295.715576,-0.000008,-0.035909,73.957771,1,0.003379,5852.209961,0.762288,3296.404297,-0.000008,-0.035917,73.958595,2.077826,25468.382812,-3986.235596,-31.454889,0.142475,-0.280314,0.000000,0.000000,0.000000,0.000000,0.000000,0.000000,0.000000,0.000000,0.000000
251,4.183333,0.013794,0.000052,-63.766479,0.008108,0.000722,-26.884825,-0.000301,-0.000024,26.884783,6921.176,1,0.000000,4,3,74.092430,1,0,0,-0.000197,0.999998,0.001785,1.000000,0.000197,0.000301,-0.000069,-0.000015,0.000000,0.000000,0.000000,1,-0.002668,6884.333496,-0.316168,-1177.939453,0.000003,0.010523,76.951736,1,-0.003010,6870.071289,-0.315521,-1178.042358,0.000003,0.010523,76.950630,1,0.003693,5862.962891,0.734680,3245.862793,-0.000008,-0.035366,74.092026,1,0.003365,5851.630859,0.733240,3246.538330,-0.000008,-0.035374,74.092834,2.016762,25467.148438,-3919.581055,-36.450016,0.078472,-0.215669,0.000000,0.000000,0.000000,0.000000,0.000000,0.000000,0.000000,0.000000,0.000000
252,4.200000,0.013916,0.000061,-64.215454,0.008133,0.000570,-26.935076,-0.000301,-0.000024,26.935034,6933.740,1,0.000000,4,3,74.224358,1,0,0,-0.000197,0.999998,0.001781,1.000000,0.000196,0.000302,-0.000251,-0.000017,0.000000,0.000000,0.000000,1,-0.002672,6884.442871,-0.309699,-1161.133545,0.000003,0.010372,77.102013,1,-0.003014,6870.200684,-0.309066,-1161.242798,0.000003,0.010373,77.100922,1,0.003677,5862.257812,0.723919,3196.359619,-0.000008,-0.034827,74.223953,1,0.003349,5850.950684,0.722502,3197.062256,-0.000008,-0.034834,74.224762,1.989772,25466.402344,-3853.395996,-40.031071,0.099938,-0.164752,0.000000,0.000000,0.000000,0.000000,0.000000,0.000000,0.000000,0.000000,0.000000
253,4.216667,0.014038,0.000068,-64.665161,0.008159,0.000410,-26.984478,-0.000302,-0.000023,26.984436,6946.085,1,0.000000,4,3,74.354004,1,0,0,-0.000196,0.999998,0.001773,1.000000,0.000196,0.000302,-0.000450,-0.000020,0.000000,0.000000,0.000000,1,-0.002669,6884.873535,-0.303648,-1144.457275,0.000003,0.010223,77.249847,1,-0.003010,6870.660645,-0.303022,-1144.574219,0.000003,0.010224,77.248772,1,0.003657,5861.435547,0.704840,3147.393799,-0.000008,-0.034293,74.353607,1,0.003330,5850.147949,0.703463,3148.081055,-0.000008,-0.034301,74.354401,1.945484,25466.083984,-3787.994873,-42.120914,0.058170,-0.110781,0.000000,0.000000,0.000000,0.000000,0.000000,0.000000,0.000000,0.000000,0.000000
254,4.233333,0.014160,0.000072,-65.115723,0.008184,0.000246,-27.033043,-0.000302,-0.000023,27.033001,6958.218,1,0.000000,4,3,74.481377,1,0,0,-0.000196,0.999998,0.001762,1.000000,0.000196,0.000302,-0.000660,-0.000021,0.000000,0.000000,0.000000,1,-0.002659,6885.625000,-0.298873,-1127.962524,0.000003,0.010076,77.395256,1,-0.002999,6871.441895,-0.298265,-1128.073120,0.000003,0.010077,77.394196,1,0.003635,5860.509277,0.696429,3098.732910,-0.000008,-0.033763,74.480980,1,0.003308,5849.235352,0.695090,3099.517578,-0.000008,-0.033772,74.481773,1.920014,25466.203125,-3722.979248,-42.890450,0.160700,-0.068152,0.000000,0.000000,0.000000,0.000000,0.000000,0.000000,0.000000,0.000000,0.000000
255,4.250000,0.014282,0.000073,-65.567017,0.008208,0.000083,-27.080774,-0.000302,-0.000022,27.080732,6970.138,1,0.000000,4,3,74.606514,1,0,0,-0.000196,0.999998,0.001748,1.000000,0.000195,0.000303,-0.000873,-0.000022,0.000000,0.000000,0.000000,1,-0.002640,6886.712891,-0.291410,-1111.548218,0.000003,0.009929,77.538269,1,-0.002980,6872.536621,-0.290817,-1111.677002,0.000003,0.009931,77.537224,1,0.003609,5859.441406,0.661434,3050.709229,-0.000007,-0.033240,74.606125,1,0.003283,5848.199707,0.660166,3051.402100,-0.000007,-0.033247,74.606903,1.846964,25466.695312,-3658.875488,-42.161930,-0.012155,-0.043721,0.000000,0.000000,0.000000,0.000000,0.000000,0.000000,0.000000,0.000000,0.000000
256,4.266667,0.014404,0.000072,-66.019165,0.008232,-0.000074,-27.127684,-0.000303,-0.000022,27.127642,6981.849,1,0.000000,4,3,74.729439,1,0,0,-0.000195,0.999998,0.001730,1.000000,0.000195,0.000303,-0.001083,-0.000022,0.000000,0.000000,0.000000,1,-0.002614,6888.084961,-0.287623,-1095.370728,0.000003,0.009785,77.678894,1,-0.002953,6873.955566,-0.287040,-1095.453613,0.000003,0.009786,77.677872,1,0.003580,5858.281250,0.674387,3002.909912,-0.000007,-0.032719,74.729050,1,0.003255,5847.062988,0.673160,3003.743408,-0.000007,-0.032728,74.729828,1.862477,25467.603516,-3595.055664,-39.568188,0.232908,0.064493,0.000000,0.000000,0.000000,0.000000,0.000000,0.000000,0.000000,0.000000,0.000000
257,4.283333,0.014526,0.000068,-66.472046,0.008256,-0.000220,-27.173775,-0.000303,-0.000021,27.173733,6993.353,1,0.000000,4,3,74.850182,1,0,0,-0.000195,0.999998,0.001708,1.000000,0.000195,0.000303,-0.001280,-0.000021,0.000000,0.000000,0.000000,1,-0.002582,6889.741699,-0.279731,-1079.257080,0.000002,0.009641,77.817169,1,-0.002920,6875.628418,-0.279186,-1079.359375,0.000002,0.009642,77.816162,1,0.003548,5857.019043,0.616724,2955.881348,-0.000007,-0.032207,74.849800,1,0.003223,5845.818848,0.615609,2956.653076,-0.000007,-0.032215,74.850563,1.745239,25468.800781,-3532.393555,-37.380684,0.006115,0.067889,0.000000,0.000000,0.000000,0.000000,0.000000,0.000000,0.000000,0.000000,0.000000
258,4.300000,0.014648,0.000063,-66.925659,0.008278,-0.000352,-27.219061,-0.000303,-0.000021,27.219021,7004.652,2,0.000000,4,4,89.132370,1,0,0,-0.000195,0.999999,0.001684,1.000000,0.000194,0.000304,-0.001466,-0.000020,0.000000,0.000000,0.000000,1,-0.002542,6891.652344,-0.274037,-1063.366943,0.000002,0.009499,77.953102,1,-0.002880,6877.553711,-0.273463,-1063.460083,0.000002,0.009500,77.952110,1,0.003513,5855.666504,0.445878,17567.000000,-0.000007,-0.120574,89.131920,1,0.003189,5844.477539,0.444136,17533.433594,-0.000007,-0.120588,89.132820,10.292183,25470.289062,-32751.343750,3242.785645,-28.711891,1.032475,0.000000,0.000000,0.000000,0.000000,0.000000,0.000000,0.000000,0.000000,0.000000
259,4.316667,0.014771,0.000052,-67.386353,0.008410,-0.000641,-27.638950,-0.000306,-0.000162,27.638897,7004.652,2,0.000000,4,4,87.264877,1,0,0,-0.000194,0.999998,0.001928,1.000000,0.000194,0.000307,0.014625,-0.000016,0.000000,0.000000,0.000000,1,-0.002867,6863.140625,-1.070806,-3663.238281,0.000005,0.018120,78.086723,1,-0.003205,6849.083496,-1.070269,-3663.628662,0.000005,0.018121,78.085747,1,0.003927,5892.813965,1.248382,17678.441406,-0.000012,-0.190553,87.264168,1,0.003604,5881.637695,1.245055,17644.914062,-0.000012,-0.190580,87.265587,8.864866,25487.982422,-27767.312500,2352.737305,-32.200062,0.704310,0.000000,0.000000,0.000000,0.000000,0.000000,0.000000,0.000000,0.000000,0.000000
260,4.333333,0.014893,0.000041,-67.853027,0.008524,-0.000671,-27.994942,-0.000312,-0.000321,27.994860,6890.738,2,0.000000,4,4,85.385567,1,0,0,-0.000194,0.999997,0.002366,1.000000,0.000194,0.000312,0.026300,-0.000013,0.000000,0.000000,0.000000,1,-0.003459,6827.467773,-1.719868,-5531.904297,0.000009,0.029737,78.598198,1,-0.003796,6813.462402,-1.719200,-5530.909180,0.000009,0.029734,78.597282,1,0.004665,5934.783203,1.957134,8308.696289,-0.000025,-0.138630,85.384598,1,0.004342,5923.609375,1.952657,8293.052734,-0.000025,-0.138656,85.386536,2.127141,25500.427734,-5303.819336,-554.962769,-19.047487,-0.982729,0.000000,0.000000,0.000000,0.000000,0.000000,0.000000,0.000000,0.000000,0.000000
261,4.350000,0.015015,0.000034,-68.320801,0.008551,-0.000397,-28.062939,-0.000318,-0.000414,28.062828,6761.616,2,0.000000,4,4,84.498451,1,0,0,-0.000194,0.999996,0.002759,1.000000,0.000193,0.000319,0.023547,-0.000024,0.000000,0.000000,0.000000,1,-0.003993,6807.613281,-1.213083,-3428.485352,0.000011,0.030627,79.381256,1,-0.004328,6793.664062,-1.210467,-3419.206543,0.000011,0.030544,79.380196,1,0.005321,5953.489746,5.012598,17860.468750,-0.000043,-0.184697,84.497368,1,0.004999,5942.346191,5.000643,17827.039062,-0.000043,-0.184749,84.499535,16.716331,25497.580078,-28603.550781,1975.300049,-11.396955,0.685398,0.000000,0.000000,0.000000,0.000000,0.000000,0.000000,0.000000,0.000000,0.000000
262,4.366667,0.015137,0.000029,-68.794556,0.008766,-0.000293,-28.429651,-0.000326,-0.000470,28.429495,6629.331,2,0.000000,4,4,82.599846,1,0,0,-0.000194,0.999995,0.003314,1.000000,0.000192,0.000327,0.033350,-0.000021,0.000000,0.000000,0.000000,1,-0.004753,6766.667969,-0.821991,-4657.631836,0.000007,0.041607,79.858612,1,-0.005088,6752.781250,-0.820195,-4648.306152,0.000007,0.041523,79.856209,1,0.006247,5999.351074,13.817054,17951.246094,-0.000065,-0.195593,82.598518,1,0.005926,5988.220703,13.775405,17915.888672,-0.000065,-0.195207,82.601173,34.558418,25506.982422,-26318.714844,1296.111084,11.776163,2.460310,0.000000,0.000000,0.000000,0.000000,0.000000,0.000000,0.000000,0.000000,0.000000
263,4.383333,0.015259,0.000029,-69.274048,0.009209,-0.000040,-28.767071,-0.000333,-0.000412,28.766846,6473.498,2,0.000000,4,4,80.691719,1,0,0,-0.000194,0.999992,0.003977,1.000000,0.000192,0.000334,0.039783,0.000009,0.000000,0.000000,0.000000,1,-0.005664,6722.570312,-1.675969,-5248.359375,0.000010,0.046883,80.514610,1,-0.005999,6708.672852,-1.674361,-5241.176270,0.000010,0.046819,80.510849,1,0.007346,6046.504395,10.401691,13447.839844,-0.000083,-0.146524,80.690140,1,0.007025,6035.321289,10.400357,13412.304688,-0.000083,-0.146137,80.693298,22.838417,25512.230469,-16122.340820,-196.273224,-2.166423,-0.081486,0.000000,0.000000,0.000000,0.000000,0.000000,0.000000,0.000000,0.000000,0.000000
264,4.400000,0.015381,0.000035,-69.756836,0.009501,0.000356,-28.973768,-0.000340,-0.000423,28.973463,6302.109,2,0.000000,4,4,79.260941,1,0,0,-0.000194,0.999989,0.004624,1.000000,0.000192,0.000341,0.038811,0.000009,0.000000,0.000000,0.000000,1,-0.006560,6686.020508,-1.388190,-4879.344727,0.000012,0.043587,81.256462,1,-0.006895,6672.150879,-1.385300,-4874.952637,0.000012,0.043548,81.251656,1,0.008412,6082.017578,12.061544,13201.636719,-0.000101,-0.145529,79.259109,1,0.008091,6070.811523,12.060353,13174.503906,-0.000101,-0.145176,79.262772,26.935127,25509.171875,-16369.994141,-369.833771,8.107442,1.000197,0.000000,0.000000,0.000000,0.000000,0.000000,0.000000,0.000000,0.000000,0.000000
265,4.416667,0.015503,0.000047,-70.243164,0.009847,0.000725,-29.183640,-0.000347,-0.000383,29.183243,6126.868,2,0.000000,4,4,77.855812,1,0,0,-0.000194,0.999986,0.005241,1.000000,0.000193,0.000348,0.036977,0.000024,0.000000,0.000000,0.000000,1,-0.007420,6651.852539,-1.582004,-4646.301270,0.000014,0.041505,81.944679,1,-0.007755,6637.968262,-1.578725,-4643.996094,0.000014,0.041485,81.939240,1,0.009421,6114.423828,13.091963,10133.308594,-0.000116,-0.132493,77.853790,1,0.009100,6103.171387,13.090779,10109.601562,-0.000116,-0.132175,77.857834,26.742716,25504.675781,-10697.101562,-1182.904053,14.416723,0.675035,0.000000,0.000000,0.000000,0.000000,0.000000,0.000000,0.000000,0.000000,0.000000
266,4.433333,0.015625,0.000065,-70.731934,0.010190,0.001085,-29.320782,-0.000352,-0.000312,29.320301,5940.776,2,0.000000,4,4,76.775726,1,0,0,-0.000195,0.999983,0.005759,1.000000,0.000193,0.000353,0.031109,0.000037,0.000000,0.000000,0.000000,1,-0.008151,6626.842773,-1.866045,-4064.033691,0.000017,0.036304,82.599030,1,-0.008486,6612.930176,-1.862168,-4064.399902,0.000017,0.036307,82.593254,1,0.010263,6135.334961,13.449319,6750.466797,-0.000128,-0.110615,76.773544,1,0.009941,6124.022949,13.447975,6729.976562,-0.000128,-0.110332,76.777908,24.968098,25495.613281,-5094.092773,-1862.588623,19.005766,0.240278,0.000000,0.000000,0.000000,0.000000,0.000000,0.000000,0.000000,0.000000,0.000000
267,4.450000,0.015747,0.000088,-71.221680,0.010510,0.001373,-29.386091,-0.000355,-0.000219,29.385550,5753.834,2,0.000000,4,4,76.054031,1,0,0,-0.000196,0.999981,0.006124,1.000000,0.000194,0.000357,0.021868,0.000046,0.000000,0.000000,0.000000,1,-0.008675,6613.635742,-2.267870,-3231.975098,0.000020,0.028871,83.168755,1,-0.009011,6599.673828,-2.263124,-3235.101562,0.000020,0.028899,83.163033,1,0.010844,6142.449219,7.214770,3392.585938,-0.000079,-0.083277,76.051704,1,0.010521,6131.079102,7.200974,3375.132812,-0.000078,-0.083029,76.056358,9.899309,25482.789062,-41.580078,-2341.663574,2.458467,-1.588579,0.000000,0.000000,0.000000,0.000000,0.000000,0.000000,0.000000,0.000000,0.000000
268,4.466667,0.015869,0.000113,-71.711426,0.010637,0.001535,-29.386623,-0.000359,-0.000207,29.386053,5571.204,2,0.000000,4,4,75.688095,1,0,0,-0.000196,0.999980,0.006294,1.000000,0.000194,0.000360,0.010249,0.000032,0.000000,0.000000,0.000000,1,-0.008935,6613.650879,-2.313953,-2250.220703,0.000021,0.020101,83.617554,1,-0.009272,6599.667969,-2.309107,-2254.805664,0.000021,0.020142,83.612289,1,0.011102,6134.977539,6.258095,336.338379,-0.000068,-0.053726,75.685631,1,0.010778,6123.592285,6.246595,322.364746,-0.000068,-0.053513,75.690559,6.402851,25467.730469,4105.393555,-2643.998535,4.319925,-1.870011,0.000000,0.000000,0.000000,0.000000,0.000000,0.000000,0.000000,0.000000,0.000000
269,4.483333,0.015991,0.000139,-72.200317,0.010719,0.001533,-29.333990,-0.000362,-0.000186,29.333429,5397.126,2,0.000000,4,4,75.645920,1,0,0,-0.000197,0.999981,0.006246,1.000000,0.000194,0.000363,-0.002871,0.000015,0.000000,0.000000,0.000000,1,-0.008894,6627.588867,-2.187993,-1220.223755,0.000020,0.010900,83.923668,1,-0.009232,6613.605957,-2.183433,-1226.010864,0.000020,0.010952,83.919075,1,0.010997,6112.794922,5.278398,-2216.359619,-0.000058,-0.024820,75.643349,1,0.010673,6101.414551,5.268647,-2226.884277,-0.000057,-0.024644,75.648491,3.579216,25451.542969,7147.620117,-2772.354980,5.873100,-1.944331,0.000000,0.000000,0.000000,0.000000,0.000000,0.000000,0.000000,0.000000,0.000000
270,4.500000,0.016113,0.000161,-72.687622,0.010765,0.001344,-29.242353,-0.000365,-0.000157,29.241842,5234.497,2,0.000000,4,4,75.874138,1,0,0,-0.000197,0.999982,0.005969,1.000000,0.000194,0.000366,-0.016629,-0.000002,0.000000,0.000000,0.000000,1,-0.008535,6655.451660,-1.953059,-240.591278,0.000017,0.002149,84.080086,1,-0.008873,6641.451172,-1.949000,-247.049637,0.000017,0.002207,84.076340,1,0.010516,6076.698730,4.159852,-4142.250977,-0.000045,0.001145,75.871468,1,0.010192,6065.347168,4.152098,-4149.325195,-0.000045,0.001285,75.876808,1.104572,25435.916016,9035.748047,-2660.654053,6.911533,-1.917898,0.000000,0.000000,0.000000,0.000000,0.000000,0.000000,0.000000,0.000000,0.000000
271,4.516667,0.016235,0.000177,-73.172974,0.010779,0.000962,-29.126511,-0.000367,-0.000123,29.126083,5084.653,2,0.000000,4,4,76.306305,1,0,0,-0.000196,0.999985,0.005472,1.000000,0.000194,0.000368,-0.029834,-0.000020,0.000000,0.000000,0.000000,1,-0.007867,6695.729492,-1.638552,196.144852,0.000015,0.000701,84.094131,1,-0.008205,6681.739258,-1.635166,185.870758,0.000015,0.000771,84.091324,1,0.009676,6029.045898,2.960262,-5392.027344,-0.000032,0.022527,76.303566,1,0.009352,6017.735840,2.954749,-5395.759277,-0.000032,0.022630,76.309044,-1.279016,25422.509766,10660.273438,-2382.047852,2.907737,-1.725849,0.000000,0.000000,0.000000,0.000000,0.000000,0.000000,0.000000,0.000000,0.000000
272,4.533333,0.016357,0.000184,-73.656250,0.010762,0.000405,-28.989840,-0.000368,-0.000109,28.989513,4947.384,2,0.000000,4,4,76.870766,1,0,0,-0.000196,0.999989,0.004778,1.000000,0.000194,0.000369,-0.041657,-0.000035,0.000000,0.000000,0.000000,1,-0.006919,6746.520996,-1.409911,965.643188,0.000013,-0.002761,84.044701,1,-0.007257,6732.544434,-1.407018,956.426270,0.000013,-0.002686,84.043388,1,0.008518,5972.476562,2.786335,-5937.086914,-0.000030,0.038177,76.867973,1,0.008195,5961.224609,2.781083,-5937.388672,-0.000030,0.038243,76.873558,-1.019269,25412.734375,10204.527344,-1844.774170,7.881208,-1.194405,0.000000,0.000000,0.000000,0.000000,0.000000,0.000000,0.000000,0.000000,0.000000
273,4.550000,0.016479,0.000179,-74.137329,0.010749,-0.000300,-28.859013,-0.000370,-0.000070,28.858788,4821.105,2,0.000000,4,4,77.492821,1,0,0,-0.000195,0.999992,0.003931,1.000000,0.000193,0.000370,-0.050814,-0.000045,0.000000,0.000000,0.000000,1,-0.005750,6804.209473,-1.090395,1734.557007,0.000010,-0.007488,83.883438,1,-0.006086,6790.242188,-1.088109,1726.855225,0.000010,-0.007415,83.883469,1,0.007120,5911.497070,1.270490,-5894.632324,-0.000014,0.047846,77.490005,1,0.006797,5900.321289,1.268073,-5891.732910,-0.000014,0.047876,77.495636,-2.816407,25408.251953,8574.804688,-1195.094482,8.368361,-0.885691,0.000000,0.000000,0.000000,0.000000,0.000000,0.000000,0.000000,0.000000,0.000000
274,4.566667,0.016602,0.000161,-74.616333,0.010713,-0.001093,-28.749079,-0.000370,-0.000029,28.748949,4702.889,2,0.000000,4,4,78.110207,1,0,0,-0.000194,0.999996,0.002985,1.000000,0.000193,0.000371,-0.056748,-0.000053,0.000000,0.000000,0.000000,1,-0.004431,6865.254395,-0.664883,2343.120850,0.000006,-0.012478,83.610428,1,-0.004767,6851.296387,-0.663539,2337.240479,0.000006,-0.012412,83.611572,1,0.005570,5850.025391,1.251998,-5397.831543,-0.000014,0.051917,78.107391,1,0.005248,5838.914551,1.249578,-5391.901855,-0.000014,0.051912,78.113022,-1.183885,25409.615234,6357.323730,-504.469543,13.159307,-0.246072,0.000000,0.000000,0.000000,0.000000,0.000000,0.000000,0.000000,0.000000,0.000000
275,4.583333,0.016724,0.000129,-75.094116,0.010698,-0.001908,-28.667574,-0.000370,0.000036,28.667515,4740.356,2,0.000000,4,4,79.368378,1,0,0,-0.000193,0.999998,0.001998,1.000000,0.000192,0.000370,-0.059255,-0.000055,0.000000,0.000000,0.000000,1,-0.003042,6926.191895,-0.298298,1812.314697,0.000003,-0.016189,83.248970,1,-0.003376,6912.248047,-0.297690,1813.039307,0.000003,-0.016196,83.250969,1,0.003965,5791.612305,0.648757,-3542.426270,-0.000011,0.046973,79.365562,1,0.003644,5780.567383,0.646335,-3533.725098,-0.000011,0.046935,79.371193,-0.669349,25416.871094,3697.346191,180.215027,16.585999,0.243339,0.000000,0.000000,0.000000,0.000000,0.000000,0.000000,0.000000,0.000000,0.000000
276,4.600000,0.016846,0.000084,-75.571167,0.010689,-0.002673,-28.620173,-0.000368,0.000117,28.620159,4816.712,2,0.000000,4,4,80.425621,1,0,0,-0.000192,1.000000,0.001025,1.000000,0.000192,0.000368,-0.058364,-0.000053,0.000000,0.000000,0.000000,1,-0.001660,6983.727051,-0.294909,1469.193115,0.000003,-0.013124,82.964653,1,-0.001993,6969.783691,-0.294282,1469.448242,0.000003,-0.013127,82.966553,1,0.002397,5739.351562,-0.427707,-1303.741577,-0.000005,0.034810,80.422844,1,0.002077,5728.357910,-0.430122,-1292.675293,-0.000005,0.034741,80.428398,-1.412944,25429.392578,-96.490845,925.408447,13.522885,0.477238,0.000000,0.000000,0.000000,0.000000,0.000000,0.000000,0.000000,0.000000,0.000000
277,4.616667,0.016968,0.000029,-76.048218,0.010671,-0.003327,-28.621410,-0.000364,0.000184,28.621412,4880.875,2,0.000000,4,4,81.241852,1,0,0,-0.000191,1.000000,0.000129,1.000000,0.000191,0.000365,-0.053775,-0.000050,0.000000,0.000000,0.000000,1,-0.000372,7033.855957,-0.206251,884.064087,0.000002,-0.007897,82.730209,1,-0.000705,7019.920898,-0.205618,884.666199,0.000002,-0.007903,82.732071,1,0.000966,5697.048340,-1.731815,1032.931763,0.000004,0.017712,81.239136,1,0.000647,5686.107910,-1.734236,1046.156494,0.000004,0.017615,81.244568,-2.566941,25446.656250,-3602.063965,1538.251221,9.204659,0.629339,0.000000,0.000000,0.000000,0.000000,0.000000,0.000000,0.000000,0.000000,0.000000
278,4.633333,0.017090,-0.000035,-76.525879,0.010638,-0.003807,-28.667591,-0.000361,0.000229,28.667589,4930.410,2,0.000000,4,4,81.807419,1,0,0,-0.000191,1.000000,-0.000640,1.000000,0.000191,0.000361,-0.046143,-0.000047,0.000000,0.000000,0.000000,1,0.000748,7074.089355,-0.180810,164.602203,0.000002,-0.001470,82.580803,1,0.000416,7060.158203,-0.180174,165.890320,0.000002,-0.001482,82.582581,1,-0.000245,5666.447754,-3.131752,3259.055908,0.000015,-0.002043,81.804794,1,-0.000564,5655.564941,-3.134179,3274.257324,0.000015,-0.002166,81.810043,-4.243659,25467.023438,-6617.258789,1991.796143,4.393215,0.640809,0.000000,0.000000,0.000000,0.000000,0.000000,0.000000,0.000000,0.000000,0.000000
279,4.650000,0.017212,-0.000102,-77.005127,0.010584,-0.004067,-28.752428,-0.000356,0.000251,28.752413,4964.733,2,0.000000,4,4,82.134895,1,0,0,-0.000190,0.999999,-0.001245,1.000000,0.000190,0.000356,-0.036260,-0.000045,0.000000,0.000000,0.000000,1,0.001646,7102.747070,-0.193056,-233.641251,0.000002,-0.000150,82.535957,1,0.001315,7088.850098,-0.192420,-231.768311,0.000002,-0.000163,82.537552,1,-0.001180,5648.393555,-4.477758,5210.596191,0.000028,-0.022358,82.132378,1,-0.001497,5637.546875,-4.480077,5227.668945,0.000028,-0.022504,82.137413,-5.881775,25488.738281,-9724.847656,2354.049805,0.634606,0.600287,0.000000,0.000000,0.000000,0.000000,0.000000,0.000000,0.000000,0.000000,0.000000
280,4.666667,0.017334,-0.000170,-77.486328,0.010509,-0.004086,-28.877106,-0.000352,0.000254,28.877073,4984.607,2,0.000000,4,4,82.254227,1,0,0,-0.000189,0.999999,-0.001654,1.000000,0.000190,0.000352,-0.024577,-0.000045,0.000000,0.000000,0.000000,1,0.002277,7118.310059,-0.177561,-991.938721,0.000002,0.003195,82.548996,1,0.001947,7104.443848,-0.176931,-990.347351,0.000002,0.003181,82.550316,1,-0.001791,5643.736816,-5.670802,6735.550781,0.000040,-0.041300,82.251846,1,-0.002108,5632.935547,-5.673209,6754.351074,0.000040,-0.041468,82.256607,-7.739638,25510.406250,-11257.453125,2401.881836,-4.762563,0.440250,0.000000,0.000000,0.000000,0.000000,0.000000,0.000000,0.000000,0.000000,0.000000
281,4.683333,0.017456,-0.000235,-77.969971,0.010409,-0.003848,-29.021433,-0.000348,0.000231,29.021391,4991.849,2,0.000000,4,4,82.211388,1,0,0,-0.000188,0.999998,-0.001865,1.000000,0.000189,0.000348,-0.012656,-0.000048,0.000000,0.000000,0.000000,1,0.002631,7121.791016,-0.133124,-1883.436768,0.000002,0.008254,82.672241,1,0.002302,7107.987793,-0.132499,-1882.024170,0.000002,0.008241,82.673325,1,-0.002077,5650.356445,-6.523581,7809.475586,0.000052,-0.057554,82.209160,1,-0.002393,5639.608887,-6.526004,7829.981445,0.000052,-0.057743,82.213615,-9.273203,25529.861328,-11621.328125,2277.222656,-9.476467,0.340222,0.000000,0.000000,0.000000,0.000000,0.000000,0.000000,0.000000,0.000000,0.000000
282,4.700000,0.017578,-0.000291,-78.456177,0.010290,-0.003370,-29.170424,-0.000345,0.000185,29.170378,4989.249,2,0.000000,4,4,82.054787,1,0,0,-0.000187,0.999998,-0.001888,1.000000,0.000188,0.000345,-0.001353,-0.000052,0.000000,0.000000,0.000000,1,0.002717,7114.425781,-0.017974,-2763.837402,0.000001,0.014355,82.925049,1,0.002390,7100.688477,-0.017355,-2762.423096,0.000001,0.014341,82.925926,1,-0.002059,5666.334473,-6.919913,8446.710938,0.000060,-0.070352,82.052727,1,-0.002373,5655.648438,-6.922247,8468.921875,0.000061,-0.070561,82.056847,-10.038668,25545.734375,-11134.102539,2052.829102,-12.648295,0.287364,0.000000,0.000000,0.000000,0.000000,0.000000,0.000000,0.000000,0.000000,0.000000
283,4.716667,0.017700,-0.000336,-78.944702,0.010162,-0.002691,-29.313168,-0.000343,0.000122,29.313128,4979.746,2,0.000000,4,4,81.831123,1,0,0,-0.000187,0.999998,-0.001741,1.000000,0.000187,0.000343,0.008838,-0.000055,0.000000,0.000000,0.000000,1,0.002558,7097.643066,0.213433,-3505.452148,-0.000000,0.020650,83.305809,1,0.002233,7084.001953,0.214044,-3503.884277,-0.000000,0.020636,83.306480,1,-0.001771,5689.865234,-6.809863,8692.146484,0.000066,-0.079393,81.829254,1,-0.002083,5679.231934,-6.812260,8716.039062,0.000066,-0.079620,81.832993,-9.717760,25557.421875,-10141.074219,1744.338135,-13.852269,0.346383,0.000000,0.000000,0.000000,0.000000,0.000000,0.000000,0.000000,0.000000,0.000000
284,4.733333,0.017822,-0.000367,-79.435425,0.010037,-0.001856,-29.443182,-0.000342,0.000054,29.443155,4966.171,2,0.000000,4,4,81.582176,1,0,0,-0.000186,0.999999,-0.001449,1.000000,0.000186,0.000342,0.017498,-0.000057,0.000000,0.000000,0.000000,1,0.002188,7073.261230,0.592831,-2373.023682,-0.000002,0.021198,83.794357,1,0.001864,7059.706543,0.593475,-2368.068604,-0.000002,0.021154,83.794800,1,-0.001258,5718.879395,-0.980068,5928.818359,0.000011,-0.064599,81.580505,1,-0.001568,5708.304199,-0.978310,5936.439453,0.000011,-0.064682,81.583847,1.576409,25564.505859,-6864.095703,1123.541260,-2.345293,1.551278,0.000000,0.000000,0.000000,0.000000,0.000000,0.000000,0.000000,0.000000,0.000000
285,4.750000,0.017944,-0.000382,-79.927612,0.010057,-0.000904,-29.531183,-0.000342,0.000043,29.531168,4951.063,2,0.000000,4,4,81.627884,1,0,0,-0.000185,0.999999,-0.001064,1.000000,0.000185,0.000341,0.023078,-0.000039,0.000000,0.000000,0.000000,1,0.001673,7045.690430,0.677068,-2195.356689,-0.000003,0.019611,84.118317,1,0.001351,7032.189453,0.677716,-2192.292236,-0.000004,0.019584,84.118042,1,-0.000606,5748.310547,-0.816404,4718.791504,0.000009,-0.051415,81.626274,1,-0.000915,5737.737793,-0.814920,4729.275391,0.000009,-0.051529,81.629494,1.362242,25565.728516,-4798.790527,642.001099,-0.641106,1.288834,0.000000,0.000000,0.000000,0.000000,0.000000,0.000000,0.000000,0.000000,0.000000
286,4.766667,0.018066,-0.000380,-80.420776,0.010075,0.000088,-29.592707,-0.000341,0.000040,29.592703,4953.837,2,0.000000,4,4,81.801537,1,0,0,-0.000185,1.000000,-0.000627,1.000000,0.000185,0.000341,0.026269,-0.000023,0.000000,0.000000,0.000000,1,0.001069,7016.608398,0.502800,-1900.144897,-0.000004,0.016974,84.416458,1,0.000748,7003.144531,0.501834,-1898.650635,-0.000004,0.016961,84.415741,1,0.000118,5776.862793,-1.022611,4759.519043,0.000010,-0.051859,81.800011,1,-0.000190,5766.289551,-1.021134,4769.048340,0.000010,-0.051962,81.803062,0.824544,25562.095703,-5467.053711,499.203308,-2.080637,1.001857,0.000000,0.000000,0.000000,0.000000,0.000000,0.000000,0.000000,0.000000,0.000000
287,4.783333,0.018188,-0.000363,-80.915161,0.010085,0.001043,-29.662798,-0.000340,0.000030,29.662800,4964.376,2,0.000000,4,4,81.970291,1,0,0,-0.000184,1.000000,-0.000147,1.000000,0.000184,0.000340,0.028750,-0.000011,0.000000,0.000000,0.000000,1,0.000393,6985.201172,0.400452,-1763.883301,-0.000004,0.015757,84.671692,1,0.000072,6971.758789,0.399674,-1763.020630,-0.000004,0.015749,84.670761,1,0.000895,5806.302246,-0.681896,4618.780762,0.000007,-0.050325,81.968842,1,0.000587,5795.719727,-0.680614,4628.102051,0.000007,-0.050427,81.971741,1.295309,25555.669922,-5456.013672,273.449402,-0.955891,0.803576,0.000000,0.000000,0.000000,0.000000,0.000000,0.000000,0.000000,0.000000,0.000000
288,4.800000,0.018311,-0.000331,-81.410767,0.010102,0.001934,-29.732746,-0.000340,0.000025,29.732744,4974.617,2,0.000000,4,4,82.153366,1,0,0,-0.000184,1.000000,0.000355,1.000000,0.000184,0.000340,0.030111,-0.000001,0.000000,0.000000,0.000000,1,-0.000330,6952.998047,0.327966,-1673.266113,-0.000003,0.014947,84.907127,1,-0.000650,6939.580078,0.327346,-1672.800659,-0.000003,0.014943,84.906067,1,0.001694,5835.065918,-0.595247,4573.379395,0.000006,-0.049830,82.151993,1,0.001387,5824.469238,-0.594184,4582.030273,0.000006,-0.049925,82.154739,1.351765,25546.496094,-5544.131836,78.278511,-1.088663,0.597356,0.000000,0.000000,0.000000,0.000000,0.000000,0.000000,0.000000,0.000000,0.000000
289,4.816667,0.018433,-0.000285,-81.907471,0.010119,0.002725,-29.803825,-0.000340,0.000020,29.803818,4985.728,2,0.000000,4,4,82.340614,1,0,0,-0.000185,1.000000,0.000863,1.000000,0.000184,0.000340,0.030503,0.000007,0.000000,0.000000,0.000000,1,-0.001074,6920.896973,0.267619,-1621.027832,-0.000002,0.014481,85.129395,1,-0.001395,6907.486328,0.267100,-1620.736938,-0.000002,0.014478,85.128265,1,0.002491,5862.506348,-0.432923,4535.129395,0.000005,-0.049414,82.339310,1,0.002184,5851.882812,-0.432099,4543.234375,0.000005,-0.049502,82.341919,1.563125,25535.119141,-5570.118164,-102.799599,-0.825642,0.373769,0.000000,0.000000,0.000000,0.000000,0.000000,0.000000,0.000000,0.000000,0.000000
290,4.833333,0.018555,-0.000229,-82.405396,0.010139,0.003390,-29.875237,-0.000339,0.000015,29.875216,4997.092,2,0.000000,4,4,82.531258,1,0,0,-0.000185,0.999999,0.001363,1.000000,0.000184,0.000340,0.029996,0.000013,0.000000,0.000000,0.000000,1,-0.001818,6889.779297,0.217517,-1588.683960,-0.000002,0.014192,85.344063,1,-0.002139,6876.377441,0.217094,-1588.451782,-0.000002,0.014190,85.342896,1,0.003264,5887.963867,-0.322141,4512.987793,0.000004,-0.049172,82.530022,1,0.002956,5877.318848,-0.321577,4520.462402,0.000004,-0.049254,82.532494,1.689654,25522.089844,-5588.555664,-257.657990,-0.794307,0.196670,0.000000,0.000000,0.000000,0.000000,0.000000,0.000000,0.000000,0.000000,0.000000
291,4.850000,0.018677,-0.000164,-82.904419,0.010161,0.003907,-29.946884,-0.000339,0.000012,29.946844,5008.661,2,0.000000,4,4,82.723579,1,0,0,-0.000185,0.999998,0.001841,1.000000,0.000184,0.000340,0.028720,0.000017,0.000000,0.000000,0.000000,1,-0.002542,6860.393066,0.172688,-1568.796997,-0.000002,0.014014,85.554031,1,-0.002862,6846.990234,0.172357,-1568.597656,-0.000002,0.014012,85.552834,1,0.003992,5910.977051,-0.206153,4496.959473,0.000002,-0.048998,82.722397,1,0.003684,5900.302246,-0.205761,4503.900879,0.000002,-0.049073,82.724762,1.833295,25508.011719,-5594.420410,-391.906006,-0.693863,0.013246,0.000000,0.000000,0.000000,0.000000,0.000000,0.000000,0.000000,0.000000,0.000000
292,4.866667,0.018799,-0.000092,-83.404785,0.010185,0.004263,-30.018608,-0.000339,0.000008,30.018541,5020.333,2,0.000000,4,4,82.916908,1,0,0,-0.000185,0.999997,0.002288,1.000000,0.000185,0.000340,0.026776,0.000018,0.000000,0.000000,0.000000,1,-0.003226,6833.390137,0.132538,-1556.244385,-0.000001,0.013902,85.761108,1,-0.003547,6819.992188,0.132278,-1556.053711,-0.000001,0.013900,85.759888,1,0.004661,5931.159668,-0.108092,4485.201660,0.000001,-0.048870,82.915779,1,0.004353,5920.460938,-0.107878,4491.624023,0.000001,-0.048940,82.918037,1.948632,25493.496094,-5594.192383,-498.636475,-0.654742,-0.117717,0.000000,0.000000,0.000000,0.000000,0.000000,0.000000,0.000000,0.000000,0.000000
293,4.883333,0.018921,-0.000018,-83.906372,0.010210,0.004451,-30.090328,-0.000339,0.000005,30.090235,5032.066,2,0.000000,4,4,83.110786,1,0,0,-0.000186,0.999996,0.002693,1.000000,0.000185,0.000340,0.024303,0.000018,0.000000,0.000000,0.000000,1,-0.003857,6809.265625,0.095089,-1548.148926,-0.000001,0.013830,85.966362,1,-0.004179,6795.866211,0.094902,-1547.959106,-0.000001,0.013828,85.965118,1,0.005258,5948.257812,-0.014979,4475.792480,0.000000,-0.048767,83.109711,1,0.004950,5937.543945,-0.014952,4481.646973,0.000000,-0.048831,83.111862,2.058280,25478.988281,-5589.704102,-584.117920,-0.686212,-0.220791,0.000000,0.000000,0.000000,0.000000,0.000000,0.000000,0.000000,0.000000,0.000000
294,4.900000,0.019043,0.000056,-84.408936,0.010236,0.004470,-30.161991,-0.000339,0.000001,30.161865,5043.832,2,0.000000,4,4,83.304962,1,0,0,-0.000186,0.999995,0.003050,1.000000,0.000185,0.000340,0.021404,0.000017,0.000000,0.000000,0.000000,1,-0.004422,6788.437012,0.057552,-1542.793579,-0.000001,0.013782,86.170441,1,-0.004744,6775.032715,0.057438,-1542.613525,-0.000001,0.013780,86.169174,1,0.005775,5962.146484,0.002158,4467.733887,0.000000,-0.048679,83.303932,1,0.005466,5951.411133,0.002185,4473.136230,0.000000,-0.048738,83.305992,2.015347,25465.111328,-5582.540527,-642.763428,-0.888831,-0.339235,0.000000,0.000000,0.000000,0.000000,0.000000,0.000000,0.000000,0.000000,0.000000
295,4.916667,0.019165,0.000128,-84.912842,0.010262,0.004327,-30.233562,-0.000339,-0.000003,30.233406,5055.616,2,0.000000,4,4,83.499283,1,0,0,-0.000186,0.999994,0.003353,1.000000,0.000185,0.000340,0.018214,0.000015,0.000000,0.000000,0.000000,1,-0.004912,6771.139648,0.028707,-1539.202026,-0.000000,0.013750,86.373741,1,-0.005234,6757.745605,0.028650,-1539.009888,-0.000000,0.013748,86.372452,1,0.006206,5972.775879,0.046177,4460.481445,-0.000000,-0.048600,83.498299,1,0.005897,5962.023438,0.046200,4465.383789,-0.000000,-0.048654,83.500267,2.043260,25452.195312,-5573.434082,-682.929443,-1.051508,-0.383484,0.000000,0.000000,0.000000,0.000000,0.000000,0.000000,0.000000,0.000000,0.000000
296,4.933333,0.019287,0.000196,-85.417969,0.010288,0.004031,-30.305017,-0.000339,-0.000008,30.304838,5067.409,2,0.000000,4,4,83.693657,1,0,0,-0.000186,0.999994,0.003600,1.000000,0.000185,0.000340,0.014824,0.000012,0.000000,0.000000,0.000000,1,-0.005319,6757.600098,0.006018,-1536.738159,-0.000000,0.013728,86.576523,1,-0.005641,6744.201660,0.006000,-1536.544067,-0.000000,0.013726,86.575203,1,0.006548,5980.174805,0.117821,4453.634277,-0.000001,-0.048526,83.692711,1,0.006239,5969.417480,0.117843,4458.239746,-0.000001,-0.048576,83.694603,2.138736,25440.742188,-5563.075195,-706.818115,-0.981534,-0.416077,0.000000,0.000000,0.000000,0.000000,0.000000,0.000000,0.000000,0.000000,0.000000
297,4.950000,0.019409,0.000255,-85.924316,0.010315,0.003599,-30.376339,-0.000339,-0.000013,30.376137,5079.205,2,0.000000,4,4,83.888031,1,0,0,-0.000187,0.999993,0.003789,1.000000,0.000185,0.000340,0.011314,0.000009,0.000000,0.000000,0.000000,1,-0.005638,6747.907715,0.000644,-1534.992798,-0.000000,0.013712,86.778946,1,-0.005960,6734.515137,0.000626,-1534.800903,-0.000000,0.013710,86.777596,1,0.006800,5984.400879,0.209992,4447.183105,-0.000001,-0.048455,83.887123,1,0.006491,5973.639160,0.210020,4451.411133,-0.000001,-0.048502,83.888939,2.310010,25430.996094,-5551.985352,-707.560303,-0.963633,-0.398080,0.000000,0.000000,0.000000,0.000000,0.000000,0.000000,0.000000,0.000000,0.000000
298,4.966667,0.019531,0.000306,-86.431763,0.010345,0.003051,-30.447517,-0.000340,-0.000018,30.447298,5091.001,2,0.000000,4,4,84.082359,1,0,0,-0.000187,0.999992,0.003919,1.000000,0.000185,0.000340,0.007800,0.000006,0.000000,0.000000,0.000000,1,-0.005868,6742.035645,-0.011336,-1533.791382,0.000000,0.013701,86.981117,1,-0.006190,6728.642578,-0.011354,-1533.590332,0.000000,0.013700,86.979736,1,0.006965,5985.660645,0.320605,4440.701660,-0.000002,-0.048385,84.081482,1,0.006656,5974.897949,0.320634,4444.682129,-0.000002,-0.048428,84.083237,2.504985,25423.257812,-5539.888672,-697.219482,-0.749453,-0.373798,0.000000,0.000000,0.000000,0.000000,0.000000,0.000000,0.000000,0.000000,0.000000
299,4.983333,0.019653,0.000347,-86.940430,0.010377,0.002411,-30.518541,-0.000340,-0.000022,30.518309,5102.795,2,0.000000,4,4,84.276634,1,0,0,-0.000187,0.999992,0.003991,1.000000,0.000185,0.000341,0.004338,0.000003,0.000000,0.000000,0.000000,1,-0.006007,6739.917969,-0.024593,-1532.843262,0.000000,0.013693,87.183113,1,-0.006329,6726.527344,-0.024625,-1532.673218,0.000000,0.013691,87.181702,1,0.007045,5984.109375,0.439189,4434.649414,-0.000003,-0.048319,84.275787,1,0.006736,5973.344238,0.439212,4438.267578,-0.000003,-0.048358,84.277481,2.713662,25417.632812,-5527.987305,-669.285889,-0.637362,-0.329427,0.000000,0.000000,0.000000,0.000000,0.000000,0.000000,0.000000,0.000000,0.000000
300,5.000000,0.019775,0.000375,-87.450195,0.010412,0.001701,-30.589413,-0.000341,-0.000025,30.589174,5114.585,2,0.047244,4,4,84.470810,1,0,0,-0.000187,0.999992,0.004008,1.000000,0.000185,0.000341,0.001013,0.000001,0.000000,0.000000,0.000000,1,-0.006068,6740.577148,2891.134277,-1497.856812,-0.009586,0.013380,87.384972,1,-0.006371,6728.786133,2919.678711,-1497.460693,-0.009681,0.013377,87.383530,1,0.007044,5980.032227,0.563150,4428.506348,-0.000004,-0.048252,84.469994,1,0.006735,5969.271484,0.563168,4431.828613,-0.000004,-0.048288,84.471626,5756.169922,25414.300781,-5473.070801,-634.932495,-8042.163086,647.177185,0.000000,0.000000,0.000000,0.000000,0.000000,0.000000,0.000000,0.000000,0.000000
301,5.016667,0.021240,0.000391,-87.961182,0.084209,0.000950,-30.659580,-0.001001,-0.039643,30.659412,5126.369,2,0.078740,4,4,84.664894,1,0,0,-0.000347,0.999992,0.003972,0.999999,0.000343,0.001002,-0.002144,0.009464,0.000000,0.000000,0.000000,1,-0.005905,6756.596191,5342.965820,-1685.476562,-0.023744,0.015056,87.581741,1,-0.006469,6722.441895,5423.709473,-1243.911499,-0.024071,0.011112,87.580246,1,0.007101,5984.905273,46.298042,3840.077393,-0.000190,-0.041841,84.664101,1,0.006529,5951.596191,46.304192,5524.037109,-0.000190,-0.052705,84.665688,10767.132812,25413.146484,-5804.318359,-543.409973,-12778.695312,1112.621948,0.000000,0.000000,0.000000,0.000000,0.000000,0.000000,0.000000,0.000000,0.000000
302,5.033333,0.025024,0.000394,-88.473389,0.222249,0.000180,-30.733995,-0.002709,-0.102597,30.734251,5138.148,2,0.110236,4,4,84.831512,1,0,0,-0.000782,0.999992,0.003890,0.999996,0.000771,0.002712,-0.004856,0.025690,0.000000,0.000000,0.000000,1,-0.005432,6788.934570,7985.626465,-1976.951172,-0.041409,0.017660,87.805779,1,-0.006729,6705.022461,8144.638672,-973.731201,-0.042142,0.008698,87.740112,1,0.007323,6001.002441,133.792664,2700.349854,-0.000661,-0.029422,84.844521,1,0.006036,5919.887695,133.791855,6068.431641,-0.000661,-0.057685,84.818512,16264.355469,25414.447266,-4782.375977,-595.267700,-16820.716797,1515.651855,0.000000,0.000000,0.000000,0.000000,0.000000,0.000000,0.000000,0.000000,0.000000
303,5.050000,0.032227,0.000384,-88.986572,0.430767,-0.000571,-30.795307,-0.005797,-0.185466,30.797068,5148.260,2,0.149606,4,4,85.029022,1,0,0,-0.001590,0.999992,0.003756,0.999982,0.001568,0.005803,-0.007857,0.047767,0.000000,0.000000,0.000000,1,-0.004562,6841.375000,11218.380859,-2206.066895,-0.063237,0.019707,88.072182,1,-0.007231,6674.310547,11505.885742,-590.032959,-0.064651,0.005271,87.860710,1,0.007785,6029.406250,266.298401,1753.315918,-0.001492,-0.019104,85.069679,1,0.005169,5870.835449,266.364502,6808.380859,-0.001493,-0.063808,84.988388,23071.738281,25417.458984,-3992.835449,-593.286621,-22544.029297,1911.735962,0.000000,0.000000,0.000000,0.000000,0.000000,0.000000,0.000000,0.000000,0.000000
304,5.066667,0.044312,0.000363,-89.500610,0.726558,-0.001287,-30.846497,-0.010734,-0.296524,30.852314,5160.246,2,0.188976,4,4,85.236717,1,0,0,-0.002869,0.999990,0.003562,0.999938,0.002830,0.010744,-0.010921,0.075647,0.000000,0.000000,0.000000,1,-0.003216,6917.149902,8761.128906,-2505.737549,-0.078263,0.022384,88.371880,1,-0.008067,6626.054688,8800.506836,-152.286148,-0.078615,0.001360,87.925545,1,0.008575,6073.635742,498.888367,634.314453,-0.002956,-0.006911,85.318932,1,0.003853,5802.443359,498.789795,7775.904297,-0.002956,-0.071572,85.154587,18351.750000,25422.628906,-3950.730469,-492.685577,-10787.708984,926.139404,0.000000,0.000000,0.000000,0.000000,0.000000,0.000000,0.000000,0.000000,0.000000
305,5.083333,0.060303,0.000330,-90.015503,0.961837,-0.001946,-30.897146,-0.016557,-0.349666,30.908655,5172.851,2,0.228346,4,4,85.451607,1,0,0,-0.004375,0.999985,0.003317,0.999853,0.004319,0.016571,-0.013475,0.089164,0.000000,0.000000,0.000000,1,-0.001616,6994.474609,10551.159180,-2324.878662,-0.094253,0.020768,88.715134,1,-0.009045,6579.792969,10477.000977,-98.238655,-0.093591,0.000878,87.926758,1,0.009510,6113.750977,764.584351,625.565125,-0.004951,-0.006816,85.592598,1,0.002305,5737.152344,764.659668,8675.029297,-0.004951,-0.080090,85.310844,22323.878906,25430.146484,-4313.354004,-336.371796,-13733.751953,1046.304932,0.000000,0.000000,0.000000,0.000000,0.000000,0.000000,0.000000,0.000000,0.000000
306,5.100000,0.081055,0.000288,-90.531372,1.248041,-0.002525,-30.952446,-0.023506,-0.417315,30.973064,5185.892,2,0.267717,4,4,85.618439,1,0,0,-0.006138,0.999977,0.003025,0.999705,0.006065,0.023523,-0.015334,0.104455,0.000000,0.000000,0.000000,1,0.000238,7082.818848,12100.988281,-2335.711182,-0.108098,0.020865,89.032097,1,-0.010215,6523.680664,11840.253906,-30.236231,-0.105769,0.000270,87.920113,1,0.010642,6163.426270,1114.675903,605.034363,-0.007621,-0.006733,85.825691,1,0.000524,5664.106934,1114.802368,9576.419922,-0.007622,-0.089092,85.411682,25892.750000,25440.447266,-4374.524414,-218.977936,-15128.478516,1075.425293,0.000000,0.000000,0.000000,0.000000,0.000000,0.000000,0.000000,0.000000,0.000000
307,5.116667,0.107300,0.000238,-91.048218,1.579999,-0.002988,-31.008530,-0.031697,-0.491828,31.042879,5196.017,2,0.307087,4,4,85.737915,1,0,0,-0.008164,0.999963,0.002688,0.999464,0.008075,0.031715,-0.016697,0.120165,0.000000,0.000000,0.000000,1,0.002331,7180.886230,13526.592773,-2417.190186,-0.120833,0.021593,89.350639,1,-0.011604,6457.529785,12995.492188,-8.511595,-0.116088,0.000198,87.903587,1,0.011997,6222.446289,1547.476807,344.835327,-0.011051,-0.005628,86.018951,1,-0.001473,5584.624512,1547.675293,8885.537109,-0.011052,-0.096815,85.457794,29213.593750,25452.980469,-2359.728027,-342.868652,-16644.189453,1042.065674,0.000000,0.000000,0.000000,0.000000,0.000000,0.000000,0.000000,0.000000,0.000000
308,5.133333,0.139893,0.000183,-91.565552,1.954532,-0.003295,-31.038782,-0.041254,-0.573801,31.092861,5203.267,2,0.354331,4,4,85.907310,1,0,0,-0.010445,0.999943,0.002286,0.999095,0.010342,0.041269,-0.018767,0.135461,0.000000,0.000000,0.000000,1,0.004661,7289.188477,15220.673828,-2335.124756,-0.135966,0.020860,89.681023,1,-0.013201,6383.479492,14306.766602,228.955200,-0.127802,-0.000635,87.883904,1,0.013560,6288.057617,2101.421387,117.722488,-0.015448,-0.004015,86.258911,1,-0.003694,5497.460938,2101.520752,9446.919922,-0.015449,-0.102931,85.557144,33240.476562,25466.324219,-1650.846191,-298.679260,-17276.136719,1065.242676,0.000000,0.000000,0.000000,0.000000,0.000000,0.000000,0.000000,0.000000,0.000000
309,5.150000,0.179688,0.000126,-92.083252,2.380692,-0.003446,-31.059946,-0.052229,-0.658883,31.141771,5213.547,2,0.393701,4,4,86.058296,1,0,0,-0.012985,0.999914,0.001812,0.998552,0.012873,0.052233,-0.020737,0.151069,0.000000,0.000000,0.000000,1,0.007219,7407.227051,16451.611328,-2343.483643,-0.146962,0.020934,89.999481,1,-0.015031,6299.160645,15069.523438,469.496704,-0.134616,-0.001956,87.829704,1,0.015348,6362.798828,2736.648926,-180.680725,-0.020782,-0.001794,86.486969,1,-0.006128,5403.818359,2736.784180,9879.340820,-0.020783,-0.107643,85.631752,36409.382812,25481.367188,-718.241211,-288.453613,-15587.425781,954.287292,0.000000,0.000000,0.000000,0.000000,0.000000,0.000000,0.000000,0.000000,0.000000
310,5.166667,0.227051,0.000069,-92.600952,2.847479,-0.003418,-31.069155,-0.064483,-0.735647,31.187981,5222.711,2,0.440945,4,4,86.201553,1,0,0,-0.015755,0.999875,0.001257,0.997797,0.015641,0.064466,-0.022721,0.165048,0.000000,0.000000,0.000000,1,0.009963,7532.099121,17978.923828,-2199.604248,-0.160605,0.019649,90.319153,1,-0.017078,6206.821289,15972.900391,768.865234,-0.142686,-0.003779,87.740547,1,0.017350,6444.638672,3399.718506,-497.503357,-0.026818,0.000884,86.713371,1,-0.008746,5305.943848,3399.738770,10158.113281,-0.026818,-0.110680,85.692757,40037.574219,25497.621094,568.311523,-302.673126,-15069.253906,893.517883,0.000000,0.000000,0.000000,0.000000,0.000000,0.000000,0.000000,0.000000,0.000000
311,5.183333,0.283081,0.000016,-93.118774,3.360782,-0.003196,-31.061869,-0.077975,-0.809857,31.229206,5231.405,2,0.480315,4,4,86.346237,1,0,0,-0.018736,0.999824,0.000610,0.996785,0.018632,0.077920,-0.024863,0.178152,0.000000,0.000000,0.000000,1,0.012875,7663.860352,19123.544922,-2112.394775,-0.170830,0.018870,90.617912,1,-0.019345,6105.776855,16426.871094,1014.558350,-0.146741,-0.005740,87.607887,1,0.019558,6533.810547,4077.983398,-816.807129,-0.033356,0.003859,86.946236,1,-0.011528,5203.805664,4077.963379,10411.971680,-0.033356,-0.113446,85.750381,42849.550781,25514.558594,1889.477539,-329.345154,-12864.808594,725.862122,0.000000,0.000000,0.000000,0.000000,0.000000,0.000000,0.000000,0.000000,0.000000
312,5.200000,0.348389,-0.000030,-93.636108,3.910135,-0.002769,-31.037645,-0.092522,-0.873211,31.266094,5240.185,2,0.527559,4,4,86.493790,1,0,0,-0.021887,0.999761,-0.000138,0.995482,0.021806,0.092409,-0.027134,0.188861,0.000000,0.000000,0.000000,1,0.015906,7799.449707,20488.019531,-1857.646484,-0.183019,0.016594,90.903999,1,-0.021802,5998.768555,16919.146484,763.391174,-0.151138,-0.006819,87.439514,1,0.021944,6628.102051,4715.815918,-1097.310791,-0.040047,0.006865,87.186821,1,-0.014441,5099.581543,4715.647949,10571.933594,-0.040047,-0.115189,85.806267,45637.972656,25531.925781,3926.172852,-416.895172,-12466.257812,558.823181,0.000000,0.000000,0.000000,0.000000,0.000000,0.000000,0.000000,0.000000,0.000000
313,5.216667,0.423218,-0.000066,-94.152466,4.495237,-0.002130,-30.987310,-0.108092,-0.934599,31.291365,5249.140,2,0.574803,4,4,86.647118,1,0,0,-0.025165,0.999683,-0.001001,0.993845,0.025126,0.107891,-0.029820,0.197288,0.000000,0.000000,0.000000,1,0.019025,7938.212402,21722.902344,-1574.086060,-0.194050,0.014061,91.153061,1,-0.024417,5887.020020,17167.095703,982.598877,-0.153353,-0.008778,87.307648,1,0.024469,6725.812012,5331.892090,-1310.419678,-0.046746,0.009616,87.437004,1,-0.017460,4993.534668,5331.707520,10802.894531,-0.046745,-0.117706,85.864365,48125.855469,25548.765625,5414.554688,-416.810150,-11398.121094,377.047211,0.000000,0.000000,0.000000,0.000000,0.000000,0.000000,0.000000,0.000000,0.000000
314,5.233333,0.508423,-0.000087,-94.667847,5.112235,-0.001289,-30.917892,-0.124599,-0.990726,31.313498,5258.445,2,0.622047,4,4,86.798859,1,0,0,-0.028525,0.999591,-0.001985,0.991838,0.028551,0.124271,-0.032421,0.203167,0.000000,0.000000,0.000000,1,0.022187,8077.572754,22834.757812,-1305.680908,-0.203982,0.011664,91.360909,1,-0.027163,5771.682129,17181.542969,1166.041260,-0.153482,-0.010416,87.143921,1,0.027102,6826.192383,5898.203125,-1466.337646,-0.053249,0.011977,87.689400,1,-0.020546,4887.715820,5897.750488,10967.689453,-0.053247,-0.119501,85.917358,50108.714844,25565.001953,6990.300781,-427.565979,-10333.386719,157.399033,0.000000,0.000000,0.000000,0.000000,0.000000,0.000000,0.000000,0.000000,0.000000
315,5.250000,0.604370,-0.000092,-95.181641,5.754654,-0.000250,-30.828274,-0.141954,-1.041609,31.332308,5267.654,2,0.669291,4,4,86.949493,1,0,0,-0.031913,0.999486,-0.003091,0.989427,0.032029,0.141451,-0.034900,0.205996,0.000000,0.000000,0.000000,1,0.025340,8215.218750,23814.453125,-1040.613525,-0.212734,0.009296,91.529747,1,-0.030001,5654.829590,16912.423828,1328.074707,-0.151538,-0.011900,86.953537,1,0.029800,6927.170410,6409.116211,-1552.965332,-0.059404,0.013812,87.943481,1,-0.023658,4783.669922,6408.372070,11078.605469,-0.059400,-0.120710,85.966736,51536.289062,25579.917969,8535.450195,-381.257568,-10753.413086,-92.329529,0.000000,0.000000,0.000000,0.000000,0.000000,0.000000,0.000000,0.000000,0.000000
316,5.266667,0.711304,-0.000075,-95.693726,6.415376,0.000967,-30.718845,-0.160192,-1.094557,31.348816,5276.796,2,0.716535,4,4,87.098206,1,0,0,-0.035266,0.999369,-0.004318,0.986567,0.035503,0.159455,-0.036880,0.205326,0.000000,0.000000,0.000000,1,0.028426,8348.037109,24640.046875,-833.922852,-0.220109,0.007449,91.660065,1,-0.032887,5538.344727,16497.099609,715.252014,-0.147507,-0.013556,86.739601,1,0.032520,7027.039062,6931.554688,-1588.033691,-0.065388,0.015108,88.197403,1,-0.026743,4683.708008,5213.251953,11192.422852,-0.056802,-0.121950,86.012711,50601.585938,25592.919922,10488.466797,-356.772461,-14269.970703,-548.994019,0.000000,0.000000,0.000000,0.000000,0.000000,0.000000,0.000000,0.000000,0.000000
317,5.283333,0.829102,-0.000036,-96.203491,7.064115,0.002346,-30.584377,-0.179601,-1.164816,31.354321,5285.820,2,0.763780,4,4,87.242119,1,0,0,-0.038473,0.999244,-0.005669,0.983163,0.038866,0.178551,-0.038144,0.198355,0.000000,0.000000,0.000000,1,0.031354,8470.734375,25295.771484,-665.739380,-0.225967,0.005947,91.760345,1,-0.035729,5427.950195,15800.791992,886.794983,-0.141370,-0.018442,86.614731,1,0.035166,7119.730957,7743.002930,-1144.475098,-0.072432,0.012470,88.447861,1,-0.029719,4591.841797,6954.597168,11453.994141,-0.063845,-0.124800,86.052811,52819.980469,25602.509766,11556.091797,-242.556763,-11169.628906,-560.975769,0.000000,0.000000,0.000000,0.000000,0.000000,0.000000,0.000000,0.000000,0.000000
318,5.300000,0.958130,0.000028,-96.710693,7.741294,0.003835,-30.436222,-0.199927,-1.219810,31.367346,5294.555,2,0.811024,4,4,87.348053,1,0,0,-0.041525,0.999112,-0.007126,0.979201,0.042113,0.198473,-0.038686,0.191081,0.000000,0.000000,0.000000,1,0.034102,8585.077148,25751.345703,-447.245941,-0.230063,0.003996,91.836182,1,-0.038534,5319.175781,14827.865234,966.243835,-0.132738,-0.022487,86.464928,1,0.037748,7210.956055,8539.502930,-740.331238,-0.080083,0.008066,88.658447,1,-0.032566,4505.682129,6222.942383,11464.529297,-0.067804,-0.124915,86.057022,52077.000000,25609.357422,12338.996094,-67.639893,-12512.443359,-876.477539,0.000000,0.000000,0.000000,0.000000,0.000000,0.000000,0.000000,0.000000,0.000000
319,5.316667,1.098267,0.000118,-97.215332,8.408948,0.005404,-30.278030,-0.221280,-1.281412,31.385336,5300.983,2,0.866142,4,4,87.431557,1,0,0,-0.044340,0.998979,-0.008671,0.974609,0.045162,0.219311,-0.037690,0.179227,0.000000,0.000000,0.000000,1,0.036585,8684.417969,25911.218750,-68.447052,-0.231465,0.001318,91.880264,1,-0.041236,5217.666992,14045.359375,1091.417847,-0.125845,-0.028466,86.303581,1,0.040211,7295.253906,9602.536133,-786.159241,-0.089193,0.008566,88.843147,1,-0.035205,4430.515137,7907.800781,10683.250977,-0.076913,-0.124756,86.042397,53620.460938,25612.550781,14806.700195,-66.746094,-10453.933594,-843.948059,0.000000,0.000000,0.000000,0.000000,0.000000,0.000000,0.000000,0.000000,0.000000
320,5.333333,1.250000,0.000235,-97.716797,9.096390,0.007012,-30.088202,-0.243491,-1.332880,31.393715,5306.051,2,0.913386,4,4,87.558540,1,0,0,-0.046925,0.998845,-0.010294,0.969367,0.048022,0.240875,-0.036580,0.167875,0.000000,0.000000,0.000000,1,0.038820,8773.805664,25794.533203,34.675724,-0.230422,0.001155,91.869293,1,-0.043854,5119.095215,13769.011719,1204.062134,-0.123468,-0.033449,86.124039,1,0.042558,7375.718262,10732.289062,-77.300606,-0.099491,0.000842,89.066147,1,-0.037645,4361.635742,7258.568359,10887.055664,-0.083798,-0.125687,86.076454,53386.625000,25610.865234,15424.572266,148.365479,-12031.839844,-989.778564,0.000000,0.000000,0.000000,0.000000,0.000000,0.000000,0.000000,0.000000,0.000000
321,5.350000,1.413086,0.000378,-98.214966,9.780834,0.008594,-29.890451,-0.266689,-1.392113,31.411400,5313.757,2,0.960630,4,4,87.636604,1,0,0,-0.049233,0.998716,-0.011973,0.963392,0.050648,0.263270,-0.033873,0.154175,0.000000,0.000000,0.000000,1,0.040750,8847.385742,25346.337891,94.811157,-0.226420,0.000674,91.843330,1,-0.046355,5026.880859,13508.903320,1313.165649,-0.121244,-0.038748,85.928123,1,0.044767,7450.360352,12157.161133,-112.136826,-0.111729,0.000983,89.235321,1,-0.039831,4303.882324,7749.102051,10327.731445,-0.094292,-0.125669,86.066528,53844.070312,25605.279297,17764.890625,136.643311,-10676.988281,-994.685486,0.000000,0.000000,0.000000,0.000000,0.000000,0.000000,0.000000,0.000000,0.000000
322,5.366667,1.587524,0.000546,-98.709351,10.471143,0.010112,-29.662697,-0.290763,-1.444676,31.419495,5318.496,2,1.000000,4,4,87.745827,1,0,0,-0.051263,0.998591,-0.013699,0.956653,0.053038,0.286360,-0.031008,0.140502,0.000000,0.000000,0.000000,1,0.042391,8908.793945,24737.498047,158.227432,-0.220984,-0.000190,91.808632,1,-0.048740,4939.489258,13263.541992,1394.239502,-0.119136,-0.043153,85.716354,1,0.046831,7519.349121,13769.826172,-42.095665,-0.125947,0.000788,89.432053,1,-0.041771,4253.902832,8084.636719,9874.201172,-0.103636,-0.126576,86.091400,54240.890625,25594.480469,19804.621094,138.819580,-8776.562500,-978.861633,0.000000,0.000000,0.000000,0.000000,0.000000,0.000000,0.000000,0.000000,0.000000
323,5.383333,1.773682,0.000738,-99.199585,11.166539,0.011502,-29.408791,-0.315558,-1.487882,31.422157,5325.124,2,1.000000,4,4,87.874901,1,0,0,-0.053017,0.998474,-0.015457,0.949144,0.055196,0.309966,-0.027940,0.127115,0.000000,0.000000,0.000000,1,0.043781,8960.787109,24915.826172,-21.934404,-0.222573,-0.000072,91.764717,1,-0.051055,4853.264648,13038.704102,1304.662964,-0.117056,-0.040479,85.492805,1,0.048746,7582.834961,15541.244141,136.118759,-0.142051,-0.000055,89.644844,1,-0.043471,4211.331055,8296.488281,9528.172852,-0.111206,-0.127715,86.139908,55367.437500,25576.658203,22083.144531,-115.884277,-3496.765625,-932.745056,0.000000,0.000000,0.000000,0.000000,0.000000,0.000000,0.000000,0.000000,0.000000
324,5.400000,1.971680,0.000950,-99.684937,11.876378,0.012690,-29.125673,-0.340639,-1.505094,31.419888,5332.957,2,1.000000,4,4,88.012314,1,0,0,-0.054522,0.998364,-0.017242,0.940963,0.057149,0.333649,-0.026172,0.115086,0.000000,0.000000,0.000000,1,0.044952,9004.260742,25025.468750,-73.584015,-0.223553,0.000326,91.746986,1,-0.053237,4775.099121,12835.648438,1212.248047,-0.115171,-0.037800,85.282272,1,0.050500,7639.798340,17246.847656,490.480652,-0.159076,-0.002018,89.861984,1,-0.044991,4171.738281,8314.273438,9354.328125,-0.113898,-0.128146,86.200722,56321.339844,25556.378906,23904.876953,-236.773682,-55.128906,-865.235718,0.000000,0.000000,0.000000,0.000000,0.000000,0.000000,0.000000,0.000000,0.000000
325,5.416667,2.181641,0.001177,-100.165283,12.598447,0.013639,-28.819201,-0.365725,-1.505362,31.418726,5341.296,2,1.000000,4,4,88.139565,1,0,0,-0.055804,0.998260,-0.019043,0.932196,0.058923,0.357125,-0.025087,0.104411,0.000000,0.000000,0.000000,1,0.045948,9041.765625,25113.220703,-74.127464,-0.224337,0.000725,91.736763,1,-0.055286,4702.233887,12647.333984,1110.924194,-0.113413,-0.034854,85.085167,1,0.052096,7691.273438,18837.437500,980.381531,-0.176215,-0.005234,90.064522,1,-0.046370,4134.889160,8228.788086,9282.393555,-0.113332,-0.127843,86.255753,57119.812500,25533.318359,25452.482422,-270.209717,2079.050781,-789.381104,0.000000,0.000000,0.000000,0.000000,0.000000,0.000000,0.000000,0.000000,0.000000
326,5.433333,2.403809,0.001415,-100.640137,13.330752,0.014313,-28.492887,-0.390640,-1.495122,31.422424,5349.019,2,1.000000,4,4,88.244110,1,0,0,-0.056887,0.998163,-0.020851,0.922915,0.060541,0.380215,-0.024267,0.094969,0.000000,0.000000,0.000000,1,0.046799,9074.102539,25207.261719,-71.871384,-0.225177,0.001110,91.726616,1,-0.057209,4634.142578,12472.237305,999.044128,-0.111771,-0.031544,84.902794,1,0.053549,7738.194824,20271.671875,1558.877441,-0.192792,-0.009596,90.239349,1,-0.047630,4100.777344,8068.738281,9286.702148,-0.110199,-0.126834,86.292992,57736.500000,25508.734375,26823.958984,-248.452881,3269.621094,-715.439331,0.000000,0.000000,0.000000,0.000000,0.000000,0.000000,0.000000,0.000000,0.000000
327,5.450000,2.638306,0.001660,-101.109375,14.070964,0.014691,-28.148991,-0.415286,-1.479019,31.433237,5355.363,2,1.000000,4,4,88.317307,1,0,0,-0.057790,0.998072,-0.022654,0.913174,0.062018,0.402822,-0.023423,0.086556,0.000000,0.000000,0.000000,1,0.047526,9101.787109,25322.687500,-92.030457,-0.226209,0.001601,91.716141,1,-0.059014,4570.415039,12308.956055,876.447571,-0.110234,-0.027838,84.736679,1,0.054876,7781.411133,17474.628906,2178.234375,-0.190399,-0.014844,90.377472,1,-0.048781,4069.655273,7839.288574,9359.722656,-0.104775,-0.125096,86.304100,54435.511719,25483.929688,26437.273438,-14.234131,-2922.617188,-1070.974976,0.000000,0.000000,0.000000,0.000000,0.000000,0.000000,0.000000,0.000000,0.000000
328,5.466667,2.884521,0.001906,-101.572876,14.768855,0.014775,-27.810051,-0.440173,-1.493397,31.452009,5359.806,2,1.000000,4,4,88.353493,1,0,0,-0.058420,0.997993,-0.024433,0.902791,0.063262,0.425402,-0.019974,0.073083,0.000000,0.000000,0.000000,1,0.048058,9117.535156,25383.244141,-203.862122,-0.226755,0.002685,91.708595,1,-0.060612,4518.173828,12173.388672,791.132996,-0.108974,-0.025237,84.588379,1,0.056001,7813.021484,17940.986328,2677.860596,-0.195481,-0.020164,90.473274,1,-0.049744,4048.403076,7916.190430,9210.864258,-0.106489,-0.123905,86.283379,54210.578125,25457.765625,27770.623047,-109.660156,-1596.335938,-1039.971558,0.000000,0.000000,0.000000,0.000000,0.000000,0.000000,0.000000,0.000000,0.000000
329,5.483333,3.142212,0.002149,-102.030396,15.463862,0.014550,-27.454018,-0.465191,-1.501247,31.473534,5362.001,2,1.000000,4,4,88.370926,1,0,0,-0.058793,0.997927,-0.026183,0.891801,0.064291,0.447836,-0.017072,0.060505,0.000000,0.000000,0.000000,1,0.048434,9127.924805,25409.328125,-279.390228,-0.226995,0.004170,91.717300,1,-0.061998,4474.352539,12059.977539,708.189331,-0.107917,-0.022710,84.452477,1,0.056922,7836.971680,18244.128906,3158.088135,-0.198784,-0.025452,90.544220,1,-0.050551,4030.594238,7980.356934,9084.333984,-0.107407,-0.122265,86.249794,53811.835938,25431.277344,29000.574219,-167.301270,-884.875000,-1003.565063,0.000000,0.000000,0.000000,0.000000,0.000000,0.000000,0.000000,0.000000,0.000000
330,5.500000,3.411377,0.002383,-102.481689,16.153757,0.014011,-27.082216,-0.490282,-1.505596,31.498219,5363.060,2,1.000000,4,4,88.369537,1,0,0,-0.058926,0.997872,-0.027902,0.880231,0.065123,0.470055,-0.014548,0.048780,0.000000,0.000000,0.000000,1,0.048688,9134.188477,25412.380859,-336.785461,-0.227028,0.005963,91.736984,1,-0.063167,4438.880859,11968.502930,628.193542,-0.107062,-0.020261,84.328629,1,0.057643,7853.616211,18454.515625,3597.398926,-0.201076,-0.030554,90.590584,1,-0.051225,4015.735596,8051.167969,8961.800781,-0.107963,-0.120174,86.202950,53303.726562,25405.460938,30210.390625,-206.666260,-475.144531,-956.877075,0.000000,0.000000,0.000000,0.000000,0.000000,0.000000,0.000000,0.000000,0.000000
331,5.516667,3.692017,0.002602,-102.926514,16.837139,0.013164,-26.694904,-0.515412,-1.507928,31.525753,5362.976,2,1.000000,4,4,88.351372,1,0,0,-0.058835,0.997829,-0.029588,0.868100,0.065775,0.492012,-0.012363,0.037976,0.000000,0.000000,0.000000,1,0.048850,9137.668945,25402.486328,-386.387817,-0.226946,0.008024,91.765007,1,-0.064121,4411.501465,11898.291016,551.235535,-0.106401,-0.017886,84.216408,1,0.058173,7863.461914,18602.058594,3982.583496,-0.202684,-0.035319,90.614952,1,-0.051791,4003.241943,8135.895508,8834.065430,-0.108310,-0.117605,86.144333,52708.132812,25381.296875,31443.154297,-236.106934,-238.484375,-886.999268,0.000000,0.000000,0.000000,0.000000,0.000000,0.000000,0.000000,0.000000,0.000000
332,5.533333,3.983887,0.002802,-103.364746,17.512884,0.012027,-26.291786,-0.540562,-1.509097,31.555401,5361.873,2,1.000000,4,4,88.319641,1,0,0,-0.058541,0.997796,-0.031240,0.855421,0.066271,0.513677,-0.010579,0.028328,0.000000,0.000000,0.000000,1,0.048952,9139.736328,25383.646484,-428.442108,-0.226784,0.010316,91.800240,1,-0.064867,4391.629883,11847.761719,478.015717,-0.105922,-0.015604,84.115372,1,0.058526,7867.491699,18715.271484,4304.698730,-0.203917,-0.039619,90.621094,1,-0.052269,3992.435059,8238.614258,8693.736328,-0.108558,-0.114555,86.076637,52045.062500,25359.849609,32725.042969,-263.972900,-50.910156,-816.272949,0.000000,0.000000,0.000000,0.000000,0.000000,0.000000,0.000000,0.000000,0.000000
333,5.550000,4.286987,0.002980,-103.795898,18.180128,0.010633,-25.872234,-0.565716,-1.509345,31.586243,5359.947,2,1.000000,4,4,88.278412,1,0,0,-0.058065,0.997772,-0.032860,0.842208,0.066632,0.535020,-0.009229,0.019823,0.000000,0.000000,0.000000,1,0.049024,9141.646484,25364.109375,-464.949829,-0.226615,0.011308,91.841583,1,-0.065416,4378.752930,11815.570312,408.600586,-0.105611,-0.013417,84.024979,1,0.058720,7866.333008,18784.433594,4560.674316,-0.204671,-0.043358,90.613586,1,-0.052682,3982.667969,8356.715820,8539.327148,-0.108683,-0.111058,86.003410,51300.582031,25341.703125,34055.441406,-270.985107,42.984375,-751.587524,0.000000,0.000000,0.000000,0.000000,0.000000,0.000000,0.000000,0.000000,0.000000
334,5.566667,4.600952,0.003130,-104.219849,18.837828,0.009019,-25.435627,-0.590867,-1.509133,31.617273,5357.445,2,1.000000,4,4,88.231979,1,0,0,-0.057422,0.997756,-0.034448,0.828472,0.066877,0.556023,-0.008167,0.012287,0.000000,0.000000,0.000000,1,0.049086,9144.116211,25345.615234,-494.213684,-0.226455,0.012038,91.888237,1,-0.065778,4372.503906,11800.749023,343.977936,-0.105461,-0.011359,83.944672,1,0.058770,7860.607422,18826.966797,4754.012695,-0.205134,-0.046491,90.597229,1,-0.053044,3973.769531,8487.351562,8371.527344,-0.108749,-0.107265,85.928482,50487.765625,25327.613281,35433.085938,-274.220459,111.328125,-687.899414,0.000000,0.000000,0.000000,0.000000,0.000000,0.000000,0.000000,0.000000,0.000000
335,5.583333,4.925781,0.003250,-104.636108,19.485107,0.007236,-24.981358,-0.616010,-1.508586,31.647556,5354.627,2,1.000000,4,4,88.184402,1,0,0,-0.056631,0.997746,-0.036005,0.814225,0.067024,0.576667,-0.007386,0.005667,0.000000,0.000000,0.000000,1,0.049160,9147.910156,25333.388672,-517.964417,-0.226350,0.012634,91.939140,1,-0.065965,4372.382324,11802.019531,283.833771,-0.105458,-0.009423,83.873756,1,0.058693,7850.894531,18840.552734,3633.673096,-0.205282,-0.039592,90.576530,1,-0.053369,3965.355957,8625.389648,8192.624023,-0.108703,-0.103249,85.855453,48875.175781,25317.878906,37873.250000,-379.831299,1162.289062,-712.250244,0.000000,0.000000,0.000000,0.000000,0.000000,0.000000,0.000000,0.000000,0.000000
336,5.600000,5.260864,0.003339,-105.044434,20.111712,0.005340,-24.495804,-0.641058,-1.502867,31.660023,5351.740,2,1.000000,4,4,88.205887,1,0,0,-0.055700,0.997742,-0.037533,0.799528,0.067088,0.596870,-0.007310,-0.000608,0.000000,0.000000,0.000000,1,0.049274,9154.830078,25329.474609,-468.821686,-0.226306,0.011474,91.993500,1,-0.065971,4379.166016,11821.227539,244.141037,-0.105621,-0.008137,83.811584,1,0.058483,7835.929199,18707.173828,3858.875732,-0.203829,-0.042045,90.623947,1,-0.053685,3955.872559,8634.426758,8141.682617,-0.107907,-0.101750,85.852341,47929.121094,25312.167969,38877.058594,-287.144043,316.785156,-624.800781,0.000000,0.000000,0.000000,0.000000,0.000000,0.000000,0.000000,0.000000,0.000000
337,5.616667,5.606445,0.003396,-105.444336,20.726187,0.003370,-23.997379,-0.666080,-1.501312,31.674685,5353.044,2,1.000000,4,4,88.218040,1,0,0,-0.054640,0.997743,-0.039029,0.784352,0.067077,0.616679,-0.006919,-0.006147,0.000000,0.000000,0.000000,1,0.049427,9163.462891,25340.574219,-452.137573,-0.226403,0.011084,92.040718,1,-0.065814,4391.372070,11854.912109,206.141388,-0.105916,-0.006894,83.755180,1,0.058162,7817.920898,18648.550781,3841.646729,-0.203190,-0.041858,90.659248,1,-0.053987,3947.083984,8666.227539,8069.184570,-0.107568,-0.100158,85.842567,46866.132812,25311.376953,40165.679688,-230.855225,34.597656,-554.496338,0.000000,0.000000,0.000000,0.000000,0.000000,0.000000,0.000000,0.000000,0.000000
338,5.633333,5.961792,0.003419,-105.835693,21.327034,0.001386,-23.482435,-0.691099,-1.501145,31.687687,5353.781,2,1.000000,4,4,88.234901,1,0,0,-0.053461,0.997749,-0.040488,0.768692,0.067001,0.636101,-0.006403,-0.011029,0.000000,0.000000,0.000000,1,0.049621,9174.046875,25362.410156,-437.533966,-0.226596,0.010737,92.085510,1,-0.065508,4408.592773,11901.945312,172.863754,-0.106331,-0.005797,83.704300,1,0.057746,7797.196289,18610.351562,3868.526367,-0.202774,-0.042151,90.697113,1,-0.054276,3938.719727,8690.325195,8006.237793,-0.107391,-0.098937,85.839531,45826.476562,25315.287109,41412.296875,-178.756592,-219.644531,-462.404297,0.000000,0.000000,0.000000,0.000000,0.000000,0.000000,0.000000,0.000000,0.000000
339,5.650000,6.327148,0.003409,-106.218140,21.914553,-0.000558,-22.951508,-0.716136,-1.502231,31.699656,5354.805,2,1.000000,4,4,88.253593,1,0,0,-0.052180,0.997758,-0.041908,0.752543,0.066873,0.655139,-0.005882,-0.015049,0.000000,0.000000,0.000000,1,0.049858,9186.697266,25393.001953,-428.412659,-0.226867,0.010520,92.128181,1,-0.065073,4429.859375,11959.769531,142.625671,-0.106844,-0.004795,83.658257,1,0.057255,7774.757324,18594.669922,3874.905029,-0.202603,-0.042220,90.734818,1,-0.054552,3930.666992,8712.700195,7946.077148,-0.107384,-0.097936,85.840225,44763.675781,25323.806641,42678.648438,-130.487793,-363.429688,-374.498535,0.000000,0.000000,0.000000,0.000000,0.000000,0.000000,0.000000,0.000000,0.000000
340,5.666667,6.701904,0.003369,-106.591553,22.488445,-0.002404,-22.404345,-0.741204,-1.504024,31.710281,5355.938,2,1.000000,4,4,88.275055,1,0,0,-0.050808,0.997770,-0.043288,0.735906,0.066706,0.673790,-0.005359,-0.018281,0.000000,0.000000,0.000000,1,0.050139,9201.279297,25432.296875,-419.541748,-0.227217,0.010306,92.169525,1,-0.064530,4454.417480,12026.370117,115.885559,-0.107436,-0.003904,83.616608,1,0.056708,7751.166992,18587.121094,3919.078857,-0.202521,-0.042701,90.773514,1,-0.054818,3922.862793,8725.869141,7896.763184,-0.107450,-0.097241,85.845360,43707.359375,25336.335938,43896.933594,-80.722168,-527.386719,-270.229492,0.000000,0.000000,0.000000,0.000000,0.000000,0.000000,0.000000,0.000000,0.000000
341,5.683333,7.086060,0.003301,-106.955566,23.048796,-0.004108,-21.841564,-0.766315,-1.506624,31.720127,5357.242,2,1.000000,4,4,88.296700,1,0,0,-0.049361,0.997783,-0.044627,0.718780,0.066511,0.692049,-0.004882,-0.020612,0.000000,0.000000,0.000000,1,0.050460,9217.641602,25477.591797,-412.749420,-0.227621,0.010141,92.209579,1,-0.063902,4481.282227,12099.113281,91.822815,-0.108084,-0.003098,83.578842,1,0.056126,7727.400391,18599.732422,3943.461426,-0.202658,-0.042967,90.810753,1,-0.055073,3915.361816,8738.437500,7849.218750,-0.107619,-0.096668,85.852249,42623.203125,25352.734375,45128.425781,-38.425537,-599.230469,-173.389160,0.000000,0.000000,0.000000,0.000000,0.000000,0.000000,0.000000,0.000000,0.000000
342,5.700000,7.479248,0.003207,-107.309937,23.595247,-0.005620,-21.262995,-0.791475,-1.509576,31.728937,5358.555,2,1.000000,4,4,88.319473,1,0,0,-0.047854,0.997798,-0.045924,0.701167,0.066302,0.709907,-0.004468,-0.022131,0.000000,0.000000,0.000000,1,0.050818,9235.554688,25528.996094,-406.310150,-0.228079,0.009983,92.248650,1,-0.063212,4509.609375,12175.744141,70.078224,-0.108767,-0.002368,83.544579,1,0.055527,7703.984375,18617.669922,3984.142578,-0.202854,-0.043410,90.847664,1,-0.055320,3908.076660,8746.059570,7807.944824,-0.107834,-0.096267,85.861641,41524.507812,25372.175781,46328.085938,6.440430,-678.128906,-74.173096,0.000000,0.000000,0.000000,0.000000,0.000000,0.000000,0.000000,0.000000,0.000000
343,5.716667,7.881348,0.003092,-107.654419,24.127613,-0.006906,-20.669044,-0.816690,-1.512916,31.736986,5359.938,2,1.000000,4,4,88.342178,1,0,0,-0.046300,0.997813,-0.047180,0.683071,0.066087,0.727356,-0.004088,-0.022875,0.000000,0.000000,0.000000,1,0.051207,9254.596680,25584.927734,-400.467621,-0.228578,0.009838,92.286781,1,-0.062484,4538.524414,12253.914062,50.248051,-0.109465,-0.001700,83.513474,1,0.054929,7681.565918,18644.837891,4016.097168,-0.203150,-0.043758,90.883156,1,-0.055558,3901.127197,8751.534180,7770.442871,-0.108096,-0.095978,85.872238,40394.531250,25394.050781,47516.988281,49.286133,-721.214844,19.165283,0.000000,0.000000,0.000000,0.000000,0.000000,0.000000,0.000000,0.000000,0.000000
344,5.733333,8.292114,0.002960,-107.988770,24.645493,-0.007937,-20.059853,-0.841965,-1.516467,31.744186,5361.315,2,1.000000,4,4,88.365082,1,0,0,-0.044710,0.997827,-0.048391,0.664496,0.065875,0.744382,-0.003712,-0.022933,0.000000,0.000000,0.000000,1,0.051619,9274.316406,25643.271484,-393.135345,-0.229098,0.009657,92.324066,1,-0.061738,4567.283203,12331.622070,32.584820,-0.110158,-0.001104,83.485252,1,0.054348,7660.624023,18681.425781,4059.087646,-0.203548,-0.044227,90.917656,1,-0.055783,3894.672363,8753.433594,7739.099121,-0.108376,-0.095817,85.884171,39249.042969,25417.789062,48674.140625,85.591797,-746.523438,109.483154,0.000000,0.000000,0.000000,0.000000,0.000000,0.000000,0.000000,0.000000,0.000000
345,5.750000,8.711304,0.002815,-108.312622,25.148685,-0.008688,-19.435825,-0.867301,-1.520140,31.750797,5362.705,2,1.000000,4,4,88.387268,1,0,0,-0.043098,0.997841,-0.049560,0.645450,0.065673,0.760974,-0.003370,-0.022344,0.000000,0.000000,0.000000,1,0.052043,9294.231445,25702.253906,-386.364594,-0.229624,0.009489,92.360283,1,-0.060996,4595.078125,12406.700195,16.538399,-0.110829,-0.000561,83.459595,1,0.053797,7641.621094,18720.650391,4100.930176,-0.203976,-0.044683,90.950325,1,-0.055995,3888.702881,8754.535156,7710.785156,-0.108692,-0.095734,85.896439,38070.957031,25442.419922,49804.015625,118.062988,-752.093750,192.246826,0.000000,0.000000,0.000000,0.000000,0.000000,0.000000,0.000000,0.000000,0.000000
346,5.766667,9.138550,0.002663,-108.625977,25.636774,-0.009150,-18.797312,-0.892698,-1.523839,31.756866,5364.051,2,1.000000,4,4,88.408638,1,0,0,-0.041472,0.997853,-0.050685,0.625941,0.065488,0.777116,-0.003042,-0.021197,0.000000,0.000000,0.000000,1,0.052470,9313.857422,25760.765625,-378.779358,-0.230145,0.009301,92.395515,1,-0.060278,4621.257812,12477.396484,1.683806,-0.111460,-0.000057,83.436272,1,0.053290,7624.881836,18766.187500,4133.428223,-0.204472,-0.045037,90.981178,1,-0.056191,3883.374512,8755.152344,7685.875488,-0.109028,-0.095712,85.908836,36857.382812,25467.322266,50910.667969,144.904785,-727.730469,264.793213,0.000000,0.000000,0.000000,0.000000,0.000000,0.000000,0.000000,0.000000,0.000000
347,5.783333,9.573730,0.002507,-108.928467,26.109304,-0.009318,-18.144611,-0.918155,-1.527416,31.762377,5365.348,2,1.000000,4,4,88.429512,1,0,0,-0.039842,0.997864,-0.051765,0.605979,0.065322,0.792795,-0.002719,-0.019586,0.000000,0.000000,0.000000,1,0.052889,9332.619141,25817.136719,-371.135498,-0.230648,0.009112,92.429642,1,-0.059602,4645.231445,12542.120117,-11.496166,-0.112039,0.000094,83.415108,1,0.052834,7610.594727,18817.640625,4169.350098,-0.205033,-0.045428,91.010628,1,-0.056368,3878.726807,8755.974609,7663.785645,-0.109362,-0.095720,85.921600,35617.468750,25491.466797,51982.679688,166.819336,-685.988281,326.463379,0.000000,0.000000,0.000000,0.000000,0.000000,0.000000,0.000000,0.000000,0.000000
348,5.800000,10.016479,0.002354,-109.219727,26.565939,-0.009201,-17.478167,-0.943668,-1.530786,31.767435,5366.616,2,1.000000,4,4,88.449562,1,0,0,-0.038216,0.997874,-0.052800,0.585576,0.065179,0.807993,-0.002384,-0.017609,0.000000,0.000000,0.000000,1,0.053289,9350.098633,25869.314453,-362.530182,-0.231113,0.008900,92.462662,1,-0.058980,4666.605957,12599.812500,-23.910271,-0.112554,0.000408,83.395859,1,0.052439,7598.937012,18866.031250,4211.090820,-0.205560,-0.045883,91.038445,1,-0.056524,3874.946045,8756.110352,7646.396973,-0.109679,-0.095779,85.934303,34349.343750,25514.593750,53005.890625,183.974854,-648.777344,380.341553,0.000000,0.000000,0.000000,0.000000,0.000000,0.000000,0.000000,0.000000,0.000000
349,5.816667,10.466553,0.002207,-109.499634,27.006315,-0.008810,-16.798603,-0.969235,-1.533971,31.772278,5367.832,2,1.000000,4,4,88.468231,1,0,0,-0.036598,0.997881,-0.053790,0.564746,0.065060,0.822696,-0.002033,-0.015330,0.000000,0.000000,0.000000,1,0.053659,9365.707031,25915.775391,-352.885101,-0.231527,0.008663,92.494431,1,-0.058427,4684.902344,12649.187500,-35.231396,-0.112995,0.000867,83.378410,1,0.052107,7589.939453,18917.125000,4240.967285,-0.206116,-0.046209,91.064125,1,-0.056655,3872.033203,8757.547852,7631.456055,-0.110004,-0.095859,85.946335,33043.078125,25535.498047,53994.425781,191.239868,-582.449219,422.106445,0.000000,0.000000,0.000000,0.000000,0.000000,0.000000,0.000000,0.000000,0.000000
350,5.833333,10.923706,0.002071,-109.768066,27.429945,-0.008171,-16.106367,-0.994848,-1.536829,31.776859,5368.965,2,1.000000,4,4,88.486031,1,0,0,-0.034995,0.997887,-0.054736,0.543505,0.064965,0.836888,-0.001708,-0.012820,0.000000,0.000000,0.000000,1,0.053989,9379.144531,25955.330078,-343.618256,-0.231879,0.008436,92.524796,1,-0.057952,4699.855957,12689.530273,-45.726772,-0.113356,0.001462,83.362610,1,0.051844,7583.645996,18972.921875,4274.225586,-0.206724,-0.046571,91.088257,1,-0.056759,3870.044434,8760.938477,7618.473145,-0.110320,-0.095934,85.958145,31711.804688,25553.904297,54939.253906,192.326538,-491.261719,449.047607,0.000000,0.000000,0.000000,0.000000,0.000000,0.000000,0.000000,0.000000,0.000000
351,5.850000,11.387573,0.001949,-110.024780,27.836506,-0.007314,-15.402018,-1.020502,-1.539237,31.781322,5370.045,2,1.000000,4,4,88.502678,1,0,0,-0.033410,0.997892,-0.055637,0.521870,0.064894,0.850553,-0.001401,-0.010180,0.000000,0.000000,0.000000,1,0.054273,9390.094727,25987.281250,-333.907135,-0.232163,0.008198,92.553818,1,-0.057562,4711.332031,12720.474609,-55.791882,-0.113633,0.001885,83.348335,1,0.051648,7579.923828,19019.492188,4302.407715,-0.207232,-0.046878,91.110626,1,-0.056836,3868.982666,8764.787109,7609.189453,-0.110601,-0.096019,85.969376,30344.039062,25569.291016,55828.832031,190.892456,-415.820312,467.136230,0.000000,0.000000,0.000000,0.000000,0.000000,0.000000,0.000000,0.000000,0.000000
352,5.866667,11.857910,0.001844,-110.269653,28.225533,-0.006273,-14.686263,-1.046190,-1.541273,31.785736,5371.055,2,1.000000,4,4,88.518250,1,0,0,-0.031845,0.997895,-0.056493,0.499859,0.064846,0.863676,-0.001097,-0.007472,0.000000,0.000000,0.000000,1,0.054502,9398.257812,26010.632812,-323.529663,-0.232370,0.007945,92.581429,1,-0.057261,4719.238281,12741.773438,-65.602608,-0.113824,0.002215,83.335526,1,0.051520,7578.681641,19065.308594,4328.015625,-0.207731,-0.047157,91.131378,1,-0.056884,3868.893311,8771.570312,7600.957031,-0.110869,-0.096073,85.980057,28947.867188,25581.304688,56669.820312,183.590942,-332.070312,473.921143,0.000000,0.000000,0.000000,0.000000,0.000000,0.000000,0.000000,0.000000,0.000000
353,5.883333,12.334595,0.001760,-110.502319,28.596659,-0.005089,-13.959727,-1.071905,-1.542896,31.790171,5372.000,2,1.000000,4,4,88.532829,1,0,0,-0.030303,0.997897,-0.057306,0.477492,0.064819,0.876242,-0.000813,-0.004760,0.000000,0.000000,0.000000,1,0.054671,9403.477539,26024.507812,-313.918884,-0.232493,0.007711,92.607529,1,-0.057052,4723.581055,12753.452148,-74.485260,-0.113928,0.002513,83.324142,1,0.051456,7579.741211,19110.511719,4347.818359,-0.208224,-0.047373,91.150627,1,-0.056902,3869.761963,8780.807617,7594.270508,-0.111121,-0.096105,85.990211,27522.214844,25589.701172,57461.410156,171.315430,-226.945312,465.786133,0.000000,0.000000,0.000000,0.000000,0.000000,0.000000,0.000000,0.000000,0.000000
354,5.900000,12.817139,0.001696,-110.722778,28.949507,-0.003804,-13.223042,-1.097638,-1.544001,31.794662,5372.885,2,1.000000,4,4,88.546646,1,0,0,-0.028783,0.997897,-0.058075,0.454790,0.064811,0.888237,-0.000550,-0.002128,0.000000,0.000000,0.000000,1,0.054778,9405.674805,26028.275391,-303.309998,-0.232526,0.007454,92.632233,1,-0.056934,4724.501953,12755.883789,-83.174385,-0.113950,0.002805,83.314049,1,0.051453,7582.831055,19151.173828,4369.999512,-0.208667,-0.047614,91.168671,1,-0.056891,3871.542969,8791.176758,7590.442383,-0.111345,-0.096137,86.000031,26076.613281,25594.326172,58192.824219,153.689453,-125.289062,447.449463,0.000000,0.000000,0.000000,0.000000,0.000000,0.000000,0.000000,0.000000,0.000000
355,5.916667,13.305176,0.001655,-110.930664,29.283823,-0.002462,-12.476980,-1.123382,-1.544607,31.799355,5373.724,2,1.000000,4,4,88.559433,1,0,0,-0.027284,0.997897,-0.058802,0.431775,0.064819,0.899649,-0.000338,0.000378,0.000000,0.000000,0.000000,1,0.054822,9404.939453,26023.927734,-293.361633,-0.232486,0.007213,92.655396,1,-0.056904,4722.217773,12749.654297,-92.259315,-0.113895,0.003110,83.305214,1,0.051506,7587.759766,19186.187500,4383.737305,-0.209048,-0.047764,91.185280,1,-0.056851,3874.150635,8804.519531,7586.951172,-0.111530,-0.096107,86.009201,24600.531250,25595.384766,58872.593750,136.753906,-36.464844,422.021729,0.000000,0.000000,0.000000,0.000000,0.000000,0.000000,0.000000,0.000000,0.000000
356,5.933333,13.798584,0.001637,-111.126099,29.599215,-0.001106,-11.722203,-1.149128,-1.544776,31.804230,5374.500,2,1.000000,4,4,88.571617,1,0,0,-0.025807,0.997895,-0.059488,0.408469,0.064840,0.910466,-0.000152,0.002714,0.000000,0.000000,0.000000,1,0.054802,9401.279297,26008.531250,-283.659821,-0.232347,0.006979,92.677109,1,-0.056957,4716.941406,12735.346680,-100.333992,-0.113768,0.003381,83.297699,1,0.051609,7594.201660,19217.267578,4398.319824,-0.209387,-0.047923,91.200920,1,-0.056784,3877.528809,8820.553711,7583.857910,-0.111713,-0.096050,86.018120,23107.265625,25592.716797,59494.335938,114.492554,71.367188,381.382568,0.000000,0.000000,0.000000,0.000000,0.000000,0.000000,0.000000,0.000000,0.000000
357,5.950000,14.296875,0.001640,-111.308716,29.895462,0.000220,-10.959455,-1.174868,-1.544415,31.809385,5375.239,2,1.000000,4,4,88.583145,1,0,0,-0.024347,0.997893,-0.060134,0.384896,0.064872,0.920677,-0.000018,0.004810,0.000000,0.000000,0.000000,1,0.054721,9394.977539,25986.031250,-274.352173,-0.232146,0.006755,92.697411,1,-0.057086,4709.074219,12714.033203,-108.977982,-0.113578,0.003671,83.291359,1,0.051754,7601.860352,19239.125000,4400.498047,-0.209625,-0.047947,91.215576,1,-0.056693,3881.548828,8838.265625,7581.745117,-0.111851,-0.095950,86.026680,21584.152344,25586.789062,60061.457031,96.271362,153.949219,336.624268,0.000000,0.000000,0.000000,0.000000,0.000000,0.000000,0.000000,0.000000,0.000000
358,5.966667,14.799805,0.001665,-111.478516,30.172182,0.001479,-10.189437,-1.200596,-1.543648,31.814720,5375.938,2,1.000000,4,4,88.594612,1,0,0,-0.022902,0.997891,-0.060740,0.361077,0.064912,0.930274,0.000111,0.006636,0.000000,0.000000,0.000000,1,0.054583,9386.210938,25955.396484,-264.982635,-0.231871,0.006529,92.716362,1,-0.057282,4699.012695,12686.793945,-117.197922,-0.113336,0.003946,83.286278,1,0.051934,7610.419922,19255.306641,4414.139160,-0.209801,-0.048095,91.229889,1,-0.056580,3886.146729,8856.606445,7581.541504,-0.111950,-0.095833,86.035461,20059.269531,25577.857422,60565.824219,76.193115,215.656250,290.405762,0.000000,0.000000,0.000000,0.000000,0.000000,0.000000,0.000000,0.000000,0.000000
359,5.983333,15.306885,0.001709,-111.635376,30.429352,0.002633,-9.412952,-1.226305,-1.542579,31.820469,5376.634,2,1.000000,4,4,88.605316,1,0,0,-0.021470,0.997888,-0.061307,0.337035,0.064956,0.939249,0.000197,0.008202,0.000000,0.000000,0.000000,1,0.054394,9375.302734,25918.417969,-257.653931,-0.231540,0.006354,92.733955,1,-0.057536,4687.105957,12654.567383,-125.189987,-0.113049,0.004214,83.282387,1,0.052141,7619.655762,19268.832031,4414.541016,-0.209949,-0.048100,91.243172,1,-0.056447,3891.222168,8877.706055,7580.290527,-0.112028,-0.095656,86.043724,18509.035156,25566.359375,61024.820312,56.837158,285.140625,238.334473,0.000000,0.000000,0.000000,0.000000,0.000000,0.000000,0.000000,0.000000,0.000000
360,6.000000,15.817993,0.001770,-111.779297,30.666647,0.003652,-8.630583,-1.251992,-1.541169,31.826469,5377.285,2,1.000000,4,4,88.616020,1,0,0,-0.020046,0.997885,-0.061837,0.312790,0.065004,0.947595,0.000245,0.009480,0.000000,0.000000,0.000000,1,0.054159,9362.629883,25875.666016,-250.799271,-0.231158,0.006190,92.750481,1,-0.057837,4673.787109,12618.525391,-132.882309,-0.112727,0.004472,83.279663,1,0.052370,7629.366211,19274.505859,4414.130371,-0.210010,-0.048095,91.256226,1,-0.056298,3896.682617,8899.076172,7580.478027,-0.112088,-0.095480,86.052200,16948.552734,25552.943359,61426.867188,38.458496,342.187500,181.976318,0.000000,0.000000,0.000000,0.000000,0.000000,0.000000,0.000000,0.000000,0.000000
361,6.016667,16.332764,0.001845,-111.909912,30.883936,0.004515,-7.843059,-1.277650,-1.539480,31.832779,5377.934,2,1.000000,4,4,88.626694,1,0,0,-0.018627,0.997882,-0.062328,0.288365,0.065052,0.955308,0.000257,0.010455,0.000000,0.000000,0.000000,1,0.053887,9348.548828,25827.808594,-244.446457,-0.230730,0.006039,92.766006,1,-0.058176,4659.468750,12579.779297,-140.575165,-0.112382,0.004731,83.278053,1,0.052613,7639.180664,19277.089844,4414.277832,-0.210039,-0.048097,91.269043,1,-0.056136,3902.332031,8921.987305,7579.704590,-0.112123,-0.095255,86.060844,15380.702148,25537.746094,61779.472656,21.047852,393.082031,122.786133,0.000000,0.000000,0.000000,0.000000,0.000000,0.000000,0.000000,0.000000,0.000000
362,6.033333,16.850830,0.001932,-112.027466,31.081125,0.005198,-7.051014,-1.303275,-1.537541,31.839417,5378.582,2,1.000000,4,4,88.637352,1,0,0,-0.017209,0.997879,-0.062784,0.263781,0.065099,0.962383,0.000228,0.011117,0.000000,0.000000,0.000000,1,0.053586,9333.546875,25777.037109,-239.881943,-0.230276,0.005931,92.780609,1,-0.058542,4644.603027,12539.549805,-148.441879,-0.112023,0.004995,83.277565,1,0.052863,7648.937012,19272.646484,4402.733398,-0.209990,-0.047971,91.281670,1,-0.055965,3908.054688,8945.590820,7578.418945,-0.112127,-0.094990,86.069641,13792.990234,25521.587891,62084.226562,10.497620,432.242188,62.770020,0.000000,0.000000,0.000000,0.000000,0.000000,0.000000,0.000000,0.000000,0.000000
363,6.050000,17.371826,0.002027,-112.131714,31.257959,0.005692,-6.255062,-1.328866,-1.535411,31.846210,5379.229,2,1.000000,4,4,88.648643,1,0,0,-0.015787,0.997876,-0.063202,0.239057,0.065144,0.968818,0.000225,0.011456,0.000000,0.000000,0.000000,1,0.053264,9318.000000,25723.978516,-235.132477,-0.229801,0.005820,92.794556,1,-0.058921,4629.685547,12499.182617,-155.680267,-0.111664,0.005238,83.278221,1,0.053114,7658.331543,19265.916016,4404.851562,-0.209917,-0.047994,91.294777,1,-0.055790,3913.815918,8968.507812,7578.090332,-0.112120,-0.094738,86.079208,12216.523438,25505.037109,62339.160156,-2.040710,456.441406,4.436523,0.000000,0.000000,0.000000,0.000000,0.000000,0.000000,0.000000,0.000000,0.000000
364,6.066667,17.895386,0.002126,-112.222656,31.414581,0.005991,-5.455842,-1.354418,-1.533163,31.853373,5379.914,2,1.000000,4,4,88.659790,1,0,0,-0.014358,0.997873,-0.063584,0.214213,0.065184,0.974610,0.000191,0.011496,0.000000,0.000000,0.000000,1,0.052932,9302.365234,25671.089844,-230.661026,-0.229329,0.005715,92.807808,1,-0.059304,4615.051758,12459.577148,-162.670288,-0.111311,0.005472,83.279930,1,0.053358,7667.189453,19251.808594,4397.505371,-0.209763,-0.047914,91.307587,1,-0.055613,3919.389648,8991.447266,7576.833008,-0.112069,-0.094438,86.088776,10626.415039,25488.423828,62549.703125,-13.632751,451.597656,-46.889648,0.000000,0.000000,0.000000,0.000000,0.000000,0.000000,0.000000,0.000000,0.000000
365,6.083333,18.421265,0.002228,-112.300171,31.550817,0.006094,-4.653923,-1.379934,-1.530940,31.860760,5380.590,2,1.000000,4,4,88.671341,1,0,0,-0.012919,0.997871,-0.063931,0.189266,0.065221,0.979757,0.000099,0.011281,0.000000,0.000000,0.000000,1,0.052599,9287.097656,25618.822266,-229.069504,-0.228862,0.005680,92.820412,1,-0.059682,4600.991211,12421.518555,-169.615158,-0.110972,0.005706,83.282654,1,0.053593,7675.475586,19238.966797,4386.253906,-0.209623,-0.047792,91.320679,1,-0.055439,3924.665039,9014.342773,7574.206055,-0.112031,-0.094133,86.098869,9027.626953,25472.390625,62723.246094,-19.041504,466.531250,-100.658203,0.000000,0.000000,0.000000,0.000000,0.000000,0.000000,0.000000,0.000000,0.000000
366,6.100000,18.949097,0.002328,-112.364380,31.666555,0.006009,-3.849778,-1.405411,-1.528645,31.868259,5381.292,2,1.000000,4,4,88.683578,1,0,0,-0.011466,0.997869,-0.064241,0.164234,0.065252,0.984261,0.000013,0.010790,0.000000,0.000000,0.000000,1,0.052274,9272.596680,25567.574219,-227.211578,-0.228404,0.005640,92.832787,1,-0.060044,4587.903809,12386.083984,-176.426117,-0.110656,0.005934,83.286385,1,0.053813,7682.940430,19219.992188,4370.258789,-0.209416,-0.047617,91.334358,1,-0.055272,3929.549316,9036.910156,7570.104492,-0.111979,-0.093803,86.109734,7421.612305,25457.382812,62853.960938,-18.872375,463.117188,-150.632812,0.000000,0.000000,0.000000,0.000000,0.000000,0.000000,0.000000,0.000000,0.000000
367,6.116667,19.478516,0.002424,-112.415039,31.761703,0.005746,-3.043958,-1.430851,-1.526368,31.875776,5382.034,2,1.000000,4,4,88.696823,1,0,0,-0.009995,0.997867,-0.064514,0.139134,0.065278,0.988120,-0.000019,0.010042,0.000000,0.000000,0.000000,1,0.051965,9259.189453,25520.894531,-225.746689,-0.227987,0.005609,92.844887,1,-0.060381,4576.163086,12354.291016,-182.587616,-0.110373,0.006142,83.291107,1,0.054013,7689.409668,19200.048828,4374.959473,-0.209199,-0.047669,91.348969,1,-0.055115,3933.989014,9056.422852,7567.537598,-0.111897,-0.093501,86.121674,5836.856445,25443.869141,62944.339844,-20.951538,420.378906,-186.943604,0.000000,0.000000,0.000000,0.000000,0.000000,0.000000,0.000000,0.000000,0.000000
368,6.133333,20.009155,0.002513,-112.452271,31.836535,0.005324,-2.236980,-1.456256,-1.524302,31.883579,5382.837,2,1.000000,4,4,88.709900,1,0,0,-0.008504,0.997865,-0.064750,0.113978,0.065298,0.991335,-0.000068,0.009115,0.000000,0.000000,0.000000,1,0.051679,9247.153320,25478.130859,-226.610229,-0.227605,0.005635,92.856773,1,-0.060687,4565.833984,12326.308594,-188.632660,-0.110124,0.006345,83.296722,1,0.054191,7694.913574,19178.728516,4357.598145,-0.208967,-0.047479,91.363319,1,-0.054971,3937.839844,9075.307617,7562.937988,-0.111812,-0.093179,86.133545,4226.018555,25431.919922,63002.316406,-17.281036,392.789062,-219.243408,0.000000,0.000000,0.000000,0.000000,0.000000,0.000000,0.000000,0.000000,0.000000
369,6.150000,20.540649,0.002592,-112.476196,31.890715,0.004761,-1.429258,-1.481628,-1.522372,31.891273,5383.631,2,1.000000,4,4,88.724083,1,0,0,-0.006992,0.997864,-0.064948,0.088783,0.065313,0.993907,-0.000075,0.008024,0.000000,0.000000,0.000000,1,0.051423,9236.771484,25440.421875,-227.029388,-0.227268,0.005650,92.868790,1,-0.060955,4557.186523,12302.871094,-194.275879,-0.109915,0.006534,83.303215,1,0.054345,7699.390625,19157.710938,4352.590820,-0.208738,-0.047425,91.378716,1,-0.054842,3941.145508,9091.709961,7558.734375,-0.111729,-0.092890,86.146568,2628.507812,25422.162109,63025.125000,-13.686737,346.226562,-243.284424,0.000000,0.000000,0.000000,0.000000,0.000000,0.000000,0.000000,0.000000,0.000000
370,6.166667,21.072754,0.002660,-112.486572,31.924414,0.004082,-0.621243,-1.506973,-1.520673,31.899019,5384.493,2,1.000000,4,4,88.738686,1,0,0,-0.005457,0.997863,-0.065107,0.063559,0.065323,0.995838,-0.000062,0.006815,0.000000,0.000000,0.000000,1,0.051202,9228.195312,25407.937500,-228.157272,-0.226978,0.005682,92.880867,1,-0.061182,4550.288086,12284.161133,-199.372009,-0.109749,0.006706,83.310532,1,0.054473,7702.823730,19140.169922,4344.603516,-0.208547,-0.047338,91.394463,1,-0.054731,3943.799805,9106.160156,7553.796387,-0.111658,-0.092623,86.160080,1027.364746,25414.521484,63018.593750,-10.451965,306.585938,-261.802490,0.000000,0.000000,0.000000,0.000000,0.000000,0.000000,0.000000,0.000000,0.000000
371,6.183333,21.605103,0.002715,-112.483398,31.937586,0.003313,0.186688,-1.532292,-1.519169,31.906700,5385.378,2,1.000000,4,4,88.753914,1,0,0,-0.003899,0.997863,-0.065226,0.038322,0.065328,0.997128,-0.000050,0.005516,0.000000,0.000000,0.000000,1,0.051021,9221.657227,25381.837891,-230.100067,-0.226745,0.005734,92.893105,1,-0.061363,4545.196289,12270.328125,-204.330856,-0.109626,0.006873,83.318588,1,0.054574,7705.261719,19123.119141,4338.306152,-0.208361,-0.047269,91.410782,1,-0.054638,3945.766113,9119.175781,7547.335449,-0.111590,-0.092356,86.174263,-574.529297,25409.302734,62980.824219,-3.597549,259.406250,-272.946777,0.000000,0.000000,0.000000,0.000000,0.000000,0.000000,0.000000,0.000000,0.000000
372,6.200000,22.137207,0.002757,-112.466797,31.930220,0.002482,0.994134,-1.557591,-1.517898,31.914280,5386.302,2,1.000000,4,4,88.769753,1,0,0,-0.002317,0.997863,-0.065305,0.013082,0.065330,0.997778,0.000002,0.004161,0.000000,0.000000,0.000000,1,0.050882,9217.166016,25362.369141,-231.666901,-0.226571,0.005776,92.905624,1,-0.061498,4541.935547,12261.455078,-208.426331,-0.109547,0.007011,83.327362,1,0.054649,7706.665039,19110.882812,4332.835938,-0.208228,-0.047210,91.427666,1,-0.054566,3947.039551,9128.899414,7541.570312,-0.111513,-0.092123,86.189110,-2174.062988,25406.361328,62915.152344,0.764679,211.585938,-277.614746,0.000000,0.000000,0.000000,0.000000,0.000000,0.000000,0.000000,0.000000,0.000000
373,6.216667,22.668823,0.002784,-112.436768,31.902348,0.001616,1.800739,-1.582872,-1.516862,31.921730,5387.264,2,1.000000,4,4,88.786110,1,0,0,-0.000712,0.997863,-0.065342,-0.012148,0.065329,0.997790,0.000052,0.002784,0.000000,0.000000,0.000000,1,0.050788,9214.815430,25349.828125,-234.485245,-0.226459,0.005849,92.918373,1,-0.061586,4540.479492,12257.450195,-212.606033,-0.109512,0.007151,83.336731,1,0.054699,7707.168457,19093.732422,4327.176758,-0.208041,-0.047148,91.445030,1,-0.054515,3947.610840,9135.218750,7536.607910,-0.111435,-0.091934,86.204498,-3774.640625,25405.894531,62810.984375,7.791256,137.035156,-268.597900,0.000000,0.000000,0.000000,0.000000,0.000000,0.000000,0.000000,0.000000,0.000000
374,6.233333,23.199829,0.002796,-112.393311,31.853954,0.000744,2.606008,-1.608142,-1.516194,31.929010,5388.256,2,1.000000,4,4,88.802963,1,0,0,0.000915,0.997863,-0.065338,-0.037357,0.065326,0.997165,0.000138,0.001451,0.000000,0.000000,0.000000,1,0.050739,9214.491211,25343.062500,-237.526840,-0.226399,0.005928,92.931534,1,-0.061628,4540.689453,12257.957031,-216.054413,-0.109517,0.007267,83.346710,1,0.054724,7706.840820,19085.158203,4327.794922,-0.207947,-0.047155,91.462860,1,-0.054485,3947.543457,9140.360352,7530.053711,-0.111398,-0.091773,86.220421,-5370.011719,25407.642578,62683.335938,13.615715,90.640625,-259.212646,0.000000,0.000000,0.000000,0.000000,0.000000,0.000000,0.000000,0.000000,0.000000
375,6.250000,23.729492,0.002794,-112.336548,31.785109,-0.000107,3.409640,-1.633404,-1.515753,31.936129,5389.279,2,1.000000,4,4,88.820053,1,0,0,0.002563,0.997863,-0.065290,-0.062533,0.065322,0.995903,0.000245,0.000165,0.000000,0.000000,0.000000,1,0.050734,9216.114258,25342.138672,-240.508408,-0.226391,0.006005,92.945137,1,-0.061626,4542.481934,12262.747070,-218.905777,-0.109560,0.007363,83.357193,1,0.054726,7705.730469,19079.810547,4325.682129,-0.207889,-0.047132,91.480881,1,-0.054476,3946.856445,9143.405273,7523.111816,-0.111347,-0.091615,86.236618,-6967.868652,25411.457031,62525.566406,18.713791,41.898438,-242.998535,0.000000,0.000000,0.000000,0.000000,0.000000,0.000000,0.000000,0.000000,0.000000
376,6.266667,24.257812,0.002779,-112.266357,31.695776,-0.000914,4.211250,-1.658664,-1.515553,31.943014,5390.316,2,1.000000,4,4,88.837547,1,0,0,0.004228,0.997863,-0.065198,-0.087665,0.065317,0.994006,0.000373,-0.001042,0.000000,0.000000,0.000000,1,0.050770,9219.568359,25347.814453,-243.741425,-0.226442,0.006087,92.959167,1,-0.061583,4545.705566,12271.402344,-221.672440,-0.109638,0.007456,83.368088,1,0.054708,7703.943359,19077.898438,4323.257812,-0.207868,-0.047105,91.499283,1,-0.054486,3945.591309,9144.115234,7516.273926,-0.111323,-0.091506,86.253242,-8566.137695,25417.177734,62337.410156,24.333374,-4.312500,-221.260742,0.000000,0.000000,0.000000,0.000000,0.000000,0.000000,0.000000,0.000000,0.000000
377,6.283333,24.784180,0.002751,-112.182861,31.585953,-0.001653,5.010448,-1.683923,-1.515579,31.949625,5391.378,2,1.000000,4,4,88.855453,1,0,0,0.005909,0.997864,-0.065061,-0.112741,0.065312,0.991476,0.000541,-0.002139,0.000000,0.000000,0.000000,1,0.050845,9224.620117,25357.775391,-245.486877,-0.226531,0.006132,92.973671,1,-0.061502,4550.195312,12283.489258,-223.807541,-0.109746,0.007528,83.379387,1,0.054671,7701.536621,19074.949219,4332.375488,-0.207836,-0.047205,91.518066,1,-0.054514,3943.824951,9141.957031,7510.552734,-0.111308,-0.091444,86.270309,-10148.163086,25424.453125,62113.710938,24.524384,-65.562500,-194.013184,0.000000,0.000000,0.000000,0.000000,0.000000,0.000000,0.000000,0.000000,0.000000
378,6.300000,25.308350,0.002713,-112.086060,31.455849,-0.002307,5.806777,-1.709188,-1.515906,31.956120,5392.465,2,1.000000,4,4,88.873100,1,0,0,0.007602,0.997864,-0.064878,-0.137748,0.065307,0.988312,0.000687,-0.003103,0.000000,0.000000,0.000000,1,0.050954,9231.079102,25373.437500,-249.344589,-0.226671,0.006229,92.988426,1,-0.061390,4555.678711,12298.260742,-225.792633,-0.109879,0.007594,83.390991,1,0.054618,7698.696289,19077.871094,4326.652832,-0.207868,-0.047142,91.536545,1,-0.054559,3941.606445,9139.423828,7503.151855,-0.111296,-0.091370,86.287155,-11747.671875,25433.007812,61859.296875,28.179962,-107.207031,-162.246582,0.000000,0.000000,0.000000,0.000000,0.000000,0.000000,0.000000,0.000000,0.000000
379,6.316667,25.830078,0.002665,-111.976074,31.305237,-0.002860,6.599845,-1.734462,-1.516438,31.962215,5393.536,2,1.000000,4,4,88.891365,1,0,0,0.009304,0.997865,-0.064650,-0.162676,0.065302,0.984516,0.000878,-0.003906,0.000000,0.000000,0.000000,1,0.051093,9238.646484,25391.851562,-251.468643,-0.226836,0.006283,93.003746,1,-0.061250,4562.033203,12315.400391,-226.909103,-0.110032,0.007632,83.402885,1,0.054551,7695.490234,19087.687500,4337.904297,-0.207975,-0.047265,91.555634,1,-0.054618,3939.110840,9134.611328,7497.212891,-0.111310,-0.091358,86.304626,-13324.335938,25442.691406,61576.843750,26.521729,-138.390625,-131.832520,0.000000,0.000000,0.000000,0.000000,0.000000,0.000000,0.000000,0.000000,0.000000
380,6.333333,26.348999,0.002610,-111.852905,31.134413,-0.003299,7.389292,-1.759748,-1.517123,31.968164,5394.645,2,1.000000,4,4,88.909271,1,0,0,0.011011,0.997865,-0.064376,-0.187510,0.065298,0.980090,0.001052,-0.004559,0.000000,0.000000,0.000000,1,0.051255,9247.090820,25413.259766,-253.202408,-0.227027,0.006327,93.019371,1,-0.061088,4568.977051,12334.134766,-227.848083,-0.110199,0.007664,83.414940,1,0.054474,7692.015625,19097.386719,4346.979980,-0.208081,-0.047364,91.574318,1,-0.054689,3936.302246,9129.090820,7490.657227,-0.111334,-0.091352,86.321785,-14899.482422,25452.929688,61256.847656,21.964294,-172.339844,-99.011230,0.000000,0.000000,0.000000,0.000000,0.000000,0.000000,0.000000,0.000000,0.000000
381,6.350000,26.864746,0.002550,-111.716675,30.943394,-0.003617,8.174636,-1.785047,-1.517974,31.973927,5395.730,2,1.000000,4,4,88.926964,1,0,0,0.012720,0.997865,-0.064056,-0.212238,0.065296,0.975034,0.001188,-0.005050,0.000000,0.000000,0.000000,1,0.051437,9256.149414,25437.105469,-255.677399,-0.227241,0.006389,93.035248,1,-0.060911,4576.247070,12353.750977,-228.708206,-0.110375,0.007693,83.427132,1,0.054388,7688.383789,19108.474609,4346.954102,-0.208201,-0.047363,91.592766,1,-0.054770,3933.287109,9122.162109,7484.843750,-0.111362,-0.091373,86.338753,-16478.378906,25463.416016,60896.914062,19.042664,-196.867188,-64.166016,0.000000,0.000000,0.000000,0.000000,0.000000,0.000000,0.000000,0.000000,0.000000
382,6.366667,27.377075,0.002487,-111.567505,30.732132,-0.003812,8.955365,-1.810363,-1.518945,31.979368,5396.804,2,1.000000,4,4,88.944885,1,0,0,0.014426,0.997865,-0.063690,-0.236845,0.065294,0.969351,0.001327,-0.005365,0.000000,0.000000,0.000000,1,0.051630,9265.495117,25461.771484,-256.563690,-0.227461,0.006412,93.051483,1,-0.060724,4583.674805,12373.809570,-228.666611,-0.110554,0.007692,83.439453,1,0.054298,7684.730957,19127.076172,4359.770508,-0.208404,-0.047503,91.611427,1,-0.054858,3930.187500,9114.614258,7479.383301,-0.111426,-0.091435,86.355957,-18037.072266,25473.945312,60508.312500,11.029175,-205.535156,-34.542969,0.000000,0.000000,0.000000,0.000000,0.000000,0.000000,0.000000,0.000000,0.000000
383,6.383333,27.885376,0.002422,-111.405273,30.500887,-0.003882,9.731112,-1.835696,-1.519958,31.984684,5397.892,2,1.000000,4,4,88.962334,1,0,0,0.016126,0.997865,-0.063280,-0.261317,0.065295,0.963042,0.001404,-0.005536,0.000000,0.000000,0.000000,1,0.051831,9274.957031,25487.076172,-257.159424,-0.227687,0.006427,93.067848,1,-0.060534,4591.020508,12393.644531,-228.796280,-0.110731,0.007697,83.451767,1,0.054205,7681.108398,19141.962891,4367.646973,-0.208566,-0.047589,91.629578,1,-0.054951,3927.001953,9106.714844,7473.944824,-0.111458,-0.091474,86.372726,-19591.449219,25484.134766,60074.656250,3.442932,-226.238281,-2.191650,0.000000,0.000000,0.000000,0.000000,0.000000,0.000000,0.000000,0.000000,0.000000
384,6.400000,28.389526,0.002358,-111.230347,30.249714,-0.003833,10.501301,-1.861047,-1.521072,31.989807,5398.951,2,1.000000,4,4,88.979576,1,0,0,0.017817,0.997865,-0.062826,-0.285638,0.065297,0.956110,0.001444,-0.005546,0.000000,0.000000,0.000000,1,0.052033,9284.207031,25511.962891,-257.857758,-0.227909,0.006445,93.084305,1,-0.060345,4598.052734,12412.638672,-228.577591,-0.110901,0.007690,83.464096,1,0.054112,7677.627441,19162.484375,4376.017090,-0.208790,-0.047680,91.647499,1,-0.055048,3923.846191,9098.974609,7468.454590,-0.111528,-0.091542,86.389320,-21136.748047,25493.636719,59605.570312,-4.605835,-222.320312,24.875000,0.000000,0.000000,0.000000,0.000000,0.000000,0.000000,0.000000,0.000000,0.000000
385,6.416667,28.889160,0.002297,-111.042603,29.978729,-0.003671,11.265474,-1.886416,-1.522166,31.994755,5399.998,2,1.000000,4,4,88.996590,1,0,0,0.019495,0.997865,-0.062328,-0.309794,0.065301,0.948559,0.001444,-0.005420,0.000000,0.000000,0.000000,1,0.052230,9293.055664,25535.494141,-257.401184,-0.228120,0.006434,93.100861,1,-0.060164,4604.630859,12430.407227,-228.363831,-0.111059,0.007683,83.476395,1,0.054022,7674.364258,19180.236328,4386.352539,-0.208983,-0.047793,91.665169,1,-0.055145,3920.770752,9090.330078,7464.442383,-0.111584,-0.091626,86.405701,-22664.923828,25502.316406,59092.640625,-14.574219,-230.453125,52.135010,0.000000,0.000000,0.000000,0.000000,0.000000,0.000000,0.000000,0.000000,0.000000
386,6.433333,29.383911,0.002240,-110.842163,29.688154,-0.003407,12.023072,-1.911804,-1.523300,31.999607,5401.030,2,1.000000,4,4,89.013191,1,0,0,0.021156,0.997865,-0.061789,-0.333768,0.065307,0.940390,0.001391,-0.005159,0.000000,0.000000,0.000000,1,0.052419,9301.246094,25557.617188,-257.387939,-0.228317,0.006434,93.117348,1,-0.059994,4610.560547,12446.434570,-227.472946,-0.111202,0.007654,83.488663,1,0.053936,7671.366211,19202.335938,4397.261230,-0.209224,-0.047912,91.682396,1,-0.055241,3917.856201,9083.308594,7459.213379,-0.111663,-0.091697,86.421700,-24182.119141,25509.822266,58543.343750,-25.448853,-222.500000,74.554199,0.000000,0.000000,0.000000,0.000000,0.000000,0.000000,0.000000,0.000000,0.000000
387,6.450000,29.873657,0.002189,-110.629272,29.378126,-0.003054,12.773628,-1.937211,-1.524394,32.004349,5402.038,2,1.000000,4,4,89.029419,1,0,0,0.022799,0.997864,-0.061209,-0.357545,0.065314,0.931609,0.001272,-0.004791,0.000000,0.000000,0.000000,1,0.052593,9308.633789,25575.791016,-256.789825,-0.228480,0.006420,93.133835,1,-0.059841,4615.707031,12460.340820,-227.070816,-0.111326,0.007641,83.500801,1,0.053857,7668.768555,19226.281250,4400.613281,-0.209485,-0.047948,91.699226,1,-0.055333,3915.151855,9077.912109,7453.002441,-0.111748,-0.091746,86.437340,-25692.048828,25516.156250,57950.410156,-28.858154,-185.148438,89.385742,0.000000,0.000000,0.000000,0.000000,0.000000,0.000000,0.000000,0.000000,0.000000
388,6.466667,30.357788,0.002145,-110.403931,29.048740,-0.002627,13.516582,-1.962633,-1.525303,32.008907,5403.022,2,1.000000,4,4,89.045723,1,0,0,0.024419,0.997864,-0.060590,-0.381105,0.065323,0.922221,0.001171,-0.004334,0.000000,0.000000,0.000000,1,0.052750,9315.046875,25591.863281,-254.664795,-0.228623,0.006368,93.150238,1,-0.059706,4620.091309,12472.197266,-226.082001,-0.111432,0.007609,83.512878,1,0.053784,7666.399902,19246.990234,4415.381836,-0.209711,-0.048109,91.716125,1,-0.055420,3912.687500,9071.618164,7449.016602,-0.111827,-0.091825,86.453072,-27169.693359,25521.017578,57318.035156,-38.508057,-178.390625,104.562988,0.000000,0.000000,0.000000,0.000000,0.000000,0.000000,0.000000,0.000000,0.000000
389,6.483333,30.836182,0.002110,-110.166382,28.700411,-0.002142,14.251430,-1.988069,-1.526179,32.013500,5404.011,2,1.000000,4,4,89.061386,1,0,0,0.026015,0.997864,-0.059931,-0.404433,0.065332,0.912231,0.001016,-0.003802,0.000000,0.000000,0.000000,1,0.052886,9320.369141,25604.607422,-252.408859,-0.228737,0.006313,93.166328,1,-0.059593,4623.539062,12481.525391,-225.131912,-0.111515,0.007578,83.524818,1,0.053720,7664.414551,19269.253906,4428.208984,-0.209953,-0.048249,91.732353,1,-0.055500,3910.518066,9065.624023,7446.062988,-0.111906,-0.091914,86.468185,-28629.914062,25524.365234,56644.898438,-49.312134,-158.195312,114.105957,0.000000,0.000000,0.000000,0.000000,0.000000,0.000000,0.000000,0.000000,0.000000
390,6.500000,31.308350,0.002083,-109.916748,28.333361,-0.001618,14.977646,-2.013518,-1.526955,32.018139,5404.962,2,1.000000,4,4,89.076454,1,0,0,0.027585,0.997863,-0.059236,-0.427512,0.065343,0.901645,0.000780,-0.003234,0.000000,0.000000,0.000000,1,0.053000,9324.608398,25613.423828,-250.521881,-0.228815,0.006268,93.182091,1,-0.059503,4626.024414,12488.250977,-224.367188,-0.111575,0.007554,83.536621,1,0.053665,7662.905273,19290.921875,4434.388184,-0.210189,-0.048316,91.747963,1,-0.055572,3908.638672,9062.594727,7440.865723,-0.111985,-0.091945,86.482735,-30078.804688,25526.386719,55927.679688,-55.215454,-127.402344,119.575928,0.000000,0.000000,0.000000,0.000000,0.000000,0.000000,0.000000,0.000000,0.000000
391,6.516667,31.774048,0.002065,-109.655151,27.947735,-0.001070,15.694668,-2.038978,-1.527580,32.022728,5405.876,2,1.000000,4,4,89.091408,1,0,0,0.029128,0.997862,-0.058506,-0.450323,0.065354,0.890470,0.000515,-0.002637,0.000000,0.000000,0.000000,1,0.053089,9327.640625,25618.611328,-248.456909,-0.228861,0.006218,93.197578,1,-0.059438,4627.496094,12492.238281,-223.611664,-0.111611,0.007530,83.548309,1,0.053621,7661.777344,19312.285156,4441.541504,-0.210422,-0.048394,91.763435,1,-0.055636,3907.055664,9060.017578,7436.520508,-0.112075,-0.091992,86.497185,-31503.830078,25526.736328,55169.984375,-58.940796,-92.554688,120.979004,0.000000,0.000000,0.000000,0.000000,0.000000,0.000000,0.000000,0.000000,0.000000
392,6.533333,32.233154,0.002056,-109.381836,27.543840,-0.000518,16.401976,-2.064445,-1.528032,32.027321,5406.784,2,1.000000,4,4,89.106140,1,0,0,0.030642,0.997861,-0.057741,-0.472851,0.065367,0.878715,0.000237,-0.002029,0.000000,0.000000,0.000000,1,0.053154,9329.504883,25619.916016,-245.754471,-0.228873,0.006153,93.212769,1,-0.059398,4628.050781,12493.751953,-222.772308,-0.111624,0.007503,83.559891,1,0.053587,7661.037598,19331.859375,4450.676758,-0.210635,-0.048494,91.778687,1,-0.055690,3905.798340,9057.680664,7433.421387,-0.112145,-0.092035,86.511421,-32901.253906,25525.734375,54372.398438,-63.119263,-65.515625,120.044922,0.000000,0.000000,0.000000,0.000000,0.000000,0.000000,0.000000,0.000000,0.000000
393,6.550000,32.685181,0.002057,-109.096802,27.122030,0.000022,17.099058,-2.089918,-1.528352,32.031986,5407.678,2,1.000000,4,4,89.120491,1,0,0,0.032127,0.997860,-0.056942,-0.495076,0.065379,0.866386,-0.000068,-0.001428,0.000000,0.000000,0.000000,1,0.053193,9330.218750,25617.541016,-242.827499,-0.228851,0.006083,93.227562,1,-0.059382,4627.690918,12492.785156,-222.460114,-0.111615,0.007494,83.571350,1,0.053563,7660.702148,19347.853516,4458.891113,-0.210810,-0.048583,91.793533,1,-0.055735,3904.891357,9057.552734,7429.288574,-0.112220,-0.092046,86.525291,-34275.109375,25523.464844,53533.011719,-65.745361,-43.878906,117.985840,0.000000,0.000000,0.000000,0.000000,0.000000,0.000000,0.000000,0.000000,0.000000
394,6.566667,33.130005,0.002065,-108.800293,26.682606,0.000534,17.785379,-2.115394,-1.528565,32.036728,5408.549,2,1.000000,4,4,89.134560,1,0,0,0.033581,0.997860,-0.056112,-0.516984,0.065392,0.853494,-0.000384,-0.000835,0.000000,0.000000,0.000000,1,0.053207,9329.787109,25610.998047,-240.364929,-0.228793,0.006024,93.241936,1,-0.059391,4626.424805,12489.380859,-221.580536,-0.111585,0.007466,83.582764,1,0.053550,7660.772949,19368.890625,4466.016113,-0.211039,-0.048661,91.808075,1,-0.055769,3904.330078,9059.110352,7424.732422,-0.112308,-0.092046,86.538902,-35627.234375,25519.923828,52659.917969,-66.703857,4.480469,110.764893,0.000000,0.000000,0.000000,0.000000,0.000000,0.000000,0.000000,0.000000,0.000000
395,6.583333,33.567017,0.002082,-108.492676,26.225845,0.001005,18.460506,-2.140869,-1.528540,32.041538,5409.403,2,1.000000,4,4,89.148430,1,0,0,0.035004,0.997859,-0.055250,-0.538557,0.065404,0.840047,-0.000715,-0.000283,0.000000,0.000000,0.000000,1,0.053198,9328.376953,25602.041016,-238.038040,-0.228712,0.005969,93.255951,1,-0.059422,4624.394531,12483.900391,-221.456314,-0.111536,0.007464,83.594048,1,0.053548,7661.252930,19380.916016,4474.637207,-0.211170,-0.048755,91.822411,1,-0.055792,3904.108887,9061.718750,7420.501953,-0.112355,-0.092006,86.552315,-36948.093750,25515.566406,51743.636719,-68.157715,12.734375,109.660400,0.000000,0.000000,0.000000,0.000000,0.000000,0.000000,0.000000,0.000000,0.000000
396,6.600000,33.996216,0.002106,-108.173950,25.752151,0.001424,19.123886,-2.166344,-1.528474,32.046474,5410.245,2,1.000000,4,4,89.162003,1,0,0,0.036396,0.997858,-0.054358,-0.559780,0.065416,0.826055,-0.001041,0.000271,0.000000,0.000000,0.000000,1,0.053165,9325.871094,25588.937500,-235.037704,-0.228595,0.005897,93.269623,1,-0.059474,4621.596680,12476.360352,-220.715805,-0.111468,0.007441,83.605316,1,0.053556,7662.102539,19396.974609,4476.066895,-0.211345,-0.048770,91.836433,1,-0.055805,3904.280273,9065.184570,7417.079590,-0.112441,-0.091999,86.565453,-38247.554688,25510.144531,50792.371094,-67.013428,56.437500,97.414551,0.000000,0.000000,0.000000,0.000000,0.000000,0.000000,0.000000,0.000000,0.000000
397,6.616667,34.417236,0.002136,-107.844360,25.261799,0.001778,19.775070,-2.191814,-1.528193,32.051464,5411.069,2,1.000000,4,4,89.175621,1,0,0,0.037756,0.997857,-0.053436,-0.580637,0.065428,0.811529,-0.001383,0.000752,0.000000,0.000000,0.000000,1,0.053113,9322.586914,25573.492188,-232.020294,-0.228457,0.005825,93.282860,1,-0.059544,4618.183105,12467.141602,-220.680191,-0.111386,0.007442,83.616470,1,0.053575,7663.411133,19409.865234,4481.598145,-0.211485,-0.048830,91.850502,1,-0.055805,3904.830566,9069.927734,7413.888672,-0.112502,-0.091961,86.578636,-39514.617188,25504.449219,49806.890625,-65.340576,77.023438,88.242432,0.000000,0.000000,0.000000,0.000000,0.000000,0.000000,0.000000,0.000000,0.000000
398,6.633333,34.829834,0.002170,-107.504150,24.755201,0.002064,20.413620,-2.217277,-1.527811,32.056595,5411.895,2,1.000000,4,4,89.189056,1,0,0,0.039085,0.997857,-0.052487,-0.601112,0.065439,0.796481,-0.001723,0.001182,0.000000,0.000000,0.000000,1,0.053041,9318.523438,25555.056641,-229.703400,-0.228292,0.005771,93.295662,1,-0.059632,4614.176758,12456.324219,-220.585266,-0.111290,0.007441,83.627625,1,0.053605,7665.067383,19424.031250,4489.340332,-0.211640,-0.048915,91.864388,1,-0.055795,3905.665283,9075.478516,7411.050781,-0.112574,-0.091928,86.591637,-40751.648438,25498.083984,48790.382812,-61.058594,111.027344,74.613037,0.000000,0.000000,0.000000,0.000000,0.000000,0.000000,0.000000,0.000000,0.000000
399,6.650000,35.233765,0.002208,-107.153442,24.232744,0.002275,21.039137,-2.242732,-1.527262,32.061893,5412.711,2,1.000000,4,4,89.202171,1,0,0,0.040383,0.997856,-0.051509,-0.621191,0.065451,0.780922,-0.002056,0.001534,0.000000,0.000000,0.000000,1,0.052954,9313.878906,25533.794922,-227.215271,-0.228102,0.005713,93.308128,1,-0.059735,4609.742188,12444.350586,-220.475113,-0.111183,0.007439,83.638763,1,0.053645,7667.107422,19435.703125,4489.572266,-0.211767,-0.048917,91.877922,1,-0.055774,3906.823486,9083.810547,7406.335449,-0.112637,-0.091837,86.604340,-41966.101562,25491.664062,47736.117188,-51.668701,148.773438,58.516357,0.000000,0.000000,0.000000,0.000000,0.000000,0.000000,0.000000,0.000000,0.000000
400,6.666667,35.628662,0.002248,-106.792603,23.694717,0.002411,21.651138,-2.268174,-1.526528,32.067253,5413.506,2,1.000000,4,4,89.215462,1,0,0,0.041651,0.997855,-0.050505,-0.640858,0.065462,0.764863,-0.002344,0.001805,0.000000,0.000000,0.000000,1,0.052855,9308.847656,25512.832031,-225.351898,-0.227914,0.005670,93.320229,1,-0.059848,4605.022461,12431.595703,-221.048370,-0.111069,0.007460,83.649887,1,0.053694,7669.420898,19442.976562,4496.624512,-0.211846,-0.048994,91.891647,1,-0.055744,3908.211426,9091.240234,7403.810059,-0.112680,-0.091765,86.617218,-43142.585938,25485.283203,46652.523438,-45.673096,153.289062,47.432617,0.000000,0.000000,0.000000,0.000000,0.000000,0.000000,0.000000,0.000000,0.000000
401,6.683333,36.014404,0.002289,-106.421875,23.141607,0.002470,22.249249,-2.293603,-1.525771,32.072800,5414.313,2,1.000000,4,4,89.228455,1,0,0,0.042889,0.997854,-0.049473,-0.660101,0.065473,0.748318,-0.002605,0.002016,0.000000,0.000000,0.000000,1,0.052747,9303.484375,25490.332031,-223.704041,-0.227713,0.005632,93.332062,1,-0.059971,4600.061035,12418.191406,-221.420563,-0.110949,0.007475,83.661095,1,0.053751,7671.988770,19448.382812,4494.504395,-0.211905,-0.048971,91.905060,1,-0.055705,3909.828613,9100.431641,7400.203125,-0.112716,-0.091658,86.629799,-44296.250000,25478.947266,45532.671875,-36.605225,165.777344,34.439697,0.000000,0.000000,0.000000,0.000000,0.000000,0.000000,0.000000,0.000000,0.000000
402,6.700000,36.390625,0.002330,-106.041382,22.573708,0.002455,22.833000,-2.319019,-1.524954,32.078388,5415.101,2,1.000000,4,4,89.241692,1,0,0,0.044097,0.997853,-0.048415,-0.678907,0.065484,0.731298,-0.002821,0.002162,0.000000,0.000000,0.000000,1,0.052632,9297.981445,25466.787109,-222.344162,-0.227503,0.005602,93.343651,1,-0.060098,4595.053711,12404.660156,-221.931458,-0.110828,0.007495,83.672356,1,0.053815,7674.822754,19457.816406,4497.780762,-0.212008,-0.049007,91.918716,1,-0.055658,3911.683594,9110.611328,7396.498047,-0.112780,-0.091561,86.642632,-45418.941406,25473.195312,44391.308594,-23.361084,195.566406,17.677002,0.000000,0.000000,0.000000,0.000000,0.000000,0.000000,0.000000,0.000000,0.000000
403,6.716667,36.757080,0.002370,-105.651245,21.991413,0.002372,23.402119,-2.344419,-1.523990,32.084099,5415.905,2,1.000000,4,4,89.254890,1,0,0,0.045276,0.997853,-0.047329,-0.697263,0.065494,0.713817,-0.002973,0.002222,0.000000,0.000000,0.000000,1,0.052514,9292.487305,25443.365234,-221.381287,-0.227294,0.005582,93.355042,1,-0.060227,4590.094238,12391.251953,-222.815689,-0.110709,0.007526,83.683693,1,0.053886,7677.756836,19458.976562,4501.452148,-0.212020,-0.049047,91.932335,1,-0.055605,3913.642090,9120.286133,7393.896973,-0.112794,-0.091443,86.655426,-46504.871094,25467.839844,43217.191406,-11.770020,192.496094,6.589844,0.000000,0.000000,0.000000,0.000000,0.000000,0.000000,0.000000,0.000000,0.000000
404,6.733333,37.113647,0.002407,-105.251953,21.395197,0.002226,23.956184,-2.369803,-1.523042,32.089935,5416.705,2,1.000000,4,4,89.267975,1,0,0,0.046426,0.997852,-0.046216,-0.715159,0.065504,0.695886,-0.003058,0.002234,0.000000,0.000000,0.000000,1,0.052397,9287.124023,25421.054688,-220.966705,-0.227094,0.005575,93.366295,1,-0.060355,4585.304688,12378.299805,-223.850372,-0.110593,0.007563,83.695152,1,0.053960,7680.767090,19460.339844,4494.411133,-0.212035,-0.048970,91.945831,1,-0.055547,3915.706055,9130.505859,7391.120117,-0.112819,-0.091327,86.668106,-47569.671875,25463.134766,42009.960938,0.436279,194.246094,-3.666992,0.000000,0.000000,0.000000,0.000000,0.000000,0.000000,0.000000,0.000000,0.000000
405,6.750000,37.460083,0.002441,-104.843750,20.785330,0.002024,24.494774,-2.395171,-1.522085,32.095753,5417.500,2,1.000000,4,4,89.281525,1,0,0,0.047547,0.997851,-0.045075,-0.732582,0.065512,0.677519,-0.003073,0.002204,0.000000,0.000000,0.000000,1,0.052281,9281.945312,25399.064453,-220.439056,-0.226898,0.005566,93.377487,1,-0.060479,4580.790039,12366.093750,-224.612473,-0.110484,0.007591,83.706764,1,0.054037,7683.791992,19463.517578,4496.030762,-0.212070,-0.048988,91.959808,1,-0.055485,3917.878418,9141.071289,7388.419434,-0.112853,-0.091215,86.681244,-48599.054688,25459.144531,40785.906250,14.530762,200.285156,-15.942383,0.000000,0.000000,0.000000,0.000000,0.000000,0.000000,0.000000,0.000000,0.000000
406,6.766667,37.796143,0.002470,-104.426758,20.162266,0.001776,25.017670,-2.420523,-1.521099,32.101654,5418.322,2,1.000000,4,4,89.295067,1,0,0,0.048640,0.997851,-0.043906,-0.749524,0.065520,0.658727,-0.003013,0.002116,0.000000,0.000000,0.000000,1,0.052171,9277.162109,25378.095703,-219.989471,-0.226710,0.005558,93.388603,1,-0.060596,4576.662598,12354.932617,-225.405701,-0.110385,0.007619,83.718491,1,0.054115,7686.746094,19462.025391,4499.197754,-0.212054,-0.049022,91.973770,1,-0.055419,3920.043945,9151.367188,7386.012207,-0.112875,-0.091101,86.694382,-49593.378906,25456.001953,39536.140625,25.916016,187.917969,-26.357666,0.000000,0.000000,0.000000,0.000000,0.000000,0.000000,0.000000,0.000000,0.000000
407,6.783333,38.121582,0.002495,-104.001343,19.526453,0.001490,25.524544,-2.445859,-1.520175,32.107662,5419.144,2,1.000000,4,4,89.308510,1,0,0,0.049705,0.997850,-0.042708,-0.765973,0.065526,0.639525,-0.002902,0.001970,0.000000,0.000000,0.000000,1,0.052069,9272.852539,25359.761719,-221.236465,-0.226547,0.005593,93.399658,1,-0.060703,4572.975586,12344.951172,-226.782516,-0.110296,0.007667,83.730331,1,0.054192,7689.598145,19458.785156,4496.965332,-0.212018,-0.048998,91.987625,1,-0.055353,3922.149414,9161.378906,7383.659668,-0.112881,-0.090977,86.707420,-50561.195312,25453.695312,38256.570312,36.013672,168.796875,-30.852295,0.000000,0.000000,0.000000,0.000000,0.000000,0.000000,0.000000,0.000000,0.000000
408,6.800000,38.436279,0.002515,-103.567749,18.878233,0.001178,26.015013,-2.471181,-1.519345,32.113674,5419.960,2,1.000000,4,4,89.322136,1,0,0,0.050740,0.997850,-0.041482,-0.781922,0.065531,0.619922,-0.002727,0.001816,0.000000,0.000000,0.000000,1,0.051977,9269.028320,25342.015625,-221.357193,-0.226388,0.005599,93.410889,1,-0.060800,4569.784180,12336.317383,-227.642685,-0.110219,0.007698,83.742371,1,0.054267,7692.299805,19462.050781,4494.382812,-0.212054,-0.048970,92.001671,1,-0.055287,3924.214844,9171.429688,7381.058594,-0.112906,-0.090865,86.720642,-51502.417969,25452.242188,36959.730469,49.310303,177.792969,-41.434814,0.000000,0.000000,0.000000,0.000000,0.000000,0.000000,0.000000,0.000000,0.000000
409,6.816667,38.739868,0.002529,-103.126221,18.217945,0.000850,26.488855,-2.496489,-1.518471,32.119682,5420.787,2,1.000000,4,4,89.335976,1,0,0,0.051748,0.997850,-0.040226,-0.797360,0.065536,0.599935,-0.002494,0.001601,0.000000,0.000000,0.000000,1,0.051896,9265.885742,25327.091797,-222.516571,-0.226255,0.005631,93.422142,1,-0.060883,4567.162109,12329.213867,-228.930878,-0.110156,0.007743,83.754532,1,0.054338,7694.761719,19457.816406,4491.230957,-0.212008,-0.048935,92.015938,1,-0.055223,3926.105225,9181.033203,7378.166992,-0.112907,-0.090736,86.734070,-52408.613281,25451.689453,35634.761719,60.688232,157.097656,-43.393311,0.000000,0.000000,0.000000,0.000000,0.000000,0.000000,0.000000,0.000000,0.000000
410,6.833333,39.032349,0.002537,-102.677124,17.546040,0.000515,26.945711,-2.521784,-1.517699,32.125645,5421.626,2,1.000000,4,4,89.350075,1,0,0,0.052726,0.997849,-0.038941,-0.812280,0.065538,0.579573,-0.002183,0.001403,0.000000,0.000000,0.000000,1,0.051829,9263.336914,25314.259766,-223.262817,-0.226141,0.005653,93.433563,1,-0.060951,4565.190430,12323.870117,-229.932281,-0.110108,0.007778,83.766884,1,0.054403,7696.916992,19454.978516,4495.073730,-0.211977,-0.048977,92.030464,1,-0.055162,3927.865234,9188.410156,7377.415527,-0.112909,-0.090655,86.747749,-53277.906250,25451.953125,34296.796875,67.408691,132.472656,-47.341309,0.000000,0.000000,0.000000,0.000000,0.000000,0.000000,0.000000,0.000000,0.000000
411,6.850000,39.313354,0.002540,-102.220703,16.862989,0.000184,27.385414,-2.547068,-1.517048,32.131676,5422.482,2,1.000000,4,4,89.363945,1,0,0,0.053674,0.997849,-0.037627,-0.826675,0.065540,0.558850,-0.001845,0.001175,0.000000,0.000000,0.000000,1,0.051775,9261.486328,25303.646484,-224.622894,-0.226046,0.005690,93.445091,1,-0.061003,4563.812500,12320.128906,-230.995499,-0.110075,0.007815,83.779381,1,0.054462,7698.746582,19452.917969,4489.626953,-0.211954,-0.048918,92.044762,1,-0.055106,3929.385254,9196.153320,7375.050293,-0.112914,-0.090554,86.761208,-54123.640625,25452.910156,32929.972656,74.714600,118.441406,-49.581055,0.000000,0.000000,0.000000,0.000000,0.000000,0.000000,0.000000,0.000000,0.000000
412,6.866667,39.582886,0.002538,-101.757324,16.169096,-0.000135,27.807592,-2.572343,-1.516467,32.137619,5423.324,2,1.000000,4,4,89.378166,1,0,0,0.054593,0.997849,-0.036283,-0.840535,0.065540,0.537779,-0.001470,0.000938,0.000000,0.000000,0.000000,1,0.051736,9260.353516,25295.962891,-226.210037,-0.225977,0.005732,93.456818,1,-0.061040,4563.044922,12318.041992,-231.756653,-0.110056,0.007842,83.792030,1,0.054513,7700.262695,19451.123047,4492.421875,-0.211935,-0.048948,92.059425,1,-0.055056,3930.674072,9202.646484,7373.131836,-0.112910,-0.090464,86.775002,-54933.003906,25454.644531,31550.564453,79.098633,94.601562,-50.113037,0.000000,0.000000,0.000000,0.000000,0.000000,0.000000,0.000000,0.000000,0.000000
413,6.883333,39.840576,0.002531,-101.287109,15.464827,-0.000433,28.212088,-2.597610,-1.516003,32.143555,5424.187,2,1.000000,4,4,89.392281,1,0,0,0.055481,0.997849,-0.034910,-0.853854,0.065540,0.516370,-0.001075,0.000694,0.000000,0.000000,0.000000,1,0.051713,9259.953125,25290.283203,-228.040192,-0.225927,0.005781,93.468773,1,-0.061060,4562.895508,12317.616211,-232.867371,-0.110053,0.007880,83.804794,1,0.054555,7701.399902,19448.546875,4483.464844,-0.211907,-0.048851,92.073975,1,-0.055013,3931.666748,9208.950195,7370.024902,-0.112916,-0.090368,86.788696,-55716.542969,25457.009766,30140.113281,84.354492,79.058594,-47.329102,0.000000,0.000000,0.000000,0.000000,0.000000,0.000000,0.000000,0.000000,0.000000
414,6.900000,40.086426,0.002519,-100.810425,14.750512,-0.000703,28.598499,-2.622870,-1.515616,32.149311,5425.043,2,1.000000,4,4,89.406967,1,0,0,0.056337,0.997849,-0.033508,-0.866624,0.065538,0.494639,-0.000641,0.000486,0.000000,0.000000,0.000000,1,0.051704,9260.196289,25286.744141,-229.208420,-0.225895,0.005812,93.480995,1,-0.061065,4563.348633,12318.830078,-233.412689,-0.110064,0.007899,83.817719,1,0.054588,7702.101562,19447.580078,4482.669922,-0.211896,-0.048842,92.089111,1,-0.054978,3932.389160,9214.113281,7367.041992,-0.112911,-0.090277,86.802940,-56463.570312,25459.818359,28719.722656,86.875000,55.472656,-44.106689,0.000000,0.000000,0.000000,0.000000,0.000000,0.000000,0.000000,0.000000,0.000000
415,6.916667,40.320312,0.002504,-100.327637,14.026620,-0.000939,28.966702,-2.648126,-1.515345,32.154991,5425.935,2,1.000000,4,4,89.421791,1,0,0,0.057160,0.997850,-0.032078,-0.878839,0.065535,0.472596,-0.000188,0.000307,0.000000,0.000000,0.000000,1,0.051710,9261.076172,25285.320312,-229.625168,-0.225883,0.005825,93.493385,1,-0.061054,4564.405273,12321.682617,-233.521439,-0.110089,0.007904,83.830719,1,0.054609,7702.364258,19445.701172,4495.488281,-0.211876,-0.048982,92.104385,1,-0.054951,3932.834473,9216.337891,7366.397461,-0.112923,-0.090257,86.817322,-57166.925781,25463.093750,27294.892578,83.237061,22.179688,-45.673950,0.000000,0.000000,0.000000,0.000000,0.000000,0.000000,0.000000,0.000000,0.000000
416,6.933333,40.541870,0.002485,-99.839111,13.293711,-0.001137,29.316635,-2.673380,-1.515238,32.160793,5426.834,2,1.000000,4,4,89.435898,1,0,0,0.057950,0.997850,-0.030621,-0.890493,0.065532,0.450254,0.000222,0.000075,0.000000,0.000000,0.000000,1,0.051730,9262.631836,25286.974609,-232.822723,-0.225898,0.005906,93.505836,1,-0.061029,4565.880371,12325.646484,-234.438171,-0.110125,0.007936,83.843735,1,0.054622,7702.298828,19443.595703,4481.989258,-0.211853,-0.048835,92.118927,1,-0.054934,3932.871094,9218.693359,7363.623535,-0.112904,-0.090184,86.831009,-57851.519531,25466.593750,25824.339844,76.826416,1.261719,-35.521729,0.000000,0.000000,0.000000,0.000000,0.000000,0.000000,0.000000,0.000000,0.000000
417,6.950000,40.751099,0.002463,-99.344971,12.552025,-0.001292,29.647717,-2.698633,-1.515234,32.166294,5427.691,2,1.000000,4,4,89.450806,1,0,0,0.058706,0.997850,-0.029138,-0.901578,0.065529,0.427625,0.000617,-0.000077,0.000000,0.000000,0.000000,1,0.051763,9264.648438,25289.796875,-233.003769,-0.225923,0.005912,93.518753,1,-0.060991,4567.775391,12330.764648,-234.506088,-0.110170,0.007939,83.856888,1,0.054624,7701.885254,19446.755859,4488.892090,-0.211887,-0.048910,92.134285,1,-0.054926,3932.704590,9220.012695,7361.171387,-0.112919,-0.090153,86.845482,-58495.289062,25470.333984,24361.160156,65.625732,-21.828125,-32.271729,0.000000,0.000000,0.000000,0.000000,0.000000,0.000000,0.000000,0.000000,0.000000
418,6.966667,40.947754,0.002440,-98.845581,11.802085,-0.001404,29.960039,-2.723889,-1.515343,32.171803,5428.595,2,1.000000,4,4,89.465408,1,0,0,0.059427,0.997850,-0.027630,-0.912089,0.065526,0.404722,0.000940,-0.000246,0.000000,0.000000,0.000000,1,0.051807,9267.119141,25293.189453,-235.501572,-0.225953,0.005977,93.531693,1,-0.060944,4569.924316,12336.558594,-234.954910,-0.110222,0.007955,83.870049,1,0.054619,7701.272949,19452.330078,4480.319824,-0.211948,-0.048816,92.149323,1,-0.054926,3932.270508,9222.119141,7356.445312,-0.112940,-0.090092,86.859665,-59113.574219,25474.210938,22864.242188,62.566650,-10.367188,-22.681030,0.000000,0.000000,0.000000,0.000000,0.000000,0.000000,0.000000,0.000000,0.000000
419,6.983333,41.131836,0.002415,-98.341431,11.044218,-0.001470,30.253170,-2.749146,-1.515396,32.177048,5429.481,2,1.000000,4,4,89.480652,1,0,0,0.060111,0.997850,-0.026099,-0.922019,0.065523,0.381560,0.001268,-0.000319,0.000000,0.000000,0.000000,1,0.051859,9269.869141,25298.541016,-236.108292,-0.226001,0.005993,93.544998,1,-0.060888,4572.393555,12343.227539,-234.857025,-0.110282,0.007952,83.883278,1,0.054605,7700.287109,19452.595703,4489.291504,-0.211951,-0.048914,92.165024,1,-0.054935,3931.632812,9220.595703,7355.285645,-0.112952,-0.090102,86.874458,-59680.035156,25477.976562,21370.164062,48.069580,-47.222656,-15.303955,0.000000,0.000000,0.000000,0.000000,0.000000,0.000000,0.000000,0.000000,0.000000
420,7.000000,41.303223,0.002390,-97.832642,10.279089,-0.001491,30.527147,-2.774406,-1.515629,32.182316,5430.407,2,0.897638,4,4,89.495415,1,0,0,0.060757,0.997851,-0.024547,-0.931362,0.065519,0.358152,0.001523,-0.000359,0.000000,0.000000,0.000000,1,0.052015,9281.418945,27364.576172,-1258.983154,-0.244706,0.011670,93.558395,1,-0.060999,4561.716797,12281.758789,-926.240723,-0.110024,0.018904,83.896492,1,0.054584,7699.114258,19456.794922,4495.832520,-0.211997,-0.048986,92.180229,1,-0.054949,3930.869385,9219.442383,7353.060059,-0.112961,-0.090093,86.888794,-62258.300781,25473.800781,19671.292969,805.474609,9763.062500,-495.426514,0.000000,0.000000,0.000000,0.000000,0.000000,0.000000,0.000000,0.000000,0.000000
421,7.016667,41.461182,0.002365,-97.319580,9.480906,-0.001520,30.779343,-2.798866,-1.467573,32.175377,5431.303,2,0.803150,4,4,89.509880,1,0,0,0.061406,0.997848,-0.022974,-0.939838,0.065556,0.335272,0.004772,-0.004121,0.000000,0.000000,0.000000,1,0.052296,9299.603516,27674.667969,-3529.363281,-0.248957,0.019123,93.720451,1,-0.061015,4564.789062,12884.060547,-1747.957031,-0.116147,0.035623,84.010185,1,0.054476,7690.499512,18105.386719,5517.684570,-0.197272,-0.053118,92.195129,1,-0.055119,3918.121094,9042.617188,7509.735840,-0.105321,-0.087467,86.902840,-61968.578125,25474.607422,17060.435547,1308.265625,14075.722656,-493.645569,0.000000,0.000000,0.000000,0.000000,0.000000,0.000000,0.000000,0.000000,0.000000
422,7.033333,41.606079,0.002340,-96.802979,8.686437,-0.001514,30.998066,-2.822170,-1.398286,32.157776,5432.181,2,0.700787,4,4,89.461823,1,0,0,0.062032,0.997846,-0.021354,-0.947388,0.065600,0.313292,0.010923,-0.006545,0.000000,0.000000,0.000000,1,0.052736,9326.554688,26776.484375,-4132.145508,-0.239194,0.025726,94.212471,1,-0.060882,4575.597656,12858.512695,-4804.530762,-0.122566,0.045796,84.243301,1,0.054193,7670.596680,15748.273438,6135.126953,-0.171589,-0.058214,92.145630,1,-0.055476,3897.921387,8423.244141,7541.724609,-0.091778,-0.082173,86.856178,-58655.371094,25472.707031,13155.884766,1805.275513,13934.734375,-89.477783,0.000000,0.000000,0.000000,0.000000,0.000000,0.000000,0.000000,0.000000,0.000000
423,7.050000,41.738281,0.002315,-96.283447,7.934444,-0.001506,31.166731,-2.844332,-1.329699,32.123840,5429.264,2,0.614173,4,4,89.379562,1,0,0,0.062529,0.997850,-0.019624,-0.954096,0.065534,0.292244,0.020998,-0.002577,0.000000,0.000000,0.000000,1,0.053257,9353.843750,24530.253906,-1966.491699,-0.219128,0.017567,94.792099,1,-0.060429,4605.205078,12882.271484,-4991.825684,-0.117476,0.045522,84.920647,1,0.053588,7630.953125,13222.247070,6852.914062,-0.144066,-0.064321,92.060905,1,-0.055971,3875.806641,7087.814941,7074.481445,-0.077227,-0.077082,86.776314,-53074.363281,25468.871094,14105.726562,1500.866211,9180.978516,581.208008,0.000000,0.000000,0.000000,0.000000,0.000000,0.000000,0.000000,0.000000,0.000000
424,7.066667,41.859131,0.002289,-95.760986,7.254004,-0.001561,31.347574,-2.865741,-1.284511,32.138184,5424.272,2,0.519685,4,4,89.284393,1,0,0,0.062777,0.997869,-0.017768,-0.960144,0.065243,0.271786,0.030933,0.009151,0.000000,0.000000,0.000000,1,0.053726,9373.095703,20626.476562,-1952.551147,-0.184256,0.017442,95.056976,1,-0.059624,4649.443359,11396.329102,-5015.391113,-0.101803,0.044802,85.625214,1,0.052622,7575.686035,11674.586914,7364.720215,-0.127204,-0.070232,91.962883,1,-0.056448,3861.816895,6284.389648,6312.381836,-0.068473,-0.068778,86.683922,-46001.378906,25463.919922,13060.195312,1445.162964,14619.817383,1328.208008,0.000000,0.000000,0.000000,0.000000,0.000000,0.000000,0.000000,0.000000,0.000000
425,7.083333,41.970215,0.002261,-95.235718,6.664243,-0.001682,31.515013,-2.885950,-1.212536,32.175972,5418.496,2,0.433071,4,4,89.202919,1,0,0,0.062607,0.997913,-0.015804,-0.965473,0.064569,0.252374,0.041963,0.030607,0.000000,0.000000,0.000000,1,0.053976,9375.039062,16152.144531,-1505.942749,-0.144287,0.013453,95.319832,1,-0.058331,4717.451660,9093.720703,-4845.620117,-0.081234,0.043286,86.333206,1,0.051191,7497.673828,10179.589844,7860.848633,-0.110914,-0.075955,91.870361,1,-0.056747,3861.059082,5529.318848,5147.421875,-0.060246,-0.056085,86.612930,-37623.109375,25456.398438,12047.011719,1154.841797,19255.281250,2091.767334,0.000000,0.000000,0.000000,0.000000,0.000000,0.000000,0.000000,0.000000,0.000000
426,7.100000,42.073242,0.002229,-94.707886,6.181895,-0.001909,31.669462,-2.904577,-1.117736,32.235588,5413.551,2,0.346457,4,4,89.157257,1,0,0,0.061858,0.997990,-0.013769,-0.970073,0.063362,0.234401,0.052622,0.061577,0.000000,0.000000,0.000000,1,0.053839,9352.156250,11082.178711,-972.061218,-0.098997,0.008683,95.517776,1,-0.056466,4810.815918,6333.265625,-4704.119629,-0.056575,0.042022,87.016525,1,0.049222,7396.056641,8977.171875,7216.506348,-0.097813,-0.078629,91.801147,1,-0.056690,3879.957520,4952.023438,3631.119629,-0.053956,-0.039564,86.589508,-28918.533203,25445.736328,9590.480469,892.113037,25299.619141,2733.698242,0.000000,0.000000,0.000000,0.000000,0.000000,0.000000,0.000000,0.000000,0.000000
427,7.116667,42.170044,0.002191,-94.178101,5.811145,-0.002278,31.792418,-2.921128,-0.993181,32.293663,5410.780,2,0.259843,4,4,89.226311,1,0,0,0.060396,0.998106,-0.011716,-0.973925,0.061496,0.218376,0.062614,0.100596,0.000000,0.000000,0.000000,1,0.053173,9299.015625,5675.247559,-196.048050,-0.050697,0.001751,95.638130,1,-0.053945,4932.789062,3285.991699,-4563.536133,-0.029354,0.040766,87.679276,1,0.046651,7269.125000,7776.923340,8856.481445,-0.084736,-0.085262,91.842896,1,-0.056130,3921.736816,4392.280762,2193.097656,-0.047857,-0.023895,86.684273,-18953.617188,25431.378906,9455.371094,238.108414,28588.396484,3377.904541,0.000000,0.000000,0.000000,0.000000,0.000000,0.000000,0.000000,0.000000,0.000000
428,7.133333,42.262817,0.002143,-93.646118,5.568150,-0.002853,31.913641,-2.935330,-0.852442,32.377460,5414.971,2,0.188976,4,4,89.284348,1,0,0,0.058102,0.998263,-0.009712,-0.977077,0.058860,0.204587,0.069806,0.147022,0.000000,0.000000,0.000000,1,0.051808,9206.770508,1713.484985,-2.290390,-0.015307,0.001109,95.645699,1,-0.050741,5082.790039,993.997620,-4525.126953,-0.008879,0.040423,88.321594,1,0.043480,7120.649414,7022.712891,9606.902344,-0.076518,-0.092468,91.848083,1,-0.054879,3994.160156,4100.043945,161.432617,-0.044673,-0.001759,86.792168,-12206.362305,25415.546875,7394.716797,-439.914001,26093.228516,3503.063232,0.000000,0.000000,0.000000,0.000000,0.000000,0.000000,0.000000,0.000000,0.000000
429,7.150000,42.353027,0.002082,-93.112671,5.411658,-0.003652,32.008446,-2.947387,-0.723999,32.450981,5418.493,2,0.110236,4,4,89.410027,1,0,0,0.054981,0.998457,-0.007811,-0.979660,0.055454,0.192851,0.073247,0.193941,0.000000,0.000000,0.000000,1,0.049691,9078.189453,-315.853455,350.918457,-0.008578,-0.000466,95.625114,1,-0.046924,5254.609375,-1107.407837,-4398.481445,-0.001912,0.039292,88.958336,1,0.039791,6958.280762,7053.883301,10479.806641,-0.076857,-0.100529,91.899994,1,-0.052860,4094.647949,4293.074219,-247.358490,-0.046776,-0.000106,86.987526,-8405.615234,25399.607422,7704.863281,-1188.837280,25862.824219,3138.348389,0.000000,0.000000,0.000000,0.000000,0.000000,0.000000,0.000000,0.000000,0.000000
430,7.166667,42.441406,0.002004,-92.577515,5.303894,-0.004681,32.107227,-2.957319,-0.596687,32.535316,5426.121,2,0.047244,4,4,89.510544,1,0,0,0.051146,0.998673,-0.006089,-0.981738,0.051395,0.183161,0.071760,0.234580,0.000000,0.000000,0.000000,1,0.046856,8919.192383,-3293.282227,661.872192,0.005526,-0.002488,95.553192,1,-0.042663,5438.288086,-4092.120117,-4331.423340,0.012367,0.038693,89.576668,1,0.035766,6794.156250,6738.279297,9537.847656,-0.073419,-0.103922,91.915459,1,-0.050085,4218.864258,4301.528320,-921.175049,-0.046868,0.003659,87.168549,-2643.691406,25387.402344,5345.576172,-1457.372192,29036.445312,2950.524658,0.000000,0.000000,0.000000,0.000000,0.000000,0.000000,0.000000,0.000000,0.000000
431,7.183333,42.529175,0.001907,-92.041260,5.270000,-0.005871,32.175762,-2.964865,-0.453755,32.600910,5432.220,2,0.000000,4,4,89.696243,1,0,0,0.046655,0.998900,-0.004583,-0.983318,0.046734,0.175787,0.068267,0.272174,0.000000,0.000000,0.000000,1,0.043331,8731.026367,-5979.186523,1077.960938,0.023301,-0.005139,95.436081,1,-0.038037,5634.594727,-6744.100098,-4280.377441,0.030138,0.038237,90.185257,1,0.031483,6625.846680,6007.449219,12008.499023,-0.065456,-0.113914,92.020401,1,-0.046564,4366.975586,4046.228271,-1643.531616,-0.044087,0.008948,87.430786,3836.864746,25378.488281,6266.288574,-1982.130493,27387.488281,2776.211426,0.000000,0.000000,0.000000,0.000000,0.000000,0.000000,0.000000,0.000000,0.000000
432,7.200000,42.617920,0.001787,-91.503662,5.319191,-0.007195,32.256100,-2.970161,-0.318941,32.690483,5443.491,2,0.000000,4,4,89.788445,1,0,0,0.041571,0.999130,-0.003322,-0.984465,0.041528,0.170602,0.061665,0.306643,0.000000,0.000000,0.000000,1,0.039118,8513.320312,-5974.007812,1192.742432,0.034460,-0.007186,95.258492,1,-0.033169,5837.348633,-3430.523438,-4410.362305,0.030645,0.039398,90.786423,1,0.027065,6460.117676,5655.298340,10600.851562,-0.061619,-0.115504,92.003197,1,-0.042272,4542.016602,4036.468262,-2675.966309,-0.043980,0.016449,87.627007,468.579590,25376.048828,4370.841797,-1857.251465,19008.123047,1401.656006,0.000000,0.000000,0.000000,0.000000,0.000000,0.000000,0.000000,0.000000,0.000000
433,7.216667,42.706665,0.001644,-90.965088,5.325198,-0.008540,32.312138,-2.973897,-0.225355,32.747490,5449.086,2,0.000000,4,4,90.009544,1,0,0,0.036209,0.999342,-0.002281,-0.985307,0.036081,0.166938,0.053725,0.322599,0.000000,0.000000,0.000000,1,0.034512,8292.045898,-3070.075684,585.711731,0.027425,-0.005232,95.064224,1,-0.028282,6033.566895,-2259.677246,-4176.772949,0.020186,0.037311,91.406479,1,0.022720,6309.040039,4939.125488,11183.747070,-0.053816,-0.121855,92.120857,1,-0.037509,4718.921875,3734.546387,-3447.820557,-0.040691,0.024288,87.946617,-2656.865723,25379.812500,4327.773926,-1786.299805,9375.416016,229.755066,0.000000,0.000000,0.000000,0.000000,0.000000,0.000000,0.000000,0.000000,0.000000
434,7.233333,42.794800,0.001480,-90.425659,5.291135,-0.009833,32.367622,-2.976862,-0.179167,32.796944,5462.504,2,0.000000,4,4,90.239647,1,0,0,0.030838,0.999523,-0.001438,-0.985981,0.030656,0.164019,0.044581,0.322779,0.000000,0.000000,0.000000,1,0.029762,8076.691895,-2165.460693,225.324951,0.019344,-0.002013,94.958176,1,-0.023580,6215.720215,-1681.809937,-3721.416748,0.015024,0.033243,91.992592,1,0.018634,6177.554199,4467.412598,11322.820312,-0.048676,-0.123371,92.236351,1,-0.032530,4891.989746,3568.587402,-4024.394531,-0.038882,0.031548,88.286171,-3560.058594,25390.771484,4119.677734,-1649.113525,5514.962891,-503.802979,0.000000,0.000000,0.000000,0.000000,0.000000,0.000000,0.000000,0.000000,0.000000
435,7.250000,42.882202,0.001297,-89.885376,5.245493,-0.010985,32.420437,-2.979377,-0.151971,32.841839,5476.469,2,0.000000,4,4,90.491882,1,0,0,0.025623,0.999671,-0.000781,-0.986539,0.025413,0.161538,0.035156,0.313149,0.000000,0.000000,0.000000,1,0.025032,7870.669922,-1656.706299,174.378479,0.014799,-0.001844,94.904510,1,-0.019181,6382.277344,-1353.967285,-3226.305176,0.012095,0.028821,92.512527,1,0.014906,6064.686035,4100.500488,11408.527344,-0.044678,-0.124305,92.368263,1,-0.027501,5059.909180,3446.461182,-4420.851562,-0.037552,0.037718,88.653618,-3892.377197,25408.550781,4297.618164,-1540.921143,3127.473633,-1030.460449,0.000000,0.000000,0.000000,0.000000,0.000000,0.000000,0.000000,0.000000,0.000000
436,7.266667,42.968872,0.001099,-89.344116,5.195591,-0.011915,32.475536,-2.981637,-0.136520,32.888382,5491.776,2,0.000000,4,4,90.759422,1,0,0,0.020685,0.999786,-0.000302,-0.987018,0.020469,0.159302,0.025593,0.296470,0.000000,0.000000,0.000000,1,0.020437,7676.854492,-1370.675171,-95.563759,0.012244,-0.000843,94.858246,1,-0.015170,6530.674805,-1174.297974,-2774.412842,0.010490,0.024784,92.960503,1,0.011607,5971.019043,3852.581787,11429.779297,-0.041977,-0.124536,92.511475,1,-0.022546,5220.734375,3390.647217,-4653.319824,-0.036944,0.042537,89.040550,-4067.053955,25431.875000,4284.752441,-1394.605225,2122.285889,-1426.143921,0.000000,0.000000,0.000000,0.000000,0.000000,0.000000,0.000000,0.000000,0.000000
437,7.283333,43.054565,0.000889,-88.801880,5.143449,-0.012556,32.530468,-2.983724,-0.126016,32.934486,5508.013,2,0.000000,4,4,91.036911,1,0,0,0.016110,0.999870,0.000008,-0.987433,0.015908,0.157234,0.016267,0.274557,0.000000,0.000000,0.000000,1,0.016067,7497.930664,-1198.423462,-409.042542,0.010705,0.000826,94.851212,1,-0.011604,6659.375488,-1071.335327,-2388.122314,0.009570,0.021333,93.342804,1,0.008777,5896.287598,3618.951660,11468.533203,-0.039431,-0.124958,92.662346,1,-0.017764,5372.121582,3317.404785,-3244.324219,-0.036146,0.035349,89.439987,-3805.934570,25459.269531,5771.948730,-1403.321411,2800.689453,-1668.730957,0.000000,0.000000,0.000000,0.000000,0.000000,0.000000,0.000000,0.000000,0.000000
438,7.300000,43.139526,0.000675,-88.258545,5.094655,-0.012868,32.604465,-2.985584,-0.112176,33.000042,5524.853,2,0.000000,4,4,91.236374,1,0,0,0.011956,0.999928,0.000144,-0.987783,0.011788,0.155389,0.006581,0.249265,0.000000,0.000000,0.000000,1,0.011967,7333.579590,-1052.935547,-800.801880,0.009406,0.003175,94.889740,1,-0.008537,6766.008301,-977.108582,-2217.210938,0.008728,0.019806,93.668961,1,0.006458,5841.674805,3181.751221,11074.619141,-0.034668,-0.120666,92.744743,1,-0.013208,5514.485840,3019.724609,-2743.816650,-0.032902,0.029896,89.752533,-3345.588623,25489.480469,5573.702148,-1202.199097,2240.856689,-1808.510010,0.000000,0.000000,0.000000,0.000000,0.000000,0.000000,0.000000,0.000000,0.000000
439,7.316667,43.223755,0.000462,-87.713989,5.051763,-0.012805,32.675922,-2.987263,-0.101103,33.064091,5536.958,2,0.000000,4,4,91.429253,1,0,0,0.008250,0.999966,0.000124,-0.988080,0.008133,0.153724,-0.002216,0.222348,0.000000,0.000000,0.000000,1,0.008173,7184.889160,-937.998169,-1173.038818,0.008379,0.005886,94.985207,1,-0.005972,6852.072754,-899.236023,-2060.723633,0.008033,0.018408,93.970276,1,0.004636,5803.840820,2835.680176,10705.023438,-0.030897,-0.116639,92.827522,1,-0.008932,5645.789551,2771.910889,-2212.809326,-0.030202,0.024110,90.052040,-2967.273682,25519.628906,5451.438477,-971.825684,2004.781250,-1891.598877,0.000000,0.000000,0.000000,0.000000,0.000000,0.000000,0.000000,0.000000,0.000000
440,7.333333,43.307251,0.000255,-87.168213,5.013721,-0.012368,32.745811,-2.988780,-0.091205,33.127403,5548.664,2,0.000000,4,4,91.612663,1,0,0,0.005006,0.999987,-0.000031,-0.988334,0.004953,0.152220,-0.009899,0.194619,0.000000,0.000000,0.000000,1,0.004715,7052.446289,-841.103577,-1492.267944,0.007514,0.008649,95.134773,1,-0.003899,6918.389160,-829.043884,-1930.264160,0.007406,0.017243,94.248848,1,0.003285,5780.984863,2525.105713,10348.755859,-0.027513,-0.112758,92.907852,1,-0.004977,5764.755371,2529.230469,-1710.247803,-0.027558,0.018634,90.335533,-2600.590820,25548.115234,5344.904297,-659.341370,1789.434937,-1929.539062,0.000000,0.000000,0.000000,0.000000,0.000000,0.000000,0.000000,0.000000,0.000000
441,7.350000,43.390259,0.000063,-86.621338,4.980380,-0.011572,32.814335,-2.990152,-0.082380,33.190117,5559.794,2,0.000000,4,4,91.787453,1,0,0,0.002226,0.999997,-0.000293,-0.988552,0.002245,0.150862,-0.015984,0.166812,0.000000,0.000000,0.000000,1,0.001617,6936.930176,-757.373047,-945.950867,0.006766,0.008450,95.330734,1,-0.002287,6966.861816,-763.879700,-1821.904175,0.006824,0.016275,94.508461,1,0.002355,5770.251953,2252.262695,10000.041016,-0.024540,-0.108958,92.986275,1,-0.001390,5869.625000,2300.155762,-1243.501587,-0.025062,0.013549,90.604088,-2142.593994,25572.849609,6050.698242,-448.578979,874.382202,-1904.409912,0.000000,0.000000,0.000000,0.000000,0.000000,0.000000,0.000000,0.000000,0.000000
442,7.366667,43.472900,-0.000112,-86.073120,4.952911,-0.010469,32.891907,-2.991454,-0.078075,33.262703,5570.402,2,0.000000,4,4,91.955147,1,0,0,-0.000101,1.000000,-0.000640,-0.988750,-0.000004,0.149575,-0.020917,0.139656,0.000000,0.000000,0.000000,1,-0.001115,6837.519531,-701.058960,-1101.254761,0.006263,0.009837,95.447296,1,-0.001108,6998.526855,-720.476501,-1776.081787,0.006436,0.015866,94.752327,1,0.001805,5770.507324,2149.250977,9493.215820,-0.023418,-0.103436,93.064011,1,0.001811,5960.776367,2228.376465,-950.427917,-0.024280,0.010356,90.859497,-2124.849121,25593.496094,5715.652344,-127.349518,1145.945679,-1882.681152,0.000000,0.000000,0.000000,0.000000,0.000000,0.000000,0.000000,0.000000,0.000000
443,7.383333,43.555054,-0.000264,-85.523682,4.925669,-0.009102,32.965183,-2.992663,-0.072445,33.331100,5580.580,2,0.000000,4,4,92.133369,1,0,0,-0.001987,0.999997,-0.001043,-0.988928,-0.001810,0.148382,-0.024136,0.113246,0.000000,0.000000,0.000000,1,-0.003465,6755.123047,-649.043091,-1175.013062,0.005798,0.010496,95.586426,1,-0.000317,7015.812012,-676.616333,-1721.088013,0.006044,0.015374,94.989532,1,0.001575,5778.803711,1977.489136,9132.398438,-0.021546,-0.099504,93.158775,1,0.004595,6036.256836,2072.974365,-553.600952,-0.022587,0.006032,91.119247,-1900.683960,25608.556641,5694.472656,128.613174,1043.632812,-1803.096069,0.000000,0.000000,0.000000,0.000000,0.000000,0.000000,0.000000,0.000000,0.000000
444,7.400000,43.636719,-0.000389,-84.973022,4.901301,-0.007541,33.038189,-2.993788,-0.067329,33.399689,5591.395,2,0.000000,4,4,92.308823,1,0,0,-0.003457,0.999993,-0.001478,-0.989091,-0.003202,0.147273,-0.025905,0.088291,0.000000,0.000000,0.000000,1,-0.005434,6688.852539,-601.677979,-1230.596313,0.005375,0.010993,95.736275,1,0.000135,7020.760254,-633.722839,-1677.702393,0.005661,0.014987,95.218750,1,0.001608,5793.241699,1827.858765,8780.821289,-0.019916,-0.095674,93.256790,1,0.006949,6096.491699,1929.959473,-196.206238,-0.021028,0.002138,91.370491,-1708.049927,25617.867188,5654.867676,357.247711,963.032104,-1684.007690,0.000000,0.000000,0.000000,0.000000,0.000000,0.000000,0.000000,0.000000,0.000000
445,7.416667,43.718018,-0.000487,-84.421143,4.879403,-0.005858,33.110687,-2.994833,-0.062617,33.468159,5602.043,2,0.000000,4,4,92.483124,1,0,0,-0.004544,0.999988,-0.001921,-0.989240,-0.004214,0.146242,-0.026317,0.065302,0.000000,0.000000,0.000000,1,-0.007032,6637.753906,-558.210999,-1271.964844,0.004986,0.011362,95.894203,1,0.000297,7015.722168,-591.876099,-1641.861694,0.005287,0.014667,95.441658,1,0.001844,5811.728516,1694.788574,8446.816406,-0.018466,-0.092035,93.359299,1,0.008874,6141.958008,1796.472656,-167.610992,-0.019574,0.002022,91.615166,-1580.341797,25621.376953,5317.630371,580.962402,650.154419,-1554.073975,0.000000,0.000000,0.000000,0.000000,0.000000,0.000000,0.000000,0.000000,0.000000
446,7.433333,43.798950,-0.000556,-83.868164,4.859142,-0.004122,33.178864,-2.995826,-0.059451,33.532619,5612.621,2,0.000000,4,4,92.672768,1,0,0,-0.005282,0.999983,-0.002349,-0.989381,-0.004885,0.145264,-0.025388,0.044412,0.000000,0.000000,0.000000,1,-0.008270,6601.217773,-523.857117,-1287.710571,0.004680,0.011503,96.058144,1,0.000226,7003.083984,-557.417480,-1582.708374,0.004979,0.014138,95.659355,1,0.002226,5832.258789,1621.178955,8234.391602,-0.017664,-0.089720,93.480125,1,0.010374,6172.859863,1720.812256,-45.162544,-0.018750,0.001454,91.872383,-1512.977417,25619.259766,5257.024414,732.392395,572.778442,-1376.007080,0.000000,0.000000,0.000000,0.000000,0.000000,0.000000,0.000000,0.000000,0.000000
447,7.450000,43.879639,-0.000596,-83.314087,4.839745,-0.002404,33.246262,-2.996772,-0.056666,33.596466,5624.130,2,0.000000,4,4,92.866249,1,0,0,-0.005716,0.999980,-0.002745,-0.989515,-0.005260,0.144332,-0.023432,0.026198,0.000000,0.000000,0.000000,1,-0.009174,6577.452148,-494.792297,-1298.977539,0.004420,0.011604,96.224373,1,-0.000026,6985.129883,-527.020203,-1534.533203,0.004708,0.013708,95.868454,1,0.002698,5853.142090,1555.673096,8055.435059,-0.016950,-0.087770,93.607422,1,0.011473,6190.879395,1650.055176,125.038063,-0.017979,0.000409,92.130943,-1438.081665,25612.136719,5271.100586,818.590271,541.657166,-1204.625488,0.000000,0.000000,0.000000,0.000000,0.000000,0.000000,0.000000,0.000000,0.000000
448,7.466667,43.959961,-0.000608,-82.758789,4.821308,-0.000769,33.313839,-2.997673,-0.054034,33.660652,5635.872,2,0.000000,4,4,93.059250,1,0,0,-0.005888,0.999978,-0.003097,-0.989644,-0.005383,0.143442,-0.020796,0.010481,0.000000,0.000000,0.000000,1,-0.009775,6565.058594,-468.844666,-1311.718018,0.004188,0.011718,96.392242,1,-0.000412,6963.366699,-498.674683,-1501.556030,0.004455,0.013413,96.070557,1,0.003218,5873.592773,1491.772583,7877.980469,-0.016254,-0.085837,93.736954,1,0.012198,6197.329102,1578.156982,333.642883,-0.017195,-0.001092,92.386444,-1354.991943,25600.792969,5307.690918,866.083618,544.208313,-1054.983643,0.000000,0.000000,0.000000,0.000000,0.000000,0.000000,0.000000,0.000000,0.000000
449,7.483333,44.040039,-0.000596,-82.202515,4.803936,0.000732,33.381886,-2.998529,-0.051387,33.725487,5647.584,2,0.000000,4,4,93.249649,1,0,0,-0.005834,0.999977,-0.003397,-0.989767,-0.005290,0.142596,-0.017713,-0.003093,0.000000,0.000000,0.000000,1,-0.010098,6563.053711,-444.398407,-1326.158813,0.003970,0.011847,96.561958,1,-0.000897,6938.968262,-471.106628,-1481.963623,0.004208,0.013238,96.267868,1,0.003755,5893.110352,1424.370117,7689.948242,-0.015520,-0.083788,93.866890,1,0.012580,6193.205078,1500.711792,573.215332,-0.016351,-0.003005,92.636467,-1259.766113,25586.058594,5348.110840,877.480835,562.811279,-928.949707,0.000000,0.000000,0.000000,0.000000,0.000000,0.000000,0.000000,0.000000,0.000000
450,7.500000,44.119873,-0.000562,-81.645020,4.787786,0.002056,33.450451,-2.999338,-0.048646,33.791039,5659.140,2,0.000000,4,4,93.436378,1,0,0,-0.005583,0.999978,-0.003641,-0.989883,-0.005010,0.141795,-0.014400,-0.014900,0.000000,0.000000,0.000000,1,-0.010167,6570.537109,-420.329987,-1341.907837,0.003755,0.011987,96.733772,1,-0.001453,6912.754395,-443.313263,-1472.657349,0.003960,0.013155,96.462326,1,0.004290,5911.477539,1352.225098,7486.937012,-0.014734,-0.081576,93.996521,1,0.012648,6179.515137,1416.974976,836.962280,-0.015439,-0.005275,92.879570,-1153.632690,25568.726562,5384.770996,874.498291,587.978271,-780.952209,0.000000,0.000000,0.000000,0.000000,0.000000,0.000000,0.000000,0.000000,0.000000
451,7.516667,44.199341,-0.000509,-81.086304,4.772995,0.003171,33.519485,-3.000099,-0.045776,33.857269,5670.472,2,0.000000,4,4,93.618965,1,0,0,-0.005169,0.999979,-0.003827,-0.989993,-0.004578,0.141041,-0.010906,-0.024650,0.000000,0.000000,0.000000,1,-0.010012,6586.095703,-395.698547,-1358.073120,0.003535,0.012132,96.907875,1,-0.002050,6886.118164,-414.644043,-1470.816040,0.003704,0.013139,96.655434,1,0.004800,5927.924316,1275.773071,7267.830078,-0.013901,-0.079189,94.125694,1,0.012436,6157.813477,1328.132080,1118.494385,-0.014471,-0.007840,93.114960,-1040.281738,25549.648438,5414.384766,853.794250,619.817444,-615.777344,0.000000,0.000000,0.000000,0.000000,0.000000,0.000000,0.000000,0.000000,0.000000
452,7.533333,44.278687,-0.000442,-80.526489,4.759658,0.004056,33.588902,-3.000809,-0.042744,33.924118,5681.553,2,0.000000,4,4,93.797333,1,0,0,-0.004631,0.999982,-0.003952,-0.990096,-0.004030,0.140336,-0.007301,-0.032127,0.000000,0.000000,0.000000,1,-0.009666,6608.137207,-369.894867,-1373.729614,0.003304,0.012271,97.084328,1,-0.002657,6860.384766,-384.804260,-1474.024170,0.003437,0.013167,96.848274,1,0.005264,5941.707031,1194.134399,7033.864258,-0.013011,-0.076639,94.254623,1,0.011987,6129.923340,1234.578247,1411.932251,-0.013452,-0.010640,93.342262,-920.275513,25529.683594,5435.727539,814.960083,649.306335,-451.904053,0.000000,0.000000,0.000000,0.000000,0.000000,0.000000,0.000000,0.000000,0.000000
453,7.550000,44.357788,-0.000363,-79.965576,4.747860,0.004697,33.658592,-3.001466,-0.039561,33.991478,5692.378,2,0.000000,4,4,93.971657,1,0,0,-0.004005,0.999984,-0.004017,-0.990190,-0.003405,0.139683,-0.003685,-0.037370,0.000000,0.000000,0.000000,1,-0.009165,6635.195801,-342.817017,-1388.233521,0.003062,0.012401,97.263062,1,-0.003243,6836.720703,-353.938812,-1480.544678,0.003162,0.013226,97.041580,1,0.005664,5952.333496,1107.666382,6788.029297,-0.012069,-0.073961,94.383720,1,0.011344,6097.444336,1136.918335,1711.902832,-0.012388,-0.013614,93.561394,-794.488525,25509.687500,5448.922852,760.835938,674.323059,-295.685364,0.000000,0.000000,0.000000,0.000000,0.000000,0.000000,0.000000,0.000000,0.000000
454,7.566667,44.436768,-0.000278,-79.403320,4.737674,0.005096,33.728451,-3.002067,-0.036248,34.059254,5702.957,2,0.000000,4,4,94.142235,1,0,0,-0.003328,0.999986,-0.004021,-0.990277,-0.002736,0.139085,-0.000145,-0.040505,0.000000,0.000000,0.000000,1,-0.008543,6665.873047,-314.601532,-1401.235474,0.002810,0.012517,97.443901,1,-0.003784,6816.002441,-322.283478,-1488.833374,0.002879,0.013300,97.235832,1,0.005985,5959.518066,1017.068726,6533.923340,-0.011082,-0.071192,94.513443,1,0.010549,6061.897461,1036.413330,2013.458496,-0.011293,-0.016704,93.772484,-664.387085,25490.347656,5454.724609,696.718079,692.598206,-161.349487,0.000000,0.000000,0.000000,0.000000,0.000000,0.000000,0.000000,0.000000,0.000000
455,7.583333,44.515625,-0.000191,-78.840088,4.729156,0.005258,33.798382,-3.002611,-0.032840,34.127342,5713.309,2,0.000000,4,4,94.309433,1,0,0,-0.002628,0.999989,-0.003969,-0.990354,-0.002053,0.138543,0.003236,-0.041848,0.000000,0.000000,0.000000,1,-0.007831,6699.063477,-285.683258,-1412.605591,0.002552,0.012619,97.626633,1,-0.004260,6798.818359,-290.401398,-1497.900879,0.002594,0.013381,97.431290,1,0.006218,5963.161133,922.521179,6275.044922,-0.010052,-0.068371,94.644257,1,0.009643,6024.515625,933.516296,2312.145752,-0.010171,-0.019855,93.975792,-529.562561,25472.253906,5453.234863,606.436279,701.523865,-44.372665,0.000000,0.000000,0.000000,0.000000,0.000000,0.000000,0.000000,0.000000,0.000000
456,7.600000,44.594360,-0.000104,-78.275635,4.722367,0.005198,33.868294,-3.003098,-0.029384,34.195667,5723.456,2,0.000000,4,4,94.473679,1,0,0,-0.001932,0.999991,-0.003865,-0.990423,-0.001380,0.138058,0.006301,-0.041676,0.000000,0.000000,0.000000,1,-0.007058,6733.635742,-256.326385,-1422.525269,0.002290,0.012707,97.811012,1,-0.004658,6785.455566,-258.689697,-1506.981201,0.002311,0.013462,97.628067,1,0.006362,5963.601562,825.861145,6015.200684,-0.008998,-0.065540,94.776611,1,0.008663,5986.583496,830.210327,2603.933105,-0.009046,-0.023016,94.171715,-393.077667,25456.210938,5445.231445,501.534241,703.694153,58.238548,0.000000,0.000000,0.000000,0.000000,0.000000,0.000000,0.000000,0.000000,0.000000
457,7.616667,44.672974,-0.000022,-77.710083,4.717328,0.004940,33.938103,-3.003528,-0.025914,34.264149,5733.424,2,0.000000,4,4,94.635399,1,0,0,-0.001260,0.999992,-0.003717,-0.990483,-0.000736,0.137630,0.008956,-0.040206,0.000000,0.000000,0.000000,1,-0.006251,6768.479492,-226.849838,-1430.725342,0.002026,0.012781,97.996834,1,-0.004970,6775.962402,-227.401505,-1515.444702,0.002031,0.013537,97.826164,1,0.006418,5961.097168,727.753784,5758.098633,-0.007929,-0.062739,94.910889,1,0.007647,5949.259277,727.207642,2885.370605,-0.007923,-0.026142,94.360703,-255.560547,25442.417969,5431.952148,384.014648,696.897705,140.012100,0.000000,0.000000,0.000000,0.000000,0.000000,0.000000,0.000000,0.000000,0.000000
458,7.633333,44.751587,0.000053,-77.143311,4.714051,0.004510,34.007744,-3.003900,-0.022476,34.332706,5743.238,2,0.000000,4,4,94.794998,1,0,0,-0.000630,0.999994,-0.003532,-0.990535,-0.000139,0.137258,0.011109,-0.037744,0.000000,0.000000,0.000000,1,-0.005436,6802.732422,-197.616745,-1437.487305,0.001765,0.012841,98.183846,1,-0.005195,6770.207031,-196.898209,-1522.930664,0.001759,0.013604,98.025490,1,0.006394,5956.213379,629.892822,5507.235352,-0.006863,-0.060006,95.047417,1,0.006626,5913.557617,626.042053,3153.373047,-0.006821,-0.029192,94.543251,-119.421265,25431.498047,5414.203125,266.194153,684.218262,203.764984,0.000000,0.000000,0.000000,0.000000,0.000000,0.000000,0.000000,0.000000,0.000000
459,7.650000,44.830078,0.000119,-76.575439,4.712520,0.003943,34.077156,-3.004216,-0.019100,34.401287,5752.924,2,0.000000,4,4,94.952873,1,0,0,-0.000053,0.999994,-0.003320,-0.990579,0.000402,0.136943,0.012736,-0.034542,0.000000,0.000000,0.000000,1,-0.004635,6835.583984,-168.953354,-1442.804565,0.001509,0.012889,98.371841,1,-0.005334,6767.895020,-167.438782,-1529.191650,0.001496,0.013660,98.225906,1,0.006301,5949.396484,532.830261,5265.009277,-0.005806,-0.057366,95.186424,1,0.005629,5880.197754,527.134094,3405.316162,-0.005744,-0.032129,94.719894,14.956871,25423.318359,5392.043945,148.957932,662.814880,253.059387,0.000000,0.000000,0.000000,0.000000,0.000000,0.000000,0.000000,0.000000,0.000000
460,7.666667,44.908569,0.000174,-76.006226,4.712712,0.003271,34.146286,-3.004479,-0.015828,34.469818,5762.505,2,0.000000,4,4,95.109421,1,0,0,0.000461,0.999995,-0.003089,-0.990615,0.000879,0.136682,0.013822,-0.030800,0.000000,0.000000,0.000000,1,-0.003865,6866.399414,-141.181778,-1446.777588,0.001261,0.012924,98.560608,1,-0.005394,6768.678223,-139.289139,-1533.983765,0.001244,0.013703,98.427231,1,0.006149,5941.224609,438.438416,5034.208008,-0.004777,-0.054852,95.328117,1,0.004682,5849.870605,432.059357,2866.519775,-0.004708,-0.031233,94.891228,39.247650,25418.164062,4601.333984,125.733597,-9.194551,281.660736,0.000000,0.000000,0.000000,0.000000,0.000000,0.000000,0.000000,0.000000,0.000000
461,7.683333,44.987061,0.000216,-75.436157,4.713215,0.002535,34.205276,-3.004742,-0.015865,34.528347,5772.006,2,0.000000,4,4,95.305954,1,0,0,0.000907,0.999996,-0.002842,-0.990650,0.001287,0.136420,0.014821,-0.026709,0.000000,0.000000,0.000000,1,-0.003133,6895.351562,-129.778976,-1408.404907,0.001159,0.012581,98.749954,1,-0.005371,6773.015625,-127.589409,-1465.890015,0.001140,0.013095,98.629250,1,0.005940,5931.014160,474.068634,5123.224121,-0.005165,-0.055821,95.507332,1,0.003794,5822.102051,465.726135,3637.585449,-0.005074,-0.034351,95.104996,78.172638,25415.355469,5570.264160,-99.672356,669.652832,297.270966,0.000000,0.000000,0.000000,0.000000,0.000000,0.000000,0.000000,0.000000,0.000000
462,7.700000,45.065674,0.000245,-74.864868,4.714217,0.001755,34.276691,-3.004951,-0.012561,34.599262,5783.933,2,0.000000,4,4,95.455887,1,0,0,0.001286,0.999996,-0.002597,-0.990678,0.001627,0.136213,0.014683,-0.022662,0.000000,0.000000,0.000000,1,-0.002463,6920.908203,-109.249588,-1435.564331,0.000976,0.012824,98.933723,1,-0.005293,6778.517090,-107.072182,-1504.217285,0.000956,0.013437,98.821373,1,0.005708,5921.777832,355.873169,4833.529785,-0.003878,-0.052665,95.645409,1,0.002994,5798.859863,348.688019,2909.585693,-0.003799,-0.031702,95.266739,121.657379,25415.931641,4469.285156,-63.854824,-171.150101,309.099457,0.000000,0.000000,0.000000,0.000000,0.000000,0.000000,0.000000,0.000000,0.000000
463,7.716667,45.144287,0.000262,-74.292725,4.715777,0.000983,34.333988,-3.005173,-0.013397,34.656258,5793.032,2,0.000000,4,4,95.658974,1,0,0,0.001593,0.999996,-0.002351,-0.990708,0.001898,0.135993,0.014741,-0.018425,0.000000,0.000000,0.000000,1,-0.001852,6944.007324,-104.735970,-1394.799561,0.000936,0.012460,99.121437,1,-0.005153,6786.882812,-102.437637,-1433.657104,0.000915,0.012807,99.019066,1,0.005445,5911.061523,451.370178,4981.701660,-0.004264,-0.054279,95.833130,1,0.002279,5778.507812,444.179108,3716.289551,-0.004185,-0.034965,95.485138,67.204178,25418.298828,5551.653320,-276.727600,713.200745,301.065186,0.000000,0.000000,0.000000,0.000000,0.000000,0.000000,0.000000,0.000000,0.000000
464,7.733333,45.222900,0.000265,-73.719238,4.716639,0.000228,34.405163,-3.005337,-0.009880,34.726902,5805.357,2,0.000000,4,4,95.810394,1,0,0,0.001836,0.999996,-0.002122,-0.990730,0.002107,0.135830,0.013698,-0.014546,0.000000,0.000000,0.000000,1,-0.001318,6963.236328,-92.069710,-1422.743896,0.000822,0.012709,99.303230,1,-0.004983,6795.211914,-89.889664,-1482.040527,0.000803,0.013239,99.206505,1,0.005186,5902.299316,260.842896,4716.745117,-0.002842,-0.051393,95.974449,1,0.001671,5762.980469,254.806335,3016.980469,-0.002776,-0.032872,95.646614,276.180054,25423.476562,4471.077148,-217.483032,-348.371155,321.264435,0.000000,0.000000,0.000000,0.000000,0.000000,0.000000,0.000000,0.000000,0.000000
465,7.750000,45.301636,0.000258,-73.144897,4.720180,-0.000462,34.462482,-3.005530,-0.011590,34.784187,5814.547,2,0.000000,4,4,96.012123,1,0,0,0.002009,0.999996,-0.001906,-0.990756,0.002249,0.135639,0.012982,-0.010331,0.000000,0.000000,0.000000,1,-0.000861,6979.236328,-88.949799,-1390.761353,0.000795,0.012424,99.489082,1,-0.004771,6805.710938,-86.785660,-1416.184814,0.000775,0.012651,99.400978,1,0.004918,5892.483887,344.706848,4850.803711,-0.003181,-0.052853,96.162582,1,0.001167,5750.848633,338.668304,3855.580566,-0.003115,-0.036264,95.861893,247.990814,25429.763672,5554.148438,-402.450958,546.604675,303.789917,0.000000,0.000000,0.000000,0.000000,0.000000,0.000000,0.000000,0.000000,0.000000
466,7.766667,45.380371,0.000240,-72.569336,4.723359,-0.001087,34.533688,-3.005678,-0.008895,34.855171,5826.789,2,0.000000,4,4,96.161247,1,0,0,0.002119,0.999996,-0.001717,-0.990776,0.002332,0.135492,0.011295,-0.006574,0.000000,0.000000,0.000000,1,-0.000494,6990.927734,-72.465614,-1424.919922,0.000647,0.012729,99.670288,1,-0.004549,6815.439941,-70.675125,-1468.138794,0.000631,0.013115,99.585876,1,0.004671,5885.064453,264.093231,4570.253418,-0.002877,-0.049796,96.303795,1,0.000782,5743.618164,257.871582,3096.670898,-0.002810,-0.033741,96.018913,222.103821,25438.085938,4420.067383,-309.352386,-192.473740,284.111664,0.000000,0.000000,0.000000,0.000000,0.000000,0.000000,0.000000,0.000000,0.000000
467,7.783333,45.459106,0.000213,-71.992798,4.726207,-0.001606,34.590355,-3.005842,-0.009839,34.911713,5835.838,2,0.000000,4,4,96.364670,1,0,0,0.002169,0.999996,-0.001549,-0.990798,0.002358,0.135330,0.010060,-0.002987,0.000000,0.000000,0.000000,1,-0.000206,6999.734863,-72.823906,-1383.009766,0.000651,0.012354,99.856461,1,-0.004307,6826.265137,-71.062325,-1406.215820,0.000635,0.012562,99.778328,1,0.004434,5877.291016,337.096375,4745.956543,-0.003173,-0.051711,96.495430,1,0.000500,5739.121094,330.876740,3961.602539,-0.003105,-0.037239,96.234085,232.167114,25446.761719,5572.530273,-473.845337,648.004211,262.414581,0.000000,0.000000,0.000000,0.000000,0.000000,0.000000,0.000000,0.000000,0.000000
468,7.800000,45.537964,0.000179,-71.415161,4.729183,-0.002031,34.661797,-3.005953,-0.006646,34.982906,5848.184,2,0.000000,4,4,96.511864,1,0,0,0.002167,0.999997,-0.001416,-0.990813,0.002339,0.135221,0.007954,0.000106,0.000000,0.000000,0.000000,1,-0.000009,7004.270996,-61.648815,-1416.893433,0.000551,0.012657,100.036537,1,-0.004076,6835.494629,-60.183178,-1464.710815,0.000538,0.013084,99.961777,1,0.004234,5872.260742,174.137482,4469.553223,-0.001897,-0.048699,96.636398,1,0.000333,5739.185547,170.228622,3152.268555,-0.001855,-0.034346,96.387489,370.856018,25456.578125,4363.000977,-344.901489,-395.409027,253.299881,0.000000,0.000000,0.000000,0.000000,0.000000,0.000000,0.000000,0.000000,0.000000
469,7.816667,45.616943,0.000140,-70.836548,4.733938,-0.002331,34.717731,-3.006096,-0.008590,35.038975,5857.118,2,0.000000,4,4,96.715820,1,0,0,0.002114,0.999997,-0.001308,-0.990832,0.002271,0.135079,0.006497,0.003218,0.000000,0.000000,0.000000,1,0.000109,7005.950684,-62.732433,-1378.435425,0.000560,0.012314,100.221542,1,-0.003841,6845.486328,-61.321732,-1396.208862,0.000548,0.012472,100.153732,1,0.004051,5866.742676,238.347107,4650.765137,-0.002157,-0.050674,96.829811,1,0.000262,5741.645020,234.438263,4039.633301,-0.002114,-0.037935,96.601967,403.801483,25465.933594,5543.699219,-487.927490,440.945618,227.722549,0.000000,0.000000,0.000000,0.000000,0.000000,0.000000,0.000000,0.000000,0.000000
470,7.833333,45.695923,0.000098,-70.256592,4.739115,-0.002526,34.788803,-3.006204,-0.006417,35.110096,5869.495,2,0.000000,4,4,96.862053,1,0,0,0.002017,0.999997,-0.001236,-0.990847,0.002165,0.134974,0.004275,0.005805,0.000000,0.000000,0.000000,1,0.000138,7003.578125,-47.522636,-1416.901611,0.000425,0.012657,100.400955,1,-0.003627,6853.470703,-46.518867,-1451.940674,0.000416,0.012970,100.335732,1,0.003909,5863.996094,201.800797,4367.082031,-0.002199,-0.047583,96.971207,1,0.000297,5748.159180,197.874557,3231.874268,-0.002156,-0.035214,96.753021,285.687439,25475.761719,4361.651367,-340.735413,-180.268478,180.686386,0.000000,0.000000,0.000000,0.000000,0.000000,0.000000,0.000000,0.000000,0.000000
471,7.850000,45.774902,0.000055,-69.675903,4.742777,-0.002596,34.844723,-3.006325,-0.007303,35.166000,5878.370,2,0.000000,4,4,97.065346,1,0,0,0.001885,0.999998,-0.001190,-0.990864,0.002028,0.134853,0.002749,0.007911,0.000000,0.000000,0.000000,1,0.000101,6999.240723,-51.274891,-1371.171143,0.000458,0.012249,100.585960,1,-0.003427,6861.314453,-50.277058,-1390.913940,0.000449,0.012425,100.525826,1,0.003793,5861.202637,257.657043,4570.917480,-0.002425,-0.049804,97.165421,1,0.000409,5755.912598,253.728851,4135.760742,-0.002382,-0.038869,96.965370,345.522095,25484.373047,5577.956055,-461.672974,614.879761,153.510559,0.000000,0.000000,0.000000,0.000000,0.000000,0.000000,0.000000,0.000000,0.000000
472,7.866667,45.854004,0.000012,-69.093994,4.747207,-0.002570,34.916237,-3.006397,-0.004275,35.237457,5890.707,2,0.000000,4,4,97.208839,1,0,0,0.001727,0.999998,-0.001181,-0.990874,0.001870,0.134782,0.000569,0.009496,0.000000,0.000000,0.000000,1,-0.000010,6991.578613,-41.820023,-1408.102173,0.000374,0.012579,100.764320,1,-0.003263,6866.693848,-41.081688,-1453.527222,0.000367,0.012984,100.707054,1,0.003724,5861.229004,103.721481,4288.568359,-0.001130,-0.046727,97.305496,1,0.000603,5766.796875,102.070992,3253.731689,-0.001112,-0.035452,97.112282,458.919983,25492.892578,4285.416992,-286.222076,-447.752228,133.149490,0.000000,0.000000,0.000000,0.000000,0.000000,0.000000,0.000000,0.000000,0.000000
473,7.883333,45.933228,-0.000029,-68.511108,4.753091,-0.002431,34.971180,-3.006505,-0.006478,35.292690,5899.416,2,0.000000,4,4,97.413261,1,0,0,0.001544,0.999998,-0.001193,-0.990888,0.001690,0.134675,-0.000737,0.011003,0.000000,0.000000,0.000000,1,-0.000176,6982.304688,-45.521305,-1366.692505,0.000407,0.012209,100.948044,1,-0.003116,6872.095703,-44.819874,-1381.294922,0.000400,0.012339,100.897385,1,0.003675,5860.579102,153.049866,4498.468750,-0.001330,-0.049014,97.501633,1,0.000855,5778.384277,151.399384,4171.593750,-0.001312,-0.039164,97.324966,535.076660,25499.558594,5526.690918,-396.578217,349.209259,105.251099,0.000000,0.000000,0.000000,0.000000,0.000000,0.000000,0.000000,0.000000,0.000000
474,7.900000,46.012451,-0.000066,-67.927124,4.759951,-0.002219,35.042034,-3.006584,-0.004758,35.363819,5911.821,2,0.000000,4,4,97.556808,1,0,0,0.001344,0.999998,-0.001237,-0.990899,0.001498,0.134597,-0.002642,0.011992,0.000000,0.000000,0.000000,1,-0.000403,6970.307129,-30.543425,-1408.202759,0.000273,0.012579,101.125755,1,-0.003009,6874.960938,-30.132666,-1437.576782,0.000269,0.012842,101.077217,1,0.003669,5862.507324,160.200348,4212.076660,-0.001484,-0.045894,97.642639,1,0.001170,5792.372559,158.549850,3327.737061,-0.001466,-0.036258,97.471054,325.577698,25505.751953,4314.291016,-216.949173,-150.887100,47.235119,0.000000,0.000000,0.000000,0.000000,0.000000,0.000000,0.000000,0.000000,0.000000
475,7.916667,46.091919,-0.000098,-67.342163,4.764125,-0.001923,35.097347,-3.006676,-0.005501,35.419186,5920.533,2,0.000000,4,4,97.759476,1,0,0,0.001138,0.999999,-0.001298,-0.990912,0.001302,0.134506,-0.003699,0.012385,0.000000,0.000000,0.000000,1,-0.000664,6958.000000,-36.626152,-1359.758789,0.000327,0.012147,101.309494,1,-0.002928,6877.251465,-36.210873,-1377.046509,0.000323,0.012301,101.265228,1,0.003684,5864.171387,179.316025,4437.861816,-0.001658,-0.048354,97.838234,1,0.001513,5805.670410,177.665543,3664.492920,-0.001640,-0.039927,97.680786,389.513428,25509.919922,4982.075195,-247.192352,34.108173,25.543007,0.000000,0.000000,0.000000,0.000000,0.000000,0.000000,0.000000,0.000000,0.000000
476,7.933333,46.171387,-0.000124,-66.756104,4.769119,-0.001578,35.161221,-3.006765,-0.005333,35.483150,5932.833,2,0.000000,4,4,97.931221,1,0,0,0.000930,0.999999,-0.001380,-0.990924,0.001108,0.134418,-0.004937,0.012440,0.000000,0.000000,0.000000,1,-0.000956,6944.395996,-38.040871,-1369.352051,0.000340,0.012232,101.486191,1,-0.002883,6877.681641,-37.685257,-1385.910767,0.000337,0.012380,101.444443,1,0.003730,5867.255371,192.131119,4379.200195,-0.001820,-0.047715,98.003777,1,0.001882,5819.784668,190.478653,3677.501953,-0.001802,-0.040069,97.858719,357.741791,25513.029297,4920.289062,-185.140564,140.438705,-8.664297,0.000000,0.000000,0.000000,0.000000,0.000000,0.000000,0.000000,0.000000,0.000000
477,7.950000,46.250977,-0.000144,-66.169189,4.773705,-0.001193,35.224300,-3.006843,-0.004642,35.546268,5943.256,2,0.000000,4,4,98.104446,1,0,0,0.000729,0.999999,-0.001479,-0.990935,0.000921,0.134341,-0.005898,0.012095,0.000000,0.000000,0.000000,1,-0.001270,6930.442383,-39.555298,-1368.546875,0.000353,0.012225,101.664284,1,-0.002871,6876.752930,-39.255016,-1389.608032,0.000351,0.012413,101.624947,1,0.003801,5870.982910,126.833855,4352.207031,-0.001382,-0.047421,98.171379,1,0.002264,5833.598633,126.053612,3702.250488,-0.001373,-0.040339,98.037560,488.104858,25514.689453,4896.051270,-131.521759,-31.503466,-20.337360,0.000000,0.000000,0.000000,0.000000,0.000000,0.000000,0.000000,0.000000,0.000000
478,7.966667,46.330566,-0.000157,-65.581055,4.779963,-0.000785,35.287071,-3.006923,-0.004797,35.609303,5953.768,2,0.000000,4,4,98.276840,1,0,0,0.000535,0.999999,-0.001589,-0.990946,0.000743,0.134262,-0.006599,0.011649,0.000000,0.000000,0.000000,1,-0.001596,6916.198242,-37.397301,-1371.383057,0.000334,0.012251,101.842262,1,-0.002889,6874.812500,-37.184982,-1387.356445,0.000332,0.012393,101.805984,1,0.003889,5874.968750,160.322052,4314.033203,-0.001517,-0.047005,98.338554,1,0.002649,5847.076660,159.541809,3732.491455,-0.001509,-0.040668,98.215164,415.822418,25514.902344,4895.876953,-80.756264,134.238235,-45.333008,0.000000,0.000000,0.000000,0.000000,0.000000,0.000000,0.000000,0.000000,0.000000
479,7.983333,46.410400,-0.000163,-64.991821,4.785294,-0.000371,35.349838,-3.006993,-0.004137,35.672211,5964.230,2,0.000000,4,4,98.448700,1,0,0,0.000353,0.999998,-0.001706,-0.990955,0.000579,0.134193,-0.007070,0.010919,0.000000,0.000000,0.000000,1,-0.001927,6902.196777,-36.451729,-1368.608398,0.000326,0.012226,102.020653,1,-0.002934,6871.849609,-36.296024,-1388.547729,0.000324,0.012404,101.986694,1,0.003992,5879.278809,108.471115,4289.171875,-0.001182,-0.046734,98.505760,1,0.003027,5859.753906,108.140007,3748.133789,-0.001178,-0.040839,98.391670,514.787354,25513.869141,4873.394531,-22.314587,-10.558755,-54.179848,0.000000,0.000000,0.000000,0.000000,0.000000,0.000000,0.000000,0.000000,0.000000
480,8.000000,46.490234,-0.000163,-64.401611,4.791893,0.000033,35.412319,-3.007062,-0.004190,35.735004,5974.660,2,0.000000,4,4,98.620094,1,0,0,0.000184,0.999998,-0.001827,-0.990964,0.000428,0.134124,-0.007253,0.010135,0.000000,0.000000,0.000000,1,-0.002255,6888.611328,-33.475719,-1369.329712,0.000299,0.012232,102.198639,1,-0.002999,6868.321289,-33.383919,-1385.099243,0.000298,0.012373,102.167580,1,0.004102,5883.383789,136.968124,4256.365234,-0.001297,-0.046376,98.672821,1,0.003388,5871.469727,136.637009,3770.081299,-0.001294,-0.041078,98.567398,450.854614,25511.521484,4872.474609,26.296053,125.181870,-77.442162,0.000000,0.000000,0.000000,0.000000,0.000000,0.000000,0.000000,0.000000,0.000000
481,8.016666,46.570190,-0.000156,-63.810303,4.797674,0.000412,35.474789,-3.007122,-0.003575,35.797672,5985.062,2,0.000000,4,4,98.791115,1,0,0,0.000033,0.999998,-0.001947,-0.990973,0.000294,0.134065,-0.007214,0.009086,0.000000,0.000000,0.000000,1,-0.002570,6875.972656,-32.123749,-1365.972900,0.000287,0.012202,102.376732,1,-0.003081,6864.187012,-32.074245,-1384.852783,0.000287,0.012371,102.347961,1,0.004214,5887.444336,91.007805,4234.805664,-0.000992,-0.046141,98.839951,1,0.003724,5881.798828,90.935654,3780.276123,-0.000991,-0.041189,98.742302,537.545349,25508.169922,4851.544922,69.587463,-7.405866,-80.697296,0.000000,0.000000,0.000000,0.000000,0.000000,0.000000,0.000000,0.000000,0.000000
482,8.033334,46.650269,-0.000143,-63.218018,4.804565,0.000753,35.536987,-3.007183,-0.003613,35.860226,5995.440,2,0.000000,4,4,98.961784,1,0,0,-0.000101,0.999998,-0.002063,-0.990981,0.000176,0.134005,-0.006957,0.008043,0.000000,0.000000,0.000000,1,-0.002867,6864.300293,-29.214468,-1366.057739,0.000261,0.012203,102.554337,1,-0.003174,6859.854492,-29.197929,-1380.699707,0.000261,0.012334,102.528305,1,0.004324,5891.116211,115.185654,4206.448242,-0.001089,-0.045832,99.006981,1,0.004030,5890.833496,115.111534,3796.955322,-0.001089,-0.041371,98.916611,482.395142,25504.015625,4849.958984,109.275024,105.536880,-95.312920,0.000000,0.000000,0.000000,0.000000,0.000000,0.000000,0.000000,0.000000,0.000000
483,8.050000,46.730347,-0.000126,-62.624634,4.810750,0.001047,35.599167,-3.007235,-0.003095,35.922665,6005.798,2,0.000000,4,4,99.132111,1,0,0,-0.000215,0.999998,-0.002172,-0.990987,0.000078,0.133954,-0.006514,0.006846,0.000000,0.000000,0.000000,1,-0.003139,6853.964844,-27.764782,-1363.018921,0.000248,0.012176,102.731949,1,-0.003274,6855.331055,-27.774471,-1379.674683,0.000248,0.012325,102.708046,1,0.004428,5894.420898,78.189445,4186.908691,-0.000852,-0.045620,99.174026,1,0.004298,5898.270020,78.251724,3803.564453,-0.000853,-0.041443,99.090210,551.124023,25499.146484,4830.355469,144.253265,-0.825473,-95.160294,0.000000,0.000000,0.000000,0.000000,0.000000,0.000000,0.000000,0.000000,0.000000
484,8.066667,46.810669,-0.000104,-62.030273,4.817816,0.001285,35.661095,-3.007287,-0.003100,35.984970,6016.135,2,0.000000,4,4,99.302170,1,0,0,-0.000310,0.999997,-0.002270,-0.990994,-0.000003,0.133903,-0.005891,0.005691,0.000000,0.000000,0.000000,1,-0.003382,6845.026855,-25.170923,-1362.734863,0.000225,0.012173,102.909126,1,-0.003377,6851.002930,-25.193954,-1375.534790,0.000225,0.012288,102.887642,1,0.004522,5897.129395,98.751617,4162.347656,-0.000935,-0.045352,99.341019,1,0.004527,5904.144531,98.815857,3815.584473,-0.000936,-0.041574,99.263336,503.717682,25493.878906,4827.208984,169.403290,93.578629,-100.996254,0.000000,0.000000,0.000000,0.000000,0.000000,0.000000,0.000000,0.000000,0.000000
485,8.083333,46.891113,-0.000080,-61.434937,4.824274,0.001460,35.722980,-3.007331,-0.002641,36.047161,6026.456,2,0.000000,4,4,99.471931,1,0,0,-0.000384,0.999997,-0.002356,-0.991000,-0.000066,0.133859,-0.005146,0.004488,0.000000,0.000000,0.000000,1,-0.003591,6837.660645,-23.910408,-1359.901489,0.000214,0.012148,103.086258,1,-0.003477,6846.889160,-23.940302,-1374.130737,0.000214,0.012275,103.066635,1,0.004603,5899.295898,65.525841,4145.498047,-0.000714,-0.045168,99.508003,1,0.004712,5908.385742,65.626595,3819.454102,-0.000715,-0.041616,99.435875,565.484070,25488.371094,4808.680176,193.932800,-3.841508,-95.400978,0.000000,0.000000,0.000000,0.000000,0.000000,0.000000,0.000000,0.000000,0.000000
486,8.100000,46.971680,-0.000054,-60.838501,4.831523,0.001571,35.784630,-3.007375,-0.002662,36.109215,6036.758,2,0.000000,4,4,99.641418,1,0,0,-0.000441,0.999997,-0.002427,-0.991006,-0.000112,0.133815,-0.004269,0.003390,0.000000,0.000000,0.000000,1,-0.003765,6831.864258,-21.598759,-1359.678833,0.000193,0.012146,103.262978,1,-0.003570,6843.307129,-21.637711,-1370.174561,0.000193,0.012240,103.245422,1,0.004667,5900.695801,83.107048,4123.524902,-0.000785,-0.044929,99.674881,1,0.004854,5911.114746,83.205841,3828.101807,-0.000786,-0.041710,99.607971,524.444336,25482.863281,4803.632812,204.903778,75.690895,-95.940529,0.000000,0.000000,0.000000,0.000000,0.000000,0.000000,0.000000,0.000000,0.000000
487,8.116667,47.052368,-0.000027,-60.241089,4.838247,0.001617,35.846214,-3.007413,-0.002291,36.171146,6047.044,2,0.000000,4,4,99.810654,1,0,0,-0.000479,0.999997,-0.002483,-0.991011,-0.000143,0.133777,-0.003335,0.002300,0.000000,0.000000,0.000000,1,-0.003901,6827.704102,-20.380396,-1357.206665,0.000182,0.012124,103.439667,1,-0.003653,6840.224121,-20.420013,-1368.520630,0.000182,0.012225,103.423637,1,0.004714,5901.463379,57.437992,4108.213867,-0.000626,-0.044762,99.841759,1,0.004952,5912.306641,57.549606,3830.195312,-0.000627,-0.041733,99.779564,571.317078,25477.458984,4786.772461,212.445038,1.763534,-91.048103,0.000000,0.000000,0.000000,0.000000,0.000000,0.000000,0.000000,0.000000,0.000000
488,8.133333,47.133179,-0.000000,-59.642578,4.845572,0.001599,35.907581,-3.007452,-0.002284,36.232933,6057.314,2,0.000000,4,4,99.979622,1,0,0,-0.000500,0.999997,-0.002522,-0.991017,-0.000159,0.133740,-0.002357,0.001286,0.000000,0.000000,0.000000,1,-0.003999,6825.206543,-18.412634,-1356.711426,0.000164,0.012119,103.615997,1,-0.003724,6837.844727,-18.448753,-1364.983887,0.000165,0.012193,103.601608,1,0.004743,5901.554688,62.784599,4089.361572,-0.000684,-0.044557,100.008499,1,0.005008,5912.094238,62.903347,3835.769043,-0.000685,-0.041794,99.950752,555.206299,25472.558594,4778.258789,210.439529,37.678288,-88.330185,0.000000,0.000000,0.000000,0.000000,0.000000,0.000000,0.000000,0.000000,0.000000
489,8.150000,47.214111,0.000025,-59.043091,4.852690,0.001522,35.968842,-3.007487,-0.002100,36.294598,6067.569,2,0.000000,4,4,100.148323,1,0,0,-0.000505,0.999997,-0.002545,-0.991021,-0.000161,0.133705,-0.001385,0.000308,0.000000,0.000000,0.000000,1,-0.004059,6824.294922,-16.739119,-1355.127930,0.000150,0.012105,103.792252,1,-0.003780,6836.089355,-16.772429,-1362.707275,0.000150,0.012173,103.779068,1,0.004756,5901.113770,58.111767,4073.887207,-0.000633,-0.044388,100.175171,1,0.005023,5910.564453,58.210457,3837.743164,-0.000634,-0.041815,100.121483,559.531128,25468.142578,4766.590820,205.734772,32.020386,-79.916473,0.000000,0.000000,0.000000,0.000000,0.000000,0.000000,0.000000,0.000000,0.000000
490,8.166667,47.295166,0.000048,-58.442627,4.859864,0.001391,36.029953,-3.007519,-0.001943,36.356117,6077.807,2,0.000000,4,4,100.316772,1,0,0,-0.000496,0.999997,-0.002552,-0.991026,-0.000150,0.133673,-0.000427,-0.000559,0.000000,0.000000,0.000000,1,-0.004081,6824.892578,-15.311218,-1353.687012,0.000137,0.012092,103.968277,1,-0.003820,6835.071289,-15.335480,-1360.279175,0.000137,0.012151,103.956200,1,0.004750,5900.058105,54.165089,4059.305908,-0.000590,-0.044229,100.341728,1,0.005001,5907.905762,54.241966,3839.334961,-0.000591,-0.041832,100.291824,562.982178,25464.361328,4755.566406,195.630447,29.579851,-71.872002,0.000000,0.000000,0.000000,0.000000,0.000000,0.000000,0.000000,0.000000,0.000000
491,8.183333,47.376343,0.000069,-57.841064,4.867082,0.001215,36.090923,-3.007549,-0.001799,36.417503,6088.029,2,0.000000,4,4,100.484940,1,0,0,-0.000474,0.999997,-0.002544,-0.991030,-0.000130,0.133643,0.000490,-0.001325,0.000000,0.000000,0.000000,1,-0.004068,6826.885742,-14.040829,-1352.303467,0.000125,0.012080,104.144096,1,-0.003843,6834.800781,-14.058312,-1357.991821,0.000126,0.012131,104.132973,1,0.004729,5898.520020,50.382908,4045.250732,-0.000549,-0.044076,100.508133,1,0.004945,5904.248047,50.444103,3839.987305,-0.000550,-0.041840,100.461754,566.346191,25461.373047,4743.938965,180.073166,25.996174,-60.335022,0.000000,0.000000,0.000000,0.000000,0.000000,0.000000,0.000000,0.000000,0.000000
492,8.200000,47.457642,0.000085,-57.238525,4.874342,0.001003,36.151745,-3.007576,-0.001672,36.478756,6098.236,2,0.000000,4,4,100.652847,1,0,0,-0.000441,0.999997,-0.002522,-0.991033,-0.000100,0.133616,0.001341,-0.001949,0.000000,0.000000,0.000000,1,-0.004023,6830.066406,-12.888645,-1350.874512,0.000115,0.012067,104.319710,1,-0.003848,6835.270508,-12.902173,-1355.636230,0.000115,0.012110,104.309418,1,0.004693,5896.480957,47.162075,4032.049805,-0.000514,-0.043932,100.674400,1,0.004860,5899.818848,47.200485,3840.368652,-0.000514,-0.041844,100.631302,568.945801,25459.093750,4733.117188,160.766953,23.841227,-47.567341,0.000000,0.000000,0.000000,0.000000,0.000000,0.000000,0.000000,0.000000,0.000000
493,8.216666,47.539062,0.000098,-56.635010,4.881637,0.000761,36.212425,-3.007602,-0.001555,36.539867,6108.426,2,0.000000,4,4,100.820465,1,0,0,-0.000401,0.999997,-0.002487,-0.991037,-0.000065,0.133590,0.002108,-0.002419,0.000000,0.000000,0.000000,1,-0.003950,6834.282227,-11.821279,-1349.431152,0.000106,0.012054,104.495117,1,-0.003837,6836.488770,-11.828646,-1353.379639,0.000106,0.012090,104.485519,1,0.004643,5894.058594,44.242229,4019.154053,-0.000482,-0.043792,100.840477,1,0.004752,5894.837891,44.251217,3840.099609,-0.000482,-0.041841,100.800461,571.073914,25457.769531,4721.927734,140.993362,22.837931,-39.372082,0.000000,0.000000,0.000000,0.000000,0.000000,0.000000,0.000000,0.000000,0.000000
494,8.233334,47.620483,0.000106,-56.030518,4.888958,0.000503,36.272964,-3.007626,-0.001443,36.600842,6118.598,2,0.000000,4,4,100.987801,1,0,0,-0.000354,0.999997,-0.002440,-0.991040,-0.000025,0.133566,0.002784,-0.002797,0.000000,0.000000,0.000000,1,-0.003852,6839.393066,-10.856460,-1347.925293,0.000097,0.012041,104.670319,1,-0.003808,6838.363770,-10.858242,-1351.202515,0.000097,0.012070,104.661293,1,0.004582,5891.338379,41.291885,4007.076660,-0.000450,-0.043660,101.006378,1,0.004623,5889.399414,41.272945,3839.416016,-0.000450,-0.041833,100.969231,573.526367,25457.273438,4711.085938,114.368988,20.294598,-27.773012,0.000000,0.000000,0.000000,0.000000,0.000000,0.000000,0.000000,0.000000,0.000000
495,8.250000,47.702026,0.000110,-55.424927,4.896311,0.000238,36.333363,-3.007649,-0.001343,36.661686,6128.753,2,0.000000,4,4,101.154839,1,0,0,-0.000303,0.999997,-0.002385,-0.991043,0.000018,0.133544,0.003338,-0.003046,0.000000,0.000000,0.000000,1,-0.003733,6845.172363,-9.963816,-1346.352661,0.000089,0.012027,104.845299,1,-0.003764,6840.821777,-9.955449,-1349.028442,0.000089,0.012051,104.836746,1,0.004511,5888.420898,38.771305,3995.426514,-0.000422,-0.043533,101.172073,1,0.004481,5883.760254,38.751030,3838.428223,-0.000422,-0.041823,101.137611,575.272400,25457.660156,4700.527832,86.188347,18.622866,-17.440849,0.000000,0.000000,0.000000,0.000000,0.000000,0.000000,0.000000,0.000000,0.000000
496,8.266666,47.783691,0.000110,-54.818359,4.903686,-0.000025,36.393627,-3.007669,-0.001252,36.722401,6138.890,2,0.000000,4,4,101.321533,1,0,0,-0.000250,0.999997,-0.002322,-0.991046,0.000062,0.133523,0.003760,-0.003185,0.000000,0.000000,0.000000,1,-0.003599,6851.408691,-9.139951,-1344.753906,0.000082,0.012013,105.020050,1,-0.003707,6843.751465,-9.132942,-1346.896118,0.000082,0.012032,105.011887,1,0.004434,5885.399414,36.461639,3983.754395,-0.000397,-0.043406,101.337502,1,0.004330,5878.066895,36.418278,3836.833740,-0.000397,-0.041805,101.305565,576.691528,25458.791016,4689.365234,61.224442,17.299765,-6.829633,0.000000,0.000000,0.000000,0.000000,0.000000,0.000000,0.000000,0.000000,0.000000
497,8.283334,47.865601,0.000105,-54.210815,4.911079,-0.000275,36.453747,-3.007689,-0.001166,36.782978,6149.006,2,0.000000,4,4,101.487869,1,0,0,-0.000197,0.999997,-0.002254,-0.991048,0.000106,0.133504,0.004066,-0.003206,0.000000,0.000000,0.000000,1,-0.003455,6857.878906,-8.384270,-1343.023438,0.000075,0.011997,105.194572,1,-0.003639,6847.058594,-8.371505,-1344.725830,0.000075,0.012012,105.186714,1,0.004351,5882.315430,34.297787,3972.544189,-0.000374,-0.043284,101.502655,1,0.004175,5872.477051,34.242237,3834.911621,-0.000373,-0.041784,101.473083,577.986877,25460.503906,4678.527344,29.231512,16.951748,-1.790452,0.000000,0.000000,0.000000,0.000000,0.000000,0.000000,0.000000,0.000000,0.000000
498,8.300000,47.947632,0.000097,-53.602295,4.918489,-0.000507,36.513729,-3.007707,-0.001083,36.843418,6159.102,2,0.000000,4,4,101.653778,1,0,0,-0.000143,0.999998,-0.002184,-0.991051,0.000149,0.133486,0.004215,-0.003195,0.000000,0.000000,0.000000,1,-0.003303,6864.500488,-7.715111,-1341.104248,0.000069,0.011980,105.368843,1,-0.003563,6850.560059,-7.697177,-1342.562866,0.000069,0.011993,105.361229,1,0.004269,5879.439941,31.960287,3961.353027,-0.000348,-0.043162,101.667458,1,0.004020,5867.128418,31.886929,3832.187500,-0.000347,-0.041755,101.640099,579.731018,25463.031250,4667.021484,3.607285,13.870730,10.770027,0.000000,0.000000,0.000000,0.000000,0.000000,0.000000,0.000000,0.000000,0.000000
499,8.316667,48.029785,0.000085,-52.992798,4.925922,-0.000709,36.573563,-3.007724,-0.001014,36.903713,6169.170,2,0.000000,4,4,101.819252,1,0,0,-0.000093,0.999998,-0.002113,-0.991053,0.000190,0.133469,0.004248,-0.003040,0.000000,0.000000,0.000000,1,-0.003150,6870.943359,-7.070654,-1339.117188,0.000063,0.011962,105.542831,1,-0.003480,6854.232422,-7.056452,-1340.259399,0.000063,0.011973,105.535431,1,0.004187,5876.649414,30.335770,3949.983887,-0.000331,-0.043038,101.831902,1,0.003870,5862.210449,30.254648,3829.077881,-0.000330,-0.041721,101.806602,580.068237,25465.953125,4655.349609,-19.856787,13.543996,18.422913,0.000000,0.000000,0.000000,0.000000,0.000000,0.000000,0.000000,0.000000,0.000000
500,8.333333,48.112061,0.000070,-52.382202,4.933359,-0.000879,36.633247,-3.007739,-0.000947,36.963860,6179.212,2,0.000000,4,4,101.984268,1,0,0,-0.000046,0.999998,-0.002044,-0.991055,0.000227,0.133454,0.004169,-0.002807,0.000000,0.000000,0.000000,1,-0.003000,6877.102539,-6.485391,-1336.877808,0.000058,0.011942,105.716530,1,-0.003395,6857.947266,-6.467615,-1337.873169,0.000058,0.011951,105.709297,1,0.004108,5874.048828,28.607407,3938.567871,-0.000312,-0.042914,101.995941,1,0.003729,5857.785645,28.537371,3825.572510,-0.000311,-0.041683,101.972595,580.694275,25469.230469,4643.530762,-43.351120,13.303303,21.794317,0.000000,0.000000,0.000000,0.000000,0.000000,0.000000,0.000000,0.000000,0.000000
501,8.350000,48.194458,0.000054,-51.770630,4.940804,-0.001010,36.692780,-3.007754,-0.000882,37.023857,6189.227,2,0.000000,4,4,102.148796,1,0,0,-0.000003,0.999998,-0.001977,-0.991057,0.000261,0.133439,0.003974,-0.002554,0.000000,0.000000,0.000000,1,-0.002856,6882.844727,-5.959145,-1334.464111,0.000053,0.011921,105.889908,1,-0.003309,6861.544922,-5.938298,-1335.393433,0.000053,0.011929,105.882820,1,0.004035,5871.775879,26.776279,3927.083984,-0.000292,-0.042789,102.159561,1,0.003600,5853.898438,26.703751,3821.422119,-0.000291,-0.041637,102.138031,581.601196,25472.736328,4631.226562,-62.979736,12.176435,26.697336,0.000000,0.000000,0.000000,0.000000,0.000000,0.000000,0.000000,0.000000,0.000000
502,8.366667,48.276978,0.000035,-51.158081,4.948260,-0.001100,36.752155,-3.007767,-0.000821,37.083702,6199.212,2,0.000000,4,4,102.312820,1,0,0,0.000034,0.999998,-0.001916,-0.991059,0.000290,0.133426,0.003684,-0.002257,0.000000,0.000000,0.000000,1,-0.002722,6888.062988,-5.481151,-1331.856689,0.000049,0.011897,106.062935,1,-0.003225,6864.934082,-5.462957,-1332.741699,0.000049,0.011905,106.055977,1,0.003968,5869.828125,25.112621,3915.698975,-0.000274,-0.042665,102.322739,1,0.003485,5850.636230,25.031439,3816.916748,-0.000273,-0.041588,102.302902,582.303467,25476.363281,4619.062012,-80.171722,10.923044,31.179075,0.000000,0.000000,0.000000,0.000000,0.000000,0.000000,0.000000,0.000000,0.000000
503,8.383333,48.359619,0.000016,-50.544556,4.955725,-0.001148,36.811375,-3.007780,-0.000767,37.143387,6209.166,2,0.000000,4,4,102.476311,1,0,0,0.000066,0.999998,-0.001861,-0.991060,0.000314,0.133413,0.003311,-0.001919,0.000000,0.000000,0.000000,1,-0.002600,6892.611816,-5.040668,-1329.110107,0.000045,0.011873,106.235580,1,-0.003146,6868.061035,-5.022894,-1329.969604,0.000045,0.011881,106.228752,1,0.003910,5868.231445,23.631136,3903.868164,-0.000257,-0.042536,102.485435,1,0.003386,5848.033203,23.550613,3811.802979,-0.000257,-0.041532,102.467186,582.606262,25479.960938,4606.150879,-92.343788,10.646829,33.613266,0.000000,0.000000,0.000000,0.000000,0.000000,0.000000,0.000000,0.000000,0.000000
504,8.400000,48.442383,-0.000003,-49.930054,4.963194,-0.001154,36.870426,-3.007792,-0.000714,37.202911,6219.088,2,0.000000,4,4,102.639267,1,0,0,0.000092,0.999998,-0.001813,-0.991062,0.000333,0.133401,0.002879,-0.001561,0.000000,0.000000,0.000000,1,-0.002494,6896.433105,-4.629721,-1326.112549,0.000041,0.011846,106.407829,1,-0.003074,6870.823730,-4.612683,-1327.058716,0.000041,0.011855,106.401123,1,0.003861,5866.987793,22.132822,3892.213379,-0.000241,-0.042409,102.647652,1,0.003305,5846.096680,22.054718,3806.425537,-0.000240,-0.041474,102.630890,583.044434,25483.367188,4593.528320,-100.496979,9.921459,32.556984,0.000000,0.000000,0.000000,0.000000,0.000000,0.000000,0.000000,0.000000,0.000000
505,8.416667,48.525269,-0.000022,-49.314575,4.970669,-0.001119,36.929317,-3.007803,-0.000665,37.262283,6228.978,2,0.000000,4,4,102.801651,1,0,0,0.000113,0.999999,-0.001773,-0.991064,0.000348,0.133390,0.002403,-0.001227,0.000000,0.000000,0.000000,1,-0.002404,6899.513672,-4.282760,-1323.026733,0.000038,0.011819,106.579643,1,-0.003010,6873.135742,-4.263881,-1324.012939,0.000038,0.011827,106.573074,1,0.003822,5866.129395,20.657085,3880.247803,-0.000225,-0.042278,102.809349,1,0.003241,5844.762207,20.582455,3800.412598,-0.000224,-0.041408,102.793953,583.468872,25486.449219,4580.177734,-106.583649,9.183461,33.168415,0.000000,0.000000,0.000000,0.000000,0.000000,0.000000,0.000000,0.000000,0.000000
506,8.433333,48.608276,-0.000039,-48.698120,4.978149,-0.001048,36.988037,-3.007813,-0.000620,37.321476,6238.832,2,0.000000,4,4,102.963463,1,0,0,0.000128,0.999998,-0.001741,-0.991065,0.000359,0.133380,0.001896,-0.000892,0.000000,0.000000,0.000000,1,-0.002332,6901.827637,-3.952048,-1319.726074,0.000035,0.011789,106.751007,1,-0.002956,6874.995605,-3.936796,-1320.792725,0.000035,0.011799,106.744583,1,0.003793,5865.659668,19.298134,3868.200195,-0.000210,-0.042147,102.970520,1,0.003194,5844.040527,19.235395,3793.996094,-0.000210,-0.041338,102.956406,583.682190,25489.250000,4566.761719,-109.333504,8.584774,32.894943,0.000000,0.000000,0.000000,0.000000,0.000000,0.000000,0.000000,0.000000,0.000000
507,8.450000,48.691406,-0.000055,-48.080688,4.985632,-0.000943,37.046585,-3.007823,-0.000577,37.380497,6248.652,2,0.000000,4,4,103.124680,1,0,0,0.000137,0.999998,-0.001718,-0.991066,0.000365,0.133370,0.001376,-0.000565,0.000000,0.000000,0.000000,1,-0.002278,6903.339844,-3.653456,-1316.307861,0.000033,0.011759,106.921890,1,-0.002913,6876.343262,-3.641898,-1317.469116,0.000033,0.011769,106.915619,1,0.003774,5865.520508,18.015587,3855.973877,-0.000196,-0.042014,103.131149,1,0.003165,5843.909668,17.949669,3786.996582,-0.000196,-0.041262,103.118210,583.754395,25491.554688,4552.820312,-109.510422,8.003261,31.720041,0.000000,0.000000,0.000000,0.000000,0.000000,0.000000,0.000000,0.000000,0.000000
508,8.466666,48.774658,-0.000068,-47.462280,4.993116,-0.000811,37.104954,-3.007832,-0.000537,37.439342,6258.436,2,0.000000,4,4,103.285301,1,0,0,0.000141,0.999998,-0.001704,-0.991067,0.000367,0.133361,0.000852,-0.000254,0.000000,0.000000,0.000000,1,-0.002242,6904.076660,-3.373779,-1312.737427,0.000030,0.011727,107.092278,1,-0.002881,6877.206055,-3.363359,-1313.987183,0.000030,0.011738,107.086174,1,0.003765,5865.725098,16.808895,3843.467041,-0.000183,-0.041878,103.291214,1,0.003152,5844.312500,16.755766,3779.769531,-0.000183,-0.041183,103.279388,583.672546,25493.425781,4538.703125,-104.295471,7.152843,29.671669,0.000000,0.000000,0.000000,0.000000,0.000000,0.000000,0.000000,0.000000,0.000000
509,8.483334,48.858032,-0.000079,-46.842896,5.000599,-0.000656,37.163143,-3.007840,-0.000502,37.498013,6268.184,2,0.000000,4,4,103.445312,1,0,0,0.000141,0.999998,-0.001698,-0.991068,0.000366,0.133353,0.000353,0.000034,0.000000,0.000000,0.000000,1,-0.002224,6904.073242,-3.131473,-1309.104614,0.000028,0.011694,107.262146,1,-0.002861,6877.555664,-3.119518,-1310.403687,0.000028,0.011706,107.256226,1,0.003765,5866.190430,15.724368,3830.791016,-0.000171,-0.041739,103.450714,1,0.003155,5845.172363,15.668377,3771.987305,-0.000171,-0.041099,103.439911,583.363892,25494.675781,4524.051758,-98.943649,6.880939,26.287746,0.000000,0.000000,0.000000,0.000000,0.000000,0.000000,0.000000,0.000000,0.000000
510,8.500000,48.941528,-0.000087,-46.222534,5.008079,-0.000486,37.221146,-3.007848,-0.000468,37.556492,6277.895,2,0.000000,4,4,103.604698,1,0,0,0.000136,0.999998,-0.001700,-0.991069,0.000362,0.133345,-0.000123,0.000282,0.000000,0.000000,0.000000,1,-0.002224,6903.403320,-2.923839,-1305.281616,0.000026,0.011660,107.431488,1,-0.002852,6877.427734,-2.907661,-1306.665771,0.000026,0.011672,107.425751,1,0.003774,5866.931152,14.620280,3817.957520,-0.000159,-0.041600,103.609627,1,0.003171,5846.415039,14.577266,3763.827148,-0.000159,-0.041010,103.599770,583.122009,25495.417969,4509.201660,-90.390556,6.619031,23.385147,0.000000,0.000000,0.000000,0.000000,0.000000,0.000000,0.000000,0.000000,0.000000
511,8.516666,49.025146,-0.000093,-45.601196,5.015554,-0.000307,37.278957,-3.007855,-0.000435,37.614784,6287.567,2,0.000000,4,4,103.763451,1,0,0,0.000128,0.999998,-0.001710,-0.991070,0.000355,0.133338,-0.000559,0.000500,0.000000,0.000000,0.000000,1,-0.002239,6902.126465,-2.714039,-1301.382935,0.000024,0.011625,107.600273,1,-0.002855,6876.838379,-2.709380,-1302.858154,0.000024,0.011638,107.594734,1,0.003791,5867.888184,13.566849,3805.091797,-0.000148,-0.041459,103.767944,1,0.003199,5848.004395,13.513332,3755.098145,-0.000147,-0.040915,103.758957,582.756409,25495.640625,4493.911133,-80.463646,5.558190,20.791719,0.000000,0.000000,0.000000,0.000000,0.000000,0.000000,0.000000,0.000000,0.000000
512,8.533334,49.108887,-0.000095,-44.978882,5.023026,-0.000124,37.336571,-3.007862,-0.000408,37.672878,6297.202,2,0.000000,4,4,103.921562,1,0,0,0.000116,0.999998,-0.001725,-0.991071,0.000345,0.133331,-0.000947,0.000693,0.000000,0.000000,0.000000,1,-0.002268,6900.270996,-2.536206,-1297.394409,0.000023,0.011590,107.768486,1,-0.002869,6875.840332,-2.529885,-1298.890991,0.000023,0.011603,107.763168,1,0.003813,5868.992188,12.696468,3791.815430,-0.000138,-0.041315,103.925652,1,0.003237,5849.839355,12.647472,3746.069824,-0.000138,-0.040816,103.917473,582.004639,25495.220703,4478.209961,-68.772591,5.808688,17.045639,0.000000,0.000000,0.000000,0.000000,0.000000,0.000000,0.000000,0.000000,0.000000
513,8.550000,49.192749,-0.000094,-44.355591,5.030487,0.000054,37.393982,-3.007869,-0.000379,37.730778,6306.797,2,0.000000,4,4,104.079025,1,0,0,0.000102,0.999998,-0.001747,-0.991072,0.000334,0.133325,-0.001279,0.000848,0.000000,0.000000,0.000000,1,-0.002311,6897.999512,-2.358885,-1293.307373,0.000021,0.011553,107.936119,1,-0.002892,6874.504883,-2.353497,-1294.839355,0.000021,0.011567,107.931023,1,0.003841,5870.226562,11.750693,3778.563477,-0.000128,-0.041170,104.082748,1,0.003284,5851.870605,11.721931,3736.655518,-0.000128,-0.040714,104.075302,581.369019,25494.433594,4462.315430,-55.001408,5.498825,13.217624,0.000000,0.000000,0.000000,0.000000,0.000000,0.000000,0.000000,0.000000,0.000000
514,8.566667,49.276733,-0.000090,-43.731445,5.037941,0.000224,37.451191,-3.007874,-0.000352,37.788467,6316.354,2,0.000000,4,4,104.235825,1,0,0,0.000086,0.999998,-0.001772,-0.991073,0.000322,0.133319,-0.001546,0.000966,0.000000,0.000000,0.000000,1,-0.002363,6895.365723,-2.205607,-1289.172974,0.000020,0.011516,108.103165,1,-0.002923,6872.879883,-2.198450,-1290.712891,0.000020,0.011530,108.098289,1,0.003873,5871.515625,10.854343,3765.064941,-0.000118,-0.041023,104.239204,1,0.003337,5854.005371,10.814366,3726.629150,-0.000118,-0.040604,104.232445,580.616089,25493.158203,4445.696289,-40.386227,5.075064,9.298464,0.000000,0.000000,0.000000,0.000000,0.000000,0.000000,0.000000,0.000000,0.000000
515,8.583333,49.360840,-0.000084,-43.106323,5.045384,0.000379,37.508186,-3.007880,-0.000327,37.845943,6325.870,2,0.000000,4,4,104.391960,1,0,0,0.000069,0.999998,-0.001802,-0.991074,0.000308,0.133314,-0.001742,0.001048,0.000000,0.000000,0.000000,1,-0.002424,6892.496094,-2.063272,-1284.934570,0.000018,0.011478,108.269608,1,-0.002960,6871.059570,-2.059483,-1286.510132,0.000018,0.011492,108.264954,1,0.003907,5872.802246,10.014874,3751.448975,-0.000109,-0.040875,104.395035,1,0.003393,5856.139648,9.978839,3716.315430,-0.000109,-0.040492,104.388885,579.734619,25491.484375,4428.871094,-24.935373,4.077980,8.591678,0.000000,0.000000,0.000000,0.000000,0.000000,0.000000,0.000000,0.000000,0.000000
516,8.600000,49.445068,-0.000075,-42.480225,5.052817,0.000515,37.564968,-3.007885,-0.000306,37.903210,6335.345,2,0.000000,4,4,104.547424,1,0,0,0.000050,0.999998,-0.001833,-0.991075,0.000294,0.133309,-0.001860,0.001138,0.000000,0.000000,0.000000,1,-0.002491,6889.428223,-1.911039,-1280.680420,0.000017,0.011440,108.435432,1,-0.003002,6869.141113,-1.908031,-1282.209473,0.000017,0.011454,108.431007,1,0.003941,5874.013184,9.441909,3737.669678,-0.000103,-0.040725,104.550217,1,0.003452,5858.297852,9.416774,3705.617676,-0.000103,-0.040376,104.544632,578.239746,25489.511719,4411.693359,-10.308933,4.326848,3.614953,0.000000,0.000000,0.000000,0.000000,0.000000,0.000000,0.000000,0.000000,0.000000
517,8.616667,49.529419,-0.000065,-41.853149,5.060230,0.000628,37.621529,-3.007890,-0.000285,37.960247,6344.780,2,0.000000,4,4,104.702202,1,0,0,0.000030,0.999998,-0.001864,-0.991075,0.000278,0.133304,-0.001909,0.001176,0.000000,0.000000,0.000000,1,-0.002562,6886.336426,-1.795730,-1276.343384,0.000016,0.011402,108.600639,1,-0.003046,6867.193359,-1.790761,-1277.884644,0.000016,0.011415,108.596436,1,0.003975,5875.131348,8.707248,3723.606445,-0.000095,-0.040572,104.704735,1,0.003511,5860.332520,8.677676,3694.333496,-0.000095,-0.040253,104.699669,577.051758,25487.345703,4393.706543,3.745547,4.036904,-0.124948,0.000000,0.000000,0.000000,0.000000,0.000000,0.000000,0.000000,0.000000,0.000000
518,8.633333,49.613892,-0.000053,-41.225220,5.067628,0.000716,37.677856,-3.007894,-0.000265,38.017059,6354.173,2,0.000000,4,4,104.856300,1,0,0,0.000010,0.999998,-0.001896,-0.991076,0.000263,0.133300,-0.001891,0.001179,0.000000,0.000000,0.000000,1,-0.002633,6883.298340,-1.686069,-1271.957642,0.000015,0.011362,108.765213,1,-0.003091,6865.270020,-1.681674,-1273.485840,0.000015,0.011376,108.761238,1,0.004006,5876.118652,8.036425,3709.458496,-0.000088,-0.040417,104.858597,1,0.003567,5862.209473,8.009758,3682.886475,-0.000087,-0.040128,104.854004,575.729004,25485.027344,4375.616699,15.000694,3.668522,-4.381216,0.000000,0.000000,0.000000,0.000000,0.000000,0.000000,0.000000,0.000000,0.000000
519,8.650000,49.698486,-0.000040,-40.596313,5.075009,0.000777,37.733955,-3.007899,-0.000247,38.073635,6363.525,2,0.000000,4,4,105.009705,1,0,0,-0.000008,0.999998,-0.001926,-0.991076,0.000248,0.133296,-0.001819,0.001136,0.000000,0.000000,0.000000,1,-0.002704,6880.393066,-1.600135,-1267.538574,0.000014,0.011323,108.929153,1,-0.003136,6863.405762,-1.598781,-1268.999756,0.000014,0.011336,108.925400,1,0.004035,5876.975098,7.382742,3695.281250,-0.000080,-0.040263,105.011795,1,0.003621,5863.870117,7.374088,3671.019531,-0.000080,-0.039999,105.007614,574.364746,25482.609375,4357.203613,26.808208,3.361922,-7.299138,0.000000,0.000000,0.000000,0.000000,0.000000,0.000000,0.000000,0.000000,0.000000
520,8.666667,49.783203,-0.000026,-39.966431,5.082373,0.000810,37.789818,-3.007902,-0.000231,38.129978,6372.835,2,0.000000,4,4,105.162407,1,0,0,-0.000026,0.999998,-0.001954,-0.991077,0.000234,0.133292,-0.001691,0.001066,0.000000,0.000000,0.000000,1,-0.002771,6877.720703,-1.514586,-1263.064575,0.000014,0.011283,109.092453,1,-0.003179,6861.674316,-1.508494,-1264.460449,0.000013,0.011295,109.088913,1,0.004060,5877.660156,6.823475,3680.885010,-0.000074,-0.040106,105.164299,1,0.003669,5865.288086,6.801461,3658.828613,-0.000074,-0.039866,105.160515,572.781433,25480.224609,4338.384766,37.972912,3.233721,-9.759589,0.000000,0.000000,0.000000,0.000000,0.000000,0.000000,0.000000,0.000000,0.000000
521,8.683333,49.868042,-0.000013,-39.335693,5.089716,0.000815,37.845440,-3.007906,-0.000215,38.186081,6382.102,2,0.000000,4,4,105.314392,1,0,0,-0.000043,0.999998,-0.001979,-0.991077,0.000222,0.133288,-0.001508,0.000976,0.000000,0.000000,0.000000,1,-0.002833,6875.350586,-1.424274,-1258.588379,0.000013,0.011243,109.255096,1,-0.003219,6860.153809,-1.426280,-1259.902344,0.000013,0.011255,109.251762,1,0.004081,5878.152832,6.281005,3666.369629,-0.000068,-0.039948,105.316109,1,0.003711,5866.420410,6.268528,3646.068359,-0.000068,-0.039727,105.312675,571.058105,25477.957031,4318.915039,46.571289,2.818300,-11.745785,0.000000,0.000000,0.000000,0.000000,0.000000,0.000000,0.000000,0.000000,0.000000
522,8.700000,49.953003,0.000001,-38.703979,5.097038,0.000793,37.900810,-3.007909,-0.000201,38.241932,6391.326,2,0.000000,4,4,105.465675,1,0,0,-0.000057,0.999998,-0.002001,-0.991078,0.000210,0.133285,-0.001284,0.000868,0.000000,0.000000,0.000000,1,-0.002888,6873.341309,-1.347221,-1254.021118,0.000012,0.011202,109.417091,1,-0.003254,6858.898438,-1.344403,-1255.276001,0.000012,0.011213,109.413948,1,0.004097,5878.441895,5.824724,3651.671631,-0.000063,-0.039788,105.467232,1,0.003746,5867.257812,5.821394,3633.287109,-0.000063,-0.039587,105.464119,569.173523,25475.894531,4299.425781,56.365864,2.741105,-13.282290,0.000000,0.000000,0.000000,0.000000,0.000000,0.000000,0.000000,0.000000,0.000000
523,8.716666,50.038086,0.000013,-38.071411,5.104335,0.000747,37.955933,-3.007913,-0.000188,38.297531,6400.507,2,0.000000,4,4,105.616226,1,0,0,-0.000069,0.999998,-0.002018,-0.991078,0.000200,0.133282,-0.001011,0.000751,0.000000,0.000000,0.000000,1,-0.002935,6871.746094,-1.267955,-1249.432373,0.000011,0.011161,109.578423,1,-0.003283,6857.940918,-1.262856,-1250.606934,0.000011,0.011172,109.575462,1,0.004106,5878.450684,5.392614,3636.968750,-0.000059,-0.039628,105.617638,1,0.003772,5867.749023,5.382841,3619.958984,-0.000059,-0.039442,105.614815,567.191284,25473.949219,4279.461914,59.415104,2.472319,-14.339149,0.000000,0.000000,0.000000,0.000000,0.000000,0.000000,0.000000,0.000000,0.000000
524,8.733334,50.123291,0.000024,-37.437866,5.111607,0.000678,38.010799,-3.007915,-0.000176,38.352879,6409.643,2,0.000000,4,4,105.766052,1,0,0,-0.000080,0.999998,-0.002030,-0.991078,0.000191,0.133279,-0.000723,0.000622,0.000000,0.000000,0.000000,1,-0.002972,6870.569336,-1.191596,-1244.822144,0.000011,0.011120,109.739090,1,-0.003305,6857.289062,-1.189302,-1245.896606,0.000011,0.011130,109.736298,1,0.004110,5878.278320,5.015472,3621.991943,-0.000055,-0.039464,105.767326,1,0.003790,5867.951172,5.006698,3606.452881,-0.000055,-0.039295,105.764778,565.052979,25472.330078,4259.129883,62.902378,2.332050,-14.934306,0.000000,0.000000,0.000000,0.000000,0.000000,0.000000,0.000000,0.000000,0.000000
525,8.750000,50.208618,0.000034,-36.803467,5.118851,0.000589,38.065403,-3.007918,-0.000164,38.407963,6418.736,2,0.000000,4,4,105.915146,1,0,0,-0.000088,0.999998,-0.002037,-0.991079,0.000184,0.133276,-0.000418,0.000490,0.000000,0.000000,0.000000,1,-0.002999,6869.861816,-1.123243,-1240.120605,0.000010,0.011078,109.899086,1,-0.003319,6856.995117,-1.121147,-1241.094604,0.000010,0.011087,109.896446,1,0.004107,5877.867676,4.654638,3607.093262,-0.000051,-0.039302,105.916298,1,0.003799,5867.828613,4.646722,3592.802979,-0.000051,-0.039146,105.913994,562.912964,25471.031250,4238.921875,61.832268,1.523844,-11.949695,0.000000,0.000000,0.000000,0.000000,0.000000,0.000000,0.000000,0.000000,0.000000
526,8.766666,50.294067,0.000042,-36.168091,5.126068,0.000485,38.119747,-3.007921,-0.000157,38.462780,6427.784,2,0.000000,4,4,106.063477,1,0,0,-0.000095,0.999998,-0.002039,-0.991079,0.000178,0.133274,-0.000116,0.000398,0.000000,0.000000,0.000000,1,-0.003016,6869.523926,-1.039833,-1235.466919,0.000009,0.011036,110.058395,1,-0.003326,6857.053711,-1.037953,-1236.279297,0.000009,0.011044,110.055901,1,0.004098,5877.265625,4.532503,3591.752441,-0.000049,-0.039135,106.064514,1,0.003801,5867.519531,4.517361,3578.712158,-0.000049,-0.038993,106.062439,560.156982,25470.121094,4217.874512,61.055496,2.116722,-12.156835,0.000000,0.000000,0.000000,0.000000,0.000000,0.000000,0.000000,0.000000,0.000000
527,8.783334,50.379639,0.000048,-35.531860,5.133249,0.000371,38.173824,-3.007923,-0.000147,38.517330,6436.786,2,0.000000,4,4,106.211067,1,0,0,-0.000100,0.999998,-0.002036,-0.991080,0.000173,0.133271,0.000183,0.000302,0.000000,0.000000,0.000000,1,-0.003024,6869.618652,-0.977145,-1230.655396,0.000009,0.010993,110.217033,1,-0.003324,6857.473145,-0.972877,-1231.451050,0.000009,0.011001,110.214653,1,0.004084,5876.457031,4.211535,3576.511719,-0.000046,-0.038969,106.212006,1,0.003796,5866.944336,4.220034,3564.407959,-0.000046,-0.038837,106.210129,557.812073,25469.556641,4196.833984,58.422859,1.765551,-11.933048,0.000000,0.000000,0.000000,0.000000,0.000000,0.000000,0.000000,0.000000,0.000000
528,8.800000,50.465332,0.000053,-34.894775,5.140401,0.000249,38.227631,-3.007926,-0.000138,38.571613,6445.743,2,0.000000,4,4,106.357903,1,0,0,-0.000103,0.999998,-0.002028,-0.991080,0.000168,0.133269,0.000469,0.000206,0.000000,0.000000,0.000000,1,-0.003022,6870.094238,-0.912143,-1225.814697,0.000008,0.010950,110.374969,1,-0.003314,6858.206543,-0.913113,-1226.542480,0.000008,0.010957,110.372704,1,0.004064,5875.508301,3.975587,3561.138428,-0.000043,-0.038801,106.358742,1,0.003783,5866.165039,3.961657,3550.039551,-0.000043,-0.038680,106.357063,555.336975,25469.357422,4175.728027,56.095417,1.762793,-11.410589,0.000000,0.000000,0.000000,0.000000,0.000000,0.000000,0.000000,0.000000,0.000000
529,8.816667,50.551147,0.000055,-34.256714,5.147521,0.000125,38.281166,-3.007928,-0.000129,38.625614,6454.654,2,0.000000,4,4,106.503960,1,0,0,-0.000105,0.999998,-0.002015,-0.991080,0.000165,0.133267,0.000743,0.000114,0.000000,0.000000,0.000000,1,-0.003011,6870.949219,-0.855000,-1220.963379,0.000008,0.010907,110.532204,1,-0.003297,6859.250977,-0.848469,-1221.572266,0.000008,0.010912,110.530045,1,0.004039,5874.384766,3.725024,3545.557129,-0.000041,-0.038632,106.504707,1,0.003764,5865.174316,3.719204,3535.221191,-0.000041,-0.038519,106.503212,552.786743,25469.453125,4154.045898,50.618805,1.418698,-11.457976,0.000000,0.000000,0.000000,0.000000,0.000000,0.000000,0.000000,0.000000,0.000000
530,8.833333,50.637085,0.000055,-33.617798,5.154608,0.000001,38.334423,-3.007930,-0.000122,38.679352,6463.518,2,0.000000,4,4,106.649254,1,0,0,-0.000105,0.999998,-0.001999,-0.991081,0.000162,0.133265,0.000989,0.000015,0.000000,0.000000,0.000000,1,-0.002990,6872.152344,-0.813298,-1215.997070,0.000007,0.010862,110.688728,1,-0.003272,6860.552246,-0.806855,-1216.530640,0.000007,0.010867,110.686661,1,0.004010,5873.154785,3.505695,3530.085449,-0.000038,-0.038463,106.649918,1,0.003739,5863.996582,3.507856,3520.569580,-0.000038,-0.038359,106.648590,550.275696,25469.855469,4132.829590,45.377983,1.273912,-10.295447,0.000000,0.000000,0.000000,0.000000,0.000000,0.000000,0.000000,0.000000,0.000000
531,8.850000,50.723145,0.000053,-32.978027,5.161663,-0.000118,38.387409,-3.007932,-0.000116,38.732807,6472.336,2,0.000000,4,4,106.793739,1,0,0,-0.000104,0.999998,-0.001979,-0.991081,0.000161,0.133263,0.001210,-0.000074,0.000000,0.000000,0.000000,1,-0.002962,6873.685059,-0.769201,-1210.990967,0.000007,0.010818,110.844536,1,-0.003241,6862.117676,-0.767911,-1211.496704,0.000007,0.010822,110.842545,1,0.003977,5871.853027,3.317480,3514.197266,-0.000036,-0.038290,106.794327,1,0.003709,5862.695312,3.312323,3505.360840,-0.000036,-0.038194,106.793152,547.594116,25470.687500,4110.691406,33.894733,1.215266,-8.949512,0.000000,0.000000,0.000000,0.000000,0.000000,0.000000,0.000000,0.000000,0.000000
532,8.866667,50.809326,0.000049,-32.337402,5.168683,-0.000227,38.440109,-3.007934,-0.000110,38.785973,6481.105,2,0.000000,4,4,106.937454,1,0,0,-0.000101,0.999998,-0.001956,-0.991081,0.000160,0.133261,0.001373,-0.000158,0.000000,0.000000,0.000000,1,-0.002927,6875.427734,-0.730306,-1205.923584,0.000007,0.010772,110.999619,1,-0.003205,6863.821289,-0.726545,-1206.330566,0.000006,0.010776,110.997696,1,0.003942,5870.540039,3.152669,3498.475098,-0.000034,-0.038119,106.937965,1,0.003675,5861.325195,3.147736,3490.282959,-0.000034,-0.038029,106.936943,544.927979,25471.736328,4089.050537,25.344547,1.283570,-7.454239,0.000000,0.000000,0.000000,0.000000,0.000000,0.000000,0.000000,0.000000,0.000000
533,8.883333,50.895630,0.000043,-31.695923,5.175669,-0.000325,38.492535,-3.007935,-0.000104,38.838863,6489.826,2,0.000000,4,4,107.080353,1,0,0,-0.000098,0.999998,-0.001931,-0.991081,0.000161,0.133259,0.001494,-0.000231,0.000000,0.000000,0.000000,1,-0.002886,6877.336426,-0.694052,-1200.825928,0.000006,0.010727,111.153961,1,-0.003166,6865.623535,-0.690344,-1201.161865,0.000006,0.010730,111.152100,1,0.003906,5869.234863,2.950482,3482.439209,-0.000032,-0.037944,107.080803,1,0.003638,5859.909668,2.945807,3474.696289,-0.000032,-0.037859,107.079903,542.239502,25472.966797,4066.620605,17.478308,0.993944,-5.849829,0.000000,0.000000,0.000000,0.000000,0.000000,0.000000,0.000000,0.000000,0.000000
534,8.900000,50.982056,0.000037,-31.053467,5.182621,-0.000408,38.544670,-3.007937,-0.000099,38.891460,6498.498,2,0.000000,4,4,107.222466,1,0,0,-0.000093,0.999998,-0.001905,-0.991081,0.000162,0.133258,0.001577,-0.000292,0.000000,0.000000,0.000000,1,-0.002842,6879.357910,-0.650302,-1195.591064,0.000006,0.010680,111.307564,1,-0.003123,6867.502930,-0.651710,-1195.909180,0.000006,0.010683,111.305748,1,0.003870,5867.949219,2.832259,3466.480225,-0.000031,-0.037770,107.222847,1,0.003600,5858.478516,2.835260,3459.272705,-0.000031,-0.037691,107.222084,539.429932,25474.355469,4044.678467,8.832193,1.060916,-4.259680,0.000000,0.000000,0.000000,0.000000,0.000000,0.000000,0.000000,0.000000,0.000000
535,8.916667,51.068604,0.000029,-30.410156,5.189537,-0.000475,38.596523,-3.007939,-0.000094,38.943771,6507.123,2,0.000000,4,4,107.363754,1,0,0,-0.000087,0.999998,-0.001878,-0.991082,0.000164,0.133256,0.001618,-0.000341,0.000000,0.000000,0.000000,1,-0.002794,6881.482422,-0.606658,-1190.314575,0.000005,0.010633,111.460403,1,-0.003079,6869.408691,-0.608119,-1190.582520,0.000005,0.010635,111.458633,1,0.003834,5866.738770,2.699337,3450.356201,-0.000029,-0.037594,107.364075,1,0.003560,5857.085449,2.694906,3443.554688,-0.000029,-0.037520,107.363434,536.614868,25475.984375,4022.394043,1.230026,0.910376,-2.588571,0.000000,0.000000,0.000000,0.000000,0.000000,0.000000,0.000000,0.000000,0.000000
536,8.933333,51.155151,0.000020,-29.765991,5.196416,-0.000523,38.648094,-3.007940,-0.000090,38.995804,6515.697,2,0.000000,4,4,107.504219,1,0,0,-0.000081,0.999998,-0.001851,-0.991082,0.000167,0.133255,0.001621,-0.000376,0.000000,0.000000,0.000000,1,-0.002745,6883.573730,-0.570681,-1185.012573,0.000005,0.010586,111.612480,1,-0.003035,6871.285645,-0.567144,-1185.192505,0.000005,0.010587,111.610748,1,0.003799,5865.579102,2.597062,3434.054199,-0.000028,-0.037417,107.504486,1,0.003521,5855.725586,2.600246,3427.648926,-0.000028,-0.037347,107.503952,533.698486,25477.537109,3999.849365,-4.189573,0.676193,-2.775613,0.000000,0.000000,0.000000,0.000000,0.000000,0.000000,0.000000,0.000000,0.000000
537,8.950000,51.241821,0.000011,-29.120972,5.203259,-0.000552,38.699375,-3.007941,-0.000086,39.047539,6524.222,2,0.000000,4,4,107.643867,1,0,0,-0.000074,0.999998,-0.001824,-0.991082,0.000170,0.133253,0.001596,-0.000420,0.000000,0.000000,0.000000,1,-0.002696,6885.680664,-0.554964,-1179.634521,0.000005,0.010538,111.763786,1,-0.002991,6873.083496,-0.553951,-1179.730225,0.000005,0.010539,111.762077,1,0.003766,5864.509277,2.480079,3417.758789,-0.000027,-0.037239,107.644089,1,0.003482,5854.401367,2.483339,3411.664062,-0.000027,-0.037173,107.643646,530.877563,25479.121094,3977.373291,-10.207261,1.316888,-2.532891,0.000000,0.000000,0.000000,0.000000,0.000000,0.000000,0.000000,0.000000,0.000000
538,8.966666,51.328613,0.000001,-28.475098,5.210064,-0.000563,38.750366,-3.007943,-0.000080,39.098988,6532.697,2,0.000000,4,4,107.782684,1,0,0,-0.000066,0.999998,-0.001798,-0.991082,0.000174,0.133252,0.001541,-0.000467,0.000000,0.000000,0.000000,1,-0.002646,6887.760742,-0.529201,-1174.134399,0.000005,0.010489,111.914307,1,-0.002949,6874.777832,-0.528206,-1174.211914,0.000005,0.010489,111.912613,1,0.003735,5863.555664,2.258135,3401.432373,-0.000025,-0.037061,107.782852,1,0.003444,5853.127441,2.246613,3395.555664,-0.000024,-0.036997,107.782516,528.261230,25480.710938,3954.898682,-16.167574,0.718622,-0.751253,0.000000,0.000000,0.000000,0.000000,0.000000,0.000000,0.000000,0.000000,0.000000
539,8.983334,51.415527,-0.000008,-27.828369,5.216837,-0.000556,38.801071,-3.007944,-0.000077,39.150143,6541.122,2,0.000000,4,4,107.920662,1,0,0,-0.000058,0.999998,-0.001774,-0.991082,0.000179,0.133251,0.001457,-0.000497,0.000000,0.000000,0.000000,1,-0.002598,6889.705078,-0.493415,-1168.591675,0.000004,0.010439,112.064026,1,-0.002910,6876.316406,-0.494970,-1168.667236,0.000004,0.010440,112.062347,1,0.003707,5862.703125,2.187213,3384.954590,-0.000024,-0.036882,107.920776,1,0.003408,5851.928223,2.175698,3379.282715,-0.000024,-0.036820,107.920547,525.281616,25482.095703,3932.229980,-21.213636,0.594610,0.821839,0.000000,0.000000,0.000000,0.000000,0.000000,0.000000,0.000000,0.000000,0.000000
540,9.000000,51.502563,-0.000017,-27.180786,5.223571,-0.000532,38.851486,-3.007945,-0.000074,39.201008,6549.495,2,0.000000,4,4,108.057808,1,0,0,-0.000049,0.999998,-0.001752,-0.991083,0.000185,0.133249,0.001349,-0.000512,0.000000,0.000000,0.000000,1,-0.002552,6891.522949,-0.467757,-1163.046753,0.000004,0.010389,112.212944,1,-0.002873,6877.708008,-0.461801,-1163.001099,0.000004,0.010389,112.211273,1,0.003681,5861.985352,2.124064,3368.290283,-0.000023,-0.036700,108.057869,1,0.003373,5850.853027,2.127528,3362.981934,-0.000023,-0.036642,108.057747,522.270752,25483.470703,3909.478271,-25.297518,0.771058,2.227826,0.000000,0.000000,0.000000,0.000000,0.000000,0.000000,0.000000,0.000000,0.000000
541,9.016666,51.589722,-0.000025,-26.532471,5.230267,-0.000492,38.901608,-3.007946,-0.000070,39.251579,6557.818,2,0.000000,4,4,108.194107,1,0,0,-0.000041,0.999999,-0.001731,-0.991083,0.000190,0.133248,0.001222,-0.000511,0.000000,0.000000,0.000000,1,-0.002509,6893.169922,-0.434608,-1157.395630,0.000004,0.010339,112.361053,1,-0.002841,6878.911133,-0.433710,-1157.382202,0.000004,0.010339,112.359375,1,0.003659,5861.354492,2.031161,3351.683350,-0.000022,-0.036519,108.194130,1,0.003341,5849.871094,2.027188,3346.471436,-0.000022,-0.036462,108.194084,519.327271,25484.595703,3886.629395,-28.504711,0.450855,3.475429,0.000000,0.000000,0.000000,0.000000,0.000000,0.000000,0.000000,0.000000,0.000000
542,9.033334,51.677002,-0.000032,-25.883301,5.236925,-0.000438,38.951435,-3.007948,-0.000068,39.301846,6566.090,2,0.000000,4,4,108.329559,1,0,0,-0.000032,0.999999,-0.001713,-0.991083,0.000196,0.133247,0.001080,-0.000497,0.000000,0.000000,0.000000,1,-0.002471,6894.608398,-0.399009,-1151.690430,0.000004,0.010288,112.508347,1,-0.002812,6879.925293,-0.398161,-1151.616211,0.000004,0.010287,112.506660,1,0.003640,5860.848145,2.028388,3334.883057,-0.000022,-0.036336,108.329536,1,0.003312,5849.024902,2.016832,3329.939453,-0.000022,-0.036282,108.329582,516.194580,25485.558594,3863.797363,-30.638218,0.639837,4.448006,0.000000,0.000000,0.000000,0.000000,0.000000,0.000000,0.000000,0.000000,0.000000
543,9.050000,51.764404,-0.000038,-25.233276,5.243543,-0.000373,39.000973,-3.007949,-0.000064,39.351822,6574.311,2,0.000000,4,4,108.464165,1,0,0,-0.000024,0.999999,-0.001698,-0.991083,0.000202,0.133246,0.000928,-0.000472,0.000000,0.000000,0.000000,1,-0.002437,6895.815918,-0.368492,-1145.947632,0.000003,0.010237,112.654808,1,-0.002789,6880.720703,-0.372688,-1145.873169,0.000003,0.010236,112.653107,1,0.003624,5860.451172,1.958402,3318.042480,-0.000021,-0.036153,108.464104,1,0.003287,5848.289062,1.954343,3313.260986,-0.000021,-0.036101,108.464226,513.173218,25486.244141,3840.782715,-30.032633,0.546080,5.256862,0.000000,0.000000,0.000000,0.000000,0.000000,0.000000,0.000000,0.000000,0.000000
544,9.066667,51.851929,-0.000043,-24.582397,5.250122,-0.000300,39.050213,-3.007950,-0.000062,39.401505,6582.479,2,0.000000,4,4,108.597916,1,0,0,-0.000017,0.999999,-0.001685,-0.991083,0.000207,0.133245,0.000780,-0.000435,0.000000,0.000000,0.000000,1,-0.002409,6896.816406,-0.338033,-1140.132812,0.000003,0.010185,112.800430,1,-0.002770,6881.339355,-0.337275,-1140.063965,0.000003,0.010184,112.798721,1,0.003610,5860.117676,1.925962,3301.079590,-0.000021,-0.035968,108.597816,1,0.003264,5847.675781,1.921878,3296.550537,-0.000021,-0.035918,108.598015,510.073914,25486.724609,3817.766846,-31.192024,0.565007,5.778683,0.000000,0.000000,0.000000,0.000000,0.000000,0.000000,0.000000,0.000000,0.000000
545,9.083333,51.939575,-0.000047,-23.930786,5.256661,-0.000222,39.099159,-3.007951,-0.000059,39.450886,6590.596,2,0.000000,4,4,108.730812,1,0,0,-0.000011,0.999999,-0.001674,-0.991083,0.000213,0.133244,0.000627,-0.000392,0.000000,0.000000,0.000000,1,-0.002385,6897.597656,-0.312637,-1134.341553,0.000003,0.010133,112.945213,1,-0.002755,6881.786133,-0.311921,-1134.247803,0.000003,0.010132,112.943489,1,0.003600,5859.890625,1.863834,3283.966064,-0.000020,-0.035781,108.730675,1,0.003245,5847.196289,1.867241,3279.704590,-0.000020,-0.035735,108.730949,507.001617,25487.070312,3794.448486,-32.234215,0.142242,6.784232,0.000000,0.000000,0.000000,0.000000,0.000000,0.000000,0.000000,0.000000,0.000000
546,9.100000,52.027344,-0.000049,-23.278320,5.263162,-0.000139,39.147804,-3.007952,-0.000058,39.499966,6598.662,2,0.000000,4,4,108.862854,1,0,0,-0.000005,0.999999,-0.001667,-0.991083,0.000217,0.133243,0.000470,-0.000336,0.000000,0.000000,0.000000,1,-0.002367,6898.108398,-0.292286,-1128.391479,0.000003,0.010080,113.089149,1,-0.002745,6882.008789,-0.291605,-1128.319580,0.000003,0.010079,113.087418,1,0.003592,5859.750000,1.883811,3267.066162,-0.000021,-0.035597,108.862686,1,0.003229,5846.828125,1.887090,3262.872314,-0.000021,-0.035551,108.863022,503.851379,25487.058594,3771.648193,-30.617079,0.221170,6.846176,0.000000,0.000000,0.000000,0.000000,0.000000,0.000000,0.000000,0.000000,0.000000
547,9.116667,52.115112,-0.000050,-22.625000,5.269621,-0.000056,39.196159,-3.007953,-0.000057,39.548752,6606.674,2,0.000000,4,4,108.994026,1,0,0,-0.000000,0.999999,-0.001661,-0.991084,0.000221,0.133242,0.000321,-0.000277,0.000000,0.000000,0.000000,1,-0.002355,6898.401367,-0.279462,-1122.524048,0.000002,0.010027,113.232224,1,-0.002739,6882.059570,-0.278801,-1122.423950,0.000002,0.010027,113.230484,1,0.003586,5859.662109,1.859149,3249.713379,-0.000020,-0.035408,108.993828,1,0.003217,5846.582520,1.855003,3245.789551,-0.000020,-0.035365,108.994225,500.703674,25486.843750,3748.027832,-28.189112,0.371568,6.654239,0.000000,0.000000,0.000000,0.000000,0.000000,0.000000,0.000000,0.000000,0.000000
548,9.133333,52.203003,-0.000050,-21.970947,5.276041,0.000024,39.244209,-3.007954,-0.000055,39.597225,6614.636,2,0.000000,4,4,109.124352,1,0,0,0.000003,0.999999,-0.001658,-0.991084,0.000224,0.133241,0.000184,-0.000218,0.000000,0.000000,0.000000,1,-0.002348,6898.485352,-0.266662,-1116.567017,0.000002,0.009974,113.374443,1,-0.002737,6881.962891,-0.263538,-1116.507080,0.000002,0.009974,113.372688,1,0.003582,5859.655273,1.827161,3232.569824,-0.000020,-0.035221,109.124115,1,0.003208,5846.441895,1.815634,3228.928955,-0.000020,-0.035182,109.124588,497.641174,25486.486328,3724.948975,-25.097383,0.446039,6.296976,0.000000,0.000000,0.000000,0.000000,0.000000,0.000000,0.000000,0.000000,0.000000
549,9.150000,52.291016,-0.000048,-21.316040,5.282421,0.000100,39.291965,-3.007954,-0.000053,39.645405,6622.544,2,0.000000,4,4,109.253799,1,0,0,0.000006,0.999999,-0.001657,-0.991084,0.000227,0.133240,0.000062,-0.000161,0.000000,0.000000,0.000000,1,-0.002345,6898.398926,-0.251400,-1110.585327,0.000002,0.009921,113.515800,1,-0.002739,6881.738770,-0.250794,-1110.552979,0.000002,0.009921,113.514038,1,0.003580,5859.680664,1.743346,3215.122559,-0.000019,-0.035031,109.253532,1,0.003202,5846.373535,1.739391,3211.734619,-0.000019,-0.034994,109.254066,494.590820,25485.945312,3701.292969,-21.506395,-0.030019,6.532289,0.000000,0.000000,0.000000,0.000000,0.000000,0.000000,0.000000,0.000000,0.000000
550,9.166667,52.379150,-0.000045,-20.660400,5.288762,0.000170,39.339417,-3.007955,-0.000053,39.693275,6630.400,2,0.000000,4,4,109.382393,1,0,0,0.000007,0.999999,-0.001658,-0.991084,0.000228,0.133240,-0.000040,-0.000095,0.000000,0.000000,0.000000,1,-0.002347,6898.133301,-0.236171,-1104.615967,0.000002,0.009868,113.656288,1,-0.002744,6881.412109,-0.235599,-1104.585327,0.000002,0.009867,113.654518,1,0.003580,5859.710449,1.800527,3197.679199,-0.000020,-0.034841,109.382103,1,0.003199,5846.401855,1.789049,3194.649902,-0.000019,-0.034808,109.382683,491.289703,25485.230469,3677.792969,-17.504883,0.434483,5.717713,0.000000,0.000000,0.000000,0.000000,0.000000,0.000000,0.000000,0.000000,0.000000
551,9.183333,52.467407,-0.000042,-20.003906,5.295060,0.000232,39.386566,-3.007956,-0.000051,39.740849,6638.205,2,0.000000,4,4,109.510124,1,0,0,0.000008,0.999999,-0.001660,-0.991084,0.000229,0.133239,-0.000123,-0.000036,0.000000,0.000000,0.000000,1,-0.002353,6897.729980,-0.223460,-1098.569946,0.000002,0.009814,113.795906,1,-0.002751,6881.010742,-0.222919,-1098.589600,0.000002,0.009814,113.794136,1,0.003580,5859.751953,1.731780,3180.405273,-0.000019,-0.034653,109.509804,1,0.003197,5846.441406,1.720466,3177.517334,-0.000019,-0.034621,109.510445,488.266663,25484.332031,3654.489746,-13.341120,0.277234,4.922388,0.000000,0.000000,0.000000,0.000000,0.000000,0.000000,0.000000,0.000000,0.000000
552,9.200000,52.555786,-0.000037,-19.346680,5.301320,0.000283,39.433418,-3.007957,-0.000049,39.788116,6645.957,2,0.000000,4,4,109.636978,1,0,0,0.000008,0.999999,-0.001663,-0.991084,0.000229,0.133238,-0.000186,0.000016,0.000000,0.000000,0.000000,1,-0.002362,6897.233887,-0.218219,-1092.570068,0.000002,0.009760,113.934647,1,-0.002761,6880.548828,-0.220166,-1092.587280,0.000002,0.009760,113.932877,1,0.003580,5859.794434,1.677991,3162.809082,-0.000018,-0.034461,109.636635,1,0.003198,5846.547363,1.666826,3160.207031,-0.000018,-0.034433,109.637321,485.160339,25483.394531,3630.659180,-8.897409,0.359483,4.005491,0.000000,0.000000,0.000000,0.000000,0.000000,0.000000,0.000000,0.000000,0.000000
553,9.216666,52.644287,-0.000031,-18.688721,5.307540,0.000323,39.479965,-3.007958,-0.000048,39.835079,6653.655,2,0.000000,4,4,109.762970,1,0,0,0.000007,0.999999,-0.001667,-0.991084,0.000229,0.133237,-0.000227,0.000062,0.000000,0.000000,0.000000,1,-0.002373,6896.679688,-0.210515,-1086.544800,0.000002,0.009706,114.072517,1,-0.002771,6880.076172,-0.210008,-1086.605347,0.000002,0.009707,114.070747,1,0.003581,5859.828613,1.609574,3145.156738,-0.000018,-0.034269,109.762604,1,0.003199,5846.656250,1.591226,3142.845215,-0.000017,-0.034244,109.763336,482.067749,25482.416016,3606.729004,-4.513758,0.331178,3.085198,0.000000,0.000000,0.000000,0.000000,0.000000,0.000000,0.000000,0.000000,0.000000
554,9.233334,52.732910,-0.000026,-18.029907,5.313720,0.000352,39.526207,-3.007958,-0.000046,39.881725,6661.301,2,0.000000,4,4,109.888107,1,0,0,0.000005,0.999999,-0.001671,-0.991084,0.000228,0.133236,-0.000246,0.000099,0.000000,0.000000,0.000000,1,-0.002386,6896.078125,-0.210250,-1080.476685,0.000002,0.009652,114.209511,1,-0.002782,6879.608398,-0.209748,-1080.569702,0.000002,0.009653,114.207748,1,0.003581,5859.822754,1.519195,3127.589844,-0.000017,-0.034077,109.887718,1,0.003201,5846.763672,1.523170,3125.588867,-0.000017,-0.034056,109.888496,479.045929,25481.369141,3583.085205,-0.310164,0.327758,2.101670,0.000000,0.000000,0.000000,0.000000,0.000000,0.000000,0.000000,0.000000,0.000000
555,9.250000,52.821533,-0.000019,-17.370361,5.319862,0.000368,39.572144,-3.007959,-0.000044,39.928078,6668.896,2,0.000000,4,4,110.012375,1,0,0,0.000003,0.999999,-0.001675,-0.991084,0.000226,0.133236,-0.000245,0.000128,0.000000,0.000000,0.000000,1,-0.002399,6895.470703,-0.202576,-1074.449097,0.000002,0.009598,114.345619,1,-0.002792,6879.145508,-0.202097,-1074.595093,0.000002,0.009599,114.343872,1,0.003581,5859.763672,1.465855,3109.886963,-0.000016,-0.033885,110.011971,1,0.003204,5846.848145,1.462626,3108.212402,-0.000016,-0.033866,110.012779,475.918457,25480.253906,3559.101562,3.689955,0.373466,1.157717,0.000000,0.000000,0.000000,0.000000,0.000000,0.000000,0.000000,0.000000,0.000000
556,9.266666,52.910278,-0.000013,-16.710083,5.325963,0.000371,39.617775,-3.007960,-0.000042,39.974113,6676.437,2,0.000000,4,4,110.135780,1,0,0,0.000001,0.999999,-0.001679,-0.991085,0.000224,0.133235,-0.000225,0.000149,0.000000,0.000000,0.000000,1,-0.002413,6894.919434,-0.197392,-1068.414062,0.000002,0.009544,114.480850,1,-0.002802,6878.768555,-0.196930,-1068.559692,0.000002,0.009545,114.479126,1,0.003580,5859.696289,1.397933,3092.287842,-0.000015,-0.033693,110.135361,1,0.003206,5846.916504,1.394887,3090.773926,-0.000015,-0.033676,110.136200,472.833069,25479.353516,3535.229248,10.423630,0.232455,0.291356,0.000000,0.000000,0.000000,0.000000,0.000000,0.000000,0.000000,0.000000,0.000000
557,9.283334,52.999146,-0.000007,-16.049072,5.332026,0.000364,39.663097,-3.007961,-0.000041,40.019840,6683.926,2,0.000000,4,4,110.258316,1,0,0,-0.000002,0.999999,-0.001682,-0.991085,0.000222,0.133234,-0.000171,0.000166,0.000000,0.000000,0.000000,1,-0.002425,6894.442871,-0.187295,-1062.316406,0.000002,0.009490,114.615211,1,-0.002811,6878.485840,-0.189321,-1062.503296,0.000002,0.009491,114.613503,1,0.003577,5859.517090,1.359550,3074.629395,-0.000015,-0.033500,110.257881,1,0.003207,5846.909180,1.356627,3073.400635,-0.000015,-0.033487,110.258751,469.694763,25478.425781,3511.459961,13.303537,0.311888,-0.541660,0.000000,0.000000,0.000000,0.000000,0.000000,0.000000,0.000000,0.000000,0.000000
558,9.300000,53.088135,-0.000001,-15.387329,5.338047,0.000346,39.708115,-3.007961,-0.000040,40.065254,6691.363,2,0.000000,4,4,110.379982,1,0,0,-0.000005,0.999999,-0.001683,-0.991085,0.000219,0.133234,-0.000104,0.000174,0.000000,0.000000,0.000000,1,-0.002436,6894.042969,-0.184611,-1056.309692,0.000002,0.009436,114.748680,1,-0.002817,6878.300293,-0.184189,-1056.463867,0.000002,0.009437,114.747002,1,0.003573,5859.279297,1.306573,3056.886719,-0.000014,-0.033307,110.379532,1,0.003207,5846.848633,1.303803,3055.838379,-0.000014,-0.033296,110.380432,466.545319,25477.585938,3487.314697,15.031655,0.382806,-1.307205,0.000000,0.000000,0.000000,0.000000,0.000000,0.000000,0.000000,0.000000,0.000000
559,9.316667,53.177246,0.000004,-14.724731,5.344028,0.000318,39.752823,-3.007962,-0.000038,40.110355,6698.746,2,0.000000,4,4,110.500786,1,0,0,-0.000008,0.999999,-0.001684,-0.991085,0.000216,0.133233,-0.000028,0.000174,0.000000,0.000000,0.000000,1,-0.002445,6893.752441,-0.184395,-1050.245117,0.000002,0.009382,114.881279,1,-0.002821,6878.226074,-0.186433,-1050.443604,0.000002,0.009384,114.879623,1,0.003567,5858.974121,1.217057,3039.162109,-0.000013,-0.033114,110.500328,1,0.003206,5846.716797,1.214513,3038.343994,-0.000013,-0.033105,110.501244,463.495697,25476.855469,3463.287598,16.151621,0.319986,-1.932493,0.000000,0.000000,0.000000,0.000000,0.000000,0.000000,0.000000,0.000000,0.000000
560,9.333333,53.266357,0.000009,-14.061401,5.349971,0.000281,39.797222,-3.007962,-0.000036,40.155151,6706.078,2,0.000000,4,4,110.620728,1,0,0,-0.000011,0.999998,-0.001683,-0.991085,0.000214,0.133232,0.000053,0.000167,0.000000,0.000000,0.000000,1,-0.002451,6893.585938,-0.176818,-1044.258911,0.000002,0.009328,115.012993,1,-0.002823,6878.264160,-0.176425,-1044.441772,0.000002,0.009330,115.011368,1,0.003559,5858.611816,1.157041,3021.407715,-0.000013,-0.032921,110.620270,1,0.003202,5846.535645,1.154658,3020.609863,-0.000013,-0.032912,110.621185,460.320251,25476.283203,3438.914551,18.217554,0.105588,-2.467076,0.000000,0.000000,0.000000,0.000000,0.000000,0.000000,0.000000,0.000000,0.000000
561,9.350000,53.355591,0.000013,-13.397339,5.355872,0.000238,39.841312,-3.007963,-0.000036,40.199642,6713.357,2,0.000000,4,4,110.739815,1,0,0,-0.000013,0.999999,-0.001680,-0.991085,0.000211,0.133232,0.000143,0.000154,0.000000,0.000000,0.000000,1,-0.002455,6893.543945,-0.186433,-1038.216309,0.000002,0.009274,115.143837,1,-0.002821,6878.441406,-0.183577,-1038.386230,0.000002,0.009276,115.142242,1,0.003549,5858.174805,1.111789,3003.668457,-0.000012,-0.032727,110.739349,1,0.003197,5846.257812,1.109529,3003.145020,-0.000012,-0.032722,110.740280,457.203125,25475.804688,3414.937988,19.524319,0.197362,-2.879605,0.000000,0.000000,0.000000,0.000000,0.000000,0.000000,0.000000,0.000000,0.000000
562,9.366667,53.444946,0.000016,-12.732544,5.361734,0.000189,39.885094,-3.007964,-0.000035,40.243813,6720.584,2,0.000000,4,4,110.858040,1,0,0,-0.000016,0.999999,-0.001676,-0.991085,0.000208,0.133231,0.000240,0.000138,0.000000,0.000000,0.000000,1,-0.002456,6893.646484,-0.183781,-1032.158691,0.000002,0.009220,115.273804,1,-0.002817,6878.740723,-0.185829,-1032.349854,0.000002,0.009222,115.272232,1,0.003537,5857.691895,1.066644,2986.064941,-0.000012,-0.032535,110.857567,1,0.003191,5845.924805,1.064503,2985.596436,-0.000012,-0.032530,110.858513,454.076050,25475.523438,3391.016602,16.485218,0.164915,-3.152470,0.000000,0.000000,0.000000,0.000000,0.000000,0.000000,0.000000,0.000000,0.000000
563,9.383333,53.534424,0.000018,-12.067017,5.367556,0.000136,39.928570,-3.007964,-0.000034,40.287682,6727.759,2,0.000000,4,4,110.975395,1,0,0,-0.000018,0.999999,-0.001671,-0.991085,0.000205,0.133231,0.000321,0.000113,0.000000,0.000000,0.000000,1,-0.002453,6893.878418,-0.183587,-1026.140015,0.000002,0.009166,115.402893,1,-0.002810,6879.137207,-0.185638,-1026.347412,0.000002,0.009168,115.401352,1,0.003525,5857.191895,1.028906,2968.184814,-0.000011,-0.032341,110.974915,1,0.003182,5845.563477,1.026865,2967.979736,-0.000011,-0.032338,110.975876,450.879547,25475.441406,3366.689941,16.298990,0.271669,-3.317072,0.000000,0.000000,0.000000,0.000000,0.000000,0.000000,0.000000,0.000000,0.000000
564,9.400000,53.624023,0.000019,-11.400879,5.373336,0.000082,39.971733,-3.007965,-0.000033,40.331226,6734.880,2,0.000000,4,4,111.091896,1,0,0,-0.000019,0.999999,-0.001664,-0.991085,0.000203,0.133230,0.000401,0.000087,0.000000,0.000000,0.000000,1,-0.002448,6894.225098,-0.180953,-1020.120117,0.000002,0.009113,115.531105,1,-0.002801,6879.643066,-0.180571,-1020.285767,0.000002,0.009114,115.529594,1,0.003511,5856.640625,0.969391,2950.439453,-0.000011,-0.032147,111.091415,1,0.003172,5845.122070,0.967486,2950.266602,-0.000011,-0.032145,111.092377,447.733063,25475.427734,3342.463379,15.568469,0.153820,-3.372021,0.000000,0.000000,0.000000,0.000000,0.000000,0.000000,0.000000,0.000000,0.000000
565,9.416667,53.713623,0.000020,-10.734009,5.379076,0.000029,40.014584,-3.007965,-0.000032,40.374454,6741.951,2,0.000000,4,4,111.207550,1,0,0,-0.000020,0.999999,-0.001657,-0.991085,0.000201,0.133230,0.000477,0.000058,0.000000,0.000000,0.000000,1,-0.002439,6894.693848,-0.180771,-1014.098938,0.000002,0.009059,115.658447,1,-0.002789,6880.239258,-0.177955,-1014.275269,0.000002,0.009060,115.656960,1,0.003496,5856.079102,0.946420,2932.846680,-0.000010,-0.031956,111.207069,1,0.003160,5844.644531,0.944573,2932.640869,-0.000010,-0.031953,111.208031,444.545349,25475.593750,3318.440430,14.516070,0.063111,-3.304142,0.000000,0.000000,0.000000,0.000000,0.000000,0.000000,0.000000,0.000000,0.000000
566,9.433333,53.803345,0.000019,-10.066406,5.384776,-0.000023,40.057129,-3.007966,-0.000032,40.417381,6748.970,2,0.000000,4,4,111.322342,1,0,0,-0.000020,0.999999,-0.001647,-0.991085,0.000199,0.133229,0.000547,0.000030,0.000000,0.000000,0.000000,1,-0.002428,6895.289551,-0.183036,-1008.077087,0.000002,0.009005,115.784912,1,-0.002774,6880.929688,-0.180219,-1008.240479,0.000002,0.009007,115.783447,1,0.003480,5855.471680,0.923502,2915.176270,-0.000010,-0.031763,111.321861,1,0.003147,5844.130371,0.928972,2915.100586,-0.000010,-0.031762,111.322823,441.362885,25475.900391,3294.456299,13.028086,0.151332,-3.176862,0.000000,0.000000,0.000000,0.000000,0.000000,0.000000,0.000000,0.000000,0.000000
567,9.450000,53.893188,0.000018,-9.397949,5.390434,-0.000072,40.099365,-3.007967,-0.000031,40.459999,6755.937,2,0.000000,4,4,111.436272,1,0,0,-0.000020,0.999999,-0.001637,-0.991085,0.000198,0.133229,0.000610,0.000001,0.000000,0.000000,0.000000,1,-0.002414,6895.970215,-0.177985,-1002.048523,0.000002,0.008951,115.910500,1,-0.002758,6881.687988,-0.177616,-1002.196167,0.000002,0.008953,115.909058,1,0.003463,5854.862793,0.900644,2897.503906,-0.000010,-0.031571,111.435783,1,0.003133,5843.545898,0.898905,2897.523682,-0.000010,-0.031571,111.436760,438.180450,25476.255859,3270.455566,14.399089,0.110955,-2.887292,0.000000,0.000000,0.000000,0.000000,0.000000,0.000000,0.000000,0.000000,0.000000
568,9.466666,53.983154,0.000016,-8.728882,5.396052,-0.000116,40.141293,-3.007967,-0.000030,40.502304,6762.851,2,0.000000,4,4,111.549339,1,0,0,-0.000020,0.999999,-0.001626,-0.991085,0.000197,0.133228,0.000681,-0.000022,0.000000,0.000000,0.000000,1,-0.002398,6896.766113,-0.170512,-995.997803,0.000002,0.008897,116.035210,1,-0.002740,6882.547852,-0.170160,-996.146484,0.000002,0.008899,116.033791,1,0.003445,5854.185547,0.906855,2879.795410,-0.000010,-0.031378,111.548851,1,0.003117,5842.936035,0.897872,2879.878174,-0.000010,-0.031378,111.549828,434.923920,25476.744141,3246.394043,11.456497,0.222324,-2.661545,0.000000,0.000000,0.000000,0.000000,0.000000,0.000000,0.000000,0.000000,0.000000
569,9.483334,54.073242,0.000014,-8.059204,5.401628,-0.000154,40.182915,-3.007967,-0.000029,40.544292,6769.712,2,0.000000,4,4,111.661560,1,0,0,-0.000019,0.999999,-0.001614,-0.991085,0.000196,0.133228,0.000736,-0.000045,0.000000,0.000000,0.000000,1,-0.002379,6897.641602,-0.163056,-989.995239,0.000001,0.008844,116.159042,1,-0.002720,6883.465820,-0.165150,-990.142029,0.000001,0.008845,116.157646,1,0.003427,5853.512695,0.862333,2862.139893,-0.000009,-0.031185,111.661072,1,0.003100,5842.282715,0.867912,2862.262695,-0.000009,-0.031187,111.662048,431.748444,25477.316406,3222.317627,9.073035,0.142351,-2.287092,0.000000,0.000000,0.000000,0.000000,0.000000,0.000000,0.000000,0.000000,0.000000
570,9.500000,54.163330,0.000011,-7.388794,5.407163,-0.000186,40.224228,-3.007968,-0.000029,40.585979,6776.523,2,0.000000,4,4,111.772934,1,0,0,-0.000018,0.999999,-0.001601,-0.991085,0.000195,0.133227,0.000780,-0.000066,0.000000,0.000000,0.000000,1,-0.002359,6898.572266,-0.160479,-983.999023,0.000001,0.008790,116.282005,1,-0.002698,6884.438477,-0.160150,-984.125061,0.000001,0.008791,116.280624,1,0.003408,5852.837402,0.832395,2844.532959,-0.000009,-0.030993,111.772446,1,0.003082,5841.626953,0.830802,2844.643311,-0.000009,-0.030995,111.773422,428.577942,25477.988281,3198.297852,6.605350,0.053292,-1.948841,0.000000,0.000000,0.000000,0.000000,0.000000,0.000000,0.000000,0.000000,0.000000
571,9.516666,54.253540,0.000007,-6.717651,5.412658,-0.000209,40.265232,-3.007968,-0.000028,40.627346,6783.282,2,0.000000,4,4,111.883461,1,0,0,-0.000017,0.999999,-0.001587,-0.991085,0.000195,0.133227,0.000812,-0.000085,0.000000,0.000000,0.000000,1,-0.002337,6899.533203,-0.157908,-977.967896,0.000001,0.008736,116.404091,1,-0.002675,6885.402344,-0.160010,-978.067444,0.000001,0.008737,116.402733,1,0.003388,5852.137695,0.831448,2826.965332,-0.000009,-0.030802,111.882973,1,0.003063,5840.928711,0.837073,2827.158203,-0.000009,-0.030804,111.883949,425.374817,25478.544922,3174.541504,4.052628,0.175704,-1.513735,0.000000,0.000000,0.000000,0.000000,0.000000,0.000000,0.000000,0.000000,0.000000
572,9.533334,54.343872,0.000003,-6.045898,5.418111,-0.000226,40.305931,-3.007969,-0.000028,40.668419,6789.990,2,0.000000,4,4,111.993141,1,0,0,-0.000015,0.999999,-0.001573,-0.991086,0.000195,0.133226,0.000831,-0.000102,0.000000,0.000000,0.000000,1,-0.002314,6900.517090,-0.157771,-971.937866,0.000001,0.008682,116.525307,1,-0.002653,6886.383301,-0.157448,-972.048157,0.000001,0.008683,116.523956,1,0.003369,5851.450195,0.801624,2809.505615,-0.000009,-0.030612,111.992653,1,0.003044,5840.233887,0.800089,2809.618896,-0.000009,-0.030613,111.993629,422.245941,25479.164062,3150.795166,1.544235,0.009998,-1.092685,0.000000,0.000000,0.000000,0.000000,0.000000,0.000000,0.000000,0.000000,0.000000
573,9.550000,54.434204,-0.000001,-5.373413,5.423525,-0.000236,40.346325,-3.007969,-0.000027,40.709171,6796.646,2,0.000000,4,4,112.101974,1,0,0,-0.000013,0.999999,-0.001559,-0.991086,0.000195,0.133226,0.000838,-0.000115,0.000000,0.000000,0.000000,1,-0.002291,6901.538574,-0.150361,-965.911316,0.000001,0.008628,116.645645,1,-0.002629,6887.376953,-0.152473,-966.009827,0.000001,0.008629,116.644310,1,0.003349,5850.796875,0.815160,2792.004395,-0.000009,-0.030421,112.101486,1,0.003025,5839.560547,0.813595,2792.191406,-0.000009,-0.030423,112.102463,419.026764,25479.914062,3127.154297,-0.881937,0.134099,-0.649286,0.000000,0.000000,0.000000,0.000000,0.000000,0.000000,0.000000,0.000000,0.000000
574,9.566667,54.524658,-0.000005,-4.700317,5.428897,-0.000237,40.386417,-3.007970,-0.000027,40.749622,6803.250,2,0.000000,4,4,112.209961,1,0,0,-0.000011,0.999999,-0.001545,-0.991086,0.000195,0.133225,0.000832,-0.000125,0.000000,0.000000,0.000000,1,-0.002267,6902.508301,-0.147810,-959.931763,0.000001,0.008575,116.765106,1,-0.002606,6888.328613,-0.147507,-960.001221,0.000001,0.008576,116.763786,1,0.003330,5850.148926,0.792643,2774.501709,-0.000009,-0.030230,112.209473,1,0.003005,5838.885742,0.798310,2774.652832,-0.000009,-0.030232,112.210449,415.852386,25480.498047,3103.323242,-1.373273,0.111916,-0.275939,0.000000,0.000000,0.000000,0.000000,0.000000,0.000000,0.000000,0.000000,0.000000
575,9.583333,54.615234,-0.000008,-4.026489,5.434228,-0.000232,40.426205,-3.007970,-0.000026,40.789764,6809.804,2,0.000000,4,4,112.317108,1,0,0,-0.000009,0.999999,-0.001532,-0.991086,0.000195,0.133225,0.000825,-0.000131,0.000000,0.000000,0.000000,1,-0.002244,6903.485352,-0.140422,-953.931885,0.000001,0.008521,116.883698,1,-0.002583,6889.272949,-0.140133,-954.008118,0.000001,0.008522,116.882385,1,0.003312,5849.503906,0.784578,2756.994629,-0.000009,-0.030040,112.316620,1,0.002986,5838.213379,0.783065,2757.216064,-0.000009,-0.030042,112.317596,412.671082,25481.099609,3079.602783,-3.561819,0.129284,0.110516,0.000000,0.000000,0.000000,0.000000,0.000000,0.000000,0.000000,0.000000,0.000000
576,9.600000,54.705933,-0.000012,-3.352051,5.439519,-0.000219,40.465687,-3.007971,-0.000026,40.829601,6816.307,2,0.000000,4,4,112.423424,1,0,0,-0.000007,0.999999,-0.001518,-0.991086,0.000196,0.133224,0.000807,-0.000134,0.000000,0.000000,0.000000,1,-0.002221,6904.413086,-0.133047,-947.904297,0.000001,0.008468,117.001419,1,-0.002561,6890.163086,-0.135187,-947.986267,0.000001,0.008468,117.000114,1,0.003293,5848.880859,0.776539,2739.704102,-0.000008,-0.029851,112.422935,1,0.002967,5837.561523,0.767861,2739.836426,-0.000008,-0.029853,112.423912,409.537018,25481.603516,3056.215820,-4.058999,-0.070401,0.455231,0.000000,0.000000,0.000000,0.000000,0.000000,0.000000,0.000000,0.000000,0.000000
577,9.616667,54.796631,-0.000015,-2.677002,5.444769,-0.000200,40.504868,-3.007971,-0.000026,40.869129,6822.759,2,0.000000,4,4,112.528893,1,0,0,-0.000005,0.999999,-0.001505,-0.991086,0.000196,0.133224,0.000786,-0.000132,0.000000,0.000000,0.000000,1,-0.002199,6905.291504,-0.132935,-941.923706,0.000001,0.008414,117.118263,1,-0.002540,6891.000977,-0.132660,-941.992432,0.000001,0.008415,117.116966,1,0.003275,5848.249512,0.797251,2722.297363,-0.000009,-0.029662,112.528404,1,0.002948,5836.893066,0.795704,2722.442627,-0.000009,-0.029663,112.529381,406.314911,25481.943359,3032.639648,-6.572741,0.097101,0.787540,0.000000,0.000000,0.000000,0.000000,0.000000,0.000000,0.000000,0.000000,0.000000
578,9.633333,54.887451,-0.000018,-2.001221,5.449978,-0.000177,40.543747,-3.007972,-0.000026,40.908363,6829.159,2,0.000000,4,4,112.633537,1,0,0,-0.000002,0.999999,-0.001493,-0.991086,0.000196,0.133224,0.000753,-0.000129,0.000000,0.000000,0.000000,1,-0.002178,6906.112793,-0.127994,-935.932739,0.000001,0.008361,117.234238,1,-0.002520,6891.791992,-0.125318,-935.971069,0.000001,0.008361,117.232948,1,0.003257,5847.663086,0.782057,2705.010254,-0.000009,-0.029473,112.633049,1,0.002929,5836.288086,0.780537,2705.177734,-0.000009,-0.029475,112.634026,403.200500,25482.314453,3009.345215,-8.005768,0.098541,1.006233,0.000000,0.000000,0.000000,0.000000,0.000000,0.000000,0.000000,0.000000,0.000000
579,9.650000,54.978394,-0.000021,-1.324829,5.455148,-0.000150,40.582329,-3.007972,-0.000025,40.947289,6835.511,2,0.000000,4,4,112.737343,1,0,0,-0.000000,0.999999,-0.001481,-0.991086,0.000197,0.133223,0.000714,-0.000125,0.000000,0.000000,0.000000,1,-0.002159,6906.891113,-0.125473,-929.952148,0.000001,0.008307,117.349342,1,-0.002501,6892.527832,-0.125213,-929.995911,0.000001,0.008308,117.348061,1,0.003240,5847.112305,0.774073,2687.679688,-0.000008,-0.029284,112.736855,1,0.002911,5835.708008,0.772564,2687.916504,-0.000008,-0.029287,112.737831,400.069489,25482.656250,2985.961670,-9.174862,0.145183,1.243777,0.000000,0.000000,0.000000,0.000000,0.000000,0.000000,0.000000,0.000000,0.000000
580,9.666667,55.069458,-0.000023,-0.647827,5.460277,-0.000118,40.620609,-3.007972,-0.000024,40.985912,6841.811,3,0.000000,4,5,121.559692,1,0,0,0.000002,0.999999,-0.001470,-0.991086,0.000197,0.133223,0.000668,-0.000118,0.000000,0.000000,0.000000,1,-0.002141,6907.565918,-0.118135,-923.973572,0.000001,0.008254,117.463577,1,-0.002484,6893.179199,-0.117889,-924.025391,0.000001,0.008254,117.462303,1,0.003223,5846.578613,0.751793,16561.189453,-0.000008,-0.085393,121.559166,1,0.002894,5835.147461,0.750324,16563.156250,-0.000008,-0.085403,121.560219,4098.329590,25482.789062,30498.257812,-3087.810059,2.060686,415.103577,0.000000,0.000000,0.000000,0.000000,0.000000,0.000000,0.000000,0.000000,0.000000
581,9.683333,55.161377,-0.000027,0.035645,5.512819,-0.000251,41.011612,-3.007972,-0.000014,41.380409,6841.811,3,0.000000,4,5,119.475021,1,0,0,-0.000031,0.999999,-0.001714,-0.991086,0.000198,0.133223,-0.014655,0.001943,0.000000,0.000000,0.000000,1,-0.002475,6879.133301,-0.068962,-3646.743408,0.000001,0.017282,117.576942,1,-0.002819,6864.724121,-0.068818,-3648.904785,0.000001,0.017289,117.575676,1,0.003636,5882.654297,0.420975,16943.447266,-0.000005,-0.122222,119.474518,1,0.003306,5871.182617,0.420154,16945.929688,-0.000005,-0.122238,119.475525,3473.750000,25498.000000,25847.648438,-2248.331787,-9.535796,301.046021,0.000000,0.000000,0.000000,0.000000,0.000000,0.000000,0.000000,0.000000,0.000000
582,9.700000,55.254028,-0.000030,0.724731,5.557354,-0.000156,41.342991,-3.007973,-0.000061,41.714733,6747.846,3,0.000000,4,5,117.342407,1,0,0,-0.000088,0.999998,-0.002144,-0.991086,0.000199,0.133221,-0.025814,0.003428,0.000000,0.000000,0.000000,1,-0.003069,6843.691406,-0.287071,-5455.740234,0.000001,0.028957,118.086021,1,-0.003414,6829.228027,-0.284530,-5457.687500,0.000001,0.028968,118.085068,1,0.004359,5923.400879,1.000662,12605.371094,-0.000007,-0.137345,117.341934,1,0.004027,5911.858887,0.999841,12584.387695,-0.000007,-0.137116,117.342880,1830.950195,25507.970703,13631.881836,-502.744537,-33.012886,69.170151,0.000000,0.000000,0.000000,0.000000,0.000000,0.000000,0.000000,0.000000,0.000000
583,9.716666,55.347046,-0.000027,1.416748,5.580828,0.000151,41.517757,-3.007977,-0.000223,41.891026,6640.952,3,0.000000,4,5,115.755043,1,0,0,-0.000151,0.999997,-0.002616,-0.991087,0.000199,0.133218,-0.028308,0.003785,0.000000,0.000000,0.000000,1,-0.003726,6813.696777,-0.761106,-2864.007568,0.000003,0.025584,118.858009,1,-0.004072,6799.251953,-0.762469,-2857.255371,0.000003,0.025524,118.857338,1,0.005145,5953.991211,2.923452,6144.983398,-0.000016,-0.066954,115.754410,1,0.004814,5942.437012,2.922631,6123.929688,-0.000016,-0.066725,115.755676,797.842529,25508.339844,5968.099609,577.050293,-8.486319,-76.840813,0.000000,0.000000,0.000000,0.000000,0.000000,0.000000,0.000000,0.000000,0.000000
584,9.733334,55.440186,-0.000018,2.109863,5.591057,0.000521,41.594273,-3.007982,-0.000265,41.968170,6526.088,3,0.000000,4,5,114.977493,1,0,0,-0.000208,0.999995,-0.003040,-0.991087,0.000199,0.133213,-0.025445,0.003410,0.000000,0.000000,0.000000,1,-0.004323,6791.269043,-0.217578,-2576.564941,0.000002,0.023016,119.253326,1,-0.004669,6776.833008,-0.219428,-2571.615967,0.000002,0.022972,119.251678,1,0.005846,5973.956543,4.609571,6059.622559,-0.000029,-0.066609,114.976692,1,0.005514,5962.399902,4.610716,6042.781738,-0.000029,-0.066397,114.978294,847.295349,25502.521484,6369.723145,606.767700,-0.659944,-86.121201,0.000000,0.000000,0.000000,0.000000,0.000000,0.000000,0.000000,0.000000,0.000000
585,9.750000,55.533447,-0.000005,2.804443,5.601920,0.000823,41.675934,-3.007986,-0.000268,42.050503,6411.419,3,0.000000,4,5,114.210381,1,0,0,-0.000257,0.999994,-0.003414,-0.991088,0.000200,0.133209,-0.022441,0.002941,0.000000,0.000000,0.000000,1,-0.004854,6771.812500,-0.107325,-2379.768799,0.000002,0.021258,119.606873,1,-0.005203,6757.235840,-0.109175,-2376.278320,0.000002,0.021227,119.604507,1,0.006458,5990.781738,6.091572,4536.236328,-0.000043,-0.060231,114.209450,1,0.006124,5979.053223,6.091481,4521.368652,-0.000043,-0.060037,114.211311,490.475891,25496.234375,3739.068359,964.237366,3.485656,-127.621872,0.000000,0.000000,0.000000,0.000000,0.000000,0.000000,0.000000,0.000000,0.000000
586,9.766666,55.626953,0.000013,3.499878,5.608208,0.001070,41.723869,-3.007990,-0.000251,42.098801,6292.194,3,0.000000,4,5,113.634102,1,0,0,-0.000295,0.999993,-0.003708,-0.991089,0.000201,0.133204,-0.017655,0.002326,0.000000,0.000000,0.000000,1,-0.005280,6758.462402,0.197248,-2076.784912,0.000000,0.018552,119.931816,1,-0.005629,6743.864746,0.195398,-2074.890625,0.000000,0.018535,119.928940,1,0.006933,6000.317383,7.370927,2887.218750,-0.000057,-0.049551,113.633049,1,0.006597,5988.562012,7.370835,2874.333740,-0.000057,-0.049377,113.635155,128.613586,25488.050781,1070.589355,1266.224609,8.273234,-168.628830,0.000000,0.000000,0.000000,0.000000,0.000000,0.000000,0.000000,0.000000,0.000000
587,9.783334,55.720459,0.000034,4.195557,5.609857,0.001235,41.737595,-3.007994,-0.000211,42.112595,6171.790,3,0.000000,4,5,113.264404,1,0,0,-0.000321,0.999992,-0.003898,-0.991089,0.000202,0.133201,-0.011370,0.001503,0.000000,0.000000,0.000000,1,-0.005563,6752.508789,0.403145,-1687.209961,-0.000001,0.015072,120.212723,1,-0.005913,6737.918457,0.401295,-1686.926880,-0.000001,0.015069,120.209572,1,0.007229,6001.580078,8.198322,1297.099243,-0.000069,-0.036404,113.263252,1,0.006893,5989.838867,8.198231,1286.060425,-0.000069,-0.036250,113.265556,-193.280350,25478.416016,-1308.940918,1483.305420,11.661569,-198.835098,0.000000,0.000000,0.000000,0.000000,0.000000,0.000000,0.000000,0.000000,0.000000
588,9.800000,55.813965,0.000055,4.890869,5.607378,0.001297,41.720814,-3.007996,-0.000153,42.095623,6052.275,3,0.000000,4,5,113.093918,1,0,0,-0.000329,0.999992,-0.003964,-0.991089,0.000202,0.133198,-0.004009,0.000521,0.000000,0.000000,0.000000,1,-0.005677,6754.702637,0.399065,-1244.547852,-0.000002,0.011118,120.437012,1,-0.006028,6740.090820,0.397216,-1245.786255,-0.000002,0.011129,120.433823,1,0.007320,5994.236816,8.453158,-92.438232,-0.000077,-0.022518,113.092674,1,0.006983,5982.473633,8.455032,-101.791992,-0.000077,-0.022383,113.095161,-445.940308,25468.095703,-3185.164307,1598.459351,14.138432,-214.454483,0.000000,0.000000,0.000000,0.000000,0.000000,0.000000,0.000000,0.000000,0.000000
589,9.816667,55.907349,0.000076,5.585571,5.601661,0.001242,41.679977,-3.007998,-0.000084,42.054401,5935.351,3,0.000000,4,5,113.097504,1,0,0,-0.000320,0.999992,-0.003899,-0.991090,0.000202,0.133197,0.003923,-0.000540,0.000000,0.000000,0.000000,1,-0.005607,6765.165039,0.136172,-787.944946,-0.000002,0.007039,120.596970,1,-0.005958,6750.538574,0.131925,-790.512024,-0.000002,0.007062,120.593956,1,0.007190,5978.489746,3.531921,-1187.767212,-0.000038,-0.009356,113.096191,1,0.006853,5966.745117,3.517873,-1195.630371,-0.000038,-0.009239,113.098816,-605.632385,25457.843750,-4451.426270,1609.623047,0.128936,-214.705002,0.000000,0.000000,0.000000,0.000000,0.000000,0.000000,0.000000,0.000000,0.000000
590,9.833333,56.000610,0.000094,6.279297,5.593897,0.001065,41.622910,-3.007999,-0.000083,41.996838,5822.141,3,0.000000,4,5,113.238297,1,0,0,-0.000294,0.999993,-0.003701,-0.991090,0.000202,0.133196,0.011914,-0.001592,0.000000,0.000000,0.000000,1,-0.005349,6783.547363,-0.070205,-356.434662,-0.000001,0.003184,120.690567,1,-0.005700,6768.954102,-0.075341,-359.398712,-0.000001,0.003211,120.687927,1,0.006840,5955.131836,2.975018,-1943.122803,-0.000032,0.001976,113.236923,1,0.006503,5943.439453,2.976290,-1949.112549,-0.000032,0.002073,113.239670,-690.006836,25448.628906,-5090.645508,1482.124146,1.428148,-197.997620,0.000000,0.000000,0.000000,0.000000,0.000000,0.000000,0.000000,0.000000,0.000000
591,9.850000,56.093750,0.000107,6.971924,5.585051,0.000770,41.557644,-3.008000,-0.000076,41.931023,5713.112,3,0.000000,4,5,113.473656,1,0,0,-0.000251,0.999994,-0.003379,-0.991090,0.000201,0.133195,0.019271,-0.002565,0.000000,0.000000,0.000000,1,-0.004916,6808.731934,-0.230384,-338.640808,0.000000,0.003125,120.721451,1,-0.005267,6794.168457,-0.234013,-344.787811,0.000000,0.003162,120.719238,1,0.006290,5925.816895,2.482742,-2354.446777,-0.000027,0.010764,113.472229,1,0.005954,5914.176270,2.470793,-2358.581787,-0.000027,0.010842,113.475082,-793.483765,25441.394531,-5870.543457,1318.774414,-0.903021,-175.307220,0.000000,0.000000,0.000000,0.000000,0.000000,0.000000,0.000000,0.000000,0.000000
592,9.866667,56.186768,0.000113,7.663208,5.574878,0.000380,41.482380,-3.008002,-0.000081,41.855133,5608.090,3,0.000000,4,5,113.760460,1,0,0,-0.000194,0.999996,-0.002949,-0.991090,0.000201,0.133193,0.025819,-0.003418,0.000000,0.000000,0.000000,1,-0.004327,6839.748047,-0.392123,102.840210,0.000001,0.001624,120.749748,1,-0.004675,6825.274414,-0.395752,97.084076,0.000001,0.001666,120.748428,1,0.005564,5891.636719,2.557727,-2413.860840,-0.000028,0.016531,113.758995,1,0.005229,5880.091309,2.545672,-2416.068848,-0.000028,0.016589,113.761925,-690.963806,25436.384766,-5109.052734,946.493103,2.617515,-130.064560,0.000000,0.000000,0.000000,0.000000,0.000000,0.000000,0.000000,0.000000,0.000000
593,9.883333,56.279541,0.000112,8.353516,5.566019,-0.000090,41.416878,-3.008003,-0.000068,41.789093,5506.366,3,0.000000,4,5,114.054588,1,0,0,-0.000126,0.999997,-0.002440,-0.991090,0.000200,0.133192,0.030515,-0.004090,0.000000,0.000000,0.000000,1,-0.003619,6874.054199,-0.525844,543.218079,0.000003,-0.000780,120.713882,1,-0.003968,6859.515625,-0.529473,538.225464,0.000003,-0.000737,120.713402,1,0.004714,5855.949707,1.969521,-2226.306396,-0.000021,0.019399,114.053101,1,0.004380,5844.381348,1.965636,-2226.692139,-0.000021,0.019437,114.056076,-521.698853,25434.832031,-3860.364014,519.793518,5.246680,-69.162857,0.000000,0.000000,0.000000,0.000000,0.000000,0.000000,0.000000,0.000000,0.000000
594,9.900000,56.372192,0.000101,9.042969,5.559330,-0.000602,41.367386,-3.008004,-0.000042,41.739197,5406.670,3,0.000000,4,5,114.325096,1,0,0,-0.000052,0.999998,-0.001889,-0.991090,0.000200,0.133192,0.033098,-0.004427,0.000000,0.000000,0.000000,1,-0.002844,6909.238770,-0.239186,890.567383,0.000002,-0.003443,120.614014,1,-0.003192,6894.719727,-0.241047,886.517700,0.000002,-0.003403,120.614258,1,0.003802,5821.124023,1.169112,-337.749176,-0.000013,0.003680,114.323601,1,0.003468,5809.609863,1.166802,-320.250427,-0.000013,0.003489,114.326591,77.601105,25437.007812,591.369385,-234.835526,18.564476,29.753229,0.000000,0.000000,0.000000,0.000000,0.000000,0.000000,0.000000,0.000000,0.000000
595,9.916667,56.464844,0.000083,9.732666,5.560325,-0.001129,41.374966,-3.008003,0.000049,41.746880,5307.753,3,0.000000,4,5,114.357750,1,0,0,0.000020,0.999999,-0.001357,-0.991090,0.000200,0.133193,0.031932,-0.004296,0.000000,0.000000,0.000000,1,-0.002087,6940.196289,-0.169678,495.218445,0.000002,-0.004424,120.463661,1,-0.002435,6925.625000,-0.171539,495.171997,0.000002,-0.004423,120.464493,1,0.002931,5793.124512,0.609076,-274.254730,-0.000010,0.002988,114.356392,1,0.002597,5781.590820,0.606765,-260.684357,-0.000010,0.002840,114.359108,-9.841965,25444.183594,-66.672913,-313.077301,15.410073,41.000477,0.000000,0.000000,0.000000,0.000000,0.000000,0.000000,0.000000,0.000000,0.000000
596,9.933333,56.557495,0.000056,10.422241,5.560199,-0.001574,41.374111,-3.008001,0.000125,41.746037,5199.663,3,0.000000,4,5,114.382690,1,0,0,0.000088,1.000000,-0.000850,-0.991090,0.000200,0.133195,0.030379,-0.004102,0.000000,0.000000,0.000000,1,-0.001358,6969.563477,-0.148672,341.064911,0.000002,-0.003047,120.370766,1,-0.001706,6954.929688,-0.150533,340.706329,0.000002,-0.003044,120.371605,1,0.002110,5767.364746,-0.547915,-130.076767,-0.000004,0.001417,114.381439,1,0.001776,5755.798340,-0.552191,-119.664314,-0.000004,0.001304,114.383942,-10.703891,25452.367188,-90.167191,-445.461700,8.154942,56.363819,0.000000,0.000000,0.000000,0.000000,0.000000,0.000000,0.000000,0.000000,0.000000
597,9.950000,56.650146,0.000024,11.111816,5.560061,-0.001929,41.372955,-3.007998,0.000165,41.744884,5200.797,3,0.000000,4,5,114.979858,1,0,0,0.000152,1.000000,-0.000381,-0.991090,0.000202,0.133198,0.028166,-0.003854,0.000000,0.000000,0.000000,1,-0.000673,6996.451172,-0.191818,224.857941,0.000002,-0.002009,120.300278,1,-0.001024,6981.657715,-0.189018,224.476120,0.000002,-0.002005,120.301170,1,0.001358,5744.885254,-1.819433,734.933716,0.000005,-0.002081,114.978691,1,0.001022,5733.205078,-1.822473,747.704102,0.000005,-0.002204,114.981026,191.689575,25461.785156,1396.088379,-719.943237,5.665557,96.449142,0.000000,0.000000,0.000000,0.000000,0.000000,0.000000,0.000000,0.000000,0.000000
598,9.966666,56.742798,-0.000012,11.801636,5.562519,-0.002185,41.390854,-3.007995,0.000193,41.762955,5227.949,3,0.000000,4,5,115.466820,1,0,0,0.000209,1.000000,0.000029,-0.991089,0.000203,0.133201,0.024594,-0.003378,0.000000,0.000000,0.000000,1,-0.000067,7018.683105,-0.618449,39.162037,0.000003,-0.000350,120.246681,1,-0.000419,7003.795410,-0.618046,39.021126,0.000003,-0.000349,120.247627,1,0.000710,5727.809082,-3.187963,1712.303955,0.000016,-0.008234,115.465752,1,0.000372,5716.061523,-3.189037,1725.478149,0.000016,-0.008364,115.467888,406.182922,25472.507812,2965.039551,-955.763977,1.858589,131.747055,0.000000,0.000000,0.000000,0.000000,0.000000,0.000000,0.000000,0.000000,0.000000
599,9.983334,56.835571,-0.000051,12.492065,5.567727,-0.002326,41.428867,-3.007992,0.000202,41.801323,5250.091,3,0.000000,4,5,115.829903,1,0,0,0.000253,1.000000,0.000360,-0.991089,0.000203,0.133204,0.019856,-0.002694,0.000000,0.000000,0.000000,1,0.000432,7035.176270,-0.920616,-163.741837,0.000005,0.000323,120.220070,1,0.000078,7020.294434,-0.916310,-163.959457,0.000005,0.000324,120.221039,1,0.000195,5716.876465,-4.446092,2662.811768,0.000028,-0.015947,115.828941,1,-0.000143,5705.188965,-4.448403,2676.292969,0.000028,-0.016083,115.830864,608.354248,25483.943359,4445.781250,-1134.789917,-1.512022,153.543869,0.000000,0.000000,0.000000,0.000000,0.000000,0.000000,0.000000,0.000000,0.000000
600,10.000000,56.928467,-0.000090,13.183472,5.575526,-0.002339,41.485863,-3.007988,0.000195,41.858845,5266.599,3,0.000000,4,5,116.072807,1,0,0,0.000285,1.000000,0.000597,-0.991088,0.000203,0.133207,0.014225,-0.001922,0.000000,0.000000,0.000000,1,0.000800,7045.286621,-0.613985,-526.443054,0.000005,0.001949,120.222946,1,0.000446,7030.398926,-0.615086,-526.554932,0.000005,0.001950,120.223946,1,-0.000162,5712.517090,-5.501430,3496.375732,0.000040,-0.024168,116.071953,1,-0.000501,5700.828613,-5.503740,3510.128418,0.000040,-0.024310,116.073662,735.161255,25495.324219,5377.855469,-1210.386963,-6.768288,164.011200,0.000000,0.000000,0.000000,0.000000,0.000000,0.000000,0.000000,0.000000,0.000000
601,10.016666,57.021606,-0.000127,13.876099,5.584951,-0.002220,41.554810,-3.007985,0.000162,41.928425,5277.644,3,0.000000,4,5,116.210533,1,0,0,0.000304,1.000000,0.000734,-0.991088,0.000203,0.133210,0.008220,-0.001096,0.000000,0.000000,0.000000,1,0.001027,7049.014160,-0.620495,-964.678467,0.000006,0.004424,120.278534,1,0.000673,7034.167480,-0.619184,-964.481323,0.000006,0.004424,120.279549,1,-0.000354,5714.259766,-6.181908,4168.496094,0.000050,-0.032056,116.209793,1,-0.000694,5702.609375,-6.184218,4182.588379,0.000050,-0.032202,116.211273,798.699829,25505.912109,5840.180664,-1205.501099,-9.990979,163.410110,0.000000,0.000000,0.000000,0.000000,0.000000,0.000000,0.000000,0.000000,0.000000
602,10.033334,57.114868,-0.000160,14.569946,5.595191,-0.001974,41.629684,-3.007984,0.000113,42.003998,5283.906,3,0.000000,4,5,116.263596,1,0,0,0.000308,1.000000,0.000771,-0.991088,0.000203,0.133212,0.002238,-0.000272,0.000000,0.000000,0.000000,1,0.001111,7046.679688,-0.467973,-1416.997559,0.000004,0.007480,120.397812,1,0.000758,7031.882324,-0.469383,-1416.269775,0.000004,0.007478,120.398804,1,-0.000384,5721.466309,-6.383746,4658.038086,0.000057,-0.038996,116.262970,1,-0.000722,5709.875977,-6.384091,4672.539062,0.000057,-0.039147,116.264221,808.596802,25515.017578,5912.993164,-1140.867188,-11.609353,154.047318,0.000000,0.000000,0.000000,0.000000,0.000000,0.000000,0.000000,0.000000,0.000000
603,10.050000,57.208252,-0.000187,15.265015,5.605557,-0.001615,41.705494,-3.007983,0.000056,42.080509,5286.318,3,0.000000,4,5,116.255119,1,0,0,0.000300,1.000000,0.000714,-0.991087,0.000202,0.133213,-0.003425,0.000500,0.000000,0.000000,0.000000,1,0.001058,7038.805176,-0.169888,-973.634155,0.000002,0.008697,120.582832,1,0.000706,7024.072754,-0.169532,-970.549194,0.000002,0.008670,120.583717,1,-0.000262,5733.326660,-2.899453,4964.270508,0.000032,-0.044599,116.254616,1,-0.000599,5721.780273,-2.893608,4979.210938,0.000032,-0.044754,116.255623,1000.922485,25522.035156,7400.690918,-1208.156128,2.984462,162.452652,0.000000,0.000000,0.000000,0.000000,0.000000,0.000000,0.000000,0.000000,0.000000
604,10.066667,57.301880,-0.000206,15.961670,5.618390,-0.001176,41.800373,-3.007982,0.000070,42.176250,5285.933,3,0.000000,4,5,116.208252,1,0,0,0.000278,1.000000,0.000557,-0.991087,0.000201,0.133214,-0.009422,0.001308,0.000000,0.000000,0.000000,1,0.000859,7024.441406,-0.083603,-1234.651489,0.000001,0.011029,120.703415,1,0.000508,7009.768555,-0.088041,-1231.921387,0.000001,0.011005,120.703850,1,0.000020,5751.121582,-2.819681,3048.198486,0.000031,-0.033212,116.207870,1,-0.000316,5739.614746,-2.820862,3044.124512,0.000031,-0.033168,116.208633,417.672699,25527.763672,3063.766113,-579.814270,-14.113832,77.596230,0.000000,0.000000,0.000000,0.000000,0.000000,0.000000,0.000000,0.000000,0.000000
605,10.083333,57.395630,-0.000217,16.659058,5.623744,-0.000636,41.839653,-3.007982,0.000001,42.215912,5283.802,3,0.000000,4,5,116.402893,1,0,0,0.000250,1.000000,0.000352,-0.991087,0.000201,0.133214,-0.012302,0.001690,0.000000,0.000000,0.000000,1,0.000584,7009.784668,-0.019002,-1158.196533,0.000000,0.010346,120.861931,1,0.000235,6995.159180,-0.018962,-1155.706421,0.000000,0.010324,120.861969,1,0.000373,5766.873047,-0.095990,4093.536621,0.000001,-0.037440,116.402473,1,0.000038,5755.394531,-0.088956,4090.719971,0.000001,-0.037401,116.403313,711.011169,25528.544922,5288.113281,-705.490601,-4.134236,94.191772,0.000000,0.000000,0.000000,0.000000,0.000000,0.000000,0.000000,0.000000,0.000000
606,10.100000,57.489502,-0.000218,17.357544,5.632860,-0.000093,41.907448,-3.007982,-0.000019,42.284313,5292.652,3,0.000000,4,5,116.465874,1,0,0,0.000214,1.000000,0.000089,-0.991087,0.000200,0.133214,-0.015806,0.002153,0.000000,0.000000,0.000000,1,0.000220,6990.774414,-0.090906,-1238.027100,0.000000,0.011059,121.009338,1,-0.000129,6976.194336,-0.088470,-1235.830688,0.000000,0.011040,121.009010,1,0.000815,5786.605469,0.090689,2864.580078,0.000000,-0.031212,116.465439,1,0.000481,5775.125488,0.095758,2863.408691,0.000000,-0.031199,116.466309,362.033386,25528.580078,2693.520264,-259.971039,-2.609440,36.867958,0.000000,0.000000,0.000000,0.000000,0.000000,0.000000,0.000000,0.000000,0.000000
607,10.116667,57.583496,-0.000211,18.056641,5.637502,0.000474,41.941978,-3.007982,-0.000032,42.319153,5295.516,3,0.000000,4,5,116.682625,1,0,0,0.000175,1.000000,-0.000196,-0.991087,0.000199,0.133213,-0.017097,0.002354,0.000000,0.000000,0.000000,1,-0.000184,6972.181641,-0.014140,-1136.604126,0.000000,0.010153,121.168350,1,-0.000531,6957.701172,-0.014111,-1135.050049,0.000000,0.010139,121.167702,1,0.001283,5804.076660,0.362381,3902.687012,-0.000001,-0.035410,116.682182,1,0.000950,5792.670410,0.368685,3903.040283,-0.000001,-0.035404,116.683067,664.942383,25525.025391,4952.359375,-388.610443,-0.513835,53.152676,0.000000,0.000000,0.000000,0.000000,0.000000,0.000000,0.000000,0.000000,0.000000
608,10.133333,57.677612,-0.000194,18.756592,5.646027,0.000992,42.005470,-3.007983,-0.000035,42.383209,5305.372,3,0.000000,4,5,116.768532,1,0,0,0.000131,1.000000,-0.000513,-0.991087,0.000198,0.133212,-0.019026,0.002626,0.000000,0.000000,0.000000,1,-0.000642,6950.801758,0.052970,-1199.168457,-0.000000,0.010712,121.312614,1,-0.000987,6936.417480,0.053000,-1197.833862,-0.000000,0.010700,121.311745,1,0.001796,5824.065430,0.605052,3023.606934,-0.000003,-0.032945,116.768089,1,0.001465,5812.738770,0.611357,3022.687500,-0.000003,-0.032934,116.768974,413.031677,25521.052734,3082.846191,-35.076256,-0.997350,1.029657,0.000000,0.000000,0.000000,0.000000,0.000000,0.000000,0.000000,0.000000,0.000000
609,10.150000,57.771851,-0.000169,19.457397,5.651322,0.001481,42.044994,-3.007983,-0.000040,42.423077,5309.277,3,0.000000,4,5,116.964470,1,0,0,0.000088,1.000000,-0.000833,-0.991087,0.000198,0.133212,-0.019207,0.002598,0.000000,0.000000,0.000000,1,-0.001111,6930.665527,0.082674,-1130.918213,-0.000000,0.010102,121.465973,1,-0.001456,6916.269043,0.080307,-1130.004150,-0.000000,0.010094,121.464912,1,0.002306,5841.580078,0.852753,4056.148926,-0.000005,-0.037120,116.964020,1,0.001976,5830.187500,0.861022,4056.848633,-0.000006,-0.037117,116.964920,705.781372,25514.476562,5265.065918,-164.179153,1.291258,18.721405,0.000000,0.000000,0.000000,0.000000,0.000000,0.000000,0.000000,0.000000,0.000000
610,10.166667,57.866211,-0.000138,20.159302,5.660370,0.001885,42.112495,-3.007984,-0.000033,42.491173,5318.187,3,0.000000,4,5,117.030319,1,0,0,0.000043,0.999999,-0.001167,-0.991088,0.000199,0.133211,-0.020028,0.002661,0.000000,0.000000,0.000000,1,-0.001605,6908.961426,0.140523,-1212.621216,-0.000001,0.010832,121.609413,1,-0.001950,6894.483398,0.139662,-1211.774902,-0.000001,0.010825,121.608223,1,0.002834,5860.660156,1.005386,2868.673340,-0.000008,-0.031256,117.029869,1,0.002502,5849.157227,1.012419,2868.051514,-0.000008,-0.031250,117.030769,366.806885,25507.986328,2746.291748,249.316589,-0.563305,-33.261269,0.000000,0.000000,0.000000,0.000000,0.000000,0.000000,0.000000,0.000000,0.000000
611,10.183333,57.960693,-0.000101,20.861816,5.665073,0.002233,42.147705,-3.007985,-0.000036,42.526684,5321.181,3,0.000000,4,5,117.244911,1,0,0,0.000002,0.999999,-0.001480,-0.991088,0.000199,0.133211,-0.018792,0.002499,0.000000,0.000000,0.000000,1,-0.002077,6890.168457,0.071845,-1120.654541,-0.000001,0.010011,121.764732,1,-0.002423,6875.666504,0.069382,-1120.186523,-0.000001,0.010007,121.763412,1,0.003320,5875.460938,1.203171,3896.043213,-0.000010,-0.035411,117.244453,1,0.002988,5863.928223,1.210205,3897.024658,-0.000010,-0.035411,117.245369,664.808044,25499.062500,4965.363281,84.888008,1.528975,-11.935996,0.000000,0.000000,0.000000,0.000000,0.000000,0.000000,0.000000,0.000000,0.000000
612,10.200000,58.055298,-0.000060,21.565308,5.673596,0.002466,42.211365,-3.007985,-0.000029,42.590885,5330.937,3,0.000000,4,5,117.330009,1,0,0,-0.000039,0.999998,-0.001787,-0.991088,0.000200,0.133210,-0.018372,0.002435,0.000000,0.000000,0.000000,1,-0.002542,6870.971191,0.069230,-1185.831787,-0.000001,0.010593,121.906685,1,-0.002889,6856.431152,0.069083,-1185.344604,-0.000001,0.010589,121.905296,1,0.003792,5890.990723,1.297255,3007.084717,-0.000011,-0.032764,117.329559,1,0.003459,5879.417480,1.304289,3006.128174,-0.000011,-0.032754,117.330460,409.947113,25491.078125,3070.597900,389.479248,0.065869,-53.367191,0.000000,0.000000,0.000000,0.000000,0.000000,0.000000,0.000000,0.000000,0.000000
613,10.216666,58.149902,-0.000016,22.269531,5.678852,0.002619,42.250732,-3.007986,-0.000028,42.630581,5334.807,3,0.000000,4,5,117.526421,1,0,0,-0.000075,0.999998,-0.002061,-0.991088,0.000200,0.133209,-0.016441,0.002161,0.000000,0.000000,0.000000,1,-0.002965,6855.035645,0.002300,-1120.605713,-0.000000,0.010010,122.058105,1,-0.003313,6840.437988,0.004591,-1120.345215,-0.000000,0.010008,122.056648,1,0.004207,5902.538574,1.392935,4030.477295,-0.000013,-0.036903,117.525963,1,0.003873,5890.883301,1.398004,4031.061523,-0.000013,-0.036899,117.526878,699.956543,25481.820312,5228.735352,204.627609,1.980271,-28.386250,0.000000,0.000000,0.000000,0.000000,0.000000,0.000000,0.000000,0.000000,0.000000
614,10.233334,58.244751,0.000028,22.974854,5.687825,0.002652,42.317768,-3.007986,-0.000019,42.698193,5343.737,3,0.000000,4,5,117.593880,1,0,0,-0.000108,0.999997,-0.002318,-0.991088,0.000201,0.133209,-0.015427,0.002012,0.000000,0.000000,0.000000,1,-0.003365,6839.276367,-0.036049,-1201.269165,0.000000,0.010731,122.200050,1,-0.003715,6824.589844,-0.033758,-1200.962036,0.000000,0.010728,122.198555,1,0.004593,5914.478027,0.709137,2868.902832,-0.000008,-0.031259,117.593430,1,0.004257,5902.743164,0.707731,2868.040527,-0.000008,-0.031249,117.594330,370.020813,25473.923828,2763.104980,552.536804,-2.172691,-71.269691,0.000000,0.000000,0.000000,0.000000,0.000000,0.000000,0.000000,0.000000,0.000000
615,10.250000,58.339600,0.000072,23.680786,5.692569,0.002609,42.353191,-3.007987,-0.000029,42.733910,5346.805,3,0.000000,4,5,117.806839,1,0,0,-0.000136,0.999997,-0.002529,-0.991088,0.000202,0.133209,-0.012681,0.001685,0.000000,0.000000,0.000000,1,-0.003701,6827.852539,-0.074251,-1114.773193,0.000000,0.009958,122.353714,1,-0.004052,6813.209473,-0.069564,-1114.636841,0.000000,0.009957,122.352173,1,0.004903,5921.374512,1.025509,3889.654297,-0.000009,-0.035387,117.806381,1,0.004567,5909.667969,1.022137,3890.364258,-0.000009,-0.035384,117.807297,664.521912,25465.136719,4958.419922,326.895203,0.365914,-41.707493,0.000000,0.000000,0.000000,0.000000,0.000000,0.000000,0.000000,0.000000,0.000000
616,10.266666,58.434570,0.000113,24.387695,5.701089,0.002449,42.416759,-3.007987,-0.000027,42.798023,5356.487,3,0.000000,4,5,117.891136,1,0,0,-0.000161,0.999996,-0.002713,-0.991088,0.000201,0.133208,-0.011055,0.001498,0.000000,0.000000,0.000000,1,-0.003998,6817.112305,-0.043292,-1180.767578,0.000000,0.010548,122.494812,1,-0.004348,6802.515137,-0.040926,-1180.518188,0.000000,0.010546,122.493248,1,0.005170,5928.463379,1.129186,2990.083008,-0.000010,-0.032579,117.890686,1,0.004834,5916.808105,1.130980,2989.118408,-0.000010,-0.032569,117.891586,406.580353,25458.371094,3041.356934,576.918030,0.393595,-80.117752,0.000000,0.000000,0.000000,0.000000,0.000000,0.000000,0.000000,0.000000,0.000000
617,10.283334,58.529663,0.000150,25.095337,5.706302,0.002221,42.455750,-3.007987,-0.000026,42.837341,5360.320,3,0.000000,4,5,118.088051,1,0,0,-0.000179,0.999996,-0.002850,-0.991088,0.000202,0.133208,-0.008195,0.001077,0.000000,0.000000,0.000000,1,-0.004224,6810.576172,-0.136767,-1116.818237,0.000001,0.009977,122.645500,1,-0.004575,6795.924805,-0.139195,-1116.799561,0.000001,0.009976,122.643898,1,0.005362,5931.281738,0.847844,4009.325684,-0.000009,-0.036701,118.087593,1,0.005025,5919.547852,0.853103,4009.916992,-0.000009,-0.036697,118.088509,695.944275,25451.457031,5188.647461,334.790009,1.353266,-48.212986,0.000000,0.000000,0.000000,0.000000,0.000000,0.000000,0.000000,0.000000,0.000000
618,10.300000,58.624878,0.000181,25.803955,5.715224,0.001898,42.522270,-3.007988,-0.000019,42.904442,5369.273,3,0.000000,4,5,118.156532,1,0,0,-0.000193,0.999996,-0.002959,-0.991088,0.000203,0.133207,-0.006536,0.000808,0.000000,0.000000,0.000000,1,-0.004406,6804.833008,-0.083946,-1196.436646,0.000001,0.010688,122.786896,1,-0.004759,6790.037598,-0.081499,-1196.261108,0.000001,0.010686,122.785286,1,0.005513,5934.476074,0.583167,2864.973389,-0.000006,-0.031216,118.156082,1,0.005174,5922.617676,0.582002,2863.972168,-0.000006,-0.031205,118.156982,369.859070,25446.945312,2759.330811,619.951416,-1.634892,-85.769707,0.000000,0.000000,0.000000,0.000000,0.000000,0.000000,0.000000,0.000000,0.000000
619,10.316667,58.720215,0.000207,26.513306,5.719966,0.001537,42.557648,-3.007988,-0.000027,42.940125,5372.388,3,0.000000,4,5,118.368362,1,0,0,-0.000199,0.999995,-0.003017,-0.991088,0.000205,0.133207,-0.003461,0.000360,0.000000,0.000000,0.000000,1,-0.004509,6803.704590,-0.129194,-1113.194824,0.000001,0.009944,122.939857,1,-0.004866,6788.745117,-0.128910,-1113.158447,0.000001,0.009944,122.938225,1,0.005585,5932.955078,0.811111,3884.231689,-0.000007,-0.035338,118.367905,1,0.005244,5920.940430,0.809947,3884.786621,-0.000007,-0.035334,118.368820,663.285156,25442.345703,4945.223145,346.274841,1.205919,-48.966759,0.000000,0.000000,0.000000,0.000000,0.000000,0.000000,0.000000,0.000000,0.000000
620,10.333333,58.815674,0.000225,27.223633,5.728469,0.001105,42.621048,-3.007988,-0.000021,43.004089,5382.019,3,0.000000,4,5,118.451706,1,0,0,-0.000200,0.999995,-0.003046,-0.991088,0.000207,0.133206,-0.001743,0.000095,0.000000,0.000000,0.000000,1,-0.004566,6803.299805,-0.117679,-1179.904907,0.000001,0.010540,123.080727,1,-0.004926,6788.135742,-0.117417,-1179.713013,0.000001,0.010538,123.079086,1,0.005617,5931.993652,0.581579,2971.325439,-0.000006,-0.032375,118.451256,1,0.005271,5919.801270,0.580384,2969.962402,-0.000006,-0.032360,118.452156,402.278717,25440.359375,3000.011475,550.226807,-1.662548,-75.814384,0.000000,0.000000,0.000000,0.000000,0.000000,0.000000,0.000000,0.000000,0.000000
621,10.350000,58.911255,0.000236,27.934570,5.733627,0.000661,42.659512,-3.007989,-0.000030,43.042908,5385.808,3,0.000000,4,5,118.649361,1,0,0,-0.000195,0.999995,-0.003029,-0.991088,0.000210,0.133206,0.000987,-0.000299,0.000000,0.000000,0.000000,1,-0.004551,6806.814453,-0.140257,-1115.933472,0.000001,0.009969,123.231285,1,-0.004916,6791.423828,-0.139940,-1115.834473,0.000001,0.009968,123.229622,1,0.005580,5927.234375,0.831139,3991.605469,-0.000007,-0.036501,118.648895,1,0.005230,5914.840332,0.829944,3991.830322,-0.000007,-0.036493,118.649826,690.750244,25438.632812,5149.738770,267.445892,1.132449,-37.344688,0.000000,0.000000,0.000000,0.000000,0.000000,0.000000,0.000000,0.000000,0.000000
622,10.366667,59.006958,0.000239,28.646606,5.742483,0.000180,42.725533,-3.007989,-0.000024,43.109520,5394.795,3,0.000000,4,5,118.718437,1,0,0,-0.000187,0.999995,-0.002991,-0.991088,0.000213,0.133206,0.002314,-0.000497,0.000000,0.000000,0.000000,1,-0.004497,6810.668945,-0.119780,-1194.931519,0.000001,0.010674,123.372551,1,-0.004868,6795.021484,-0.119505,-1194.672852,0.000001,0.010672,123.370872,1,0.005514,5923.495117,0.689680,2858.957764,-0.000008,-0.031151,118.717972,1,0.005159,5910.905762,0.701979,2857.927979,-0.000008,-0.031139,118.718903,367.803711,25439.693359,2745.220703,507.044220,-0.988929,-68.796860,0.000000,0.000000,0.000000,0.000000,0.000000,0.000000,0.000000,0.000000,0.000000
623,10.383333,59.102783,0.000235,29.359253,5.747198,-0.000274,42.760727,-3.007990,-0.000029,43.145039,5397.936,3,0.000000,4,5,118.929367,1,0,0,-0.000173,0.999996,-0.002910,-0.991088,0.000216,0.133205,0.004832,-0.000845,0.000000,0.000000,0.000000,1,-0.004378,6818.357910,-0.131121,-1113.188477,0.000001,0.009944,123.525299,1,-0.004753,6802.470703,-0.133071,-1113.104980,0.000001,0.009943,123.523582,1,0.005386,5915.873047,0.939240,3881.202881,-0.000009,-0.035285,118.928894,1,0.005026,5903.081055,0.953504,3881.792236,-0.000009,-0.035280,118.929840,661.514160,25440.603516,4934.104492,199.203201,1.672944,-26.872339,0.000000,0.000000,0.000000,0.000000,0.000000,0.000000,0.000000,0.000000,0.000000
624,10.400000,59.198730,0.000222,30.073120,5.755679,-0.000735,42.823986,-3.007990,-0.000021,43.208866,5407.526,3,0.000000,4,5,119.011436,1,0,0,-0.000157,0.999996,-0.002813,-0.991088,0.000219,0.133205,0.005822,-0.000980,0.000000,0.000000,0.000000,1,-0.004227,6825.872070,-0.108473,-1180.860596,0.000001,0.010549,123.666161,1,-0.004609,6809.734863,-0.108217,-1180.643555,0.000001,0.010547,123.664436,1,0.005238,5909.729004,0.576662,2951.051270,-0.000006,-0.032154,119.010971,1,0.004872,5896.747070,0.575396,2949.473877,-0.000006,-0.032137,119.011902,395.878632,25444.095703,2952.495361,372.038818,-2.429663,-47.459873,0.000000,0.000000,0.000000,0.000000,0.000000,0.000000,0.000000,0.000000,0.000000
625,10.416667,59.294800,0.000203,30.787476,5.760755,-0.001144,42.861839,-3.007991,-0.000033,43.247074,5411.258,3,0.000000,4,5,119.209991,1,0,0,-0.000137,0.999996,-0.002685,-0.991089,0.000222,0.133204,0.007673,-0.001193,0.000000,0.000000,0.000000,1,-0.004028,6836.198730,-0.117587,-1115.465820,0.000001,0.009964,123.816864,1,-0.004414,6819.905273,-0.115051,-1115.370972,0.000001,0.009964,123.815102,1,0.005045,5900.721680,0.885174,3976.141602,-0.000008,-0.036300,119.209511,1,0.004674,5887.650879,0.883907,3976.214844,-0.000008,-0.036289,119.210472,685.867432,25447.582031,5114.642578,57.423805,-0.471972,-2.079724,0.000000,0.000000,0.000000,0.000000,0.000000,0.000000,0.000000,0.000000,0.000000
626,10.433333,59.390991,0.000178,31.502930,5.769548,-0.001529,42.927410,-3.007991,-0.000035,43.313255,5420.286,3,0.000000,4,5,119.279358,1,0,0,-0.000118,0.999997,-0.002552,-0.991089,0.000223,0.133204,0.007967,-0.001153,0.000000,0.000000,0.000000,1,-0.003817,6845.476562,-0.070088,-1194.000244,0.000001,0.010666,123.958061,1,-0.004205,6829.180664,-0.069921,-1193.698730,0.000001,0.010663,123.956284,1,0.004849,5893.788086,1.068465,2852.890137,-0.000009,-0.031084,119.278877,1,0.004476,5880.749023,1.067198,2851.873779,-0.000009,-0.031073,119.279839,364.898163,25453.269531,2729.973633,273.819397,-0.858152,-31.722845,0.000000,0.000000,0.000000,0.000000,0.000000,0.000000,0.000000,0.000000,0.000000
627,10.450000,59.487183,0.000147,32.218994,5.774226,-0.001833,42.962410,-3.007992,-0.000039,43.348579,5423.440,3,0.000000,4,5,119.489380,1,0,0,-0.000097,0.999997,-0.002397,-0.991089,0.000224,0.133203,0.009333,-0.001264,0.000000,0.000000,0.000000,1,-0.003570,6857.234863,-0.052048,-1112.781494,0.000000,0.009940,124.110672,1,-0.003959,6840.995117,-0.051925,-1112.765015,0.000000,0.009940,124.108849,1,0.004620,5884.141113,1.275319,3880.637451,-0.000011,-0.035241,119.488892,1,0.004247,5871.191895,1.274053,3881.334229,-0.000011,-0.035237,119.489868,659.954102,25458.488281,4928.707031,-47.654728,1.068813,10.975254,0.000000,0.000000,0.000000,0.000000,0.000000,0.000000,0.000000,0.000000,0.000000
628,10.466666,59.583618,0.000112,32.936035,5.782687,-0.002093,43.025597,-3.007993,-0.000034,43.412342,5432.989,3,0.000000,4,5,119.569839,1,0,0,-0.000077,0.999997,-0.002245,-0.991089,0.000223,0.133203,0.009103,-0.001169,0.000000,0.000000,0.000000,1,-0.003326,6867.351562,-0.018104,-1181.366455,0.000000,0.010553,124.251480,1,-0.003713,6851.248047,-0.020319,-1181.263306,0.000000,0.010552,124.249649,1,0.004400,5877.037598,1.400861,2930.457764,-0.000012,-0.031930,119.569351,1,0.004029,5864.253906,1.397630,2929.336670,-0.000012,-0.031917,119.570328,387.783936,25465.466797,2906.016113,129.268997,0.310774,-16.736807,0.000000,0.000000,0.000000,0.000000,0.000000,0.000000,0.000000,0.000000,0.000000
629,10.483334,59.680054,0.000075,33.653687,5.787659,-0.002260,43.062855,-3.007993,-0.000032,43.449944,5436.648,3,0.000000,4,5,119.769279,1,0,0,-0.000056,0.999998,-0.002083,-0.991089,0.000222,0.133202,0.009746,-0.001246,0.000000,0.000000,0.000000,1,-0.003064,6879.003418,-0.094801,-1113.783081,0.000000,0.009949,124.402252,1,-0.003449,6862.982422,-0.094620,-1113.880371,0.000000,0.009950,124.400406,1,0.004166,5868.141602,1.179531,3961.663330,-0.000013,-0.036100,119.768784,1,0.003796,5855.415527,1.176975,3962.239990,-0.000013,-0.036095,119.769775,681.161255,25471.550781,5084.445312,-180.736511,1.360939,24.899834,0.000000,0.000000,0.000000,0.000000,0.000000,0.000000,0.000000,0.000000,0.000000
630,10.500000,59.776611,0.000035,34.372437,5.796391,-0.002371,43.128040,-3.007993,-0.000025,43.515728,5445.716,3,0.000000,4,5,119.838745,1,0,0,-0.000038,0.999998,-0.001935,-0.991089,0.000220,0.133202,0.008851,-0.001117,0.000000,0.000000,0.000000,1,-0.002821,6888.391602,-0.074728,-1191.656982,0.000001,0.010645,124.543205,1,-0.003204,6872.460938,-0.072296,-1191.621582,0.000001,0.010645,124.541374,1,0.003958,5862.291992,0.865528,2848.164307,-0.000009,-0.031033,119.838257,1,0.003590,5849.661133,0.870411,2847.119629,-0.000009,-0.031022,119.839233,363.919739,25479.095703,2719.679199,46.543278,-1.333078,-5.935000,0.000000,0.000000,0.000000,0.000000,0.000000,0.000000,0.000000,0.000000,0.000000
631,10.516666,59.873291,-0.000004,35.091797,5.801057,-0.002379,43.162907,-3.007994,-0.000032,43.550919,5448.875,3,0.000000,4,5,120.047684,1,0,0,-0.000019,0.999999,-0.001784,-0.991089,0.000219,0.133201,0.009082,-0.001144,0.000000,0.000000,0.000000,1,-0.002572,6898.978516,-0.108775,-1110.652466,0.000001,0.009921,124.695473,1,-0.002954,6883.133301,-0.106264,-1110.777710,0.000001,0.009923,124.693642,1,0.003743,5854.537598,1.170109,3881.649414,-0.000011,-0.035213,120.047188,1,0.003378,5841.991699,1.176957,3882.302246,-0.000011,-0.035208,120.048180,660.365173,25484.921875,4929.480957,-255.354385,1.450513,34.582691,0.000000,0.000000,0.000000,0.000000,0.000000,0.000000,0.000000,0.000000,0.000000
632,10.533334,59.970093,-0.000043,35.812256,5.809524,-0.002334,43.226105,-3.007994,-0.000025,43.614693,5458.375,3,0.000000,4,5,120.126335,1,0,0,-0.000002,0.999999,-0.001653,-0.991089,0.000218,0.133201,0.007815,-0.000970,0.000000,0.000000,0.000000,1,-0.002354,6906.870117,-0.106474,-1180.020630,0.000001,0.010541,124.835968,1,-0.002733,6891.119141,-0.106232,-1180.052368,0.000001,0.010541,124.834160,1,0.003564,5850.086914,0.747312,2911.914062,-0.000008,-0.031728,120.125847,1,0.003200,5837.623535,0.745721,2910.817871,-0.000008,-0.031716,120.126823,383.945892,25491.859375,2866.386230,-51.066513,-1.686780,6.817489,0.000000,0.000000,0.000000,0.000000,0.000000,0.000000,0.000000,0.000000,0.000000
633,10.550000,60.067017,-0.000080,36.533447,5.814446,-0.002195,43.262852,-3.007995,-0.000033,43.651779,5461.951,3,0.000000,4,5,120.326416,1,0,0,0.000013,0.999999,-0.001527,-0.991089,0.000217,0.133200,0.007561,-0.000936,0.000000,0.000000,0.000000,1,-0.002144,6915.315918,-0.126910,-1110.301147,0.000001,0.009918,124.986549,1,-0.002521,6899.664062,-0.126623,-1110.394287,0.000001,0.009919,124.984741,1,0.003389,5844.268066,1.049929,3948.244629,-0.000009,-0.035919,120.325920,1,0.003028,5831.879395,1.050302,3948.861816,-0.000009,-0.035914,120.326912,678.126038,25496.916016,5059.525391,-331.245361,1.106852,44.865742,0.000000,0.000000,0.000000,0.000000,0.000000,0.000000,0.000000,0.000000,0.000000
634,10.566667,60.164062,-0.000113,37.255615,5.823140,-0.002011,43.327717,-3.007995,-0.000028,43.717232,5471.049,3,0.000000,4,5,120.395874,1,0,0,0.000025,0.999999,-0.001429,-0.991089,0.000215,0.133200,0.005917,-0.000710,0.000000,0.000000,0.000000,1,-0.001975,6920.702637,-0.108701,-1187.281128,0.000001,0.010606,125.126991,1,-0.002349,6905.146484,-0.108457,-1187.263916,0.000001,0.010606,125.125198,1,0.003257,5841.856445,0.858530,2844.771729,-0.000009,-0.030996,120.395386,1,0.002898,5829.564453,0.856724,2843.982910,-0.000009,-0.030987,120.396362,363.596008,25502.560547,2716.626465,-78.610420,-1.118317,10.729626,0.000000,0.000000,0.000000,0.000000,0.000000,0.000000,0.000000,0.000000,0.000000
635,10.583333,60.261230,-0.000142,37.978271,5.827801,-0.001745,43.362545,-3.007996,-0.000033,43.752365,5474.206,3,0.000000,4,5,120.603531,1,0,0,0.000036,0.999999,-0.001337,-0.991089,0.000214,0.133199,0.005526,-0.000655,0.000000,0.000000,0.000000,1,-0.001820,6926.643066,-0.122296,-1106.613403,0.000001,0.009885,125.278625,1,-0.002191,6911.202148,-0.122023,-1106.751099,0.000001,0.009887,125.276833,1,0.003131,5837.834961,1.163111,3882.312744,-0.000011,-0.035192,120.603035,1,0.002774,5825.627930,1.165235,3883.237305,-0.000011,-0.035190,120.604027,660.987793,25505.906250,4933.825195,-354.063416,1.672145,47.253422,0.000000,0.000000,0.000000,0.000000,0.000000,0.000000,0.000000,0.000000,0.000000
636,10.600000,60.358521,-0.000167,38.702026,5.836276,-0.001454,43.425800,-3.007996,-0.000025,43.816196,5483.648,3,0.000000,4,5,120.680389,1,0,0,0.000043,0.999999,-0.001274,-0.991089,0.000212,0.133199,0.003767,-0.000423,0.000000,0.000000,0.000000,1,-0.001710,6929.383301,-0.117641,-1176.574219,0.000001,0.010510,125.418533,1,-0.002079,6914.020508,-0.115123,-1176.580322,0.000001,0.010510,125.416763,1,0.003049,5837.247559,0.708802,2895.522949,-0.000008,-0.031549,120.679901,1,0.002695,5825.128906,0.714004,2894.536865,-0.000008,-0.031538,120.680878,379.895660,25509.589844,2835.612793,-115.985199,-1.686015,15.239630,0.000000,0.000000,0.000000,0.000000,0.000000,0.000000,0.000000,0.000000,0.000000
637,10.616667,60.455933,-0.000185,39.426392,5.841146,-0.001106,43.462154,-3.007997,-0.000033,43.852879,5487.143,3,0.000000,4,5,120.880829,1,0,0,0.000049,0.999999,-0.001221,-0.991089,0.000211,0.133198,0.003190,-0.000351,0.000000,0.000000,0.000000,1,-0.001619,6932.380859,-0.135684,-1105.178345,0.000001,0.009873,125.568611,1,-0.001986,6917.120605,-0.135386,-1105.328857,0.000001,0.009874,125.566841,1,0.002978,5835.302734,1.007488,3934.777344,-0.000009,-0.035752,120.880333,1,0.002626,5823.239258,1.010725,3935.488770,-0.000009,-0.035748,120.881325,675.293945,25510.925781,5037.777344,-370.643860,1.067395,49.503365,0.000000,0.000000,0.000000,0.000000,0.000000,0.000000,0.000000,0.000000,0.000000
638,10.633333,60.553467,-0.000198,40.151855,5.849803,-0.000756,43.526741,-3.007998,-0.000028,43.918045,5496.257,3,0.000000,4,5,120.950272,1,0,0,0.000051,0.999999,-0.001198,-0.991089,0.000210,0.133198,0.001348,-0.000107,0.000000,0.000000,0.000000,1,-0.001577,6932.194336,-0.110641,-1181.074097,0.000001,0.010551,125.708313,1,-0.001942,6917.003906,-0.112652,-1181.060669,0.000001,0.010550,125.706566,1,0.002952,5836.734375,0.847174,2842.182373,-0.000009,-0.030968,120.949783,1,0.002602,5824.732910,0.852090,2841.458740,-0.000009,-0.030960,120.950760,363.881378,25512.640625,2718.623779,-93.064949,-1.068568,12.359482,0.000000,0.000000,0.000000,0.000000,0.000000,0.000000,0.000000,0.000000,0.000000
639,10.650000,60.651001,-0.000204,40.877930,5.854469,-0.000371,43.561596,-3.007998,-0.000033,43.953209,5499.414,3,0.000000,4,5,121.156548,1,0,0,0.000051,0.999999,-0.001184,-0.991089,0.000209,0.133197,0.000885,-0.000047,0.000000,0.000000,0.000000,1,-0.001551,6932.549805,-0.126352,-1101.357788,0.000001,0.009838,125.859047,1,-0.001914,6917.453613,-0.126077,-1101.519775,0.000001,0.009840,125.857292,1,0.002933,5836.396973,1.151755,3881.468262,-0.000010,-0.035171,121.156052,1,0.002585,5824.458496,1.156671,3882.442383,-0.000011,-0.035170,121.157043,661.480713,25511.830078,4937.354004,-339.983978,1.626973,45.332520,0.000000,0.000000,0.000000,0.000000,0.000000,0.000000,0.000000,0.000000,0.000000
640,10.666667,60.748657,-0.000204,41.604980,5.862949,-0.000009,43.624897,-3.007998,-0.000025,44.017078,5508.793,3,0.000000,4,5,121.231804,1,0,0,0.000049,0.999999,-0.001197,-0.991090,0.000208,0.133197,-0.000805,0.000175,0.000000,0.000000,0.000000,1,-0.001571,6929.875488,-0.112607,-1171.562378,0.000001,0.010466,125.998192,1,-0.001932,6914.850098,-0.112362,-1171.572876,0.000001,0.010466,125.996460,1,0.002955,5839.241211,0.725775,2881.274170,-0.000008,-0.031394,121.231316,1,0.002609,5827.367676,0.730945,2880.471436,-0.000008,-0.031385,121.232292,376.706909,25511.339844,2812.241211,-76.294876,-1.507529,9.905519,0.000000,0.000000,0.000000,0.000000,0.000000,0.000000,0.000000,0.000000,0.000000
641,10.683333,60.846436,-0.000198,42.332642,5.867779,0.000362,43.660950,-3.007999,-0.000033,44.053452,5512.214,3,0.000000,4,5,121.432312,1,0,0,0.000045,0.999999,-0.001217,-0.991090,0.000206,0.133196,-0.001185,0.000221,0.000000,0.000000,0.000000,1,-0.001605,6927.830566,-0.125978,-1099.392822,0.000001,0.009821,126.147537,1,-0.001965,6912.866699,-0.125706,-1099.483765,0.000001,0.009822,126.145813,1,0.002981,5840.375977,1.022496,3921.141846,-0.000009,-0.035599,121.431816,1,0.002637,5828.552734,1.027666,3922.036621,-0.000009,-0.035597,121.432808,672.469849,25508.677734,5017.224609,-312.302368,1.347246,41.318348,0.000000,0.000000,0.000000,0.000000,0.000000,0.000000,0.000000,0.000000,0.000000
642,10.700000,60.944336,-0.000187,43.061401,5.876400,0.000688,43.725273,-3.007999,-0.000026,44.118347,5521.332,3,0.000000,4,5,121.501747,1,0,0,0.000038,0.999999,-0.001262,-0.991090,0.000206,0.133196,-0.002737,0.000421,0.000000,0.000000,0.000000,1,-0.001681,6922.965332,-0.103257,-1174.038330,0.000001,0.010488,126.286400,1,-0.002039,6908.063477,-0.105274,-1174.035767,0.000001,0.010488,126.284683,1,0.003046,5844.525879,0.784603,2839.294434,-0.000009,-0.030936,121.501251,1,0.002703,5832.740234,0.783022,2838.673828,-0.000009,-0.030930,121.502243,364.404572,25506.472656,2721.678711,-21.002731,-1.129513,1.958548,0.000000,0.000000,0.000000,0.000000,0.000000,0.000000,0.000000,0.000000,0.000000
643,10.716666,61.042358,-0.000170,43.790771,5.881072,0.001004,43.760166,-3.008000,-0.000031,44.153545,5524.489,3,0.000000,4,5,121.706665,1,0,0,0.000031,0.999999,-0.001310,-0.991090,0.000205,0.133195,-0.002844,0.000423,0.000000,0.000000,0.000000,1,-0.001764,6919.173828,-0.121051,-1095.768555,0.000001,0.009788,126.436111,1,-0.002121,6904.314453,-0.123028,-1095.906860,0.000001,0.009790,126.434395,1,0.003108,5846.567871,1.073464,3878.391602,-0.000010,-0.035139,121.706161,1,0.002766,5834.796875,1.071883,3879.468750,-0.000010,-0.035139,121.707169,661.605469,25502.222656,4937.192871,-250.739868,1.590784,32.805630,0.000000,0.000000,0.000000,0.000000,0.000000,0.000000,0.000000,0.000000,0.000000
644,10.733334,61.140503,-0.000149,44.521118,5.889554,0.001256,43.823463,-3.008000,-0.000024,44.217407,5533.806,3,0.000000,4,5,121.780586,1,0,0,0.000021,0.999999,-0.001378,-0.991090,0.000204,0.133195,-0.004090,0.000578,0.000000,0.000000,0.000000,1,-0.001880,6912.963867,-0.105113,-1165.960693,0.000001,0.010416,126.574448,1,-0.002236,6898.120117,-0.107119,-1165.955566,0.000001,0.010415,126.572746,1,0.003201,5851.333008,0.684126,2868.646973,-0.000007,-0.031256,121.780090,1,0.002860,5839.571289,0.682751,2867.927002,-0.000007,-0.031248,121.781082,374.213104,25498.671875,2793.147217,33.032413,-1.484794,-4.731748,0.000000,0.000000,0.000000,0.000000,0.000000,0.000000,0.000000,0.000000,0.000000
645,10.750000,61.238770,-0.000124,45.252075,5.894351,0.001481,43.859272,-3.008001,-0.000031,44.253536,5537.167,3,0.000000,4,5,121.980965,1,0,0,0.000012,0.999999,-0.001443,-0.991090,0.000204,0.133195,-0.003928,0.000552,0.000000,0.000000,0.000000,1,-0.001996,6908.120605,-0.113885,-1093.732544,0.000001,0.009770,126.722984,1,-0.002351,6893.307617,-0.113641,-1093.834839,0.000001,0.009771,126.721283,1,0.003285,5853.837402,0.969056,3907.587158,-0.000009,-0.035458,121.980461,1,0.002945,5842.091309,0.969647,3908.596436,-0.000009,-0.035457,121.981468,669.751465,25493.474609,4996.415039,-193.970093,1.116822,25.574099,0.000000,0.000000,0.000000,0.000000,0.000000,0.000000,0.000000,0.000000,0.000000
646,10.766666,61.337158,-0.000097,45.984131,5.902938,0.001632,43.923328,-3.008001,-0.000025,44.318157,5546.278,3,0.000000,4,5,122.050369,1,0,0,0.000001,0.999999,-0.001525,-0.991090,0.000204,0.133194,-0.004892,0.000675,0.000000,0.000000,0.000000,1,-0.002137,6901.230469,-0.093558,-1167.309326,0.000001,0.010428,126.861023,1,-0.002491,6886.426270,-0.095580,-1167.276245,0.000001,0.010427,126.859337,1,0.003394,5858.848633,0.789611,2835.280762,-0.000009,-0.030893,122.049873,1,0.003054,5847.106934,0.794651,2834.695068,-0.000009,-0.030886,122.050865,364.389557,25489.324219,2721.877686,101.608231,-0.989772,-14.130223,0.000000,0.000000,0.000000,0.000000,0.000000,0.000000,0.000000,0.000000,0.000000
647,10.783334,61.435669,-0.000068,46.716797,5.907609,0.001749,43.958225,-3.008002,-0.000030,44.353367,5549.434,3,0.000000,4,5,122.254074,1,0,0,-0.000009,0.999999,-0.001598,-0.991090,0.000204,0.133194,-0.004389,0.000600,0.000000,0.000000,0.000000,1,-0.002268,6896.147949,-0.108984,-1090.675537,0.000001,0.009743,127.009750,1,-0.002622,6881.359863,-0.106531,-1090.739990,0.000001,0.009744,127.008064,1,0.003487,5861.267090,1.074541,3873.246094,-0.000010,-0.035090,122.253571,1,0.003147,5849.520508,1.079582,3874.373779,-0.000010,-0.035091,122.254578,660.854980,25483.708984,4931.958984,-129.216354,1.718313,16.637363,0.000000,0.000000,0.000000,0.000000,0.000000,0.000000,0.000000,0.000000,0.000000
648,10.800000,61.534302,-0.000038,47.450317,5.916082,0.001786,44.021454,-3.008002,-0.000022,44.417145,5558.696,3,0.000000,4,5,122.326920,1,0,0,-0.000021,0.999999,-0.001682,-0.991090,0.000204,0.133193,-0.005031,0.000676,0.000000,0.000000,0.000000,1,-0.002414,6889.433105,-0.097627,-1160.753418,0.000001,0.010369,127.147346,1,-0.002768,6874.628906,-0.095203,-1160.703735,0.000001,0.010369,127.145668,1,0.003598,5865.966309,0.629722,2856.709229,-0.000007,-0.031126,122.326424,1,0.003258,5854.209961,0.635076,2856.023193,-0.000007,-0.031119,122.327415,371.799988,25479.562500,2774.609863,150.117035,-1.584789,-20.698847,0.000000,0.000000,0.000000,0.000000,0.000000,0.000000,0.000000,0.000000,0.000000
649,10.816667,61.632935,-0.000008,48.184570,5.920848,0.001789,44.057026,-3.008003,-0.000030,44.453041,5562.008,3,0.000000,4,5,122.527069,1,0,0,-0.000030,0.999999,-0.001753,-0.991090,0.000204,0.133193,-0.004287,0.000569,0.000000,0.000000,0.000000,1,-0.002543,6884.731445,-0.110775,-1088.911377,0.000001,0.009727,127.295128,1,-0.002897,6869.922852,-0.110537,-1088.963013,0.000001,0.009728,127.293442,1,0.003687,5868.018555,0.904827,3894.422852,-0.000008,-0.035323,122.526566,1,0.003347,5856.237305,0.910181,3895.450684,-0.000008,-0.035322,122.527573,666.938110,25474.208984,4974.668945,-83.652199,1.161153,10.523794,0.000000,0.000000,0.000000,0.000000,0.000000,0.000000,0.000000,0.000000,0.000000
650,10.833333,61.731812,0.000020,48.919922,5.929399,0.001716,44.120804,-3.008003,-0.000024,44.517376,5571.108,3,0.000000,4,5,122.596397,1,0,0,-0.000040,0.999998,-0.001832,-0.991090,0.000204,0.133192,-0.004702,0.000615,0.000000,0.000000,0.000000,1,-0.002680,6878.681641,-0.092835,-1161.627686,0.000001,0.010377,127.432465,1,-0.003035,6863.841797,-0.090429,-1161.573730,0.000001,0.010376,127.430786,1,0.003790,5872.227539,0.728286,2829.691650,-0.000008,-0.030832,122.595901,1,0.003450,5860.430664,0.733431,2829.094482,-0.000008,-0.030825,122.596893,363.819000,25470.689453,2716.793213,202.626984,-1.207880,-27.713079,0.000000,0.000000,0.000000,0.000000,0.000000,0.000000,0.000000,0.000000,0.000000
651,10.850000,61.830688,0.000047,49.655884,5.934063,0.001615,44.155636,-3.008003,-0.000030,44.552513,5574.261,3,0.000000,4,5,122.799072,1,0,0,-0.000048,0.999998,-0.001893,-0.991090,0.000204,0.133192,-0.003697,0.000473,0.000000,0.000000,0.000000,1,-0.002792,6875.021973,-0.101542,-1086.562988,0.000001,0.009706,127.580368,1,-0.003147,6860.145020,-0.101322,-1086.614014,0.000001,0.009707,127.578682,1,0.003866,5873.546875,1.011252,3866.634766,-0.000009,-0.035025,122.798569,1,0.003525,5861.692871,1.016397,3867.751465,-0.000009,-0.035026,122.799576,659.586060,25466.175781,4921.729980,-39.578842,1.625762,4.636850,0.000000,0.000000,0.000000,0.000000,0.000000,0.000000,0.000000,0.000000,0.000000
652,10.866667,61.929688,0.000071,50.392822,5.942520,0.001448,44.218735,-3.008004,-0.000022,44.616169,5583.476,3,0.000000,4,5,122.871017,1,0,0,-0.000056,0.999998,-0.001958,-0.991090,0.000205,0.133191,-0.003893,0.000489,0.000000,0.000000,0.000000,1,-0.002905,6870.227051,-0.088110,-1156.557373,0.000001,0.010332,127.717361,1,-0.003262,6855.293457,-0.085720,-1156.487183,0.000001,0.010331,127.715683,1,0.003951,5876.901367,0.654528,2844.896729,-0.000007,-0.030997,122.870522,1,0.003609,5865.017090,0.659803,2844.125000,-0.000007,-0.030989,122.871513,368.981354,25463.652344,2754.189209,228.111115,-1.492056,-31.130177,0.000000,0.000000,0.000000,0.000000,0.000000,0.000000,0.000000,0.000000,0.000000
653,10.883333,62.028809,0.000092,51.130371,5.947250,0.001264,44.254044,-3.008004,-0.000029,44.651787,5586.748,3,0.000000,4,5,123.070923,1,0,0,-0.000062,0.999998,-0.002004,-0.991090,0.000206,0.133191,-0.002761,0.000330,0.000000,0.000000,0.000000,1,-0.002989,6867.907715,-0.099011,-1085.201660,0.000001,0.009694,127.864532,1,-0.003347,6852.931152,-0.098795,-1085.246704,0.000001,0.009694,127.862839,1,0.004007,5877.423340,0.929634,3881.856201,-0.000008,-0.035191,123.070419,1,0.003664,5865.473633,0.936874,3882.781738,-0.000008,-0.035190,123.071426,663.775208,25460.443359,4951.763672,-14.817513,1.128648,2.013356,0.000000,0.000000,0.000000,0.000000,0.000000,0.000000,0.000000,0.000000,0.000000
654,10.900000,62.128052,0.000110,51.869019,5.955760,0.001030,44.317528,-3.008005,-0.000024,44.715839,5595.836,3,0.000000,4,5,123.140099,1,0,0,-0.000068,0.999998,-0.002051,-0.991090,0.000206,0.133191,-0.002834,0.000340,0.000000,0.000000,0.000000,1,-0.003072,6864.567871,-0.079057,-1157.216431,0.000001,0.010337,128.001328,1,-0.003430,6849.538574,-0.076693,-1157.119141,0.000001,0.010337,127.999641,1,0.004070,5879.862793,0.758999,2822.661377,-0.000008,-0.030755,123.139603,1,0.003725,5867.888672,0.757454,2821.937500,-0.000008,-0.030747,123.140594,362.316101,25459.144531,2706.264893,250.728607,-1.113023,-33.985485,0.000000,0.000000,0.000000,0.000000,0.000000,0.000000,0.000000,0.000000,0.000000
655,10.916667,62.227417,0.000123,52.608276,5.960405,0.000794,44.352222,-3.008005,-0.000029,44.750839,5598.982,3,0.000000,4,5,123.341927,1,0,0,-0.000070,0.999998,-0.002078,-0.991090,0.000207,0.133190,-0.001589,0.000169,0.000000,0.000000,0.000000,1,-0.003121,6863.874023,-0.096540,-1083.360962,0.000001,0.009678,128.148590,1,-0.003481,6848.776367,-0.094139,-1083.365845,0.000001,0.009678,128.146896,1,0.004101,5879.408691,1.038035,3859.447754,-0.000009,-0.034948,123.341423,1,0.003756,5867.374023,1.036490,3860.406006,-0.000009,-0.034947,123.342430,657.734558,25457.373047,4908.462891,-3.028984,1.570184,0.318185,0.000000,0.000000,0.000000,0.000000,0.000000,0.000000,0.000000,0.000000,0.000000
656,10.933333,62.326904,0.000132,53.348511,5.968838,0.000523,44.415150,-3.008006,-0.000022,44.814327,5608.159,3,0.000000,4,5,123.413040,1,0,0,-0.000073,0.999998,-0.002105,-0.991091,0.000208,0.133190,-0.001603,0.000169,0.000000,0.000000,0.000000,1,-0.003166,6862.151367,-0.085427,-1153.285522,0.000001,0.010302,128.285126,1,-0.003527,6847.024414,-0.085239,-1153.190430,0.000001,0.010301,128.283432,1,0.004137,5880.905762,0.652082,2832.930908,-0.000007,-0.030867,123.412537,1,0.003791,5868.834961,0.650744,2832.176758,-0.000007,-0.030859,123.413544,365.966370,25457.535156,2731.728271,251.601852,-1.520918,-33.594318,0.000000,0.000000,0.000000,0.000000,0.000000,0.000000,0.000000,0.000000,0.000000
657,10.950000,62.426514,0.000136,54.089355,5.973530,0.000268,44.450172,-3.008006,-0.000029,44.849663,5611.392,3,0.000000,4,5,123.612709,1,0,0,-0.000073,0.999998,-0.002111,-0.991091,0.000209,0.133189,-0.000353,0.000004,0.000000,0.000000,0.000000,1,-0.003178,6863.025391,-0.096316,-1082.222412,0.000001,0.009667,128.431824,1,-0.003540,6847.829102,-0.096103,-1082.242310,0.000001,0.009668,128.430115,1,0.004143,5879.562012,0.929153,3870.157227,-0.000008,-0.035062,123.612198,1,0.003795,5867.450195,0.927815,3871.132568,-0.000008,-0.035061,123.613220,660.750244,25457.175781,4929.288574,-8.952782,1.186898,1.482048,0.000000,0.000000,0.000000,0.000000,0.000000,0.000000,0.000000,0.000000,0.000000
658,10.966666,62.526245,0.000136,54.831299,5.982001,-0.000006,44.513367,-3.008006,-0.000023,44.913418,5620.471,3,0.000000,4,5,123.681602,1,0,0,-0.000073,0.999998,-0.002117,-0.991091,0.000209,0.133189,-0.000396,0.000014,0.000000,0.000000,0.000000,1,-0.003186,6862.813965,-0.076504,-1153.746216,0.000001,0.010306,128.568192,1,-0.003550,6847.584961,-0.076334,-1153.611206,0.000001,0.010305,128.566483,1,0.004155,5880.253418,0.749144,2814.359619,-0.000008,-0.030665,123.681099,1,0.003806,5868.109863,0.741039,2813.600098,-0.000008,-0.030656,123.682106,360.340271,25458.771484,2691.422119,244.448105,-1.198405,-32.519417,0.000000,0.000000,0.000000,0.000000,0.000000,0.000000,0.000000,0.000000,0.000000
659,10.983334,62.625977,0.000132,55.573730,5.986620,-0.000246,44.547871,-3.008007,-0.000029,44.948227,5623.604,3,0.000000,4,5,123.882729,1,0,0,-0.000071,0.999998,-0.002103,-0.991091,0.000210,0.133188,0.000819,-0.000145,0.000000,0.000000,0.000000,1,-0.003162,6865.122070,-0.089580,-1080.639526,0.000001,0.009653,128.714951,1,-0.003527,6849.857422,-0.089381,-1080.682373,0.000001,0.009654,128.713226,1,0.004136,5878.098633,1.030144,3851.931885,-0.000009,-0.034861,123.882217,1,0.003787,5865.923828,1.024005,3852.901611,-0.000009,-0.034860,123.883240,655.746582,25459.660156,4893.668945,-22.731932,1.486377,3.354524,0.000000,0.000000,0.000000,0.000000,0.000000,0.000000,0.000000,0.000000,0.000000
660,11.000000,62.725952,0.000124,56.317261,5.995028,-0.000491,44.610611,-3.008007,-0.000022,45.011536,5632.748,3,0.000000,4,5,123.953033,1,0,0,-0.000069,0.999998,-0.002092,-0.991091,0.000210,0.133188,0.000708,-0.000125,0.000000,0.000000,0.000000,1,-0.003137,6866.206543,-0.080739,-1150.601685,0.000001,0.010278,128.851089,1,-0.003503,6850.901367,-0.078382,-1150.525757,0.000001,0.010278,128.849365,1,0.004125,5878.052734,0.662023,2820.570801,-0.000007,-0.030732,123.952530,1,0.003774,5865.863770,0.660651,2819.760254,-0.000007,-0.030723,123.953537,362.635284,25462.263672,2707.210938,218.746658,-1.494131,-29.090139,0.000000,0.000000,0.000000,0.000000,0.000000,0.000000,0.000000,0.000000,0.000000
661,11.016666,62.825928,0.000112,57.061401,5.999677,-0.000691,44.645317,-3.008008,-0.000029,45.046551,5635.945,3,0.000000,4,5,124.152504,1,0,0,-0.000065,0.999998,-0.002062,-0.991091,0.000211,0.133188,0.001794,-0.000267,0.000000,0.000000,0.000000,1,-0.003084,6869.618164,-0.093806,-1079.446289,0.000001,0.009643,128.997391,1,-0.003450,6854.286133,-0.093597,-1079.496094,0.000001,0.009643,128.995651,1,0.004087,5875.370605,0.939094,3859.086426,-0.000008,-0.034932,124.151993,1,0.003735,5863.160645,0.941651,3860.004883,-0.000008,-0.034931,124.153015,657.785156,25464.250000,4907.502930,-53.327526,1.225541,7.303813,0.000000,0.000000,0.000000,0.000000,0.000000,0.000000,0.000000,0.000000,0.000000
662,11.033334,62.926025,0.000097,57.806519,6.008110,-0.000882,44.708233,-3.008008,-0.000023,45.110027,5645.014,3,0.000000,4,5,124.221039,1,0,0,-0.000061,0.999998,-0.002036,-0.991091,0.000211,0.133187,0.001531,-0.000230,0.000000,0.000000,0.000000,1,-0.003033,6871.611816,-0.071910,-1150.624023,0.000001,0.010278,129.133347,1,-0.003400,6856.256348,-0.073924,-1150.521362,0.000001,0.010278,129.131622,1,0.004059,5874.947754,0.732135,2805.479248,-0.000008,-0.030568,124.220535,1,0.003707,5862.713379,0.737135,2804.663574,-0.000008,-0.030559,124.221542,358.096741,25467.833984,2674.656738,190.547577,-1.215655,-25.500061,0.000000,0.000000,0.000000,0.000000,0.000000,0.000000,0.000000,0.000000,0.000000
663,11.050000,63.026245,0.000080,58.552246,6.012701,-0.001018,44.742523,-3.008008,-0.000029,45.144627,5648.131,3,0.000000,4,5,124.421524,1,0,0,-0.000055,0.999998,-0.001995,-0.991091,0.000211,0.133187,0.002477,-0.000356,0.000000,0.000000,0.000000,1,-0.002959,6875.714844,-0.091507,-1077.886719,0.000001,0.009629,129.279648,1,-0.003326,6860.329590,-0.091302,-1077.947876,0.000001,0.009629,129.277908,1,0.004007,5871.933105,1.015101,3844.639404,-0.000009,-0.034771,124.421013,1,0.003655,5859.680664,1.020100,3845.552734,-0.000009,-0.034769,124.422035,653.834839,25470.326172,4879.333008,-80.306297,1.449101,11.277571,0.000000,0.000000,0.000000,0.000000,0.000000,0.000000,0.000000,0.000000,0.000000
664,11.066667,63.126587,0.000061,59.298950,6.021083,-0.001138,44.805080,-3.008009,-0.000022,45.207756,5657.246,3,0.000000,4,5,124.490982,1,0,0,-0.000050,0.999998,-0.001960,-0.991091,0.000212,0.133186,0.002080,-0.000295,0.000000,0.000000,0.000000,1,-0.002891,6878.229980,-0.080530,-1147.909424,0.000001,0.010254,129.415375,1,-0.003259,6862.830566,-0.078178,-1147.822021,0.000001,0.010253,129.413651,1,0.003968,5871.234863,0.671425,2808.432617,-0.000007,-0.030600,124.490479,1,0.003615,5858.980957,0.670024,2807.582764,-0.000007,-0.030591,124.491486,359.384583,25474.232422,2683.200195,155.647156,-1.431351,-20.807142,0.000000,0.000000,0.000000,0.000000,0.000000,0.000000,0.000000,0.000000,0.000000
665,11.083333,63.227051,0.000042,60.046265,6.025691,-0.001198,44.839481,-3.008009,-0.000029,45.242458,5660.405,3,0.000000,4,5,124.690216,1,0,0,-0.000043,0.999998,-0.001913,-0.991091,0.000212,0.133186,0.002853,-0.000398,0.000000,0.000000,0.000000,1,-0.002805,6882.594238,-0.093577,-1076.494873,0.000001,0.009616,129.561279,1,-0.003174,6867.192383,-0.095539,-1076.505493,0.000001,0.009616,129.559555,1,0.003909,5868.135742,0.946530,3848.614746,-0.000008,-0.034807,124.689705,1,0.003555,5855.874023,0.949059,3849.509521,-0.000008,-0.034805,124.690727,655.056152,25476.925781,4887.355957,-118.186455,1.363498,15.893525,0.000000,0.000000,0.000000,0.000000,0.000000,0.000000,0.000000,0.000000,0.000000
666,11.100000,63.327637,0.000021,60.794678,6.034089,-0.001241,44.902142,-3.008010,-0.000022,45.305687,5669.463,3,0.000000,4,5,124.758293,1,0,0,-0.000038,0.999998,-0.001875,-0.991091,0.000212,0.133186,0.002266,-0.000319,0.000000,0.000000,0.000000,1,-0.002732,6885.154297,-0.076089,-1147.293579,0.000001,0.010249,129.696808,1,-0.003101,6869.715820,-0.075918,-1147.217407,0.000001,0.010248,129.695084,1,0.003867,5867.548340,0.689054,2796.145264,-0.000008,-0.030466,124.757790,1,0.003513,5855.274414,0.694100,2795.342773,-0.000008,-0.030457,124.758797,355.875977,25480.945312,2657.472168,125.333878,-1.350360,-16.824234,0.000000,0.000000,0.000000,0.000000,0.000000,0.000000,0.000000,0.000000,0.000000
667,11.116667,63.428223,0.000000,61.543579,6.038651,-0.001223,44.936211,-3.008010,-0.000029,45.340057,5672.559,3,0.000000,4,5,124.958183,1,0,0,-0.000031,0.999998,-0.001827,-0.991091,0.000212,0.133185,0.002888,-0.000402,0.000000,0.000000,0.000000,1,-0.002644,6889.368652,-0.091293,-1074.656616,0.000001,0.009600,129.842636,1,-0.003014,6873.920410,-0.088920,-1074.680664,0.000001,0.009600,129.840897,1,0.003807,5864.570312,0.968090,3837.081543,-0.000009,-0.034676,124.957672,1,0.003453,5852.280273,0.975101,3838.008545,-0.000009,-0.034674,124.958694,652.062744,25483.332031,4865.537109,-143.939545,1.355156,19.714561,0.000000,0.000000,0.000000,0.000000,0.000000,0.000000,0.000000,0.000000,0.000000
668,11.133333,63.529053,-0.000019,62.293579,6.047011,-0.001191,44.998589,-3.008011,-0.000022,45.403004,5681.648,3,0.000000,4,5,125.026817,1,0,0,-0.000026,0.999998,-0.001791,-0.991091,0.000213,0.133185,0.002174,-0.000301,0.000000,0.000000,0.000000,1,-0.002574,6891.616699,-0.073826,-1144.508789,0.000001,0.010224,129.977905,1,-0.002944,6876.151367,-0.071494,-1144.417603,0.000001,0.010223,129.976166,1,0.003766,5864.137207,0.693660,2797.017090,-0.000008,-0.030476,125.026314,1,0.003412,5851.848633,0.698677,2796.141113,-0.000008,-0.030466,125.027321,356.471558,25486.855469,2662.039795,99.564819,-1.426387,-12.957273,0.000000,0.000000,0.000000,0.000000,0.000000,0.000000,0.000000,0.000000,0.000000
669,11.150000,63.629883,-0.000038,63.044067,6.051581,-0.001104,45.032719,-3.008011,-0.000029,45.437435,5684.768,3,0.000000,4,5,125.225716,1,0,0,-0.000020,0.999998,-0.001746,-0.991091,0.000213,0.133184,0.002668,-0.000361,0.000000,0.000000,0.000000,1,-0.002494,6895.359375,-0.093348,-1072.876465,0.000001,0.009584,130.123322,1,-0.002864,6879.906738,-0.093139,-1072.953491,0.000001,0.009585,130.121567,1,0.003710,5861.424805,0.978591,3838.833984,-0.000009,-0.034689,125.225197,1,0.003356,5849.145020,0.981642,3839.703125,-0.000009,-0.034687,125.226234,652.621094,25488.716797,4869.803223,-169.639145,1.316926,23.071890,0.000000,0.000000,0.000000,0.000000,0.000000,0.000000,0.000000,0.000000,0.000000
670,11.166667,63.730835,-0.000055,63.795654,6.059948,-0.001009,45.095154,-3.008012,-0.000023,45.500431,5693.812,3,0.000000,4,5,125.293251,1,0,0,-0.000016,0.999998,-0.001716,-0.991091,0.000213,0.133184,0.001826,-0.000244,0.000000,0.000000,0.000000,1,-0.002435,6896.972656,-0.075893,-1143.266113,0.000001,0.010213,130.258331,1,-0.002805,6881.513672,-0.075723,-1143.194458,0.000001,0.010212,130.256577,1,0.003676,5861.359375,0.711244,2786.735596,-0.000008,-0.030364,125.292740,1,0.003322,5849.082520,0.703303,2785.967285,-0.000008,-0.030355,125.293762,353.703796,25491.558594,2641.580078,79.535675,-1.250479,-10.450027,0.000000,0.000000,0.000000,0.000000,0.000000,0.000000,0.000000,0.000000,0.000000
671,11.183333,63.831909,-0.000069,64.547852,6.064483,-0.000866,45.129021,-3.008012,-0.000029,45.534603,5696.883,3,0.000000,4,5,125.492538,1,0,0,-0.000011,0.999998,-0.001679,-0.991091,0.000212,0.133183,0.002221,-0.000294,0.000000,0.000000,0.000000,1,-0.002369,6899.998047,-0.088876,-1070.745728,0.000001,0.009565,130.403564,1,-0.002739,6884.554688,-0.088677,-1070.827148,0.000001,0.009566,130.401810,1,0.003629,5859.036133,0.992245,3829.133789,-0.000009,-0.034579,125.492020,1,0.003274,5846.770508,0.984303,3830.110840,-0.000009,-0.034578,125.493057,650.236389,25492.640625,4852.277344,-184.445068,1.452823,25.102287,0.000000,0.000000,0.000000,0.000000,0.000000,0.000000,0.000000,0.000000,0.000000
672,11.200000,63.933105,-0.000081,65.301025,6.072820,-0.000725,45.191231,-3.008012,-0.000022,45.597378,5705.943,3,0.000000,4,5,125.560387,1,0,0,-0.000008,0.999999,-0.001657,-0.991091,0.000212,0.133183,0.001305,-0.000166,0.000000,0.000000,0.000000,1,-0.002327,6900.773926,-0.075774,-1140.453735,0.000001,0.010188,130.538254,1,-0.002696,6885.342285,-0.073444,-1140.373535,0.000001,0.010187,130.536514,1,0.003604,5859.347168,0.677238,2785.977783,-0.000007,-0.030355,125.559875,1,0.003250,5847.101074,0.669387,2785.163330,-0.000007,-0.030346,125.560898,353.955994,25494.425781,2642.980713,63.983406,-1.351663,-8.682014,0.000000,0.000000,0.000000,0.000000,0.000000,0.000000,0.000000,0.000000,0.000000
673,11.216666,64.034424,-0.000090,66.054932,6.077358,-0.000549,45.225117,-3.008013,-0.000028,45.631569,5709.029,3,0.000000,4,5,125.758881,1,0,0,-0.000005,0.999999,-0.001630,-0.991091,0.000212,0.133183,0.001622,-0.000210,0.000000,0.000000,0.000000,1,-0.002280,6902.904297,-0.088724,-1068.662476,0.000001,0.009546,130.683075,1,-0.002650,6887.481445,-0.084208,-1068.715210,0.000001,0.009547,130.681335,1,0.003568,5857.504883,0.952344,3829.020996,-0.000008,-0.034574,125.758362,1,0.003214,5845.270020,0.944493,3829.935547,-0.000008,-0.034572,125.759399,650.473999,25494.601562,4853.511719,-193.776428,1.307009,26.289625,0.000000,0.000000,0.000000,0.000000,0.000000,0.000000,0.000000,0.000000,0.000000
674,11.233334,64.135864,-0.000097,66.809692,6.085697,-0.000385,45.287342,-3.008013,-0.000022,45.694347,5718.054,3,0.000000,4,5,125.825859,1,0,0,-0.000004,0.999999,-0.001619,-0.991091,0.000212,0.133182,0.000660,-0.000077,0.000000,0.000000,0.000000,1,-0.002259,6902.773926,-0.071313,-1138.614136,0.000001,0.010171,130.817474,1,-0.002628,6887.375488,-0.073310,-1138.590332,0.000001,0.010171,130.815735,1,0.003556,5858.312500,0.688551,2777.604736,-0.000008,-0.030264,125.825348,1,0.003202,5846.083008,0.680692,2776.804688,-0.000007,-0.030255,125.826370,351.827271,25495.550781,2627.360840,63.706799,-1.396381,-8.292124,0.000000,0.000000,0.000000,0.000000,0.000000,0.000000,0.000000,0.000000,0.000000
675,11.250000,64.237427,-0.000100,67.565063,6.090208,-0.000195,45.321026,-3.008014,-0.000029,45.728333,5721.099,3,0.000000,4,5,126.024513,1,0,0,-0.000002,0.999999,-0.001603,-0.991092,0.000212,0.133182,0.000976,-0.000116,0.000000,0.000000,0.000000,1,-0.002234,6904.007324,-0.086391,-1066.347412,0.000001,0.009526,130.962036,1,-0.002602,6888.630371,-0.086198,-1066.391235,0.000001,0.009526,130.960297,1,0.003532,5856.873047,0.971516,3820.977783,-0.000009,-0.034484,126.023994,1,0.003179,5844.672852,0.961693,3821.922607,-0.000009,-0.034482,126.025032,648.559692,25494.710938,4839.573242,-193.474670,1.419005,26.130184,0.000000,0.000000,0.000000,0.000000,0.000000,0.000000,0.000000,0.000000,0.000000
676,11.266666,64.339111,-0.000100,68.321411,6.098523,-0.000030,45.383072,-3.008014,-0.000022,45.790932,5730.132,3,0.000000,4,5,126.091599,1,0,0,-0.000002,0.999999,-0.001602,-0.991092,0.000211,0.133181,0.000015,0.000015,0.000000,0.000000,0.000000,1,-0.002233,6903.009277,-0.069008,-1135.780151,0.000001,0.010146,131.096100,1,-0.002601,6887.647949,-0.068854,-1135.730225,0.000001,0.010145,131.094360,1,0.003532,5858.081543,0.687070,2775.560303,-0.000007,-0.030242,126.091087,1,0.003179,5845.897461,0.685642,2774.775879,-0.000007,-0.030233,126.092110,351.677765,25494.712891,2626.342041,65.983742,-1.344907,-8.691474,0.000000,0.000000,0.000000,0.000000,0.000000,0.000000,0.000000,0.000000,0.000000
677,11.283334,64.440796,-0.000098,69.078369,6.103031,0.000150,45.416744,-3.008014,-0.000028,45.824905,5733.183,3,0.000000,4,5,126.289612,1,0,0,-0.000002,0.999999,-0.001597,-0.991092,0.000211,0.133181,0.000342,-0.000026,0.000000,0.000000,0.000000,1,-0.002228,6903.409668,-0.084046,-1064.069702,0.000001,0.009505,131.240250,1,-0.002595,6888.080078,-0.079559,-1064.170776,0.000001,0.009506,131.238495,1,0.003520,5857.049805,0.968071,3819.248047,-0.000009,-0.034463,126.289093,1,0.003167,5844.882812,0.966642,3820.224121,-0.000009,-0.034461,126.290131,648.334595,25493.054688,4838.006836,-187.588287,1.405558,25.258577,0.000000,0.000000,0.000000,0.000000,0.000000,0.000000,0.000000,0.000000,0.000000
678,11.300000,64.542603,-0.000093,69.836304,6.111343,0.000296,45.478771,-3.008015,-0.000022,45.887493,5742.185,3,0.000000,4,5,126.356018,1,0,0,-0.000003,0.999999,-0.001607,-0.991092,0.000211,0.133181,-0.000590,0.000100,0.000000,0.000000,0.000000,1,-0.002247,6901.618652,-0.068849,-1133.612305,0.000001,0.010127,131.373978,1,-0.002614,6886.310059,-0.066549,-1133.586548,0.000001,0.010126,131.372238,1,0.003531,5858.618164,0.672870,2768.432373,-0.000007,-0.030164,126.355507,1,0.003179,5846.477051,0.677871,2767.721680,-0.000007,-0.030156,126.356529,350.026642,25492.228516,2613.924561,76.179581,-1.328087,-10.161012,0.000000,0.000000,0.000000,0.000000,0.000000,0.000000,0.000000,0.000000,0.000000
679,11.316667,64.644531,-0.000086,70.594849,6.115830,0.000446,45.512283,-3.008015,-0.000028,45.921307,5745.205,3,0.000000,4,5,126.554024,1,0,0,-0.000004,0.999999,-0.001610,-0.991092,0.000210,0.133180,-0.000212,0.000050,0.000000,0.000000,0.000000,1,-0.002260,6901.349609,-0.083844,-1061.731445,0.000001,0.009484,131.517807,1,-0.002625,6886.083008,-0.081514,-1061.824219,0.000001,0.009485,131.516068,1,0.003529,5857.905273,0.946010,3812.229980,-0.000008,-0.034386,126.553505,1,0.003178,5845.794922,0.951012,3813.232910,-0.000008,-0.034385,126.554543,646.774414,25489.998047,4826.131348,-174.957565,1.394043,23.426262,0.000000,0.000000,0.000000,0.000000,0.000000,0.000000,0.000000,0.000000,0.000000
680,11.333333,64.746582,-0.000076,71.354370,6.124123,0.000556,45.574158,-3.008016,-0.000021,45.983730,5754.208,3,0.000000,4,5,126.620407,1,0,0,-0.000007,0.999999,-0.001628,-0.991092,0.000210,0.133180,-0.001081,0.000166,0.000000,0.000000,0.000000,1,-0.002294,6899.000488,-0.066532,-1130.842896,0.000001,0.010102,131.651199,1,-0.002660,6883.748047,-0.066385,-1130.825317,0.000001,0.010102,131.649460,1,0.003550,5859.763184,0.658800,2765.583984,-0.000007,-0.030133,126.619896,1,0.003199,5847.651855,0.657439,2764.791260,-0.000007,-0.030125,126.620918,349.669922,25488.710938,2611.045898,90.025574,-1.445489,-12.068630,0.000000,0.000000,0.000000,0.000000,0.000000,0.000000,0.000000,0.000000,0.000000
681,11.350000,64.848755,-0.000065,72.114502,6.128605,0.000665,45.607632,-3.008016,-0.000028,46.017502,5757.226,3,0.000000,4,5,126.817879,1,0,0,-0.000009,0.999999,-0.001639,-0.991092,0.000210,0.133179,-0.000635,0.000106,0.000000,0.000000,0.000000,1,-0.002320,6898.268555,-0.079343,-1059.451294,0.000001,0.009464,131.794632,1,-0.002685,6883.029297,-0.081307,-1059.579468,0.000001,0.009465,131.792892,1,0.003556,5859.265137,0.937836,3809.476074,-0.000008,-0.034355,126.817360,1,0.003206,5847.178711,0.936475,3810.412354,-0.000008,-0.034353,126.818398,646.295105,25486.035156,4822.458984,-159.551697,1.283276,21.378195,0.000000,0.000000,0.000000,0.000000,0.000000,0.000000,0.000000,0.000000,0.000000
682,11.366667,64.951050,-0.000053,72.875488,6.136891,0.000729,45.669456,-3.008017,-0.000022,46.079880,5766.205,3,0.000000,4,5,126.883713,1,0,0,-0.000012,0.999999,-0.001662,-0.991092,0.000209,0.133179,-0.001427,0.000212,0.000000,0.000000,0.000000,1,-0.002366,6895.557129,-0.062079,-1128.617920,0.000001,0.010082,131.927689,1,-0.002730,6880.366211,-0.064078,-1128.574951,0.000001,0.010082,131.925964,1,0.003584,5861.260742,0.708668,2759.261963,-0.000008,-0.030064,126.883202,1,0.003234,5849.196777,0.694467,2758.545166,-0.000008,-0.030056,126.884224,348.143402,25484.470703,2600.406250,104.171959,-1.156210,-14.523695,0.000000,0.000000,0.000000,0.000000,0.000000,0.000000,0.000000,0.000000,0.000000
683,11.383333,65.053467,-0.000040,73.637207,6.141355,0.000788,45.702793,-3.008017,-0.000028,46.113510,5769.198,3,0.000000,4,5,127.081070,1,0,0,-0.000014,0.999999,-0.001678,-0.991092,0.000209,0.133179,-0.000911,0.000135,0.000000,0.000000,0.000000,1,-0.002400,6894.574219,-0.083413,-1057.224243,0.000001,0.009444,132.070801,1,-0.002764,6879.386719,-0.083229,-1057.340820,0.000001,0.009445,132.069061,1,0.003596,5860.916504,0.981808,3803.075684,-0.000009,-0.034286,127.080544,1,0.003247,5848.863281,0.965643,3804.119141,-0.000009,-0.034285,127.081596,644.775452,25481.708984,4811.684570,-144.733109,1.620218,18.903828,0.000000,0.000000,0.000000,0.000000,0.000000,0.000000,0.000000,0.000000,0.000000
684,11.400000,65.156006,-0.000027,74.399902,6.149621,0.000801,45.764481,-3.008017,-0.000020,46.175747,5778.172,3,0.000000,4,5,127.146797,1,0,0,-0.000018,0.999999,-0.001705,-0.991092,0.000209,0.133178,-0.001630,0.000224,0.000000,0.000000,0.000000,1,-0.002451,6891.750977,-0.070456,-1126.034058,0.000001,0.010059,132.203537,1,-0.002815,6876.553223,-0.070301,-1126.004272,0.000001,0.010059,132.201813,1,0.003628,5863.041992,0.586323,2755.688965,-0.000006,-0.030025,127.146278,1,0.003279,5850.963379,0.591476,2755.059814,-0.000006,-0.030018,127.147316,347.772308,25480.218750,2595.858154,124.363129,-1.375764,-16.709713,0.000000,0.000000,0.000000,0.000000,0.000000,0.000000,0.000000,0.000000,0.000000
685,11.416667,65.258545,-0.000013,75.163208,6.154079,0.000810,45.797760,-3.008018,-0.000026,46.209320,5781.160,3,0.000000,4,5,127.343689,1,0,0,-0.000020,0.999999,-0.001722,-0.991092,0.000209,0.133178,-0.001013,0.000141,0.000000,0.000000,0.000000,1,-0.002488,6890.778809,-0.078928,-1055.127808,0.000001,0.009425,132.346268,1,-0.002852,6875.598633,-0.078754,-1055.209595,0.000001,0.009426,132.344543,1,0.003642,5862.658691,0.845708,3799.470703,-0.000007,-0.034247,127.343163,1,0.003294,5850.595215,0.848896,3800.586670,-0.000007,-0.034247,127.344215,644.272583,25477.529297,4806.138672,-126.341263,1.253113,16.730183,0.000000,0.000000,0.000000,0.000000,0.000000,0.000000,0.000000,0.000000,0.000000
686,11.433333,65.361206,-0.000000,75.927490,6.162339,0.000774,45.859379,-3.008018,-0.000020,46.271488,5790.113,3,0.000000,4,5,127.408958,1,0,0,-0.000024,0.999998,-0.001749,-0.991092,0.000209,0.133177,-0.001640,0.000222,0.000000,0.000000,0.000000,1,-0.002539,6888.098145,-0.059626,-1123.886597,0.000001,0.010040,132.478699,1,-0.002903,6872.904785,-0.059494,-1123.838135,0.000001,0.010039,132.476974,1,0.003675,5864.721191,0.648894,2749.847900,-0.000007,-0.029962,127.408440,1,0.003327,5852.653320,0.641211,2749.229736,-0.000007,-0.029955,127.409477,346.303955,25476.367188,2585.952393,140.375320,-1.439935,-19.744272,0.000000,0.000000,0.000000,0.000000,0.000000,0.000000,0.000000,0.000000,0.000000
687,11.450000,65.463989,0.000012,76.692383,6.166779,0.000738,45.892532,-3.008018,-0.000027,46.304935,5793.080,3,0.000000,4,5,127.605682,1,0,0,-0.000026,0.999998,-0.001765,-0.991092,0.000209,0.133177,-0.000944,0.000116,0.000000,0.000000,0.000000,1,-0.002573,6887.360352,-0.082981,-1053.035767,0.000001,0.009407,132.621124,1,-0.002937,6872.145508,-0.084921,-1053.142822,0.000001,0.009408,132.619385,1,0.003689,5864.260742,0.916140,3793.551270,-0.000008,-0.034183,127.605156,1,0.003340,5852.164062,0.908456,3794.693604,-0.000008,-0.034183,127.606209,642.777100,25474.011719,4795.939453,-110.742371,1.311855,14.048514,0.000000,0.000000,0.000000,0.000000,0.000000,0.000000,0.000000,0.000000,0.000000
688,11.466666,65.566895,0.000023,77.458252,6.175020,0.000660,45.954018,-3.008019,-0.000021,46.366966,5802.025,3,0.000000,4,5,127.670784,1,0,0,-0.000029,0.999998,-0.001790,-0.991092,0.000210,0.133177,-0.001494,0.000178,0.000000,0.000000,0.000000,1,-0.002618,6885.019531,-0.067973,-1121.533081,0.000001,0.010019,132.753250,1,-0.002983,6869.769043,-0.067822,-1121.457031,0.000001,0.010018,132.751526,1,0.003720,5866.174805,0.647719,2745.946777,-0.000007,-0.029919,127.670265,1,0.003371,5854.036621,0.646379,2745.250244,-0.000007,-0.029912,127.671303,345.542023,25473.277344,2580.202881,152.845642,-1.434628,-21.173174,0.000000,0.000000,0.000000,0.000000,0.000000,0.000000,0.000000,0.000000,0.000000
689,11.483334,65.669922,0.000033,78.224731,6.179450,0.000588,45.987099,-3.008019,-0.000028,46.400341,5804.985,3,0.000000,4,5,127.867096,1,0,0,-0.000030,0.999998,-0.001802,-0.991092,0.000210,0.133176,-0.000736,0.000067,0.000000,0.000000,0.000000,1,-0.002645,6884.698730,-0.089146,-1051.138306,0.000001,0.009390,132.895325,1,-0.003010,6869.389160,-0.088948,-1051.211670,0.000001,0.009390,132.893585,1,0.003731,5865.557617,0.918894,3789.618652,-0.000008,-0.034140,127.866570,1,0.003381,5853.381348,0.915590,3790.682861,-0.000008,-0.034140,127.867622,641.872070,25471.507812,4789.231445,-100.142014,1.325221,12.910404,0.000000,0.000000,0.000000,0.000000,0.000000,0.000000,0.000000,0.000000,0.000000
690,11.500000,65.773071,0.000041,78.992188,6.187679,0.000481,46.048500,-3.008020,-0.000022,46.462292,5813.911,3,0.000000,4,5,127.931786,1,0,0,-0.000032,0.999998,-0.001823,-0.991092,0.000211,0.133176,-0.001233,0.000126,0.000000,0.000000,0.000000,1,-0.002680,6882.803223,-0.072050,-1119.547607,0.000001,0.010001,133.027176,1,-0.003047,6867.452148,-0.069775,-1119.486084,0.000001,0.010000,133.025436,1,0.003758,5867.285156,0.652851,2740.233154,-0.000007,-0.029857,127.931267,1,0.003407,5855.053711,0.657816,2739.543701,-0.000007,-0.029849,127.932304,344.181915,25471.339844,2570.176025,161.676331,-1.390054,-22.094719,0.000000,0.000000,0.000000,0.000000,0.000000,0.000000,0.000000,0.000000,0.000000
691,11.516666,65.876221,0.000047,79.760254,6.192091,0.000386,46.081451,-3.008020,-0.000028,46.495533,5816.852,3,0.000000,4,5,128.127899,1,0,0,-0.000032,0.999998,-0.001830,-0.991092,0.000211,0.133175,-0.000431,0.000013,0.000000,0.000000,0.000000,1,-0.002696,6882.977051,-0.080471,-1049.214844,0.000001,0.009373,133.168961,1,-0.003064,6867.559570,-0.082404,-1049.286377,0.000001,0.009373,133.167221,1,0.003764,5866.433105,0.931887,3783.904785,-0.000008,-0.034078,128.127365,1,0.003411,5854.162598,0.936851,3784.976074,-0.000008,-0.034077,128.128433,640.457275,25470.126953,4779.104980,-93.641014,1.387336,12.274013,0.000000,0.000000,0.000000,0.000000,0.000000,0.000000,0.000000,0.000000,0.000000
692,11.533334,65.979614,0.000052,80.529297,6.200303,0.000263,46.142723,-3.008020,-0.000022,46.557354,5825.770,3,0.000000,4,5,128.192398,1,0,0,-0.000034,0.999998,-0.001845,-0.991092,0.000212,0.133175,-0.000896,0.000071,0.000000,0.000000,0.000000,1,-0.002720,6881.616211,-0.063433,-1117.430664,0.000001,0.009982,133.300522,1,-0.003089,6866.144043,-0.063290,-1117.332031,0.000001,0.009981,133.298798,1,0.003785,5867.942383,0.676896,2735.973145,-0.000007,-0.029811,128.191879,1,0.003431,5855.606445,0.675473,2735.235840,-0.000007,-0.029802,128.192917,343.197784,25470.630859,2563.295898,164.005539,-1.243957,-22.345268,0.000000,0.000000,0.000000,0.000000,0.000000,0.000000,0.000000,0.000000,0.000000
693,11.550000,66.083008,0.000054,81.298950,6.204702,0.000160,46.175587,-3.008021,-0.000028,46.590504,5828.702,3,0.000000,4,5,128.388138,1,0,0,-0.000033,0.999998,-0.001846,-0.991092,0.000213,0.133174,-0.000082,-0.000042,0.000000,0.000000,0.000000,1,-0.002724,6882.312988,-0.078186,-1047.432007,0.000001,0.009357,133.442001,1,-0.003095,6866.756836,-0.078009,-1047.464844,0.000001,0.009357,133.440262,1,0.003785,5866.875488,0.948071,3779.676514,-0.000008,-0.034032,128.387604,1,0.003430,5854.490723,0.946649,3780.715820,-0.000008,-0.034031,128.388672,639.417358,25470.021484,4771.640625,-93.341469,1.568838,12.326863,0.000000,0.000000,0.000000,0.000000,0.000000,0.000000,0.000000,0.000000,0.000000
694,11.566667,66.186523,0.000055,82.069580,6.212900,0.000035,46.236763,-3.008021,-0.000020,46.652229,5837.602,3,0.000000,4,5,128.452255,1,0,0,-0.000033,0.999998,-0.001855,-0.991093,0.000214,0.133174,-0.000545,0.000017,0.000000,0.000000,0.000000,1,-0.002736,6881.447754,-0.063302,-1115.573486,0.000001,0.009965,133.573303,1,-0.003108,6865.827148,-0.063158,-1115.450073,0.000001,0.009964,133.571579,1,0.003801,5868.157227,0.606096,2730.326904,-0.000007,-0.029749,128.451736,1,0.003443,5855.711914,0.611112,2729.542236,-0.000007,-0.029740,128.452774,341.963959,25471.035156,2553.115967,163.913391,-1.471424,-22.048435,0.000000,0.000000,0.000000,0.000000,0.000000,0.000000,0.000000,0.000000,0.000000
695,11.583333,66.290161,0.000054,82.840698,6.217284,-0.000063,46.269497,-3.008022,-0.000027,46.685261,5840.518,3,0.000000,4,5,128.647797,1,0,0,-0.000032,0.999998,-0.001851,-0.991093,0.000215,0.133174,0.000269,-0.000093,0.000000,0.000000,0.000000,1,-0.002728,6882.620605,-0.080140,-1045.611450,0.000001,0.009340,133.714508,1,-0.003102,6866.932129,-0.077853,-1045.639893,0.000001,0.009341,133.712769,1,0.003795,5866.882812,0.871377,3774.187256,-0.000008,-0.033971,128.647263,1,0.003436,5854.374512,0.876392,3775.147949,-0.000008,-0.033969,128.648331,638.220825,25470.955078,4761.647949,-95.379074,1.282743,12.858632,0.000000,0.000000,0.000000,0.000000,0.000000,0.000000,0.000000,0.000000,0.000000
696,11.600000,66.393921,0.000051,83.612915,6.225467,-0.000176,46.330544,-3.008022,-0.000021,46.746853,5849.408,3,0.000000,4,5,128.711700,1,0,0,-0.000031,0.999998,-0.001854,-0.991093,0.000216,0.133173,-0.000204,-0.000029,0.000000,0.000000,0.000000,1,-0.002729,6882.223633,-0.061075,-1113.538818,0.000001,0.009947,133.845551,1,-0.003104,6866.468262,-0.060935,-1113.410156,0.000001,0.009946,133.843811,1,0.003804,5867.964355,0.661555,2725.965332,-0.000007,-0.029701,128.711182,1,0.003443,5855.412598,0.653853,2725.083496,-0.000007,-0.029692,128.712219,340.875183,25472.515625,2545.799316,159.708618,-1.375474,-21.291214,0.000000,0.000000,0.000000,0.000000,0.000000,0.000000,0.000000,0.000000,0.000000
697,11.616667,66.497803,0.000047,84.385620,6.229837,-0.000257,46.363182,-3.008023,-0.000028,46.779785,5852.314,3,0.000000,4,5,128.906876,1,0,0,-0.000029,0.999998,-0.001844,-0.991093,0.000217,0.133173,0.000590,-0.000133,0.000000,0.000000,0.000000,1,-0.002710,6883.830566,-0.073677,-1043.825195,0.000001,0.009324,133.986465,1,-0.003087,6868.006836,-0.073507,-1043.849731,0.000001,0.009325,133.984711,1,0.003792,5866.524414,0.938625,3769.967285,-0.000008,-0.033924,128.906342,1,0.003430,5853.926758,0.930923,3770.862061,-0.000008,-0.033921,128.907410,637.076294,25472.984375,4754.154297,-100.401863,1.374027,13.785484,0.000000,0.000000,0.000000,0.000000,0.000000,0.000000,0.000000,0.000000,0.000000
698,11.633333,66.601807,0.000041,85.159302,6.238005,-0.000347,46.424133,-3.008023,-0.000021,46.841278,5861.188,3,0.000000,4,5,128.970383,1,0,0,-0.000028,0.999998,-0.001843,-0.991093,0.000218,0.133173,0.000092,-0.000062,0.000000,0.000000,0.000000,1,-0.002701,6883.775879,-0.056761,-1111.641968,0.000001,0.009930,134.117249,1,-0.003080,6867.899902,-0.058728,-1111.543579,0.000001,0.009929,134.115494,1,0.003796,5867.410156,0.660159,2720.306641,-0.000007,-0.029640,128.969864,1,0.003433,5854.778320,0.658738,2719.389893,-0.000007,-0.029630,128.970901,339.499542,25474.746094,2535.651611,154.286728,-1.508582,-20.239347,0.000000,0.000000,0.000000,0.000000,0.000000,0.000000,0.000000,0.000000,0.000000
699,11.650000,66.705811,0.000034,85.933594,6.242357,-0.000401,46.456642,-3.008023,-0.000028,46.874077,5864.076,3,0.000000,4,5,129.165359,1,0,0,-0.000025,0.999998,-0.001828,-0.991093,0.000218,0.133172,0.000858,-0.000158,0.000000,0.000000,0.000000,1,-0.002674,6885.677246,-0.071447,-1041.983521,0.000001,0.009308,134.257889,1,-0.003053,6869.760742,-0.071282,-1041.978394,0.000001,0.009308,134.256119,1,0.003779,5865.804199,0.947055,3764.512939,-0.000008,-0.033863,129.164825,1,0.003415,5853.124512,0.945634,3765.372314,-0.000008,-0.033860,129.165894,635.729248,25475.421875,4744.366211,-107.844406,1.358575,14.972517,0.000000,0.000000,0.000000,0.000000,0.000000,0.000000,0.000000,0.000000,0.000000
700,11.666667,66.809937,0.000027,86.708862,6.250508,-0.000462,46.517467,-3.008024,-0.000022,46.935444,5872.941,3,0.000000,4,5,129.228638,1,0,0,-0.000024,0.999998,-0.001823,-0.991093,0.000219,0.133172,0.000324,-0.000080,0.000000,0.000000,0.000000,1,-0.002658,6885.865234,-0.050369,-1109.551392,0.000000,0.009912,134.388412,1,-0.003039,6869.913086,-0.054440,-1109.491089,0.000000,0.009911,134.386627,1,0.003778,5866.559082,0.708929,2715.792969,-0.000008,-0.029591,129.228119,1,0.003413,5853.864258,0.701135,2714.892090,-0.000008,-0.029581,129.229156,338.395325,25477.384766,2528.214844,145.029037,-1.375866,-18.963724,0.000000,0.000000,0.000000,0.000000,0.000000,0.000000,0.000000,0.000000,0.000000
701,11.683333,66.914185,0.000018,87.484741,6.254846,-0.000485,46.549881,-3.008024,-0.000028,46.968147,5875.818,3,0.000000,4,5,129.423264,1,0,0,-0.000021,0.999998,-0.001805,-0.991093,0.000219,0.133171,0.001045,-0.000169,0.000000,0.000000,0.000000,1,-0.002625,6887.932617,-0.065034,-1040.101074,0.000001,0.009291,134.528748,1,-0.003007,6871.957031,-0.064883,-1040.120972,0.000001,0.009291,134.526962,1,0.003757,5864.853027,1.003685,3760.188232,-0.000009,-0.033815,129.422729,1,0.003391,5852.136230,0.995891,3761.063477,-0.000009,-0.033812,129.423798,634.602295,25478.158203,4736.906250,-117.608681,1.527644,16.257946,0.000000,0.000000,0.000000,0.000000,0.000000,0.000000,0.000000,0.000000,0.000000
702,11.700000,67.018555,0.000010,88.261597,6.262982,-0.000514,46.610611,-3.008024,-0.000021,47.029430,5884.667,3,0.000000,4,5,129.486160,1,0,0,-0.000020,0.999998,-0.001798,-0.991093,0.000220,0.133171,0.000462,-0.000084,0.000000,0.000000,0.000000,1,-0.002606,6888.202148,-0.052380,-1107.643066,0.000000,0.009895,134.658997,1,-0.002988,6872.198242,-0.052259,-1107.559326,0.000000,0.009894,134.657211,1,0.003753,5865.548340,0.669830,2710.126953,-0.000007,-0.029529,129.485641,1,0.003387,5852.822754,0.668377,2709.166748,-0.000007,-0.029518,129.486679,337.105957,25480.080078,2518.096191,135.465027,-1.509017,-17.669092,0.000000,0.000000,0.000000,0.000000,0.000000,0.000000,0.000000,0.000000,0.000000
703,11.716666,67.123047,0.000001,89.038940,6.267304,-0.000505,46.642895,-3.008025,-0.000028,47.062004,5887.527,3,0.000000,4,5,129.680588,1,0,0,-0.000017,0.999998,-0.001779,-0.991093,0.000220,0.133170,0.001135,-0.000167,0.000000,0.000000,0.000000,1,-0.002571,6890.295410,-0.067021,-1038.148926,0.000001,0.009274,134.799057,1,-0.002953,6874.285645,-0.068955,-1038.197632,0.000001,0.009274,134.797256,1,0.003730,5863.787598,0.960656,3754.757568,-0.000008,-0.033754,129.680054,1,0.003363,5851.057617,0.959203,3755.589844,-0.000008,-0.033751,129.681122,633.395020,25480.748047,4727.306152,-127.213890,1.361030,17.515644,0.000000,0.000000,0.000000,0.000000,0.000000,0.000000,0.000000,0.000000,0.000000
704,11.733334,67.227661,-0.000007,89.817383,6.275424,-0.000503,46.703503,-3.008025,-0.000022,47.123150,5896.368,3,0.000000,4,5,129.743256,1,0,0,-0.000016,0.999998,-0.001770,-0.991093,0.000220,0.133170,0.000504,-0.000076,0.000000,0.000000,0.000000,1,-0.002550,6890.535645,-0.050202,-1105.535645,0.000000,0.009876,134.929016,1,-0.002934,6874.518066,-0.050085,-1105.467773,0.000000,0.009875,134.927216,1,0.003725,5864.479980,0.699608,2705.433838,-0.000008,-0.029478,129.742737,1,0.003357,5851.755371,0.704324,2704.565918,-0.000008,-0.029468,129.743774,336.003418,25482.587891,2510.432617,125.963669,-1.327250,-16.481081,0.000000,0.000000,0.000000,0.000000,0.000000,0.000000,0.000000,0.000000,0.000000
705,11.750000,67.332275,-0.000015,90.596313,6.279732,-0.000465,46.735687,-3.008026,-0.000028,47.155621,5899.217,3,0.000000,4,5,129.937332,1,0,0,-0.000013,0.999998,-0.001752,-0.991093,0.000220,0.133170,0.001129,-0.000154,0.000000,0.000000,0.000000,1,-0.002516,6892.526367,-0.066909,-1036.188843,0.000001,0.009256,135.068771,1,-0.002900,6876.509766,-0.064668,-1036.286621,0.000001,0.009257,135.066956,1,0.003701,5862.749023,0.990434,3750.284668,-0.000009,-0.033703,129.936798,1,0.003334,5850.024414,0.995150,3751.177490,-0.000009,-0.033701,129.937866,632.301575,25483.039062,4719.724609,-136.013992,1.489358,18.625021,0.000000,0.000000,0.000000,0.000000,0.000000,0.000000,0.000000,0.000000,0.000000
706,11.766666,67.437012,-0.000022,91.376221,6.287838,-0.000436,46.796196,-3.008026,-0.000021,47.216671,5908.042,3,0.000000,4,5,129.999634,1,0,0,-0.000012,0.999998,-0.001744,-0.991093,0.000220,0.133169,0.000455,-0.000058,0.000000,0.000000,0.000000,1,-0.002499,6892.590820,-0.052206,-1103.428711,0.000000,0.009857,135.198441,1,-0.002882,6876.598633,-0.050001,-1103.382690,0.000000,0.009856,135.196640,1,0.003696,5863.488770,0.666940,2700.025879,-0.000007,-0.029419,129.999100,1,0.003328,5850.770020,0.665493,2699.252441,-0.000007,-0.029410,130.000168,334.852203,25484.578125,2501.328125,118.147766,-1.367636,-15.527246,0.000000,0.000000,0.000000,0.000000,0.000000,0.000000,0.000000,0.000000,0.000000
707,11.783334,67.541870,-0.000028,92.156738,6.292131,-0.000375,46.828266,-3.008027,-0.000028,47.249023,5910.874,3,0.000000,4,5,130.193466,1,0,0,-0.000010,0.999998,-0.001727,-0.991093,0.000220,0.133169,0.001041,-0.000132,0.000000,0.000000,0.000000,1,-0.002469,6894.370605,-0.066795,-1034.182617,0.000001,0.009238,135.337891,1,-0.002851,6878.382324,-0.066640,-1034.286011,0.000001,0.009239,135.336075,1,0.003673,5861.807129,0.949905,3745.018066,-0.000008,-0.033645,130.192932,1,0.003306,5849.109375,0.946494,3746.020996,-0.000008,-0.033644,130.194000,631.181274,25484.652344,4710.731445,-143.516968,1.509527,19.428345,0.000000,0.000000,0.000000,0.000000,0.000000,0.000000,0.000000,0.000000,0.000000
708,11.800000,67.646851,-0.000034,92.938232,6.300223,-0.000327,46.888660,-3.008027,-0.000020,47.309967,5919.687,3,0.000000,4,5,130.255493,1,0,0,-0.000009,0.999999,-0.001721,-0.991093,0.000220,0.133169,0.000329,-0.000035,0.000000,0.000000,0.000000,1,-0.002456,6894.177246,-0.052115,-1101.259766,0.000000,0.009838,135.467270,1,-0.002838,6878.206055,-0.051994,-1101.202515,0.000000,0.009837,135.465469,1,0.003669,5862.627441,0.634427,2695.075684,-0.000007,-0.029365,130.254959,1,0.003302,5849.942871,0.639261,2694.271729,-0.000007,-0.029356,130.256027,333.814728,25485.767578,2493.166504,111.709892,-1.418965,-14.840372,0.000000,0.000000,0.000000,0.000000,0.000000,0.000000,0.000000,0.000000,0.000000
709,11.816667,67.751953,-0.000038,93.720215,6.304503,-0.000252,46.920624,-3.008027,-0.000027,47.342213,5922.508,3,0.000000,4,5,130.449020,1,0,0,-0.000008,0.999999,-0.001707,-0.991093,0.000220,0.133168,0.000883,-0.000107,0.000000,0.000000,0.000000,1,-0.002431,6895.698242,-0.068760,-1032.079224,0.000001,0.009220,135.606400,1,-0.002814,6879.733887,-0.066522,-1032.122437,0.000001,0.009220,135.604599,1,0.003648,5861.079590,0.909533,3740.272217,-0.000008,-0.033592,130.448486,1,0.003282,5848.406250,0.914367,3741.244873,-0.000008,-0.033590,130.449554,630.199341,25485.597656,4702.892578,-146.242767,1.470435,19.969675,0.000000,0.000000,0.000000,0.000000,0.000000,0.000000,0.000000,0.000000,0.000000
710,11.833333,67.857178,-0.000041,94.503174,6.312582,-0.000193,46.980919,-3.008028,-0.000020,47.403049,5931.307,3,0.000000,4,5,130.510727,1,0,0,-0.000008,0.999999,-0.001704,-0.991094,0.000219,0.133168,0.000157,-0.000005,0.000000,0.000000,0.000000,1,-0.002425,6895.230957,-0.049940,-1099.019043,0.000000,0.009818,135.735474,1,-0.002806,6879.301270,-0.047748,-1098.969482,0.000000,0.009817,135.733688,1,0.003647,5862.008301,0.639321,2690.083496,-0.000007,-0.029311,130.510193,1,0.003281,5849.364746,0.637943,2689.299316,-0.000007,-0.029302,130.511261,332.719452,25486.410156,2485.104980,110.123428,-1.361172,-14.525228,0.000000,0.000000,0.000000,0.000000,0.000000,0.000000,0.000000,0.000000,0.000000
711,11.850000,67.962402,-0.000043,95.286743,6.316848,-0.000111,47.012779,-3.008028,-0.000027,47.435192,5934.112,3,0.000000,4,5,130.703949,1,0,0,-0.000006,0.999999,-0.001692,-0.991094,0.000219,0.133167,0.000704,-0.000074,0.000000,0.000000,0.000000,1,-0.002407,6896.438477,-0.062393,-1029.997437,0.000001,0.009201,135.874283,1,-0.002788,6880.535645,-0.064324,-1030.066650,0.000001,0.009202,135.872482,1,0.003629,5860.543457,0.910497,3735.327393,-0.000008,-0.033538,130.703415,1,0.003264,5847.924316,0.911084,3736.319336,-0.000008,-0.033536,130.704483,629.074219,25485.750000,4694.592773,-148.259613,1.464976,20.070240,0.000000,0.000000,0.000000,0.000000,0.000000,0.000000,0.000000,0.000000,0.000000
712,11.866667,68.067871,-0.000044,96.071289,6.324914,-0.000050,47.072968,-3.008029,-0.000019,47.495918,5942.898,3,0.000000,4,5,130.765335,1,0,0,-0.000007,0.999999,-0.001693,-0.991094,0.000219,0.133167,-0.000032,0.000027,0.000000,0.000000,0.000000,1,-0.002407,6895.682129,-0.043614,-1096.760498,0.000000,0.009797,136.003052,1,-0.002788,6879.804688,-0.043514,-1096.703857,0.000000,0.009797,136.001266,1,0.003631,5861.590820,0.625637,2684.894531,-0.000007,-0.029254,130.764801,1,0.003266,5848.981934,0.624292,2684.081787,-0.000007,-0.029245,130.765869,331.598785,25486.187500,2476.652588,109.270592,-1.422951,-14.488399,0.000000,0.000000,0.000000,0.000000,0.000000,0.000000,0.000000,0.000000,0.000000
713,11.883333,68.173340,-0.000043,96.856323,6.329165,0.000030,47.104721,-3.008029,-0.000026,47.527954,5945.689,3,0.000000,4,5,130.958282,1,0,0,-0.000006,0.999999,-0.001684,-0.991094,0.000218,0.133167,0.000510,-0.000043,0.000000,0.000000,0.000000,1,-0.002396,6896.598145,-0.060197,-1027.825684,0.000001,0.009182,136.141525,1,-0.002776,6880.759766,-0.062130,-1027.888916,0.000001,0.009182,136.139740,1,0.003616,5860.227051,0.898777,3730.201172,-0.000008,-0.033482,130.957748,1,0.003251,5847.660645,0.895467,3731.148926,-0.000008,-0.033480,130.958817,627.949463,25485.185547,4686.076172,-148.643021,1.460044,19.889803,0.000000,0.000000,0.000000,0.000000,0.000000,0.000000,0.000000,0.000000,0.000000
714,11.900000,68.278931,-0.000042,97.642456,6.337215,0.000084,47.164799,-3.008029,-0.000019,47.588570,5954.462,3,0.000000,4,5,131.019394,1,0,0,-0.000007,0.999999,-0.001688,-0.991094,0.000218,0.133166,-0.000228,0.000055,0.000000,0.000000,0.000000,1,-0.002403,6895.562500,-0.047674,-1094.424805,0.000000,0.009776,136.269989,1,-0.002782,6879.747070,-0.045497,-1094.378784,0.000000,0.009776,136.268204,1,0.003620,5861.395996,0.605851,2680.065918,-0.000007,-0.029201,131.018860,1,0.003257,5848.840820,0.610723,2679.370361,-0.000007,-0.029194,131.019928,330.634308,25485.326172,2469.192139,110.627037,-1.366338,-14.785154,0.000000,0.000000,0.000000,0.000000,0.000000,0.000000,0.000000,0.000000,0.000000
715,11.916667,68.384644,-0.000039,98.429077,6.341455,0.000154,47.196457,-3.008030,-0.000026,47.620506,5957.241,3,0.000000,4,5,131.212021,1,0,0,-0.000007,0.999998,-0.001683,-0.991094,0.000218,0.133166,0.000321,-0.000018,0.000000,0.000000,0.000000,1,-0.002399,6896.224121,-0.060077,-1025.684326,0.000001,0.009162,136.408127,1,-0.002777,6880.436035,-0.057872,-1025.771118,0.000001,0.009163,136.406342,1,0.003609,5860.146973,0.871132,3725.372803,-0.000008,-0.033429,131.211487,1,0.003246,5847.623047,0.876004,3726.437500,-0.000008,-0.033428,131.212555,626.933289,25484.042969,4678.219238,-144.051926,1.289160,19.502037,0.000000,0.000000,0.000000,0.000000,0.000000,0.000000,0.000000,0.000000,0.000000
716,11.933333,68.490479,-0.000036,99.216675,6.349492,0.000194,47.256435,-3.008030,-0.000019,47.681019,5966.000,3,0.000000,4,5,131.272797,1,0,0,-0.000008,0.999998,-0.001689,-0.991094,0.000217,0.133166,-0.000394,0.000080,0.000000,0.000000,0.000000,1,-0.002412,6894.979004,-0.045509,-1092.174316,0.000000,0.009756,136.536270,1,-0.002789,6879.228516,-0.045405,-1092.122437,0.000000,0.009756,136.534500,1,0.003616,5861.376465,0.629355,2674.846680,-0.000007,-0.029144,131.272263,1,0.003254,5848.887207,0.628014,2674.137451,-0.000007,-0.029137,131.273331,329.446228,25483.962891,2460.687256,113.771919,-1.292652,-15.360955,0.000000,0.000000,0.000000,0.000000,0.000000,0.000000,0.000000,0.000000,0.000000
717,11.950000,68.596313,-0.000032,100.004761,6.353716,0.000248,47.287983,-3.008030,-0.000026,47.712860,5968.763,3,0.000000,4,5,131.465149,1,0,0,-0.000008,0.999999,-0.001686,-0.991094,0.000217,0.133165,0.000170,0.000003,0.000000,0.000000,0.000000,1,-0.002412,6895.445801,-0.057886,-1023.527832,0.000001,0.009143,136.674088,1,-0.002789,6879.737305,-0.055692,-1023.610107,0.000000,0.009144,136.672302,1,0.003607,5860.217773,0.896600,3720.137695,-0.000008,-0.033372,131.464615,1,0.003245,5847.747559,0.897225,3721.188965,-0.000008,-0.033371,131.465683,625.706360,25482.515625,4669.498047,-141.633575,1.491279,18.840090,0.000000,0.000000,0.000000,0.000000,0.000000,0.000000,0.000000,0.000000,0.000000
718,11.966666,68.702393,-0.000027,100.793945,6.361738,0.000270,47.347847,-3.008031,-0.000019,47.773258,5977.509,3,0.000000,4,5,131.525650,1,0,0,-0.000010,0.999999,-0.001695,-0.991094,0.000216,0.133165,-0.000533,0.000095,0.000000,0.000000,0.000000,1,-0.002430,6894.042969,-0.043351,-1089.785278,0.000000,0.009735,136.801926,1,-0.002806,6878.352539,-0.043252,-1089.759521,0.000000,0.009735,136.800156,1,0.003617,5861.553711,0.591208,2670.201904,-0.000006,-0.029094,131.525116,1,0.003256,5849.092285,0.589952,2669.461426,-0.000006,-0.029086,131.526184,328.555542,25482.332031,2453.531738,118.186371,-1.458377,-15.979782,0.000000,0.000000,0.000000,0.000000,0.000000,0.000000,0.000000,0.000000,0.000000
719,11.983334,68.808472,-0.000022,101.583618,6.365950,0.000304,47.379303,-3.008031,-0.000026,47.804996,5980.260,3,0.000000,4,5,131.717651,1,0,0,-0.000010,0.999999,-0.001694,-0.991094,0.000216,0.133164,0.000053,0.000015,0.000000,0.000000,0.000000,1,-0.002434,6894.406738,-0.057766,-1021.393799,0.000001,0.009124,136.939392,1,-0.002809,6878.738770,-0.057635,-1021.481689,0.000001,0.009125,136.937622,1,0.003610,5860.461914,0.856489,3715.367188,-0.000008,-0.033321,131.717102,1,0.003250,5848.029297,0.857197,3716.450195,-0.000008,-0.033320,131.718201,624.733765,25480.867188,4661.670898,-136.776230,1.399768,18.166922,0.000000,0.000000,0.000000,0.000000,0.000000,0.000000,0.000000,0.000000,0.000000
720,12.000000,68.914673,-0.000017,102.374268,6.373960,0.000307,47.439068,-3.008031,-0.000019,47.865292,5988.989,3,0.000000,4,5,131.777817,1,0,0,-0.000012,0.999999,-0.001705,-0.991094,0.000216,0.133164,-0.000626,0.000103,0.000000,0.000000,0.000000,1,-0.002454,6892.923340,-0.041200,-1087.557373,0.000000,0.009715,137.066910,1,-0.002829,6877.276367,-0.043162,-1087.521973,0.000000,0.009715,137.065155,1,0.003622,5861.831055,0.608540,2664.906250,-0.000007,-0.029036,131.777283,1,0.003263,5849.426270,0.613386,2664.240234,-0.000007,-0.029029,131.778351,327.353546,25480.652344,2444.923096,123.362274,-1.308479,-16.770336,0.000000,0.000000,0.000000,0.000000,0.000000,0.000000,0.000000,0.000000,0.000000
721,12.016666,69.020996,-0.000012,103.165405,6.378156,0.000322,47.470413,-3.008032,-0.000025,47.896912,5991.725,3,0.000000,4,5,131.969543,1,0,0,-0.000012,0.999999,-0.001705,-0.991094,0.000215,0.133164,-0.000014,0.000018,0.000000,0.000000,0.000000,1,-0.002460,6893.249512,-0.059704,-1019.286987,0.000001,0.009105,137.204056,1,-0.002834,6877.619629,-0.059569,-1019.379944,0.000001,0.009106,137.202286,1,0.003617,5860.782715,0.865960,3709.992676,-0.000008,-0.033263,131.968994,1,0.003258,5848.372559,0.870807,3711.150391,-0.000008,-0.033263,131.970093,623.498901,25479.201172,4652.649902,-131.546265,1.518471,17.452612,0.000000,0.000000,0.000000,0.000000,0.000000,0.000000,0.000000,0.000000,0.000000
722,12.033334,69.127441,-0.000007,103.957520,6.386150,0.000305,47.530064,-3.008032,-0.000018,47.957096,6000.443,3,0.000000,4,5,132.029434,1,0,0,-0.000014,0.999999,-0.001716,-0.991094,0.000215,0.133163,-0.000667,0.000103,0.000000,0.000000,0.000000,1,-0.002481,6891.775391,-0.041115,-1085.290527,0.000000,0.009695,137.331268,1,-0.002855,6876.166504,-0.043073,-1085.244873,0.000000,0.009694,137.329514,1,0.003631,5862.192871,0.570600,2660.087158,-0.000006,-0.028984,132.028900,1,0.003272,5849.784180,0.557147,2659.330322,-0.000006,-0.028975,132.029968,326.403107,25479.128906,2437.156494,126.725204,-1.552066,-17.412796,0.000000,0.000000,0.000000,0.000000,0.000000,0.000000,0.000000,0.000000,0.000000
723,12.050000,69.233887,-0.000002,104.750244,6.390335,0.000302,47.561310,-3.008033,-0.000025,47.988617,6003.166,3,0.000000,4,5,132.220840,1,0,0,-0.000014,0.999999,-0.001717,-0.991094,0.000215,0.133163,-0.000038,0.000013,0.000000,0.000000,0.000000,1,-0.002487,6892.132812,-0.063689,-1017.214783,0.000001,0.009087,137.468079,1,-0.002860,6876.519043,-0.065595,-1017.293701,0.000001,0.009087,137.466324,1,0.003627,5861.163086,0.829985,3705.079346,-0.000007,-0.033210,132.220291,1,0.003268,5848.768066,0.814568,3706.146240,-0.000007,-0.033209,132.221390,622.478760,25477.816406,4644.314453,-128.207306,1.298790,16.802160,0.000000,0.000000,0.000000,0.000000,0.000000,0.000000,0.000000,0.000000,0.000000
724,12.066667,69.340576,0.000003,105.543945,6.398315,0.000269,47.620853,-3.008033,-0.000019,48.048695,6011.869,3,0.000000,4,5,132.280426,1,0,0,-0.000015,0.999998,-0.001728,-0.991094,0.000215,0.133163,-0.000675,0.000093,0.000000,0.000000,0.000000,1,-0.002507,6890.703613,-0.047185,-1083.048950,0.000000,0.009675,137.595001,1,-0.002881,6875.087891,-0.045031,-1083.002075,0.000000,0.009674,137.593246,1,0.003641,5862.584961,0.594047,2655.084473,-0.000006,-0.028929,132.279892,1,0.003282,5850.179199,0.598901,2654.377930,-0.000007,-0.028921,132.280960,325.264832,25477.839844,2429.127930,131.575134,-1.374989,-18.004475,0.000000,0.000000,0.000000,0.000000,0.000000,0.000000,0.000000,0.000000,0.000000
725,12.083333,69.447266,0.000007,106.338135,6.402485,0.000250,47.651997,-3.008033,-0.000026,48.080112,6014.578,3,0.000000,4,5,132.471512,1,0,0,-0.000015,0.999998,-0.001728,-0.991094,0.000215,0.133162,-0.000022,0.000000,0.000000,0.000000,0.000000,1,-0.002511,6891.152832,-0.063559,-1015.174988,0.000001,0.009069,137.731491,1,-0.002885,6875.520020,-0.061369,-1015.250671,0.000001,0.009069,137.729721,1,0.003637,5861.566895,0.855397,3699.935059,-0.000008,-0.033155,132.470963,1,0.003279,5849.148438,0.860251,3701.036621,-0.000008,-0.033155,132.472061,621.227539,25476.750000,4635.595215,-123.663322,1.459044,16.298700,0.000000,0.000000,0.000000,0.000000,0.000000,0.000000,0.000000,0.000000,0.000000
726,12.100000,69.554077,0.000010,107.133301,6.410450,0.000204,47.711426,-3.008034,-0.000019,48.140076,6023.267,3,0.000000,4,5,132.530792,1,0,0,-0.000017,0.999998,-0.001739,-0.991094,0.000215,0.133162,-0.000636,0.000078,0.000000,0.000000,0.000000,1,-0.002529,6889.854492,-0.042994,-1080.839600,0.000000,0.009655,137.858109,1,-0.002903,6874.225098,-0.040854,-1080.774902,0.000000,0.009655,137.856354,1,0.003652,5862.963379,0.599070,2650.105957,-0.000007,-0.028875,132.530258,1,0.003293,5850.540527,0.591701,2649.394043,-0.000006,-0.028867,132.531326,324.169800,25477.052734,2421.038330,135.453812,-1.364204,-18.467768,0.000000,0.000000,0.000000,0.000000,0.000000,0.000000,0.000000,0.000000,0.000000
727,12.116667,69.661011,0.000013,107.928955,6.414606,0.000176,47.742466,-3.008034,-0.000025,48.171391,6025.962,3,0.000000,4,5,132.721573,1,0,0,-0.000016,0.999998,-0.001738,-0.991094,0.000215,0.133161,0.000036,-0.000016,0.000000,0.000000,0.000000,1,-0.002531,6890.428223,-0.059340,-1013.121216,0.000001,0.009050,137.994278,1,-0.002906,6874.766113,-0.057163,-1013.176697,0.000001,0.009051,137.992508,1,0.003648,5861.922363,0.860421,3694.830811,-0.000008,-0.033100,132.721024,1,0.003289,5849.469727,0.853052,3695.926758,-0.000008,-0.033100,132.722122,620.056396,25476.132812,4626.952148,-120.211174,1.473519,15.943928,0.000000,0.000000,0.000000,0.000000,0.000000,0.000000,0.000000,0.000000,0.000000
728,12.133333,69.768066,0.000015,108.725708,6.422555,0.000124,47.801785,-3.008034,-0.000018,48.231236,6034.637,3,0.000000,4,5,132.780563,1,0,0,-0.000017,0.999998,-0.001748,-0.991094,0.000215,0.133161,-0.000561,0.000061,0.000000,0.000000,0.000000,1,-0.002546,6889.284180,-0.042910,-1078.639404,0.000000,0.009635,138.120605,1,-0.002921,6873.610352,-0.042812,-1078.615356,0.000000,0.009635,138.118835,1,0.003662,5863.274902,0.573563,2645.171875,-0.000006,-0.028821,132.780029,1,0.003302,5850.812500,0.578433,2644.444824,-0.000006,-0.028813,132.781097,323.121948,25476.650391,2412.946533,138.193130,-1.459836,-18.702385,0.000000,0.000000,0.000000,0.000000,0.000000,0.000000,0.000000,0.000000,0.000000
729,12.150000,69.875122,0.000017,109.522949,6.426698,0.000091,47.832718,-3.008035,-0.000025,48.262459,6037.319,3,0.000000,4,5,132.971024,1,0,0,-0.000017,0.999999,-0.001746,-0.991095,0.000216,0.133161,0.000125,-0.000033,0.000000,0.000000,0.000000,1,-0.002545,6890.014160,-0.059224,-1011.061768,0.000001,0.009032,138.256454,1,-0.002920,6874.320312,-0.061127,-1011.160034,0.000001,0.009033,138.254669,1,0.003657,5862.170410,0.832948,3689.771240,-0.000007,-0.033046,132.970474,1,0.003297,5849.690918,0.839783,3690.852051,-0.000007,-0.033045,132.971573,618.939880,25475.955078,4618.331055,-118.134796,0.931046,16.439102,0.000000,0.000000,0.000000,0.000000,0.000000,0.000000,0.000000,0.000000,0.000000
730,12.166667,69.982422,0.000017,110.321167,6.434633,0.000036,47.891926,-3.008035,-0.000021,48.322189,6045.979,3,0.000000,4,5,133.029709,1,0,0,-0.000018,0.999999,-0.001753,-0.991095,0.000216,0.133160,-0.000460,0.000054,0.000000,0.000000,0.000000,1,-0.002556,6889.044434,-0.044867,-1076.488037,0.000000,0.009616,138.382477,1,-0.002931,6873.338379,-0.044765,-1076.443481,0.000000,0.009616,138.380707,1,0.003669,5863.458496,0.669948,2640.074707,-0.000007,-0.028766,133.029175,1,0.003309,5850.984375,0.668523,2639.435059,-0.000007,-0.028759,133.030243,321.818207,25476.722656,2404.628174,139.502289,-1.359020,-18.161057,0.000000,0.000000,0.000000,0.000000,0.000000,0.000000,0.000000,0.000000,0.000000
731,12.183333,70.089722,0.000017,111.119873,6.438759,0.000005,47.922756,-3.008036,-0.000027,48.353298,6048.647,3,0.000000,4,5,133.219864,1,0,0,-0.000017,0.999998,-0.001749,-0.991095,0.000216,0.133160,0.000233,-0.000031,0.000000,0.000000,0.000000,1,-0.002550,6889.934082,-0.052997,-1009.126770,0.000000,0.009015,138.518005,1,-0.002926,6874.247559,-0.048809,-1009.178650,0.000000,0.009015,138.516235,1,0.003663,5862.283691,0.960774,3684.485352,-0.000008,-0.032990,133.219315,1,0.003302,5849.819336,0.961314,3685.669434,-0.000008,-0.032990,133.220413,617.447510,25476.285156,4609.264160,-117.461006,1.463174,16.208302,0.000000,0.000000,0.000000,0.000000,0.000000,0.000000,0.000000,0.000000,0.000000
732,12.200000,70.197144,0.000017,111.919556,6.446675,-0.000046,47.981850,-3.008036,-0.000020,48.412914,6057.293,3,0.000000,4,5,133.278259,1,0,0,-0.000018,0.999998,-0.001755,-0.991095,0.000216,0.133160,-0.000349,0.000053,0.000000,0.000000,0.000000,1,-0.002558,6889.094238,-0.034605,-1074.331299,0.000000,0.009597,138.643753,1,-0.002933,6873.410156,-0.036557,-1074.290649,0.000000,0.009597,138.641983,1,0.003673,5863.503906,0.680856,2635.080322,-0.000007,-0.028711,133.277725,1,0.003313,5851.048828,0.667278,2634.406250,-0.000007,-0.028704,133.278793,320.676880,25477.152344,2396.359619,139.514481,-1.384492,-18.274336,0.000000,0.000000,0.000000,0.000000,0.000000,0.000000,0.000000,0.000000,0.000000
733,12.216666,70.304688,0.000015,112.719727,6.450786,-0.000073,48.012573,-3.008036,-0.000027,48.443909,6059.947,3,0.000000,4,5,133.468094,1,0,0,-0.000018,0.999998,-0.001750,-0.991095,0.000216,0.133159,0.000344,-0.000033,0.000000,0.000000,0.000000,1,-0.002549,6890.148438,-0.048830,-1007.119568,0.000000,0.008997,138.778976,1,-0.002924,6874.500977,-0.050750,-1007.209229,0.000000,0.008997,138.777191,1,0.003664,5862.247070,0.969717,3679.349609,-0.000009,-0.032935,133.467545,1,0.003305,5849.822266,0.954174,3680.483398,-0.000008,-0.032935,133.468643,616.244629,25476.921875,4600.368652,-118.125763,1.405458,16.142986,0.000000,0.000000,0.000000,0.000000,0.000000,0.000000,0.000000,0.000000,0.000000
734,12.233334,70.412354,0.000014,113.520874,6.458687,-0.000116,48.071552,-3.008037,-0.000020,48.503414,6068.580,3,0.000000,4,5,133.526199,1,0,0,-0.000018,0.999998,-0.001754,-0.991095,0.000215,0.133159,-0.000242,0.000049,0.000000,0.000000,0.000000,1,-0.002553,6889.453125,-0.040638,-1072.219482,0.000000,0.009578,138.904419,1,-0.002927,6873.820801,-0.040546,-1072.187500,0.000000,0.009578,138.902649,1,0.003673,5863.407227,0.661372,2629.916504,-0.000007,-0.028655,133.525665,1,0.003314,5850.991211,0.653917,2629.307129,-0.000007,-0.028648,133.526733,319.561890,25477.960938,2387.752930,138.229675,-1.364058,-18.239080,0.000000,0.000000,0.000000,0.000000,0.000000,0.000000,0.000000,0.000000,0.000000
735,12.250000,70.520020,0.000011,114.322632,6.462784,-0.000133,48.102165,-3.008037,-0.000027,48.534302,6071.221,3,0.000000,4,5,133.715729,1,0,0,-0.000018,0.999998,-0.001746,-0.991095,0.000215,0.133158,0.000444,-0.000038,0.000000,0.000000,0.000000,1,-0.002541,6890.616699,-0.050774,-1005.098145,0.000000,0.008979,139.039337,1,-0.002914,6875.026367,-0.050659,-1005.196716,0.000000,0.008979,139.037552,1,0.003663,5862.094238,0.948267,3674.075439,-0.000008,-0.032878,133.715179,1,0.003304,5849.711914,0.938847,3675.273926,-0.000008,-0.032879,133.716278,615.070312,25477.806641,4591.365234,-119.766457,1.411020,16.235516,0.000000,0.000000,0.000000,0.000000,0.000000,0.000000,0.000000,0.000000,0.000000
736,12.266666,70.627808,0.000009,115.125366,6.470669,-0.000165,48.161030,-3.008038,-0.000020,48.593689,6079.839,3,0.000000,4,5,133.773544,1,0,0,-0.000018,0.999998,-0.001749,-0.991095,0.000215,0.133158,-0.000150,0.000044,0.000000,0.000000,0.000000,1,-0.002542,6890.036133,-0.040566,-1070.044800,0.000000,0.009559,139.164490,1,-0.002915,6874.470703,-0.040474,-1070.024292,0.000000,0.009559,139.162720,1,0.003669,5863.187500,0.641950,2624.906738,-0.000007,-0.028600,133.772995,1,0.003311,5850.835449,0.646642,2624.417480,-0.000007,-0.028595,133.774094,318.495605,25478.958984,2379.631104,135.999435,-1.302611,-18.112041,0.000000,0.000000,0.000000,0.000000,0.000000,0.000000,0.000000,0.000000,0.000000
737,12.283334,70.735718,0.000006,115.928589,6.474752,-0.000171,48.191540,-3.008038,-0.000026,48.624485,6082.468,3,0.000000,4,5,133.962753,1,0,0,-0.000018,0.999999,-0.001740,-0.991095,0.000214,0.133158,0.000526,-0.000045,0.000000,0.000000,0.000000,1,-0.002527,6891.272949,-0.054739,-1003.115723,0.000000,0.008961,139.299088,1,-0.002900,6875.739258,-0.054616,-1003.207336,0.000000,0.008962,139.297318,1,0.003657,5861.805664,0.917056,3668.924561,-0.000008,-0.032823,133.962204,1,0.003300,5849.483887,0.923712,3670.242676,-0.000008,-0.032825,133.963303,613.943726,25478.730469,4582.598633,-122.266464,1.468119,16.454327,0.000000,0.000000,0.000000,0.000000,0.000000,0.000000,0.000000,0.000000,0.000000
738,12.300000,70.843750,0.000003,116.732788,6.482624,-0.000192,48.250290,-3.008038,-0.000019,48.683754,6091.071,3,0.000000,4,5,134.020264,1,0,0,-0.000018,0.999998,-0.001741,-0.991095,0.000214,0.133157,-0.000081,0.000037,0.000000,0.000000,0.000000,1,-0.002526,6890.759766,-0.038470,-1067.919922,0.000000,0.009540,139.423950,1,-0.002898,6875.266113,-0.038384,-1067.880127,0.000000,0.009539,139.422195,1,0.003662,5862.878418,0.616551,2619.796631,-0.000007,-0.028545,134.019730,1,0.003306,5850.572754,0.615257,2619.151367,-0.000007,-0.028538,134.020798,317.382843,25479.982422,2370.966553,133.274353,-1.500632,-17.862091,0.000000,0.000000,0.000000,0.000000,0.000000,0.000000,0.000000,0.000000,0.000000
739,12.316667,70.951904,-0.000001,117.537476,6.486692,-0.000185,48.280685,-3.008039,-0.000026,48.714420,6093.686,3,0.000000,4,5,134.209183,1,0,0,-0.000018,0.999998,-0.001732,-0.991095,0.000213,0.133157,0.000580,-0.000051,0.000000,0.000000,0.000000,1,-0.002510,6892.048828,-0.054644,-1001.036316,0.000000,0.008942,139.558243,1,-0.002881,6876.584473,-0.056541,-1001.154846,0.000001,0.008943,139.556473,1,0.003649,5861.469727,0.891656,3663.720215,-0.000008,-0.032767,134.208633,1,0.003293,5849.202637,0.892328,3664.882568,-0.000008,-0.032767,134.209732,612.792114,25479.796875,4573.613281,-125.080429,1.240312,16.713442,0.000000,0.000000,0.000000,0.000000,0.000000,0.000000,0.000000,0.000000,0.000000
740,12.333333,71.060181,-0.000004,118.343140,6.494549,-0.000195,48.339321,-3.008039,-0.000020,48.773575,6102.275,3,0.000000,4,5,134.266403,1,0,0,-0.000018,0.999998,-0.001732,-0.991095,0.000213,0.133157,-0.000040,0.000031,0.000000,0.000000,0.000000,1,-0.002508,6891.543945,-0.040425,-1065.706665,0.000000,0.009520,139.682816,1,-0.002878,6876.102051,-0.042351,-1065.692139,0.000000,0.009520,139.681061,1,0.003653,5862.502930,0.657607,2614.775879,-0.000007,-0.028490,134.265869,1,0.003298,5850.244141,0.644192,2614.197998,-0.000007,-0.028484,134.266937,316.225708,25480.886719,2362.849609,130.311249,-1.327276,-17.536692,0.000000,0.000000,0.000000,0.000000,0.000000,0.000000,0.000000,0.000000,0.000000
741,12.350000,71.168457,-0.000007,119.149292,6.498603,-0.000177,48.369614,-3.008039,-0.000027,48.804134,6104.877,3,0.000000,4,5,134.455002,1,0,0,-0.000017,0.999998,-0.001722,-0.991095,0.000212,0.133156,0.000606,-0.000056,0.000000,0.000000,0.000000,1,-0.002492,6892.840820,-0.054550,-999.018250,0.000000,0.008924,139.816772,1,-0.002861,6877.440918,-0.052412,-999.084229,0.000000,0.008925,139.815018,1,0.003639,5861.080566,0.938608,3658.573486,-0.000008,-0.032711,134.454453,1,0.003285,5848.842773,0.927157,3659.818848,-0.000008,-0.032713,134.455551,611.538696,25480.677734,4564.956055,-128.039154,1.502773,17.030680,0.000000,0.000000,0.000000,0.000000,0.000000,0.000000,0.000000,0.000000,0.000000
742,12.366667,71.276855,-0.000010,119.956421,6.506443,-0.000176,48.428139,-3.008040,-0.000019,48.863190,6113.453,3,0.000000,4,5,134.511917,1,0,0,-0.000018,0.999999,-0.001723,-0.991095,0.000212,0.133156,-0.000030,0.000027,0.000000,0.000000,0.000000,1,-0.002490,6892.289062,-0.042373,-1063.500488,0.000000,0.009500,139.941040,1,-0.002859,6876.904297,-0.040265,-1063.480225,0.000000,0.009500,139.939301,1,0.003642,5862.084961,0.620225,2609.720703,-0.000007,-0.028435,134.511383,1,0.003289,5849.877930,0.618934,2609.123047,-0.000007,-0.028428,134.512451,315.175659,25481.568359,2354.578613,127.500786,-1.426659,-17.256687,0.000000,0.000000,0.000000,0.000000,0.000000,0.000000,0.000000,0.000000,0.000000
743,12.383333,71.385376,-0.000012,120.764038,6.510484,-0.000150,48.458324,-3.008040,-0.000026,48.893646,6116.040,3,0.000000,4,5,134.700195,1,0,0,-0.000017,0.999999,-0.001713,-0.991095,0.000212,0.133155,0.000603,-0.000060,0.000000,0.000000,0.000000,1,-0.002474,6893.578613,-0.054456,-996.988342,0.000000,0.008906,140.074677,1,-0.002842,6878.218262,-0.054335,-997.060791,0.000000,0.008907,140.072937,1,0.003628,5860.679199,0.897296,3653.345459,-0.000008,-0.032656,134.699646,1,0.003275,5848.492676,0.897970,3654.587158,-0.000008,-0.032657,134.700745,610.404419,25481.390625,4555.997070,-130.595535,0.955176,18.031654,0.000000,0.000000,0.000000,0.000000,0.000000,0.000000,0.000000,0.000000,0.000000
744,12.400000,71.494019,-0.000015,121.572632,6.518310,-0.000140,48.516735,-3.008041,-0.000022,48.952576,6124.601,3,0.000000,4,5,134.756821,1,0,0,-0.000017,0.999999,-0.001713,-0.991095,0.000211,0.133155,-0.000045,0.000034,0.000000,0.000000,0.000000,1,-0.002473,6892.977539,-0.040286,-1061.344482,0.000000,0.009481,140.198654,1,-0.002840,6877.651855,-0.042206,-1061.287598,0.000000,0.009480,140.196930,1,0.003631,5861.699219,0.709204,2604.486084,-0.000008,-0.028378,134.756287,1,0.003279,5849.539551,0.707733,2604.000732,-0.000008,-0.028373,134.757355,313.848206,25482.224609,2346.048096,125.092148,-1.306321,-16.349213,0.000000,0.000000,0.000000,0.000000,0.000000,0.000000,0.000000,0.000000,0.000000
745,12.416667,71.602783,-0.000016,122.381714,6.522333,-0.000107,48.546814,-3.008041,-0.000028,48.982929,6127.175,3,0.000000,4,5,134.944809,1,0,0,-0.000016,0.999999,-0.001704,-0.991095,0.000211,0.133155,0.000577,-0.000043,0.000000,0.000000,0.000000,1,-0.002459,6894.143066,-0.054361,-994.897888,0.000000,0.008887,140.331985,1,-0.002825,6878.871582,-0.054241,-994.984009,0.000000,0.008888,140.330246,1,0.003617,5860.283203,1.007890,3647.969238,-0.000009,-0.032598,134.944260,1,0.003265,5848.169434,1.008384,3649.307373,-0.000009,-0.032600,134.945358,608.968384,25481.753906,4546.998535,-130.849380,1.440192,18.050520,0.000000,0.000000,0.000000,0.000000,0.000000,0.000000,0.000000,0.000000,0.000000
746,12.433333,71.711670,-0.000018,123.191772,6.530140,-0.000093,48.605110,-3.008041,-0.000021,49.041740,6135.723,3,0.000000,4,5,135.001129,1,0,0,-0.000017,0.999999,-0.001705,-0.991095,0.000210,0.133154,-0.000072,0.000051,0.000000,0.000000,0.000000,1,-0.002459,6893.479492,-0.038205,-1059.078613,0.000000,0.009461,140.455658,1,-0.002825,6878.265137,-0.038120,-1059.024658,0.000000,0.009460,140.453934,1,0.003620,5861.298828,0.689870,2599.541260,-0.000008,-0.028324,135.000595,1,0.003270,5849.228027,0.688450,2599.052490,-0.000008,-0.028319,135.001663,312.815155,25482.511719,2338.129150,124.825409,-1.333527,-16.346344,0.000000,0.000000,0.000000,0.000000,0.000000,0.000000,0.000000,0.000000,0.000000
747,12.450000,71.820557,-0.000019,124.002319,6.534151,-0.000056,48.635086,-3.008042,-0.000028,49.071983,6138.284,3,0.000000,4,5,135.188766,1,0,0,-0.000017,0.999998,-0.001696,-0.991095,0.000209,0.133154,0.000548,-0.000027,0.000000,0.000000,0.000000,1,-0.002447,6894.580566,-0.052256,-992.785217,0.000000,0.008869,140.588654,1,-0.002810,6879.430664,-0.050136,-992.858643,0.000000,0.008869,140.586929,1,0.003605,5859.868652,0.986591,3642.835938,-0.000009,-0.032543,135.188217,1,0.003256,5847.860840,0.987136,3644.170654,-0.000009,-0.032545,135.189316,607.848755,25481.906250,4538.418945,-132.581512,1.388090,18.007248,0.000000,0.000000,0.000000,0.000000,0.000000,0.000000,0.000000,0.000000,0.000000
748,12.466666,71.929565,-0.000019,124.813843,6.541944,-0.000041,48.693272,-3.008042,-0.000021,49.130684,6146.815,3,0.000000,4,5,135.244720,1,0,0,-0.000018,0.999998,-0.001698,-0.991095,0.000208,0.133153,-0.000110,0.000065,0.000000,0.000000,0.000000,1,-0.002449,6893.819824,-0.040145,-1056.863037,0.000000,0.009441,140.712021,1,-0.002812,6878.732422,-0.040057,-1056.845215,0.000000,0.009441,140.710312,1,0.003608,5860.901367,0.670611,2593.828613,-0.000007,-0.028262,135.244186,1,0.003261,5848.940918,0.669243,2593.436279,-0.000007,-0.028257,135.245255,311.583282,25482.492188,2328.655762,123.578720,-1.326764,-16.438404,0.000000,0.000000,0.000000,0.000000,0.000000,0.000000,0.000000,0.000000,0.000000
749,12.483334,72.038696,-0.000020,125.625854,6.545938,-0.000004,48.723125,-3.008043,-0.000027,49.160816,6149.360,3,0.000000,4,5,135.432037,1,0,0,-0.000018,0.999999,-0.001689,-0.991096,0.000208,0.133153,0.000503,-0.000016,0.000000,0.000000,0.000000,1,-0.002439,6894.818848,-0.054170,-990.609070,0.000000,0.008849,140.844696,1,-0.002800,6879.800293,-0.052050,-990.686890,0.000000,0.008850,140.842987,1,0.003594,5859.488770,0.959472,3636.840332,-0.000008,-0.032480,135.431503,1,0.003247,5847.576172,0.956139,3638.239746,-0.000008,-0.032483,135.432571,606.548950,25481.687500,4528.306152,-133.411011,1.365596,17.904873,0.000000,0.000000,0.000000,0.000000,0.000000,0.000000,0.000000,0.000000,0.000000
750,12.500000,72.147949,-0.000019,126.438843,6.553715,0.000009,48.781181,-3.008043,-0.000021,49.219383,6157.877,3,0.000000,4,5,135.487656,1,0,0,-0.000019,0.999999,-0.001692,-0.991095,0.000207,0.133153,-0.000159,0.000073,0.000000,0.000000,0.000000,1,-0.002443,6894.000977,-0.040073,-1054.480225,0.000000,0.009420,140.967743,1,-0.002803,6879.032715,-0.041986,-1054.450806,0.000000,0.009419,140.966049,1,0.003597,5860.555176,0.663387,2588.570068,-0.000007,-0.028204,135.487122,1,0.003253,5848.704590,0.656082,2588.183838,-0.000007,-0.028200,135.488190,310.491486,25482.279297,2320.376953,122.853256,-1.326058,-16.553066,0.000000,0.000000,0.000000,0.000000,0.000000,0.000000,0.000000,0.000000,0.000000
751,12.516666,72.257202,-0.000019,127.252319,6.557695,0.000043,48.810928,-3.008044,-0.000027,49.249393,6160.406,3,0.000000,4,5,135.674530,1,0,0,-0.000019,0.999999,-0.001684,-0.991095,0.000206,0.133152,0.000450,-0.000009,0.000000,0.000000,0.000000,1,-0.002434,6894.915039,-0.052071,-988.393616,0.000000,0.008829,141.100082,1,-0.002792,6880.018555,-0.051958,-988.474548,0.000000,0.008830,141.098373,1,0.003584,5859.191406,0.952248,3631.125977,-0.000008,-0.032421,135.673996,1,0.003240,5847.364746,0.944943,3632.516113,-0.000008,-0.032424,135.675064,605.279785,25481.386719,4518.764160,-133.605484,1.339970,17.763622,0.000000,0.000000,0.000000,0.000000,0.000000,0.000000,0.000000,0.000000,0.000000
752,12.533334,72.366577,-0.000018,128.066772,6.565455,0.000052,48.868862,-3.008044,-0.000021,49.307846,6168.903,3,0.000000,4,5,135.729736,1,0,0,-0.000020,0.999998,-0.001688,-0.991096,0.000205,0.133152,-0.000213,0.000077,0.000000,0.000000,0.000000,1,-0.002441,6894.012207,-0.042002,-1052.084839,0.000000,0.009398,141.222809,1,-0.002798,6879.166016,-0.041911,-1052.075195,0.000000,0.009398,141.221115,1,0.003588,5860.284180,0.662166,2582.447510,-0.000007,-0.028138,135.729218,1,0.003246,5848.518555,0.654884,2581.971436,-0.000007,-0.028133,135.730255,309.138550,25481.857422,2310.287842,123.034248,-1.403204,-16.750372,0.000000,0.000000,0.000000,0.000000,0.000000,0.000000,0.000000,0.000000,0.000000
753,12.550000,72.476074,-0.000016,128.881714,6.569419,0.000081,48.898479,-3.008044,-0.000027,49.337723,6171.413,3,0.000000,4,5,135.916245,1,0,0,-0.000020,0.999998,-0.001681,-0.991096,0.000204,0.133151,0.000397,-0.000008,0.000000,0.000000,0.000000,1,-0.002434,6894.869141,-0.051977,-986.077148,0.000000,0.008809,141.354797,1,-0.002789,6880.074707,-0.049871,-986.173584,0.000000,0.008809,141.353104,1,0.003576,5858.949219,0.952992,3624.374512,-0.000008,-0.032352,135.915710,1,0.003235,5847.213379,0.945710,3625.674561,-0.000008,-0.032354,135.916779,603.729492,25480.910156,4507.281250,-131.565002,1.152486,17.534374,0.000000,0.000000,0.000000,0.000000,0.000000,0.000000,0.000000,0.000000,0.000000
754,12.566667,72.585693,-0.000015,129.697632,6.577159,0.000085,48.956264,-3.008045,-0.000022,49.396034,6179.893,3,0.000000,4,5,135.971115,1,0,0,-0.000021,0.999999,-0.001686,-0.991096,0.000204,0.133151,-0.000256,0.000078,0.000000,0.000000,0.000000,1,-0.002442,6893.896484,-0.039929,-1049.528442,0.000000,0.009375,141.477188,1,-0.002796,6879.157227,-0.041836,-1049.521362,0.000000,0.009375,141.475510,1,0.003581,5860.040039,0.696683,2576.371582,-0.000008,-0.028072,135.970581,1,0.003241,5848.344727,0.689351,2576.106689,-0.000008,-0.028069,135.971649,307.808990,25481.195312,2300.940186,123.483490,-1.100202,-16.947088,0.000000,0.000000,0.000000,0.000000,0.000000,0.000000,0.000000,0.000000,0.000000
755,12.583333,72.695435,-0.000013,130.514038,6.581105,0.000106,48.985764,-3.008045,-0.000027,49.425793,6182.388,3,0.000000,4,5,136.157166,1,0,0,-0.000021,0.999999,-0.001680,-0.991096,0.000203,0.133151,0.000356,-0.000010,0.000000,0.000000,0.000000,1,-0.002436,6894.718262,-0.053879,-983.665710,0.000000,0.008787,141.608795,1,-0.002789,6880.013672,-0.055755,-983.760681,0.000000,0.008788,141.607117,1,0.003569,5858.741699,0.985544,3617.638184,-0.000009,-0.032283,136.156631,1,0.003230,5847.088867,0.976247,3619.149902,-0.000009,-0.032287,136.157700,602.200317,25480.300781,4496.340820,-130.679733,1.465248,17.280756,0.000000,0.000000,0.000000,0.000000,0.000000,0.000000,0.000000,0.000000,0.000000
756,12.600000,72.805298,-0.000012,131.331421,6.588826,0.000102,49.043407,-3.008045,-0.000020,49.483952,6190.847,3,0.000000,4,5,136.211609,1,0,0,-0.000022,0.999999,-0.001685,-0.991096,0.000202,0.133150,-0.000292,0.000074,0.000000,0.000000,0.000000,1,-0.002445,6893.732422,-0.045836,-1046.932861,0.000000,0.009352,141.730835,1,-0.002797,6879.058594,-0.045739,-1046.906372,0.000000,0.009352,141.729172,1,0.003575,5859.887695,0.618158,2569.931152,-0.000007,-0.028001,136.211090,1,0.003237,5848.245117,0.616931,2569.562500,-0.000007,-0.027997,136.212128,306.584198,25480.660156,2290.629395,124.495682,-1.389673,-17.093315,0.000000,0.000000,0.000000,0.000000,0.000000,0.000000,0.000000,0.000000,0.000000
757,12.616667,72.915161,-0.000010,132.149292,6.592756,0.000117,49.072773,-3.008046,-0.000027,49.513580,6193.322,3,0.000000,4,5,136.397217,1,0,0,-0.000022,0.999999,-0.001679,-0.991096,0.000202,0.133150,0.000325,-0.000015,0.000000,0.000000,0.000000,1,-0.002440,6894.521973,-0.055774,-981.168335,0.000000,0.008765,141.862076,1,-0.002791,6879.884766,-0.055655,-981.274353,0.000000,0.008766,141.860397,1,0.003563,5858.606934,0.899159,3610.364746,-0.000008,-0.032209,136.396698,1,0.003227,5846.993164,0.899896,3611.725342,-0.000008,-0.032212,136.397736,600.719543,25479.716797,4484.109375,-129.383453,1.082000,17.083204,0.000000,0.000000,0.000000,0.000000,0.000000,0.000000,0.000000,0.000000,0.000000
758,12.633333,73.025146,-0.000008,132.968140,6.600458,0.000106,49.130260,-3.008046,-0.000022,49.571579,6201.762,3,0.000000,4,5,136.451294,1,0,0,-0.000023,0.999999,-0.001684,-0.991096,0.000201,0.133150,-0.000317,0.000068,0.000000,0.000000,0.000000,1,-0.002450,6893.518555,-0.043764,-1044.189941,0.000000,0.009328,141.983749,1,-0.002800,6878.904785,-0.043672,-1044.158813,0.000000,0.009327,141.982086,1,0.003570,5859.761230,0.676384,2563.494141,-0.000007,-0.027931,136.450775,1,0.003234,5848.166016,0.680967,2563.195312,-0.000007,-0.027928,136.451813,305.136566,25480.064453,2280.816895,125.587746,-1.113278,-17.318483,0.000000,0.000000,0.000000,0.000000,0.000000,0.000000,0.000000,0.000000,0.000000
759,12.650000,73.135254,-0.000006,133.787476,6.604370,0.000114,49.159500,-3.008047,-0.000027,49.601078,6204.221,3,0.000000,4,5,136.636398,1,0,0,-0.000023,0.999999,-0.001679,-0.991096,0.000201,0.133149,0.000305,-0.000022,0.000000,0.000000,0.000000,1,-0.002445,6894.327637,-0.053685,-978.545959,0.000000,0.008741,142.114594,1,-0.002795,6879.728516,-0.053572,-978.659119,0.000000,0.008742,142.112915,1,0.003560,5858.516113,0.963280,3602.984619,-0.000009,-0.032135,136.635880,1,0.003224,5846.925781,0.963933,3604.398926,-0.000009,-0.032139,136.636917,598.977539,25479.230469,4472.164062,-128.038574,1.347701,16.902834,0.000000,0.000000,0.000000,0.000000,0.000000,0.000000,0.000000,0.000000,0.000000
760,12.666667,73.245483,-0.000004,134.607788,6.612049,0.000098,49.216835,-3.008047,-0.000020,49.658924,6212.637,3,0.000000,4,5,136.690033,1,0,0,-0.000024,0.999999,-0.001685,-0.991096,0.000201,0.133149,-0.000330,0.000059,0.000000,0.000000,0.000000,1,-0.002455,6893.321777,-0.043686,-1041.372070,0.000000,0.009303,142.235886,1,-0.002804,6878.735840,-0.045575,-1041.378174,0.000000,0.009303,142.234222,1,0.003567,5859.687500,0.633727,2556.502441,-0.000007,-0.027855,136.689529,1,0.003232,5848.112793,0.632476,2556.043945,-0.000007,-0.027850,136.690536,303.742950,25479.593750,2269.759277,126.903763,-1.409120,-17.473976,0.000000,0.000000,0.000000,0.000000,0.000000,0.000000,0.000000,0.000000,0.000000
761,12.683333,73.355713,-0.000003,135.428589,6.615943,0.000100,49.245934,-3.008047,-0.000027,49.688278,6215.076,3,0.000000,4,5,136.874664,1,0,0,-0.000023,0.999998,-0.001680,-0.991096,0.000201,0.133148,0.000299,-0.000032,0.000000,0.000000,0.000000,1,-0.002449,6894.147949,-0.055574,-975.893921,0.000000,0.008718,142.366318,1,-0.002798,6879.568848,-0.053476,-975.980835,0.000000,0.008718,142.364655,1,0.003557,5858.454590,0.918658,3594.892578,-0.000008,-0.032055,136.874161,1,0.003222,5846.876953,0.917407,3596.115967,-0.000008,-0.032056,136.875168,597.249634,25478.814453,4458.631348,-126.505257,1.082371,16.726791,0.000000,0.000000,0.000000,0.000000,0.000000,0.000000,0.000000,0.000000,0.000000
762,12.700000,73.466064,-0.000001,136.250366,6.623600,0.000079,49.303097,-3.008048,-0.000022,49.745953,6223.470,3,0.000000,4,5,136.927933,1,0,0,-0.000024,0.999998,-0.001685,-0.991096,0.000201,0.133148,-0.000329,0.000049,0.000000,0.000000,0.000000,1,-0.002458,6893.184570,-0.043609,-1038.486450,0.000000,0.009277,142.487228,1,-0.002807,6878.598633,-0.045495,-1038.448853,0.000000,0.009276,142.485580,1,0.003565,5859.634277,0.697647,2549.513916,-0.000008,-0.027779,136.927429,1,0.003230,5848.043945,0.696268,2549.011963,-0.000008,-0.027773,136.928436,302.176178,25479.244141,2259.071777,127.963806,-1.177338,-17.535799,0.000000,0.000000,0.000000,0.000000,0.000000,0.000000,0.000000,0.000000,0.000000
763,12.716666,73.576538,-0.000000,137.072510,6.627474,0.000077,49.332058,-3.008048,-0.000028,49.775181,6225.893,3,0.000000,4,5,137.112030,1,0,0,-0.000023,0.999999,-0.001680,-0.991096,0.000201,0.133147,0.000305,-0.000041,0.000000,0.000000,0.000000,1,-0.002453,6894.035156,-0.051514,-973.158081,0.000000,0.008693,142.617233,1,-0.002802,6879.441895,-0.051405,-973.198853,0.000000,0.008694,142.615585,1,0.003555,5858.380371,0.994368,3586.708984,-0.000009,-0.031974,137.111526,1,0.003220,5846.800781,0.994954,3587.904541,-0.000009,-0.031975,137.112534,595.294434,25478.455078,4445.303711,-125.283264,1.365627,16.606243,0.000000,0.000000,0.000000,0.000000,0.000000,0.000000,0.000000,0.000000,0.000000
764,12.733334,73.687134,0.000001,137.895630,6.635106,0.000051,49.389050,-3.008049,-0.000021,49.832680,6234.263,3,0.000000,4,5,137.164871,1,0,0,-0.000024,0.999999,-0.001686,-0.991096,0.000201,0.133147,-0.000316,0.000039,0.000000,0.000000,0.000000,1,-0.002461,6893.121582,-0.043533,-1035.474121,0.000000,0.009250,142.737747,1,-0.002810,6878.530762,-0.043440,-1035.453979,0.000000,0.009250,142.736099,1,0.003563,5859.575195,0.661015,2542.125244,-0.000007,-0.027698,137.164368,1,0.003228,5847.973633,0.665597,2541.669434,-0.000007,-0.027693,137.165375,300.732391,25479.062500,2247.849365,128.800903,-1.249821,-17.604446,0.000000,0.000000,0.000000,0.000000,0.000000,0.000000,0.000000,0.000000,0.000000
765,12.750000,73.797729,0.000002,138.719238,6.638961,0.000047,49.417870,-3.008049,-0.000027,49.861759,6236.666,3,0.000000,4,5,137.348419,1,0,0,-0.000023,0.999999,-0.001680,-0.991096,0.000201,0.133147,0.000322,-0.000051,0.000000,0.000000,0.000000,1,-0.002454,6894.029297,-0.053402,-970.267700,0.000000,0.008667,142.867325,1,-0.002803,6879.408691,-0.051315,-970.353394,0.000000,0.008668,142.865662,1,0.003553,5858.347656,0.947911,3577.999512,-0.000008,-0.031888,137.347916,1,0.003218,5846.735840,0.954458,3579.226074,-0.000008,-0.031890,137.348923,593.482788,25478.417969,4431.178711,-124.179710,1.231668,16.583796,0.000000,0.000000,0.000000,0.000000,0.000000,0.000000,0.000000,0.000000,0.000000
766,12.766666,73.908447,0.000002,139.543823,6.646570,0.000021,49.474678,-3.008049,-0.000021,49.919071,6245.011,3,0.000000,4,5,137.400848,1,0,0,-0.000024,0.999999,-0.001685,-0.991096,0.000201,0.133146,-0.000294,0.000030,0.000000,0.000000,0.000000,1,-0.002461,6893.157715,-0.037531,-1032.339966,0.000000,0.009222,142.987411,1,-0.002811,6878.537598,-0.041394,-1032.333496,0.000000,0.009222,142.985764,1,0.003561,5859.506348,0.677538,2534.641113,-0.000007,-0.027617,137.400345,1,0.003226,5847.885254,0.670315,2534.097168,-0.000007,-0.027611,137.401352,299.185333,25479.017578,2236.567871,129.329498,-1.292274,-17.610687,0.000000,0.000000,0.000000,0.000000,0.000000,0.000000,0.000000,0.000000,0.000000
767,12.783334,74.019287,0.000002,140.368896,6.650406,0.000017,49.503353,-3.008050,-0.000028,49.947998,6247.395,3,0.000000,4,5,137.583832,1,0,0,-0.000023,0.999999,-0.001679,-0.991096,0.000201,0.133146,0.000348,-0.000059,0.000000,0.000000,0.000000,1,-0.002453,6894.115723,-0.051336,-967.329224,0.000000,0.008641,143.116531,1,-0.002803,6879.472656,-0.049257,-967.399048,0.000000,0.008642,143.114883,1,0.003551,5858.272461,0.970329,3569.069092,-0.000009,-0.031800,137.583328,1,0.003216,5846.639160,0.965071,3570.223389,-0.000008,-0.031801,137.584335,591.495361,25478.476562,4416.691406,-123.485680,1.254869,16.530672,0.000000,0.000000,0.000000,0.000000,0.000000,0.000000,0.000000,0.000000,0.000000
768,12.800000,74.130249,0.000002,141.194946,6.657989,-0.000008,49.559978,-3.008050,-0.000021,50.005131,6255.715,3,0.000000,4,5,137.635834,1,0,0,-0.000023,0.999999,-0.001684,-0.991096,0.000201,0.133145,-0.000265,0.000022,0.000000,0.000000,0.000000,1,-0.002459,6893.306641,-0.041412,-1029.208618,0.000000,0.009194,143.236191,1,-0.002809,6878.648926,-0.039356,-1029.153931,0.000000,0.009193,143.234558,1,0.003559,5859.430176,0.682244,2526.670654,-0.000007,-0.027530,137.635330,1,0.003223,5847.770508,0.680887,2526.163330,-0.000007,-0.027524,137.636337,297.549408,25479.173828,2224.505127,129.564835,-1.173330,-17.537302,0.000000,0.000000,0.000000,0.000000,0.000000,0.000000,0.000000,0.000000,0.000000
769,12.816667,74.241333,0.000002,142.021362,6.661804,-0.000011,49.588497,-3.008051,-0.000027,50.033897,6258.080,3,0.000000,4,5,137.818253,1,0,0,-0.000022,0.999999,-0.001677,-0.991096,0.000202,0.133145,0.000378,-0.000066,0.000000,0.000000,0.000000,1,-0.002449,6894.309082,-0.049278,-964.283447,0.000000,0.008614,143.364853,1,-0.002800,6879.626465,-0.049174,-964.335571,0.000000,0.008614,143.363205,1,0.003549,5858.161621,0.973070,3559.589600,-0.000009,-0.031707,137.817749,1,0.003213,5846.506348,0.971713,3560.780029,-0.000009,-0.031709,137.818756,589.431274,25478.644531,4401.440430,-126.224205,1.418939,16.540035,0.000000,0.000000,0.000000,0.000000,0.000000,0.000000,0.000000,0.000000,0.000000
770,12.833333,74.352539,0.000001,142.848755,6.669361,-0.000034,49.644924,-3.008051,-0.000020,50.090832,6266.375,3,0.000000,4,5,137.869843,1,0,0,-0.000022,0.999998,-0.001682,-0.991096,0.000202,0.133145,-0.000249,0.000012,0.000000,0.000000,0.000000,1,-0.002454,6893.535156,-0.037405,-1025.876953,0.000000,0.009164,143.484070,1,-0.002806,6878.822266,-0.037325,-1025.817505,0.000000,0.009164,143.482437,1,0.003557,5859.338379,0.639968,2518.823975,-0.000007,-0.027445,137.869339,1,0.003220,5847.643555,0.644551,2518.397705,-0.000007,-0.027440,137.870346,296.085999,25479.421875,2213.080322,130.979385,-1.302439,-17.411278,0.000000,0.000000,0.000000,0.000000,0.000000,0.000000,0.000000,0.000000,0.000000
771,12.850000,74.463745,0.000001,143.676636,6.673157,-0.000034,49.673298,-3.008051,-0.000027,50.119469,6268.720,3,0.000000,4,5,138.051636,1,0,0,-0.000021,0.999999,-0.001675,-0.991097,0.000202,0.133144,0.000401,-0.000072,0.000000,0.000000,0.000000,1,-0.002444,6894.555176,-0.043293,-961.215393,0.000000,0.008587,143.612244,1,-0.002796,6879.817383,-0.045164,-961.232605,0.000000,0.008587,143.610611,1,0.003546,5858.047852,0.928829,3550.076660,-0.000008,-0.031615,138.051132,1,0.003209,5846.333008,0.933412,3551.316650,-0.000008,-0.031617,138.052139,587.452454,25478.816406,4386.192383,-125.982368,1.360644,16.663139,0.000000,0.000000,0.000000,0.000000,0.000000,0.000000,0.000000,0.000000,0.000000
772,12.866667,74.575073,-0.000000,144.505493,6.680688,-0.000055,49.729530,-3.008052,-0.000020,50.176197,6276.986,3,0.000000,4,5,138.102768,1,0,0,-0.000021,0.999999,-0.001679,-0.991097,0.000203,0.133144,-0.000224,0.000008,0.000000,0.000000,0.000000,1,-0.002448,6893.835938,-0.031447,-1022.527588,0.000000,0.009134,143.731018,1,-0.002801,6879.083008,-0.031379,-1022.466370,0.000000,0.009134,143.729385,1,0.003554,5859.224121,0.644728,2510.444336,-0.000007,-0.027353,138.102280,1,0.003215,5847.488281,0.649287,2509.880371,-0.000007,-0.027347,138.103256,294.363678,25479.792969,2200.433105,130.767700,-1.397910,-17.327061,0.000000,0.000000,0.000000,0.000000,0.000000,0.000000,0.000000,0.000000,0.000000
773,12.883333,74.686523,-0.000001,145.334839,6.684462,-0.000050,49.757740,-3.008052,-0.000027,50.204655,6279.310,3,0.000000,4,5,138.283966,1,0,0,-0.000020,0.999999,-0.001672,-0.991097,0.000203,0.133143,0.000425,-0.000076,0.000000,0.000000,0.000000,1,-0.002437,6894.898438,-0.043221,-957.947998,0.000000,0.008557,143.858704,1,-0.002790,6880.110840,-0.043129,-957.992493,0.000000,0.008558,143.857071,1,0.003543,5857.921875,0.937519,3539.952148,-0.000008,-0.031517,138.283463,1,0.003204,5846.166016,0.940112,3541.070312,-0.000008,-0.031518,138.284470,585.244507,25479.230469,4369.914062,-125.917076,1.279353,16.736736,0.000000,0.000000,0.000000,0.000000,0.000000,0.000000,0.000000,0.000000,0.000000
774,12.900000,74.798096,-0.000002,146.165039,6.691965,-0.000066,49.813763,-3.008053,-0.000020,50.261181,6287.549,3,0.000000,4,5,138.334686,1,0,0,-0.000020,0.999998,-0.001675,-0.991097,0.000203,0.133143,-0.000200,0.000006,0.000000,0.000000,0.000000,1,-0.002440,6894.191406,-0.029433,-1019.006104,0.000000,0.009103,143.977005,1,-0.002794,6879.381348,-0.029370,-1018.925293,0.000000,0.009102,143.975388,1,0.003550,5859.059570,0.672875,2502.218750,-0.000007,-0.027264,138.334198,1,0.003210,5847.282715,0.671523,2501.603271,-0.000007,-0.027257,138.335175,292.710114,25480.085938,2188.546387,127.085480,-1.277778,-17.158598,0.000000,0.000000,0.000000,0.000000,0.000000,0.000000,0.000000,0.000000,0.000000
775,12.916667,74.909668,-0.000003,146.995728,6.695718,-0.000058,49.841820,-3.008053,-0.000027,50.289482,6289.855,3,0.000000,4,5,138.515228,1,0,0,-0.000018,0.999998,-0.001668,-0.991097,0.000204,0.133143,0.000430,-0.000080,0.000000,0.000000,0.000000,1,-0.002429,6895.257324,-0.043151,-954.638672,0.000000,0.008528,144.104187,1,-0.002783,6880.421875,-0.043058,-954.695679,0.000000,0.008528,144.102554,1,0.003539,5857.788086,0.967631,3529.855957,-0.000009,-0.031420,138.514725,1,0.003199,5845.996094,0.964314,3530.922363,-0.000009,-0.031420,138.515732,583.030823,25479.628906,4353.870605,-125.840683,1.336225,16.781948,0.000000,0.000000,0.000000,0.000000,0.000000,0.000000,0.000000,0.000000,0.000000
776,12.933333,75.021362,-0.000004,147.827393,6.703193,-0.000070,49.897640,-3.008053,-0.000020,50.345810,6298.064,3,0.000000,4,5,138.565491,1,0,0,-0.000018,0.999999,-0.001671,-0.991097,0.000204,0.133142,-0.000194,0.000002,0.000000,0.000000,0.000000,1,-0.002432,6894.550293,-0.031344,-1015.442322,0.000000,0.009071,144.222015,1,-0.002787,6879.670410,-0.031276,-1015.386230,0.000000,0.009070,144.220383,1,0.003546,5858.910156,0.654204,2493.435303,-0.000007,-0.027168,138.565002,1,0.003205,5847.088867,0.652884,2492.768799,-0.000007,-0.027161,138.565979,291.009125,25480.382812,2175.588379,126.796471,-1.378330,-16.985016,0.000000,0.000000,0.000000,0.000000,0.000000,0.000000,0.000000,0.000000,0.000000
777,12.950000,75.133179,-0.000005,148.659424,6.706923,-0.000058,49.925533,-3.008054,-0.000027,50.373955,6300.350,3,0.000000,4,5,138.745392,1,0,0,-0.000017,0.999999,-0.001664,-0.991097,0.000205,0.133142,0.000435,-0.000082,0.000000,0.000000,0.000000,1,-0.002420,6895.608398,-0.043080,-951.254211,0.000000,0.008498,144.348679,1,-0.002776,6880.718262,-0.042987,-951.292542,0.000000,0.008498,144.347031,1,0.003535,5857.637695,0.946995,3519.091553,-0.000008,-0.031316,138.744888,1,0.003194,5845.793945,0.945675,3520.107178,-0.000008,-0.031316,138.745895,580.757019,25479.914062,4336.676758,-125.664017,1.266409,16.859795,0.000000,0.000000,0.000000,0.000000,0.000000,0.000000,0.000000,0.000000,0.000000
778,12.966666,75.245117,-0.000006,149.492432,6.714369,-0.000066,49.981133,-3.008054,-0.000021,50.430046,6308.529,3,0.000000,4,5,138.795227,1,0,0,-0.000017,0.999999,-0.001667,-0.991097,0.000205,0.133142,-0.000189,0.000002,0.000000,0.000000,0.000000,1,-0.002423,6894.911621,-0.033249,-1011.775879,0.000000,0.009038,144.466003,1,-0.002780,6879.984375,-0.033177,-1011.702515,0.000000,0.009038,144.464371,1,0.003541,5858.750488,0.670587,2484.606934,-0.000007,-0.027072,138.794724,1,0.003199,5846.884277,0.669229,2484.062012,-0.000007,-0.027066,138.795731,289.283569,25480.695312,2162.974121,126.379738,-1.182297,-16.862909,0.000000,0.000000,0.000000,0.000000,0.000000,0.000000,0.000000,0.000000,0.000000
779,12.983334,75.357056,-0.000007,150.325928,6.718078,-0.000051,50.008862,-3.008055,-0.000027,50.458023,6310.795,3,0.000000,4,5,138.974457,1,0,0,-0.000016,0.999999,-0.001660,-0.991097,0.000205,0.133141,0.000439,-0.000081,0.000000,0.000000,0.000000,1,-0.002412,6895.969727,-0.035191,-947.736267,0.000000,0.008466,144.592133,1,-0.002769,6881.017090,-0.037065,-947.785889,0.000000,0.008467,144.590485,1,0.003530,5857.466309,0.967308,3508.250977,-0.000009,-0.031212,138.973953,1,0.003188,5845.587891,0.963985,3509.372559,-0.000008,-0.031212,138.974960,578.425720,25480.183594,4319.743164,-125.572861,1.411429,16.927267,0.000000,0.000000,0.000000,0.000000,0.000000,0.000000,0.000000,0.000000,0.000000
780,13.000000,75.469116,-0.000008,151.160278,6.725494,-0.000055,50.064243,-3.008055,-0.000020,50.513897,6318.945,3,0.000000,4,5,139.023834,1,0,0,-0.000016,0.999999,-0.001663,-0.991097,0.000206,0.133141,-0.000184,0.000003,0.000000,0.000000,0.000000,1,-0.002415,6895.255371,-0.031243,-1008.034668,0.000000,0.009005,144.708954,1,-0.002772,6880.290527,-0.031175,-1007.991089,0.000000,0.009004,144.707306,1,0.003537,5858.576172,0.628705,2475.601562,-0.000007,-0.026974,139.023346,1,0.003193,5846.668945,0.633237,2474.922119,-0.000007,-0.026966,139.024323,287.593475,25480.939453,2149.850342,126.034187,-1.435497,-16.765987,0.000000,0.000000,0.000000,0.000000,0.000000,0.000000,0.000000,0.000000,0.000000
781,13.016666,75.581299,-0.000009,151.995239,6.729181,-0.000037,50.091805,-3.008055,-0.000027,50.541702,6321.190,3,0.000000,4,5,139.202377,1,0,0,-0.000015,0.999999,-0.001655,-0.991097,0.000206,0.133140,0.000441,-0.000078,0.000000,0.000000,0.000000,1,-0.002404,6896.311523,-0.039038,-944.173096,0.000000,0.008434,144.834534,1,-0.002762,6881.311035,-0.038953,-944.220642,0.000000,0.008435,144.832886,1,0.003525,5857.270996,0.921495,3497.091797,-0.000008,-0.031105,139.201874,1,0.003181,5845.351562,0.924062,3498.078857,-0.000008,-0.031104,139.202881,576.135254,25480.353516,4302.030273,-123.190720,1.090629,17.000839,0.000000,0.000000,0.000000,0.000000,0.000000,0.000000,0.000000,0.000000,0.000000
782,13.033334,75.693604,-0.000009,152.831055,6.736567,-0.000040,50.146957,-3.008056,-0.000021,50.597343,6329.308,3,0.000000,4,5,139.251312,1,0,0,-0.000015,0.999999,-0.001658,-0.991097,0.000206,0.133140,-0.000170,0.000010,0.000000,0.000000,0.000000,1,-0.002407,6895.586914,-0.027294,-1004.189575,0.000000,0.008970,144.950836,1,-0.002765,6880.579590,-0.027234,-1004.130127,0.000000,0.008970,144.949188,1,0.003531,5858.327637,0.709001,2466.482178,-0.000008,-0.026874,139.250824,1,0.003187,5846.399414,0.707558,2465.805908,-0.000008,-0.026867,139.251801,285.691711,25480.978516,2136.927979,127.714432,-1.216536,-16.677670,0.000000,0.000000,0.000000,0.000000,0.000000,0.000000,0.000000,0.000000,0.000000
783,13.050000,75.805908,-0.000010,153.667236,6.740230,-0.000021,50.174355,-3.008056,-0.000027,50.624985,6331.533,3,0.000000,4,5,139.429138,1,0,0,-0.000014,0.999999,-0.001650,-0.991097,0.000206,0.133140,0.000465,-0.000068,0.000000,0.000000,0.000000,1,-0.002395,6896.650391,-0.035078,-940.536377,0.000000,0.008402,145.075867,1,-0.002754,6881.654297,-0.038891,-940.604858,0.000000,0.008402,145.074203,1,0.003518,5856.978027,1.011617,3485.693359,-0.000009,-0.030996,139.428635,1,0.003174,5845.061035,1.012139,3486.698975,-0.000009,-0.030996,139.429642,573.547607,25480.421875,4284.162598,-123.497406,1.399843,16.912603,0.000000,0.000000,0.000000,0.000000,0.000000,0.000000,0.000000,0.000000,0.000000
784,13.066667,75.918335,-0.000010,154.504395,6.747583,-0.000023,50.229279,-3.008057,-0.000020,50.680408,6339.619,3,0.000000,4,5,139.477600,1,0,0,-0.000014,0.999999,-0.001653,-0.991097,0.000206,0.133139,-0.000148,0.000019,0.000000,0.000000,0.000000,1,-0.002399,6895.920898,-0.027250,-1000.258545,0.000000,0.008935,145.191635,1,-0.002757,6880.922852,-0.027191,-1000.220947,0.000000,0.008935,145.189987,1,0.003522,5857.979492,0.667186,2456.893799,-0.000007,-0.026770,139.477112,1,0.003178,5846.068359,0.671620,2456.281250,-0.000007,-0.026763,139.478088,283.930145,25480.914062,2123.243896,126.781822,-1.290843,-16.644505,0.000000,0.000000,0.000000,0.000000,0.000000,0.000000,0.000000,0.000000,0.000000
785,13.083333,76.030884,-0.000010,155.342041,6.751223,-0.000005,50.256500,-3.008057,-0.000027,50.707867,6341.822,3,0.000000,4,5,139.654724,1,0,0,-0.000013,0.999999,-0.001645,-0.991097,0.000206,0.133139,0.000482,-0.000061,0.000000,0.000000,0.000000,1,-0.002387,6896.981934,-0.033077,-936.796204,0.000000,0.008368,145.316086,1,-0.002746,6881.990723,-0.034946,-936.855103,0.000000,0.008369,145.314438,1,0.003509,5856.622070,0.965872,3473.778320,-0.000008,-0.030882,139.654221,1,0.003165,5844.721680,0.970306,3474.847656,-0.000009,-0.030882,139.655228,571.122681,25480.343750,4265.522461,-123.835548,1.330708,16.911388,0.000000,0.000000,0.000000,0.000000,0.000000,0.000000,0.000000,0.000000,0.000000
786,13.100000,76.143555,-0.000010,156.180542,6.758545,-0.000008,50.311188,-3.008057,-0.000020,50.763042,6349.876,3,0.000000,4,5,139.702744,1,0,0,-0.000013,0.999999,-0.001647,-0.991097,0.000206,0.133138,-0.000132,0.000026,0.000000,0.000000,0.000000,1,-0.002390,6896.279785,-0.023321,-996.215088,0.000000,0.008899,145.431320,1,-0.002749,6881.301270,-0.021331,-996.185974,0.000000,0.008899,145.429672,1,0.003513,5857.625000,0.671852,2447.480469,-0.000007,-0.026667,139.702255,1,0.003169,5845.738770,0.676269,2446.847900,-0.000007,-0.026660,139.703232,282.141052,25480.978516,2110.081543,125.748222,-1.291754,-16.595449,0.000000,0.000000,0.000000,0.000000,0.000000,0.000000,0.000000,0.000000,0.000000
787,13.116667,76.256226,-0.000010,157.019531,6.762163,0.000011,50.338242,-3.008058,-0.000027,50.790340,6352.059,3,0.000000,4,5,139.879105,1,0,0,-0.000012,0.999999,-0.001639,-0.991097,0.000206,0.133138,0.000492,-0.000054,0.000000,0.000000,0.000000,1,-0.002379,6897.308594,-0.033025,-933.028687,0.000000,0.008335,145.555191,1,-0.002738,6882.351562,-0.032953,-933.112488,0.000000,0.008335,145.553528,1,0.003499,5856.235840,0.968573,3461.865479,-0.000009,-0.030770,139.878601,1,0.003155,5844.368652,0.974955,3462.930664,-0.000009,-0.030770,139.879608,568.602905,25480.248047,4246.861328,-124.247673,1.337236,16.850517,0.000000,0.000000,0.000000,0.000000,0.000000,0.000000,0.000000,0.000000,0.000000
788,13.133333,76.369019,-0.000010,157.859375,6.769453,0.000007,50.392689,-3.008058,-0.000020,50.845272,6360.078,3,0.000000,4,5,139.926651,1,0,0,-0.000013,0.999999,-0.001641,-0.991098,0.000206,0.133138,-0.000124,0.000031,0.000000,0.000000,0.000000,1,-0.002383,6896.591309,-0.023284,-992.169617,0.000000,0.008863,145.669876,1,-0.002740,6881.649902,-0.023233,-992.151794,0.000000,0.008863,145.668228,1,0.003502,5857.221191,0.664937,2437.449463,-0.000007,-0.026558,139.926163,1,0.003159,5845.355469,0.657820,2436.840088,-0.000007,-0.026551,139.927139,280.240540,25480.792969,2095.741699,124.824593,-1.300935,-16.540167,0.000000,0.000000,0.000000,0.000000,0.000000,0.000000,0.000000,0.000000,0.000000
789,13.150000,76.481934,-0.000010,158.699707,6.773046,0.000023,50.419556,-3.008059,-0.000026,50.872375,6362.240,3,0.000000,4,5,140.102295,1,0,0,-0.000012,0.999999,-0.001633,-0.991098,0.000205,0.133137,0.000495,-0.000049,0.000000,0.000000,0.000000,1,-0.002372,6897.603027,-0.034912,-929.124573,0.000000,0.008300,145.793152,1,-0.002729,6882.695312,-0.032902,-929.190369,0.000000,0.008300,145.791504,1,0.003488,5855.827148,0.957728,3449.366211,-0.000008,-0.030650,140.101791,1,0.003145,5844.000488,0.952576,3450.438965,-0.000008,-0.030651,140.102798,566.016113,25480.066406,4227.365234,-124.515800,1.329121,16.763142,0.000000,0.000000,0.000000,0.000000,0.000000,0.000000,0.000000,0.000000,0.000000
790,13.166667,76.594971,-0.000009,159.540894,6.780302,0.000017,50.473751,-3.008059,-0.000020,50.927055,6370.226,3,0.000000,4,5,140.149414,1,0,0,-0.000013,0.999999,-0.001635,-0.991098,0.000205,0.133137,-0.000123,0.000035,0.000000,0.000000,0.000000,1,-0.002375,6896.890625,-0.023248,-987.962097,0.000000,0.008825,145.907272,1,-0.002732,6882.008301,-0.023197,-987.958557,0.000000,0.008825,145.905624,1,0.003491,5856.817871,0.652279,2427.811768,-0.000007,-0.026453,140.148926,1,0.003149,5845.006836,0.656724,2427.238770,-0.000007,-0.026447,140.149902,278.477051,25480.695312,2082.523193,123.868362,-1.284887,-16.564613,0.000000,0.000000,0.000000,0.000000,0.000000,0.000000,0.000000,0.000000,0.000000
791,13.183333,76.708008,-0.000009,160.382568,6.783872,0.000032,50.500450,-3.008059,-0.000026,50.953991,6372.369,3,0.000000,4,5,140.324265,1,0,0,-0.000012,0.999999,-0.001626,-0.991098,0.000205,0.133137,0.000492,-0.000047,0.000000,0.000000,0.000000,1,-0.002365,6897.901855,-0.036795,-925.164978,0.000000,0.008264,146.029938,1,-0.002721,6883.029297,-0.036715,-925.256042,0.000000,0.008265,146.028290,1,0.003476,5855.422852,0.941140,3437.150635,-0.000008,-0.030535,140.323761,1,0.003135,5843.635742,0.947550,3438.259277,-0.000008,-0.030536,140.324768,563.510986,25479.912109,4208.537109,-124.821144,1.332062,16.757683,0.000000,0.000000,0.000000,0.000000,0.000000,0.000000,0.000000,0.000000,0.000000
792,13.200000,76.821167,-0.000008,161.225098,6.791097,0.000025,50.554405,-3.008060,-0.000020,51.008423,6380.318,3,0.000000,4,5,140.370880,1,0,0,-0.000012,0.999999,-0.001629,-0.991098,0.000204,0.133136,-0.000127,0.000036,0.000000,0.000000,0.000000,1,-0.002369,6897.162598,-0.027080,-983.771240,0.000000,0.008788,146.143478,1,-0.002724,6882.317871,-0.025092,-983.749084,0.000000,0.008788,146.141846,1,0.003479,5856.419922,0.633906,2417.582275,-0.000007,-0.026341,140.370392,1,0.003138,5844.638184,0.638382,2417.035645,-0.000007,-0.026335,140.371368,276.584412,25480.472656,2068.126465,123.180237,-1.278527,-16.510328,0.000000,0.000000,0.000000,0.000000,0.000000,0.000000,0.000000,0.000000,0.000000
793,13.216666,76.934448,-0.000008,162.068115,6.794642,0.000037,50.580921,-3.008060,-0.000026,51.035187,6382.438,3,0.000000,4,5,140.544968,1,0,0,-0.000012,0.999999,-0.001620,-0.991098,0.000204,0.133136,0.000484,-0.000045,0.000000,0.000000,0.000000,1,-0.002358,6898.158691,-0.034804,-921.204285,0.000000,0.008229,146.265533,1,-0.002713,6883.345703,-0.034729,-921.278809,0.000000,0.008230,146.263901,1,0.003465,5855.039551,0.918836,3424.169922,-0.000008,-0.030412,140.544464,1,0.003124,5843.288086,0.923313,3425.305176,-0.000008,-0.030413,140.545471,560.823242,25479.746094,4188.233398,-124.778625,1.308348,16.646540,0.000000,0.000000,0.000000,0.000000,0.000000,0.000000,0.000000,0.000000,0.000000
794,13.233334,77.047852,-0.000007,162.911987,6.801833,0.000027,50.634617,-3.008060,-0.000019,51.089363,6390.354,3,0.000000,4,5,140.591141,1,0,0,-0.000012,0.999999,-0.001623,-0.991098,0.000204,0.133135,-0.000135,0.000036,0.000000,0.000000,0.000000,1,-0.002362,6897.409668,-0.025107,-979.477295,0.000000,0.008750,146.378494,1,-0.002717,6882.624023,-0.026980,-979.469788,0.000000,0.008750,146.376877,1,0.003468,5856.038086,0.638614,2407.409424,-0.000007,-0.026231,140.590652,1,0.003128,5844.291504,0.631591,2406.848633,-0.000007,-0.026224,140.591629,274.685455,25480.287109,2053.987305,122.560707,-1.285139,-16.523403,0.000000,0.000000,0.000000,0.000000,0.000000,0.000000,0.000000,0.000000,0.000000
795,13.250000,77.161255,-0.000007,163.756348,6.805354,0.000037,50.660950,-3.008061,-0.000026,51.115929,6392.453,3,0.000000,4,5,140.764435,1,0,0,-0.000012,0.999999,-0.001615,-0.991098,0.000204,0.133135,0.000473,-0.000046,0.000000,0.000000,0.000000,1,-0.002352,6898.408203,-0.036681,-917.111572,0.000000,0.008193,146.499924,1,-0.002706,6883.625000,-0.038529,-917.210938,0.000000,0.008193,146.498306,1,0.003454,5854.687500,0.923544,3411.261963,-0.000008,-0.030290,140.763931,1,0.003115,5842.965820,0.914557,3412.367188,-0.000008,-0.030291,140.764938,558.145813,25479.605469,4168.251953,-125.416344,1.270538,16.602255,0.000000,0.000000,0.000000,0.000000,0.000000,0.000000,0.000000,0.000000,0.000000
796,13.266666,77.274780,-0.000006,164.601562,6.812510,0.000026,50.714390,-3.008061,-0.000019,51.169842,6400.333,3,0.000000,4,5,140.810120,1,0,0,-0.000012,0.999999,-0.001617,-0.991098,0.000203,0.133135,-0.000150,0.000034,0.000000,0.000000,0.000000,1,-0.002356,6897.658691,-0.026996,-975.144592,0.000000,0.008711,146.612289,1,-0.002710,6882.891113,-0.026939,-975.101013,0.000000,0.008711,146.610687,1,0.003458,5855.700195,0.637572,2397.048096,-0.000007,-0.026118,140.809631,1,0.003118,5843.981934,0.630564,2396.556396,-0.000007,-0.026112,140.810608,272.767914,25480.164062,2039.694824,122.182800,-1.175854,-16.477972,0.000000,0.000000,0.000000,0.000000,0.000000,0.000000,0.000000,0.000000,0.000000
797,13.283334,77.388428,-0.000006,165.447266,6.816007,0.000034,50.740540,-3.008062,-0.000025,51.196224,6402.410,3,0.000000,4,5,140.982590,1,0,0,-0.000011,0.999999,-0.001610,-0.991098,0.000203,0.133134,0.000456,-0.000049,0.000000,0.000000,0.000000,1,-0.002347,6898.635254,-0.034697,-913.005676,0.000000,0.008156,146.733093,1,-0.002700,6883.886719,-0.034623,-913.100647,0.000000,0.008157,146.731476,1,0.003444,5854.384277,0.916608,3398.007812,-0.000008,-0.030166,140.982086,1,0.003106,5842.678711,0.909600,3399.166748,-0.000008,-0.030167,140.983093,555.392334,25479.519531,4147.732422,-124.942825,1.313270,16.504148,0.000000,0.000000,0.000000,0.000000,0.000000,0.000000,0.000000,0.000000,0.000000
798,13.300000,77.502197,-0.000005,166.293823,6.823128,0.000022,50.793716,-3.008062,-0.000019,51.249874,6410.251,3,0.000000,4,5,141.027802,1,0,0,-0.000012,0.999999,-0.001612,-0.991098,0.000203,0.133134,-0.000164,0.000031,0.000000,0.000000,0.000000,1,-0.002351,6897.878418,-0.028880,-970.708923,0.000000,0.008671,146.844864,1,-0.002704,6883.127930,-0.026897,-970.689514,0.000000,0.008671,146.843262,1,0.003448,5855.404785,0.602137,2386.370117,-0.000007,-0.026001,141.027298,1,0.003110,5843.706055,0.600934,2386.029541,-0.000007,-0.025998,141.028305,270.860138,25480.052734,2025.001221,121.237480,-1.170462,-16.465937,0.000000,0.000000,0.000000,0.000000,0.000000,0.000000,0.000000,0.000000,0.000000
799,13.316667,77.615967,-0.000005,167.140869,6.826600,0.000029,50.819679,-3.008062,-0.000025,51.276066,6412.307,3,0.000000,4,5,141.199478,1,0,0,-0.000011,0.999999,-0.001605,-0.991098,0.000203,0.133134,0.000437,-0.000052,0.000000,0.000000,0.000000,1,-0.002341,6898.834961,-0.042342,-908.796204,0.000000,0.008118,146.965027,1,-0.002694,6884.106445,-0.040331,-908.899780,0.000000,0.008119,146.963409,1,0.003436,5854.115723,0.869382,3384.389893,-0.000008,-0.030038,141.198975,1,0.003097,5842.412598,0.868180,3385.715820,-0.000008,-0.030041,141.199982,552.679688,25479.406250,4126.793945,-124.225471,1.338932,16.427139,0.000000,0.000000,0.000000,0.000000,0.000000,0.000000,0.000000,0.000000,0.000000
800,13.333333,77.729858,-0.000005,167.988770,6.833686,0.000015,50.872585,-3.008063,-0.000018,51.329449,6420.113,3,0.000000,4,5,141.244232,1,0,0,-0.000011,0.999999,-0.001608,-0.991098,0.000203,0.133133,-0.000179,0.000027,0.000000,0.000000,0.000000,1,-0.002346,6898.092773,-0.024992,-966.204041,0.000000,0.008631,147.076187,1,-0.002698,6883.344727,-0.024938,-966.191772,0.000000,0.008631,147.074585,1,0.003440,5855.166504,0.578277,2376.064209,-0.000006,-0.025889,141.243744,1,0.003102,5843.461914,0.577121,2375.566650,-0.000006,-0.025884,141.244720,269.007660,25480.031250,2010.907227,121.249451,-1.373418,-16.413504,0.000000,0.000000,0.000000,0.000000,0.000000,0.000000,0.000000,0.000000,0.000000
801,13.350000,77.843750,-0.000004,168.837036,6.837135,0.000022,50.898365,-3.008063,-0.000025,51.355453,6422.148,3,0.000000,4,5,141.415039,1,0,0,-0.000010,0.999999,-0.001601,-0.991098,0.000203,0.133133,0.000422,-0.000056,0.000000,0.000000,0.000000,1,-0.002336,6899.039551,-0.034591,-904.562439,0.000000,0.008080,147.195694,1,-0.002689,6884.293457,-0.034517,-904.640015,0.000000,0.008081,147.194092,1,0.003428,5853.892090,0.851418,3371.034424,-0.000007,-0.029913,141.414551,1,0.003090,5842.185059,0.850262,3372.156250,-0.000007,-0.029914,141.415527,549.920898,25479.359375,4106.111816,-123.356018,1.136342,16.377998,0.000000,0.000000,0.000000,0.000000,0.000000,0.000000,0.000000,0.000000,0.000000
802,13.366667,77.957764,-0.000004,169.686279,6.844185,0.000008,50.951008,-3.008063,-0.000019,51.408577,6429.914,3,0.000000,4,5,141.459290,1,0,0,-0.000011,0.999999,-0.001604,-0.991098,0.000203,0.133133,-0.000190,0.000024,0.000000,0.000000,0.000000,1,-0.002341,6898.282227,-0.026873,-961.672241,0.000000,0.008591,147.306244,1,-0.002694,6883.526855,-0.024901,-961.665771,0.000000,0.008591,147.304642,1,0.003433,5854.927734,0.617379,2365.126953,-0.000007,-0.025770,141.458817,1,0.003095,5843.220703,0.616144,2364.559570,-0.000007,-0.025764,141.459763,266.890289,25479.912109,1995.729004,121.428253,-1.283198,-16.426523,0.000000,0.000000,0.000000,0.000000,0.000000,0.000000,0.000000,0.000000,0.000000
803,13.383333,78.071899,-0.000004,170.535889,6.847607,0.000013,50.976593,-3.008064,-0.000025,51.434391,6431.926,3,0.000000,4,5,141.629288,1,0,0,-0.000010,0.999999,-0.001597,-0.991098,0.000203,0.133132,0.000412,-0.000059,0.000000,0.000000,0.000000,1,-0.002332,6899.243652,-0.032620,-900.244080,0.000000,0.008042,147.425095,1,-0.002684,6884.497559,-0.032551,-900.328125,0.000000,0.008043,147.423492,1,0.003422,5853.685059,0.900344,3357.000488,-0.000008,-0.029781,141.628799,1,0.003083,5841.973145,0.899110,3358.052246,-0.000008,-0.029782,141.629776,546.895874,25479.386719,4084.379150,-122.402878,1.251330,16.242855,0.000000,0.000000,0.000000,0.000000,0.000000,0.000000,0.000000,0.000000,0.000000
804,13.400000,78.186157,-0.000004,171.386353,6.854618,-0.000001,51.028957,-3.008064,-0.000019,51.487217,6439.656,3,0.000000,4,5,141.673080,1,0,0,-0.000010,0.999999,-0.001601,-0.991098,0.000203,0.133132,-0.000195,0.000020,0.000000,0.000000,0.000000,1,-0.002336,6898.499023,-0.023000,-957.031677,0.000000,0.008549,147.535004,1,-0.002689,6883.726074,-0.022951,-957.000000,0.000000,0.008549,147.533417,1,0.003427,5854.747559,0.627832,2354.434814,-0.000007,-0.025653,141.672592,1,0.003089,5843.018066,0.637966,2354.001465,-0.000007,-0.025649,141.673569,264.937653,25479.986328,1981.490479,121.610733,-1.197707,-17.221750,0.000000,0.000000,0.000000,0.000000,0.000000,0.000000,0.000000,0.000000,0.000000
805,13.416667,78.300415,-0.000004,172.237305,6.858015,0.000006,51.054359,-3.008065,-0.000025,51.512848,6441.647,3,0.000000,4,5,141.842194,1,0,0,-0.000009,0.999999,-0.001594,-0.991098,0.000203,0.133131,0.000407,-0.000074,0.000000,0.000000,0.000000,1,-0.002326,6899.478027,-0.038320,-895.920288,0.000000,0.008003,147.653168,1,-0.002680,6884.677246,-0.040149,-895.988770,0.000000,0.008004,147.651581,1,0.003416,5853.505371,0.906867,3343.101562,-0.000008,-0.029652,141.841705,1,0.003077,5841.752441,0.915037,3344.287109,-0.000008,-0.029654,141.842682,544.031555,25479.414062,4063.147217,-121.477783,1.347127,15.447219,0.000000,0.000000,0.000000,0.000000,0.000000,0.000000,0.000000,0.000000,0.000000
806,13.433333,78.414795,-0.000004,173.089111,6.864989,-0.000008,51.106453,-3.008065,-0.000019,51.565403,6449.336,3,0.000000,4,5,141.885483,1,0,0,-0.000009,0.999999,-0.001597,-0.991098,0.000204,0.133131,-0.000197,-0.000005,0.000000,0.000000,0.000000,1,-0.002330,6898.760254,-0.032535,-952.448730,0.000000,0.008508,147.762451,1,-0.002685,6883.905762,-0.032465,-952.412903,0.000000,0.008508,147.760880,1,0.003422,5854.595703,0.569876,2343.251221,-0.000006,-0.025532,141.885010,1,0.003082,5842.777344,0.580101,2342.630127,-0.000006,-0.025525,141.885956,262.966217,25480.058594,1965.811523,121.882996,-1.494191,-16.958761,0.000000,0.000000,0.000000,0.000000,0.000000,0.000000,0.000000,0.000000,0.000000
807,13.450000,78.529297,-0.000004,173.941284,6.868361,-0.000001,51.131657,-3.008065,-0.000026,51.590832,6451.304,3,0.000000,4,5,142.053757,1,0,0,-0.000007,0.999999,-0.001590,-0.991098,0.000204,0.133131,0.000407,-0.000094,0.000000,0.000000,0.000000,1,-0.002320,6899.753906,-0.044003,-891.532532,0.000000,0.007964,147.879959,1,-0.002676,6884.851562,-0.043908,-891.579651,0.000000,0.007964,147.878372,1,0.003411,5853.351074,0.848912,3328.616211,-0.000007,-0.029517,142.053268,1,0.003070,5841.498535,0.857171,3329.614258,-0.000007,-0.029516,142.054245,541.120728,25479.468750,4040.560791,-120.482872,1.053792,15.616524,0.000000,0.000000,0.000000,0.000000,0.000000,0.000000,0.000000,0.000000,0.000000
808,13.466666,78.643921,-0.000004,174.794312,6.875298,-0.000013,51.183460,-3.008065,-0.000021,51.643097,6458.956,3,0.000000,4,5,142.096619,1,0,0,-0.000007,0.999999,-0.001594,-0.991098,0.000205,0.133130,-0.000191,-0.000022,0.000000,0.000000,0.000000,1,-0.002323,6899.063965,-0.030577,-947.684631,0.000000,0.008466,147.988617,1,-0.002680,6884.084961,-0.034324,-947.639282,0.000000,0.008465,147.987030,1,0.003417,5854.416016,0.654351,2332.489502,-0.000007,-0.025414,142.096146,1,0.003075,5842.512695,0.658699,2331.936523,-0.000007,-0.025408,142.097092,260.895966,25480.105469,1951.637451,121.792282,-1.135836,-16.707830,0.000000,0.000000,0.000000,0.000000,0.000000,0.000000,0.000000,0.000000,0.000000
809,13.483334,78.758545,-0.000004,175.647827,6.878643,-0.000006,51.208481,-3.008066,-0.000026,51.668335,6460.905,3,0.000000,4,5,142.263977,1,0,0,-0.000005,0.999999,-0.001587,-0.991098,0.000206,0.133130,0.000413,-0.000108,0.000000,0.000000,0.000000,1,-0.002313,6900.080078,-0.038208,-887.097107,0.000000,0.007924,148.105423,1,-0.002671,6885.025879,-0.038124,-887.116943,0.000000,0.007925,148.103836,1,0.003406,5853.192871,0.943212,3314.553467,-0.000008,-0.029386,142.263504,1,0.003062,5841.213379,0.945595,3315.588379,-0.000008,-0.029386,142.264450,538.050659,25479.539062,4019.187988,-119.762566,1.419645,15.862427,0.000000,0.000000,0.000000,0.000000,0.000000,0.000000,0.000000,0.000000,0.000000
810,13.500000,78.873291,-0.000005,176.502197,6.885541,-0.000018,51.260010,-3.008066,-0.000019,51.720329,6468.514,3,0.000000,4,5,142.306305,1,0,0,-0.000005,0.999999,-0.001590,-0.991099,0.000207,0.133130,-0.000182,-0.000031,0.000000,0.000000,0.000000,1,-0.002316,6899.402832,-0.028624,-942.977051,0.000000,0.008424,148.213425,1,-0.002676,6884.286621,-0.026657,-942.920532,0.000000,0.008423,148.211838,1,0.003412,5854.244141,0.624948,2321.103271,-0.000007,-0.025290,142.305832,1,0.003067,5842.228516,0.617996,2320.438965,-0.000007,-0.025283,142.306778,258.844025,25480.212891,1935.918701,121.773270,-1.325618,-16.449253,0.000000,0.000000,0.000000,0.000000,0.000000,0.000000,0.000000,0.000000,0.000000
811,13.516666,78.988159,-0.000005,177.356934,6.888859,-0.000008,51.284828,-3.008067,-0.000026,51.745373,6470.438,3,0.000000,4,5,142.472809,1,0,0,-0.000003,0.999999,-0.001583,-0.991099,0.000208,0.133129,0.000422,-0.000114,0.000000,0.000000,0.000000,1,-0.002305,6900.396973,-0.041968,-882.576660,0.000000,0.007884,148.329559,1,-0.002667,6885.215332,-0.041875,-882.632141,0.000000,0.007885,148.327957,1,0.003401,5852.978027,0.905949,3299.755859,-0.000008,-0.029248,142.472336,1,0.003054,5840.890137,0.898997,3300.679199,-0.000008,-0.029247,142.473282,535.063965,25479.464844,3996.289551,-119.075233,1.190159,15.986622,0.000000,0.000000,0.000000,0.000000,0.000000,0.000000,0.000000,0.000000,0.000000
812,13.533334,79.103027,-0.000005,178.212524,6.895719,-0.000021,51.336063,-3.008067,-0.000020,51.797066,6478.009,3,0.000000,4,5,142.514679,1,0,0,-0.000002,0.999999,-0.001585,-0.991099,0.000209,0.133129,-0.000168,-0.000034,0.000000,0.000000,0.000000,1,-0.002308,6899.766113,-0.030489,-938.130859,0.000000,0.008380,148.436905,1,-0.002671,6884.510254,-0.026619,-938.078430,0.000000,0.008380,148.435318,1,0.003407,5854.045898,0.641019,2309.884521,-0.000007,-0.025168,142.514206,1,0.003058,5841.910156,0.634030,2309.275635,-0.000007,-0.025161,142.515152,256.805420,25480.308594,1920.980225,121.489647,-1.204365,-16.156204,0.000000,0.000000,0.000000,0.000000,0.000000,0.000000,0.000000,0.000000,0.000000
813,13.550000,79.218018,-0.000005,179.068481,6.899012,-0.000011,51.360691,-3.008067,-0.000026,51.821911,6479.913,3,0.000000,4,5,142.680267,1,0,0,-0.000000,0.999999,-0.001578,-0.991099,0.000210,0.133128,0.000435,-0.000113,0.000000,0.000000,0.000000,1,-0.002296,6900.797852,-0.030479,-878.057983,0.000000,0.007844,148.552322,1,-0.002661,6885.476562,-0.030411,-878.102783,0.000000,0.007844,148.550735,1,0.003395,5852.786133,0.935775,3285.047119,-0.000008,-0.029112,142.679794,1,0.003045,5840.597168,0.928786,3286.041992,-0.000008,-0.029112,142.680740,531.960266,25479.703125,3973.827393,-118.568085,1.350559,16.117390,0.000000,0.000000,0.000000,0.000000,0.000000,0.000000,0.000000,0.000000,0.000000
814,13.566667,79.333130,-0.000006,179.925293,6.905832,-0.000021,51.411636,-3.008068,-0.000019,51.873310,6487.442,3,0.000000,4,5,142.721649,1,0,0,0.000000,0.999999,-0.001581,-0.991099,0.000211,0.133128,-0.000154,-0.000031,0.000000,0.000000,0.000000,1,-0.002299,6900.137695,-0.015223,-933.322693,0.000000,0.008337,148.659012,1,-0.002665,6884.759277,-0.013290,-933.232056,0.000000,0.008337,148.657440,1,0.003400,5853.792969,0.651378,2298.356934,-0.000007,-0.025042,142.721176,1,0.003049,5841.560547,0.655669,2297.729004,-0.000007,-0.025036,142.722122,254.641663,25480.287109,1905.338379,121.074730,-1.150070,-15.943303,0.000000,0.000000,0.000000,0.000000,0.000000,0.000000,0.000000,0.000000,0.000000
815,13.583333,79.448242,-0.000006,180.782593,6.909096,-0.000011,51.436066,-3.008068,-0.000025,51.897953,6489.324,3,0.000000,4,5,142.886353,1,0,0,0.000002,0.999999,-0.001573,-0.991099,0.000211,0.133128,0.000448,-0.000108,0.000000,0.000000,0.000000,1,-0.002287,6901.178711,-0.024729,-873.438049,0.000000,0.007802,148.773743,1,-0.002655,6885.747559,-0.024674,-873.462158,0.000000,0.007803,148.772156,1,0.003389,5852.534180,0.938274,3270.029785,-0.000008,-0.028972,142.885880,1,0.003036,5840.257324,0.942565,3270.973633,-0.000008,-0.028972,142.886826,528.842346,25479.759766,3950.846436,-118.168686,1.360773,16.193115,0.000000,0.000000,0.000000,0.000000,0.000000,0.000000,0.000000,0.000000,0.000000
816,13.600000,79.563477,-0.000006,181.640747,6.915876,-0.000020,51.486717,-3.008069,-0.000018,51.949051,6496.812,3,0.000000,4,5,142.927261,1,0,0,0.000002,0.999999,-0.001576,-0.991099,0.000212,0.133127,-0.000138,-0.000024,0.000000,0.000000,0.000000,1,-0.002289,6900.538574,-0.019002,-928.391968,0.000000,0.008293,148.879761,1,-0.002658,6885.060547,-0.017063,-928.326050,0.000000,0.008293,148.878174,1,0.003393,5853.526367,0.610809,2287.044678,-0.000007,-0.024919,142.926788,1,0.003039,5841.217285,0.603881,2286.363037,-0.000007,-0.024912,142.927734,252.715668,25480.394531,1890.259277,120.476463,-1.336517,-15.744036,0.000000,0.000000,0.000000,0.000000,0.000000,0.000000,0.000000,0.000000,0.000000
817,13.616667,79.678833,-0.000006,182.499268,6.919116,-0.000009,51.510952,-3.008069,-0.000025,51.973507,6498.673,3,0.000000,4,5,143.091019,1,0,0,0.000004,0.999999,-0.001568,-0.991099,0.000213,0.133127,0.000460,-0.000099,0.000000,0.000000,0.000000,1,-0.002278,6901.572754,-0.022795,-868.811035,0.000000,0.007761,148.993774,1,-0.002648,6886.061523,-0.024639,-868.862427,0.000000,0.007762,148.992172,1,0.003381,5852.242676,0.897705,3255.117676,-0.000008,-0.028834,143.090546,1,0.003026,5839.918457,0.888812,3256.007812,-0.000008,-0.028833,143.091492,525.868408,25479.837891,3928.033936,-117.937210,1.157076,16.201992,0.000000,0.000000,0.000000,0.000000,0.000000,0.000000,0.000000,0.000000,0.000000
818,13.633333,79.794312,-0.000007,183.358643,6.925858,-0.000017,51.561310,-3.008069,-0.000019,52.024307,6506.118,3,0.000000,4,5,143.131439,1,0,0,0.000004,0.999999,-0.001570,-0.991099,0.000213,0.133127,-0.000125,-0.000015,0.000000,0.000000,0.000000,1,-0.002280,6900.935059,-0.015180,-923.482483,0.000000,0.008249,149.099121,1,-0.002651,6885.386230,-0.013253,-923.400879,0.000000,0.008249,149.097534,1,0.003385,5853.211426,0.649423,2275.299805,-0.000007,-0.024791,143.130966,1,0.003029,5840.860840,0.648053,2274.663818,-0.000007,-0.024784,143.131912,250.500427,25480.433594,1874.456787,119.830521,-1.135535,-15.634186,0.000000,0.000000,0.000000,0.000000,0.000000,0.000000,0.000000,0.000000,0.000000
819,13.650000,79.909790,-0.000007,184.218384,6.929070,-0.000006,51.585342,-3.008070,-0.000025,52.048561,6507.956,3,0.000000,4,5,143.294296,1,0,0,0.000006,0.999999,-0.001562,-0.991099,0.000214,0.133126,0.000470,-0.000088,0.000000,0.000000,0.000000,1,-0.002268,6901.966309,-0.018969,-864.159729,0.000000,0.007720,149.212418,1,-0.002640,6886.397461,-0.020819,-864.212158,0.000000,0.007720,149.210815,1,0.003372,5851.917480,0.938283,3239.694336,-0.000008,-0.028691,143.293823,1,0.003016,5839.548340,0.938879,3240.645752,-0.000008,-0.028691,143.294769,522.596313,25479.859375,3904.433594,-118.461517,1.422652,16.207424,0.000000,0.000000,0.000000,0.000000,0.000000,0.000000,0.000000,0.000000,0.000000
820,13.666667,80.025391,-0.000007,185.078979,6.935770,-0.000014,51.635399,-3.008070,-0.000018,52.099072,6515.361,3,0.000000,4,5,143.334244,1,0,0,0.000006,0.999999,-0.001564,-0.991099,0.000214,0.133126,-0.000117,-0.000005,0.000000,0.000000,0.000000,1,-0.002271,6901.304199,-0.011370,-918.457947,0.000000,0.008205,149.317093,1,-0.002643,6885.715332,-0.009453,-918.424500,0.000000,0.008204,149.315491,1,0.003376,5852.869629,0.603344,2263.764893,-0.000007,-0.024665,143.333771,1,0.003019,5840.485840,0.602067,2263.009521,-0.000007,-0.024657,143.334717,248.516266,25480.378906,1859.060547,119.137123,-1.417336,-15.526840,0.000000,0.000000,0.000000,0.000000,0.000000,0.000000,0.000000,0.000000,0.000000
821,13.683333,80.140991,-0.000007,185.939941,6.938956,-0.000003,51.659233,-3.008070,-0.000025,52.123116,6517.177,3,0.000000,4,5,143.496170,1,0,0,0.000007,0.999999,-0.001556,-0.991099,0.000214,0.133126,0.000475,-0.000078,0.000000,0.000000,0.000000,1,-0.002259,6902.342773,-0.020838,-859.438232,0.000000,0.007677,149.429657,1,-0.002632,6886.743652,-0.035818,-859.495056,0.000000,0.007678,149.428055,1,0.003363,5851.584473,0.890239,3224.511963,-0.000008,-0.028551,143.495697,1,0.003005,5839.190918,0.888963,3225.328613,-0.000008,-0.028549,143.496643,519.593384,25479.894531,3881.235840,-118.264816,1.190661,16.187801,0.000000,0.000000,0.000000,0.000000,0.000000,0.000000,0.000000,0.000000,0.000000
822,13.700000,80.256714,-0.000007,186.801758,6.945618,-0.000010,51.708992,-3.008071,-0.000019,52.173317,6524.540,3,0.000000,4,5,143.535629,1,0,0,0.000007,0.999999,-0.001558,-0.991099,0.000214,0.133125,-0.000112,0.000005,0.000000,0.000000,0.000000,1,-0.002262,6901.697754,-0.007569,-913.444275,0.000000,0.008160,149.533646,1,-0.002635,6886.085938,-0.007552,-913.416321,0.000000,0.008160,149.532043,1,0.003366,5852.530273,0.653123,2252.071045,-0.000007,-0.024538,143.535156,1,0.003009,5840.150391,0.651742,2251.379639,-0.000007,-0.024530,143.536102,246.330627,25480.500000,1843.589111,117.712021,-1.152397,-15.496927,0.000000,0.000000,0.000000,0.000000,0.000000,0.000000,0.000000,0.000000,0.000000
823,13.716666,80.372559,-0.000007,187.663940,6.948776,0.000002,51.732628,-3.008071,-0.000025,52.197163,6526.333,3,0.000000,4,5,143.696609,1,0,0,0.000008,0.999999,-0.001550,-0.991099,0.000215,0.133125,0.000473,-0.000069,0.000000,0.000000,0.000000,1,-0.002251,6902.694824,-0.031537,-854.734314,0.000000,0.007635,149.645477,1,-0.002624,6887.092285,-0.033917,-854.798706,0.000000,0.007636,149.643875,1,0.003353,5851.239258,0.938054,3209.014160,-0.000008,-0.028408,143.696136,1,0.002995,5838.845215,0.940603,3209.894531,-0.000008,-0.028407,143.697083,516.325928,25479.878906,3857.612061,-117.956520,1.436935,16.078487,0.000000,0.000000,0.000000,0.000000,0.000000,0.000000,0.000000,0.000000,0.000000
824,13.733334,80.488525,-0.000007,188.526978,6.955395,-0.000006,51.782085,-3.008071,-0.000017,52.247059,6533.653,3,0.000000,4,5,143.735580,1,0,0,0.000008,0.999999,-0.001552,-0.991099,0.000215,0.133125,-0.000112,0.000013,0.000000,0.000000,0.000000,1,-0.002253,6902.041992,-0.013228,-908.430542,0.000000,0.008115,149.748779,1,-0.002626,6886.437500,-0.013198,-908.383118,0.000000,0.008115,149.747192,1,0.003356,5852.184082,0.584698,2240.089600,-0.000006,-0.024407,143.735107,1,0.002998,5839.791992,0.577850,2239.413574,-0.000006,-0.024400,143.736053,244.323669,25480.468750,1827.502686,117.146942,-1.321011,-15.431632,0.000000,0.000000,0.000000,0.000000,0.000000,0.000000,0.000000,0.000000,0.000000
825,13.750000,80.604492,-0.000007,189.390381,6.958528,0.000006,51.805515,-3.008072,-0.000024,52.270699,6535.425,3,0.000000,4,5,143.895630,1,0,0,0.000009,0.999999,-0.001544,-0.991099,0.000215,0.133124,0.000469,-0.000061,0.000000,0.000000,0.000000,1,-0.002242,6903.026367,-0.022670,-849.944824,0.000000,0.007593,149.859879,1,-0.002616,6887.428711,-0.022619,-850.003662,0.000000,0.007593,149.858292,1,0.003343,5850.893555,0.859803,3193.243652,-0.000007,-0.028262,143.895157,1,0.002985,5838.518066,0.852956,3194.124268,-0.000007,-0.028261,143.896103,513.238037,25479.861328,3833.547607,-115.821083,1.189811,15.965533,0.000000,0.000000,0.000000,0.000000,0.000000,0.000000,0.000000,0.000000,0.000000
826,13.766666,80.720581,-0.000007,190.254639,6.965107,-0.000002,51.854664,-3.008072,-0.000018,52.320282,6542.703,3,0.000000,4,5,143.934143,1,0,0,0.000009,0.999999,-0.001546,-0.991099,0.000214,0.133124,-0.000105,0.000022,0.000000,0.000000,0.000000,1,-0.002245,6902.380859,-0.011323,-903.320190,0.000000,0.008069,149.962479,1,-0.002618,6886.800781,-0.011298,-903.270569,0.000000,0.008069,149.960907,1,0.003346,5851.806152,0.611911,2228.399170,-0.000007,-0.024280,143.933670,1,0.002989,5839.444336,0.610619,2227.796631,-0.000007,-0.024274,143.934616,242.211487,25480.437500,1812.266846,118.079529,-1.111488,-15.451061,0.000000,0.000000,0.000000,0.000000,0.000000,0.000000,0.000000,0.000000,0.000000
827,13.783334,80.836670,-0.000007,191.119263,6.968213,0.000010,51.877899,-3.008072,-0.000024,52.343727,6544.454,3,0.000000,4,5,144.093216,1,0,0,0.000010,0.999999,-0.001538,-0.991099,0.000214,0.133123,0.000481,-0.000051,0.000000,0.000000,0.000000,1,-0.002234,6903.373047,-0.018866,-845.133484,0.000000,0.007550,150.072845,1,-0.002607,6887.816895,-0.020706,-845.220642,0.000000,0.007550,150.071259,1,0.003332,5850.491211,0.885052,3177.670410,-0.000008,-0.028119,144.092728,1,0.002975,5838.143555,0.885724,3178.703125,-0.000008,-0.028119,144.093704,510.018280,25479.808594,3810.075195,-115.820129,1.403130,15.842096,0.000000,0.000000,0.000000,0.000000,0.000000,0.000000,0.000000,0.000000,0.000000
828,13.800000,80.952881,-0.000007,191.984741,6.974751,0.000001,51.926746,-3.008073,-0.000017,52.393005,6551.687,3,0.000000,4,5,144.131210,1,0,0,0.000009,0.999999,-0.001540,-0.991099,0.000214,0.133123,-0.000093,0.000030,0.000000,0.000000,0.000000,1,-0.002237,6902.729980,-0.007539,-898.218323,0.000000,0.008024,150.174759,1,-0.002609,6887.191895,-0.009402,-898.212585,0.000000,0.008024,150.173172,1,0.003335,5851.389648,0.566173,2216.241455,-0.000006,-0.024148,144.130737,1,0.002978,5839.072754,0.564982,2215.592773,-0.000006,-0.024141,144.131683,240.100555,25480.380859,1795.916016,117.279190,-1.325777,-15.460185,0.000000,0.000000,0.000000,0.000000,0.000000,0.000000,0.000000,0.000000,0.000000
829,13.816667,81.069214,-0.000007,192.850586,6.977829,0.000012,51.949772,-3.008073,-0.000023,52.416245,6553.415,3,0.000000,4,5,144.289352,1,0,0,0.000010,0.999999,-0.001531,-0.991100,0.000214,0.133123,0.000489,-0.000044,0.000000,0.000000,0.000000,1,-0.002226,6903.704590,-0.038697,-840.311462,0.000000,0.007506,150.284378,1,-0.002597,6888.208008,-0.040561,-840.399658,0.000000,0.007507,150.282791,1,0.003321,5850.048340,0.831453,3161.598389,-0.000007,-0.027971,144.288864,1,0.002964,5837.755371,0.830262,3162.569092,-0.000007,-0.027970,144.289841,506.856201,25479.667969,3785.435059,-115.745628,1.246323,15.685852,0.000000,0.000000,0.000000,0.000000,0.000000,0.000000,0.000000,0.000000,0.000000
830,13.833333,81.185669,-0.000007,193.717285,6.984328,0.000002,51.998302,-3.008073,-0.000017,52.465202,6560.604,3,0.000000,4,5,144.326904,1,0,0,0.000009,0.999999,-0.001533,-0.991100,0.000213,0.133123,-0.000085,0.000035,0.000000,0.000000,0.000000,1,-0.002228,6903.088867,-0.005647,-893.021851,0.000000,0.007977,150.385590,1,-0.002599,6887.617188,-0.007512,-893.034058,0.000000,0.007977,150.384003,1,0.003323,5850.977539,0.587744,2204.471680,-0.000006,-0.024019,144.326431,1,0.002967,5838.709473,0.580927,2203.861572,-0.000006,-0.024013,144.327377,238.008728,25480.423828,1780.661377,116.336235,-1.229752,-15.479010,0.000000,0.000000,0.000000,0.000000,0.000000,0.000000,0.000000,0.000000,0.000000
831,13.850000,81.302124,-0.000007,194.584351,6.987379,0.000013,52.021130,-3.008074,-0.000023,52.488235,6562.312,3,0.000000,4,5,144.484055,1,0,0,0.000010,0.999999,-0.001525,-0.991100,0.000213,0.133122,0.000493,-0.000040,0.000000,0.000000,0.000000,1,-0.002218,6904.068359,-0.027218,-835.425354,0.000000,0.007463,150.494461,1,-0.002587,6888.633789,-0.026686,-835.500549,0.000000,0.007464,150.492874,1,0.003309,5849.645996,0.856955,3145.914307,-0.000007,-0.027827,144.483566,1,0.002954,5837.401367,0.852102,3146.907959,-0.000007,-0.027827,144.484543,503.609772,25479.728516,3761.831055,-115.697243,1.343715,15.560553,0.000000,0.000000,0.000000,0.000000,0.000000,0.000000,0.000000,0.000000,0.000000
832,13.866667,81.418701,-0.000006,195.452148,6.993835,0.000004,52.069359,-3.008074,-0.000016,52.536896,6569.457,3,0.000000,4,5,144.521088,1,0,0,0.000009,0.999999,-0.001526,-0.991100,0.000212,0.133122,-0.000081,0.000037,0.000000,0.000000,0.000000,1,-0.002220,6903.430664,-0.007519,-887.874084,0.000000,0.007931,150.594955,1,-0.002589,6888.028320,-0.007502,-887.875305,0.000000,0.007931,150.593384,1,0.003311,5850.533203,0.558950,2192.196045,-0.000006,-0.023886,144.520615,1,0.002957,5838.321289,0.563362,2191.628174,-0.000006,-0.023879,144.521561,235.864075,25480.308594,1764.340820,115.471420,-1.237597,-15.491785,0.000000,0.000000,0.000000,0.000000,0.000000,0.000000,0.000000,0.000000,0.000000
833,13.883333,81.535278,-0.000006,196.320312,6.996860,0.000014,52.091980,-3.008075,-0.000023,52.559715,6571.141,3,0.000000,4,5,144.677292,1,0,0,0.000010,0.999999,-0.001518,-0.991100,0.000212,0.133121,0.000492,-0.000040,0.000000,0.000000,0.000000,1,-0.002209,6904.412598,-0.036280,-830.527893,0.000000,0.007419,150.703079,1,-0.002578,6889.037598,-0.033867,-830.633606,0.000000,0.007420,150.701508,1,0.003296,5849.223145,0.818336,3129.629883,-0.000007,-0.027677,144.676804,1,0.002943,5837.033203,0.822747,3130.681396,-0.000007,-0.027677,144.677780,500.362885,25479.681641,3737.043213,-114.068733,1.195269,15.439954,0.000000,0.000000,0.000000,0.000000,0.000000,0.000000,0.000000,0.000000,0.000000
834,13.900000,81.651978,-0.000006,197.189331,7.003274,0.000004,52.139893,-3.008075,-0.000017,52.608067,6578.244,3,0.000000,4,5,144.713882,1,0,0,0.000009,0.999999,-0.001519,-0.991100,0.000211,0.133121,-0.000074,0.000038,0.000000,0.000000,0.000000,1,-0.002212,6903.776855,-0.011264,-882.689880,0.000000,0.007885,150.802856,1,-0.002579,6888.437012,-0.011239,-882.679077,0.000000,0.007885,150.801300,1,0.003298,5850.074707,0.558151,2180.174561,-0.000006,-0.023755,144.713409,1,0.002945,5837.914551,0.551421,2179.646729,-0.000006,-0.023749,144.714355,233.770691,25480.169922,1748.612305,115.894859,-1.253231,-15.458094,0.000000,0.000000,0.000000,0.000000,0.000000,0.000000,0.000000,0.000000,0.000000
835,13.916667,81.768799,-0.000006,198.058716,7.006271,0.000012,52.162312,-3.008075,-0.000023,52.630684,6579.908,3,0.000000,4,5,144.869110,1,0,0,0.000010,0.999999,-0.001511,-0.991100,0.000211,0.133121,0.000501,-0.000038,0.000000,0.000000,0.000000,1,-0.002201,6904.778809,-0.042422,-825.682800,0.000000,0.007376,150.910217,1,-0.002568,6889.476074,-0.020598,-825.747131,0.000000,0.007376,150.908661,1,0.003284,5848.765625,0.821466,3113.568359,-0.000007,-0.027530,144.868622,1,0.002932,5836.637695,0.814736,3114.659668,-0.000007,-0.027530,144.869598,497.084686,25479.644531,3712.672119,-114.166969,1.269455,15.309266,0.000000,0.000000,0.000000,0.000000,0.000000,0.000000,0.000000,0.000000,0.000000
836,13.933333,81.885620,-0.000006,198.928833,7.012644,0.000001,52.209911,-3.008075,-0.000017,52.678707,6586.965,3,0.000000,4,5,144.905197,1,0,0,0.000009,0.999999,-0.001512,-0.991100,0.000210,0.133121,-0.000066,0.000038,0.000000,0.000000,0.000000,1,-0.002203,6904.158203,-0.007499,-877.458313,0.000000,0.007838,151.009293,1,-0.002569,6888.895020,-0.009354,-877.481201,0.000000,0.007839,151.007751,1,0.003285,5849.624023,0.557359,2167.955811,-0.000006,-0.023622,144.904724,1,0.002934,5837.525391,0.561769,2167.555420,-0.000006,-0.023617,144.905670,231.609650,25480.197266,1732.645996,114.845947,-1.146080,-15.461497,0.000000,0.000000,0.000000,0.000000,0.000000,0.000000,0.000000,0.000000,0.000000
837,13.950000,82.002563,-0.000006,199.799316,7.015614,0.000010,52.232124,-3.008076,-0.000022,52.701111,6588.606,3,0.000000,4,5,145.059448,1,0,0,0.000010,0.999999,-0.001503,-0.991100,0.000210,0.133120,0.000504,-0.000039,0.000000,0.000000,0.000000,1,-0.002192,6905.152832,-0.036261,-820.726746,0.000000,0.007332,151.115891,1,-0.002557,6889.916992,-0.038115,-820.807800,0.000000,0.007332,151.114365,1,0.003271,5848.302734,0.810849,3097.309570,-0.000007,-0.027380,145.058975,1,0.002920,5836.232910,0.815259,3098.465576,-0.000007,-0.027382,145.059921,493.804474,25479.582031,3688.107178,-114.243050,1.330242,15.215187,0.000000,0.000000,0.000000,0.000000,0.000000,0.000000,0.000000,0.000000,0.000000
838,13.966666,82.119629,-0.000006,200.670654,7.021945,-0.000001,52.279408,-3.008076,-0.000016,52.748817,6595.620,3,0.000000,4,5,145.095062,1,0,0,0.000009,0.999999,-0.001504,-0.991100,0.000209,0.133120,-0.000063,0.000035,0.000000,0.000000,0.000000,1,-0.002194,6904.539551,-0.011235,-872.218811,0.000000,0.007792,151.214249,1,-0.002558,6889.346191,-0.009342,-872.201538,0.000000,0.007791,151.212738,1,0.003272,5849.180664,0.528748,2155.874023,-0.000006,-0.023490,145.094589,1,0.002923,5837.129395,0.527658,2155.427979,-0.000006,-0.023485,145.095535,229.556824,25480.203125,1716.871094,113.830956,-1.225912,-15.411401,0.000000,0.000000,0.000000,0.000000,0.000000,0.000000,0.000000,0.000000,0.000000
839,13.983334,82.236694,-0.000006,201.542358,7.024888,0.000007,52.301418,-3.008076,-0.000022,52.771023,6597.239,3,0.000000,4,5,145.248322,1,0,0,0.000010,0.999999,-0.001496,-0.991100,0.000209,0.133120,0.000502,-0.000042,0.000000,0.000000,0.000000,1,-0.002183,6905.548828,-0.042393,-815.778564,0.000000,0.007287,151.320099,1,-0.002546,6890.367676,-0.038103,-815.860229,0.000000,0.007288,151.318573,1,0.003258,5847.878418,0.772413,3081.124512,-0.000007,-0.027232,145.247849,1,0.002909,5835.842285,0.775254,3082.234863,-0.000007,-0.027233,145.248795,490.593719,25479.640625,3663.583984,-114.238754,1.191847,15.185725,0.000000,0.000000,0.000000,0.000000,0.000000,0.000000,0.000000,0.000000,0.000000
840,14.000000,82.353882,-0.000006,202.414795,7.031177,-0.000003,52.348389,-3.008077,-0.000016,52.818409,6604.208,3,0.000000,4,5,145.283447,1,0,0,0.000009,0.999999,-0.001497,-0.991100,0.000209,0.133119,-0.000065,0.000032,0.000000,0.000000,0.000000,1,-0.002185,6904.930664,-0.013091,-866.943176,0.000000,0.007744,151.417740,1,-0.002548,6889.779785,-0.014928,-866.940918,0.000000,0.007744,151.416229,1,0.003259,5848.741211,0.522453,2143.675781,-0.000006,-0.023357,145.282990,1,0.002911,5836.725586,0.510287,2143.138916,-0.000006,-0.023351,145.283905,227.436066,25480.175781,1700.855713,112.863091,-1.322076,-15.313086,0.000000,0.000000,0.000000,0.000000,0.000000,0.000000,0.000000,0.000000,0.000000
841,14.016666,82.471069,-0.000006,203.287598,7.034093,0.000005,52.370193,-3.008077,-0.000022,52.840412,6605.805,3,0.000000,4,5,145.435715,1,0,0,0.000010,0.999999,-0.001489,-0.991100,0.000208,0.133119,0.000495,-0.000046,0.000000,0.000000,0.000000,1,-0.002173,6905.928223,-0.022435,-810.819214,0.000000,0.007243,151.522812,1,-0.002536,6890.803711,-0.022386,-810.916504,0.000000,0.007244,151.521301,1,0.003245,5847.469727,0.781839,3064.760742,-0.000007,-0.027082,145.435242,1,0.002898,5835.475098,0.767707,3065.780029,-0.000007,-0.027083,145.436188,487.210907,25479.695312,3638.698486,-114.048203,1.079040,15.060193,0.000000,0.000000,0.000000,0.000000,0.000000,0.000000,0.000000,0.000000,0.000000
842,14.033334,82.588379,-0.000006,204.161255,7.040339,-0.000005,52.416843,-3.008077,-0.000017,52.887474,6612.728,3,0.000000,4,5,145.470383,1,0,0,0.000010,0.999999,-0.001490,-0.991100,0.000208,0.133119,-0.000072,0.000027,0.000000,0.000000,0.000000,1,-0.002175,6905.319824,-0.011207,-861.703003,0.000000,0.007698,151.619736,1,-0.002537,6890.208496,-0.013046,-861.685913,0.000000,0.007697,151.618240,1,0.003247,5848.324707,0.566136,2131.326904,-0.000006,-0.023222,145.469925,1,0.002900,5836.355469,0.564978,2130.870117,-0.000006,-0.023217,145.470840,225.162140,25480.214844,1684.702148,112.032776,-1.062306,-15.277293,0.000000,0.000000,0.000000,0.000000,0.000000,0.000000,0.000000,0.000000,0.000000
843,14.050000,82.705811,-0.000006,205.035278,7.043226,0.000004,52.438442,-3.008078,-0.000022,52.909267,6614.304,3,0.000000,4,5,145.621674,1,0,0,0.000011,0.999999,-0.001482,-0.991100,0.000208,0.133118,0.000484,-0.000051,0.000000,0.000000,0.000000,1,-0.002164,6906.294922,-0.018673,-805.834229,0.000000,0.007198,151.724045,1,-0.002526,6891.197754,-0.020495,-805.914429,0.000000,0.007199,151.722549,1,0.003234,5847.072266,0.825522,3048.245850,-0.000007,-0.026931,145.621216,1,0.002887,5835.095703,0.824363,3049.298096,-0.000007,-0.026932,145.622131,483.749695,25479.660156,3613.743164,-114.463623,1.351791,15.019503,0.000000,0.000000,0.000000,0.000000,0.000000,0.000000,0.000000,0.000000,0.000000
844,14.066667,82.823242,-0.000006,205.910034,7.049428,-0.000006,52.484772,-3.008078,-0.000016,52.956020,6621.183,3,0.000000,4,5,145.655869,1,0,0,0.000010,0.999999,-0.001483,-0.991100,0.000208,0.133118,-0.000084,0.000020,0.000000,0.000000,0.000000,1,-0.002166,6905.681152,-0.014924,-856.378296,0.000000,0.007650,151.820236,1,-0.002528,6890.587402,-0.016752,-856.373047,0.000000,0.007650,151.818756,1,0.003236,5847.962891,0.504398,2119.213867,-0.000005,-0.023090,145.655411,1,0.002889,5835.991211,0.503366,2118.735352,-0.000005,-0.023085,145.656326,223.189270,25480.232422,1669.038574,110.711273,-1.228264,-15.132245,0.000000,0.000000,0.000000,0.000000,0.000000,0.000000,0.000000,0.000000,0.000000
845,14.083333,82.940796,-0.000006,206.785156,7.052289,0.000002,52.506168,-3.008078,-0.000022,52.977608,6622.738,3,0.000000,4,5,145.806152,1,0,0,0.000011,0.999999,-0.001476,-0.991100,0.000208,0.133118,0.000465,-0.000057,0.000000,0.000000,0.000000,1,-0.002156,6906.634277,-0.022379,-800.822266,0.000000,0.007154,151.923782,1,-0.002517,6891.549805,-0.024191,-800.883667,0.000000,0.007154,151.922302,1,0.003223,5846.726074,0.750028,3031.935303,-0.000006,-0.026782,145.805695,1,0.002876,5834.752930,0.750961,3032.981445,-0.000006,-0.026783,145.806610,480.607056,25479.656250,3589.187744,-113.927368,1.148451,14.984627,0.000000,0.000000,0.000000,0.000000,0.000000,0.000000,0.000000,0.000000,0.000000
846,14.100000,83.058472,-0.000006,207.661011,7.058451,-0.000008,52.552185,-3.008079,-0.000016,53.024036,6629.571,3,0.000000,4,5,145.839859,1,0,0,0.000011,0.999999,-0.001477,-0.991100,0.000208,0.133117,-0.000101,0.000014,0.000000,0.000000,0.000000,1,-0.002158,6906.025391,-0.013042,-851.072205,0.000000,0.007603,152.019257,1,-0.002519,6890.926758,-0.011154,-851.076111,0.000000,0.007603,152.017776,1,0.003226,5847.640625,0.525865,2106.913574,-0.000006,-0.022956,145.839417,1,0.002879,5835.661133,0.530312,2106.329590,-0.000006,-0.022950,145.840302,220.967499,25480.273438,1652.925537,110.363441,-1.232367,-15.029320,0.000000,0.000000,0.000000,0.000000,0.000000,0.000000,0.000000,0.000000,0.000000
847,14.116667,83.176147,-0.000006,208.537231,7.061284,0.000001,52.573376,-3.008079,-0.000022,53.045414,6631.104,3,0.000000,4,5,145.989151,1,0,0,0.000012,0.999999,-0.001470,-0.991100,0.000208,0.133117,0.000446,-0.000062,0.000000,0.000000,0.000000,1,-0.002148,6906.973145,-0.020489,-795.800415,0.000000,0.007109,152.122025,1,-0.002509,6891.871582,-0.020444,-795.883545,0.000000,0.007110,152.120544,1,0.003213,5846.434570,0.783285,3015.359375,-0.000007,-0.026630,145.988693,1,0.002867,5834.450684,0.783802,3016.299805,-0.000007,-0.026630,145.989609,477.153412,25479.742188,3564.030762,-113.116486,1.165095,14.938103,0.000000,0.000000,0.000000,0.000000,0.000000,0.000000,0.000000,0.000000,0.000000
848,14.133333,83.293945,-0.000006,209.414185,7.067401,-0.000008,52.619068,-3.008079,-0.000016,53.091511,6637.892,3,0.000000,4,5,146.022400,1,0,0,0.000012,0.999999,-0.001472,-0.991100,0.000208,0.133117,-0.000115,0.000010,0.000000,0.000000,0.000000,1,-0.002150,6906.339844,-0.013026,-845.754272,0.000000,0.007555,152.216766,1,-0.002511,6891.230957,-0.011141,-845.737488,0.000000,0.007555,152.215286,1,0.003217,5847.358398,0.536227,2094.634521,-0.000006,-0.022823,146.021957,1,0.002870,5835.351562,0.535126,2094.103027,-0.000006,-0.022817,146.022842,218.821899,25480.292969,1637.072754,110.179176,-1.123814,-14.939813,0.000000,0.000000,0.000000,0.000000,0.000000,0.000000,0.000000,0.000000,0.000000
849,14.150000,83.411743,-0.000006,210.291504,7.070206,0.000002,52.640057,-3.008080,-0.000022,53.112686,6639.404,3,0.000000,4,5,146.170685,1,0,0,0.000013,0.999999,-0.001465,-0.991100,0.000208,0.133116,0.000431,-0.000066,0.000000,0.000000,0.000000,1,-0.002140,6907.282715,-0.020464,-790.809509,0.000000,0.007064,152.318756,1,-0.002501,6892.163086,-0.020419,-790.899536,0.000000,0.007065,152.317276,1,0.003205,5846.155762,0.787752,2998.757080,-0.000007,-0.026479,146.170227,1,0.002858,5834.164551,0.788616,2999.750488,-0.000007,-0.026480,146.171143,473.771576,25479.781250,3538.939209,-112.210609,1.240537,14.843495,0.000000,0.000000,0.000000,0.000000,0.000000,0.000000,0.000000,0.000000,0.000000
850,14.166667,83.529663,-0.000006,211.169556,7.076280,-0.000007,52.685429,-3.008080,-0.000016,53.158459,6646.146,3,0.000000,4,5,146.203461,1,0,0,0.000013,0.999999,-0.001467,-0.991100,0.000208,0.133116,-0.000126,0.000006,0.000000,0.000000,0.000000,1,-0.002143,6906.659180,-0.013010,-840.414001,0.000000,0.007507,152.412766,1,-0.002504,6891.512695,-0.012982,-840.402283,0.000000,0.007507,152.411301,1,0.003208,5847.086914,0.513444,2082.365234,-0.000006,-0.022689,146.203018,1,0.002861,5835.069824,0.517898,2081.810303,-0.000006,-0.022683,146.203903,216.729767,25480.349609,1621.189453,110.053024,-1.189950,-14.845063,0.000000,0.000000,0.000000,0.000000,0.000000,0.000000,0.000000,0.000000,0.000000
851,14.183333,83.647705,-0.000006,212.047974,7.079059,0.000003,52.706215,-3.008080,-0.000022,53.179428,6647.636,3,0.000000,4,5,146.350739,1,0,0,0.000014,0.999999,-0.001460,-0.991100,0.000208,0.133116,0.000420,-0.000068,0.000000,0.000000,0.000000,1,-0.002133,6907.572266,-0.022297,-785.777405,0.000000,0.007019,152.513992,1,-0.002495,6892.412598,-0.022248,-785.857422,0.000000,0.007020,152.512527,1,0.003197,5845.904785,0.763004,2982.165039,-0.000007,-0.026328,146.350281,1,0.002850,5833.872559,0.767458,2983.119141,-0.000007,-0.026328,146.351196,470.453613,25479.757812,3513.879639,-111.174423,1.167345,14.832386,0.000000,0.000000,0.000000,0.000000,0.000000,0.000000,0.000000,0.000000,0.000000
852,14.200000,83.765747,-0.000006,212.927124,7.085090,-0.000006,52.751266,-3.008080,-0.000016,53.224884,6654.333,3,0.000000,4,5,146.383041,1,0,0,0.000014,0.999999,-0.001462,-0.991100,0.000208,0.133116,-0.000132,0.000004,0.000000,0.000000,0.000000,1,-0.002135,6906.953125,-0.009282,-835.091003,0.000000,0.007460,152.607269,1,-0.002498,6891.779297,-0.009261,-835.071228,0.000000,0.007460,152.605820,1,0.003201,5846.829590,0.534835,2069.940186,-0.000006,-0.022554,146.382599,1,0.002853,5834.780273,0.528231,2069.437256,-0.000006,-0.022548,146.383484,214.524872,25480.363281,1605.075928,109.986366,-1.075078,-14.784498,0.000000,0.000000,0.000000,0.000000,0.000000,0.000000,0.000000,0.000000,0.000000
853,14.216666,83.883911,-0.000006,213.806641,7.087841,0.000005,52.771843,-3.008081,-0.000021,53.245640,6655.801,3,0.000000,4,5,146.529327,1,0,0,0.000015,0.999999,-0.001455,-0.991100,0.000209,0.133115,0.000414,-0.000069,0.000000,0.000000,0.000000,1,-0.002126,6907.866211,-0.016703,-780.750488,0.000000,0.006974,152.707718,1,-0.002489,6892.671875,-0.014814,-780.792236,0.000000,0.006975,152.706268,1,0.003189,5845.643555,0.784395,2965.400879,-0.000007,-0.026175,146.528870,1,0.002841,5833.590332,0.777791,2966.407227,-0.000007,-0.026176,146.529785,467.012878,25479.763672,3488.614990,-110.203514,1.300400,14.745972,0.000000,0.000000,0.000000,0.000000,0.000000,0.000000,0.000000,0.000000,0.000000
854,14.233334,84.002197,-0.000006,214.686890,7.093828,-0.000004,52.816570,-3.008081,-0.000015,53.290764,6662.453,3,0.000000,4,5,146.561172,1,0,0,0.000015,0.999999,-0.001457,-0.991100,0.000209,0.133115,-0.000133,0.000004,0.000000,0.000000,0.000000,1,-0.002129,6907.235352,-0.009271,-829.728882,0.000000,0.007412,152.800262,1,-0.002492,6892.033691,-0.005550,-829.672302,0.000000,0.007411,152.798828,1,0.003193,5846.565918,0.495603,2057.684570,-0.000005,-0.022420,146.560730,1,0.002845,5834.496582,0.494580,2057.113525,-0.000005,-0.022414,146.561615,212.472778,25480.341797,1589.284790,109.915184,-1.204364,-14.737299,0.000000,0.000000,0.000000,0.000000,0.000000,0.000000,0.000000,0.000000,0.000000
855,14.250000,84.120483,-0.000006,215.567505,7.096552,0.000006,52.836945,-3.008081,-0.000021,53.311333,6663.900,3,0.000000,4,5,146.706436,1,0,0,0.000016,0.999999,-0.001450,-0.991101,0.000209,0.133115,0.000413,-0.000069,0.000000,0.000000,0.000000,1,-0.002119,6908.140625,-0.035636,-775.667969,0.000000,0.006929,152.899933,1,-0.002483,6892.921387,-0.029518,-775.730835,0.000000,0.006930,152.898483,1,0.003182,5845.384766,0.737303,2948.774902,-0.000006,-0.026024,146.705978,1,0.002833,5833.298828,0.734315,2949.728760,-0.000006,-0.026024,146.706894,463.771393,25479.724609,3463.562988,-109.228195,1.155873,14.684891,0.000000,0.000000,0.000000,0.000000,0.000000,0.000000,0.000000,0.000000,0.000000
856,14.266666,84.238892,-0.000006,216.448853,7.102498,-0.000003,52.881348,-3.008082,-0.000015,53.356133,6670.505,3,0.000000,4,5,146.737808,1,0,0,0.000016,0.999999,-0.001453,-0.991101,0.000209,0.133114,-0.000129,0.000004,0.000000,0.000000,0.000000,1,-0.002122,6907.521973,-0.003704,-824.344116,0.000000,0.007364,152.991745,1,-0.002486,6892.287598,-0.003696,-824.322693,0.000000,0.007364,152.990311,1,0.003185,5846.293457,0.511472,2045.264771,-0.000006,-0.022285,146.737366,1,0.002836,5834.197754,0.510414,2044.747803,-0.000006,-0.022279,146.738251,210.284302,25480.304688,1573.291504,109.786018,-1.126234,-14.667940,0.000000,0.000000,0.000000,0.000000,0.000000,0.000000,0.000000,0.000000,0.000000
857,14.283334,84.357300,-0.000006,217.330566,7.105194,0.000006,52.901520,-3.008082,-0.000021,53.376480,6671.932,3,0.000000,4,5,146.882080,1,0,0,0.000017,0.999999,-0.001446,-0.991101,0.000210,0.133114,0.000416,-0.000068,0.000000,0.000000,0.000000,1,-0.002112,6908.449707,-0.020482,-770.622925,0.000000,0.006884,153.090637,1,-0.002476,6893.190430,-0.020473,-770.690430,0.000000,0.006885,153.089188,1,0.003174,5845.113770,0.753172,2931.969482,-0.000007,-0.025871,146.881622,1,0.002824,5833.005859,0.752114,2932.945557,-0.000007,-0.025871,146.882538,460.305847,25479.757812,3438.210693,-108.365158,1.213739,14.622964,0.000000,0.000000,0.000000,0.000000,0.000000,0.000000,0.000000,0.000000,0.000000
858,14.300000,84.475830,-0.000006,218.213013,7.111095,-0.000003,52.945599,-3.008082,-0.000015,53.420956,6678.492,3,0.000000,4,5,146.913010,1,0,0,0.000017,0.999999,-0.001448,-0.991101,0.000210,0.133114,-0.000122,0.000005,0.000000,0.000000,0.000000,1,-0.002114,6907.833496,-0.001850,-818.953491,0.000000,0.007316,153.181717,1,-0.002479,6892.563965,-0.000000,-818.952454,0.000000,0.007316,153.180283,1,0.003177,5846.005371,0.505334,2033.134155,-0.000006,-0.022153,146.912567,1,0.002828,5833.884766,0.504286,2032.547729,-0.000005,-0.022146,146.913452,208.207275,25480.292969,1557.783447,109.459076,-1.208755,-14.570228,0.000000,0.000000,0.000000,0.000000,0.000000,0.000000,0.000000,0.000000,0.000000
859,14.316667,84.594360,-0.000006,219.095825,7.113764,0.000007,52.965569,-3.008083,-0.000021,53.441101,6679.898,3,0.000000,4,5,147.056244,1,0,0,0.000018,0.999999,-0.001441,-0.991101,0.000210,0.133113,0.000421,-0.000066,0.000000,0.000000,0.000000,1,-0.002105,6908.749023,-0.016231,-765.566711,0.000000,0.006839,153.279816,1,-0.002470,6893.474121,-0.011984,-765.627319,0.000000,0.006839,153.278381,1,0.003166,5844.816895,0.750964,2915.421143,-0.000006,-0.025721,147.055786,1,0.002816,5832.694824,0.747951,2916.343994,-0.000006,-0.025721,147.056702,456.956116,25479.722656,3413.333496,-107.634773,1.168781,14.513167,0.000000,0.000000,0.000000,0.000000,0.000000,0.000000,0.000000,0.000000,0.000000
860,14.333333,84.713013,-0.000006,219.979370,7.119623,-0.000002,53.009331,-3.008083,-0.000015,53.485252,6686.411,3,0.000000,4,5,147.086685,1,0,0,0.000018,0.999999,-0.001443,-0.991101,0.000210,0.133113,-0.000113,0.000006,0.000000,0.000000,0.000000,1,-0.002107,6908.149902,-0.000000,-813.612305,0.000000,0.007268,153.370163,1,-0.002472,6892.855469,-0.000000,-813.632690,0.000000,0.007268,153.368729,1,0.003169,5845.705078,0.510186,2020.507080,-0.000006,-0.022015,147.086243,1,0.002819,5833.564453,0.514601,2020.019043,-0.000006,-0.022010,147.087128,205.985535,25480.281250,1541.376343,109.179939,-1.101702,-14.496788,0.000000,0.000000,0.000000,0.000000,0.000000,0.000000,0.000000,0.000000,0.000000
861,14.350000,84.831665,-0.000006,220.863159,7.122263,0.000007,53.029091,-3.008083,-0.000020,53.505192,6687.795,3,0.000000,4,5,147.228943,1,0,0,0.000019,0.999999,-0.001435,-0.991101,0.000210,0.133113,0.000429,-0.000064,0.000000,0.000000,0.000000,1,-0.002097,6909.067871,-0.011984,-760.516602,0.000000,0.006794,153.467484,1,-0.002463,6893.777832,-0.009587,-760.585083,0.000000,0.006794,153.466064,1,0.003157,5844.510742,0.751886,2898.329590,-0.000007,-0.025565,147.228485,1,0.002806,5832.378418,0.758266,2899.366211,-0.000007,-0.025566,147.229401,453.471008,25479.730469,3387.535400,-106.885780,1.286920,14.409041,0.000000,0.000000,0.000000,0.000000,0.000000,0.000000,0.000000,0.000000,0.000000
862,14.366667,84.950439,-0.000006,221.747681,7.128077,-0.000002,53.072521,-3.008083,-0.000014,53.549004,6694.263,3,0.000000,4,5,147.258957,1,0,0,0.000019,0.999999,-0.001437,-0.991101,0.000210,0.133113,-0.000101,0.000008,0.000000,0.000000,0.000000,1,-0.002099,6908.483887,-0.000000,-808.220398,0.000000,0.007220,153.557098,1,-0.002465,6893.188965,-0.001162,-808.207886,0.000000,0.007220,153.555679,1,0.003160,5845.367676,0.487633,2008.408325,-0.000005,-0.021883,147.258514,1,0.002809,5833.220703,0.481153,2007.899170,-0.000005,-0.021878,147.259399,203.984863,25480.269531,1526.057251,108.545013,-1.160699,-14.435297,0.000000,0.000000,0.000000,0.000000,0.000000,0.000000,0.000000,0.000000,0.000000
863,14.383333,85.069336,-0.000006,222.632568,7.130692,0.000007,53.092087,-3.008084,-0.000020,53.568745,6695.628,3,0.000000,4,5,147.400177,1,0,0,0.000020,0.999999,-0.001430,-0.991101,0.000210,0.133112,0.000438,-0.000063,0.000000,0.000000,0.000000,1,-0.002089,6909.407227,-0.016778,-755.472839,0.000000,0.006749,153.653641,1,-0.002455,6894.102051,-0.019447,-755.520203,0.000000,0.006749,153.652222,1,0.003148,5844.171875,0.721473,2881.813477,-0.000006,-0.025415,147.399719,1,0.002797,5832.032715,0.713027,2882.813477,-0.000006,-0.025416,147.400635,450.230591,25479.705078,3362.743896,-106.414993,1.190481,14.374966,0.000000,0.000000,0.000000,0.000000,0.000000,0.000000,0.000000,0.000000,0.000000
864,14.400000,85.188232,-0.000006,223.518188,7.136464,-0.000002,53.135201,-3.008084,-0.000014,53.612244,6702.049,3,0.000000,4,5,147.429703,1,0,0,0.000020,0.999999,-0.001431,-0.991101,0.000210,0.133112,-0.000090,0.000009,0.000000,0.000000,0.000000,1,-0.002091,6908.830566,-0.001843,-802.864136,0.000000,0.007172,153.742523,1,-0.002457,6893.527832,-0.001839,-802.889404,0.000000,0.007172,153.741104,1,0.003150,5845.013184,0.470612,1995.853516,-0.000005,-0.021746,147.429260,1,0.002799,5832.871582,0.464174,1995.368774,-0.000005,-0.021741,147.430145,201.831390,25480.250000,1509.755127,107.997047,-1.205403,-14.379359,0.000000,0.000000,0.000000,0.000000,0.000000,0.000000,0.000000,0.000000,0.000000
865,14.416667,85.307251,-0.000006,224.404053,7.139052,0.000007,53.154556,-3.008084,-0.000020,53.631767,6703.392,3,0.000000,4,5,147.569946,1,0,0,0.000021,0.999999,-0.001424,-0.991101,0.000210,0.133112,0.000446,-0.000061,0.000000,0.000000,0.000000,1,-0.002081,6909.755859,-0.018621,-750.404968,0.000000,0.006703,153.838287,1,-0.002447,6894.445801,-0.016220,-750.475891,0.000000,0.006704,153.836868,1,0.003138,5843.815430,0.704452,2864.793945,-0.000006,-0.025261,147.569489,1,0.002787,5831.677246,0.696048,2865.802734,-0.000006,-0.025261,147.570404,446.807556,25479.683594,3337.025879,-105.920898,1.139440,14.301916,0.000000,0.000000,0.000000,0.000000,0.000000,0.000000,0.000000,0.000000,0.000000
866,14.433333,85.426392,-0.000006,225.290649,7.144780,-0.000003,53.197338,-3.008085,-0.000014,53.674938,6709.768,3,0.000000,4,5,147.599060,1,0,0,0.000021,0.999999,-0.001425,-0.991101,0.000210,0.133112,-0.000080,0.000011,0.000000,0.000000,0.000000,1,-0.002083,6909.174316,-0.000000,-797.483398,0.000000,0.007124,153.926422,1,-0.002449,6893.878906,-0.000000,-797.476562,0.000000,0.007124,153.925018,1,0.003140,5844.633301,0.480962,1983.746948,-0.000005,-0.021614,147.598618,1,0.002789,5832.484863,0.490871,1983.363892,-0.000005,-0.021610,147.599503,199.748779,25480.154297,1494.561401,107.201096,-1.015599,-14.291403,0.000000,0.000000,0.000000,0.000000,0.000000,0.000000,0.000000,0.000000,0.000000
867,14.450000,85.545532,-0.000006,226.177612,7.147341,0.000005,53.216499,-3.008085,-0.000019,53.694271,6711.091,3,0.000000,4,5,147.738251,1,0,0,0.000022,0.999999,-0.001418,-0.991101,0.000210,0.133111,0.000452,-0.000059,0.000000,0.000000,0.000000,1,-0.002073,6910.125000,-0.011984,-745.357300,0.000000,0.006658,154.021408,1,-0.002438,6894.819336,-0.009587,-745.423767,0.000000,0.006659,154.020004,1,0.003127,5843.441406,0.708907,2848.222656,-0.000006,-0.025111,147.737808,1,0.002776,5831.319824,0.718816,2849.285889,-0.000006,-0.025112,147.738693,443.437653,25479.716797,3312.253174,-105.641335,1.235599,14.211798,0.000000,0.000000,0.000000,0.000000,0.000000,0.000000,0.000000,0.000000,0.000000
868,14.466666,85.664795,-0.000006,227.065308,7.153027,-0.000004,53.258965,-3.008085,-0.000013,53.737114,6717.421,3,0.000000,4,5,147.766876,1,0,0,0.000022,0.999999,-0.001419,-0.991101,0.000210,0.133111,-0.000072,0.000012,0.000000,0.000000,0.000000,1,-0.002074,6909.560547,-0.001839,-792.169800,0.000000,0.007076,154.108810,1,-0.002440,6894.262695,-0.001835,-792.144043,0.000000,0.007076,154.107422,1,0.003129,5844.268555,0.442165,1971.277954,-0.000005,-0.021479,147.766434,1,0.002778,5832.129395,0.441247,1970.837891,-0.000005,-0.021474,147.767319,197.662628,25480.234375,1478.342529,106.525284,-1.168070,-14.197332,0.000000,0.000000,0.000000,0.000000,0.000000,0.000000,0.000000,0.000000,0.000000
869,14.483334,85.784058,-0.000006,227.953247,7.155560,0.000004,53.277916,-3.008085,-0.000019,53.756233,6718.722,3,0.000000,4,5,147.905090,1,0,0,0.000023,0.999999,-0.001411,-0.991101,0.000210,0.133111,0.000457,-0.000058,0.000000,0.000000,0.000000,1,-0.002064,6910.491211,-0.018617,-740.327271,0.000000,0.006613,154.203018,1,-0.002429,6895.205566,-0.013819,-740.376648,0.000000,0.006614,154.201630,1,0.003116,5843.061035,0.662249,2831.257812,-0.000006,-0.024957,147.904648,1,0.002766,5830.930664,0.667226,2832.279785,-0.000006,-0.024958,147.905533,440.097748,25479.689453,3286.578613,-105.320610,1.088128,14.160748,0.000000,0.000000,0.000000,0.000000,0.000000,0.000000,0.000000,0.000000,0.000000
870,14.500000,85.903442,-0.000006,228.841919,7.161203,-0.000005,53.320053,-3.008085,-0.000013,53.798744,6725.006,3,0.000000,4,5,147.933289,1,0,0,0.000022,0.999999,-0.001412,-0.991101,0.000210,0.133110,-0.000066,0.000013,0.000000,0.000000,0.000000,1,-0.002065,6909.939453,-0.001837,-786.816528,0.000000,0.007029,154.289688,1,-0.002431,6894.651367,-0.001833,-786.787781,0.000000,0.007028,154.288315,1,0.003118,5843.876953,0.463437,1959.089722,-0.000005,-0.021346,147.932861,1,0.002768,5831.753418,0.462476,1958.554321,-0.000005,-0.021340,147.933716,195.523132,25480.234375,1462.737549,105.704315,-1.154298,-14.133347,0.000000,0.000000,0.000000,0.000000,0.000000,0.000000,0.000000,0.000000,0.000000
871,14.516666,86.022827,-0.000006,229.730957,7.163710,0.000003,53.338806,-3.008086,-0.000019,53.817669,6726.289,3,0.000000,4,5,148.070480,1,0,0,0.000023,0.999999,-0.001405,-0.991101,0.000210,0.133110,0.000459,-0.000057,0.000000,0.000000,0.000000,1,-0.002055,6910.870605,-0.018615,-735.272949,0.000000,0.006568,154.383118,1,-0.002420,6895.599121,-0.018611,-735.333496,0.000000,0.006569,154.381744,1,0.003106,5842.681641,0.687452,2814.573730,-0.000006,-0.024806,148.070038,1,0.002755,5830.572754,0.686490,2815.500244,-0.000006,-0.024806,148.070923,436.682495,25479.738281,3261.460693,-105.008347,1.098354,14.058460,0.000000,0.000000,0.000000,0.000000,0.000000,0.000000,0.000000,0.000000,0.000000
872,14.533334,86.142334,-0.000006,230.620605,7.169308,-0.000005,53.380619,-3.008086,-0.000014,53.859852,6732.527,3,0.000000,4,5,148.098236,1,0,0,0.000023,0.999999,-0.001406,-0.991101,0.000210,0.133110,-0.000062,0.000012,0.000000,0.000000,0.000000,1,-0.002056,6910.321289,-0.003671,-781.439026,0.000000,0.006981,154.469055,1,-0.002421,6895.049805,-0.001831,-781.393921,0.000000,0.006980,154.467697,1,0.003107,5843.487305,0.462880,1946.864014,-0.000005,-0.021213,148.097809,1,0.002757,5831.375977,0.461921,1946.395630,-0.000005,-0.021207,148.098663,193.450531,25480.246094,1447.289795,104.862869,-1.063244,-14.052047,0.000000,0.000000,0.000000,0.000000,0.000000,0.000000,0.000000,0.000000,0.000000
873,14.550000,86.261841,-0.000006,231.510620,7.171788,0.000003,53.399174,-3.008086,-0.000019,53.878571,6733.788,3,0.000000,4,5,148.234421,1,0,0,0.000024,0.999999,-0.001398,-0.991101,0.000210,0.133110,0.000458,-0.000057,0.000000,0.000000,0.000000,1,-0.002046,6911.249512,-0.020448,-730.221802,0.000000,0.006523,154.561707,1,-0.002411,6895.973145,-0.016212,-730.262817,0.000000,0.006523,154.560333,1,0.003094,5842.303223,0.682965,2797.898926,-0.000006,-0.024654,148.233994,1,0.002744,5830.186523,0.685936,2798.845459,-0.000006,-0.024655,148.234848,433.334045,25479.710938,3236.508301,-104.700447,1.143559,14.074992,0.000000,0.000000,0.000000,0.000000,0.000000,0.000000,0.000000,0.000000,0.000000
874,14.566667,86.381470,-0.000006,232.401245,7.177344,-0.000006,53.440666,-3.008087,-0.000013,53.920433,6739.980,3,0.000000,4,5,148.261719,1,0,0,0.000024,0.999999,-0.001399,-0.991101,0.000210,0.133109,-0.000061,0.000013,0.000000,0.000000,0.000000,1,-0.002047,6910.700195,-0.000000,-776.093994,0.000000,0.006933,154.646912,1,-0.002412,6895.443359,-0.004772,-776.089600,0.000000,0.006933,154.645538,1,0.003096,5843.105957,0.462330,1934.601196,-0.000005,-0.021079,148.261292,1,0.002746,5830.999023,0.461373,1934.115601,-0.000005,-0.021074,148.262146,191.340057,25480.265625,1431.578491,104.092239,-1.095609,-13.978713,0.000000,0.000000,0.000000,0.000000,0.000000,0.000000,0.000000,0.000000,0.000000
875,14.583333,86.501099,-0.000006,233.292236,7.179797,0.000003,53.459019,-3.008087,-0.000019,53.938946,6741.221,3,0.000000,4,5,148.396896,1,0,0,0.000025,0.999999,-0.001391,-0.991101,0.000210,0.133109,0.000455,-0.000056,0.000000,0.000000,0.000000,1,-0.002037,6911.618652,-0.014381,-725.172546,0.000000,0.006478,154.738785,1,-0.002402,6896.361816,-0.009145,-725.239502,0.000000,0.006479,154.737411,1,0.003083,5841.921875,0.684380,2781.124512,-0.000006,-0.024503,148.396469,1,0.002733,5829.819824,0.683422,2782.038330,-0.000006,-0.024503,148.397324,429.931213,25479.720703,3211.275146,-105.195801,1.081520,13.971296,0.000000,0.000000,0.000000,0.000000,0.000000,0.000000,0.000000,0.000000,0.000000
876,14.600000,86.620850,-0.000006,234.183960,7.185308,-0.000006,53.500191,-3.008087,-0.000013,53.980484,6747.368,3,0.000000,4,5,148.423752,1,0,0,0.000025,0.999999,-0.001393,-0.991101,0.000210,0.133109,-0.000067,0.000012,0.000000,0.000000,0.000000,1,-0.002038,6911.074219,-0.003663,-770.795349,0.000000,0.006885,154.823257,1,-0.002403,6895.822266,-0.005482,-770.773010,0.000000,0.006885,154.821899,1,0.003085,5842.734375,0.450921,1922.342896,-0.000005,-0.020945,148.423340,1,0.002735,5830.636230,0.444566,1921.800781,-0.000005,-0.020939,148.424164,189.254913,25480.289062,1415.814087,102.583466,-1.160667,-13.886850,0.000000,0.000000,0.000000,0.000000,0.000000,0.000000,0.000000,0.000000,0.000000
877,14.616667,86.740601,-0.000006,235.075928,7.187735,0.000003,53.518341,-3.008088,-0.000019,53.998806,6748.589,3,0.000000,4,5,148.557922,1,0,0,0.000026,0.999999,-0.001385,-0.991102,0.000210,0.133109,0.000442,-0.000058,0.000000,0.000000,0.000000,1,-0.002028,6911.972656,-0.027631,-720.138733,0.000000,0.006433,154.914368,1,-0.002393,6896.706055,-0.029450,-720.228699,0.000000,0.006434,154.912994,1,0.003073,5841.569824,0.671005,2764.322754,-0.000006,-0.024351,148.557495,1,0.002723,5829.466309,0.662685,2765.164551,-0.000006,-0.024350,148.558350,426.593170,25479.699219,3185.924805,-104.608665,1.010748,13.943966,0.000000,0.000000,0.000000,0.000000,0.000000,0.000000,0.000000,0.000000,0.000000
878,14.633333,86.860474,-0.000006,235.968628,7.193204,-0.000006,53.559185,-3.008088,-0.000014,54.040012,6754.690,3,0.000000,4,5,148.584351,1,0,0,0.000025,0.999999,-0.001387,-0.991101,0.000210,0.133108,-0.000077,0.000010,0.000000,0.000000,0.000000,1,-0.002030,6911.418457,-0.000000,-765.411072,0.000000,0.006837,154.998108,1,-0.002395,6896.156738,-0.000000,-765.412354,0.000000,0.006837,154.996750,1,0.003075,5842.418457,0.488385,1910.308960,-0.000005,-0.020814,148.583939,1,0.002725,5830.309082,0.487373,1909.785400,-0.000005,-0.020809,148.584763,187.137833,25480.332031,1400.728149,102.171082,-1.024901,-13.795260,0.000000,0.000000,0.000000,0.000000,0.000000,0.000000,0.000000,0.000000,0.000000
879,14.650000,86.980347,-0.000006,236.861572,7.195603,0.000003,53.577145,-3.008088,-0.000019,54.058128,6755.891,3,0.000000,4,5,148.717499,1,0,0,0.000026,0.999999,-0.001379,-0.991101,0.000210,0.133108,0.000430,-0.000059,0.000000,0.000000,0.000000,1,-0.002020,6912.307129,-0.016778,-715.134216,0.000000,0.006388,155.088425,1,-0.002385,6897.055176,-0.014381,-715.192383,0.000000,0.006389,155.087067,1,0.003063,5841.259277,0.714365,2747.745850,-0.000006,-0.024201,148.717072,1,0.002713,5829.153320,0.713353,2748.621582,-0.000006,-0.024201,148.717926,423.144440,25479.777344,3161.160889,-102.268013,1.229960,13.806609,0.000000,0.000000,0.000000,0.000000,0.000000,0.000000,0.000000,0.000000,0.000000
880,14.666667,87.100342,-0.000006,237.755249,7.201028,-0.000005,53.617672,-3.008088,-0.000013,54.099014,6761.945,3,0.000000,4,5,148.743484,1,0,0,0.000026,0.999999,-0.001381,-0.991101,0.000210,0.133108,-0.000078,0.000010,0.000000,0.000000,0.000000,1,-0.002021,6911.762695,-0.003655,-760.116333,0.000000,0.006790,155.171432,1,-0.002386,6896.495605,-0.001824,-760.098572,0.000000,0.006790,155.170090,1,0.003065,5842.061035,0.439041,1898.056519,-0.000005,-0.020681,148.743073,1,0.002715,5829.959961,0.443541,1897.475952,-0.000005,-0.020674,148.743896,185.122757,25480.289062,1384.988525,103.293152,-1.157962,-13.711816,0.000000,0.000000,0.000000,0.000000,0.000000,0.000000,0.000000,0.000000,0.000000
881,14.683333,87.220459,-0.000006,238.649170,7.203401,0.000004,53.635429,-3.008089,-0.000019,54.116932,6763.127,3,0.000000,4,5,148.875656,1,0,0,0.000027,0.999999,-0.001373,-0.991102,0.000210,0.133108,0.000435,-0.000057,0.000000,0.000000,0.000000,1,-0.002011,6912.661133,-0.015639,-710.105530,0.000000,0.006343,155.260986,1,-0.002376,6897.394043,-0.013808,-710.185974,0.000000,0.006344,155.259644,1,0.003053,5840.912109,0.665020,2730.966064,-0.000006,-0.024049,148.875229,1,0.002703,5828.808594,0.667555,2731.784668,-0.000006,-0.024049,148.876083,419.842438,25479.777344,3135.885986,-101.742981,1.022696,13.774570,0.000000,0.000000,0.000000,0.000000,0.000000,0.000000,0.000000,0.000000,0.000000
882,14.700000,87.340576,-0.000006,239.543823,7.208784,-0.000004,53.675632,-3.008089,-0.000014,54.157490,6769.136,3,0.000000,4,5,148.901215,1,0,0,0.000027,0.999999,-0.001375,-0.991102,0.000210,0.133107,-0.000070,0.000013,0.000000,0.000000,0.000000,1,-0.002013,6912.116699,-0.001826,-754.825928,0.000000,0.006743,155.343262,1,-0.002378,6896.861816,-0.001822,-754.791199,0.000000,0.006743,155.341934,1,0.003055,5841.691406,0.471023,1885.922729,-0.000005,-0.020549,148.900803,1,0.002705,5829.607910,0.470049,1885.451904,-0.000005,-0.020543,148.901627,183.004517,25480.287109,1369.675293,102.574570,-0.937546,-13.690772,0.000000,0.000000,0.000000,0.000000,0.000000,0.000000,0.000000,0.000000,0.000000
883,14.716666,87.460815,-0.000006,240.438721,7.211130,0.000005,53.693192,-3.008089,-0.000018,54.175217,6770.298,3,0.000000,4,5,149.032379,1,0,0,0.000028,0.999999,-0.001367,-0.991102,0.000210,0.133107,0.000439,-0.000055,0.000000,0.000000,0.000000,1,-0.002003,6912.998047,-0.013810,-705.106018,0.000000,0.006299,155.432037,1,-0.002368,6897.757812,-0.013806,-705.170166,0.000000,0.006299,155.430710,1,0.003043,5840.526855,0.691108,2714.336182,-0.000006,-0.023899,149.031967,1,0.002693,5828.431641,0.690133,2715.217529,-0.000006,-0.023899,149.032791,416.453125,25479.687500,3111.041260,-104.534760,1.251424,13.663029,0.000000,0.000000,0.000000,0.000000,0.000000,0.000000,0.000000,0.000000,0.000000
884,14.733334,87.581055,-0.000006,241.334229,7.216469,-0.000005,53.733078,-3.008089,-0.000012,54.215458,6776.263,3,0.000000,4,5,149.057510,1,0,0,0.000028,0.999999,-0.001369,-0.991102,0.000210,0.133107,-0.000080,0.000010,0.000000,0.000000,0.000000,1,-0.002005,6912.465820,-0.001824,-749.523743,0.000000,0.006695,155.513596,1,-0.002369,6897.206055,-0.000000,-749.513245,0.000000,0.006695,155.512268,1,0.003045,5841.380371,0.416415,1873.889160,-0.000005,-0.020417,149.057098,1,0.002696,5829.284668,0.410156,1873.396118,-0.000004,-0.020412,149.057922,181.066483,25480.378906,1354.403564,99.053383,-1.113655,-13.561329,0.000000,0.000000,0.000000,0.000000,0.000000,0.000000,0.000000,0.000000,0.000000
885,14.750000,87.701416,-0.000006,242.230103,7.218790,0.000005,53.750443,-3.008090,-0.000018,54.232975,6777.405,3,0.000000,4,5,149.187668,1,0,0,0.000029,0.999999,-0.001362,-0.991102,0.000210,0.133106,0.000411,-0.000060,0.000000,0.000000,0.000000,1,-0.001995,6913.314941,-0.016205,-700.134949,0.000000,0.006254,155.601608,1,-0.002360,6898.054688,-0.014381,-700.206665,0.000000,0.006255,155.600281,1,0.003034,5840.273926,0.624709,2697.743896,-0.000005,-0.023749,149.187256,1,0.002684,5828.158691,0.620415,2698.618164,-0.000005,-0.023750,149.188080,413.243652,25479.800781,3086.110596,-102.763359,0.991703,13.623592,0.000000,0.000000,0.000000,0.000000,0.000000,0.000000,0.000000,0.000000,0.000000
886,14.766666,87.821777,-0.000006,243.126587,7.224088,-0.000003,53.790009,-3.008090,-0.000013,54.272896,6783.323,3,0.000000,4,5,149.212357,1,0,0,0.000029,0.999999,-0.001363,-0.991102,0.000210,0.133106,-0.000099,0.000006,0.000000,0.000000,0.000000,1,-0.001997,6912.752930,-0.003644,-744.203552,0.000000,0.006648,155.682449,1,-0.002362,6897.475586,-0.003636,-744.215637,0.000000,0.006648,155.681122,1,0.003037,5841.098145,0.426758,1861.863403,-0.000005,-0.020286,149.211960,1,0.002687,5828.984863,0.436655,1861.305298,-0.000005,-0.020280,149.212753,178.989090,25480.320312,1339.176270,98.936440,-1.099598,-13.495657,0.000000,0.000000,0.000000,0.000000,0.000000,0.000000,0.000000,0.000000,0.000000
887,14.783334,87.942261,-0.000006,244.023315,7.226383,0.000006,53.807178,-3.008090,-0.000018,54.290215,6784.445,3,0.000000,4,5,149.341522,1,0,0,0.000030,0.999999,-0.001357,-0.991102,0.000210,0.133106,0.000392,-0.000063,0.000000,0.000000,0.000000,1,-0.001988,6913.594727,-0.020422,-695.162048,0.000000,0.006210,155.769684,1,-0.002353,6898.307129,-0.022810,-695.240601,0.000000,0.006211,155.768356,1,0.003026,5840.017578,0.638983,2681.143555,-0.000006,-0.023600,149.341110,1,0.002675,5827.890137,0.648879,2681.905762,-0.000006,-0.023599,149.341934,409.853058,25479.802734,3061.102539,-100.937447,0.956072,13.522917,0.000000,0.000000,0.000000,0.000000,0.000000,0.000000,0.000000,0.000000,0.000000
888,14.800000,88.062744,-0.000006,244.920776,7.231637,-0.000001,53.846424,-3.008090,-0.000013,54.329811,6790.319,3,0.000000,4,5,149.365799,1,0,0,0.000030,0.999999,-0.001359,-0.991102,0.000210,0.133106,-0.000109,0.000004,0.000000,0.000000,0.000000,1,-0.001990,6913.032227,-0.001820,-738.928223,0.000000,0.006601,155.849792,1,-0.002356,6897.725098,-0.003632,-738.918945,0.000000,0.006601,155.848480,1,0.003029,5840.838379,0.458669,1849.884033,-0.000005,-0.020156,149.365402,1,0.002678,5828.697266,0.452331,1849.380249,-0.000005,-0.020150,149.366196,176.917923,25480.291016,1324.131226,100.271255,-1.000086,-13.410947,0.000000,0.000000,0.000000,0.000000,0.000000,0.000000,0.000000,0.000000,0.000000
889,14.816667,88.183350,-0.000006,245.818481,7.233906,0.000008,53.863400,-3.008091,-0.000018,54.346931,6791.422,3,0.000000,4,5,149.493958,1,0,0,0.000031,0.999999,-0.001352,-0.991102,0.000210,0.133105,0.000389,-0.000062,0.000000,0.000000,0.000000,1,-0.001981,6913.876465,-0.013804,-690.191162,0.000000,0.006165,155.936264,1,-0.002347,6898.558594,-0.015616,-690.247803,0.000000,0.006166,155.934952,1,0.003018,5839.755859,0.678753,2664.620850,-0.000006,-0.023451,149.493546,1,0.002667,5827.609863,0.672415,2665.453125,-0.000006,-0.023451,149.494370,406.465912,25479.794922,3036.473633,-99.971909,1.138937,13.433290,0.000000,0.000000,0.000000,0.000000,0.000000,0.000000,0.000000,0.000000,0.000000
890,14.833333,88.303955,-0.000006,246.716797,7.239117,-0.000000,53.902328,-3.008091,-0.000013,54.386223,6797.250,3,0.000000,4,5,149.517807,1,0,0,0.000031,0.999999,-0.001354,-0.991102,0.000211,0.133105,-0.000107,0.000005,0.000000,0.000000,0.000000,1,-0.001984,6913.291992,-0.000000,-733.667725,0.000000,0.006554,156.015656,1,-0.002350,6897.971680,-0.001814,-733.667358,0.000000,0.006554,156.014343,1,0.003021,5840.564941,0.436611,1837.897949,-0.000005,-0.020025,149.517410,1,0.002670,5828.405762,0.430323,1837.328857,-0.000005,-0.020019,149.518204,174.912140,25480.210938,1308.897705,100.170197,-1.121076,-13.383649,0.000000,0.000000,0.000000,0.000000,0.000000,0.000000,0.000000,0.000000,0.000000
891,14.850000,88.424683,-0.000006,247.615479,7.241359,0.000008,53.919109,-3.008091,-0.000018,54.403156,6798.334,3,0.000000,4,5,149.644989,1,0,0,0.000032,0.999999,-0.001347,-0.991102,0.000211,0.133105,0.000390,-0.000061,0.000000,0.000000,0.000000,1,-0.001975,6914.153320,-0.011984,-685.235657,0.000000,0.006121,156.101364,1,-0.002341,6898.815430,-0.011402,-685.285706,0.000000,0.006122,156.100052,1,0.003010,5839.485840,0.656695,2648.107422,-0.000006,-0.023302,149.644577,1,0.002659,5827.316406,0.650407,2648.874512,-0.000006,-0.023301,149.645401,403.173340,25479.765625,3011.683105,-99.065971,1.027612,13.359169,0.000000,0.000000,0.000000,0.000000,0.000000,0.000000,0.000000,0.000000,0.000000
892,14.866667,88.545410,-0.000006,248.514771,7.246528,-0.000001,53.957722,-3.008091,-0.000013,54.442108,6804.117,3,0.000000,4,5,149.668427,1,0,0,0.000031,0.999999,-0.001349,-0.991102,0.000211,0.133105,-0.000102,0.000006,0.000000,0.000000,0.000000,1,-0.001977,6913.590820,-0.000000,-728.428101,0.000000,0.006507,156.180038,1,-0.002344,6898.246094,-0.000000,-728.435303,0.000000,0.006507,156.178726,1,0.003013,5840.285156,0.457679,1826.029297,-0.000005,-0.019896,149.668030,1,0.002661,5828.115234,0.462099,1825.479126,-0.000005,-0.019890,149.668823,172.851212,25480.232422,1293.968018,99.884651,-1.007314,-13.327491,0.000000,0.000000,0.000000,0.000000,0.000000,0.000000,0.000000,0.000000,0.000000
893,14.883333,88.666260,-0.000005,249.414307,7.248744,0.000008,53.974312,-3.008092,-0.000018,54.458843,6805.183,3,0.000000,4,5,149.794601,1,0,0,0.000032,0.999999,-0.001343,-0.991102,0.000211,0.133104,0.000394,-0.000060,0.000000,0.000000,0.000000,1,-0.001968,6914.444824,-0.011984,-680.268616,0.000000,0.006077,156.264984,1,-0.002335,6899.094238,-0.011984,-680.369934,0.000000,0.006078,156.263672,1,0.003002,5839.196289,0.675799,2631.695312,-0.000006,-0.023154,149.794189,1,0.002650,5827.020996,0.682183,2632.481689,-0.000006,-0.023154,149.795013,399.828735,25479.753906,2987.168457,-98.292587,1.103028,13.241684,0.000000,0.000000,0.000000,0.000000,0.000000,0.000000,0.000000,0.000000,0.000000
894,14.900000,88.787109,-0.000005,250.314575,7.253870,-0.000001,54.012608,-3.008092,-0.000013,54.497478,6810.919,3,0.000000,4,5,149.817612,1,0,0,0.000032,0.999999,-0.001344,-0.991102,0.000211,0.133104,-0.000094,0.000007,0.000000,0.000000,0.000000,1,-0.001970,6913.890137,-0.001815,-723.190552,0.000000,0.006460,156.342926,1,-0.002337,6898.527344,-0.001811,-723.177795,0.000000,0.006460,156.341629,1,0.003005,5839.984375,0.435676,1814.110229,-0.000005,-0.019766,149.817215,1,0.002653,5827.797363,0.434767,1813.577393,-0.000005,-0.019760,149.818008,170.888443,25480.185547,1278.960083,99.514191,-1.033313,-13.234370,0.000000,0.000000,0.000000,0.000000,0.000000,0.000000,0.000000,0.000000,0.000000
895,14.916667,88.908081,-0.000005,251.215088,7.256061,0.000007,54.029003,-3.008092,-0.000018,54.514019,6811.966,3,0.000000,4,5,149.942810,1,0,0,0.000033,0.999999,-0.001337,-0.991102,0.000211,0.133104,0.000400,-0.000058,0.000000,0.000000,0.000000,1,-0.001961,6914.739258,-0.009005,-675.388733,0.000000,0.006033,156.427109,1,-0.002328,6899.380859,-0.009001,-675.455994,0.000000,0.006034,156.425812,1,0.002993,5838.882324,0.651830,2615.217529,-0.000006,-0.023006,149.942398,1,0.002641,5826.712891,0.652886,2616.036621,-0.000006,-0.023006,149.943222,396.555542,25479.707031,2962.451660,-97.575966,1.081265,13.116054,0.000000,0.000000,0.000000,0.000000,0.000000,0.000000,0.000000,0.000000,0.000000
896,14.933333,89.029053,-0.000005,252.116211,7.261145,-0.000002,54.066982,-3.008092,-0.000013,54.552338,6817.659,3,0.000000,4,5,149.965424,1,0,0,0.000033,0.999999,-0.001339,-0.991102,0.000211,0.133104,-0.000084,0.000007,0.000000,0.000000,0.000000,1,-0.001963,6914.204102,-0.000000,-717.999268,0.000000,0.006414,156.504349,1,-0.002330,6898.843750,-0.002083,-717.997131,0.000000,0.006414,156.503052,1,0.002996,5839.669922,0.440587,1802.305664,-0.000005,-0.019637,149.965027,1,0.002644,5827.477051,0.434306,1801.792969,-0.000005,-0.019632,149.965820,168.883804,25480.195312,1264.082886,99.015579,-1.001472,-13.186292,0.000000,0.000000,0.000000,0.000000,0.000000,0.000000,0.000000,0.000000,0.000000
897,14.950000,89.150146,-0.000005,253.017578,7.263310,0.000006,54.083187,-3.008093,-0.000017,54.568684,6818.687,3,0.000000,4,5,150.089630,1,0,0,0.000034,0.999999,-0.001332,-0.991102,0.000211,0.133103,0.000407,-0.000057,0.000000,0.000000,0.000000,1,-0.001953,6915.063477,-0.009587,-670.455566,0.000000,0.005989,156.587784,1,-0.002321,6899.699707,-0.015574,-670.532043,0.000000,0.005990,156.586487,1,0.002984,5838.566895,0.650847,2598.916992,-0.000006,-0.022859,150.089218,1,0.002632,5826.381348,0.646530,2599.740479,-0.000006,-0.022859,150.090042,393.303589,25479.710938,2938.139648,-97.040672,1.093235,13.074508,0.000000,0.000000,0.000000,0.000000,0.000000,0.000000,0.000000,0.000000,0.000000
898,14.966666,89.271240,-0.000005,253.919556,7.268353,-0.000003,54.120857,-3.008093,-0.000012,54.606689,6824.334,3,0.000000,4,5,150.111816,1,0,0,0.000034,0.999999,-0.001333,-0.991102,0.000211,0.133103,-0.000074,0.000008,0.000000,0.000000,0.000000,1,-0.001955,6914.548340,0.003632,-712.798645,0.000000,0.006367,156.664307,1,-0.002322,6899.182129,-0.003245,-712.791992,0.000000,0.006367,156.663025,1,0.002987,5839.330078,0.424021,1790.407471,-0.000005,-0.019508,150.111420,1,0.002634,5827.142578,0.423136,1789.919189,-0.000005,-0.019503,150.112213,166.892212,25480.216797,1249.068237,98.386101,-1.007961,-13.114824,0.000000,0.000000,0.000000,0.000000,0.000000,0.000000,0.000000,0.000000,0.000000
899,14.983334,89.392456,-0.000005,254.821777,7.270493,0.000005,54.136871,-3.008093,-0.000017,54.622841,6825.343,3,0.000000,4,5,150.235062,1,0,0,0.000035,0.999999,-0.001326,-0.991102,0.000211,0.133103,0.000414,-0.000056,0.000000,0.000000,0.000000,1,-0.001945,6915.407227,-0.010477,-665.596313,0.000000,0.005946,156.746979,1,-0.002313,6900.038574,-0.005421,-665.667603,0.000000,0.005946,156.745697,1,0.002975,5838.225098,0.632315,2582.491211,-0.000005,-0.022711,150.234665,1,0.002623,5826.045898,0.631430,2583.307861,-0.000005,-0.022711,150.235458,390.010803,25479.718750,2913.449463,-96.562218,1.041707,12.999394,0.000000,0.000000,0.000000,0.000000,0.000000,0.000000,0.000000,0.000000,0.000000
900,15.000000,89.513672,-0.000005,255.724731,7.275493,-0.000003,54.174225,-3.008093,-0.000012,54.660526,6830.947,3,0.000000,4,5,150.256866,1,0,0,0.000035,0.999999,-0.001328,-0.991102,0.000211,0.133103,-0.000065,0.000009,0.000000,0.000000,0.000000,1,-0.001947,6914.889648,-0.001810,-707.641785,0.000000,0.006321,156.822800,1,-0.002314,6899.528809,-0.003611,-707.660156,0.000000,0.006322,156.821518,1,0.002977,5838.979980,0.402131,1778.787231,-0.000004,-0.019381,150.256470,1,0.002625,5826.802734,0.395942,1778.323608,-0.000004,-0.019376,150.257263,164.990509,25480.212891,1234.499756,97.708191,-1.064016,-13.057405,0.000000,0.000000,0.000000,0.000000,0.000000,0.000000,0.000000,0.000000,0.000000
