frame,time,x,y,z,vx,vy,vz,yaw,yaw_rate,speed,rpm,gear,steer,grounded,original_gear,shaft_spin,throttle,brake,handbrake
0,0.000000,-0.000000,0.000000,0.000000,-0.000000,0.000000,-0.000000,-0.000011,-0.000000,0.000000,862.546,0,0.000000,4,2,0.000000,1,0,0
1,0.016667,-0.000000,0.000000,0.000000,-0.000000,0.000000,-0.000000,-0.000011,-0.000000,0.000000,976.613,0,0.000000,4,2,0.000000,1,0,0
2,0.033333,-0.000000,0.000000,0.000000,-0.000000,-0.000000,-0.000000,-0.000011,-0.000000,0.000000,1092.005,0,0.000000,4,2,0.000000,1,0,0
3,0.050000,-0.000000,0.000000,0.000000,-0.000000,0.000000,-0.000000,-0.000011,-0.000000,0.000000,1208.666,0,0.000000,4,2,0.000000,1,0,0
4,0.066667,-0.000000,0.000000,0.000000,-0.000000,0.000000,-0.000000,-0.000011,-0.000000,0.000000,1326.537,0,0.000000,4,2,0.000000,1,0,0
5,0.083333,-0.000000,0.000000,0.000000,-0.000000,-0.000000,-0.000000,-0.000011,-0.000000,0.000000,1445.556,0,0.000000,4,2,0.000000,1,0,0
6,0.100000,-0.000000,0.000000,0.000000,-0.000000,-0.000000,-0.000000,-0.000011,-0.000000,0.000000,1565.658,0,0.000000,4,2,0.000000,1,0,0
7,0.116667,-0.000000,0.000000,0.000000,-0.000000,0.000000,-0.000000,-0.000011,-0.000000,0.000000,1565.658,0,0.000000,4,2,8.131288,1,0,0
8,0.133333,0.000000,-0.000002,-0.005225,0.000004,-0.000145,-0.313491,-0.000011,0.000003,0.313491,1355.627,0,0.000000,4,2,8.312123,1,0,0
9,0.150000,0.000000,-0.000005,-0.016499,0.000008,-0.000140,-0.676433,-0.000012,-0.000019,0.676432,1385.776,0,0.000000,4,2,8.381642,1,0,0
10,0.166667,0.000000,-0.000004,-0.033725,0.000012,0.000043,-1.033567,-0.000015,-0.000215,1.033566,1397.366,0,0.000000,4,2,8.393019,1,0,0
11,0.183333,0.000001,0.000002,-0.056098,0.000012,0.000385,-1.342368,-0.000022,-0.000398,1.342365,1399.262,0,0.000000,4,2,8.399267,1,0,0
12,0.200000,0.000001,0.000018,-0.078916,0.000015,0.000926,-1.369087,-0.000030,-0.000467,1.369083,1400.304,0,0.000000,4,2,8.706410,1,0,0
13,0.216667,0.000001,0.000038,-0.106361,0.000006,0.001220,-1.646700,-0.000039,-0.000576,1.646693,1451.510,0,0.000000,4,2,8.707002,1,0,0
14,0.233333,0.000001,0.000066,-0.134140,-0.000012,0.001641,-1.666759,-0.000049,-0.000564,1.666749,1451.609,0,0.000000,4,2,9.013066,1,0,0
15,0.250000,-0.000000,0.000097,-0.162945,-0.000062,0.001873,-1.728271,-0.000057,-0.000522,1.728260,1502.635,0,0.000000,4,2,9.320422,1,0,0
16,0.266667,-0.000002,0.000129,-0.193195,-0.000129,0.001945,-1.815048,-0.000065,-0.000459,1.815034,1553.877,0,0.000000,4,2,9.629229,1,0,0
17,0.283333,-0.000006,0.000160,-0.225405,-0.000201,0.001874,-1.932584,-0.000072,-0.000384,1.932565,1605.360,0,0.000000,4,2,9.939618,1,0,0
18,0.300000,-0.000009,0.000188,-0.262103,-0.000185,0.001630,-2.201896,-0.000743,-0.040276,2.201869,1657.108,0,0.000000,4,2,10.095349,1,0,0
19,0.316667,0.000015,0.000211,-0.303363,0.001418,0.001384,-2.475562,-0.000543,0.011973,2.475526,1683.071,0,0.000000,4,2,10.251251,1,0,0
20,0.333333,-0.000029,0.000231,-0.347045,-0.002605,0.001203,-2.620913,-0.000384,0.009560,2.620867,1709.062,0,0.000000,4,2,10.563537,1,0,0
21,0.350000,-0.000104,0.000246,-0.393266,-0.004517,0.000946,-2.773255,-0.000260,0.007436,2.773202,1761.126,0,0.000000,4,2,10.877373,1,0,0
22,0.366667,-0.000150,0.000255,-0.446282,-0.002739,0.000507,-3.180978,-0.000147,0.006802,3.180910,1813.448,0,0.000000,4,2,10.878333,1,0,0
23,0.383333,-0.000212,0.000260,-0.501394,-0.003762,0.000309,-3.306703,-0.000080,0.004037,3.306628,1813.608,0,0.000000,4,2,11.192755,1,0,0
24,0.400000,-0.000263,0.000261,-0.558587,-0.003066,0.000044,-3.431602,-0.000042,0.002260,3.431522,1866.027,0,0.000000,4,2,11.508877,1,0,0
25,0.416667,-0.000275,0.000254,-0.622416,-0.000706,-0.000408,-3.829735,0.000003,0.002692,3.829638,1918.730,0,0.000000,4,2,11.511476,1,0,0
26,0.433333,-0.000304,0.000244,-0.688449,-0.001707,-0.000611,-3.961984,0.000029,0.001572,3.961883,1919.164,0,0.000000,4,2,11.796412,1,0,0
27,0.450000,-0.000293,0.000228,-0.760400,0.000649,-0.000962,-4.317068,0.000053,0.001452,4.316952,1966.667,0,0.000000,4,2,11.799359,1,0,0
28,0.466667,-0.000254,0.000208,-0.837622,0.002359,-0.001191,-4.633312,0.000058,0.000266,4.633182,1967.159,0,0.000000,4,2,11.816556,1,0,0
29,0.483333,-0.000192,0.000186,-0.919199,0.003662,-0.001315,-4.894634,0.000042,-0.000952,4.894492,1970.026,0,0.000000,4,2,11.875451,1,0,0
30,0.500000,-0.000118,0.000163,-1.004319,0.004439,-0.001374,-5.107179,0.000009,-0.001995,5.107029,1979.845,0,0.000000,4,2,11.982148,1,0,0
31,0.516667,-0.000040,0.000140,-1.092328,0.004731,-0.001405,-5.280562,-0.000037,-0.002747,5.280408,1997.633,0,0.000000,4,2,12.139844,1,0,0
32,0.533333,0.000037,0.000115,-1.183229,0.004617,-0.001449,-5.454041,-0.000084,-0.002858,5.453886,2023.923,0,0.000000,4,2,12.349604,1,0,0
33,0.550000,0.000107,0.000091,-1.276420,0.004195,-0.001488,-5.591466,-0.000133,-0.002925,5.591316,2058.894,0,0.000000,4,2,12.614802,1,0,0
34,0.566667,0.000167,0.000065,-1.371492,0.003576,-0.001543,-5.704311,-0.000178,-0.002693,5.704169,2103.107,0,0.000000,4,2,12.932919,1,0,0
35,0.583333,0.000215,0.000038,-1.468155,0.002864,-0.001624,-5.799756,-0.000214,-0.002198,5.799627,2156.143,0,0.000000,4,2,13.300270,1,0,0
36,0.600000,0.000250,0.000009,-1.566212,0.002152,-0.001731,-5.883415,-0.000239,-0.001500,5.883301,2217.387,0,0.000000,4,2,13.712105,1,0,0
37,0.616667,0.000276,-0.000022,-1.665532,0.001508,-0.001855,-5.959198,-0.000251,-0.000670,5.959100,2286.047,0,0.000000,4,2,14.162861,1,0,0
38,0.633333,0.000301,-0.000055,-1.766024,0.001555,-0.001980,-6.029542,-0.000252,-0.000092,6.029462,2361.196,0,0.000000,4,2,14.646336,1,0,0
39,0.650000,0.000332,-0.000090,-1.867622,0.001853,-0.002089,-6.095868,-0.000252,-0.000010,6.095804,2441.799,0,0.000000,4,2,15.155818,1,0,0
40,0.666667,0.000367,-0.000126,-1.970273,0.002084,-0.002164,-6.159077,-0.000248,0.000239,6.159029,2526.739,0,0.000000,4,2,15.684213,1,0,0
41,0.683333,0.000404,-0.000162,-2.073940,0.002234,-0.002192,-6.220016,-0.000238,0.000593,6.219981,2614.831,0,0.000000,4,2,16.224184,1,0,0
42,0.700000,0.000443,-0.000198,-2.178603,0.002292,-0.002160,-6.279791,-0.000222,0.000994,6.279767,2704.854,0,0.000000,4,2,16.768341,1,0,0
43,0.716667,0.000480,-0.000233,-2.284269,0.002254,-0.002060,-6.339926,-0.000199,0.001386,6.339911,2795.574,0,0.000000,4,2,17.309462,1,0,0
44,0.733333,0.000515,-0.000264,-2.390975,0.002120,-0.001887,-6.402367,-0.000170,0.001719,6.402358,2885.789,0,0.000000,4,2,17.840734,1,0,0
45,0.750000,0.000547,-0.000291,-2.498797,0.001895,-0.001641,-6.469352,-0.000138,0.001958,6.469347,2974.361,0,0.000000,4,2,18.356010,1,0,0
46,0.766667,0.000574,-0.000313,-2.607851,0.001591,-0.001325,-6.543212,-0.000103,0.002082,6.543210,3060.267,0,0.000000,4,2,18.850035,1,0,0
47,0.783333,0.000594,-0.000329,-2.718286,0.001224,-0.000946,-6.626130,-0.000068,0.002086,6.626129,3142.629,0,0.000000,4,2,19.318647,1,0,0
48,0.800000,0.000608,-0.000338,-2.830285,0.000815,-0.000513,-6.719923,-0.000035,0.001978,6.719923,3220.755,0,0.000000,4,2,19.758921,1,0,0
49,0.816667,0.000614,-0.000338,-2.944049,0.000386,-0.000039,-6.825865,-0.000006,0.001775,6.825865,3294.156,0,0.000000,4,2,20.169243,1,0,0
50,0.833333,0.000613,-0.000331,-3.059792,-0.000036,0.000463,-6.944585,0.000020,0.001504,6.944585,3362.564,0,0.000000,4,2,20.549316,1,0,0
51,0.850000,0.000606,-0.000314,-3.177726,-0.000430,0.000979,-7.076027,0.000039,0.001191,7.076027,3425.929,0,0.000000,4,2,20.900103,1,0,0
52,0.866667,0.000593,-0.000290,-3.298051,-0.000772,0.001494,-7.219483,0.000054,0.000863,7.219483,3484.411,0,0.000000,4,2,21.223701,1,0,0
53,0.883333,0.000576,-0.000256,-3.420946,-0.001046,0.001995,-7.373678,0.000063,0.000543,7.373677,3538.361,0,0.000000,4,2,21.523178,1,0,0
54,0.900000,0.000564,-0.000215,-3.546561,-0.000736,0.002464,-7.536891,0.000072,0.000571,7.536889,3588.289,0,0.000000,4,2,21.802368,1,0,0
55,0.916667,0.000551,-0.000167,-3.675012,-0.000731,0.002887,-7.707094,0.000083,0.000668,7.707089,3634.834,0,0.000000,4,2,22.065655,1,0,0
56,0.933333,0.000538,-0.000113,-3.806842,-0.000792,0.003233,-7.909811,0.000093,0.000581,7.909801,3678.729,0,0.000000,4,2,22.317738,1,0,0
57,0.950000,0.000521,-0.000054,-3.941704,-0.001009,0.003528,-8.091660,0.000102,0.000538,8.091641,3720.756,0,0.000000,4,2,22.567101,1,0,0
58,0.966667,0.000501,0.000008,-4.078690,-0.001211,0.003758,-8.219237,0.000110,0.000476,8.219209,3762.329,0,0.000000,4,2,22.875214,1,0,0
59,0.983333,0.000478,0.000072,-4.218227,-0.001412,0.003840,-8.372246,0.000101,-0.000524,8.372204,3813.697,0,0.000000,4,2,23.215651,1,0,0
60,1.000000,0.000454,0.000136,-4.359485,-0.001445,0.003824,-8.475451,0.000080,-0.001272,8.475395,3870.454,0,0.000000,4,2,23.596495,1,0,0
61,1.016667,0.000431,0.000197,-4.503003,-0.001386,0.003642,-8.611095,0.000063,-0.001057,8.611025,3933.947,0,0.000000,4,2,23.958620,1,0,0
62,1.033333,0.000410,0.000252,-4.648589,-0.001241,0.003346,-8.735156,0.000049,-0.000819,8.735070,3994.320,0,0.000000,4,2,24.313316,1,0,0
63,1.050000,0.000393,0.000301,-4.796374,-0.001032,0.002931,-8.867116,-0.000003,-0.003093,8.867017,4053.454,0,0.000000,4,2,24.659491,1,0,0
64,1.066667,0.000381,0.000342,-4.946405,-0.000698,0.002420,-9.001871,-0.000001,0.000096,9.001757,4111.167,0,0.000000,4,2,24.998266,1,0,0
65,1.083333,0.000375,0.000372,-5.098429,-0.000353,0.001844,-9.121406,-0.000059,-0.003470,9.121282,4167.646,0,0.000000,4,2,25.356497,1,0,0
66,1.100000,0.000377,0.000392,-5.252835,0.000091,0.001193,-9.264411,-0.000077,-0.001117,9.264277,4227.370,0,0.000000,4,2,25.695864,1,0,0
67,1.116667,0.000386,0.000401,-5.408849,0.000549,0.000539,-9.360830,-0.000058,0.001159,9.360690,4283.948,0,0.000000,4,2,26.068802,1,0,0
68,1.133333,0.000401,0.000398,-5.567225,0.000915,-0.000169,-9.502531,-0.000077,-0.001114,9.502387,4346.124,0,0.000000,4,2,26.419786,1,0,0
69,1.150000,0.000422,0.000384,-5.727726,0.001230,-0.000852,-9.630136,-0.000125,-0.002884,9.629992,4404.639,0,0.000000,4,2,26.763134,1,0,0
70,1.166667,0.000448,0.000359,-5.890435,0.001564,-0.001505,-9.762508,-0.000144,-0.001198,9.762365,4461.881,0,0.000000,4,2,27.097956,1,0,0
71,1.183333,0.000479,0.000324,-6.055000,0.001865,-0.002094,-9.873932,-0.000140,0.000296,9.873795,4517.701,0,0.000000,4,2,27.449047,1,0,0
72,1.200000,0.000515,0.000280,-6.221858,0.002171,-0.002635,-10.011432,-0.000120,0.001139,10.011300,4576.234,0,0.000000,4,2,27.779037,1,0,0
73,1.216667,0.000553,0.000229,-6.390465,0.002308,-0.003067,-10.116440,-0.000136,-0.000940,10.116318,4631.250,0,0.000000,4,2,28.131565,1,0,0
74,1.233333,0.000593,0.000172,-6.561448,0.002371,-0.003430,-10.258960,-0.000136,-0.000020,10.258848,4690.022,0,0.000000,4,2,28.461893,1,0,0
75,1.250000,0.000632,0.000111,-6.734177,0.002340,-0.003655,-10.363768,-0.000109,0.001620,10.363667,4745.094,0,0.000000,4,2,28.812500,1,0,0
76,1.266667,0.000668,0.000048,-6.909177,0.002175,-0.003791,-10.499966,-0.000110,-0.000014,10.499874,4803.546,0,0.000000,4,2,29.140583,1,0,0
77,1.283333,0.000701,-0.000015,-7.085922,0.001945,-0.003787,-10.604727,-0.000133,-0.001399,10.604646,4858.243,0,0.000000,4,2,29.481527,1,0,0
78,1.300000,0.000730,-0.000077,-7.265103,0.001749,-0.003698,-10.750828,-0.000120,0.000791,10.750754,4915.084,0,0.000000,4,2,29.799442,1,0,0
79,1.316667,0.000755,-0.000134,-7.445823,0.001523,-0.003459,-10.843190,-0.000082,0.002252,10.843126,4968.086,0,0.000000,4,2,30.156252,1,0,0
80,1.333333,0.000776,-0.000187,-7.628665,0.001226,-0.003156,-10.970531,-0.000085,-0.000179,10.970474,5027.573,0,0.000000,4,2,30.488741,1,0,0
81,1.350000,0.000791,-0.000233,-7.813520,0.000955,-0.002757,-11.091340,-0.000087,-0.000100,11.091290,5083.004,0,0.000000,4,2,30.811256,1,0,0
82,1.366667,0.000806,-0.000271,-8.000444,0.000888,-0.002286,-11.215413,-0.000068,0.001166,11.215369,5136.773,0,0.000000,4,2,31.123730,1,0,0
83,1.383333,0.000819,-0.000300,-8.189316,0.000788,-0.001755,-11.332266,-0.000082,-0.000838,11.332225,5188.868,0,0.000000,4,2,31.452169,1,0,0
84,1.400000,0.000832,-0.000320,-8.380141,0.000742,-0.001188,-11.449568,-0.000085,-0.000227,11.449532,5243.625,0,0.000000,4,2,31.775862,1,0,0
85,1.416667,0.000844,-0.000330,-8.572901,0.000738,-0.000603,-11.565569,-0.000087,-0.000106,11.565535,5297.590,0,0.000000,4,2,32.097717,1,0,0
86,1.433333,0.000857,-0.000331,-8.767599,0.000767,-0.000019,-11.681829,-0.000088,-0.000039,11.681796,5351.249,0,0.000000,4,2,32.416737,1,0,0
87,1.450000,0.000870,-0.000321,-8.964207,0.000820,0.000545,-11.796467,-0.000088,-0.000016,11.796434,5404.435,0,0.000000,4,2,32.734543,1,0,0
88,1.466667,0.000885,-0.000304,-9.162732,0.000890,0.001074,-11.911532,-0.000088,-0.000013,11.911501,5457.418,0,0.000000,4,2,33.049393,1,0,0
89,1.483333,0.000901,-0.000278,-9.363145,0.000969,0.001552,-12.024748,-0.000089,-0.000019,12.024715,5509.910,0,0.000000,4,2,33.363167,1,0,0
90,1.500000,0.000919,-0.000245,-9.565454,0.001048,0.001967,-12.138543,-0.000089,-0.000030,12.138508,5562.221,0,0.000000,4,2,33.673786,1,0,0
91,1.516667,0.000937,-0.000206,-9.769626,0.001088,0.002309,-12.250315,-0.000090,-0.000023,12.250278,5614.007,0,0.000000,4,2,33.983406,1,0,0
92,1.533333,0.000956,-0.000164,-9.975672,0.001128,0.002569,-12.362755,-0.000090,-0.000027,12.362715,5665.626,0,0.000000,4,2,34.289719,1,0,0
93,1.550000,0.000975,-0.000118,-10.183556,0.001163,0.002744,-12.473068,-0.000091,-0.000031,12.473026,5716.694,0,0.000000,4,2,34.595055,1,0,0
94,1.566667,0.000995,-0.000071,-10.393290,0.001192,0.002829,-12.584060,-0.000091,-0.000035,12.584015,5767.599,0,0.000000,4,2,34.897003,1,0,0
95,1.583333,0.001015,-0.000024,-10.604838,0.001209,0.002829,-12.692905,-0.000092,-0.000041,12.692857,5817.938,0,0.000000,4,2,35.197933,1,0,0
96,1.600000,0.001036,0.000022,-10.818211,0.001223,0.002744,-12.802355,-0.000092,-0.000044,12.802301,5868.109,0,0.000000,4,2,35.495472,1,0,0
97,1.616667,0.001056,0.000065,-11.033373,0.001233,0.002581,-12.909719,-0.000093,-0.000045,12.909661,5917.714,0,0.000000,4,2,35.791885,1,0,0
98,1.633333,0.001077,0.000104,-11.250332,0.001240,0.002347,-13.017543,-0.000094,-0.000046,13.017482,5967.131,0,0.000000,4,2,36.084969,1,0,0
99,1.650000,0.001098,0.000139,-11.469055,0.001246,0.002054,-13.123405,-0.000095,-0.000044,13.123340,6015.993,0,0.000000,4,2,36.376766,1,0,0
100,1.666667,0.001118,0.000167,-11.689548,0.001252,0.001711,-13.229534,-0.000095,-0.000042,13.229464,6064.641,0,0.000000,4,2,36.665344,1,0,0
101,1.683333,0.001140,0.000189,-11.911778,0.001266,0.001332,-13.333869,-0.000096,-0.000042,13.333795,6112.752,0,0.000000,4,2,36.952450,1,0,0
102,1.700000,0.001161,0.000205,-12.135750,0.001286,0.000929,-13.438254,-0.000097,-0.000042,13.438178,6160.617,0,0.000000,4,2,37.236237,1,0,0
103,1.716667,0.001183,0.000213,-12.361432,0.001308,0.000515,-13.540945,-0.000097,-0.000040,13.540866,6207.930,0,0.000000,4,2,37.517296,1,0,0
104,1.733333,0.001205,0.000215,-12.588818,0.001332,0.000103,-13.643131,-0.000098,-0.000038,13.643051,6254.787,0,0.000000,4,2,37.793804,1,0,0
105,1.750000,0.001228,0.000210,-12.817874,0.001357,-0.000295,-13.743416,-0.000099,-0.000035,13.743333,6300.886,0,0.000000,4,2,38.066288,1,0,0
106,1.766667,0.001251,0.000199,-13.048585,0.001383,-0.000669,-13.842654,-0.000099,-0.000031,13.842572,6346.314,0,0.000000,4,2,38.333408,1,0,0
107,1.783333,0.001274,0.000182,-13.280914,0.001402,-0.001007,-13.939809,-0.000100,-0.000031,13.939727,6390.847,0,0.000000,4,2,38.595535,1,0,0
108,1.800000,0.001298,0.000160,-13.514839,0.001421,-0.001303,-14.035469,-0.000100,-0.000030,14.035389,6434.548,0,0.000000,4,2,38.851692,1,0,0
109,1.816667,0.001322,0.000135,-13.750320,0.001438,-0.001549,-14.128896,-0.000101,-0.000030,14.128818,6477.254,0,0.000000,4,2,39.102135,1,0,0
110,1.833333,0.001346,0.000106,-13.987329,0.001460,-0.001740,-14.220484,-0.000101,-0.000027,14.220407,6519.007,0,0.000000,4,2,39.346180,1,0,0
111,1.850000,0.001371,0.000074,-14.225825,0.001471,-0.001874,-14.309726,-0.000102,-0.000030,14.309652,6559.694,0,0.000000,4,2,39.584000,1,0,0
112,1.866667,0.001395,0.000042,-14.465774,0.001487,-0.001950,-14.396879,-0.000102,-0.000029,14.396810,6599.342,0,0.000000,4,2,39.815155,1,0,0
113,1.883333,0.001420,0.000009,-14.707133,0.001506,-0.001966,-14.481615,-0.000102,-0.000026,14.481553,6637.880,0,0.000000,4,2,40.039776,1,0,0
114,1.900000,0.001446,-0.000023,-14.949869,0.001526,-0.001928,-14.564101,-0.000103,-0.000024,14.564043,6675.328,0,0.000000,4,2,40.257599,1,0,0
115,1.916667,0.001472,-0.000054,-15.193937,0.001542,-0.001836,-14.644132,-0.000103,-0.000024,14.644078,6711.644,0,0.000000,4,2,40.468746,1,0,0
116,1.933333,0.001497,-0.000082,-15.439301,0.001558,-0.001697,-14.721824,-0.000104,-0.000022,14.721774,6746.845,0,0.000000,4,2,40.673092,1,0,0
117,1.950000,0.001524,-0.000107,-15.685920,0.001570,-0.001517,-14.797061,-0.000104,-0.000022,14.797015,6780.913,0,0.000000,4,2,40.870758,1,0,0
118,1.966667,0.001550,-0.000129,-15.933752,0.001585,-0.001303,-14.869931,-0.000104,-0.000020,14.869889,6813.868,0,0.000000,4,2,41.061714,1,0,0
119,1.983333,0.001577,-0.000147,-16.182758,0.001596,-0.001062,-14.940376,-0.000105,-0.000020,14.940339,6845.703,0,0.000000,4,2,41.246094,1,0,0
120,2.000000,0.001603,-0.000160,-16.432899,0.001609,-0.000803,-15.008471,-0.000105,-0.000018,15.008437,6876.443,0,0.000000,4,2,41.423939,1,0,0
121,2.016667,0.001630,-0.000169,-16.684135,0.001619,-0.000535,-15.074200,-0.000105,-0.000019,15.074170,6906.093,0,0.000000,4,2,41.595394,1,0,0
122,2.033333,0.001658,-0.000173,-16.936430,0.001630,-0.000265,-15.137629,-0.000106,-0.000017,15.137603,6934.677,0,0.000000,4,2,41.760551,1,0,0
123,2.050000,0.001685,-0.000173,-17.189743,0.001640,-0.000001,-15.198771,-0.000106,-0.000017,15.198745,6962.211,0,0.000000,4,2,41.919567,1,0,0
124,2.066667,0.001712,-0.000169,-17.444038,0.001651,0.000250,-15.257692,-0.000106,-0.000015,15.257670,6988.722,0,0.000000,4,2,42.072563,1,0,0
125,2.083333,0.001740,-0.000161,-17.699278,0.001656,0.000481,-15.314422,-0.000106,-0.000017,15.314401,7014.230,0,0.000000,4,2,42.219704,1,0,0
126,2.100000,0.001768,-0.000150,-17.955427,0.001663,0.000686,-15.369024,-0.000107,-0.000017,15.369004,7038.760,0,0.000000,4,2,42.361134,1,0,0
127,2.116667,0.001796,-0.000135,-18.212454,0.001672,0.000862,-15.421545,-0.000107,-0.000016,15.421527,7062.339,0,0.000000,4,2,42.497025,1,0,0
128,2.133333,0.001824,-0.000119,-18.470322,0.001681,0.001005,-15.472043,-0.000107,-0.000015,15.472029,7084.995,0,0.000000,4,2,42.627533,1,0,0
129,2.150000,0.001852,-0.000100,-18.728998,0.001690,0.001111,-15.520574,-0.000107,-0.000013,15.520560,7106.752,0,0.000000,4,2,42.752827,1,0,0
130,2.166667,0.001880,-0.000080,-18.988451,0.001693,0.001181,-15.567196,-0.000108,-0.000016,15.567182,7127.641,0,0.000000,4,2,42.873074,1,0,0
131,2.183333,0.001908,-0.000060,-19.248650,0.001697,0.001214,-15.611967,-0.000108,-0.000015,15.611954,7147.688,0,0.000000,4,2,42.988438,1,0,0
132,2.200000,0.001937,-0.000040,-19.509567,0.001704,0.001211,-15.654948,-0.000108,-0.000015,15.654935,7166.921,1,0.000000,4,3,61.973755,1,0,0
133,2.216667,0.001966,-0.000023,-19.777515,0.001747,0.000998,-16.076822,-0.000111,-0.000157,16.076803,7166.921,1,0.000000,4,3,60.719719,1,0,0
134,2.233333,0.001995,-0.000005,-20.047544,0.001739,0.001103,-16.201719,-0.000115,-0.000248,16.201691,7067.946,1,0.000000,4,3,60.128174,1,0,0
135,2.250000,0.002024,0.000015,-20.319374,0.001726,0.001204,-16.309856,-0.000120,-0.000333,16.309820,6961.590,1,0.000000,4,3,59.534775,1,0,0
136,2.266667,0.002053,0.000035,-20.596905,0.001786,0.001167,-16.651760,-0.000128,-0.000453,16.651705,6847.817,1,0.000000,4,3,58.265118,1,0,0
137,2.283333,0.002083,0.000057,-20.875566,0.001773,0.001356,-16.719769,-0.000137,-0.000522,16.719692,6709.765,1,0.000000,4,3,57.665955,1,0,0
138,2.300000,0.002113,0.000081,-21.156488,0.001784,0.001428,-16.855358,-0.000145,-0.000505,16.855263,6576.785,1,0.000000,4,3,57.065037,1,0,0
139,2.316667,0.002147,0.000103,-21.443838,0.002058,0.001335,-17.240833,-0.000154,-0.000524,17.240700,6436.264,1,0.000000,4,3,55.778557,1,0,0
140,2.333333,0.002183,0.000128,-21.732475,0.002150,0.001483,-17.318241,-0.000164,-0.000588,17.318075,6258.305,1,0.000000,4,3,55.171185,1,0,0
141,2.350000,0.002225,0.000151,-22.027378,0.002527,0.001377,-17.694199,-0.000173,-0.000534,17.693983,6098.188,1,0.000000,4,3,53.871738,1,0,0
142,2.366667,0.002269,0.000176,-22.323320,0.002652,0.001491,-17.756496,-0.000182,-0.000571,17.756243,5891.633,1,0.000000,4,3,53.258575,1,0,0
143,2.383333,0.002322,0.000198,-22.625753,0.003164,0.001309,-18.146036,-0.000189,-0.000417,18.145720,5711.681,1,0.000000,4,3,51.947792,1,0,0
144,2.400000,0.002384,0.000218,-22.933207,0.003717,0.001239,-18.447136,-0.000192,-0.000182,18.446758,5476.201,1,0.000000,4,3,50.693958,1,0,0
145,2.416667,0.002447,0.000238,-23.244005,0.003770,0.001215,-18.647804,-0.000196,-0.000249,18.647366,5228.630,1,0.000000,4,3,49.642071,1,0,0
146,2.433333,0.002511,0.000257,-23.558348,0.003836,0.001115,-18.860554,-0.000199,-0.000162,18.860058,4981.792,1,0.000000,4,3,48.748512,1,0,0
147,2.450000,0.002576,0.000274,-23.874908,0.003938,0.000992,-18.993721,-0.000201,-0.000103,18.993185,4735.659,1,0.000000,4,3,48.072056,1,0,0
148,2.466667,0.002642,0.000287,-24.192610,0.003942,0.000793,-19.062134,-0.000202,-0.000104,19.061586,4498.693,1,0.000000,4,3,47.624641,1,0,0
149,2.483333,0.002708,0.000295,-24.510508,0.003959,0.000489,-19.073822,-0.000204,-0.000083,19.073290,4456.823,1,0.000000,4,3,48.138393,1,0,0
150,2.500000,0.002774,0.000296,-24.828262,0.003985,0.000047,-19.065304,-0.000204,-0.000044,19.064817,4504.901,1,0.000000,4,3,48.781914,1,0,0
151,2.516667,0.002840,0.000287,-25.145643,0.003963,-0.000524,-19.042850,-0.000205,-0.000025,19.042429,4565.124,1,0.000000,4,3,49.515331,1,0,0
152,2.533333,0.002906,0.000267,-25.462561,0.003949,-0.001198,-19.015083,-0.000205,0.000008,19.014738,4633.758,1,0.000000,4,3,50.297676,1,0,0
153,2.550000,0.002972,0.000235,-25.778963,0.003943,-0.001928,-18.984138,-0.000204,0.000035,18.983875,4706.972,1,0.000000,4,3,51.089993,1,0,0
154,2.566667,0.003037,0.000190,-26.095058,0.003934,-0.002674,-18.965721,-0.000203,0.000072,18.965534,4781.119,1,0.000000,4,3,51.855804,1,0,0
155,2.583333,0.003103,0.000134,-26.411203,0.003922,-0.003381,-18.968662,-0.000201,0.000113,18.968538,4852.785,1,0.000000,4,3,52.566666,1,0,0
156,2.600000,0.003168,0.000067,-26.727821,0.003904,-0.003994,-18.997053,-0.000199,0.000151,18.996981,4919.309,1,0.000000,4,3,53.202419,1,0,0
157,2.616667,0.003232,-0.000007,-27.045340,0.003877,-0.004462,-19.051092,-0.000196,0.000180,19.051056,4978.805,1,0.000000,4,3,53.750984,1,0,0
158,2.633333,0.003296,-0.000086,-27.364143,0.003840,-0.004744,-19.128246,-0.000192,0.000196,19.128233,5030.140,1,0.000000,4,3,54.207539,1,0,0
159,2.650000,0.003360,-0.000166,-27.684549,0.003792,-0.004812,-19.224424,-0.000189,0.000196,19.224421,5072.866,1,0.000000,4,3,54.573399,1,0,0
160,2.666667,0.003422,-0.000244,-28.006800,0.003733,-0.004655,-19.334999,-0.000186,0.000180,19.334999,5107.104,1,0.000000,4,3,54.854752,1,0,0
161,2.683333,0.003483,-0.000315,-28.331059,0.003668,-0.004277,-19.455551,-0.000184,0.000149,19.455551,5133.434,1,0.000000,4,3,55.061447,1,0,0
162,2.700000,0.003543,-0.000377,-28.657431,0.003589,-0.003698,-19.582315,-0.000182,0.000114,19.582314,5152.777,1,0.000000,4,3,55.205856,1,0,0
163,2.716667,0.003601,-0.000426,-28.985971,0.003514,-0.002950,-19.712353,-0.000180,0.000073,19.712351,5166.291,1,0.000000,4,3,55.301910,1,0,0
164,2.733333,0.003660,-0.000461,-29.317072,0.003524,-0.002082,-19.866077,-0.000179,0.000113,19.866076,5175.280,1,0.000000,4,3,55.364246,1,0,0
165,2.750000,0.003719,-0.000479,-29.650713,0.003539,-0.001111,-20.018490,-0.000177,0.000105,20.018486,5181.113,1,0.000000,4,3,55.414146,1,0,0
166,2.766667,0.003778,-0.000480,-29.985390,0.003506,-0.000042,-20.080570,-0.000177,-0.000037,20.080568,5185.783,1,0.000000,4,3,55.708740,1,0,0
167,2.783333,0.003835,-0.000464,-30.321886,0.003468,0.000969,-20.189659,-0.000179,-0.000126,20.189655,5213.352,1,0.000000,4,3,55.929726,1,0,0
168,2.800000,0.003893,-0.000431,-30.659924,0.003455,0.001940,-20.282240,-0.000182,-0.000154,20.282236,5234.032,1,0.000000,4,3,56.192425,1,0,0
169,2.816667,0.003951,-0.000384,-30.999596,0.003477,0.002816,-20.380314,-0.000185,-0.000167,20.380304,5258.617,1,0.000000,4,3,56.448177,1,0,0
170,2.833333,0.004010,-0.000325,-31.340857,0.003531,0.003575,-20.475683,-0.000188,-0.000166,20.475664,5282.550,1,0.000000,4,3,56.711086,1,0,0
171,2.850000,0.004070,-0.000255,-31.683727,0.003616,0.004188,-20.572216,-0.000190,-0.000158,20.572186,5307.154,1,0.000000,4,3,56.971546,1,0,0
172,2.866667,0.004132,-0.000178,-32.028191,0.003724,0.004640,-20.667894,-0.000193,-0.000142,20.667850,5331.528,1,0.000000,4,3,57.233139,1,0,0
173,2.883333,0.004196,-0.000096,-32.374252,0.003844,0.004921,-20.763651,-0.000195,-0.000121,20.763586,5356.009,1,0.000000,4,3,57.493565,1,0,0
174,2.900000,0.004262,-0.000012,-32.721905,0.003966,0.005026,-20.858982,-0.000196,-0.000095,20.858900,5380.380,1,0.000000,4,3,57.753727,1,0,0
175,2.916667,0.004330,0.000071,-33.071140,0.004091,0.004958,-20.954105,-0.000197,-0.000073,20.954002,5404.727,1,0.000000,4,3,58.013077,1,0,0
176,2.933333,0.004401,0.000150,-33.421951,0.004209,0.004725,-21.048889,-0.000198,-0.000050,21.048767,5428.997,1,0.000000,4,3,58.271835,1,0,0
177,2.950000,0.004472,0.000222,-33.774342,0.004259,0.004340,-21.143377,-0.000199,-0.000064,21.143232,5453.212,1,0.000000,4,3,58.529881,1,0,0
178,2.966667,0.004543,0.000286,-34.128304,0.004308,0.003824,-21.237532,-0.000200,-0.000062,21.237371,5477.361,1,0.000000,4,3,58.787258,1,0,0
179,2.983333,0.004616,0.000339,-34.483822,0.004352,0.003196,-21.331362,-0.000201,-0.000056,21.331186,5501.447,1,0.000000,4,3,59.043926,1,0,0
180,3.000000,0.004689,0.000380,-34.840904,0.004376,0.002482,-21.424850,-0.000202,-0.000056,21.424667,5525.467,1,0.000000,4,3,59.299904,1,0,0
181,3.016667,0.004762,0.000409,-35.199539,0.004403,0.001708,-21.518000,-0.000203,-0.000049,21.517807,5549.421,1,0.000000,4,3,59.555168,1,0,0
182,3.033333,0.004836,0.000424,-35.559719,0.004443,0.000901,-21.610804,-0.000204,-0.000047,21.610607,5573.310,1,0.000000,4,3,59.809715,1,0,0
183,3.050000,0.004911,0.000425,-35.921440,0.004485,0.000088,-21.703262,-0.000205,-0.000043,21.703070,5597.130,1,0.000000,4,3,60.063530,1,0,0
184,3.066667,0.004986,0.000413,-36.284698,0.004516,-0.000704,-21.795374,-0.000205,-0.000046,21.795187,5620.883,1,0.000000,4,3,60.316608,1,0,0
185,3.083333,0.005062,0.000389,-36.649483,0.004554,-0.001453,-21.887138,-0.000206,-0.000044,21.886957,5644.567,1,0.000000,4,3,60.568939,1,0,0
186,3.100000,0.005139,0.000354,-37.015793,0.004593,-0.002134,-21.978561,-0.000207,-0.000041,21.978394,5668.181,1,0.000000,4,3,60.820499,1,0,0
187,3.116667,0.005216,0.000308,-37.383621,0.004621,-0.002728,-22.069647,-0.000207,-0.000045,22.069490,5691.722,1,0.000000,4,3,61.071281,1,0,0
188,3.133333,0.005293,0.000255,-37.752960,0.004656,-0.003219,-22.160397,-0.000208,-0.000043,22.160255,5715.191,1,0.000000,4,3,61.321270,1,0,0
189,3.150000,0.005372,0.000195,-38.123810,0.004693,-0.003594,-22.250820,-0.000209,-0.000041,22.250692,5738.585,1,0.000000,4,3,61.570446,1,0,0
190,3.166667,0.005450,0.000131,-38.496159,0.004724,-0.003845,-22.340921,-0.000210,-0.000042,22.340807,5761.904,1,0.000000,4,3,61.818790,1,0,0
191,3.183333,0.005530,0.000064,-38.870003,0.004761,-0.003968,-22.430710,-0.000210,-0.000039,22.430609,5785.144,1,0.000000,4,3,62.066292,1,0,0
192,3.200000,0.005609,-0.000002,-39.245338,0.004789,-0.003963,-22.520189,-0.000211,-0.000042,22.520100,5808.306,1,0.000000,4,3,62.312931,1,0,0
193,3.216667,0.005690,-0.000066,-39.622162,0.004823,-0.003835,-22.609365,-0.000212,-0.000041,22.609287,5831.387,1,0.000000,4,3,62.558697,1,0,0
194,3.233333,0.005771,-0.000125,-40.000465,0.004859,-0.003593,-22.698246,-0.000212,-0.000038,22.698177,5854.386,1,0.000000,4,3,62.803574,1,0,0
195,3.250000,0.005852,-0.000180,-40.380249,0.004886,-0.003249,-22.786833,-0.000213,-0.000041,22.786774,5877.303,1,0.000000,4,3,63.047558,1,0,0
196,3.266667,0.005934,-0.000226,-40.761501,0.004919,-0.002816,-22.875130,-0.000214,-0.000040,22.875076,5900.135,1,0.000000,4,3,63.290638,1,0,0
197,3.283333,0.006017,-0.000265,-41.144218,0.004955,-0.002314,-22.963142,-0.000214,-0.000038,22.963093,5922.883,1,0.000000,4,3,63.532799,1,0,0
198,3.300000,0.006100,-0.000294,-41.528400,0.004984,-0.001759,-23.050867,-0.000215,-0.000040,23.050823,5945.545,1,0.000000,4,3,63.774044,1,0,0
199,3.316667,0.006184,-0.000314,-41.914040,0.005019,-0.001172,-23.138309,-0.000216,-0.000038,23.138266,5968.121,1,0.000000,4,3,64.014366,1,0,0
200,3.333333,0.006268,-0.000323,-42.301128,0.005049,-0.000573,-23.225470,-0.000216,-0.000039,23.225428,5990.612,1,0.000000,4,3,64.253754,1,0,0
201,3.350000,0.006352,-0.000323,-42.689667,0.005084,0.000020,-23.312342,-0.000217,-0.000037,23.312302,6013.014,1,0.000000,4,3,64.492218,1,0,0
202,3.366667,0.006438,-0.000313,-43.079651,0.005114,0.000588,-23.398932,-0.000217,-0.000039,23.398890,6035.330,1,0.000000,4,3,64.729744,1,0,0
203,3.383333,0.006523,-0.000295,-43.471073,0.005148,0.001114,-23.485229,-0.000218,-0.000037,23.485189,6057.558,1,0.000000,4,3,64.966347,1,0,0
204,3.400000,0.006610,-0.000268,-43.863926,0.005180,0.001585,-23.571241,-0.000219,-0.000039,23.571199,6079.699,1,0.000000,4,3,65.202011,1,0,0
205,3.416667,0.006697,-0.000235,-44.258209,0.005216,0.001988,-23.656958,-0.000219,-0.000036,23.656912,6101.753,1,0.000000,4,3,65.436745,1,0,0
206,3.433333,0.006784,-0.000197,-44.653915,0.005246,0.002314,-23.742376,-0.000220,-0.000038,23.742327,6123.721,1,0.000000,4,3,65.670547,1,0,0
207,3.450000,0.006872,-0.000154,-45.051041,0.005280,0.002556,-23.827494,-0.000221,-0.000037,23.827440,6145.601,1,0.000000,4,3,65.903336,1,0,0
208,3.466667,0.006961,-0.000109,-45.449577,0.005313,0.002710,-23.912287,-0.000221,-0.000037,23.912230,6167.386,1,0.000000,4,3,66.134911,1,0,0
209,3.483333,0.007050,-0.000063,-45.849525,0.005347,0.002777,-23.996706,-0.000222,-0.000037,23.996643,6189.057,1,0.000000,4,3,66.365150,1,0,0
210,3.500000,0.007140,-0.000017,-46.250874,0.005381,0.002756,-24.080711,-0.000222,-0.000036,24.080641,6210.603,1,0.000000,4,3,66.593948,1,0,0
211,3.516667,0.007230,0.000028,-46.653606,0.005415,0.002653,-24.164261,-0.000223,-0.000037,24.164185,6232.014,1,0.000000,4,3,66.821220,1,0,0
212,3.533333,0.007321,0.000069,-47.057728,0.005449,0.002474,-24.247320,-0.000224,-0.000036,24.247246,6253.283,1,0.000000,4,3,67.046867,1,0,0
213,3.550000,0.007412,0.000106,-47.463230,0.005482,0.002228,-24.329849,-0.000224,-0.000037,24.329769,6274.400,1,0.000000,4,3,67.270813,1,0,0
214,3.566667,0.007504,0.000138,-47.870090,0.005517,0.001927,-24.411818,-0.000225,-0.000035,24.411730,6295.357,1,0.000000,4,3,67.492981,1,0,0
215,3.583333,0.007596,0.000164,-48.278313,0.005549,0.001581,-24.493189,-0.000225,-0.000036,24.493097,6316.147,1,0.000000,4,3,67.713295,1,0,0
216,3.600000,0.007689,0.000184,-48.687878,0.005584,0.001203,-24.573933,-0.000226,-0.000036,24.573837,6336.765,1,0.000000,4,3,67.931694,1,0,0
217,3.616667,0.007783,0.000198,-49.098782,0.005617,0.000805,-24.654024,-0.000227,-0.000035,24.653929,6357.204,1,0.000000,4,3,68.148102,1,0,0
218,3.633333,0.007877,0.000205,-49.511005,0.005650,0.000401,-24.733431,-0.000227,-0.000035,24.733332,6377.456,1,0.000000,4,3,68.362473,1,0,0
219,3.650000,0.007972,0.000205,-49.924541,0.005682,0.000002,-24.812130,-0.000228,-0.000035,24.812031,6397.517,1,0.000000,4,3,68.574745,1,0,0
220,3.666667,0.008067,0.000198,-50.339378,0.005715,-0.000378,-24.890100,-0.000228,-0.000035,24.889999,6417.382,1,0.000000,4,3,68.784859,1,0,0
221,3.683333,0.008163,0.000186,-50.755501,0.005747,-0.000731,-24.967318,-0.000229,-0.000034,24.967218,6437.045,1,0.000000,4,3,68.992775,1,0,0
222,3.700000,0.008259,0.000169,-51.172897,0.005778,-0.001046,-25.043764,-0.000230,-0.000034,25.043667,6456.502,1,0.000000,4,3,69.198441,1,0,0
223,3.716667,0.008356,0.000147,-51.591553,0.005810,-0.001317,-25.119421,-0.000230,-0.000034,25.119328,6475.749,1,0.000000,4,3,69.401810,1,0,0
224,3.733333,0.008453,0.000121,-52.011459,0.005841,-0.001536,-25.194273,-0.000231,-0.000033,25.194185,6494.780,1,0.000000,4,3,69.602852,1,0,0
225,3.750000,0.008551,0.000093,-52.432598,0.005871,-0.001700,-25.268305,-0.000231,-0.000033,25.268217,6513.595,1,0.000000,4,3,69.801529,1,0,0
226,3.766667,0.008650,0.000063,-52.854958,0.005902,-0.001807,-25.341503,-0.000232,-0.000033,25.341421,6532.188,1,0.000000,4,3,69.997810,1,0,0
227,3.783333,0.008748,0.000032,-53.278522,0.005931,-0.001855,-25.413857,-0.000232,-0.000032,25.413778,6550.556,1,0.000000,4,3,70.191666,1,0,0
228,3.800000,0.008848,0.000001,-53.703274,0.005961,-0.001846,-25.485357,-0.000233,-0.000032,25.485285,6568.697,1,0.000000,4,3,70.383064,1,0,0
229,3.816667,0.008948,-0.000029,-54.129208,0.005990,-0.001783,-25.555994,-0.000233,-0.000032,25.555925,6586.608,1,0.000000,4,3,70.571983,1,0,0
230,3.833333,0.009048,-0.000057,-54.556305,0.006019,-0.001671,-25.625757,-0.000234,-0.000031,25.625694,6604.289,1,0.000000,4,3,70.758415,1,0,0
231,3.850000,0.009149,-0.000082,-54.984550,0.006047,-0.001514,-25.694645,-0.000234,-0.000031,25.694586,6621.734,1,0.000000,4,3,70.942337,1,0,0
232,3.866667,0.009250,-0.000104,-55.413929,0.006075,-0.001321,-25.762650,-0.000235,-0.000031,25.762592,6638.947,1,0.000000,4,3,71.123734,1,0,0
233,3.883333,0.009352,-0.000122,-55.844421,0.006103,-0.001096,-25.829765,-0.000235,-0.000030,25.829712,6655.922,1,0.000000,4,3,71.302597,1,0,0
234,3.900000,0.009454,-0.000136,-56.276024,0.006131,-0.000851,-25.895987,-0.000236,-0.000030,25.895933,6672.660,1,0.000000,4,3,71.478928,1,0,0
235,3.916667,0.009557,-0.000146,-56.708714,0.006158,-0.000593,-25.961315,-0.000236,-0.000030,25.961269,6689.162,1,0.000000,4,3,71.652702,1,0,0
236,3.933333,0.009660,-0.000152,-57.142475,0.006185,-0.000331,-26.025742,-0.000237,-0.000030,26.025696,6705.424,1,0.000000,4,3,71.823944,1,0,0
237,3.950000,0.009763,-0.000153,-57.577297,0.006213,-0.000070,-26.089273,-0.000237,-0.000029,26.089231,6721.450,1,0.000000,4,3,71.992630,1,0,0
238,3.966667,0.009867,-0.000150,-58.013161,0.006239,0.000180,-26.151901,-0.000238,-0.000029,26.151859,6737.235,1,0.000000,4,3,72.158783,1,0,0
239,3.983333,0.009972,-0.000143,-58.450058,0.006265,0.000411,-26.213631,-0.000238,-0.000028,26.213589,6752.784,1,0.000000,4,3,72.322395,1,0,0
240,4.000000,0.010076,-0.000133,-58.887966,0.006291,0.000619,-26.274460,-0.000239,-0.000027,26.274420,6768.096,1,0.000000,4,3,72.483482,1,0,0
241,4.016667,0.010182,-0.000119,-59.326874,0.006317,0.000799,-26.334389,-0.000239,-0.000027,26.334351,6783.170,1,0.000000,4,3,72.642044,1,0,0
242,4.033333,0.010287,-0.000104,-59.766769,0.006342,0.000946,-26.393419,-0.000240,-0.000027,26.393381,6798.009,1,0.000000,4,3,72.798096,1,0,0
243,4.050000,0.010394,-0.000086,-60.207630,0.006368,0.001057,-26.451553,-0.000240,-0.000026,26.451515,6812.613,1,0.000000,4,3,72.951660,1,0,0
244,4.066667,0.010500,-0.000067,-60.649441,0.006393,0.001132,-26.508795,-0.000241,-0.000026,26.508757,6826.984,1,0.000000,4,3,73.102737,1,0,0
245,4.083333,0.010607,-0.000048,-61.092194,0.006418,0.001170,-26.565145,-0.000241,-0.000026,26.565107,6841.122,1,0.000000,4,3,73.251358,1,0,0
246,4.100000,0.010714,-0.000028,-61.535870,0.006442,0.001171,-26.620611,-0.000241,-0.000025,26.620571,6855.030,1,0.000000,4,3,73.397522,1,0,0
247,4.116667,0.010822,-0.000009,-61.980457,0.006467,0.001138,-26.675194,-0.000242,-0.000025,26.675154,6868.709,1,0.000000,4,3,73.541267,1,0,0
248,4.133333,0.010930,0.000009,-62.425938,0.006491,0.001072,-26.728899,-0.000242,-0.000024,26.728859,6882.161,1,0.000000,4,3,73.682602,1,0,0
249,4.150000,0.011039,0.000025,-62.872299,0.006514,0.000978,-26.781731,-0.000243,-0.000024,26.781691,6895.387,1,0.000000,4,3,73.821556,1,0,0
250,4.166667,0.011148,0.000039,-63.319527,0.006538,0.000861,-26.833696,-0.000243,-0.000024,26.833656,6908.391,1,0.000000,4,3,73.958138,1,0,0
251,4.183333,0.011257,0.000051,-63.767605,0.006561,0.000724,-26.884802,-0.000243,-0.000023,26.884760,6921.173,1,0.000000,4,3,74.092384,1,0,0
252,4.200000,0.011367,0.000061,-64.216515,0.006583,0.000573,-26.935053,-0.000244,-0.000023,26.935009,6933.735,1,0.000000,4,3,74.224312,1,0,0
253,4.216667,0.011477,0.000068,-64.666260,0.006605,0.000412,-26.984457,-0.000244,-0.000023,26.984413,6946.082,1,0.000000,4,3,74.353951,1,0,0
254,4.233333,0.011588,0.000072,-65.116806,0.006628,0.000249,-27.033020,-0.000245,-0.000022,27.032978,6958.213,1,0.000000,4,3,74.481331,1,0,0
255,4.250000,0.011698,0.000073,-65.568153,0.006649,0.000086,-27.080753,-0.000245,-0.000022,27.080711,6970.133,1,0.000000,4,3,74.606468,1,0,0
256,4.266667,0.011810,0.000072,-66.020279,0.006670,-0.000071,-27.127663,-0.000245,-0.000022,27.127621,6981.845,1,0.000000,4,3,74.729393,1,0,0
257,4.283333,0.011921,0.000069,-66.473175,0.006691,-0.000217,-27.173756,-0.000246,-0.000021,27.173714,6993.348,1,0.000000,4,3,74.850136,1,0,0
258,4.300000,0.012033,0.000063,-66.926834,0.006712,-0.000349,-27.219044,-0.000246,-0.000021,27.219004,7004.647,2,0.000000,4,4,89.132317,1,0,0
259,4.316667,0.012147,0.000052,-67.387474,0.006819,-0.000638,-27.638937,-0.000249,-0.000168,27.638882,7004.647,2,0.000000,4,4,87.264801,1,0,0
260,4.333333,0.012262,0.000041,-67.854065,0.006913,-0.000669,-27.994930,-0.000254,-0.000334,27.994846,6890.732,2,0.000000,4,4,85.385475,1,0,0
261,4.350000,0.012377,0.000034,-68.321785,0.006937,-0.000395,-28.062927,-0.000261,-0.000427,28.062817,6761.611,2,0.000000,4,4,84.498360,1,0,0
262,4.366667,0.012496,0.000030,-68.795609,0.007133,-0.000292,-28.429640,-0.000269,-0.000480,28.429483,6629.326,2,0.000000,4,4,82.599747,1,0,0
263,4.383333,0.012622,0.000029,-69.275063,0.007566,-0.000040,-28.767061,-0.000276,-0.000421,28.766834,6473.493,2,0.000000,4,4,80.691612,1,0,0
264,4.400000,0.012753,0.000035,-69.757957,0.007853,0.000356,-28.973761,-0.000284,-0.000427,28.973454,6302.104,2,0.000000,4,4,79.260826,1,0,0
265,4.416667,0.012890,0.000047,-70.244354,0.008192,0.000724,-29.183630,-0.000290,-0.000381,29.183231,6126.862,2,0.000000,4,4,77.855705,1,0,0
266,4.433333,0.013032,0.000065,-70.733032,0.008532,0.001083,-29.320770,-0.000295,-0.000309,29.320290,5940.771,2,0.000000,4,4,76.775627,1,0,0
267,4.450000,0.013180,0.000088,-71.222801,0.008851,0.001371,-29.386076,-0.000299,-0.000218,29.385534,5753.829,2,0.000000,4,4,76.053947,1,0,0
268,4.466667,0.013329,0.000113,-71.712578,0.008968,0.001532,-29.386606,-0.000302,-0.000215,29.386034,5571.199,2,0.000000,4,4,75.688026,1,0,0
269,4.483333,0.013480,0.000139,-72.201477,0.009060,0.001530,-29.333971,-0.000305,-0.000194,29.333408,5397.122,2,0.000000,4,4,75.645866,1,0,0
270,4.500000,0.013632,0.000161,-72.688843,0.009116,0.001341,-29.242332,-0.000308,-0.000166,29.241821,5234.493,2,0.000000,4,4,75.874092,1,0,0
271,4.516667,0.013784,0.000177,-73.174286,0.009141,0.000960,-29.126490,-0.000310,-0.000132,29.126060,5084.650,2,0.000000,4,4,76.306267,1,0,0
272,4.533333,0.013937,0.000184,-73.657448,0.009137,0.000402,-28.989820,-0.000312,-0.000118,28.989494,4947.381,2,0.000000,4,4,76.870735,1,0,0
273,4.550000,0.014089,0.000179,-74.138428,0.009136,-0.000302,-28.858994,-0.000314,-0.000077,28.858770,4821.104,2,0.000000,4,4,77.492790,1,0,0
274,4.566667,0.014241,0.000161,-74.617584,0.009109,-0.001096,-28.749062,-0.000314,-0.000034,28.748932,4702.887,2,0.000000,4,4,78.110176,1,0,0
275,4.583333,0.014392,0.000129,-75.095375,0.009065,-0.001910,-28.667557,-0.000314,0.000011,28.667496,4740.354,2,0.000000,4,4,79.368340,1,0,0
276,4.600000,0.014542,0.000084,-75.572372,0.009038,-0.002674,-28.620153,-0.000313,0.000080,28.620138,4816.710,2,0.000000,4,4,80.425583,1,0,0
277,4.616667,0.014693,0.000029,-76.049400,0.009013,-0.003328,-28.621389,-0.000310,0.000141,28.621389,4880.872,2,0.000000,4,4,81.241806,1,0,0
278,4.633333,0.014842,-0.000035,-76.527191,0.008984,-0.003807,-28.667570,-0.000307,0.000186,28.667568,4930.407,2,0.000000,4,4,81.807373,1,0,0
279,4.650000,0.014991,-0.000103,-77.006401,0.008944,-0.004067,-28.752407,-0.000304,0.000213,28.752392,4964.730,2,0.000000,4,4,82.134850,1,0,0
280,4.666667,0.015140,-0.000171,-77.487686,0.008892,-0.004085,-28.877087,-0.000300,0.000225,28.877054,4984.604,2,0.000000,4,4,82.254173,1,0,0
281,4.683333,0.015287,-0.000235,-77.971375,0.008822,-0.003847,-29.021414,-0.000296,0.000213,29.021374,4991.846,2,0.000000,4,4,82.211334,1,0,0
282,4.700000,0.015432,-0.000291,-78.457542,0.008729,-0.003369,-29.170406,-0.000293,0.000181,29.170362,4989.246,2,0.000000,4,4,82.054733,1,0,0
283,4.716667,0.015576,-0.000336,-78.946098,0.008623,-0.002690,-29.313152,-0.000291,0.000133,29.313112,4979.742,2,0.000000,4,4,81.831070,1,0,0
284,4.733333,0.015718,-0.000367,-79.436813,0.008515,-0.001855,-29.443167,-0.000290,0.000077,29.443140,4966.168,2,0.000000,4,4,81.582115,1,0,0
285,4.750000,0.015860,-0.000382,-79.929001,0.008508,-0.000903,-29.531168,-0.000289,0.000041,29.531153,4951.060,2,0.000000,4,4,81.627823,1,0,0
286,4.766667,0.016002,-0.000380,-80.422211,0.008525,0.000089,-29.592690,-0.000288,0.000045,29.592684,4953.834,2,0.000000,4,4,81.801476,1,0,0
287,4.783333,0.016144,-0.000363,-80.916595,0.008536,0.001044,-29.662779,-0.000288,0.000039,29.662779,4964.373,2,0.000000,4,4,81.970238,1,0,0
288,4.800000,0.016286,-0.000331,-81.412140,0.008541,0.001935,-29.732729,-0.000287,0.000031,29.732731,4974.615,2,0.000000,4,4,82.153305,1,0,0
289,4.816667,0.016429,-0.000285,-81.908867,0.008547,0.002726,-29.803808,-0.000287,0.000024,29.803801,4985.724,2,0.000000,4,4,82.340553,1,0,0
290,4.833333,0.016571,-0.000229,-82.406792,0.008561,0.003391,-29.875221,-0.000287,0.000021,29.875200,4997.088,2,0.000000,4,4,82.531197,1,0,0
291,4.850000,0.016714,-0.000163,-82.905907,0.008575,0.003907,-29.946869,-0.000286,0.000017,29.946827,5008.658,2,0.000000,4,4,82.723518,1,0,0
292,4.866667,0.016858,-0.000092,-83.406212,0.008592,0.004264,-30.018591,-0.000286,0.000013,30.018524,5020.329,2,0.000000,4,4,82.916847,1,0,0
293,4.883333,0.017001,-0.000018,-83.907715,0.008610,0.004451,-30.090311,-0.000286,0.000010,30.090218,5032.062,2,0.000000,4,4,83.110733,1,0,0
294,4.900000,0.017145,0.000056,-84.410423,0.008629,0.004471,-30.161978,-0.000286,0.000007,30.161850,5043.829,2,0.000000,4,4,83.304901,1,0,0
295,4.916667,0.017289,0.000128,-84.914314,0.008651,0.004327,-30.233547,-0.000286,0.000004,30.233391,5055.612,2,0.000000,4,4,83.499229,1,0,0
296,4.933333,0.017434,0.000196,-85.419395,0.008673,0.004031,-30.305002,-0.000286,0.000001,30.304823,5067.406,2,0.000000,4,4,83.693604,1,0,0
297,4.950000,0.017578,0.000256,-85.925674,0.008694,0.003599,-30.376324,-0.000286,-0.000004,30.376120,5079.202,2,0.000000,4,4,83.887970,1,0,0
298,4.966667,0.017724,0.000306,-86.433128,0.008716,0.003051,-30.447500,-0.000286,-0.000008,30.447281,5090.998,2,0.000000,4,4,84.082306,1,0,0
299,4.983333,0.017869,0.000347,-86.941772,0.008739,0.002410,-30.518526,-0.000286,-0.000012,30.518291,5102.792,2,0.000000,4,4,84.276573,1,0,0
300,5.000000,0.018015,0.000375,-87.451599,0.008764,0.001700,-30.589396,-0.000286,-0.000016,30.589157,5114.582,2,0.047244,4,4,84.470757,1,0,0
301,5.016667,0.019391,0.000391,-87.962593,0.082551,0.000949,-30.659567,-0.000946,-0.039636,30.659393,5126.366,2,0.078740,4,4,84.664841,1,0,0
302,5.033333,0.023068,0.000394,-88.474823,0.220580,0.000179,-30.733990,-0.002655,-0.102599,30.734232,5138.145,2,0.110236,4,4,84.831459,1,0,0
303,5.050000,0.030219,0.000384,-88.988075,0.429074,-0.000572,-30.795319,-0.005743,-0.185485,30.797052,5148.256,2,0.149606,4,4,85.028938,1,0,0
304,5.066667,0.042299,0.000363,-89.502182,0.724808,-0.001288,-30.846510,-0.010681,-0.296556,30.852285,5160.241,2,0.188976,4,4,85.236641,1,0,0
305,5.083333,0.058299,0.000330,-90.017136,0.959973,-0.001948,-30.897135,-0.016503,-0.349700,30.908587,5172.846,2,0.228346,4,4,85.451561,1,0,0
306,5.100000,0.079065,0.000288,-90.533005,1.245990,-0.002524,-30.952444,-0.023453,-0.417343,30.972988,5185.889,2,0.267717,4,4,85.618294,1,0,0
307,5.116667,0.105360,0.000239,-91.049812,1.577682,-0.002980,-31.008524,-0.031643,-0.491825,31.042772,5196.008,2,0.307087,4,4,85.737663,1,0,0
308,5.133333,0.137890,0.000184,-91.567108,1.951840,-0.003274,-31.038155,-0.041201,-0.573953,31.092089,5203.252,2,0.354331,4,4,85.909431,1,0,0
309,5.150000,0.177517,0.000127,-92.084763,2.377578,-0.003401,-31.058825,-0.052179,-0.659120,31.140451,5213.676,2,0.393701,4,4,86.062622,1,0,0
310,5.166667,0.224915,0.000072,-92.602554,2.843894,-0.003333,-31.067574,-0.064437,-0.735955,31.186132,5222.973,2,0.440945,4,4,86.208282,1,0,0
311,5.183333,0.280860,0.000021,-93.120216,3.356727,-0.003048,-31.059782,-0.077932,-0.810160,31.226767,5231.813,2,0.480315,4,4,86.355858,1,0,0
312,5.200000,0.345954,-0.000021,-93.637466,3.905590,-0.002529,-31.034990,-0.092483,-0.873489,31.262985,5240.769,2,0.527559,4,4,86.506866,1,0,0
313,5.216667,0.420789,-0.000051,-94.153862,4.490129,-0.001763,-30.983891,-0.108057,-0.934918,31.287371,5249.934,2,0.574803,4,4,86.664062,1,0,0
314,5.233333,0.505900,-0.000063,-94.669090,5.106632,-0.000752,-30.913651,-0.124567,-0.990998,31.308546,5259.473,2,0.622047,4,4,86.820290,1,0,0
315,5.250000,0.601710,-0.000055,-95.182808,5.748639,0.000501,-30.823153,-0.141925,-1.041859,31.326340,5268.955,2,0.669291,4,4,86.975990,1,0,0
316,5.266667,0.708292,-0.000022,-95.694725,6.394893,0.001981,-30.714888,-0.160318,-1.103976,31.341810,5278.404,2,0.716535,4,4,87.130020,1,0,0
317,5.283333,0.825767,0.000039,-96.204376,7.048521,0.003665,-30.578730,-0.179791,-1.168777,31.346251,5287.751,2,0.763780,4,4,87.278336,1,0,0
318,5.300000,0.954354,0.000131,-96.711586,7.715203,0.005497,-30.433102,-0.200300,-1.230876,31.359667,5296.752,2,0.811024,4,4,87.384575,1,0,0
319,5.316667,1.094212,0.000255,-97.216148,8.391497,0.007435,-30.273348,-0.221736,-1.286457,31.377628,5303.200,2,0.866142,4,4,87.478447,1,0,0
320,5.333333,1.245377,0.000412,-97.717621,9.069885,0.009425,-30.088646,-0.244097,-1.341945,31.388680,5308.897,2,0.913386,4,4,87.591339,1,0,0
321,5.350000,1.407971,0.000602,-98.215637,9.755625,0.011392,-29.880962,-0.267362,-1.396256,31.396622,5315.748,2,0.960630,4,4,87.707108,1,0,0
322,5.366667,1.582061,0.000823,-98.709755,10.445447,0.013264,-29.647476,-0.291458,-1.446059,31.398577,5322.774,2,1.000000,4,4,87.843224,1,0,0
323,5.383333,1.767718,0.001072,-99.199608,11.139402,0.014962,-29.391054,-0.316244,-1.487413,31.397861,5331.035,2,1.000000,4,4,87.990334,1,0,0
324,5.400000,1.965187,0.001346,-99.684738,11.848166,0.016406,-29.107449,-0.341296,-1.503421,31.394218,5339.962,2,1.000000,4,4,88.138313,1,0,0
325,5.416667,2.174685,0.001638,-100.164772,12.569879,0.017529,-28.801880,-0.366336,-1.502690,31.393194,5348.943,2,1.000000,4,4,88.270363,1,0,0
326,5.433333,2.396397,0.001942,-100.639389,13.302679,0.018274,-28.477446,-0.391190,-1.491461,31.398237,5356.956,2,1.000000,4,4,88.375031,1,0,0
327,5.450000,2.630468,0.002253,-101.108322,14.044278,0.018607,-28.136095,-0.415758,-1.474311,31.411362,5363.309,2,1.000000,4,4,88.444481,1,0,0
328,5.466667,2.876256,0.002561,-101.571648,14.747316,0.018523,-27.799517,-0.440525,-1.486223,31.433807,5367.523,2,1.000000,4,4,88.473747,1,0,0
329,5.483333,3.133673,0.002861,-102.029099,15.445005,0.018005,-27.447191,-0.465413,-1.493431,31.459290,5369.300,2,1.000000,4,4,88.479683,1,0,0
330,5.500000,3.402615,0.003145,-102.480431,16.136507,0.017044,-27.080183,-0.490381,-1.498175,31.488432,5369.660,2,1.000000,4,4,88.464142,1,0,0
331,5.516667,3.682963,0.003406,-102.925400,16.820848,0.015653,-26.698126,-0.515401,-1.501240,31.520496,5368.716,2,1.000000,4,4,88.430771,1,0,0
332,5.533333,3.974581,0.003637,-103.363747,17.497116,0.013862,-26.300322,-0.540453,-1.503105,31.554436,5366.691,2,1.000000,4,4,88.384148,1,0,0
333,5.550000,4.277321,0.003833,-103.795174,18.164412,0.011717,-25.885931,-0.565522,-1.504090,31.589096,5363.862,2,1.000000,4,4,88.329254,1,0,0
334,5.566667,4.591019,0.003987,-104.219414,18.821821,0.009276,-25.454121,-0.590597,-1.504466,31.623322,5360.530,2,1.000000,4,4,88.271042,1,0,0
335,5.583333,4.915320,0.004098,-104.635895,19.458120,0.006617,-24.988762,-0.615575,-1.498567,31.637394,5356.998,2,1.000000,4,4,88.290710,1,0,0
336,5.600000,5.250036,0.004161,-105.044411,20.082951,0.003799,-24.510862,-0.640532,-1.497267,31.654161,5358.191,2,1.000000,4,4,88.298584,1,0,0
337,5.616667,5.594950,0.004176,-105.444679,20.694849,0.000912,-24.016068,-0.665490,-1.497380,31.669203,5358.670,2,1.000000,4,4,88.310822,1,0,0
338,5.633333,5.949852,0.004143,-105.836426,21.294117,-0.001955,-23.504755,-0.690471,-1.498739,31.683039,5359.412,2,1.000000,4,4,88.324776,1,0,0
339,5.650000,6.314530,0.004065,-106.219376,21.880659,-0.004714,-22.976816,-0.715489,-1.500988,31.695614,5360.259,2,1.000000,4,4,88.340279,1,0,0
340,5.666667,6.688767,0.003944,-106.593239,22.454262,-0.007277,-22.432236,-0.740555,-1.503885,31.706894,5361.199,2,1.000000,4,4,88.357216,1,0,0
341,5.683333,7.072346,0.003784,-106.957764,23.014702,-0.009573,-21.871161,-0.765677,-1.507282,31.716946,5362.228,2,1.000000,4,4,88.375053,1,0,0
342,5.700000,7.465041,0.003592,-107.312660,23.561724,-0.011532,-21.293777,-0.790862,-1.511034,31.725891,5363.310,2,1.000000,4,4,88.393288,1,0,0
343,5.716667,7.866625,0.003373,-107.657661,24.095011,-0.013100,-20.700319,-0.816112,-1.515004,31.733852,5364.417,2,1.000000,4,4,88.411537,1,0,0
344,5.733333,8.276861,0.003136,-107.992516,24.614202,-0.014242,-20.091076,-0.841430,-1.519068,31.740910,5365.524,2,1.000000,4,4,88.429474,1,0,0
345,5.750000,8.695510,0.002887,-108.316963,25.118916,-0.014930,-19.466393,-0.866815,-1.523099,31.747204,5366.613,2,1.000000,4,4,88.446808,1,0,0
346,5.766667,9.122323,0.002635,-108.630745,25.608730,-0.015157,-18.826681,-0.892265,-1.526990,31.752855,5367.665,2,1.000000,4,4,88.463333,1,0,0
347,5.783333,9.557043,0.002386,-108.933617,26.083202,-0.014931,-18.172413,-0.917775,-1.530638,31.757988,5368.668,2,1.000000,4,4,88.478912,1,0,0
348,5.800000,9.999407,0.002148,-109.225349,26.541874,-0.014273,-17.504118,-0.943341,-1.533955,31.762720,5369.613,2,1.000000,4,4,88.493462,1,0,0
349,5.816667,10.449145,0.001928,-109.505722,26.984283,-0.013218,-16.822390,-0.968956,-1.536870,31.767174,5370.496,2,1.000000,4,4,88.506927,1,0,0
350,5.833333,10.905978,0.001731,-109.774521,27.409973,-0.011812,-16.127867,-0.994611,-1.539321,31.771471,5371.313,2,1.000000,4,4,88.519333,1,0,0
351,5.850000,11.369619,0.001562,-110.031540,27.818493,-0.010112,-15.421241,-1.020299,-1.541266,31.775717,5372.066,2,1.000000,4,4,88.530716,1,0,0
352,5.866667,11.839776,0.001426,-110.276596,28.209404,-0.008181,-14.703237,-1.046010,-1.542667,31.780006,5372.757,2,1.000000,4,4,88.541206,1,0,0
353,5.883333,12.316149,0.001324,-110.509506,28.582317,-0.006085,-13.974622,-1.071735,-1.543499,31.784447,5373.394,2,1.000000,4,4,88.550850,1,0,0
354,5.900000,12.798429,0.001260,-110.730110,28.936846,-0.003893,-13.236176,-1.097464,-1.543751,31.789116,5373.979,2,1.000000,4,4,88.559853,1,0,0
355,5.916667,13.286306,0.001232,-110.938255,29.272663,-0.001674,-12.488715,-1.123188,-1.543435,31.794090,5374.525,2,1.000000,4,4,88.568291,1,0,0
356,5.933333,13.779464,0.001240,-111.133804,29.589457,0.000507,-11.733039,-1.148898,-1.542569,31.799435,5375.037,2,1.000000,4,4,88.576370,1,0,0
357,5.950000,14.277579,0.001283,-111.316635,29.886950,0.002584,-10.969959,-1.174585,-1.541199,31.805180,5375.528,2,1.000000,4,4,88.584282,1,0,0
358,5.966667,14.780329,0.001358,-111.486641,30.164917,0.004499,-10.200263,-1.200241,-1.539375,31.811361,5376.008,2,1.000000,4,4,88.592194,1,0,0
359,5.983333,15.287381,0.001462,-111.643723,30.423151,0.006203,-9.424715,-1.225861,-1.537162,31.817976,5376.488,2,1.000000,4,4,88.600327,1,0,0
360,6.000000,15.798407,0.001589,-111.787796,30.661493,0.007651,-8.644051,-1.251438,-1.534638,31.825022,5376.981,2,1.000000,4,4,88.608841,1,0,0
361,6.016667,16.313070,0.001736,-111.918777,30.879814,0.008813,-7.858961,-1.276970,-1.531885,31.832472,5377.499,2,1.000000,4,4,88.617912,1,0,0
362,6.033333,16.831036,0.001897,-112.036613,31.078011,0.009666,-7.070093,-1.302453,-1.528986,31.840292,5378.049,2,1.000000,4,4,88.627693,1,0,0
363,6.050000,17.351969,0.002067,-112.141243,31.256008,0.010195,-6.278045,-1.327886,-1.526029,31.848444,5378.643,2,1.000000,4,4,88.638313,1,0,0
364,6.066667,17.875530,0.002240,-112.232635,31.413742,0.010398,-5.483359,-1.353271,-1.523095,31.856838,5379.287,2,1.000000,4,4,88.649933,1,0,0
365,6.083333,18.401384,0.002412,-112.310745,31.551197,0.010285,-4.686537,-1.378609,-1.520269,31.865446,5379.992,2,1.000000,4,4,88.662537,1,0,0
366,6.100000,18.929190,0.002576,-112.375549,31.668335,0.009870,-3.888019,-1.403902,-1.517620,31.874178,5380.757,2,1.000000,4,4,88.676231,1,0,0
367,6.116667,19.458611,0.002729,-112.427017,31.765144,0.009179,-3.088207,-1.429156,-1.515213,31.882965,5381.588,2,1.000000,4,4,88.691002,1,0,0
368,6.133333,19.989304,0.002867,-112.465141,31.841621,0.008246,-2.287460,-1.454374,-1.513105,31.891750,5382.484,2,1.000000,4,4,88.706818,1,0,0
369,6.150000,20.520931,0.002985,-112.489914,31.897753,0.007107,-1.486108,-1.479563,-1.511340,31.900448,5383.444,2,1.000000,4,4,88.723648,1,0,0
370,6.166667,21.053156,0.003082,-112.501320,31.933529,0.005807,-0.684451,-1.504729,-1.509953,31.908998,5384.465,2,1.000000,4,4,88.741402,1,0,0
371,6.183333,21.585638,0.003155,-112.499359,31.948936,0.004389,0.117223,-1.529878,-1.508965,31.917345,5385.543,2,1.000000,4,4,88.759987,1,0,0
372,6.200000,22.118038,0.003203,-112.484055,31.943954,0.002903,0.918642,-1.555018,-1.508376,31.925426,5386.671,2,1.000000,4,4,88.779305,1,0,0
373,6.216667,22.650015,0.003227,-112.455399,31.918591,0.001395,1.719530,-1.580155,-1.508182,31.933229,5387.843,2,1.000000,4,4,88.799133,1,0,0
374,6.233333,23.181227,0.003225,-112.413406,31.872812,-0.000087,2.519600,-1.605294,-1.508356,31.940699,5389.046,2,1.000000,4,4,88.819405,1,0,0
375,6.250000,23.711338,0.003200,-112.358093,31.806608,-0.001498,3.318556,-1.630442,-1.508876,31.947815,5390.277,2,1.000000,4,4,88.839943,1,0,0
376,6.266667,24.240004,0.003154,-112.289497,31.719971,-0.002799,4.116072,-1.655604,-1.509708,31.954578,5391.523,2,1.000000,4,4,88.860588,1,0,0
377,6.283333,24.766886,0.003088,-112.207634,31.612894,-0.003954,4.911802,-1.680784,-1.510813,31.960979,5392.776,2,1.000000,4,4,88.881195,1,0,0
378,6.300000,25.291641,0.003005,-112.112549,31.485378,-0.004937,5.705371,-1.705986,-1.512144,31.967024,5394.027,2,1.000000,4,4,88.901642,1,0,0
379,6.316667,25.813932,0.002910,-112.004272,31.337440,-0.005724,6.496370,-1.731214,-1.513656,31.972729,5395.268,2,1.000000,4,4,88.921814,1,0,0
380,6.333333,26.333416,0.002805,-111.882874,31.169113,-0.006300,7.284366,-1.756469,-1.515300,31.978117,5396.492,2,1.000000,4,4,88.941589,1,0,0
381,6.350000,26.849758,0.002694,-111.748390,30.980442,-0.006657,8.068892,-1.781753,-1.517025,31.983210,5397.692,2,1.000000,4,4,88.960884,1,0,0
382,6.366667,27.362617,0.002581,-111.600899,30.771492,-0.006795,8.849448,-1.807066,-1.518779,31.988041,5398.863,2,1.000000,4,4,88.979668,1,0,0
383,6.383333,27.871656,0.002469,-111.440475,30.542366,-0.006717,9.625516,-1.832407,-1.520518,31.992655,5400.003,2,1.000000,4,4,88.997841,1,0,0
384,6.400000,28.376543,0.002361,-111.267204,30.293177,-0.006440,10.396544,-1.857777,-1.522197,31.997091,5401.105,2,1.000000,4,4,89.015396,1,0,0
385,6.416667,28.876944,0.002262,-111.081161,30.024073,-0.005980,11.161969,-1.883174,-1.523775,32.001389,5402.171,2,1.000000,4,4,89.032303,1,0,0
386,6.433333,29.372532,0.002173,-110.882477,29.735214,-0.005358,11.921209,-1.908594,-1.525209,32.005592,5403.198,2,1.000000,4,4,89.048615,1,0,0
387,6.450000,29.862978,0.002096,-110.671257,29.426821,-0.004604,12.673676,-1.934035,-1.526477,32.009750,5404.188,2,1.000000,4,4,89.064270,1,0,0
388,6.466667,30.347961,0.002033,-110.447609,29.099102,-0.003744,13.418768,-1.959494,-1.527551,32.013901,5405.137,2,1.000000,4,4,89.079353,1,0,0
389,6.483333,30.827168,0.001987,-110.211678,28.752306,-0.002811,14.155886,-1.984968,-1.528407,32.018074,5406.053,2,1.000000,4,4,89.093933,1,0,0
390,6.500000,31.300278,0.001956,-109.963608,28.386728,-0.001839,14.884437,-2.010452,-1.529038,32.022331,5406.938,2,1.000000,4,4,89.107971,1,0,0
391,6.516667,31.766989,0.001942,-109.703545,28.002645,-0.000856,15.603833,-2.035943,-1.529425,32.026684,5407.790,2,1.000000,4,4,89.121605,1,0,0
392,6.533333,32.226997,0.001943,-109.431648,27.600384,0.000105,16.313499,-2.061435,-1.529560,32.031170,5408.617,2,1.000000,4,4,89.134872,1,0,0
393,6.550000,32.680000,0.001960,-109.148102,27.180294,0.001017,17.012882,-2.086926,-1.529451,32.035831,5409.422,2,1.000000,4,4,89.147781,1,0,0
394,6.566667,33.125713,0.001991,-108.853081,26.742710,0.001856,17.701426,-2.112411,-1.529096,32.040665,5410.206,2,1.000000,4,4,89.160484,1,0,0
395,6.583333,33.563847,0.002035,-108.546776,26.288002,0.002600,18.378616,-2.137886,-1.528508,32.045708,5410.977,2,1.000000,4,4,89.172997,1,0,0
396,6.600000,33.994122,0.002088,-108.229370,25.816547,0.003231,19.043945,-2.163348,-1.527710,32.050945,5411.735,2,1.000000,4,4,89.185387,1,0,0
397,6.616667,34.416267,0.002151,-107.901085,25.328709,0.003737,19.696928,-2.188793,-1.526721,32.056408,5412.488,2,1.000000,4,4,89.197762,1,0,0
398,6.633333,34.830013,0.002219,-107.562141,24.824888,0.004105,20.337111,-2.214220,-1.525578,32.062069,5413.239,2,1.000000,4,4,89.210121,1,0,0
399,6.650000,35.235107,0.002291,-107.212738,24.305450,0.004336,20.964056,-2.239625,-1.524306,32.067932,5413.989,2,1.000000,4,4,89.222565,1,0,0
400,6.666667,35.631287,0.002365,-106.853119,23.770769,0.004428,21.577347,-2.265007,-1.522934,32.073971,5414.745,2,1.000000,4,4,89.235184,1,0,0
401,6.683333,36.018307,0.002438,-106.483513,23.221235,0.004383,22.176596,-2.290365,-1.521511,32.080173,5415.509,2,1.000000,4,4,89.247963,1,0,0
402,6.700000,36.395927,0.002508,-106.104149,22.657207,0.004211,22.761433,-2.315700,-1.520066,32.086510,5416.285,2,1.000000,4,4,89.260986,1,0,0
403,6.716667,36.763912,0.002574,-105.715294,22.079048,0.003924,23.331505,-2.341010,-1.518627,32.092953,5417.076,2,1.000000,4,4,89.274292,1,0,0
404,6.733333,37.122032,0.002633,-105.317184,21.487135,0.003534,23.886484,-2.366298,-1.517242,32.099487,5417.883,2,1.000000,4,4,89.287857,1,0,0
405,6.750000,37.470066,0.002684,-104.910080,20.881807,0.003059,24.426050,-2.391563,-1.515933,32.106064,5418.707,2,1.000000,4,4,89.301743,1,0,0
406,6.766667,37.807789,0.002726,-104.494247,20.263418,0.002517,24.949902,-2.416809,-1.514726,32.112663,5419.549,2,1.000000,4,4,89.315948,1,0,0
407,6.783333,38.134995,0.002758,-104.069954,19.632326,0.001928,25.457754,-2.442036,-1.513656,32.119251,5420.411,2,1.000000,4,4,89.330429,1,0,0
408,6.800000,38.451473,0.002780,-103.637466,18.988863,0.001310,25.949322,-2.467248,-1.512734,32.125793,5421.291,2,1.000000,4,4,89.345230,1,0,0
409,6.816667,38.757027,0.002791,-103.197060,18.333385,0.000683,26.424341,-2.492448,-1.511983,32.132263,5422.188,2,1.000000,4,4,89.360291,1,0,0
410,6.833333,39.051464,0.002792,-102.749016,17.666231,0.000067,26.882549,-2.517638,-1.511401,32.138649,5423.102,2,1.000000,4,4,89.375618,1,0,0
411,6.850000,39.334595,0.002783,-102.293625,16.987757,-0.000521,27.323692,-2.542822,-1.511003,32.144909,5424.033,2,1.000000,4,4,89.391159,1,0,0
412,6.866667,39.606232,0.002766,-101.831169,16.298323,-0.001066,27.747526,-2.568002,-1.510790,32.151043,5424.975,2,1.000000,4,4,89.406853,1,0,0
413,6.883333,39.866203,0.002740,-101.361931,15.598288,-0.001554,28.153803,-2.593181,-1.510747,32.157021,5425.928,2,1.000000,4,4,89.422691,1,0,0
414,6.900000,40.114338,0.002707,-100.886223,14.888028,-0.001973,28.542294,-2.618362,-1.510854,32.162849,5426.889,2,1.000000,4,4,89.438614,1,0,0
415,6.916667,40.350468,0.002668,-100.404350,14.167938,-0.002313,28.912767,-2.643547,-1.511101,32.168522,5427.855,2,1.000000,4,4,89.454567,1,0,0
416,6.933333,40.574444,0.002626,-99.916595,13.438422,-0.002568,29.264999,-2.668738,-1.511467,32.174042,5428.824,2,1.000000,4,4,89.470505,1,0,0
417,6.950000,40.786106,0.002580,-99.423286,12.699903,-0.002735,29.598774,-2.693937,-1.511931,32.179417,5429.791,2,1.000000,4,4,89.486366,1,0,0
418,6.966667,40.985321,0.002533,-98.924721,11.952813,-0.002812,29.913872,-2.719145,-1.512469,32.184654,5430.754,2,1.000000,4,4,89.502136,1,0,0
419,6.983333,41.171947,0.002486,-98.421227,11.197606,-0.002802,30.210087,-2.744362,-1.513059,32.189766,5431.710,2,1.000000,4,4,89.517776,1,0,0
420,7.000000,41.345863,0.002441,-97.913109,10.434752,-0.002710,30.487223,-2.769590,-1.513677,32.194763,5432.659,2,0.897638,4,4,89.533249,1,0,0
421,7.016667,41.506481,0.002399,-97.400726,9.637266,-0.002546,30.742758,-2.794028,-1.466260,32.187027,5433.599,2,0.803150,4,4,89.548523,1,0,0
422,7.033333,41.653858,0.002360,-96.884651,8.842534,-0.002324,30.964563,-2.817328,-1.398000,32.168182,5434.526,2,0.700787,4,4,89.500252,1,0,0
423,7.050000,41.788681,0.002325,-96.365707,8.089474,-0.002077,31.137037,-2.839498,-1.330176,32.133793,5431.596,2,0.614173,4,4,89.416519,1,0,0
424,7.066667,41.912148,0.002294,-95.843674,7.408023,-0.001887,31.321798,-2.860929,-1.285893,32.148209,5426.515,2,0.519685,4,4,89.319115,1,0,0
425,7.083333,42.025776,0.002265,-95.318794,6.817656,-0.001759,31.492870,-2.881168,-1.214393,32.186428,5420.604,2,0.433071,4,4,89.234932,1,0,0
426,7.100000,42.131359,0.002236,-94.791283,6.334926,-0.001746,31.650537,-2.899831,-1.119848,32.246700,5415.494,2,0.346457,4,4,89.186020,1,0,0
427,7.116667,42.230751,0.002204,-94.261703,5.963371,-0.001900,31.774643,-2.916406,-0.994682,32.303890,5412.525,2,0.259843,4,4,89.258514,1,0,0
428,7.133333,42.326092,0.002166,-93.730087,5.720334,-0.002300,31.897095,-2.930621,-0.853306,32.387646,5416.926,2,0.188976,4,4,89.317604,1,0,0
429,7.150000,42.418827,0.002116,-93.196869,5.564208,-0.002983,31.993021,-2.942685,-0.724553,32.461525,5420.511,2,0.110236,4,4,89.442299,1,0,0
430,7.166667,42.509769,0.002050,-92.661987,5.456526,-0.003964,32.092648,-2.952620,-0.596996,32.546120,5428.079,2,0.047244,4,4,89.541367,1,0,0
431,7.183333,42.600143,0.001963,-92.125961,5.422223,-0.005185,32.161617,-2.960165,-0.453940,32.611858,5434.092,2,0.000000,4,4,89.725243,1,0,0
432,7.200000,42.691319,0.001853,-91.588593,5.470686,-0.006620,32.241768,-2.965458,-0.319044,32.701283,5445.250,2,0.000000,4,4,89.815971,1,0,0
433,7.216667,42.782578,0.001717,-91.050323,5.475495,-0.008141,32.296459,-2.969184,-0.225117,32.756760,5450.757,2,0.000000,4,4,90.040604,1,0,0
434,7.233333,42.873257,0.001556,-90.511147,5.440772,-0.009662,32.350590,-2.972133,-0.178484,32.804577,5464.389,2,0.000000,4,4,90.274582,1,0,0
435,7.250000,42.963169,0.001372,-89.971107,5.394634,-0.011069,32.402225,-2.974627,-0.151044,32.847992,5478.588,2,0.000000,4,4,90.531105,1,0,0
436,7.266667,43.052242,0.001168,-89.430168,5.344518,-0.012254,32.456352,-2.976863,-0.135380,32.893276,5494.157,2,0.000000,4,4,90.803581,1,0,0
437,7.283333,43.140450,0.000949,-88.888329,5.292551,-0.013116,32.510368,-2.978924,-0.124646,32.938240,5510.693,2,0.000000,4,4,91.086555,1,0,0
438,7.300000,43.227859,0.000722,-88.345284,5.244348,-0.013595,32.582531,-2.980759,-0.110894,33.001812,5527.866,2,0.000000,4,4,91.295830,1,0,0
439,7.316667,43.314568,0.000495,-87.801056,5.202549,-0.013628,32.653816,-2.982410,-0.099602,33.065624,5540.566,2,0.000000,4,4,91.492073,1,0,0
440,7.333333,43.400669,0.000275,-87.255661,5.166152,-0.013206,32.723721,-2.983899,-0.089603,33.128983,5552.476,2,0.000000,4,4,91.677261,1,0,0
441,7.350000,43.486252,0.000069,-86.709122,5.134838,-0.012347,32.792316,-2.985243,-0.080750,33.191887,5563.715,2,0.000000,4,4,91.852707,1,0,0
442,7.366667,43.571415,-0.000116,-86.161285,5.109733,-0.011095,32.870106,-2.986522,-0.076692,33.264877,5574.362,2,0.000000,4,4,92.019997,1,0,0
443,7.383333,43.656162,-0.000274,-85.612221,5.084867,-0.009516,32.943844,-2.987713,-0.071310,33.333908,5584.515,2,0.000000,4,4,92.196724,1,0,0
444,7.400000,43.740543,-0.000402,-85.061928,5.062880,-0.007698,33.017311,-2.988822,-0.066427,33.403141,5595.240,2,0.000000,4,4,92.370293,1,0,0
445,7.416667,43.824596,-0.000498,-84.510429,5.043338,-0.005741,33.090321,-2.989857,-0.061960,33.472313,5605.773,2,0.000000,4,4,92.542198,1,0,0
446,7.433333,43.908352,-0.000560,-83.957764,5.025414,-0.003738,33.159607,-2.990840,-0.058881,33.538071,5616.206,2,0.000000,4,4,92.726654,1,0,0
447,7.450000,43.991825,-0.000590,-83.403969,5.008321,-0.001783,33.227997,-2.991776,-0.056159,33.603088,5627.400,2,0.000000,4,4,92.914864,1,0,0
448,7.466667,44.075027,-0.000589,-82.849030,4.992088,0.000041,33.296463,-2.992667,-0.053594,33.668343,5638.822,2,0.000000,4,4,93.102638,1,0,0
449,7.483333,44.157970,-0.000562,-82.292938,4.976826,0.001668,33.365330,-2.993515,-0.051059,33.734154,5650.218,2,0.000000,4,4,93.287857,1,0,0
450,7.500000,44.240681,-0.000511,-81.735695,4.962592,0.003047,33.434650,-2.994317,-0.048440,33.800598,5661.459,2,0.000000,4,4,93.469543,1,0,0
451,7.516667,44.323174,-0.000442,-81.177284,4.949391,0.004148,33.504356,-2.995071,-0.045665,33.867611,5672.485,2,0.000000,4,4,93.647461,1,0,0
452,7.533333,44.405464,-0.000359,-80.617714,4.937342,0.004952,33.574345,-2.995776,-0.042749,33.935085,5683.282,2,0.000000,4,4,93.821655,1,0,0
453,7.550000,44.487572,-0.000268,-80.056969,4.926520,0.005458,33.644497,-2.996429,-0.039696,34.002926,5693.854,2,0.000000,4,4,93.992424,1,0,0
454,7.566667,44.569523,-0.000174,-79.495064,4.917004,0.005677,33.714703,-2.997030,-0.036530,34.071037,5704.217,2,0.000000,4,4,94.160172,1,0,0
455,7.583333,44.651337,-0.000080,-78.931984,4.908859,0.005631,33.784866,-2.997576,-0.033281,34.139317,5714.398,2,0.000000,4,4,94.325317,1,0,0
456,7.600000,44.733040,0.000009,-78.367737,4.902138,0.005351,33.854904,-2.998068,-0.029987,34.207695,5724.420,2,0.000000,4,4,94.488289,1,0,0
457,7.616667,44.814651,0.000091,-77.802322,4.896881,0.004872,33.924744,-2.998506,-0.026682,34.276093,5734.310,2,0.000000,4,4,94.649498,1,0,0
458,7.633333,44.896206,0.000161,-77.235756,4.893112,0.004235,33.994331,-2.998890,-0.023406,34.344463,5744.094,2,0.000000,4,4,94.809311,1,0,0
459,7.650000,44.977718,0.000219,-76.668022,4.890840,0.003480,34.063618,-2.999222,-0.020193,34.412754,5753.792,2,0.000000,4,4,94.968056,1,0,0
460,7.666667,45.059208,0.000263,-76.099251,4.889134,0.002652,34.126129,-2.999537,-0.019159,34.474422,5763.426,2,0.000000,4,4,95.152931,1,0,0
461,7.683333,45.140663,0.000293,-75.529396,4.887490,0.001785,34.191578,-2.999828,-0.017608,34.539005,5774.646,2,0.000000,4,4,95.328354,1,0,0
462,7.700000,45.222103,0.000309,-74.958458,4.886387,0.000920,34.256504,-3.000097,-0.016269,34.603149,5785.292,2,0.000000,4,4,95.505394,1,0,0
463,7.716667,45.303535,0.000310,-74.386436,4.885801,0.000089,34.321281,-3.000346,-0.015038,34.667221,5796.036,2,0.000000,4,4,95.682533,1,0,0
464,7.733333,45.384964,0.000299,-73.813339,4.885744,-0.000677,34.385876,-3.000577,-0.013903,34.731182,5806.787,2,0.000000,4,4,95.859711,1,0,0
465,7.750000,45.466404,0.000276,-73.239166,4.886244,-0.001355,34.450291,-3.000791,-0.012862,34.795044,5817.540,2,0.000000,4,4,96.036751,1,0,0
466,7.766667,45.547855,0.000244,-72.663925,4.887280,-0.001928,34.514534,-3.000989,-0.011890,34.858803,5828.284,2,0.000000,4,4,96.213562,1,0,0
467,7.783333,45.629337,0.000204,-72.087616,4.888835,-0.002381,34.578625,-3.001172,-0.010977,34.922485,5839.014,2,0.000000,4,4,96.390045,1,0,0
468,7.800000,45.710850,0.000159,-71.510239,4.890888,-0.002710,34.642567,-3.001341,-0.010115,34.986095,5849.724,2,0.000000,4,4,96.566154,1,0,0
469,7.816667,45.792408,0.000111,-70.931801,4.893423,-0.002911,34.706367,-3.001496,-0.009300,35.049625,5860.412,2,0.000000,4,4,96.741859,1,0,0
470,7.833333,45.874012,0.000061,-70.352303,4.896440,-0.002986,34.770031,-3.001639,-0.008534,35.113091,5871.075,2,0.000000,4,4,96.917122,1,0,0
471,7.850000,45.955677,0.000012,-69.771744,4.899944,-0.002945,34.833569,-3.001770,-0.007822,35.176498,5881.711,2,0.000000,4,4,97.091904,1,0,0
472,7.866667,46.037407,-0.000035,-69.190132,4.903926,-0.002794,34.896973,-3.001890,-0.007161,35.239838,5892.319,2,0.000000,4,4,97.266243,1,0,0
473,7.883333,46.119217,-0.000077,-68.607460,4.908377,-0.002548,34.960255,-3.001999,-0.006551,35.303123,5902.899,2,0.000000,4,4,97.440102,1,0,0
474,7.900000,46.201103,-0.000114,-68.023735,4.913277,-0.002221,35.023403,-3.002100,-0.005988,35.366337,5913.450,2,0.000000,4,4,97.613525,1,0,0
475,7.916667,46.283077,-0.000145,-67.438965,4.918601,-0.001831,35.086433,-3.002192,-0.005472,35.429489,5923.975,2,0.000000,4,4,97.786491,1,0,0
476,7.933333,46.365150,-0.000168,-66.853142,4.924313,-0.001394,35.149334,-3.002276,-0.004998,35.492569,5934.472,2,0.000000,4,4,97.959053,1,0,0
477,7.950000,46.447323,-0.000184,-66.266281,4.930383,-0.000931,35.212112,-3.002353,-0.004564,35.555576,5944.945,2,0.000000,4,4,98.131218,1,0,0
478,7.966667,46.529602,-0.000191,-65.678360,4.936774,-0.000456,35.274765,-3.002423,-0.004168,35.618507,5955.393,2,0.000000,4,4,98.303001,1,0,0
479,7.983333,46.611992,-0.000191,-65.089409,4.943449,0.000010,35.337288,-3.002487,-0.003806,35.681343,5965.818,2,0.000000,4,4,98.474434,1,0,0
480,8.000000,46.694500,-0.000183,-64.499413,4.950375,0.000452,35.399681,-3.002546,-0.003480,35.744083,5976.222,2,0.000000,4,4,98.645538,1,0,0
481,8.016666,46.777126,-0.000169,-63.908382,4.957516,0.000855,35.461945,-3.002600,-0.003183,35.806728,5986.605,2,0.000000,4,4,98.816330,1,0,0
482,8.033334,46.859875,-0.000149,-63.316319,4.964844,0.001207,35.524075,-3.002649,-0.002917,35.869267,5996.971,2,0.000000,4,4,98.986824,1,0,0
483,8.050000,46.942745,-0.000124,-62.723217,4.972327,0.001495,35.586067,-3.002695,-0.002678,35.931690,6007.317,2,0.000000,4,4,99.157036,1,0,0
484,8.066667,47.025745,-0.000096,-62.129086,4.979939,0.001715,35.647919,-3.002736,-0.002465,35.993984,6017.647,2,0.000000,4,4,99.326981,1,0,0
485,8.083333,47.108871,-0.000065,-61.533924,4.987655,0.001861,35.709633,-3.002774,-0.002276,36.056164,6027.961,2,0.000000,4,4,99.496658,1,0,0
486,8.100000,47.192131,-0.000032,-60.937740,4.995451,0.001931,35.771206,-3.002810,-0.002109,36.118217,6038.259,2,0.000000,4,4,99.666077,1,0,0
487,8.116667,47.275517,-0.000000,-60.340527,5.003306,0.001927,35.832638,-3.002843,-0.001960,36.180141,6048.541,2,0.000000,4,4,99.835243,1,0,0
488,8.133333,47.359039,0.000031,-59.742294,5.011204,0.001851,35.893925,-3.002873,-0.001831,36.241928,6058.807,2,0.000000,4,4,100.004150,1,0,0
489,8.150000,47.442692,0.000059,-59.143044,5.019125,0.001711,35.955067,-3.002901,-0.001717,36.303577,6069.058,2,0.000000,4,4,100.172806,1,0,0
490,8.166667,47.526478,0.000084,-58.542778,5.027056,0.001513,36.016071,-3.002928,-0.001617,36.365089,6079.293,2,0.000000,4,4,100.341194,1,0,0
491,8.183333,47.610394,0.000105,-57.941494,5.034981,0.001268,36.076931,-3.002953,-0.001529,36.426460,6089.512,2,0.000000,4,4,100.509323,1,0,0
492,8.200000,47.694443,0.000122,-57.339199,5.042888,0.000987,36.137653,-3.002976,-0.001448,36.487690,6099.716,2,0.000000,4,4,100.677170,1,0,0
493,8.216666,47.778618,0.000133,-56.735893,5.050767,0.000680,36.198238,-3.002999,-0.001375,36.548790,6109.901,2,0.000000,4,4,100.844742,1,0,0
494,8.233334,47.862930,0.000139,-56.131580,5.058610,0.000362,36.258690,-3.003020,-0.001307,36.609749,6120.071,2,0.000000,4,4,101.012032,1,0,0
495,8.250000,47.947369,0.000140,-55.526264,5.066415,0.000042,36.319008,-3.003040,-0.001243,36.670570,6130.224,2,0.000000,4,4,101.179016,1,0,0
496,8.266666,48.031940,0.000136,-54.919945,5.074180,-0.000266,36.379196,-3.003059,-0.001184,36.731258,6140.358,2,0.000000,4,4,101.345665,1,0,0
497,8.283334,48.116642,0.000126,-54.312626,5.081903,-0.000554,36.439251,-3.003077,-0.001128,36.791813,6150.471,2,0.000000,4,4,101.511940,1,0,0
498,8.300000,48.201466,0.000113,-53.704308,5.089588,-0.000811,36.499168,-3.003094,-0.001074,36.852226,6160.562,2,0.000000,4,4,101.677795,1,0,0
499,8.316667,48.286419,0.000096,-53.094990,5.097237,-0.001029,36.558945,-3.003111,-0.001022,36.912491,6170.628,2,0.000000,4,4,101.843216,1,0,0
500,8.333333,48.371498,0.000076,-52.484680,5.104855,-0.001203,36.618576,-3.003127,-0.000971,36.972603,6180.667,2,0.000000,4,4,102.008171,1,0,0
501,8.350000,48.456707,0.000053,-51.873379,5.112445,-0.001328,36.678059,-3.003142,-0.000921,37.032578,6190.678,2,0.000000,4,4,102.172638,1,0,0
502,8.366667,48.542042,0.000030,-51.261089,5.120014,-0.001403,36.737389,-3.003156,-0.000872,37.092388,6200.659,2,0.000000,4,4,102.336594,1,0,0
503,8.383333,48.627502,0.000006,-50.647816,5.127566,-0.001427,36.796562,-3.003169,-0.000822,37.152039,6210.609,2,0.000000,4,4,102.500015,1,0,0
504,8.400000,48.713085,-0.000017,-50.033554,5.135108,-0.001400,36.855579,-3.003182,-0.000772,37.211533,6220.527,2,0.000000,4,4,102.662888,1,0,0
505,8.416667,48.798798,-0.000039,-49.418312,5.142643,-0.001328,36.914429,-3.003194,-0.000723,37.270863,6230.411,2,0.000000,4,4,102.825203,1,0,0
506,8.433333,48.884636,-0.000059,-48.802097,5.150177,-0.001213,36.973106,-3.003205,-0.000673,37.330025,6240.262,2,0.000000,4,4,102.986954,1,0,0
507,8.450000,48.970600,-0.000077,-48.184902,5.157715,-0.001062,37.031620,-3.003216,-0.000622,37.389019,6250.078,2,0.000000,4,4,103.148087,1,0,0
508,8.466666,49.056686,-0.000092,-47.566734,5.165261,-0.000881,37.089951,-3.003225,-0.000573,37.447842,6259.857,2,0.000000,4,4,103.308624,1,0,0
509,8.483334,49.142899,-0.000103,-46.947601,5.172819,-0.000681,37.148098,-3.003234,-0.000524,37.506470,6269.600,2,0.000000,4,4,103.468552,1,0,0
510,8.500000,49.229240,-0.000111,-46.327499,5.180391,-0.000464,37.206059,-3.003242,-0.000476,37.564919,6279.305,2,0.000000,4,4,103.627838,1,0,0
511,8.516666,49.315704,-0.000115,-45.706436,5.187980,-0.000242,37.263824,-3.003249,-0.000429,37.623180,6288.971,2,0.000000,4,4,103.786499,1,0,0
512,8.533334,49.402298,-0.000115,-45.084412,5.195588,-0.000021,37.321396,-3.003256,-0.000384,37.681252,6298.601,2,0.000000,4,4,103.944504,1,0,0
513,8.550000,49.489017,-0.000112,-44.461430,5.203217,0.000191,37.378757,-3.003262,-0.000343,37.739117,6308.190,2,0.000000,4,4,104.101868,1,0,0
514,8.566667,49.575863,-0.000106,-43.837502,5.210865,0.000389,37.435913,-3.003267,-0.000304,37.796780,6317.740,2,0.000000,4,4,104.258568,1,0,0
515,8.583333,49.662842,-0.000096,-43.212620,5.218533,0.000565,37.492855,-3.003272,-0.000267,37.854233,6327.250,2,0.000000,4,4,104.414597,1,0,0
516,8.600000,49.749947,-0.000084,-42.586796,5.226218,0.000714,37.549572,-3.003276,-0.000236,37.911465,6336.718,2,0.000000,4,4,104.569954,1,0,0
517,8.616667,49.837177,-0.000070,-41.960026,5.233915,0.000835,37.606064,-3.003280,-0.000206,37.968475,6346.147,2,0.000000,4,4,104.724625,1,0,0
518,8.633333,49.924538,-0.000055,-41.332321,5.241622,0.000924,37.662323,-3.003283,-0.000180,38.025261,6355.534,2,0.000000,4,4,104.878616,1,0,0
519,8.650000,50.012028,-0.000039,-40.703678,5.249335,0.000978,37.718349,-3.003286,-0.000158,38.081810,6364.879,2,0.000000,4,4,105.031906,1,0,0
520,8.666667,50.099644,-0.000022,-40.074112,5.257047,0.001000,37.774132,-3.003288,-0.000139,38.138119,6374.182,2,0.000000,4,4,105.184502,1,0,0
521,8.683333,50.187393,-0.000006,-39.443615,5.264756,0.000988,37.829674,-3.003290,-0.000123,38.194187,6383.443,2,0.000000,4,4,105.336380,1,0,0
522,8.700000,50.275265,0.000010,-38.812199,5.272454,0.000944,37.884964,-3.003293,-0.000111,38.250015,6392.660,2,0.000000,4,4,105.487549,1,0,0
523,8.716666,50.363266,0.000025,-38.179867,5.280137,0.000873,37.939999,-3.003294,-0.000101,38.305580,6401.834,2,0.000000,4,4,105.637993,1,0,0
524,8.733334,50.451397,0.000038,-37.546619,5.287799,0.000777,37.994778,-3.003296,-0.000093,38.360889,6410.964,2,0.000000,4,4,105.787712,1,0,0
525,8.750000,50.539654,0.000049,-36.912464,5.295427,0.000660,38.049297,-3.003298,-0.000082,38.415939,6420.050,2,0.000000,4,4,105.936691,1,0,0
526,8.766666,50.628036,0.000058,-36.277405,5.303023,0.000528,38.103554,-3.003299,-0.000072,38.470726,6429.092,2,0.000000,4,4,106.084923,1,0,0
527,8.783334,50.716545,0.000064,-35.641445,5.310589,0.000384,38.157543,-3.003300,-0.000066,38.525246,6438.088,2,0.000000,4,4,106.232399,1,0,0
528,8.800000,50.805180,0.000068,-35.004593,5.318124,0.000234,38.211262,-3.003301,-0.000066,38.579483,6447.038,2,0.000000,4,4,106.379112,1,0,0
529,8.816667,50.893940,0.000069,-34.366844,5.325626,0.000084,38.264706,-3.003302,-0.000071,38.633453,6455.942,2,0.000000,4,4,106.525063,1,0,0
530,8.833333,50.982826,0.000068,-33.728214,5.333091,-0.000064,38.317875,-3.003303,-0.000082,38.687149,6464.799,2,0.000000,4,4,106.670227,1,0,0
531,8.850000,51.071835,0.000065,-33.088703,5.340513,-0.000202,38.370766,-3.003305,-0.000096,38.740559,6473.608,2,0.000000,4,4,106.814613,1,0,0
532,8.866667,51.160969,0.000059,-32.448311,5.347885,-0.000329,38.423378,-3.003307,-0.000112,38.793682,6482.371,2,0.000000,4,4,106.958214,1,0,0
533,8.883333,51.250225,0.000052,-31.807051,5.355203,-0.000440,38.475716,-3.003309,-0.000129,38.846535,6491.085,2,0.000000,4,4,107.100998,1,0,0
534,8.900000,51.339596,0.000043,-31.164921,5.362460,-0.000532,38.527767,-3.003311,-0.000144,38.899090,6499.751,2,0.000000,4,4,107.242989,1,0,0
535,8.916667,51.429089,0.000033,-30.521929,5.369651,-0.000603,38.579540,-3.003313,-0.000156,38.951366,6508.368,2,0.000000,4,4,107.384163,1,0,0
536,8.933333,51.518703,0.000022,-29.878078,5.376774,-0.000654,38.631031,-3.003316,-0.000163,39.003342,6516.936,2,0.000000,4,4,107.524513,1,0,0
537,8.950000,51.608433,0.000011,-29.233376,5.383827,-0.000681,38.682236,-3.003319,-0.000164,39.055038,6525.454,2,0.000000,4,4,107.664047,1,0,0
538,8.966666,51.698280,-0.000001,-28.587824,5.390815,-0.000685,38.733158,-3.003321,-0.000157,39.106441,6533.922,2,0.000000,4,4,107.802742,1,0,0
539,8.983334,51.788242,-0.000012,-27.941427,5.397736,-0.000668,38.783794,-3.003323,-0.000144,39.157543,6542.338,2,0.000000,4,4,107.940613,1,0,0
540,9.000000,51.878315,-0.000022,-27.294191,5.404594,-0.000631,38.834145,-3.003325,-0.000127,39.208359,6550.706,2,0.000000,4,4,108.077637,1,0,0
541,9.016666,51.968502,-0.000032,-26.646120,5.411396,-0.000577,38.884209,-3.003327,-0.000106,39.258888,6559.021,2,0.000000,4,4,108.213814,1,0,0
542,9.033334,52.058807,-0.000040,-25.997219,5.418152,-0.000506,38.933975,-3.003328,-0.000080,39.309105,6567.286,2,0.000000,4,4,108.349152,1,0,0
543,9.050000,52.149223,-0.000047,-25.347494,5.424929,-0.000425,38.983444,-3.003330,-0.000092,39.359043,6575.500,2,0.000000,4,4,108.483635,1,0,0
544,9.066667,52.239746,-0.000053,-24.696951,5.431634,-0.000333,39.032623,-3.003331,-0.000079,39.408684,6583.661,2,0.000000,4,4,108.617264,1,0,0
545,9.083333,52.330387,-0.000057,-24.045591,5.438337,-0.000235,39.081501,-3.003332,-0.000088,39.458015,6591.771,2,0.000000,4,4,108.750038,1,0,0
546,9.100000,52.421135,-0.000059,-23.393423,5.444968,-0.000134,39.130085,-3.003334,-0.000075,39.507057,6599.828,2,0.000000,4,4,108.881958,1,0,0
547,9.116667,52.511993,-0.000060,-22.740450,5.451589,-0.000034,39.178368,-3.003335,-0.000079,39.555782,6607.834,2,0.000000,4,4,109.013023,1,0,0
548,9.133333,52.602962,-0.000059,-22.086678,5.458158,0.000062,39.226357,-3.003336,-0.000074,39.604225,6615.789,2,0.000000,4,4,109.143219,1,0,0
549,9.150000,52.694038,-0.000056,-21.432108,5.464692,0.000152,39.274044,-3.003337,-0.000066,39.652355,6623.690,2,0.000000,4,4,109.272545,1,0,0
550,9.166667,52.785229,-0.000052,-20.776751,5.471190,0.000233,39.321430,-3.003338,-0.000059,39.700180,6631.538,2,0.000000,4,4,109.401009,1,0,0
551,9.183333,52.876522,-0.000047,-20.120609,5.477656,0.000303,39.368519,-3.003339,-0.000053,39.747715,6639.334,2,0.000000,4,4,109.528595,1,0,0
552,9.200000,52.967922,-0.000041,-19.463688,5.484087,0.000360,39.415298,-3.003340,-0.000047,39.794937,6647.078,2,0.000000,4,4,109.655334,1,0,0
553,9.216666,53.059429,-0.000034,-18.805992,5.490487,0.000404,39.461777,-3.003341,-0.000042,39.841850,6654.769,2,0.000000,4,4,109.781204,1,0,0
554,9.233334,53.151043,-0.000027,-18.147526,5.496854,0.000433,39.507946,-3.003342,-0.000036,39.888454,6662.408,2,0.000000,4,4,109.906212,1,0,0
555,9.250000,53.242764,-0.000020,-17.488295,5.503189,0.000448,39.553810,-3.003342,-0.000032,39.934753,6669.994,2,0.000000,4,4,110.030350,1,0,0
556,9.266666,53.334587,-0.000012,-16.828304,5.509491,0.000449,39.599369,-3.003343,-0.000029,39.980743,6677.528,2,0.000000,4,4,110.153618,1,0,0
557,9.283334,53.426517,-0.000005,-16.167561,5.515759,0.000435,39.644619,-3.003343,-0.000025,40.026432,6685.008,2,0.000000,4,4,110.276031,1,0,0
558,9.300000,53.518551,0.000002,-15.506068,5.521996,0.000409,39.689564,-3.003344,-0.000022,40.071804,6692.438,2,0.000000,4,4,110.397575,1,0,0
559,9.316667,53.610687,0.000008,-14.843832,5.528198,0.000372,39.734200,-3.003344,-0.000019,40.116867,6699.814,2,0.000000,4,4,110.518257,1,0,0
560,9.333333,53.702927,0.000013,-14.180857,5.534368,0.000325,39.778526,-3.003344,-0.000017,40.161621,6707.138,2,0.000000,4,4,110.638069,1,0,0
561,9.350000,53.795269,0.000018,-13.517147,5.540496,0.000271,39.822540,-3.003345,-0.000016,40.206062,6714.409,2,0.000000,4,4,110.757027,1,0,0
562,9.366667,53.887714,0.000021,-12.852710,5.546584,0.000211,39.866245,-3.003345,-0.000014,40.250187,6721.628,2,0.000000,4,4,110.875122,1,0,0
563,9.383333,53.980255,0.000024,-12.187549,5.552632,0.000148,39.909645,-3.003345,-0.000011,40.294006,6728.795,2,0.000000,4,4,110.992348,1,0,0
564,9.400000,54.072899,0.000025,-11.521669,5.558640,0.000084,39.952732,-3.003345,-0.000009,40.337509,6735.910,2,0.000000,4,4,111.108727,1,0,0
565,9.416667,54.165642,0.000026,-10.855078,5.564611,0.000020,39.995510,-3.003345,-0.000009,40.380699,6742.973,2,0.000000,4,4,111.224243,1,0,0
566,9.433333,54.258484,0.000025,-10.187778,5.570543,-0.000042,40.037979,-3.003346,-0.000010,40.423580,6749.983,2,0.000000,4,4,111.338905,1,0,0
567,9.450000,54.351425,0.000023,-9.519776,5.576436,-0.000098,40.080135,-3.003346,-0.000013,40.466148,6756.941,2,0.000000,4,4,111.452713,1,0,0
568,9.466666,54.444462,0.000021,-8.851077,5.582287,-0.000149,40.121990,-3.003346,-0.000019,40.508419,6763.849,2,0.000000,4,4,111.565659,1,0,0
569,9.483334,54.537598,0.000018,-8.181685,5.588096,-0.000194,40.163532,-3.003347,-0.000025,40.550362,6770.703,2,0.000000,4,4,111.677765,1,0,0
570,9.500000,54.630829,0.000014,-7.511605,5.593850,-0.000230,40.204773,-3.003347,-0.000027,40.592003,6777.506,2,0.000000,4,4,111.789009,1,0,0
571,9.516666,54.724155,0.000009,-6.840843,5.599560,-0.000257,40.245705,-3.003347,-0.000031,40.633327,6784.258,2,0.000000,4,4,111.899414,1,0,0
572,9.533334,54.817574,0.000005,-6.169405,5.605224,-0.000275,40.286331,-3.003348,-0.000035,40.674343,6790.958,2,0.000000,4,4,112.008965,1,0,0
573,9.550000,54.911091,0.000000,-5.497293,5.610840,-0.000284,40.326653,-3.003349,-0.000040,40.715065,6797.606,2,0.000000,4,4,112.117676,1,0,0
574,9.566667,55.004696,-0.000005,-4.824516,5.616407,-0.000284,40.366669,-3.003350,-0.000045,40.755470,6804.204,2,0.000000,4,4,112.225548,1,0,0
575,9.583333,55.098396,-0.000009,-4.151076,5.621925,-0.000276,40.406384,-3.003350,-0.000048,40.795563,6810.750,2,0.000000,4,4,112.332573,1,0,0
576,9.600000,55.192188,-0.000013,-3.476979,5.627392,-0.000259,40.445797,-3.003351,-0.000050,40.835350,6817.245,2,0.000000,4,4,112.438759,1,0,0
577,9.616667,55.286068,-0.000017,-2.802231,5.632808,-0.000235,40.484913,-3.003352,-0.000049,40.874847,6823.689,2,0.000000,4,4,112.544106,1,0,0
578,9.633333,55.380039,-0.000021,-2.126836,5.638174,-0.000207,40.523727,-3.003352,-0.000046,40.914024,6830.083,2,0.000000,4,4,112.648628,1,0,0
579,9.650000,55.474094,-0.000024,-1.450798,5.643491,-0.000172,40.562241,-3.003353,-0.000043,40.952904,6836.426,2,0.000000,4,4,112.752327,1,0,0
580,9.666667,55.568241,-0.000026,-0.774124,5.648761,-0.000134,40.600460,-3.003354,-0.000038,40.991486,6842.719,3,0.000000,4,5,121.575821,1,0,0
581,9.683333,55.663292,-0.000030,-0.090937,5.703074,-0.000259,40.991211,-3.003354,-0.000020,41.385983,6842.719,3,0.000000,4,5,119.491302,1,0,0
582,9.700000,55.759113,-0.000033,0.597770,5.749119,-0.000159,41.322407,-3.003355,-0.000065,41.720325,6748.743,3,0.000000,4,5,117.358749,1,0,0
583,9.716666,55.855335,-0.000030,1.289389,5.773377,0.000155,41.497150,-3.003360,-0.000262,41.896702,6641.839,3,0.000000,4,5,115.771118,1,0,0
584,9.733334,55.951736,-0.000021,1.982284,5.783924,0.000531,41.573647,-3.003365,-0.000325,41.973869,6526.960,3,0.000000,4,5,114.993416,1,0,0
585,9.750000,56.048321,-0.000008,2.676539,5.795129,0.000839,41.655300,-3.003371,-0.000341,42.056236,6412.278,3,0.000000,4,5,114.226089,1,0,0
586,9.766666,56.145016,0.000011,3.371593,5.801585,0.001090,41.703239,-3.003376,-0.000325,42.104561,6293.039,3,0.000000,4,5,113.649635,1,0,0
587,9.783334,56.241737,0.000032,4.066876,5.803231,0.001259,41.716980,-3.003381,-0.000280,42.118366,6172.618,3,0.000000,4,5,113.279816,1,0,0
588,9.800000,56.338417,0.000054,4.761879,5.800599,0.001323,41.700222,-3.003384,-0.000214,42.101402,6053.087,3,0.000000,4,5,113.109245,1,0,0
589,9.816667,56.434994,0.000075,5.456203,5.794611,0.001269,41.659416,-3.003386,-0.000133,42.060165,5936.146,3,0.000000,4,5,113.112801,1,0,0
590,9.833333,56.531433,0.000093,6.149576,5.786529,0.001092,41.602375,-3.003389,-0.000137,42.002586,5822.922,3,0.000000,4,5,113.253601,1,0,0
591,9.850000,56.627724,0.000106,6.841861,5.777328,0.000798,41.537144,-3.003391,-0.000129,41.936752,5713.879,3,0.000000,4,5,113.488991,1,0,0
592,9.866667,56.723835,0.000113,7.532893,5.766759,0.000407,41.461910,-3.003393,-0.000136,41.860840,5608.844,3,0.000000,4,5,113.775848,1,0,0
593,9.883333,56.819798,0.000112,8.222834,5.757551,-0.000065,41.396439,-3.003395,-0.000117,41.794781,5507.107,3,0.000000,4,5,114.070038,1,0,0
594,9.900000,56.915642,0.000102,8.911949,5.750593,-0.000579,41.346966,-3.003397,-0.000084,41.744877,5407.399,3,0.000000,4,5,114.340599,1,0,0
595,9.916667,57.011497,0.000084,9.601192,5.751587,-0.001109,41.354542,-3.003396,0.000065,41.752556,5308.473,3,0.000000,4,5,114.373283,1,0,0
596,9.933333,57.107357,0.000058,10.290421,5.751424,-0.001559,41.353695,-3.003392,0.000194,41.751713,5200.369,3,0.000000,4,5,114.398232,1,0,0
597,9.950000,57.203213,0.000026,10.979630,5.751268,-0.001916,41.352543,-3.003388,0.000265,41.750568,5201.503,3,0.000000,4,5,114.995369,1,0,0
598,9.966666,57.299107,-0.000010,11.669137,5.753817,-0.002177,41.370426,-3.003383,0.000314,41.768631,5228.654,3,0.000000,4,5,115.482315,1,0,0
599,9.983334,57.395092,-0.000049,12.359278,5.759244,-0.002321,41.408405,-3.003377,0.000337,41.806995,5250.795,3,0.000000,4,5,115.845383,1,0,0
600,10.000000,57.491215,-0.000088,13.050367,5.767384,-0.002338,41.465355,-3.003372,0.000327,41.864521,5267.303,3,0.000000,4,5,116.088280,1,0,0
601,10.016666,57.587502,-0.000125,13.742604,5.777222,-0.002223,41.534241,-3.003367,0.000276,41.934097,5278.348,3,0.000000,4,5,116.225998,1,0,0
602,10.033334,57.683968,-0.000158,14.436089,5.787921,-0.001979,41.609047,-3.003364,0.000202,42.009670,5284.608,3,0.000000,4,5,116.279060,1,0,0
603,10.050000,57.780617,-0.000185,15.130835,5.798759,-0.001624,41.684780,-3.003362,0.000115,42.086170,5287.022,3,0.000000,4,5,116.270592,1,0,0
604,10.066667,57.877483,-0.000205,15.827161,5.812146,-0.001187,41.779575,-3.003360,0.000101,42.181908,5286.637,3,0.000000,4,5,116.223732,1,0,0
605,10.083333,57.974445,-0.000216,16.524141,5.817739,-0.000650,41.818817,-3.003360,0.000014,42.221546,5284.506,3,0.000000,4,5,116.418365,1,0,0
606,10.100000,58.071564,-0.000217,17.222250,5.827202,-0.000107,41.886562,-3.003360,-0.000005,42.289951,5293.355,3,0.000000,4,5,116.481331,1,0,0
607,10.116667,58.168766,-0.000210,17.920935,5.832016,0.000459,41.921062,-3.003360,-0.000009,42.324787,5296.218,3,0.000000,4,5,116.698082,1,0,0
608,10.133333,58.266113,-0.000194,18.620678,5.840850,0.000977,41.984505,-3.003360,-0.000002,42.388840,5306.074,3,0.000000,4,5,116.783989,1,0,0
609,10.150000,58.363552,-0.000169,19.321077,5.846353,0.001466,42.023994,-3.003360,-0.000011,42.428699,5309.980,3,0.000000,4,5,116.979912,1,0,0
610,10.166667,58.461147,-0.000138,20.022600,5.855744,0.001870,42.091446,-3.003360,-0.000012,42.496792,5318.888,3,0.000000,4,5,117.045738,1,0,0
611,10.183333,58.558826,-0.000101,20.724712,5.860644,0.002219,42.126621,-3.003361,-0.000022,42.532288,5321.881,3,0.000000,4,5,117.260323,1,0,0
612,10.200000,58.656651,-0.000060,21.427883,5.869495,0.002454,42.190228,-3.003361,-0.000021,42.596485,5331.638,3,0.000000,4,5,117.345406,1,0,0
613,10.216666,58.754566,-0.000017,22.131708,5.874965,0.002609,42.229561,-3.003361,-0.000031,42.636173,5335.506,3,0.000000,4,5,117.541786,1,0,0
614,10.233334,58.852638,0.000028,22.836651,5.884276,0.002644,42.296547,-3.003362,-0.000029,42.703781,5344.436,3,0.000000,4,5,117.609222,1,0,0
615,10.250000,58.950794,0.000071,23.542181,5.889188,0.002604,42.331944,-3.003363,-0.000035,42.739494,5347.502,3,0.000000,4,5,117.822174,1,0,0
616,10.266666,59.049091,0.000112,24.248774,5.898006,0.002446,42.395466,-3.003363,-0.000029,42.803616,5357.185,3,0.000000,4,5,117.906456,1,0,0
617,10.283334,59.147484,0.000149,24.956013,5.903403,0.002221,42.434425,-3.003364,-0.000033,42.842926,5361.017,3,0.000000,4,5,118.103363,1,0,0
618,10.300000,59.246025,0.000180,25.664362,5.912622,0.001899,42.500900,-3.003364,-0.000026,42.910023,5369.970,3,0.000000,4,5,118.171829,1,0,0
619,10.316667,59.344650,0.000206,26.373301,5.917509,0.001539,42.536251,-3.003364,-0.000027,42.945694,5373.083,3,0.000000,4,5,118.383636,1,0,0
620,10.333333,59.443424,0.000224,27.083294,5.926291,0.001109,42.599609,-3.003365,-0.000018,43.009659,5382.713,3,0.000000,4,5,118.466957,1,0,0
621,10.350000,59.542282,0.000236,27.793928,5.931617,0.000666,42.638042,-3.003365,-0.000028,43.048458,5386.502,3,0.000000,4,5,118.664597,1,0,0
622,10.366667,59.641293,0.000239,28.505661,5.940769,0.000187,42.704021,-3.003366,-0.000024,43.115082,5395.488,3,0.000000,4,5,118.733658,1,0,0
623,10.383333,59.740387,0.000234,29.217981,5.945641,-0.000268,42.739189,-3.003366,-0.000030,43.150593,5398.629,3,0.000000,4,5,118.944588,1,0,0
624,10.400000,59.839630,0.000222,29.931355,5.954405,-0.000728,42.802402,-3.003366,-0.000024,43.214413,5408.218,3,0.000000,4,5,119.026642,1,0,0
625,10.416667,59.938957,0.000203,30.645359,5.959646,-0.001137,42.840225,-3.003367,-0.000032,43.252609,5411.950,3,0.000000,4,5,119.225182,1,0,0
626,10.433333,60.038437,0.000178,31.360455,5.968733,-0.001522,42.905750,-3.003367,-0.000027,43.318775,5420.977,3,0.000000,4,5,119.294525,1,0,0
627,10.450000,60.137993,0.000147,32.076134,5.973574,-0.001826,42.940723,-3.003368,-0.000032,43.354099,5424.130,3,0.000000,4,5,119.504524,1,0,0
628,10.466666,60.237701,0.000113,32.792866,5.982326,-0.002087,43.003868,-3.003368,-0.000024,43.417866,5433.678,3,0.000000,4,5,119.584953,1,0,0
629,10.483334,60.337494,0.000075,33.510216,5.987484,-0.002254,43.041088,-3.003369,-0.000032,43.455456,5437.335,3,0.000000,4,5,119.784401,1,0,0
630,10.500000,60.437435,0.000036,34.228653,5.996517,-0.002366,43.106220,-3.003369,-0.000027,43.521225,5446.404,3,0.000000,4,5,119.853874,1,0,0
631,10.516666,60.537457,-0.000004,34.947670,6.001342,-0.002375,43.141068,-3.003370,-0.000033,43.556408,5449.562,3,0.000000,4,5,120.062767,1,0,0
632,10.533334,60.637627,-0.000043,35.667740,6.010097,-0.002330,43.204227,-3.003370,-0.000024,43.620186,5459.061,3,0.000000,4,5,120.141373,1,0,0
633,10.550000,60.737877,-0.000079,36.388424,6.015185,-0.002193,43.240940,-3.003371,-0.000033,43.657269,5462.635,3,0.000000,4,5,120.341476,1,0,0
634,10.566667,60.838280,-0.000113,37.110184,6.024176,-0.002010,43.305752,-3.003371,-0.000028,43.722702,5471.733,3,0.000000,4,5,120.410950,1,0,0
635,10.583333,60.938766,-0.000142,37.832527,6.028996,-0.001745,43.340557,-3.003372,-0.000032,43.757843,5474.892,3,0.000000,4,5,120.618568,1,0,0
636,10.600000,61.039394,-0.000166,38.555920,6.037760,-0.001456,43.403770,-3.003372,-0.000023,43.821671,5484.332,3,0.000000,4,5,120.695381,1,0,0
637,10.616667,61.140106,-0.000185,39.279922,6.042797,-0.001108,43.440090,-3.003373,-0.000032,43.858337,5487.825,3,0.000000,4,5,120.895828,1,0,0
638,10.633333,61.240971,-0.000197,40.004997,6.051752,-0.000758,43.504627,-3.003373,-0.000027,43.923500,5496.939,3,0.000000,4,5,120.965271,1,0,0
639,10.650000,61.341915,-0.000204,40.730656,6.056578,-0.000373,43.539459,-3.003374,-0.000031,43.958660,5500.096,3,0.000000,4,5,121.171516,1,0,0
640,10.666667,61.443005,-0.000204,41.457367,6.065351,-0.000011,43.602715,-3.003374,-0.000022,44.022522,5509.473,3,0.000000,4,5,121.246742,1,0,0
641,10.683333,61.544174,-0.000198,42.184681,6.070350,0.000360,43.638737,-3.003375,-0.000031,44.058887,5512.895,3,0.000000,4,5,121.447250,1,0,0
642,10.700000,61.645496,-0.000186,42.913067,6.079271,0.000686,43.703011,-3.003375,-0.000027,44.123775,5522.011,3,0.000000,4,5,121.516678,1,0,0
643,10.716666,61.746899,-0.000170,43.642029,6.084100,0.001002,43.737881,-3.003376,-0.000029,44.158978,5525.168,3,0.000000,4,5,121.721573,1,0,0
644,10.733334,61.848450,-0.000149,44.372047,6.092881,0.001255,43.801136,-3.003376,-0.000025,44.222832,5534.484,3,0.000000,4,5,121.795464,1,0,0
645,10.750000,61.950077,-0.000124,45.102665,6.097843,0.001480,43.836918,-3.003376,-0.000031,44.258957,5537.843,3,0.000000,4,5,121.995834,1,0,0
646,10.766666,62.051857,-0.000097,45.834347,6.106726,0.001631,43.900928,-3.003377,-0.000025,44.323578,5546.954,3,0.000000,4,5,122.065231,1,0,0
647,10.783334,62.153717,-0.000068,46.566608,6.111562,0.001749,43.935799,-3.003377,-0.000031,44.358780,5550.109,3,0.000000,4,5,122.268906,1,0,0
648,10.800000,62.255718,-0.000038,47.299923,6.120330,0.001787,43.998985,-3.003378,-0.000026,44.422558,5559.370,3,0.000000,4,5,122.341728,1,0,0
649,10.816667,62.357807,-0.000008,48.033836,6.125258,0.001790,44.034531,-3.003378,-0.000032,44.458435,5562.682,3,0.000000,4,5,122.541870,1,0,0
650,10.833333,62.460045,0.000020,48.768803,6.134100,0.001717,44.098259,-3.003379,-0.000025,44.522778,5571.782,3,0.000000,4,5,122.611198,1,0,0
651,10.850000,62.562363,0.000047,49.504356,6.138926,0.001617,44.133068,-3.003379,-0.000032,44.557911,5574.934,3,0.000000,4,5,122.813850,1,0,0
652,10.866667,62.664822,0.000072,50.240959,6.147675,0.001449,44.196125,-3.003380,-0.000026,44.621563,5584.148,3,0.000000,4,5,122.885765,1,0,0
653,10.883333,62.767365,0.000093,50.978149,6.152565,0.001266,44.231403,-3.003380,-0.000033,44.657173,5587.417,3,0.000000,4,5,123.085670,1,0,0
654,10.900000,62.870056,0.000110,51.716396,6.161366,0.001030,44.294838,-3.003381,-0.000027,44.721214,5596.507,3,0.000000,4,5,123.154846,1,0,0
655,10.916667,62.972824,0.000123,52.455219,6.166171,0.000794,44.329514,-3.003381,-0.000032,44.756218,5599.653,3,0.000000,4,5,123.356628,1,0,0
656,10.933333,63.075741,0.000132,53.195091,6.174893,0.000523,44.392403,-3.003382,-0.000025,44.819706,5608.827,3,0.000000,4,5,123.427696,1,0,0
657,10.950000,63.178738,0.000136,53.935547,6.179742,0.000266,44.427387,-3.003382,-0.000032,44.855022,5612.059,3,0.000000,4,5,123.627396,1,0,0
658,10.966666,63.281879,0.000136,54.677055,6.188500,-0.000008,44.490528,-3.003383,-0.000026,44.918762,5621.139,3,0.000000,4,5,123.696320,1,0,0
659,10.983334,63.385101,0.000132,55.419136,6.193278,-0.000250,44.525013,-3.003383,-0.000032,44.953579,5624.272,3,0.000000,4,5,123.897392,1,0,0
660,11.000000,63.488468,0.000124,56.162266,6.201973,-0.000494,44.587715,-3.003384,-0.000025,45.016884,5633.415,3,0.000000,4,5,123.967644,1,0,0
661,11.016666,63.591915,0.000112,56.905972,6.206779,-0.000695,44.622387,-3.003384,-0.000033,45.051891,5636.609,3,0.000000,4,5,124.167130,1,0,0
662,11.033334,63.695507,0.000097,57.650723,6.215497,-0.000885,44.685249,-3.003385,-0.000027,45.115353,5645.680,3,0.000000,4,5,124.235680,1,0,0
663,11.050000,63.799179,0.000080,58.396046,6.220243,-0.001021,44.719517,-3.003385,-0.000033,45.149948,5648.796,3,0.000000,4,5,124.436127,1,0,0
664,11.066667,63.902992,0.000061,59.142414,6.228910,-0.001140,44.782032,-3.003386,-0.000026,45.213074,5657.910,3,0.000000,4,5,124.505547,1,0,0
665,11.083333,64.006882,0.000041,59.889355,6.233672,-0.001201,44.816402,-3.003386,-0.000033,45.247768,5661.067,3,0.000000,4,5,124.704781,1,0,0
666,11.100000,64.110924,0.000021,60.637337,6.242354,-0.001243,44.879013,-3.003386,-0.000027,45.310986,5670.125,3,0.000000,4,5,124.772858,1,0,0
667,11.116667,64.215042,0.000000,61.385891,6.247070,-0.001225,44.913063,-3.003387,-0.000034,45.345367,5673.221,3,0.000000,4,5,124.972710,1,0,0
668,11.133333,64.319305,-0.000020,62.135483,6.255712,-0.001193,44.975399,-3.003387,-0.000027,45.408298,5682.308,3,0.000000,4,5,125.041313,1,0,0
669,11.150000,64.423645,-0.000038,62.885639,6.260434,-0.001106,45.009495,-3.003388,-0.000034,45.442722,5685.427,3,0.000000,4,5,125.240227,1,0,0
670,11.166667,64.528130,-0.000055,63.636837,6.269084,-0.001009,45.071880,-3.003388,-0.000027,45.505714,5694.472,3,0.000000,4,5,125.307762,1,0,0
671,11.183333,64.632690,-0.000069,64.388596,6.273771,-0.000867,45.105724,-3.003389,-0.000033,45.539883,5697.542,3,0.000000,4,5,125.507027,1,0,0
672,11.200000,64.737396,-0.000081,65.141396,6.282390,-0.000725,45.167892,-3.003390,-0.000026,45.602642,5706.603,3,0.000000,4,5,125.574844,1,0,0
673,11.216666,64.842178,-0.000091,65.894753,6.287081,-0.000548,45.201748,-3.003390,-0.000034,45.636826,5709.686,3,0.000000,4,5,125.773331,1,0,0
674,11.233334,64.947105,-0.000097,66.649147,6.295703,-0.000383,45.263931,-3.003391,-0.000027,45.699596,5718.710,3,0.000000,4,5,125.840286,1,0,0
675,11.250000,65.052109,-0.000100,67.404106,6.300364,-0.000193,45.297585,-3.003391,-0.000033,45.733585,5721.755,3,0.000000,4,5,126.038940,1,0,0
676,11.266666,65.157257,-0.000101,68.160103,6.308959,-0.000028,45.359585,-3.003392,-0.000026,45.796177,5730.788,3,0.000000,4,5,126.106018,1,0,0
677,11.283334,65.262482,-0.000098,68.916656,6.313621,0.000152,45.393234,-3.003392,-0.000033,45.830147,5733.838,3,0.000000,4,5,126.303986,1,0,0
678,11.300000,65.367851,-0.000093,69.674248,6.322216,0.000299,45.455219,-3.003392,-0.000027,45.892723,5742.839,3,0.000000,4,5,126.370346,1,0,0
679,11.316667,65.473297,-0.000086,70.432396,6.326853,0.000451,45.488701,-3.003393,-0.000033,45.926517,5745.856,3,0.000000,4,5,126.568359,1,0,0
680,11.333333,65.578888,-0.000076,71.191574,6.335425,0.000561,45.550526,-3.003393,-0.000026,45.988934,5754.860,3,0.000000,4,5,126.634743,1,0,0
681,11.350000,65.684555,-0.000065,71.951309,6.340060,0.000670,45.583981,-3.003394,-0.000032,46.022709,5757.877,3,0.000000,4,5,126.832176,1,0,0
682,11.366667,65.790367,-0.000053,72.712074,6.348628,0.000734,45.645767,-3.003394,-0.000026,46.085087,5766.855,3,0.000000,4,5,126.897972,1,0,0
683,11.383333,65.896255,-0.000040,73.473389,6.353242,0.000794,45.679073,-3.003395,-0.000032,46.118713,5769.847,3,0.000000,4,5,127.095337,1,0,0
684,11.400000,66.002289,-0.000026,74.235733,6.361790,0.000805,45.740711,-3.003395,-0.000025,46.180935,5778.821,3,0.000000,4,5,127.161072,1,0,0
685,11.416667,66.108398,-0.000013,74.998634,6.366398,0.000814,45.773972,-3.003396,-0.000031,46.214508,5781.809,3,0.000000,4,5,127.357925,1,0,0
686,11.433333,66.214645,0.000000,75.762558,6.374938,0.000777,45.835552,-3.003396,-0.000025,46.276680,5790.760,3,0.000000,4,5,127.423149,1,0,0
687,11.450000,66.320969,0.000013,76.527039,6.379527,0.000740,45.868675,-3.003397,-0.000031,46.310116,5793.725,3,0.000000,4,5,127.619873,1,0,0
688,11.466666,66.427437,0.000024,77.292542,6.388047,0.000662,45.930111,-3.003397,-0.000024,46.372135,5802.670,3,0.000000,4,5,127.684982,1,0,0
689,11.483334,66.533981,0.000033,78.058594,6.392628,0.000589,45.963169,-3.003398,-0.000031,46.405514,5805.631,3,0.000000,4,5,127.881256,1,0,0
690,11.500000,66.640671,0.000041,78.825661,6.401137,0.000481,46.024529,-3.003398,-0.000025,46.467453,5814.555,3,0.000000,4,5,127.945915,1,0,0
691,11.516666,66.747429,0.000048,79.593285,6.405698,0.000385,46.057449,-3.003399,-0.000031,46.500698,5817.495,3,0.000000,4,5,128.142029,1,0,0
692,11.533334,66.854332,0.000052,80.361931,6.414187,0.000261,46.118671,-3.003399,-0.000024,46.562496,5826.412,3,0.000000,4,5,128.206528,1,0,0
693,11.550000,66.961311,0.000055,81.131126,6.418737,0.000157,46.151512,-3.003400,-0.000031,46.595650,5829.345,3,0.000000,4,5,128.402237,1,0,0
694,11.566667,67.068428,0.000055,81.901337,6.427216,0.000032,46.212646,-3.003400,-0.000024,46.657364,5838.243,3,0.000000,4,5,128.466324,1,0,0
695,11.583333,67.175621,0.000054,82.672089,6.431747,-0.000067,46.245354,-3.003401,-0.000031,46.690384,5841.157,3,0.000000,4,5,128.661850,1,0,0
696,11.600000,67.282959,0.000051,83.443863,6.440207,-0.000179,46.306358,-3.003401,-0.000025,46.751980,5850.047,3,0.000000,4,5,128.725739,1,0,0
697,11.616667,67.390373,0.000047,84.216179,6.444725,-0.000262,46.338970,-3.003402,-0.000031,46.784908,5852.952,3,0.000000,4,5,128.920914,1,0,0
698,11.633333,67.497925,0.000041,84.989510,6.453170,-0.000351,46.399879,-3.003402,-0.000024,46.846397,5861.827,3,0.000000,4,5,128.984406,1,0,0
699,11.650000,67.605553,0.000034,85.763382,6.457671,-0.000406,46.432362,-3.003402,-0.000031,46.879189,5864.713,3,0.000000,4,5,129.179367,1,0,0
700,11.666667,67.713318,0.000027,86.538269,6.466100,-0.000466,46.493145,-3.003403,-0.000025,46.940548,5873.578,3,0.000000,4,5,129.242630,1,0,0
701,11.683333,67.821159,0.000018,87.313698,6.470585,-0.000489,46.525532,-3.003403,-0.000031,46.973248,5876.454,3,0.000000,4,5,129.437241,1,0,0
702,11.700000,67.929146,0.000010,88.090134,6.478999,-0.000517,46.586216,-3.003404,-0.000024,47.034519,5885.303,3,0.000000,4,5,129.500137,1,0,0
703,11.716666,68.037201,0.000001,88.867104,6.483468,-0.000509,46.618473,-3.003404,-0.000031,47.067085,5888.163,3,0.000000,4,5,129.694534,1,0,0
704,11.733334,68.145401,-0.000007,89.645088,6.491865,-0.000506,46.679035,-3.003405,-0.000025,47.128227,5897.002,3,0.000000,4,5,129.757187,1,0,0
705,11.750000,68.253670,-0.000015,90.423607,6.496319,-0.000468,46.711197,-3.003405,-0.000031,47.160694,5899.851,3,0.000000,4,5,129.951248,1,0,0
706,11.766666,68.362083,-0.000022,91.203140,6.504703,-0.000438,46.771664,-3.003406,-0.000025,47.221741,5908.674,3,0.000000,4,5,130.013519,1,0,0
707,11.783334,68.470566,-0.000029,91.983200,6.509140,-0.000376,46.803703,-3.003406,-0.000031,47.254089,5911.505,3,0.000000,4,5,130.207336,1,0,0
708,11.800000,68.579193,-0.000034,92.764267,6.517506,-0.000328,46.864052,-3.003407,-0.000024,47.315018,5920.317,3,0.000000,4,5,130.269363,1,0,0
709,11.816667,68.687889,-0.000038,93.545868,6.521931,-0.000250,46.895996,-3.003407,-0.000031,47.347263,5923.138,3,0.000000,4,5,130.462860,1,0,0
710,11.833333,68.796730,-0.000041,94.328468,6.530284,-0.000191,46.956249,-3.003407,-0.000025,47.408092,5931.936,3,0.000000,4,5,130.524536,1,0,0
711,11.850000,68.905640,-0.000043,95.111603,6.534693,-0.000107,46.988079,-3.003408,-0.000031,47.440228,5934.741,3,0.000000,4,5,130.717773,1,0,0
712,11.866667,69.014687,-0.000044,95.895737,6.543030,-0.000046,47.048222,-3.003408,-0.000024,47.500942,5943.527,3,0.000000,4,5,130.779175,1,0,0
713,11.883333,69.123810,-0.000043,96.680405,6.547425,0.000034,47.079956,-3.003409,-0.000031,47.532978,5946.318,3,0.000000,4,5,130.972076,1,0,0
714,11.900000,69.233070,-0.000042,97.466072,6.555749,0.000089,47.139996,-3.003409,-0.000024,47.593605,5955.090,3,0.000000,4,5,131.033127,1,0,0
715,11.916667,69.342407,-0.000039,98.252266,6.560129,0.000158,47.171619,-3.003410,-0.000031,47.625523,5957.866,3,0.000000,4,5,131.225754,1,0,0
716,11.933333,69.451881,-0.000036,99.039459,6.568437,0.000198,47.231548,-3.003410,-0.000024,47.686028,5966.624,3,0.000000,4,5,131.286545,1,0,0
717,11.950000,69.561432,-0.000032,99.827179,6.572804,0.000252,47.263081,-3.003411,-0.000031,47.717857,5969.388,3,0.000000,4,5,131.478836,1,0,0
718,11.966666,69.671120,-0.000027,100.615898,6.581098,0.000274,47.322906,-3.003411,-0.000024,47.778255,5978.131,3,0.000000,4,5,131.539291,1,0,0
719,11.983334,69.780876,-0.000022,101.405136,6.585450,0.000309,47.354328,-3.003412,-0.000031,47.809975,5980.880,3,0.000000,4,5,131.731308,1,0,0
720,12.000000,69.890770,-0.000017,102.195374,6.593729,0.000311,47.414043,-3.003412,-0.000024,47.870262,5989.611,3,0.000000,4,5,131.791489,1,0,0
721,12.016666,70.000740,-0.000011,102.986130,6.598068,0.000325,47.445374,-3.003412,-0.000030,47.901890,5992.346,3,0.000000,4,5,131.983170,1,0,0
722,12.033334,70.110847,-0.000006,103.777878,6.606333,0.000308,47.504986,-3.003413,-0.000023,47.962078,6001.062,3,0.000000,4,5,132.043015,1,0,0
723,12.050000,70.221024,-0.000001,104.570145,6.610657,0.000302,47.536201,-3.003413,-0.000030,47.993591,6003.783,3,0.000000,4,5,132.234421,1,0,0
724,12.066667,70.331337,0.000003,105.363411,6.618906,0.000268,47.595695,-3.003414,-0.000024,48.053654,6012.486,3,0.000000,4,5,132.294022,1,0,0
725,12.083333,70.441727,0.000007,106.157188,6.623217,0.000249,47.626820,-3.003414,-0.000030,48.085075,6015.196,3,0.000000,4,5,132.485062,1,0,0
726,12.100000,70.552254,0.000011,106.951958,6.631451,0.000203,47.686214,-3.003415,-0.000022,48.145035,6023.883,3,0.000000,4,5,132.544312,1,0,0
727,12.116667,70.662849,0.000014,107.747246,6.635746,0.000174,47.717224,-3.003415,-0.000029,48.176338,6026.577,3,0.000000,4,5,132.735092,1,0,0
728,12.133333,70.773582,0.000016,108.543510,6.643965,0.000120,47.776493,-3.003415,-0.000023,48.236172,6035.251,3,0.000000,4,5,132.794098,1,0,0
729,12.150000,70.884384,0.000017,109.340302,6.648247,0.000087,47.807407,-3.003416,-0.000029,48.267380,6037.934,3,0.000000,4,5,132.984512,1,0,0
730,12.166667,70.995323,0.000018,110.138077,6.656450,0.000032,47.866577,-3.003416,-0.000022,48.327114,6046.592,3,0.000000,4,5,133.043167,1,0,0
731,12.183333,71.106339,0.000018,110.936363,6.660717,-0.000000,47.897377,-3.003417,-0.000029,48.358215,6049.259,3,0.000000,4,5,133.233322,1,0,0
732,12.200000,71.217484,0.000017,111.735634,6.668904,-0.000052,47.956421,-3.003417,-0.000023,48.417824,6057.904,3,0.000000,4,5,133.291718,1,0,0
733,12.216666,71.328705,0.000015,112.535416,6.673155,-0.000078,47.987118,-3.003418,-0.000029,48.448814,6060.560,3,0.000000,4,5,133.481537,1,0,0
734,12.233334,71.440063,0.000013,113.336182,6.681325,-0.000121,48.046055,-3.003418,-0.000022,48.508312,6069.190,3,0.000000,4,5,133.539612,1,0,0
735,12.250000,71.551491,0.000011,114.137466,6.685562,-0.000138,48.076645,-3.003418,-0.000029,48.539192,6071.831,3,0.000000,4,5,133.729126,1,0,0
736,12.266666,71.663055,0.000008,114.939728,6.693717,-0.000171,48.135468,-3.003419,-0.000023,48.598579,6080.448,3,0.000000,4,5,133.786911,1,0,0
737,12.283334,71.774689,0.000005,115.742493,6.697938,-0.000175,48.165947,-3.003419,-0.000029,48.629345,6083.075,3,0.000000,4,5,133.976120,1,0,0
738,12.300000,71.886459,0.000002,116.546234,6.706077,-0.000196,48.224651,-3.003420,-0.000022,48.688614,6091.679,3,0.000000,4,5,134.033630,1,0,0
739,12.316667,71.998299,-0.000001,117.350487,6.710284,-0.000188,48.255028,-3.003420,-0.000029,48.719284,6094.293,3,0.000000,4,5,134.222519,1,0,0
740,12.333333,72.110275,-0.000004,118.155716,6.718408,-0.000198,48.313625,-3.003421,-0.000023,48.778442,6102.882,3,0.000000,4,5,134.279709,1,0,0
741,12.350000,72.222321,-0.000007,118.961449,6.722600,-0.000178,48.343891,-3.003421,-0.000029,48.808994,6105.482,3,0.000000,4,5,134.468307,1,0,0
742,12.366667,72.334496,-0.000010,119.768158,6.730708,-0.000176,48.402370,-3.003421,-0.000023,48.868034,6114.058,3,0.000000,4,5,134.525223,1,0,0
743,12.383333,72.446747,-0.000013,120.575363,6.734884,-0.000148,48.432529,-3.003422,-0.000029,48.898479,6116.646,3,0.000000,4,5,134.713486,1,0,0
744,12.400000,72.559128,-0.000015,121.383545,6.742975,-0.000138,48.490898,-3.003422,-0.000022,48.957405,6125.206,3,0.000000,4,5,134.770081,1,0,0
745,12.416667,72.671577,-0.000017,122.192230,6.747136,-0.000103,48.520950,-3.003423,-0.000029,48.987743,6127.779,3,0.000000,4,5,134.958054,1,0,0
746,12.433333,72.784164,-0.000018,123.001884,6.755211,-0.000089,48.579205,-3.003423,-0.000022,49.046562,6136.326,3,0.000000,4,5,135.014359,1,0,0
747,12.450000,72.896820,-0.000019,123.812035,6.759359,-0.000052,48.609158,-3.003424,-0.000029,49.076797,6138.886,3,0.000000,4,5,135.201965,1,0,0
748,12.466666,73.009613,-0.000020,124.623154,6.767418,-0.000036,48.667297,-3.003424,-0.000023,49.135494,6147.416,3,0.000000,4,5,135.257904,1,0,0
749,12.483334,73.122475,-0.000020,125.434769,6.771549,0.000001,48.697128,-3.003424,-0.000029,49.165604,6149.959,3,0.000000,4,5,135.445190,1,0,0
750,12.500000,73.235466,-0.000019,126.247353,6.779590,0.000015,48.755142,-3.003425,-0.000022,49.224174,6158.475,3,0.000000,4,5,135.500778,1,0,0
751,12.516666,73.348518,-0.000019,127.060432,6.783706,0.000049,48.784866,-3.003425,-0.000028,49.254192,6161.002,3,0.000000,4,5,135.687637,1,0,0
752,12.533334,73.461716,-0.000018,127.874481,6.791731,0.000058,48.842754,-3.003426,-0.000022,49.312630,6169.498,3,0.000000,4,5,135.742828,1,0,0
753,12.550000,73.574982,-0.000016,128.689026,6.795828,0.000087,48.872349,-3.003426,-0.000028,49.342503,6172.008,3,0.000000,4,5,135.929321,1,0,0
754,12.566667,73.688377,-0.000015,129.504532,6.803832,0.000090,48.930092,-3.003427,-0.000022,49.400795,6180.488,3,0.000000,4,5,135.984161,1,0,0
755,12.583333,73.801842,-0.000013,130.320526,6.807914,0.000112,48.959568,-3.003427,-0.000028,49.430550,6182.981,3,0.000000,4,5,136.170181,1,0,0
756,12.600000,73.915443,-0.000011,131.137482,6.815899,0.000108,49.017170,-3.003427,-0.000021,49.488716,6191.438,3,0.000000,4,5,136.224609,1,0,0
757,12.616667,74.029106,-0.000009,131.954926,6.819963,0.000121,49.046516,-3.003428,-0.000027,49.518337,6193.914,3,0.000000,4,5,136.410172,1,0,0
758,12.633333,74.142906,-0.000007,132.773331,6.827927,0.000110,49.103962,-3.003428,-0.000021,49.576332,6202.351,3,0.000000,4,5,136.464218,1,0,0
759,12.650000,74.256775,-0.000005,133.592224,6.831973,0.000117,49.133171,-3.003428,-0.000028,49.605820,6204.809,3,0.000000,4,5,136.649323,1,0,0
760,12.666667,74.370773,-0.000004,134.412064,6.839915,0.000099,49.190456,-3.003429,-0.000022,49.663654,6213.225,3,0.000000,4,5,136.702972,1,0,0
761,12.683333,74.484840,-0.000002,135.232391,6.843942,0.000100,49.219536,-3.003429,-0.000028,49.693005,6215.665,3,0.000000,4,5,136.887543,1,0,0
762,12.700000,74.599037,-0.000001,136.053665,6.851861,0.000078,49.276657,-3.003430,-0.000021,49.750675,6224.057,3,0.000000,4,5,136.940765,1,0,0
763,12.716666,74.713303,0.000001,136.875427,6.855868,0.000075,49.305592,-3.003430,-0.000028,49.779881,6226.476,3,0.000000,4,5,137.124847,1,0,0
764,12.733334,74.827698,0.000002,137.698135,6.863762,0.000049,49.362534,-3.003431,-0.000021,49.837368,6234.846,3,0.000000,4,5,137.177689,1,0,0
765,12.750000,74.942162,0.000002,138.521317,6.867750,0.000044,49.391331,-3.003431,-0.000028,49.866451,6237.249,3,0.000000,4,5,137.361191,1,0,0
766,12.766666,75.056755,0.000003,139.345459,6.875620,0.000017,49.448097,-3.003431,-0.000021,49.923756,6245.592,3,0.000000,4,5,137.413589,1,0,0
767,12.783334,75.171417,0.000003,140.170074,6.879586,0.000011,49.476742,-3.003432,-0.000027,49.952675,6247.975,3,0.000000,4,5,137.596558,1,0,0
768,12.800000,75.286209,0.000002,140.995636,6.887428,-0.000015,49.533314,-3.003432,-0.000020,50.009785,6256.294,3,0.000000,4,5,137.648560,1,0,0
769,12.816667,75.401062,0.000002,141.821671,6.891376,-0.000018,49.561817,-3.003433,-0.000028,50.038559,6258.659,3,0.000000,4,5,137.830917,1,0,0
770,12.833333,75.516052,0.000001,142.648636,6.899192,-0.000042,49.618206,-3.003433,-0.000022,50.095482,6266.950,3,0.000000,4,5,137.882462,1,0,0
771,12.850000,75.631104,0.000001,143.476074,6.903116,-0.000042,49.646549,-3.003433,-0.000028,50.124096,6269.294,3,0.000000,4,5,138.064240,1,0,0
772,12.866667,75.746284,-0.000000,144.304459,6.910903,-0.000061,49.702732,-3.003434,-0.000021,50.180817,6277.559,3,0.000000,4,5,138.115387,1,0,0
773,12.883333,75.861534,-0.000001,145.133301,6.914805,-0.000058,49.730919,-3.003434,-0.000028,50.209286,6279.885,3,0.000000,4,5,138.296539,1,0,0
774,12.900000,75.976913,-0.000002,145.963089,6.922565,-0.000073,49.786900,-3.003435,-0.000022,50.265797,6288.122,3,0.000000,4,5,138.347229,1,0,0
775,12.916667,76.092354,-0.000004,146.793335,6.926445,-0.000065,49.814930,-3.003435,-0.000028,50.294098,6290.426,3,0.000000,4,5,138.527740,1,0,0
776,12.933333,76.207924,-0.000005,147.624512,6.934174,-0.000076,49.870701,-3.003435,-0.000021,50.350399,6298.633,3,0.000000,4,5,138.577988,1,0,0
777,12.950000,76.323555,-0.000006,148.456146,6.938031,-0.000063,49.898563,-3.003436,-0.000028,50.378525,6300.918,3,0.000000,4,5,138.757858,1,0,0
778,12.966666,76.439316,-0.000007,149.288712,6.945730,-0.000070,49.954113,-3.003436,-0.000021,50.434605,6309.096,3,0.000000,4,5,138.807678,1,0,0
779,12.983334,76.555145,-0.000008,150.121735,6.949566,-0.000054,49.981815,-3.003437,-0.000027,50.462566,6311.362,3,0.000000,4,5,138.986862,1,0,0
780,13.000000,76.671097,-0.000009,150.955688,6.957236,-0.000058,50.037151,-3.003437,-0.000020,50.518433,6319.509,3,0.000000,4,5,139.036209,1,0,0
781,13.016666,76.787117,-0.000010,151.790100,6.961048,-0.000039,50.064686,-3.003438,-0.000027,50.546234,6321.752,3,0.000000,4,5,139.214722,1,0,0
782,13.033334,76.903259,-0.000010,152.625427,6.968686,-0.000042,50.119789,-3.003438,-0.000021,50.601868,6329.869,3,0.000000,4,5,139.263641,1,0,0
783,13.050000,77.019470,-0.000011,153.461212,6.972474,-0.000022,50.147160,-3.003438,-0.000027,50.629498,6332.094,3,0.000000,4,5,139.441422,1,0,0
784,13.066667,77.135803,-0.000011,154.297913,6.980080,-0.000022,50.202038,-3.003439,-0.000021,50.684898,6340.177,3,0.000000,4,5,139.489853,1,0,0
785,13.083333,77.252197,-0.000011,155.135071,6.983844,-0.000002,50.229229,-3.003439,-0.000027,50.712349,6342.379,3,0.000000,4,5,139.666946,1,0,0
786,13.100000,77.368721,-0.000011,155.973129,6.991417,-0.000004,50.283867,-3.003439,-0.000021,50.767506,6350.431,3,0.000000,4,5,139.714951,1,0,0
787,13.116667,77.485306,-0.000011,156.811646,6.995158,0.000016,50.310890,-3.003440,-0.000027,50.794788,6352.614,3,0.000000,4,5,139.891281,1,0,0
788,13.133333,77.602020,-0.000011,157.651062,7.002698,0.000014,50.365288,-3.003440,-0.000020,50.849705,6360.631,3,0.000000,4,5,139.938812,1,0,0
789,13.150000,77.718796,-0.000010,158.490936,7.006414,0.000032,50.392136,-3.003441,-0.000027,50.876820,6362.792,3,0.000000,4,5,140.114395,1,0,0
790,13.166667,77.835693,-0.000010,159.331711,7.013919,0.000026,50.446289,-3.003441,-0.000021,50.931492,6370.776,3,0.000000,4,5,140.161469,1,0,0
791,13.183333,77.952652,-0.000009,160.172928,7.017611,0.000041,50.472958,-3.003442,-0.000027,50.958408,6372.916,3,0.000000,4,5,140.336288,1,0,0
792,13.200000,78.069740,-0.000008,161.015045,7.025082,0.000034,50.526863,-3.003442,-0.000021,51.012825,6380.865,3,0.000000,4,5,140.382889,1,0,0
793,13.216666,78.186890,-0.000008,161.857605,7.028749,0.000046,50.553352,-3.003442,-0.000026,51.039570,6382.984,3,0.000000,4,5,140.556915,1,0,0
794,13.233334,78.304161,-0.000007,162.701050,7.036184,0.000036,50.607002,-3.003443,-0.000020,51.093731,6390.897,3,0.000000,4,5,140.603043,1,0,0
795,13.250000,78.421494,-0.000006,163.544937,7.039825,0.000046,50.633312,-3.003443,-0.000026,51.120289,6392.994,3,0.000000,4,5,140.776291,1,0,0
796,13.266666,78.538948,-0.000006,164.389709,7.047225,0.000034,50.686703,-3.003443,-0.000020,51.174191,6400.872,3,0.000000,4,5,140.821960,1,0,0
797,13.283334,78.656464,-0.000005,165.234924,7.050841,0.000042,50.712830,-3.003444,-0.000027,51.200577,6402.947,3,0.000000,4,5,140.994385,1,0,0
798,13.300000,78.774101,-0.000004,166.081024,7.058205,0.000027,50.765957,-3.003444,-0.000021,51.254211,6410.788,3,0.000000,4,5,141.039581,1,0,0
799,13.316667,78.891800,-0.000004,166.927551,7.061795,0.000033,50.791897,-3.003445,-0.000027,51.280399,6412.842,3,0.000000,4,5,141.211197,1,0,0
800,13.333333,79.009621,-0.000004,167.774963,7.069121,0.000017,50.844761,-3.003445,-0.000021,51.333767,6420.646,3,0.000000,4,5,141.255905,1,0,0
801,13.350000,79.127502,-0.000003,168.622803,7.072685,0.000022,50.870510,-3.003445,-0.000026,51.359756,6422.679,3,0.000000,4,5,141.426697,1,0,0
802,13.366667,79.245499,-0.000003,169.471527,7.079973,0.000006,50.923100,-3.003446,-0.000020,51.412849,6430.444,3,0.000000,4,5,141.470947,1,0,0
803,13.383333,79.363556,-0.000003,170.320663,7.083511,0.000011,50.948666,-3.003446,-0.000026,51.438656,6432.457,3,0.000000,4,5,141.640854,1,0,0
804,13.400000,79.481735,-0.000003,171.170685,7.090763,-0.000005,51.000988,-3.003447,-0.000020,51.491478,6440.182,3,0.000000,4,5,141.684601,1,0,0
805,13.416667,79.599976,-0.000003,172.021118,7.094274,0.000001,51.026360,-3.003447,-0.000026,51.517105,6442.170,3,0.000000,4,5,141.853683,1,0,0
806,13.433333,79.718330,-0.000003,172.872421,7.101484,-0.000015,51.078396,-3.003447,-0.000019,51.569633,6449.858,3,0.000000,4,5,141.896973,1,0,0
807,13.450000,79.836746,-0.000003,173.724152,7.104970,-0.000009,51.103580,-3.003448,-0.000025,51.595055,6451.827,3,0.000000,4,5,142.065170,1,0,0
808,13.466666,79.955284,-0.000004,174.576736,7.112144,-0.000023,51.155338,-3.003448,-0.000020,51.647308,6459.475,3,0.000000,4,5,142.107971,1,0,0
809,13.483334,80.073875,-0.000004,175.429749,7.115602,-0.000015,51.180325,-3.003448,-0.000026,51.672527,6461.421,3,0.000000,4,5,142.275314,1,0,0
810,13.500000,80.192589,-0.000005,176.283615,7.122736,-0.000027,51.231800,-3.003449,-0.000019,51.724506,6469.029,3,0.000000,4,5,142.317642,1,0,0
811,13.516666,80.311356,-0.000005,177.137894,7.126168,-0.000019,51.256596,-3.003449,-0.000025,51.749535,6470.955,3,0.000000,4,5,142.484085,1,0,0
812,13.533334,80.430244,-0.000005,177.993027,7.133262,-0.000030,51.307785,-3.003449,-0.000019,51.801212,6478.522,3,0.000000,4,5,142.525925,1,0,0
813,13.550000,80.549187,-0.000006,178.848572,7.136667,-0.000020,51.332382,-3.003450,-0.000025,51.826042,6480.424,3,0.000000,4,5,142.691467,1,0,0
814,13.566667,80.668251,-0.000006,179.704956,7.143720,-0.000029,51.383278,-3.003450,-0.000019,51.877422,6487.951,3,0.000000,4,5,142.732834,1,0,0
815,13.583333,80.787369,-0.000006,180.561752,7.147097,-0.000018,51.407681,-3.003451,-0.000025,51.902058,6489.833,3,0.000000,4,5,142.897476,1,0,0
816,13.600000,80.906601,-0.000007,181.419388,7.154109,-0.000025,51.458286,-3.003451,-0.000019,51.953144,6497.318,3,0.000000,4,5,142.938354,1,0,0
817,13.616667,81.025894,-0.000007,182.277435,7.157460,-0.000012,51.482494,-3.003451,-0.000025,51.977585,6499.177,3,0.000000,4,5,143.102066,1,0,0
818,13.633333,81.145302,-0.000007,183.136322,7.164432,-0.000019,51.532803,-3.003452,-0.000019,52.028370,6506.621,3,0.000000,4,5,143.142456,1,0,0
819,13.650000,81.264763,-0.000008,183.995621,7.167753,-0.000006,51.556805,-3.003452,-0.000025,52.052612,6508.457,3,0.000000,4,5,143.305267,1,0,0
820,13.666667,81.384338,-0.000008,184.855728,7.174683,-0.000013,51.606812,-3.003452,-0.000019,52.103096,6515.860,3,0.000000,4,5,143.345200,1,0,0
821,13.683333,81.503975,-0.000008,185.716232,7.177978,0.000001,51.630623,-3.003453,-0.000025,52.127136,6517.676,3,0.000000,4,5,143.507050,1,0,0
822,13.700000,81.623726,-0.000008,186.577576,7.184866,-0.000006,51.680336,-3.003453,-0.000019,52.177322,6525.035,3,0.000000,4,5,143.546463,1,0,0
823,13.716666,81.743530,-0.000008,187.439301,7.188132,0.000007,51.703941,-3.003453,-0.000025,52.201153,6526.827,3,0.000000,4,5,143.707413,1,0,0
824,13.733334,81.863449,-0.000008,188.301849,7.194977,0.000000,51.753345,-3.003454,-0.000019,52.251022,6534.145,3,0.000000,4,5,143.746384,1,0,0
825,13.750000,81.983421,-0.000008,189.164795,7.198216,0.000013,51.776756,-3.003454,-0.000024,52.274658,6535.917,3,0.000000,4,5,143.906357,1,0,0
826,13.766666,82.103508,-0.000007,190.028564,7.205021,0.000005,51.825863,-3.003454,-0.000018,52.324234,6543.190,3,0.000000,4,5,143.944809,1,0,0
827,13.783334,82.223648,-0.000007,190.892715,7.208231,0.000017,51.849064,-3.003455,-0.000024,52.347668,6544.938,3,0.000000,4,5,144.103867,1,0,0
828,13.800000,82.343895,-0.000007,191.757675,7.214992,0.000008,51.897858,-3.003455,-0.000018,52.396923,6552.171,3,0.000000,4,5,144.141876,1,0,0
829,13.816667,82.464195,-0.000007,192.623016,7.218175,0.000019,51.920868,-3.003456,-0.000024,52.420151,6553.900,3,0.000000,4,5,144.299927,1,0,0
830,13.833333,82.584610,-0.000007,193.489166,7.224895,0.000009,51.969360,-3.003456,-0.000019,52.469105,6561.085,3,0.000000,4,5,144.337418,1,0,0
831,13.850000,82.705078,-0.000006,194.355698,7.228049,0.000019,51.992157,-3.003456,-0.000024,52.492119,6562.790,3,0.000000,4,5,144.494537,1,0,0
832,13.866667,82.825661,-0.000006,195.223038,7.234724,0.000009,52.040333,-3.003457,-0.000018,52.540760,6569.934,3,0.000000,4,5,144.531586,1,0,0
833,13.883333,82.946289,-0.000006,196.090759,7.237850,0.000018,52.062931,-3.003457,-0.000024,52.563568,6571.618,3,0.000000,4,5,144.687729,1,0,0
834,13.900000,83.067032,-0.000006,196.959274,7.244483,0.000007,52.110798,-3.003457,-0.000018,52.611893,6578.718,3,0.000000,4,5,144.724274,1,0,0
835,13.916667,83.187828,-0.000005,197.828156,7.247582,0.000016,52.133194,-3.003458,-0.000024,52.634502,6580.380,3,0.000000,4,5,144.879440,1,0,0
836,13.933333,83.308731,-0.000005,198.697830,7.254172,0.000005,52.180748,-3.003458,-0.000019,52.682518,6587.435,3,0.000000,4,5,144.915497,1,0,0
837,13.950000,83.429688,-0.000005,199.567871,7.257241,0.000012,52.202934,-3.003458,-0.000024,52.704914,6589.075,3,0.000000,4,5,145.069702,1,0,0
838,13.966666,83.550751,-0.000005,200.438705,7.263785,0.000001,52.250172,-3.003459,-0.000018,52.752605,6596.086,3,0.000000,4,5,145.105301,1,0,0
839,13.983334,83.671867,-0.000005,201.309906,7.266828,0.000008,52.272163,-3.003459,-0.000024,52.774799,6597.705,3,0.000000,4,5,145.258484,1,0,0
840,14.000000,83.793091,-0.000005,202.181885,7.273330,-0.000003,52.319088,-3.003459,-0.000018,52.822174,6604.669,3,0.000000,4,5,145.293594,1,0,0
841,14.016666,83.914360,-0.000005,203.054230,7.276343,0.000004,52.340866,-3.003460,-0.000023,52.844154,6606.266,3,0.000000,4,5,145.445816,1,0,0
842,14.033334,84.035744,-0.000005,203.927353,7.282801,-0.000007,52.387466,-3.003460,-0.000017,52.891201,6613.188,3,0.000000,4,5,145.480469,1,0,0
843,14.050000,84.157173,-0.000005,204.800842,7.285787,0.000001,52.409046,-3.003460,-0.000023,52.912987,6614.763,3,0.000000,4,5,145.631683,1,0,0
844,14.066667,84.278709,-0.000005,205.675095,7.292201,-0.000009,52.455334,-3.003461,-0.000018,52.959713,6621.639,3,0.000000,4,5,145.665833,1,0,0
845,14.083333,84.400299,-0.000005,206.549713,7.295156,-0.000001,52.476707,-3.003461,-0.000023,52.981308,6623.191,3,0.000000,4,5,145.816071,1,0,0
846,14.100000,84.521988,-0.000005,207.425095,7.301524,-0.000011,52.522671,-3.003461,-0.000017,53.027699,6630.022,3,0.000000,4,5,145.849762,1,0,0
847,14.116667,84.643730,-0.000005,208.300827,7.304453,-0.000003,52.543842,-3.003462,-0.000023,53.049072,6631.554,3,0.000000,4,5,145.998993,1,0,0
848,14.133333,84.765579,-0.000006,209.177322,7.310778,-0.000012,52.589489,-3.003462,-0.000018,53.095154,6638.339,3,0.000000,4,5,146.032211,1,0,0
849,14.150000,84.887474,-0.000006,210.054169,7.313678,-0.000002,52.610455,-3.003463,-0.000023,53.116318,6639.850,3,0.000000,4,5,146.180435,1,0,0
850,14.166667,85.009476,-0.000006,210.931763,7.319957,-0.000011,52.655781,-3.003463,-0.000017,53.162090,6646.589,3,0.000000,4,5,146.213181,1,0,0
851,14.183333,85.131523,-0.000006,211.809708,7.322828,-0.000002,52.676537,-3.003463,-0.000023,53.183041,6648.078,3,0.000000,4,5,146.360413,1,0,0
852,14.200000,85.253677,-0.000006,212.688400,7.329062,-0.000011,52.721539,-3.003464,-0.000017,53.228470,6654.773,3,0.000000,4,5,146.392715,1,0,0
853,14.216666,85.375877,-0.000006,213.567429,7.331906,-0.000001,52.742100,-3.003464,-0.000023,53.249226,6656.241,3,0.000000,4,5,146.538925,1,0,0
854,14.233334,85.498177,-0.000006,214.447205,7.338097,-0.000010,52.786781,-3.003464,-0.000018,53.294331,6662.889,3,0.000000,4,5,146.570740,1,0,0
855,14.250000,85.620522,-0.000006,215.327316,7.340910,0.000000,52.807129,-3.003464,-0.000023,53.314873,6664.336,3,0.000000,4,5,146.715973,1,0,0
856,14.266666,85.742973,-0.000006,216.208176,7.347054,-0.000008,52.851486,-3.003465,-0.000016,53.359653,6670.939,3,0.000000,4,5,146.747345,1,0,0
857,14.283334,85.865471,-0.000006,217.089371,7.349842,0.000003,52.871639,-3.003465,-0.000022,53.379993,6672.366,3,0.000000,4,5,146.891541,1,0,0
858,14.300000,85.988068,-0.000006,217.971298,7.355943,-0.000005,52.915676,-3.003465,-0.000017,53.424454,6678.922,3,0.000000,4,5,146.922424,1,0,0
859,14.316667,86.110710,-0.000006,218.853561,7.358701,0.000005,52.935619,-3.003466,-0.000022,53.444584,6680.326,3,0.000000,4,5,147.065628,1,0,0
860,14.333333,86.233459,-0.000006,219.736557,7.364756,-0.000003,52.979328,-3.003466,-0.000016,53.488720,6686.837,3,0.000000,4,5,147.096069,1,0,0
861,14.350000,86.356255,-0.000006,220.619873,7.367487,0.000007,52.999073,-3.003466,-0.000022,53.508656,6688.222,3,0.000000,4,5,147.238251,1,0,0
862,14.366667,86.479149,-0.000006,221.503922,7.373498,-0.000002,53.042461,-3.003467,-0.000016,53.552460,6694.686,3,0.000000,4,5,147.268219,1,0,0
863,14.383333,86.602089,-0.000006,222.388290,7.376200,0.000008,53.061996,-3.003467,-0.000022,53.572182,6696.049,3,0.000000,4,5,147.409409,1,0,0
864,14.400000,86.725128,-0.000006,223.273376,7.382165,-0.000000,53.105061,-3.003467,-0.000016,53.615650,6702.468,3,0.000000,4,5,147.438934,1,0,0
865,14.416667,86.848206,-0.000006,224.158783,7.384840,0.000009,53.124401,-3.003468,-0.000021,53.635170,6703.811,3,0.000000,4,5,147.579086,1,0,0
866,14.433333,86.971382,-0.000006,225.044907,7.390761,-0.000000,53.167145,-3.003468,-0.000015,53.678322,6710.184,3,0.000000,4,5,147.608139,1,0,0
867,14.450000,87.094604,-0.000006,225.931351,7.393407,0.000009,53.186275,-3.003468,-0.000022,53.697632,6711.505,3,0.000000,4,5,147.747314,1,0,0
868,14.466666,87.217926,-0.000006,226.818497,7.399283,-0.000000,53.228691,-3.003469,-0.000017,53.740452,6717.833,3,0.000000,4,5,147.775955,1,0,0
869,14.483334,87.341293,-0.000006,227.705978,7.401901,0.000009,53.247623,-3.003469,-0.000022,53.759567,6719.135,3,0.000000,4,5,147.914093,1,0,0
870,14.500000,87.464752,-0.000006,228.594131,7.407731,0.000001,53.289719,-3.003469,-0.000016,53.802071,6725.416,3,0.000000,4,5,147.942261,1,0,0
871,14.516666,87.588257,-0.000006,229.482620,7.410321,0.000008,53.308453,-3.003469,-0.000021,53.820980,6726.697,3,0.000000,4,5,148.079391,1,0,0
872,14.533334,87.711861,-0.000006,230.371796,7.416107,-0.000001,53.350224,-3.003470,-0.000016,53.863155,6732.932,3,0.000000,4,5,148.107117,1,0,0
873,14.550000,87.835503,-0.000006,231.261276,7.418670,0.000007,53.368755,-3.003470,-0.000021,53.881863,6734.192,3,0.000000,4,5,148.243240,1,0,0
874,14.566667,87.959244,-0.000006,232.151443,7.424411,-0.000002,53.410202,-3.003470,-0.000016,53.923702,6740.381,3,0.000000,4,5,148.270523,1,0,0
875,14.583333,88.083023,-0.000006,233.041916,7.426946,0.000006,53.428535,-3.003471,-0.000021,53.942211,6741.622,3,0.000000,4,5,148.405640,1,0,0
876,14.600000,88.206902,-0.000006,233.933075,7.432643,-0.000003,53.469662,-3.003471,-0.000016,53.983727,6747.766,3,0.000000,4,5,148.432480,1,0,0
877,14.616667,88.330818,-0.000005,234.824539,7.435149,0.000006,53.487793,-3.003471,-0.000021,54.002033,6748.986,3,0.000000,4,5,148.566605,1,0,0
878,14.633333,88.454834,-0.000006,235.716690,7.440801,-0.000004,53.528595,-3.003472,-0.000016,54.043221,6755.084,3,0.000000,4,5,148.593018,1,0,0
879,14.650000,88.578888,-0.000005,236.609131,7.443280,0.000005,53.546532,-3.003472,-0.000021,54.061325,6756.285,3,0.000000,4,5,148.726105,1,0,0
880,14.666667,88.703033,-0.000006,237.502243,7.448888,-0.000004,53.587017,-3.003472,-0.000016,54.102211,6762.337,3,0.000000,4,5,148.752060,1,0,0
881,14.683333,88.827225,-0.000005,238.395660,7.451339,0.000003,53.604752,-3.003473,-0.000021,54.120113,6763.517,3,0.000000,4,5,148.884171,1,0,0
882,14.700000,88.951508,-0.000006,239.289749,7.456902,-0.000006,53.644913,-3.003473,-0.000015,54.160656,6769.523,3,0.000000,4,5,148.909714,1,0,0
883,14.716666,89.075829,-0.000006,240.184128,7.459328,0.000002,53.662453,-3.003473,-0.000021,54.178364,6770.685,3,0.000000,4,5,149.040817,1,0,0
884,14.733334,89.200241,-0.000006,241.079163,7.464847,-0.000006,53.702297,-3.003474,-0.000016,54.218586,6776.646,3,0.000000,4,5,149.065918,1,0,0
885,14.750000,89.324692,-0.000006,241.974487,7.467244,0.000002,53.719639,-3.003474,-0.000021,54.236088,6777.787,3,0.000000,4,5,149.196014,1,0,0
886,14.766666,89.449234,-0.000006,242.870468,7.472718,-0.000006,53.759163,-3.003474,-0.000016,54.275990,6783.703,3,0.000000,4,5,149.220688,1,0,0
887,14.783334,89.573822,-0.000006,243.766739,7.475088,0.000003,53.776310,-3.003474,-0.000021,54.293301,6784.825,3,0.000000,4,5,149.349808,1,0,0
888,14.800000,89.698494,-0.000006,244.663666,7.480517,-0.000006,53.815514,-3.003475,-0.000016,54.332878,6790.695,3,0.000000,4,5,149.374069,1,0,0
889,14.816667,89.823212,-0.000006,245.560867,7.482862,0.000003,53.832470,-3.003475,-0.000020,54.349998,6791.798,3,0.000000,4,5,149.502167,1,0,0
890,14.833333,89.948013,-0.000006,246.458725,7.488248,-0.000005,53.871361,-3.003475,-0.000015,54.389271,6797.623,3,0.000000,4,5,149.525986,1,0,0
891,14.850000,90.072853,-0.000006,247.356857,7.490565,0.000004,53.888115,-3.003476,-0.000021,54.406181,6798.706,3,0.000000,4,5,149.653122,1,0,0
892,14.866667,90.197784,-0.000006,248.255630,7.495907,-0.000004,53.926682,-3.003476,-0.000017,54.445110,6804.487,3,0.000000,4,5,149.676559,1,0,0
893,14.883333,90.322754,-0.000006,249.154678,7.498196,0.000004,53.943253,-3.003476,-0.000021,54.461834,6805.552,3,0.000000,4,5,149.802673,1,0,0
894,14.900000,90.447815,-0.000006,250.054367,7.503494,-0.000003,53.981510,-3.003477,-0.000015,54.500462,6811.286,3,0.000000,4,5,149.825653,1,0,0
895,14.916667,90.572914,-0.000006,250.954330,7.505757,0.000005,53.997887,-3.003477,-0.000020,54.517002,6812.331,3,0.000000,4,5,149.950806,1,0,0
896,14.933333,90.698097,-0.000006,251.854935,7.511012,-0.000004,54.035824,-3.003477,-0.000016,54.555290,6818.021,3,0.000000,4,5,149.973404,1,0,0
897,14.950000,90.823318,-0.000006,252.755798,7.513249,0.000005,54.052010,-3.003478,-0.000020,54.571632,6819.049,3,0.000000,4,5,150.097565,1,0,0
898,14.966666,90.948624,-0.000006,253.657288,7.518460,-0.000003,54.089638,-3.003478,-0.000015,54.609615,6824.694,3,0.000000,4,5,150.119720,1,0,0
899,14.983334,91.073967,-0.000006,254.559052,7.520670,0.000005,54.105629,-3.003478,-0.000020,54.625755,6825.702,3,0.000000,4,5,150.242920,1,0,0
900,15.000000,91.199394,-0.000006,255.461441,7.525836,-0.000002,54.142941,-3.003478,-0.000015,54.663429,6831.304,3,0.000000,4,5,150.264694,1,0,0
