frame,time,x,y,z,vx,vy,vz,yaw,yaw_rate,speed,rpm,gear,steer,grounded,original_gear,shaft_spin,throttle,brake,handbrake,up_x,up_y,up_z,right_x,right_y,right_z,omega_x,omega_z,last_push_x,last_push_y,last_push_z,wheel0_grounded,wheel0_x,wheel0_load,wheel0_f_lat,wheel0_f_long,wheel0_bristle_lat,wheel0_bristle_long,wheel0_omega,wheel1_grounded,wheel1_x,wheel1_load,wheel1_f_lat,wheel1_f_long,wheel1_bristle_lat,wheel1_bristle_long,wheel1_omega,wheel2_grounded,wheel2_x,wheel2_load,wheel2_f_lat,wheel2_f_long,wheel2_bristle_lat,wheel2_bristle_long,wheel2_omega,wheel3_grounded,wheel3_x,wheel3_load,wheel3_f_lat,wheel3_f_long,wheel3_bristle_lat,wheel3_bristle_long,wheel3_omega,force_x,force_y,force_z,torque_x,torque_y,torque_z,impulse_x,impulse_y,impulse_z,angular_impulse_x,angular_impulse_y,angular_impulse_z,applied_push_x,applied_push_y,applied_push_z
0,0.000000,0.000000,-0.000000,0.000000,-0.000000,-0.000000,0.000000,-0.000029,0.000000,-0.000000,862.546,0,0.000000,4,2,0.000000,1,0,0,-0.000180,1.000000,0.000331,1.000000,0.000180,0.000029,0.000000,0.000000,0.000000,0.000000,0.000000,1,-0.000632,6970.049805,0.000041,-0.000010,-0.000000,-0.000000,0.000000,1,-0.000945,6956.900879,0.000046,-0.000018,-0.000000,0.000000,0.000000,1,0.001322,5781.716309,-0.000036,0.000006,0.000000,-0.000000,0.000000,1,0.001021,5771.344727,0.000009,-0.000034,0.000000,0.000000,0.000000,0.000061,25480.019531,0.000056,-0.010724,-0.000001,-0.010738,0.000000,0.000000,0.000000,0.000000,0.000000,0.000000,0.000000,0.000000,0.000000
1,0.016667,0.000000,-0.000000,0.000000,-0.000000,-0.000000,0.000000,-0.000029,0.000000,-0.000000,976.613,0,0.000000,4,2,0.000000,1,0,0,-0.000180,1.000000,0.000331,1.000000,0.000180,0.000029,0.000000,-0.000000,0.000000,0.000000,0.000000,1,-0.000632,6970.047363,0.000138,0.000017,-0.000000,-0.000000,0.000000,1,-0.000945,6956.900879,0.000143,0.000008,-0.000000,0.000000,0.000000,1,0.001322,5781.713379,0.000043,0.000028,0.000000,-0.000000,0.000000,1,0.001021,5771.346680,0.000089,-0.000013,-0.000000,0.000000,0.000000,0.000413,25480.011719,-0.000040,-0.011701,-0.000009,0.007013,0.000000,0.000000,0.000000,0.000000,0.000000,0.000000,0.000000,0.000000,0.000000
2,0.033333,0.000000,-0.000000,0.000000,-0.000000,0.000000,0.000000,-0.000029,-0.000000,-0.000000,1092.005,0,0.000000,4,2,0.000000,1,0,0,-0.000180,1.000000,0.000331,1.000000,0.000180,0.000029,-0.000000,-0.000000,0.000000,0.000000,0.000000,1,-0.000632,6970.047363,0.000101,0.000052,-0.000000,-0.000000,0.000000,1,-0.000945,6956.900879,0.000106,0.000044,-0.000000,-0.000000,0.000000,1,0.001322,5781.713379,0.000014,0.000057,0.000000,-0.000000,0.000000,1,0.001021,5771.343750,0.000059,0.000017,-0.000000,0.000000,0.000000,0.000279,25480.005859,-0.000170,-0.003888,-0.000004,-0.000854,0.000000,0.000000,0.000000,0.000000,0.000000,0.000000,0.000000,0.000000,0.000000
3,0.050000,0.000000,-0.000000,0.000000,0.000000,0.000000,0.000000,-0.000029,-0.000000,-0.000000,1208.666,0,0.000000,4,2,0.000000,1,0,0,-0.000180,1.000000,0.000331,1.000000,0.000180,0.000029,-0.000000,-0.000000,0.000000,0.000000,0.000000,1,-0.000632,6970.047363,0.000105,0.000069,-0.000000,-0.000000,0.000000,1,-0.000945,6956.900879,0.000110,0.000061,-0.000000,-0.000000,0.000000,1,0.001322,5781.708496,0.000017,0.000070,-0.000000,-0.000000,0.000000,1,0.001021,5771.338867,0.000062,0.000030,-0.000000,-0.000000,0.000000,0.000293,25479.992188,-0.000230,0.019549,-0.000002,-0.001342,0.000000,0.000000,0.000000,0.000000,0.000000,0.000000,0.000000,0.000000,0.000000
4,0.066667,0.000000,-0.000000,0.000000,0.000000,0.000000,-0.000000,-0.000029,-0.000000,0.000000,1326.537,0,0.000000,4,2,0.000000,1,0,0,-0.000180,1.000000,0.000331,1.000000,0.000180,0.000029,0.000000,-0.000000,0.000000,0.000000,0.000000,1,-0.000632,6970.047363,0.000107,0.000016,-0.000000,-0.000000,0.000000,1,-0.000945,6956.900879,0.000112,0.000008,-0.000000,-0.000000,0.000000,1,0.001322,5781.711426,0.000019,0.000027,-0.000000,-0.000000,0.000000,1,0.001021,5771.346680,0.000064,-0.000013,-0.000000,0.000000,0.000000,0.000303,25480.007812,-0.000039,-0.008771,-0.000003,0.008538,0.000000,0.000000,0.000000,0.000000,0.000000,0.000000,0.000000,0.000000,0.000000
5,0.083333,0.000000,-0.000000,0.000000,0.000000,0.000000,-0.000000,-0.000029,-0.000000,0.000000,1445.556,0,0.000000,4,2,0.000000,1,0,0,-0.000180,1.000000,0.000331,1.000000,0.000180,0.000029,-0.000000,0.000000,0.000000,0.000000,0.000000,1,-0.000632,6970.047363,0.000027,0.000029,-0.000000,-0.000000,0.000000,1,-0.000945,6956.900879,0.000032,0.000021,-0.000000,-0.000000,0.000000,1,0.001322,5781.711426,-0.000046,0.000037,0.000000,-0.000000,0.000000,1,0.001021,5771.343750,-0.000000,-0.000002,-0.000000,0.000000,0.000000,0.000013,25480.003906,-0.000086,-0.000959,0.000004,0.000671,0.000000,0.000000,0.000000,0.000000,0.000000,0.000000,0.000000,0.000000,0.000000
6,0.100000,0.000000,0.000000,0.000000,0.000000,0.000000,-0.000000,-0.000029,-0.000000,0.000000,1565.658,0,0.000000,4,2,0.000000,1,0,0,-0.000180,1.000000,0.000331,1.000000,0.000180,0.000029,-0.000000,0.000000,0.000000,0.000000,0.000000,1,-0.000632,6970.042480,-0.000004,0.000025,-0.000000,-0.000000,0.000000,1,-0.000945,6956.900879,0.000001,0.000018,-0.000000,-0.000000,0.000000,1,0.001322,5781.711426,-0.000071,0.000034,0.000000,-0.000000,0.000000,1,0.001021,5771.333984,-0.000026,-0.000005,-0.000000,0.000000,0.000000,-0.000099,25479.982422,-0.000072,0.010760,0.000007,-0.008228,0.000000,0.000000,0.000000,0.000000,0.000000,0.000000,0.000000,0.000000,0.000000
7,0.116667,0.000000,0.000000,0.000000,0.000000,0.000000,-0.000000,-0.000029,-0.000000,0.000000,1565.658,0,0.000000,4,2,8.131288,1,0,0,-0.000180,1.000000,0.000331,1.000000,0.000180,0.000029,0.000000,-0.000000,0.000000,0.000000,0.000000,1,-0.000632,6970.044922,0.000041,-0.000011,-0.000000,-0.000000,0.000000,1,-0.000945,6956.900879,0.000046,-0.000019,-0.000000,-0.000000,0.000000,1,0.001322,5781.711426,-0.000034,12226.167969,0.000000,-0.049447,8.131288,1,0.001021,5771.350098,0.000011,12226.167969,-0.000000,-0.049447,8.131288,0.720052,25480.009766,-24452.335938,2733.718750,-1.791793,0.099959,0.000000,0.000000,0.000000,0.000000,0.000000,0.000000,0.000000,0.000000,0.000000
8,0.133333,0.000000,-0.000002,-0.005127,0.000009,-0.000144,-0.313491,-0.000030,-0.000009,0.313491,1355.627,0,0.000000,4,2,8.312123,1,0,0,-0.000180,1.000000,0.000557,1.000000,0.000180,0.000030,0.013566,-0.000001,0.000000,0.000000,0.000000,1,-0.000940,6944.431152,-0.058899,-1583.414429,0.000000,0.005250,0.000000,1,-0.001254,6931.297363,-0.058891,-1583.338867,0.000000,0.005250,0.000000,1,0.001699,5813.826172,0.059680,15738.065430,-0.000000,-0.094743,8.312123,1,0.001398,5803.441895,0.059723,15738.123047,-0.000000,-0.094743,8.312123,0.840403,25493.050781,-28309.406250,2876.254883,-6.724267,-0.048199,0.000000,0.000000,0.000000,0.000000,0.000000,0.000000,0.000000,0.000000,0.000000
9,0.150000,0.000000,-0.000005,-0.016479,0.000020,-0.000141,-0.676433,-0.000030,-0.000042,0.676432,1385.776,0,0.000000,4,2,8.381642,1,0,0,-0.000180,0.999999,0.001021,1.000000,0.000180,0.000030,0.027840,-0.000003,0.000000,0.000000,0.000000,1,-0.001576,6904.359375,-0.303991,-3638.367188,0.000001,0.015365,0.209205,1,-0.001889,6891.257324,-0.303996,-3637.994629,0.000001,0.015364,0.209194,1,0.002470,5860.459961,0.294839,17581.378906,-0.000001,-0.134386,8.381642,1,0.002169,5850.065918,0.294365,17550.197266,-0.000001,-0.134387,8.381642,0.828170,25505.865234,-27855.078125,2368.072266,-37.658577,-0.188287,0.000000,0.000000,0.000000,0.000000,0.000000,0.000000,0.000000,0.000000,0.000000
10,0.166667,0.000000,-0.000004,-0.033691,0.000031,0.000043,-1.033549,-0.000034,-0.000227,1.033548,1397.366,0,0.000000,4,2,8.393042,1,0,0,-0.000180,0.999999,0.001681,1.000000,0.000180,0.000034,0.039592,-0.000007,0.000000,0.000000,0.000000,1,-0.002484,6855.197266,-1.665204,-5686.458984,0.000006,0.028517,0.717067,1,-0.002797,6842.125488,-1.665131,-5684.433594,0.000006,0.028510,0.717002,1,0.003563,5914.603027,1.460723,17743.808594,-0.000008,-0.168120,8.392786,1,0.003263,5904.208496,1.458077,17712.625000,-0.000008,-0.168131,8.393297,0.414700,25515.119141,-24085.220703,1462.036621,-34.684578,-0.397543,0.000000,0.000000,0.000000,0.000000,0.000000,0.000000,0.000000,0.000000,0.000000
11,0.183333,0.000000,0.000002,-0.056152,0.000036,0.000385,-1.342334,-0.000041,-0.000397,1.342331,1399.266,0,0.000000,4,2,8.399313,1,0,0,-0.000180,0.999997,0.002462,1.000000,0.000180,0.000041,0.046849,-0.000014,0.000000,0.000000,0.000000,1,-0.003565,6803.045898,-3.339996,-7309.239258,0.000015,0.042168,1.522588,1,-0.003877,6790.032227,-3.340110,-7305.541992,0.000015,0.042151,1.522229,1,0.004850,5969.170410,3.308622,8356.837891,-0.000019,-0.163013,8.398802,1,0.004550,5958.771484,3.300970,8342.279297,-0.000019,-0.163023,8.399824,0.015074,25518.966797,-2083.794922,-1407.178711,-12.075311,-0.559811,0.000000,0.000000,0.000000,0.000000,0.000000,0.000000,0.000000,0.000000,0.000000
12,0.200000,0.000000,0.000018,-0.078857,0.000036,0.000927,-1.369049,-0.000048,-0.000457,1.369045,1400.312,0,0.000000,4,2,8.706467,1,0,0,-0.000180,0.999995,0.003126,1.000000,0.000179,0.000049,0.039868,-0.000020,0.000000,0.000000,0.000000,1,-0.004494,6770.488281,-4.671353,-7149.817383,0.000025,0.050223,2.563957,1,-0.004806,6757.532715,-4.671293,-7145.482422,0.000025,0.050198,2.563060,1,0.005936,5996.655273,4.025388,17989.964844,-0.000032,-0.193055,8.705813,1,0.005636,5986.270020,4.017478,17958.810547,-0.000032,-0.193086,8.707120,-0.242995,25507.656250,-21652.914062,688.656250,-20.118494,0.249996,0.000000,0.000000,0.000000,0.000000,0.000000,0.000000,0.000000,0.000000,0.000000
13,0.216667,0.000000,0.000038,-0.106323,0.000033,0.001220,-1.646651,-0.000058,-0.000556,1.646643,1451.520,0,0.000000,4,2,8.707079,1,0,0,-0.000179,0.999993,0.003848,1.000000,0.000179,0.000058,0.043287,-0.000017,0.000000,0.000000,0.000000,1,-0.005507,6724.946289,-6.306871,-7671.544434,0.000037,0.057018,3.582155,1,-0.005819,6712.023926,-6.306806,-7666.542969,0.000037,0.056986,3.580628,1,0.007111,6042.133301,5.472342,8458.984375,-0.000049,-0.187761,8.706171,1,0.006812,6031.742676,5.457317,8444.437500,-0.000049,-0.187791,8.707987,-1.592931,25506.712891,-1564.521484,-1874.750000,3.212519,-0.083260,0.000000,0.000000,0.000000,0.000000,0.000000,0.000000,0.000000,0.000000,0.000000
14,0.233333,0.000000,0.000066,-0.134033,0.000013,0.001641,-1.666709,-0.000067,-0.000540,1.666700,1451.622,0,0.000000,4,2,9.013152,1,0,0,-0.000179,0.999990,0.004414,1.000000,0.000179,0.000067,0.033986,-0.000016,0.000000,0.000000,0.000000,1,-0.006314,6699.872070,-7.319916,-6079.840820,0.000047,0.054311,4.676179,1,-0.006625,6686.989258,-7.319873,-6076.364746,0.000047,0.054280,4.673925,1,0.008022,6060.496094,5.230354,8484.692383,-0.000065,-0.182280,9.012089,1,0.007723,6050.106934,5.216007,8470.147461,-0.000065,-0.182309,9.014215,-3.870450,25492.474609,-4797.801758,-1527.347656,9.276783,-0.355685,0.000000,0.000000,0.000000,0.000000,0.000000,0.000000,0.000000,0.000000,0.000000
15,0.250000,0.000000,0.000097,-0.162842,-0.000037,0.001873,-1.728219,-0.000075,-0.000495,1.728208,1502.650,0,0.000000,4,2,9.320517,1,0,0,-0.000179,0.999988,0.004854,1.000000,0.000178,0.000076,0.026408,-0.000020,0.000000,0.000000,0.000000,1,-0.006951,6680.393555,-7.857219,-5113.106445,0.000056,0.051106,5.538873,1,-0.007261,6667.550293,-7.857208,-5110.124023,0.000056,0.051076,5.536114,1,0.008720,6074.007812,5.044756,8503.608398,-0.000082,-0.176613,9.319294,1,0.008422,6063.636230,5.030955,8489.089844,-0.000082,-0.176640,9.321739,-5.126713,25480.187500,-6768.573242,-1278.978516,12.059671,-1.209316,0.000000,0.000000,0.000000,0.000000,0.000000,0.000000,0.000000,0.000000,0.000000
16,0.266667,0.000000,0.000129,-0.193115,-0.000103,0.001945,-1.814996,-0.000082,-0.000435,1.814981,1553.893,0,0.000000,4,2,9.629331,1,0,0,-0.000178,0.999987,0.005189,1.000000,0.000178,0.000083,0.020061,-0.000036,0.000000,0.000000,0.000000,1,-0.007444,6665.851074,-7.960013,-3925.714355,0.000061,0.045153,6.261066,1,-0.007753,6653.081055,-7.960036,-3924.188965,0.000061,0.045129,6.257874,1,0.009241,6083.216797,4.917970,8516.501953,-0.000098,-0.170759,9.627945,1,0.008944,6072.900391,4.904568,8502.059570,-0.000098,-0.170784,9.630716,-5.336943,25469.617188,-9167.671875,-988.353516,14.665463,-1.051997,0.000000,0.000000,0.000000,0.000000,0.000000,0.000000,0.000000,0.000000,0.000000
17,0.283333,0.000000,0.000160,-0.225220,-0.000171,0.001874,-1.932530,-0.000088,-0.000363,1.932511,1605.377,0,0.000000,4,2,9.939727,1,0,0,-0.000177,0.999985,0.005441,1.000000,0.000177,0.000089,0.015157,-0.000051,0.000000,0.000000,0.000000,1,-0.007823,6654.766113,-7.637899,-2887.426270,0.000064,0.037967,6.810690,1,-0.008131,6642.082031,-7.637951,-2887.577148,0.000064,0.037953,6.807275,1,0.009627,6089.883789,10.428779,18269.648438,-0.000114,-0.198951,9.938174,1,0.009332,6079.635742,4.779456,8511.489258,-0.000114,-0.164739,9.941279,1.802976,25461.234375,-21005.015625,349.512756,-8102.408691,-0.053626,0.000000,0.000000,0.000000,0.000000,0.000000,0.000000,0.000000,0.000000,0.000000
18,0.300000,0.000000,0.000188,-0.261963,-0.000148,0.001631,-2.201825,-0.000759,-0.040254,2.201798,1657.126,0,0.000000,4,2,10.095485,1,0,0,-0.000187,0.999984,0.005723,1.000000,0.000183,0.000760,0.016889,0.000367,0.000000,0.000000,0.000000,1,-0.008233,6636.599609,-276.532623,-2915.488525,0.000957,0.033541,7.209414,1,-0.008551,6623.010742,-276.553101,-2567.895020,0.000957,0.032380,7.206021,1,0.010071,6108.371094,413.107422,8541.736328,-0.001255,-0.192862,10.012828,1,0.009766,6097.167969,249.190994,18289.806641,-0.001255,-0.190467,10.178824,125.437408,25460.578125,-21346.615234,254.633331,10610.041016,9.534298,0.000000,0.000000,0.000000,0.000000,0.000000,0.000000,0.000000,0.000000,0.000000
19,0.316667,0.000000,0.000211,-0.303223,0.001460,0.001385,-2.475500,-0.000559,0.011983,2.475463,1683.093,0,0.000000,4,2,10.251380,1,0,0,-0.000185,0.999982,0.006025,1.000000,0.000181,0.000560,0.018153,-0.000077,0.000000,0.000000,0.000000,1,-0.008673,6617.097168,-24.612453,-2865.197266,0.000683,0.030592,7.612216,1,-0.008989,6604.147949,-24.620182,-2934.041260,0.000684,0.030090,7.558306,1,0.010548,6126.747559,-134.324585,8576.394531,-0.000923,-0.186630,10.248425,1,0.010246,6116.277344,-136.004974,8561.708008,-0.000923,-0.184232,10.254335,-313.209595,25460.308594,-11337.203125,-996.506714,-491.981750,-38.352982,0.000000,0.000000,0.000000,0.000000,0.000000,0.000000,0.000000,0.000000,0.000000
20,0.333333,-0.000122,0.000231,-0.346924,-0.002555,0.001204,-2.620848,-0.000400,0.009563,2.620803,1709.084,0,0.000000,4,2,10.563672,1,0,0,-0.000174,0.999980,0.006245,1.000000,0.000172,0.000401,0.013207,-0.000586,0.000000,0.000000,0.000000,1,-0.009004,6607.855469,8.074127,-2582.852783,0.000403,0.027801,8.007710,1,-0.009303,6596.224609,8.070656,-2686.890381,0.000403,0.027830,7.963804,1,0.010885,6131.375977,-84.331741,8583.510742,-0.000721,-0.180208,10.560503,1,0.010599,6122.178711,-85.138626,8570.626953,-0.000721,-0.177806,10.566842,-148.557831,25454.265625,-11882.394531,-913.651062,-431.252045,-11.870918,0.000000,0.000000,0.000000,0.000000,0.000000,0.000000,0.000000,0.000000,0.000000
21,0.350000,-0.000122,0.000246,-0.393188,-0.004460,0.000946,-2.773187,-0.000276,0.007440,2.773134,1761.148,0,0.000000,4,2,10.877515,1,0,0,-0.000161,0.999979,0.006390,1.000000,0.000159,0.000277,0.008672,-0.000724,0.000000,0.000000,0.000000,1,-0.009230,6602.885742,33.021172,-2423.982910,0.000144,0.025519,8.362168,1,-0.009507,6592.283203,33.014832,-2542.551270,0.000144,0.025930,8.333384,1,0.011099,6132.591309,31.866783,18397.746094,-0.000604,-0.200202,10.874144,1,0.010832,6124.295410,32.212856,18372.859375,-0.000604,-0.197634,10.880887,138.930145,25449.437500,-31801.726562,1342.584351,-128.669342,22.683506,0.000000,0.000000,0.000000,0.000000,0.000000,0.000000,0.000000,0.000000,0.000000
22,0.366667,-0.000122,0.000255,-0.446167,-0.002679,0.000507,-3.180901,-0.000163,0.006805,3.180834,1813.471,0,0.000000,4,2,10.878487,1,0,0,-0.000154,0.999978,0.006646,1.000000,0.000153,0.000164,0.015332,-0.000399,0.000000,0.000000,0.000000,1,-0.009596,6582.019531,47.257229,-3645.883301,-0.000066,0.028136,8.693538,1,-0.009861,6571.525879,47.248241,-3771.610352,-0.000066,0.028811,8.681985,1,0.011508,6156.935547,-87.509895,8619.265625,-0.000470,-0.193589,10.874911,1,0.011253,6148.564941,-88.374557,8607.537109,-0.000470,-0.191016,10.882063,-79.771088,25457.363281,-9806.287109,-1325.232666,-561.993530,-3.885303,0.000000,0.000000,0.000000,0.000000,0.000000,0.000000,0.000000,0.000000,0.000000
23,0.383333,-0.000122,0.000260,-0.501343,-0.003702,0.000309,-3.306623,-0.000095,0.004038,3.306548,1813.633,0,0.000000,4,2,11.192915,1,0,0,-0.000146,0.999977,0.006792,1.000000,0.000146,0.000096,0.008755,-0.000416,0.000000,0.000000,0.000000,1,-0.009807,6579.556641,55.780273,-3690.511719,-0.000227,0.029929,9.202492,1,-0.010061,6569.581543,55.771492,-3789.720703,-0.000227,0.030683,9.209211,1,0.011739,6155.926270,-29.049419,8618.248047,-0.000426,-0.186785,11.189137,1,0.011495,6147.973633,-29.164745,8607.113281,-0.000426,-0.184208,11.196693,54.280426,25452.041016,-9741.843750,-1266.221680,-359.811523,15.904405,0.000000,0.000000,0.000000,0.000000,0.000000,0.000000,0.000000,0.000000,0.000000
24,0.400000,-0.000122,0.000261,-0.558594,-0.003006,0.000044,-3.431518,-0.000058,0.002266,3.431438,1866.054,0,0.000000,4,2,11.509044,1,0,0,-0.000143,0.999977,0.006833,1.000000,0.000143,0.000059,0.002471,-0.000166,0.000000,0.000000,0.000000,1,-0.009867,6583.293457,57.244545,-3002.825684,-0.000332,0.026824,9.717932,1,-0.010116,6573.220703,57.237900,-2814.523438,-0.000332,0.025142,9.739070,1,0.011804,6149.754395,33.545654,18449.234375,-0.000417,-0.199582,11.505066,1,0.011565,6141.620117,33.898979,18424.826172,-0.000417,-0.196991,11.513022,183.750610,25447.722656,-31053.167969,1202.575195,90.319283,28.782444,0.000000,0.000000,0.000000,0.000000,0.000000,0.000000,0.000000,0.000000,0.000000
25,0.416667,-0.000122,0.000254,-0.622437,-0.000650,-0.000408,-3.829636,-0.000012,0.002709,3.829540,1918.758,0,0.000000,4,2,11.511652,1,0,0,-0.000147,0.999976,0.006973,1.000000,0.000147,0.000013,0.008436,0.000234,0.000000,0.000000,0.000000,1,-0.010051,6570.685547,59.323502,-4552.866699,-0.000406,0.031964,10.133427,1,-0.010306,6559.862793,59.314789,-4399.119141,-0.000406,0.030396,10.127198,1,0.012047,6167.363770,-97.899765,9510.760742,-0.000354,-0.192585,11.507474,1,0.011802,6158.429199,-100.453926,9720.328125,-0.000354,-0.189988,11.515831,-79.575935,25457.164062,-10274.703125,-1266.213867,-198.361008,-4.436197,0.000000,0.000000,0.000000,0.000000,0.000000,0.000000,0.000000,0.000000,0.000000
26,0.433333,-0.000122,0.000244,-0.688477,-0.001670,-0.000612,-3.961363,0.000016,0.001732,3.961261,1919.193,0,0.000000,4,2,11.797238,1,0,0,-0.000150,0.999975,0.007009,1.000000,0.000150,-0.000015,0.002152,0.000185,0.000000,0.000000,0.000000,1,-0.010087,6575.174805,65.372627,-4672.307617,-0.000472,0.035592,10.774198,1,-0.010348,6564.188477,65.366653,-4561.862793,-0.000472,0.034240,10.745624,1,0.012119,6161.173828,26.317816,18483.501953,-0.000332,-0.198306,11.794714,1,0.011869,6152.126953,26.614298,18456.361328,-0.000332,-0.195692,11.799764,183.247574,25454.171875,-27700.988281,768.067871,-31.223980,25.029127,0.000000,0.000000,0.000000,0.000000,0.000000,0.000000,0.000000,0.000000,0.000000
27,0.450000,-0.000122,0.000228,-0.760376,0.000679,-0.000963,-4.316504,0.000043,0.001577,4.316388,1966.805,0,0.000000,4,2,11.800200,1,0,0,-0.000159,0.999975,0.007109,1.000000,0.000159,-0.000042,0.005962,0.000541,0.000000,0.000000,0.000000,1,-0.010200,6567.402344,59.102512,-5717.296387,-0.000493,0.041338,11.432327,1,-0.010476,6555.352051,59.094772,-5657.655762,-0.000493,0.040290,11.387702,1,0.012307,6173.709473,15.947218,18153.318359,-0.000273,-0.198116,11.797452,1,0.012042,6163.625977,15.943876,17910.816406,-0.000273,-0.195492,11.802947,149.059616,25462.396484,-24683.597656,340.617065,-280.486572,13.412771,0.000000,0.000000,0.000000,0.000000,0.000000,0.000000,0.000000,0.000000,0.000000
28,0.466667,-0.000122,0.000208,-0.837646,0.002590,-0.001192,-4.632960,0.000046,0.000195,4.632830,1967.299,0,0.000000,4,2,11.817220,1,0,0,-0.000171,0.999974,0.007236,1.000000,0.000172,-0.000045,0.007651,0.000749,0.000000,0.000000,0.000000,1,-0.010345,6560.131348,42.012909,-6543.970703,-0.000449,0.047692,12.242331,1,-0.010643,6546.939453,42.005569,-6521.419922,-0.000449,0.046959,12.189037,1,0.012549,6184.927734,11.891734,16848.833984,-0.000220,-0.192721,11.812482,1,0.012263,6173.808594,11.888115,16620.861328,-0.000220,-0.190149,11.821959,106.879395,25468.654297,-20397.869141,-212.519684,-269.154968,5.562419,0.000000,0.000000,0.000000,0.000000,0.000000,0.000000,0.000000,0.000000,0.000000
29,0.483333,0.000000,0.000186,-0.919189,0.003961,-0.001316,-4.894471,0.000027,-0.001131,4.894329,1970.136,0,0.000000,4,2,11.875933,1,0,0,-0.000185,0.999973,0.007346,1.000000,0.000186,-0.000026,0.006596,0.000847,0.000000,0.000000,0.000000,1,-0.010462,6556.425781,21.431488,-6950.989746,-0.000353,0.053038,13.172479,1,-0.010785,6542.114258,21.423683,-6957.744141,-0.000353,0.052599,13.115908,1,0.012765,6191.203613,10.680795,15357.333984,-0.000182,-0.183296,11.869296,1,0.012455,6179.111328,10.676846,15148.981445,-0.000182,-0.180836,11.882572,63.775543,25472.041016,-16590.394531,-660.390747,-225.990463,-0.861521,0.000000,0.000000,0.000000,0.000000,0.000000,0.000000,0.000000,0.000000,0.000000
30,0.500000,0.000122,0.000163,-1.004272,0.004778,-0.001375,-5.107169,-0.000010,-0.002243,5.107018,1979.925,0,0.000000,4,2,11.982451,1,0,0,-0.000200,0.999973,0.007401,1.000000,0.000200,0.000011,0.003318,0.000850,0.000000,0.000000,0.000000,1,-0.010503,6557.847656,-0.148792,-6894.231445,-0.000222,0.056211,14.161780,1,-0.010850,6542.511719,-0.156546,-6922.536133,-0.000222,0.056029,14.106192,1,0.012891,6191.064453,12.138187,13770.992188,-0.000163,-0.170954,11.974036,1,0.012558,6178.136230,12.134295,13585.934570,-0.000163,-0.168659,11.990873,24.114258,25472.972656,-13532.334961,-973.638672,-160.976105,-8.457042,0.000000,0.000000,0.000000,0.000000,0.000000,0.000000,0.000000,0.000000,0.000000
31,0.516667,0.000244,0.000140,-1.092285,0.005087,-0.001405,-5.280660,-0.000060,-0.003035,5.280507,1997.683,0,0.000000,4,2,12.139980,1,0,0,-0.000213,0.999973,0.007376,1.000000,0.000212,0.000062,-0.001513,0.000743,0.000000,0.000000,0.000000,1,-0.010434,6565.156250,-20.510777,-5311.129883,-0.000071,0.047444,15.142834,1,-0.010803,6549.068848,-20.518166,-5294.073242,-0.000071,0.047292,15.091358,1,0.012883,6183.913086,15.750978,12157.181641,-0.000166,-0.156666,12.129920,1,0.012529,6170.417480,15.747430,11997.639648,-0.000166,-0.154578,12.150049,-8.698633,25472.171875,-13541.253906,-898.620850,-24.751451,-11.014241,0.000000,0.000000,0.000000,0.000000,0.000000,0.000000,0.000000,0.000000,0.000000
32,0.533333,0.000366,0.000115,-1.183228,0.004976,-0.001449,-5.454266,-0.000113,-0.003157,5.454112,2023.946,0,0.000000,4,2,12.349588,1,0,0,-0.000223,0.999974,0.007276,1.000000,0.000222,0.000115,-0.005972,0.000589,0.000000,0.000000,0.000000,1,-0.010264,6576.277344,-36.032177,-4987.482422,0.000075,0.046371,15.893806,1,-0.010650,6559.639160,-36.040924,-5037.030762,0.000075,0.046440,15.839852,1,0.012750,6172.888184,18.618156,10444.988281,-0.000180,-0.140757,12.338027,1,0.012380,6159.038086,18.615149,10309.780273,-0.000180,-0.138897,12.361161,-33.618465,25471.683594,-10721.334961,-1116.208740,-9.656961,-14.418215,0.000000,0.000000,0.000000,0.000000,0.000000,0.000000,0.000000,0.000000,0.000000
33,0.550000,0.000488,0.000091,-1.276367,0.004545,-0.001487,-5.591719,-0.000166,-0.003203,5.591569,2058.892,0,0.000000,4,2,12.614662,1,0,0,-0.000230,0.999975,0.007085,1.000000,0.000229,0.000168,-0.011511,0.000388,0.000000,0.000000,0.000000,1,-0.009970,6593.512695,-48.841537,-4326.309082,0.000209,0.043504,16.597742,1,-0.010367,6576.649902,-48.850288,-4387.599121,0.000209,0.043750,16.550989,1,0.012463,6154.854980,23.343149,8817.316406,-0.000208,-0.124171,12.601722,1,0.012081,6140.921387,23.339233,8707.543945,-0.000207,-0.122557,12.627616,-49.537498,25470.017578,-8801.581055,-1173.042603,54.041710,-15.913396,0.000000,0.000000,0.000000,0.000000,0.000000,0.000000,0.000000,0.000000,0.000000
34,0.566667,0.000488,0.000065,-1.371460,0.003910,-0.001542,-5.704560,-0.000215,-0.002936,5.704418,2103.084,0,0.000000,4,2,12.932673,1,0,0,-0.000233,0.999977,0.006796,1.000000,0.000231,0.000217,-0.017332,0.000161,0.000000,0.000000,0.000000,1,-0.009544,6616.439941,-57.212357,-3506.843750,0.000321,0.038984,17.205585,1,-0.009946,6599.629395,-57.218987,-3574.822266,0.000321,0.039364,17.167740,1,0.012012,6130.709961,28.002285,7309.881836,-0.000244,-0.107644,12.918487,1,0.011626,6116.944824,27.998722,7224.649902,-0.000244,-0.106285,12.946876,-56.821281,25468.078125,-7443.116699,-1116.156006,110.821556,-14.352685,0.000000,0.000000,0.000000,0.000000,0.000000,0.000000,0.000000,0.000000,0.000000
35,0.583333,0.000488,0.000038,-1.468262,0.003181,-0.001623,-5.799984,-0.000255,-0.002390,5.799856,2156.102,0,0.000000,4,2,13.299939,1,0,0,-0.000232,0.999979,0.006415,1.000000,0.000231,0.000257,-0.022871,-0.000046,0.000000,0.000000,0.000000,1,-0.008993,6644.328125,-60.950684,-2621.669922,0.000404,0.033207,17.694332,1,-0.009394,6627.792480,-60.957832,-2692.173828,0.000404,0.033679,17.666367,1,0.011407,6101.595215,31.728794,5954.815430,-0.000282,-0.091771,13.284633,1,0.011022,6088.177734,31.725792,5892.532715,-0.000282,-0.090665,13.315263,-56.783382,25466.574219,-6523.427246,-975.919800,151.846786,-13.168000,0.000000,0.000000,0.000000,0.000000,0.000000,0.000000,0.000000,0.000000,0.000000
36,0.600000,0.000488,0.000009,-1.566284,0.002453,-0.001731,-5.883618,-0.000282,-0.001641,5.883505,2217.332,0,0.000000,4,2,13.711706,1,0,0,-0.000228,0.999982,0.005953,1.000000,0.000227,0.000284,-0.027714,-0.000239,0.000000,0.000000,0.000000,1,-0.008332,6676.190430,-60.379486,-1760.613281,0.000454,0.026719,18.054432,1,-0.008727,6660.139648,-60.387001,-1830.139893,0.000454,0.027247,18.036713,1,0.010667,6068.822266,33.930828,4775.833008,-0.000314,-0.077022,13.695400,1,0.010289,6055.918945,33.926727,4734.606445,-0.000314,-0.076160,13.728031,-51.233318,25466.160156,-5909.315918,-776.759766,178.507156,-9.598828,0.000000,0.000000,0.000000,0.000000,0.000000,0.000000,0.000000,0.000000,0.000000
37,0.616667,0.000488,-0.000022,-1.665527,0.001796,-0.001854,-5.959379,-0.000295,-0.000762,5.959281,2285.980,0,0.000000,4,2,14.162411,1,0,0,-0.000222,0.999985,0.005427,1.000000,0.000220,0.000296,-0.031569,-0.000382,0.000000,0.000000,0.000000,1,-0.007583,6710.862305,-35.033669,-998.906128,0.000313,0.020113,18.289391,1,-0.007966,6695.397949,-34.961422,-1064.633789,0.000312,0.020663,18.281776,1,0.009821,6033.816406,34.097347,3791.119141,-0.000336,-0.063765,14.145221,1,0.009453,6021.495605,34.093681,3768.908203,-0.000335,-0.063133,14.179622,-0.178257,25467.070312,-5485.833984,-545.219971,130.579681,-1.882460,0.000000,0.000000,0.000000,0.000000,0.000000,0.000000,0.000000,0.000000,0.000000
38,0.633333,0.000488,-0.000055,-1.766113,0.001794,-0.001979,-6.029710,-0.000297,-0.000119,6.029629,2361.121,0,0.000000,4,2,14.645851,1,0,0,-0.000215,0.999988,0.004855,1.000000,0.000214,0.000298,-0.034275,-0.000414,0.000000,0.000000,0.000000,1,-0.006770,6747.200684,-3.851675,-391.719482,0.000034,0.013946,18.413647,1,-0.007142,6732.248047,-3.842905,-448.849976,0.000034,0.014482,18.415585,1,0.008902,5997.980469,25.847731,3013.764160,-0.000282,-0.052285,14.627887,1,0.008545,5986.113281,25.797331,3010.606445,-0.000281,-0.051875,14.663837,45.493233,25469.402344,-5172.880859,-322.378174,42.578598,5.285708,0.000000,0.000000,0.000000,0.000000,0.000000,0.000000,0.000000,0.000000,0.000000
39,0.650000,0.000488,-0.000090,-1.867676,0.002377,-0.002088,-6.096029,-0.000296,0.000090,6.095965,2441.719,0,0.000000,4,2,15.155316,1,0,0,-0.000210,0.999991,0.004257,1.000000,0.000208,0.000297,-0.035876,-0.000340,0.000000,0.000000,0.000000,1,-0.005917,6784.254395,-5.904488,29.958740,0.000041,0.008670,18.449657,1,-0.006280,6769.583008,-5.895705,-12.863953,0.000041,0.009149,18.459898,1,0.007941,5962.399902,23.037941,2453.334473,-0.000270,-0.042800,15.136700,1,0.007594,5950.763672,22.987541,2471.068848,-0.000270,-0.042614,15.173956,35.686626,25473.183594,-4930.339844,-112.737465,70.141266,4.403618,0.000000,0.000000,0.000000,0.000000,0.000000,0.000000,0.000000,0.000000,0.000000
40,0.666667,0.000488,-0.000126,-1.970337,0.002835,-0.002163,-6.159238,-0.000288,0.000435,6.159190,2526.655,0,0.000000,4,2,15.683710,1,0,0,-0.000205,0.999993,0.003650,1.000000,0.000204,0.000289,-0.036435,-0.000281,0.000000,0.000000,0.000000,1,-0.005050,6820.966309,-6.748058,260.544678,0.000048,0.004588,18.424383,1,-0.005404,6806.527344,-6.738984,231.913147,0.000048,0.004984,18.440847,1,0.006967,5927.812500,17.615074,2117.469727,-0.000241,-0.035477,15.664595,1,0.006628,5916.379395,17.564665,2154.894043,-0.000241,-0.035511,15.702848,23.065577,25478.056641,-4753.434570,88.885651,83.897827,2.399166,0.000000,0.000000,0.000000,0.000000,0.000000,0.000000,0.000000,0.000000,0.000000
41,0.683333,0.000488,-0.000162,-2.073975,0.003131,-0.002191,-6.220180,-0.000274,0.000848,6.220145,2614.748,0,0.000000,4,2,16.223698,1,0,0,-0.000201,0.999995,0.003050,1.000000,0.000200,0.000275,-0.035994,-0.000250,0.000000,0.000000,0.000000,1,-0.004192,6856.369141,-6.545348,310.115540,0.000052,0.001857,18.365597,1,-0.004539,6842.165527,-6.536504,294.393616,0.000052,0.002158,18.386221,1,0.006006,5895.084961,10.600892,2006.861084,-0.000195,-0.030425,16.204241,1,0.005673,5883.856445,10.550383,2062.709961,-0.000194,-0.030672,16.243177,9.348805,25483.914062,-4662.470703,279.952087,86.671898,1.247982,0.000000,0.000000,0.000000,0.000000,0.000000,0.000000,0.000000,0.000000,0.000000
42,0.700000,0.000488,-0.000198,-2.178711,0.003250,-0.002159,-6.279955,-0.000253,0.001275,6.279932,2704.773,0,0.000000,4,2,16.767889,1,0,0,-0.000197,0.999997,0.002473,1.000000,0.000196,0.000254,-0.034605,-0.000235,0.000000,0.000000,0.000000,1,-0.003366,6889.522461,-5.221316,201.271149,0.000050,0.000500,18.299606,1,-0.003707,6875.561035,-5.212748,196.425629,0.000050,0.000706,18.322515,1,0.005084,5864.991211,2.419074,2115.648193,-0.000132,-0.027688,16.748253,1,0.004757,5853.975586,2.368930,2188.670898,-0.000132,-0.028139,16.787550,-4.459730,25490.359375,-4690.186035,451.520447,79.011238,-0.667230,0.000000,0.000000,0.000000,0.000000,0.000000,0.000000,0.000000,0.000000,0.000000
43,0.716667,0.000488,-0.000233,-2.284302,0.003193,-0.002060,-6.340086,-0.000225,0.001664,6.340071,2795.499,0,0.000000,4,2,17.309059,1,0,0,-0.000192,0.999998,0.001934,1.000000,0.000192,0.000226,-0.032364,-0.000248,0.000000,0.000000,0.000000,1,-0.002593,6919.626953,-2.821593,-36.271729,0.000041,0.000435,18.249434,1,-0.002927,6905.948730,-2.812614,-32.578171,0.000041,0.000552,18.273048,1,0.004221,5838.145996,-6.389581,2430.640381,-0.000057,-0.027241,17.289406,1,0.003900,5827.397461,-6.439841,2519.717285,-0.000057,-0.027885,17.328735,-17.367619,25497.113281,-4869.453125,610.944336,63.401730,-0.018808,0.000000,0.000000,0.000000,0.000000,0.000000,0.000000,0.000000,0.000000,0.000000
44,0.733333,0.000488,-0.000264,-2.391113,0.002971,-0.001888,-6.402515,-0.000192,0.001976,6.402506,2885.722,0,0.000000,4,2,17.840395,1,0,0,-0.000188,0.999999,0.001445,1.000000,0.000188,0.000193,-0.029331,-0.000251,0.000000,0.000000,0.000000,1,-0.001893,6945.958984,0.496518,-370.412994,0.000024,0.001502,18.233784,1,-0.002220,6932.570312,0.506263,-360.479614,0.000024,0.001542,18.256863,1,0.003438,5815.175781,-15.288471,2931.152100,0.000026,-0.028984,17.820889,1,0.003125,5804.681152,-15.339140,3035.340820,0.000026,-0.029810,17.859922,-28.621435,25503.869141,-5223.308594,742.039062,41.212471,-1.527217,0.000000,0.000000,0.000000,0.000000,0.000000,0.000000,0.000000,0.000000,0.000000
45,0.750000,0.000488,-0.000291,-2.498901,0.002604,-0.001642,-6.469481,-0.000156,0.002179,6.469476,2974.305,0,0.000000,4,2,18.355743,1,0,0,-0.000184,0.999999,0.001018,1.000000,0.000183,0.000156,-0.025648,-0.000275,0.000000,0.000000,0.000000,1,-0.001282,6967.914062,4.520546,-770.152832,0.000000,0.003498,18.266697,1,-0.001601,6954.868652,4.530027,-755.970276,0.000000,0.003476,18.288332,1,0.002753,5796.435547,-23.692410,3589.522949,0.000112,-0.032743,18.336552,1,0.002448,5786.252441,-23.743797,3708.112793,0.000113,-0.033742,18.374956,-37.488369,25510.240234,-5758.961914,864.571167,16.521807,-1.873354,0.000000,0.000000,0.000000,0.000000,0.000000,0.000000,0.000000,0.000000,0.000000
46,0.766667,0.000488,-0.000313,-2.607910,0.002123,-0.001326,-6.543314,-0.000118,0.002261,6.543312,3060.222,0,0.000000,4,2,18.849848,1,0,0,-0.000178,1.000000,0.000662,1.000000,0.000178,0.000119,-0.021356,-0.000303,0.000000,0.000000,0.000000,1,-0.000775,6984.903809,9.009283,-1207.900146,-0.000030,0.006205,18.357706,1,-0.001085,6972.250000,9.018141,-1191.077026,-0.000030,0.006135,18.377281,1,0.002182,5782.409668,-31.138977,4372.194336,0.000196,-0.038272,18.831135,1,0.001884,5772.562012,-31.189064,4504.652832,0.000197,-0.039436,18.868580,-43.536510,25515.996094,-6465.031250,973.467651,-8.134384,-1.853412,0.000000,0.000000,0.000000,0.000000,0.000000,0.000000,0.000000,0.000000,0.000000
47,0.783333,0.000488,-0.000329,-2.718262,0.001565,-0.000947,-6.626198,-0.000081,0.002221,6.626197,3142.598,0,0.000000,4,2,19.318542,1,0,0,-0.000173,1.000000,0.000386,1.000000,0.000173,0.000082,-0.016523,-0.000331,0.000000,0.000000,0.000000,1,-0.000385,6996.416016,13.719332,-1660.435547,-0.000064,0.009407,18.512337,1,-0.000686,6984.194336,13.727320,-1642.178223,-0.000064,0.009303,18.529467,1,0.001736,5773.465332,-37.264084,5241.410156,0.000274,-0.045264,19.300476,1,0.001448,5763.982422,-37.314487,5387.325195,0.000275,-0.046586,19.336626,-46.537643,25520.843750,-7312.953125,1066.688477,-30.349867,-1.447905,0.000000,0.000000,0.000000,0.000000,0.000000,0.000000,0.000000,0.000000,0.000000
48,0.800000,0.000488,-0.000338,-2.830322,0.000968,-0.000515,-6.719954,-0.000047,0.002071,6.719954,3220.738,0,0.000000,4,2,19.758900,1,0,0,-0.000167,1.000000,0.000199,1.000000,0.000167,0.000047,-0.011228,-0.000352,0.000000,0.000000,0.000000,1,-0.000124,7002.071777,18.421955,-2109.015381,-0.000101,0.012908,18.732737,1,-0.000415,6990.293457,18.430241,-2090.195312,-0.000102,0.012781,18.747211,1,0.001430,5769.921875,-41.843018,6157.159180,0.000342,-0.053364,19.741642,1,0.001151,5760.804199,-41.892834,6316.175781,0.000342,-0.054839,19.776173,-46.496811,25524.658203,-8260.579102,1136.522461,-48.535305,0.073765,0.000000,0.000000,0.000000,0.000000,0.000000,0.000000,0.000000,0.000000,0.000000
49,0.816667,0.000488,-0.000338,-2.944092,0.000372,-0.000041,-6.825859,-0.000016,0.001832,6.825859,3294.153,0,0.000000,4,2,20.169302,1,0,0,-0.000161,1.000000,0.000106,1.000000,0.000161,0.000016,-0.005586,-0.000352,0.000000,0.000000,0.000000,1,-0.000000,7001.610840,22.914793,-2538.858887,-0.000140,0.016535,19.018330,1,-0.000281,6990.266602,22.923605,-2520.066650,-0.000140,0.016393,19.030069,1,0.001271,5771.945801,-44.782272,7079.291992,0.000396,-0.062187,20.153015,1,0.001002,5763.179199,-44.832298,7251.015625,0.000397,-0.063809,20.185602,-43.624557,25527.234375,-9257.405273,1193.059570,-61.942955,0.235139,0.000000,0.000000,0.000000,0.000000,0.000000,0.000000,0.000000,0.000000,0.000000
50,0.833333,0.000488,-0.000331,-3.059814,-0.000187,0.000461,-6.944544,0.000009,0.001527,6.944544,3362.574,0,0.000000,4,2,20.549448,1,0,0,-0.000155,1.000000,0.000112,1.000000,0.000155,-0.000009,0.000337,-0.000350,0.000000,0.000000,0.000000,1,-0.000021,6994.829590,27.027977,-2938.381592,-0.000178,0.020141,19.366394,1,-0.000291,6983.902344,27.036505,-2920.029541,-0.000178,0.019990,19.375402,1,0.001268,5779.700195,-46.099792,7969.471191,0.000435,-0.071336,20.534286,1,0.001009,5771.252441,-46.150047,8153.413086,0.000436,-0.073099,20.564621,-38.277580,25528.501953,-10250.003906,1219.273438,-67.587982,1.953052,0.000000,0.000000,0.000000,0.000000,0.000000,0.000000,0.000000,0.000000,0.000000
51,0.850000,0.000488,-0.000315,-3.177734,-0.000678,0.000977,-7.075954,0.000029,0.001195,7.075954,3425.951,0,0.000000,4,2,20.900297,1,0,0,-0.000150,1.000000,0.000218,1.000000,0.000150,-0.000029,0.006390,-0.000322,0.000000,0.000000,0.000000,1,-0.000188,6981.757812,30.688778,-3298.273682,-0.000213,0.023601,19.772524,1,-0.000449,6971.197754,30.697811,-3280.792236,-0.000213,0.023448,19.778864,1,0.001424,5793.127930,-46.025974,8793.071289,0.000460,-0.080419,20.886408,1,0.001174,5784.948730,-46.076408,8988.501953,0.000460,-0.082318,20.914196,-31.038322,25528.398438,-11187.486328,1196.858398,-68.935699,6.235962,0.000000,0.000000,0.000000,0.000000,0.000000,0.000000,0.000000,0.000000,0.000000
52,0.866667,0.000488,-0.000290,-3.297974,-0.001076,0.001492,-7.219383,0.000043,0.000855,7.219383,3484.444,0,0.000000,4,2,21.223946,1,0,0,-0.000146,1.000000,0.000424,1.000000,0.000146,-0.000043,0.012332,-0.000234,0.000000,0.000000,0.000000,1,-0.000499,6962.817383,33.773762,-3611.005615,-0.000246,0.026814,20.230959,1,-0.000753,6952.448730,33.782204,-3594.759521,-0.000246,0.026664,20.234758,1,0.001736,5811.852051,-44.798908,9520.525391,0.000470,-0.089073,21.211464,1,0.001493,5803.771973,-44.849014,9726.512695,0.000471,-0.091100,21.236435,-22.609169,25526.808594,-12025.636719,1128.975586,-66.576828,6.025415,0.000000,0.000000,0.000000,0.000000,0.000000,0.000000,0.000000,0.000000,0.000000
53,0.883333,0.000488,-0.000256,-3.420898,-0.001366,0.001993,-7.373558,0.000052,0.000528,7.373558,3538.402,0,0.000000,4,2,21.523460,1,0,0,-0.000144,1.000000,0.000723,1.000000,0.000144,-0.000052,0.017937,-0.000149,0.000000,0.000000,0.000000,1,-0.000946,6938.537598,36.228733,-3870.446533,-0.000275,0.029695,20.734844,1,-0.001195,6928.247559,36.237141,-3855.771973,-0.000275,0.029552,20.736282,1,0.002197,5835.238770,-42.658585,10128.365234,0.000468,-0.096973,21.512510,1,0.001957,5827.164062,-42.708721,10343.751953,0.000469,-0.099119,21.534416,-13.559914,25523.705078,-12729.587891,997.597656,-60.849655,6.518055,0.000000,0.000000,0.000000,0.000000,0.000000,0.000000,0.000000,0.000000,0.000000
54,0.900000,0.000488,-0.000215,-3.546509,-0.001540,0.002462,-7.536758,0.000056,0.000228,7.536756,3588.336,0,0.000000,4,2,21.802675,1,0,0,-0.000143,0.999999,0.001104,1.000000,0.000143,-0.000056,0.022890,-0.000056,0.000000,0.000000,0.000000,1,-0.001512,6909.890625,38.014065,-4071.728760,-0.000299,0.032173,21.276436,1,-0.001760,6899.565918,38.022511,-4058.939209,-0.000299,0.032041,21.275742,1,0.002787,5862.260742,-39.899441,10599.862305,0.000456,-0.103848,21.793367,1,0.002549,5854.103516,-39.949600,10823.242188,0.000456,-0.106100,21.811987,-4.548683,25519.029297,-13275.396484,822.571289,-52.366882,6.815069,0.000000,0.000000,0.000000,0.000000,0.000000,0.000000,0.000000,0.000000,0.000000
55,0.916667,0.000488,-0.000167,-3.675049,-0.001598,0.002886,-7.706955,0.000055,-0.000030,7.706951,3634.886,0,0.000000,4,2,22.065971,1,0,0,-0.000143,0.999999,0.001554,1.000000,0.000143,-0.000055,0.026974,0.000041,0.000000,0.000000,0.000000,1,-0.002178,6877.953613,30.170847,-3119.129395,-0.000270,0.027863,21.847281,1,-0.002427,6867.483887,30.125097,-3134.974854,-0.000269,0.028005,21.844727,1,0.003485,5891.841797,-36.819817,10925.149414,0.000436,-0.109486,22.058401,1,0.003245,5883.499023,-36.869984,11154.885742,0.000436,-0.111832,22.073544,-14.262001,25512.796875,-15808.111328,859.717773,-36.941395,4.810207,0.000000,0.000000,0.000000,0.000000,0.000000,0.000000,0.000000,0.000000,0.000000
56,0.933333,0.000488,-0.000113,-3.806763,-0.001781,0.003232,-7.909624,0.000052,-0.000212,7.909613,3678.782,0,0.000000,4,2,22.318050,1,0,0,-0.000145,0.999998,0.002075,1.000000,0.000145,-0.000051,0.031241,0.000109,0.000000,0.000000,0.000000,1,-0.002946,6841.657227,27.745911,-3995.904297,-0.000248,0.030770,22.279678,1,-0.003199,6830.977051,27.703703,-4010.335693,-0.000247,0.030907,22.279428,1,0.004295,5925.685547,-32.921688,10986.599609,0.000407,-0.113280,22.312294,1,0.004053,5917.123047,-32.971893,11220.657227,0.000408,-0.115702,22.323809,-11.170929,25506.490234,-14182.247070,397.970642,-15.256891,4.253618,0.000000,0.000000,0.000000,0.000000,0.000000,0.000000,0.000000,0.000000,0.000000
57,0.950000,0.000488,-0.000055,-3.941650,-0.001924,0.003528,-8.091447,0.000047,-0.000287,8.091429,3720.808,0,0.000000,4,2,22.567392,1,0,0,-0.000148,0.999997,0.002628,1.000000,0.000148,-0.000047,0.033218,0.000170,0.000000,0.000000,0.000000,1,-0.003764,6805.515137,28.568249,-4259.301270,-0.000255,0.033472,22.839502,1,-0.004021,6794.570312,28.523764,-4268.886230,-0.000255,0.033590,22.841351,1,0.005156,5958.155273,-29.104263,9137.407227,0.000374,-0.099559,22.563507,1,0.004909,5949.324707,-29.154362,9359.229492,0.000374,-0.101976,22.571278,-1.626757,25497.804688,-9948.808594,-318.985413,-11.641497,4.399787,0.000000,0.000000,0.000000,0.000000,0.000000,0.000000,0.000000,0.000000,0.000000
58,0.966667,0.000488,0.000008,-4.078613,-0.001945,0.003758,-8.218996,0.000041,-0.000344,8.218967,3762.378,0,0.000000,4,2,22.875509,1,0,0,-0.000152,0.999995,0.003155,1.000000,0.000152,-0.000041,0.031636,0.000232,0.000000,0.000000,0.000000,1,-0.004548,6774.196777,27.419815,-2228.071533,-0.000245,0.019903,23.437607,1,-0.004813,6762.919922,27.375732,-2241.052979,-0.000245,0.020019,23.440849,1,0.005971,5984.094727,-25.419327,8177.067871,0.000338,-0.089095,22.873411,1,0.005717,5974.941895,-25.469555,8283.482422,0.000338,-0.090255,22.877607,3.422049,25485.833984,-11971.160156,-228.750061,-88.666512,3.969524,0.000000,0.000000,0.000000,0.000000,0.000000,0.000000,0.000000,0.000000,0.000000
59,0.983333,0.000488,0.000072,-4.218262,-0.001901,0.003840,-8.372473,0.000028,-0.000781,8.372431,3813.746,0,0.000000,4,2,23.215311,1,0,0,-0.000157,0.999993,0.003664,1.000000,0.000157,-0.000028,0.030501,0.000291,0.000000,0.000000,0.000000,1,-0.005307,6743.668457,13.573392,-2882.916992,-0.000121,0.022075,23.740503,1,-0.005580,6731.975586,13.552963,-2880.117676,-0.000121,0.022138,23.745632,1,0.006753,6009.710938,-18.925320,6881.463867,0.000289,-0.074979,23.214066,1,0.006492,6000.187988,-18.975349,6987.739258,0.000289,-0.076137,23.216557,-10.994253,25475.041016,-8085.139160,-811.504883,-18.585819,-1.052076,0.000000,0.000000,0.000000,0.000000,0.000000,0.000000,0.000000,0.000000,0.000000
60,1.000000,0.000488,0.000136,-4.359497,-0.002042,0.003824,-8.476129,0.000014,-0.000872,8.476072,3870.397,0,0.000000,4,2,23.595522,1,0,0,-0.000161,0.999992,0.004105,1.000000,0.000162,-0.000013,0.026474,0.000277,0.000000,0.000000,0.000000,1,-0.005974,6719.736328,17.090134,-2201.828369,-0.000133,0.019669,24.138573,1,-0.006255,6707.740723,17.069807,-2127.497803,-0.000133,0.019005,24.143293,1,0.007425,6027.451172,-12.733014,7413.789062,0.000233,-0.077132,23.595139,1,0.007155,6017.664551,-12.783060,7527.213379,0.000234,-0.078319,23.595905,8.509913,25462.210938,-10590.123047,-585.452148,63.104694,0.646376,0.000000,0.000000,0.000000,0.000000,0.000000,0.000000,0.000000,0.000000,0.000000
61,1.016667,0.000488,0.000196,-4.503052,-0.001933,0.003643,-8.611899,0.000004,-0.000562,8.611829,3933.785,0,0.000000,4,2,23.957153,1,0,0,-0.000166,0.999990,0.004498,1.000000,0.000166,-0.000004,0.023568,0.000284,0.000000,0.000000,0.000000,1,-0.006571,6697.810059,20.390532,-2838.113037,-0.000151,0.021779,24.437654,1,-0.006860,6685.477539,20.369816,-2769.491455,-0.000151,0.021134,24.431574,1,0.008019,6044.252441,-9.862825,7599.428711,0.000187,-0.079236,23.957706,1,0.007741,6034.171387,-9.912906,7710.554688,0.000187,-0.080432,23.956600,20.953840,25451.869141,-9680.129883,-759.169922,53.960484,0.650042,0.000000,0.000000,0.000000,0.000000,0.000000,0.000000,0.000000,0.000000,0.000000
62,1.033333,0.000488,0.000252,-4.648682,-0.001664,0.003348,-8.736004,-0.000000,-0.000296,8.735918,3994.075,0,0.000000,4,2,24.311449,1,0,0,-0.000171,0.999988,0.004828,1.000000,0.000171,0.000001,0.019799,0.000291,0.000000,0.000000,0.000000,1,-0.007076,6680.577148,23.134956,-2530.001709,-0.000172,0.022600,24.829212,1,-0.007374,6667.898438,23.114445,-2964.416992,-0.000172,0.023119,24.813158,1,0.008514,6056.497070,-8.326126,7817.916504,0.000151,-0.081443,24.312933,1,0.008228,6046.112305,-8.376220,7925.232422,0.000152,-0.082629,24.309965,29.564785,25442.083984,-10225.835938,-731.901367,-388.831268,0.960855,0.000000,0.000000,0.000000,0.000000,0.000000,0.000000,0.000000,0.000000,0.000000
63,1.050000,0.000488,0.000301,-4.796509,-0.001285,0.002934,-8.867105,-0.000037,-0.002211,8.867005,4053.142,0,0.000000,4,2,24.657316,1,0,0,-0.000177,0.999987,0.005097,1.000000,0.000176,0.000038,0.016165,0.000323,0.000000,0.000000,0.000000,1,-0.007491,6667.086426,11.925453,-2738.697266,-0.000148,0.024465,25.175989,1,-0.007798,6653.983887,11.904205,-2309.429688,-0.000147,0.020630,25.223072,1,0.008916,6065.793945,7.782352,7996.717285,0.000063,-0.083554,24.659712,1,0.008621,6055.051270,7.731681,8113.550293,0.000064,-0.084772,24.654921,39.769615,25434.042969,-11038.550781,-662.412964,455.981445,1.281776,0.000000,0.000000,0.000000,0.000000,0.000000,0.000000,0.000000,0.000000,0.000000
64,1.066667,0.000488,0.000341,-4.946533,-0.000775,0.002420,-9.008624,-0.000037,0.000034,9.008510,4110.804,0,0.000000,4,2,24.995762,1,0,0,-0.000182,0.999986,0.005312,1.000000,0.000182,0.000038,0.012876,0.000320,0.000000,0.000000,0.000000,1,-0.007822,6656.800781,22.177658,-2862.677734,-0.000166,0.025572,25.553097,1,-0.008138,6643.329590,22.156883,-3010.744141,-0.000166,0.022955,25.537792,1,0.009235,6072.771973,-1.612427,7036.904297,0.000046,-0.076672,24.999159,1,0.008932,6061.722656,-1.662741,6882.876465,0.000047,-0.074994,24.992365,41.364494,25428.140625,-8022.011230,-1010.648315,-333.501099,0.872060,0.000000,0.000000,0.000000,0.000000,0.000000,0.000000,0.000000,0.000000,0.000000
65,1.083333,0.000488,0.000372,-5.098389,-0.000245,0.001855,-9.111470,-0.000063,-0.001608,9.111346,4167.229,0,0.000000,4,2,25.367754,1,0,0,-0.000188,0.999985,0.005443,1.000000,0.000188,0.000064,0.007858,0.000350,0.000000,0.000000,0.000000,1,-0.008028,6653.376465,11.488995,-2142.655029,-0.000143,0.019140,25.948223,1,-0.008354,6639.452637,11.468296,-2036.329712,-0.000142,0.018190,25.954439,1,0.009426,6072.889160,9.986461,7625.602539,-0.000011,-0.079053,25.369923,1,0.009113,6061.453125,9.936247,7476.106445,-0.000011,-0.077393,25.365585,43.584969,25422.257812,-10897.816406,-651.113159,-37.022572,1.026958,0.000000,0.000000,0.000000,0.000000,0.000000,0.000000,0.000000,0.000000,0.000000
66,1.100000,0.000488,0.000392,-5.252563,0.000314,0.001200,-9.251185,-0.000093,-0.001790,9.251051,4229.247,0,0.000000,4,2,25.718952,1,0,0,-0.000194,0.999985,0.005520,1.000000,0.000194,0.000094,0.004624,0.000367,0.000000,0.000000,0.000000,1,-0.008149,6651.858398,6.196449,-2842.450195,-0.000110,0.021461,26.238705,1,-0.008486,6637.482422,6.175320,-2736.599121,-0.000110,0.020512,26.229469,1,0.009539,6072.845703,15.384542,7795.463867,-0.000069,-0.081237,25.719912,1,0.009216,6061.027832,15.334009,7652.534668,-0.000069,-0.079616,25.717993,44.020393,25420.041016,-9843.269531,-746.765381,-2.460455,-1.218081,0.000000,0.000000,0.000000,0.000000,0.000000,0.000000,0.000000,0.000000,0.000000
67,1.116667,0.000488,0.000401,-5.408813,0.000878,0.000524,-9.377381,-0.000123,-0.001802,9.377240,4287.797,0,0.000000,4,2,26.062769,1,0,0,-0.000200,0.999985,0.005535,1.000000,0.000200,0.000124,0.000915,0.000351,0.000000,0.000000,0.000000,1,-0.008173,6654.766602,1.132148,-3049.746826,-0.000073,0.023607,26.630892,1,-0.008520,6639.978516,1.110403,-2970.825195,-0.000073,0.022749,26.606272,1,0.009561,6068.939941,19.686951,7992.740723,-0.000123,-0.083409,26.062555,1,0.009228,6056.808105,19.636852,7856.917969,-0.000123,-0.081840,26.062983,42.786331,25419.136719,-9802.701172,-704.131592,8.218600,-1.083359,0.000000,0.000000,0.000000,0.000000,0.000000,0.000000,0.000000,0.000000,0.000000
68,1.133333,0.000488,0.000398,-5.567139,0.001427,-0.000166,-9.503057,-0.000153,-0.001762,9.502913,4345.118,0,0.000000,4,2,26.398268,1,0,0,-0.000206,0.999985,0.005492,1.000000,0.000205,0.000154,-0.002582,0.000336,0.000000,0.000000,0.000000,1,-0.008107,6661.263672,-4.019066,-2193.248535,-0.000033,0.019592,27.053207,1,-0.008463,6646.092773,-4.040478,-2376.000732,-0.000032,0.021225,27.017117,1,0.009497,6062.354492,23.318748,7528.964844,-0.000172,-0.082034,26.396927,1,0.009154,6049.916016,23.268391,8050.748535,-0.000171,-0.084022,26.399609,40.216110,25420.103516,-10983.367188,-509.405945,357.285187,-1.772815,0.000000,0.000000,0.000000,0.000000,0.000000,0.000000,0.000000,0.000000,0.000000
69,1.150000,0.000488,0.000384,-5.727905,0.001942,-0.000855,-9.643869,-0.000153,-0.000003,9.643723,4401.051,0,0.000000,4,2,26.736181,1,0,0,-0.000211,0.999985,0.005407,1.000000,0.000210,0.000154,-0.005113,0.000293,0.000000,0.000000,0.000000,1,-0.007971,6669.703125,1.158607,-2911.479736,-0.000024,0.021974,27.351044,1,-0.008336,6654.223145,1.137324,-3110.851318,-0.000024,0.023661,27.341513,1,0.009374,6055.060547,13.752305,6691.969238,-0.000164,-0.072914,26.739145,1,0.009023,6042.395508,13.702003,6564.569336,-0.000163,-0.071526,26.733217,30.856892,25423.687500,-7206.302246,-870.602295,-247.334381,-3.022584,0.000000,0.000000,0.000000,0.000000,0.000000,0.000000,0.000000,0.000000,0.000000
70,1.166667,0.000488,0.000359,-5.890137,0.002338,-0.001481,-9.736258,-0.000173,-0.001220,9.736115,4457.387,0,0.000000,4,2,27.109346,1,0,0,-0.000215,0.999986,0.005250,1.000000,0.000215,0.000174,-0.009436,0.000265,0.000000,0.000000,0.000000,1,-0.007726,6684.318359,-9.095030,-1931.231689,0.000015,0.017252,27.753263,1,-0.008099,6668.541504,-9.115923,-1753.239990,0.000015,0.015662,27.772709,1,0.009142,6041.368164,20.575268,7333.573730,-0.000186,-0.075509,27.111296,1,0.008784,6028.499512,20.524733,7208.701172,-0.000186,-0.074131,27.107397,24.772095,25426.738281,-10829.361328,-339.611023,137.311310,-4.638515,0.000000,0.000000,0.000000,0.000000,0.000000,0.000000,0.000000,0.000000,0.000000
71,1.183333,0.000488,0.000324,-6.054810,0.002656,-0.002099,-9.875095,-0.000182,-0.000544,9.874958,4519.601,0,0.000000,4,2,27.459574,1,0,0,-0.000219,0.999987,0.005064,1.000000,0.000218,0.000183,-0.011124,0.000193,0.000000,0.000000,0.000000,1,-0.007433,6698.415039,-9.793027,-2654.918213,0.000042,0.019651,28.013020,1,-0.007812,6682.485352,-9.814369,-2483.388184,0.000042,0.018083,28.006596,1,0.008872,6030.053711,2.063889,7527.766113,-0.000022,-0.077926,27.460514,1,0.008509,6017.099121,2.057508,7402.212402,-0.000022,-0.076552,27.458633,-13.701159,25433.671875,-9762.419922,-372.367920,69.565544,-8.696893,0.000000,0.000000,0.000000,0.000000,0.000000,0.000000,0.000000,0.000000,0.000000
72,1.200000,0.000488,0.000281,-6.221436,0.002480,-0.002633,-10.000255,-0.000185,-0.000201,10.000125,4577.990,0,0.000000,4,2,27.801317,1,0,0,-0.000220,0.999988,0.004848,1.000000,0.000219,0.000186,-0.012974,0.000067,0.000000,0.000000,0.000000,1,-0.007091,6714.632324,-9.206242,-2912.959961,0.000057,0.022016,28.377953,1,-0.007472,6698.755371,-9.227413,-2790.350342,0.000057,0.020623,28.346598,1,0.008559,6016.879395,0.866970,7748.152344,-0.000018,-0.080337,27.801228,1,0.008194,6004.034668,0.860635,7623.677734,-0.000018,-0.078970,27.801407,-14.911367,25441.316406,-9638.521484,-277.752747,21.176769,-7.107430,0.000000,0.000000,0.000000,0.000000,0.000000,0.000000,0.000000,0.000000,0.000000
73,1.216667,0.000488,0.000229,-6.390137,0.002289,-0.003081,-10.123825,-0.000187,-0.000097,10.123704,4634.964,0,0.000000,4,2,28.133677,1,0,0,-0.000219,0.999989,0.004609,1.000000,0.000218,0.000188,-0.014354,-0.000033,0.000000,0.000000,0.000000,1,-0.006711,6731.952637,-8.950883,-2424.643311,0.000065,0.021659,28.780388,1,-0.007091,6716.221191,-8.972062,-3023.995117,0.000066,0.022995,28.731213,1,0.008213,6003.184570,0.702840,7959.396973,-0.000014,-0.082708,28.132557,1,0.007849,5990.532227,0.696497,7837.913086,-0.000014,-0.081357,28.134796,-14.585536,25450.089844,-10317.927734,-92.530159,-604.991333,-6.115662,0.000000,0.000000,0.000000,0.000000,0.000000,0.000000,0.000000,0.000000,0.000000
74,1.233333,0.000488,0.000172,-6.561035,0.002102,-0.003433,-10.256106,-0.000238,-0.003075,10.255994,4690.374,0,0.000000,4,2,28.456898,1,0,0,-0.000218,0.999990,0.004362,1.000000,0.000217,0.000239,-0.014815,-0.000093,0.000000,0.000000,0.000000,1,-0.006315,6749.011230,-26.769226,-3153.938232,0.000130,0.024077,29.111853,1,-0.006692,6733.453613,-26.789295,-2416.951660,0.000130,0.021591,29.149784,1,0.007860,5990.486816,23.762949,6866.937012,-0.000105,-0.074821,28.454760,1,0.007498,5978.002930,23.757729,7175.991211,-0.000105,-0.078188,28.459036,-4.018274,25460.058594,-8440.483398,-208.986237,1043.828369,-4.125543,0.000000,0.000000,0.000000,0.000000,0.000000,0.000000,0.000000,0.000000,0.000000
75,1.250000,0.000488,0.000111,-6.733765,0.002050,-0.003661,-10.364318,-0.000204,0.002064,10.364217,4744.261,0,0.000000,4,2,28.805927,1,0,0,-0.000215,0.999992,0.004098,1.000000,0.000214,0.000205,-0.015853,-0.000194,0.000000,0.000000,0.000000,1,-0.005894,6767.617676,0.197504,-1852.095459,0.000081,0.016545,29.549311,1,-0.006265,6752.391602,0.176623,-2358.344727,0.000081,0.021067,29.480131,1,0.007481,5975.923340,-4.090008,7483.192871,-0.000049,-0.077313,28.806322,1,0.007124,5963.777832,-4.096153,7776.864746,-0.000049,-0.080618,28.805532,-5.556746,25469.421875,-11017.394531,188.784180,-217.168442,-3.178357,0.000000,0.000000,0.000000,0.000000,0.000000,0.000000,0.000000,0.000000,0.000000
76,1.266667,0.000488,0.000048,-6.908936,0.001979,-0.003797,-10.505567,-0.000187,0.000995,10.505475,4802.450,0,0.000000,4,2,29.132837,1,0,0,-0.000211,0.999993,0.003849,1.000000,0.000210,0.000188,-0.014917,-0.000231,0.000000,0.000000,0.000000,1,-0.005492,6783.527832,-2.078436,-2620.266602,0.000058,0.019092,29.797565,1,-0.005857,6768.607910,-2.099444,-3127.541504,0.000058,0.023618,29.801960,1,0.007129,5965.079102,-2.171718,6808.742676,-0.000022,-0.074186,29.135668,1,0.006778,5953.211914,-2.177946,6618.555176,-0.000022,-0.072114,29.130007,-7.089713,25480.460938,-7646.381836,-123.160187,-611.203735,-2.566449,0.000000,0.000000,0.000000,0.000000,0.000000,0.000000,0.000000,0.000000,0.000000
77,1.283333,0.000488,-0.000015,-7.085693,0.001888,-0.003785,-10.603597,-0.000221,-0.002014,10.603515,4856.952,0,0.000000,4,2,29.486628,1,0,0,-0.000207,0.999994,0.003590,1.000000,0.000206,0.000222,-0.015528,-0.000245,0.000000,0.000000,0.000000,1,-0.005076,6801.381836,-17.943466,-2782.573242,0.000096,0.021232,30.157461,1,-0.005434,6786.763184,-17.963310,-1834.324951,0.000096,0.016386,30.235580,1,0.006760,5951.348633,17.808796,7449.596680,-0.000086,-0.076778,29.487917,1,0.006416,5939.749512,17.802675,7269.372070,-0.000086,-0.074746,29.485338,1.936815,25489.261719,-10068.339844,247.979431,776.154907,-0.046461,0.000000,0.000000,0.000000,0.000000,0.000000,0.000000,0.000000,0.000000,0.000000
78,1.300000,0.000488,-0.000077,-7.264526,0.001913,-0.003688,-10.732678,-0.000191,0.001807,10.732605,4915.935,0,0.000000,4,2,29.816893,1,0,0,-0.000202,0.999994,0.003352,1.000000,0.000201,0.000191,-0.014297,-0.000273,0.000000,0.000000,0.000000,1,-0.004691,6816.188965,2.624627,-2242.632812,0.000052,0.020033,30.540947,1,-0.005041,6801.922852,2.603826,-2563.006348,0.000052,0.018802,30.481251,1,0.006422,5941.259766,-3.741202,7662.457520,-0.000039,-0.079269,29.816706,1,0.006087,5929.963867,-3.746745,7464.103516,-0.000039,-0.077189,29.817080,-0.290445,25499.082031,-10286.365234,333.434509,-472.588043,-0.348589,0.000000,0.000000,0.000000,0.000000,0.000000,0.000000,0.000000,0.000000,0.000000
79,1.316667,0.000488,-0.000135,-7.445557,0.001909,-0.003477,-10.864555,-0.000199,-0.000519,10.864491,4970.996,0,0.000000,4,2,30.137917,1,0,0,-0.000198,0.999995,0.003141,1.000000,0.000197,0.000200,-0.012642,-0.000263,0.000000,0.000000,0.000000,1,-0.004347,6828.832031,-7.892317,-2992.708008,0.000059,0.022520,30.845961,1,-0.004689,6814.856445,-7.912880,-2873.268311,0.000059,0.021350,30.832825,1,0.006128,5933.154785,8.328002,6778.324219,-0.000058,-0.073855,30.136087,1,0.005799,5922.099609,8.322176,6865.292969,-0.000058,-0.074803,30.139746,2.394208,25508.099609,-7742.229492,93.215759,216.195297,0.400258,0.000000,0.000000,0.000000,0.000000,0.000000,0.000000,0.000000,0.000000,0.000000
80,1.333333,0.000488,-0.000187,-7.628296,0.001940,-0.003146,-10.963815,-0.000190,0.000545,10.963758,5024.516,0,0.000000,4,2,30.480019,1,0,0,-0.000193,0.999996,0.002938,1.000000,0.000193,0.000191,-0.012177,-0.000264,0.000000,0.000000,0.000000,1,-0.004019,6841.834473,-1.877149,-1897.582397,0.000043,0.016951,31.259985,1,-0.004354,6828.169434,-1.897502,-2098.491943,0.000043,0.018746,31.229490,1,0.005840,5923.531250,2.366508,7431.986328,-0.000046,-0.076499,30.478889,1,0.005519,5912.741699,2.360805,7518.601562,-0.000046,-0.077445,30.481148,3.037104,25514.580078,-10918.451172,507.154236,-96.515152,1.047042,0.000000,0.000000,0.000000,0.000000,0.000000,0.000000,0.000000,0.000000,0.000000
81,1.350000,0.000488,-0.000233,-7.813477,0.001979,-0.002760,-11.103795,-0.000189,0.000070,11.103745,5081.550,0,0.000000,4,2,30.798195,1,0,0,-0.000189,0.999996,0.002777,1.000000,0.000189,0.000190,-0.009659,-0.000248,0.000000,0.000000,0.000000,1,-0.003755,6850.217773,-3.560793,-2681.443115,0.000039,0.019550,31.514851,1,-0.004083,6836.833496,-3.581310,-2885.228760,0.000039,0.021354,31.513554,1,0.005616,5918.973145,2.162232,6737.246094,-0.000024,-0.073407,30.797770,1,0.005301,5908.395020,2.158149,6733.643066,-0.000024,-0.073368,30.798620,-1.329150,25521.689453,-7867.229980,178.007751,-172.678558,0.926313,0.000000,0.000000,0.000000,0.000000,0.000000,0.000000,0.000000,0.000000,0.000000
82,1.366667,0.000488,-0.000271,-8.000244,0.001962,-0.002271,-11.204657,-0.000202,-0.000780,11.204612,5134.596,0,0.000000,4,2,31.137270,1,0,0,-0.000185,0.999996,0.002631,1.000000,0.000185,0.000203,-0.008773,-0.000231,0.000000,0.000000,0.000000,1,-0.003519,6858.904785,-8.066279,-2310.369629,0.000051,0.020638,31.883638,1,-0.003841,6845.762207,-8.086735,-2112.354004,0.000051,0.018870,31.911959,1,0.005408,5912.592773,8.867688,7381.527344,-0.000051,-0.076013,31.136810,1,0.005100,5902.223633,8.863303,7384.668457,-0.000051,-0.076001,31.137730,3.667390,25525.480469,-10305.808594,484.178650,219.231308,1.811281,0.000000,0.000000,0.000000,0.000000,0.000000,0.000000,0.000000,0.000000,0.000000
83,1.383333,0.000488,-0.000300,-8.189209,0.002009,-0.001753,-11.336782,-0.000197,0.000299,11.336741,5191.125,0,0.000000,4,2,31.452469,1,0,0,-0.000182,0.999997,0.002525,1.000000,0.000181,0.000198,-0.006368,-0.000212,0.000000,0.000000,0.000000,1,-0.003347,6863.477539,-2.381018,-3072.577637,0.000040,0.023166,32.198494,1,-0.003663,6850.575684,-2.401356,-2877.979492,0.000040,0.021408,32.198036,1,0.005259,5910.356934,3.659428,6845.145020,-0.000047,-0.074583,31.452030,1,0.004956,5900.151855,3.655188,6825.363770,-0.000047,-0.074368,31.452908,4.051139,25529.177734,-7681.395020,195.248993,161.602585,2.112633,0.000000,0.000000,0.000000,0.000000,0.000000,0.000000,0.000000,0.000000,0.000000
84,1.400000,0.000488,-0.000320,-8.379761,0.002061,-0.001175,-11.435262,-0.000179,0.001095,11.435225,5243.675,0,0.000000,4,2,31.782284,1,0,0,-0.000179,0.999997,0.002435,1.000000,0.000178,0.000179,-0.005397,-0.000186,0.000000,0.000000,0.000000,1,-0.003207,6868.062500,3.135423,-1791.803467,0.000015,0.016006,32.624126,1,-0.003517,6855.337891,3.114692,-1991.919067,0.000015,0.017794,32.595387,1,0.005127,5906.664551,-3.148128,7513.619629,-0.000017,-0.077287,31.781677,1,0.004829,5896.614258,-3.152641,7488.132324,-0.000017,-0.077048,31.782890,1.954483,25529.804688,-11178.799805,599.814453,-221.594940,2.036109,0.000000,0.000000,0.000000,0.000000,0.000000,0.000000,0.000000,0.000000,0.000000
85,1.416667,0.000488,-0.000330,-8.572754,0.002086,-0.000612,-11.578580,-0.000179,0.000004,11.578545,5298.661,0,0.000000,4,2,32.087578,1,0,0,-0.000176,0.999997,0.002395,1.000000,0.000176,0.000179,-0.002418,-0.000153,0.000000,0.000000,0.000000,1,-0.003143,6867.547363,-1.595477,-2611.630371,0.000015,0.018725,32.863617,1,-0.003449,6854.976562,-1.616021,-2811.180176,0.000015,0.020510,32.863960,1,0.005068,5908.356445,0.052290,6250.477539,-0.000001,-0.068104,32.086754,1,0.004775,5898.404297,0.052202,6265.525391,-0.000001,-0.068268,32.088402,-1.842427,25530.912109,-7052.973633,111.272461,-165.848602,1.648101,0.000000,0.000000,0.000000,0.000000,0.000000,0.000000,0.000000,0.000000,0.000000
86,1.433333,0.000488,-0.000330,-8.767212,0.002062,-0.000009,-11.669003,-0.000192,-0.000813,11.668968,5349.559,0,0.000000,4,2,32.429733,1,0,0,-0.000174,0.999997,0.002364,1.000000,0.000174,0.000193,-0.001863,-0.000127,0.000000,0.000000,0.000000,1,-0.003102,6868.342773,-6.237368,-2226.861084,0.000030,0.019893,33.222260,1,-0.003404,6855.889160,-6.257787,-2029.378296,0.000030,0.018128,33.251602,1,0.005015,5906.790039,6.435786,6920.881836,-0.000026,-0.070815,32.429028,1,0.004725,5896.929688,6.435847,6943.632812,-0.000026,-0.071010,32.430439,2.222136,25528.015625,-9567.425781,395.339844,222.053955,2.139191,0.000000,0.000000,0.000000,0.000000,0.000000,0.000000,0.000000,0.000000,0.000000
87,1.450000,0.000488,-0.000321,-8.963745,0.002091,0.000544,-11.791662,-0.000188,0.000280,11.791629,5406.602,0,0.000000,4,2,32.746811,1,0,0,-0.000172,0.999997,0.002365,1.000000,0.000172,0.000188,0.000101,-0.000102,0.000000,0.000000,0.000000,1,-0.003115,6865.592285,-0.703308,-2479.541016,0.000021,0.022150,33.524979,1,-0.003414,6853.237305,-0.723860,-2767.085938,0.000021,0.020574,33.525623,1,0.005007,5908.837891,1.081234,7144.125488,-0.000021,-0.073423,32.746284,1,0.004720,5899.030273,1.081142,7161.683105,-0.000021,-0.073617,32.747337,2.432460,25525.306641,-9017.468750,307.840881,-238.907730,2.129303,0.000000,0.000000,0.000000,0.000000,0.000000,0.000000,0.000000,0.000000,0.000000
88,1.466667,0.000488,-0.000303,-9.162231,0.002122,0.001070,-11.907270,-0.000203,-0.000896,11.907238,5459.464,0,0.000000,4,2,33.053535,1,0,0,-0.000171,0.999997,0.002392,1.000000,0.000171,0.000203,0.001631,-0.000067,0.000000,0.000000,0.000000,1,-0.003171,6861.462402,-7.027337,-2436.564697,0.000037,0.021766,33.864422,1,-0.003468,6849.149414,-7.047798,-2167.465332,0.000037,0.019362,33.906857,1,0.005033,5911.467773,9.294722,7363.706055,-0.000051,-0.075951,33.053150,1,0.004749,5901.687988,9.294769,7388.794434,-0.000051,-0.076174,33.053921,6.567947,25520.996094,-10105.934570,400.001038,297.691681,2.450359,0.000000,0.000000,0.000000,0.000000,0.000000,0.000000,0.000000,0.000000,0.000000
89,1.483333,0.000488,-0.000278,-9.362793,0.002206,0.001539,-12.036834,-0.000193,0.000570,12.036801,5510.601,0,0.000000,4,2,33.349861,1,0,0,-0.000170,0.999997,0.002453,1.000000,0.000170,0.000194,0.003618,-0.000041,0.000000,0.000000,0.000000,1,-0.003281,6854.727539,0.492935,-2613.494629,0.000021,0.023346,34.197620,1,-0.003576,6842.435059,0.472354,-2961.684814,0.000022,0.021995,34.200943,1,0.005107,5916.435059,1.300141,6143.503906,-0.000037,-0.066938,33.349678,1,0.004823,5906.650391,1.300022,6098.750000,-0.000037,-0.066451,33.350044,4.848332,25516.228516,-6623.607910,-36.435467,-346.488251,2.078102,0.000000,0.000000,0.000000,0.000000,0.000000,0.000000,0.000000,0.000000,0.000000
90,1.500000,0.000488,-0.000245,-9.564819,0.002268,0.001974,-12.121752,-0.000212,-0.001136,12.121719,5560.003,0,0.000000,4,2,33.683258,1,0,0,-0.000170,0.999997,0.002510,1.000000,0.000170,0.000213,0.003439,-0.000003,0.000000,0.000000,0.000000,1,-0.003392,6849.955078,-8.693322,-1981.872559,0.000042,0.017704,34.556534,1,-0.003688,6837.630859,-8.713870,-1644.022339,0.000042,0.014686,34.610458,1,0.005169,5917.993652,12.443491,6829.608887,-0.000074,-0.069713,33.682705,1,0.004886,5908.160645,12.443492,6794.326660,-0.000074,-0.069264,33.683811,9.596719,25508.623047,-9953.958984,319.829224,323.809479,3.156561,0.000000,0.000000,0.000000,0.000000,0.000000,0.000000,0.000000,0.000000,0.000000
91,1.516667,0.000488,-0.000206,-9.769043,0.002391,0.002299,-12.249367,-0.000204,0.000458,12.249331,5615.586,0,0.000000,4,2,33.990829,1,0,0,-0.000171,0.999997,0.002594,1.000000,0.000170,0.000205,0.005028,0.000033,0.000000,0.000000,0.000000,1,-0.003545,6841.875488,-0.983788,-2753.466064,0.000030,0.020262,34.823650,1,-0.003842,6829.468750,-1.004346,-2411.201172,0.000030,0.017230,34.828472,1,0.005270,5923.484863,4.112575,7025.141113,-0.000063,-0.072249,33.989979,1,0.004986,5913.572266,4.112725,6983.309570,-0.000063,-0.071797,33.991680,8.040817,25502.425781,-8798.767578,138.515778,270.701508,1.758284,0.000000,0.000000,0.000000,0.000000,0.000000,0.000000,0.000000,0.000000,0.000000
92,1.533333,0.000488,-0.000164,-9.975098,0.002494,0.002560,-12.362171,-0.000175,0.001791,12.362134,5666.864,0,0.000000,4,2,34.288780,1,0,0,-0.000172,0.999996,0.002689,1.000000,0.000171,0.000175,0.005717,0.000051,0.000000,0.000000,0.000000,1,-0.003718,6833.842773,7.354419,-2154.314453,-0.000006,0.019244,35.202904,1,-0.004016,6821.360840,7.333322,-2693.895020,-0.000005,0.019767,35.157982,1,0.005386,5928.272949,-7.830757,6724.700195,-0.000008,-0.073271,34.287575,1,0.005100,5918.273438,-7.830368,6627.942871,-0.000008,-0.072216,34.289986,0.506580,25495.091797,-8458.587891,57.694469,-605.469604,0.626882,0.000000,0.000000,0.000000,0.000000,0.000000,0.000000,0.000000,0.000000,0.000000
93,1.550000,0.000488,-0.000118,-10.182983,0.002501,0.002737,-12.470614,-0.000194,-0.001190,12.470574,5716.537,0,0.000000,4,2,34.593838,1,0,0,-0.000173,0.999996,0.002789,1.000000,0.000173,0.000195,0.006004,0.000075,0.000000,0.000000,0.000000,1,-0.003901,6825.864746,-7.988878,-2281.670166,0.000023,0.020382,35.495079,1,-0.004201,6813.267578,-8.009465,-2065.439941,0.000023,0.018451,35.528580,1,0.005507,5932.750488,8.535316,6678.769531,-0.000040,-0.072770,34.591824,1,0.005219,5922.651367,8.535685,6804.369629,-0.000040,-0.074139,34.595852,2.844485,25487.410156,-9089.375000,88.808762,336.012146,0.543918,0.000000,0.000000,0.000000,0.000000,0.000000,0.000000,0.000000,0.000000,0.000000
94,1.566667,0.000488,-0.000071,-10.392700,0.002537,0.002821,-12.587145,-0.000187,0.000464,12.587100,5767.396,0,0.000000,4,2,34.893242,1,0,0,-0.000174,0.999996,0.002897,1.000000,0.000174,0.000187,0.006445,0.000074,0.000000,0.000000,0.000000,1,-0.004094,6817.321289,-0.308485,-2369.144531,0.000015,0.021164,35.805767,1,-0.004396,6804.639160,-0.328985,-2821.353760,0.000016,0.020957,35.807838,1,0.005639,5937.875488,-0.320513,6409.541504,-0.000024,-0.069837,34.892246,1,0.005349,5927.708496,-0.320142,6396.250488,-0.000024,-0.069692,34.894238,0.138228,25480.195312,-7567.762695,-120.075035,-413.450623,0.074557,0.000000,0.000000,0.000000,0.000000,0.000000,0.000000,0.000000,0.000000,0.000000
95,1.583333,0.000488,-0.000024,-10.604126,0.002539,0.002830,-12.684168,-0.000213,-0.001571,12.684119,5817.312,0,0.000000,4,2,35.199951,1,0,0,-0.000176,0.999995,0.002994,1.000000,0.000175,0.000213,0.005849,0.000086,0.000000,0.000000,0.000000,1,-0.004274,6810.377930,-11.794660,-2142.099365,0.000049,0.019135,36.129166,1,-0.004579,6797.585938,-11.815317,-1736.546265,0.000049,0.015513,36.196960,1,0.005755,5941.071289,13.546776,7054.986816,-0.000070,-0.072447,35.198841,1,0.005463,5930.793945,13.547132,7055.835449,-0.000070,-0.072360,35.201065,5.658356,25472.482422,-10183.909180,144.729691,424.861145,1.229136,0.000000,0.000000,0.000000,0.000000,0.000000,0.000000,0.000000,0.000000,0.000000
96,1.600000,0.000488,0.000022,-10.817749,0.002612,0.002732,-12.814731,-0.000204,0.000520,12.814677,5868.445,0,0.000000,4,2,35.482018,1,0,0,-0.000177,0.999995,0.003104,1.000000,0.000177,0.000205,0.006567,0.000091,0.000000,0.000000,0.000000,1,-0.004469,6801.651367,-1.855384,-2969.691895,0.000037,0.021879,36.419567,1,-0.004776,6788.746582,-1.876045,-2553.223877,0.000037,0.018220,36.428421,1,0.005892,5946.923828,2.845644,5810.801758,-0.000055,-0.063313,35.480904,1,0.005597,5936.543457,2.845903,5798.051270,-0.000055,-0.063174,35.483131,3.196481,25466.732422,-6036.672363,-366.002747,357.179688,-0.141637,0.000000,0.000000,0.000000,0.000000,0.000000,0.000000,0.000000,0.000000,0.000000
97,1.616667,0.000488,0.000065,-11.032593,0.002653,0.002593,-12.892124,-0.000166,0.002279,12.892068,5915.471,0,0.000000,4,2,35.800735,1,0,0,-0.000179,0.999995,0.003183,1.000000,0.000178,0.000167,0.004750,0.000080,0.000000,0.000000,0.000000,1,-0.004620,6797.159668,9.062013,-1515.632080,-0.000007,0.013539,36.830246,1,-0.004930,6784.178223,9.041896,-1843.562256,-0.000007,0.016469,36.778572,1,0.005981,5947.567383,-12.592635,6516.156738,0.000016,-0.066166,35.799507,1,0.005684,5937.140625,-12.592021,6491.431152,0.000016,-0.065978,35.801964,-5.481303,25459.312500,-9598.533203,34.231594,-379.016205,-1.246682,0.000000,0.000000,0.000000,0.000000,0.000000,0.000000,0.000000,0.000000,0.000000
98,1.633333,0.000488,0.000104,-11.249512,0.002582,0.002344,-13.015182,-0.000159,0.000413,13.015121,5968.606,0,0.000000,4,2,36.093025,1,0,0,-0.000180,0.999995,0.003265,1.000000,0.000179,0.000160,0.004919,0.000074,0.000000,0.000000,0.000000,1,-0.004771,6790.891602,1.067189,-2285.250732,-0.000008,0.016091,37.029598,1,-0.005082,6777.833984,1.046812,-2623.794189,-0.000008,0.019056,37.025585,1,0.006079,5951.419434,-6.398737,6703.521484,0.000036,-0.068717,36.091583,1,0.005780,5940.923340,-6.398286,6687.820312,0.000036,-0.068536,36.094467,-9.336179,25454.976562,-8431.480469,-130.273300,-339.774963,-1.803268,0.000000,0.000000,0.000000,0.000000,0.000000,0.000000,0.000000,0.000000,0.000000
99,1.650000,0.000488,0.000138,-11.468262,0.002463,0.002052,-13.123279,-0.000180,-0.001260,13.123214,6017.336,0,0.000000,4,2,36.375427,1,0,0,-0.000181,0.999994,0.003336,1.000000,0.000180,0.000181,0.004271,0.000059,0.000000,0.000000,0.000000,1,-0.004902,6786.220703,-8.303869,-2577.848145,0.000023,0.018666,37.340805,1,-0.005215,6773.113281,-8.323965,-2060.141846,0.000023,0.018403,37.385994,1,0.006163,5953.687500,4.908040,6316.628418,0.000003,-0.068824,36.373844,1,0.005863,5943.160645,4.908166,6430.803223,0.000003,-0.070069,36.377010,-5.353648,25450.845703,-8057.776855,-184.951996,576.724915,-1.257282,0.000000,0.000000,0.000000,0.000000,0.000000,0.000000,0.000000,0.000000,0.000000
100,1.666667,0.000488,0.000167,-11.688721,0.002394,0.001713,-13.226583,-0.000154,0.001579,13.226514,6064.417,0,0.000000,4,2,36.664494,1,0,0,-0.000181,0.999994,0.003392,1.000000,0.000181,0.000155,0.003352,0.000023,0.000000,0.000000,0.000000,1,-0.005007,6782.935059,6.627275,-1985.509155,-0.000008,0.017737,37.694538,1,-0.005321,6769.833984,6.607173,-2173.092285,-0.000008,0.019412,37.664486,1,0.006228,5954.898926,-12.489962,6464.055176,0.000052,-0.070431,36.663837,1,0.005926,5944.394043,-12.489557,6369.882324,0.000052,-0.069405,36.665150,-10.412753,25447.621094,-8622.855469,-126.938370,-308.866760,-1.733096,0.000000,0.000000,0.000000,0.000000,0.000000,0.000000,0.000000,0.000000,0.000000
101,1.683333,0.000488,0.000189,-11.911011,0.002261,0.001333,-13.337132,-0.000153,0.000059,13.337058,6112.610,0,0.000000,4,2,36.948364,1,0,0,-0.000181,0.999994,0.003437,1.000000,0.000181,0.000154,0.002720,0.000009,0.000000,0.000000,0.000000,1,-0.005091,6780.256836,0.212869,-2240.455811,-0.000006,0.020014,37.962181,1,-0.005406,6767.169922,0.192613,-2251.489258,-0.000005,0.020113,37.959393,1,0.006281,5956.167969,-6.072500,6096.835449,0.000057,-0.066430,36.946930,1,0.005979,5945.675293,-6.072147,6122.132812,0.000057,-0.066705,36.949799,-10.560582,25445.806641,-7673.661621,-240.962799,-16.794666,-1.637455,0.000000,0.000000,0.000000,0.000000,0.000000,0.000000,0.000000,0.000000,0.000000
102,1.700000,0.000488,0.000204,-12.134888,0.002125,0.000937,-13.435513,-0.000153,-0.000024,13.435435,6159.936,0,0.000000,4,2,37.238075,1,0,0,-0.000181,0.999994,0.003462,1.000000,0.000180,0.000154,0.001522,-0.000013,0.000000,0.000000,0.000000,1,-0.005142,6779.527832,0.193693,-2116.724121,-0.000004,0.018909,38.266876,1,-0.005456,6766.485352,0.173466,-2117.949463,-0.000004,0.018920,38.265694,1,0.006307,5955.716309,-0.642676,6717.626953,0.000007,-0.068940,37.236835,1,0.006006,5945.266113,-0.641431,6746.814453,0.000007,-0.069232,37.239315,0.496787,25444.568359,-9175.614258,-64.402252,13.378886,-0.196538,0.000000,0.000000,0.000000,0.000000,0.000000,0.000000,0.000000,0.000000,0.000000
103,1.716667,0.000488,0.000213,-12.360718,0.002132,0.000516,-13.553148,-0.000153,0.000042,13.553068,6208.236,0,0.000000,4,2,37.502686,1,0,0,-0.000181,0.999994,0.003483,1.000000,0.000180,0.000153,0.001201,-0.000016,0.000000,0.000000,0.000000,1,-0.005179,6778.598145,0.108926,-2352.781250,-0.000001,0.021017,38.553589,1,-0.005492,6765.583496,0.108731,-2354.187500,-0.000001,0.021030,38.552586,1,0.006331,5956.464844,-1.138310,5497.590820,0.000009,-0.059900,37.501678,1,0.006031,5946.037109,-1.137084,5513.396484,0.000009,-0.060073,37.503693,-1.099354,25445.335938,-6248.912598,-395.870056,-0.008368,-0.309080,0.000000,0.000000,0.000000,0.000000,0.000000,0.000000,0.000000,0.000000,0.000000
104,1.733333,0.000488,0.000215,-12.587891,0.002117,0.000123,-13.633263,-0.000152,0.000042,13.633182,6252.351,0,0.000000,4,2,37.801044,1,0,0,-0.000180,0.999994,0.003470,1.000000,0.000180,0.000153,-0.000765,-0.000020,0.000000,0.000000,0.000000,1,-0.005163,6781.344238,0.231374,-1893.841309,-0.000001,0.016918,38.874611,1,-0.005476,6768.356445,0.231182,-1895.181885,-0.000001,0.016930,38.873810,1,0.006308,5953.217773,-1.251073,6151.751953,0.000011,-0.062546,37.800159,1,0.006008,5942.812500,-1.249855,6169.923828,0.000011,-0.062728,37.801929,-0.744098,25445.433594,-8476.892578,-116.111252,2.658586,-0.195052,0.000000,0.000000,0.000000,0.000000,0.000000,0.000000,0.000000,0.000000,0.000000
105,1.750000,0.000488,0.000210,-12.816895,0.002108,-0.000284,-13.741940,-0.000151,0.000055,13.741858,6302.093,0,0.000000,4,2,38.071037,1,0,0,-0.000180,0.999994,0.003447,1.000000,0.000179,0.000152,-0.001343,-0.000023,0.000000,0.000000,0.000000,1,-0.005128,6783.630859,0.436424,-2164.650391,-0.000002,0.019337,39.128933,1,-0.005440,6770.671387,0.436200,-2164.791260,-0.000002,0.019338,39.128326,1,0.006275,5951.609863,-1.441356,6353.198730,0.000013,-0.065024,38.070297,1,0.005976,5941.239258,-1.440124,6371.726074,0.000013,-0.065214,38.071777,-0.743298,25447.910156,-8338.831055,-116.226486,1.914374,-0.104116,0.000000,0.000000,0.000000,0.000000,0.000000,0.000000,0.000000,0.000000,0.000000
106,1.766667,0.000488,0.000199,-13.047729,0.002098,-0.000662,-13.848848,-0.000150,0.000065,13.848764,6347.106,0,0.000000,4,2,38.327000,1,0,0,-0.000180,0.999994,0.003415,1.000000,0.000179,0.000151,-0.001922,-0.000024,0.000000,0.000000,0.000000,1,-0.005073,6786.711426,0.661153,-2216.440674,-0.000004,0.019799,39.422611,1,-0.005385,6773.772949,0.660914,-2216.543701,-0.000004,0.019800,39.422028,1,0.006233,5949.655273,-1.630361,5594.720703,0.000014,-0.060959,38.326408,1,0.005934,5939.294922,-1.629128,5596.993652,0.000014,-0.060984,38.327591,-0.927620,25451.171875,-6701.193848,-280.958923,-12.277975,0.620910,0.000000,0.000000,0.000000,0.000000,0.000000,0.000000,0.000000,0.000000,0.000000
107,1.783333,0.000488,0.000183,-13.280029,0.002086,-0.000991,-13.934761,-0.000150,0.000004,13.934678,6389.779,0,0.000000,4,2,38.599594,1,0,0,-0.000179,0.999994,0.003360,1.000000,0.000179,0.000151,-0.003318,-0.000014,0.000000,0.000000,0.000000,1,-0.004981,6792.103027,0.284454,-1944.182861,-0.000003,0.017367,39.723816,1,-0.005292,6779.166992,0.283912,-1943.312378,-0.000003,0.017360,39.723248,1,0.006158,5945.358887,-1.300794,6208.618164,0.000014,-0.063442,38.599018,1,0.005859,5935.008789,-1.299562,6212.593750,0.000014,-0.063473,38.600170,-0.755363,25454.250000,-8475.463867,-42.932537,-7.023533,0.643308,0.000000,0.000000,0.000000,0.000000,0.000000,0.000000,0.000000,0.000000,0.000000
108,1.800000,0.000488,0.000161,-13.514038,0.002077,-0.001297,-14.043421,-0.000151,-0.000031,14.043340,6435.225,0,0.000000,4,2,38.843182,1,0,0,-0.000179,0.999995,0.003301,1.000000,0.000179,0.000151,-0.003532,-0.000005,0.000000,0.000000,0.000000,1,-0.004878,6796.784180,0.056119,-2175.731445,-0.000001,0.019436,39.985455,1,-0.005189,6783.841309,0.056002,-2174.169678,-0.000001,0.019422,39.984760,1,0.006081,5942.675293,-0.921503,5290.362793,0.000013,-0.057643,38.842632,1,0.005783,5932.315430,-0.920272,5297.937012,0.000013,-0.057725,38.843731,-0.795660,25459.003906,-6179.233398,-278.451111,-2.256358,0.592264,0.000000,0.000000,0.000000,0.000000,0.000000,0.000000,0.000000,0.000000,0.000000
109,1.816667,0.000488,0.000136,-13.749390,0.002067,-0.001533,-14.122642,-0.000151,-0.000042,14.122562,6475.835,0,0.000000,4,2,39.107170,1,0,0,-0.000179,0.999995,0.003219,1.000000,0.000179,0.000152,-0.004915,0.000004,0.000000,0.000000,0.000000,1,-0.004740,6804.008301,0.153104,-1843.737793,-0.000001,0.016470,40.280743,1,-0.005051,6791.047363,0.152982,-1843.633423,-0.000001,0.016469,40.279823,1,0.005971,5937.118652,-0.570822,5893.904785,0.000010,-0.060083,39.106682,1,0.005673,5926.739746,-0.569592,5903.231934,0.000010,-0.060173,39.107658,0.387979,25462.941406,-8049.931152,-22.074125,-0.827092,-0.050139,0.000000,0.000000,0.000000,0.000000,0.000000,0.000000,0.000000,0.000000,0.000000
110,1.833333,0.000488,0.000107,-13.986450,0.002072,-0.001736,-14.225845,-0.000152,-0.000046,14.225770,6519.847,0,0.000000,4,2,39.341305,1,0,0,-0.000179,0.999995,0.003135,1.000000,0.000179,0.000153,-0.005025,0.000004,0.000000,0.000000,0.000000,1,-0.004596,6810.251465,0.268556,-2069.828125,-0.000001,0.018490,40.527782,1,-0.004907,6797.287109,0.268433,-2069.229736,-0.000001,0.018484,40.526848,1,0.005862,5933.313477,-0.231702,5202.678711,0.000007,-0.056687,39.340889,1,0.005563,5922.935059,-0.230496,5207.559082,0.000007,-0.056740,39.341721,1.022609,25468.328125,-6210.467773,-196.700104,-3.913594,0.055271,0.000000,0.000000,0.000000,0.000000,0.000000,0.000000,0.000000,0.000000,0.000000
111,1.850000,0.000488,0.000076,-14.224854,0.002085,-0.001865,-14.305467,-0.000153,-0.000065,14.305393,6558.881,0,0.000000,4,2,39.587795,1,0,0,-0.000180,0.999995,0.003035,1.000000,0.000179,0.000154,-0.006002,0.000005,0.000000,0.000000,0.000000,1,-0.004427,6818.291504,0.271767,-1820.342041,-0.000002,0.016261,40.807682,1,-0.004739,6805.311035,0.271638,-1820.177124,-0.000002,0.016260,40.806660,1,0.005727,5927.379883,0.224376,5776.053223,0.000004,-0.059006,39.587418,1,0.005428,5917.000488,0.225595,5782.513672,0.000004,-0.059066,39.588173,2.200762,25472.882812,-7856.654297,39.184666,-0.726131,0.196459,0.000000,0.000000,0.000000,0.000000,0.000000,0.000000,0.000000,0.000000,0.000000
112,1.866667,0.000488,0.000043,-14.464966,0.002113,-0.001952,-14.406193,-0.000154,-0.000069,14.406123,6599.976,0,0.000000,4,2,39.804859,1,0,0,-0.000180,0.999996,0.002939,1.000000,0.000179,0.000155,-0.005808,0.000008,0.000000,0.000000,0.000000,1,-0.004261,6825.088379,0.305490,-2027.852417,-0.000002,0.018115,41.051323,1,-0.004573,6812.086914,0.305358,-2027.305420,-0.000002,0.018110,41.050274,1,0.005599,5923.291016,0.598652,4725.533203,-0.000000,-0.051488,39.804531,1,0.005300,5912.899414,0.599869,4730.336426,-0.000000,-0.051541,39.805187,2.635957,25478.488281,-5338.450684,-215.033112,-1.143623,0.218166,0.000000,0.000000,0.000000,0.000000,0.000000,0.000000,0.000000,0.000000,0.000000
113,1.883333,0.000488,0.000010,-14.706177,0.002147,-0.001959,-14.474634,-0.000155,-0.000074,14.474569,6636.164,0,0.000000,4,2,40.045460,1,0,0,-0.000180,0.999996,0.002824,1.000000,0.000179,0.000156,-0.006875,0.000011,0.000000,0.000000,0.000000,1,-0.004071,6834.035156,0.102449,-1659.330688,-0.000001,0.014823,41.325119,1,-0.004383,6821.016602,0.102225,-1659.725708,-0.000001,0.014826,41.323994,1,0.005442,5916.346680,0.963163,5290.415527,-0.000004,-0.053773,40.045170,1,0.005143,5905.939453,0.964377,5296.597656,-0.000004,-0.053831,40.045750,3.256406,25482.500000,-7205.102539,51.378029,2.071659,0.287722,0.000000,0.000000,0.000000,0.000000,0.000000,0.000000,0.000000,0.000000,0.000000
114,1.900000,0.000488,-0.000022,-14.949097,0.002188,-0.001932,-14.567007,-0.000157,-0.000064,14.566949,6676.276,0,0.000000,4,2,40.256104,1,0,0,-0.000180,0.999996,0.002714,1.000000,0.000180,0.000157,-0.006620,0.000015,0.000000,0.000000,0.000000,1,-0.003887,6841.450195,0.146464,-1864.933594,-0.000001,0.016659,41.545357,1,-0.004199,6828.400879,0.146271,-1864.881348,-0.000001,0.016659,41.544289,1,0.005292,5911.459961,1.197847,4812.644531,-0.000007,-0.052437,40.255863,1,0.004992,5901.037598,1.199060,4814.395996,-0.000007,-0.052457,40.256344,3.605998,25487.419922,-5833.566406,-69.920792,-1.149802,0.291490,0.000000,0.000000,0.000000,0.000000,0.000000,0.000000,0.000000,0.000000,0.000000
115,1.916667,0.000488,-0.000052,-15.193115,0.002235,-0.001839,-14.641796,-0.000158,-0.000070,14.641742,6711.394,0,0.000000,4,2,40.471367,1,0,0,-0.000180,0.999997,0.002598,1.000000,0.000180,0.000158,-0.006967,0.000019,0.000000,0.000000,0.000000,1,-0.003696,6849.676270,0.031907,-1695.239868,-0.000001,0.015144,41.795475,1,-0.004009,6836.592773,0.031683,-1695.406616,-0.000001,0.015145,41.794399,1,0.005130,5905.290039,1.472257,4922.175781,-0.000011,-0.053631,40.471142,1,0.004830,5894.846191,1.473467,4923.568848,-0.000011,-0.053646,40.471592,4.020383,25491.261719,-6390.783691,35.946400,0.128240,0.299422,0.000000,0.000000,0.000000,0.000000,0.000000,0.000000,0.000000,0.000000,0.000000
116,1.933333,0.000488,-0.000081,-15.438477,0.002286,-0.001706,-14.723729,-0.000159,-0.000069,14.723680,6747.282,0,0.000000,4,2,40.671703,1,0,0,-0.000181,0.999997,0.002485,1.000000,0.000180,0.000159,-0.006788,0.000023,0.000000,0.000000,0.000000,1,-0.003512,6857.116211,-0.108473,-1736.548584,-0.000000,0.015513,42.020931,1,-0.003826,6843.994141,-0.108702,-1736.496826,-0.000000,0.015512,42.019882,1,0.004971,5899.924316,1.673086,4572.879395,-0.000013,-0.049825,40.671486,1,0.004671,5889.449219,1.674293,4574.682129,-0.000013,-0.049845,40.671921,4.023964,25494.992188,-5609.479004,-14.697154,1.636028,0.237666,0.000000,0.000000,0.000000,0.000000,0.000000,0.000000,0.000000,0.000000,0.000000
117,1.950000,0.000488,-0.000106,-15.685059,0.002338,-0.001526,-14.795646,-0.000160,-0.000061,14.795601,6780.682,0,0.000000,4,2,40.872250,1,0,0,-0.000181,0.999997,0.002370,1.000000,0.000181,0.000160,-0.006860,0.000027,0.000000,0.000000,0.000000,1,-0.003329,6864.706543,-0.254662,-1616.836060,0.000001,0.014443,42.252392,1,-0.003643,6851.540527,-0.254856,-1617.230957,0.000001,0.014447,42.251335,1,0.004808,5894.000488,1.773501,4593.777344,-0.000016,-0.050053,40.872047,1,0.004506,5883.498047,1.774705,4594.548828,-0.000016,-0.050061,40.872452,3.982670,25497.800781,-5888.584961,59.766716,1.510491,0.181704,0.000000,0.000000,0.000000,0.000000,0.000000,0.000000,0.000000,0.000000,0.000000
118,1.966667,0.000488,-0.000128,-15.932861,0.002389,-0.001317,-14.871140,-0.000161,-0.000054,14.871099,6814.117,0,0.000000,4,2,41.060814,1,0,0,-0.000182,0.999997,0.002261,1.000000,0.000181,0.000161,-0.006562,0.000029,0.000000,0.000000,0.000000,1,-0.003156,6871.499023,-0.434792,-1625.917236,0.000002,0.014524,42.466454,1,-0.003471,6858.289551,-0.435012,-1626.182861,0.000002,0.014527,42.465454,1,0.004649,5888.723145,1.816397,4325.801270,-0.000017,-0.047133,41.060619,1,0.004346,5878.197266,1.817600,4326.402832,-0.000017,-0.047139,41.061008,3.623800,25500.214844,-5333.758301,32.268673,2.128101,0.103328,0.000000,0.000000,0.000000,0.000000,0.000000,0.000000,0.000000,0.000000,0.000000
119,1.983333,0.000488,-0.000146,-16.181885,0.002435,-0.001077,-14.939522,-0.000161,-0.000043,14.939485,6845.554,0,0.000000,4,2,41.247028,1,0,0,-0.000182,0.999998,0.002154,1.000000,0.000182,0.000162,-0.006401,0.000031,0.000000,0.000000,0.000000,1,-0.002991,6878.080078,-0.618196,-1534.929932,0.000003,0.013711,42.681835,1,-0.003307,6864.829590,-0.618418,-1535.408569,0.000003,0.013716,42.680874,1,0.004490,5883.262695,1.784115,4287.291016,-0.000018,-0.046713,41.246838,1,0.004187,5872.696777,1.785317,4287.164062,-0.000018,-0.046712,41.247219,3.212785,25501.763672,-5437.159180,75.540161,2.030153,-0.005110,0.000000,0.000000,0.000000,0.000000,0.000000,0.000000,0.000000,0.000000,0.000000
120,2.000000,0.000488,-0.000160,-16.432007,0.002476,-0.000820,-15.009229,-0.000162,-0.000033,15.009195,6876.599,0,0.000000,4,2,41.423412,1,0,0,-0.000183,0.999998,0.002054,1.000000,0.000182,0.000162,-0.006025,0.000030,0.000000,0.000000,0.000000,1,-0.002839,6883.907227,-0.808412,-1522.877441,0.000005,0.013604,42.883995,1,-0.003156,6870.616211,-0.808637,-1523.270630,0.000005,0.013607,42.883102,1,0.004338,5878.291992,0.512729,4071.153564,-0.000006,-0.044358,41.423222,1,0.004034,5867.701172,0.511941,4070.784668,-0.000006,-0.044354,41.423603,0.223989,25502.746094,-5028.207520,60.014767,-1.728958,-0.370599,0.000000,0.000000,0.000000,0.000000,0.000000,0.000000,0.000000,0.000000,0.000000
121,2.016667,0.000488,-0.000169,-16.683228,0.002479,-0.000551,-15.073693,-0.000163,-0.000042,15.073664,6906.004,0,0.000000,4,2,41.596001,1,0,0,-0.000183,0.999998,0.001958,1.000000,0.000183,0.000163,-0.005726,0.000025,0.000000,0.000000,0.000000,1,-0.002698,6889.323242,-0.939306,-1450.225586,0.000006,0.012955,43.084400,1,-0.003016,6876.007324,-0.939510,-1450.298584,0.000006,0.012955,43.083565,1,0.004190,5873.330078,0.697912,3996.124756,-0.000006,-0.043541,41.595806,1,0.003885,5862.726074,0.697119,3996.513428,-0.000006,-0.043545,41.596195,0.335375,25502.927734,-5023.949219,90.046989,0.396904,-0.336528,0.000000,0.000000,0.000000,0.000000,0.000000,0.000000,0.000000,0.000000,0.000000
122,2.033333,0.000488,-0.000174,-16.935547,0.002484,-0.000282,-15.138103,-0.000163,-0.000040,15.138077,6934.779,0,0.000000,4,2,41.760265,1,0,0,-0.000184,0.999998,0.001870,1.000000,0.000183,0.000164,-0.005278,0.000020,0.000000,0.000000,0.000000,1,-0.002572,6893.978516,-0.994641,-1425.529785,0.000007,0.012734,43.274250,1,-0.002891,6880.639648,-0.994863,-1425.663696,0.000007,0.012735,43.273422,1,0.004049,5868.843750,0.821408,3814.256592,-0.000007,-0.041559,41.760071,1,0.003743,5858.232422,0.820614,3814.836670,-0.000007,-0.041566,41.760460,0.423460,25502.531250,-4709.150879,78.233513,1.164140,-0.306611,0.000000,0.000000,0.000000,0.000000,0.000000,0.000000,0.000000,0.000000,0.000000
123,2.050000,0.000488,-0.000174,-17.188843,0.002489,-0.000017,-15.198476,-0.000164,-0.000034,15.198450,6962.164,0,0.000000,4,2,41.919971,1,0,0,-0.000184,0.999998,0.001789,1.000000,0.000183,0.000164,-0.004889,0.000015,0.000000,0.000000,0.000000,1,-0.002459,6898.143066,-0.558711,-1364.473999,0.000005,0.012189,43.460510,1,-0.002778,6884.781738,-0.557654,-1364.754639,0.000005,0.012191,43.459702,1,0.003914,5864.504395,0.926294,3720.088867,-0.000008,-0.040533,41.919781,1,0.003608,5853.881836,0.925499,3720.401855,-0.000008,-0.040537,41.920162,1.497989,25501.468750,-4641.963867,92.187614,0.164316,-0.191296,0.000000,0.000000,0.000000,0.000000,0.000000,0.000000,0.000000,0.000000,0.000000
124,2.066667,0.000488,-0.000170,-17.443115,0.002508,0.000235,-15.257988,-0.000164,-0.000033,15.257966,6988.790,0,0.000000,4,2,42.072426,1,0,0,-0.000184,0.999999,0.001715,1.000000,0.000184,0.000165,-0.004430,0.000013,0.000000,0.000000,0.000000,1,-0.002362,6901.618652,-0.553301,-1332.980713,0.000005,0.011907,43.637897,1,-0.002681,6888.247559,-0.552250,-1333.151611,0.000005,0.011909,43.637127,1,0.003788,5860.567871,1.012050,3562.228516,-0.000009,-0.038813,42.072239,1,0.003482,5849.940918,1.011269,3562.654297,-0.000009,-0.038818,42.072613,1.641123,25499.875000,-4388.908203,83.844833,0.739183,-0.145336,0.000000,0.000000,0.000000,0.000000,0.000000,0.000000,0.000000,0.000000,0.000000
125,2.083333,0.000488,-0.000162,-17.698364,0.002529,0.000468,-15.314256,-0.000165,-0.000030,15.314235,7014.206,0,0.000000,4,2,42.219982,1,0,0,-0.000184,0.999999,0.001648,1.000000,0.000184,0.000165,-0.004013,0.000010,0.000000,0.000000,0.000000,1,-0.002277,6904.595215,-0.539971,-1280.097046,0.000005,0.011435,43.810707,1,-0.002597,6891.217285,-0.538898,-1280.339478,0.000005,0.011437,43.809959,1,0.003670,5856.843750,1.061528,3458.498535,-0.000010,-0.037683,42.219795,1,0.003363,5846.211914,1.060736,3458.892822,-0.000010,-0.037687,42.220169,1.751924,25497.765625,-4286.596680,91.537216,0.954696,-0.114938,0.000000,0.000000,0.000000,0.000000,0.000000,0.000000,0.000000,0.000000,0.000000
126,2.100000,0.000488,-0.000151,-17.954468,0.002552,0.000676,-15.369212,-0.000165,-0.000025,15.369193,7038.807,0,0.000000,4,2,42.361088,1,0,0,-0.000184,0.999999,0.001589,1.000000,0.000184,0.000166,-0.003558,0.000008,0.000000,0.000000,0.000000,1,-0.002207,6906.966797,-0.544947,-1245.286499,0.000005,0.011124,43.975830,1,-0.002527,6893.572754,-0.543867,-1245.549805,0.000005,0.011126,43.975117,1,0.003560,5853.528320,1.076555,3318.138916,-0.000011,-0.036154,42.360905,1,0.003253,5842.892578,1.075762,3318.338623,-0.000011,-0.036156,42.361271,1.738628,25495.320312,-4074.777344,82.167099,0.959297,-0.127194,0.000000,0.000000,0.000000,0.000000,0.000000,0.000000,0.000000,0.000000,0.000000
127,2.116667,0.000488,-0.000137,-18.211548,0.002574,0.000855,-15.421453,-0.000166,-0.000020,15.421434,7062.332,0,0.000000,4,2,42.497227,1,0,0,-0.000184,0.999999,0.001536,1.000000,0.000184,0.000166,-0.003149,0.000006,0.000000,0.000000,0.000000,1,-0.002149,6908.893555,-0.568514,-1198.239624,0.000005,0.010704,44.135895,1,-0.002469,6895.495605,-0.567426,-1198.513916,0.000005,0.010706,44.135220,1,0.003459,5850.446289,0.743916,3211.635498,-0.000008,-0.034993,42.497044,1,0.003152,5839.809570,0.742547,3211.781250,-0.000008,-0.034995,42.497410,1.007102,25492.548828,-3955.316650,77.629990,0.022233,-0.187929,0.000000,0.000000,0.000000,0.000000,0.000000,0.000000,0.000000,0.000000,0.000000
128,2.133333,0.000488,-0.000120,-18.469360,0.002587,0.001001,-15.472161,-0.000166,-0.000020,15.472147,7085.028,0,0.000000,4,2,42.627537,1,0,0,-0.000184,0.999999,0.001490,1.000000,0.000184,0.000166,-0.002763,0.000004,0.000000,0.000000,0.000000,1,-0.002102,6910.371094,-0.553237,-1162.468750,0.000005,0.010384,44.289120,1,-0.002422,6896.969727,-0.552181,-1162.608276,0.000005,0.010386,44.288486,1,0.003366,5847.629395,0.767221,3084.517822,-0.000008,-0.033608,42.627354,1,0.003059,5836.987793,0.765799,3084.892822,-0.000008,-0.033612,42.627720,1.055060,25489.447266,-3772.517090,66.645615,0.488018,-0.179382,0.000000,0.000000,0.000000,0.000000,0.000000,0.000000,0.000000,0.000000,0.000000
129,2.150000,0.000488,-0.000102,-18.728027,0.002601,0.001110,-15.520527,-0.000166,-0.000018,15.520514,7106.753,0,0.000000,4,2,42.752979,1,0,0,-0.000184,0.999999,0.001450,1.000000,0.000184,0.000167,-0.002432,0.000001,0.000000,0.000000,0.000000,1,-0.002065,6911.550293,-0.517338,-1119.904785,0.000005,0.010004,44.437145,1,-0.002385,6898.143066,-0.516344,-1120.096924,0.000005,0.010006,44.436535,1,0.003280,5845.043457,0.576496,2979.156494,-0.000006,-0.032460,42.752800,1,0.002973,5834.412109,0.575421,2979.484375,-0.000006,-0.032464,42.753159,0.725745,25486.376953,-3646.373291,62.211040,-0.186098,-0.192031,0.000000,0.000000,0.000000,0.000000,0.000000,0.000000,0.000000,0.000000,0.000000
130,2.166667,0.000488,-0.000082,-18.987427,0.002610,0.001183,-15.567275,-0.000167,-0.000018,15.567261,7127.667,0,0.000000,4,2,42.873104,1,0,0,-0.000184,0.999999,0.001414,1.000000,0.000184,0.000167,-0.002123,-0.000002,0.000000,0.000000,0.000000,1,-0.002036,6912.409668,-0.485883,-1084.508301,0.000004,0.009688,44.578987,1,-0.002356,6899.017090,-0.484952,-1084.618652,0.000004,0.009689,44.578403,1,0.003202,5842.705566,0.657047,2862.925293,-0.000007,-0.031194,42.872925,1,0.002895,5832.075684,0.655979,2863.466553,-0.000007,-0.031200,42.873283,0.923805,25483.238281,-3484.563232,53.034283,0.362930,-0.127722,0.000000,0.000000,0.000000,0.000000,0.000000,0.000000,0.000000,0.000000,0.000000
131,2.183333,0.000488,-0.000062,-19.247681,0.002622,0.001219,-15.611949,-0.000167,-0.000017,15.611936,7147.694,0,0.000000,4,2,42.988556,1,0,0,-0.000184,0.999999,0.001383,1.000000,0.000184,0.000167,-0.001860,-0.000004,0.000000,0.000000,0.000000,1,-0.002014,6913.073242,-0.450655,-1045.577637,0.000004,0.009340,44.715683,1,-0.002334,6899.679688,-0.449792,-1045.734985,0.000004,0.009342,44.715115,1,0.003130,5840.555176,0.675055,2761.015137,-0.000007,-0.030083,42.988380,1,0.002823,5829.936523,0.673989,2761.573730,-0.000007,-0.030089,42.988731,1.010024,25480.177734,-3358.156738,44.562603,0.428335,-0.102107,0.000000,0.000000,0.000000,0.000000,0.000000,0.000000,0.000000,0.000000,0.000000
132,2.200000,0.000488,-0.000041,-19.508545,0.002635,0.001219,-15.655003,-0.000167,-0.000015,15.654989,7166.941,1,0.000000,4,3,61.973778,1,0,0,-0.000184,0.999999,0.001356,1.000000,0.000184,0.000167,-0.001638,-0.000005,0.000000,0.000000,0.000000,1,-0.001996,6913.581055,-0.435511,-1011.304382,0.000004,0.009034,44.846722,1,-0.002317,6900.194824,-0.434678,-1011.475647,0.000004,0.009035,44.846176,1,0.003065,5838.596680,0.247374,17515.789062,-0.000005,-0.146034,61.973534,1,0.002758,5827.983398,0.246490,17483.949219,-0.000005,-0.146043,61.974022,5.132849,25477.283203,-32903.433594,3354.725098,-28.770662,0.378654,0.000000,0.000000,0.000000,0.000000,0.000000,0.000000,0.000000,0.000000,0.000000
133,2.216667,0.000488,-0.000024,-19.776367,0.002700,0.001008,-16.076841,-0.000170,-0.000156,16.076822,7166.941,1,0.000000,4,3,60.719795,1,0,0,-0.000184,0.999999,0.001606,1.000000,0.000184,0.000170,0.015009,-0.000006,0.000000,0.000000,0.000000,1,-0.002357,6882.964844,-1.338260,-3310.021973,0.000007,0.016656,44.972778,1,-0.002677,6869.605957,-1.337372,-3309.728271,0.000007,0.016656,44.972260,1,0.003462,5875.859863,0.397310,8226.204102,-0.000010,-0.109110,60.719303,1,0.003156,5865.247559,0.396544,8211.346680,-0.000010,-0.109119,60.720287,-0.224968,25490.765625,-9740.261719,424.188599,-18.699247,-1.095245,0.000000,0.000000,0.000000,0.000000,0.000000,0.000000,0.000000,0.000000,0.000000
134,2.233333,0.000488,-0.000006,-20.046387,0.002698,0.001114,-16.201717,-0.000174,-0.000248,16.201689,7067.965,1,0.000000,4,3,60.128269,1,0,0,-0.000184,0.999998,0.001891,1.000000,0.000184,0.000174,0.017114,-0.000022,0.000000,0.000000,0.000000,1,-0.002769,6863.717285,-1.838037,-3989.157227,0.000010,0.023701,45.432919,1,-0.003088,6850.422363,-1.837257,-3987.967041,0.000010,0.023697,45.432358,1,0.003916,5894.427246,3.116890,8252.197266,-0.000019,-0.089914,60.127659,1,0.003610,5883.855469,0.775138,8237.397461,-0.000019,-0.089753,60.128880,1.687074,25489.185547,-8433.721680,139.863373,-13.285147,-0.782258,0.000000,0.000000,0.000000,0.000000,0.000000,0.000000,0.000000,0.000000,0.000000
135,2.250000,0.000488,0.000014,-20.318237,0.002719,0.001216,-16.309841,-0.000179,-0.000313,16.309807,6961.608,1,0.000000,4,3,59.534885,1,0,0,-0.000183,0.999998,0.002188,1.000000,0.000183,0.000180,0.017809,-0.000033,0.000000,0.000000,0.000000,1,-0.003198,6845.076172,-2.261030,-4346.223145,0.000014,0.029315,45.991764,1,-0.003516,6831.842773,-2.260310,-4344.323730,0.000014,0.029306,45.991028,1,0.004387,5911.648438,2.750574,17734.945312,-0.000031,-0.180076,59.534161,1,0.004082,5901.113281,2.746117,17703.339844,-0.000031,-0.179932,59.535610,5.764479,25486.167969,-26667.935547,2060.375000,-25.573153,0.556571,0.000000,0.000000,0.000000,0.000000,0.000000,0.000000,0.000000,0.000000,0.000000
136,2.266667,0.000488,0.000034,-20.595825,0.002793,0.001180,-16.651737,-0.000186,-0.000439,16.651682,6847.835,1,0.000000,4,3,58.265251,1,0,0,-0.000183,0.999996,0.002655,1.000000,0.000182,0.000187,0.028033,-0.000029,0.000000,0.000000,0.000000,1,-0.003860,6807.848633,-2.980834,-5633.160156,0.000019,0.037112,46.602501,1,-0.004177,6794.674805,-2.979955,-5630.106445,0.000019,0.037096,46.601490,1,0.005142,5952.202148,1.903678,8333.083008,-0.000048,-0.144645,58.264290,1,0.004837,5941.688477,1.899670,8318.363281,-0.000048,-0.144500,58.266212,-1.164075,25492.759766,-5304.997070,-713.008667,-13.775089,-0.367136,0.000000,0.000000,0.000000,0.000000,0.000000,0.000000,0.000000,0.000000,0.000000
137,2.283333,0.000488,0.000057,-20.874390,0.002778,0.001371,-16.719749,-0.000195,-0.000507,16.719673,6709.783,1,0.000000,4,3,57.666092,1,0,0,-0.000182,0.999995,0.003064,1.000000,0.000182,0.000195,0.024496,-0.000033,0.000000,0.000000,0.000000,1,-0.004445,6786.665527,-2.471961,-3024.507812,0.000022,0.027018,47.400276,1,-0.004761,6773.551270,-2.467153,-3014.602295,0.000022,0.026929,47.398823,1,0.005795,5969.772461,2.583605,8357.681641,-0.000071,-0.109579,57.665020,1,0.005492,5959.289062,2.578138,8343.004883,-0.000071,-0.109433,57.667164,2.292756,25485.203125,-10577.710938,-179.931549,1.612284,0.039893,0.000000,0.000000,0.000000,0.000000,0.000000,0.000000,0.000000,0.000000,0.000000
138,2.300000,0.000488,0.000081,-21.155396,0.002808,0.001443,-16.855362,-0.000203,-0.000499,16.855267,6576.803,1,0.000000,4,3,57.065178,1,0,0,-0.000182,0.999994,0.003457,1.000000,0.000181,0.000204,0.023603,-0.000032,0.000000,0.000000,0.000000,1,-0.005011,6763.907227,-0.646604,-2880.779297,0.000006,0.025734,47.818924,1,-0.005326,6750.844727,-0.645327,-2876.865723,0.000006,0.025699,47.816029,1,0.006422,5990.288086,8.516932,17970.861328,-0.000095,-0.175614,57.063999,1,0.006120,5979.826660,8.503606,17939.478516,-0.000095,-0.175496,57.066357,21.861443,25480.628906,-30067.460938,1883.679688,-2.704405,2.189256,0.000000,0.000000,0.000000,0.000000,0.000000,0.000000,0.000000,0.000000,0.000000
139,2.316667,0.000488,0.000103,-21.442749,0.003088,0.001349,-17.240843,-0.000212,-0.000512,17.240709,6436.281,1,0.000000,4,3,55.778694,1,0,0,-0.000182,0.999992,0.004006,1.000000,0.000181,0.000213,0.032950,-0.000005,0.000000,0.000000,0.000000,1,-0.005789,6722.857422,-1.287206,-5378.278320,0.000008,0.034015,48.216682,1,-0.006103,6709.807617,-1.285938,-5375.927734,0.000008,0.033985,48.213219,1,0.007310,6034.447266,3.879181,8448.224609,-0.000119,-0.141696,55.777290,1,0.007008,6023.940918,3.869935,8433.516602,-0.000119,-0.141576,55.780098,6.462113,25486.837891,-6038.360352,-1216.404297,-11.266785,0.884549,0.000000,0.000000,0.000000,0.000000,0.000000,0.000000,0.000000,0.000000,0.000000
140,2.333333,0.000488,0.000128,-21.731323,0.003171,0.001496,-17.318258,-0.000221,-0.000568,17.318092,6258.321,1,0.000000,4,3,55.171318,1,0,0,-0.000182,0.999990,0.004455,1.000000,0.000181,0.000222,0.026915,0.000011,0.000000,0.000000,0.000000,1,-0.006431,6701.775391,-1.421863,-3431.020752,0.000010,0.030649,48.977413,1,-0.006745,6688.710938,-1.420646,-3428.040039,0.000010,0.030623,48.973610,1,0.008028,6050.899902,12.971098,18152.695312,-0.000146,-0.188490,55.169811,1,0.007726,6040.363281,12.949189,18121.085938,-0.000146,-0.188405,55.172825,29.592794,25477.289062,-29324.742188,1383.212158,12.311370,3.293682,0.000000,0.000000,0.000000,0.000000,0.000000,0.000000,0.000000,0.000000,0.000000
141,2.350000,0.000488,0.000151,-22.026245,0.003550,0.001389,-17.694216,-0.000230,-0.000507,17.694000,6098.204,1,0.000000,4,3,53.871864,1,0,0,-0.000183,0.999987,0.005018,1.000000,0.000182,0.000231,0.033778,0.000054,0.000000,0.000000,0.000000,1,-0.007228,6662.386230,-1.952080,-6045.561035,0.000013,0.039318,49.455139,1,-0.007544,6649.233398,-1.950605,-6045.542480,0.000013,0.039302,49.450905,1,0.008938,6092.490234,5.953565,8529.484375,-0.000168,-0.155732,53.870140,1,0.008635,6081.815430,5.936716,8514.539062,-0.000168,-0.155644,53.873589,9.110926,25481.576172,-4858.994141,-1713.882568,-6.133191,0.318722,0.000000,0.000000,0.000000,0.000000,0.000000,0.000000,0.000000,0.000000,0.000000
142,2.366667,0.000488,0.000177,-22.322144,0.003667,0.001501,-17.756510,-0.000239,-0.000538,17.756256,5891.648,1,0.000000,4,3,53.258694,1,0,0,-0.000184,0.999985,0.005439,1.000000,0.000183,0.000240,0.025274,0.000063,0.000000,0.000000,0.000000,1,-0.007831,6645.272949,-2.198821,-3056.348633,0.000015,0.027302,50.312851,1,-0.008149,6632.049805,-2.197291,-3055.964844,0.000015,0.027299,50.308613,1,0.009612,6103.993652,18.615875,18311.970703,-0.000193,-0.183593,53.256870,1,0.009307,6093.254883,18.581516,18279.757812,-0.000193,-0.183542,53.260521,40.085968,25470.132812,-30384.820312,1202.870361,30.532820,2.870423,0.000000,0.000000,0.000000,0.000000,0.000000,0.000000,0.000000,0.000000,0.000000
143,2.383333,0.000610,0.000198,-22.624634,0.004181,0.001317,-18.146059,-0.000245,-0.000387,18.145744,5711.694,1,0.000000,4,3,51.947891,1,0,0,-0.000186,0.999982,0.005960,1.000000,0.000184,0.000246,0.031242,0.000099,0.000000,0.000000,0.000000,1,-0.008568,6609.331543,-2.989249,-5703.590332,0.000019,0.036080,50.736126,1,-0.008889,6595.974121,-2.987962,-5707.310059,0.000019,0.036090,50.731831,1,0.010454,6142.065918,21.501560,17505.121094,-0.000208,-0.190732,51.945854,1,0.010147,6131.175781,21.500648,17491.169922,-0.000208,-0.190580,51.949928,42.808887,25474.427734,-23486.597656,106.716057,46.204960,2.520724,0.000000,0.000000,0.000000,0.000000,0.000000,0.000000,0.000000,0.000000,0.000000
144,2.400000,0.000732,0.000219,-22.932007,0.004730,0.001245,-18.447170,-0.000248,-0.000160,18.446793,5476.213,1,0.000000,4,3,50.694031,1,0,0,-0.000188,0.999979,0.006489,1.000000,0.000186,0.000249,0.031771,0.000131,0.000000,0.000000,0.000000,1,-0.009316,6577.998047,-4.043731,-6788.300293,0.000026,0.045196,51.544136,1,-0.009640,6564.483398,-4.042325,-6794.587891,0.000026,0.045223,51.540382,1,0.011312,6173.006348,4.028198,14675.946289,-0.000044,-0.159906,50.691929,1,0.011002,6161.927734,4.021453,14661.759766,-0.000044,-0.159751,50.696133,3.859783,25473.457031,-15652.730469,-963.304443,-14.341567,-2.466801,0.000000,0.000000,0.000000,0.000000,0.000000,0.000000,0.000000,0.000000,0.000000
145,2.416667,0.000854,0.000240,-23.242798,0.004779,0.001220,-18.647846,-0.000252,-0.000231,18.647408,5228.639,1,0.000000,4,3,49.642117,1,0,0,-0.000190,0.999976,0.006939,1.000000,0.000188,0.000253,0.026991,0.000100,0.000000,0.000000,0.000000,1,-0.009954,6556.146973,-4.836061,-4102.460938,0.000032,0.036647,52.509792,1,-0.010280,6542.562012,-4.834766,-4099.524902,0.000032,0.036621,52.506954,1,0.012039,6191.785645,5.299069,12453.571289,-0.000049,-0.150918,49.639946,1,0.011725,6180.631348,5.292271,12447.482422,-0.000049,-0.150796,49.644287,5.116808,25467.361328,-16594.750000,-900.399170,13.927860,-3.141897,0.000000,0.000000,0.000000,0.000000,0.000000,0.000000,0.000000,0.000000,0.000000
146,2.433333,0.000977,0.000258,-23.557129,0.004845,0.001118,-18.860600,-0.000254,-0.000162,18.860104,4981.799,1,0.000000,4,3,48.748539,1,0,0,-0.000191,0.999973,0.007314,1.000000,0.000189,0.000256,0.022523,0.000057,0.000000,0.000000,0.000000,1,-0.010488,6538.327637,-2.613127,-4162.246582,0.000023,0.037181,53.085102,1,-0.010816,6524.738281,-2.607871,-4161.488770,0.000023,0.037174,53.081837,1,0.012643,6206.752930,5.487598,9410.611328,-0.000053,-0.132959,48.746361,1,0.012328,6195.624023,5.480795,9407.086914,-0.000053,-0.132868,48.750717,8.402863,25462.033203,-10387.248047,-1626.477295,9.028975,-2.540538,0.000000,0.000000,0.000000,0.000000,0.000000,0.000000,0.000000,0.000000,0.000000
147,2.450000,0.001099,0.000275,-23.873657,0.004952,0.000993,-18.993769,-0.000256,-0.000117,18.993235,4735.663,1,0.000000,4,3,48.072071,1,0,0,-0.000191,0.999971,0.007555,1.000000,0.000189,0.000258,0.014451,0.000025,0.000000,0.000000,0.000000,1,-0.010836,6531.607422,-2.294158,-3476.741455,0.000020,0.031058,53.669102,1,-0.011164,6518.043457,-2.289376,-3478.584961,0.000020,0.031074,53.665726,1,0.013026,6208.916504,4.598235,6200.344727,-0.000050,-0.108683,48.069893,1,0.012710,6197.791016,4.590283,6199.363281,-0.000050,-0.108622,48.074249,5.979574,25453.468750,-5336.154785,-2113.250977,7.652397,-2.602695,0.000000,0.000000,0.000000,0.000000,0.000000,0.000000,0.000000,0.000000,0.000000
148,2.466667,0.001221,0.000288,-24.191406,0.005029,0.000792,-19.062181,-0.000258,-0.000080,19.061634,4498.695,1,0.000000,4,3,47.624653,1,0,0,-0.000191,0.999971,0.007621,1.000000,0.000189,0.000259,0.003964,-0.000006,0.000000,0.000000,0.000000,1,-0.010940,6537.242676,-2.065843,-2511.156738,0.000018,0.022432,54.153473,1,-0.011268,6523.714844,-2.061549,-2515.009521,0.000018,0.022467,54.150364,1,0.013122,6197.638672,1.402754,3022.647461,-0.000015,-0.080566,47.622486,1,0.012807,6186.569336,1.400417,3024.097656,-0.000015,-0.080534,47.626820,-1.088647,25443.052734,-911.572754,-2458.972656,0.110610,-3.068066,0.000000,0.000000,0.000000,0.000000,0.000000,0.000000,0.000000,0.000000,0.000000
149,2.483333,0.001343,0.000296,-24.509277,0.005015,0.000486,-19.073868,-0.000259,-0.000079,19.073338,4456.824,1,0.000000,4,3,48.138405,1,0,0,-0.000190,0.999972,0.007484,1.000000,0.000188,0.000260,-0.008239,-0.000043,0.000000,0.000000,0.000000,1,-0.010760,6556.263672,-1.594682,-1449.598511,0.000014,0.012949,54.497513,1,-0.011087,6542.818359,-1.591395,-1454.059692,0.000014,0.012989,54.494961,1,0.012886,6172.345215,1.755049,1172.059326,-0.000017,-0.055401,48.136227,1,0.012571,6161.364746,1.752729,1176.161133,-0.000017,-0.055398,48.140583,0.148425,25431.751953,664.578857,-2416.101562,4.978853,-1.638787,0.000000,0.000000,0.000000,0.000000,0.000000,0.000000,0.000000,0.000000,0.000000
150,2.500000,0.001465,0.000297,-24.827026,0.005017,0.000042,-19.065348,-0.000260,-0.000055,19.064861,4504.902,1,0.000000,4,3,48.781925,1,0,0,-0.000189,0.999974,0.007147,1.000000,0.000187,0.000261,-0.020230,-0.000060,0.000000,0.000000,0.000000,1,-0.010297,6586.843750,-1.113914,-693.103210,0.000010,0.006191,54.687271,1,-0.010623,6573.463379,-1.111637,-697.435364,0.000010,0.006230,54.685368,1,0.012325,6136.113770,1.775086,-129.186035,-0.000018,-0.034315,48.779755,1,0.012013,6125.231934,1.772765,-122.641602,-0.000018,-0.034339,48.784096,0.864707,25422.041016,1751.410034,-2196.835938,8.447023,-1.099684,0.000000,0.000000,0.000000,0.000000,0.000000,0.000000,0.000000,0.000000,0.000000
151,2.516667,0.001587,0.000288,-25.144409,0.005028,-0.000530,-19.042894,-0.000260,-0.000013,19.042473,4565.125,1,0.000000,4,3,49.515347,1,0,0,-0.000188,0.999978,0.006628,1.000000,0.000186,0.000261,-0.031134,-0.000069,0.000000,0.000000,0.000000,1,-0.009575,6627.243652,-0.670278,-166.993057,0.000006,0.001492,54.767082,1,-0.009899,6613.927734,-0.668946,-171.012085,0.000006,0.001528,54.765808,1,0.011474,6091.350098,1.524772,-863.986084,-0.000017,-0.018083,49.513195,1,0.011163,6080.548340,1.522444,-855.234009,-0.000017,-0.018134,49.517498,1.141775,25415.187500,2166.012939,-1816.622070,10.289514,-0.632605,0.000000,0.000000,0.000000,0.000000,0.000000,0.000000,0.000000,0.000000,0.000000
152,2.533333,0.001709,0.000268,-25.461426,0.005043,-0.001206,-19.015125,-0.000259,0.000037,19.014780,4633.760,1,0.000000,4,3,50.297699,1,0,0,-0.000187,0.999982,0.005959,1.000000,0.000185,0.000261,-0.040151,-0.000074,0.000000,0.000000,0.000000,1,-0.008635,6675.023438,-0.321180,-96.824211,0.000003,0.001259,54.770432,1,-0.008958,6661.762695,-0.320507,-102.377197,0.000003,0.001300,54.769741,1,0.010384,6041.069336,0.995431,-1058.517212,-0.000015,-0.007090,50.295586,1,0.010075,6030.358887,0.993113,-1047.782471,-0.000015,-0.007165,50.299812,0.717448,25412.267578,2413.971924,-1427.627930,8.152741,-0.237245,0.000000,0.000000,0.000000,0.000000,0.000000,0.000000,0.000000,0.000000,0.000000
153,2.550000,0.001831,0.000235,-25.777832,0.005052,-0.001938,-18.984177,-0.000258,0.000077,18.983913,4706.974,1,0.000000,4,3,51.090027,1,0,0,-0.000186,0.999987,0.005172,1.000000,0.000184,0.000259,-0.047239,-0.000074,0.000000,0.000000,0.000000,1,-0.007521,6728.353027,-0.214183,76.989182,0.000002,0.000536,54.763584,1,-0.007841,6715.136719,-0.213692,71.921394,0.000002,0.000579,54.763699,1,0.009111,5987.246094,0.318316,-745.098938,-0.000011,-0.001445,51.087967,1,0.008804,5976.617676,0.316015,-732.540283,-0.000011,-0.001543,51.092087,-0.166578,25413.437500,1436.846924,-910.573120,8.088131,0.070314,0.000000,0.000000,0.000000,0.000000,0.000000,0.000000,0.000000,0.000000,0.000000
154,2.566667,0.001953,0.000191,-26.093872,0.005050,-0.002684,-18.965755,-0.000256,0.000117,18.965570,4781.122,1,0.000000,4,3,51.855850,1,0,0,-0.000184,0.999991,0.004309,1.000000,0.000183,0.000257,-0.051761,-0.000070,0.000000,0.000000,0.000000,1,-0.006290,6784.215820,-0.092061,197.124390,0.000001,-0.000316,54.731476,1,-0.006609,6771.040039,-0.091936,192.827805,0.000001,-0.000275,54.732327,1,0.007726,5933.243652,-0.520054,-33.477158,-0.000005,-0.000773,51.853867,1,0.007420,5922.680664,-0.522397,-19.320992,-0.000005,-0.000892,51.857834,-1.168537,25419.267578,-229.245453,-335.146362,7.258962,-0.510275,0.000000,0.000000,0.000000,0.000000,0.000000,0.000000,0.000000,0.000000,0.000000
155,2.583333,0.002075,0.000134,-26.410034,0.005035,-0.003392,-18.968695,-0.000254,0.000153,18.968573,4852.790,1,0.000000,4,3,52.566723,1,0,0,-0.000183,0.999994,0.003418,1.000000,0.000182,0.000254,-0.053427,-0.000077,0.000000,0.000000,0.000000,1,-0.005010,6839.561035,-0.063945,192.350189,0.000001,-0.000837,54.681908,1,-0.005327,6826.423340,-0.063764,188.994995,0.000001,-0.000800,54.683380,1,0.006306,5882.132324,-1.464226,962.644653,0.000003,-0.004379,52.564831,1,0.006002,5871.671875,-1.466517,978.195923,0.000003,-0.004517,52.568615,-2.496632,25429.707031,-2214.243652,224.042084,5.888527,-0.244929,0.000000,0.000000,0.000000,0.000000,0.000000,0.000000,0.000000,0.000000,0.000000
156,2.600000,0.002197,0.000067,-26.726685,0.005003,-0.004006,-18.997082,-0.000251,0.000182,18.997009,4919.314,1,0.000000,4,3,53.202488,1,0,0,-0.000182,0.999997,0.002546,1.000000,0.000181,0.000251,-0.052318,-0.000081,0.000000,0.000000,0.000000,1,-0.003745,6891.706543,0.042450,22.064838,0.000000,-0.000599,54.633034,1,-0.004060,6878.640625,0.042551,19.763081,0.000000,-0.000568,54.634991,1,0.004926,5836.368652,-2.448248,2132.309082,0.000012,-0.011378,53.200703,1,0.004624,5826.003418,-2.450613,2149.055176,0.000012,-0.011532,53.204273,-3.756879,25444.169922,-4214.927246,727.869263,3.800453,0.751123,0.000000,0.000000,0.000000,0.000000,0.000000,0.000000,0.000000,0.000000,0.000000
157,2.616667,0.002319,-0.000007,-27.044067,0.004955,-0.004474,-19.051119,-0.000247,0.000201,19.051085,4978.811,1,0.000000,4,3,53.751064,1,0,0,-0.000181,0.999999,0.001735,1.000000,0.000180,0.000248,-0.048708,-0.000073,0.000000,0.000000,0.000000,1,-0.002555,6938.369141,0.189950,-320.218079,-0.000000,0.000685,54.608906,1,-0.002868,6925.337891,0.190020,-321.418304,-0.000000,0.000708,54.611198,1,0.003655,5797.815918,-3.404806,3375.307373,0.000021,-0.020805,53.749397,1,0.003354,5787.522461,-3.407100,3393.091797,0.000021,-0.020974,53.752731,-4.943284,25461.576172,-6017.880859,1139.202148,0.914720,0.852233,0.000000,0.000000,0.000000,0.000000,0.000000,0.000000,0.000000,0.000000,0.000000
158,2.633333,0.002441,-0.000086,-27.362915,0.004891,-0.004755,-19.128271,-0.000244,0.000205,19.128258,5030.148,1,0.000000,4,3,54.207630,1,0,0,-0.000179,0.999999,0.001017,1.000000,0.000179,0.000244,-0.043056,-0.000064,0.000000,0.000000,0.000000,1,-0.001489,6977.860840,0.374444,-810.221924,-0.000002,0.003117,54.634525,1,-0.001801,6964.870117,0.374486,-810.327026,-0.000002,0.003132,54.636990,1,0.002544,5767.610352,-4.240819,4606.717773,0.000030,-0.031714,54.206097,1,0.002245,5757.362793,-4.243099,4625.415039,0.000031,-0.031896,54.209164,-5.905448,25480.832031,-7501.818359,1441.932617,-2.280591,0.915303,0.000000,0.000000,0.000000,0.000000,0.000000,0.000000,0.000000,0.000000,0.000000
159,2.650000,0.002563,-0.000167,-27.683228,0.004816,-0.004821,-19.224449,-0.000241,0.000194,19.224447,5072.875,1,0.000000,4,3,54.573498,1,0,0,-0.000179,1.000000,0.000419,1.000000,0.000178,0.000241,-0.035901,-0.000054,0.000000,0.000000,0.000000,1,-0.000587,7009.023926,0.590432,-1400.961792,-0.000003,0.006605,54.731358,1,-0.000897,6996.058105,0.590444,-1400.000244,-0.000003,0.006612,54.733837,1,0.001632,5746.220703,-4.875892,5758.519531,0.000039,-0.043232,54.572105,1,0.001334,5736.033691,-4.878167,5778.055664,0.000039,-0.043425,54.574890,-6.498201,25500.464844,-8624.741211,1640.011719,-5.325994,0.987497,0.000000,0.000000,0.000000,0.000000,0.000000,0.000000,0.000000,0.000000,0.000000
160,2.666667,0.002686,-0.000244,-28.005493,0.004732,-0.004663,-19.335022,-0.000238,0.000168,19.335024,5107.113,1,0.000000,4,3,54.854858,1,0,0,-0.000178,1.000000,-0.000044,1.000000,0.000178,0.000238,-0.027761,-0.000045,0.000000,0.000000,0.000000,1,0.000126,7031.203125,0.834407,-2032.961670,-0.000005,0.010894,54.914047,1,-0.000183,7018.258789,0.834401,-2031.046631,-0.000005,0.010892,54.916386,1,0.000942,5733.708984,-5.249163,6779.366699,0.000046,-0.054603,54.853619,1,0.000646,5723.557617,-5.251435,6799.684082,0.000046,-0.054806,54.856098,-6.596269,25519.257812,-9402.892578,1695.000000,-7.877461,1.018052,0.000000,0.000000,0.000000,0.000000,0.000000,0.000000,0.000000,0.000000,0.000000
161,2.683333,0.002808,-0.000316,-28.329712,0.004648,-0.004283,-19.455572,-0.000236,0.000129,19.455572,5133.443,1,0.000000,4,3,55.061558,1,0,0,-0.000177,1.000000,-0.000366,1.000000,0.000177,0.000236,-0.019348,-0.000035,0.000000,0.000000,0.000000,1,0.000641,7044.627441,1.104615,-2644.593506,-0.000007,0.015620,55.188587,1,0.000332,7031.699707,1.104600,-2641.860596,-0.000007,0.015609,55.190647,1,0.000479,5729.201172,-5.322860,7633.247070,0.000050,-0.065206,55.060482,1,0.000183,5719.058105,-5.325132,7654.290527,0.000050,-0.065420,55.062634,-6.109439,25535.949219,-9887.530273,1676.878906,-9.601256,1.029238,0.000000,0.000000,0.000000,0.000000,0.000000,0.000000,0.000000,0.000000,0.000000
162,2.700000,0.002930,-0.000378,-28.656006,0.004569,-0.003702,-19.582335,-0.000234,0.000082,19.582335,5152.787,1,0.000000,4,3,55.205971,1,0,0,-0.000177,1.000000,-0.000550,1.000000,0.000177,0.000234,-0.011024,-0.000025,0.000000,0.000000,0.000000,1,0.000955,7049.590820,1.399262,-3181.053711,-0.000009,0.020369,55.552017,1,0.000647,7036.683594,1.399293,-3177.674561,-0.000009,0.020352,55.553680,1,0.000236,5731.986816,-3.580861,8297.462891,0.000039,-0.074561,55.205063,1,-0.000060,5721.859863,-3.574753,8319.195312,0.000039,-0.074783,55.206879,-1.981271,25549.832031,-10142.890625,1614.930664,-5.273230,1.465377,0.000000,0.000000,0.000000,0.000000,0.000000,0.000000,0.000000,0.000000,0.000000
163,2.716667,0.003052,-0.000427,-28.984497,0.004544,-0.002952,-19.712372,-0.000233,0.000056,19.712370,5166.302,1,0.000000,4,3,55.302025,1,0,0,-0.000177,1.000000,-0.000600,1.000000,0.000177,0.000233,-0.003006,-0.000008,0.000000,0.000000,0.000000,1,0.001073,7046.479004,1.646653,-2722.675537,-0.000011,0.024322,55.993416,1,0.000765,7033.556641,1.646684,-2714.582520,-0.000011,0.024249,55.994587,1,0.000202,5741.395508,-1.157736,8761.007812,0.000013,-0.082317,55.301292,1,-0.000093,5731.256836,-1.155658,8783.196289,0.000013,-0.082547,55.302757,3.777346,25560.287109,-11990.372070,1710.478760,7.924951,1.934680,0.000000,0.000000,0.000000,0.000000,0.000000,0.000000,0.000000,0.000000,0.000000
164,2.733333,0.003174,-0.000461,-29.315552,0.004592,-0.002082,-19.866095,-0.000232,0.000095,19.866093,5175.290,1,0.000000,4,3,55.364357,1,0,0,-0.000177,1.000000,-0.000509,1.000000,0.000177,0.000232,0.005486,0.000015,0.000000,0.000000,0.000000,1,0.000982,7034.063965,1.489073,-2939.228271,-0.000013,0.026256,56.368195,1,0.000674,7021.108887,1.486358,-2935.442871,-0.000013,0.026222,56.368191,1,0.000388,5758.962891,-1.770738,8929.657227,0.000015,-0.087877,55.363808,1,0.000093,5748.775879,-1.768652,8951.694336,0.000015,-0.088110,55.364906,2.190684,25568.097656,-11888.281250,1551.649658,2.787269,2.175099,0.000000,0.000000,0.000000,0.000000,0.000000,0.000000,0.000000,0.000000,0.000000
165,2.750000,0.003296,-0.000480,-29.649170,0.004620,-0.001109,-20.018509,-0.000230,0.000109,20.018507,5181.124,1,0.000000,4,3,55.414253,1,0,0,-0.000178,1.000000,-0.000289,1.000000,0.000178,0.000230,0.013191,0.000041,0.000000,0.000000,0.000000,1,0.000699,7014.239258,1.345561,-3027.678467,-0.000012,0.027046,56.774448,1,0.000390,7001.212891,1.343089,-3025.749023,-0.000012,0.027029,56.773891,1,0.000771,5782.154297,-2.221207,5512.192871,0.000018,-0.060060,55.413883,1,0.000475,5771.885254,-2.219118,5504.509277,0.000018,-0.059976,55.414623,-0.638239,25572.031250,-4843.052734,562.459106,-25.171602,1.445439,0.000000,0.000000,0.000000,0.000000,0.000000,0.000000,0.000000,0.000000,0.000000
166,2.766667,0.003418,-0.000481,-29.983887,0.004612,-0.000038,-20.080599,-0.000230,-0.000015,20.080599,5185.793,1,0.000000,4,3,55.708817,1,0,0,-0.000179,1.000000,-0.000023,1.000000,0.000179,0.000230,0.015987,0.000060,0.000000,0.000000,0.000000,1,0.000334,6995.557129,1.265207,-2198.201904,-0.000012,0.019636,57.193554,1,0.000023,6982.447266,1.262740,-2196.682617,-0.000012,0.019623,57.192719,1,0.001215,5800.450195,-1.576799,6515.809082,0.000018,-0.064119,55.708382,1,0.000917,5790.094727,-1.574715,6509.517090,0.000018,-0.064040,55.709251,1.335545,25568.289062,-8509.472656,827.936707,-19.358906,1.314832,0.000000,0.000000,0.000000,0.000000,0.000000,0.000000,0.000000,0.000000,0.000000
167,2.783333,0.003540,-0.000464,-30.320435,0.004629,0.000974,-20.189695,-0.000232,-0.000110,20.189693,5213.359,1,0.000000,4,3,55.929775,1,0,0,-0.000180,1.000000,0.000312,1.000000,0.000180,0.000232,0.020100,0.000077,0.000000,0.000000,0.000000,1,-0.000142,6971.015625,0.800752,-2237.045410,-0.000010,0.019983,57.492107,1,-0.000455,6957.812500,0.798328,-2234.524658,-0.000010,0.019961,57.491055,1,0.001755,5824.009766,-0.698659,5905.717285,0.000014,-0.064347,55.929287,1,0.001455,5813.549805,-0.696585,5908.417480,0.000014,-0.064377,55.930264,1.880104,25563.447266,-7220.277344,487.281433,-7.613982,0.264506,0.000000,0.000000,0.000000,0.000000,0.000000,0.000000,0.000000,0.000000,0.000000
168,2.800000,0.003662,-0.000432,-30.658447,0.004654,0.001946,-20.282263,-0.000235,-0.000147,20.282259,5234.037,1,0.000000,4,3,56.192501,1,0,0,-0.000181,1.000000,0.000688,1.000000,0.000181,0.000235,0.022522,0.000079,0.000000,0.000000,0.000000,1,-0.000690,6945.100586,0.593937,-2094.383545,-0.000008,0.018709,57.796307,1,-0.001004,6931.823242,0.591542,-2092.722900,-0.000008,0.018694,57.794888,1,0.002345,5846.986816,0.110235,5978.579590,0.000008,-0.065141,56.192036,1,0.002043,5836.440918,0.112301,5982.208984,0.000008,-0.065181,56.192966,3.203710,25554.859375,-7650.270508,357.737488,-3.833373,0.130432,0.000000,0.000000,0.000000,0.000000,0.000000,0.000000,0.000000,0.000000,0.000000
169,2.816667,0.003784,-0.000385,-30.998169,0.004695,0.002823,-20.380342,-0.000237,-0.000166,20.380333,5258.624,1,0.000000,4,3,56.448242,1,0,0,-0.000183,0.999999,0.001093,1.000000,0.000182,0.000237,0.024302,0.000080,0.000000,0.000000,0.000000,1,-0.001292,6917.579102,0.467180,-2074.686279,-0.000007,0.018533,58.079773,1,-0.001610,6904.218262,0.464814,-2073.484375,-0.000007,0.018522,58.078114,1,0.002971,5870.375000,0.926001,5853.645020,0.000002,-0.063780,56.447803,1,0.002666,5859.745605,0.928055,5857.827637,0.000002,-0.063825,56.448681,4.553516,25544.166016,-7438.694336,155.436737,-0.576652,-0.015539,0.000000,0.000000,0.000000,0.000000,0.000000,0.000000,0.000000,0.000000,0.000000
170,2.833333,0.003906,-0.000325,-31.339478,0.004753,0.003582,-20.475710,-0.000240,-0.000169,20.475691,5282.556,1,0.000000,4,3,56.711159,1,0,0,-0.000184,0.999999,0.001511,1.000000,0.000183,0.000240,0.025076,0.000079,0.000000,0.000000,0.000000,1,-0.001926,6889.822266,0.395654,-2037.722168,-0.000006,0.018203,58.360378,1,-0.002245,6876.393555,0.393306,-2037.044312,-0.000006,0.018197,58.358543,1,0.003605,5892.778809,1.674267,5863.292480,-0.000006,-0.063885,56.710754,1,0.003299,5882.071289,1.676396,5866.944336,-0.000006,-0.063925,56.711563,5.950653,25531.355469,-7529.692871,3.144746,1.388557,-0.099521,0.000000,0.000000,0.000000,0.000000,0.000000,0.000000,0.000000,0.000000,0.000000
171,2.850000,0.004028,-0.000255,-31.682251,0.004829,0.004196,-20.572245,-0.000243,-0.000162,20.572214,5307.160,1,0.000000,4,3,56.971611,1,0,0,-0.000185,0.999998,0.001929,1.000000,0.000185,0.000243,0.025095,0.000078,0.000000,0.000000,0.000000,1,-0.002570,6862.458984,0.330517,-2029.178589,-0.000005,0.018127,58.635609,1,-0.002891,6848.957520,0.328087,-2028.902100,-0.000005,0.018124,58.633678,1,0.004229,5913.916016,2.320014,5822.466797,-0.000013,-0.063440,56.971233,1,0.003921,5903.132324,2.322162,5825.419434,-0.000013,-0.063472,56.971989,7.116533,25517.171875,-7462.839355,-143.832794,2.871841,-0.219211,0.000000,0.000000,0.000000,0.000000,0.000000,0.000000,0.000000,0.000000,0.000000
172,2.866667,0.004150,-0.000178,-32.026733,0.004921,0.004648,-20.667923,-0.000245,-0.000148,20.667877,5331.534,1,0.000000,4,3,57.233208,1,0,0,-0.000186,0.999997,0.002335,1.000000,0.000186,0.000246,0.024383,0.000075,0.000000,0.000000,0.000000,1,-0.003205,6836.280273,0.244068,-2016.266602,-0.000004,0.018011,58.909599,1,-0.003529,6822.716309,0.241622,-2016.325562,-0.000004,0.018012,58.907627,1,0.004826,5933.248047,2.825467,5813.842773,-0.000020,-0.063346,57.232853,1,0.004516,5922.391113,2.827549,5815.772461,-0.000020,-0.063367,57.233562,7.974846,25502.199219,-7468.873535,-270.126740,3.744744,-0.336167,0.000000,0.000000,0.000000,0.000000,0.000000,0.000000,0.000000,0.000000,0.000000
173,2.883333,0.004272,-0.000096,-32.372803,0.005023,0.004928,-20.763678,-0.000247,-0.000130,20.763615,5356.015,1,0.000000,4,3,57.493637,1,0,0,-0.000188,0.999996,0.002719,1.000000,0.000187,0.000248,0.023044,0.000071,0.000000,0.000000,0.000000,1,-0.003815,6811.929199,0.110728,-2010.109741,-0.000003,0.017956,59.181713,1,-0.004140,6798.301270,0.108265,-2010.360596,-0.000003,0.017959,59.179749,1,0.005381,5950.418945,3.173351,5792.468262,-0.000025,-0.063113,57.493298,1,0.005069,5939.491211,3.175427,5793.304688,-0.000025,-0.063122,57.493977,8.412243,25487.023438,-7435.961914,-375.519318,4.262162,-0.491149,0.000000,0.000000,0.000000,0.000000,0.000000,0.000000,0.000000,0.000000,0.000000
174,2.900000,0.004395,-0.000012,-32.720337,0.005131,0.005032,-20.859011,-0.000249,-0.000109,20.858929,5380.387,1,0.000000,4,3,57.753796,1,0,0,-0.000189,0.999995,0.003072,1.000000,0.000188,0.000250,0.021181,0.000065,0.000000,0.000000,0.000000,1,-0.004383,6789.914062,-0.080052,-2003.062622,-0.000001,0.017893,59.452930,1,-0.004710,6776.239258,-0.082522,-2003.493286,-0.000001,0.017897,59.451004,1,0.005883,5965.156250,3.356841,5778.335449,-0.000029,-0.062959,57.753460,1,0.005570,5954.176270,3.358910,5778.210938,-0.000029,-0.062958,57.754131,8.407223,25472.148438,-7419.459473,-456.529083,3.801449,-1.346006,0.000000,0.000000,0.000000,0.000000,0.000000,0.000000,0.000000,0.000000,0.000000
175,2.916667,0.004517,0.000071,-33.069580,0.005238,0.004963,-20.954132,-0.000251,-0.000090,20.954029,5404.732,1,0.000000,4,3,58.013149,1,0,0,-0.000189,0.999994,0.003388,1.000000,0.000189,0.000251,0.018915,0.000047,0.000000,0.000000,0.000000,1,-0.004899,6770.611328,-0.340445,-1997.777710,0.000000,0.017846,59.723125,1,-0.005227,6756.907715,-0.342924,-1998.250610,0.000000,0.017850,59.721260,1,0.006323,5977.339355,3.414084,5760.850586,-0.000032,-0.062769,58.012814,1,0.006009,5966.332520,3.416148,5760.025879,-0.000032,-0.062760,58.013485,8.005547,25458.078125,-7393.124512,-521.934326,4.146766,-1.434191,0.000000,0.000000,0.000000,0.000000,0.000000,0.000000,0.000000,0.000000,0.000000
176,2.933333,0.004639,0.000150,-33.420410,0.005341,0.004729,-21.048916,-0.000252,-0.000070,21.048794,5429.004,1,0.000000,4,3,58.271912,1,0,0,-0.000190,0.999993,0.003660,1.000000,0.000189,0.000253,0.016324,0.000028,0.000000,0.000000,0.000000,1,-0.005352,6754.354980,-0.642554,-1992.426392,0.000002,0.017798,59.992554,1,-0.005680,6740.660645,-0.644997,-1992.973511,0.000002,0.017803,59.990757,1,0.006696,5986.849609,2.650633,5744.914551,-0.000029,-0.062595,58.271568,1,0.006380,5975.840820,2.645913,5743.402344,-0.000029,-0.062579,58.272255,5.870464,25445.253906,-7370.000000,-566.231262,1.848360,-1.603315,0.000000,0.000000,0.000000,0.000000,0.000000,0.000000,0.000000,0.000000,0.000000
177,2.950000,0.004761,0.000222,-33.772827,0.005416,0.004344,-21.143402,-0.000253,-0.000061,21.143259,5453.220,1,0.000000,4,3,58.529957,1,0,0,-0.000190,0.999992,0.003885,1.000000,0.000189,0.000254,0.013512,0.000007,0.000000,0.000000,0.000000,1,-0.005734,6741.356445,-0.943486,-1987.656616,0.000005,0.017756,60.261204,1,-0.006063,6727.682617,-0.945928,-1988.094482,0.000005,0.017760,60.259487,1,0.006997,5993.683594,1.389851,5727.885742,-0.000015,-0.062410,58.529598,1,0.006681,5982.693848,1.387198,5726.269531,-0.000015,-0.062392,58.530315,2.750148,25434.001953,-7344.291504,-597.095581,-1.445194,-1.857063,0.000000,0.000000,0.000000,0.000000,0.000000,0.000000,0.000000,0.000000,0.000000
178,2.966667,0.004883,0.000286,-34.126709,0.005452,0.003826,-21.237560,-0.000254,-0.000068,21.237400,5477.368,1,0.000000,4,3,58.787327,1,0,0,-0.000190,0.999992,0.004061,1.000000,0.000189,0.000255,0.010547,-0.000018,0.000000,0.000000,0.000000,1,-0.006040,6731.765137,-1.168137,-1983.140869,0.000007,0.017715,60.529160,1,-0.006368,6718.158691,-1.170572,-1983.250732,0.000007,0.017716,60.527508,1,0.007224,5997.858398,1.695863,5710.602539,-0.000016,-0.062221,58.786953,1,0.006909,5986.917480,1.693226,5709.609375,-0.000016,-0.062211,58.787701,2.914931,25424.683594,-7318.510742,-603.453979,1.039378,-1.611795,0.000000,0.000000,0.000000,0.000000,0.000000,0.000000,0.000000,0.000000,0.000000
179,2.983333,0.005005,0.000339,-34.482300,0.005489,0.003197,-21.331387,-0.000255,-0.000063,21.331213,5501.453,1,0.000000,4,3,59.044003,1,0,0,-0.000189,0.999991,0.004187,1.000000,0.000188,0.000256,0.007549,-0.000039,0.000000,0.000000,0.000000,1,-0.006267,6725.571289,-1.318695,-1978.596802,0.000009,0.017675,60.796459,1,-0.006594,6712.035156,-1.321159,-1978.744751,0.000009,0.017676,60.794823,1,0.007378,5999.553223,1.822039,5693.476562,-0.000018,-0.062035,59.043617,1,0.007065,5988.680176,1.819379,5692.548340,-0.000018,-0.062025,59.044388,2.867231,25417.501953,-7292.175781,-602.480347,1.936113,-1.397611,0.000000,0.000000,0.000000,0.000000,0.000000,0.000000,0.000000,0.000000,0.000000
180,3.000000,0.005127,0.000381,-34.839355,0.005526,0.002482,-21.424875,-0.000256,-0.000053,21.424692,5525.474,1,0.000000,4,3,59.299976,1,0,0,-0.000188,0.999991,0.004263,1.000000,0.000187,0.000257,0.004556,-0.000057,0.000000,0.000000,0.000000,1,-0.006413,6722.766602,-0.854558,-1974.118530,0.000008,0.017635,61.063099,1,-0.006739,6709.324219,-0.852832,-1974.365601,0.000008,0.017637,61.061481,1,0.007462,5998.851562,1.909472,5676.444824,-0.000019,-0.061849,59.299583,1,0.007150,5988.063477,1.906836,5675.309082,-0.000019,-0.061837,59.300369,3.974334,25412.562500,-7265.562988,-587.770386,0.723429,-1.004135,0.000000,0.000000,0.000000,0.000000,0.000000,0.000000,0.000000,0.000000,0.000000
181,3.016667,0.005249,0.000409,-35.197998,0.005577,0.001707,-21.518024,-0.000257,-0.000049,21.517834,5549.428,1,0.000000,4,3,59.555241,1,0,0,-0.000187,0.999991,0.004290,1.000000,0.000186,0.000258,0.001636,-0.000069,0.000000,0.000000,0.000000,1,-0.006480,6723.242188,-0.878949,-1969.764404,0.000008,0.017596,61.329086,1,-0.006804,6709.899414,-0.877248,-1969.981445,0.000008,0.017598,61.327507,1,0.007478,5995.944336,1.644027,5659.118164,-0.000018,-0.061660,59.554836,1,0.007168,5985.235352,1.641179,5658.137207,-0.000018,-0.061650,59.555645,3.393439,25409.917969,-7238.602539,-556.866089,0.100207,-0.832679,0.000000,0.000000,0.000000,0.000000,0.000000,0.000000,0.000000,0.000000,0.000000
182,3.033333,0.005371,0.000424,-35.558228,0.005620,0.000899,-21.610826,-0.000258,-0.000049,21.610632,5573.315,1,0.000000,4,3,59.809788,1,0,0,-0.000186,0.999991,0.004271,1.000000,0.000185,0.000258,-0.001131,-0.000080,0.000000,0.000000,0.000000,1,-0.006470,6726.793945,-0.878698,-1965.429199,0.000008,0.017557,61.594440,1,-0.006791,6713.558594,-0.876960,-1965.554932,0.000008,0.017558,61.592896,1,0.007431,5991.090820,1.583365,5641.828125,-0.000017,-0.061472,59.809376,1,0.007123,5980.470215,1.580632,5641.003418,-0.000017,-0.061463,59.810200,3.271690,25409.652344,-7211.739746,-517.787964,-0.096261,0.231342,0.000000,0.000000,0.000000,0.000000,0.000000,0.000000,0.000000,0.000000,0.000000
183,3.050000,0.005493,0.000425,-35.919922,0.005662,0.000086,-21.703285,-0.000258,-0.000049,21.703093,5597.137,1,0.000000,4,3,60.063602,1,0,0,-0.000184,0.999991,0.004209,1.000000,0.000183,0.000259,-0.003704,-0.000075,0.000000,0.000000,0.000000,1,-0.006388,6733.187500,-0.892029,-1961.078125,0.000008,0.017518,61.859165,1,-0.006707,6720.031250,-0.890272,-1961.160034,0.000008,0.017519,61.857639,1,0.007326,5984.518555,1.570573,5624.314453,-0.000017,-0.061281,60.063179,1,0.007020,5973.964844,1.567701,5623.847168,-0.000017,-0.061276,60.064026,3.218150,25411.574219,-7184.614258,-464.769470,0.270484,0.370940,0.000000,0.000000,0.000000,0.000000,0.000000,0.000000,0.000000,0.000000,0.000000
184,3.066667,0.005615,0.000414,-36.283203,0.005703,-0.000708,-21.795395,-0.000259,-0.000048,21.795208,5620.890,1,0.000000,4,3,60.316681,1,0,0,-0.000183,0.999992,0.004109,1.000000,0.000182,0.000260,-0.006014,-0.000068,0.000000,0.000000,0.000000,1,-0.006239,6742.072266,-0.883236,-1956.626953,0.000008,0.017479,62.123257,1,-0.006556,6728.986328,-0.881564,-1956.732056,0.000008,0.017479,62.121742,1,0.007171,5976.538574,1.468872,5607.083984,-0.000016,-0.061093,60.316254,1,0.006866,5966.048828,1.466205,5606.554688,-0.000016,-0.061088,60.317108,3.031106,25415.589844,-7157.768555,-396.938385,-0.126945,0.493639,0.000000,0.000000,0.000000,0.000000,0.000000,0.000000,0.000000,0.000000,0.000000
185,3.083333,0.005737,0.000389,-36.648071,0.005742,-0.001456,-21.887161,-0.000260,-0.000049,21.886982,5644.574,1,0.000000,4,3,60.569008,1,0,0,-0.000182,0.999992,0.003976,1.000000,0.000181,0.000261,-0.007987,-0.000060,0.000000,0.000000,0.000000,1,-0.006033,6753.027832,-0.877428,-1952.135620,0.000008,0.017438,62.386703,1,-0.006348,6739.989258,-0.875720,-1952.209351,0.000008,0.017439,62.385204,1,0.006973,5967.546875,1.530437,5589.671875,-0.000017,-0.060904,60.568573,1,0.006671,5957.107422,1.527832,5589.336426,-0.000017,-0.060900,60.569443,3.164623,25421.583984,-7130.949707,-326.410034,0.287703,0.600325,0.000000,0.000000,0.000000,0.000000,0.000000,0.000000,0.000000,0.000000,0.000000
186,3.100000,0.005859,0.000354,-37.014404,0.005783,-0.002138,-21.978584,-0.000261,-0.000047,21.978418,5668.187,1,0.000000,4,3,60.820572,1,0,0,-0.000182,0.999993,0.003816,1.000000,0.000181,0.000262,-0.009610,-0.000051,0.000000,0.000000,0.000000,1,-0.005777,6765.629395,-0.868006,-1947.511963,0.000008,0.017397,62.649498,1,-0.006091,6752.636719,-0.866390,-1947.590210,0.000008,0.017398,62.648006,1,0.006743,5957.837891,1.426028,5572.479004,-0.000016,-0.060716,60.820133,1,0.006442,5947.424805,1.423447,5572.176270,-0.000016,-0.060713,60.821011,2.973134,25429.218750,-7104.636230,-249.366089,-0.025696,0.654189,0.000000,0.000000,0.000000,0.000000,0.000000,0.000000,0.000000,0.000000,0.000000
187,3.116667,0.005981,0.000308,-37.382202,0.005821,-0.002731,-22.069670,-0.000262,-0.000048,22.069515,5691.729,1,0.000000,4,3,61.071350,1,0,0,-0.000181,0.999993,0.003635,1.000000,0.000180,0.000262,-0.010850,-0.000041,0.000000,0.000000,0.000000,1,-0.005484,6779.418457,-0.855879,-1942.754761,0.000008,0.017355,62.911621,1,-0.005797,6766.443848,-0.854231,-1942.797974,0.000008,0.017355,62.910141,1,0.006488,5947.736328,1.463873,5555.212891,-0.000016,-0.060528,61.070908,1,0.006188,5937.360840,1.461391,5554.996094,-0.000016,-0.060526,61.071793,3.071788,25438.179688,-7078.535645,-169.233276,0.204328,0.731491,0.000000,0.000000,0.000000,0.000000,0.000000,0.000000,0.000000,0.000000,0.000000
188,3.133333,0.006104,0.000255,-37.751465,0.005860,-0.003222,-22.160419,-0.000262,-0.000047,22.160278,5715.197,1,0.000000,4,3,61.321339,1,0,0,-0.000180,0.999994,0.003440,1.000000,0.000179,0.000263,-0.011692,-0.000030,0.000000,0.000000,0.000000,1,-0.005162,6793.928711,-0.845242,-1937.795532,0.000008,0.017310,63.173050,1,-0.005475,6780.969238,-0.843666,-1937.886841,0.000008,0.017311,63.171577,1,0.006219,5937.607422,1.400266,5538.163574,-0.000015,-0.060343,61.320892,1,0.005919,5927.240723,1.397721,5537.872559,-0.000015,-0.060339,61.321785,2.964267,25448.251953,-7053.028809,-90.263535,-0.102258,0.749451,0.000000,0.000000,0.000000,0.000000,0.000000,0.000000,0.000000,0.000000,0.000000
189,3.150000,0.006226,0.000195,-38.122314,0.005898,-0.003597,-22.250843,-0.000263,-0.000047,22.250717,5738.591,1,0.000000,4,3,61.570511,1,0,0,-0.000180,0.999995,0.003238,1.000000,0.000179,0.000264,-0.012142,-0.000019,0.000000,0.000000,0.000000,1,-0.004824,6808.690430,-0.838931,-1932.730957,0.000007,0.017265,63.433758,1,-0.005136,6795.735840,-0.837329,-1932.768921,0.000007,0.017265,63.432301,1,0.005943,5927.728027,1.452080,5521.096191,-0.000016,-0.060157,61.570061,1,0.005644,5917.360352,1.449597,5520.900391,-0.000016,-0.060154,61.570961,3.079302,25458.990234,-7027.967285,-16.930521,0.213194,0.779569,0.000000,0.000000,0.000000,0.000000,0.000000,0.000000,0.000000,0.000000,0.000000
190,3.166667,0.006348,0.000130,-38.494629,0.005938,-0.003848,-22.340944,-0.000264,-0.000046,22.340832,5761.910,1,0.000000,4,3,61.818855,1,0,0,-0.000180,0.999995,0.003034,1.000000,0.000179,0.000265,-0.012227,-0.000008,0.000000,0.000000,0.000000,1,-0.004480,6823.283691,-0.829680,-1927.425903,0.000007,0.017218,63.693729,1,-0.004792,6810.309570,-0.828143,-1927.436768,0.000007,0.017218,63.692280,1,0.005669,5918.308594,1.380480,5504.165527,-0.000015,-0.059972,61.818401,1,0.005371,5907.942871,1.378119,5503.935547,-0.000015,-0.059970,61.819309,2.953346,25469.937500,-7003.503418,54.499180,-0.018243,0.756836,0.000000,0.000000,0.000000,0.000000,0.000000,0.000000,0.000000,0.000000,0.000000
191,3.183333,0.006470,0.000064,-38.868408,0.005976,-0.003971,-22.430733,-0.000265,-0.000046,22.430632,5785.150,1,0.000000,4,3,62.066353,1,0,0,-0.000180,0.999996,0.002835,1.000000,0.000179,0.000265,-0.011957,0.000003,0.000000,0.000000,0.000000,1,-0.004140,6837.328613,-0.818246,-1921.989502,0.000007,0.017169,63.952930,1,-0.004451,6824.322754,-0.816684,-1922.003174,0.000007,0.017169,63.951485,1,0.005405,5909.644043,1.411733,5487.248535,-0.000015,-0.059788,62.065895,1,0.005107,5899.257812,1.409322,5487.010742,-0.000015,-0.059785,62.066811,3.037448,25480.986328,-6979.325195,115.180832,0.080409,0.711807,0.000000,0.000000,0.000000,0.000000,0.000000,0.000000,0.000000,0.000000,0.000000
192,3.200000,0.006592,-0.000002,-39.243896,0.006015,-0.003965,-22.520212,-0.000266,-0.000046,22.520123,5808.312,1,0.000000,4,3,62.312992,1,0,0,-0.000180,0.999996,0.002645,1.000000,0.000179,0.000266,-0.011385,0.000013,0.000000,0.000000,0.000000,1,-0.003812,6850.433105,-0.809955,-1916.330933,0.000007,0.017119,64.211342,1,-0.004124,6837.395508,-0.808400,-1916.346191,0.000007,0.017119,64.209900,1,0.005157,5901.828613,1.392159,5470.355469,-0.000015,-0.059604,62.312531,1,0.004858,5891.425293,1.389787,5470.158691,-0.000015,-0.059602,62.313454,3.013738,25491.468750,-6955.689453,163.740417,0.063752,0.686780,0.000000,0.000000,0.000000,0.000000,0.000000,0.000000,0.000000,0.000000,0.000000
193,3.216667,0.006714,-0.000066,-39.620728,0.006053,-0.003837,-22.609388,-0.000266,-0.000046,22.609310,5831.393,1,0.000000,4,3,62.558762,1,0,0,-0.000181,0.999997,0.002469,1.000000,0.000180,0.000267,-0.010572,0.000022,0.000000,0.000000,0.000000,1,-0.003506,6862.388672,-0.799354,-1910.477173,0.000007,0.017066,64.468933,1,-0.003819,6849.302246,-0.797820,-1910.489014,0.000007,0.017066,64.467491,1,0.004930,5894.970215,1.385958,5453.635254,-0.000015,-0.059422,62.558300,1,0.004630,5884.527832,1.383406,5453.376953,-0.000015,-0.059419,62.559223,3.021280,25501.234375,-6932.690430,209.110535,0.001247,0.594907,0.000000,0.000000,0.000000,0.000000,0.000000,0.000000,0.000000,0.000000,0.000000
194,3.233333,0.006836,-0.000126,-39.999023,0.006092,-0.003594,-22.698269,-0.000267,-0.000046,22.698202,5854.393,1,0.000000,4,3,62.803638,1,0,0,-0.000181,0.999997,0.002310,1.000000,0.000180,0.000267,-0.009534,0.000030,0.000000,0.000000,0.000000,1,-0.003227,6872.889160,-0.790695,-1904.528198,0.000007,0.017013,64.725670,1,-0.003541,6859.752441,-0.789182,-1904.518799,0.000007,0.017013,64.724228,1,0.004727,5889.191895,1.398833,5436.772949,-0.000015,-0.059238,62.803169,1,0.004426,5878.707520,1.396398,5436.583984,-0.000015,-0.059236,62.804108,3.063384,25509.939453,-6909.746582,243.597855,0.133528,0.517981,0.000000,0.000000,0.000000,0.000000,0.000000,0.000000,0.000000,0.000000,0.000000
195,3.250000,0.006958,-0.000180,-40.378784,0.006131,-0.003249,-22.786856,-0.000268,-0.000045,22.786797,5877.309,1,0.000000,4,3,63.047623,1,0,0,-0.000182,0.999998,0.002171,1.000000,0.000181,0.000268,-0.008323,0.000036,0.000000,0.000000,0.000000,1,-0.002981,6881.777344,-0.778450,-1898.378296,0.000007,0.016958,64.981544,1,-0.003296,6868.578613,-0.776947,-1898.392090,0.000007,0.016958,64.980103,1,0.004551,5884.515137,1.368027,5420.012207,-0.000015,-0.059055,63.047153,1,0.004249,5873.995117,1.365623,5419.729492,-0.000015,-0.059052,63.048092,3.025243,25517.353516,-6887.199219,271.110535,-0.064280,0.429630,0.000000,0.000000,0.000000,0.000000,0.000000,0.000000,0.000000,0.000000,0.000000
196,3.266667,0.007080,-0.000227,-40.760010,0.006170,-0.002817,-22.875153,-0.000269,-0.000045,22.875099,5900.142,1,0.000000,4,3,63.290699,1,0,0,-0.000182,0.999998,0.002055,1.000000,0.000182,0.000269,-0.006976,0.000041,0.000000,0.000000,0.000000,1,-0.002774,6888.881836,-0.769985,-1892.147949,0.000007,0.016903,65.236526,1,-0.003090,6875.621582,-0.768506,-1892.118530,0.000007,0.016902,65.235085,1,0.004406,5881.014648,1.405919,5403.125977,-0.000015,-0.058871,63.290222,1,0.004103,5870.441406,1.403283,5402.952637,-0.000015,-0.058869,63.291176,3.116745,25523.308594,-6864.830078,287.132050,0.204729,0.326723,0.000000,0.000000,0.000000,0.000000,0.000000,0.000000,0.000000,0.000000,0.000000
197,3.283333,0.007202,-0.000265,-41.142700,0.006210,-0.002314,-22.963163,-0.000269,-0.000044,22.963114,5922.889,1,0.000000,4,3,63.532864,1,0,0,-0.000183,0.999998,0.001962,1.000000,0.000183,0.000270,-0.005549,0.000045,0.000000,0.000000,0.000000,1,-0.002607,6894.159668,-0.756170,-1885.780151,0.000007,0.016846,65.490601,1,-0.002925,6880.833984,-0.754711,-1885.770020,0.000007,0.016846,65.489159,1,0.004292,5878.642090,1.350679,5386.331543,-0.000015,-0.058688,63.532387,1,0.003988,5868.026855,1.348282,5386.027344,-0.000015,-0.058685,63.533340,3.033066,25527.707031,-6842.616211,297.626190,-0.104404,0.224400,0.000000,0.000000,0.000000,0.000000,0.000000,0.000000,0.000000,0.000000,0.000000
198,3.300000,0.007324,-0.000295,-41.526855,0.006249,-0.001760,-23.050890,-0.000270,-0.000045,23.050844,5945.551,1,0.000000,4,3,63.774109,1,0,0,-0.000184,0.999998,0.001894,1.000000,0.000183,0.000270,-0.004069,0.000047,0.000000,0.000000,0.000000,1,-0.002484,6897.543945,-0.746776,-1879.323975,0.000007,0.016788,65.743752,1,-0.002803,6884.153809,-0.745316,-1879.315430,0.000007,0.016788,65.742310,1,0.004210,5877.394043,1.406282,5369.331055,-0.000015,-0.058503,63.773624,1,0.003904,5866.726074,1.403784,5369.102539,-0.000015,-0.058500,63.774593,3.161976,25530.406250,-6820.391113,297.247284,0.153382,0.123316,0.000000,0.000000,0.000000,0.000000,0.000000,0.000000,0.000000,0.000000,0.000000
199,3.316667,0.007446,-0.000314,-41.912476,0.006289,-0.001173,-23.138330,-0.000271,-0.000044,23.138288,5968.128,1,0.000000,4,3,64.014435,1,0,0,-0.000185,0.999998,0.001851,1.000000,0.000184,0.000271,-0.002592,0.000048,0.000000,0.000000,0.000000,1,-0.002404,6899.080078,-0.736188,-1872.793701,0.000007,0.016730,65.995964,1,-0.002725,6885.633789,-0.734751,-1872.755127,0.000007,0.016729,65.994522,1,0.004158,5877.186523,1.361691,5352.433594,-0.000015,-0.058319,64.013947,1,0.003851,5866.477051,1.359251,5352.252930,-0.000015,-0.058317,64.014923,3.093015,25531.431641,-6798.522949,287.595917,0.081072,0.039226,0.000000,0.000000,0.000000,0.000000,0.000000,0.000000,0.000000,0.000000,0.000000
200,3.333333,0.007568,-0.000324,-42.299561,0.006329,-0.000573,-23.225491,-0.000271,-0.000044,23.225449,5990.618,1,0.000000,4,3,64.253822,1,0,0,-0.000185,0.999998,0.001832,1.000000,0.000185,0.000272,-0.001162,0.000048,0.000000,0.000000,0.000000,1,-0.002368,6898.868652,-0.720982,-1866.235229,0.000006,0.016671,66.247223,1,-0.002689,6885.369629,-0.719566,-1866.197632,0.000006,0.016671,66.245781,1,0.004137,5877.936523,1.360156,5335.352051,-0.000015,-0.058133,64.253334,1,0.003828,5867.171387,1.357719,5335.081543,-0.000015,-0.058130,64.254311,3.119175,25530.845703,-6776.173340,271.375244,-0.003404,-0.068038,0.000000,0.000000,0.000000,0.000000,0.000000,0.000000,0.000000,0.000000,0.000000
201,3.350000,0.007690,-0.000323,-42.688110,0.006369,0.000021,-23.312365,-0.000272,-0.000044,23.312323,6013.021,1,0.000000,4,3,64.492287,1,0,0,-0.000186,0.999998,0.001835,1.000000,0.000186,0.000273,0.000188,0.000046,0.000000,0.000000,0.000000,1,-0.002371,6897.028320,-0.711086,-1859.614624,0.000006,0.016612,66.497528,1,-0.002695,6883.465332,-0.709681,-1859.557983,0.000006,0.016611,66.496086,1,0.004142,5879.508789,1.376110,5318.174316,-0.000015,-0.057946,64.491791,1,0.003832,5868.708984,1.373636,5318.007812,-0.000015,-0.057944,64.492783,3.169697,25528.656250,-6753.969238,250.633026,0.164565,-0.160986,0.000000,0.000000,0.000000,0.000000,0.000000,0.000000,0.000000,0.000000,0.000000
202,3.366667,0.007812,-0.000314,-43.078125,0.006410,0.000589,-23.398954,-0.000273,-0.000043,23.398912,6035.336,1,0.000000,4,3,64.729813,1,0,0,-0.000187,0.999998,0.001859,1.000000,0.000186,0.000273,0.001434,0.000043,0.000000,0.000000,0.000000,1,-0.002414,6893.697754,-0.697226,-1852.986450,0.000006,0.016553,66.746872,1,-0.002738,6880.096191,-0.695845,-1852.947876,0.000006,0.016552,66.745422,1,0.004173,5881.821777,1.337309,5300.912109,-0.000015,-0.057757,64.729317,1,0.003861,5870.978027,1.334885,5300.674316,-0.000015,-0.057755,64.730309,3.118505,25525.046875,-6731.398438,225.335175,-0.040031,-0.236419,0.000000,0.000000,0.000000,0.000000,0.000000,0.000000,0.000000,0.000000,0.000000
203,3.383333,0.007935,-0.000295,-43.469604,0.006450,0.001116,-23.485254,-0.000274,-0.000043,23.485214,6057.564,1,0.000000,4,3,64.966408,1,0,0,-0.000188,0.999998,0.001902,1.000000,0.000187,0.000274,0.002555,0.000039,0.000000,0.000000,0.000000,1,-0.002490,6889.082031,-0.687147,-1846.355957,0.000006,0.016493,66.995255,1,-0.002816,6875.432129,-0.685780,-1846.316162,0.000006,0.016493,66.993797,1,0.004225,5884.757324,1.368437,5283.499023,-0.000015,-0.057568,64.965904,1,0.003913,5873.889160,1.365963,5283.379395,-0.000015,-0.057566,64.966911,3.199511,25520.244141,-6708.738770,194.948456,0.173844,-0.296981,0.000000,0.000000,0.000000,0.000000,0.000000,0.000000,0.000000,0.000000,0.000000
204,3.400000,0.008057,-0.000268,-43.862427,0.006491,0.001587,-23.571264,-0.000274,-0.000042,23.571224,6079.706,1,0.000000,4,3,65.202072,1,0,0,-0.000188,0.999998,0.001960,1.000000,0.000188,0.000275,0.003524,0.000034,0.000000,0.000000,0.000000,1,-0.002597,6883.376953,-0.674712,-1839.695435,0.000006,0.016434,67.242676,1,-0.002923,6869.705078,-0.673370,-1839.691650,0.000006,0.016434,67.241211,1,0.004296,5888.192383,1.322518,5266.076660,-0.000014,-0.057378,65.201569,1,0.003983,5877.297852,1.320124,5265.907715,-0.000014,-0.057376,65.202576,3.131092,25514.435547,-6685.916016,158.904510,-0.046864,-0.336933,0.000000,0.000000,0.000000,0.000000,0.000000,0.000000,0.000000,0.000000,0.000000
205,3.416667,0.008179,-0.000235,-44.256714,0.006531,0.001991,-23.656981,-0.000275,-0.000042,23.656935,6101.760,1,0.000000,4,3,65.436806,1,0,0,-0.000189,0.999998,0.002032,1.000000,0.000188,0.000275,0.004314,0.000029,0.000000,0.000000,0.000000,1,-0.002729,6876.854492,-0.665634,-1833.108032,0.000006,0.016375,67.489128,1,-0.003056,6863.153809,-0.664310,-1833.074097,0.000006,0.016375,67.487663,1,0.004383,5891.949219,1.353365,5248.483398,-0.000015,-0.057186,65.436302,1,0.004069,5881.026855,1.350751,5248.350098,-0.000015,-0.057185,65.437309,3.209119,25507.796875,-6662.755371,116.474815,0.124076,-0.400977,0.000000,0.000000,0.000000,0.000000,0.000000,0.000000,0.000000,0.000000,0.000000
206,3.433333,0.008301,-0.000197,-44.652466,0.006572,0.002317,-23.742401,-0.000276,-0.000042,23.742353,6123.726,1,0.000000,4,3,65.670609,1,0,0,-0.000189,0.999998,0.002114,1.000000,0.000188,0.000276,0.004894,0.000023,0.000000,0.000000,0.000000,1,-0.002879,6869.793945,-0.656085,-1826.555908,0.000006,0.016317,67.734619,1,-0.003207,6856.076660,-0.654777,-1826.510498,0.000006,0.016316,67.733154,1,0.004479,5895.835449,1.319294,5230.674805,-0.000014,-0.056992,65.670097,1,0.004165,5884.912598,1.316878,5230.685059,-0.000014,-0.056992,65.671120,3.158460,25500.585938,-6639.182617,78.494331,0.152873,-0.405511,0.000000,0.000000,0.000000,0.000000,0.000000,0.000000,0.000000,0.000000,0.000000
207,3.450000,0.008423,-0.000154,-45.049561,0.006612,0.002559,-23.827518,-0.000276,-0.000041,23.827465,6145.606,1,0.000000,4,3,65.903397,1,0,0,-0.000189,0.999997,0.002202,1.000000,0.000189,0.000277,0.005285,0.000017,0.000000,0.000000,0.000000,1,-0.003043,6862.437012,-0.641474,-1820.023193,0.000006,0.016258,67.979164,1,-0.003371,6848.711426,-0.640189,-1820.015015,0.000006,0.016258,67.977692,1,0.004583,5899.778320,1.289767,5212.211426,-0.000014,-0.056791,65.902885,1,0.004268,5888.832031,1.287389,5212.179688,-0.000014,-0.056791,65.903908,3.126302,25493.115234,-6614.027344,42.937695,-0.016514,-0.459135,0.000000,0.000000,0.000000,0.000000,0.000000,0.000000,0.000000,0.000000,0.000000
208,3.466667,0.008545,-0.000109,-45.448120,0.006653,0.002713,-23.912313,-0.000277,-0.000041,23.912254,6167.391,1,0.000000,4,3,66.134964,1,0,0,-0.000190,0.999997,0.002293,1.000000,0.000189,0.000278,0.005498,0.000010,0.000000,0.000000,0.000000,1,-0.003214,6854.981445,-0.632029,-1813.453125,0.000006,0.016200,68.222755,1,-0.003542,6841.259277,-0.630765,-1813.423584,0.000006,0.016199,68.221283,1,0.004690,5903.648926,1.310999,5191.567871,-0.000014,-0.056566,66.134453,1,0.004375,5892.707520,1.308597,5191.524414,-0.000014,-0.056566,66.135475,3.184085,25485.552734,-6584.675781,1.964053,0.074291,-0.427367,0.000000,0.000000,0.000000,0.000000,0.000000,0.000000,0.000000,0.000000,0.000000
209,3.483333,0.008667,-0.000063,-45.848022,0.006693,0.002780,-23.996733,-0.000278,-0.000040,23.996670,6189.062,1,0.000000,4,3,66.365204,1,0,0,-0.000190,0.999997,0.002385,1.000000,0.000189,0.000278,0.005508,0.000004,0.000000,0.000000,0.000000,1,-0.003386,6847.712402,-0.625617,-1806.442505,0.000006,0.016137,68.465393,1,-0.003715,6833.999023,-0.624370,-1806.440063,0.000006,0.016137,68.463913,1,0.004796,5907.264648,1.288341,5169.024414,-0.000014,-0.056320,66.364693,1,0.004481,5896.328613,1.285863,5168.973145,-0.000014,-0.056320,66.365715,3.147061,25478.070312,-6552.361816,-32.527164,-0.009689,-0.415434,0.000000,0.000000,0.000000,0.000000,0.000000,0.000000,0.000000,0.000000,0.000000
210,3.500000,0.008789,-0.000017,-46.249390,0.006734,0.002758,-24.080738,-0.000278,-0.000041,24.080669,6210.608,1,0.000000,4,3,66.594009,1,0,0,-0.000190,0.999997,0.002474,1.000000,0.000189,0.000279,0.005347,-0.000001,0.000000,0.000000,0.000000,1,-0.003555,6840.839844,-0.620389,-1798.992188,0.000006,0.016070,68.707008,1,-0.003883,6827.142578,-0.619145,-1798.989624,0.000006,0.016070,68.705528,1,0.004897,5910.574219,1.295105,5144.344238,-0.000014,-0.056052,66.593491,1,0.004582,5899.649414,1.292751,5144.502441,-0.000014,-0.056053,66.594528,3.165811,25471.029297,-6516.899902,-65.365059,0.213454,-0.384105,0.000000,0.000000,0.000000,0.000000,0.000000,0.000000,0.000000,0.000000,0.000000
211,3.516667,0.008911,0.000028,-46.652100,0.006774,0.002655,-24.164288,-0.000279,-0.000039,24.164213,6232.021,1,0.000000,4,3,66.821281,1,0,0,-0.000189,0.999997,0.002558,1.000000,0.000189,0.000280,0.005022,-0.000007,0.000000,0.000000,0.000000,1,-0.003714,6834.569336,-0.609030,-1790.948975,0.000005,0.015999,68.947548,1,-0.004043,6820.890137,-0.607812,-1790.964355,0.000005,0.015999,68.946068,1,0.004992,5913.492676,1.235120,5117.808594,-0.000013,-0.055762,66.820763,1,0.004677,5902.575684,1.232867,5117.969238,-0.000013,-0.055764,66.821800,3.062334,25464.646484,-6478.690430,-90.493973,0.010838,-0.379129,0.000000,0.000000,0.000000,0.000000,0.000000,0.000000,0.000000,0.000000,0.000000
212,3.533333,0.009033,0.000069,-47.056274,0.006814,0.002476,-24.247347,-0.000280,-0.000039,24.247271,6253.289,1,0.000000,4,3,67.046928,1,0,0,-0.000189,0.999997,0.002634,1.000000,0.000189,0.000280,0.004572,-0.000012,0.000000,0.000000,0.000000,1,-0.003861,6828.996094,-0.599022,-1782.423828,0.000005,0.015922,69.186913,1,-0.004189,6815.340332,-0.597822,-1782.429932,0.000005,0.015922,69.185440,1,0.005076,5915.930664,1.249636,5089.192871,-0.000014,-0.055451,67.046410,1,0.004762,5905.039062,1.247362,5089.372559,-0.000014,-0.055453,67.047447,3.104105,25458.853516,-6437.331055,-117.806480,0.098710,-0.318462,0.000000,0.000000,0.000000,0.000000,0.000000,0.000000,0.000000,0.000000,0.000000
213,3.550000,0.009155,0.000106,-47.461792,0.006853,0.002229,-24.329876,-0.000280,-0.000039,24.329796,6274.405,1,0.000000,4,3,67.270874,1,0,0,-0.000189,0.999996,0.002701,1.000000,0.000188,0.000281,0.003986,-0.000016,0.000000,0.000000,0.000000,1,-0.003990,6824.345703,-0.592079,-1773.300781,0.000005,0.015841,69.425041,1,-0.004317,6810.712891,-0.590898,-1773.314331,0.000005,0.015841,69.423569,1,0.005149,5917.849609,1.221841,5058.690430,-0.000013,-0.055118,67.270355,1,0.004835,5906.976074,1.219623,5058.968750,-0.000013,-0.055121,67.271393,3.054368,25454.093750,-6393.460938,-134.045746,0.108003,-0.293539,0.000000,0.000000,0.000000,0.000000,0.000000,0.000000,0.000000,0.000000,0.000000
214,3.566667,0.009277,0.000138,-47.868652,0.006892,0.001926,-24.411844,-0.000281,-0.000038,24.411758,6295.362,1,0.000000,4,3,67.493034,1,0,0,-0.000189,0.999996,0.002756,1.000000,0.000188,0.000282,0.003320,-0.000020,0.000000,0.000000,0.000000,1,-0.004098,6820.661133,-0.582405,-1763.628540,0.000005,0.015754,69.661842,1,-0.004425,6807.067383,-0.581250,-1763.671875,0.000005,0.015755,69.660370,1,0.005209,5919.237305,1.199524,5026.270508,-0.000013,-0.054765,67.492516,1,0.004895,5908.379395,1.197231,5026.564453,-0.000013,-0.054768,67.493553,3.019985,25450.363281,-6346.752930,-151.218597,0.040117,-0.235545,0.000000,0.000000,0.000000,0.000000,0.000000,0.000000,0.000000,0.000000,0.000000
215,3.583333,0.009399,0.000165,-48.276855,0.006931,0.001580,-24.493214,-0.000282,-0.000038,24.493122,6316.153,1,0.000000,4,3,67.713356,1,0,0,-0.000188,0.999996,0.002799,1.000000,0.000188,0.000282,0.002568,-0.000023,0.000000,0.000000,0.000000,1,-0.004184,6818.028809,-0.575644,-1753.406128,0.000005,0.015663,69.897240,1,-0.004510,6804.468750,-0.574501,-1753.434448,0.000005,0.015663,69.895775,1,0.005253,5920.000977,1.194892,4992.285156,-0.000013,-0.054395,67.712837,1,0.004940,5909.179199,1.192722,4992.616211,-0.000013,-0.054398,67.713875,3.014713,25447.580078,-6298.085449,-161.676605,0.098187,-0.151822,0.000000,0.000000,0.000000,0.000000,0.000000,0.000000,0.000000,0.000000,0.000000
216,3.600000,0.009521,0.000185,-48.686279,0.006970,0.001201,-24.573957,-0.000282,-0.000038,24.573864,6336.771,1,0.000000,4,3,67.931755,1,0,0,-0.000188,0.999996,0.002828,1.000000,0.000187,0.000283,0.001764,-0.000024,0.000000,0.000000,0.000000,1,-0.004244,6816.520996,-0.569153,-1742.657104,0.000005,0.015567,70.131149,1,-0.004570,6802.986816,-0.568028,-1742.686279,0.000005,0.015567,70.129692,1,0.005281,5920.185547,1.167981,4956.627930,-0.000013,-0.054006,67.931244,1,0.004969,5909.378418,1.165875,4956.895508,-0.000013,-0.054009,67.932266,2.963469,25445.972656,-6247.016113,-161.989105,-0.014560,-0.140983,0.000000,0.000000,0.000000,0.000000,0.000000,0.000000,0.000000,0.000000,0.000000
217,3.616667,0.009644,0.000198,-49.097168,0.007008,0.000803,-24.654047,-0.000283,-0.000038,24.653952,6357.209,1,0.000000,4,3,68.148170,1,0,0,-0.000187,0.999996,0.002844,1.000000,0.000187,0.000283,0.000958,-0.000026,0.000000,0.000000,0.000000,1,-0.004280,6816.051270,-0.564779,-1731.393677,0.000005,0.015467,70.363495,1,-0.004605,6802.560059,-0.563659,-1731.445190,0.000005,0.015467,70.362045,1,0.005294,5919.832031,1.177974,4919.226562,-0.000013,-0.053599,68.147659,1,0.004983,5909.055664,1.175856,4919.611328,-0.000013,-0.053603,68.148682,2.981015,25445.427734,-6193.652344,-161.116058,0.135779,-0.041511,0.000000,0.000000,0.000000,0.000000,0.000000,0.000000,0.000000,0.000000,0.000000
218,3.633333,0.009766,0.000205,-49.509399,0.007046,0.000398,-24.733454,-0.000284,-0.000037,24.733356,6377.462,1,0.000000,4,3,68.362541,1,0,0,-0.000187,0.999996,0.002847,1.000000,0.000186,0.000284,0.000157,-0.000026,0.000000,0.000000,0.000000,1,-0.004291,6816.640137,-0.558782,-1719.608521,0.000005,0.015361,70.594208,1,-0.004614,6803.173828,-0.557683,-1719.664795,0.000005,0.015362,70.592766,1,0.005291,5918.949219,1.136685,4880.436035,-0.000012,-0.053176,68.362030,1,0.004981,5908.208496,1.134649,4880.860352,-0.000012,-0.053181,68.363052,2.898660,25445.947266,-6138.500000,-157.772308,0.062045,0.009332,0.000000,0.000000,0.000000,0.000000,0.000000,0.000000,0.000000,0.000000,0.000000
219,3.650000,0.009888,0.000205,-49.922974,0.007083,-0.000001,-24.812153,-0.000284,-0.000037,24.812054,6397.524,1,0.000000,4,3,68.574814,1,0,0,-0.000187,0.999996,0.002836,1.000000,0.000186,0.000285,-0.000628,-0.000025,0.000000,0.000000,0.000000,1,-0.004277,6818.237793,-0.551296,-1707.351074,0.000005,0.015252,70.823204,1,-0.004600,6804.800293,-0.550214,-1707.400879,0.000005,0.015252,70.821770,1,0.005274,5917.579590,1.128181,4840.306641,-0.000012,-0.052739,68.574310,1,0.004964,5906.853027,1.126162,4840.673828,-0.000012,-0.052743,68.575317,2.884170,25447.488281,-6081.535645,-152.094574,0.023495,0.040804,0.000000,0.000000,0.000000,0.000000,0.000000,0.000000,0.000000,0.000000,0.000000
220,3.666667,0.010010,0.000198,-50.337769,0.007120,-0.000382,-24.890121,-0.000285,-0.000037,24.890022,6417.388,1,0.000000,4,3,68.784927,1,0,0,-0.000186,0.999996,0.002813,1.000000,0.000185,0.000285,-0.001384,-0.000024,0.000000,0.000000,0.000000,1,-0.004239,6820.785156,-0.546763,-1694.546997,0.000005,0.015137,71.050423,1,-0.004561,6807.366699,-0.545689,-1694.619507,0.000005,0.015138,71.048996,1,0.005241,5915.723633,1.125661,4798.732910,-0.000012,-0.052286,68.784424,1,0.004932,5905.020020,1.123650,4799.172852,-0.000012,-0.052291,68.785431,2.875165,25449.904297,-6022.883789,-140.747894,0.097476,0.081479,0.000000,0.000000,0.000000,0.000000,0.000000,0.000000,0.000000,0.000000,0.000000
221,3.683333,0.010132,0.000186,-50.754028,0.007157,-0.000734,-24.967339,-0.000285,-0.000036,24.967239,6437.051,1,0.000000,4,3,68.992844,1,0,0,-0.000186,0.999996,0.002779,1.000000,0.000185,0.000286,-0.002084,-0.000022,0.000000,0.000000,0.000000,1,-0.004179,6824.168945,-0.540747,-1681.318115,0.000005,0.015019,71.275780,1,-0.004501,6810.783691,-0.539691,-1681.403809,0.000005,0.015020,71.274361,1,0.005196,5913.454102,1.100531,4755.990234,-0.000012,-0.051820,68.992340,1,0.004887,5902.774414,1.098442,4756.505859,-0.000012,-0.051826,68.993347,2.823256,25453.105469,-5962.763672,-129.894379,0.105000,0.157178,0.000000,0.000000,0.000000,0.000000,0.000000,0.000000,0.000000,0.000000,0.000000
222,3.700000,0.010254,0.000169,-51.171387,0.007193,-0.001049,-25.043785,-0.000286,-0.000036,25.043690,6456.509,1,0.000000,4,3,69.198509,1,0,0,-0.000186,0.999996,0.002733,1.000000,0.000185,0.000287,-0.002730,-0.000020,0.000000,0.000000,0.000000,1,-0.004099,6828.317383,-0.533129,-1667.631104,0.000005,0.014897,71.499214,1,-0.004421,6814.949707,-0.532087,-1667.698120,0.000005,0.014898,71.497810,1,0.005138,5910.793945,1.077790,4712.192383,-0.000012,-0.051343,69.198013,1,0.004829,5900.123047,1.075858,4712.610840,-0.000012,-0.051347,69.199005,2.779058,25456.919922,-5901.316406,-111.450035,-0.000442,0.169192,0.000000,0.000000,0.000000,0.000000,0.000000,0.000000,0.000000,0.000000,0.000000
223,3.716667,0.010376,0.000147,-51.590088,0.007229,-0.001319,-25.119444,-0.000287,-0.000036,25.119350,6475.755,1,0.000000,4,3,69.401878,1,0,0,-0.000185,0.999996,0.002678,1.000000,0.000184,0.000287,-0.003285,-0.000017,0.000000,0.000000,0.000000,1,-0.004002,6833.072266,-0.528293,-1653.549805,0.000005,0.014771,71.720657,1,-0.004323,6819.712402,-0.527269,-1653.612549,0.000005,0.014772,71.719261,1,0.005069,5907.850098,1.086046,4667.109375,-0.000012,-0.050852,69.401382,1,0.004761,5897.202148,1.084114,4667.606934,-0.000012,-0.050857,69.402374,2.790591,25461.279297,-5838.257812,-91.866051,0.140416,0.209571,0.000000,0.000000,0.000000,0.000000,0.000000,0.000000,0.000000,0.000000,0.000000
224,3.733333,0.010498,0.000121,-52.010010,0.007265,-0.001538,-25.194294,-0.000287,-0.000035,25.194204,6494.787,1,0.000000,4,3,69.602921,1,0,0,-0.000185,0.999997,0.002616,1.000000,0.000184,0.000288,-0.003742,-0.000014,0.000000,0.000000,0.000000,1,-0.003891,6838.287598,-0.521196,-1638.979004,0.000005,0.014641,71.940056,1,-0.004212,6824.942383,-0.520180,-1639.055420,0.000005,0.014642,71.938667,1,0.004991,5904.700684,1.049539,4621.178711,-0.000011,-0.050351,69.602425,1,0.004683,5894.047363,1.047648,4621.733887,-0.000011,-0.050357,69.603416,2.716800,25465.990234,-5774.452148,-72.404129,0.094777,0.208489,0.000000,0.000000,0.000000,0.000000,0.000000,0.000000,0.000000,0.000000,0.000000
225,3.750000,0.010620,0.000093,-52.431152,0.007300,-0.001701,-25.268326,-0.000288,-0.000035,25.268240,6513.601,1,0.000000,4,3,69.801598,1,0,0,-0.000185,0.999997,0.002548,1.000000,0.000184,0.000288,-0.004102,-0.000011,0.000000,0.000000,0.000000,1,-0.003769,6843.841797,-0.511904,-1624.067139,0.000005,0.014508,72.157333,1,-0.004089,6830.496582,-0.510907,-1624.154663,0.000005,0.014509,72.155960,1,0.004906,5901.377930,1.036638,4574.350098,-0.000011,-0.049841,69.801109,1,0.004598,5890.744629,1.034773,4574.863770,-0.000011,-0.049847,69.802086,2.694123,25470.902344,-5709.445312,-47.729324,0.040546,0.243681,0.000000,0.000000,0.000000,0.000000,0.000000,0.000000,0.000000,0.000000,0.000000
226,3.766667,0.010742,0.000062,-52.853516,0.007334,-0.001808,-25.341524,-0.000288,-0.000034,25.341444,6532.194,1,0.000000,4,3,69.997879,1,0,0,-0.000185,0.999997,0.002475,1.000000,0.000184,0.000289,-0.004339,-0.000007,0.000000,0.000000,0.000000,1,-0.003639,6849.543945,-0.505644,-1608.768311,0.000005,0.014371,72.372444,1,-0.003959,6836.206055,-0.504664,-1608.854980,0.000005,0.014372,72.371086,1,0.004816,5898.033203,1.034657,4526.705566,-0.000011,-0.049322,69.997391,1,0.004509,5887.393555,1.032781,4527.239746,-0.000011,-0.049328,69.998367,2.686865,25475.904297,-5643.664062,-29.706858,0.094498,0.248217,0.000000,0.000000,0.000000,0.000000,0.000000,0.000000,0.000000,0.000000,0.000000
227,3.783333,0.010864,0.000031,-53.277100,0.007368,-0.001855,-25.413879,-0.000289,-0.000034,25.413803,6550.562,1,0.000000,4,3,70.191727,1,0,0,-0.000185,0.999997,0.002400,1.000000,0.000184,0.000289,-0.004487,-0.000003,0.000000,0.000000,0.000000,1,-0.003506,6855.299805,-0.498678,-1593.134521,0.000004,0.014231,72.585335,1,-0.003826,6841.948730,-0.497716,-1593.187134,0.000004,0.014232,72.583992,1,0.004723,5894.636230,1.015121,4478.224121,-0.000011,-0.048794,70.191238,1,0.004416,5883.997070,1.013280,4478.786621,-0.000011,-0.048800,70.192215,2.645561,25480.722656,-5576.929199,-7.613103,0.123797,0.227975,0.000000,0.000000,0.000000,0.000000,0.000000,0.000000,0.000000,0.000000,0.000000
228,3.800000,0.010986,0.000001,-53.701904,0.007402,-0.001846,-25.485378,-0.000289,-0.000033,25.485306,6568.703,1,0.000000,4,3,70.383125,1,0,0,-0.000185,0.999997,0.002325,1.000000,0.000184,0.000290,-0.004524,-0.000000,0.000000,0.000000,0.000000,1,-0.003371,6860.937012,-0.488967,-1577.155762,0.000004,0.014089,72.795952,1,-0.003691,6847.583008,-0.488016,-1577.236206,0.000004,0.014089,72.794617,1,0.004629,5891.307617,0.993515,4429.160645,-0.000011,-0.048259,70.382645,1,0.004322,5880.662109,0.991734,4429.667480,-0.000011,-0.048265,70.383606,2.605331,25485.300781,-5509.584473,10.195494,-0.176280,1.068626,0.000000,0.000000,0.000000,0.000000,0.000000,0.000000,0.000000,0.000000,0.000000
229,3.816667,0.011108,-0.000029,-54.127808,0.007436,-0.001783,-25.556013,-0.000290,-0.000034,25.555944,6586.614,1,0.000000,4,3,70.572052,1,0,0,-0.000185,0.999997,0.002250,1.000000,0.000184,0.000290,-0.004473,0.000015,0.000000,0.000000,0.000000,1,-0.003239,6866.400879,-0.500683,-1560.864746,0.000004,0.013943,73.004250,1,-0.003559,6852.999512,-0.499710,-1560.934326,0.000004,0.013944,73.002922,1,0.004535,5888.095703,1.017604,4379.467285,-0.000011,-0.047718,70.571571,1,0.004228,5877.414551,1.015761,4380.020020,-0.000011,-0.047724,70.572533,2.613421,25489.580078,-5441.754883,30.970903,0.047452,0.927074,0.000000,0.000000,0.000000,0.000000,0.000000,0.000000,0.000000,0.000000,0.000000
230,3.833333,0.011230,-0.000057,-54.554932,0.007469,-0.001670,-25.625780,-0.000291,-0.000034,25.625717,6604.294,1,0.000000,4,3,70.758476,1,0,0,-0.000185,0.999998,0.002179,1.000000,0.000185,0.000291,-0.004319,0.000028,0.000000,0.000000,0.000000,1,-0.003111,6871.495605,-0.501008,-1544.366577,0.000004,0.013796,73.210175,1,-0.003433,6858.039062,-0.500036,-1544.409180,0.000004,0.013796,73.208862,1,0.004444,5885.060059,0.994408,4329.145508,-0.000011,-0.047169,70.758003,1,0.004136,5874.343262,0.992599,4329.666992,-0.000011,-0.047175,70.758949,2.549442,25493.298828,-5373.032227,44.475800,0.032599,0.803823,0.000000,0.000000,0.000000,0.000000,0.000000,0.000000,0.000000,0.000000,0.000000
231,3.850000,0.011353,-0.000082,-54.983154,0.007502,-0.001514,-25.694666,-0.000291,-0.000034,25.694605,6621.741,1,0.000000,4,3,70.942398,1,0,0,-0.000186,0.999998,0.002110,1.000000,0.000185,0.000292,-0.004098,0.000039,0.000000,0.000000,0.000000,1,-0.002992,6876.179199,-0.495725,-1527.565063,0.000004,0.013646,73.413704,1,-0.003314,6862.663574,-0.494755,-1527.595337,0.000004,0.013646,73.412399,1,0.004357,5882.221680,0.993462,4278.447266,-0.000011,-0.046617,70.941925,1,0.004047,5871.440918,0.991643,4278.998535,-0.000011,-0.046623,70.942871,2.541027,25496.457031,-5304.220215,55.998272,0.116395,0.645575,0.000000,0.000000,0.000000,0.000000,0.000000,0.000000,0.000000,0.000000,0.000000
232,3.866667,0.011475,-0.000104,-55.412476,0.007535,-0.001320,-25.762669,-0.000292,-0.000033,25.762613,6638.953,1,0.000000,4,3,71.123795,1,0,0,-0.000187,0.999998,0.002047,1.000000,0.000186,0.000292,-0.003819,0.000048,0.000000,0.000000,0.000000,1,-0.002881,6880.401855,-0.486149,-1510.555298,0.000004,0.013494,73.614792,1,-0.003205,6866.816895,-0.485198,-1510.586060,0.000004,0.013494,73.613495,1,0.004274,5879.584961,0.974890,4227.328125,-0.000011,-0.046060,71.123322,1,0.003963,5868.749023,0.973106,4227.878906,-0.000011,-0.046066,71.124268,2.505715,25499.015625,-5234.950684,68.017815,0.091993,0.508673,0.000000,0.000000,0.000000,0.000000,0.000000,0.000000,0.000000,0.000000,0.000000
233,3.883333,0.011597,-0.000122,-55.843018,0.007567,-0.001096,-25.829782,-0.000292,-0.000033,25.829729,6655.928,1,0.000000,4,3,71.302658,1,0,0,-0.000188,0.999998,0.001989,1.000000,0.000187,0.000293,-0.003481,0.000055,0.000000,0.000000,0.000000,1,-0.002782,6884.071777,-0.475300,-1493.348999,0.000004,0.013340,73.813408,1,-0.003108,6870.402344,-0.474331,-1493.392212,0.000004,0.013340,73.812119,1,0.004197,5877.209473,0.969018,4175.902832,-0.000011,-0.045500,71.302193,1,0.003884,5866.312500,0.967212,4176.373047,-0.000011,-0.045505,71.303123,2.498135,25500.888672,-5165.380859,73.507088,0.030736,0.346824,0.000000,0.000000,0.000000,0.000000,0.000000,0.000000,0.000000,0.000000,0.000000
234,3.900000,0.011719,-0.000136,-56.274658,0.007599,-0.000850,-25.896006,-0.000293,-0.000033,25.895952,6672.667,1,0.000000,4,3,71.478981,1,0,0,-0.000189,0.999998,0.001937,1.000000,0.000188,0.000293,-0.003115,0.000060,0.000000,0.000000,0.000000,1,-0.002696,6887.169922,-0.466729,-1476.003540,0.000004,0.013185,74.009521,1,-0.003023,6873.418945,-0.465805,-1476.045166,0.000004,0.013185,74.008240,1,0.004126,5875.055176,0.977950,4124.094727,-0.000011,-0.044935,71.478516,1,0.003812,5864.090332,0.976115,4124.602051,-0.000011,-0.044941,71.479446,2.515352,25501.976562,-5095.466797,82.770760,0.134497,0.200972,0.000000,0.000000,0.000000,0.000000,0.000000,0.000000,0.000000,0.000000,0.000000
235,3.916667,0.011841,-0.000146,-56.707397,0.007631,-0.000592,-25.961332,-0.000293,-0.000032,25.961288,6689.167,1,0.000000,4,3,71.652763,1,0,0,-0.000190,0.999998,0.001892,1.000000,0.000189,0.000294,-0.002703,0.000062,0.000000,0.000000,0.000000,1,-0.002623,6889.636719,-0.455963,-1458.494751,0.000004,0.013029,74.203117,1,-0.002953,6875.809570,-0.455052,-1458.536621,0.000004,0.013029,74.201843,1,0.004062,5873.181152,0.956380,4072.134521,-0.000010,-0.044369,71.652306,1,0.003746,5862.162109,0.954577,4072.531494,-0.000010,-0.044373,71.653221,2.475884,25502.343750,-5025.437500,85.159431,0.006771,0.096034,0.000000,0.000000,0.000000,0.000000,0.000000,0.000000,0.000000,0.000000,0.000000
236,3.933333,0.011963,-0.000152,-57.141113,0.007663,-0.000329,-26.025761,-0.000294,-0.000032,26.025717,6705.430,1,0.000000,4,3,71.824005,1,0,0,-0.000191,0.999998,0.001854,1.000000,0.000190,0.000294,-0.002279,0.000063,0.000000,0.000000,0.000000,1,-0.002565,6891.520508,-0.448106,-1440.908936,0.000004,0.012872,74.394165,1,-0.002896,6877.612793,-0.447207,-1440.950195,0.000004,0.012872,74.392899,1,0.004005,5871.615723,0.971417,4019.991699,-0.000011,-0.043801,71.823547,1,0.003688,5860.529785,0.969574,4020.431396,-0.000011,-0.043806,71.824463,2.503659,25502.185547,-4955.362305,83.234634,0.136650,-0.041037,0.000000,0.000000,0.000000,0.000000,0.000000,0.000000,0.000000,0.000000,0.000000
237,3.950000,0.012085,-0.000153,-57.575928,0.007695,-0.000068,-26.089291,-0.000294,-0.000031,26.089249,6721.455,1,0.000000,4,3,71.992691,1,0,0,-0.000192,0.999998,0.001823,1.000000,0.000191,0.000295,-0.001865,0.000063,0.000000,0.000000,0.000000,1,-0.002520,6892.829590,-0.438046,-1423.235962,0.000004,0.012714,74.582657,1,-0.002853,6878.843750,-0.437165,-1423.262695,0.000004,0.012714,74.581398,1,0.003956,5870.255859,0.947153,3967.663574,-0.000010,-0.043231,71.992233,1,0.003636,5859.108887,0.945346,3968.152832,-0.000010,-0.043236,71.993149,2.457133,25501.261719,-4885.122559,79.449486,0.149324,-0.165250,0.000000,0.000000,0.000000,0.000000,0.000000,0.000000,0.000000,0.000000,0.000000
238,3.966667,0.012207,-0.000150,-58.011841,0.007726,0.000182,-26.151920,-0.000295,-0.000031,26.151878,6737.241,1,0.000000,4,3,72.158836,1,0,0,-0.000193,0.999998,0.001798,1.000000,0.000192,0.000295,-0.001469,0.000060,0.000000,0.000000,0.000000,1,-0.002488,6893.594727,-0.424944,-1405.469971,0.000004,0.012555,74.768585,1,-0.002823,6879.536133,-0.424086,-1405.527222,0.000004,0.012556,74.767326,1,0.003913,5869.111816,0.927539,3915.347168,-0.000010,-0.042661,72.158386,1,0.003592,5857.914062,0.925782,3915.695312,-0.000010,-0.042664,72.159286,2.425869,25499.718750,-4814.868652,75.051041,-0.030400,-0.258845,0.000000,0.000000,0.000000,0.000000,0.000000,0.000000,0.000000,0.000000,0.000000
239,3.983333,0.012329,-0.000143,-58.448730,0.007757,0.000414,-26.213650,-0.000295,-0.000031,26.213610,6752.790,1,0.000000,4,3,72.322449,1,0,0,-0.000194,0.999998,0.001780,1.000000,0.000193,0.000296,-0.001096,0.000056,0.000000,0.000000,0.000000,1,-0.002469,6893.878418,-0.418053,-1387.698120,0.000004,0.012396,74.951927,1,-0.002806,6879.764160,-0.417205,-1387.760620,0.000004,0.012397,74.950676,1,0.003877,5868.179199,0.952814,3862.908691,-0.000010,-0.042089,72.321999,1,0.003554,5856.923828,0.950999,3863.352051,-0.000010,-0.042094,72.322899,2.471825,25497.712891,-4744.655273,68.905533,0.174639,-0.328698,0.000000,0.000000,0.000000,0.000000,0.000000,0.000000,0.000000,0.000000,0.000000
240,4.000000,0.012451,-0.000133,-58.886597,0.007789,0.000622,-26.274479,-0.000296,-0.000030,26.274439,6768.101,1,0.000000,4,3,72.483528,1,0,0,-0.000195,0.999998,0.001767,1.000000,0.000194,0.000296,-0.000753,0.000051,0.000000,0.000000,0.000000,1,-0.002462,6893.734863,-0.408429,-1369.904175,0.000004,0.012237,75.132690,1,-0.002799,6879.556152,-0.407597,-1369.955566,0.000004,0.012238,75.131447,1,0.003846,5867.423828,0.914275,3810.513428,-0.000010,-0.041518,72.483086,1,0.003522,5856.141602,0.912508,3810.876221,-0.000010,-0.041522,72.483971,2.395570,25495.291016,-4674.425781,61.165291,0.028107,-0.386391,0.000000,0.000000,0.000000,0.000000,0.000000,0.000000,0.000000,0.000000,0.000000
241,4.016667,0.012573,-0.000119,-59.325562,0.007820,0.000802,-26.334408,-0.000296,-0.000030,26.334368,6783.175,1,0.000000,4,3,72.642090,1,0,0,-0.000195,0.999998,0.001760,1.000000,0.000195,0.000297,-0.000449,0.000045,0.000000,0.000000,0.000000,1,-0.002464,6893.216797,-0.400203,-1352.098877,0.000004,0.012078,75.310867,1,-0.002803,6878.993164,-0.399385,-1352.172729,0.000004,0.012079,75.309631,1,0.003821,5866.826660,0.923162,3758.100586,-0.000010,-0.040947,72.641647,1,0.003496,5855.500000,0.921403,3758.570801,-0.000010,-0.040952,72.642532,2.411311,25492.498047,-4604.349609,52.237553,0.170167,-0.442473,0.000000,0.000000,0.000000,0.000000,0.000000,0.000000,0.000000,0.000000,0.000000
242,4.033333,0.012695,-0.000103,-59.765503,0.007851,0.000948,-26.393438,-0.000297,-0.000029,26.393400,6798.014,1,0.000000,4,3,72.798149,1,0,0,-0.000196,0.999998,0.001757,1.000000,0.000196,0.000297,-0.000189,0.000039,0.000000,0.000000,0.000000,1,-0.002475,6892.408203,-0.389775,-1334.328613,0.000003,0.011920,75.486458,1,-0.002815,6878.145020,-0.388970,-1334.410889,0.000003,0.011920,75.485229,1,0.003800,5866.344238,0.889111,3705.950684,-0.000010,-0.040379,72.797714,1,0.003474,5854.992676,0.887392,3706.343018,-0.000010,-0.040383,72.798584,2.345562,25489.462891,-4534.570312,42.452389,0.020462,-0.471127,0.000000,0.000000,0.000000,0.000000,0.000000,0.000000,0.000000,0.000000,0.000000
243,4.050000,0.012817,-0.000086,-60.206421,0.007881,0.001059,-26.451574,-0.000297,-0.000029,26.451536,6812.618,1,0.000000,4,3,72.951706,1,0,0,-0.000197,0.999998,0.001757,1.000000,0.000196,0.000298,0.000022,0.000032,0.000000,0.000000,0.000000,1,-0.002493,6891.391602,-0.382295,-1316.623169,0.000003,0.011761,75.659462,1,-0.002834,6877.101562,-0.381511,-1316.687988,0.000003,0.011762,75.658249,1,0.003784,5865.973145,0.898796,3653.773438,-0.000010,-0.039811,72.951271,1,0.003457,5854.599609,0.897033,3654.249512,-0.000010,-0.039816,72.952141,2.361235,25486.361328,-4464.806152,32.043201,0.180817,-0.475435,0.000000,0.000000,0.000000,0.000000,0.000000,0.000000,0.000000,0.000000,0.000000
244,4.066667,0.012939,-0.000067,-60.648193,0.007911,0.001134,-26.508816,-0.000298,-0.000028,26.508776,6826.988,1,0.000000,4,3,73.102791,1,0,0,-0.000197,0.999998,0.001760,1.000000,0.000197,0.000298,0.000182,0.000025,0.000000,0.000000,0.000000,1,-0.002515,6890.247070,-0.372612,-1298.953247,0.000003,0.011604,75.829895,1,-0.002857,6875.924805,-0.371845,-1299.042969,0.000003,0.011604,75.828690,1,0.003770,5865.664062,0.859476,3601.888428,-0.000009,-0.039245,73.102356,1,0.003442,5854.274902,0.857787,3602.412598,-0.000009,-0.039251,73.103226,2.283422,25483.218750,-4395.489258,21.415268,0.105843,-0.509954,0.000000,0.000000,0.000000,0.000000,0.000000,0.000000,0.000000,0.000000,0.000000
245,4.083333,0.013062,-0.000047,-61.090942,0.007940,0.001171,-26.565168,-0.000298,-0.000027,26.565128,6841.127,1,0.000000,4,3,73.251404,1,0,0,-0.000197,0.999998,0.001765,1.000000,0.000197,0.000299,0.000288,0.000018,0.000000,0.000000,0.000000,1,-0.002541,6889.030762,-0.362177,-1281.371338,0.000003,0.011446,75.997757,1,-0.002884,6874.699219,-0.361439,-1281.461548,0.000003,0.011447,75.996567,1,0.003759,5865.380371,0.848780,3550.145264,-0.000009,-0.038682,73.250977,1,0.003431,5853.982422,0.847110,3550.604004,-0.000009,-0.038687,73.251831,2.264207,25480.091797,-4326.204102,10.831275,0.049396,-0.483713,0.000000,0.000000,0.000000,0.000000,0.000000,0.000000,0.000000,0.000000,0.000000
246,4.100000,0.013184,-0.000028,-61.534668,0.007969,0.001172,-26.620632,-0.000299,-0.000027,26.620592,6855.035,1,0.000000,4,3,73.397575,1,0,0,-0.000198,0.999998,0.001770,1.000000,0.000197,0.000299,0.000342,0.000011,0.000000,0.000000,0.000000,1,-0.002568,6887.835938,-0.355736,-1263.864136,0.000003,0.011290,76.163063,1,-0.002911,6873.507324,-0.355003,-1263.956909,0.000003,0.011291,76.161888,1,0.003749,5865.105469,0.846021,3498.687744,-0.000009,-0.038121,73.397148,1,0.003420,5853.709473,0.844379,3499.244385,-0.000009,-0.038127,73.398003,2.253008,25477.156250,-4257.513672,0.651577,0.164328,-0.433938,0.000000,0.000000,0.000000,0.000000,0.000000,0.000000,0.000000,0.000000,0.000000
247,4.116667,0.013306,-0.000009,-61.979248,0.007998,0.001138,-26.675215,-0.000299,-0.000026,26.675175,6868.714,1,0.000000,4,3,73.541313,1,0,0,-0.000198,0.999998,0.001776,1.000000,0.000197,0.000300,0.000345,0.000005,0.000000,0.000000,0.000000,1,-0.002595,6886.731934,-0.347341,-1246.441406,0.000003,0.011134,76.325829,1,-0.002938,6872.398926,-0.346626,-1246.550049,0.000003,0.011135,76.324661,1,0.003740,5864.806641,0.809719,3447.449707,-0.000009,-0.037563,73.540894,1,0.003411,5853.420410,0.808148,3447.990479,-0.000009,-0.037568,73.541733,2.178584,25474.437500,-4188.978516,-8.919718,0.055655,-0.413394,0.000000,0.000000,0.000000,0.000000,0.000000,0.000000,0.000000,0.000000,0.000000
248,4.133333,0.013428,0.000009,-62.424683,0.008026,0.001071,-26.728920,-0.000300,-0.000026,26.728880,6882.166,1,0.000000,4,3,73.682648,1,0,0,-0.000198,0.999998,0.001781,1.000000,0.000197,0.000300,0.000300,-0.000001,0.000000,0.000000,0.000000,1,-0.002620,6885.778809,-0.340269,-1229.125244,0.000003,0.010980,76.486061,1,-0.002963,6871.463867,-0.339562,-1229.239624,0.000003,0.010981,76.484909,1,0.003730,5864.470215,0.807315,3396.536621,-0.000009,-0.037008,73.682228,1,0.003401,5853.087402,0.805749,3397.176025,-0.000009,-0.037015,73.683067,2.169351,25472.058594,-4121.017090,-17.566210,0.166211,-0.362151,0.000000,0.000000,0.000000,0.000000,0.000000,0.000000,0.000000,0.000000,0.000000
249,4.150000,0.013550,0.000025,-62.871094,0.008054,0.000977,-26.781754,-0.000300,-0.000025,26.781713,6895.391,1,0.000000,4,3,73.821594,1,0,0,-0.000198,0.999998,0.001785,1.000000,0.000197,0.000300,0.000213,-0.000006,0.000000,0.000000,0.000000,1,-0.002641,6885.039062,-0.331775,-1211.951538,0.000003,0.010826,76.643776,1,-0.002984,6870.729004,-0.331093,-1212.055176,0.000003,0.010827,76.642639,1,0.003720,5864.058594,0.771408,3345.922363,-0.000008,-0.036456,73.821182,1,0.003391,5852.686035,0.769892,3346.544189,-0.000008,-0.036463,73.822006,2.095932,25470.011719,-4053.281006,-25.132618,0.079041,-0.347645,0.000000,0.000000,0.000000,0.000000,0.000000,0.000000,0.000000,0.000000,0.000000
250,4.166667,0.013672,0.000040,-63.318359,0.008081,0.000859,-26.833719,-0.000300,-0.000025,26.833679,6908.394,1,0.000000,4,3,73.958183,1,0,0,-0.000197,0.999998,0.001786,1.000000,0.000197,0.000301,0.000088,-0.000011,0.000000,0.000000,0.000000,1,-0.002658,6884.546875,-0.323962,-1194.879761,0.000003,0.010674,76.798996,1,-0.003000,6870.257324,-0.323298,-1194.989624,0.000003,0.010675,76.797874,1,0.003708,5863.562988,0.763787,3295.715576,-0.000008,-0.035909,73.957771,1,0.003379,5852.209961,0.762288,3296.404297,-0.000008,-0.035917,73.958595,2.077826,25468.382812,-3986.235596,-31.454889,0.142475,-0.280314,0.000000,0.000000,0.000000,0.000000,0.000000,0.000000,0.000000,0.000000,0.000000
251,4.183333,0.013794,0.000052,-63.766479,0.008108,0.000722,-26.884825,-0.000301,-0.000024,26.884783,6921.176,1,0.000000,4,3,74.092430,1,0,0,-0.000197,0.999998,0.001785,1.000000,0.000197,0.000301,-0.000069,-0.000015,0.000000,0.000000,0.000000,1,-0.002668,6884.333496,-0.316168,-1177.939453,0.000003,0.010523,76.951736,1,-0.003010,6870.071289,-0.315521,-1178.042358,0.000003,0.010523,76.950630,1,0.003693,5862.962891,0.734680,3245.862793,-0.000008,-0.035366,74.092026,1,0.003365,5851.630859,0.733240,3246.538330,-0.000008,-0.035374,74.092834,2.016762,25467.148438,-3919.581055,-36.450016,0.078472,-0.215669,0.000000,0.000000,0.000000,0.000000,0.000000,0.000000,0.000000,0.000000,0.000000
252,4.200000,0.013916,0.000061,-64.215454,0.008133,0.000570,-26.935076,-0.000301,-0.000024,26.935034,6933.740,1,0.000000,4,3,74.224358,1,0,0,-0.000197,0.999998,0.001781,1.000000,0.000196,0.000302,-0.000251,-0.000017,0.000000,0.000000,0.000000,1,-0.002672,6884.442871,-0.309699,-1161.133545,0.000003,0.010372,77.102013,1,-0.003014,6870.200684,-0.309066,-1161.242798,0.000003,0.010373,77.100922,1,0.003677,5862.257812,0.723919,3196.359619,-0.000008,-0.034827,74.223953,1,0.003349,5850.950684,0.722502,3197.062256,-0.000008,-0.034834,74.224762,1.989772,25466.402344,-3853.395996,-40.031071,0.099938,-0.164752,0.000000,0.000000,0.000000,0.000000,0.000000,0.000000,0.000000,0.000000,0.000000
253,4.216667,0.014038,0.000068,-64.665161,0.008159,0.000410,-26.984478,-0.000302,-0.000023,26.984436,6946.085,1,0.000000,4,3,74.354004,1,0,0,-0.000196,0.999998,0.001773,1.000000,0.000196,0.000302,-0.000450,-0.000020,0.000000,0.000000,0.000000,1,-0.002669,6884.873535,-0.303648,-1144.457275,0.000003,0.010223,77.249847,1,-0.003010,6870.660645,-0.303022,-1144.574219,0.000003,0.010224,77.248772,1,0.003657,5861.435547,0.704840,3147.393799,-0.000008,-0.034293,74.353607,1,0.003330,5850.147949,0.703463,3148.081055,-0.000008,-0.034301,74.354401,1.945484,25466.083984,-3787.994873,-42.120914,0.058170,-0.110781,0.000000,0.000000,0.000000,0.000000,0.000000,0.000000,0.000000,0.000000,0.000000
254,4.233333,0.014160,0.000072,-65.115723,0.008184,0.000246,-27.033043,-0.000302,-0.000023,27.033001,6958.218,1,0.000000,4,3,74.481377,1,0,0,-0.000196,0.999998,0.001762,1.000000,0.000196,0.000302,-0.000660,-0.000021,0.000000,0.000000,0.000000,1,-0.002659,6885.625000,-0.298873,-1127.962524,0.000003,0.010076,77.395256,1,-0.002999,6871.441895,-0.298265,-1128.073120,0.000003,0.010077,77.394196,1,0.003635,5860.509277,0.696429,3098.732910,-0.000008,-0.033763,74.480980,1,0.003308,5849.235352,0.695090,3099.517578,-0.000008,-0.033772,74.481773,1.920014,25466.203125,-3722.979248,-42.890450,0.160700,-0.068152,0.000000,0.000000,0.000000,0.000000,0.000000,0.000000,0.000000,0.000000,0.000000
255,4.250000,0.014282,0.000073,-65.567017,0.008208,0.000083,-27.080774,-0.000302,-0.000022,27.080732,6970.138,1,0.000000,4,3,74.606514,1,0,0,-0.000196,0.999998,0.001748,1.000000,0.000195,0.000303,-0.000873,-0.000022,0.000000,0.000000,0.000000,1,-0.002640,6886.712891,-0.291410,-1111.548218,0.000003,0.009929,77.538269,1,-0.002980,6872.536621,-0.290817,-1111.677002,0.000003,0.009931,77.537224,1,0.003609,5859.441406,0.661434,3050.709229,-0.000007,-0.033240,74.606125,1,0.003283,5848.199707,0.660166,3051.402100,-0.000007,-0.033247,74.606903,1.846964,25466.695312,-3658.875488,-42.161930,-0.012155,-0.043721,0.000000,0.000000,0.000000,0.000000,0.000000,0.000000,0.000000,0.000000,0.000000
256,4.266667,0.014404,0.000072,-66.019165,0.008232,-0.000074,-27.127684,-0.000303,-0.000022,27.127642,6981.849,1,0.000000,4,3,74.729439,1,0,0,-0.000195,0.999998,0.001730,1.000000,0.000195,0.000303,-0.001083,-0.000022,0.000000,0.000000,0.000000,1,-0.002614,6888.084961,-0.287623,-1095.370728,0.000003,0.009785,77.678894,1,-0.002953,6873.955566,-0.287040,-1095.453613,0.000003,0.009786,77.677872,1,0.003580,5858.281250,0.674387,3002.909912,-0.000007,-0.032719,74.729050,1,0.003255,5847.062988,0.673160,3003.743408,-0.000007,-0.032728,74.729828,1.862477,25467.603516,-3595.055664,-39.568188,0.232908,0.064493,0.000000,0.000000,0.000000,0.000000,0.000000,0.000000,0.000000,0.000000,0.000000
257,4.283333,0.014526,0.000068,-66.472046,0.008256,-0.000220,-27.173775,-0.000303,-0.000021,27.173733,6993.353,1,0.000000,4,3,74.850182,1,0,0,-0.000195,0.999998,0.001708,1.000000,0.000195,0.000303,-0.001280,-0.000021,0.000000,0.000000,0.000000,1,-0.002582,6889.741699,-0.279731,-1079.257080,0.000002,0.009641,77.817169,1,-0.002920,6875.628418,-0.279186,-1079.359375,0.000002,0.009642,77.816162,1,0.003548,5857.019043,0.616724,2955.881348,-0.000007,-0.032207,74.849800,1,0.003223,5845.818848,0.615609,2956.653076,-0.000007,-0.032215,74.850563,1.745239,25468.800781,-3532.393555,-37.380684,0.006115,0.067889,0.000000,0.000000,0.000000,0.000000,0.000000,0.000000,0.000000,0.000000,0.000000
258,4.300000,0.014648,0.000063,-66.925659,0.008278,-0.000352,-27.219061,-0.000303,-0.000021,27.219021,7004.652,2,0.000000,4,4,89.132370,1,0,0,-0.000195,0.999999,0.001684,1.000000,0.000194,0.000304,-0.001466,-0.000020,0.000000,0.000000,0.000000,1,-0.002542,6891.652344,-0.274037,-1063.366943,0.000002,0.009499,77.953102,1,-0.002880,6877.553711,-0.273463,-1063.460083,0.000002,0.009500,77.952110,1,0.003513,5855.666504,0.445878,17567.000000,-0.000007,-0.120574,89.131920,1,0.003189,5844.477539,0.444136,17533.433594,-0.000007,-0.120588,89.132820,10.292183,25470.289062,-32751.343750,3242.785645,-28.711891,1.032475,0.000000,0.000000,0.000000,0.000000,0.000000,0.000000,0.000000,0.000000,0.000000
259,4.316667,0.014771,0.000052,-67.386353,0.008410,-0.000641,-27.638950,-0.000306,-0.000162,27.638897,7004.652,2,0.000000,4,4,87.264877,1,0,0,-0.000194,0.999998,0.001928,1.000000,0.000194,0.000307,0.014625,-0.000016,0.000000,0.000000,0.000000,1,-0.002867,6863.140625,-1.070806,-3663.238281,0.000005,0.018120,78.086723,1,-0.003205,6849.083496,-1.070269,-3663.628662,0.000005,0.018121,78.085747,1,0.003927,5892.813965,1.248382,17678.441406,-0.000012,-0.190553,87.264168,1,0.003604,5881.637695,1.245055,17644.914062,-0.000012,-0.190580,87.265587,8.864866,25487.982422,-27767.312500,2352.737305,-32.200062,0.704310,0.000000,0.000000,0.000000,0.000000,0.000000,0.000000,0.000000,0.000000,0.000000
260,4.333333,0.014893,0.000041,-67.853027,0.008524,-0.000671,-27.994942,-0.000312,-0.000321,27.994860,6890.738,2,0.000000,4,4,85.385567,1,0,0,-0.000194,0.999997,0.002366,1.000000,0.000194,0.000312,0.026300,-0.000013,0.000000,0.000000,0.000000,1,-0.003459,6827.467773,-1.719868,-5531.904297,0.000009,0.029737,78.598198,1,-0.003796,6813.462402,-1.719200,-5530.909180,0.000009,0.029734,78.597282,1,0.004665,5934.783203,1.957134,8308.696289,-0.000025,-0.138630,85.384598,1,0.004342,5923.609375,1.952657,8293.052734,-0.000025,-0.138656,85.386536,2.127141,25500.427734,-5303.819336,-554.962769,-19.047487,-0.982729,0.000000,0.000000,0.000000,0.000000,0.000000,0.000000,0.000000,0.000000,0.000000
261,4.350000,0.015015,0.000034,-68.320801,0.008551,-0.000397,-28.062939,-0.000318,-0.000414,28.062828,6761.616,2,0.000000,4,4,84.498451,1,0,0,-0.000194,0.999996,0.002759,1.000000,0.000193,0.000319,0.023547,-0.000024,0.000000,0.000000,0.000000,1,-0.003993,6807.613281,-1.213083,-3428.485352,0.000011,0.030627,79.381256,1,-0.004328,6793.664062,-1.210467,-3419.206543,0.000011,0.030544,79.380196,1,0.005321,5953.489746,5.012598,17860.468750,-0.000043,-0.184697,84.497368,1,0.004999,5942.346191,5.000643,17827.039062,-0.000043,-0.184749,84.499535,16.716331,25497.580078,-28603.550781,1975.300049,-11.396955,0.685398,0.000000,0.000000,0.000000,0.000000,0.000000,0.000000,0.000000,0.000000,0.000000
262,4.366667,0.015137,0.000029,-68.794556,0.008766,-0.000293,-28.429651,-0.000326,-0.000470,28.429495,6629.331,2,0.000000,4,4,82.599846,1,0,0,-0.000194,0.999995,0.003314,1.000000,0.000192,0.000327,0.033350,-0.000021,0.000000,0.000000,0.000000,1,-0.004753,6766.667969,-0.821991,-4657.631836,0.000007,0.041607,79.858612,1,-0.005088,6752.781250,-0.820195,-4648.306152,0.000007,0.041523,79.856209,1,0.006247,5999.351074,13.817054,17951.246094,-0.000065,-0.195593,82.598518,1,0.005926,5988.220703,13.775405,17915.888672,-0.000065,-0.195207,82.601173,34.558418,25506.982422,-26318.714844,1296.111084,11.776163,2.460310,0.000000,0.000000,0.000000,0.000000,0.000000,0.000000,0.000000,0.000000,0.000000
263,4.383333,0.015259,0.000029,-69.274048,0.009209,-0.000040,-28.767071,-0.000333,-0.000412,28.766846,6473.498,2,0.000000,4,4,80.691719,1,0,0,-0.000194,0.999992,0.003977,1.000000,0.000192,0.000334,0.039783,0.000009,0.000000,0.000000,0.000000,1,-0.005664,6722.570312,-1.675969,-5248.359375,0.000010,0.046883,80.514610,1,-0.005999,6708.672852,-1.674361,-5241.176270,0.000010,0.046819,80.510849,1,0.007346,6046.504395,10.401691,13447.839844,-0.000083,-0.146524,80.690140,1,0.007025,6035.321289,10.400357,13412.304688,-0.000083,-0.146137,80.693298,22.838417,25512.230469,-16122.340820,-196.273224,-2.166423,-0.081486,0.000000,0.000000,0.000000,0.000000,0.000000,0.000000,0.000000,0.000000,0.000000
264,4.400000,0.015381,0.000035,-69.756836,0.009501,0.000356,-28.973768,-0.000340,-0.000423,28.973463,6302.109,2,0.000000,4,4,79.260941,1,0,0,-0.000194,0.999989,0.004624,1.000000,0.000192,0.000341,0.038811,0.000009,0.000000,0.000000,0.000000,1,-0.006560,6686.020508,-1.388190,-4879.344727,0.000012,0.043587,81.256462,1,-0.006895,6672.150879,-1.385300,-4874.952637,0.000012,0.043548,81.251656,1,0.008412,6082.017578,12.061544,13201.636719,-0.000101,-0.145529,79.259109,1,0.008091,6070.811523,12.060353,13174.503906,-0.000101,-0.145176,79.262772,26.935127,25509.171875,-16369.994141,-369.833771,8.107442,1.000197,0.000000,0.000000,0.000000,0.000000,0.000000,0.000000,0.000000,0.000000,0.000000
265,4.416667,0.015503,0.000047,-70.243164,0.009847,0.000725,-29.183640,-0.000347,-0.000383,29.183243,6126.868,2,0.000000,4,4,77.855812,1,0,0,-0.000194,0.999986,0.005241,1.000000,0.000193,0.000348,0.036977,0.000024,0.000000,0.000000,0.000000,1,-0.007420,6651.852539,-1.582004,-4646.301270,0.000014,0.041505,81.944679,1,-0.007755,6637.968262,-1.578725,-4643.996094,0.000014,0.041485,81.939240,1,0.009421,6114.423828,13.091963,10133.308594,-0.000116,-0.132493,77.853790,1,0.009100,6103.171387,13.090779,10109.601562,-0.000116,-0.132175,77.857834,26.742716,25504.675781,-10697.101562,-1182.904053,14.416723,0.675035,0.000000,0.000000,0.000000,0.000000,0.000000,0.000000,0.000000,0.000000,0.000000
266,4.433333,0.015625,0.000065,-70.731934,0.010190,0.001085,-29.320782,-0.000352,-0.000312,29.320301,5940.776,2,0.000000,4,4,76.775726,1,0,0,-0.000195,0.999983,0.005759,1.000000,0.000193,0.000353,0.031109,0.000037,0.000000,0.000000,0.000000,1,-0.008151,6626.842773,-1.866045,-4064.033691,0.000017,0.036304,82.599030,1,-0.008486,6612.930176,-1.862168,-4064.399902,0.000017,0.036307,82.593254,1,0.010263,6135.334961,13.449319,6750.466797,-0.000128,-0.110615,76.773544,1,0.009941,6124.022949,13.447975,6729.976562,-0.000128,-0.110332,76.777908,24.968098,25495.613281,-5094.092773,-1862.588623,19.005766,0.240278,0.000000,0.000000,0.000000,0.000000,0.000000,0.000000,0.000000,0.000000,0.000000
267,4.450000,0.015747,0.000088,-71.221680,0.010510,0.001373,-29.386091,-0.000355,-0.000219,29.385550,5753.834,2,0.000000,4,4,76.054031,1,0,0,-0.000196,0.999981,0.006124,1.000000,0.000194,0.000357,0.021868,0.000046,0.000000,0.000000,0.000000,1,-0.008675,6613.635742,-2.267870,-3231.975098,0.000020,0.028871,83.168755,1,-0.009011,6599.673828,-2.263124,-3235.101562,0.000020,0.028899,83.163033,1,0.010844,6142.449219,7.214770,3392.585938,-0.000079,-0.083277,76.051704,1,0.010521,6131.079102,7.200974,3375.132812,-0.000078,-0.083029,76.056358,9.899309,25482.789062,-41.580078,-2341.663574,2.458467,-1.588579,0.000000,0.000000,0.000000,0.000000,0.000000,0.000000,0.000000,0.000000,0.000000
268,4.466667,0.015869,0.000113,-71.711426,0.010637,0.001535,-29.386623,-0.000359,-0.000207,29.386053,5571.204,2,0.000000,4,4,75.688095,1,0,0,-0.000196,0.999980,0.006294,1.000000,0.000194,0.000360,0.010249,0.000032,0.000000,0.000000,0.000000,1,-0.008935,6613.650879,-2.313953,-2250.220703,0.000021,0.020101,83.617554,1,-0.009272,6599.667969,-2.309107,-2254.805664,0.000021,0.020142,83.612289,1,0.011102,6134.977539,6.258095,336.338379,-0.000068,-0.053726,75.685631,1,0.010778,6123.592285,6.246595,322.364746,-0.000068,-0.053513,75.690559,6.402851,25467.730469,4105.393555,-2643.998535,4.319925,-1.870011,0.000000,0.000000,0.000000,0.000000,0.000000,0.000000,0.000000,0.000000,0.000000
269,4.483333,0.015991,0.000139,-72.200317,0.010719,0.001533,-29.333990,-0.000362,-0.000186,29.333429,5397.126,2,0.000000,4,4,75.645920,1,0,0,-0.000197,0.999981,0.006246,1.000000,0.000194,0.000363,-0.002871,0.000015,0.000000,0.000000,0.000000,1,-0.008894,6627.588867,-2.187993,-1220.223755,0.000020,0.010900,83.923668,1,-0.009232,6613.605957,-2.183433,-1226.010864,0.000020,0.010952,83.919075,1,0.010997,6112.794922,5.278398,-2216.359619,-0.000058,-0.024820,75.643349,1,0.010673,6101.414551,5.268647,-2226.884277,-0.000057,-0.024644,75.648491,3.579216,25451.542969,7147.620117,-2772.354980,5.873100,-1.944331,0.000000,0.000000,0.000000,0.000000,0.000000,0.000000,0.000000,0.000000,0.000000
270,4.500000,0.016113,0.000161,-72.687622,0.010765,0.001344,-29.242353,-0.000365,-0.000157,29.241842,5234.497,2,0.000000,4,4,75.874138,1,0,0,-0.000197,0.999982,0.005969,1.000000,0.000194,0.000366,-0.016629,-0.000002,0.000000,0.000000,0.000000,1,-0.008535,6655.451660,-1.953059,-240.591278,0.000017,0.002149,84.080086,1,-0.008873,6641.451172,-1.949000,-247.049637,0.000017,0.002207,84.076340,1,0.010516,6076.698730,4.159852,-4142.250977,-0.000045,0.001145,75.871468,1,0.010192,6065.347168,4.152098,-4149.325195,-0.000045,0.001285,75.876808,1.104572,25435.916016,9035.748047,-2660.654053,6.911533,-1.917898,0.000000,0.000000,0.000000,0.000000,0.000000,0.000000,0.000000,0.000000,0.000000
271,4.516667,0.016235,0.000177,-73.172974,0.010779,0.000962,-29.126511,-0.000367,-0.000123,29.126083,5084.653,2,0.000000,4,4,76.306305,1,0,0,-0.000196,0.999985,0.005472,1.000000,0.000194,0.000368,-0.029834,-0.000020,0.000000,0.000000,0.000000,1,-0.007867,6695.729492,-1.638552,196.144852,0.000015,0.000701,84.094131,1,-0.008205,6681.739258,-1.635166,185.870758,0.000015,0.000771,84.091324,1,0.009676,6029.045898,2.960262,-5392.027344,-0.000032,0.022527,76.303566,1,0.009352,6017.735840,2.954749,-5395.759277,-0.000032,0.022630,76.309044,-1.279016,25422.509766,10660.273438,-2382.047852,2.907737,-1.725849,0.000000,0.000000,0.000000,0.000000,0.000000,0.000000,0.000000,0.000000,0.000000
272,4.533333,0.016357,0.000184,-73.656250,0.010762,0.000405,-28.989840,-0.000368,-0.000109,28.989513,4947.384,2,0.000000,4,4,76.870766,1,0,0,-0.000196,0.999989,0.004778,1.000000,0.000194,0.000369,-0.041657,-0.000035,0.000000,0.000000,0.000000,1,-0.006919,6746.520996,-1.409911,965.643188,0.000013,-0.002761,84.044701,1,-0.007257,6732.544434,-1.407018,956.426270,0.000013,-0.002686,84.043388,1,0.008518,5972.476562,2.786335,-5937.086914,-0.000030,0.038177,76.867973,1,0.008195,5961.224609,2.781083,-5937.388672,-0.000030,0.038243,76.873558,-1.019269,25412.734375,10204.527344,-1844.774170,7.881208,-1.194405,0.000000,0.000000,0.000000,0.000000,0.000000,0.000000,0.000000,0.000000,0.000000
273,4.550000,0.016479,0.000179,-74.137329,0.010749,-0.000300,-28.859013,-0.000370,-0.000070,28.858788,4821.105,2,0.000000,4,4,77.492821,1,0,0,-0.000195,0.999992,0.003931,1.000000,0.000193,0.000370,-0.050814,-0.000045,0.000000,0.000000,0.000000,1,-0.005750,6804.209473,-1.090395,1734.557007,0.000010,-0.007488,83.883438,1,-0.006086,6790.242188,-1.088109,1726.855225,0.000010,-0.007415,83.883469,1,0.007120,5911.497070,1.270490,-5894.632324,-0.000014,0.047846,77.490005,1,0.006797,5900.321289,1.268073,-5891.732910,-0.000014,0.047876,77.495636,-2.816407,25408.251953,8574.804688,-1195.094482,8.368361,-0.885691,0.000000,0.000000,0.000000,0.000000,0.000000,0.000000,0.000000,0.000000,0.000000
274,4.566667,0.016602,0.000161,-74.616333,0.010713,-0.001093,-28.749079,-0.000370,-0.000029,28.748949,4702.889,2,0.000000,4,4,78.110207,1,0,0,-0.000194,0.999996,0.002985,1.000000,0.000193,0.000371,-0.056748,-0.000053,0.000000,0.000000,0.000000,1,-0.004431,6865.254395,-0.664883,2343.120850,0.000006,-0.012478,83.610428,1,-0.004767,6851.296387,-0.663539,2337.240479,0.000006,-0.012412,83.611572,1,0.005570,5850.025391,1.251998,-5397.831543,-0.000014,0.051917,78.107391,1,0.005248,5838.914551,1.249578,-5391.901855,-0.000014,0.051912,78.113022,-1.183885,25409.615234,6357.323730,-504.469543,13.159307,-0.246072,0.000000,0.000000,0.000000,0.000000,0.000000,0.000000,0.000000,0.000000,0.000000
275,4.583333,0.016724,0.000129,-75.094116,0.010698,-0.001908,-28.667574,-0.000370,0.000036,28.667515,4740.356,2,0.000000,4,4,79.368378,1,0,0,-0.000193,0.999998,0.001998,1.000000,0.000192,0.000370,-0.059255,-0.000055,0.000000,0.000000,0.000000,1,-0.003042,6926.191895,-0.298298,1812.314697,0.000003,-0.016189,83.248970,1,-0.003376,6912.248047,-0.297690,1813.039307,0.000003,-0.016196,83.250969,1,0.003965,5791.612305,0.648757,-3542.426270,-0.000011,0.046973,79.365562,1,0.003644,5780.567383,0.646335,-3533.725098,-0.000011,0.046935,79.371193,-0.669349,25416.871094,3697.346191,180.215027,16.585999,0.243339,0.000000,0.000000,0.000000,0.000000,0.000000,0.000000,0.000000,0.000000,0.000000
276,4.600000,0.016846,0.000084,-75.571167,0.010689,-0.002673,-28.620173,-0.000368,0.000117,28.620159,4816.712,2,0.000000,4,4,80.425621,1,0,0,-0.000192,1.000000,0.001025,1.000000,0.000192,0.000368,-0.058364,-0.000053,0.000000,0.000000,0.000000,1,-0.001660,6983.727051,-0.294909,1469.193115,0.000003,-0.013124,82.964653,1,-0.001993,6969.783691,-0.294282,1469.448242,0.000003,-0.013127,82.966553,1,0.002397,5739.351562,-0.427707,-1303.741577,-0.000005,0.034810,80.422844,1,0.002077,5728.357910,-0.430122,-1292.675293,-0.000005,0.034741,80.428398,-1.412944,25429.392578,-96.490845,925.408447,13.522885,0.477238,0.000000,0.000000,0.000000,0.000000,0.000000,0.000000,0.000000,0.000000,0.000000
277,4.616667,0.016968,0.000029,-76.048218,0.010671,-0.003327,-28.621410,-0.000364,0.000184,28.621412,4880.875,2,0.000000,4,4,81.241852,1,0,0,-0.000191,1.000000,0.000129,1.000000,0.000191,0.000365,-0.053775,-0.000050,0.000000,0.000000,0.000000,1,-0.000372,7033.855957,-0.206251,884.064087,0.000002,-0.007897,82.730209,1,-0.000705,7019.920898,-0.205618,884.666199,0.000002,-0.007903,82.732071,1,0.000966,5697.048340,-1.731815,1032.931763,0.000004,0.017712,81.239136,1,0.000647,5686.107910,-1.734236,1046.156494,0.000004,0.017615,81.244568,-2.566941,25446.656250,-3602.063965,1538.251221,9.204659,0.629339,0.000000,0.000000,0.000000,0.000000,0.000000,0.000000,0.000000,0.000000,0.000000
278,4.633333,0.017090,-0.000035,-76.525879,0.010638,-0.003807,-28.667591,-0.000361,0.000229,28.667589,4930.410,2,0.000000,4,4,81.807419,1,0,0,-0.000191,1.000000,-0.000640,1.000000,0.000191,0.000361,-0.046143,-0.000047,0.000000,0.000000,0.000000,1,0.000748,7074.089355,-0.180810,164.602203,0.000002,-0.001470,82.580803,1,0.000416,7060.158203,-0.180174,165.890320,0.000002,-0.001482,82.582581,1,-0.000245,5666.447754,-3.131752,3259.055908,0.000015,-0.002043,81.804794,1,-0.000564,5655.564941,-3.134179,3274.257324,0.000015,-0.002166,81.810043,-4.243659,25467.023438,-6617.258789,1991.796143,4.393215,0.640809,0.000000,0.000000,0.000000,0.000000,0.000000,0.000000,0.000000,0.000000,0.000000
279,4.650000,0.017212,-0.000102,-77.005127,0.010584,-0.004067,-28.752428,-0.000356,0.000251,28.752413,4964.733,2,0.000000,4,4,82.134895,1,0,0,-0.000190,0.999999,-0.001245,1.000000,0.000190,0.000356,-0.036260,-0.000045,0.000000,0.000000,0.000000,1,0.001646,7102.747070,-0.193056,-233.641251,0.000002,-0.000150,82.535957,1,0.001315,7088.850098,-0.192420,-231.768311,0.000002,-0.000163,82.537552,1,-0.001180,5648.393555,-4.477758,5210.596191,0.000028,-0.022358,82.132378,1,-0.001497,5637.546875,-4.480077,5227.668945,0.000028,-0.022504,82.137413,-5.881775,25488.738281,-9724.847656,2354.049805,0.634606,0.600287,0.000000,0.000000,0.000000,0.000000,0.000000,0.000000,0.000000,0.000000,0.000000
280,4.666667,0.017334,-0.000170,-77.486328,0.010509,-0.004086,-28.877106,-0.000352,0.000254,28.877073,4984.607,2,0.000000,4,4,82.254227,1,0,0,-0.000189,0.999999,-0.001654,1.000000,0.000190,0.000352,-0.024577,-0.000045,0.000000,0.000000,0.000000,1,0.002277,7118.310059,-0.177561,-991.938721,0.000002,0.003195,82.548996,1,0.001947,7104.443848,-0.176931,-990.347351,0.000002,0.003181,82.550316,1,-0.001791,5643.736816,-5.670802,6735.550781,0.000040,-0.041300,82.251846,1,-0.002108,5632.935547,-5.673209,6754.351074,0.000040,-0.041468,82.256607,-7.739638,25510.406250,-11257.453125,2401.881836,-4.762563,0.440250,0.000000,0.000000,0.000000,0.000000,0.000000,0.000000,0.000000,0.000000,0.000000
281,4.683333,0.017456,-0.000235,-77.969971,0.010409,-0.003848,-29.021433,-0.000348,0.000231,29.021391,4991.849,2,0.000000,4,4,82.211388,1,0,0,-0.000188,0.999998,-0.001865,1.000000,0.000189,0.000348,-0.012656,-0.000048,0.000000,0.000000,0.000000,1,0.002631,7121.791016,-0.133124,-1883.436768,0.000002,0.008254,82.672241,1,0.002302,7107.987793,-0.132499,-1882.024170,0.000002,0.008241,82.673325,1,-0.002077,5650.356445,-6.523581,7809.475586,0.000052,-0.057554,82.209160,1,-0.002393,5639.608887,-6.526004,7829.981445,0.000052,-0.057743,82.213615,-9.273203,25529.861328,-11621.328125,2277.222656,-9.476467,0.340222,0.000000,0.000000,0.000000,0.000000,0.000000,0.000000,0.000000,0.000000,0.000000
282,4.700000,0.017578,-0.000291,-78.456177,0.010290,-0.003370,-29.170424,-0.000345,0.000185,29.170378,4989.249,2,0.000000,4,4,82.054787,1,0,0,-0.000187,0.999998,-0.001888,1.000000,0.000188,0.000345,-0.001353,-0.000052,0.000000,0.000000,0.000000,1,0.002717,7114.425781,-0.017974,-2763.837402,0.000001,0.014355,82.925049,1,0.002390,7100.688477,-0.017355,-2762.423096,0.000001,0.014341,82.925926,1,-0.002059,5666.334473,-6.919913,8446.710938,0.000060,-0.070352,82.052727,1,-0.002373,5655.648438,-6.922247,8468.921875,0.000061,-0.070561,82.056847,-10.038668,25545.734375,-11134.102539,2052.829102,-12.648295,0.287364,0.000000,0.000000,0.000000,0.000000,0.000000,0.000000,0.000000,0.000000,0.000000
283,4.716667,0.017700,-0.000336,-78.944702,0.010162,-0.002691,-29.313168,-0.000343,0.000122,29.313128,4979.746,2,0.000000,4,4,81.831123,1,0,0,-0.000187,0.999998,-0.001741,1.000000,0.000187,0.000343,0.008838,-0.000055,0.000000,0.000000,0.000000,1,0.002558,7097.643066,0.213433,-3505.452148,-0.000000,0.020650,83.305809,1,0.002233,7084.001953,0.214044,-3503.884277,-0.000000,0.020636,83.306480,1,-0.001771,5689.865234,-6.809863,8692.146484,0.000066,-0.079393,81.829254,1,-0.002083,5679.231934,-6.812260,8716.039062,0.000066,-0.079620,81.832993,-9.717760,25557.421875,-10141.074219,1744.338135,-13.852269,0.346383,0.000000,0.000000,0.000000,0.000000,0.000000,0.000000,0.000000,0.000000,0.000000
284,4.733333,0.017822,-0.000367,-79.435425,0.010037,-0.001856,-29.443182,-0.000342,0.000054,29.443155,4966.171,2,0.000000,4,4,81.582176,1,0,0,-0.000186,0.999999,-0.001449,1.000000,0.000186,0.000342,0.017498,-0.000057,0.000000,0.000000,0.000000,1,0.002188,7073.261230,0.592831,-2373.023682,-0.000002,0.021198,83.794357,1,0.001864,7059.706543,0.593475,-2368.068604,-0.000002,0.021154,83.794800,1,-0.001258,5718.879395,-0.980068,5928.818359,0.000011,-0.064599,81.580505,1,-0.001568,5708.304199,-0.978310,5936.439453,0.000011,-0.064682,81.583847,1.576409,25564.505859,-6864.095703,1123.541260,-2.345293,1.551278,0.000000,0.000000,0.000000,0.000000,0.000000,0.000000,0.000000,0.000000,0.000000
285,4.750000,0.017944,-0.000382,-79.927612,0.010057,-0.000904,-29.531183,-0.000342,0.000043,29.531168,4951.063,2,0.000000,4,4,81.627884,1,0,0,-0.000185,0.999999,-0.001064,1.000000,0.000185,0.000341,0.023078,-0.000039,0.000000,0.000000,0.000000,1,0.001673,7045.690430,0.677068,-2195.356689,-0.000003,0.019611,84.118317,1,0.001351,7032.189453,0.677716,-2192.292236,-0.000004,0.019584,84.118042,1,-0.000606,5748.310547,-0.816404,4718.791504,0.000009,-0.051415,81.626274,1,-0.000915,5737.737793,-0.814920,4729.275391,0.000009,-0.051529,81.629494,1.362242,25565.728516,-4798.790527,642.001099,-0.641106,1.288834,0.000000,0.000000,0.000000,0.000000,0.000000,0.000000,0.000000,0.000000,0.000000
286,4.766667,0.018066,-0.000380,-80.420776,0.010075,0.000088,-29.592707,-0.000341,0.000040,29.592703,4953.837,2,0.000000,4,4,81.801537,1,0,0,-0.000185,1.000000,-0.000627,1.000000,0.000185,0.000341,0.026269,-0.000023,0.000000,0.000000,0.000000,1,0.001069,7016.608398,0.502800,-1900.144897,-0.000004,0.016974,84.416458,1,0.000748,7003.144531,0.501834,-1898.650635,-0.000004,0.016961,84.415741,1,0.000118,5776.862793,-1.022611,4759.519043,0.000010,-0.051859,81.800011,1,-0.000190,5766.289551,-1.021134,4769.048340,0.000010,-0.051962,81.803062,0.824544,25562.095703,-5467.053711,499.203308,-2.080637,1.001857,0.000000,0.000000,0.000000,0.000000,0.000000,0.000000,0.000000,0.000000,0.000000
287,4.783333,0.018188,-0.000363,-80.915161,0.010085,0.001043,-29.662798,-0.000340,0.000030,29.662800,4964.376,2,0.000000,4,4,81.970291,1,0,0,-0.000184,1.000000,-0.000147,1.000000,0.000184,0.000340,0.028750,-0.000011,0.000000,0.000000,0.000000,1,0.000393,6985.201172,0.400452,-1763.883301,-0.000004,0.015757,84.671692,1,0.000072,6971.758789,0.399674,-1763.020630,-0.000004,0.015749,84.670761,1,0.000895,5806.302246,-0.681896,4618.780762,0.000007,-0.050325,81.968842,1,0.000587,5795.719727,-0.680614,4628.102051,0.000007,-0.050427,81.971741,1.295309,25555.669922,-5456.013672,273.449402,-0.955891,0.803576,0.000000,0.000000,0.000000,0.000000,0.000000,0.000000,0.000000,0.000000,0.000000
288,4.800000,0.018311,-0.000331,-81.410767,0.010102,0.001934,-29.732746,-0.000340,0.000025,29.732744,4974.617,2,0.000000,4,4,82.153366,1,0,0,-0.000184,1.000000,0.000355,1.000000,0.000184,0.000340,0.030111,-0.000001,0.000000,0.000000,0.000000,1,-0.000330,6952.998047,0.327966,-1673.266113,-0.000003,0.014947,84.907127,1,-0.000650,6939.580078,0.327346,-1672.800659,-0.000003,0.014943,84.906067,1,0.001694,5835.065918,-0.595247,4573.379395,0.000006,-0.049830,82.151993,1,0.001387,5824.469238,-0.594184,4582.030273,0.000006,-0.049925,82.154739,1.351765,25546.496094,-5544.131836,78.278511,-1.088663,0.597356,0.000000,0.000000,0.000000,0.000000,0.000000,0.000000,0.000000,0.000000,0.000000
289,4.816667,0.018433,-0.000285,-81.907471,0.010119,0.002725,-29.803825,-0.000340,0.000020,29.803818,4985.728,2,0.000000,4,4,82.340614,1,0,0,-0.000185,1.000000,0.000863,1.000000,0.000184,0.000340,0.030503,0.000007,0.000000,0.000000,0.000000,1,-0.001074,6920.896973,0.267619,-1621.027832,-0.000002,0.014481,85.129395,1,-0.001395,6907.486328,0.267100,-1620.736938,-0.000002,0.014478,85.128265,1,0.002491,5862.506348,-0.432923,4535.129395,0.000005,-0.049414,82.339310,1,0.002184,5851.882812,-0.432099,4543.234375,0.000005,-0.049502,82.341919,1.563125,25535.119141,-5570.118164,-102.799599,-0.825642,0.373769,0.000000,0.000000,0.000000,0.000000,0.000000,0.000000,0.000000,0.000000,0.000000
290,4.833333,0.018555,-0.000229,-82.405396,0.010139,0.003390,-29.875237,-0.000339,0.000015,29.875216,4997.092,2,0.000000,4,4,82.531258,1,0,0,-0.000185,0.999999,0.001363,1.000000,0.000184,0.000340,0.029996,0.000013,0.000000,0.000000,0.000000,1,-0.001818,6889.779297,0.217517,-1588.683960,-0.000002,0.014192,85.344063,1,-0.002139,6876.377441,0.217094,-1588.451782,-0.000002,0.014190,85.342896,1,0.003264,5887.963867,-0.322141,4512.987793,0.000004,-0.049172,82.530022,1,0.002956,5877.318848,-0.321577,4520.462402,0.000004,-0.049254,82.532494,1.689654,25522.089844,-5588.555664,-257.657990,-0.794307,0.196670,0.000000,0.000000,0.000000,0.000000,0.000000,0.000000,0.000000,0.000000,0.000000
291,4.850000,0.018677,-0.000164,-82.904419,0.010161,0.003907,-29.946884,-0.000339,0.000012,29.946844,5008.661,2,0.000000,4,4,82.723579,1,0,0,-0.000185,0.999998,0.001841,1.000000,0.000184,0.000340,0.028720,0.000017,0.000000,0.000000,0.000000,1,-0.002542,6860.393066,0.172688,-1568.796997,-0.000002,0.014014,85.554031,1,-0.002862,6846.990234,0.172357,-1568.597656,-0.000002,0.014012,85.552834,1,0.003992,5910.977051,-0.206153,4496.959473,0.000002,-0.048998,82.722397,1,0.003684,5900.302246,-0.205761,4503.900879,0.000002,-0.049073,82.724762,1.833295,25508.011719,-5594.420410,-391.906006,-0.693863,0.013246,0.000000,0.000000,0.000000,0.000000,0.000000,0.000000,0.000000,0.000000,0.000000
292,4.866667,0.018799,-0.000092,-83.404785,0.010185,0.004263,-30.018608,-0.000339,0.000008,30.018541,5020.333,2,0.000000,4,4,82.916908,1,0,0,-0.000185,0.999997,0.002288,1.000000,0.000185,0.000340,0.026776,0.000018,0.000000,0.000000,0.000000,1,-0.003226,6833.390137,0.132538,-1556.244385,-0.000001,0.013902,85.761108,1,-0.003547,6819.992188,0.132278,-1556.053711,-0.000001,0.013900,85.759888,1,0.004661,5931.159668,-0.108092,4485.201660,0.000001,-0.048870,82.915779,1,0.004353,5920.460938,-0.107878,4491.624023,0.000001,-0.048940,82.918037,1.948632,25493.496094,-5594.192383,-498.636475,-0.654742,-0.117717,0.000000,0.000000,0.000000,0.000000,0.000000,0.000000,0.000000,0.000000,0.000000
293,4.883333,0.018921,-0.000018,-83.906372,0.010210,0.004451,-30.090328,-0.000339,0.000005,30.090235,5032.066,2,0.000000,4,4,83.110786,1,0,0,-0.000186,0.999996,0.002693,1.000000,0.000185,0.000340,0.024303,0.000018,0.000000,0.000000,0.000000,1,-0.003857,6809.265625,0.095089,-1548.148926,-0.000001,0.013830,85.966362,1,-0.004179,6795.866211,0.094902,-1547.959106,-0.000001,0.013828,85.965118,1,0.005258,5948.257812,-0.014979,4475.792480,0.000000,-0.048767,83.109711,1,0.004950,5937.543945,-0.014952,4481.646973,0.000000,-0.048831,83.111862,2.058280,25478.988281,-5589.704102,-584.117920,-0.686212,-0.220791,0.000000,0.000000,0.000000,0.000000,0.000000,0.000000,0.000000,0.000000,0.000000
294,4.900000,0.019043,0.000056,-84.408936,0.010236,0.004470,-30.161991,-0.000339,0.000001,30.161865,5043.832,2,0.000000,4,4,83.304962,1,0,0,-0.000186,0.999995,0.003050,1.000000,0.000185,0.000340,0.021404,0.000017,0.000000,0.000000,0.000000,1,-0.004422,6788.437012,0.057552,-1542.793579,-0.000001,0.013782,86.170441,1,-0.004744,6775.032715,0.057438,-1542.613525,-0.000001,0.013780,86.169174,1,0.005775,5962.146484,0.002158,4467.733887,0.000000,-0.048679,83.303932,1,0.005466,5951.411133,0.002185,4473.136230,0.000000,-0.048738,83.305992,2.015347,25465.111328,-5582.540527,-642.763428,-0.888831,-0.339235,0.000000,0.000000,0.000000,0.000000,0.000000,0.000000,0.000000,0.000000,0.000000
295,4.916667,0.019165,0.000128,-84.912842,0.010262,0.004327,-30.233562,-0.000339,-0.000003,30.233406,5055.616,2,0.000000,4,4,83.499283,1,0,0,-0.000186,0.999994,0.003353,1.000000,0.000185,0.000340,0.018214,0.000015,0.000000,0.000000,0.000000,1,-0.004912,6771.139648,0.028707,-1539.202026,-0.000000,0.013750,86.373741,1,-0.005234,6757.745605,0.028650,-1539.009888,-0.000000,0.013748,86.372452,1,0.006206,5972.775879,0.046177,4460.481445,-0.000000,-0.048600,83.498299,1,0.005897,5962.023438,0.046200,4465.383789,-0.000000,-0.048654,83.500267,2.043260,25452.195312,-5573.434082,-682.929443,-1.051508,-0.383484,0.000000,0.000000,0.000000,0.000000,0.000000,0.000000,0.000000,0.000000,0.000000
296,4.933333,0.019287,0.000196,-85.417969,0.010288,0.004031,-30.305017,-0.000339,-0.000008,30.304838,5067.409,2,0.000000,4,4,83.693657,1,0,0,-0.000186,0.999994,0.003600,1.000000,0.000185,0.000340,0.014824,0.000012,0.000000,0.000000,0.000000,1,-0.005319,6757.600098,0.006018,-1536.738159,-0.000000,0.013728,86.576523,1,-0.005641,6744.201660,0.006000,-1536.544067,-0.000000,0.013726,86.575203,1,0.006548,5980.174805,0.117821,4453.634277,-0.000001,-0.048526,83.692711,1,0.006239,5969.417480,0.117843,4458.239746,-0.000001,-0.048576,83.694603,2.138736,25440.742188,-5563.075195,-706.818115,-0.981534,-0.416077,0.000000,0.000000,0.000000,0.000000,0.000000,0.000000,0.000000,0.000000,0.000000
297,4.950000,0.019409,0.000255,-85.924316,0.010315,0.003599,-30.376339,-0.000339,-0.000013,30.376137,5079.205,2,0.000000,4,4,83.888031,1,0,0,-0.000187,0.999993,0.003789,1.000000,0.000185,0.000340,0.011314,0.000009,0.000000,0.000000,0.000000,1,-0.005638,6747.907715,0.000644,-1534.992798,-0.000000,0.013712,86.778946,1,-0.005960,6734.515137,0.000626,-1534.800903,-0.000000,0.013710,86.777596,1,0.006800,5984.400879,0.209992,4447.183105,-0.000001,-0.048455,83.887123,1,0.006491,5973.639160,0.210020,4451.411133,-0.000001,-0.048502,83.888939,2.310010,25430.996094,-5551.985352,-707.560303,-0.963633,-0.398080,0.000000,0.000000,0.000000,0.000000,0.000000,0.000000,0.000000,0.000000,0.000000
298,4.966667,0.019531,0.000306,-86.431763,0.010345,0.003051,-30.447517,-0.000340,-0.000018,30.447298,5091.001,2,0.000000,4,4,84.082359,1,0,0,-0.000187,0.999992,0.003919,1.000000,0.000185,0.000340,0.007800,0.000006,0.000000,0.000000,0.000000,1,-0.005868,6742.035645,-0.011336,-1533.791382,0.000000,0.013701,86.981117,1,-0.006190,6728.642578,-0.011354,-1533.590332,0.000000,0.013700,86.979736,1,0.006965,5985.660645,0.320605,4440.701660,-0.000002,-0.048385,84.081482,1,0.006656,5974.897949,0.320634,4444.682129,-0.000002,-0.048428,84.083237,2.504985,25423.257812,-5539.888672,-697.219482,-0.749453,-0.373798,0.000000,0.000000,0.000000,0.000000,0.000000,0.000000,0.000000,0.000000,0.000000
299,4.983333,0.019653,0.000347,-86.940430,0.010377,0.002411,-30.518541,-0.000340,-0.000022,30.518309,5102.795,2,0.000000,4,4,84.276634,1,0,0,-0.000187,0.999992,0.003991,1.000000,0.000185,0.000341,0.004338,0.000003,0.000000,0.000000,0.000000,1,-0.006007,6739.917969,-0.024593,-1532.843262,0.000000,0.013693,87.183113,1,-0.006329,6726.527344,-0.024625,-1532.673218,0.000000,0.013691,87.181702,1,0.007045,5984.109375,0.439189,4434.649414,-0.000003,-0.048319,84.275787,1,0.006736,5973.344238,0.439212,4438.267578,-0.000003,-0.048358,84.277481,2.713662,25417.632812,-5527.987305,-669.285889,-0.637362,-0.329427,0.000000,0.000000,0.000000,0.000000,0.000000,0.000000,0.000000,0.000000,0.000000
300,5.000000,0.019775,0.000375,-87.450195,0.010412,0.001701,-30.589413,-0.000341,-0.000025,30.589174,5114.585,2,0.047244,4,4,80.790031,0,0,1,-0.000187,0.999992,0.004008,1.000000,0.000185,0.000341,0.001013,0.000001,0.000000,0.000000,0.000000,1,-0.006068,6740.577148,2891.134277,-1497.856812,-0.009586,0.013380,87.384972,1,-0.006371,6728.786133,2919.678711,-1497.460693,-0.009681,0.013377,87.383530,1,0.007044,5980.032227,0.563150,-150.094238,-0.000004,-0.029777,80.789253,1,0.006735,5969.271484,0.563168,-143.984619,-0.000004,-0.029826,80.790810,5753.045410,25414.300781,3681.342529,-1659.768066,-19017.164062,602.828430,0.000000,0.000000,0.000000,0.000000,0.000000,0.000000,0.000000,0.000000,0.000000
301,5.016667,0.021240,0.000392,-87.959229,0.084169,0.001005,-30.542215,-0.001901,-0.093674,30.542095,4902.990,2,0.078740,4,4,77.864120,0,0,1,-0.000347,0.999992,0.003887,0.999998,0.000340,0.001902,-0.007230,0.009258,0.000000,0.000000,0.000000,1,-0.005792,6765.920410,5095.268555,-1247.699219,-0.022923,0.011146,87.581741,1,-0.006351,6732.171387,5163.084961,-188.060760,-0.023207,0.001680,87.580246,1,0.006957,5972.564453,528.431274,-6375.142090,-0.002140,0.007059,77.863419,1,0.006390,5939.739258,528.431396,-5724.564941,-0.002140,0.004397,77.864822,11238.033203,25407.976562,14159.078125,-2675.917725,-27202.121094,1103.235718,0.000000,0.000000,0.000000,0.000000,0.000000,0.000000,0.000000,0.000000,0.000000
302,5.033333,0.025024,0.000396,-88.465210,0.228246,0.000289,-30.360689,-0.005693,-0.227637,30.361305,4725.422,2,0.110236,4,4,75.635948,0,0,1,-0.000793,0.999993,0.003543,0.999983,0.000773,0.005696,-0.020536,0.025916,0.000000,0.000000,0.000000,1,-0.004956,6823.565918,7387.896484,-444.193909,-0.038911,0.003968,87.742157,1,-0.006260,6738.832520,7499.063477,1198.644043,-0.039458,-0.002918,87.586655,1,0.006749,5959.189453,1511.096924,-12807.490234,-0.007457,0.056237,75.640427,1,0.005460,5877.651367,1511.000732,-11011.789062,-0.007457,0.047300,75.631470,17791.175781,25398.935547,24100.148438,-3419.176270,-33142.578125,1607.219849,0.000000,0.000000,0.000000,0.000000,0.000000,0.000000,0.000000,0.000000,0.000000
303,5.050000,0.032715,0.000388,-88.966064,0.456338,-0.000496,-30.051712,-0.012205,-0.390861,30.054911,4590.198,2,0.149606,4,4,74.111824,0,0,1,-0.001647,0.999994,0.002908,0.999924,0.001611,0.012210,-0.037607,0.049945,0.000000,0.000000,0.000000,1,-0.003371,6920.412109,10160.444336,147.625031,-0.058158,0.002006,87.785797,1,-0.006128,6746.062012,10328.745117,3652.698730,-0.059060,-0.013946,87.391533,1,0.006430,5942.424805,2762.973145,-17611.861328,-0.016669,0.111726,74.130608,1,0.003743,5778.251465,2961.951660,-15430.762695,-0.016668,0.092150,74.093048,26029.796875,25389.166016,31065.964844,-3579.841797,-39520.488281,2126.710693,0.000000,0.000000,0.000000,0.000000,0.000000,0.000000,0.000000,0.000000,0.000000
304,5.066667,0.045898,0.000365,-89.460327,0.790054,-0.001390,-29.653431,-0.021960,-0.585489,29.663565,4497.703,2,0.188976,4,4,73.155937,0,0,1,-0.003029,0.999993,0.001957,0.999754,0.002985,0.021964,-0.055654,0.081525,0.000000,0.000000,0.000000,1,-0.000910,7059.546875,8021.460938,1404.971680,-0.071656,-0.003397,87.743423,1,-0.006061,6746.150879,8022.821289,6737.912109,-0.071668,-0.031111,86.839745,1,0.006101,5930.464844,3511.605469,-17441.396484,-0.030377,0.169070,73.192093,1,0.001121,5642.024414,4301.639648,-16370.335938,-0.030376,0.133657,73.119797,23830.677734,25382.767578,27698.435547,-2490.605713,-32650.367188,1397.982300,0.000000,0.000000,0.000000,0.000000,0.000000,0.000000,0.000000,0.000000,0.000000
305,5.083333,0.064087,0.000325,-89.948608,1.095575,-0.002421,-29.298323,-0.034395,-0.746261,29.318651,4439.692,2,0.228346,4,4,72.317398,0,0,1,-0.004753,0.999988,0.000770,0.999397,0.004724,0.034392,-0.068358,0.102421,0.000000,0.000000,0.000000,1,0.002146,7212.708984,9690.700195,2688.732666,-0.086567,-0.011052,87.518311,1,-0.006043,6744.886719,9544.694336,9394.303711,-0.085263,-0.050713,85.839569,1,0.005783,5919.987305,2541.724854,-7888.618164,-0.049340,0.125067,72.361801,1,-0.002098,5501.607422,5349.431152,-15613.864258,-0.049339,0.172304,72.273018,27681.804688,25386.539062,14443.830078,-311.832367,-45857.328125,1451.068848,0.000000,0.000000,0.000000,0.000000,0.000000,0.000000,0.000000,0.000000,0.000000
306,5.100000,0.088379,0.000266,-90.433960,1.450470,-0.003525,-29.113146,-0.050595,-0.972034,29.149242,4388.802,2,0.267717,4,4,71.008492,0,0,1,-0.006812,0.999977,-0.000498,0.998697,0.006829,0.050571,-0.070461,0.123435,0.000000,0.000000,0.000000,1,0.005534,7369.957520,11200.922852,2721.020752,-0.100058,-0.015972,87.106621,1,-0.006337,6719.894531,10806.478516,6888.943359,-0.096534,-0.061539,84.453323,1,0.005796,5937.320312,6584.267090,-16550.328125,-0.076351,0.192575,70.990036,1,-0.005596,5368.342773,6767.835938,-10086.677734,-0.076350,0.132349,71.026947,35231.027344,25405.505859,21498.654297,-635.070312,-26570.708984,1888.290527,0.000000,0.000000,0.000000,0.000000,0.000000,0.000000,0.000000,0.000000,0.000000
307,5.116667,0.119995,0.000193,-90.914429,1.902150,-0.004388,-28.837523,-0.068977,-1.102843,28.900030,4309.367,2,0.307087,4,4,69.944061,0,0,1,-0.009296,0.999955,-0.001889,0.997579,0.009405,0.068908,-0.074567,0.150355,0.000000,0.000000,0.000000,1,0.009354,7550.606934,13099.260742,2232.239990,-0.117015,-0.019941,86.690239,1,-0.007024,6675.320801,12314.767578,7071.740234,-0.110008,-0.063172,83.431198,1,0.006207,5971.808594,3393.330322,-7640.930176,-0.091094,0.150021,69.977974,1,-0.009482,5217.395996,6714.311523,-8706.114258,-0.108023,0.119793,69.910164,35681.265625,25427.072266,12966.726562,898.218262,-45005.382812,1434.141235,0.000000,0.000000,0.000000,0.000000,0.000000,0.000000,0.000000,0.000000,0.000000
308,5.133333,0.159302,0.000108,-91.392334,2.359602,-0.005073,-28.671282,-0.091055,-1.324391,28.767008,4244.769,2,0.354331,4,4,68.425781,0,0,1,-0.012064,0.999922,-0.003310,0.995784,0.012315,0.090896,-0.071090,0.169475,0.000000,0.000000,0.000000,1,0.013288,7724.154785,15244.975586,1107.153687,-0.136183,-0.009890,86.344894,1,-0.008179,6608.366699,13914.363281,7000.156250,-0.124297,-0.062532,82.382507,1,0.007132,6030.169922,3760.576660,-7558.401855,-0.091985,0.108396,68.450432,1,-0.013412,5083.134766,10212.189453,-11324.994141,-0.148562,0.164750,68.401138,42452.234375,25459.105469,19160.841797,601.780273,-45176.578125,1744.178345,0.000000,0.000000,0.000000,0.000000,0.000000,0.000000,0.000000,0.000000,0.000000
309,5.150000,0.207764,0.000019,-91.866089,2.903862,-0.005364,-28.425631,-0.116844,-1.546764,28.570225,4152.627,2,0.393701,4,4,67.121315,0,0,1,-0.015168,0.999873,-0.004821,0.993066,0.015627,0.116517,-0.069618,0.192561,0.000000,0.000000,0.000000,1,0.017389,7908.201172,16914.667969,812.143677,-0.151098,-0.007255,86.163063,1,-0.009864,6517.130371,14891.623047,7278.141113,-0.133027,-0.065015,81.344215,1,0.008618,6110.633789,9938.346680,-15404.153320,-0.141489,0.197812,67.115273,1,-0.017453,4942.829102,5052.494141,-4728.441406,-0.107741,0.123929,67.127357,45369.406250,25492.332031,22812.199219,562.746033,-31288.363281,1539.581787,0.000000,0.000000,0.000000,0.000000,0.000000,0.000000,0.000000,0.000000,0.000000
310,5.166667,0.265869,-0.000069,-92.334961,3.485521,-0.005256,-28.133167,-0.145202,-1.700759,28.341265,4073.462,2,0.440945,4,4,65.975746,0,0,1,-0.018552,0.999807,-0.006440,0.989303,0.019289,0.144595,-0.068457,0.212641,0.000000,0.000000,0.000000,1,0.021577,8093.994629,19268.330078,1798.821777,-0.172124,-0.010526,86.024109,1,-0.012065,6405.555664,16277.069336,7484.818848,-0.145403,-0.066862,80.265526,1,0.010646,6209.346191,4495.879883,-7440.213867,-0.101320,0.157643,66.055649,1,-0.021536,4805.406250,5148.812012,-4330.117676,-0.073302,0.083858,65.895943,44519.082031,25527.041016,15697.676758,1767.594116,-53308.683594,940.926941,0.000000,0.000000,0.000000,0.000000,0.000000,0.000000,0.000000,0.000000,0.000000
311,5.183333,0.333374,-0.000149,-92.800537,4.056278,-0.004789,-27.931915,-0.177936,-1.963180,28.208637,4003.940,2,0.480315,4,4,64.464531,0,0,1,-0.022006,0.999725,-0.008114,0.983965,0.023095,0.176859,-0.060672,0.221551,0.000000,0.000000,0.000000,1,0.025512,8255.535156,21033.382812,389.527649,-0.187891,-0.003480,85.741760,1,-0.014756,6275.353516,16995.650391,7560.391602,-0.151822,-0.067537,79.156799,1,0.013223,6328.091309,4906.828125,-7376.363281,-0.096529,0.118379,64.567459,1,-0.025313,4696.355469,10727.058594,-9134.112305,-0.142943,0.135198,64.361763,50838.808594,25566.261719,25581.351562,671.809204,-39660.085938,1179.051270,0.000000,0.000000,0.000000,0.000000,0.000000,0.000000,0.000000,0.000000,0.000000
312,5.200000,0.411865,-0.000212,-93.260620,4.708058,-0.003803,-27.603949,-0.213927,-2.158396,27.973988,3912.227,2,0.527559,4,4,63.298252,0,0,1,-0.025601,0.999623,-0.009955,0.976870,0.027130,0.212107,-0.059074,0.235246,0.000000,0.000000,0.000000,1,0.029343,8419.917969,23017.273438,1175.497314,-0.205613,-0.006086,85.664230,1,-0.017936,6126.068359,16729.720703,7607.555664,-0.157556,-0.071646,78.037086,1,0.016309,6463.277832,5305.993652,-7329.624512,-0.098591,0.098591,63.385201,1,-0.028967,4582.924316,5391.007812,-3478.978271,-0.104503,0.096759,63.211422,48048.933594,25600.035156,21411.005859,1288.999512,-41271.125000,348.996704,0.000000,0.000000,0.000000,0.000000,0.000000,0.000000,0.000000,0.000000,0.000000
313,5.216667,0.500610,-0.000253,-93.716064,5.324070,-0.002431,-27.329449,-0.253304,-2.361580,27.791349,3841.448,2,0.574803,4,4,61.921787,0,0,1,-0.029100,0.999505,-0.011912,0.967653,0.031157,0.250354,-0.052837,0.235857,0.000000,0.000000,0.000000,1,0.032780,8555.478516,24764.585938,1697.666016,-0.221222,-0.009456,85.472466,1,-0.021470,5968.587891,16196.799805,7634.137695,-0.159312,-0.075090,76.910522,1,0.019786,6607.192383,5705.403809,-7280.944824,-0.100787,0.100787,62.037666,1,-0.032214,4497.362793,5435.256836,-3178.281982,-0.068603,0.068603,61.806126,48852.015625,25632.480469,23844.783203,922.093262,-34898.726562,21.320190,0.000000,0.000000,0.000000,0.000000,0.000000,0.000000,0.000000,0.000000,0.000000
314,5.233333,0.599731,-0.000263,-94.166504,5.950378,-0.000648,-27.023746,-0.295543,-2.533407,27.584999,3757.913,2,0.622047,4,4,60.619858,0,0,1,-0.032429,0.999376,-0.014007,0.956095,0.035102,0.290947,-0.047794,0.232638,0.000000,0.000000,0.000000,1,0.035789,8671.199219,25884.599609,2587.422852,-0.231502,-0.014536,85.204811,1,-0.025270,5805.095215,16632.291016,4584.911621,-0.154118,-0.079841,75.780090,1,0.023549,6756.628906,6101.509277,-7228.386719,-0.103066,0.103066,60.766159,1,-0.035044,4426.300293,5463.203613,-2924.720215,-0.067519,0.067519,60.473911,48243.722656,25658.130859,29074.164062,214.159668,-32396.164062,-428.319214,0.000000,0.000000,0.000000,0.000000,0.000000,0.000000,0.000000,0.000000,0.000000
315,5.250000,0.709229,-0.000239,-94.610718,6.568887,0.001486,-26.651001,-0.340440,-2.692933,27.314632,3678.901,2,0.669291,4,4,59.394382,0,0,1,-0.035498,0.999237,-0.016290,0.941940,0.038900,0.333520,-0.045495,0.225082,0.000000,0.000000,0.000000,1,0.038391,8770.153320,26088.632812,1945.652344,-0.233696,-0.022286,84.807846,1,-0.029195,5643.225098,14987.295898,4535.076660,-0.139876,-0.094128,75.092819,1,0.027433,6902.839844,6517.697754,-7135.268066,-0.105296,0.105296,59.572220,1,-0.037509,4364.828125,5501.678711,-2659.494629,-0.066581,0.066581,59.217075,45571.214844,25674.296875,31470.359375,-182.320801,-22280.187500,-1063.577393,0.000000,0.000000,0.000000,0.000000,0.000000,0.000000,0.000000,0.000000,0.000000
316,5.266667,0.828491,-0.000174,-95.048096,7.153133,0.003848,-26.247536,-0.387162,-2.802674,27.005430,3604.530,2,0.716535,4,4,58.242210,0,0,1,-0.038192,0.999095,-0.018737,0.925197,0.042439,0.377107,-0.043550,0.210847,0.000000,0.000000,0.000000,1,0.040555,8848.557617,24930.792969,2767.924805,-0.224075,-0.035340,84.504150,1,-0.033087,5490.187500,14088.383789,4610.181641,-0.132418,-0.108206,74.412796,1,0.031260,7038.719727,6922.411621,-7013.246582,-0.107369,0.107369,58.452499,1,-0.039600,4315.941895,5529.435547,-2436.176025,-0.065836,0.065836,58.032677,43167.035156,25680.585938,32086.687500,-263.861328,-17334.960938,-1525.336182,0.000000,0.000000,0.000000,0.000000,0.000000,0.000000,0.000000,0.000000,0.000000
317,5.283333,0.956909,-0.000069,-95.478760,7.706557,0.006304,-25.836168,-0.435305,-2.888077,26.676395,3534.606,2,0.763780,4,4,57.163666,0,0,1,-0.040418,0.998956,-0.021301,0.905841,0.045631,0.421154,-0.040361,0.191561,0.000000,0.000000,0.000000,1,0.042248,8904.614258,23797.621094,3422.443115,-0.214771,-0.054320,84.080956,1,-0.036826,5349.039062,13630.338867,4774.613281,-0.129014,-0.120726,73.721855,1,0.034903,7162.027832,7313.170898,-6859.666992,-0.109250,0.109250,57.406811,1,-0.041297,4280.875977,5560.471191,-2236.049072,-0.065301,0.065301,56.921551,41105.347656,25677.640625,32934.179688,-328.740234,-14906.781250,-1829.060059,0.000000,0.000000,0.000000,0.000000,0.000000,0.000000,0.000000,0.000000,0.000000
318,5.300000,1.094116,0.000076,-95.902344,8.233548,0.008740,-25.413935,-0.484670,-2.961528,26.323084,3469.152,2,0.811024,4,4,56.157936,0,0,1,-0.042122,0.998826,-0.023941,0.883826,0.048426,0.465303,-0.036185,0.169426,0.000000,0.000000,0.000000,1,0.043475,8940.029297,23782.591797,4127.367676,-0.215625,-0.079760,83.562637,1,-0.040320,5221.920410,13207.616211,4934.157227,-0.125948,-0.125948,73.007019,1,0.038264,7270.548828,7688.046387,-6670.927246,-0.110905,0.110905,56.433968,1,-0.042614,4257.405273,5598.573242,-2044.982910,-0.064943,0.064943,55.883255,39925.253906,25665.039062,34434.386719,-439.086426,-14870.500000,-1948.685303,0.000000,0.000000,0.000000,0.000000,0.000000,0.000000,0.000000,0.000000,0.000000
319,5.316667,1.239868,0.000260,-96.318604,8.745411,0.011039,-24.972467,-0.535252,-3.034795,25.940468,3408.116,2,0.866142,4,4,55.237640,0,0,1,-0.043292,0.998707,-0.026634,0.859050,0.050822,0.509363,-0.031978,0.147082,0.000000,0.000000,0.000000,1,0.044283,8958.603516,23714.070312,4765.852539,-0.216073,-0.112321,82.941864,1,-0.043511,5109.710449,12811.515625,5118.663086,-0.123241,-0.123241,72.268990,1,0.041287,7364.165039,8045.476074,-6446.932129,-0.112333,0.112333,55.546371,1,-0.043604,4241.731934,5643.176270,-1849.176270,-0.064704,0.064704,54.930626,38575.160156,25644.029297,36011.320312,-470.356445,-16423.468750,-1991.831055,0.000000,0.000000,0.000000,0.000000,0.000000,0.000000,0.000000,0.000000,0.000000
320,5.333333,1.393921,0.000479,-96.727051,9.239964,0.013095,-24.510784,-0.587182,-3.115702,25.524452,3352.265,2,0.913386,4,4,54.385864,0,0,1,-0.043924,0.998603,-0.029359,0.831346,0.052832,0.553239,-0.027593,0.125284,0.000000,0.000000,0.000000,1,0.044736,8963.849609,23613.486328,5306.520508,-0.216199,-0.151820,82.228294,1,-0.046384,5011.068848,12437.271484,5326.546387,-0.120862,-0.120862,71.504150,1,0.043937,7442.734375,8383.871094,-6187.368652,-0.113532,0.113532,54.726868,1,-0.044319,4232.349121,5692.500488,-1644.533203,-0.064561,0.064561,54.046986,37157.742188,25614.931641,37495.804688,-592.866699,-15226.125000,-2075.299316,0.000000,0.000000,0.000000,0.000000,0.000000,0.000000,0.000000,0.000000,0.000000
321,5.350000,1.555786,0.000725,-97.127563,9.716346,0.014814,-24.030069,-0.640360,-3.190710,25.074615,3300.572,2,0.960630,4,4,53.599915,0,0,1,-0.044022,0.998515,-0.032091,0.800671,0.054474,0.596622,-0.023638,0.104100,0.000000,0.000000,0.000000,1,0.044902,8959.108398,23476.468750,5830.246094,-0.216085,-0.192187,81.436150,1,-0.048896,4928.447266,12096.384766,5545.141602,-0.118869,-0.118869,70.709099,1,0.046180,7504.546387,8695.613281,-5896.611328,-0.114475,0.114475,53.972614,1,-0.044828,4226.159180,5738.665527,-1440.187866,-0.064466,0.064466,53.229790,35649.414062,25579.316406,38938.125000,-664.388672,-14597.906250,-2105.033691,0.000000,0.000000,0.000000,0.000000,0.000000,0.000000,0.000000,0.000000,0.000000
322,5.366667,1.725342,0.000994,-97.519775,10.173389,0.016115,-23.530863,-0.694736,-3.262621,24.589775,3252.875,2,1.000000,4,4,52.863464,0,0,1,-0.043601,0.998442,-0.034809,0.766985,0.055780,0.639236,-0.020115,0.084024,0.000000,0.000000,0.000000,1,0.044862,8948.542969,23322.308594,6310.865723,-0.215830,-0.212090,80.567886,1,-0.051041,4860.533203,11787.438477,5768.963867,-0.117231,-0.117231,69.882278,1,0.047999,7549.886230,8976.647461,-5580.441406,-0.115166,0.115166,53.267002,1,-0.045197,4221.268555,5779.059082,-1236.092896,-0.064392,0.064392,52.462986,34100.265625,25538.285156,40281.128906,-758.622070,-12488.468750,-2155.482910,0.000000,0.000000,0.000000,0.000000,0.000000,0.000000,0.000000,0.000000,0.000000
323,5.383333,1.902222,0.001276,-97.903320,10.610573,0.016934,-23.014439,-0.750137,-3.324144,24.070894,3208.181,2,1.000000,4,4,52.103119,0,0,1,-0.042680,0.998385,-0.037487,0.730350,0.056781,0.680708,-0.017269,0.065000,0.000000,0.000000,0.000000,1,0.044726,8938.301758,23191.666016,6675.958496,-0.215583,-0.215583,79.629776,1,-0.052856,4804.051758,11524.554688,5952.304199,-0.115869,-0.115869,69.022926,1,0.049380,7578.330566,9216.012695,-5256.430664,-0.115600,0.115600,52.535881,1,-0.045494,4215.277832,5807.772461,-1046.979370,-0.064300,0.064300,51.673920,32711.658203,25491.226562,41321.726562,-1114.951660,-2579.468750,-2452.893066,0.000000,0.000000,0.000000,0.000000,0.000000,0.000000,0.000000,0.000000,0.000000
324,5.400000,2.086060,0.001563,-98.278076,11.029953,0.017215,-22.484673,-0.805750,-3.336880,23.528667,3162.037,2,1.000000,4,4,51.319378,0,0,1,-0.041285,0.998343,-0.040095,0.691340,0.057515,0.720237,-0.016379,0.045851,0.000000,0.000000,0.000000,1,0.044582,8931.480469,23045.763672,7101.119629,-0.215419,-0.215419,78.638603,1,-0.054235,4768.564453,11330.650391,6114.340820,-0.115013,-0.115013,68.136925,1,0.050271,7585.786133,9404.031250,-4934.646484,-0.115714,0.115714,51.779549,1,-0.045835,4202.360352,5815.379395,-891.420288,-0.064103,0.064103,50.863297,31275.888672,25443.105469,42347.406250,-1170.096191,1675.140625,-2492.504883,0.000000,0.000000,0.000000,0.000000,0.000000,0.000000,0.000000,0.000000,0.000000
325,5.416667,2.276489,0.001845,-98.643677,11.430926,0.016924,-21.941757,-0.861227,-3.328668,22.967180,3114.473,2,1.000000,4,4,50.514256,0,0,1,-0.039454,0.998313,-0.042606,0.650313,0.058027,0.757446,-0.016280,0.027852,0.000000,0.000000,0.000000,1,0.044509,8931.213867,22910.546875,7523.644531,-0.215412,-0.215412,77.585640,1,-0.055176,4749.869629,11184.452148,6275.319336,-0.114562,-0.114562,67.227379,1,0.050682,7575.830078,9547.533203,-4619.011719,-0.115562,0.115562,50.999767,1,-0.046282,4182.958496,5807.459961,-753.531006,-0.063807,0.063807,50.033367,29786.238281,25395.933594,43365.832031,-1091.532227,3455.671875,-2377.947754,0.000000,0.000000,0.000000,0.000000,0.000000,0.000000,0.000000,0.000000,0.000000
326,5.433333,2.473267,0.002113,-99.000244,11.812801,0.016063,-21.385784,-0.916421,-3.311688,22.389345,3065.612,2,1.000000,4,4,49.689117,0,0,1,-0.037231,0.998293,-0.044999,0.607526,0.058364,0.792152,-0.016559,0.011723,0.000000,0.000000,0.000000,1,0.044562,8938.913086,22795.462891,7928.954590,-0.215598,-0.215598,76.471268,1,-0.055708,4745.676758,11075.117188,6443.844238,-0.114461,-0.114461,66.294434,1,0.050657,7551.912109,9653.916992,-4310.845703,-0.115197,0.115197,50.197803,1,-0.046872,4157.322266,5786.435547,-626.485168,-0.063416,0.063416,49.185589,28249.316406,25352.425781,44372.636719,-932.354004,4202.546875,-2196.498047,0.000000,0.000000,0.000000,0.000000,0.000000,0.000000,0.000000,0.000000,0.000000
327,5.450000,2.676270,0.002357,-99.347168,12.174973,0.014668,-20.816904,-0.971271,-3.291028,21.797634,3015.536,1,1.000000,4,3,39.208370,0,0,1,-0.034659,0.998282,-0.047249,0.563187,0.058565,0.824251,-0.016701,-0.002519,0.000000,0.000000,0.000000,1,0.044770,8954.919922,22705.300781,8310.164062,-0.215984,-0.215984,75.297989,1,-0.055866,4754.314453,10996.783203,6621.958496,-0.114670,-0.114670,65.336998,1,0.050251,7516.719238,8871.845703,-5659.722168,-0.114661,0.114661,39.633545,1,-0.047614,4126.457031,5519.744141,-1704.878906,-0.062945,0.062945,38.787758,23698.671875,25314.917969,46071.324219,-1987.141602,37257.640625,-3930.415527,0.000000,0.000000,0.000000,0.000000,0.000000,0.000000,0.000000,0.000000,0.000000
328,5.466667,2.884277,0.002573,-99.684204,12.478802,0.012927,-20.226246,-1.023065,-3.107637,21.186108,3015.536,1,1.000000,4,3,38.852161,0,0,1,-0.031745,0.998278,-0.049321,0.519785,0.058636,0.852283,-0.021151,-0.024792,0.000000,0.000000,0.000000,1,0.045381,8999.754883,22608.337891,8906.221680,-0.217065,-0.217065,74.069313,1,-0.055432,4794.056152,11051.585938,6738.572266,-0.115628,-0.115628,64.353676,1,0.049201,7443.684082,8969.700195,-5305.186035,-0.113546,0.113546,39.305534,1,-0.048784,4068.646973,5476.627930,-1565.936646,-0.062063,0.062063,38.404018,22429.111328,25273.529297,46857.593750,-910.864746,17816.984375,-2565.548340,0.000000,0.000000,0.000000,0.000000,0.000000,0.000000,0.000000,0.000000,0.000000
329,5.483333,3.097168,0.002750,-100.011353,12.766355,0.010604,-19.625507,-1.073398,-3.019947,20.583549,3056.892,1,1.000000,4,3,38.478344,0,0,1,-0.028549,0.998281,-0.051186,0.476287,0.058605,0.877335,-0.020880,-0.040025,0.000000,0.000000,0.000000,1,0.046247,9049.743164,22592.146484,9307.540039,-0.218271,-0.218271,72.754005,1,-0.054587,4842.406250,11091.034180,6923.253418,-0.116794,-0.116794,63.353405,1,0.047750,7368.675781,9044.501953,-4961.839844,-0.112402,0.112402,38.957649,1,-0.050182,4013.500977,5440.883301,-1403.152588,-0.061222,0.061222,38.004932,21097.277344,25247.990234,47673.371094,-362.197510,9427.078125,-1704.308105,0.000000,0.000000,0.000000,0.000000,0.000000,0.000000,0.000000,0.000000,0.000000
330,5.500000,3.314331,0.002882,-100.328247,13.036833,0.007922,-19.014311,-1.122957,-2.973556,19.984762,3093.583,1,1.000000,4,3,38.086464,0,0,1,-0.025130,0.998288,-0.052824,0.432289,0.058497,0.899836,-0.018528,-0.050528,0.000000,0.000000,0.000000,1,0.047288,9104.409180,22618.767578,9626.079102,-0.219590,-0.219590,71.380371,1,-0.053448,4897.542969,11131.100586,7138.346680,-0.118124,-0.118124,62.326294,1,0.046050,7292.562500,9097.862305,-4632.987793,-0.111241,0.111241,38.589706,1,-0.051701,3959.900146,5404.098145,-1236.976562,-0.060405,0.060405,37.589783,19706.966797,25235.093750,48493.632812,-42.936035,5527.562500,-1047.145020,0.000000,0.000000,0.000000,0.000000,0.000000,0.000000,0.000000,0.000000,0.000000
331,5.516667,3.535889,0.002966,-100.634888,13.289486,0.005048,-18.392597,-1.172062,-2.946357,19.387909,3125.272,1,1.000000,4,3,37.676914,0,0,1,-0.021548,0.998296,-0.054225,0.387655,0.058337,0.919957,-0.015264,-0.057284,0.000000,0.000000,0.000000,1,0.048454,9162.593750,22672.027344,9899.362305,-0.220993,-0.220993,69.960442,1,-0.052104,4957.129883,11174.682617,7366.454590,-0.119561,-0.119561,61.267921,1,0.044214,7217.657227,9134.674805,-4320.077637,-0.110099,0.110099,38.202229,1,-0.053269,3908.411133,5365.016602,-1075.601562,-0.059619,0.059619,37.158825,18249.240234,25233.976562,49308.085938,161.378906,3703.968750,-510.053711,0.000000,0.000000,0.000000,0.000000,0.000000,0.000000,0.000000,0.000000,0.000000
332,5.533333,3.761230,0.003001,-100.930908,13.523451,0.002130,-17.760443,-1.220864,-2.928130,18.792713,3151.631,1,1.000000,4,3,37.250439,0,0,1,-0.017858,0.998306,-0.055379,0.342375,0.058145,0.937763,-0.011535,-0.060982,0.000000,0.000000,0.000000,1,0.049698,9222.580078,22739.955078,10146.555664,-0.222440,-0.222440,68.500793,1,-0.050628,5019.013672,11219.681641,7599.834961,-0.121054,-0.121054,60.176395,1,0.042331,7145.871094,9159.541992,-4023.334717,-0.109004,0.109004,37.796047,1,-0.054830,3860.004883,5324.814941,-921.754822,-0.058881,0.058881,36.712708,16723.966797,25243.156250,50103.289062,290.392578,2854.468750,-33.368652,0.000000,0.000000,0.000000,0.000000,0.000000,0.000000,0.000000,0.000000,0.000000
333,5.550000,3.990234,0.002990,-101.216187,13.737861,-0.000704,-17.118093,-1.269432,-2.914078,18.199692,3172.351,1,1.000000,4,3,36.807884,0,0,1,-0.014114,0.998315,-0.056283,0.296504,0.057935,0.953273,-0.007679,-0.061981,0.000000,0.000000,0.000000,1,0.050981,9282.624023,22816.001953,10372.477539,-0.223888,-0.223888,67.005226,1,-0.049087,5081.032715,11263.513672,7831.881836,-0.122550,-0.122550,59.050953,1,0.040476,7079.223633,9176.815430,-3743.294922,-0.107987,0.107987,37.372082,1,-0.056334,3815.787598,5285.305664,-776.917603,-0.058206,0.058206,36.252205,15124.580078,25261.599609,50869.902344,372.396118,2508.625000,389.156738,0.000000,0.000000,0.000000,0.000000,0.000000,0.000000,0.000000,0.000000,0.000000
334,5.566667,4.222412,0.002934,-101.490601,13.931766,-0.003340,-16.465916,-1.317793,-2.901722,17.609737,3187.148,1,1.000000,4,3,36.350166,0,0,1,-0.010367,0.998324,-0.056938,0.250132,0.057720,0.966490,-0.003787,-0.060645,0.000000,0.000000,0.000000,1,0.052259,9340.734375,22894.335938,10578.137695,-0.225290,-0.225290,65.476822,1,-0.047535,5141.383789,11302.934570,8058.925781,-0.124005,-0.124005,57.891785,1,0.038709,7019.178711,9190.055664,-3479.921143,-0.107071,0.107071,36.931316,1,-0.057739,3776.915283,5248.681641,-641.027039,-0.057613,0.057613,35.778164,13448.883789,25287.845703,51596.472656,417.918274,2434.804688,760.543945,0.000000,0.000000,0.000000,0.000000,0.000000,0.000000,0.000000,0.000000,0.000000
335,5.583333,4.457520,0.002839,-101.754028,14.104187,-0.005680,-15.804422,-1.365954,-2.889723,17.023939,3195.761,1,1.000000,4,3,35.878197,0,0,1,-0.006661,0.998332,-0.057346,0.203367,0.057501,0.977413,0.000105,-0.057301,0.000000,0.000000,0.000000,1,0.053489,9394.892578,22968.375000,10765.616211,-0.226596,-0.226596,63.918526,1,-0.046022,5198.550781,11335.585938,8277.452148,-0.125384,-0.125384,56.699619,1,0.037079,6966.745117,9202.390625,-3231.977783,-0.106271,0.106271,36.474720,1,-0.059004,3744.446777,5217.027832,-513.372803,-0.057118,0.057118,35.291428,11700.112305,25320.187500,52270.464844,423.354156,2520.039062,1078.421875,0.000000,0.000000,0.000000,0.000000,0.000000,0.000000,0.000000,0.000000,0.000000
336,5.600000,4.695068,0.002712,-102.006226,14.254189,-0.007649,-15.134288,-1.413908,-2.877299,16.443541,3197.951,1,1.000000,4,3,35.392822,0,0,1,-0.003036,0.998340,-0.057515,0.156329,0.057282,0.986043,0.003843,-0.052246,0.000000,0.000000,0.000000,1,0.054630,9443.355469,23034.283203,10932.605469,-0.227765,-0.227765,62.332985,1,-0.044586,5251.242188,11358.973633,8485.248047,-0.126655,-0.126655,55.475693,1,0.035621,6922.605957,9215.949219,-2999.056396,-0.105598,0.105598,36.003216,1,-0.060095,3719.087891,5191.851074,-393.250275,-0.056731,0.056731,34.792778,9879.119141,25356.792969,52880.437500,405.681854,2685.179688,1392.979004,0.000000,0.000000,0.000000,0.000000,0.000000,0.000000,0.000000,0.000000,0.000000
337,5.616667,4.934814,0.002559,-102.247192,14.380844,-0.009195,-14.456333,-1.461640,-2.864056,15.869821,3193.499,1,1.000000,4,3,34.894848,0,0,1,0.000466,0.998348,-0.057454,0.109144,0.057060,0.992387,0.007366,-0.045525,0.000000,0.000000,0.000000,1,0.055639,9483.948242,23086.859375,11076.909180,-0.228744,-0.228744,60.723175,1,-0.043267,5297.982422,11370.719727,8679.111328,-0.127782,-0.127782,54.221569,1,0.034368,6887.699707,9233.154297,-2780.654541,-0.105065,0.105065,35.517673,1,-0.060976,3701.903809,5175.092285,-280.069977,-0.056469,0.056469,34.282944,7988.095215,25395.837891,53414.085938,359.200867,2912.234375,1646.061035,0.000000,0.000000,0.000000,0.000000,0.000000,0.000000,0.000000,0.000000,0.000000
338,5.633333,5.176270,0.002387,-102.476807,14.483255,-0.010286,-13.771537,-1.509134,-2.849692,15.304045,3182.205,1,1.000000,4,3,34.385040,0,0,1,0.003812,0.998357,-0.057176,0.061940,0.056831,0.996461,0.010581,-0.037459,0.000000,0.000000,0.000000,1,0.056478,9515.132812,23122.988281,11195.881836,-0.229496,-0.229496,59.092392,1,-0.042095,5337.970215,11369.682617,8857.260742,-0.128747,-0.128747,52.939270,1,0.033342,6862.214844,9255.402344,-2575.637939,-0.104677,0.104677,35.018925,1,-0.061619,3693.474609,5167.980469,-172.667023,-0.056341,0.056341,33.762630,6031.981445,25435.810547,53860.863281,289.640045,3191.632812,1829.404785,0.000000,0.000000,0.000000,0.000000,0.000000,0.000000,0.000000,0.000000,0.000000
339,5.650000,5.418823,0.002205,-102.694702,14.560589,-0.010907,-13.081013,-1.556364,-2.833948,14.747485,3163.885,1,1.000000,4,3,33.864082,0,0,1,0.006974,0.998367,-0.056698,0.014850,0.056590,0.998287,0.013405,-0.028404,0.000000,0.000000,0.000000,1,0.057114,9535.646484,23139.464844,11288.684570,-0.229991,-0.229991,57.444317,1,-0.041089,5370.654785,11355.358398,9018.210938,-0.129535,-0.129535,51.631081,1,0.032552,6845.893555,9283.169922,-2383.405273,-0.104428,0.104428,34.507725,1,-0.062005,3693.912598,5170.998047,-70.418068,-0.056347,0.056347,33.232445,4017.850830,25474.613281,54210.246094,206.439941,3471.062500,1957.789551,0.000000,0.000000,0.000000,0.000000,0.000000,0.000000,0.000000,0.000000,0.000000
340,5.666667,5.662354,0.002021,-102.901123,14.612100,-0.011070,-12.386009,-1.603309,-2.816827,14.201364,3138.370,1,1.000000,4,3,33.332615,0,0,1,0.009931,0.998379,-0.056038,-0.031999,0.056330,0.997899,0.015796,-0.018640,0.000000,0.000000,0.000000,1,0.057520,9544.469727,23134.121094,11353.804688,-0.230203,-0.230203,55.782753,1,-0.040265,5395.739258,11327.305664,9161.507812,-0.130140,-0.130140,50.299500,1,0.032001,6838.289551,9316.880859,-2202.193848,-0.104312,0.104312,33.984779,1,-0.062120,3703.332031,5184.589355,27.879255,-0.056491,0.054777,32.692966,1955.649536,25510.609375,54453.625000,108.679443,3788.750000,2014.687988,0.000000,0.000000,0.000000,0.000000,0.000000,0.000000,0.000000,0.000000,0.000000
341,5.683333,5.906250,0.001841,-103.095947,14.637172,-0.010805,-11.687885,-1.649943,-2.798141,13.666883,3105.501,1,1.000000,4,3,32.791172,0,0,1,0.012668,0.998394,-0.055218,-0.078477,0.056045,0.995339,0.017624,-0.008523,0.000000,0.000000,0.000000,1,0.057681,9541.274414,23106.363281,11390.691406,-0.230126,-0.230126,54.111725,1,-0.039628,5413.270996,11286.498047,9286.414062,-0.130563,-0.130563,48.947090,1,0.031682,6838.789062,9356.361328,-2031.209473,-0.104319,0.104319,33.450687,1,-0.061962,3721.343262,5208.430664,122.878433,-0.056766,0.047917,32.144657,-145.715271,25542.681641,54584.988281,5.973022,4115.148438,2007.545410,0.000000,0.000000,0.000000,0.000000,0.000000,0.000000,0.000000,0.000000,0.000000
342,5.700000,6.150269,0.001671,-103.279175,14.635303,-0.010155,-10.988078,-1.696238,-2.777847,13.145193,3065.131,1,1.000000,4,3,32.240238,0,0,1,0.015176,0.998411,-0.054260,-0.124460,0.055731,0.990658,0.018818,0.001616,0.000000,0.000000,0.000000,1,0.057588,9526.092773,23056.273438,11399.552734,-0.229760,-0.229760,52.435337,1,-0.039178,5423.452148,11233.698242,9393.127930,-0.130808,-0.130808,47.576527,1,0.031582,6846.522949,9400.949219,-1870.002563,-0.104437,0.104437,32.905998,1,-0.061535,3747.386719,5241.923828,215.247879,-0.057163,0.036052,31.587946,-2275.686768,25569.710938,54599.660156,-103.832764,4440.539062,1939.954590,0.000000,0.000000,0.000000,0.000000,0.000000,0.000000,0.000000,0.000000,0.000000
343,5.716667,6.393677,0.001518,-103.450562,14.606128,-0.009180,-10.288082,-1.742167,-2.755950,12.637368,3017.115,1,1.000000,4,3,31.680254,0,0,1,0.017453,0.998432,-0.053191,-0.169828,0.055386,0.983916,0.019202,0.011450,0.000000,0.000000,0.000000,1,0.057245,9499.501953,22985.820312,11380.051758,-0.229119,-0.229119,50.757660,1,-0.038913,5426.531738,11169.958984,9481.690430,-0.130883,-0.130883,46.190456,1,0.031684,6860.719238,9450.162109,-1717.730713,-0.104654,0.104654,32.351215,1,-0.060856,3780.494873,5283.864746,305.561035,-0.057668,0.019477,31.023207,-4424.719727,25590.882812,54495.187500,-252.455933,4750.171875,1813.748047,0.000000,0.000000,0.000000,0.000000,0.000000,0.000000,0.000000,0.000000,0.000000
344,5.733333,6.636230,0.001386,-103.610352,14.549400,-0.007947,-9.589426,-1.787707,-2.732525,12.144379,2964.711,1,1.000000,4,3,30.922319,0,0,1,0.019508,0.998454,-0.052048,-0.214465,0.055025,0.975180,0.018104,0.020578,0.000000,0.000000,0.000000,1,0.056672,9463.250977,22900.044922,11332.706055,-0.228245,-0.228245,49.082817,1,-0.038834,5422.224121,11095.633789,9550.743164,-0.130779,-0.130779,44.791515,1,0.031978,6881.389160,9498.002930,-1612.703003,-0.104969,0.104969,31.593386,1,-0.059956,3819.050293,5333.652344,372.882477,-0.058256,-0.000361,30.265507,-6643.080566,25606.326172,54253.789062,-355.278320,5731.335938,1589.619141,0.000000,0.000000,0.000000,0.000000,0.000000,0.000000,0.000000,0.000000,0.000000
345,5.750000,6.877197,0.001277,-103.758545,14.464232,-0.006520,-8.893865,-1.832775,-2.704266,11.666988,2893.781,1,1.000000,4,3,30.164297,0,0,1,0.021353,0.998477,-0.050863,-0.258211,0.054657,0.964541,0.015840,0.028478,0.000000,0.000000,0.000000,1,0.055898,9419.104492,22799.902344,11266.316406,-0.227180,-0.227180,47.414856,1,-0.038932,5411.341309,11014.258789,9599.811523,-0.130516,-0.130516,43.382538,1,0.032443,6907.065430,9550.541992,-1514.583984,-0.105361,0.105361,30.834761,1,-0.058874,3861.355957,5388.136719,437.858154,-0.058901,-0.023142,29.508411,-8853.523438,25615.517578,53893.027344,-436.204956,6352.875000,1344.347168,0.000000,0.000000,0.000000,0.000000,0.000000,0.000000,0.000000,0.000000,0.000000
346,5.766667,7.116333,0.001194,-103.895264,14.350726,-0.004974,-8.202929,-1.877321,-2.672947,11.206357,2822.844,1,1.000000,4,3,29.406517,0,0,1,0.023011,0.998501,-0.049666,-0.300942,0.054293,0.952096,0.012544,0.034983,0.000000,0.000000,0.000000,1,0.054957,9368.771484,22691.923828,11178.027344,-0.225966,-0.225966,45.756546,1,-0.039195,5394.428711,10927.137695,9629.935547,-0.130108,-0.130108,41.966427,1,0.033055,6937.035645,9606.929688,-1423.702393,-0.105818,0.105818,30.075708,1,-0.057652,3906.155273,5445.626953,500.920593,-0.059585,-0.048565,28.752214,-11051.199219,25619.007812,53415.933594,-483.881592,6771.304688,1080.782227,0.000000,0.000000,0.000000,0.000000,0.000000,0.000000,0.000000,0.000000,0.000000
347,5.783333,7.353149,0.001138,-104.020630,14.209044,-0.003374,-7.518109,-1.921312,-2.639569,10.763293,2751.929,1,1.000000,4,3,28.649303,0,0,1,0.024505,0.998524,-0.048480,-0.342559,0.053945,0.937946,0.008479,0.039966,0.000000,0.000000,0.000000,1,0.053883,9313.951172,22581.812500,11066.480469,-0.224644,-0.224644,44.111065,1,-0.039609,5372.174805,10834.837891,9643.526367,-0.129572,-0.129572,40.545940,1,0.033794,6970.411621,9665.986328,-1341.087402,-0.106327,0.106327,29.316605,1,-0.056330,3952.179199,5504.485840,561.506226,-0.060287,-0.060287,27.997190,-13231.057617,25617.164062,52825.285156,-488.889038,7079.289062,805.951660,0.000000,0.000000,0.000000,0.000000,0.000000,0.000000,0.000000,0.000000,0.000000
348,5.800000,7.587158,0.001108,-104.134644,14.039415,-0.001785,-6.840861,-1.964721,-2.604677,10.338343,2681.068,1,1.000000,4,3,27.893036,0,0,1,0.025862,0.998545,-0.047319,-0.382980,0.053621,0.922199,0.004017,0.043375,0.000000,0.000000,0.000000,1,0.052712,9256.233398,22473.115234,10933.924805,-0.223251,-0.223251,42.481796,1,-0.040155,5345.551758,10740.422852,9641.292969,-0.128930,-0.128930,39.123478,1,0.034631,7006.074707,9726.372070,-1266.675903,-0.106871,0.106871,28.557875,1,-0.054948,3998.309570,5563.209961,619.833618,-0.060990,-0.060990,27.243675,-15386.187500,25610.457031,52125.816406,-456.222412,7315.125000,528.554688,0.000000,0.000000,0.000000,0.000000,0.000000,0.000000,0.000000,0.000000,0.000000
349,5.816667,7.817871,0.001104,-104.237549,13.842156,-0.000263,-6.172582,-2.007530,-2.568630,9.931888,2610.294,1,1.000000,4,3,27.138081,0,0,1,0.027112,0.998564,-0.046194,-0.422137,0.053325,0.904962,-0.000532,0.045209,0.000000,0.000000,0.000000,1,0.051477,9197.287109,22370.275391,10781.122070,-0.221830,-0.221830,40.871792,1,-0.040811,5315.586914,10645.104492,9626.219727,-0.128207,-0.128207,37.701340,1,0.035541,7042.973145,9786.829102,-1200.325684,-0.107434,0.107434,27.799938,1,-0.053544,4043.448486,5620.392090,675.395935,-0.061679,-0.061679,26.491980,-17510.316406,25599.619141,51322.679688,-396.828857,7497.984375,265.002441,0.000000,0.000000,0.000000,0.000000,0.000000,0.000000,0.000000,0.000000,0.000000
350,5.833333,8.044800,0.001123,-104.329468,13.617665,0.001142,-5.514598,-2.049724,-2.531687,9.544162,2539.644,1,1.000000,4,3,26.384813,0,0,1,0.028280,0.998582,-0.045108,-0.459975,0.053065,0.886345,-0.004955,0.045545,0.000000,0.000000,0.000000,1,0.050214,9138.603516,22277.632812,10607.768555,-0.220414,-0.220414,39.283997,1,-0.041551,5283.256836,10551.564453,9599.418945,-0.127427,-0.127427,36.281391,1,0.036496,7080.248047,9846.215820,-1143.080322,-0.108003,0.108003,27.043219,1,-0.052151,4086.672363,5674.872559,727.715759,-0.062338,-0.062338,25.742437,-19602.367188,25585.482422,50419.664062,-328.791748,7648.468750,59.945312,0.000000,0.000000,0.000000,0.000000,0.000000,0.000000,0.000000,0.000000,0.000000
351,5.850000,8.267578,0.001163,-104.410522,13.366353,0.002389,-4.868192,-2.091290,-2.494009,9.175240,2469.151,1,1.000000,4,3,25.633659,0,0,1,0.029389,0.998596,-0.044061,-0.496449,0.052841,0.866456,-0.009093,0.044713,0.000000,0.000000,0.000000,1,0.048950,9081.087891,22198.058594,10412.704102,-0.219027,-0.219027,37.721394,1,-0.042357,5249.193359,10461.617188,9561.562500,-0.126606,-0.126606,34.865337,1,0.037477,7117.437500,9904.084961,-1094.811890,-0.108570,0.108570,26.288191,1,-0.050796,4127.584961,5726.167480,776.813171,-0.062962,-0.062962,24.995426,-21660.109375,25568.748047,49419.730469,-237.781982,7774.140625,-133.501221,0.000000,0.000000,0.000000,0.000000,0.000000,0.000000,0.000000,0.000000,0.000000
352,5.866667,8.485718,0.001220,-104.481079,13.088659,0.003445,-4.234606,-2.132218,-2.455717,8.825032,2398.857,1,1.000000,4,3,24.885040,0,0,1,0.030460,0.998609,-0.043048,-0.531523,0.052656,0.845405,-0.012756,0.042804,0.000000,0.000000,0.000000,1,0.047708,9025.851562,22133.908203,10196.920898,-0.217695,-0.217695,36.187141,1,-0.043207,5214.340820,10377.255859,9514.354492,-0.125765,-0.125765,33.454788,1,0.038462,7153.832520,9959.477539,-1056.580200,-0.109125,0.109125,25.535320,1,-0.049500,4165.620605,5773.614258,822.234192,-0.063543,-0.063543,24.251320,-23680.775391,25550.367188,48326.507812,-127.544678,7877.625000,-311.253418,0.000000,0.000000,0.000000,0.000000,0.000000,0.000000,0.000000,0.000000,0.000000
353,5.883333,8.698853,0.001292,-104.541382,12.785060,0.004293,-3.615035,-2.172499,-2.416922,8.493344,2328.799,1,1.000000,4,3,24.139423,0,0,1,0.031509,0.998618,-0.042062,-0.565172,0.052511,0.823300,-0.015781,0.039937,0.000000,0.000000,0.000000,1,0.046516,8973.965820,22088.261719,9959.288086,-0.216443,-0.216443,34.684250,1,-0.044079,5179.597656,10300.299805,9459.473633,-0.124927,-0.124927,32.051098,1,0.039433,7188.617676,10011.440430,-1027.847778,-0.109656,0.109656,24.785130,1,-0.048286,4200.133789,5816.421875,863.620300,-0.064069,-0.064069,23.510540,-25662.433594,25530.837891,47143.007812,-5.895264,7965.812500,-473.888672,0.000000,0.000000,0.000000,0.000000,0.000000,0.000000,0.000000,0.000000,0.000000
354,5.900000,8.906372,0.001374,-104.591553,12.456055,0.004916,-3.010638,-2.212128,-2.377699,8.179867,2259.023,1,1.000000,4,3,23.397266,0,0,1,0.032555,0.998625,-0.041094,-0.597378,0.052405,0.800246,-0.018101,0.036199,0.000000,0.000000,0.000000,1,0.045396,8926.499023,22063.097656,9700.735352,-0.215299,-0.215299,33.215897,1,-0.044949,5145.812012,10233.628906,9397.208984,-0.124112,-0.124112,30.655384,1,0.040368,7221.203613,10059.085938,-1010.205383,-0.110153,0.110153,24.038118,1,-0.047173,4230.535156,5853.875000,900.612427,-0.064533,-0.064533,22.773500,-27604.910156,25510.984375,45871.394531,123.781982,8022.328125,-611.756104,0.000000,0.000000,0.000000,0.000000,0.000000,0.000000,0.000000,0.000000,0.000000
355,5.916667,9.108154,0.001462,-104.631836,12.102145,0.005312,-2.422543,-2.251098,-2.338202,7.884151,2189.570,1,1.000000,4,3,22.659096,0,0,1,0.033609,0.998629,-0.040132,-0.628129,0.052339,0.776347,-0.019633,0.031753,0.000000,0.000000,0.000000,1,0.044370,8884.326172,22061.031250,9419.121094,-0.214281,-0.214281,31.785118,1,-0.045798,5113.754883,10178.722656,9329.024414,-0.123339,-0.123339,29.268719,1,0.041251,7250.932129,10101.565430,-1003.675110,-0.110606,0.110606,23.294867,1,-0.046179,4256.349609,5885.388184,933.041626,-0.064927,-0.064927,22.040678,-29507.498047,25491.279297,44512.765625,259.141113,8077.226562,-732.686279,0.000000,0.000000,0.000000,0.000000,0.000000,0.000000,0.000000,0.000000,0.000000
356,5.933333,9.303467,0.001554,-104.662720,11.723844,0.005481,-1.851866,-2.289405,-2.298441,7.605645,2120.490,1,1.000000,4,3,21.925440,0,0,1,0.034684,0.998631,-0.039162,-0.657424,0.052312,0.751703,-0.020346,0.026697,0.000000,0.000000,0.000000,1,0.043461,8848.334961,22084.433594,9112.294922,-0.213413,-0.213413,30.395269,1,-0.046605,5084.164551,10137.660156,9255.543945,-0.122625,-0.122625,27.891964,1,0.042065,7277.265625,10138.090820,-1008.942810,-0.111008,0.111008,22.555958,1,-0.045320,4277.081055,5910.381836,960.466248,-0.065243,-0.065243,21.312548,-31371.029297,25472.328125,43066.781250,391.983887,8099.789062,-824.812500,0.000000,0.000000,0.000000,0.000000,0.000000,0.000000,0.000000,0.000000,0.000000
357,5.950000,9.492188,0.001644,-104.684448,11.321651,0.005432,-1.299728,-2.327048,-2.258572,7.343647,2051.833,1,1.000000,4,3,21.196861,0,0,1,0.035786,0.998630,-0.038172,-0.685266,0.052324,0.726411,-0.020231,0.021206,0.000000,0.000000,0.000000,1,0.042686,8819.231445,22134.431641,8779.223633,-0.212711,-0.212711,29.050013,1,-0.047352,5057.698730,10113.030273,9176.445312,-0.121987,-0.121987,26.525888,1,0.042795,7299.805664,10168.045898,-1026.487061,-0.111352,0.111352,21.822002,1,-0.044610,4292.467773,5928.541016,982.826233,-0.065478,-0.065478,20.589628,-33195.417969,25454.886719,41533.117188,524.430664,8123.539062,-898.401611,0.000000,0.000000,0.000000,0.000000,0.000000,0.000000,0.000000,0.000000,0.000000
358,5.966667,9.673828,0.001731,-104.697266,10.896069,0.005182,-0.767252,-2.364024,-2.218590,7.097362,1983.651,1,1.000000,4,3,20.473938,0,0,1,0.036923,0.998627,-0.037149,-0.711664,0.052374,0.700564,-0.019290,0.015390,0.000000,0.000000,0.000000,1,0.042062,8797.630859,22211.900391,8418.150391,-0.212190,-0.212190,27.753162,1,-0.048022,5034.851074,10106.830078,9091.287109,-0.121436,-0.121436,25.171309,1,0.043428,7318.078125,10190.548828,-1057.869385,-0.111630,0.111630,21.093636,1,-0.044062,4302.111816,5939.363770,999.983398,-0.065625,-0.065625,19.872446,-34980.570312,25439.007812,39908.957031,648.197754,8120.492188,-942.524414,0.000000,0.000000,0.000000,0.000000,0.000000,0.000000,0.000000,0.000000,0.000000
359,5.983333,9.848022,0.001810,-104.701416,10.447599,0.004747,-0.255598,-2.400335,-2.178626,6.865857,1915.998,1,1.000000,4,3,19.757305,0,0,1,0.038095,0.998623,-0.036079,-0.736636,0.052461,0.674252,-0.017544,0.009435,0.000000,0.000000,0.000000,1,0.041602,8783.945312,22317.232422,8026.252441,-0.211860,-0.211860,26.508789,1,-0.048600,5016.144531,10120.891602,8999.801758,-0.120985,-0.120985,23.829105,1,0.043952,7331.805176,10205.107422,-1102.858521,-0.111840,0.111840,20.371557,1,-0.043683,4305.931641,5942.767578,1011.908936,-0.065683,-0.065683,19.161573,-36725.125000,25425.316406,38192.078125,762.138184,8111.960938,-965.808350,0.000000,0.000000,0.000000,0.000000,0.000000,0.000000,0.000000,0.000000,0.000000
360,6.000000,10.014282,0.001879,-104.697510,9.976765,0.004155,0.234044,-2.435980,-2.138706,6.648095,1848.934,1,1.000000,4,3,19.047585,0,0,1,0.039304,0.998616,-0.034950,-0.760199,0.052584,0.647559,-0.015048,0.003461,0.000000,0.000000,0.000000,1,0.041316,8778.535156,22450.326172,7600.643066,-0.211730,-0.211730,25.321373,1,-0.049075,5001.923828,10157.715820,8900.060547,-0.120642,-0.120642,22.500198,1,0.044360,7340.770020,10211.101562,-1162.640869,-0.111977,0.111977,19.656450,1,-0.043480,4303.818848,5938.653320,1018.426270,-0.065651,-0.065651,18.457579,-38428.984375,25414.125000,36377.234375,867.223145,8100.898438,-967.166504,0.000000,0.000000,0.000000,0.000000,0.000000,0.000000,0.000000,0.000000,0.000000
361,6.016667,10.172363,0.001936,-104.685913,9.484085,0.003432,0.700418,-2.470960,-2.098842,6.442912,1782.517,1,1.000000,4,3,18.345442,0,0,1,0.040545,0.998608,-0.033750,-0.782379,0.052739,0.620565,-0.011833,-0.002385,0.000000,0.000000,0.000000,1,0.041212,8781.564453,22609.169922,7141.442383,-0.211803,-0.211803,24.195812,1,-0.049436,4992.542969,10219.676758,8790.051758,-0.120415,-0.120415,21.185787,1,0.044643,7344.687500,10207.761719,-1238.015381,-0.112036,0.112036,18.949047,1,-0.043458,4295.725098,5926.868652,1020.101501,-0.065527,-0.065527,17.761063,-40087.699219,25405.496094,34461.863281,954.854004,8069.207031,-944.153076,0.000000,0.000000,0.000000,0.000000,0.000000,0.000000,0.000000,0.000000,0.000000
362,6.033333,10.321777,0.001980,-104.666870,8.970140,0.002610,1.142237,-2.505279,-2.059135,6.249059,1716.809,1,1.000000,4,3,17.651545,0,0,1,0.041814,0.998598,-0.032469,-0.803204,0.052925,0.593348,-0.007981,-0.007947,0.000000,0.000000,0.000000,1,0.041292,8792.997070,22792.335938,6644.460938,-0.212079,-0.212079,23.136990,1,-0.049674,4988.205078,10309.953125,8665.796875,-0.120311,-0.120311,19.887363,1,0.044796,7343.483398,10194.537109,-1329.601685,-0.112018,0.112018,18.250093,1,-0.043617,4281.850586,5907.673828,1017.107910,-0.065316,-0.065316,17.072626,-41700.144531,25399.683594,32438.105469,1030.259033,8029.492188,-896.447876,0.000000,0.000000,0.000000,0.000000,0.000000,0.000000,0.000000,0.000000,0.000000
363,6.050000,10.462402,0.002008,-104.640869,8.435523,0.001719,1.558110,-2.538939,-2.019623,6.065135,1651.872,1,1.000000,4,3,16.966574,0,0,1,0.043101,0.998587,-0.031099,-0.822706,0.053136,0.565978,-0.003518,-0.013026,0.000000,0.000000,0.000000,1,0.041555,8812.599609,22996.470703,6108.823730,-0.212551,-0.212551,22.150396,1,-0.049782,4989.182129,10432.375977,8522.192383,-0.120334,-0.120334,18.606998,1,0.044813,7336.948242,10170.412109,-1439.135498,-0.111918,0.111918,17.560349,1,-0.043953,4262.474609,5881.404297,1009.810608,-0.065020,-0.065020,16.392876,-43262.644531,25396.712891,30298.710938,1092.597412,7985.281250,-830.575317,0.000000,0.000000,0.000000,0.000000,0.000000,0.000000,0.000000,0.000000,0.000000
364,6.066667,10.593750,0.002022,-104.608521,7.880874,0.000795,1.946555,-2.571944,-1.980329,5.889612,1587.771,1,1.000000,4,3,16.291250,0,0,1,0.044394,0.998574,-0.029630,-0.840920,0.053364,0.538522,0.001501,-0.017472,0.000000,0.000000,0.000000,1,0.041996,8840.021484,23217.062500,5536.455566,-0.213213,-0.213213,21.241650,1,-0.049753,4995.695312,10591.083008,8352.563477,-0.120491,-0.120491,17.347504,1,0.044687,7324.883301,10134.421875,-1566.898560,-0.111734,0.111734,16.880627,1,-0.044461,4237.925293,5848.390625,998.971985,-0.064646,-0.064646,15.722451,-44768.496094,25396.484375,28039.142578,1117.140869,7923.332031,-741.683838,0.000000,0.000000,0.000000,0.000000,0.000000,0.000000,0.000000,0.000000,0.000000
365,6.083333,10.715454,0.002019,-104.569946,7.306919,-0.000134,2.306032,-2.604300,-1.941339,5.720874,1524.573,1,1.000000,4,3,15.626276,0,0,1,0.045680,0.998562,-0.028058,-0.857882,0.053604,0.511043,0.006858,-0.021171,0.000000,0.000000,0.000000,1,0.042606,8874.593750,23449.681641,4925.576660,-0.214047,-0.214047,20.416088,1,-0.049585,5007.615234,10791.649414,8145.297852,-0.120779,-0.120779,16.112663,1,0.044420,7307.509766,10085.775391,-1714.798706,-0.111469,0.111469,16.211731,1,-0.045130,4208.756836,5809.291504,985.320251,-0.064201,-0.064201,15.061964,-46214.558594,25398.851562,25645.726562,1085.344971,7848.726562,-616.929565,0.000000,0.000000,0.000000,0.000000,0.000000,0.000000,0.000000,0.000000,0.000000
366,6.100000,10.827393,0.002002,-104.526123,6.714424,-0.001039,2.634823,-2.636012,-1.902714,5.557090,1462.343,1,1.000000,4,3,14.972385,0,0,1,0.046941,0.998549,-0.026385,-0.873633,0.053847,0.483597,0.012271,-0.023902,0.000000,0.000000,0.000000,1,0.043367,8915.238281,23686.220703,4287.531738,-0.215027,-0.208262,19.679308,1,-0.049282,5024.626953,11039.011719,7886.061035,-0.121189,-0.121189,14.907946,1,0.044016,7285.440430,10024.076172,-1884.157471,-0.111133,0.111133,15.554506,1,-0.045942,4176.066406,5765.310059,970.914795,-0.063702,-0.063702,14.412050,-47589.980469,25404.183594,23116.568359,1030.767822,7741.941406,-496.074585,0.000000,0.000000,0.000000,0.000000,0.000000,0.000000,0.000000,0.000000,0.000000
367,6.116667,10.929077,0.001971,-104.477173,6.104296,-0.001886,2.931189,-2.667089,-1.864613,5.396387,1401.150,1,1.000000,4,3,14.330283,0,0,1,0.048162,0.998536,-0.024615,-0.888215,0.054087,0.456234,0.017567,-0.025739,0.000000,0.000000,0.000000,1,0.044259,8961.064453,23922.423828,3620.718018,-0.216132,-0.197242,19.035259,1,-0.048851,5046.319824,11342.400391,7549.324219,-0.121712,-0.121712,13.740904,1,0.043483,7259.039062,20137.580078,-8289.797852,-0.230796,0.136124,14.909794,1,-0.046877,4140.374512,5717.099121,956.282593,-0.063158,-0.063158,13.773296,-60796.058594,25411.833984,19553.673828,1072.711182,29652.734375,-1728.652222,0.000000,0.000000,0.000000,0.000000,0.000000,0.000000,0.000000,0.000000,0.000000
368,6.133333,11.017700,0.001927,-104.424194,5.324860,-0.002626,3.181877,-2.695733,-1.718630,5.167078,1341.061,1,1.000000,4,3,13.922448,0,0,1,0.049552,0.998509,-0.022916,-0.900878,0.054590,0.430625,0.017969,-0.042635,0.000000,0.000000,0.000000,1,0.045564,9037.671875,24049.716797,4129.743652,-0.217980,-0.186539,18.488121,1,-0.048472,5058.882812,11736.773438,6986.842773,-0.122015,-0.122015,12.622802,1,0.042976,7241.681641,9935.108398,-2019.861450,-0.221943,0.127270,14.558954,1,-0.048227,4077.534668,5616.560059,1020.675110,-0.062199,-0.062199,13.313770,-49780.906250,25422.589844,19034.781250,463.558594,-1486.296875,144.564819,0.000000,0.000000,0.000000,0.000000,0.000000,0.000000,0.000000,0.000000,0.000000
369,6.150000,11.095825,0.001872,-104.367188,4.686643,-0.003290,3.425913,-2.724499,-1.725958,5.030793,1302.895,1,1.000000,4,3,13.291812,0,0,1,0.050837,0.998484,-0.021113,-0.912856,0.055032,0.404556,0.021615,-0.039181,0.000000,0.000000,0.000000,1,0.046852,9095.166016,24431.957031,2474.520508,-0.219367,-0.176195,17.867004,1,-0.048007,5080.218750,12118.429688,6425.613770,-0.122530,-0.122530,11.586448,1,0.042401,7216.996094,9826.027344,-2352.837158,-0.213476,0.118803,13.923233,1,-0.049541,4037.742676,5560.101074,1019.741455,-0.061592,-0.061592,12.689026,-51135.742188,25438.671875,15023.185547,676.183838,2207.757812,121.035645,0.000000,0.000000,0.000000,0.000000,0.000000,0.000000,0.000000,0.000000,0.000000
370,6.166667,11.163086,0.001809,-104.306885,4.031056,-0.003751,3.618518,-2.753085,-1.715103,4.875843,1243.878,1,1.000000,4,3,12.678136,0,0,1,0.052002,0.998462,-0.019204,-0.924013,0.055401,0.378325,0.026358,-0.035354,0.000000,0.000000,0.000000,1,0.048134,9153.120117,24679.841797,1287.926392,-0.220764,-0.166072,17.486450,1,-0.047426,5107.298828,12626.184570,5543.958008,-0.123183,-0.123183,10.631660,1,0.041717,7186.010742,9696.168945,-2682.584961,-0.205384,0.110711,13.306722,1,-0.050845,3997.236816,5499.514648,1035.386230,-0.060974,-0.060974,12.079243,-52228.421875,25453.484375,11107.836914,785.663574,4027.328125,138.643860,0.000000,0.000000,0.000000,0.000000,0.000000,0.000000,0.000000,0.000000,0.000000
371,6.183333,11.219116,0.001742,-104.244141,3.361461,-0.004028,3.760926,-2.781340,-1.695292,4.704449,1186.449,1,1.000000,4,3,12.080579,0,0,1,0.053034,0.998445,-0.017193,-0.934304,0.055690,0.352099,0.031644,-0.031078,0.000000,0.000000,0.000000,1,0.049417,9211.355469,24864.093750,571.478394,-0.222169,-0.156069,17.278349,1,-0.046710,5140.308594,13275.388672,4047.968262,-0.123979,-0.117507,9.805008,1,0.040894,7148.597656,9539.140625,-3027.471680,-0.197656,0.109045,12.708520,1,-0.052151,3956.091064,5432.950195,1076.261353,-0.060346,-0.060346,11.483665,-53128.128906,25466.972656,7006.075195,852.261230,4354.414062,179.657959,0.000000,0.000000,0.000000,0.000000,0.000000,0.000000,0.000000,0.000000,0.000000
372,6.200000,11.263672,0.001673,-104.180054,2.680331,-0.004141,3.850748,-2.809239,-1.673876,4.514521,1130.528,1,1.000000,4,3,11.498651,0,0,1,0.053920,0.998431,-0.015081,-0.943738,0.055890,0.325936,0.037278,-0.026223,0.000000,0.000000,0.000000,1,0.050699,9269.768555,24447.722656,13253.917969,-0.239753,-0.146127,17.174372,1,-0.045846,5179.681641,11724.602539,10197.822266,-0.128979,-0.112183,9.195776,1,0.039913,7104.268066,9347.278320,-3398.647949,-0.190281,0.108369,12.128299,1,-0.053468,3914.357910,10858.900391,4470.356445,-0.127850,-0.074958,10.901691,-56312.523438,25479.125000,29061.058594,-2092.077148,4756.148438,-52.913818,0.000000,0.000000,0.000000,0.000000,0.000000,0.000000,0.000000,0.000000,0.000000
373,6.216667,11.296387,0.001602,-104.109741,1.958376,-0.004264,4.223326,-2.836747,-1.650392,4.616382,1076.070,1,1.000000,4,3,10.813494,0,0,1,0.054858,0.998407,-0.013176,-0.952315,0.056283,0.299880,0.024551,-0.032975,0.000000,0.000000,0.000000,1,0.051905,9321.460938,25545.578125,11376.741211,-0.230937,-0.130062,15.227192,1,-0.045375,5182.400391,13468.710938,7765.904785,-0.127854,-0.097498,7.692754,1,0.039380,7108.151855,8758.730469,-4723.899902,-0.183308,0.108428,11.466163,1,-0.054660,3883.094238,5376.816895,802.211548,-0.121648,-0.068756,10.197976,-55188.871094,25506.125000,16334.763672,-679.022705,-8096.513672,251.239792,0.000000,0.000000,0.000000,0.000000,0.000000,0.000000,0.000000,0.000000,0.000000
374,6.233333,11.317139,0.001536,-104.035767,1.250826,-0.003986,4.432746,-2.864919,-1.690250,4.605811,1011.952,1,1.000000,4,3,10.312024,0,0,1,0.055721,0.998383,-0.011261,-0.960355,0.056677,0.272958,0.021523,-0.031181,0.000000,0.000000,0.000000,1,0.053010,9367.667969,25182.230469,5504.661133,-0.228716,-0.100037,13.552832,1,-0.045000,5193.167969,10877.087891,3261.804688,-0.116463,-0.072124,6.543176,1,0.038956,7098.334961,17918.609375,-11506.546875,-0.229817,0.141741,10.977536,1,-0.055744,3854.419922,5353.143066,680.220276,-0.115758,-0.062866,9.686858,-62160.960938,25523.828125,792.204834,1055.764893,27680.035156,-471.112610,0.000000,0.000000,0.000000,0.000000,0.000000,0.000000,0.000000,0.000000,0.000000
375,6.250000,11.324707,0.001479,-103.961670,0.453891,-0.003411,4.442903,-2.890821,-1.553956,4.416530,965.023,1,1.000000,4,3,10.060983,0,0,1,0.056586,0.998354,-0.009382,-0.967068,0.057143,0.248021,0.025492,-0.035928,0.000000,0.000000,0.000000,1,0.054273,9432.202148,22217.343750,1336.865234,-0.217488,-0.067338,12.731891,1,-0.044600,5209.705078,7285.821289,-1139.488281,-0.097392,-0.041574,6.048201,1,0.038461,7076.433105,7288.665527,-6710.001465,-0.223245,0.135168,10.807565,1,-0.057022,3805.343750,5257.334961,861.671936,-0.110062,-0.058047,9.365974,-42774.714844,25532.449219,-6121.366211,1069.189819,12633.113281,1998.124146,0.000000,0.000000,0.000000,0.000000,0.000000,0.000000,0.000000,0.000000,0.000000
376,6.266667,11.323242,0.001433,-103.888916,-0.094503,-0.002733,4.364423,-2.915685,-1.491859,4.232310,941.530,1,1.000000,4,3,9.634292,0,0,1,0.056910,0.998352,-0.007381,-0.972929,0.057116,0.223935,0.035434,-0.006930,0.000000,0.000000,0.000000,1,0.055150,9455.835938,19055.494141,-2137.418701,-0.199944,-0.035256,12.516677,1,-0.043736,5261.696289,3408.357422,-4404.027832,-0.072543,-0.011540,6.192888,1,0.037485,7015.734375,13550.729492,-16104.732422,-0.216916,0.162950,10.408525,1,-0.057952,3793.203369,5206.374023,1046.385010,-0.104639,-0.057862,8.917648,-42646.578125,25533.986328,-20145.996094,2040.716919,42309.296875,1833.661133,0.000000,0.000000,0.000000,0.000000,0.000000,0.000000,0.000000,0.000000,0.000000
377,6.283333,11.312500,0.001400,-103.820557,-0.641254,-0.001991,4.106141,-2.937076,-1.283653,3.890267,901.599,1,1.000000,4,3,9.539707,0,0,1,0.056708,0.998376,-0.005353,-0.977516,0.056612,0.203116,0.048853,0.020291,0.000000,0.000000,0.000000,1,0.055780,9474.076172,15734.105469,-2936.782471,-0.177899,-0.012432,12.806398,1,-0.042309,5339.681641,-240.877441,-6192.774414,-0.044817,0.013278,6.812027,1,0.035899,6926.031250,10480.539062,-17941.222656,-0.210574,0.182022,10.427730,1,-0.058694,3779.184082,9907.741211,5511.514160,-0.115796,-0.064197,8.727308,-35896.269531,25525.156250,-19306.035156,784.127563,50676.660156,2433.991211,0.000000,0.000000,0.000000,0.000000,0.000000,0.000000,0.000000,0.000000,0.000000
378,6.300000,11.294189,0.001377,-103.756348,-1.101463,-0.001420,3.858628,-2.954307,-1.034244,3.585989,892.748,1,1.000000,4,3,9.352066,0,0,1,0.055911,0.998430,-0.003452,-0.980922,0.055574,0.186289,0.055887,0.052489,0.000000,0.000000,0.000000,1,0.055970,9463.881836,12438.947266,-2312.121826,-0.153110,-0.000151,13.212296,1,-0.040401,5433.469727,-3562.729980,-7047.360352,-0.016369,0.031717,7.691134,1,0.033826,6825.338379,14302.259766,-14653.074219,-0.209235,0.193165,10.330112,1,-0.059028,3788.456055,9206.432617,6664.321777,-0.114468,-0.070520,8.466620,-31225.394531,25516.363281,-13787.726562,-867.623962,52617.238281,2556.862549,0.000000,0.000000,0.000000,0.000000,0.000000,0.000000,0.000000,0.000000,0.000000
379,6.316667,11.269165,0.001359,-103.694824,-1.501788,-0.001039,3.681862,-2.967216,-0.775249,3.365384,875.188,1,1.000000,4,3,9.007434,0,0,1,0.054561,0.998509,-0.001841,-0.983323,0.054052,0.173648,0.053935,0.083129,0.000000,0.000000,0.000000,1,0.055584,9421.376953,9138.713867,-964.918762,-0.126580,0.003105,13.527408,1,-0.038222,5529.873047,-6610.852051,-7321.217773,0.011627,0.044220,8.694442,1,0.031523,6730.085938,12864.737305,-15561.010742,-0.195512,0.198808,10.043359,1,-0.058780,3824.192871,7114.984375,7459.515137,-0.100755,-0.074513,8.078360,-21579.638672,25510.101562,-12443.035156,-1987.360474,41849.105469,3174.482666,0.000000,0.000000,0.000000,0.000000,0.000000,0.000000,0.000000,0.000000,0.000000
380,6.333333,11.239502,0.001346,-103.636108,-1.778450,-0.000786,3.522336,-2.976688,-0.569307,3.182507,842.936,1,1.000000,4,3,8.669582,0,0,1,0.052556,0.998618,-0.000547,-0.985034,0.051931,0.164352,0.047198,0.121174,0.000000,0.000000,0.000000,1,0.054395,9332.384766,5921.535156,706.970154,-0.099230,-0.000392,13.646724,1,-0.035795,5635.616211,-9474.505859,-6753.951172,0.038727,0.050201,9.737551,1,0.029053,6632.312500,11338.187500,-16350.341797,-0.172588,0.192880,9.749324,1,-0.057698,3897.967773,3580.422852,7304.931152,-0.077837,-0.076399,7.709423,-11189.268555,25502.505859,-10822.498047,-2613.624756,32720.294922,3664.266357,0.000000,0.000000,0.000000,0.000000,0.000000,0.000000,0.000000,0.000000,0.000000
381,6.350000,11.207397,0.001335,-103.579712,-1.921903,-0.000653,3.383586,-2.983471,-0.408354,3.038646,811.319,1,1.000000,4,3,8.368120,0,0,1,0.049796,0.998759,0.000434,-0.986269,0.049105,0.157675,0.038039,0.165826,0.000000,0.000000,0.000000,1,0.052239,9192.402344,3001.253906,2437.906738,-0.072349,-0.008330,13.523056,1,-0.033093,5753.726562,-11973.687500,-5478.094727,0.064054,0.049731,10.698216,1,0.026415,6528.918457,8687.563477,-17352.332031,-0.143661,0.191464,9.483378,1,-0.055603,4012.187500,-7.552246,6599.658691,-0.048914,-0.071908,7.384017,-664.980347,25491.441406,-9367.527344,-2847.091553,23949.322266,3990.889404,0.000000,0.000000,0.000000,0.000000,0.000000,0.000000,0.000000,0.000000,0.000000
382,6.366667,11.175171,0.001324,-103.525391,-1.930428,-0.000660,3.263489,-2.988285,-0.290626,2.930328,783.108,1,1.000000,4,3,8.129999,0,0,1,0.046205,0.998931,0.001137,-0.987191,0.045488,0.152918,0.028273,0.215509,0.000000,0.000000,0.000000,1,0.049016,9000.298828,553.735840,3993.872314,-0.047330,-0.018481,13.147822,1,-0.030067,5887.300293,-13977.587891,-3653.186035,0.086625,0.043385,11.473455,1,0.023572,6416.759766,5352.075195,-16689.941406,-0.111982,0.187896,9.278485,1,-0.052391,4167.127441,-3342.959717,6242.045898,-0.017238,-0.070462,7.123672,9500.773438,25475.923828,-5749.875488,-2991.268799,14176.251953,4101.978027,0.000000,0.000000,0.000000,0.000000,0.000000,0.000000,0.000000,0.000000,0.000000
383,6.383333,11.145020,0.001310,-103.472290,-1.808623,-0.000860,3.189773,-2.991933,-0.221037,2.884367,760.824,1,1.000000,4,3,7.882905,0,0,1,0.041747,0.999127,0.001601,-0.987941,0.041040,0.149293,0.018103,0.267454,0.000000,0.000000,0.000000,1,0.044683,8757.282227,-1269.462402,5002.573242,-0.025553,-0.028208,12.546453,1,-0.026696,6036.339844,-15381.138672,-1611.123413,0.105472,0.032623,11.983471,1,0.020512,6296.750000,2578.830078,-16281.562500,-0.080846,0.184000,9.054003,1,-0.048010,4362.635254,-6116.266113,5657.009766,0.013897,-0.067186,6.863285,17310.958984,25458.054688,-2994.861328,-2935.084473,6814.427734,3830.050781,0.000000,0.000000,0.000000,0.000000,0.000000,0.000000,0.000000,0.000000,0.000000
384,6.400000,11.118530,0.001289,-103.419800,-1.586688,-0.001271,3.151377,-2.995022,-0.187679,2.885792,737.875,1,1.000000,4,3,7.377287,0,0,1,0.036472,0.999333,0.001856,-0.988606,0.035809,0.146207,0.007974,0.316392,0.000000,0.000000,0.000000,1,0.039298,8471.546875,-2402.250977,5410.119141,-0.008103,-0.035677,11.798483,1,-0.023005,6198.250977,-16134.187500,428.499512,0.119820,0.019093,12.196703,1,0.017258,6171.781738,480.341797,-16623.691406,-0.052780,0.182934,8.522515,1,-0.042517,4592.717285,-8214.664062,4508.396484,0.041961,-0.060481,6.385952,22403.570312,25440.306641,-2223.250000,-2564.878418,2586.042969,3200.114990,0.000000,0.000000,0.000000,0.000000,0.000000,0.000000,0.000000,0.000000,0.000000
385,6.416667,11.096924,0.001257,-103.367676,-1.299462,-0.001879,3.122874,-2.997900,-0.175097,2.904563,738.047,1,1.000000,4,3,6.983817,0,0,1,0.030512,0.999533,0.001936,-0.989224,0.029920,0.143320,-0.001047,0.357461,0.000000,0.000000,0.000000,1,0.033029,8156.299316,-2837.401367,5353.928223,0.004313,-0.040187,10.991282,1,-0.019047,6369.853027,-16229.698242,2338.302246,0.129159,0.004253,12.113506,1,0.013852,6044.099121,-939.658691,-16336.728516,-0.029388,0.178001,8.111475,1,-0.036083,4847.292969,-9634.671875,3203.625244,0.065352,-0.050988,6.012926,25043.191406,25424.705078,-1681.589722,-2149.273438,-1215.478516,2303.114990,0.000000,0.000000,0.000000,0.000000,0.000000,0.000000,0.000000,0.000000,0.000000
386,6.433333,11.080566,0.001213,-103.316040,-0.978396,-0.002654,3.101315,-3.000883,-0.181173,2.933423,738.217,1,1.000000,4,3,6.666916,0,0,1,0.024061,0.999709,0.001867,-0.989825,0.023561,0.140328,-0.009081,0.386878,0.000000,0.000000,0.000000,1,0.026107,7825.444336,-2639.328857,4868.531250,0.011464,-0.041413,10.192248,1,-0.014921,6545.541992,-13696.971680,3953.645996,0.122355,-0.010435,11.752748,1,0.010371,5918.635742,-1673.013184,-17374.242188,-0.011714,0.182197,7.781942,1,-0.028944,5116.450195,-10368.091797,1775.045654,0.083026,-0.039241,5.711655,23168.652344,25414.623047,-3978.616455,-1284.191650,-5926.589844,968.197754,0.000000,0.000000,0.000000,0.000000,0.000000,0.000000,0.000000,0.000000,0.000000
387,6.450000,11.069214,0.001155,-103.265137,-0.681362,-0.003504,3.050308,-3.004359,-0.210380,2.928407,738.384,1,1.000000,4,3,6.535538,0,0,1,0.017405,0.999847,0.001701,-0.990445,0.017009,0.136852,-0.014352,0.399042,0.000000,0.000000,0.000000,1,0.018898,7501.170898,-2126.434082,4114.382324,0.014259,-0.039683,9.463759,1,-0.010746,6719.654297,-12973.907227,5280.663086,0.115896,-0.024071,11.157225,1,0.006898,5798.264160,-1734.958374,-17308.056641,-0.000060,0.187449,7.663502,1,-0.021480,5380.903809,-10501.504883,607.115234,0.094680,-0.027131,5.573594,21803.230469,25409.972656,-4814.610840,-621.155090,-6658.123047,-121.284225,0.000000,0.000000,0.000000,0.000000,0.000000,0.000000,0.000000,0.000000,0.000000
388,6.466667,11.062500,0.001082,-103.215332,-0.401833,-0.004373,2.988582,-3.008389,-0.243149,2.908740,738.549,0,1.000000,4,2,6.487043,0,0,1,0.010786,0.999941,0.001464,-0.991083,0.010496,0.132833,-0.017616,0.396817,0.000000,0.000000,0.000000,1,0.011700,7193.529297,-1246.178833,3240.306885,0.013099,-0.035698,8.844875,1,-0.006629,6888.234863,-12029.315430,6191.432617,0.112764,-0.035666,10.368838,1,0.003508,5685.299805,-1428.764038,-16777.515625,0.005741,0.182804,7.638201,1,-0.014002,5633.756348,-10123.951172,-408.435791,0.100481,-0.015408,5.509377,19241.437500,25412.210938,-5583.603516,-13.508102,-7047.319336,-1162.363159,0.000000,0.000000,0.000000,0.000000,0.000000,0.000000,0.000000,0.000000,0.000000
389,6.483333,11.059937,0.000996,-103.166626,-0.155148,-0.005179,2.916997,-3.013005,-0.277813,2.873024,738.549,0,1.000000,4,2,6.475036,0,0,1,0.004435,0.999990,0.001182,-0.991734,0.004246,0.128240,-0.019046,0.380724,0.000000,0.000000,0.000000,1,0.004794,6913.441406,-109.094238,2344.987305,0.008598,-0.030223,8.353024,1,-0.002678,7046.509766,-10821.327148,6651.591797,0.106789,-0.044483,9.448086,1,0.000282,5582.613770,-611.461060,-7791.703613,0.006159,0.178150,7.652554,1,-0.006802,5865.492676,-8916.239258,-1263.861450,0.097149,-0.004578,5.478705,16107.285156,25420.753906,1763.571289,-378.055481,-12938.907227,-2056.080566,0.000000,0.000000,0.000000,0.000000,0.000000,0.000000,0.000000,0.000000,0.000000
390,6.500000,11.060791,0.000897,-103.117676,0.051356,-0.005896,2.939607,-3.018689,-0.341478,2.923732,738.570,0,1.000000,4,2,5.851383,0,0,1,-0.001433,0.999999,0.000801,-0.992456,-0.001520,0.122593,-0.023351,0.351698,0.000000,0.000000,0.000000,1,-0.001657,6662.111328,1167.858154,824.152466,0.001534,-0.021737,7.991295,1,0.000894,7181.141113,-9565.258789,6214.032715,0.098867,-0.048576,8.460456,1,-0.002571,5503.937012,3055.444824,-7073.836914,0.001232,0.173931,6.938691,1,-0.000035,6077.300293,-7698.122070,-3066.456543,0.092223,0.009523,4.934459,9173.109375,25438.400391,-1208.428955,452.862366,-4723.275391,-3173.525879,0.000000,0.000000,0.000000,0.000000,0.000000,0.000000,0.000000,0.000000,0.000000
391,6.516667,11.063721,0.000792,-103.068848,0.168959,-0.006349,2.924114,-3.024767,-0.364712,2.923874,738.613,0,1.000000,4,2,5.309335,0,0,1,-0.006565,0.999978,0.000367,-0.993162,-0.006563,0.116560,-0.024612,0.307756,0.000000,0.000000,0.000000,1,-0.007339,6458.033203,2456.937500,-290.391479,-0.007182,-0.012706,7.850596,1,0.003982,7291.679688,-8263.997070,5367.628906,0.089571,-0.048343,7.536418,1,-0.004982,5443.946777,3410.306885,-6815.970703,-0.006527,0.170090,6.316324,1,0.005967,6247.677734,-6545.461914,-4988.218750,0.084463,0.026162,4.462886,5540.737793,25455.992188,-5237.416016,1279.714844,-3658.504883,-3654.534180,0.000000,0.000000,0.000000,0.000000,0.000000,0.000000,0.000000,0.000000,0.000000
392,6.533333,11.067749,0.000682,-103.021240,0.239995,-0.006541,2.856968,-3.031150,-0.382733,2.866003,738.676,0,1.000000,4,2,4.892460,0,0,1,-0.010864,0.999941,-0.000056,-0.993848,-0.010791,0.110226,-0.022027,0.257845,0.000000,0.000000,0.000000,1,-0.012080,6301.496094,3664.534668,-944.879272,-0.016667,-0.004857,7.871880,1,0.006594,7382.871094,-7077.140625,4425.202637,0.079790,-0.045072,6.735393,1,-0.006992,5395.889160,3650.210693,-6613.817383,-0.016302,0.166542,5.834161,1,0.011011,6376.123535,-5335.070312,-6752.545898,0.074689,0.043761,4.102760,2134.181152,25471.443359,-8802.588867,1901.824951,-3414.353516,-3943.082031,0.000000,0.000000,0.000000,0.000000,0.000000,0.000000,0.000000,0.000000,0.000000
393,6.550000,11.072144,0.000574,-102.975464,0.267356,-0.006511,2.744114,-3.037815,-0.399577,2.757029,738.759,0,1.000000,4,2,4.593107,0,0,1,-0.014268,0.999898,-0.000413,-0.994518,-0.014149,0.103608,-0.016393,0.204368,0.000000,0.000000,0.000000,1,-0.015767,6193.719727,4689.862793,-1119.960449,-0.026031,0.000660,7.988283,1,0.008742,7455.203613,-6114.454102,3530.568115,0.070447,-0.040048,6.071335,1,-0.008635,5358.621094,3894.660400,-6411.915527,-0.027409,0.163212,5.476123,1,0.014970,6460.550781,-4108.560547,-8231.797852,0.063582,0.060810,3.852476,-962.746094,25483.214844,-11496.871094,2287.239258,-3410.380859,-4054.444824,0.000000,0.000000,0.000000,0.000000,0.000000,0.000000,0.000000,0.000000,0.000000
394,6.566667,11.076294,0.000469,-102.932251,0.255013,-0.006317,2.596718,-3.044760,-0.416422,2.609187,738.862,0,1.000000,4,2,4.389848,0,0,1,-0.016756,0.999859,-0.000665,-0.995174,-0.016613,0.096706,-0.008711,0.149509,0.000000,0.000000,0.000000,1,-0.018345,6133.765137,5458.757324,-871.106018,-0.034469,0.003303,8.130132,1,0.010440,7509.076660,-5453.254883,2764.499268,0.062380,-0.034350,5.537299,1,-0.009937,5331.687500,4163.407715,-6195.380859,-0.039231,0.160038,5.219558,1,0.017780,6501.459961,-2912.085938,-9364.722656,0.051759,0.076112,3.692029,-3600.487793,25490.949219,-13176.312500,2432.047607,-3258.755859,-3992.162354,0.000000,0.000000,0.000000,0.000000,0.000000,0.000000,0.000000,0.000000,0.000000
395,6.583333,11.079834,0.000368,-102.891724,0.208853,-0.006022,2.427791,-3.051973,-0.432530,2.436718,738.985,0,1.000000,4,2,4.255528,0,0,1,-0.018341,0.999831,-0.000792,-0.995818,-0.018197,0.089529,-0.000020,0.095451,0.000000,0.000000,0.000000,1,-0.019821,6118.496094,5928.756836,-300.833984,-0.041333,0.003075,8.235813,1,0.011702,7544.987305,-5131.809082,2157.580078,0.056242,-0.028754,5.114600,1,-0.010915,5314.895508,4449.606934,-5963.832031,-0.051200,0.156976,5.034718,1,0.019445,6501.853516,-1790.914185,-10139.481445,0.039790,0.088868,3.596929,-5652.849121,25494.882812,-13872.218750,2380.152832,-2722.197266,-3776.016846,0.000000,0.000000,0.000000,0.000000,0.000000,0.000000,0.000000,0.000000,0.000000
396,6.600000,11.082031,0.000274,-102.854248,0.136380,-0.005685,2.249942,-3.059408,-0.445996,2.253524,739.126,0,1.000000,4,2,4.162075,0,0,1,-0.019072,0.999818,-0.000784,-0.996442,-0.018943,0.082122,0.008820,0.044195,0.000000,0.000000,0.000000,1,-0.020252,6143.326172,6089.691895,465.749329,-0.046183,0.000389,8.258615,1,0.012547,7563.850098,-5152.232910,1703.663818,0.052449,-0.023730,4.780107,1,-0.011583,5307.945312,6205.668457,-14664.864258,-0.062787,0.171002,4.890743,1,0.020023,6466.553223,-786.570312,-10585.741211,0.028202,0.098694,3.541970,-9237.050781,25495.984375,-22527.359375,3197.628906,8227.035156,-3652.587646,0.000000,0.000000,0.000000,0.000000,0.000000,0.000000,0.000000,0.000000,0.000000
397,6.616667,11.082397,0.000185,-102.821533,0.017957,-0.005292,1.961130,-3.066167,-0.405544,1.956893,739.286,0,1.000000,4,2,4.756767,0,0,1,-0.018990,0.999820,-0.000543,-0.996976,-0.018895,0.075378,0.022183,-0.004666,0.000000,0.000000,0.000000,1,-0.019590,6214.413574,5908.398438,2130.538818,-0.048631,-0.006820,8.170004,1,0.013088,7574.491211,-5444.463867,1801.239502,0.051034,-0.020894,4.511584,1,-0.012075,5300.104980,14494.629883,-6536.490723,-0.071818,0.167587,5.616479,1,0.019450,6386.980957,-355.240112,-9663.864258,0.019170,0.101144,4.028650,-17150.378906,25489.855469,-11062.102539,1600.860840,11966.449219,-3994.354004,0.000000,0.000000,0.000000,0.000000,0.000000,0.000000,0.000000,0.000000,0.000000
398,6.633333,11.079102,0.000101,-102.791138,-0.201920,-0.005057,1.819308,-3.071943,-0.346690,1.800835,739.464,0,1.000000,4,2,4.670613,0,0,1,-0.017993,0.999838,-0.000192,-0.997413,-0.017936,0.069608,0.027517,-0.059655,0.000000,0.000000,0.000000,1,-0.017927,6322.612305,5248.091309,3126.014160,-0.047982,-0.014654,7.839441,1,0.013050,7548.783691,-6090.238281,1203.098389,0.052285,-0.017128,4.228880,1,-0.012067,5325.476074,7177.821289,-14273.230469,-0.075820,0.164249,5.489634,1,0.017859,6278.313965,-769.884155,-9525.460938,0.015168,0.102125,3.973786,-8733.728516,25488.945312,-18459.375000,2120.229980,4883.144531,-2296.194580,0.000000,0.000000,0.000000,0.000000,0.000000,0.000000,0.000000,0.000000,0.000000
399,6.650000,11.073730,0.000021,-102.764771,-0.313891,-0.004820,1.582649,-3.077319,-0.322664,1.559216,739.659,0,1.000000,4,2,5.156079,0,0,1,-0.016484,0.999864,0.000327,-0.997799,-0.016471,0.064232,0.036686,-0.090617,0.000000,0.000000,0.000000,1,-0.015572,6446.892090,4446.417480,4314.958008,-0.044915,-0.023522,7.364201,1,0.012813,7530.327637,-6973.775391,1324.104980,0.056001,-0.015161,4.033108,1,-0.011939,5335.742188,7412.125977,-13438.208008,-0.077654,0.157631,6.088120,1,0.015541,6159.154785,-938.613647,-8106.289062,0.013334,0.097002,4.366725,-7355.344727,25485.585938,-14443.830078,1236.475098,3878.041016,-1608.539795,0.000000,0.000000,0.000000,0.000000,0.000000,0.000000,0.000000,0.000000,0.000000
400,6.666667,11.067017,-0.000057,-102.741577,-0.408190,-0.004676,1.397472,-3.082378,-0.303575,1.370866,739.872,0,1.000000,4,2,5.471962,0,0,1,-0.014611,0.999893,0.000947,-0.998140,-0.014642,0.059172,0.041934,-0.112559,0.000000,0.000000,0.000000,1,-0.012763,6580.799805,3502.484619,5054.901855,-0.039857,-0.031552,6.716166,1,0.012397,7505.027832,-7999.517578,1403.586182,0.061739,-0.014187,3.819748,1,-0.011680,5351.064941,6764.936523,-11386.511719,-0.073709,0.145172,6.486575,1,0.012747,6036.758789,-1220.784668,-6547.509766,0.013322,0.087477,4.616053,-4534.639160,25486.886719,-9489.823242,308.885651,1996.449219,-833.984070,0.000000,0.000000,0.000000,0.000000,0.000000,0.000000,0.000000,0.000000,0.000000
401,6.683333,11.059204,-0.000133,-102.720337,-0.466327,-0.004572,1.275807,-3.087275,-0.293743,1.248612,740.102,0,1.000000,4,2,5.516232,0,0,1,-0.012548,0.999920,0.001598,-0.998446,-0.012616,0.054275,0.043027,-0.124168,0.000000,0.000000,0.000000,1,-0.009758,6712.816895,2554.604248,5194.236328,-0.033533,-0.037063,5.960591,1,0.011837,7475.061523,-9036.621094,1348.909302,0.068786,-0.013394,3.594838,1,-0.011293,5370.584473,6511.283691,-9592.286133,-0.072683,0.130081,6.561396,1,0.009755,5922.087891,-1476.348145,-5170.263184,0.014348,0.075917,4.637552,-1963.716919,25493.527344,-5614.860352,-442.976379,2829.480469,-181.853470,0.000000,0.000000,0.000000,0.000000,0.000000,0.000000,0.000000,0.000000,0.000000
402,6.700000,11.051025,-0.000207,-102.700195,-0.491502,-0.004433,1.203822,-3.091941,-0.279814,1.177950,740.349,0,1.000000,4,2,5.321913,0,0,1,-0.010441,0.999943,0.002223,-0.998713,-0.010538,0.049610,0.040734,-0.126987,0.000000,0.000000,0.000000,1,-0.006775,6835.724609,1718.900635,4851.111328,-0.026786,-0.039391,5.184766,1,0.011168,7441.991211,-9940.669922,1151.981201,0.076215,-0.012242,3.377873,1,-0.010789,5393.474121,6255.835938,-8187.454102,-0.071005,0.114910,6.349555,1,0.006792,5820.509277,-1731.781494,-4133.036621,0.016026,0.064453,4.460589,505.199585,25504.220703,-3119.817383,-972.174927,4742.615234,356.972412,0.000000,0.000000,0.000000,0.000000,0.000000,0.000000,0.000000,0.000000,0.000000
403,6.716667,11.042969,-0.000277,-102.680786,-0.485025,-0.004196,1.163824,-3.096220,-0.256474,1.140634,740.611,0,1.000000,4,2,4.943880,0,0,1,-0.008410,0.999961,0.002784,-0.998935,-0.008528,0.045335,0.036065,-0.122471,0.000000,0.000000,0.000000,1,-0.003984,6944.247559,1084.180786,4194.991211,-0.020438,-0.038679,4.458809,1,0.010434,7407.906250,-10605.505859,866.461426,0.083091,-0.010571,3.189530,1,-0.010195,5418.001465,5999.439941,-7216.277344,-0.068913,0.101442,5.915081,1,0.004031,5735.254883,-1988.361694,-3503.097168,0.018119,0.054697,4.132141,2633.104248,25517.140625,-1976.985107,-1274.322266,6952.824219,759.934998,0.000000,0.000000,0.000000,0.000000,0.000000,0.000000,0.000000,0.000000,0.000000
404,6.733333,11.035400,-0.000341,-102.661865,-0.451268,-0.003821,1.138478,-3.099929,-0.222264,1.118701,740.890,0,1.000000,4,2,4.445395,0,0,1,-0.006548,0.999973,0.003257,-0.999111,-0.006678,0.041630,0.030050,-0.112430,0.000000,0.000000,0.000000,1,-0.001502,7035.542480,701.552673,3408.993164,-0.015178,-0.035626,3.828209,1,0.009678,7374.744141,-10970.244141,568.919556,0.088624,-0.008534,3.042682,1,-0.009552,5442.371094,5738.832520,-6650.875977,-0.066543,0.090687,5.332808,1,0.001588,5667.189453,-2248.968750,-3279.165527,0.020489,0.047656,3.705653,4254.306641,25530.410156,-1960.031250,-1386.397949,8820.785156,1035.871582,0.000000,0.000000,0.000000,0.000000,0.000000,0.000000,0.000000,0.000000,0.000000
405,6.750000,11.028687,-0.000396,-102.643188,-0.396725,-0.003294,1.113350,-3.102916,-0.178869,1.097182,741.019,0,1.000000,4,2,3.887529,0,0,1,-0.004915,0.999981,0.003632,-0.999240,-0.005052,0.038649,0.023558,-0.098576,0.000000,0.000000,0.000000,1,0.000603,7108.468262,584.445740,2653.991699,-0.011482,-0.031202,3.311842,1,0.008942,7344.254395,-11019.728516,337.680237,0.092267,-0.006486,2.939077,1,-0.008899,5464.913086,5473.541992,-6417.178223,-0.063980,0.082978,4.675558,1,-0.000472,5615.788086,-2514.172363,-3408.364258,0.023052,0.043752,3.232316,5278.956543,25542.451172,-2736.669922,-1318.876831,9930.458984,1172.116089,0.000000,0.000000,0.000000,0.000000,0.000000,0.000000,0.000000,0.000000,0.000000
406,6.766667,11.023315,-0.000439,-102.625244,-0.329046,-0.002619,1.078264,-3.105088,-0.130018,1.065539,741.146,0,1.000000,4,2,3.321802,0,0,1,-0.003543,0.999986,0.003914,-0.999327,-0.003684,0.036483,0.017422,-0.082806,0.000000,0.000000,0.000000,1,0.002309,7163.971191,712.328979,2043.132080,-0.009582,-0.026395,2.905204,1,0.008263,7317.666016,-10779.001953,231.617950,0.093760,-0.004846,2.869080,1,-0.008281,5484.215332,5205.461914,-6422.243164,-0.061284,0.078152,4.005182,1,-0.002136,5578.783203,-2782.225830,-3808.016357,0.025748,0.042913,2.755023,5698.385742,25551.759766,-3961.514404,-1182.481323,10101.580078,1189.057373,0.000000,0.000000,0.000000,0.000000,0.000000,0.000000,0.000000,0.000000,0.000000
407,6.783333,11.019043,-0.000470,-102.608154,-0.255990,-0.001826,1.027476,-3.106431,-0.080328,1.017840,741.272,0,1.000000,4,2,2.786521,0,0,1,-0.002436,0.999989,0.004109,-0.999379,-0.002579,0.035144,0.011942,-0.066759,0.000000,0.000000,0.000000,1,0.003629,7203.781250,1040.521240,1634.461914,-0.009475,-0.022017,2.587344,1,0.007660,7295.192871,-10302.973633,280.946991,0.093120,-0.003979,2.814497,1,-0.007724,5500.002930,4939.953125,-6572.654297,-0.058515,0.075725,3.368045,1,-0.003422,5553.830078,-3047.746094,-4384.012695,0.028517,0.044715,2.305403,5570.706055,25557.763672,-5333.116699,-1016.395020,9309.052734,1120.673340,0.000000,0.000000,0.000000,0.000000,0.000000,0.000000,0.000000,0.000000,0.000000
408,6.800000,11.015991,-0.000486,-102.592041,-0.184571,-0.000951,0.959102,-3.107010,-0.034540,0.952143,741.396,0,1.000000,4,2,2.305888,0,0,1,-0.001578,0.999990,0.004228,-0.999401,-0.001723,0.034569,0.007249,-0.051601,0.000000,0.000000,0.000000,1,0.004594,7230.004395,1508.087891,1433.621704,-0.010959,-0.018598,2.328879,1,0.007140,7276.565918,-9666.763672,486.390930,0.090608,-0.004115,2.752745,1,-0.007245,5512.466309,4686.154297,-6787.612305,-0.055748,0.075069,2.793805,1,-0.004370,5538.596680,-3301.545166,-5043.197754,0.031284,0.048514,1.903182,5005.905762,25560.257812,-6623.414062,-847.153259,7566.224609,985.817749,0.000000,0.000000,0.000000,0.000000,0.000000,0.000000,0.000000,0.000000,0.000000
409,6.816667,11.014038,-0.000486,-102.577515,-0.120393,-0.000037,0.874187,-3.106968,0.002672,0.869487,741.518,0,1.000000,4,2,1.891016,0,0,1,-0.000941,0.999990,0.004284,-0.999400,-0.001089,0.034613,0.003346,-0.038234,0.000000,0.000000,0.000000,1,0.005251,7245.090820,2043.971924,1401.959473,-0.013668,-0.016343,2.099603,1,0.006698,7261.025879,-8958.940430,822.523926,0.086682,-0.005315,2.661135,1,-0.006843,5522.174316,4460.204590,-7008.558594,-0.053094,0.075549,2.296492,1,-0.005027,5530.745117,-3527.499268,-5701.443848,0.033938,0.053565,1.557133,4145.762695,25559.240234,-7689.908691,-702.327393,6140.131836,783.202881,0.000000,0.000000,0.000000,0.000000,0.000000,0.000000,0.000000,0.000000,0.000000
410,6.833333,11.012939,-0.000472,-102.564575,-0.067242,0.000873,0.775598,-3.106422,0.032870,0.772743,741.638,0,1.000000,4,2,1.542285,0,0,1,-0.000478,0.999991,0.004286,-0.999382,-0.000628,0.035160,0.000097,-0.027633,0.000000,0.000000,0.000000,1,0.005657,7251.947266,2603.054688,1509.550537,-0.017226,-0.015282,1.874929,1,0.006312,7246.918945,-8229.218750,1240.207153,0.081793,-0.007454,2.520673,1,-0.006503,5530.668457,4246.290039,-7182.321289,-0.050560,0.076554,1.877189,1,-0.005455,5527.751465,-3741.405273,-6307.849609,0.036473,0.059193,1.267131,3141.951904,25555.097656,-8467.244141,-579.369507,4327.328125,595.869446,0.000000,0.000000,0.000000,0.000000,0.000000,0.000000,0.000000,0.000000,0.000000
411,6.850000,11.012451,-0.000443,-102.553589,-0.026960,0.001740,0.667044,-3.105521,0.054151,0.665624,741.757,0,1.000000,4,2,1.252246,0,0,1,-0.000148,0.999991,0.004243,-0.999349,-0.000301,0.036062,-0.002598,-0.019573,0.000000,0.000000,0.000000,1,0.005865,7252.542969,3131.794678,1691.489502,-0.021216,-0.015218,1.634618,1,0.005960,7233.411133,-7542.886719,1686.358887,0.076443,-0.010279,2.319507,1,-0.006207,5538.604004,4051.118408,-7287.197266,-0.048177,0.077610,1.527433,1,-0.005705,5528.202148,-3936.577637,-6819.098633,0.038855,0.064800,1.026638,2136.349609,25548.316406,-8955.542969,-480.296722,2240.594238,439.211670,0.000000,0.000000,0.000000,0.000000,0.000000,0.000000,0.000000,0.000000,0.000000
412,6.866667,11.012573,-0.000401,-102.544312,0.000429,0.002531,0.552229,-3.104436,0.065165,0.551848,741.874,0,1.000000,4,2,1.008558,0,0,1,0.000084,0.999991,0.004162,-0.999310,-0.000071,0.037148,-0.004845,-0.013614,0.000000,0.000000,0.000000,1,0.005918,7248.366211,3583.914551,1880.619385,-0.025225,-0.015805,1.367865,1,0.005625,7219.926758,-6957.944824,2109.909180,0.071140,-0.013460,2.053499,1,-0.005937,5546.418945,3887.277344,-7321.769043,-0.046016,0.078414,1.232687,1,-0.005818,5531.170410,-4100.410645,-7206.819824,0.041016,0.069894,0.825180,1245.248291,25539.390625,-9196.085938,-399.126801,465.344971,302.774902,0.000000,0.000000,0.000000,0.000000,0.000000,0.000000,0.000000,0.000000,0.000000
413,6.883333,11.012817,-0.000347,-102.537109,0.016393,0.003220,0.434330,-3.103312,0.067445,0.434623,741.989,0,1.000000,4,2,0.796638,0,0,1,0.000246,0.999992,0.004050,-0.999267,0.000091,0.038271,-0.006729,-0.009490,0.000000,0.000000,0.000000,1,0.005853,7240.771484,3933.567383,2034.053589,-0.028905,-0.016683,1.073624,1,0.005291,7205.895020,-6505.551270,2466.923096,0.066305,-0.016643,1.725935,1,-0.005679,5554.602051,3756.974609,-7293.886230,-0.044130,0.078807,0.974416,1,-0.005831,5535.793457,-4230.720703,-7461.438477,0.042902,0.074127,0.651295,550.266846,25528.777344,-9247.558594,-323.309814,-700.012939,210.893600,0.000000,0.000000,0.000000,0.000000,0.000000,0.000000,0.000000,0.000000,0.000000
414,6.900000,11.013306,-0.000284,-102.531860,0.023448,0.003787,0.315772,-3.102247,0.063991,0.316433,742.103,0,1.000000,4,2,0.601776,0,0,1,0.000361,0.999992,0.003912,-0.999226,0.000206,0.039337,-0.008264,-0.006597,0.000000,0.000000,0.000000,1,0.005699,7230.599121,4174.080078,2132.859131,-0.032016,-0.017563,0.757084,1,0.004953,7191.376465,-6192.297852,2725.601074,0.062226,-0.019503,1.346484,1,-0.005425,5563.082031,3655.169434,-7215.445312,-0.042532,0.078737,0.735033,1,-0.005770,5541.663574,-4332.542969,-7590.240723,0.044500,0.077310,0.492678,93.003418,25516.949219,-9172.671875,-262.478546,-1235.294922,147.482376,0.000000,0.000000,0.000000,0.000000,0.000000,0.000000,0.000000,0.000000,0.000000
415,6.916667,11.013672,-0.000214,-102.528564,0.024641,0.004215,0.198174,-3.101282,0.057904,0.198988,742.215,0,1.000000,4,2,0.410702,0,0,1,0.000440,0.999993,0.003753,-0.999188,0.000289,0.040301,-0.009516,-0.004563,0.000000,0.000000,0.000000,1,0.005479,7218.520020,4311.625488,2176.109131,-0.034429,-0.018259,0.426185,1,0.004607,7176.409668,-6008.836426,2869.646973,0.059053,-0.021779,0.929438,1,-0.005169,5571.935059,3574.191406,-7100.623047,-0.041200,0.078228,0.499556,1,-0.005651,5548.584961,-4413.502930,-7611.169922,0.045832,0.079396,0.337653,-119.582031,25504.587891,-9026.443359,-201.446686,-1241.156006,114.423561,0.000000,0.000000,0.000000,0.000000,0.000000,0.000000,0.000000,0.000000,0.000000
416,6.933333,11.014038,-0.000139,-102.527222,0.023107,0.004498,0.082450,-3.100419,0.051790,0.083315,742.326,0,1.000000,4,2,0.212565,0,0,1,0.000493,0.999993,0.003578,-0.999152,0.000345,0.041163,-0.010475,-0.002976,0.000000,0.000000,0.000000,1,0.005208,7204.940918,4361.571777,2175.015869,-0.036111,-0.018694,0.088999,1,0.004256,7161.340820,-5935.139648,2898.382812,0.056813,-0.023305,0.491457,1,-0.004911,5580.856934,3507.039307,-6964.337402,-0.040091,0.077357,0.256391,1,-0.005487,5556.436523,-4480.647461,-7548.048340,0.046941,0.080452,0.176231,-111.164551,25491.976562,-8851.500977,-144.955963,-841.935303,113.304749,0.000000,0.000000,0.000000,0.000000,0.000000,0.000000,0.000000,0.000000,0.000000
417,6.950000,11.014404,-0.000061,-102.527832,0.021682,0.004633,-0.031031,-3.099625,0.047641,-0.030109,742.434,0,1.000000,4,2,0.000000,0,0,1,0.000519,0.999994,0.003392,-0.999119,0.000376,0.041957,-0.011153,-0.001402,0.000000,0.000000,0.000000,1,0.004895,7189.961426,4344.895508,2147.620361,-0.037114,-0.018876,-0.248028,1,0.003908,7146.790527,-5944.771973,2824.164307,0.055436,-0.024019,0.049300,1,-0.004656,5589.390625,3447.792480,-6817.090332,-0.039154,0.076214,0.000000,1,-0.005284,5565.337891,-4539.886230,-7428.630859,0.047878,0.080633,0.000000,73.500488,25479.500000,-8675.417969,-90.273087,-169.755585,125.411301,0.000000,0.000000,0.000000,0.000000,0.000000,0.000000,0.000000,0.000000,0.000000
418,6.966667,11.014771,0.000016,-102.530151,0.022625,0.004622,-0.142254,-3.098845,0.046802,-0.141171,742.542,0,1.000000,4,2,0.000000,0,0,1,0.000516,0.999995,0.003199,-0.999086,0.000379,0.042736,-0.011552,0.000342,0.000000,0.000000,0.000000,1,0.004547,7173.772949,4284.900391,2187.055420,-0.037546,-0.019121,-0.539232,1,0.003575,7133.307617,-6008.887207,2668.943604,0.054783,-0.023953,-0.382071,1,-0.004412,5597.211914,3391.873535,-6257.588867,-0.038338,0.073232,0.000000,1,-0.005044,5575.414062,-4595.815430,-6984.929688,0.048694,0.078953,0.000000,385.502197,25467.771484,-7739.985840,-118.780998,-359.016479,143.021362,0.000000,0.000000,0.000000,0.000000,0.000000,0.000000,0.000000,0.000000,0.000000
419,6.983333,11.015259,0.000090,-102.534180,0.027567,0.004470,-0.241485,-3.098094,0.045030,-0.240070,742.648,0,1.000000,4,2,0.000000,0,0,1,0.000480,0.999995,0.002997,-0.999054,0.000349,0.043486,-0.012086,0.002327,0.000000,0.000000,0.000000,1,0.004159,7155.689453,4194.905273,2166.592773,-0.037519,-0.019208,-0.836167,1,0.003258,7120.635254,-6118.449219,2492.437500,0.054736,-0.023327,-0.749041,1,-0.004175,5604.924805,3368.621826,-5582.737793,-0.037732,0.068628,0.000000,1,-0.004757,5587.563477,-4619.073242,-6417.331055,0.049300,0.075601,0.000000,741.514404,25457.238281,-6612.821777,-165.815140,-239.323730,160.926498,0.000000,0.000000,0.000000,0.000000,0.000000,0.000000,0.000000,0.000000,0.000000
420,7.000000,11.015869,0.000160,-102.539551,0.037073,0.004188,-0.326264,-3.097363,0.043847,-0.324317,742.752,0,0.897638,4,2,0.000000,0,0,0,0.000406,0.999996,0.002783,-0.999022,0.000283,0.044216,-0.012844,0.004541,0.000000,0.000000,0.000000,1,0.003713,7134.490723,4163.213379,2077.690430,-0.037397,-0.018967,-1.130129,1,0.002974,7109.978027,-6056.755859,2243.067139,0.054105,-0.022106,-1.090359,1,-0.003940,5612.865723,3377.287598,-4817.480957,-0.037385,0.062638,0.000000,1,-0.004411,5602.316406,-4610.386230,-5758.838867,0.049647,0.070830,0.000000,1115.223145,25448.978516,-5604.422363,-199.682297,-232.567001,158.491089,0.000000,0.000000,0.000000,0.000000,0.000000,0.000000,0.000000,0.000000,0.000000
421,7.016667,11.016602,0.000223,-102.546143,0.051371,0.003806,-0.398116,-3.096651,0.042698,-0.395415,742.855,0,0.803150,4,2,0.000000,0,0,0,0.000296,0.999997,0.002553,-0.998990,0.000181,0.044927,-0.013772,0.006705,0.000000,0.000000,0.000000,1,0.003221,7111.818848,4184.360840,1920.875000,-0.037390,-0.018296,-1.411169,1,0.002700,7098.881348,-5966.322266,1942.158569,0.053297,-0.020340,-1.395435,1,-0.003700,5621.362305,3427.436523,-3979.093262,-0.037370,0.055481,0.000000,1,-0.004002,5619.559082,-4556.521484,-5024.445312,0.049647,0.064859,0.000000,1308.827393,25441.853516,-4582.134766,-224.045227,-175.857895,143.891876,0.000000,0.000000,0.000000,0.000000,0.000000,0.000000,0.000000,0.000000,0.000000
422,7.033333,11.017822,0.000279,-102.553833,0.068151,0.003338,-0.456861,-3.095954,0.041829,-0.453283,742.956,0,0.700787,4,2,0.000000,0,0,0,0.000154,0.999997,0.002306,-0.998959,0.000048,0.045623,-0.014825,0.008649,0.000000,0.000000,0.000000,1,0.002683,7087.252441,4278.058105,1694.623047,-0.037697,-0.017124,-1.669419,1,0.002435,7088.060059,-5885.119629,1595.488525,0.053028,-0.018080,-1.656779,1,-0.003446,5630.714355,3514.149170,-3087.215332,-0.037711,0.047373,0.000000,1,-0.003527,5639.122559,-4472.142090,-4235.558105,0.049306,0.057915,0.000000,1374.396729,25436.529297,-3583.525635,-243.326981,-88.959023,111.184196,0.000000,0.000000,0.000000,0.000000,0.000000,0.000000,0.000000,0.000000,0.000000
423,7.050000,11.019287,0.000326,-102.562134,0.085772,0.002805,-0.502804,-3.095264,0.041389,-0.498297,743.056,0,0.614173,4,2,0.000000,0,0,0,-0.000013,0.999998,0.002039,-0.998927,-0.000108,0.046312,-0.015988,0.010119,0.000000,0.000000,0.000000,1,0.002108,7061.485840,4432.966797,1406.203857,-0.038403,-0.015430,-1.894787,1,0.002168,7076.669434,-5730.472168,1214.480225,0.052346,-0.015396,-1.867738,1,-0.003169,5641.373047,3631.720703,-2159.680420,-0.038401,0.038523,0.000000,1,-0.002989,5660.693359,-4354.575684,-3411.747314,0.048615,0.050216,0.000000,1188.175781,25432.876953,-2616.562012,-242.461273,-103.719490,48.709381,0.000000,0.000000,0.000000,0.000000,0.000000,0.000000,0.000000,0.000000,0.000000
424,7.066667,11.020996,0.000363,-102.571045,0.101005,0.002229,-0.536350,-3.094582,0.040878,-0.531014,743.155,0,0.519685,4,2,0.000000,0,0,0,-0.000191,0.999998,0.001753,-0.998895,-0.000273,0.046993,-0.017173,0.010705,0.000000,0.000000,0.000000,1,0.001507,7035.182129,4653.927246,1062.294312,-0.039580,-0.013225,-2.078237,1,0.001888,7064.416016,-5504.770508,811.499146,0.051168,-0.012372,-2.023324,1,-0.002856,5653.926758,3769.392090,-1215.001587,-0.039392,0.029138,0.000000,1,-0.002401,5683.397461,-4216.908691,-2569.141357,0.047625,0.041967,0.000000,793.376465,25431.005859,-1702.042236,-226.637466,-279.695190,-29.544441,0.000000,0.000000,0.000000,0.000000,0.000000,0.000000,0.000000,0.000000,0.000000
425,7.083333,11.022827,0.000390,-102.580322,0.111176,0.001631,-0.558171,-3.093924,0.039502,-0.552241,743.252,0,0.433071,4,2,0.000000,0,0,0,-0.000359,0.999999,0.001448,-0.998864,-0.000428,0.047650,-0.018313,0.010193,0.000000,0.000000,0.000000,1,0.000902,7009.500488,4908.073730,676.556763,-0.041162,-0.010560,-2.211705,1,0.001581,7050.378418,-5245.066406,407.143005,0.049567,-0.009130,-2.120343,1,-0.002494,5668.798340,3917.053223,-271.351807,-0.040612,0.019420,0.000000,1,-0.001780,5706.376953,-4069.249756,-1720.362915,0.046405,0.033347,0.000000,247.885986,25430.582031,-800.421509,-202.833237,-525.405457,-106.460449,0.000000,0.000000,0.000000,0.000000,0.000000,0.000000,0.000000,0.000000,0.000000
426,7.100000,11.024780,0.000407,-102.589844,0.114354,0.001030,-0.568433,-3.093308,0.036916,-0.562251,743.348,0,0.346457,4,2,0.000000,0,0,0,-0.000502,0.999999,0.001125,-0.998834,-0.000556,0.048265,-0.019368,0.008607,0.000000,0.000000,0.000000,1,0.000309,6985.158203,5177.548340,264.554382,-0.043051,-0.007517,-2.289112,1,0.001236,7034.232910,-4970.309570,18.038818,0.047649,-0.005801,-2.158595,1,-0.002072,5686.314453,4062.473633,652.450195,-0.041968,0.009573,0.000000,1,-0.001144,5728.929199,-3923.818359,-879.562378,0.045049,0.024526,0.000000,-384.692383,25431.644531,93.267212,-176.420120,-842.142090,-187.061554,0.000000,0.000000,0.000000,0.000000,0.000000,0.000000,0.000000,0.000000,0.000000
427,7.116667,11.026489,0.000415,-102.599243,0.109422,0.000443,-0.567237,-3.092762,0.032773,-0.561220,743.442,0,0.259843,4,2,0.000000,0,0,0,-0.000600,1.000000,0.000787,-0.998808,-0.000637,0.048811,-0.020327,0.005895,0.000000,0.000000,0.000000,1,-0.000250,6963.055664,5436.538574,-155.732483,-0.045098,-0.004211,-2.306641,1,0.000838,7015.350586,-4707.763672,-339.141296,0.045572,-0.002523,-2.140296,1,-0.001578,5706.854492,4194.629883,1537.350098,-0.043354,-0.000198,0.000000,1,-0.000515,5750.295898,-3791.667969,-60.377319,0.043662,0.015667,0.000000,-1031.871582,25434.023438,989.194214,-143.455246,-1193.351074,-247.900879,0.000000,0.000000,0.000000,0.000000,0.000000,0.000000,0.000000,0.000000,0.000000
428,7.133333,11.028198,0.000413,-102.608398,0.096193,-0.000114,-0.554555,-3.092314,0.026899,-0.549143,743.535,0,0.188976,4,2,0.000000,0,0,0,-0.000638,1.000000,0.000435,-0.998786,-0.000659,0.049259,-0.021151,0.002337,0.000000,0.000000,0.000000,1,-0.000760,6943.721191,5642.208984,-562.308594,-0.047066,-0.000783,-2.263087,1,0.000378,6993.532227,-4501.004395,-647.050171,0.043581,0.000559,-2.070086,1,-0.001008,5730.368164,4304.352539,2363.836182,-0.044670,-0.009685,0.000000,1,0.000092,5770.028320,-3681.946777,722.854736,0.042347,0.006928,0.000000,-1578.880615,25437.492188,1889.799194,-104.430641,-1433.216553,-289.400940,0.000000,0.000000,0.000000,0.000000,0.000000,0.000000,0.000000,0.000000,0.000000
429,7.150000,11.029419,0.000402,-102.617310,0.075951,-0.000627,-0.530327,-3.091983,0.019845,-0.525908,743.627,0,0.110236,4,2,0.000000,0,0,0,-0.000608,1.000000,0.000071,-0.998770,-0.000611,0.049589,-0.021801,-0.001792,0.000000,0.000000,0.000000,1,-0.001209,6927.421875,5799.381348,-940.810974,-0.048826,0.002627,-2.160443,1,-0.000146,6968.854980,-4344.284180,-905.373169,0.041809,0.003353,-1.955127,1,-0.000358,5756.685059,4383.885254,3114.304443,-0.045819,-0.018685,0.000000,1,0.000661,5787.784180,-3602.409668,1453.179077,0.041198,-0.001521,0.000000,-2019.274170,25441.851562,2767.698486,-72.819466,-1698.860596,-305.261322,0.000000,0.000000,0.000000,0.000000,0.000000,0.000000,0.000000,0.000000,0.000000
430,7.166667,11.030396,0.000384,-102.625488,0.050063,-0.001086,-0.494843,-3.091791,0.011481,-0.491738,743.717,0,0.047244,4,2,0.000000,0,0,0,-0.000506,1.000000,-0.000300,-0.998760,-0.000491,0.049781,-0.022301,-0.006136,0.000000,0.000000,0.000000,1,-0.001590,6914.187988,5869.067383,-1273.418823,-0.050163,0.005874,-2.002790,1,-0.000735,6941.477051,-4275.854004,-1105.533081,0.040468,0.005774,-1.802624,1,0.000367,5785.539551,4431.033203,3770.654785,-0.046732,-0.026999,0.000000,1,0.001186,5803.582520,-3555.265137,2116.386230,0.040284,-0.009516,0.000000,-2247.574463,25447.044922,3595.765625,-29.560331,-1799.719360,-290.989655,0.000000,0.000000,0.000000,0.000000,0.000000,0.000000,0.000000,0.000000,0.000000
431,7.183333,11.030762,0.000359,-102.632935,0.021248,-0.001481,-0.448744,-3.091748,0.002620,-0.447129,743.806,0,0.000000,4,2,0.000000,0,0,0,-0.000335,1.000000,-0.000676,-0.998758,-0.000301,0.049825,-0.022580,-0.010265,0.000000,0.000000,0.000000,1,-0.001906,6903.735840,5846.214844,-1548.232666,-0.050928,0.008827,-1.796797,1,-0.001382,6912.028809,-4299.433105,-1253.075317,0.039703,0.007786,-1.621031,1,0.001159,5816.184082,4445.481934,4319.395020,-0.047365,-0.034447,0.000000,1,0.001661,5817.501953,-3540.815186,2696.745605,0.039652,-0.016890,0.000000,-2238.404541,25452.671875,4331.800781,22.929150,-1729.782471,-235.081284,0.000000,0.000000,0.000000,0.000000,0.000000,0.000000,0.000000,0.000000,0.000000
432,7.200000,11.030640,0.000329,-102.639526,-0.007450,-0.001806,-0.393208,-3.091846,-0.005897,-0.393094,743.894,0,0.000000,4,2,0.000000,0,0,0,-0.000109,0.999999,-0.001053,-0.998763,-0.000056,0.049726,-0.022573,-0.013586,0.000000,0.000000,0.000000,1,-0.002164,6895.255859,5600.610840,-1758.110596,-0.050030,0.011380,-1.550864,1,-0.002066,6881.854980,-4432.695312,-1357.982666,0.039664,0.009399,-1.417994,1,0.001998,5847.523926,4430.513672,4751.025879,-0.047702,-0.040875,0.000000,1,0.002091,5830.055176,-3555.782227,3180.244873,0.039314,-0.023483,0.000000,-1800.677979,25458.769531,4910.840820,79.678818,-1116.785889,-130.721695,0.000000,0.000000,0.000000,0.000000,0.000000,0.000000,0.000000,0.000000,0.000000
433,7.216667,11.030151,0.000295,-102.645020,-0.030535,-0.002055,-0.330248,-3.092035,-0.011397,-0.331358,743.981,0,0.000000,4,2,0.000000,0,0,0,0.000148,0.999999,-0.001423,-0.998772,0.000219,0.049537,-0.022235,-0.015408,0.000000,0.000000,0.000000,1,-0.002383,6887.753906,5441.472168,-1895.307129,-0.049502,0.013441,-1.274428,1,-0.002763,6852.237305,-4599.270020,-1443.391113,0.040191,0.010696,-1.199711,1,0.002853,5878.008789,4390.027344,5067.931152,-0.047751,-0.046200,0.000000,1,0.002489,5842.146973,-3596.270020,3550.003906,0.039266,-0.029124,0.000000,-1372.432129,25464.861328,5353.829102,149.872681,-694.531738,-44.430660,0.000000,0.000000,0.000000,0.000000,0.000000,0.000000,0.000000,0.000000,0.000000
434,7.233333,11.029419,0.000258,-102.649292,-0.048131,-0.002228,-0.261610,-3.092282,-0.014816,-0.263667,744.066,0,0.000000,4,2,0.000000,0,0,0,0.000415,0.999998,-0.001782,-0.998784,0.000502,0.049290,-0.021507,-0.015977,0.000000,0.000000,0.000000,1,-0.002574,6880.904297,5252.726074,-1963.220581,-0.048545,0.014961,-0.978053,1,-0.003447,6824.186035,-4788.026855,-1510.680176,0.041149,0.011735,-0.969015,1,0.003699,5906.746094,4330.877441,5266.216797,-0.047542,-0.050349,0.000000,1,0.002861,5853.722656,-3655.415283,3800.878418,0.039475,-0.033685,0.000000,-863.083984,25470.708984,5642.615234,223.864960,-308.069061,44.703201,0.000000,0.000000,0.000000,0.000000,0.000000,0.000000,0.000000,0.000000,0.000000
435,7.250000,11.028442,0.000219,-102.652466,-0.059196,-0.002327,-0.189268,-3.092554,-0.016332,-0.191947,744.151,0,0.000000,4,2,0.000000,0,0,0,0.000670,0.999998,-0.002121,-0.998798,0.000773,0.049018,-0.020371,-0.015249,0.000000,0.000000,0.000000,1,-0.002749,6874.197754,5061.746094,-1965.261230,-0.047309,0.015924,-0.671808,1,-0.004093,6798.812012,-4978.998047,-1560.369019,0.042384,0.012553,-0.728540,1,0.004504,5932.702148,4261.983398,5346.816895,-0.047132,-0.053285,0.000000,1,0.003215,5865.111328,-3724.313477,3929.704102,0.039885,-0.037075,0.000000,-337.771973,25476.269531,5774.400391,301.232544,-3.510791,123.131714,0.000000,0.000000,0.000000,0.000000,0.000000,0.000000,0.000000,0.000000,0.000000
436,7.266667,11.027344,0.000180,-102.654419,-0.063526,-0.002356,-0.115238,-3.092825,-0.016347,-0.118203,744.234,0,0.000000,4,2,0.000000,0,0,0,0.000893,0.999997,-0.002434,-0.998811,0.001011,0.048745,-0.018814,-0.013375,0.000000,0.000000,0.000000,1,-0.002919,6867.340820,4884.295410,-1907.783691,-0.045944,0.016339,-0.365266,1,-0.004677,6777.052246,-5156.446289,-1589.257080,0.043750,0.013163,-0.480843,1,0.005243,5954.934082,4192.441895,5312.958984,-0.046593,-0.054994,0.000000,1,0.003557,5876.274902,-3793.853271,3937.619141,0.040424,-0.039238,0.000000,154.173584,25481.140625,5752.865234,376.266388,214.556335,182.191116,0.000000,0.000000,0.000000,0.000000,0.000000,0.000000,0.000000,0.000000,0.000000
437,7.283333,11.026245,0.000141,-102.655029,-0.061550,-0.002323,-0.041483,-3.093080,-0.015286,-0.044425,744.315,0,0.000000,4,2,0.000000,0,0,0,0.001071,0.999996,-0.002715,-0.998823,0.001201,0.048491,-0.016857,-0.010629,0.000000,0.000000,0.000000,1,-0.003089,6860.239258,4732.192871,-1798.804810,-0.044581,0.016239,-0.067078,1,-0.005179,6759.560547,-5308.552734,-1592.240723,0.045112,0.013557,-0.228948,1,0.005891,5972.897461,4130.310059,5170.236816,-0.046003,-0.055491,0.000000,1,0.003887,5887.170898,-3855.988281,3829.322510,0.041014,-0.040161,0.000000,573.644531,25485.378906,5587.270508,451.776550,351.254028,223.634064,0.000000,0.000000,0.000000,0.000000,0.000000,0.000000,0.000000,0.000000,0.000000
438,7.300000,11.025391,0.000104,-102.654541,-0.054195,-0.002235,0.030149,-3.093305,-0.013551,0.027491,744.396,0,0.000000,4,2,0.000000,0,0,0,0.001193,0.999995,-0.002957,-0.998834,0.001334,0.048265,-0.014506,-0.007260,0.000000,0.000000,0.000000,1,-0.003261,6852.991211,4613.089844,-1647.285034,-0.043329,0.015673,0.215272,1,-0.005581,6746.889648,-5427.658691,-1563.607666,0.046364,0.013709,0.023381,1,0.006430,5986.042480,4081.882080,4926.492188,-0.045436,-0.054818,0.000000,1,0.004204,5897.483887,-3904.410889,3612.653809,0.041581,-0.039865,0.000000,893.523438,25488.757812,5291.293945,526.915405,424.123962,242.243530,0.000000,0.000000,0.000000,0.000000,0.000000,0.000000,0.000000,0.000000,0.000000
439,7.316667,11.024658,0.000069,-102.652832,-0.042740,-0.002103,0.097986,-3.093496,-0.011456,0.095811,744.476,0,0.000000,4,2,0.000000,0,0,0,0.001253,0.999994,-0.003153,-0.998843,0.001403,0.048074,-0.011773,-0.003594,0.000000,0.000000,0.000000,1,-0.003431,6845.934570,4530.711426,-1535.322754,-0.042269,0.014946,0.433760,1,-0.005872,6739.349609,-5510.036133,-1571.589600,0.047425,0.013832,0.229708,1,0.006843,5994.020508,4051.016602,4591.560059,-0.044954,-0.053040,0.000000,1,0.004502,5906.781738,-3935.278809,3297.896484,0.042062,-0.038405,0.000000,1092.505371,25491.152344,4735.496094,606.692566,450.686432,235.946075,0.000000,0.000000,0.000000,0.000000,0.000000,0.000000,0.000000,0.000000,0.000000
440,7.333333,11.024170,0.000037,-102.650146,-0.028733,-0.001938,0.158697,-3.093650,-0.009229,0.157131,744.554,0,0.000000,4,2,0.000000,0,0,0,0.001253,0.999994,-0.003296,-0.998850,0.001410,0.047920,-0.008646,0.000019,0.000000,0.000000,0.000000,1,-0.003591,6839.682129,4485.288574,-1397.753174,-0.041452,0.014033,0.635976,1,-0.006043,6737.119629,-5555.459961,-1539.343262,0.048242,0.013802,0.437194,1,0.007119,5996.704102,4039.097412,4184.708984,-0.044603,-0.050277,0.000000,1,0.004767,5914.369141,-3947.202881,2904.972168,0.042413,-0.035898,0.000000,1176.146240,25492.603516,4100.927734,677.037842,447.718933,216.004730,0.000000,0.000000,0.000000,0.000000,0.000000,0.000000,0.000000,0.000000,0.000000
441,7.350000,11.023926,0.000007,-102.646606,-0.013655,-0.001751,0.211273,-3.093767,-0.007018,0.210372,744.631,0,0.000000,4,2,0.000000,0,0,0,0.001197,0.999994,-0.003383,-0.998856,0.001358,0.047803,-0.005178,0.003381,0.000000,0.000000,0.000000,1,-0.003730,6834.795410,4474.222168,-1233.483398,-0.040901,0.012914,0.818198,1,-0.006091,6740.197266,-5566.529297,-1457.354248,0.048793,0.013511,0.639994,1,0.007252,5994.042480,4045.199219,3720.809326,-0.044408,-0.046663,0.000000,1,0.004987,5919.700684,-3941.100342,2449.419922,0.042609,-0.032480,0.000000,1153.405273,25493.070312,3428.161377,728.807007,426.814880,181.445343,0.000000,0.000000,0.000000,0.000000,0.000000,0.000000,0.000000,0.000000,0.000000
442,7.366667,11.023926,-0.000018,-102.642334,0.001133,-0.001556,0.255224,-3.093849,-0.004910,0.254981,744.707,0,0.000000,4,2,0.000000,0,0,0,0.001093,0.999994,-0.003407,-0.998860,0.001254,0.047721,-0.001467,0.006277,0.000000,0.000000,0.000000,1,-0.003834,6831.857422,4492.658691,-1044.779785,-0.040616,0.011585,0.976546,1,-0.006015,6748.384766,-5548.090332,-1322.986328,0.049078,0.012883,0.830878,1,0.007241,5986.294434,4066.527344,3214.197266,-0.044371,-0.042342,0.000000,1,0.005148,5922.282227,-3919.770264,1946.225342,0.042646,-0.028295,0.000000,1040.908447,25492.763672,2746.092529,762.150818,396.781982,132.833557,0.000000,0.000000,0.000000,0.000000,0.000000,0.000000,0.000000,0.000000,0.000000
443,7.383333,11.024048,-0.000041,-102.637451,0.014478,-0.001363,0.290431,-3.093899,-0.002952,0.290784,744.783,0,0.000000,4,2,0.000000,0,0,0,0.000952,0.999994,-0.003367,-0.998862,0.001111,0.047672,0.002389,0.008499,0.000000,0.000000,0.000000,1,-0.003890,6831.468262,4534.254883,-836.703613,-0.040574,0.010059,1.107468,1,-0.005822,6761.218750,-5429.063477,-1139.906494,0.048498,0.011880,1.002234,1,0.007089,5973.885254,4098.933105,2678.502930,-0.044478,-0.037458,0.000000,1,0.005236,5921.607910,-3887.365479,1409.596680,0.042538,-0.023493,0.000000,783.121826,25491.720703,2076.491699,772.595093,258.266998,70.829597,0.000000,0.000000,0.000000,0.000000,0.000000,0.000000,0.000000,0.000000,0.000000
444,7.400000,11.024536,-0.000061,-102.632202,0.024518,-0.001182,0.317052,-3.093927,-0.001677,0.317855,744.857,0,0.000000,4,2,0.000000,0,0,0,0.000788,0.999994,-0.003263,-0.998864,0.000942,0.047644,0.006269,0.009845,0.000000,0.000000,0.000000,1,-0.003884,6834.270020,4583.367676,-618.475220,-0.040711,0.008376,1.208150,1,-0.005523,6778.043457,-5387.797363,-914.505066,0.048361,0.010503,1.146982,1,0.006808,5957.511719,4136.960938,2124.850342,-0.044700,-0.032148,0.000000,1,0.005236,5917.199707,-3849.336670,854.713684,0.042317,-0.018230,0.000000,585.137939,25490.197266,1420.287842,757.372314,264.305511,21.291418,0.000000,0.000000,0.000000,0.000000,0.000000,0.000000,0.000000,0.000000,0.000000
445,7.416667,11.025146,-0.000078,-102.626587,0.032019,-0.001019,0.335261,-3.093934,-0.000374,0.336401,744.930,0,0.000000,4,2,0.000000,0,0,0,0.000613,0.999995,-0.003095,-0.998864,0.000760,0.047638,0.010052,0.010485,0.000000,0.000000,0.000000,1,-0.003807,6840.419922,4641.463867,-395.085480,-0.040990,0.006577,1.277116,1,-0.005128,6798.377930,-5329.701172,-661.586365,0.048082,0.008798,1.258971,1,0.006409,5937.647949,4176.091309,1567.264160,-0.044998,-0.026554,0.000000,1,0.005142,5909.113770,-3810.206787,292.451538,0.042019,-0.012646,0.000000,360.239258,25488.410156,786.742004,710.396790,255.607269,-29.173275,0.000000,0.000000,0.000000,0.000000,0.000000,0.000000,0.000000,0.000000,0.000000
446,7.433333,11.025757,-0.000093,-102.620850,0.036638,-0.000880,0.345348,-3.093920,0.000884,0.346697,745.002,0,0.000000,4,2,0.000000,0,0,0,0.000440,0.999996,-0.002869,-0.998864,0.000576,0.047653,0.013579,0.010390,0.000000,0.000000,0.000000,1,-0.003652,6850.045898,4702.147461,-174.246307,-0.041366,0.004713,1.313615,1,-0.004654,6821.375000,-5269.017578,-394.667816,0.047706,0.006841,1.334202,1,0.005909,5915.169922,4211.853516,1017.356140,-0.045329,-0.020812,0.000000,1,0.004949,5897.389648,-3774.444092,-265.151672,0.041687,-0.006880,0.000000,138.044189,25486.539062,176.877106,638.036621,241.920380,-69.783813,0.000000,0.000000,0.000000,0.000000,0.000000,0.000000,0.000000,0.000000,0.000000
447,7.450000,11.026367,-0.000105,-102.615112,0.038408,-0.000768,0.347615,-3.093886,0.002074,0.349048,745.073,0,0.000000,4,2,0.000000,0,0,0,0.000278,0.999997,-0.002590,-0.998862,0.000401,0.047688,0.016728,0.009690,0.000000,0.000000,0.000000,1,-0.003418,6863.036621,4760.487793,37.214661,-0.041797,0.002841,1.318019,1,-0.004116,6846.370117,-5210.678223,-127.203217,0.047276,0.004724,1.370641,1,0.005328,5890.806641,4240.713379,486.253235,-0.045655,-0.015053,0.000000,1,0.004658,5882.383301,-3745.583252,-806.689758,0.041362,-0.001063,0.000000,-64.464355,25484.955078,-407.851440,549.826660,217.097488,-98.356674,0.000000,0.000000,0.000000,0.000000,0.000000,0.000000,0.000000,0.000000,0.000000
448,7.466667,11.026978,-0.000117,-102.609375,0.037581,-0.000679,0.342386,-3.093834,0.003141,0.343788,745.143,0,0.000000,4,2,0.000000,0,0,0,0.000136,0.999997,-0.002266,-0.998860,0.000244,0.047740,0.019425,0.008546,0.000000,0.000000,0.000000,1,-0.003109,6879.094727,4812.459473,233.555359,-0.042239,0.001012,1.291690,1,-0.003532,6872.657227,-5158.706055,128.904083,0.046833,0.002543,1.368208,1,0.004683,5865.221680,4260.370117,-15.638367,-0.045939,-0.009403,0.000000,1,0.004277,5864.504395,-3725.927734,-1321.207764,0.041078,0.004675,0.000000,-234.503174,25483.660156,-964.326477,451.172394,180.089676,-119.759956,0.000000,0.000000,0.000000,0.000000,0.000000,0.000000,0.000000,0.000000,0.000000
449,7.483333,11.027588,-0.000127,-102.603882,0.034575,-0.000610,0.330023,-3.093767,0.004025,0.331297,745.211,0,0.000000,4,2,0.000000,0,0,0,0.000018,0.999998,-0.001906,-0.998857,0.000109,0.047807,0.021621,0.007056,0.000000,0.000000,0.000000,1,-0.002728,6897.903320,4855.129883,410.405090,-0.042659,-0.000725,1.236826,1,-0.002917,6899.592773,-5116.035645,363.974609,0.046413,0.000392,1.328553,1,0.003994,5839.098633,4269.729492,-478.704834,-0.046155,-0.003976,0.000000,1,0.003812,5844.207031,-3716.566406,-1798.369141,0.040862,0.010213,0.000000,-363.766357,25482.867188,-1487.036865,338.695435,132.677048,-125.751457,0.000000,0.000000,0.000000,0.000000,0.000000,0.000000,0.000000,0.000000,0.000000
450,7.500000,11.028076,-0.000136,-102.598755,0.029911,-0.000558,0.310959,-3.093689,0.004676,0.312033,745.279,0,0.000000,4,2,0.000000,0,0,0,-0.000073,0.999999,-0.001518,-0.998853,-0.000000,0.047885,0.023253,0.005430,0.000000,0.000000,0.000000,1,-0.002287,6918.846191,4886.814453,564.745422,-0.043028,-0.002328,1.156259,1,-0.002287,6926.632324,-5084.351562,570.787781,0.046044,-0.001646,1.254734,1,0.003278,5812.979492,4268.897461,-894.297424,-0.046288,0.001116,0.000000,1,0.003278,5822.193848,-3717.400391,-2228.709473,0.040729,0.015436,0.000000,-448.727539,25482.628906,-1968.273315,226.898346,74.760338,-129.010040,0.000000,0.000000,0.000000,0.000000,0.000000,0.000000,0.000000,0.000000,0.000000
451,7.516667,11.028442,-0.000145,-102.593994,0.024158,-0.000514,0.285724,-3.093605,0.005043,0.286553,745.346,0,0.000000,4,2,0.000000,0,0,0,-0.000135,0.999999,-0.001113,-0.998849,-0.000081,0.047969,0.024327,0.003709,0.000000,0.000000,0.000000,1,-0.001796,6941.425293,4906.801270,694.754761,-0.043327,-0.003768,1.053261,1,-0.001655,6953.138184,-5064.362793,744.705444,0.045745,-0.003504,1.150858,1,0.002552,5787.418457,4259.014648,-1254.915894,-0.046331,0.005777,0.000000,1,0.002688,5798.971191,-3727.284180,-2603.779541,0.040685,0.020237,0.000000,-489.788574,25482.810547,-2398.526367,109.666023,13.603152,-117.467209,0.000000,0.000000,0.000000,0.000000,0.000000,0.000000,0.000000,0.000000,0.000000
452,7.533333,11.028687,-0.000153,-102.589722,0.017879,-0.000474,0.254974,-3.093520,0.005109,0.255538,745.412,0,0.000000,4,2,0.000000,0,0,0,-0.000170,1.000000,-0.000699,-0.998845,-0.000136,0.048054,0.024822,0.002098,0.000000,0.000000,0.000000,1,-0.001270,6964.934082,4915.546875,799.578979,-0.043543,-0.005020,0.931368,1,-0.001033,6978.767090,-5055.617188,883.166016,0.045529,-0.005132,1.021706,1,0.001832,5762.870117,4241.968262,-1554.387329,-0.046290,0.009919,0.000000,1,0.002059,5775.322754,-3744.328613,-2916.571045,0.040727,0.024521,0.000000,-491.142822,25483.683594,-2767.829102,-2.053818,-48.450493,-106.137459,0.000000,0.000000,0.000000,0.000000,0.000000,0.000000,0.000000,0.000000,0.000000
453,7.550000,11.028809,-0.000160,-102.586060,0.011582,-0.000430,0.219489,-3.093439,0.004869,0.219792,745.478,0,0.000000,4,2,0.000000,0,0,0,-0.000180,1.000000,-0.000286,-0.998841,-0.000166,0.048135,0.024765,0.000597,0.000000,0.000000,0.000000,1,-0.000722,6988.765137,4914.168457,879.040771,-0.043675,-0.006072,0.794241,1,-0.000434,7002.994141,-5056.995605,985.477112,0.045397,-0.006495,0.872430,1,0.001132,5739.711426,4220.132812,-1788.041748,-0.046175,0.013469,0.000000,1,0.001409,5751.769531,-3766.164307,-3161.616943,0.040841,0.028206,0.000000,-459.285156,25484.896484,-3066.602539,-111.383423,-106.076370,-86.748413,0.000000,0.000000,0.000000,0.000000,0.000000,0.000000,0.000000,0.000000,0.000000
454,7.566667,11.028931,-0.000166,-102.583130,0.005694,-0.000377,0.180174,-3.093367,0.004347,0.180239,745.542,0,0.000000,4,2,0.000000,0,0,0,-0.000169,1.000000,0.000117,-0.998837,-0.000174,0.048207,0.024171,-0.000677,0.000000,0.000000,0.000000,1,-0.000169,7012.221191,4847.365723,933.374634,-0.043301,-0.006913,0.645565,1,0.000134,7025.511230,-5066.716309,1052.242065,0.045347,-0.007573,0.708285,1,0.000464,5718.322754,4196.105469,-1952.856201,-0.046006,0.016367,0.000000,1,0.000754,5728.998047,-3790.191650,-3335.264404,0.041010,0.031225,0.000000,-345.552002,25486.568359,-3289.680420,-212.473618,-75.942116,-58.311928,0.000000,0.000000,0.000000,0.000000,0.000000,0.000000,0.000000,0.000000,0.000000
455,7.583333,11.028931,-0.000171,-102.580688,0.001264,-0.000309,0.137998,-3.093300,0.003973,0.137898,745.605,0,0.000000,4,2,0.000000,0,0,0,-0.000142,1.000000,0.000501,-0.998834,-0.000166,0.048273,0.023086,-0.001595,0.000000,0.000000,0.000000,1,0.000374,7034.546387,4815.675781,964.782898,-0.043018,-0.007546,0.488992,1,0.000662,7046.098633,-5076.252441,1083.297974,0.045346,-0.008354,0.534437,1,-0.000164,5698.809570,4172.793945,-2046.161499,-0.045806,0.018567,0.000000,1,0.000113,5707.655273,-3813.502197,-3437.090332,0.041211,0.033536,0.000000,-264.427979,25488.406250,-3426.406738,-307.216614,-102.977188,-31.220514,0.000000,0.000000,0.000000,0.000000,0.000000,0.000000,0.000000,0.000000,0.000000
456,7.600000,11.028931,-0.000175,-102.579102,-0.002126,-0.000224,0.094070,-3.093243,0.003466,0.093857,745.667,0,0.000000,4,2,0.000000,0,0,0,-0.000106,1.000000,0.000860,-0.998831,-0.000147,0.048331,0.021541,-0.002171,0.000000,0.000000,0.000000,1,0.000889,7055.113281,4805.471191,972.626465,-0.042984,-0.007970,0.327855,1,0.001145,7064.538086,-5053.208008,1082.057983,0.045140,-0.008841,0.356075,1,-0.000742,5681.450195,4152.306152,-2069.022461,-0.045597,0.020043,0.000000,1,-0.000496,5688.305176,-3833.990479,-3466.606934,0.041420,0.035108,0.000000,-238.734375,25490.458984,-3473.468750,-395.006256,-200.449493,-15.587993,0.000000,0.000000,0.000000,0.000000,0.000000,0.000000,0.000000,0.000000,0.000000
457,7.616667,11.028809,-0.000177,-102.578369,-0.005187,-0.000120,0.049538,-3.093201,0.002480,0.049229,745.729,0,0.000000,4,2,0.000000,0,0,0,-0.000063,0.999999,0.001186,-0.998829,-0.000120,0.048372,0.019565,-0.002564,0.000000,0.000000,0.000000,1,0.001365,7073.516602,4790.033203,955.691406,-0.042912,-0.008181,0.165578,1,0.001574,7080.389648,-5075.062988,1053.022095,0.045213,-0.009051,0.177894,1,-0.001261,5666.620117,4135.899414,-2024.857910,-0.045399,0.020793,0.000000,1,-0.001060,5671.235840,-3850.397705,-3424.503906,0.041618,0.035926,0.000000,-166.904053,25492.500000,-3436.599121,-472.076996,-215.575089,0.047107,0.000000,0.000000,0.000000,0.000000,0.000000,0.000000,0.000000,0.000000,0.000000
458,7.633333,11.028687,-0.000177,-102.578125,-0.007327,0.000005,0.005479,-3.093178,0.001419,0.005118,745.789,0,0.000000,4,2,0.000000,0,0,0,-0.000017,0.999999,0.001473,-0.998828,-0.000088,0.048396,0.017212,-0.002771,0.000000,0.000000,0.000000,1,0.001790,7089.299316,4774.375977,916.010010,-0.042815,-0.008181,0.005762,1,0.001943,7093.438965,-5090.719727,997.853394,0.045310,-0.009000,0.003932,1,-0.001712,5654.505371,4124.820801,-1916.582153,-0.045230,0.020826,0.000000,1,-0.001566,5656.822754,-3861.476807,-3315.261963,0.041787,0.035999,0.000000,-107.639160,25494.431641,-3316.657715,-534.839661,-221.293518,15.669115,0.000000,0.000000,0.000000,0.000000,0.000000,0.000000,0.000000,0.000000,0.000000
459,7.650000,11.028564,-0.000174,-102.578735,-0.008707,0.000149,-0.037042,-3.093172,0.000329,-0.037420,745.849,0,0.000000,4,2,0.000000,0,0,0,0.000030,0.999999,0.001716,-0.998828,-0.000053,0.048401,0.014552,-0.002783,0.000000,0.000000,0.000000,1,0.002154,7102.103027,4759.272949,854.713562,-0.042703,-0.007979,-0.148287,1,0.002246,7103.536133,-5105.823730,919.523499,0.045422,-0.008708,-0.162011,1,-0.002091,5645.194336,4119.470215,-1749.309204,-0.045102,0.020171,0.000000,1,-0.002002,5645.335449,-3866.826904,-3144.120117,0.041915,0.035353,0.000000,-57.175293,25496.109375,-3120.081543,-592.135254,-208.384232,28.056549,0.000000,0.000000,0.000000,0.000000,0.000000,0.000000,0.000000,0.000000,0.000000
460,7.666667,11.028564,-0.000169,-102.580078,-0.009440,0.000311,-0.077043,-3.093184,-0.000697,-0.077410,745.908,0,0.000000,4,2,0.000000,0,0,0,0.000074,0.999998,0.001909,-0.998828,-0.000019,0.048390,0.011613,-0.002646,0.000000,0.000000,0.000000,1,0.002447,7111.590820,4745.759277,846.542603,-0.042588,-0.007824,-0.251586,1,0.002480,7110.481934,-5119.336914,893.912903,0.045536,-0.008440,-0.274730,1,-0.002392,5638.866211,4119.684082,-1529.227783,-0.045022,0.018868,0.000000,1,-0.002360,5637.020020,-3866.612793,-2917.826660,0.041995,0.034031,0.000000,-10.606934,25497.416016,-2709.257812,-649.718933,-181.474838,35.529640,0.000000,0.000000,0.000000,0.000000,0.000000,0.000000,0.000000,0.000000,0.000000
461,7.683333,11.028442,-0.000161,-102.581909,-0.009576,0.000486,-0.111777,-3.093210,-0.001590,-0.112110,745.966,0,0.000000,4,2,0.000000,0,0,0,0.000114,0.999998,0.002049,-0.998830,0.000015,0.048363,0.008390,-0.002429,0.000000,0.000000,0.000000,1,0.002663,7117.500488,4734.513184,819.664917,-0.042479,-0.007638,-0.353698,1,0.002637,7113.989258,-5130.582520,850.088135,0.045646,-0.008126,-0.383726,1,-0.002606,5635.838867,4124.861328,-1271.263184,-0.044993,0.017006,0.000000,1,-0.002631,5632.148438,-3861.435547,-2651.941895,0.042024,0.032125,0.000000,23.504883,25498.443359,-2257.226562,-695.077698,-141.173004,40.040443,0.000000,0.000000,0.000000,0.000000,0.000000,0.000000,0.000000,0.000000,0.000000
462,7.700000,11.028320,-0.000150,-102.584229,-0.009275,0.000670,-0.140716,-3.093249,-0.002285,-0.141001,746.023,0,0.000000,4,2,0.000000,0,0,0,0.000150,0.999998,0.002132,-0.998832,0.000047,0.048325,0.004942,-0.002169,0.000000,0.000000,0.000000,1,0.002795,7119.611328,4726.023438,767.590820,-0.042382,-0.007348,-0.451904,1,0.002714,7113.857422,-5139.072266,782.069519,0.045743,-0.007703,-0.486353,1,-0.002730,5636.187500,4133.963867,-985.275391,-0.045011,0.014678,0.000000,1,-0.002808,5630.794434,-3852.332764,-2357.117676,0.042005,0.029733,0.000000,44.630859,25498.833984,-1796.982910,-723.478577,-93.983658,44.628117,0.000000,0.000000,0.000000,0.000000,0.000000,0.000000,0.000000,0.000000,0.000000
463,7.716667,11.028076,-0.000136,-102.586914,-0.008702,0.000857,-0.163754,-3.093295,-0.002748,-0.163985,746.080,0,0.000000,4,2,0.000000,0,0,0,0.000181,0.999998,0.002154,-0.998834,0.000077,0.048279,0.001355,-0.001857,0.000000,0.000000,0.000000,1,0.002840,7117.894531,4720.474121,688.382263,-0.042302,-0.006903,-0.542541,1,0.002706,7110.118164,-5144.622559,688.324158,0.045822,-0.007126,-0.579095,1,-0.002759,5639.952637,4145.800293,-680.182922,-0.045071,0.011981,0.000000,1,-0.002887,5633.047363,-3840.496826,-2043.011719,0.041946,0.026959,0.000000,53.698975,25498.863281,-1350.647949,-729.197449,-43.535179,51.244999,0.000000,0.000000,0.000000,0.000000,0.000000,0.000000,0.000000,0.000000,0.000000
464,7.733333,11.027954,-0.000118,-102.589966,-0.008014,0.001045,-0.181070,-3.093344,-0.002963,-0.181248,746.135,0,0.000000,4,2,0.000000,0,0,0,0.000205,0.999998,0.002117,-0.998836,0.000103,0.048230,-0.002257,-0.001455,0.000000,0.000000,0.000000,1,0.002795,7112.312988,4717.843750,584.228210,-0.042244,-0.006278,-0.621667,1,0.002616,7102.893066,-5086.907715,571.287476,0.045441,-0.006375,-0.658212,1,-0.002695,5646.903809,4159.072754,-363.875153,-0.045162,0.009005,0.000000,1,-0.002866,5638.833008,-3827.225342,-1718.216064,0.041855,0.023902,0.000000,-7.515869,25498.230469,-927.282349,-715.924194,-79.342857,43.145039,0.000000,0.000000,0.000000,0.000000,0.000000,0.000000,0.000000,0.000000,0.000000
465,7.750000,11.027832,-0.000098,-102.593140,-0.008110,0.001226,-0.192958,-3.093400,-0.003354,-0.193127,746.190,0,0.000000,4,2,0.000000,0,0,0,0.000224,0.999998,0.002020,-0.998839,0.000127,0.048174,-0.005807,-0.001160,0.000000,0.000000,0.000000,1,0.002664,7103.210938,4710.990234,458.535583,-0.042184,-0.005468,-0.685655,1,0.002443,7092.194824,-5040.226074,438.225769,0.045024,-0.005462,-0.720320,1,-0.002536,5657.058594,4172.081055,-44.815552,-0.045272,0.005844,0.000000,1,-0.002748,5647.781250,-3814.216553,-1388.910034,0.041745,0.020647,0.000000,-54.462891,25496.994141,-534.950317,-675.890686,-88.356606,36.096752,0.000000,0.000000,0.000000,0.000000,0.000000,0.000000,0.000000,0.000000,0.000000
466,7.766667,11.027710,-0.000074,-102.596436,-0.008808,0.001394,-0.199817,-3.093463,-0.003789,-0.200011,746.245,0,0.000000,4,2,0.000000,0,0,0,0.000240,0.999998,0.001867,-0.998842,0.000150,0.048111,-0.009160,-0.000947,0.000000,0.000000,0.000000,1,0.002452,7090.977051,4699.430664,318.869080,-0.042108,-0.004496,-0.731376,1,0.002191,7078.321777,-4990.772461,295.932587,0.044582,-0.004416,-0.763089,1,-0.002289,5670.065430,4183.599121,270.664307,-0.045388,0.002580,0.000000,1,-0.002539,5659.532227,-3802.699219,-1061.882080,0.041629,0.017278,0.000000,-97.941162,25495.156250,-171.891235,-609.913635,-95.554741,26.720434,0.000000,0.000000,0.000000,0.000000,0.000000,0.000000,0.000000,0.000000,0.000000
467,7.783333,11.027588,-0.000049,-102.599731,-0.010064,0.001543,-0.202020,-3.093534,-0.004259,-0.202273,746.298,0,0.000000,4,2,0.000000,0,0,0,0.000254,0.999998,0.001664,-0.998845,0.000174,0.048040,-0.012189,-0.000837,0.000000,0.000000,0.000000,1,0.002169,7076.098633,4681.832520,173.249100,-0.042002,-0.003401,-0.756798,1,0.001867,7061.683594,-5022.746582,151.985504,0.044688,-0.003281,-0.785178,1,-0.001959,5685.478516,4192.622070,576.526550,-0.045497,-0.000709,0.000000,1,-0.002249,5673.548340,-3793.676758,-743.119263,0.041520,0.013870,0.000000,-50.343262,25492.613281,161.258789,-525.125793,15.007632,25.713242,0.000000,0.000000,0.000000,0.000000,0.000000,0.000000,0.000000,0.000000,0.000000
468,7.800000,11.027466,-0.000021,-102.603027,-0.010710,0.001666,-0.199953,-3.093604,-0.004185,-0.200239,746.350,0,0.000000,4,2,0.000000,0,0,0,0.000266,0.999999,0.001417,-0.998849,0.000197,0.047971,-0.014795,-0.000705,0.000000,0.000000,0.000000,1,0.001824,7058.995117,4666.669922,31.946411,-0.041885,-0.002245,-0.761057,1,0.001481,7042.868164,-5037.911133,10.860031,0.044805,-0.002099,-0.786346,1,-0.001560,5702.708984,4199.020996,869.089661,-0.045591,-0.003961,0.000000,1,-0.001889,5689.418457,-3787.278320,-440.196716,0.041425,0.010502,0.000000,-17.826416,25489.390625,473.111267,-428.073883,86.698441,25.394869,0.000000,0.000000,0.000000,0.000000,0.000000,0.000000,0.000000,0.000000,0.000000
469,7.816667,11.027344,0.000008,-102.606323,-0.010938,0.001756,-0.193888,-3.093667,-0.003758,-0.194191,746.402,0,0.000000,4,2,0.000000,0,0,0,0.000274,0.999999,0.001136,-0.998852,0.000220,0.047908,-0.016918,-0.000535,0.000000,0.000000,0.000000,1,0.001427,7040.209473,4653.891113,-98.848129,-0.041769,-0.001084,-0.744779,1,0.001045,7022.532715,-5050.689941,-121.124084,0.044921,-0.000918,-0.767004,1,-0.001105,5721.218750,4202.622559,1143.082764,-0.045665,-0.007114,0.000000,1,-0.001471,5706.726074,-3783.674072,-158.458832,0.041351,0.007245,0.000000,14.508789,25485.835938,764.846130,-326.550751,137.526505,25.871151,0.000000,0.000000,0.000000,0.000000,0.000000,0.000000,0.000000,0.000000,0.000000
470,7.833333,11.027222,0.000038,-102.609375,-0.010752,0.001809,-0.184082,-3.093718,-0.003081,-0.184387,746.453,0,0.000000,4,2,0.000000,0,0,0,0.000280,1.000000,0.000827,-0.998854,0.000240,0.047857,-0.018535,-0.000315,0.000000,0.000000,0.000000,1,0.000991,7020.201172,4644.198730,-214.444809,-0.041664,0.000030,-0.709493,1,0.000574,7001.244629,-5060.381836,-239.194580,0.045026,0.000216,-0.728480,1,-0.000607,5740.455566,4203.650391,1393.618042,-0.045716,-0.010109,0.000000,1,-0.001007,5725.016602,-3782.646973,97.012543,0.041301,0.004163,0.000000,44.812256,25481.910156,1036.043945,-218.636871,168.389084,23.477875,0.000000,0.000000,0.000000,0.000000,0.000000,0.000000,0.000000,0.000000,0.000000
471,7.850000,11.027100,0.000069,-102.612183,-0.010178,0.001820,-0.170799,-3.093755,-0.002252,-0.171091,746.503,0,0.000000,4,2,0.000000,0,0,0,0.000281,1.000000,0.000500,-0.998856,0.000257,0.047819,-0.019614,-0.000080,0.000000,0.000000,0.000000,1,0.000526,6999.533691,4637.931152,-311.963257,-0.041578,0.001053,-0.657406,1,0.000080,6979.574219,-5066.648438,-339.985718,0.045113,0.001263,-0.672796,1,-0.000082,5759.898438,4202.446289,1616.123779,-0.045743,-0.012893,0.000000,1,-0.000510,5743.730469,-3783.851807,321.682281,0.041274,0.001317,0.000000,71.599609,25477.656250,1283.910767,-110.105965,179.477081,20.543144,0.000000,0.000000,0.000000,0.000000,0.000000,0.000000,0.000000,0.000000,0.000000
472,7.866667,11.026978,0.000099,-102.614746,-0.009260,0.001786,-0.154339,-3.093778,-0.001369,-0.154605,746.553,0,0.000000,4,2,0.000000,0,0,0,0.000278,1.000000,0.000164,-0.998857,0.000270,0.047796,-0.020154,0.000161,0.000000,0.000000,0.000000,1,0.000046,6978.764648,4635.074219,-390.166626,-0.041514,0.001956,-0.591146,1,-0.000423,6958.098145,-5011.140137,-421.467346,0.044764,0.002192,-0.602463,1,0.000456,5779.075684,4198.245605,1806.450195,-0.045743,-0.015413,0.000000,1,0.000005,5762.422363,-3786.788330,511.682709,0.041269,-0.001241,0.000000,36.654541,25473.351562,1506.476074,-7.050553,91.369904,9.454828,0.000000,0.000000,0.000000,0.000000,0.000000,0.000000,0.000000,0.000000,0.000000
473,7.883333,11.026855,0.000127,-102.617065,-0.008790,0.001706,-0.135025,-3.093794,-0.000919,-0.135291,746.602,0,0.000000,4,2,0.000000,0,0,0,0.000273,1.000000,-0.000173,-0.998858,0.000281,0.047781,-0.020184,0.000291,0.000000,0.000000,0.000000,1,-0.000435,6958.535156,4628.791504,-450.850891,-0.041452,0.002725,-0.513521,1,-0.000924,6937.229980,-5029.572266,-481.033997,0.044826,0.002973,-0.520289,1,0.000994,5797.663574,4194.618164,1959.681030,-0.045728,-0.017618,0.000000,1,0.000525,5780.529785,-3787.583008,665.313721,0.041269,-0.003471,0.000000,74.651611,25469.164062,1691.480469,88.297646,118.124580,9.114135,0.000000,0.000000,0.000000,0.000000,0.000000,0.000000,0.000000,0.000000,0.000000
474,7.900000,11.026733,0.000153,-102.618896,-0.007833,0.001582,-0.113339,-3.093799,-0.000337,-0.113583,746.650,0,0.000000,4,2,0.000000,0,0,0,0.000266,1.000000,-0.000502,-0.998858,0.000289,0.047775,-0.019740,0.000459,0.000000,0.000000,0.000000,1,-0.000906,6939.140137,4625.668945,-492.329956,-0.041404,0.003346,-0.427076,1,-0.001410,6917.478027,-5032.695312,-521.342407,0.044874,0.003598,-0.429457,1,0.001520,5815.159668,4189.053223,2074.746582,-0.045697,-0.019469,0.000000,1,0.001037,5797.815430,-3795.428955,778.726562,0.041300,-0.005332,0.000000,101.284424,25465.105469,1837.063721,177.458603,103.966705,6.577099,0.000000,0.000000,0.000000,0.000000,0.000000,0.000000,0.000000,0.000000,0.000000
475,7.916667,11.026611,0.000177,-102.620361,-0.006534,0.001413,-0.089787,-3.093796,0.000174,-0.089996,746.698,0,0.000000,4,2,0.000000,0,0,0,0.000255,1.000000,-0.000816,-0.998858,0.000294,0.047778,-0.018852,0.000630,0.000000,0.000000,0.000000,1,-0.001358,6921.037109,4624.730957,-516.236084,-0.041370,0.003816,-0.334603,1,-0.001869,6899.318359,-5001.877441,-542.809875,0.044682,0.004062,-0.332767,1,0.002021,5831.236816,4183.452148,2149.639893,-0.045654,-0.020936,0.000000,1,0.001530,5813.921387,-3801.030029,850.961792,0.041343,-0.006795,0.000000,87.494385,25461.492188,1939.593018,257.446899,44.061188,-0.460756,0.000000,0.000000,0.000000,0.000000,0.000000,0.000000,0.000000,0.000000,0.000000
476,7.933333,11.026489,0.000197,-102.621582,-0.005412,0.001205,-0.064921,-3.093790,0.000391,-0.065104,746.745,0,0.000000,4,2,0.000000,0,0,0,0.000243,0.999999,-0.001109,-0.998858,0.000296,0.047784,-0.017568,0.000736,0.000000,0.000000,0.000000,1,-0.001780,6904.628418,4622.204590,-524.761963,-0.041340,0.004139,-0.238655,1,-0.002294,6882.995605,-5010.811523,-545.866272,0.044711,0.004365,-0.232958,1,0.002488,5845.650879,4177.860352,2183.050537,-0.045605,-0.021994,0.000000,1,0.001995,5828.454590,-3806.622070,882.435730,0.041392,-0.007841,0.000000,112.672119,25458.250000,1991.750732,324.281525,44.999088,-0.688618,0.000000,0.000000,0.000000,0.000000,0.000000,0.000000,0.000000,0.000000,0.000000
477,7.950000,11.026367,0.000213,-102.622192,-0.003968,0.000962,-0.039385,-3.093780,0.000613,-0.039529,746.791,0,0.000000,4,2,0.000000,0,0,0,0.000229,0.999999,-0.001374,-0.998857,0.000294,0.047794,-0.015951,0.000869,0.000000,0.000000,0.000000,1,-0.002163,6890.139160,4621.659668,-517.995056,-0.041320,0.004320,-0.141468,1,-0.002675,6868.900879,-5011.356445,-533.259949,0.044732,0.004513,-0.132704,1,0.002912,5858.126465,4172.828125,2176.234375,-0.045553,-0.022632,0.000000,1,0.002421,5841.305664,-3811.654541,873.096802,0.041444,-0.008462,0.000000,123.987549,25455.666016,1994.429932,387.220154,32.517422,-4.180350,0.000000,0.000000,0.000000,0.000000,0.000000,0.000000,0.000000,0.000000,0.000000
478,7.966667,11.026367,0.000225,-102.622437,-0.002378,0.000692,-0.013816,-3.093767,0.000773,-0.013913,746.836,0,0.000000,4,2,0.000000,0,0,0,0.000212,0.999999,-0.001608,-0.998856,0.000289,0.047807,-0.014022,0.000980,0.000000,0.000000,0.000000,1,-0.002501,6877.888184,4622.433594,-497.282166,-0.041310,0.004366,-0.045265,1,-0.003004,6857.264160,-5010.582520,-506.383789,0.044742,0.004517,-0.034282,1,0.003284,5868.394531,4168.615234,2130.618896,-0.045504,-0.022848,0.000000,1,0.002802,5852.164551,-3815.866211,824.815491,0.041493,-0.008657,0.000000,128.667725,25453.632812,1947.844482,435.682373,19.832216,-8.020772,0.000000,0.000000,0.000000,0.000000,0.000000,0.000000,0.000000,0.000000,0.000000
479,7.983333,11.026367,0.000231,-102.622192,-0.000729,0.000399,0.011157,-3.093752,0.000871,0.011110,746.881,0,0.000000,4,2,0.000000,0,0,0,0.000195,0.999998,-0.001806,-0.998856,0.000281,0.047822,-0.011853,0.001057,0.000000,0.000000,0.000000,1,-0.002788,6868.051758,4624.340332,-463.763519,-0.041309,0.004283,0.047928,1,-0.003276,6848.249512,-5004.728516,-466.802124,0.044707,0.004388,0.060234,1,0.003599,5876.397461,4165.369629,2048.696777,-0.045460,-0.022653,0.000000,1,0.003131,5860.873047,-3819.112305,740.247986,0.041537,-0.008437,0.000000,122.962646,25452.285156,1854.620850,477.186737,0.781599,-12.448196,0.000000,0.000000,0.000000,0.000000,0.000000,0.000000,0.000000,0.000000,0.000000
480,8.000000,11.026367,0.000233,-102.621582,0.000848,0.000093,0.034934,-3.093738,0.000875,0.034934,746.925,0,0.000000,4,2,0.000000,0,0,0,0.000176,0.999998,-0.001964,-0.998855,0.000270,0.047836,-0.009479,0.001091,0.000000,0.000000,0.000000,1,-0.003017,6860.834961,4618.249512,-491.756256,-0.041255,0.004324,0.094409,1,-0.003486,6841.986328,-5002.464355,-488.910828,0.044700,0.004380,0.107156,1,0.003852,5881.971680,4163.157715,1933.701660,-0.045423,-0.022065,0.000000,1,0.003401,5867.266602,-3821.324463,623.002747,0.041574,-0.007825,0.000000,117.724121,25451.597656,1572.205444,522.204956,2.689468,-15.301926,0.000000,0.000000,0.000000,0.000000,0.000000,0.000000,0.000000,0.000000,0.000000
481,8.016666,11.026367,0.000229,-102.620605,0.002357,-0.000218,0.055090,-3.093723,0.000888,0.055139,746.969,0,0.000000,4,2,0.000000,0,0,0,0.000158,0.999998,-0.002078,-0.998855,0.000257,0.047851,-0.006882,0.001103,0.000000,0.000000,0.000000,1,-0.003183,6856.458496,4608.855469,-508.112183,-0.041171,0.004404,0.144958,1,-0.003630,6838.710449,-4998.728516,-500.683655,0.044683,0.004415,0.157292,1,0.004036,5884.892090,4161.994629,1797.726074,-0.045395,-0.021145,0.000000,1,0.003607,5871.127930,-3822.487305,484.701782,0.041602,-0.006881,0.000000,111.252686,25451.585938,1269.762207,555.517822,7.850241,-18.412815,0.000000,0.000000,0.000000,0.000000,0.000000,0.000000,0.000000,0.000000,0.000000
482,8.033334,11.026489,0.000220,-102.619385,0.003783,-0.000529,0.071369,-3.093708,0.000927,0.071467,747.012,0,0.000000,4,2,0.000000,0,0,0,0.000140,0.999998,-0.002147,-0.998854,0.000242,0.047866,-0.004120,0.001087,0.000000,0.000000,0.000000,1,-0.003282,6855.043945,4617.588379,-505.002289,-0.041200,0.004444,0.197884,1,-0.003704,6838.508789,-4993.239746,-480.636536,0.044654,0.004294,0.209138,1,0.004147,5885.076660,4161.888184,1647.444580,-0.045377,-0.019959,0.000000,1,0.003743,5872.317871,-3822.593506,331.887085,0.041620,-0.005669,0.000000,83.879395,25452.203125,990.812134,571.681702,1.220179,-27.067860,0.000000,0.000000,0.000000,0.000000,0.000000,0.000000,0.000000,0.000000,0.000000
483,8.050000,11.026611,0.000206,-102.618042,0.004859,-0.000830,0.084072,-3.093692,0.000933,0.084206,747.055,0,0.000000,4,2,0.000000,0,0,0,0.000124,0.999998,-0.002168,-0.998853,0.000227,0.047882,-0.001282,0.000955,0.000000,0.000000,0.000000,1,-0.003312,6856.689941,4623.209473,-480.264191,-0.041237,0.004387,0.250358,1,-0.003708,6841.238770,-4987.618652,-458.161133,0.044617,0.004219,0.258071,1,0.004185,5882.648438,4162.122070,1487.424194,-0.045367,-0.018566,0.000000,1,0.003806,5870.762695,-3822.359619,169.459625,0.041630,-0.004250,0.000000,59.019775,25453.417969,716.452271,568.192688,-17.266365,-30.081795,0.000000,0.000000,0.000000,0.000000,0.000000,0.000000,0.000000,0.000000,0.000000
484,8.066667,11.026733,0.000188,-102.616455,0.005615,-0.001118,0.093257,-3.093678,0.000848,0.093417,747.096,0,0.000000,4,2,0.000000,0,0,0,0.000111,0.999998,-0.002143,-0.998852,0.000213,0.047896,0.001538,0.000779,0.000000,0.000000,0.000000,1,-0.003271,6861.262207,4628.304688,-433.632477,-0.041277,0.004196,0.299237,1,-0.003642,6846.790039,-4982.522949,-414.423553,0.044577,0.004027,0.303737,1,0.004151,5877.776367,4163.034180,1322.631592,-0.045364,-0.017024,0.000000,1,0.003795,5866.651367,-3820.756104,2.870987,0.041630,-0.002684,0.000000,34.794922,25455.367188,476.324097,549.766357,-30.599560,-31.906424,0.000000,0.000000,0.000000,0.000000,0.000000,0.000000,0.000000,0.000000,0.000000
485,8.083333,11.026855,0.000165,-102.614746,0.006061,-0.001383,0.099364,-3.093666,0.000697,0.099537,747.137,0,0.000000,4,2,0.000000,0,0,0,0.000101,0.999998,-0.002072,-0.998852,0.000200,0.047908,0.004265,0.000569,0.000000,0.000000,0.000000,1,-0.003162,6868.613770,4605.481445,-368.696686,-0.041141,0.003861,0.341338,1,-0.003511,6854.980469,-4978.360840,-352.878754,0.044538,0.003702,0.343047,1,0.004046,5870.599121,4163.469238,1156.589966,-0.045364,-0.015383,0.000000,1,0.003712,5860.113770,-3819.828369,-164.297989,0.041626,-0.001023,0.000000,42.174561,25457.939453,269.001892,510.079071,-6.536369,-28.954906,0.000000,0.000000,0.000000,0.000000,0.000000,0.000000,0.000000,0.000000,0.000000
486,8.100000,11.026978,0.000138,-102.613037,0.006602,-0.001620,0.102813,-3.093655,0.000665,0.103008,747.178,0,0.000000,4,2,0.000000,0,0,0,0.000095,0.999998,-0.001958,-0.998851,0.000189,0.047919,0.006795,0.000384,0.000000,0.000000,0.000000,1,-0.002990,6878.371094,4618.861328,-290.319977,-0.041185,0.003391,0.374002,1,-0.003318,6865.520508,-4972.376465,-279.388428,0.044493,0.003255,0.373412,1,0.003876,5861.404785,4163.469238,992.698853,-0.045364,-0.013688,0.000000,1,0.003562,5851.505371,-3817.752686,-329.746643,0.041616,0.000690,0.000000,12.257568,25461.082031,92.759766,450.905304,-36.339916,-30.184435,0.000000,0.000000,0.000000,0.000000,0.000000,0.000000,0.000000,0.000000,0.000000
487,8.116667,11.027100,0.000107,-102.611328,0.006759,-0.001822,0.104002,-3.093647,0.000486,0.104203,747.218,0,0.000000,4,2,0.000000,0,0,0,0.000092,0.999998,-0.001808,-0.998851,0.000179,0.047927,0.009030,0.000155,0.000000,0.000000,0.000000,1,-0.002762,6890.246094,4623.018555,-206.030212,-0.041227,0.002815,0.395275,1,-0.003073,6877.945312,-4968.218750,-198.846985,0.044452,0.002706,0.393097,1,0.003650,5850.666016,4167.703613,832.627319,-0.045381,-0.011974,0.000000,1,0.003351,5841.174805,-3815.190186,-490.283478,0.041598,0.002417,0.000000,-10.302002,25464.884766,-62.114197,381.873962,-38.797825,-29.405285,0.000000,0.000000,0.000000,0.000000,0.000000,0.000000,0.000000,0.000000,0.000000
488,8.133333,11.027222,0.000074,-102.609619,0.006627,-0.001982,0.103206,-3.093642,0.000295,0.103401,747.258,0,0.000000,4,2,0.000000,0,0,0,0.000094,0.999999,-0.001626,-0.998850,0.000172,0.047932,0.010921,-0.000093,0.000000,0.000000,0.000000,1,-0.002485,6903.804199,4588.912598,-121.602272,-0.040993,0.002173,0.404298,1,-0.002784,6891.838867,-4965.436523,-117.558853,0.044416,0.002091,0.401076,1,0.003375,5838.754883,4170.120117,678.912659,-0.045402,-0.010275,0.000000,1,0.003089,5829.454590,-3812.773193,-643.923340,0.041578,0.004124,0.000000,9.368408,25469.148438,-204.859619,302.908905,9.811785,-21.447193,0.000000,0.000000,0.000000,0.000000,0.000000,0.000000,0.000000,0.000000,0.000000
489,8.150000,11.027344,0.000039,-102.607910,0.006747,-0.002096,0.100579,-3.093637,0.000343,0.100784,747.297,0,0.000000,4,2,0.000000,0,0,0,0.000098,0.999999,-0.001419,-0.998850,0.000166,0.047938,0.012422,-0.000263,0.000000,0.000000,0.000000,1,-0.002170,6918.525879,4601.110840,-41.218185,-0.041033,0.001503,0.401051,1,-0.002459,6906.835449,-4959.958496,-41.666397,0.044376,0.001453,0.397241,1,0.003063,5825.985352,4172.642578,534.629211,-0.045425,-0.008624,0.000000,1,0.002786,5816.878906,-3810.250977,-789.289917,0.041555,0.005785,0.000000,-19.721191,25473.843750,-336.990356,219.561417,-10.777838,-19.070963,0.000000,0.000000,0.000000,0.000000,0.000000,0.000000,0.000000,0.000000,0.000000
490,8.166667,11.027466,0.000003,-102.606323,0.006495,-0.002158,0.096259,-3.093632,0.000290,0.096457,747.335,0,0.000000,4,2,0.000000,0,0,0,0.000105,0.999999,-0.001194,-0.998850,0.000163,0.047942,0.013508,-0.000436,0.000000,0.000000,0.000000,1,-0.001828,6934.007324,4604.971680,29.859200,-0.041071,0.000846,0.386121,1,-0.002110,6922.429688,-4956.097168,26.407806,0.044337,0.000826,0.382376,1,0.002722,5812.838867,4174.882812,401.175476,-0.045449,-0.007045,0.000000,1,0.002451,5803.759766,-3808.010986,-923.252808,0.041531,0.007372,0.000000,-38.060303,25478.845703,-464.522583,136.860214,-16.313282,-15.926451,0.000000,0.000000,0.000000,0.000000,0.000000,0.000000,0.000000,0.000000,0.000000
491,8.183333,11.027588,-0.000033,-102.604736,0.006007,-0.002164,0.090303,-3.093628,0.000209,0.090485,747.373,0,0.000000,4,2,0.000000,0,0,0,0.000115,1.000000,-0.000957,-0.998850,0.000161,0.047946,0.014183,-0.000601,0.000000,0.000000,0.000000,1,-0.001468,6949.812988,4574.333984,89.355820,-0.040862,0.000236,0.360861,1,-0.001748,6938.166504,-4953.463867,84.116348,0.044305,0.000241,0.357617,1,0.002365,5799.628906,4176.703613,280.953186,-0.045471,-0.005566,0.000000,1,0.002096,5790.465332,-3806.190186,-1043.661255,0.041509,0.008856,0.000000,-19.644775,25483.902344,-588.973877,58.357788,26.090553,-8.522944,0.000000,0.000000,0.000000,0.000000,0.000000,0.000000,0.000000,0.000000,0.000000
492,8.200000,11.027710,-0.000068,-102.603394,0.005755,-0.002114,0.082752,-3.093622,0.000338,0.082932,747.410,0,0.000000,4,2,0.000000,0,0,0,0.000127,1.000000,-0.000716,-0.998850,0.000161,0.047952,0.014470,-0.000696,0.000000,0.000000,0.000000,1,-0.001100,6965.499023,4585.613770,137.183228,-0.040900,-0.000307,0.326954,1,-0.001381,6953.750000,-4948.399902,129.369934,0.044267,-0.000278,0.324472,1,0.002000,5786.643066,4178.280273,176.937485,-0.045491,-0.004216,0.000000,1,0.001731,5777.349121,-3804.613525,-1149.093384,0.041489,0.010216,0.000000,-44.703125,25488.960938,-704.271484,-18.177402,5.464750,-6.395004,0.000000,0.000000,0.000000,0.000000,0.000000,0.000000,0.000000,0.000000,0.000000
493,8.216666,11.027832,-0.000101,-102.602173,0.005182,-0.002008,0.073723,-3.093616,0.000364,0.073886,747.447,0,0.000000,4,2,0.000000,0,0,0,0.000140,1.000000,-0.000477,-0.998849,0.000163,0.047958,0.014376,-0.000794,0.000000,0.000000,0.000000,1,-0.000735,6980.708008,4589.225586,172.105118,-0.040935,-0.000763,0.286096,1,-0.001019,6968.689453,-4944.788574,163.335541,0.044232,-0.000716,0.284749,1,0.001637,5774.219238,4179.339355,90.314133,-0.045508,-0.003016,0.000000,1,0.001365,5764.707031,-3803.554199,-1236.762939,0.041472,0.011426,0.000000,-59.093506,25493.759766,-809.106934,-87.475281,-2.086471,-3.120509,0.000000,0.000000,0.000000,0.000000,0.000000,0.000000,0.000000,0.000000,0.000000
494,8.233334,11.027954,-0.000132,-102.601196,0.004424,-0.001848,0.063350,-3.093611,0.000354,0.063489,747.483,0,0.000000,4,2,0.000000,0,0,0,0.000155,1.000000,-0.000244,-0.998849,0.000166,0.047964,0.013938,-0.000877,0.000000,0.000000,0.000000,1,-0.000382,6995.070801,4591.764648,195.026276,-0.040966,-0.001127,0.240162,1,-0.000671,6982.694824,-4942.249512,186.516663,0.044201,-0.001069,0.240090,1,0.001285,5762.637207,4179.859375,22.829605,-0.045521,-0.001989,0.000000,1,0.001008,5752.771484,-3803.034424,-1305.106567,0.041459,0.012463,0.000000,-69.512695,25498.189453,-898.435303,-150.344177,-7.884449,3.480908,0.000000,0.000000,0.000000,0.000000,0.000000,0.000000,0.000000,0.000000,0.000000
495,8.250000,11.027954,-0.000159,-102.600342,0.003533,-0.001639,0.051832,-3.093605,0.000315,0.051942,747.519,0,0.000000,4,2,0.000000,0,0,0,0.000170,1.000000,-0.000024,-0.998849,0.000171,0.047969,0.013189,-0.000893,0.000000,0.000000,0.000000,1,-0.000048,7008.288086,4593.208984,207.136627,-0.040990,-0.001395,0.190898,1,-0.000345,6995.509277,-4940.804688,199.929733,0.044177,-0.001335,0.192062,1,0.000951,5752.022461,4179.885254,-24.339729,-0.045529,-0.001152,0.000000,1,0.000666,5741.839355,-3803.008057,-1352.912720,0.041451,0.013309,0.000000,-75.786865,25502.132812,-967.665466,-206.038071,-11.037084,6.742175,0.000000,0.000000,0.000000,0.000000,0.000000,0.000000,0.000000,0.000000,0.000000
496,8.266666,11.027954,-0.000183,-102.599609,0.002561,-0.001385,0.039426,-3.093601,0.000261,0.039504,747.554,0,0.000000,4,2,0.000000,0,0,0,0.000185,1.000000,0.000178,-0.998849,0.000176,0.047973,0.012164,-0.000889,0.000000,0.000000,0.000000,1,0.000259,7020.071777,4593.620605,209.826416,-0.041007,-0.001573,0.139873,1,-0.000046,7006.857422,-4940.393555,204.654694,0.044160,-0.001518,0.142085,1,0.000642,5742.605469,4178.613770,-50.533531,-0.045529,-0.000520,0.000000,1,0.000348,5732.085938,-3803.454346,-1379.537842,0.041447,0.013948,0.000000,-77.075439,25505.429688,-1013.059631,-252.076523,-13.732259,10.012838,0.000000,0.000000,0.000000,0.000000,0.000000,0.000000,0.000000,0.000000,0.000000
497,8.283334,11.027954,-0.000201,-102.599243,0.001573,-0.001094,0.026438,-3.093598,0.000193,0.026483,747.589,0,0.000000,4,2,0.000000,0,0,0,0.000199,1.000000,0.000360,-0.998848,0.000181,0.047977,0.010911,-0.000858,0.000000,0.000000,0.000000,1,0.000533,7030.201172,4584.752930,204.411041,-0.040956,-0.001667,0.088457,1,0.000218,7016.545898,-4940.856445,201.729095,0.044152,-0.001623,0.091421,1,0.000362,5734.507324,4178.387207,-55.697510,-0.045528,-0.000102,0.000000,1,0.000060,5723.633789,-3803.973389,-1384.903320,0.041447,0.014372,0.000000,-67.918945,25507.912109,-1032.391357,-290.941772,0.371870,13.870726,0.000000,0.000000,0.000000,0.000000,0.000000,0.000000,0.000000,0.000000,0.000000
498,8.300000,11.027954,-0.000214,-102.598999,0.000702,-0.000775,0.013202,-3.093595,0.000195,0.013221,747.623,0,0.000000,4,2,0.000000,0,0,0,0.000212,1.000000,0.000518,-0.998848,0.000187,0.047980,0.009466,-0.000790,0.000000,0.000000,0.000000,1,0.000768,7038.512695,4586.257324,192.381760,-0.040960,-0.001686,0.037829,1,0.000443,7024.447266,-4941.032227,191.657181,0.044147,-0.001656,0.041182,1,0.000118,5727.853516,4177.322266,-40.098370,-0.045523,0.000098,0.000000,1,-0.000194,5716.638184,-3805.180908,-1369.810547,0.041452,0.014577,0.000000,-66.567627,25509.640625,-1023.855347,-323.662384,-4.580108,16.178614,0.000000,0.000000,0.000000,0.000000,0.000000,0.000000,0.000000,0.000000,0.000000
499,8.316667,11.027954,-0.000221,-102.598999,-0.000151,-0.000438,0.000076,-3.093592,0.000173,0.000069,747.657,0,0.000000,4,2,0.000000,0,0,0,0.000224,1.000000,0.000649,-0.998848,0.000192,0.047983,0.007858,-0.000704,0.000000,0.000000,0.000000,1,0.000961,7044.855957,4585.545410,174.288818,-0.040961,-0.001638,-0.011052,1,0.000627,7030.410645,-4941.744629,175.484680,0.044146,-0.001623,-0.007593,1,-0.000088,5722.721680,4176.114746,-5.069613,-0.045515,0.000082,0.000000,1,-0.000409,5711.231934,-3806.388428,-1335.125122,0.041460,0.014566,0.000000,-61.034668,25510.521484,-988.631409,-345.778809,-5.231696,18.213930,0.000000,0.000000,0.000000,0.000000,0.000000,0.000000,0.000000,0.000000,0.000000
500,8.333333,11.027954,-0.000222,-102.599243,-0.000934,-0.000091,-0.012599,-3.093589,0.000147,-0.012629,747.690,0,0.000000,4,2,0.000000,0,0,0,0.000234,1.000000,0.000751,-0.998848,0.000197,0.047985,0.006141,-0.000598,0.000000,0.000000,0.000000,1,0.001108,7049.167969,4584.595703,223.968384,-0.040959,-0.001773,-0.015461,1,0.000765,7034.368652,-4941.102539,226.766815,0.044139,-0.001773,-0.012176,1,-0.000253,5719.152344,4174.856445,47.839439,-0.045505,-0.000142,0.000000,1,-0.000582,5707.398438,-3807.646973,-1282.479980,0.041470,0.014346,0.000000,-48.306396,25510.449219,-782.488708,-375.458771,-7.275309,22.231203,0.000000,0.000000,0.000000,0.000000,0.000000,0.000000,0.000000,0.000000,0.000000
501,8.350000,11.027954,-0.000218,-102.599609,-0.001553,0.000253,-0.022631,-3.093587,0.000111,-0.022680,747.723,0,0.000000,4,2,0.000000,0,0,0,0.000241,1.000000,0.000822,-0.998848,0.000201,0.047987,0.004278,-0.000449,0.000000,0.000000,0.000000,1,0.001206,7051.243164,4583.394531,268.039795,-0.040953,-0.002003,-0.027091,1,0.000856,7036.219727,-4939.533203,272.093140,0.044125,-0.002017,-0.024213,1,-0.000372,5717.320801,4173.637207,108.831543,-0.045494,-0.000529,0.000000,1,-0.000709,5705.409668,-3808.866211,-1221.616821,0.041481,0.013962,0.000000,-36.102051,25509.634766,-571.578186,-400.193359,-11.435910,22.070251,0.000000,0.000000,0.000000,0.000000,0.000000,0.000000,0.000000,0.000000,0.000000
502,8.366667,11.027954,-0.000208,-102.600098,-0.002016,0.000587,-0.029959,-3.093586,0.000055,-0.030022,747.755,0,0.000000,4,2,0.000000,0,0,0,0.000246,1.000000,0.000861,-0.998848,0.000205,0.047988,0.002292,-0.000313,0.000000,0.000000,0.000000,1,0.001252,7051.051270,4581.838379,297.923615,-0.040944,-0.002248,-0.045126,1,0.000896,7035.825684,-4936.756836,302.945068,0.044100,-0.002273,-0.042837,1,-0.000443,5717.358398,4172.549316,173.544373,-0.045483,-0.001035,0.000000,1,-0.000785,5705.331543,-3809.954102,-1156.800659,0.041493,0.013458,0.000000,-26.017822,25508.128906,-381.578491,-406.646301,-15.636028,20.801001,0.000000,0.000000,0.000000,0.000000,0.000000,0.000000,0.000000,0.000000,0.000000
503,8.383333,11.027954,-0.000193,-102.600708,-0.002349,0.000902,-0.034851,-3.093587,-0.000022,-0.034924,747.787,0,0.000000,4,2,0.000000,0,0,0,0.000250,1.000000,0.000865,-0.998848,0.000208,0.047988,0.000273,-0.000198,0.000000,0.000000,0.000000,1,0.001246,7048.665527,4579.846191,309.359680,-0.040932,-0.002439,-0.067505,1,0.000884,7033.231934,-4932.483398,315.085144,0.044062,-0.002474,-0.065945,1,-0.000463,5719.210938,4171.623047,238.937866,-0.045472,-0.001617,0.000000,1,-0.000810,5707.025879,-3810.880371,-1091.018066,0.041504,0.012875,0.000000,-19.020752,25505.839844,-226.983887,-398.465820,-20.855722,20.614435,0.000000,0.000000,0.000000,0.000000,0.000000,0.000000,0.000000,0.000000,0.000000
504,8.400000,11.027954,-0.000174,-102.601318,-0.002593,0.001190,-0.037761,-3.093589,-0.000125,-0.037843,747.818,0,0.000000,4,2,0.000000,0,0,0,0.000251,1.000000,0.000837,-0.998848,0.000211,0.047986,-0.001705,-0.000082,0.000000,0.000000,0.000000,1,0.001190,7044.219727,4577.272461,301.930145,-0.040916,-0.002535,-0.091545,1,0.000823,7028.615234,-4937.349121,308.182434,0.044078,-0.002577,-0.090818,1,-0.000434,5722.737305,4170.898438,303.141052,-0.045462,-0.002243,0.000000,1,-0.000785,5710.415039,-3811.604980,-1026.052856,0.041514,0.012246,0.000000,-4.630371,25502.925781,-112.706543,-375.285400,-11.922522,20.670633,0.000000,0.000000,0.000000,0.000000,0.000000,0.000000,0.000000,0.000000,0.000000
505,8.416667,11.027954,-0.000150,-102.601929,-0.002653,0.001444,-0.039206,-3.093592,-0.000183,-0.039289,747.849,0,0.000000,4,2,0.000000,0,0,0,0.000250,1.000000,0.000777,-0.998848,0.000213,0.047982,-0.003567,0.000045,0.000000,0.000000,0.000000,1,0.001086,7037.887695,4575.131836,278.527771,-0.040899,-0.002518,-0.114506,1,0.000716,7022.180176,-4939.489746,284.582642,0.044095,-0.002564,-0.114687,1,-0.000358,5727.715332,4170.455078,365.475586,-0.045454,-0.002888,0.000000,1,-0.000713,5715.342285,-3812.048096,-962.996582,0.041522,0.011595,0.000000,4.292725,25499.371094,-34.656006,-337.398315,-7.100542,19.352186,0.000000,0.000000,0.000000,0.000000,0.000000,0.000000,0.000000,0.000000,0.000000
506,8.433333,11.027954,-0.000122,-102.602539,-0.002598,0.001658,-0.039650,-3.093596,-0.000218,-0.039730,747.880,0,0.000000,4,2,0.000000,0,0,0,0.000248,1.000000,0.000690,-0.998848,0.000214,0.047979,-0.005241,0.000170,0.000000,0.000000,0.000000,1,0.000939,7029.960449,4573.367676,243.555267,-0.040882,-0.002391,-0.134065,1,0.000567,7014.213867,-4941.253906,248.856766,0.044112,-0.002438,-0.135126,1,-0.000239,5733.919922,4170.296387,425.654816,-0.045448,-0.003538,0.000000,1,-0.000597,5721.520020,-3812.206543,-902.109131,0.041527,0.010940,0.000000,10.551025,25495.267578,15.469849,-286.613739,-2.737049,16.414721,0.000000,0.000000,0.000000,0.000000,0.000000,0.000000,0.000000,0.000000,0.000000
507,8.450000,11.027954,-0.000091,-102.603149,-0.002462,0.001826,-0.039452,-3.093599,-0.000232,-0.039526,747.910,0,0.000000,4,2,0.000000,0,0,0,0.000243,1.000000,0.000579,-0.998848,0.000215,0.047975,-0.006663,0.000276,0.000000,0.000000,0.000000,1,0.000756,7020.804688,4572.057617,202.186707,-0.040867,-0.002174,-0.148542,1,0.000383,7005.054688,-4928.343750,206.281570,0.044025,-0.002217,-0.150373,1,-0.000085,5741.061523,4170.403809,483.705994,-0.045445,-0.004181,0.000000,1,-0.000443,5728.661133,-3811.327393,-843.408203,0.041527,0.010290,0.000000,-0.447510,25490.783203,48.844238,-230.103485,-17.687542,12.987766,0.000000,0.000000,0.000000,0.000000,0.000000,0.000000,0.000000,0.000000,0.000000
508,8.466666,11.027954,-0.000059,-102.603760,-0.002468,0.001943,-0.038826,-3.093605,-0.000319,-0.038900,747.939,0,0.000000,4,2,0.000000,0,0,0,0.000237,1.000000,0.000449,-0.998849,0.000215,0.047970,-0.007805,0.000359,0.000000,0.000000,0.000000,1,0.000545,7010.761719,4569.629883,158.954742,-0.040850,-0.001894,-0.157006,1,0.000171,6995.024414,-4933.585938,162.336807,0.044042,-0.001932,-0.159433,1,0.000099,5748.865723,4170.576172,539.325745,-0.045444,-0.004810,0.000000,1,-0.000260,5736.491699,-3811.327393,-786.598267,0.041527,0.009652,0.000000,8.251953,25486.027344,73.708374,-168.136887,-6.597043,12.169943,0.000000,0.000000,0.000000,0.000000,0.000000,0.000000,0.000000,0.000000,0.000000
509,8.483334,11.027954,-0.000026,-102.604370,-0.002362,0.002006,-0.037881,-3.093611,-0.000351,-0.037951,747.969,0,0.000000,4,2,0.000000,0,0,0,0.000229,1.000000,0.000305,-0.998849,0.000214,0.047964,-0.008637,0.000457,0.000000,0.000000,0.000000,1,0.000313,7000.139648,4567.794434,118.444031,-0.040833,-0.001584,-0.159187,1,-0.000060,6984.534668,-4935.421875,120.713867,0.044059,-0.001615,-0.162106,1,0.000304,5757.000977,4170.772949,592.677063,-0.045444,-0.005422,0.000000,1,-0.000054,5744.739746,-3811.143799,-732.209900,0.041527,0.009030,0.000000,12.767578,25481.119141,99.127197,-109.011902,-0.968440,9.114874,0.000000,0.000000,0.000000,0.000000,0.000000,0.000000,0.000000,0.000000,0.000000
510,8.500000,11.027954,0.000008,-102.604980,-0.002199,0.002014,-0.036610,-3.093616,-0.000356,-0.036674,747.997,0,0.000000,4,2,0.000000,0,0,0,0.000220,1.000000,0.000152,-0.998849,0.000213,0.047958,-0.009177,0.000538,0.000000,0.000000,0.000000,1,0.000067,6989.275391,4566.401367,83.436935,-0.040818,-0.001272,-0.155481,1,-0.000303,6973.858398,-4936.814453,84.421310,0.044075,-0.001296,-0.158729,1,0.000523,5765.253906,4170.772949,643.269531,-0.045444,-0.006011,0.000000,1,0.000168,5753.158691,-3810.596191,-680.687988,0.041524,0.008431,0.000000,16.480225,25476.207031,129.799133,-48.774979,3.301700,5.966135,0.000000,0.000000,0.000000,0.000000,0.000000,0.000000,0.000000,0.000000,0.000000
511,8.516666,11.027954,0.000041,-102.605713,-0.001987,0.001966,-0.034946,-3.093622,-0.000340,-0.035001,748.026,0,0.000000,4,2,0.000000,0,0,0,0.000210,1.000000,-0.000005,-0.998850,0.000210,0.047952,-0.009417,0.000600,0.000000,0.000000,0.000000,1,-0.000184,6978.501465,4565.485840,55.484585,-0.040805,-0.000984,-0.146686,1,-0.000550,6963.336914,-4924.183105,55.127609,0.043988,-0.000998,-0.150078,1,0.000748,5773.373535,4171.888672,690.391174,-0.045448,-0.006572,0.000000,1,0.000398,5761.498535,-3809.897705,-632.769226,0.041519,0.007861,0.000000,4.777100,25471.484375,168.198975,0.136604,-10.767578,1.150748,0.000000,0.000000,0.000000,0.000000,0.000000,0.000000,0.000000,0.000000,0.000000
512,8.533334,11.027954,0.000072,-102.606201,-0.001926,0.001864,-0.032789,-3.093629,-0.000393,-0.032844,748.054,0,0.000000,4,2,0.000000,0,0,0,0.000200,1.000000,-0.000162,-0.998850,0.000208,0.047945,-0.009415,0.000617,0.000000,0.000000,0.000000,1,-0.000433,6968.101074,4563.497070,34.578609,-0.040790,-0.000733,-0.133830,1,-0.000794,6953.160156,-4928.574219,33.680668,0.044002,-0.000739,-0.137169,1,0.000976,5781.292480,4172.497559,732.811035,-0.045454,-0.007096,0.000000,1,0.000629,5769.583984,-3809.288574,-589.117676,0.041514,0.007326,0.000000,12.027588,25467.189453,211.619629,51.691498,0.574231,-1.047559,0.000000,0.000000,0.000000,0.000000,0.000000,0.000000,0.000000,0.000000,0.000000
513,8.550000,11.027954,0.000100,-102.606689,-0.001772,0.001713,-0.030076,-3.093635,-0.000390,-0.030126,748.082,0,0.000000,4,2,0.000000,0,0,0,0.000190,1.000000,-0.000314,-0.998850,0.000205,0.047939,-0.009158,0.000625,0.000000,0.000000,0.000000,1,-0.000675,6958.304688,4562.017578,20.769711,-0.040776,-0.000530,-0.117935,1,-0.001031,6943.618652,-4930.053711,19.185604,0.044016,-0.000528,-0.121144,1,0.001198,5788.717285,4173.072266,769.863892,-0.045459,-0.007576,0.000000,1,0.000857,5777.210938,-3808.714600,-551.081421,0.041508,0.006835,0.000000,16.077393,25463.287109,258.264221,93.837585,6.754881,-2.733304,0.000000,0.000000,0.000000,0.000000,0.000000,0.000000,0.000000,0.000000,0.000000
514,8.566667,11.027954,0.000126,-102.607178,-0.001566,0.001518,-0.026765,-3.093641,-0.000357,-0.026809,748.109,0,0.000000,4,2,0.000000,0,0,0,0.000179,1.000000,-0.000459,-0.998851,0.000201,0.047933,-0.008690,0.000627,0.000000,0.000000,0.000000,1,-0.000903,6949.304199,4560.923828,12.989626,-0.040764,-0.000376,-0.100033,1,-0.001252,6934.903320,-4931.147949,10.702877,0.044029,-0.000368,-0.103012,1,0.001410,5795.528809,4173.568848,800.537231,-0.045465,-0.008001,0.000000,1,0.001075,5784.256348,-3808.217285,-519.641418,0.041503,0.006400,0.000000,19.466797,25459.917969,304.004944,132.523087,10.981396,-4.275534,0.000000,0.000000,0.000000,0.000000,0.000000,0.000000,0.000000,0.000000,0.000000
515,8.583333,11.027954,0.000147,-102.607544,-0.001316,0.001285,-0.022868,-3.093646,-0.000303,-0.022904,748.136,0,0.000000,4,2,0.000000,0,0,0,0.000169,1.000000,-0.000593,-0.998851,0.000197,0.047928,-0.008031,0.000625,0.000000,0.000000,0.000000,1,-0.001112,6941.299805,4560.231445,9.991875,-0.040754,-0.000270,-0.081000,1,-0.001455,6927.239746,-4931.840332,7.040180,0.044039,-0.000255,-0.083647,1,0.001608,5801.607422,4173.980957,823.996399,-0.045470,-0.008364,0.000000,1,0.001279,5790.604004,-3807.805176,-495.643250,0.041498,0.006029,0.000000,21.981445,25457.306641,344.728088,163.259705,14.781106,-6.425001,0.000000,0.000000,0.000000,0.000000,0.000000,0.000000,0.000000,0.000000,0.000000
516,8.600000,11.027954,0.000164,-102.607788,-0.001034,0.001022,-0.018448,-3.093650,-0.000230,-0.018476,748.162,0,0.000000,4,2,0.000000,0,0,0,0.000159,1.000000,-0.000713,-0.998851,0.000193,0.047924,-0.007219,0.000606,0.000000,0.000000,0.000000,1,-0.001299,6934.400879,4559.960938,10.567393,-0.040746,-0.000205,-0.061532,1,-0.001634,6920.673828,-4925.786133,6.995935,0.044002,-0.000183,-0.063749,1,0.001787,5806.867188,4174.254883,839.643616,-0.045474,-0.008655,0.000000,1,0.001466,5796.142090,-3807.531982,-479.723633,0.041493,0.005731,0.000000,17.194092,25455.304688,377.092773,188.956955,7.472913,-8.986356,0.000000,0.000000,0.000000,0.000000,0.000000,0.000000,0.000000,0.000000,0.000000
517,8.616667,11.027954,0.000176,-102.608032,-0.000814,0.000737,-0.013614,-3.093653,-0.000193,-0.013636,748.188,0,0.000000,4,2,0.000000,0,0,0,0.000149,1.000000,-0.000818,-0.998851,0.000188,0.047921,-0.006280,0.000562,0.000000,0.000000,0.000000,1,-0.001459,6928.778809,4559.343262,13.486368,-0.040740,-0.000173,-0.042147,1,-0.001787,6915.371582,-4927.782227,9.809013,0.044009,-0.000148,-0.043846,1,0.001946,5811.270996,4174.355469,846.989136,-0.045477,-0.008868,0.000000,1,0.001631,5800.773926,-3807.430420,-472.044067,0.041490,0.005513,0.000000,20.596924,25454.193359,397.710510,209.572067,11.064186,-14.067516,0.000000,0.000000,0.000000,0.000000,0.000000,0.000000,0.000000,0.000000,0.000000
518,8.633333,11.027954,0.000184,-102.608154,-0.000550,0.000440,-0.008515,-3.093656,-0.000139,-0.008531,748.214,0,0.000000,4,2,0.000000,0,0,0,0.000142,1.000000,-0.000905,-0.998851,0.000185,0.047919,-0.005240,0.000455,0.000000,0.000000,0.000000,1,-0.001590,6924.515625,4559.044434,18.251547,-0.040735,-0.000170,-0.023187,1,-0.001912,6911.296875,-4928.081543,14.557749,0.044014,-0.000141,-0.024351,1,0.002081,5814.752930,4174.326660,846.151550,-0.045479,-0.008998,0.000000,1,0.001772,5804.384766,-3807.459473,-472.762756,0.041488,0.005379,0.000000,21.631592,25453.710938,405.627563,222.018127,12.049180,-15.495550,0.000000,0.000000,0.000000,0.000000,0.000000,0.000000,0.000000,0.000000,0.000000
519,8.650000,11.027954,0.000186,-102.608154,-0.000272,0.000137,-0.003314,-3.093657,-0.000080,-0.003324,748.239,0,0.000000,4,2,0.000000,0,0,0,0.000136,0.999999,-0.000974,-0.998851,0.000183,0.047917,-0.004139,0.000334,0.000000,0.000000,0.000000,1,-0.001689,6921.641602,4558.978027,24.418802,-0.040731,-0.000188,-0.004919,1,-0.002007,6908.501465,-4928.147949,20.840282,0.044017,-0.000158,-0.005546,1,0.002191,5817.324219,4174.175293,837.377197,-0.045480,-0.009045,0.000000,1,0.001886,5806.989258,-3807.610596,-481.590271,0.041488,0.005330,0.000000,21.818848,25454.005859,400.460449,231.324432,12.331157,-15.557805,0.000000,0.000000,0.000000,0.000000,0.000000,0.000000,0.000000,0.000000,0.000000
520,8.666667,11.027954,0.000183,-102.608154,0.000007,-0.000162,0.001820,-3.093657,-0.000019,0.001818,748.264,0,0.000000,4,2,0.000000,0,0,0,0.000133,0.999999,-0.001024,-0.998851,0.000182,0.047917,-0.002992,0.000216,0.000000,0.000000,0.000000,1,-0.001756,6920.164062,4559.142578,10.092970,-0.040729,-0.000151,0.000000,1,-0.002072,6907.043945,-4927.983398,6.930893,0.044019,-0.000122,0.000000,1,0.002276,5818.915039,4173.921875,821.200256,-0.045479,-0.009009,0.000000,1,0.001973,5808.563477,-3807.864990,-497.981171,0.041488,0.005366,0.000000,19.083740,25455.023438,339.718750,239.157501,11.172701,-15.577069,0.000000,0.000000,0.000000,0.000000,0.000000,0.000000,0.000000,0.000000,0.000000
521,8.683333,11.027954,0.000176,-102.608032,0.000252,-0.000448,0.006175,-3.093657,0.000036,0.006180,748.289,0,0.000000,4,2,0.000000,0,0,0,0.000131,0.999999,-0.001054,-0.998851,0.000181,0.047917,-0.001805,0.000101,0.000000,0.000000,0.000000,1,-0.001791,6920.090820,4559.451660,-14.971992,-0.040729,-0.000046,0.000000,1,-0.002106,6906.912598,-4927.639160,-18.553125,0.044019,-0.000015,0.000000,1,0.002333,5819.527832,4173.604492,800.643921,-0.045477,-0.008903,0.000000,1,0.002030,5809.095215,-3808.181641,-518.867126,0.041490,0.005472,0.000000,14.657227,25456.738281,247.834045,242.279236,8.442490,-15.327065,0.000000,0.000000,0.000000,0.000000,0.000000,0.000000,0.000000,0.000000,0.000000
522,8.700000,11.027954,0.000164,-102.607910,0.000440,-0.000713,0.009352,-3.093655,0.000078,0.009362,748.313,0,0.000000,4,2,0.000000,0,0,0,0.000131,0.999999,-0.001064,-0.998851,0.000182,0.047919,-0.000603,-0.000009,0.000000,0.000000,0.000000,1,-0.001792,6921.372559,4559.451660,-41.959763,-0.040729,0.000110,0.000000,1,-0.002108,6908.085449,-4927.190430,-46.020782,0.044017,0.000143,0.000000,1,0.002362,5819.101074,4173.286133,778.510132,-0.045475,-0.008747,0.000000,1,0.002058,5808.562012,-3808.500244,-541.378296,0.041493,0.005631,0.000000,10.096680,25458.917969,148.838318,239.214218,5.964672,-14.778940,0.000000,0.000000,0.000000,0.000000,0.000000,0.000000,0.000000,0.000000,0.000000
523,8.716666,11.027954,0.000148,-102.607666,0.000569,-0.000952,0.011261,-3.093654,0.000107,0.011274,748.337,0,0.000000,4,2,0.000000,0,0,0,0.000133,0.999999,-0.001055,-0.998851,0.000183,0.047921,0.000583,-0.000113,0.000000,0.000000,0.000000,1,-0.001761,6923.966797,4559.451660,-68.242371,-0.040729,0.000296,0.000000,1,-0.002080,6910.517578,-4926.649414,-72.811363,0.044014,0.000331,0.000000,1,0.002363,5817.697754,4173.003418,756.953979,-0.045473,-0.008562,0.000000,1,0.002057,5807.010254,-3808.782471,-563.333862,0.041495,0.005819,0.000000,5.492188,25461.630859,52.363281,232.896835,3.342298,-13.868452,0.000000,0.000000,0.000000,0.000000,0.000000,0.000000,0.000000,0.000000,0.000000
524,8.733334,11.027954,0.000129,-102.607422,0.000640,-0.001160,0.011932,-3.093652,0.000123,0.011948,748.361,0,0.000000,4,2,0.000000,0,0,0,0.000136,0.999999,-0.001026,-0.998851,0.000185,0.047923,0.001739,-0.000207,0.000000,0.000000,0.000000,1,-0.001700,6927.777832,4559.451660,-91.646683,-0.040729,0.000490,0.000000,1,-0.002023,6914.138184,-4926.055664,-96.706047,0.044011,0.000529,0.000000,1,0.002336,5815.338867,4172.790039,737.757935,-0.045470,-0.008367,0.000000,1,0.002026,5804.478516,-3808.996582,-582.915527,0.041498,0.006017,0.000000,1.201416,25464.724609,-33.606567,218.437012,0.979626,-11.771362,0.000000,0.000000,0.000000,0.000000,0.000000,0.000000,0.000000,0.000000,0.000000
525,8.750000,11.027954,0.000106,-102.607178,0.000655,-0.001331,0.011501,-3.093649,0.000128,0.011518,748.384,0,0.000000,4,2,0.000000,0,0,0,0.000141,1.000000,-0.000979,-0.998851,0.000188,0.047925,0.002823,-0.000277,0.000000,0.000000,0.000000,1,-0.001611,6932.659180,4560.775879,-110.584595,-0.040734,0.000675,0.000000,1,-0.001938,6918.825195,-4925.436035,-116.085907,0.044006,0.000718,0.000000,1,0.002281,5812.098633,4172.666504,722.224426,-0.045468,-0.008182,0.000000,1,0.001968,5801.089844,-3809.120361,-598.796570,0.041500,0.006205,0.000000,-3.835693,25468.123047,-103.177429,194.890427,-2.832372,-9.615325,0.000000,0.000000,0.000000,0.000000,0.000000,0.000000,0.000000,0.000000,0.000000
526,8.766666,11.027954,0.000082,-102.607056,0.000606,-0.001463,0.010178,-3.093647,0.000114,0.010194,748.407,0,0.000000,4,2,0.000000,0,0,0,0.000146,1.000000,-0.000916,-0.998851,0.000190,0.047927,0.003791,-0.000327,0.000000,0.000000,0.000000,1,-0.001498,6938.422363,4561.241211,-124.140884,-0.040738,0.000836,0.000000,1,-0.001828,6924.406250,-4924.970703,-129.935822,0.044002,0.000882,0.000000,1,0.002203,5808.149902,4172.627441,711.105530,-0.045466,-0.008021,0.000000,1,0.001886,5796.985352,-3809.158936,-610.146423,0.041501,0.006369,0.000000,-7.077881,25471.777344,-152.954102,164.029846,-5.267960,-7.948073,0.000000,0.000000,0.000000,0.000000,0.000000,0.000000,0.000000,0.000000,0.000000
527,8.783334,11.027954,0.000056,-102.606934,0.000515,-0.001552,0.008217,-3.093646,0.000088,0.008231,748.429,0,0.000000,4,2,0.000000,0,0,0,0.000153,1.000000,-0.000839,-0.998851,0.000193,0.047928,0.004605,-0.000368,0.000000,0.000000,0.000000,1,-0.001364,6944.862305,4561.558594,-131.972992,-0.040742,0.000963,0.000000,1,-0.001699,6930.658203,-4924.652832,-137.911438,0.043998,0.001012,0.000000,1,0.002103,5803.633301,4172.683105,704.682007,-0.045466,-0.007894,0.000000,1,0.001782,5792.339844,-3808.930908,-616.682739,0.041501,0.006499,0.000000,-9.374756,25475.550781,-181.644653,130.173798,-6.032693,-6.094152,0.000000,0.000000,0.000000,0.000000,0.000000,0.000000,0.000000,0.000000,0.000000
528,8.800000,11.027954,0.000030,-102.606812,0.000395,-0.001599,0.005889,-3.093645,0.000058,0.005900,748.452,0,0.000000,4,2,0.000000,0,0,0,0.000159,1.000000,-0.000751,-0.998851,0.000195,0.047929,0.005251,-0.000397,0.000000,0.000000,0.000000,1,-0.001214,6951.751465,4561.733398,-134.272064,-0.040745,0.001051,0.000000,1,-0.001554,6937.378906,-4924.478516,-140.236954,0.043995,0.001101,0.000000,1,0.001986,5798.732910,4172.788086,702.796692,-0.045466,-0.007806,0.000000,1,0.001661,5787.298340,-3808.930908,-618.588867,0.041501,0.006589,0.000000,-10.231445,25479.345703,-190.029175,87.062485,-5.780357,-0.919676,0.000000,0.000000,0.000000,0.000000,0.000000,0.000000,0.000000,0.000000,0.000000
529,8.816667,11.027954,0.000003,-102.606812,0.000264,-0.001602,0.003452,-3.093645,0.000030,0.003460,748.474,0,0.000000,4,2,0.000000,0,0,0,0.000165,1.000000,-0.000656,-0.998851,0.000197,0.047930,0.005685,-0.000371,0.000000,0.000000,0.000000,1,-0.001056,6958.790039,4561.820312,-131.707062,-0.040747,0.001098,0.000000,1,-0.001398,6944.340332,-4924.391602,-137.613083,0.043993,0.001149,0.000000,1,0.001857,5793.653809,4172.943848,704.900574,-0.045466,-0.007759,0.000000,1,0.001529,5782.188965,-3808.777588,-616.438721,0.041501,0.006636,0.000000,-10.261719,25483.195312,-180.573975,49.633095,-5.415339,0.802628,0.000000,0.000000,0.000000,0.000000,0.000000,0.000000,0.000000,0.000000,0.000000
530,8.833333,11.027954,-0.000023,-102.606812,0.000132,-0.001561,0.001137,-3.093644,0.000003,0.001141,748.495,0,0.000000,4,2,0.000000,0,0,0,0.000171,1.000000,-0.000558,-0.998851,0.000198,0.047930,0.005932,-0.000338,0.000000,0.000000,0.000000,1,-0.000893,6965.799805,4561.798340,-125.251694,-0.040748,0.001105,0.000000,1,-0.001236,6951.336914,-4924.413574,-131.022278,0.043992,0.001157,0.000000,1,0.001720,5788.492188,4173.118652,710.195251,-0.045467,-0.007752,0.000000,1,0.001390,5777.044922,-3808.602051,-611.037537,0.041499,0.006644,0.000000,-9.429443,25486.787109,-156.844543,10.380554,-4.592784,2.442468,0.000000,0.000000,0.000000,0.000000,0.000000,0.000000,0.000000,0.000000,0.000000
531,8.850000,11.027954,-0.000048,-102.606812,0.000011,-0.001479,-0.000874,-3.093645,-0.000019,-0.000873,748.517,0,0.000000,4,2,0.000000,0,0,0,0.000176,1.000000,-0.000458,-0.998851,0.000198,0.047929,0.005985,-0.000299,0.000000,0.000000,0.000000,1,-0.000731,6972.560547,4561.557129,-116.084396,-0.040748,0.001080,0.000000,1,-0.001075,6958.123047,-4924.526855,-121.668434,0.043991,0.001131,0.000000,1,0.001579,5783.462402,4173.292480,717.714111,-0.045469,-0.007777,0.000000,1,0.001249,5772.067871,-3808.428467,-603.371948,0.041498,0.006618,0.000000,-7.807861,25490.107422,-123.178040,-29.824085,-3.771163,4.012942,0.000000,0.000000,0.000000,0.000000,0.000000,0.000000,0.000000,0.000000,0.000000
532,8.866667,11.027954,-0.000070,-102.606812,-0.000089,-0.001360,-0.002453,-3.093645,-0.000038,-0.002455,748.538,0,0.000000,4,2,0.000000,0,0,0,0.000180,1.000000,-0.000361,-0.998851,0.000197,0.047929,0.005837,-0.000256,0.000000,0.000000,0.000000,1,-0.000574,6978.864746,4561.455078,-105.451805,-0.040748,0.001029,0.000000,1,-0.000918,6964.505371,-4924.607422,-110.811363,0.043991,0.001079,0.000000,1,0.001440,5778.752441,4173.464355,726.434937,-0.045470,-0.007828,0.000000,1,0.001111,5767.431641,-3808.256836,-594.474670,0.041497,0.006566,0.000000,-6.093262,25493.148438,-84.107483,-66.756775,-1.969037,5.360736,0.000000,0.000000,0.000000,0.000000,0.000000,0.000000,0.000000,0.000000,0.000000
533,8.883333,11.027954,-0.000091,-102.606934,-0.000167,-0.001206,-0.003531,-3.093646,-0.000047,-0.003535,748.559,0,0.000000,4,2,0.000000,0,0,0,0.000184,1.000000,-0.000269,-0.998851,0.000196,0.047928,0.005506,-0.000209,0.000000,0.000000,0.000000,1,-0.000429,6984.539551,4561.234863,-94.513123,-0.040747,0.000960,0.000000,1,-0.000770,6970.278320,-4924.607422,-99.665527,0.043991,0.001009,0.000000,1,0.001307,5774.489258,4173.580078,735.406494,-0.045472,-0.007897,0.000000,1,0.000979,5763.269531,-3808.140869,-585.340271,0.041495,0.006496,0.000000,-4.178955,25495.783203,-43.962708,-98.289780,-0.922734,6.512356,0.000000,0.000000,0.000000,0.000000,0.000000,0.000000,0.000000,0.000000,0.000000
534,8.900000,11.027954,-0.000108,-102.607056,-0.000220,-0.001023,-0.004095,-3.093647,-0.000052,-0.004101,748.579,0,0.000000,4,2,0.000000,0,0,0,0.000186,1.000000,-0.000185,-0.998851,0.000195,0.047927,0.005018,-0.000160,0.000000,0.000000,0.000000,1,-0.000298,6989.436035,4560.979004,-84.298500,-0.040746,0.000883,0.000000,1,-0.000637,6975.289062,-4924.607422,-89.257370,0.043991,0.000930,0.000000,1,0.001184,5770.757324,4173.646973,743.784119,-0.045473,-0.007974,0.000000,1,0.000859,5759.653809,-3808.074219,-576.810425,0.041494,0.006418,0.000000,-2.257568,25497.849609,-6.481384,-122.768776,-0.053647,7.436972,0.000000,0.000000,0.000000,0.000000,0.000000,0.000000,0.000000,0.000000,0.000000
535,8.916667,11.027954,-0.000121,-102.607178,-0.000249,-0.000816,-0.004178,-3.093648,-0.000052,-0.004185,748.599,0,0.000000,4,2,0.000000,0,0,0,0.000188,1.000000,-0.000112,-0.998851,0.000193,0.047926,0.004409,-0.000109,0.000000,0.000000,0.000000,1,-0.000185,6993.443359,4560.703125,-75.606232,-0.040744,0.000806,0.000000,1,-0.000521,6979.455566,-4924.607422,-80.394272,0.043991,0.000852,0.000000,1,0.001075,5767.643066,4173.665039,750.913208,-0.045474,-0.008051,0.000000,1,0.000752,5756.675293,-3808.056152,-569.546936,0.041493,0.006339,0.000000,-0.487793,25499.390625,25.418274,-146.986694,0.127956,8.019613,0.000000,0.000000,0.000000,0.000000,0.000000,0.000000,0.000000,0.000000,0.000000
536,8.933333,11.027954,-0.000131,-102.607300,-0.000256,-0.000591,-0.003852,-3.093649,-0.000052,-0.003860,748.619,0,0.000000,4,2,0.000000,0,0,0,0.000189,1.000000,-0.000050,-0.998851,0.000191,0.047925,0.003679,-0.000060,0.000000,0.000000,0.000000,1,-0.000092,6996.475586,4560.401367,-69.006653,-0.040742,0.000736,0.000000,1,-0.000425,6982.643066,-4925.254395,-73.630844,0.043994,0.000780,0.000000,1,0.000981,5765.251953,4173.537598,756.326538,-0.045474,-0.008121,0.000000,1,0.000662,5754.406738,-3808.069092,-564.004761,0.041493,0.006267,0.000000,1.766113,25500.365234,49.656677,-158.362930,2.082528,8.485742,0.000000,0.000000,0.000000,0.000000,0.000000,0.000000,0.000000,0.000000,0.000000
537,8.950000,11.027954,-0.000137,-102.607300,-0.000233,-0.000356,-0.003215,-3.093650,-0.000041,-0.003223,748.639,0,0.000000,4,2,0.000000,0,0,0,0.000189,1.000000,-0.000002,-0.998851,0.000189,0.047925,0.002892,-0.000010,0.000000,0.000000,0.000000,1,-0.000022,6998.518555,4560.199219,-64.722015,-0.040740,0.000677,0.000000,1,-0.000351,6984.852051,-4925.456543,-69.268555,0.043996,0.000720,0.000000,1,0.000906,5763.546387,4173.537598,759.840576,-0.045474,-0.008180,0.000000,1,0.000590,5752.836426,-3808.123291,-560.429626,0.041493,0.006207,0.000000,2.978027,25500.730469,65.352783,-165.845627,2.688964,8.568471,0.000000,0.000000,0.000000,0.000000,0.000000,0.000000,0.000000,0.000000,0.000000
538,8.966666,11.027954,-0.000139,-102.607300,-0.000195,-0.000117,-0.002377,-3.093650,-0.000028,-0.002384,748.658,0,0.000000,4,2,0.000000,0,0,0,0.000189,1.000000,0.000032,-0.998851,0.000187,0.047924,0.002069,0.000038,0.000000,0.000000,0.000000,1,0.000025,6999.548828,4560.059570,-62.795197,-0.040738,0.000634,0.000000,1,-0.000300,6986.066406,-4925.596191,-67.323494,0.043997,0.000676,0.000000,1,0.000849,5762.513672,4173.460449,761.420593,-0.045474,-0.008223,0.000000,1,0.000537,5751.974121,-3808.211914,-558.835266,0.041493,0.006163,0.000000,3.760742,25500.445312,72.369568,-167.312927,2.837887,8.283742,0.000000,0.000000,0.000000,0.000000,0.000000,0.000000,0.000000,0.000000,0.000000
539,8.983334,11.027954,-0.000137,-102.607300,-0.000147,0.000119,-0.001450,-3.093650,-0.000014,-0.001455,748.677,0,0.000000,4,2,0.000000,0,0,0,0.000187,1.000000,0.000053,-0.998851,0.000185,0.047924,0.001237,0.000082,0.000000,0.000000,0.000000,1,0.000050,6999.628418,4559.982422,-63.038559,-0.040737,0.000608,0.000000,1,-0.000272,6986.306152,-4925.672852,-67.598007,0.043999,0.000649,0.000000,1,0.000811,5762.173828,4173.353027,761.220520,-0.045473,-0.008249,0.000000,1,0.000503,5751.758789,-3808.319092,-559.059814,0.041493,0.006137,0.000000,4.083740,25499.593750,71.410522,-163.239105,2.648919,7.910055,0.000000,0.000000,0.000000,0.000000,0.000000,0.000000,0.000000,0.000000,0.000000
540,9.000000,11.027954,-0.000131,-102.607300,-0.000094,0.000344,-0.000534,-3.093650,-0.000001,-0.000538,748.696,0,0.000000,4,2,0.000000,0,0,0,0.000185,1.000000,0.000060,-0.998851,0.000182,0.047924,0.000426,0.000122,0.000000,0.000000,0.000000,1,0.000051,6998.776855,4559.965820,-65.097992,-0.040736,0.000598,0.000000,1,-0.000266,6985.639160,-4925.689941,-69.725830,0.044000,0.000639,0.000000,1,0.000791,5762.452637,4173.241699,759.531006,-0.045472,-0.008259,0.000000,1,0.000487,5752.176270,-3808.430908,-560.803101,0.041494,0.006127,0.000000,3.975586,25498.175781,63.786865,-154.196503,2.215327,7.194727,0.000000,0.000000,0.000000,0.000000,0.000000,0.000000,0.000000,0.000000,0.000000
541,9.016666,11.027954,-0.000122,-102.607300,-0.000043,0.000554,0.000284,-3.093650,0.000010,0.000281,748.714,0,0.000000,4,2,0.000000,0,0,0,0.000183,1.000000,0.000054,-0.998851,0.000180,0.047924,-0.000340,0.000156,0.000000,0.000000,0.000000,1,0.000032,6997.107910,4559.997559,-68.509315,-0.040735,0.000603,0.000000,1,-0.000281,6984.136230,-4925.658203,-73.229233,0.044000,0.000645,0.000000,1,0.000790,5763.292969,4173.135742,756.732788,-0.045471,-0.008254,0.000000,1,0.000490,5753.146973,-3808.536377,-563.673767,0.041495,0.006132,0.000000,3.520020,25496.265625,51.210632,-140.951187,1.625483,6.340839,0.000000,0.000000,0.000000,0.000000,0.000000,0.000000,0.000000,0.000000,0.000000
542,9.033334,11.027954,-0.000110,-102.607300,0.000002,0.000741,0.000940,-3.093650,0.000018,0.000939,748.733,0,0.000000,4,2,0.000000,0,0,0,0.000180,1.000000,0.000037,-0.998851,0.000178,0.047925,-0.001040,0.000184,0.000000,0.000000,0.000000,1,-0.000006,6994.717285,4560.066406,-72.756165,-0.040735,0.000621,0.000000,1,-0.000315,6981.896973,-4925.570801,-77.578178,0.044000,0.000663,0.000000,1,0.000805,5764.632324,4173.046387,753.249390,-0.045470,-0.008237,0.000000,1,0.000508,5754.604004,-3808.625732,-567.237549,0.041496,0.006150,0.000000,2.792236,25493.943359,35.584595,-123.975609,0.941890,5.342068,0.000000,0.000000,0.000000,0.000000,0.000000,0.000000,0.000000,0.000000,0.000000
543,9.050000,11.027954,-0.000095,-102.607300,0.000038,0.000901,0.001396,-3.093649,0.000023,0.001397,748.751,0,0.000000,4,2,0.000000,0,0,0,0.000176,1.000000,0.000009,-0.998851,0.000176,0.047925,-0.001657,0.000205,0.000000,0.000000,0.000000,1,-0.000061,6991.724121,4560.078125,-77.322983,-0.040735,0.000647,0.000000,1,-0.000367,6979.055176,-4925.492188,-82.243683,0.044000,0.000689,0.000000,1,0.000834,5766.378906,4172.979004,749.503662,-0.045469,-0.008211,0.000000,1,0.000541,5756.447266,-3808.692871,-571.060852,0.041497,0.006177,0.000000,2.031494,25491.281250,18.800415,-104.265442,0.423826,4.239314,0.000000,0.000000,0.000000,0.000000,0.000000,0.000000,0.000000,0.000000,0.000000
544,9.066667,11.027954,-0.000077,-102.607300,0.000064,0.001030,0.001637,-3.093649,0.000025,0.001639,748.768,0,0.000000,4,2,0.000000,0,0,0,0.000173,1.000000,-0.000027,-0.998851,0.000174,0.047925,-0.002175,0.000219,0.000000,0.000000,0.000000,1,-0.000130,6988.258301,4560.078125,-81.737663,-0.040735,0.000678,0.000000,1,-0.000432,6975.716309,-4925.381836,-86.749794,0.043999,0.000721,0.000000,1,0.000875,5768.424316,4172.938965,745.882751,-0.045469,-0.008180,0.000000,1,0.000585,5758.596680,-3808.732910,-574.753540,0.041498,0.006209,0.000000,1.222412,25488.316406,2.586060,-82.791573,-0.019528,3.062340,0.000000,0.000000,0.000000,0.000000,0.000000,0.000000,0.000000,0.000000,0.000000
545,9.083333,11.027954,-0.000059,-102.607300,0.000079,0.001126,0.001671,-3.093649,0.000025,0.001673,748.786,0,0.000000,4,2,0.000000,0,0,0,0.000169,1.000000,-0.000070,-0.998851,0.000172,0.047926,-0.002587,0.000226,0.000000,0.000000,0.000000,1,-0.000210,6984.475586,4560.078125,-85.612000,-0.040735,0.000710,0.000000,1,-0.000509,6972.035645,-4925.259766,-90.703278,0.043998,0.000754,0.000000,1,0.000927,5770.706543,4172.925781,742.705078,-0.045468,-0.008147,0.000000,1,0.000640,5760.958008,-3808.746338,-577.993469,0.041498,0.006242,0.000000,0.445068,25485.253906,-11.638428,-60.510868,-0.369616,1.918243,0.000000,0.000000,0.000000,0.000000,0.000000,0.000000,0.000000,0.000000,0.000000
546,9.100000,11.027954,-0.000039,-102.607300,0.000085,0.001185,0.001521,-3.093648,0.000023,0.001524,748.803,0,0.000000,4,2,0.000000,0,0,0,0.000165,1.000000,-0.000118,-0.998851,0.000171,0.047926,-0.002888,0.000226,0.000000,0.000000,0.000000,1,-0.000297,6980.480469,4560.345215,-88.662903,-0.040736,0.000740,0.000000,1,-0.000594,6968.152832,-4925.132324,-93.817924,0.043998,0.000785,0.000000,1,0.000986,5773.121094,4172.938965,740.202759,-0.045468,-0.008117,0.000000,1,0.000701,5763.429688,-3808.733398,-580.545959,0.041499,0.006273,0.000000,-0.512207,25482.097656,-22.825684,-40.559990,-1.580052,0.726171,0.000000,0.000000,0.000000,0.000000,0.000000,0.000000,0.000000,0.000000,0.000000
547,9.116667,11.027954,-0.000019,-102.607300,0.000079,0.001208,0.001229,-3.093648,0.000015,0.001231,748.820,0,0.000000,4,2,0.000000,0,0,0,0.000161,1.000000,-0.000170,-0.998851,0.000169,0.047926,-0.003090,0.000219,0.000000,0.000000,0.000000,1,-0.000389,6976.433594,4560.418457,-90.749168,-0.040737,0.000766,0.000000,1,-0.000684,6964.153320,-4925.059570,-95.909943,0.043997,0.000812,0.000000,1,0.001050,5775.611816,4172.979980,738.492249,-0.045468,-0.008091,0.000000,1,0.000768,5765.971191,-3808.681396,-582.260986,0.041499,0.006299,0.000000,-1.116455,25479.023438,-30.409363,-14.979232,-1.090282,-0.291324,0.000000,0.000000,0.000000,0.000000,0.000000,0.000000,0.000000,0.000000,0.000000
548,9.133333,11.027954,0.000001,-102.607300,0.000064,0.001196,0.000839,-3.093648,0.000010,0.000841,748.837,0,0.000000,4,2,0.000000,0,0,0,0.000158,1.000000,-0.000222,-0.998851,0.000169,0.047926,-0.003164,0.000208,0.000000,0.000000,0.000000,1,-0.000483,6972.454590,4560.485352,-91.772217,-0.040737,0.000786,0.000000,1,-0.000776,6960.236328,-4924.992676,-96.934578,0.043996,0.000832,0.000000,1,0.001117,5778.044434,4173.038574,737.653503,-0.045468,-0.008071,0.000000,1,0.000836,5768.442383,-3808.629395,-583.101013,0.041498,0.006319,0.000000,-1.538330,25476.060547,-34.119751,5.638720,-1.557543,-1.291675,0.000000,0.000000,0.000000,0.000000,0.000000,0.000000,0.000000,0.000000,0.000000
549,9.150000,11.027954,0.000020,-102.607300,0.000044,0.001149,0.000401,-3.093648,0.000002,0.000403,748.853,0,0.000000,4,2,0.000000,0,0,0,0.000155,1.000000,-0.000275,-0.998851,0.000168,0.047926,-0.003136,0.000192,0.000000,0.000000,0.000000,1,-0.000574,6968.678223,4560.510742,-91.803963,-0.040738,0.000799,0.000000,1,-0.000866,6956.487305,-4924.966797,-96.930344,0.043996,0.000845,0.000000,1,0.001184,5780.371094,4173.111816,737.628052,-0.045468,-0.008058,0.000000,1,0.000904,5770.774414,-3808.556641,-583.098206,0.041498,0.006332,0.000000,-1.737793,25473.314453,-34.160339,21.083630,-0.828013,-2.077062,0.000000,0.000000,0.000000,0.000000,0.000000,0.000000,0.000000,0.000000,0.000000
550,9.166667,11.027954,0.000038,-102.607300,0.000022,0.001070,-0.000036,-3.093648,-0.000002,-0.000035,748.870,0,0.000000,4,2,0.000000,0,0,0,0.000152,1.000000,-0.000325,-0.998851,0.000167,0.047926,-0.003032,0.000172,0.000000,0.000000,0.000000,1,-0.000662,6965.163574,4560.528809,-90.963196,-0.040738,0.000804,0.000000,1,-0.000953,6952.997070,-4924.949219,-96.060104,0.043995,0.000850,0.000000,1,0.001250,5782.559082,4173.167969,738.317871,-0.045469,-0.008053,0.000000,1,0.000971,5772.967773,-3808.500000,-582.385254,0.041497,0.006337,0.000000,-1.737305,25470.898438,-31.043091,36.856155,-0.644873,-5.912503,0.000000,0.000000,0.000000,0.000000,0.000000,0.000000,0.000000,0.000000,0.000000
551,9.183333,11.027954,0.000054,-102.607300,-0.000000,0.000963,-0.000434,-3.093648,-0.000005,-0.000434,748.886,0,0.000000,4,2,0.000000,0,0,0,0.000150,1.000000,-0.000373,-0.998851,0.000168,0.047926,-0.002850,0.000105,0.000000,0.000000,0.000000,1,-0.000743,6962.048828,4560.501953,-89.441177,-0.040739,0.000802,0.000000,1,-0.001035,6949.765625,-4924.975586,-94.503159,0.043995,0.000848,0.000000,1,0.001313,5784.614746,4173.196289,739.566162,-0.045469,-0.008055,0.000000,1,0.001033,5774.915527,-3808.471924,-581.109375,0.041497,0.006335,0.000000,-1.471924,25468.828125,-25.446228,50.353394,-0.420647,-6.018554,0.000000,0.000000,0.000000,0.000000,0.000000,0.000000,0.000000,0.000000,0.000000
552,9.200000,11.027954,0.000068,-102.607300,-0.000019,0.000832,-0.000761,-3.093648,-0.000007,-0.000760,748.901,0,0.000000,4,2,0.000000,0,0,0,0.000150,1.000000,-0.000416,-0.998851,0.000169,0.047926,-0.002602,0.000042,0.000000,0.000000,0.000000,1,-0.000815,6959.373535,4560.461426,-87.460732,-0.040739,0.000794,0.000000,1,-0.001110,6946.940430,-4925.006348,-92.487076,0.043995,0.000840,0.000000,1,0.001372,5786.454102,4173.213379,741.190491,-0.045470,-0.008063,0.000000,1,0.001090,5776.598145,-3808.454346,-579.457092,0.041497,0.006327,0.000000,-1.087158,25467.191406,-18.183228,58.127186,-0.200812,-5.985161,0.000000,0.000000,0.000000,0.000000,0.000000,0.000000,0.000000,0.000000,0.000000
553,9.216666,11.027954,0.000079,-102.607300,-0.000033,0.000682,-0.000994,-3.093648,-0.000008,-0.000994,748.917,0,0.000000,4,2,0.000000,0,0,0,0.000150,1.000000,-0.000455,-0.998851,0.000171,0.047926,-0.002314,-0.000017,0.000000,0.000000,0.000000,1,-0.000878,6957.164062,4560.411621,-85.263748,-0.040738,0.000782,0.000000,1,-0.001176,6944.516113,-4925.006348,-90.257156,0.043995,0.000827,0.000000,1,0.001426,5788.075195,4173.220215,742.992188,-0.045470,-0.008075,0.000000,1,0.001141,5778.031738,-3808.448242,-577.629517,0.041496,0.006315,0.000000,-0.664062,25466.000000,-10.138062,67.565765,-0.649914,-5.769510,0.000000,0.000000,0.000000,0.000000,0.000000,0.000000,0.000000,0.000000,0.000000
554,9.233334,11.027954,0.000088,-102.607300,-0.000041,0.000518,-0.001124,-3.093648,-0.000012,-0.001124,748.932,0,0.000000,4,2,0.000000,0,0,0,0.000151,1.000000,-0.000488,-0.998851,0.000174,0.047926,-0.001979,-0.000069,0.000000,0.000000,0.000000,1,-0.000929,6955.454102,4560.336426,-83.074608,-0.040738,0.000767,0.000000,1,-0.001232,6942.565430,-4925.006348,-88.012474,0.043995,0.000812,0.000000,1,0.001474,5789.418457,4173.238281,744.787781,-0.045470,-0.008090,0.000000,1,0.001184,5779.174805,-3808.430176,-575.790100,0.041496,0.006299,0.000000,-0.238281,25465.242188,-2.080444,76.715836,-0.391513,-5.474521,0.000000,0.000000,0.000000,0.000000,0.000000,0.000000,0.000000,0.000000,0.000000
555,9.250000,11.027954,0.000094,-102.607300,-0.000044,0.000346,-0.001150,-3.093649,-0.000014,-0.001151,748.947,0,0.000000,4,2,0.000000,0,0,0,0.000153,1.000000,-0.000514,-0.998851,0.000177,0.047926,-0.001598,-0.000113,0.000000,0.000000,0.000000,1,-0.000969,6954.294922,4560.259277,-81.066246,-0.040738,0.000751,0.000000,1,-0.001277,6941.147949,-4925.152832,-85.949295,0.043995,0.000796,0.000000,1,0.001515,5790.467285,4173.252930,746.435242,-0.045470,-0.008106,0.000000,1,0.001220,5779.982422,-3808.415283,-574.099609,0.041496,0.006283,0.000000,0.310303,25464.976562,5.311279,80.903511,0.614930,-1.893809,0.000000,0.000000,0.000000,0.000000,0.000000,0.000000,0.000000,0.000000,0.000000
556,9.266666,11.027954,0.000097,-102.607300,-0.000040,0.000170,-0.001082,-3.093649,-0.000011,-0.001083,748.962,0,0.000000,4,2,0.000000,0,0,0,0.000155,1.000000,-0.000534,-0.998851,0.000180,0.047925,-0.001195,-0.000104,0.000000,0.000000,0.000000,1,-0.000996,6953.610840,4560.245117,-79.375778,-0.040737,0.000736,0.000000,1,-0.001309,6940.304199,-4925.060547,-84.241188,0.043995,0.000780,0.000000,1,0.001548,5791.147461,4173.266602,747.821411,-0.045471,-0.008122,0.000000,1,0.001247,5780.559570,-3808.401367,-572.699524,0.041496,0.006267,0.000000,0.502197,25465.164062,11.494080,81.868759,0.587553,-1.899552,0.000000,0.000000,0.000000,0.000000,0.000000,0.000000,0.000000,0.000000,0.000000
557,9.283334,11.027954,0.000097,-102.607300,-0.000034,-0.000003,-0.000935,-3.093649,-0.000008,-0.000936,748.977,0,0.000000,4,2,0.000000,0,0,0,0.000156,1.000000,-0.000547,-0.998851,0.000182,0.047925,-0.000787,-0.000095,0.000000,0.000000,0.000000,1,-0.001012,6953.426758,4560.239258,-78.120140,-0.040737,0.000722,0.000000,1,-0.001329,6939.994629,-4925.060547,-82.976555,0.043995,0.000765,0.000000,1,0.001571,5791.510742,4173.273926,748.851013,-0.045471,-0.008136,0.000000,1,0.001267,5780.839355,-3808.394043,-571.662842,0.041496,0.006253,0.000000,0.712891,25465.761719,16.075806,80.582542,0.639271,-1.819399,0.000000,0.000000,0.000000,0.000000,0.000000,0.000000,0.000000,0.000000,0.000000
558,9.300000,11.027954,0.000094,-102.607300,-0.000025,-0.000169,-0.000729,-3.093649,-0.000005,-0.000729,748.992,0,0.000000,4,2,0.000000,0,0,0,0.000158,1.000000,-0.000554,-0.998851,0.000184,0.047925,-0.000386,-0.000085,0.000000,0.000000,0.000000,1,-0.001017,6953.716797,4560.246094,-77.348091,-0.040737,0.000710,0.000000,1,-0.001337,6940.194336,-4925.060547,-82.207161,0.043995,0.000754,0.000000,1,0.001586,5791.580078,4173.276367,749.483887,-0.045471,-0.008147,0.000000,1,0.001279,5780.849121,-3808.391846,-571.031982,0.041495,0.006241,0.000000,0.835693,25466.763672,18.878357,77.304260,0.636781,-1.690987,0.000000,0.000000,0.000000,0.000000,0.000000,0.000000,0.000000,0.000000,0.000000
559,9.316667,11.027954,0.000088,-102.607300,-0.000014,-0.000323,-0.000487,-3.093649,-0.000001,-0.000487,749.006,0,0.000000,4,2,0.000000,0,0,0,0.000159,1.000000,-0.000554,-0.998851,0.000185,0.047925,-0.000000,-0.000075,0.000000,0.000000,0.000000,1,-0.001010,6954.447266,4560.264160,-77.062218,-0.040737,0.000702,0.000000,1,-0.001332,6940.854004,-4925.060547,-81.934059,0.043995,0.000746,0.000000,1,0.001592,5791.369629,4173.260742,749.718018,-0.045471,-0.008155,0.000000,1,0.001283,5780.605957,-3808.394531,-570.807861,0.041495,0.006233,0.000000,0.884277,25468.099609,19.894409,72.274521,0.564954,-1.501818,0.000000,0.000000,0.000000,0.000000,0.000000,0.000000,0.000000,0.000000,0.000000
560,9.333333,11.027954,0.000081,-102.607300,-0.000003,-0.000462,-0.000232,-3.093649,0.000001,-0.000232,749.020,0,0.000000,4,2,0.000000,0,0,0,0.000160,1.000000,-0.000548,-0.998851,0.000186,0.047925,0.000360,-0.000065,0.000000,0.000000,0.000000,1,-0.000994,6955.555664,4560.268066,-77.224258,-0.040737,0.000698,0.000000,1,-0.001317,6941.953613,-4925.036133,-82.115959,0.043995,0.000741,0.000000,1,0.001591,5790.907227,4173.260742,749.584839,-0.045471,-0.008160,0.000000,1,0.001280,5780.143066,-3808.399658,-570.956604,0.041495,0.006229,0.000000,0.831055,25469.746094,19.270325,65.667000,0.484315,-1.371605,0.000000,0.000000,0.000000,0.000000,0.000000,0.000000,0.000000,0.000000,0.000000
561,9.350000,11.027954,0.000071,-102.607300,0.000008,-0.000581,0.000015,-3.093649,0.000004,0.000015,749.034,0,0.000000,4,2,0.000000,0,0,0,0.000161,1.000000,-0.000536,-0.998851,0.000186,0.047925,0.000687,-0.000055,0.000000,0.000000,0.000000,1,-0.000968,6957.009766,4560.317383,-77.763054,-0.040737,0.000696,0.000000,1,-0.001292,6943.398926,-4925.002441,-82.680191,0.043995,0.000740,0.000000,1,0.001582,5790.220215,4173.253906,749.142761,-0.045471,-0.008161,0.000000,1,0.001271,5779.458496,-3808.408447,-571.418823,0.041495,0.006228,0.000000,0.667480,25471.570312,17.268494,57.671459,0.303605,-1.101588,0.000000,0.000000,0.000000,0.000000,0.000000,0.000000,0.000000,0.000000,0.000000
562,9.366667,11.027954,0.000060,-102.607300,0.000016,-0.000678,0.000237,-3.093649,0.000005,0.000237,749.048,0,0.000000,4,2,0.000000,0,0,0,0.000162,1.000000,-0.000520,-0.998851,0.000186,0.047925,0.000974,-0.000046,0.000000,0.000000,0.000000,1,-0.000934,6958.751953,4560.348633,-78.588165,-0.040737,0.000699,0.000000,1,-0.001258,6945.169922,-4924.971191,-83.530716,0.043995,0.000742,0.000000,1,0.001566,5789.344238,4173.243164,748.465820,-0.045471,-0.008159,0.000000,1,0.001255,5778.624512,-3808.419189,-572.115662,0.041496,0.006230,0.000000,0.480225,25473.644531,14.224548,48.588585,0.138992,-0.884183,0.000000,0.000000,0.000000,0.000000,0.000000,0.000000,0.000000,0.000000,0.000000
563,9.383333,11.027954,0.000047,-102.607300,0.000023,-0.000752,0.000419,-3.093649,0.000006,0.000419,749.061,0,0.000000,4,2,0.000000,0,0,0,0.000162,1.000000,-0.000500,-0.998851,0.000186,0.047926,0.001216,-0.000037,0.000000,0.000000,0.000000,1,-0.000894,6960.690918,4560.375000,-79.596886,-0.040737,0.000703,0.000000,1,-0.001217,6947.166992,-4924.944824,-84.562607,0.043995,0.000747,0.000000,1,0.001545,5788.326172,4173.231445,747.638428,-0.045471,-0.008154,0.000000,1,0.001234,5777.649414,-3808.430664,-572.961243,0.041496,0.006235,0.000000,0.272949,25475.779297,10.516663,37.954845,-0.568091,-0.632562,0.000000,0.000000,0.000000,0.000000,0.000000,0.000000,0.000000,0.000000,0.000000
564,9.400000,11.027954,0.000034,-102.607300,0.000026,-0.000800,0.000554,-3.093649,0.000003,0.000554,749.075,0,0.000000,4,2,0.000000,0,0,0,0.000163,1.000000,-0.000476,-0.998851,0.000185,0.047926,0.001405,-0.000029,0.000000,0.000000,0.000000,1,-0.000849,6962.775391,4560.333984,-80.700188,-0.040737,0.000710,0.000000,1,-0.001171,6949.315430,-4924.945801,-85.660889,0.043995,0.000754,0.000000,1,0.001518,5787.181152,4173.238281,746.733948,-0.045471,-0.008147,0.000000,1,0.001209,5776.579102,-3808.417480,-573.861816,0.041496,0.006241,0.000000,0.102783,25477.917969,6.513611,27.716942,-0.472924,-0.372115,0.000000,0.000000,0.000000,0.000000,0.000000,0.000000,0.000000,0.000000,0.000000
565,9.416667,11.027954,0.000020,-102.607300,0.000027,-0.000824,0.000637,-3.093649,0.000001,0.000638,749.088,0,0.000000,4,2,0.000000,0,0,0,0.000163,1.000000,-0.000451,-0.998851,0.000184,0.047926,0.001544,-0.000022,0.000000,0.000000,0.000000,1,-0.000801,6964.946777,4560.333984,-81.788712,-0.040737,0.000717,0.000000,1,-0.001121,6951.562500,-4924.952148,-86.739410,0.043995,0.000762,0.000000,1,0.001489,5785.980957,4173.242188,745.841736,-0.045471,-0.008140,0.000000,1,0.001181,5775.445801,-3808.412842,-574.746216,0.041496,0.006249,0.000000,-0.088379,25480.074219,2.574585,14.225453,-0.439753,-0.071443,0.000000,0.000000,0.000000,0.000000,0.000000,0.000000,0.000000,0.000000,0.000000
566,9.433333,11.027954,0.000006,-102.607300,0.000026,-0.000822,0.000670,-3.093649,-0.000001,0.000670,749.101,0,0.000000,4,2,0.000000,0,0,0,0.000163,1.000000,-0.000424,-0.998851,0.000183,0.047926,0.001614,-0.000017,0.000000,0.000000,0.000000,1,-0.000751,6967.094727,4560.329102,-82.790932,-0.040737,0.000726,0.000000,1,-0.001070,6953.786621,-4924.963867,-87.725517,0.043995,0.000770,0.000000,1,0.001457,5784.791504,4173.242188,745.020203,-0.045471,-0.008131,0.000000,1,0.001151,5774.318359,-3808.403809,-575.554932,0.041496,0.006257,0.000000,-0.253418,25482.126953,-1.040283,3.498762,0.220382,0.245360,0.000000,0.000000,0.000000,0.000000,0.000000,0.000000,0.000000,0.000000,0.000000
567,9.450000,11.027954,-0.000007,-102.607300,0.000023,-0.000797,0.000657,-3.093649,-0.000000,0.000657,749.113,0,0.000000,4,2,0.000000,0,0,0,0.000164,1.000000,-0.000396,-0.998851,0.000182,0.047926,0.001632,-0.000012,0.000000,0.000000,0.000000,1,-0.000701,6969.168945,4560.325195,-83.626022,-0.040737,0.000734,0.000000,1,-0.001018,6955.954590,-4924.963867,-88.565857,0.043995,0.000778,0.000000,1,0.001425,5783.610352,4173.239258,744.335571,-0.045471,-0.008124,0.000000,1,0.001120,5773.208496,-3808.411377,-576.243835,0.041496,0.006265,0.000000,-0.385498,25484.007812,-4.086426,-2.799811,0.198384,0.499035,0.000000,0.000000,0.000000,0.000000,0.000000,0.000000,0.000000,0.000000,0.000000
568,9.466666,11.027954,-0.000019,-102.607300,0.000018,-0.000749,0.000605,-3.093649,0.000001,0.000604,749.126,0,0.000000,4,2,0.000000,0,0,0,0.000164,1.000000,-0.000369,-0.998851,0.000181,0.047926,0.001618,-0.000006,0.000000,0.000000,0.000000,1,-0.000653,6971.152344,4560.319336,-84.252274,-0.040737,0.000741,0.000000,1,-0.000968,6958.028809,-4924.963867,-89.199959,0.043995,0.000785,0.000000,1,0.001391,5782.432617,4173.223145,743.822021,-0.045471,-0.008116,0.000000,1,0.001089,5772.113770,-3808.428711,-576.763550,0.041496,0.006272,0.000000,-0.456299,25485.664062,-6.379272,-11.805052,0.137329,0.741238,0.000000,0.000000,0.000000,0.000000,0.000000,0.000000,0.000000,0.000000,0.000000
569,9.483334,11.027954,-0.000031,-102.607300,0.000012,-0.000682,0.000523,-3.093649,0.000001,0.000523,749.138,0,0.000000,4,2,0.000000,0,0,0,0.000164,1.000000,-0.000343,-0.998851,0.000180,0.047926,0.001559,-0.000001,0.000000,0.000000,0.000000,1,-0.000607,6972.971680,4560.312500,-84.660522,-0.040737,0.000746,0.000000,1,-0.000920,6959.939453,-4924.963867,-89.616592,0.043995,0.000791,0.000000,1,0.001359,5781.336426,4173.206055,743.487122,-0.045470,-0.008111,0.000000,1,0.001059,5771.087402,-3808.446777,-577.105042,0.041496,0.006278,0.000000,-0.486084,25487.099609,-7.880737,-19.884542,0.072865,0.980698,0.000000,0.000000,0.000000,0.000000,0.000000,0.000000,0.000000,0.000000,0.000000
570,9.500000,11.027954,-0.000041,-102.607300,0.000006,-0.000598,0.000422,-3.093649,0.000002,0.000421,749.151,0,0.000000,4,2,0.000000,0,0,0,0.000164,1.000000,-0.000319,-0.998851,0.000179,0.047926,0.001460,0.000004,0.000000,0.000000,0.000000,1,-0.000564,6974.604492,4560.302734,-84.854279,-0.040737,0.000751,0.000000,1,-0.000875,6961.666504,-4924.963867,-89.818153,0.043995,0.000795,0.000000,1,0.001327,5780.321289,4173.187012,743.328186,-0.045470,-0.008106,0.000000,1,0.001029,5770.143066,-3808.465332,-577.270142,0.041496,0.006282,0.000000,-0.473389,25488.296875,-8.601562,-27.062668,0.011331,1.173720,0.000000,0.000000,0.000000,0.000000,0.000000,0.000000,0.000000,0.000000,0.000000
571,9.516666,11.027954,-0.000049,-102.607300,-0.000000,-0.000500,0.000311,-3.093648,0.000002,0.000311,749.163,0,0.000000,4,2,0.000000,0,0,0,0.000163,1.000000,-0.000297,-0.998851,0.000177,0.047926,0.001325,0.000009,0.000000,0.000000,0.000000,1,-0.000527,6975.990723,4560.291504,-84.854294,-0.040737,0.000753,0.000000,1,-0.000835,6963.134766,-4924.986328,-89.824509,0.043995,0.000798,0.000000,1,0.001298,5779.417480,4173.168945,743.328064,-0.045470,-0.008104,0.000000,1,0.001002,5769.319336,-3808.483643,-577.275269,0.041496,0.006285,0.000000,-0.403564,25489.171875,-8.616516,-32.984745,-0.013092,1.320904,0.000000,0.000000,0.000000,0.000000,0.000000,0.000000,0.000000,0.000000,0.000000
572,9.533334,11.027954,-0.000056,-102.607300,-0.000005,-0.000392,0.000201,-3.093648,0.000002,0.000200,749.174,0,0.000000,4,2,0.000000,0,0,0,0.000163,1.000000,-0.000278,-0.998851,0.000176,0.047926,0.001161,0.000013,0.000000,0.000000,0.000000,1,-0.000495,6977.105469,4560.281738,-84.692589,-0.040737,0.000755,0.000000,1,-0.000801,6964.326172,-4924.996094,-89.668274,0.043995,0.000799,0.000000,1,0.001272,5778.656738,4173.152832,743.460571,-0.045470,-0.008103,0.000000,1,0.000978,5768.602539,-3808.499512,-577.147034,0.041496,0.006286,0.000000,-0.324463,25489.714844,-8.041016,-37.622074,-0.047758,1.486042,0.000000,0.000000,0.000000,0.000000,0.000000,0.000000,0.000000,0.000000,0.000000
573,9.550000,11.027954,-0.000060,-102.607300,-0.000009,-0.000278,0.000098,-3.093648,0.000002,0.000097,749.186,0,0.000000,4,2,0.000000,0,0,0,0.000163,1.000000,-0.000261,-0.998851,0.000175,0.047926,0.000974,0.000018,0.000000,0.000000,0.000000,1,-0.000469,6977.945801,4560.272949,-84.409889,-0.040737,0.000754,0.000000,1,-0.000774,6965.238281,-4925.005371,-89.389343,0.043995,0.000799,0.000000,1,0.001249,5778.021973,4173.139648,743.692322,-0.045470,-0.008103,0.000000,1,0.000956,5768.030273,-3808.512695,-576.918274,0.041496,0.006286,0.000000,-0.230957,25489.964844,-7.022156,-40.997845,-0.071689,1.544073,0.000000,0.000000,0.000000,0.000000,0.000000,0.000000,0.000000,0.000000,0.000000
574,9.566667,11.027954,-0.000063,-102.607300,-0.000012,-0.000161,0.000008,-3.093648,0.000001,0.000007,749.198,0,0.000000,4,2,0.000000,0,0,0,0.000163,1.000000,-0.000249,-0.998851,0.000174,0.047926,0.000769,0.000022,0.000000,0.000000,0.000000,1,-0.000449,6978.491211,4560.264648,-84.049927,-0.040737,0.000753,0.000000,1,-0.000752,6965.851074,-4925.013672,-89.031372,0.043995,0.000798,0.000000,1,0.001229,5777.549316,4173.130371,743.987366,-0.045470,-0.008104,0.000000,1,0.000939,5767.608887,-3808.521973,-576.624756,0.041497,0.006285,0.000000,-0.133545,25489.933594,-5.718811,-42.963066,-0.081944,1.560932,0.000000,0.000000,0.000000,0.000000,0.000000,0.000000,0.000000,0.000000,0.000000
575,9.583333,11.027954,-0.000064,-102.607300,-0.000014,-0.000044,-0.000065,-3.093648,0.000001,-0.000066,749.209,0,0.000000,4,2,0.000000,0,0,0,0.000162,1.000000,-0.000239,-0.998851,0.000173,0.047926,0.000556,0.000025,0.000000,0.000000,0.000000,1,-0.000437,6978.751465,4560.257812,-83.654922,-0.040737,0.000751,0.000000,1,-0.000738,6966.159180,-4925.020020,-88.636772,0.043995,0.000795,0.000000,1,0.001214,5777.228027,4173.124512,744.311218,-0.045470,-0.008106,0.000000,1,0.000925,5767.320312,-3808.527588,-576.301270,0.041497,0.006283,0.000000,-0.040039,25489.585938,-4.284729,-40.516964,-0.082427,1.583092,0.000000,0.000000,0.000000,0.000000,0.000000,0.000000,0.000000,0.000000,0.000000
576,9.600000,11.027954,-0.000062,-102.607300,-0.000015,0.000068,-0.000120,-3.093648,0.000000,-0.000121,749.220,0,0.000000,4,2,0.000000,0,0,0,0.000162,1.000000,-0.000233,-0.998851,0.000173,0.047926,0.000354,0.000029,0.000000,0.000000,0.000000,1,-0.000430,6978.742188,4560.255371,-83.254150,-0.040737,0.000748,0.000000,1,-0.000731,6966.204590,-4925.006836,-88.235069,0.043995,0.000793,0.000000,1,0.001203,5777.026855,4173.123535,744.639832,-0.045469,-0.008109,0.000000,1,0.000914,5767.156250,-3808.528564,-575.971924,0.041497,0.006280,0.000000,0.020996,25488.964844,-2.825684,-40.114174,-0.097564,1.499098,0.000000,0.000000,0.000000,0.000000,0.000000,0.000000,0.000000,0.000000,0.000000
577,9.616667,11.027954,-0.000060,-102.607300,-0.000014,0.000173,-0.000157,-3.093648,-0.000000,-0.000157,749.231,0,0.000000,4,2,0.000000,0,0,0,0.000161,1.000000,-0.000231,-0.998851,0.000172,0.047926,0.000154,0.000033,0.000000,0.000000,0.000000,1,-0.000430,6978.487305,4560.252930,-82.886940,-0.040737,0.000745,0.000000,1,-0.000729,6965.992676,-4925.006836,-87.864975,0.043995,0.000790,0.000000,1,0.001195,5776.946777,4173.125488,744.941040,-0.045469,-0.008112,0.000000,1,0.000908,5767.119141,-3808.526611,-575.668518,0.041497,0.006277,0.000000,0.083496,25488.105469,-1.485107,-38.652786,-0.081938,1.373306,0.000000,0.000000,0.000000,0.000000,0.000000,0.000000,0.000000,0.000000,0.000000
578,9.633333,11.027954,-0.000055,-102.607300,-0.000013,0.000268,-0.000176,-3.093648,-0.000000,-0.000176,749.242,0,0.000000,4,2,0.000000,0,0,0,0.000161,1.000000,-0.000232,-0.998851,0.000171,0.047926,-0.000038,0.000035,0.000000,0.000000,0.000000,1,-0.000436,6978.006836,4560.251465,-82.576683,-0.040737,0.000742,0.000000,1,-0.000734,6965.537598,-4925.006836,-87.550964,0.043995,0.000787,0.000000,1,0.001191,5777.009277,4173.129883,745.195435,-0.045469,-0.008115,0.000000,1,0.000905,5767.199707,-3808.520752,-575.411133,0.041497,0.006274,0.000000,0.129883,25487.072266,-0.349915,-36.144138,-0.055562,1.273846,0.000000,0.000000,0.000000,0.000000,0.000000,0.000000,0.000000,0.000000,0.000000
579,9.650000,11.027954,-0.000049,-102.607300,-0.000012,0.000351,-0.000180,-3.093648,-0.000001,-0.000180,749.253,0,0.000000,4,2,0.000000,0,0,0,0.000160,1.000000,-0.000235,-0.998851,0.000171,0.047926,-0.000218,0.000038,0.000000,0.000000,0.000000,1,-0.000448,6977.299316,4560.251953,-82.337425,-0.040737,0.000740,0.000000,1,-0.000745,6964.862793,-4925.006836,-87.307770,0.043995,0.000784,0.000000,1,0.001191,5777.200195,4173.136230,745.391663,-0.045469,-0.008117,0.000000,1,0.000906,5767.398438,-3808.515625,-575.211853,0.041497,0.006272,0.000000,0.160400,25485.859375,0.527527,-32.623539,-0.032606,1.104706,0.000000,0.000000,0.000000,0.000000,0.000000,0.000000,0.000000,0.000000,0.000000
580,9.666667,11.027954,-0.000042,-102.607300,-0.000010,0.000419,-0.000173,-3.093648,-0.000001,-0.000173,749.264,0,0.000000,4,2,0.000000,0,0,0,0.000159,1.000000,-0.000242,-0.998851,0.000171,0.047926,-0.000381,0.000039,0.000000,0.000000,0.000000,1,-0.000463,6976.440430,4560.253906,-82.174118,-0.040737,0.000738,0.000000,1,-0.000760,6964.024414,-4925.006836,-87.140625,0.043995,0.000782,0.000000,1,0.001194,5777.477051,4173.143066,745.525574,-0.045470,-0.008119,0.000000,1,0.000909,5767.692383,-3808.508301,-575.074890,0.041497,0.006270,0.000000,0.172852,25484.562500,1.128967,-29.896275,-0.048713,0.898108,0.000000,0.000000,0.000000,0.000000,0.000000,0.000000,0.000000,0.000000,0.000000
581,9.683333,11.027954,-0.000034,-102.607300,-0.000007,0.000472,-0.000159,-3.093648,-0.000001,-0.000159,749.274,0,0.000000,4,2,0.000000,0,0,0,0.000159,1.000000,-0.000250,-0.998851,0.000170,0.047926,-0.000530,0.000038,0.000000,0.000000,0.000000,1,-0.000484,6975.414062,4560.254883,-82.089157,-0.040737,0.000736,0.000000,1,-0.000780,6962.996094,-4925.006348,-87.050613,0.043995,0.000780,0.000000,1,0.001201,5777.882324,4173.151367,745.595337,-0.045470,-0.008121,0.000000,1,0.000916,5768.092773,-3808.500244,-575.001160,0.041497,0.006268,0.000000,0.170654,25483.164062,1.447937,-26.554371,0.028939,0.729631,0.000000,0.000000,0.000000,0.000000,0.000000,0.000000,0.000000,0.000000,0.000000
582,9.700000,11.027954,-0.000026,-102.607300,-0.000005,0.000509,-0.000140,-3.093648,-0.000001,-0.000140,749.284,0,0.000000,4,2,0.000000,0,0,0,0.000158,1.000000,-0.000261,-0.998851,0.000170,0.047926,-0.000662,0.000037,0.000000,0.000000,0.000000,1,-0.000507,6974.276855,4560.254883,-82.072250,-0.040737,0.000735,0.000000,1,-0.000804,6961.862305,-4925.003418,-87.031219,0.043995,0.000779,0.000000,1,0.001211,5778.371582,4173.157715,745.609253,-0.045470,-0.008122,0.000000,1,0.000926,5768.582031,-3808.493896,-574.985352,0.041497,0.006267,0.000000,0.157715,25481.781250,1.514587,-21.047770,0.050433,0.486322,0.000000,0.000000,0.000000,0.000000,0.000000,0.000000,0.000000,0.000000,0.000000
583,9.716666,11.027954,-0.000017,-102.607300,-0.000003,0.000529,-0.000121,-3.093648,-0.000001,-0.000121,749.295,0,0.000000,4,2,0.000000,0,0,0,0.000157,1.000000,-0.000274,-0.998851,0.000170,0.047926,-0.000766,0.000035,0.000000,0.000000,0.000000,1,-0.000534,6973.063965,4560.261719,-82.105827,-0.040737,0.000734,0.000000,1,-0.000830,6960.632812,-4924.998535,-87.063705,0.043995,0.000779,0.000000,1,0.001223,5778.939941,4173.162598,745.581665,-0.045470,-0.008123,0.000000,1,0.000939,5769.141113,-3808.488770,-575.011963,0.041496,0.006266,0.000000,0.130371,25480.419922,1.395569,-15.159524,0.052890,0.276410,0.000000,0.000000,0.000000,0.000000,0.000000,0.000000,0.000000,0.000000,0.000000
584,9.733334,11.027954,-0.000008,-102.607300,-0.000002,0.000533,-0.000103,-3.093648,-0.000000,-0.000103,749.305,0,0.000000,4,2,0.000000,0,0,0,0.000157,1.000000,-0.000288,-0.998851,0.000170,0.047926,-0.000842,0.000032,0.000000,0.000000,0.000000,1,-0.000562,6971.810547,4560.266602,-82.172920,-0.040737,0.000734,0.000000,1,-0.000858,6959.375000,-4924.994141,-87.130608,0.043995,0.000779,0.000000,1,0.001237,5779.537109,4173.167480,745.526672,-0.045470,-0.008123,0.000000,1,0.000953,5769.722656,-3808.484619,-575.066833,0.041496,0.006266,0.000000,0.100586,25479.064453,1.152832,-9.286870,0.054855,0.031736,0.000000,0.000000,0.000000,0.000000,0.000000,0.000000,0.000000,0.000000,0.000000
585,9.750000,11.027954,0.000001,-102.607300,-0.000000,0.000521,-0.000088,-3.093648,-0.000000,-0.000088,749.314,0,0.000000,4,2,0.000000,0,0,0,0.000156,1.000000,-0.000303,-0.998851,0.000171,0.047926,-0.000888,0.000028,0.000000,0.000000,0.000000,1,-0.000591,6970.571289,4560.271484,-82.256607,-0.040737,0.000734,0.000000,1,-0.000888,6958.106445,-4924.989258,-87.215034,0.043995,0.000779,0.000000,1,0.001253,5780.166504,4173.170410,745.458069,-0.045470,-0.008123,0.000000,1,0.000969,5770.320312,-3808.481201,-575.136047,0.041496,0.006266,0.000000,0.069580,25477.808594,0.848022,-3.496843,0.050969,-0.132877,0.000000,0.000000,0.000000,0.000000,0.000000,0.000000,0.000000,0.000000,0.000000
586,9.766666,11.027954,0.000009,-102.607300,0.000001,0.000495,-0.000077,-3.093648,0.000000,-0.000077,749.324,0,0.000000,4,2,0.000000,0,0,0,0.000156,1.000000,-0.000318,-0.998851,0.000171,0.047926,-0.000906,0.000025,0.000000,0.000000,0.000000,1,-0.000620,6969.366211,4560.275879,-82.341309,-0.040737,0.000735,0.000000,1,-0.000917,6956.864746,-4924.984375,-87.301170,0.043995,0.000779,0.000000,1,0.001270,5780.808594,4173.172363,745.388611,-0.045470,-0.008122,0.000000,1,0.000985,5770.945801,-3808.479248,-575.206665,0.041496,0.006267,0.000000,0.041260,25476.699219,0.538147,2.135807,0.041707,-0.329290,0.000000,0.000000,0.000000,0.000000,0.000000,0.000000,0.000000,0.000000,0.000000
587,9.783334,11.027954,0.000016,-102.607300,0.000001,0.000456,-0.000070,-3.093648,0.000000,-0.000070,749.334,0,0.000000,4,2,0.000000,0,0,0,0.000156,1.000000,-0.000333,-0.998851,0.000171,0.047926,-0.000895,0.000021,0.000000,0.000000,0.000000,1,-0.000647,6968.243164,4560.281250,-82.413956,-0.040737,0.000735,0.000000,1,-0.000945,6955.724609,-4924.979492,-87.375679,0.043995,0.000780,0.000000,1,0.001288,5781.432129,4173.173828,745.329041,-0.045470,-0.008122,0.000000,1,0.001002,5771.547363,-3808.477783,-575.267700,0.041496,0.006267,0.000000,0.015381,25475.777344,0.271301,7.219652,0.029508,-0.543130,0.000000,0.000000,0.000000,0.000000,0.000000,0.000000,0.000000,0.000000,0.000000
588,9.800000,11.027954,0.000023,-102.607300,0.000001,0.000406,-0.000067,-3.093648,0.000000,-0.000067,749.343,0,0.000000,4,2,0.000000,0,0,0,0.000155,1.000000,-0.000347,-0.998851,0.000172,0.047926,-0.000859,0.000017,0.000000,0.000000,0.000000,1,-0.000673,6967.222168,4560.285156,-82.465714,-0.040737,0.000736,0.000000,1,-0.000972,6954.656738,-4924.975586,-87.429428,0.043995,0.000780,0.000000,1,0.001305,5782.019531,4173.174805,745.286560,-0.045470,-0.008121,0.000000,1,0.001019,5772.095703,-3808.477295,-575.311707,0.041496,0.006268,0.000000,-0.002930,25474.935547,0.079956,11.768312,0.018788,-0.630913,0.000000,0.000000,0.000000,0.000000,0.000000,0.000000,0.000000,0.000000,0.000000
589,9.816667,11.027954,0.000029,-102.607300,0.000001,0.000346,-0.000066,-3.093648,0.000000,-0.000066,749.352,0,0.000000,4,2,0.000000,0,0,0,0.000155,1.000000,-0.000361,-0.998851,0.000172,0.047926,-0.000800,0.000013,0.000000,0.000000,0.000000,1,-0.000697,6966.317871,4560.289551,-82.491348,-0.040737,0.000736,0.000000,1,-0.000997,6953.743164,-4924.971191,-87.457062,0.043995,0.000781,0.000000,1,0.001322,5782.564941,4173.175293,745.265503,-0.045470,-0.008121,0.000000,1,0.001035,5772.624023,-3808.476562,-575.334351,0.041496,0.006268,0.000000,-0.018066,25474.355469,-0.016418,15.694775,0.005116,-0.837131,0.000000,0.000000,0.000000,0.000000,0.000000,0.000000,0.000000,0.000000,0.000000
590,9.833333,11.027954,0.000034,-102.607300,0.000001,0.000279,-0.000066,-3.093648,0.000000,-0.000066,749.362,0,0.000000,4,2,0.000000,0,0,0,0.000155,1.000000,-0.000373,-0.998851,0.000173,0.047926,-0.000722,0.000008,0.000000,0.000000,0.000000,1,-0.000718,6965.573242,4560.291992,-82.489540,-0.040737,0.000736,0.000000,1,-0.001018,6952.951660,-4924.968262,-87.456963,0.043995,0.000781,0.000000,1,0.001337,5783.049316,4173.174805,745.266907,-0.045470,-0.008121,0.000000,1,0.001049,5773.080566,-3808.476807,-575.334229,0.041496,0.006268,0.000000,-0.022705,25473.929688,-0.012756,18.885441,-0.006097,-0.886060,0.000000,0.000000,0.000000,0.000000,0.000000,0.000000,0.000000,0.000000,0.000000
591,9.850000,11.027954,0.000037,-102.607300,0.000001,0.000207,-0.000066,-3.093648,0.000000,-0.000066,749.371,0,0.000000,4,2,0.000000,0,0,0,0.000155,1.000000,-0.000383,-0.998851,0.000173,0.047926,-0.000628,0.000004,0.000000,0.000000,0.000000,1,-0.000735,6964.970703,4560.294434,-82.462502,-0.040737,0.000737,0.000000,1,-0.001037,6952.319336,-4924.966309,-87.431229,0.043995,0.000781,0.000000,1,0.001352,5783.476074,4173.174805,745.289062,-0.045470,-0.008121,0.000000,1,0.001063,5773.477539,-3808.477295,-575.313110,0.041496,0.006268,0.000000,-0.021729,25473.697266,0.083374,21.387466,-0.016343,-0.953859,0.000000,0.000000,0.000000,0.000000,0.000000,0.000000,0.000000,0.000000,0.000000
592,9.866667,11.027954,0.000039,-102.607300,0.000001,0.000133,-0.000065,-3.093648,0.000000,-0.000065,749.380,0,0.000000,4,2,0.000000,0,0,0,0.000155,1.000000,-0.000392,-0.998851,0.000174,0.047926,-0.000522,-0.000000,0.000000,0.000000,0.000000,1,-0.000749,6964.547852,4560.295898,-82.414963,-0.040737,0.000736,0.000000,1,-0.001051,6951.869141,-4924.964355,-87.384438,0.043995,0.000781,0.000000,1,0.001364,5783.817383,4173.174316,745.328003,-0.045470,-0.008121,0.000000,1,0.001075,5773.796875,-3808.477051,-575.274719,0.041496,0.006268,0.000000,-0.016846,25473.681641,0.255005,23.003366,-0.020246,-0.998933,0.000000,0.000000,0.000000,0.000000,0.000000,0.000000,0.000000,0.000000,0.000000
593,9.883333,11.027954,0.000040,-102.607300,0.000000,0.000059,-0.000062,-3.093648,0.000000,-0.000062,749.388,0,0.000000,4,2,0.000000,0,0,0,0.000155,1.000000,-0.000399,-0.998851,0.000174,0.047926,-0.000407,-0.000004,0.000000,0.000000,0.000000,1,-0.000759,6964.292480,4560.297363,-82.353920,-0.040737,0.000736,0.000000,1,-0.001062,6951.579102,-4924.963379,-87.323723,0.043995,0.000781,0.000000,1,0.001375,5784.081543,4173.174805,745.378052,-0.045470,-0.008121,0.000000,1,0.001085,5774.046875,-3808.476807,-575.224976,0.041496,0.006268,0.000000,-0.009277,25473.843750,0.476379,23.899725,-0.023172,-1.002990,0.000000,0.000000,0.000000,0.000000,0.000000,0.000000,0.000000,0.000000,0.000000
594,9.900000,11.027954,0.000040,-102.607300,0.000000,-0.000014,-0.000056,-3.093648,0.000000,-0.000056,749.397,0,0.000000,4,2,0.000000,0,0,0,0.000155,1.000000,-0.000403,-0.998851,0.000174,0.047926,-0.000288,-0.000008,0.000000,0.000000,0.000000,1,-0.000765,6964.199219,4560.296875,-82.287041,-0.040737,0.000736,0.000000,1,-0.001068,6951.468262,-4924.963867,-87.256714,0.043995,0.000780,0.000000,1,0.001383,5784.272949,4173.175293,745.432922,-0.045470,-0.008121,0.000000,1,0.001093,5774.212402,-3808.476562,-575.169983,0.041496,0.006268,0.000000,0.002930,25474.187500,0.719910,22.626944,-0.064676,-0.985752,0.000000,0.000000,0.000000,0.000000,0.000000,0.000000,0.000000,0.000000,0.000000
595,9.916667,11.027954,0.000039,-102.607300,0.000000,-0.000082,-0.000047,-3.093648,-0.000000,-0.000047,749.406,0,0.000000,4,2,0.000000,0,0,0,0.000155,1.000000,-0.000406,-0.998851,0.000175,0.047926,-0.000175,-0.000012,0.000000,0.000000,0.000000,1,-0.000768,6964.248535,4560.294922,-82.227043,-0.040737,0.000735,0.000000,1,-0.001071,6951.492676,-4924.965820,-87.194427,0.043995,0.000780,0.000000,1,0.001390,5784.399902,4173.176758,745.482117,-0.045470,-0.008122,0.000000,1,0.001098,5774.311035,-3808.475098,-575.118958,0.041496,0.006267,0.000000,0.014160,25474.652344,0.942139,22.220945,-0.050023,-0.914090,0.000000,0.000000,0.000000,0.000000,0.000000,0.000000,0.000000,0.000000,0.000000
596,9.933333,11.027954,0.000036,-102.607300,0.000000,-0.000145,-0.000035,-3.093648,-0.000000,-0.000035,749.414,0,0.000000,4,2,0.000000,0,0,0,0.000156,1.000000,-0.000407,-0.998851,0.000175,0.047926,-0.000065,-0.000015,0.000000,0.000000,0.000000,1,-0.000766,6964.455566,4560.292480,-82.176437,-0.040737,0.000735,0.000000,1,-0.001071,6951.674805,-4924.965820,-87.141136,0.043995,0.000779,0.000000,1,0.001394,5784.437988,4173.178223,745.523621,-0.045470,-0.008122,0.000000,1,0.001103,5774.360352,-3808.473389,-575.075317,0.041496,0.006267,0.000000,0.022949,25475.302734,1.130859,21.150324,-0.037826,-0.888647,0.000000,0.000000,0.000000,0.000000,0.000000,0.000000,0.000000,0.000000,0.000000
597,9.950000,11.027954,0.000033,-102.607300,0.000001,-0.000200,-0.000020,-3.093648,-0.000001,-0.000020,749.422,0,0.000000,4,2,0.000000,0,0,0,0.000156,1.000000,-0.000407,-0.998851,0.000175,0.047926,0.000040,-0.000019,0.000000,0.000000,0.000000,1,-0.000762,6964.768066,4560.289551,-82.140587,-0.040737,0.000734,0.000000,1,-0.001067,6951.971680,-4924.970215,-87.102310,0.043995,0.000779,0.000000,1,0.001397,5784.425781,4173.179688,745.553101,-0.045470,-0.008123,0.000000,1,0.001104,5774.307617,-3808.471680,-575.043579,0.041496,0.006266,0.000000,0.033447,25475.968750,1.266479,19.591568,-0.016824,-0.745248,0.000000,0.000000,0.000000,0.000000,0.000000,0.000000,0.000000,0.000000,0.000000
598,9.966666,11.027954,0.000029,-102.607300,0.000001,-0.000247,-0.000004,-3.093648,-0.000001,-0.000004,749.431,0,0.000000,4,2,0.000000,0,0,0,0.000156,1.000000,-0.000404,-0.998851,0.000175,0.047926,0.000138,-0.000020,0.000000,0.000000,0.000000,1,-0.000754,6965.209961,4560.287109,-82.122803,-0.040737,0.000734,0.000000,1,-0.001059,6952.403809,-4924.972656,-87.081871,0.043995,0.000778,0.000000,1,0.001397,5784.342773,4173.181641,745.567688,-0.045470,-0.008123,0.000000,1,0.001104,5774.227051,-3808.470215,-575.026794,0.041496,0.006266,0.000000,0.038086,25476.820312,1.335999,17.535585,-0.000723,-0.681421,0.000000,0.000000,0.000000,0.000000,0.000000,0.000000,0.000000,0.000000,0.000000
599,9.983334,11.027954,0.000024,-102.607300,0.000002,-0.000284,0.000013,-3.093648,-0.000001,0.000013,749.439,0,0.000000,4,2,0.000000,0,0,0,0.000157,1.000000,-0.000401,-0.998851,0.000176,0.047926,0.000225,-0.000022,0.000000,0.000000,0.000000,1,-0.000744,6965.737793,4560.284180,-82.125023,-0.040737,0.000734,0.000000,1,-0.001050,6952.920898,-4924.975586,-87.081841,0.043995,0.000778,0.000000,1,0.001396,5784.207031,4173.183105,745.565979,-0.045470,-0.008123,0.000000,1,0.001103,5774.079102,-3808.468994,-575.026794,0.041496,0.006266,0.000000,0.041260,25477.675781,1.331909,15.120387,0.016364,-0.553872,0.000000,0.000000,0.000000,0.000000,0.000000,0.000000,0.000000,0.000000,0.000000
600,10.000000,11.027954,0.000019,-102.607300,0.000002,-0.000311,0.000030,-3.093648,-0.000001,0.000030,749.447,0,0.000000,4,2,0.000000,0,0,0,0.000157,1.000000,-0.000396,-0.998851,0.000176,0.047926,0.000300,-0.000024,0.000000,0.000000,0.000000,1,-0.000732,6966.338379,4560.282715,-82.147171,-0.040737,0.000734,0.000000,1,-0.001038,6953.508789,-4924.977051,-87.102463,0.043995,0.000778,0.000000,1,0.001393,5784.009277,4173.183594,745.547852,-0.045470,-0.008123,0.000000,1,0.001100,5773.889648,-3808.468262,-575.043762,0.041496,0.006266,0.000000,0.039307,25478.542969,1.254028,13.820819,0.067624,-0.443305,0.000000,0.000000,0.000000,0.000000,0.000000,0.000000,0.000000,0.000000,0.000000
601,10.016666,11.027954,0.000013,-102.607300,0.000003,-0.000328,0.000046,-3.093648,-0.000000,0.000046,749.455,0,0.000000,4,2,0.000000,0,0,0,0.000157,1.000000,-0.000390,-0.998851,0.000176,0.047926,0.000369,-0.000024,0.000000,0.000000,0.000000,1,-0.000718,6967.003906,4560.283203,-82.182915,-0.040737,0.000734,0.000000,1,-0.001024,6954.166992,-4924.976562,-87.139160,0.043995,0.000778,0.000000,1,0.001388,5783.770508,4173.182129,745.518494,-0.045470,-0.008123,0.000000,1,0.001095,5773.636230,-3808.468994,-575.073853,0.041496,0.006266,0.000000,0.034180,25479.421875,1.122192,10.795640,0.061274,-0.276772,0.000000,0.000000,0.000000,0.000000,0.000000,0.000000,0.000000,0.000000,0.000000
602,10.033334,11.027954,0.000008,-102.607300,0.000003,-0.000334,0.000061,-3.093648,0.000000,0.000061,749.462,0,0.000000,4,2,0.000000,0,0,0,0.000158,1.000000,-0.000383,-0.998851,0.000176,0.047926,0.000423,-0.000023,0.000000,0.000000,0.000000,1,-0.000703,6967.697754,4560.285156,-82.233910,-0.040737,0.000734,0.000000,1,-0.001009,6954.865234,-4924.974609,-87.191910,0.043995,0.000778,0.000000,1,0.001382,5783.488281,4173.181152,745.476685,-0.045470,-0.008123,0.000000,1,0.001089,5773.366699,-3808.470459,-575.117065,0.041496,0.006266,0.000000,0.023682,25480.281250,0.933777,7.674197,0.048564,-0.184784,0.000000,0.000000,0.000000,0.000000,0.000000,0.000000,0.000000,0.000000,0.000000
603,10.050000,11.027954,0.000002,-102.607300,0.000003,-0.000330,0.000073,-3.093648,0.000000,0.000073,749.470,0,0.000000,4,2,0.000000,0,0,0,0.000158,1.000000,-0.000375,-0.998851,0.000176,0.047926,0.000461,-0.000022,0.000000,0.000000,0.000000,1,-0.000687,6968.399414,4560.285156,-82.296944,-0.040737,0.000735,0.000000,1,-0.000993,6955.578613,-4924.973633,-87.257133,0.043995,0.000779,0.000000,1,0.001375,5783.177246,4173.179199,745.425049,-0.045470,-0.008123,0.000000,1,0.001081,5773.055176,-3808.471924,-575.170532,0.041496,0.006266,0.000000,0.014893,25481.060547,0.700623,4.493934,0.038789,-0.062509,0.000000,0.000000,0.000000,0.000000,0.000000,0.000000,0.000000,0.000000,0.000000
604,10.066667,11.027954,-0.000003,-102.607300,0.000004,-0.000317,0.000082,-3.093648,0.000000,0.000082,749.477,0,0.000000,4,2,0.000000,0,0,0,0.000159,1.000000,-0.000367,-0.998851,0.000176,0.047926,0.000483,-0.000021,0.000000,0.000000,0.000000,1,-0.000670,6969.101562,4560.285156,-82.368065,-0.040737,0.000735,0.000000,1,-0.000976,6956.275391,-4924.971191,-87.330795,0.043995,0.000779,0.000000,1,0.001367,5782.855469,4173.177734,745.366638,-0.045470,-0.008122,0.000000,1,0.001073,5772.733887,-3808.474365,-575.230835,0.041496,0.006267,0.000000,0.003174,25481.785156,0.437256,1.403493,0.023163,0.099708,0.000000,0.000000,0.000000,0.000000,0.000000,0.000000,0.000000,0.000000,0.000000
605,10.083333,11.027954,-0.000008,-102.607300,0.000004,-0.000296,0.000087,-3.093648,0.000001,0.000087,749.485,0,0.000000,4,2,0.000000,0,0,0,0.000159,1.000000,-0.000359,-0.998851,0.000176,0.047926,0.000490,-0.000019,0.000000,0.000000,0.000000,1,-0.000654,6969.769043,4560.288574,-82.442993,-0.040737,0.000736,0.000000,1,-0.000960,6956.947754,-4924.969238,-87.408218,0.043995,0.000780,0.000000,1,0.001358,5782.524902,4173.175781,745.305237,-0.045470,-0.008122,0.000000,1,0.001065,5772.413574,-3808.476074,-575.294250,0.041496,0.006267,0.000000,-0.011230,25482.417969,0.160522,-1.523843,0.006064,0.207777,0.000000,0.000000,0.000000,0.000000,0.000000,0.000000,0.000000,0.000000,0.000000
606,10.100000,11.027954,-0.000012,-102.607300,0.000004,-0.000267,0.000089,-3.093648,0.000001,0.000089,749.492,0,0.000000,4,2,0.000000,0,0,0,0.000159,1.000000,-0.000351,-0.998851,0.000176,0.047926,0.000483,-0.000017,0.000000,0.000000,0.000000,1,-0.000639,6970.382324,4560.286133,-82.517464,-0.040737,0.000736,0.000000,1,-0.000944,6957.577637,-4924.968262,-87.484810,0.043995,0.000780,0.000000,1,0.001349,5782.204590,4173.173340,745.244141,-0.045470,-0.008121,0.000000,1,0.001056,5772.097168,-3808.478027,-575.357056,0.041496,0.006268,0.000000,-0.018799,25482.951172,-0.114441,-4.205094,-0.002734,0.298566,0.000000,0.000000,0.000000,0.000000,0.000000,0.000000,0.000000,0.000000,0.000000
607,10.116667,11.027954,-0.000016,-102.607300,0.000003,-0.000232,0.000088,-3.093648,0.000001,0.000088,749.499,0,0.000000,4,2,0.000000,0,0,0,0.000159,1.000000,-0.000343,-0.998851,0.000176,0.047926,0.000462,-0.000014,0.000000,0.000000,0.000000,1,-0.000624,6970.937988,4560.286133,-82.587273,-0.040737,0.000737,0.000000,1,-0.000930,6958.143066,-4924.966797,-87.556480,0.043995,0.000781,0.000000,1,0.001340,5781.885742,4173.171875,745.186890,-0.045470,-0.008120,0.000000,1,0.001047,5771.803223,-3808.479736,-575.415710,0.041496,0.006269,0.000000,-0.029297,25483.369141,-0.371582,-6.604319,-0.013486,0.359791,0.000000,0.000000,0.000000,0.000000,0.000000,0.000000,0.000000,0.000000,0.000000
608,10.133333,11.027954,-0.000020,-102.607300,0.000003,-0.000192,0.000083,-3.093648,0.000001,0.000083,749.506,0,0.000000,4,2,0.000000,0,0,0,0.000160,1.000000,-0.000336,-0.998851,0.000175,0.047926,0.000429,-0.000012,0.000000,0.000000,0.000000,1,-0.000611,6971.418945,4560.286133,-82.649094,-0.040737,0.000737,0.000000,1,-0.000917,6958.639160,-4924.966309,-87.619652,0.043995,0.000782,0.000000,1,0.001331,5781.598633,4173.170410,745.136108,-0.045470,-0.008120,0.000000,1,0.001038,5771.513672,-3808.481445,-575.467529,0.041496,0.006269,0.000000,-0.036865,25483.667969,-0.599060,-8.685017,-0.022765,0.458539,0.000000,0.000000,0.000000,0.000000,0.000000,0.000000,0.000000,0.000000,0.000000
609,10.150000,11.027954,-0.000022,-102.607300,0.000002,-0.000149,0.000076,-3.093648,0.000000,0.000076,749.513,0,0.000000,4,2,0.000000,0,0,0,0.000160,1.000000,-0.000329,-0.998851,0.000175,0.047926,0.000386,-0.000010,0.000000,0.000000,0.000000,1,-0.000600,6971.820312,4560.286133,-82.700348,-0.040737,0.000738,0.000000,1,-0.000905,6959.052734,-4924.966309,-87.671638,0.043995,0.000782,0.000000,1,0.001323,5781.336914,4173.168945,745.094116,-0.045470,-0.008119,0.000000,1,0.001031,5771.268555,-3808.482178,-575.510071,0.041496,0.006270,0.000000,-0.044189,25483.873047,-0.786682,-10.366089,-0.026190,0.501793,0.000000,0.000000,0.000000,0.000000,0.000000,0.000000,0.000000,0.000000,0.000000
610,10.166667,11.027954,-0.000024,-102.607300,0.000002,-0.000103,0.000065,-3.093648,0.000000,0.000065,749.520,0,0.000000,4,2,0.000000,0,0,0,0.000160,1.000000,-0.000324,-0.998851,0.000175,0.047926,0.000334,-0.000007,0.000000,0.000000,0.000000,1,-0.000591,6972.131836,4560.286133,-82.739136,-0.040737,0.000738,0.000000,1,-0.000896,6959.361328,-4924.966309,-87.710655,0.043995,0.000783,0.000000,1,0.001315,5781.107422,4173.168457,745.062317,-0.045470,-0.008119,0.000000,1,0.001023,5771.043457,-3808.483154,-575.542053,0.041496,0.006270,0.000000,-0.049561,25483.914062,-0.928284,-11.642690,-0.029606,0.584164,0.000000,0.000000,0.000000,0.000000,0.000000,0.000000,0.000000,0.000000,0.000000
611,10.183333,11.027954,-0.000025,-102.607300,0.000001,-0.000057,0.000054,-3.093648,0.000000,0.000054,749.527,0,0.000000,4,2,0.000000,0,0,0,0.000160,1.000000,-0.000319,-0.998851,0.000175,0.047926,0.000276,-0.000004,0.000000,0.000000,0.000000,1,-0.000584,6972.333984,4560.285645,-82.764572,-0.040737,0.000739,0.000000,1,-0.000888,6959.598145,-4924.966797,-87.735764,0.043995,0.000783,0.000000,1,0.001309,5780.915039,4173.168457,745.041504,-0.045470,-0.008118,0.000000,1,0.001017,5770.859863,-3808.483154,-575.562683,0.041496,0.006271,0.000000,-0.052979,25483.859375,-1.020081,-12.520817,-0.029128,0.551398,0.000000,0.000000,0.000000,0.000000,0.000000,0.000000,0.000000,0.000000,0.000000
612,10.200000,11.027954,-0.000025,-102.607300,0.000001,-0.000011,0.000040,-3.093648,-0.000000,0.000040,749.534,0,0.000000,4,2,0.000000,0,0,0,0.000160,1.000000,-0.000316,-0.998851,0.000175,0.047926,0.000214,-0.000002,0.000000,0.000000,0.000000,1,-0.000579,6972.460449,4560.283691,-82.776627,-0.040737,0.000739,0.000000,1,-0.000883,6959.714844,-4924.966797,-87.747025,0.043995,0.000783,0.000000,1,0.001303,5780.761719,4173.168457,745.031616,-0.045470,-0.008118,0.000000,1,0.001011,5770.725098,-3808.483398,-575.571960,0.041496,0.006271,0.000000,-0.053223,25483.695312,-1.062683,-12.950743,-0.025219,0.590210,0.000000,0.000000,0.000000,0.000000,0.000000,0.000000,0.000000,0.000000,0.000000
613,10.216666,11.027954,-0.000024,-102.607300,-0.000000,0.000032,0.000027,-3.093648,-0.000000,0.000027,749.540,0,0.000000,4,2,0.000000,0,0,0,0.000160,1.000000,-0.000313,-0.998851,0.000175,0.047926,0.000149,0.000001,0.000000,0.000000,0.000000,1,-0.000576,6972.482422,4560.282227,-82.775864,-0.040737,0.000739,0.000000,1,-0.000880,6959.751465,-4924.970215,-87.745178,0.043995,0.000784,0.000000,1,0.001298,5780.651855,4173.167969,745.032288,-0.045470,-0.008118,0.000000,1,0.001006,5770.612305,-3808.483643,-575.570435,0.041496,0.006271,0.000000,-0.047119,25483.417969,-1.058105,-13.028698,-0.017406,0.588862,0.000000,0.000000,0.000000,0.000000,0.000000,0.000000,0.000000,0.000000,0.000000
614,10.233334,11.027954,-0.000023,-102.607300,-0.000001,0.000072,0.000013,-3.093648,-0.000000,0.000013,749.547,0,0.000000,4,2,0.000000,0,0,0,0.000160,1.000000,-0.000312,-0.998851,0.000175,0.047926,0.000084,0.000004,0.000000,0.000000,0.000000,1,-0.000576,6972.418945,4560.279785,-82.763657,-0.040737,0.000739,0.000000,1,-0.000879,6959.698242,-4924.972168,-87.731827,0.043995,0.000784,0.000000,1,0.001294,5780.588867,4173.167969,745.042297,-0.045470,-0.008118,0.000000,1,0.001003,5770.545410,-3808.483643,-575.559509,0.041496,0.006271,0.000000,-0.040283,25483.068359,-1.011841,-12.708020,-0.008616,0.579387,0.000000,0.000000,0.000000,0.000000,0.000000,0.000000,0.000000,0.000000,0.000000
615,10.250000,11.027954,-0.000021,-102.607300,-0.000001,0.000108,0.000000,-3.093648,-0.000000,0.000000,749.553,0,0.000000,4,2,0.000000,0,0,0,0.000160,1.000000,-0.000311,-0.998851,0.000174,0.047926,0.000021,0.000006,0.000000,0.000000,0.000000,1,-0.000577,6972.275879,4560.278320,-82.741692,-0.040737,0.000739,0.000000,1,-0.000880,6959.564941,-4924.974121,-87.708824,0.043995,0.000784,0.000000,1,0.001292,5780.556641,4173.168457,745.060364,-0.045470,-0.008118,0.000000,1,0.001001,5770.540527,-3808.483154,-575.540588,0.041496,0.006271,0.000000,-0.033936,25482.667969,-0.930176,-12.028334,-0.001786,0.487730,0.000000,0.000000,0.000000,0.000000,0.000000,0.000000,0.000000,0.000000,0.000000
616,10.266666,11.027954,-0.000019,-102.607300,-0.000002,0.000140,-0.000012,-3.093648,-0.000000,-0.000012,749.560,0,0.000000,4,2,0.000000,0,0,0,0.000160,1.000000,-0.000312,-0.998851,0.000174,0.047926,-0.000039,0.000008,0.000000,0.000000,0.000000,1,-0.000580,6972.057617,4560.276855,-82.711998,-0.040737,0.000739,0.000000,1,-0.000884,6959.352051,-4924.975586,-87.678238,0.043995,0.000783,0.000000,1,0.001290,5780.561523,4173.168457,745.084717,-0.045470,-0.008118,0.000000,1,0.001000,5770.547852,-3808.483154,-575.515625,0.041496,0.006271,0.000000,-0.025879,25482.156250,-0.820862,-11.090284,0.004565,0.454268,0.000000,0.000000,0.000000,0.000000,0.000000,0.000000,0.000000,0.000000,0.000000
617,10.283334,11.027954,-0.000016,-102.607300,-0.000002,0.000165,-0.000022,-3.093648,-0.000000,-0.000022,749.566,0,0.000000,4,2,0.000000,0,0,0,0.000159,1.000000,-0.000314,-0.998851,0.000174,0.047926,-0.000094,0.000010,0.000000,0.000000,0.000000,1,-0.000585,6971.783691,4560.275391,-82.676826,-0.040737,0.000739,0.000000,1,-0.000888,6959.081055,-4924.977051,-87.642433,0.043995,0.000783,0.000000,1,0.001290,5780.624023,4173.168457,745.113586,-0.045470,-0.008118,0.000000,1,0.001000,5770.598145,-3808.483154,-575.486267,0.041496,0.006271,0.000000,-0.016602,25481.667969,-0.692017,-9.837388,0.008967,0.431453,0.000000,0.000000,0.000000,0.000000,0.000000,0.000000,0.000000,0.000000,0.000000
618,10.300000,11.027954,-0.000013,-102.607300,-0.000002,0.000184,-0.000031,-3.093648,-0.000000,-0.000031,749.572,0,0.000000,4,2,0.000000,0,0,0,0.000159,1.000000,-0.000316,-0.998851,0.000174,0.047926,-0.000143,0.000011,0.000000,0.000000,0.000000,1,-0.000592,6971.452637,4560.275391,-82.638214,-0.040737,0.000739,0.000000,1,-0.000895,6958.754883,-4924.976562,-87.603439,0.043995,0.000783,0.000000,1,0.001291,5780.701172,4173.168457,745.145203,-0.045470,-0.008119,0.000000,1,0.001000,5770.685059,-3808.482910,-575.454285,0.041496,0.006270,0.000000,-0.010498,25481.121094,-0.550903,-8.394419,0.009942,0.340293,0.000000,0.000000,0.000000,0.000000,0.000000,0.000000,0.000000,0.000000,0.000000
619,10.316667,11.027954,-0.000010,-102.607300,-0.000002,0.000197,-0.000038,-3.093648,-0.000000,-0.000038,749.578,0,0.000000,4,2,0.000000,0,0,0,0.000159,1.000000,-0.000319,-0.998851,0.000174,0.047926,-0.000185,0.000012,0.000000,0.000000,0.000000,1,-0.000599,6971.088379,4560.275391,-82.598213,-0.040737,0.000738,0.000000,1,-0.000902,6958.391113,-4924.975098,-87.563255,0.043995,0.000783,0.000000,1,0.001293,5780.806152,4173.168457,745.178040,-0.045470,-0.008119,0.000000,1,0.001002,5770.799316,-3808.482910,-575.421326,0.041496,0.006270,0.000000,-0.004395,25480.576172,-0.404907,-6.804586,0.008479,0.257058,0.000000,0.000000,0.000000,0.000000,0.000000,0.000000,0.000000,0.000000,0.000000
620,10.333333,11.027954,-0.000006,-102.607300,-0.000002,0.000204,-0.000043,-3.093648,-0.000000,-0.000043,749.584,0,0.000000,4,2,0.000000,0,0,0,0.000159,1.000000,-0.000323,-0.998851,0.000174,0.047926,-0.000219,0.000013,0.000000,0.000000,0.000000,1,-0.000608,6970.696777,4560.275391,-82.558678,-0.040737,0.000738,0.000000,1,-0.000911,6958.006836,-4924.975098,-87.523613,0.043995,0.000782,0.000000,1,0.001295,5780.936523,4173.168457,745.210449,-0.045470,-0.008119,0.000000,1,0.001005,5770.925781,-3808.482910,-575.388855,0.041496,0.006270,0.000000,0.001953,25480.039062,-0.261047,-5.137413,0.007994,0.179776,0.000000,0.000000,0.000000,0.000000,0.000000,0.000000,0.000000,0.000000,0.000000
621,10.350000,11.027954,-0.000003,-102.607300,-0.000002,0.000204,-0.000047,-3.093648,-0.000000,-0.000047,749.590,0,0.000000,4,2,0.000000,0,0,0,0.000159,1.000000,-0.000327,-0.998851,0.000174,0.047926,-0.000244,0.000013,0.000000,0.000000,0.000000,1,-0.000617,6970.292480,4560.275879,-82.521057,-0.040737,0.000738,0.000000,1,-0.000920,6957.607910,-4924.975098,-87.486015,0.043995,0.000782,0.000000,1,0.001299,5781.101074,4173.168457,745.241272,-0.045470,-0.008119,0.000000,1,0.001008,5771.082520,-3808.482666,-575.357971,0.041496,0.006270,0.000000,0.007568,25479.564453,-0.124207,-3.348950,0.008487,0.109019,0.000000,0.000000,0.000000,0.000000,0.000000,0.000000,0.000000,0.000000,0.000000
622,10.366667,11.027954,0.000000,-102.607300,-0.000002,0.000199,-0.000048,-3.093648,-0.000000,-0.000048,749.596,0,0.000000,4,2,0.000000,0,0,0,0.000158,1.000000,-0.000331,-0.998851,0.000174,0.047926,-0.000261,0.000013,0.000000,0.000000,0.000000,1,-0.000626,6969.892578,4560.275879,-82.486275,-0.040737,0.000737,0.000000,1,-0.000929,6957.208008,-4924.974609,-87.451401,0.043995,0.000782,0.000000,1,0.001303,5781.250977,4173.169434,745.269836,-0.045470,-0.008120,0.000000,1,0.001012,5771.245117,-3808.481934,-575.329590,0.041496,0.006269,0.000000,0.011719,25479.085938,0.002075,-1.669651,0.008975,0.008156,0.000000,0.000000,0.000000,0.000000,0.000000,0.000000,0.000000,0.000000,0.000000
623,10.383333,11.027954,0.000003,-102.607300,-0.000002,0.000188,-0.000048,-3.093648,0.000000,-0.000048,749.602,0,0.000000,4,2,0.000000,0,0,0,0.000158,1.000000,-0.000336,-0.998851,0.000174,0.047926,-0.000269,0.000013,0.000000,0.000000,0.000000,1,-0.000635,6969.502930,4560.275879,-82.455360,-0.040737,0.000737,0.000000,1,-0.000938,6956.811035,-4924.974121,-87.420815,0.043995,0.000781,0.000000,1,0.001307,5781.422852,4173.168945,745.295166,-0.045470,-0.008120,0.000000,1,0.001017,5771.416016,-3808.482178,-575.304504,0.041496,0.006269,0.000000,0.017090,25478.667969,0.113770,0.025255,0.007517,-0.047350,0.000000,0.000000,0.000000,0.000000,0.000000,0.000000,0.000000,0.000000,0.000000
624,10.400000,11.027954,0.000006,-102.607300,-0.000002,0.000172,-0.000047,-3.093648,0.000000,-0.000047,749.607,0,0.000000,4,2,0.000000,0,0,0,0.000158,1.000000,-0.000340,-0.998851,0.000174,0.047926,-0.000269,0.000012,0.000000,0.000000,0.000000,1,-0.000644,6969.142578,4560.275879,-82.428642,-0.040737,0.000737,0.000000,1,-0.000947,6956.443359,-4924.973633,-87.394501,0.043995,0.000781,0.000000,1,0.001312,5781.601562,4173.168945,745.317017,-0.045470,-0.008120,0.000000,1,0.001021,5771.576172,-3808.481934,-575.282959,0.041496,0.006269,0.000000,0.020752,25478.322266,0.210083,1.570164,0.006550,-0.069261,0.000000,0.000000,0.000000,0.000000,0.000000,0.000000,0.000000,0.000000,0.000000
625,10.416667,11.027954,0.000009,-102.607300,-0.000002,0.000152,-0.000044,-3.093648,0.000000,-0.000044,749.613,0,0.000000,4,2,0.000000,0,0,0,0.000158,1.000000,-0.000344,-0.998851,0.000174,0.047926,-0.000261,0.000012,0.000000,0.000000,0.000000,1,-0.000653,6968.797363,4560.278320,-82.406479,-0.040737,0.000737,0.000000,1,-0.000956,6956.113281,-4924.972168,-87.372826,0.043995,0.000781,0.000000,1,0.001316,5781.761719,4173.169922,745.335205,-0.045470,-0.008121,0.000000,1,0.001026,5771.745605,-3808.481201,-575.265137,0.041496,0.006268,0.000000,0.019287,25478.023438,0.290100,2.985821,0.003613,-0.199136,0.000000,0.000000,0.000000,0.000000,0.000000,0.000000,0.000000,0.000000,0.000000
626,10.433333,11.027954,0.000011,-102.607300,-0.000001,0.000128,-0.000040,-3.093648,0.000000,-0.000040,749.618,0,0.000000,4,2,0.000000,0,0,0,0.000158,1.000000,-0.000348,-0.998851,0.000174,0.047926,-0.000246,0.000010,0.000000,0.000000,0.000000,1,-0.000661,6968.516602,4560.278809,-82.388908,-0.040737,0.000736,0.000000,1,-0.000964,6955.808105,-4924.971191,-87.355713,0.043995,0.000781,0.000000,1,0.001321,5781.932129,4173.169922,745.349609,-0.045470,-0.008121,0.000000,1,0.001031,5771.911133,-3808.480957,-575.251099,0.041496,0.006268,0.000000,0.020264,25477.843750,0.353394,4.260602,0.001184,-0.192120,0.000000,0.000000,0.000000,0.000000,0.000000,0.000000,0.000000,0.000000,0.000000
627,10.450000,11.027954,0.000013,-102.607300,-0.000001,0.000103,-0.000036,-3.093648,0.000000,-0.000036,749.624,0,0.000000,4,2,0.000000,0,0,0,0.000157,1.000000,-0.000352,-0.998851,0.000174,0.047926,-0.000225,0.000009,0.000000,0.000000,0.000000,1,-0.000667,6968.261230,4560.280762,-82.375710,-0.040737,0.000736,0.000000,1,-0.000970,6955.562500,-4924.969727,-87.342926,0.043995,0.000781,0.000000,1,0.001326,5782.076660,4173.170410,745.360413,-0.045470,-0.008121,0.000000,1,0.001035,5772.053223,-3808.480713,-575.240601,0.041496,0.006268,0.000000,0.018799,25477.687500,0.400635,5.285236,-0.001749,-0.271867,0.000000,0.000000,0.000000,0.000000,0.000000,0.000000,0.000000,0.000000,0.000000
628,10.466666,11.027954,0.000014,-102.607300,-0.000001,0.000075,-0.000031,-3.093648,0.000000,-0.000031,749.629,0,0.000000,4,2,0.000000,0,0,0,0.000157,1.000000,-0.000356,-0.998851,0.000174,0.047926,-0.000198,0.000008,0.000000,0.000000,0.000000,1,-0.000673,6968.062500,4560.281250,-82.366768,-0.040737,0.000736,0.000000,1,-0.000976,6955.364258,-4924.969238,-87.334282,0.043995,0.000780,0.000000,1,0.001330,5782.202148,4173.170898,745.367737,-0.045470,-0.008121,0.000000,1,0.001039,5772.187012,-3808.480225,-575.233582,0.041496,0.006268,0.000000,0.018066,25477.619141,0.432739,6.097353,-0.001750,-0.329642,0.000000,0.000000,0.000000,0.000000,0.000000,0.000000,0.000000,0.000000,0.000000
629,10.483334,11.027954,0.000015,-102.607300,-0.000001,0.000047,-0.000025,-3.093648,0.000000,-0.000025,749.634,0,0.000000,4,2,0.000000,0,0,0,0.000157,1.000000,-0.000358,-0.998851,0.000174,0.047926,-0.000168,0.000006,0.000000,0.000000,0.000000,1,-0.000678,6967.924316,4560.281738,-82.361717,-0.040737,0.000736,0.000000,1,-0.000981,6955.215820,-4924.968262,-87.329498,0.043995,0.000780,0.000000,1,0.001334,5782.326172,4173.170898,745.371887,-0.045470,-0.008121,0.000000,1,0.001043,5772.297363,-3808.480225,-575.229614,0.041496,0.006268,0.000000,0.017334,25477.644531,0.450745,6.700853,-0.004671,-0.308642,0.000000,0.000000,0.000000,0.000000,0.000000,0.000000,0.000000,0.000000,0.000000
630,10.500000,11.027954,0.000015,-102.607300,-0.000000,0.000019,-0.000019,-3.093648,0.000000,-0.000019,749.640,0,0.000000,4,2,0.000000,0,0,0,0.000157,1.000000,-0.000361,-0.998851,0.000174,0.047926,-0.000135,0.000005,0.000000,0.000000,0.000000,1,-0.000681,6967.823242,4560.282227,-82.360237,-0.040737,0.000736,0.000000,1,-0.000984,6955.120117,-4924.967773,-87.328140,0.043995,0.000780,0.000000,1,0.001337,5782.416016,4173.171387,745.373108,-0.045470,-0.008121,0.000000,1,0.001046,5772.393555,-3808.479736,-575.228516,0.041496,0.006268,0.000000,0.015869,25477.695312,0.455994,7.087790,-0.004675,-0.360604,0.000000,0.000000,0.000000,0.000000,0.000000,0.000000,0.000000,0.000000,0.000000
631,10.516666,11.027954,0.000015,-102.607300,-0.000000,-0.000008,-0.000013,-3.093648,0.000000,-0.000013,749.645,0,0.000000,4,2,0.000000,0,0,0,0.000157,1.000000,-0.000362,-0.998851,0.000174,0.047926,-0.000099,0.000003,0.000000,0.000000,0.000000,1,-0.000683,6967.791992,4560.282227,-82.361862,-0.040737,0.000736,0.000000,1,-0.000986,6955.083984,-4924.968262,-87.329803,0.043995,0.000780,0.000000,1,0.001340,5782.492676,4173.170898,745.371826,-0.045470,-0.008121,0.000000,1,0.001049,5772.464844,-3808.479736,-575.229858,0.041496,0.006268,0.000000,0.016357,25477.855469,0.450012,7.217081,-0.005648,-0.345740,0.000000,0.000000,0.000000,0.000000,0.000000,0.000000,0.000000,0.000000,0.000000
632,10.533334,11.027954,0.000014,-102.607300,-0.000000,-0.000033,-0.000008,-3.093648,0.000000,-0.000008,749.650,0,0.000000,4,2,0.000000,0,0,0,0.000157,1.000000,-0.000363,-0.998851,0.000174,0.047926,-0.000063,0.000001,0.000000,0.000000,0.000000,1,-0.000684,6967.803711,4560.282227,-82.366348,-0.040737,0.000736,0.000000,1,-0.000987,6955.087891,-4924.968262,-87.334213,0.043995,0.000780,0.000000,1,0.001342,5782.547852,4173.170898,745.368164,-0.045470,-0.008121,0.000000,1,0.001052,5772.518066,-3808.479980,-575.233459,0.041496,0.006268,0.000000,0.016113,25478.039062,0.433899,7.179193,-0.004669,-0.330371,0.000000,0.000000,0.000000,0.000000,0.000000,0.000000,0.000000,0.000000,0.000000
633,10.550000,11.027954,0.000013,-102.607300,0.000000,-0.000056,-0.000002,-3.093648,0.000000,-0.000002,749.655,0,0.000000,4,2,0.000000,0,0,0,0.000157,1.000000,-0.000364,-0.998851,0.000174,0.047926,-0.000028,-0.000001,0.000000,0.000000,0.000000,1,-0.000684,6967.870117,4560.281738,-82.373199,-0.040737,0.000736,0.000000,1,-0.000987,6955.154297,-4924.968750,-87.340935,0.043995,0.000780,0.000000,1,0.001344,5782.568848,4173.170898,745.362488,-0.045470,-0.008121,0.000000,1,0.001053,5772.532227,-3808.479980,-575.239014,0.041496,0.006268,0.000000,0.015625,25478.265625,0.409058,6.822756,-0.004181,-0.306760,0.000000,0.000000,0.000000,0.000000,0.000000,0.000000,0.000000,0.000000,0.000000
634,10.566667,11.027954,0.000012,-102.607300,0.000000,-0.000077,0.000003,-3.093648,-0.000000,0.000003,749.660,0,0.000000,4,2,0.000000,0,0,0,0.000157,1.000000,-0.000364,-0.998851,0.000174,0.047926,0.000006,-0.000002,0.000000,0.000000,0.000000,1,-0.000682,6967.974121,4560.281738,-82.382408,-0.040737,0.000736,0.000000,1,-0.000986,6955.260742,-4924.968750,-87.349968,0.043995,0.000780,0.000000,1,0.001345,5782.585938,4173.170898,745.354919,-0.045470,-0.008121,0.000000,1,0.001054,5772.555176,-3808.479736,-575.246399,0.041496,0.006268,0.000000,0.013672,25478.578125,0.375977,6.428632,-0.003208,-0.313746,0.000000,0.000000,0.000000,0.000000,0.000000,0.000000,0.000000,0.000000,0.000000
635,10.583333,11.027954,0.000011,-102.607300,0.000001,-0.000093,0.000008,-3.093648,-0.000000,0.000008,749.664,0,0.000000,4,2,0.000000,0,0,0,0.000157,1.000000,-0.000363,-0.998851,0.000174,0.047926,0.000038,-0.000004,0.000000,0.000000,0.000000,1,-0.000680,6968.118164,4560.281250,-82.393303,-0.040737,0.000736,0.000000,1,-0.000983,6955.399902,-4924.969238,-87.360657,0.043995,0.000780,0.000000,1,0.001346,5782.571289,4173.170898,745.346069,-0.045470,-0.008121,0.000000,1,0.001055,5772.530273,-3808.479980,-575.255188,0.041496,0.006268,0.000000,0.012939,25478.855469,0.336670,5.789562,-0.001740,-0.252383,0.000000,0.000000,0.000000,0.000000,0.000000,0.000000,0.000000,0.000000,0.000000
636,10.600000,11.027954,0.000009,-102.607300,0.000001,-0.000107,0.000012,-3.093648,-0.000000,0.000012,749.669,0,0.000000,4,2,0.000000,0,0,0,0.000157,1.000000,-0.000362,-0.998851,0.000174,0.047926,0.000067,-0.000005,0.000000,0.000000,0.000000,1,-0.000677,6968.290039,4560.280762,-82.405777,-0.040737,0.000736,0.000000,1,-0.000980,6955.569336,-4924.968750,-87.372940,0.043995,0.000780,0.000000,1,0.001346,5782.539062,4173.170898,745.335815,-0.045470,-0.008121,0.000000,1,0.001055,5772.493652,-3808.479980,-575.265259,0.041496,0.006268,0.000000,0.010986,25479.156250,0.291626,5.043477,-0.002229,-0.211192,0.000000,0.000000,0.000000,0.000000,0.000000,0.000000,0.000000,0.000000,0.000000
637,10.616667,11.027954,0.000007,-102.607300,0.000001,-0.000116,0.000016,-3.093648,-0.000000,0.000016,749.674,0,0.000000,4,2,0.000000,0,0,0,0.000157,1.000000,-0.000360,-0.998851,0.000174,0.047926,0.000092,-0.000005,0.000000,0.000000,0.000000,1,-0.000673,6968.501953,4560.280273,-82.419510,-0.040737,0.000736,0.000000,1,-0.000976,6955.773438,-4924.968750,-87.386421,0.043995,0.000780,0.000000,1,0.001345,5782.480957,4173.170898,745.324585,-0.045470,-0.008121,0.000000,1,0.001054,5772.452148,-3808.479736,-575.276306,0.041496,0.006268,0.000000,0.008789,25479.509766,0.242249,4.151306,0.000208,-0.193270,0.000000,0.000000,0.000000,0.000000,0.000000,0.000000,0.000000,0.000000,0.000000
638,10.633333,11.027954,0.000005,-102.607300,0.000001,-0.000122,0.000019,-3.093648,-0.000000,0.000019,749.678,0,0.000000,4,2,0.000000,0,0,0,0.000157,1.000000,-0.000358,-0.998851,0.000174,0.047926,0.000113,-0.000006,0.000000,0.000000,0.000000,1,-0.000668,6968.716309,4560.279785,-82.434273,-0.040737,0.000736,0.000000,1,-0.000971,6955.992676,-4924.968750,-87.401009,0.043995,0.000781,0.000000,1,0.001344,5782.436035,4173.170898,745.312500,-0.045470,-0.008121,0.000000,1,0.001053,5772.391113,-3808.479980,-575.288269,0.041496,0.006268,0.000000,0.007080,25479.857422,0.188843,3.282550,-0.000279,-0.132513,0.000000,0.000000,0.000000,0.000000,0.000000,0.000000,0.000000,0.000000,0.000000
639,10.650000,11.027954,0.000003,-102.607300,0.000001,-0.000124,0.000022,-3.093648,-0.000000,0.000022,749.683,0,0.000000,4,2,0.000000,0,0,0,0.000158,1.000000,-0.000356,-0.998851,0.000174,0.047926,0.000129,-0.000007,0.000000,0.000000,0.000000,1,-0.000663,6968.940918,4560.279297,-82.449532,-0.040737,0.000736,0.000000,1,-0.000966,6956.222168,-4924.968750,-87.416061,0.043995,0.000781,0.000000,1,0.001342,5782.352539,4173.170898,745.299988,-0.045470,-0.008121,0.000000,1,0.001051,5772.313477,-3808.479980,-575.300659,0.041496,0.006268,0.000000,0.004883,25480.144531,0.133667,2.288813,0.001181,-0.112706,0.000000,0.000000,0.000000,0.000000,0.000000,0.000000,0.000000,0.000000,0.000000
640,10.666667,11.027954,0.000001,-102.607300,0.000001,-0.000122,0.000023,-3.093648,-0.000000,0.000023,749.688,0,0.000000,4,2,0.000000,0,0,0,0.000158,1.000000,-0.000354,-0.998851,0.000174,0.047926,0.000140,-0.000007,0.000000,0.000000,0.000000,1,-0.000658,6969.170898,4560.279297,-82.465103,-0.040737,0.000736,0.000000,1,-0.000961,6956.444336,-4924.968750,-87.431503,0.043995,0.000781,0.000000,1,0.001341,5782.273926,4173.170898,745.287231,-0.045470,-0.008121,0.000000,1,0.001050,5772.239746,-3808.479980,-575.313293,0.041496,0.006268,0.000000,0.001953,25480.441406,0.077332,1.372988,0.001669,-0.059427,0.000000,0.000000,0.000000,0.000000,0.000000,0.000000,0.000000,0.000000,0.000000
641,10.683333,11.027954,-0.000001,-102.607300,0.000001,-0.000116,0.000024,-3.093648,-0.000000,0.000024,749.692,0,0.000000,4,2,0.000000,0,0,0,0.000158,1.000000,-0.000352,-0.998851,0.000174,0.047926,0.000147,-0.000008,0.000000,0.000000,0.000000,1,-0.000652,6969.400879,4560.278809,-82.480408,-0.040737,0.000737,0.000000,1,-0.000956,6956.676758,-4924.968750,-87.446709,0.043995,0.000781,0.000000,1,0.001339,5782.189453,4173.170898,745.274719,-0.045470,-0.008121,0.000000,1,0.001047,5772.147461,-3808.479980,-575.325745,0.041496,0.006268,0.000000,-0.000244,25480.718750,0.021912,0.400524,0.002645,-0.004147,0.000000,0.000000,0.000000,0.000000,0.000000,0.000000,0.000000,0.000000,0.000000
642,10.700000,11.027954,-0.000003,-102.607300,0.000001,-0.000108,0.000025,-3.093648,-0.000000,0.000025,749.696,0,0.000000,4,2,0.000000,0,0,0,0.000158,1.000000,-0.000349,-0.998851,0.000174,0.047926,0.000149,-0.000007,0.000000,0.000000,0.000000,1,-0.000647,6969.605957,4560.278320,-82.495262,-0.040737,0.000737,0.000000,1,-0.000951,6956.881836,-4924.968750,-87.461533,0.043995,0.000781,0.000000,1,0.001336,5782.092285,4173.170898,745.262512,-0.045470,-0.008120,0.000000,1,0.001045,5772.053223,-3808.479980,-575.337891,0.041496,0.006269,0.000000,-0.001953,25480.898438,-0.032104,-0.479549,0.002643,0.029496,0.000000,0.000000,0.000000,0.000000,0.000000,0.000000,0.000000,0.000000,0.000000
643,10.716666,11.027954,-0.000005,-102.607300,0.000001,-0.000097,0.000024,-3.093648,-0.000000,0.000024,749.701,0,0.000000,4,2,0.000000,0,0,0,0.000158,1.000000,-0.000347,-0.998851,0.000175,0.047926,0.000147,-0.000007,0.000000,0.000000,0.000000,1,-0.000642,6969.806152,4560.278320,-82.509186,-0.040737,0.000737,0.000000,1,-0.000946,6957.086914,-4924.968750,-87.475487,0.043995,0.000781,0.000000,1,0.001334,5782.010254,4173.170898,745.251099,-0.045470,-0.008120,0.000000,1,0.001043,5771.960938,-3808.479980,-575.349365,0.041496,0.006269,0.000000,-0.003906,25481.113281,-0.082764,-1.305528,0.002154,0.077937,0.000000,0.000000,0.000000,0.000000,0.000000,0.000000,0.000000,0.000000,0.000000
644,10.733334,11.027954,-0.000006,-102.607300,0.000001,-0.000084,0.000023,-3.093648,-0.000000,0.000023,749.705,0,0.000000,4,2,0.000000,0,0,0,0.000158,1.000000,-0.000344,-0.998851,0.000175,0.047926,0.000140,-0.000007,0.000000,0.000000,0.000000,1,-0.000638,6969.988770,4560.278809,-82.521889,-0.040737,0.000737,0.000000,1,-0.000941,6957.266602,-4924.968750,-87.488228,0.043995,0.000781,0.000000,1,0.001331,5781.917969,4173.170898,745.240723,-0.045470,-0.008120,0.000000,1,0.001040,5771.884766,-3808.479980,-575.359802,0.041496,0.006269,0.000000,-0.006836,25481.281250,-0.128967,-2.039502,0.001660,0.084996,0.000000,0.000000,0.000000,0.000000,0.000000,0.000000,0.000000,0.000000,0.000000
645,10.750000,11.027954,-0.000007,-102.607300,0.000001,-0.000069,0.000021,-3.093648,0.000000,0.000021,749.709,0,0.000000,4,2,0.000000,0,0,0,0.000158,1.000000,-0.000342,-0.998851,0.000175,0.047926,0.000130,-0.000006,0.000000,0.000000,0.000000,1,-0.000633,6970.139160,4560.278320,-82.533035,-0.040737,0.000737,0.000000,1,-0.000937,6957.412109,-4924.968750,-87.499420,0.043995,0.000781,0.000000,1,0.001329,5781.831543,4173.170898,745.231567,-0.045470,-0.008120,0.000000,1,0.001038,5771.792480,-3808.480225,-575.368958,0.041496,0.006269,0.000000,-0.008057,25481.347656,-0.169617,-2.676624,0.001663,0.142339,0.000000,0.000000,0.000000,0.000000,0.000000,0.000000,0.000000,0.000000,0.000000
646,10.766666,11.027954,-0.000008,-102.607300,0.000001,-0.000053,0.000019,-3.093648,0.000000,0.000019,749.713,0,0.000000,4,2,0.000000,0,0,0,0.000158,1.000000,-0.000340,-0.998851,0.000175,0.047926,0.000117,-0.000006,0.000000,0.000000,0.000000,1,-0.000630,6970.267090,4560.278809,-82.542374,-0.040737,0.000737,0.000000,1,-0.000933,6957.552246,-4924.968750,-87.508835,0.043995,0.000782,0.000000,1,0.001327,5781.765137,4173.170898,745.223938,-0.045470,-0.008120,0.000000,1,0.001035,5771.726562,-3808.480225,-575.376709,0.041496,0.006269,0.000000,-0.010498,25481.460938,-0.203735,-3.185012,0.000681,0.136204,0.000000,0.000000,0.000000,0.000000,0.000000,0.000000,0.000000,0.000000,0.000000
647,10.783334,11.027954,-0.000009,-102.607300,0.000001,-0.000035,0.000017,-3.093648,0.000000,0.000017,749.717,0,0.000000,4,2,0.000000,0,0,0,0.000158,1.000000,-0.000338,-0.998851,0.000175,0.047926,0.000101,-0.000005,0.000000,0.000000,0.000000,1,-0.000627,6970.357422,4560.278809,-82.549652,-0.040737,0.000737,0.000000,1,-0.000930,6957.638184,-4924.968750,-87.516182,0.043995,0.000782,0.000000,1,0.001324,5781.692383,4173.169922,745.218018,-0.045470,-0.008120,0.000000,1,0.001033,5771.658691,-3808.480713,-575.382690,0.041496,0.006269,0.000000,-0.009766,25481.437500,-0.230347,-3.555919,-0.001760,0.161104,0.000000,0.000000,0.000000,0.000000,0.000000,0.000000,0.000000,0.000000,0.000000
648,10.800000,11.027954,-0.000009,-102.607300,0.000001,-0.000018,0.000014,-3.093648,0.000000,0.000014,749.721,0,0.000000,4,2,0.000000,0,0,0,0.000159,1.000000,-0.000337,-0.998851,0.000175,0.047926,0.000083,-0.000004,0.000000,0.000000,0.000000,1,-0.000625,6970.428223,4560.278320,-82.554749,-0.040737,0.000737,0.000000,1,-0.000928,6957.698730,-4924.968750,-87.521248,0.043995,0.000782,0.000000,1,0.001322,5781.631348,4173.169922,745.213806,-0.045470,-0.008120,0.000000,1,0.001031,5771.594727,-3808.480713,-575.386902,0.041496,0.006269,0.000000,-0.010498,25481.400391,-0.248962,-3.846359,-0.000292,0.204837,0.000000,0.000000,0.000000,0.000000,0.000000,0.000000,0.000000,0.000000,0.000000
649,10.816667,11.027954,-0.000009,-102.607300,0.000000,-0.000002,0.000010,-3.093648,0.000000,0.000010,749.725,0,0.000000,4,2,0.000000,0,0,0,0.000159,1.000000,-0.000336,-0.998851,0.000175,0.047926,0.000064,-0.000003,0.000000,0.000000,0.000000,1,-0.000623,6970.453613,4560.278809,-82.557625,-0.040737,0.000737,0.000000,1,-0.000927,6957.739258,-4924.968750,-87.524132,0.043995,0.000782,0.000000,1,0.001321,5781.586914,4173.170410,745.211487,-0.045470,-0.008120,0.000000,1,0.001030,5771.555176,-3808.480713,-575.389221,0.041496,0.006269,0.000000,-0.011963,25481.343750,-0.259155,-3.956692,-0.001275,0.161426,0.000000,0.000000,0.000000,0.000000,0.000000,0.000000,0.000000,0.000000,0.000000
650,10.833333,11.027954,-0.000009,-102.607300,0.000000,0.000014,0.000007,-3.093648,-0.000000,0.000007,749.729,0,0.000000,4,2,0.000000,0,0,0,0.000159,1.000000,-0.000335,-0.998851,0.000175,0.047926,0.000044,-0.000003,0.000000,0.000000,0.000000,1,-0.000622,6970.469238,4560.278320,-82.558205,-0.040737,0.000737,0.000000,1,-0.000926,6957.739746,-4924.969238,-87.524666,0.043995,0.000782,0.000000,1,0.001319,5781.552734,4173.170410,745.211060,-0.045470,-0.008120,0.000000,1,0.001028,5771.507812,-3808.480713,-575.389709,0.041496,0.006269,0.000000,-0.010986,25481.238281,-0.261292,-4.011015,0.000686,0.229900,0.000000,0.000000,0.000000,0.000000,0.000000,0.000000,0.000000,0.000000,0.000000
651,10.850000,11.027954,-0.000008,-102.607300,0.000000,0.000029,0.000004,-3.093648,0.000000,0.000004,749.733,0,0.000000,4,2,0.000000,0,0,0,0.000159,1.000000,-0.000335,-0.998851,0.000175,0.047926,0.000024,-0.000001,0.000000,0.000000,0.000000,1,-0.000622,6970.437500,4560.278809,-82.556671,-0.040737,0.000737,0.000000,1,-0.000926,6957.708008,-4924.968750,-87.523170,0.043995,0.000782,0.000000,1,0.001318,5781.528809,4173.170410,745.212341,-0.045470,-0.008120,0.000000,1,0.001027,5771.490234,-3808.480469,-575.388489,0.041496,0.006269,0.000000,-0.012207,25481.089844,-0.255676,-3.860215,-0.000782,0.200508,0.000000,0.000000,0.000000,0.000000,0.000000,0.000000,0.000000,0.000000,0.000000
652,10.866667,11.027954,-0.000008,-102.607300,0.000000,0.000041,0.000001,-3.093648,-0.000000,0.000001,749.737,0,0.000000,4,2,0.000000,0,0,0,0.000159,1.000000,-0.000335,-0.998851,0.000175,0.047926,0.000005,0.000000,0.000000,0.000000,0.000000,1,-0.000623,6970.385254,4560.278809,-82.553017,-0.040737,0.000737,0.000000,1,-0.000926,6957.663086,-4924.968750,-87.519485,0.043995,0.000782,0.000000,1,0.001317,5781.520020,4173.170410,745.215332,-0.045470,-0.008120,0.000000,1,0.001026,5771.481445,-3808.480469,-575.385498,0.041496,0.006269,0.000000,-0.011475,25480.949219,-0.242371,-3.649661,-0.000297,0.171532,0.000000,0.000000,0.000000,0.000000,0.000000,0.000000,0.000000,0.000000,0.000000
653,10.883333,11.027954,-0.000007,-102.607300,-0.000000,0.000053,-0.000003,-3.093648,-0.000000,-0.000003,749.740,0,0.000000,4,2,0.000000,0,0,0,0.000159,1.000000,-0.000335,-0.998851,0.000175,0.047926,-0.000013,0.000001,0.000000,0.000000,0.000000,1,-0.000624,6970.311035,4560.278809,-82.547516,-0.040737,0.000737,0.000000,1,-0.000928,6957.591309,-4924.968750,-87.513962,0.043995,0.000782,0.000000,1,0.001317,5781.508789,4173.170410,745.219849,-0.045470,-0.008120,0.000000,1,0.001025,5771.469727,-3808.480469,-575.380981,0.041496,0.006269,0.000000,-0.010254,25480.742188,-0.222290,-3.400640,-0.001273,0.158779,0.000000,0.000000,0.000000,0.000000,0.000000,0.000000,0.000000,0.000000,0.000000
654,10.900000,11.027954,-0.000006,-102.607300,-0.000000,0.000061,-0.000005,-3.093648,-0.000000,-0.000005,749.744,0,0.000000,4,2,0.000000,0,0,0,0.000159,1.000000,-0.000335,-0.998851,0.000175,0.047926,-0.000030,0.000002,0.000000,0.000000,0.000000,1,-0.000626,6970.216309,4560.278809,-82.540627,-0.040737,0.000737,0.000000,1,-0.000929,6957.494141,-4924.968750,-87.507004,0.043995,0.000782,0.000000,1,0.001316,5781.523438,4173.170410,745.225464,-0.045470,-0.008120,0.000000,1,0.001025,5771.484863,-3808.480469,-575.375244,0.041496,0.006269,0.000000,-0.009521,25480.560547,-0.197144,-2.976622,-0.000295,0.146135,0.000000,0.000000,0.000000,0.000000,0.000000,0.000000,0.000000,0.000000,0.000000
655,10.916667,11.027954,-0.000005,-102.607300,-0.000000,0.000068,-0.000008,-3.093648,-0.000000,-0.000008,749.748,0,0.000000,4,2,0.000000,0,0,0,0.000159,1.000000,-0.000336,-0.998851,0.000175,0.047926,-0.000045,0.000002,0.000000,0.000000,0.000000,1,-0.000628,6970.109375,4560.278809,-82.532356,-0.040737,0.000737,0.000000,1,-0.000931,6957.387207,-4924.968750,-87.498688,0.043995,0.000782,0.000000,1,0.001316,5781.537598,4173.170410,745.232239,-0.045470,-0.008120,0.000000,1,0.001025,5771.509277,-3808.480469,-575.368469,0.041496,0.006269,0.000000,-0.007812,25480.371094,-0.167114,-2.541460,-0.000786,0.105878,0.000000,0.000000,0.000000,0.000000,0.000000,0.000000,0.000000,0.000000,0.000000
656,10.933333,11.027954,-0.000003,-102.607300,-0.000000,0.000072,-0.000010,-3.093648,-0.000000,-0.000010,749.751,0,0.000000,4,2,0.000000,0,0,0,0.000159,1.000000,-0.000337,-0.998851,0.000175,0.047926,-0.000058,0.000003,0.000000,0.000000,0.000000,1,-0.000631,6969.984375,4560.278809,-82.523186,-0.040737,0.000737,0.000000,1,-0.000934,6957.257812,-4924.968750,-87.489456,0.043995,0.000782,0.000000,1,0.001317,5781.575195,4173.170410,745.239746,-0.045470,-0.008120,0.000000,1,0.001026,5771.530273,-3808.480469,-575.360901,0.041496,0.006269,0.000000,-0.006104,25480.160156,-0.133606,-2.009253,0.000686,0.127302,0.000000,0.000000,0.000000,0.000000,0.000000,0.000000,0.000000,0.000000,0.000000
657,10.950000,11.027954,-0.000002,-102.607300,-0.000001,0.000074,-0.000012,-3.093648,-0.000000,-0.000012,749.755,0,0.000000,4,2,0.000000,0,0,0,0.000158,1.000000,-0.000338,-0.998851,0.000175,0.047926,-0.000067,0.000004,0.000000,0.000000,0.000000,1,-0.000633,6969.862305,4560.278809,-82.513306,-0.040737,0.000737,0.000000,1,-0.000937,6957.138184,-4924.968750,-87.479561,0.043995,0.000782,0.000000,1,0.001317,5781.591797,4173.170410,745.247925,-0.045470,-0.008120,0.000000,1,0.001026,5771.562988,-3808.480225,-575.352722,0.041496,0.006269,0.000000,-0.004883,25479.962891,-0.097473,-1.570754,0.000680,0.061991,0.000000,0.000000,0.000000,0.000000,0.000000,0.000000,0.000000,0.000000,0.000000
658,10.966666,11.027954,-0.000001,-102.607300,-0.000001,0.000073,-0.000013,-3.093648,-0.000000,-0.000013,749.758,0,0.000000,4,2,0.000000,0,0,0,0.000158,1.000000,-0.000340,-0.998851,0.000174,0.047926,-0.000075,0.000004,0.000000,0.000000,0.000000,1,-0.000636,6969.727539,4560.278809,-82.503395,-0.040737,0.000737,0.000000,1,-0.000940,6957.003418,-4924.968750,-87.469643,0.043995,0.000781,0.000000,1,0.001318,5781.648926,4173.170410,745.256042,-0.045470,-0.008120,0.000000,1,0.001027,5771.604004,-3808.480469,-575.344666,0.041496,0.006269,0.000000,-0.002686,25479.794922,-0.061523,-0.971356,0.001175,0.069635,0.000000,0.000000,0.000000,0.000000,0.000000,0.000000,0.000000,0.000000,0.000000
659,10.983334,11.027954,0.000000,-102.607300,-0.000001,0.000071,-0.000014,-3.093648,-0.000000,-0.000014,749.762,0,0.000000,4,2,0.000000,0,0,0,0.000158,1.000000,-0.000341,-0.998851,0.000174,0.047926,-0.000080,0.000004,0.000000,0.000000,0.000000,1,-0.000639,6969.597656,4560.278809,-82.493408,-0.040737,0.000737,0.000000,1,-0.000943,6956.878418,-4924.968750,-87.459694,0.043995,0.000781,0.000000,1,0.001319,5781.681641,4173.170410,745.264221,-0.045470,-0.008120,0.000000,1,0.001028,5771.652832,-3808.480225,-575.336487,0.041496,0.006269,0.000000,-0.001221,25479.626953,-0.025330,-0.474267,0.001169,-0.000619,0.000000,0.000000,0.000000,0.000000,0.000000,0.000000,0.000000,0.000000,0.000000
660,11.000000,11.027954,0.000001,-102.607300,-0.000001,0.000066,-0.000014,-3.093648,0.000000,-0.000014,749.765,0,0.000000,4,2,0.000000,0,0,0,0.000158,1.000000,-0.000342,-0.998851,0.000174,0.047926,-0.000082,0.000004,0.000000,0.000000,0.000000,1,-0.000642,6969.479980,4560.278809,-82.483894,-0.040737,0.000737,0.000000,1,-0.000946,6956.753418,-4924.968750,-87.450211,0.043995,0.000781,0.000000,1,0.001321,5781.734863,4173.170410,745.271973,-0.045470,-0.008120,0.000000,1,0.001029,5771.689941,-3808.480469,-575.328735,0.041496,0.006269,0.000000,0.000977,25479.488281,0.009094,0.012232,-0.000287,0.032090,0.000000,0.000000,0.000000,0.000000,0.000000,0.000000,0.000000,0.000000,0.000000
661,11.016666,11.027954,0.000002,-102.607300,-0.000001,0.000060,-0.000014,-3.093648,0.000000,-0.000014,749.768,0,0.000000,4,2,0.000000,0,0,0,0.000158,1.000000,-0.000344,-0.998851,0.000174,0.047926,-0.000082,0.000005,0.000000,0.000000,0.000000,1,-0.000645,6969.352539,4560.278809,-82.475136,-0.040737,0.000737,0.000000,1,-0.000949,6956.638184,-4924.968262,-87.441452,0.043995,0.000781,0.000000,1,0.001322,5781.780762,4173.170410,745.279114,-0.045470,-0.008120,0.000000,1,0.001031,5771.747070,-3808.480225,-575.321533,0.041496,0.006269,0.000000,0.001465,25479.363281,0.040955,0.522803,-0.000294,-0.047498,0.000000,0.000000,0.000000,0.000000,0.000000,0.000000,0.000000,0.000000,0.000000
662,11.033334,11.027954,0.000003,-102.607300,-0.000001,0.000053,-0.000014,-3.093648,0.000000,-0.000014,749.772,0,0.000000,4,2,0.000000,0,0,0,0.000158,1.000000,-0.000345,-0.998851,0.000174,0.047926,-0.000080,0.000004,0.000000,0.000000,0.000000,1,-0.000648,6969.247559,4560.278809,-82.467201,-0.040737,0.000737,0.000000,1,-0.000951,6956.533203,-4924.968750,-87.433510,0.043995,0.000781,0.000000,1,0.001323,5781.834473,4173.170410,745.285583,-0.045470,-0.008120,0.000000,1,0.001032,5771.792480,-3808.480225,-575.315063,0.041496,0.006269,0.000000,0.003174,25479.271484,0.069702,0.958919,0.001175,-0.042954,0.000000,0.000000,0.000000,0.000000,0.000000,0.000000,0.000000,0.000000,0.000000
663,11.050000,11.027954,0.000004,-102.607300,-0.000001,0.000044,-0.000013,-3.093648,0.000000,-0.000013,749.775,0,0.000000,4,2,0.000000,0,0,0,0.000158,1.000000,-0.000346,-0.998851,0.000174,0.047926,-0.000075,0.000004,0.000000,0.000000,0.000000,1,-0.000650,6969.162109,4560.278809,-82.460304,-0.040737,0.000737,0.000000,1,-0.000954,6956.440918,-4924.968750,-87.426674,0.043995,0.000781,0.000000,1,0.001324,5781.876465,4173.170410,745.291260,-0.045470,-0.008120,0.000000,1,0.001033,5771.847656,-3808.480469,-575.309448,0.041496,0.006269,0.000000,0.004883,25479.218750,0.094727,1.328844,-0.000290,-0.070885,0.000000,0.000000,0.000000,0.000000,0.000000,0.000000,0.000000,0.000000,0.000000
664,11.066667,11.027954,0.000005,-102.607300,-0.000001,0.000035,-0.000011,-3.093648,0.000000,-0.000011,749.778,0,0.000000,4,2,0.000000,0,0,0,0.000158,1.000000,-0.000347,-0.998851,0.000174,0.047926,-0.000068,0.000004,0.000000,0.000000,0.000000,1,-0.000652,6969.082031,4560.278809,-82.454689,-0.040737,0.000737,0.000000,1,-0.000956,6956.362793,-4924.968750,-87.421051,0.043995,0.000781,0.000000,1,0.001326,5781.926758,4173.170410,745.295898,-0.045470,-0.008120,0.000000,1,0.001035,5771.887207,-3808.480469,-575.304871,0.041496,0.006268,0.000000,0.005371,25479.171875,0.115173,1.658328,-0.000287,-0.068290,0.000000,0.000000,0.000000,0.000000,0.000000,0.000000,0.000000,0.000000,0.000000
665,11.083333,11.027954,0.000005,-102.607300,-0.000000,0.000025,-0.000010,-3.093648,0.000000,-0.000010,749.781,0,0.000000,4,2,0.000000,0,0,0,0.000158,1.000000,-0.000348,-0.998851,0.000174,0.047926,-0.000060,0.000003,0.000000,0.000000,0.000000,1,-0.000654,6969.021484,4560.278809,-82.450340,-0.040737,0.000737,0.000000,1,-0.000958,6956.302734,-4924.968750,-87.416718,0.043995,0.000781,0.000000,1,0.001327,5781.958984,4173.170410,745.299438,-0.045470,-0.008121,0.000000,1,0.001036,5771.921875,-3808.480225,-575.301331,0.041496,0.006268,0.000000,0.006348,25479.136719,0.130920,1.872982,0.000201,-0.087867,0.000000,0.000000,0.000000,0.000000,0.000000,0.000000,0.000000,0.000000,0.000000
666,11.100000,11.027954,0.000005,-102.607300,-0.000000,0.000015,-0.000008,-3.093648,0.000000,-0.000008,749.784,0,0.000000,4,2,0.000000,0,0,0,0.000158,1.000000,-0.000349,-0.998851,0.000174,0.047926,-0.000051,0.000003,0.000000,0.000000,0.000000,1,-0.000656,6968.976562,4560.278809,-82.447441,-0.040737,0.000737,0.000000,1,-0.000959,6956.257324,-4924.968750,-87.413834,0.043995,0.000781,0.000000,1,0.001328,5781.995117,4173.170410,745.301819,-0.045470,-0.008121,0.000000,1,0.001037,5771.963379,-3808.480225,-575.298950,0.041496,0.006268,0.000000,0.006836,25479.152344,0.141479,2.079821,0.000200,-0.107020,0.000000,0.000000,0.000000,0.000000,0.000000,0.000000,0.000000,0.000000,0.000000
667,11.116667,11.027954,0.000005,-102.607300,-0.000000,0.000005,-0.000006,-3.093648,0.000000,-0.000006,749.788,0,0.000000,4,2,0.000000,0,0,0,0.000158,1.000000,-0.000350,-0.998851,0.000174,0.047926,-0.000040,0.000002,0.000000,0.000000,0.000000,1,-0.000657,6968.951172,4560.278809,-82.445816,-0.040737,0.000737,0.000000,1,-0.000960,6956.232422,-4924.968750,-87.412239,0.043995,0.000781,0.000000,1,0.001329,5782.028809,4173.170410,745.303101,-0.045470,-0.008121,0.000000,1,0.001038,5771.983887,-3808.480469,-575.297668,0.041496,0.006268,0.000000,0.007080,25479.179688,0.147217,2.175122,0.000693,-0.083805,0.000000,0.000000,0.000000,0.000000,0.000000,0.000000,0.000000,0.000000,0.000000
668,11.133333,11.027954,0.000005,-102.607300,-0.000000,-0.000005,-0.000005,-3.093648,0.000000,-0.000005,749.791,0,0.000000,4,2,0.000000,0,0,0,0.000158,1.000000,-0.000350,-0.998851,0.000174,0.047926,-0.000029,0.000002,0.000000,0.000000,0.000000,1,-0.000657,6968.948242,4560.279297,-82.445526,-0.040737,0.000737,0.000000,1,-0.000961,6956.229492,-4924.968262,-87.411987,0.043995,0.000781,0.000000,1,0.001330,5782.045410,4173.170410,745.303284,-0.045470,-0.008121,0.000000,1,0.001039,5772.026855,-3808.480225,-575.297424,0.041496,0.006268,0.000000,0.005859,25479.271484,0.148254,2.214988,-0.000780,-0.142442,0.000000,0.000000,0.000000,0.000000,0.000000,0.000000,0.000000,0.000000,0.000000
669,11.150000,11.027954,0.000005,-102.607300,-0.000000,-0.000014,-0.000003,-3.093648,0.000000,-0.000003,749.794,0,0.000000,4,2,0.000000,0,0,0,0.000158,1.000000,-0.000351,-0.998851,0.000174,0.047926,-0.000018,0.000001,0.000000,0.000000,0.000000,1,-0.000657,6968.950195,4560.278809,-82.446457,-0.040737,0.000737,0.000000,1,-0.000961,6956.241699,-4924.968750,-87.412926,0.043995,0.000781,0.000000,1,0.001331,5782.064453,4173.170410,745.302490,-0.045470,-0.008121,0.000000,1,0.001040,5772.023438,-3808.480469,-575.298218,0.041496,0.006268,0.000000,0.007080,25479.308594,0.144775,2.148364,0.000690,-0.106606,0.000000,0.000000,0.000000,0.000000,0.000000,0.000000,0.000000,0.000000,0.000000
670,11.166667,11.027954,0.000005,-102.607300,-0.000000,-0.000022,-0.000001,-3.093648,0.000000,-0.000001,749.796,0,0.000000,4,2,0.000000,0,0,0,0.000158,1.000000,-0.000351,-0.998851,0.000174,0.047926,-0.000008,0.000000,0.000000,0.000000,0.000000,1,-0.000657,6968.975098,4560.278809,-82.448586,-0.040737,0.000737,0.000000,1,-0.000961,6956.256348,-4924.968750,-87.415100,0.043995,0.000781,0.000000,1,0.001331,5782.078613,4173.170410,745.300781,-0.045470,-0.008121,0.000000,1,0.001040,5772.048828,-3808.480469,-575.299988,0.041496,0.006268,0.000000,0.006836,25479.414062,0.136963,2.120044,0.000202,-0.104644,0.000000,0.000000,0.000000,0.000000,0.000000,0.000000,0.000000,0.000000,0.000000
671,11.183333,11.027954,0.000004,-102.607300,0.000000,-0.000029,0.000001,-3.093648,0.000000,0.000001,749.799,0,0.000000,4,2,0.000000,0,0,0,0.000158,1.000000,-0.000351,-0.998851,0.000174,0.047926,0.000003,-0.000000,0.000000,0.000000,0.000000,1,-0.000657,6969.012207,4560.278809,-82.451530,-0.040737,0.000737,0.000000,1,-0.000960,6956.300781,-4924.968750,-87.418076,0.043995,0.000781,0.000000,1,0.001332,5782.079102,4173.170410,745.298340,-0.045470,-0.008121,0.000000,1,0.001041,5772.046387,-3808.480469,-575.302368,0.041496,0.006268,0.000000,0.005859,25479.509766,0.126221,1.926492,0.000689,-0.106711,0.000000,0.000000,0.000000,0.000000,0.000000,0.000000,0.000000,0.000000,0.000000
672,11.200000,11.027954,0.000004,-102.607300,0.000000,-0.000034,0.000003,-3.093648,0.000000,0.000003,749.802,0,0.000000,4,2,0.000000,0,0,0,0.000158,1.000000,-0.000351,-0.998851,0.000174,0.047926,0.000012,-0.000001,0.000000,0.000000,0.000000,1,-0.000656,6969.069336,4560.278809,-82.455383,-0.040737,0.000737,0.000000,1,-0.000959,6956.335938,-4924.968750,-87.421997,0.043995,0.000781,0.000000,1,0.001332,5782.081055,4173.170410,745.295105,-0.045470,-0.008121,0.000000,1,0.001041,5772.053711,-3808.480469,-575.305664,0.041496,0.006268,0.000000,0.005127,25479.628906,0.111938,1.777846,0.000694,-0.059442,0.000000,0.000000,0.000000,0.000000,0.000000,0.000000,0.000000,0.000000,0.000000
673,11.216666,11.027954,0.000003,-102.607300,0.000000,-0.000039,0.000004,-3.093648,0.000000,0.000004,749.805,0,0.000000,4,2,0.000000,0,0,0,0.000158,1.000000,-0.000350,-0.998851,0.000174,0.047926,0.000021,-0.000001,0.000000,0.000000,0.000000,1,-0.000655,6969.119141,4560.278809,-82.459763,-0.040737,0.000737,0.000000,1,-0.000958,6956.405273,-4924.968750,-87.426437,0.043995,0.000781,0.000000,1,0.001332,5782.079102,4173.170410,745.291565,-0.045470,-0.008121,0.000000,1,0.001041,5772.038574,-3808.480469,-575.309265,0.041496,0.006268,0.000000,0.004639,25479.742188,0.096008,1.527276,0.000202,-0.073771,0.000000,0.000000,0.000000,0.000000,0.000000,0.000000,0.000000,0.000000,0.000000
674,11.233334,11.027954,0.000002,-102.607300,0.000000,-0.000042,0.000005,-3.093648,0.000000,0.000005,749.808,0,0.000000,4,2,0.000000,0,0,0,0.000158,1.000000,-0.000350,-0.998851,0.000174,0.047926,0.000029,-0.000001,0.000000,0.000000,0.000000,1,-0.000653,6969.184082,4560.278809,-82.464645,-0.040737,0.000737,0.000000,1,-0.000957,6956.465332,-4924.968750,-87.431374,0.043995,0.000781,0.000000,1,0.001332,5782.062988,4173.170410,745.287598,-0.045470,-0.008121,0.000000,1,0.001041,5772.033203,-3808.480469,-575.313354,0.041496,0.006268,0.000000,0.003418,25479.849609,0.078125,1.283919,-0.000288,-0.071435,0.000000,0.000000,0.000000,0.000000,0.000000,0.000000,0.000000,0.000000,0.000000
675,11.250000,11.027954,0.000002,-102.607300,0.000000,-0.000043,0.000006,-3.093648,0.000000,0.000006,749.810,0,0.000000,4,2,0.000000,0,0,0,0.000158,1.000000,-0.000349,-0.998851,0.000174,0.047926,0.000035,-0.000002,0.000000,0.000000,0.000000,1,-0.000652,6969.258789,4560.278809,-82.469788,-0.040737,0.000737,0.000000,1,-0.000955,6956.540039,-4924.968750,-87.436554,0.043995,0.000781,0.000000,1,0.001332,5782.038574,4173.170410,745.283447,-0.045470,-0.008120,0.000000,1,0.001041,5772.011230,-3808.480469,-575.317566,0.041496,0.006268,0.000000,0.002930,25479.957031,0.059448,0.949932,0.000200,-0.057819,0.000000,0.000000,0.000000,0.000000,0.000000,0.000000,0.000000,0.000000,0.000000
676,11.266666,11.027954,0.000001,-102.607300,0.000000,-0.000044,0.000007,-3.093648,0.000000,0.000007,749.813,0,0.000000,4,2,0.000000,0,0,0,0.000158,1.000000,-0.000348,-0.998851,0.000174,0.047926,0.000040,-0.000002,0.000000,0.000000,0.000000,1,-0.000650,6969.323730,4560.278809,-82.475182,-0.040737,0.000737,0.000000,1,-0.000954,6956.614746,-4924.968750,-87.442009,0.043995,0.000781,0.000000,1,0.001331,5782.036621,4173.170410,745.278992,-0.045470,-0.008120,0.000000,1,0.001040,5771.990723,-3808.480469,-575.322021,0.041496,0.006269,0.000000,0.002197,25480.078125,0.039734,0.717892,-0.001263,-0.029351,0.000000,0.000000,0.000000,0.000000,0.000000,0.000000,0.000000,0.000000,0.000000
677,11.283334,11.027954,0.000000,-102.607300,0.000000,-0.000043,0.000007,-3.093648,0.000000,0.000007,749.816,0,0.000000,4,2,0.000000,0,0,0,0.000158,1.000000,-0.000348,-0.998851,0.000174,0.047926,0.000043,-0.000002,0.000000,0.000000,0.000000,1,-0.000649,6969.408691,4560.278809,-82.480431,-0.040737,0.000737,0.000000,1,-0.000952,6956.689453,-4924.968750,-87.447250,0.043995,0.000781,0.000000,1,0.001331,5782.002930,4173.170410,745.274658,-0.045470,-0.008120,0.000000,1,0.001040,5771.976074,-3808.480469,-575.326355,0.041496,0.006269,0.000000,0.000977,25480.191406,0.020569,0.384503,-0.001266,-0.031938,0.000000,0.000000,0.000000,0.000000,0.000000,0.000000,0.000000,0.000000,0.000000
678,11.300000,11.027954,-0.000001,-102.607300,0.000000,-0.000041,0.000008,-3.093648,0.000000,0.000008,749.818,0,0.000000,4,2,0.000000,0,0,0,0.000158,1.000000,-0.000347,-0.998851,0.000174,0.047926,0.000045,-0.000002,0.000000,0.000000,0.000000,1,-0.000647,6969.473633,4560.278809,-82.485596,-0.040737,0.000737,0.000000,1,-0.000950,6956.751953,-4924.968750,-87.452393,0.043995,0.000781,0.000000,1,0.001330,5781.984375,4173.170410,745.270447,-0.045470,-0.008120,0.000000,1,0.001039,5771.946777,-3808.480469,-575.330566,0.041496,0.006269,0.000000,0.000244,25480.253906,0.001831,0.138984,-0.001262,0.009345,0.000000,0.000000,0.000000,0.000000,0.000000,0.000000,0.000000,0.000000,0.000000
679,11.316667,11.027954,-0.000001,-102.607300,0.000000,-0.000038,0.000008,-3.093648,-0.000000,0.000008,749.821,0,0.000000,4,2,0.000000,0,0,0,0.000158,1.000000,-0.000346,-0.998851,0.000174,0.047926,0.000046,-0.000002,0.000000,0.000000,0.000000,1,-0.000645,6969.543457,4560.278809,-82.490341,-0.040737,0.000737,0.000000,1,-0.000948,6956.834473,-4924.968750,-87.457092,0.043995,0.000781,0.000000,1,0.001330,5781.950684,4173.170410,745.266541,-0.045470,-0.008120,0.000000,1,0.001039,5771.920898,-3808.480469,-575.334412,0.041496,0.006269,0.000000,-0.000732,25480.347656,-0.015320,-0.194982,-0.000781,-0.022831,0.000000,0.000000,0.000000,0.000000,0.000000,0.000000,0.000000,0.000000,0.000000
680,11.333333,11.027954,-0.000002,-102.607300,0.000000,-0.000033,0.000008,-3.093648,-0.000000,0.000008,749.824,0,0.000000,4,2,0.000000,0,0,0,0.000158,1.000000,-0.000345,-0.998851,0.000174,0.047926,0.000045,-0.000003,0.000000,0.000000,0.000000,1,-0.000644,6969.604004,4560.278809,-82.494820,-0.040737,0.000737,0.000000,1,-0.000947,6956.889648,-4924.968750,-87.461533,0.043995,0.000781,0.000000,1,0.001329,5781.936035,4173.170410,745.262878,-0.045470,-0.008120,0.000000,1,0.001038,5771.888184,-3808.480469,-575.338074,0.041496,0.006269,0.000000,-0.001465,25480.400391,-0.031494,-0.406725,-0.000285,0.042592,0.000000,0.000000,0.000000,0.000000,0.000000,0.000000,0.000000,0.000000,0.000000
681,11.350000,11.027954,-0.000002,-102.607300,0.000000,-0.000029,0.000007,-3.093648,-0.000000,0.000007,749.826,0,0.000000,4,2,0.000000,0,0,0,0.000158,1.000000,-0.000345,-0.998851,0.000174,0.047926,0.000043,-0.000002,0.000000,0.000000,0.000000,1,-0.000642,6969.668945,4560.278809,-82.498680,-0.040737,0.000737,0.000000,1,-0.000946,6956.944824,-4924.968750,-87.465363,0.043995,0.000781,0.000000,1,0.001328,5781.895508,4173.170410,745.259766,-0.045470,-0.008120,0.000000,1,0.001037,5771.876953,-3808.480469,-575.341248,0.041496,0.006269,0.000000,-0.001709,25480.460938,-0.045471,-0.653773,-0.000292,0.010494,0.000000,0.000000,0.000000,0.000000,0.000000,0.000000,0.000000,0.000000,0.000000
682,11.366667,11.027954,-0.000003,-102.607300,0.000000,-0.000023,0.000007,-3.093648,-0.000000,0.000007,749.828,0,0.000000,4,2,0.000000,0,0,0,0.000158,1.000000,-0.000344,-0.998851,0.000174,0.047926,0.000040,-0.000002,0.000000,0.000000,0.000000,1,-0.000641,6969.713867,4560.278809,-82.502014,-0.040737,0.000737,0.000000,1,-0.000944,6957.004883,-4924.968750,-87.468651,0.043995,0.000781,0.000000,1,0.001327,5781.876465,4173.170410,745.257080,-0.045470,-0.008120,0.000000,1,0.001037,5771.846191,-3808.480469,-575.343933,0.041496,0.006269,0.000000,-0.002686,25480.507812,-0.057434,-0.865693,0.000195,0.015247,0.000000,0.000000,0.000000,0.000000,0.000000,0.000000,0.000000,0.000000,0.000000
683,11.383333,11.027954,-0.000003,-102.607300,0.000000,-0.000017,0.000006,-3.093648,-0.000000,0.000006,749.831,0,0.000000,4,2,0.000000,0,0,0,0.000158,1.000000,-0.000344,-0.998851,0.000174,0.047926,0.000035,-0.000002,0.000000,0.000000,0.000000,1,-0.000640,6969.749023,4560.278320,-82.504745,-0.040737,0.000737,0.000000,1,-0.000943,6957.035156,-4924.969238,-87.471359,0.043995,0.000781,0.000000,1,0.001327,5781.862305,4173.170410,745.254883,-0.045470,-0.008120,0.000000,1,0.001036,5771.821289,-3808.480713,-575.346130,0.041496,0.006269,0.000000,-0.001709,25480.511719,-0.067322,-0.978209,0.001177,0.057559,0.000000,0.000000,0.000000,0.000000,0.000000,0.000000,0.000000,0.000000,0.000000
684,11.400000,11.027954,-0.000003,-102.607300,0.000000,-0.000011,0.000005,-3.093648,-0.000000,0.000005,749.833,0,0.000000,4,2,0.000000,0,0,0,0.000158,1.000000,-0.000343,-0.998851,0.000174,0.047926,0.000031,-0.000002,0.000000,0.000000,0.000000,1,-0.000639,6969.784180,4560.278809,-82.506660,-0.040737,0.000737,0.000000,1,-0.000942,6957.060059,-4924.968750,-87.473297,0.043995,0.000781,0.000000,1,0.001326,5781.841797,4173.170410,745.253235,-0.045470,-0.008120,0.000000,1,0.001035,5771.801758,-3808.480469,-575.347717,0.041496,0.006269,0.000000,-0.003418,25480.521484,-0.074280,-1.100081,-0.000775,0.077816,0.000000,0.000000,0.000000,0.000000,0.000000,0.000000,0.000000,0.000000,0.000000
685,11.416667,11.027954,-0.000003,-102.607300,0.000000,-0.000005,0.000004,-3.093648,-0.000000,0.000004,749.836,0,0.000000,4,2,0.000000,0,0,0,0.000158,1.000000,-0.000343,-0.998851,0.000174,0.047926,0.000025,-0.000001,0.000000,0.000000,0.000000,1,-0.000638,6969.794434,4560.278809,-82.507912,-0.040737,0.000737,0.000000,1,-0.000942,6957.075195,-4924.968750,-87.474503,0.043995,0.000781,0.000000,1,0.001326,5781.811035,4173.170410,745.252258,-0.045470,-0.008120,0.000000,1,0.001035,5771.779297,-3808.480469,-575.348694,0.041496,0.006269,0.000000,-0.003418,25480.464844,-0.078674,-1.193617,-0.000292,0.047277,0.000000,0.000000,0.000000,0.000000,0.000000,0.000000,0.000000,0.000000,0.000000
686,11.433333,11.027954,-0.000003,-102.607300,0.000000,0.000001,0.000003,-3.093648,-0.000000,0.000003,749.838,0,0.000000,4,2,0.000000,0,0,0,0.000158,1.000000,-0.000342,-0.998851,0.000174,0.047926,0.000019,-0.000001,0.000000,0.000000,0.000000,1,-0.000638,6969.809570,4560.278809,-82.508492,-0.040737,0.000737,0.000000,1,-0.000941,6957.090332,-4924.968750,-87.475052,0.043995,0.000781,0.000000,1,0.001325,5781.801270,4173.170410,745.251770,-0.045470,-0.008120,0.000000,1,0.001034,5771.766602,-3808.480469,-575.349121,0.041496,0.006269,0.000000,-0.003418,25480.470703,-0.080750,-1.243232,-0.000291,0.058069,0.000000,0.000000,0.000000,0.000000,0.000000,0.000000,0.000000,0.000000,0.000000
687,11.450000,11.027954,-0.000003,-102.607300,0.000000,0.000006,0.000002,-3.093648,-0.000000,0.000002,749.840,0,0.000000,4,2,0.000000,0,0,0,0.000158,1.000000,-0.000342,-0.998851,0.000174,0.047926,0.000013,-0.000001,0.000000,0.000000,0.000000,1,-0.000638,6969.799805,4560.278809,-82.508438,-0.040737,0.000737,0.000000,1,-0.000941,6957.085449,-4924.968750,-87.474976,0.043995,0.000781,0.000000,1,0.001325,5781.798340,4173.170410,745.251831,-0.045470,-0.008120,0.000000,1,0.001034,5771.753418,-3808.480469,-575.349121,0.041496,0.006269,0.000000,-0.003418,25480.419922,-0.080566,-1.199094,-0.000778,0.065497,0.000000,0.000000,0.000000,0.000000,0.000000,0.000000,0.000000,0.000000,0.000000
688,11.466666,11.027954,-0.000003,-102.607300,0.000000,0.000011,0.000001,-3.093648,-0.000000,0.000001,749.843,0,0.000000,4,2,0.000000,0,0,0,0.000158,1.000000,-0.000342,-0.998851,0.000174,0.047926,0.000007,-0.000001,0.000000,0.000000,0.000000,1,-0.000638,6969.794922,4560.278809,-82.507652,-0.040737,0.000737,0.000000,1,-0.000941,6957.073242,-4924.968750,-87.474121,0.043995,0.000781,0.000000,1,0.001324,5781.780762,4173.170410,745.252502,-0.045470,-0.008120,0.000000,1,0.001033,5771.742188,-3808.480469,-575.348389,0.041496,0.006269,0.000000,-0.003418,25480.361328,-0.077515,-1.202021,-0.000290,0.067028,0.000000,0.000000,0.000000,0.000000,0.000000,0.000000,0.000000,0.000000,0.000000
689,11.483334,11.027954,-0.000003,-102.607300,0.000000,0.000015,-0.000000,-3.093648,-0.000000,-0.000000,749.845,0,0.000000,4,2,0.000000,0,0,0,0.000158,1.000000,-0.000342,-0.998851,0.000174,0.047926,0.000001,-0.000000,0.000000,0.000000,0.000000,1,-0.000638,6969.775391,4560.278809,-82.506386,-0.040737,0.000737,0.000000,1,-0.000941,6957.065918,-4924.968750,-87.472794,0.043995,0.000781,0.000000,1,0.001324,5781.781738,4173.170410,745.253540,-0.045470,-0.008120,0.000000,1,0.001033,5771.742676,-3808.480225,-575.347290,0.041496,0.006269,0.000000,-0.003662,25480.333984,-0.072754,-1.128378,0.000194,0.035496,0.000000,0.000000,0.000000,0.000000,0.000000,0.000000,0.000000,0.000000,0.000000
690,11.500000,11.027954,-0.000002,-102.607300,-0.000000,0.000019,-0.000001,-3.093648,-0.000000,-0.000001,749.847,0,0.000000,4,2,0.000000,0,0,0,0.000158,1.000000,-0.000342,-0.998851,0.000174,0.047926,-0.000005,-0.000000,0.000000,0.000000,0.000000,1,-0.000638,6969.755371,4560.278809,-82.504593,-0.040737,0.000737,0.000000,1,-0.000942,6957.031250,-4924.968750,-87.470970,0.043995,0.000781,0.000000,1,0.001324,5781.773438,4173.170410,745.255005,-0.045470,-0.008120,0.000000,1,0.001033,5771.734375,-3808.480469,-575.345764,0.041496,0.006269,0.000000,-0.002930,25480.244141,-0.066223,-1.052416,0.000688,0.070012,0.000000,0.000000,0.000000,0.000000,0.000000,0.000000,0.000000,0.000000,0.000000
691,11.516666,11.027954,-0.000002,-102.607300,-0.000000,0.000022,-0.000002,-3.093648,-0.000000,-0.000002,749.849,0,0.000000,4,2,0.000000,0,0,0,0.000158,1.000000,-0.000342,-0.998851,0.000174,0.047926,-0.000010,0.000000,0.000000,0.000000,0.000000,1,-0.000639,6969.720703,4560.278809,-82.502441,-0.040737,0.000737,0.000000,1,-0.000942,6956.996582,-4924.968750,-87.468803,0.043995,0.000781,0.000000,1,0.001324,5781.775391,4173.170410,745.256775,-0.045470,-0.008120,0.000000,1,0.001033,5771.736328,-3808.480469,-575.343994,0.041496,0.006269,0.000000,-0.002686,25480.169922,-0.058350,-0.911979,0.000687,0.056832,0.000000,0.000000,0.000000,0.000000,0.000000,0.000000,0.000000,0.000000,0.000000
692,11.533334,11.027954,-0.000002,-102.607300,-0.000000,0.000024,-0.000003,-3.093648,-0.000000,-0.000003,749.851,0,0.000000,4,2,0.000000,0,0,0,0.000158,1.000000,-0.000342,-0.998851,0.000174,0.047926,-0.000014,0.000001,0.000000,0.000000,0.000000,1,-0.000640,6969.675781,4560.278809,-82.499893,-0.040737,0.000737,0.000000,1,-0.000943,6956.963867,-4924.968750,-87.466255,0.043995,0.000781,0.000000,1,0.001324,5781.781250,4173.170410,745.258850,-0.045470,-0.008120,0.000000,1,0.001033,5771.742676,-3808.480225,-575.341919,0.041496,0.006269,0.000000,-0.002441,25480.097656,-0.049133,-0.759234,-0.000294,0.020423,0.000000,0.000000,0.000000,0.000000,0.000000,0.000000,0.000000,0.000000,0.000000
693,11.550000,11.027954,-0.000001,-102.607300,-0.000000,0.000025,-0.000003,-3.093648,-0.000000,-0.000003,749.853,0,0.000000,4,2,0.000000,0,0,0,0.000158,1.000000,-0.000343,-0.998851,0.000174,0.047926,-0.000018,0.000001,0.000000,0.000000,0.000000,1,-0.000640,6969.640625,4560.278809,-82.497086,-0.040737,0.000737,0.000000,1,-0.000944,6956.918945,-4924.968750,-87.463409,0.043995,0.000781,0.000000,1,0.001324,5781.791504,4173.170410,745.261169,-0.045470,-0.008120,0.000000,1,0.001033,5771.752930,-3808.480469,-575.339539,0.041496,0.006269,0.000000,-0.001465,25480.039062,-0.038818,-0.591669,0.000199,0.039198,0.000000,0.000000,0.000000,0.000000,0.000000,0.000000,0.000000,0.000000,0.000000
694,11.566667,11.027954,-0.000001,-102.607300,-0.000000,0.000026,-0.000004,-3.093648,-0.000000,-0.000004,749.856,0,0.000000,4,2,0.000000,0,0,0,0.000158,1.000000,-0.000343,-0.998851,0.000174,0.047926,-0.000021,0.000001,0.000000,0.000000,0.000000,1,-0.000641,6969.605957,4560.278809,-82.494064,-0.040737,0.000737,0.000000,1,-0.000945,6956.876465,-4924.968750,-87.460388,0.043995,0.000781,0.000000,1,0.001324,5781.795410,4173.170410,745.263672,-0.045470,-0.008120,0.000000,1,0.001033,5771.756836,-3808.480225,-575.337097,0.041496,0.006269,0.000000,-0.001221,25479.968750,-0.027832,-0.469403,0.000689,0.046204,0.000000,0.000000,0.000000,0.000000,0.000000,0.000000,0.000000,0.000000,0.000000
695,11.583333,11.027954,-0.000000,-102.607300,-0.000000,0.000025,-0.000004,-3.093648,-0.000000,-0.000004,749.858,0,0.000000,4,2,0.000000,0,0,0,0.000158,1.000000,-0.000343,-0.998851,0.000174,0.047926,-0.000023,0.000001,0.000000,0.000000,0.000000,1,-0.000642,6969.555664,4560.279297,-82.491096,-0.040737,0.000737,0.000000,1,-0.000946,6956.836914,-4924.968262,-87.457413,0.043995,0.000781,0.000000,1,0.001324,5781.810059,4173.170410,745.266174,-0.045470,-0.008120,0.000000,1,0.001033,5771.770996,-3808.480225,-575.334656,0.041496,0.006269,0.000000,-0.001953,25479.908203,-0.016968,-0.276616,-0.000780,0.009853,0.000000,0.000000,0.000000,0.000000,0.000000,0.000000,0.000000,0.000000,0.000000
696,11.600000,11.027954,0.000000,-102.607300,-0.000000,0.000024,-0.000004,-3.093648,-0.000000,-0.000004,749.860,0,0.000000,4,2,0.000000,0,0,0,0.000158,1.000000,-0.000344,-0.998851,0.000174,0.047926,-0.000025,0.000001,0.000000,0.000000,0.000000,1,-0.000643,6969.523438,4560.278809,-82.488129,-0.040737,0.000737,0.000000,1,-0.000947,6956.801758,-4924.968750,-87.454407,0.043995,0.000781,0.000000,1,0.001324,5781.817871,4173.170410,745.268616,-0.045470,-0.008120,0.000000,1,0.001033,5771.784180,-3808.480225,-575.332153,0.041496,0.006269,0.000000,0.000000,25479.871094,-0.006165,-0.156502,-0.000292,0.002475,0.000000,0.000000,0.000000,0.000000,0.000000,0.000000,0.000000,0.000000,0.000000
697,11.616667,11.027954,0.000001,-102.607300,-0.000000,0.000023,-0.000004,-3.093648,-0.000000,-0.000004,749.862,0,0.000000,4,2,0.000000,0,0,0,0.000158,1.000000,-0.000344,-0.998851,0.000174,0.047926,-0.000026,0.000001,0.000000,0.000000,0.000000,1,-0.000644,6969.480957,4560.278809,-82.485390,-0.040737,0.000737,0.000000,1,-0.000948,6956.754395,-4924.968750,-87.451630,0.043995,0.000781,0.000000,1,0.001325,5781.836426,4173.170410,745.270874,-0.045470,-0.008120,0.000000,1,0.001034,5771.794434,-3808.480225,-575.329956,0.041496,0.006269,0.000000,0.000244,25479.804688,0.003845,0.030597,-0.000287,0.022762,0.000000,0.000000,0.000000,0.000000,0.000000,0.000000,0.000000,0.000000,0.000000
698,11.633333,11.027954,0.000001,-102.607300,-0.000000,0.000020,-0.000004,-3.093648,-0.000000,-0.000004,749.864,0,0.000000,4,2,0.000000,0,0,0,0.000158,1.000000,-0.000345,-0.998851,0.000174,0.047926,-0.000025,0.000002,0.000000,0.000000,0.000000,1,-0.000645,6969.436035,4560.279297,-82.482796,-0.040737,0.000737,0.000000,1,-0.000948,6956.726562,-4924.968262,-87.449005,0.043995,0.000781,0.000000,1,0.001325,5781.848633,4173.171387,745.272949,-0.045470,-0.008120,0.000000,1,0.001034,5771.814941,-3808.479736,-575.327820,0.041496,0.006269,0.000000,-0.001709,25479.773438,0.013367,0.180813,0.002146,-0.042241,0.000000,0.000000,0.000000,0.000000,0.000000,0.000000,0.000000,0.000000,0.000000
699,11.650000,11.027954,0.000001,-102.607300,-0.000000,0.000018,-0.000004,-3.093648,0.000000,-0.000004,749.865,0,0.000000,4,2,0.000000,0,0,0,0.000158,1.000000,-0.000345,-0.998851,0.000174,0.047926,-0.000025,0.000001,0.000000,0.000000,0.000000,1,-0.000646,6969.413086,4560.278809,-82.480392,-0.040737,0.000737,0.000000,1,-0.000949,6956.691895,-4924.968750,-87.446663,0.043995,0.000781,0.000000,1,0.001325,5781.861328,4173.170898,745.274963,-0.045470,-0.008120,0.000000,1,0.001034,5771.819336,-3808.479980,-575.325867,0.041496,0.006269,0.000000,0.000000,25479.740234,0.022034,0.268873,0.001178,0.006047,0.000000,0.000000,0.000000,0.000000,0.000000,0.000000,0.000000,0.000000,0.000000
700,11.666667,11.027954,0.000001,-102.607300,-0.000000,0.000015,-0.000004,-3.093648,0.000000,-0.000004,749.867,0,0.000000,4,2,0.000000,0,0,0,0.000158,1.000000,-0.000345,-0.998851,0.000174,0.047926,-0.000023,0.000001,0.000000,0.000000,0.000000,1,-0.000647,6969.375977,4560.278809,-82.478439,-0.040737,0.000737,0.000000,1,-0.000950,6956.656738,-4924.968750,-87.444756,0.043995,0.000781,0.000000,1,0.001326,5781.878418,4173.170898,745.276611,-0.045470,-0.008120,0.000000,1,0.001035,5771.844727,-3808.479980,-575.324280,0.041496,0.006269,0.000000,0.000732,25479.716797,0.029114,0.453847,0.001662,-0.028839,0.000000,0.000000,0.000000,0.000000,0.000000,0.000000,0.000000,0.000000,0.000000
701,11.683333,11.027954,0.000002,-102.607300,-0.000000,0.000011,-0.000003,-3.093648,0.000000,-0.000003,749.869,0,0.000000,4,2,0.000000,0,0,0,0.000158,1.000000,-0.000346,-0.998851,0.000174,0.047926,-0.000021,0.000001,0.000000,0.000000,0.000000,1,-0.000647,6969.360352,4560.278809,-82.476654,-0.040737,0.000737,0.000000,1,-0.000951,6956.631836,-4924.968750,-87.443062,0.043995,0.000781,0.000000,1,0.001326,5781.893066,4173.170898,745.278137,-0.045470,-0.008120,0.000000,1,0.001035,5771.861328,-3808.479980,-575.322876,0.041496,0.006269,0.000000,0.000732,25479.722656,0.035583,0.539191,0.001665,-0.014509,0.000000,0.000000,0.000000,0.000000,0.000000,0.000000,0.000000,0.000000,0.000000
702,11.700000,11.027954,0.000002,-102.607300,-0.000000,0.000008,-0.000003,-3.093648,0.000000,-0.000003,749.871,0,0.000000,4,2,0.000000,0,0,0,0.000158,1.000000,-0.000346,-0.998851,0.000174,0.047926,-0.000018,0.000001,0.000000,0.000000,0.000000,1,-0.000648,6969.335449,4560.278809,-82.475243,-0.040737,0.000737,0.000000,1,-0.000951,6956.621582,-4924.968750,-87.441780,0.043995,0.000781,0.000000,1,0.001327,5781.902344,4173.170898,745.279236,-0.045470,-0.008120,0.000000,1,0.001036,5771.857422,-3808.479980,-575.321838,0.041496,0.006269,0.000000,0.001221,25479.691406,0.040405,0.566344,0.000688,-0.023849,0.000000,0.000000,0.000000,0.000000,0.000000,0.000000,0.000000,0.000000,0.000000
703,11.716666,11.027954,0.000002,-102.607300,-0.000000,0.000004,-0.000002,-3.093648,0.000000,-0.000002,749.873,0,0.000000,4,2,0.000000,0,0,0,0.000158,1.000000,-0.000346,-0.998851,0.000174,0.047926,-0.000015,0.000001,0.000000,0.000000,0.000000,1,-0.000648,6969.320312,4560.278809,-82.474380,-0.040737,0.000737,0.000000,1,-0.000952,6956.611328,-4924.968750,-87.441017,0.043995,0.000781,0.000000,1,0.001327,5781.914551,4173.170898,745.279907,-0.045470,-0.008120,0.000000,1,0.001036,5771.885742,-3808.479980,-575.321228,0.041496,0.006269,0.000000,0.001221,25479.726562,0.043274,0.667136,0.000682,-0.070189,0.000000,0.000000,0.000000,0.000000,0.000000,0.000000,0.000000,0.000000,0.000000
704,11.733334,11.027954,0.000002,-102.607300,-0.000000,0.000001,-0.000002,-3.093648,0.000000,-0.000002,749.875,0,0.000000,4,2,0.000000,0,0,0,0.000158,1.000000,-0.000347,-0.998851,0.000174,0.047926,-0.000012,0.000000,0.000000,0.000000,0.000000,1,-0.000649,6969.310547,4560.278809,-82.473785,-0.040737,0.000737,0.000000,1,-0.000952,6956.596191,-4924.968750,-87.440529,0.043995,0.000781,0.000000,1,0.001327,5781.921875,4173.170410,745.280396,-0.045470,-0.008120,0.000000,1,0.001036,5771.881836,-3808.480225,-575.320862,0.041496,0.006269,0.000000,0.002441,25479.699219,0.045166,0.685666,-0.000287,-0.026904,0.000000,0.000000,0.000000,0.000000,0.000000,0.000000,0.000000,0.000000,0.000000
705,11.750000,11.027954,0.000002,-102.607300,-0.000000,-0.000003,-0.000001,-3.093648,0.000000,-0.000001,749.877,0,0.000000,4,2,0.000000,0,0,0,0.000158,1.000000,-0.000347,-0.998851,0.000174,0.047926,-0.000009,0.000000,0.000000,0.000000,0.000000,1,-0.000649,6969.315430,4560.278809,-82.473625,-0.040737,0.000737,0.000000,1,-0.000952,6956.601074,-4924.968750,-87.440460,0.043995,0.000781,0.000000,1,0.001328,5781.932129,4173.170898,745.280579,-0.045470,-0.008120,0.000000,1,0.001037,5771.895508,-3808.480225,-575.320801,0.041496,0.006269,0.000000,0.001953,25479.753906,0.045715,0.686453,0.000688,-0.035739,0.000000,0.000000,0.000000,0.000000,0.000000,0.000000,0.000000,0.000000,0.000000
706,11.766666,11.027954,0.000002,-102.607300,-0.000000,-0.000005,-0.000001,-3.093648,0.000000,-0.000001,749.878,0,0.000000,4,2,0.000000,0,0,0,0.000158,1.000000,-0.000347,-0.998851,0.000174,0.047926,-0.000005,0.000000,0.000000,0.000000,0.000000,1,-0.000649,6969.320312,4560.278809,-82.473839,-0.040737,0.000737,0.000000,1,-0.000952,6956.601074,-4924.968750,-87.440796,0.043995,0.000781,0.000000,1,0.001328,5781.937500,4173.170410,745.280396,-0.045470,-0.008120,0.000000,1,0.001037,5771.900391,-3808.480225,-575.321106,0.041496,0.006269,0.000000,0.002441,25479.773438,0.044556,0.678833,-0.000287,-0.024401,0.000000,0.000000,0.000000,0.000000,0.000000,0.000000,0.000000,0.000000,0.000000
707,11.783334,11.027954,0.000002,-102.607300,-0.000000,-0.000008,-0.000000,-3.093648,0.000000,-0.000000,749.880,0,0.000000,4,2,0.000000,0,0,0,0.000158,1.000000,-0.000347,-0.998851,0.000174,0.047926,-0.000002,0.000000,0.000000,0.000000,0.000000,1,-0.000649,6969.330078,4560.278809,-82.474403,-0.040737,0.000737,0.000000,1,-0.000952,6956.618652,-4924.968750,-87.441452,0.043995,0.000781,0.000000,1,0.001328,5781.945312,4173.170898,745.279907,-0.045470,-0.008120,0.000000,1,0.001037,5771.903809,-3808.480225,-575.321655,0.041496,0.006269,0.000000,0.001465,25479.824219,0.042419,0.638604,-0.000289,-0.031289,0.000000,0.000000,0.000000,0.000000,0.000000,0.000000,0.000000,0.000000,0.000000
708,11.800000,11.027954,0.000001,-102.607300,-0.000000,-0.000010,0.000000,-3.093648,0.000000,0.000000,749.882,0,0.000000,4,2,0.000000,0,0,0,0.000158,1.000000,-0.000347,-0.998851,0.000174,0.047926,0.000001,-0.000000,0.000000,0.000000,0.000000,1,-0.000649,6969.334961,4560.278809,-82.475304,-0.040737,0.000737,0.000000,1,-0.000952,6956.621094,-4924.968750,-87.442436,0.043995,0.000781,0.000000,1,0.001328,5781.938477,4173.170898,745.279114,-0.045470,-0.008120,0.000000,1,0.001037,5771.904785,-3808.480225,-575.322449,0.041496,0.006269,0.000000,0.001465,25479.814453,0.038940,0.605208,-0.000778,-0.040187,0.000000,0.000000,0.000000,0.000000,0.000000,0.000000,0.000000,0.000000,0.000000
709,11.816667,11.027954,0.000001,-102.607300,-0.000000,-0.000012,0.000001,-3.093648,0.000000,0.000001,749.883,0,0.000000,4,2,0.000000,0,0,0,0.000158,1.000000,-0.000347,-0.998851,0.000174,0.047926,0.000004,-0.000000,0.000000,0.000000,0.000000,1,-0.000648,6969.359863,4560.278809,-82.476440,-0.040737,0.000737,0.000000,1,-0.000952,6956.645996,-4924.968750,-87.443626,0.043995,0.000781,0.000000,1,0.001328,5781.940430,4173.170410,745.278198,-0.045470,-0.008120,0.000000,1,0.001037,5771.908691,-3808.480225,-575.323425,0.041496,0.006269,0.000000,0.001465,25479.890625,0.034668,0.519268,-0.001267,-0.038288,0.000000,0.000000,0.000000,0.000000,0.000000,0.000000,0.000000,0.000000,0.000000
710,11.833333,11.027954,0.000001,-102.607300,0.000000,-0.000014,0.000001,-3.093648,0.000000,0.000001,749.885,0,0.000000,4,2,0.000000,0,0,0,0.000158,1.000000,-0.000347,-0.998851,0.000174,0.047926,0.000007,-0.000001,0.000000,0.000000,0.000000,1,-0.000648,6969.384766,4560.278809,-82.477859,-0.040737,0.000737,0.000000,1,-0.000951,6956.660645,-4924.968750,-87.445068,0.043995,0.000781,0.000000,1,0.001328,5781.942871,4173.169922,745.276978,-0.045470,-0.008120,0.000000,1,0.001037,5771.902832,-3808.480713,-575.324646,0.041496,0.006269,0.000000,0.002441,25479.927734,0.029358,0.449724,-0.002238,0.005058,0.000000,0.000000,0.000000,0.000000,0.000000,0.000000,0.000000,0.000000,0.000000
711,11.850000,11.027954,0.000001,-102.607300,0.000000,-0.000015,0.000002,-3.093648,0.000000,0.000002,749.887,0,0.000000,4,2,0.000000,0,0,0,0.000158,1.000000,-0.000347,-0.998851,0.000174,0.047926,0.000009,-0.000000,0.000000,0.000000,0.000000,1,-0.000647,6969.399902,4560.278809,-82.479462,-0.040737,0.000737,0.000000,1,-0.000951,6956.675781,-4924.968750,-87.446632,0.043995,0.000781,0.000000,1,0.001328,5781.934570,4173.170410,745.275696,-0.045470,-0.008120,0.000000,1,0.001037,5771.902832,-3808.480469,-575.325928,0.041496,0.006269,0.000000,0.000977,25479.943359,0.023621,0.391537,-0.002242,-0.017064,0.000000,0.000000,0.000000,0.000000,0.000000,0.000000,0.000000,0.000000,0.000000
712,11.866667,11.027954,0.000000,-102.607300,0.000000,-0.000015,0.000002,-3.093648,-0.000000,0.000002,749.888,0,0.000000,4,2,0.000000,0,0,0,0.000158,1.000000,-0.000346,-0.998851,0.000174,0.047926,0.000011,-0.000000,0.000000,0.000000,0.000000,1,-0.000647,6969.427246,4560.278809,-82.481102,-0.040737,0.000737,0.000000,1,-0.000950,6956.710449,-4924.968750,-87.448204,0.043995,0.000781,0.000000,1,0.001328,5781.937500,4173.170410,745.274353,-0.045470,-0.008120,0.000000,1,0.001037,5771.902832,-3808.480469,-575.327209,0.041496,0.006269,0.000000,0.000977,25480.025391,0.017761,0.292711,-0.002243,-0.022061,0.000000,0.000000,0.000000,0.000000,0.000000,0.000000,0.000000,0.000000,0.000000
713,11.883333,11.027954,0.000000,-102.607300,0.000000,-0.000015,0.000002,-3.093648,-0.000000,0.000002,749.890,0,0.000000,4,2,0.000000,0,0,0,0.000158,1.000000,-0.000346,-0.998851,0.000174,0.047926,0.000013,-0.000001,0.000000,0.000000,0.000000,1,-0.000646,6969.444824,4560.278809,-82.482826,-0.040737,0.000737,0.000000,1,-0.000950,6956.725586,-4924.968750,-87.449814,0.043995,0.000781,0.000000,1,0.001328,5781.927246,4173.170410,745.272949,-0.045470,-0.008120,0.000000,1,0.001037,5771.892578,-3808.480469,-575.328613,0.041496,0.006269,0.000000,0.000977,25480.023438,0.011658,0.209893,-0.001266,-0.010777,0.000000,0.000000,0.000000,0.000000,0.000000,0.000000,0.000000,0.000000,0.000000
714,11.900000,11.027954,-0.000000,-102.607300,0.000000,-0.000015,0.000002,-3.093648,-0.000000,0.000002,749.891,0,0.000000,4,2,0.000000,0,0,0,0.000158,1.000000,-0.000346,-0.998851,0.000174,0.047926,0.000014,-0.000001,0.000000,0.000000,0.000000,1,-0.000646,6969.474609,4560.278809,-82.484512,-0.040737,0.000737,0.000000,1,-0.000949,6956.755371,-4924.968750,-87.451385,0.043995,0.000781,0.000000,1,0.001328,5781.923340,4173.170410,745.271606,-0.045470,-0.008120,0.000000,1,0.001037,5771.888672,-3808.480469,-575.329895,0.041496,0.006269,0.000000,0.000488,25480.083984,0.005737,0.106378,-0.001754,-0.005898,0.000000,0.000000,0.000000,0.000000,0.000000,0.000000,0.000000,0.000000,0.000000
715,11.916667,11.027954,-0.000000,-102.607300,0.000000,-0.000014,0.000002,-3.093648,-0.000000,0.000002,749.893,0,0.000000,4,2,0.000000,0,0,0,0.000158,1.000000,-0.000346,-0.998851,0.000174,0.047926,0.000014,-0.000001,0.000000,0.000000,0.000000,1,-0.000645,6969.494629,4560.278320,-82.486176,-0.040737,0.000737,0.000000,1,-0.000949,6956.775391,-4924.969238,-87.452919,0.043995,0.000781,0.000000,1,0.001328,5781.919434,4173.170410,745.270264,-0.045470,-0.008120,0.000000,1,0.001037,5771.879395,-3808.480469,-575.331116,0.041496,0.006269,0.000000,0.001221,25480.103516,-0.000061,0.032351,0.000200,0.008858,0.000000,0.000000,0.000000,0.000000,0.000000,0.000000,0.000000,0.000000,0.000000
716,11.933333,11.027954,-0.000001,-102.607300,0.000000,-0.000012,0.000002,-3.093648,-0.000000,0.000002,749.894,0,0.000000,4,2,0.000000,0,0,0,0.000158,1.000000,-0.000345,-0.998851,0.000174,0.047926,0.000014,-0.000001,0.000000,0.000000,0.000000,1,-0.000645,6969.517090,4560.278809,-82.487679,-0.040737,0.000737,0.000000,1,-0.000948,6956.797852,-4924.968750,-87.454338,0.043995,0.000781,0.000000,1,0.001328,5781.904785,4173.170410,745.268982,-0.045470,-0.008120,0.000000,1,0.001037,5771.873047,-3808.480469,-575.332336,0.041496,0.006269,0.000000,0.000244,25480.123047,-0.005371,-0.072523,-0.001267,-0.005460,0.000000,0.000000,0.000000,0.000000,0.000000,0.000000,0.000000,0.000000,0.000000
717,11.950000,11.027954,-0.000001,-102.607300,0.000000,-0.000011,0.000002,-3.093648,-0.000000,0.000002,749.896,0,0.000000,4,2,0.000000,0,0,0,0.000158,1.000000,-0.000345,-0.998851,0.000174,0.047926,0.000014,-0.000001,0.000000,0.000000,0.000000,1,-0.000644,6969.534668,4560.278809,-82.489136,-0.040737,0.000737,0.000000,1,-0.000948,6956.815430,-4924.968750,-87.455643,0.043995,0.000781,0.000000,1,0.001327,5781.896973,4173.170410,745.267761,-0.045470,-0.008120,0.000000,1,0.001036,5771.861816,-3808.480469,-575.333374,0.041496,0.006269,0.000000,-0.000244,25480.132812,-0.010437,-0.146552,0.000199,0.007288,0.000000,0.000000,0.000000,0.000000,0.000000,0.000000,0.000000,0.000000,0.000000
718,11.966666,11.027954,-0.000001,-102.607300,0.000000,-0.000009,0.000002,-3.093648,-0.000000,0.000002,749.897,0,0.000000,4,2,0.000000,0,0,0,0.000158,1.000000,-0.000345,-0.998851,0.000174,0.047926,0.000013,-0.000001,0.000000,0.000000,0.000000,1,-0.000644,6969.554688,4560.278809,-82.490395,-0.040737,0.000737,0.000000,1,-0.000947,6956.835449,-4924.968750,-87.456795,0.043995,0.000781,0.000000,1,0.001327,5781.898438,4173.170410,745.266785,-0.045470,-0.008120,0.000000,1,0.001036,5771.854004,-3808.480469,-575.334290,0.041496,0.006269,0.000000,-0.000732,25480.169922,-0.014771,-0.204761,-0.000775,0.028990,0.000000,0.000000,0.000000,0.000000,0.000000,0.000000,0.000000,0.000000,0.000000
719,11.983334,11.027954,-0.000001,-102.607300,0.000000,-0.000007,0.000002,-3.093648,-0.000000,0.000002,749.899,0,0.000000,4,2,0.000000,0,0,0,0.000158,1.000000,-0.000345,-0.998851,0.000174,0.047926,0.000012,-0.000000,0.000000,0.000000,0.000000,1,-0.000643,6969.564941,4560.278809,-82.491463,-0.040737,0.000737,0.000000,1,-0.000947,6956.850586,-4924.968750,-87.457726,0.043995,0.000781,0.000000,1,0.001327,5781.884277,4173.170410,745.265930,-0.045470,-0.008120,0.000000,1,0.001036,5771.845703,-3808.480225,-575.335083,0.041496,0.006269,0.000000,-0.000977,25480.162109,-0.018372,-0.272716,0.000197,0.005827,0.000000,0.000000,0.000000,0.000000,0.000000,0.000000,0.000000,0.000000,0.000000
720,12.000000,11.027954,-0.000001,-102.607300,0.000000,-0.000005,0.000002,-3.093648,-0.000000,0.000002,749.900,0,0.000000,4,2,0.000000,0,0,0,0.000158,1.000000,-0.000345,-0.998851,0.000174,0.047926,0.000011,-0.000000,0.000000,0.000000,0.000000,1,-0.000643,6969.579590,4560.278809,-82.492332,-0.040737,0.000737,0.000000,1,-0.000946,6956.858398,-4924.968750,-87.458481,0.043995,0.000781,0.000000,1,0.001327,5781.875977,4173.170410,745.265137,-0.045470,-0.008120,0.000000,1,0.001036,5771.837402,-3808.480225,-575.335693,0.041496,0.006269,0.000000,-0.001221,25480.164062,-0.021301,-0.323114,0.001665,0.025040,0.000000,0.000000,0.000000,0.000000,0.000000,0.000000,0.000000,0.000000,0.000000
721,12.016666,11.027954,-0.000001,-102.607300,0.000000,-0.000003,0.000002,-3.093648,-0.000000,0.000002,749.902,0,0.000000,4,2,0.000000,0,0,0,0.000158,1.000000,-0.000344,-0.998851,0.000174,0.047926,0.000009,-0.000000,0.000000,0.000000,0.000000,1,-0.000643,6969.584961,4560.278809,-82.492973,-0.040737,0.000737,0.000000,1,-0.000946,6956.865723,-4924.968750,-87.459061,0.043995,0.000781,0.000000,1,0.001327,5781.877930,4173.170410,745.264648,-0.045470,-0.008120,0.000000,1,0.001036,5771.839355,-3808.480225,-575.336243,0.041496,0.006269,0.000000,-0.001221,25480.179688,-0.023560,-0.308656,0.001175,0.017171,0.000000,0.000000,0.000000,0.000000,0.000000,0.000000,0.000000,0.000000,0.000000
722,12.033334,11.027954,-0.000001,-102.607300,0.000000,-0.000001,0.000001,-3.093648,-0.000000,0.000001,749.903,0,0.000000,4,2,0.000000,0,0,0,0.000158,1.000000,-0.000344,-0.998851,0.000174,0.047926,0.000008,-0.000000,0.000000,0.000000,0.000000,1,-0.000643,6969.594727,4560.278809,-82.493240,-0.040737,0.000737,0.000000,1,-0.000946,6956.880859,-4924.968750,-87.459290,0.043995,0.000781,0.000000,1,0.001326,5781.863770,4173.170410,745.264404,-0.045470,-0.008120,0.000000,1,0.001035,5771.825195,-3808.480225,-575.336365,0.041496,0.006269,0.000000,-0.001221,25480.169922,-0.024414,-0.408458,0.000685,0.010714,0.000000,0.000000,0.000000,0.000000,0.000000,0.000000,0.000000,0.000000,0.000000
723,12.050000,11.027954,-0.000001,-102.607300,0.000000,0.000001,0.000001,-3.093648,-0.000000,0.000001,749.904,0,0.000000,4,2,0.000000,0,0,0,0.000158,1.000000,-0.000344,-0.998851,0.000174,0.047926,0.000006,-0.000000,0.000000,0.000000,0.000000,1,-0.000642,6969.594727,4560.278809,-82.493484,-0.040737,0.000737,0.000000,1,-0.000946,6956.878418,-4924.968750,-87.459503,0.043995,0.000781,0.000000,1,0.001326,5781.865723,4173.170410,745.264221,-0.045470,-0.008120,0.000000,1,0.001035,5771.827148,-3808.480469,-575.336548,0.041496,0.006269,0.000000,-0.000977,25480.167969,-0.025330,-0.368229,0.000687,0.017111,0.000000,0.000000,0.000000,0.000000,0.000000,0.000000,0.000000,0.000000,0.000000
724,12.066667,11.027954,-0.000001,-102.607300,0.000000,0.000003,0.000001,-3.093648,-0.000000,0.000001,749.906,0,0.000000,4,2,0.000000,0,0,0,0.000158,1.000000,-0.000344,-0.998851,0.000174,0.047926,0.000004,-0.000000,0.000000,0.000000,0.000000,1,-0.000642,6969.595215,4560.278809,-82.493393,-0.040737,0.000737,0.000000,1,-0.000946,6956.878418,-4924.968750,-87.459389,0.043995,0.000781,0.000000,1,0.001326,5781.851562,4173.170410,745.264282,-0.045470,-0.008120,0.000000,1,0.001035,5771.817871,-3808.480469,-575.336487,0.041496,0.006269,0.000000,-0.000977,25480.132812,-0.024963,-0.411390,0.000685,0.011142,0.000000,0.000000,0.000000,0.000000,0.000000,0.000000,0.000000,0.000000,0.000000
725,12.083333,11.027954,-0.000001,-102.607300,0.000000,0.000004,0.000000,-3.093648,-0.000000,0.000000,749.907,0,0.000000,4,2,0.000000,0,0,0,0.000158,1.000000,-0.000344,-0.998851,0.000174,0.047926,0.000002,-0.000000,0.000000,0.000000,0.000000,1,-0.000642,6969.587402,4560.278809,-82.493225,-0.040737,0.000737,0.000000,1,-0.000946,6956.866211,-4924.968750,-87.459190,0.043995,0.000781,0.000000,1,0.001326,5781.858398,4173.170410,745.264404,-0.045470,-0.008120,0.000000,1,0.001035,5771.821777,-3808.480469,-575.336304,0.041496,0.006269,0.000000,-0.000977,25480.123047,-0.024292,-0.332883,0.000688,0.024003,0.000000,0.000000,0.000000,0.000000,0.000000,0.000000,0.000000,0.000000,0.000000
726,12.100000,11.027954,-0.000001,-102.607300,-0.000000,0.000006,-0.000000,-3.093648,-0.000000,-0.000000,749.908,0,0.000000,4,2,0.000000,0,0,0,0.000158,1.000000,-0.000344,-0.998851,0.000174,0.047926,0.000000,0.000000,0.000000,0.000000,0.000000,1,-0.000643,6969.580078,4560.278809,-82.492706,-0.040737,0.000737,0.000000,1,-0.000946,6956.865723,-4924.968750,-87.458656,0.043995,0.000781,0.000000,1,0.001326,5781.846191,4173.170410,745.264893,-0.045470,-0.008120,0.000000,1,0.001035,5771.819824,-3808.480469,-575.335876,0.041496,0.006269,0.000000,-0.000977,25480.095703,-0.022339,-0.353182,0.000194,-0.013006,0.000000,0.000000,0.000000,0.000000,0.000000,0.000000,0.000000,0.000000,0.000000
727,12.116667,11.027954,-0.000001,-102.607300,-0.000000,0.000007,-0.000000,-3.093648,-0.000000,-0.000000,749.910,0,0.000000,4,2,0.000000,0,0,0,0.000158,1.000000,-0.000344,-0.998851,0.000174,0.047926,-0.000002,-0.000000,0.000000,0.000000,0.000000,1,-0.000643,6969.575195,4560.278809,-82.492126,-0.040737,0.000737,0.000000,1,-0.000946,6956.858398,-4924.968750,-87.458061,0.043995,0.000781,0.000000,1,0.001326,5781.855469,4173.170410,745.265320,-0.045470,-0.008120,0.000000,1,0.001035,5771.807617,-3808.480469,-575.335388,0.041496,0.006269,0.000000,-0.000977,25480.080078,-0.020203,-0.331527,0.000202,0.040213,0.000000,0.000000,0.000000,0.000000,0.000000,0.000000,0.000000,0.000000,0.000000
728,12.133333,11.027954,-0.000001,-102.607300,-0.000000,0.000008,-0.000001,-3.093648,-0.000000,-0.000001,749.911,0,0.000000,4,2,0.000000,0,0,0,0.000158,1.000000,-0.000344,-0.998851,0.000174,0.047926,-0.000003,0.000000,0.000000,0.000000,0.000000,1,-0.000643,6969.560059,4560.278809,-82.491470,-0.040737,0.000737,0.000000,1,-0.000946,6956.843750,-4924.968750,-87.457382,0.043995,0.000781,0.000000,1,0.001326,5781.855469,4173.170410,745.265930,-0.045470,-0.008120,0.000000,1,0.001035,5771.816406,-3808.480469,-575.334839,0.041496,0.006269,0.000000,-0.000732,25480.056641,-0.017761,-0.252994,-0.000290,0.012719,0.000000,0.000000,0.000000,0.000000,0.000000,0.000000,0.000000,0.000000,0.000000
729,12.150000,11.027954,-0.000001,-102.607300,-0.000000,0.000009,-0.000001,-3.093648,-0.000000,-0.000001,749.912,0,0.000000,4,2,0.000000,0,0,0,0.000158,1.000000,-0.000344,-0.998851,0.000174,0.047926,-0.000005,0.000000,0.000000,0.000000,0.000000,1,-0.000643,6969.550293,4560.278809,-82.490608,-0.040737,0.000737,0.000000,1,-0.000947,6956.828613,-4924.968750,-87.456490,0.043995,0.000781,0.000000,1,0.001326,5781.845215,4173.170410,745.266602,-0.045470,-0.008120,0.000000,1,0.001035,5771.816406,-3808.480469,-575.334045,0.041496,0.006269,0.000000,-0.000732,25480.013672,-0.014587,-0.239515,0.000197,0.003336,0.000000,0.000000,0.000000,0.000000,0.000000,0.000000,0.000000,0.000000,0.000000
730,12.166667,11.027954,-0.000000,-102.607300,-0.000000,0.000009,-0.000001,-3.093648,-0.000000,-0.000001,749.914,0,0.000000,4,2,0.000000,0,0,0,0.000158,1.000000,-0.000344,-0.998851,0.000174,0.047926,-0.000006,0.000000,0.000000,0.000000,0.000000,1,-0.000643,6969.540039,4560.278809,-82.489746,-0.040737,0.000737,0.000000,1,-0.000947,6956.821289,-4924.968750,-87.455612,0.043995,0.000781,0.000000,1,0.001326,5781.851074,4173.170410,745.267395,-0.045470,-0.008120,0.000000,1,0.001035,5771.816406,-3808.480469,-575.333313,0.041496,0.006269,0.000000,-0.000732,25480.009766,-0.011292,-0.203193,0.000198,0.008755,0.000000,0.000000,0.000000,0.000000,0.000000,0.000000,0.000000,0.000000,0.000000
731,12.183333,11.027954,-0.000000,-102.607300,-0.000000,0.000009,-0.000001,-3.093648,-0.000000,-0.000001,749.915,0,0.000000,4,2,0.000000,0,0,0,0.000158,1.000000,-0.000344,-0.998851,0.000174,0.047926,-0.000007,0.000000,0.000000,0.000000,0.000000,1,-0.000644,6969.520508,4560.278809,-82.488899,-0.040737,0.000737,0.000000,1,-0.000947,6956.806152,-4924.968750,-87.454742,0.043995,0.000781,0.000000,1,0.001326,5781.856445,4173.170410,745.268066,-0.045470,-0.008120,0.000000,1,0.001035,5771.826660,-3808.480469,-575.332581,0.041496,0.006269,0.000000,-0.000244,25479.986328,-0.008179,-0.109828,0.001172,-0.015397,0.000000,0.000000,0.000000,0.000000,0.000000,0.000000,0.000000,0.000000,0.000000
732,12.200000,11.027954,-0.000000,-102.607300,-0.000000,0.000009,-0.000001,-3.093648,-0.000000,-0.000001,749.916,0,0.000000,4,2,0.000000,0,0,0,0.000158,1.000000,-0.000345,-0.998851,0.000174,0.047926,-0.000007,0.000000,0.000000,0.000000,0.000000,1,-0.000644,6969.515137,4560.278809,-82.487900,-0.040737,0.000737,0.000000,1,-0.000947,6956.793945,-4924.968750,-87.453781,0.043995,0.000781,0.000000,1,0.001326,5781.858398,4173.170410,745.268860,-0.045470,-0.008120,0.000000,1,0.001035,5771.820801,-3808.480469,-575.331848,0.041496,0.006269,0.000000,0.000244,25479.968750,-0.004700,-0.106133,-0.000287,0.020578,0.000000,0.000000,0.000000,0.000000,0.000000,0.000000,0.000000,0.000000,0.000000
733,12.216666,11.027954,0.000000,-102.607300,-0.000000,0.000008,-0.000001,-3.093648,-0.000000,-0.000001,749.917,0,0.000000,4,2,0.000000,0,0,0,0.000158,1.000000,-0.000345,-0.998851,0.000174,0.047926,-0.000008,0.000000,0.000000,0.000000,0.000000,1,-0.000644,6969.495605,4560.278809,-82.487061,-0.040737,0.000737,0.000000,1,-0.000948,6956.776367,-4924.968750,-87.452927,0.043995,0.000781,0.000000,1,0.001326,5781.860352,4173.170410,745.269531,-0.045470,-0.008120,0.000000,1,0.001035,5771.830566,-3808.480469,-575.331177,0.041496,0.006269,0.000000,0.000244,25479.939453,-0.001648,-0.018815,0.000197,-0.009422,0.000000,0.000000,0.000000,0.000000,0.000000,0.000000,0.000000,0.000000,0.000000
734,12.233334,11.027954,0.000000,-102.607300,-0.000000,0.000007,-0.000001,-3.093648,-0.000000,-0.000001,749.918,0,0.000000,4,2,0.000000,0,0,0,0.000158,1.000000,-0.000345,-0.998851,0.000174,0.047926,-0.000008,0.000000,0.000000,0.000000,0.000000,1,-0.000645,6969.480469,4560.278809,-82.486160,-0.040737,0.000737,0.000000,1,-0.000948,6956.766113,-4924.968750,-87.452026,0.043995,0.000781,0.000000,1,0.001326,5781.867676,4173.170410,745.270264,-0.045470,-0.008120,0.000000,1,0.001035,5771.834961,-3808.480469,-575.330383,0.041496,0.006269,0.000000,0.000244,25479.929688,0.001648,0.034893,0.000197,-0.014368,0.000000,0.000000,0.000000,0.000000,0.000000,0.000000,0.000000,0.000000,0.000000
735,12.250000,11.027954,0.000000,-102.607300,-0.000000,0.000007,-0.000001,-3.093648,-0.000000,-0.000001,749.920,0,0.000000,4,2,0.000000,0,0,0,0.000158,1.000000,-0.000345,-0.998851,0.000174,0.047926,-0.000008,-0.000000,0.000000,0.000000,0.000000,1,-0.000645,6969.475098,4560.278809,-82.485306,-0.040737,0.000737,0.000000,1,-0.000948,6956.753906,-4924.968750,-87.451172,0.043995,0.000781,0.000000,1,0.001326,5781.876953,4173.170410,745.270935,-0.045470,-0.008120,0.000000,1,0.001035,5771.829102,-3808.480469,-575.329651,0.041496,0.006269,0.000000,0.000977,25479.917969,0.004761,0.055385,0.000204,0.032998,0.000000,0.000000,0.000000,0.000000,0.000000,0.000000,0.000000,0.000000,0.000000
736,12.266666,11.027954,0.000000,-102.607300,-0.000000,0.000006,-0.000001,-3.093648,0.000000,-0.000001,749.921,0,0.000000,4,2,0.000000,0,0,0,0.000158,1.000000,-0.000345,-0.998851,0.000174,0.047926,-0.000007,0.000000,0.000000,0.000000,0.000000,1,-0.000645,6969.465332,4560.278809,-82.484589,-0.040737,0.000737,0.000000,1,-0.000949,6956.746094,-4924.968750,-87.450478,0.043995,0.000781,0.000000,1,0.001326,5781.867676,4173.170410,745.271545,-0.045470,-0.008120,0.000000,1,0.001035,5771.838867,-3808.480469,-575.329102,0.041496,0.006269,0.000000,0.000977,25479.902344,0.007324,0.070842,0.000196,-0.019670,0.000000,0.000000,0.000000,0.000000,0.000000,0.000000,0.000000,0.000000,0.000000
737,12.283334,11.027954,0.000000,-102.607300,-0.000000,0.000005,-0.000001,-3.093648,0.000000,-0.000001,749.922,0,0.000000,4,2,0.000000,0,0,0,0.000158,1.000000,-0.000345,-0.998851,0.000174,0.047926,-0.000007,0.000000,0.000000,0.000000,0.000000,1,-0.000645,6969.455078,4560.278809,-82.484055,-0.040737,0.000737,0.000000,1,-0.000949,6956.736328,-4924.968750,-87.449944,0.043995,0.000781,0.000000,1,0.001326,5781.877930,4173.170410,745.271973,-0.045470,-0.008120,0.000000,1,0.001035,5771.843262,-3808.480469,-575.328674,0.041496,0.006269,0.000000,0.000977,25479.902344,0.009277,0.127862,0.000199,-0.007361,0.000000,0.000000,0.000000,0.000000,0.000000,0.000000,0.000000,0.000000,0.000000
738,12.300000,11.027954,0.000001,-102.607300,-0.000000,0.000003,-0.000001,-3.093648,0.000000,-0.000001,749.923,0,0.000000,4,2,0.000000,0,0,0,0.000158,1.000000,-0.000345,-0.998851,0.000174,0.047926,-0.000006,0.000000,0.000000,0.000000,0.000000,1,-0.000646,6969.445312,4560.278809,-82.483589,-0.040737,0.000737,0.000000,1,-0.000949,6956.726074,-4924.968750,-87.449493,0.043995,0.000781,0.000000,1,0.001326,5781.881836,4173.170410,745.272400,-0.045470,-0.008120,0.000000,1,0.001035,5771.847168,-3808.480469,-575.328308,0.041496,0.006269,0.000000,0.000977,25479.890625,0.010986,0.167901,-0.000778,-0.008337,0.000000,0.000000,0.000000,0.000000,0.000000,0.000000,0.000000,0.000000,0.000000
739,12.316667,11.027954,0.000001,-102.607300,-0.000000,0.000002,-0.000001,-3.093648,-0.000000,-0.000001,749.924,0,0.000000,4,2,0.000000,0,0,0,0.000158,1.000000,-0.000345,-0.998851,0.000174,0.047926,-0.000006,0.000000,0.000000,0.000000,0.000000,1,-0.000646,6969.440430,4560.278809,-82.483231,-0.040737,0.000737,0.000000,1,-0.000949,6956.726074,-4924.968750,-87.449104,0.043995,0.000781,0.000000,1,0.001327,5781.886230,4173.170410,745.272705,-0.045470,-0.008120,0.000000,1,0.001036,5771.851562,-3808.480469,-575.328003,0.041496,0.006269,0.000000,0.000977,25479.900391,0.012329,0.178450,-0.000291,-0.019680,0.000000,0.000000,0.000000,0.000000,0.000000,0.000000,0.000000,0.000000,0.000000
740,12.333333,11.027954,0.000001,-102.607300,0.000000,0.000001,-0.000001,-3.093648,-0.000000,-0.000001,749.925,0,0.000000,4,2,0.000000,0,0,0,0.000158,1.000000,-0.000346,-0.998851,0.000174,0.047926,-0.000005,-0.000000,0.000000,0.000000,0.000000,1,-0.000646,6969.442871,4560.278809,-82.483002,-0.040737,0.000737,0.000000,1,-0.000949,6956.721191,-4924.968750,-87.448860,0.043995,0.000781,0.000000,1,0.001327,5781.900391,4173.170410,745.272827,-0.045470,-0.008120,0.000000,1,0.001036,5771.855469,-3808.480469,-575.327759,0.041496,0.006269,0.000000,0.000977,25479.923828,0.013123,0.213398,0.000203,0.017321,0.000000,0.000000,0.000000,0.000000,0.000000,0.000000,0.000000,0.000000,0.000000
741,12.350000,11.027954,0.000001,-102.607300,0.000000,-0.000000,-0.000001,-3.093648,-0.000000,-0.000001,749.926,0,0.000000,4,2,0.000000,0,0,0,0.000158,1.000000,-0.000346,-0.998851,0.000174,0.047926,-0.000004,0.000000,0.000000,0.000000,0.000000,1,-0.000646,6969.435059,4560.278809,-82.482841,-0.040737,0.000737,0.000000,1,-0.000949,6956.716309,-4924.968750,-87.448700,0.043995,0.000781,0.000000,1,0.001327,5781.893555,4173.170410,745.273010,-0.045470,-0.008120,0.000000,1,0.001036,5771.859375,-3808.480225,-575.327698,0.041496,0.006269,0.000000,0.000732,25479.900391,0.013733,0.217519,0.001174,-0.018095,0.000000,0.000000,0.000000,0.000000,0.000000,0.000000,0.000000,0.000000,0.000000
742,12.366667,11.027954,0.000001,-102.607300,0.000000,-0.000001,-0.000000,-3.093648,0.000000,-0.000000,749.927,0,0.000000,4,2,0.000000,0,0,0,0.000158,1.000000,-0.000346,-0.998851,0.000174,0.047926,-0.000003,0.000000,0.000000,0.000000,0.000000,1,-0.000646,6969.439941,4560.278809,-82.482765,-0.040737,0.000737,0.000000,1,-0.000949,6956.721191,-4924.968750,-87.448669,0.043995,0.000781,0.000000,1,0.001327,5781.895508,4173.170410,745.273010,-0.045470,-0.008120,0.000000,1,0.001036,5771.863770,-3808.480469,-575.327637,0.041496,0.006269,0.000000,0.000977,25479.925781,0.013855,0.202868,0.000686,-0.018641,0.000000,0.000000,0.000000,0.000000,0.000000,0.000000,0.000000,0.000000,0.000000
743,12.383333,11.027954,0.000000,-102.607300,0.000000,-0.000002,-0.000000,-3.093648,0.000000,-0.000000,749.928,0,0.000000,4,2,0.000000,0,0,0,0.000158,1.000000,-0.000346,-0.998851,0.000174,0.047926,-0.000002,-0.000000,0.000000,0.000000,0.000000,1,-0.000646,6969.439941,4560.278809,-82.482857,-0.040737,0.000737,0.000000,1,-0.000949,6956.721191,-4924.968750,-87.448799,0.043995,0.000781,0.000000,1,0.001327,5781.907715,4173.170410,745.273010,-0.045470,-0.008120,0.000000,1,0.001036,5771.857422,-3808.480469,-575.327759,0.041496,0.006269,0.000000,0.000977,25479.931641,0.013550,0.215354,0.000203,0.019332,0.000000,0.000000,0.000000,0.000000,0.000000,0.000000,0.000000,0.000000,0.000000
744,12.400000,11.027954,0.000000,-102.607300,0.000000,-0.000003,-0.000000,-3.093648,0.000000,-0.000000,749.929,0,0.000000,4,2,0.000000,0,0,0,0.000158,1.000000,-0.000346,-0.998851,0.000174,0.047926,-0.000001,0.000000,0.000000,0.000000,0.000000,1,-0.000646,6969.439941,4560.279297,-82.483009,-0.040737,0.000737,0.000000,1,-0.000949,6956.721191,-4924.968262,-87.448997,0.043995,0.000781,0.000000,1,0.001327,5781.898438,4173.170410,745.272827,-0.045470,-0.008120,0.000000,1,0.001036,5771.867676,-3808.480225,-575.327881,0.041496,0.006269,0.000000,-0.000244,25479.929688,0.012939,0.210493,-0.000780,-0.025955,0.000000,0.000000,0.000000,0.000000,0.000000,0.000000,0.000000,0.000000,0.000000
745,12.416667,11.027954,0.000000,-102.607300,0.000000,-0.000004,0.000000,-3.093648,0.000000,0.000000,749.930,0,0.000000,4,2,0.000000,0,0,0,0.000158,1.000000,-0.000346,-0.998851,0.000174,0.047926,0.000001,-0.000000,0.000000,0.000000,0.000000,1,-0.000646,6969.450195,4560.278809,-82.483261,-0.040737,0.000737,0.000000,1,-0.000949,6956.730957,-4924.968750,-87.449234,0.043995,0.000781,0.000000,1,0.001327,5781.903809,4173.170410,745.272583,-0.045470,-0.008120,0.000000,1,0.001036,5771.872070,-3808.480469,-575.328064,0.041496,0.006269,0.000000,0.000977,25479.972656,0.011963,0.187242,-0.000291,-0.017176,0.000000,0.000000,0.000000,0.000000,0.000000,0.000000,0.000000,0.000000,0.000000
746,12.433333,11.027954,0.000000,-102.607300,0.000000,-0.000004,0.000000,-3.093648,0.000000,0.000000,749.931,0,0.000000,4,2,0.000000,0,0,0,0.000158,1.000000,-0.000346,-0.998851,0.000174,0.047926,0.000001,-0.000000,0.000000,0.000000,0.000000,1,-0.000646,6969.455078,4560.278809,-82.483597,-0.040737,0.000737,0.000000,1,-0.000949,6956.735840,-4924.968750,-87.449570,0.043995,0.000781,0.000000,1,0.001327,5781.900391,4173.170410,745.272339,-0.045470,-0.008120,0.000000,1,0.001036,5771.865723,-3808.480469,-575.328369,0.041496,0.006269,0.000000,0.000977,25479.966797,0.010803,0.150323,-0.000778,-0.007361,0.000000,0.000000,0.000000,0.000000,0.000000,0.000000,0.000000,0.000000,0.000000
747,12.450000,11.027954,0.000000,-102.607300,0.000000,-0.000004,0.000000,-3.093648,-0.000000,0.000000,749.932,0,0.000000,4,2,0.000000,0,0,0,0.000158,1.000000,-0.000346,-0.998851,0.000174,0.047926,0.000002,-0.000000,0.000000,0.000000,0.000000,1,-0.000646,6969.450195,4560.278809,-82.484070,-0.040737,0.000737,0.000000,1,-0.000949,6956.730957,-4924.968750,-87.450027,0.043995,0.000781,0.000000,1,0.001327,5781.910645,4173.170410,745.271851,-0.045470,-0.008120,0.000000,1,0.001036,5771.855469,-3808.480469,-575.328735,0.041496,0.006269,0.000000,0.000977,25479.947266,0.008972,0.179414,-0.000284,0.030668,0.000000,0.000000,0.000000,0.000000,0.000000,0.000000,0.000000,0.000000,0.000000
748,12.466666,11.027954,0.000000,-102.607300,0.000000,-0.000005,0.000001,-3.093648,-0.000000,0.000001,749.933,0,0.000000,4,2,0.000000,0,0,0,0.000158,1.000000,-0.000346,-0.998851,0.000174,0.047926,0.000003,0.000000,0.000000,0.000000,0.000000,1,-0.000646,6969.469727,4560.279785,-82.484444,-0.040737,0.000737,0.000000,1,-0.000949,6956.750977,-4924.967773,-87.450386,0.043995,0.000781,0.000000,1,0.001327,5781.894531,4173.171387,745.271606,-0.045470,-0.008120,0.000000,1,0.001036,5771.872070,-3808.479736,-575.329041,0.041496,0.006269,0.000000,-0.002686,25480.007812,0.007812,0.094876,0.001658,-0.037832,0.000000,0.000000,0.000000,0.000000,0.000000,0.000000,0.000000,0.000000,0.000000
749,12.483334,11.027954,0.000000,-102.607300,0.000000,-0.000005,0.000001,-3.093648,0.000000,0.000001,749.934,0,0.000000,4,2,0.000000,0,0,0,0.000158,1.000000,-0.000345,-0.998851,0.000174,0.047926,0.000004,-0.000000,0.000000,0.000000,0.000000,1,-0.000645,6969.470215,4560.279297,-82.484955,-0.040737,0.000737,0.000000,1,-0.000949,6956.750977,-4924.968262,-87.450958,0.043995,0.000781,0.000000,1,0.001327,5781.895508,4173.170898,745.271179,-0.045470,-0.008120,0.000000,1,0.001036,5771.860840,-3808.479980,-575.329468,0.041496,0.006269,0.000000,-0.000977,25479.984375,0.005859,0.088800,0.000687,-0.004919,0.000000,0.000000,0.000000,0.000000,0.000000,0.000000,0.000000,0.000000,0.000000
750,12.500000,11.027954,0.000000,-102.607300,0.000000,-0.000005,0.000001,-3.093648,0.000000,0.000001,749.935,0,0.000000,4,2,0.000000,0,0,0,0.000158,1.000000,-0.000345,-0.998851,0.000174,0.047926,0.000004,-0.000000,0.000000,0.000000,0.000000,1,-0.000645,6969.479980,4560.279297,-82.485451,-0.040737,0.000737,0.000000,1,-0.000949,6956.765625,-4924.968262,-87.451515,0.043995,0.000781,0.000000,1,0.001327,5781.903809,4173.170898,745.270752,-0.045470,-0.008120,0.000000,1,0.001036,5771.858887,-3808.479980,-575.330017,0.041496,0.006269,0.000000,-0.001465,25480.025391,0.003784,0.061648,0.000200,0.005438,0.000000,0.000000,0.000000,0.000000,0.000000,0.000000,0.000000,0.000000,0.000000
751,12.516666,11.027954,-0.000000,-102.607300,0.000000,-0.000005,0.000001,-3.093648,0.000000,0.000001,749.936,0,0.000000,4,2,0.000000,0,0,0,0.000158,1.000000,-0.000345,-0.998851,0.000174,0.047926,0.000004,-0.000000,0.000000,0.000000,0.000000,1,-0.000645,6969.487305,4560.279297,-82.485947,-0.040737,0.000737,0.000000,1,-0.000948,6956.766113,-4924.968262,-87.452049,0.043995,0.000781,0.000000,1,0.001327,5781.900391,4173.170898,745.270386,-0.045470,-0.008120,0.000000,1,0.001036,5771.861816,-3808.479980,-575.330383,0.041496,0.006269,0.000000,-0.001709,25480.027344,0.002075,0.059698,0.000689,0.007948,0.000000,0.000000,0.000000,0.000000,0.000000,0.000000,0.000000,0.000000,0.000000
752,12.533334,11.027954,-0.000000,-102.607300,0.000000,-0.000005,0.000001,-3.093648,0.000000,0.000001,749.937,0,0.000000,4,2,0.000000,0,0,0,0.000158,1.000000,-0.000345,-0.998851,0.000174,0.047926,0.000005,0.000000,0.000000,0.000000,0.000000,1,-0.000645,6969.495117,4560.279297,-82.486351,-0.040737,0.000737,0.000000,1,-0.000948,6956.780762,-4924.968262,-87.452515,0.043995,0.000781,0.000000,1,0.001327,5781.890625,4173.170898,745.270081,-0.045470,-0.008120,0.000000,1,0.001036,5771.861816,-3808.479980,-575.330750,0.041496,0.006269,0.000000,-0.001709,25480.041016,0.000488,-0.003570,0.000195,-0.026618,0.000000,0.000000,0.000000,0.000000,0.000000,0.000000,0.000000,0.000000,0.000000
753,12.550000,11.027954,-0.000000,-102.607300,-0.000000,-0.000004,0.000001,-3.093648,0.000000,0.000001,749.938,0,0.000000,4,2,0.000000,0,0,0,0.000158,1.000000,-0.000345,-0.998851,0.000174,0.047926,0.000005,-0.000000,0.000000,0.000000,0.000000,1,-0.000645,6969.502441,4560.279297,-82.486824,-0.040737,0.000737,0.000000,1,-0.000948,6956.780762,-4924.968262,-87.453033,0.043995,0.000781,0.000000,1,0.001327,5781.896484,4173.170410,745.269714,-0.045470,-0.008120,0.000000,1,0.001036,5771.851562,-3808.480225,-575.331177,0.041496,0.006269,0.000000,-0.000977,25480.039062,-0.001343,-0.013164,-0.001262,0.028556,0.000000,0.000000,0.000000,0.000000,0.000000,0.000000,0.000000,0.000000,0.000000
754,12.566667,11.027954,-0.000000,-102.607300,-0.000000,-0.000004,0.000001,-3.093648,0.000000,0.000001,749.939,0,0.000000,4,2,0.000000,0,0,0,0.000158,1.000000,-0.000345,-0.998851,0.000174,0.047926,0.000005,0.000000,0.000000,0.000000,0.000000,1,-0.000645,6969.509766,4560.279297,-82.487251,-0.040737,0.000737,0.000000,1,-0.000948,6956.795898,-4924.968262,-87.453453,0.043995,0.000781,0.000000,1,0.001327,5781.886230,4173.170898,745.269409,-0.045470,-0.008120,0.000000,1,0.001036,5771.847656,-3808.480225,-575.331543,0.041496,0.006269,0.000000,-0.001465,25480.048828,-0.002808,-0.083263,-0.000291,-0.003939,0.000000,0.000000,0.000000,0.000000,0.000000,0.000000,0.000000,0.000000,0.000000
755,12.583333,11.027954,-0.000000,-102.607300,-0.000000,-0.000003,0.000001,-3.093648,0.000000,0.000001,749.940,0,0.000000,4,2,0.000000,0,0,0,0.000158,1.000000,-0.000345,-0.998851,0.000174,0.047926,0.000004,-0.000000,0.000000,0.000000,0.000000,1,-0.000645,6969.507324,4560.279297,-82.487747,-0.040737,0.000737,0.000000,1,-0.000948,6956.791016,-4924.968262,-87.453964,0.043995,0.000781,0.000000,1,0.001327,5781.882324,4173.170898,745.269043,-0.045470,-0.008120,0.000000,1,0.001036,5771.853516,-3808.480225,-575.331970,0.041496,0.006269,0.000000,-0.001465,25480.035156,-0.004639,-0.047325,0.000196,-0.016798,0.000000,0.000000,0.000000,0.000000,0.000000,0.000000,0.000000,0.000000,0.000000
756,12.600000,11.027954,-0.000000,-102.607300,-0.000000,-0.000003,0.000001,-3.093648,0.000000,0.000001,749.940,0,0.000000,4,2,0.000000,0,0,0,0.000158,1.000000,-0.000345,-0.998851,0.000174,0.047926,0.000004,-0.000000,0.000000,0.000000,0.000000,1,-0.000644,6969.520020,4560.278809,-82.488037,-0.040737,0.000737,0.000000,1,-0.000948,6956.803223,-4924.968750,-87.454285,0.043995,0.000781,0.000000,1,0.001327,5781.888184,4173.169922,745.268738,-0.045470,-0.008120,0.000000,1,0.001036,5771.848633,-3808.480713,-575.332214,0.041496,0.006269,0.000000,0.000977,25480.074219,-0.005859,-0.087768,-0.001753,0.011734,0.000000,0.000000,0.000000,0.000000,0.000000,0.000000,0.000000,0.000000,0.000000
757,12.616667,11.027954,-0.000000,-102.607300,-0.000000,-0.000002,0.000001,-3.093648,-0.000000,0.000001,749.941,0,0.000000,4,2,0.000000,0,0,0,0.000158,1.000000,-0.000345,-0.998851,0.000174,0.047926,0.000003,-0.000000,0.000000,0.000000,0.000000,1,-0.000644,6969.527344,4560.278809,-82.488350,-0.040737,0.000737,0.000000,1,-0.000948,6956.805664,-4924.968750,-87.454536,0.043995,0.000781,0.000000,1,0.001327,5781.883301,4173.170410,745.268555,-0.045470,-0.008120,0.000000,1,0.001036,5771.846191,-3808.480713,-575.332397,0.041496,0.006269,0.000000,0.000488,25480.070312,-0.006836,-0.113156,-0.001265,0.014724,0.000000,0.000000,0.000000,0.000000,0.000000,0.000000,0.000000,0.000000,0.000000
758,12.633333,11.027954,-0.000000,-102.607300,-0.000000,-0.000001,0.000000,-3.093648,-0.000000,0.000000,749.942,0,0.000000,4,2,0.000000,0,0,0,0.000158,1.000000,-0.000345,-0.998851,0.000174,0.047926,0.000003,-0.000000,0.000000,0.000000,0.000000,1,-0.000644,6969.520020,4560.279297,-82.488617,-0.040737,0.000737,0.000000,1,-0.000947,6956.806152,-4924.968262,-87.454750,0.043995,0.000781,0.000000,1,0.001327,5781.881348,4173.170410,745.268372,-0.045470,-0.008120,0.000000,1,0.001036,5771.839355,-3808.480713,-575.332581,0.041496,0.006269,0.000000,-0.000488,25480.042969,-0.007568,-0.109440,-0.001266,0.004902,0.000000,0.000000,0.000000,0.000000,0.000000,0.000000,0.000000,0.000000,0.000000
759,12.650000,11.027954,-0.000000,-102.607300,-0.000000,-0.000000,0.000000,-3.093648,-0.000000,0.000000,749.943,0,0.000000,4,2,0.000000,0,0,0,0.000158,1.000000,-0.000345,-0.998851,0.000174,0.047926,0.000002,-0.000000,0.000000,0.000000,0.000000,1,-0.000644,6969.529785,4560.278809,-82.488785,-0.040737,0.000737,0.000000,1,-0.000947,6956.808594,-4924.968750,-87.454849,0.043995,0.000781,0.000000,1,0.001327,5781.884277,4173.170410,745.268188,-0.045470,-0.008120,0.000000,1,0.001036,5771.845215,-3808.480469,-575.332642,0.041496,0.006269,0.000000,-0.000244,25480.076172,-0.008118,-0.106317,0.001177,0.015758,0.000000,0.000000,0.000000,0.000000,0.000000,0.000000,0.000000,0.000000,0.000000
760,12.666667,11.027954,-0.000000,-102.607300,-0.000000,0.000001,0.000000,-3.093648,-0.000000,0.000000,749.944,0,0.000000,4,2,0.000000,0,0,0,0.000158,1.000000,-0.000345,-0.998851,0.000174,0.047926,0.000002,0.000000,0.000000,0.000000,0.000000,1,-0.000644,6969.524902,4560.279297,-82.488808,-0.040737,0.000737,0.000000,1,-0.000947,6956.811035,-4924.968262,-87.454880,0.043995,0.000781,0.000000,1,0.001327,5781.874023,4173.170410,745.268127,-0.045470,-0.008120,0.000000,1,0.001035,5771.834961,-3808.480469,-575.332703,0.041496,0.006269,0.000000,-0.001221,25480.039062,-0.008301,-0.143809,-0.000779,-0.001007,0.000000,0.000000,0.000000,0.000000,0.000000,0.000000,0.000000,0.000000,0.000000
761,12.683333,11.027954,-0.000000,-102.607300,-0.000000,0.000001,0.000000,-3.093648,-0.000000,0.000000,749.944,0,0.000000,4,2,0.000000,0,0,0,0.000158,1.000000,-0.000345,-0.998851,0.000174,0.047926,0.000001,0.000000,0.000000,0.000000,0.000000,1,-0.000644,6969.524902,4560.278809,-82.488869,-0.040737,0.000737,0.000000,1,-0.000947,6956.808594,-4924.968750,-87.454880,0.043995,0.000781,0.000000,1,0.001326,5781.875000,4173.170410,745.268127,-0.045470,-0.008120,0.000000,1,0.001036,5771.851562,-3808.480713,-575.332703,0.041496,0.006269,0.000000,0.000000,25480.062500,-0.008362,-0.094393,0.000195,-0.025205,0.000000,0.000000,0.000000,0.000000,0.000000,0.000000,0.000000,0.000000,0.000000
762,12.700000,11.027954,-0.000000,-102.607300,-0.000000,0.000002,0.000000,-3.093648,-0.000000,0.000000,749.945,0,0.000000,4,2,0.000000,0,0,0,0.000158,1.000000,-0.000345,-0.998851,0.000174,0.047926,0.000001,-0.000000,0.000000,0.000000,0.000000,1,-0.000644,6969.524902,4560.278320,-82.488731,-0.040737,0.000737,0.000000,1,-0.000947,6956.803711,-4924.969238,-87.454712,0.043995,0.000781,0.000000,1,0.001326,5781.877930,4173.169922,745.268250,-0.045470,-0.008120,0.000000,1,0.001035,5771.834961,-3808.480713,-575.332581,0.041496,0.006269,0.000000,0.001465,25480.035156,-0.007874,-0.113753,0.001179,0.030937,0.000000,0.000000,0.000000,0.000000,0.000000,0.000000,0.000000,0.000000,0.000000
763,12.716666,11.027954,-0.000000,-102.607300,-0.000000,0.000002,-0.000000,-3.093648,-0.000000,-0.000000,749.946,0,0.000000,4,2,0.000000,0,0,0,0.000158,1.000000,-0.000345,-0.998851,0.000174,0.047926,0.000000,0.000000,0.000000,0.000000,0.000000,1,-0.000644,6969.520020,4560.278809,-82.488556,-0.040737,0.000737,0.000000,1,-0.000947,6956.806152,-4924.968750,-87.454559,0.043995,0.000781,0.000000,1,0.001326,5781.873047,4173.170410,745.268372,-0.045470,-0.008120,0.000000,1,0.001035,5771.835938,-3808.480469,-575.332458,0.041496,0.006269,0.000000,0.000244,25480.029297,-0.007263,-0.117445,0.000197,-0.003509,0.000000,0.000000,0.000000,0.000000,0.000000,0.000000,0.000000,0.000000,0.000000
764,12.733334,11.027954,-0.000000,-102.607300,-0.000000,0.000003,-0.000000,-3.093648,-0.000000,-0.000000,749.947,0,0.000000,4,2,0.000000,0,0,0,0.000158,1.000000,-0.000345,-0.998851,0.000174,0.047926,-0.000001,-0.000000,0.000000,0.000000,0.000000,1,-0.000644,6969.517578,4560.278809,-82.488365,-0.040737,0.000737,0.000000,1,-0.000947,6956.800781,-4924.968750,-87.454361,0.043995,0.000781,0.000000,1,0.001326,5781.875977,4173.170410,745.268494,-0.045470,-0.008120,0.000000,1,0.001035,5771.833984,-3808.480713,-575.332336,0.041496,0.006269,0.000000,0.000488,25480.021484,-0.006592,-0.096555,-0.001265,0.013745,0.000000,0.000000,0.000000,0.000000,0.000000,0.000000,0.000000,0.000000,0.000000
765,12.750000,11.027954,-0.000000,-102.607300,-0.000000,0.000003,-0.000000,-3.093648,-0.000000,-0.000000,749.948,0,0.000000,4,2,0.000000,0,0,0,0.000158,1.000000,-0.000345,-0.998851,0.000174,0.047926,-0.000001,0.000000,0.000000,0.000000,0.000000,1,-0.000644,6969.520020,4560.278809,-82.488144,-0.040737,0.000737,0.000000,1,-0.000948,6956.798340,-4924.968750,-87.454071,0.043995,0.000781,0.000000,1,0.001326,5781.875977,4173.170410,745.268616,-0.045470,-0.008120,0.000000,1,0.001035,5771.836914,-3808.480469,-575.332092,0.041496,0.006269,0.000000,0.000244,25480.027344,-0.005737,-0.092645,-0.000288,0.016251,0.000000,0.000000,0.000000,0.000000,0.000000,0.000000,0.000000,0.000000,0.000000
766,12.766666,11.027954,-0.000000,-102.607300,-0.000000,0.000003,-0.000000,-3.093648,-0.000000,-0.000000,749.948,0,0.000000,4,2,0.000000,0,0,0,0.000158,1.000000,-0.000345,-0.998851,0.000174,0.047926,-0.000001,0.000000,0.000000,0.000000,0.000000,1,-0.000644,6969.510254,4560.278809,-82.487892,-0.040737,0.000737,0.000000,1,-0.000948,6956.791016,-4924.968750,-87.453789,0.043995,0.000781,0.000000,1,0.001326,5781.865723,4173.170410,745.268860,-0.045470,-0.008120,0.000000,1,0.001035,5771.842285,-3808.480469,-575.331848,0.041496,0.006269,0.000000,0.000244,25479.996094,-0.004700,-0.071929,-0.000294,-0.023680,0.000000,0.000000,0.000000,0.000000,0.000000,0.000000,0.000000,0.000000,0.000000
767,12.783334,11.027954,-0.000000,-102.607300,-0.000000,0.000003,-0.000000,-3.093648,-0.000000,-0.000000,749.949,0,0.000000,4,2,0.000000,0,0,0,0.000158,1.000000,-0.000345,-0.998851,0.000174,0.047926,-0.000002,-0.000000,0.000000,0.000000,0.000000,1,-0.000644,6969.505371,4560.278809,-82.487610,-0.040737,0.000737,0.000000,1,-0.000948,6956.786133,-4924.968750,-87.453453,0.043995,0.000781,0.000000,1,0.001326,5781.871582,4173.170410,745.269104,-0.045470,-0.008120,0.000000,1,0.001035,5771.839355,-3808.480469,-575.331543,0.041496,0.006269,0.000000,0.000244,25479.992188,-0.003601,-0.048899,0.000687,-0.000583,0.000000,0.000000,0.000000,0.000000,0.000000,0.000000,0.000000,0.000000,0.000000
768,12.800000,11.027954,-0.000000,-102.607300,-0.000000,0.000003,-0.000000,-3.093648,-0.000000,-0.000000,749.950,0,0.000000,4,2,0.000000,0,0,0,0.000158,1.000000,-0.000345,-0.998851,0.000174,0.047926,-0.000002,-0.000000,0.000000,0.000000,0.000000,1,-0.000645,6969.500000,4560.278809,-82.487282,-0.040737,0.000737,0.000000,1,-0.000948,6956.786133,-4924.968750,-87.453117,0.043995,0.000781,0.000000,1,0.001326,5781.876953,4173.170410,745.269409,-0.045470,-0.008120,0.000000,1,0.001035,5771.844238,-3808.480469,-575.331238,0.041496,0.006269,0.000000,0.000244,25480.003906,-0.002258,-0.022724,-0.000291,-0.011929,0.000000,0.000000,0.000000,0.000000,0.000000,0.000000,0.000000,0.000000,0.000000
769,12.816667,11.027954,-0.000000,-102.607300,-0.000000,0.000003,-0.000000,-3.093648,-0.000000,-0.000000,749.951,0,0.000000,4,2,0.000000,0,0,0,0.000158,1.000000,-0.000345,-0.998851,0.000174,0.047926,-0.000002,-0.000000,0.000000,0.000000,0.000000,1,-0.000645,6969.495117,4560.278809,-82.486946,-0.040737,0.000737,0.000000,1,-0.000948,6956.778809,-4924.968750,-87.452736,0.043995,0.000781,0.000000,1,0.001326,5781.878906,4173.170410,745.269714,-0.045470,-0.008120,0.000000,1,0.001035,5771.831055,-3808.480469,-575.330994,0.041496,0.006269,0.000000,0.000244,25479.972656,-0.000977,-0.028792,-0.000774,0.025562,0.000000,0.000000,0.000000,0.000000,0.000000,0.000000,0.000000,0.000000,0.000000
770,12.833333,11.027954,0.000000,-102.607300,-0.000000,0.000003,-0.000000,-3.093648,-0.000000,-0.000000,749.951,0,0.000000,4,2,0.000000,0,0,0,0.000158,1.000000,-0.000345,-0.998851,0.000174,0.047926,-0.000002,0.000000,0.000000,0.000000,0.000000,1,-0.000645,6969.490234,4560.278809,-82.486694,-0.040737,0.000737,0.000000,1,-0.000948,6956.778320,-4924.968750,-87.452423,0.043995,0.000781,0.000000,1,0.001326,5781.875977,4173.170410,745.269958,-0.045470,-0.008120,0.000000,1,0.001035,5771.836914,-3808.480469,-575.330750,0.041496,0.006269,0.000000,0.000244,25479.972656,0.000000,-0.018812,0.000197,-0.008391,0.000000,0.000000,0.000000,0.000000,0.000000,0.000000,0.000000,0.000000,0.000000
771,12.850000,11.027954,0.000000,-102.607300,-0.000000,0.000002,-0.000000,-3.093648,-0.000000,-0.000000,749.952,0,0.000000,4,2,0.000000,0,0,0,0.000158,1.000000,-0.000345,-0.998851,0.000174,0.047926,-0.000002,-0.000000,0.000000,0.000000,0.000000,1,-0.000645,6969.495117,4560.278809,-82.486465,-0.040737,0.000737,0.000000,1,-0.000948,6956.770996,-4924.968750,-87.452156,0.043995,0.000781,0.000000,1,0.001326,5781.880859,4173.170410,745.270081,-0.045470,-0.008120,0.000000,1,0.001035,5771.842285,-3808.480469,-575.330444,0.041496,0.006269,0.000000,0.000244,25479.988281,0.000977,0.004224,0.000690,0.019233,0.000000,0.000000,0.000000,0.000000,0.000000,0.000000,0.000000,0.000000,0.000000
772,12.866667,11.027954,0.000000,-102.607300,-0.000000,0.000002,-0.000000,-3.093648,-0.000000,-0.000000,749.953,0,0.000000,4,2,0.000000,0,0,0,0.000158,1.000000,-0.000345,-0.998851,0.000174,0.047926,-0.000002,0.000000,0.000000,0.000000,0.000000,1,-0.000645,6969.485352,4560.278809,-82.486252,-0.040737,0.000737,0.000000,1,-0.000948,6956.766113,-4924.968750,-87.451927,0.043995,0.000781,0.000000,1,0.001327,5781.882812,4173.170410,745.270264,-0.045470,-0.008120,0.000000,1,0.001035,5771.844238,-3808.480469,-575.330322,0.041496,0.006269,0.000000,0.000244,25479.972656,0.001709,0.037047,0.000199,0.000568,0.000000,0.000000,0.000000,0.000000,0.000000,0.000000,0.000000,0.000000,0.000000
773,12.883333,11.027954,0.000000,-102.607300,-0.000000,0.000002,-0.000000,-3.093648,-0.000000,-0.000000,749.953,0,0.000000,4,2,0.000000,0,0,0,0.000158,1.000000,-0.000345,-0.998851,0.000174,0.047926,-0.000002,0.000000,0.000000,0.000000,0.000000,1,-0.000645,6969.479980,4560.278809,-82.486008,-0.040737,0.000737,0.000000,1,-0.000948,6956.766113,-4924.968750,-87.451668,0.043995,0.000781,0.000000,1,0.001326,5781.875000,4173.170410,745.270447,-0.045470,-0.008120,0.000000,1,0.001035,5771.846191,-3808.480469,-575.330078,0.041496,0.006269,0.000000,0.000488,25479.958984,0.002625,0.023774,-0.000294,-0.027104,0.000000,0.000000,0.000000,0.000000,0.000000,0.000000,0.000000,0.000000,0.000000
774,12.900000,11.027954,0.000000,-102.607300,-0.000000,0.000001,-0.000000,-3.093648,-0.000000,-0.000000,749.954,0,0.000000,4,2,0.000000,0,0,0,0.000158,1.000000,-0.000345,-0.998851,0.000174,0.047926,-0.000002,-0.000000,0.000000,0.000000,0.000000,1,-0.000645,6969.479980,4560.278809,-82.485878,-0.040737,0.000737,0.000000,1,-0.000948,6956.763672,-4924.968750,-87.451492,0.043995,0.000781,0.000000,1,0.001327,5781.882812,4173.170410,745.270569,-0.045470,-0.008120,0.000000,1,0.001035,5771.838379,-3808.480469,-575.329956,0.041496,0.006269,0.000000,0.000488,25479.958984,0.003235,0.025705,-0.000287,0.015260,0.000000,0.000000,0.000000,0.000000,0.000000,0.000000,0.000000,0.000000,0.000000
775,12.916667,11.027954,0.000000,-102.607300,-0.000000,0.000001,-0.000000,-3.093648,-0.000000,-0.000000,749.955,0,0.000000,4,2,0.000000,0,0,0,0.000158,1.000000,-0.000345,-0.998851,0.000174,0.047926,-0.000002,0.000000,0.000000,0.000000,0.000000,1,-0.000645,6969.477539,4560.278809,-82.485817,-0.040737,0.000737,0.000000,1,-0.000948,6956.755859,-4924.968750,-87.451393,0.043995,0.000781,0.000000,1,0.001327,5781.879883,4173.170410,745.270508,-0.045470,-0.008120,0.000000,1,0.001035,5771.841309,-3808.480469,-575.329834,0.041496,0.006269,0.000000,0.000488,25479.947266,0.003418,0.043097,-0.000288,0.009411,0.000000,0.000000,0.000000,0.000000,0.000000,0.000000,0.000000,0.000000,0.000000
776,12.933333,11.027954,0.000000,-102.607300,-0.000000,0.000000,-0.000000,-3.093648,-0.000000,-0.000000,749.955,0,0.000000,4,2,0.000000,0,0,0,0.000158,1.000000,-0.000345,-0.998851,0.000174,0.047926,-0.000002,0.000000,0.000000,0.000000,0.000000,1,-0.000645,6969.479980,4560.278809,-82.485771,-0.040737,0.000737,0.000000,1,-0.000948,6956.761230,-4924.968750,-87.451294,0.043995,0.000781,0.000000,1,0.001327,5781.879883,4173.170410,745.270630,-0.045470,-0.008120,0.000000,1,0.001036,5771.851562,-3808.480225,-575.329773,0.041496,0.006269,0.000000,0.000244,25479.976562,0.003723,0.043498,0.000196,-0.019666,0.000000,0.000000,0.000000,0.000000,0.000000,0.000000,0.000000,0.000000,0.000000
777,12.950000,11.027954,0.000000,-102.607300,-0.000000,0.000000,-0.000000,-3.093648,-0.000000,-0.000000,749.956,0,0.000000,4,2,0.000000,0,0,0,0.000158,1.000000,-0.000345,-0.998851,0.000174,0.047926,-0.000002,0.000000,0.000000,0.000000,0.000000,1,-0.000645,6969.475098,4560.278809,-82.485779,-0.040737,0.000737,0.000000,1,-0.000948,6956.761230,-4924.968750,-87.451263,0.043995,0.000781,0.000000,1,0.001327,5781.890137,4173.170410,745.270630,-0.045470,-0.008120,0.000000,1,0.001036,5771.855469,-3808.480469,-575.329773,0.041496,0.006269,0.000000,0.000488,25479.988281,0.003784,0.084700,-0.000291,-0.015287,0.000000,0.000000,0.000000,0.000000,0.000000,0.000000,0.000000,0.000000,0.000000
778,12.966666,11.027954,0.000000,-102.607300,0.000000,-0.000000,-0.000000,-3.093648,-0.000000,-0.000000,749.956,0,0.000000,4,2,0.000000,0,0,0,0.000158,1.000000,-0.000345,-0.998851,0.000174,0.047926,-0.000001,-0.000000,0.000000,0.000000,0.000000,1,-0.000645,6969.477539,4560.278809,-82.485718,-0.040737,0.000737,0.000000,1,-0.000948,6956.761230,-4924.968750,-87.451164,0.043995,0.000781,0.000000,1,0.001327,5781.884277,4173.170410,745.270630,-0.045470,-0.008120,0.000000,1,0.001036,5771.839355,-3808.480469,-575.329651,0.041496,0.006269,0.000000,0.000977,25479.958984,0.004028,0.023752,0.000690,0.015746,0.000000,0.000000,0.000000,0.000000,0.000000,0.000000,0.000000,0.000000,0.000000
779,12.983334,11.027954,0.000000,-102.607300,0.000000,-0.000001,-0.000000,-3.093648,-0.000000,-0.000000,749.957,0,0.000000,4,2,0.000000,0,0,0,0.000158,1.000000,-0.000345,-0.998851,0.000174,0.047926,-0.000001,0.000000,0.000000,0.000000,0.000000,1,-0.000645,6969.472656,4560.278809,-82.485840,-0.040737,0.000737,0.000000,1,-0.000949,6956.750977,-4924.968750,-87.451271,0.043995,0.000781,0.000000,1,0.001327,5781.884277,4173.170410,745.270569,-0.045470,-0.008120,0.000000,1,0.001036,5771.855469,-3808.480469,-575.329712,0.041496,0.006269,0.000000,0.000488,25479.960938,0.003723,0.093493,-0.000291,-0.012780,0.000000,0.000000,0.000000,0.000000,0.000000,0.000000,0.000000,0.000000,0.000000
780,13.000000,11.027954,0.000000,-102.607300,0.000000,-0.000001,-0.000000,-3.093648,-0.000000,-0.000000,749.958,0,0.000000,4,2,0.000000,0,0,0,0.000158,1.000000,-0.000345,-0.998851,0.000174,0.047926,-0.000001,-0.000000,0.000000,0.000000,0.000000,1,-0.000645,6969.475098,4560.278809,-82.485832,-0.040737,0.000737,0.000000,1,-0.000949,6956.760742,-4924.968750,-87.451218,0.043995,0.000781,0.000000,1,0.001327,5781.894531,4173.170410,745.270569,-0.045470,-0.008120,0.000000,1,0.001036,5771.849609,-3808.480469,-575.329651,0.041496,0.006269,0.000000,0.000488,25479.986328,0.003845,0.070437,0.000200,0.005923,0.000000,0.000000,0.000000,0.000000,0.000000,0.000000,0.000000,0.000000,0.000000
781,13.016666,11.027954,0.000000,-102.607300,0.000000,-0.000001,-0.000000,-3.093648,-0.000000,-0.000000,749.958,0,0.000000,4,2,0.000000,0,0,0,0.000158,1.000000,-0.000345,-0.998851,0.000174,0.047926,-0.000000,0.000000,0.000000,0.000000,0.000000,1,-0.000645,6969.475098,4560.278809,-82.485886,-0.040737,0.000737,0.000000,1,-0.000948,6956.763672,-4924.968750,-87.451233,0.043995,0.000781,0.000000,1,0.001327,5781.888184,4173.170410,745.270569,-0.045470,-0.008120,0.000000,1,0.001036,5771.849609,-3808.480225,-575.329712,0.041496,0.006269,0.000000,0.000244,25479.978516,0.003723,0.048571,0.000197,-0.011807,0.000000,0.000000,0.000000,0.000000,0.000000,0.000000,0.000000,0.000000,0.000000
782,13.033334,11.027954,0.000000,-102.607300,0.000000,-0.000001,0.000000,-3.093648,-0.000000,0.000000,749.959,0,0.000000,4,2,0.000000,0,0,0,0.000158,1.000000,-0.000345,-0.998851,0.000174,0.047926,0.000000,-0.000000,0.000000,0.000000,0.000000,1,-0.000645,6969.479980,4560.278809,-82.486000,-0.040737,0.000737,0.000000,1,-0.000948,6956.761230,-4924.968750,-87.451324,0.043995,0.000781,0.000000,1,0.001327,5781.888184,4173.170410,745.270447,-0.045470,-0.008120,0.000000,1,0.001036,5771.849609,-3808.480469,-575.329773,0.041496,0.006269,0.000000,0.000488,25479.982422,0.003296,0.045047,0.000200,0.006425,0.000000,0.000000,0.000000,0.000000,0.000000,0.000000,0.000000,0.000000,0.000000
783,13.050000,11.027954,0.000000,-102.607300,0.000000,-0.000002,0.000000,-3.093648,-0.000000,0.000000,749.959,0,0.000000,4,2,0.000000,0,0,0,0.000158,1.000000,-0.000345,-0.998851,0.000174,0.047926,0.000000,0.000000,0.000000,0.000000,0.000000,1,-0.000645,6969.482422,4560.278809,-82.486137,-0.040737,0.000737,0.000000,1,-0.000948,6956.761230,-4924.968750,-87.451447,0.043995,0.000781,0.000000,1,0.001327,5781.893555,4173.170410,745.270325,-0.045470,-0.008120,0.000000,1,0.001036,5771.854492,-3808.480225,-575.329834,0.041496,0.006269,0.000000,0.000244,25479.996094,0.002869,0.066534,0.001177,0.007460,0.000000,0.000000,0.000000,0.000000,0.000000,0.000000,0.000000,0.000000,0.000000
784,13.066667,11.027954,0.000000,-102.607300,0.000000,-0.000002,0.000000,-3.093648,-0.000000,0.000000,749.960,0,0.000000,4,2,0.000000,0,0,0,0.000158,1.000000,-0.000345,-0.998851,0.000174,0.047926,0.000001,0.000000,0.000000,0.000000,0.000000,1,-0.000645,6969.479980,4560.278809,-82.486198,-0.040737,0.000737,0.000000,1,-0.000948,6956.761230,-4924.968750,-87.451523,0.043995,0.000781,0.000000,1,0.001327,5781.885254,4173.170410,745.270203,-0.045470,-0.008120,0.000000,1,0.001036,5771.856445,-3808.480225,-575.329895,0.041496,0.006269,0.000000,0.000244,25479.984375,0.002563,0.054240,0.001173,-0.019668,0.000000,0.000000,0.000000,0.000000,0.000000,0.000000,0.000000,0.000000,0.000000
785,13.083333,11.027954,-0.000000,-102.607300,0.000000,-0.000002,0.000000,-3.093648,0.000000,0.000000,749.961,0,0.000000,4,2,0.000000,0,0,0,0.000158,1.000000,-0.000345,-0.998851,0.000174,0.047926,0.000001,-0.000000,0.000000,0.000000,0.000000,1,-0.000645,6969.489746,4560.278809,-82.486259,-0.040737,0.000737,0.000000,1,-0.000948,6956.770996,-4924.968750,-87.451622,0.043995,0.000781,0.000000,1,0.001327,5781.893555,4173.170410,745.270142,-0.045470,-0.008120,0.000000,1,0.001036,5771.848633,-3808.480469,-575.330017,0.041496,0.006269,0.000000,0.000488,25480.011719,0.002197,0.017896,0.000202,0.018250,0.000000,0.000000,0.000000,0.000000,0.000000,0.000000,0.000000,0.000000,0.000000
786,13.100000,11.027954,-0.000000,-102.607300,0.000000,-0.000002,0.000000,-3.093648,0.000000,0.000000,749.961,0,0.000000,4,2,0.000000,0,0,0,0.000158,1.000000,-0.000345,-0.998851,0.000174,0.047926,0.000001,0.000000,0.000000,0.000000,0.000000,1,-0.000645,6969.484863,4560.278809,-82.486420,-0.040737,0.000737,0.000000,1,-0.000948,6956.766113,-4924.968750,-87.451805,0.043995,0.000781,0.000000,1,0.001327,5781.885254,4173.170410,745.270020,-0.045470,-0.008120,0.000000,1,0.001036,5771.856445,-3808.480225,-575.330139,0.041496,0.006269,0.000000,0.000244,25479.992188,0.001587,0.043498,0.000196,-0.019666,0.000000,0.000000,0.000000,0.000000,0.000000,0.000000,0.000000,0.000000,0.000000
787,13.116667,11.027954,-0.000000,-102.607300,0.000000,-0.000002,0.000000,-3.093648,0.000000,0.000000,749.962,0,0.000000,4,2,0.000000,0,0,0,0.000158,1.000000,-0.000345,-0.998851,0.000174,0.047926,0.000001,-0.000000,0.000000,0.000000,0.000000,1,-0.000645,6969.484863,4560.278809,-82.486504,-0.040737,0.000737,0.000000,1,-0.000948,6956.770996,-4924.968750,-87.451904,0.043995,0.000781,0.000000,1,0.001327,5781.888184,4173.170410,745.269958,-0.045470,-0.008120,0.000000,1,0.001036,5771.853516,-3808.480469,-575.330200,0.041496,0.006269,0.000000,0.000488,25480.000000,0.001282,0.031966,0.000197,-0.012842,0.000000,0.000000,0.000000,0.000000,0.000000,0.000000,0.000000,0.000000,0.000000
788,13.133333,11.027954,-0.000000,-102.607300,0.000000,-0.000002,0.000000,-3.093648,0.000000,0.000000,749.962,0,0.000000,4,2,0.000000,0,0,0,0.000158,1.000000,-0.000345,-0.998851,0.000174,0.047926,0.000001,-0.000000,0.000000,0.000000,0.000000,1,-0.000645,6969.495117,4560.278809,-82.486588,-0.040737,0.000737,0.000000,1,-0.000948,6956.773438,-4924.968750,-87.452019,0.043995,0.000781,0.000000,1,0.001327,5781.898438,4173.170410,745.269897,-0.045470,-0.008120,0.000000,1,0.001036,5771.853516,-3808.480469,-575.330322,0.041496,0.006269,0.000000,0.000244,25480.031250,0.000916,0.033710,0.000691,0.026108,0.000000,0.000000,0.000000,0.000000,0.000000,0.000000,0.000000,0.000000,0.000000
789,13.150000,11.027954,-0.000000,-102.607300,0.000000,-0.000002,0.000000,-3.093648,0.000000,0.000000,749.963,0,0.000000,4,2,0.000000,0,0,0,0.000158,1.000000,-0.000345,-0.998851,0.000174,0.047926,0.000002,0.000000,0.000000,0.000000,0.000000,1,-0.000645,6969.500000,4560.279297,-82.486633,-0.040737,0.000737,0.000000,1,-0.000948,6956.780762,-4924.968262,-87.452110,0.043995,0.000781,0.000000,1,0.001327,5781.882324,4173.170410,745.269775,-0.045470,-0.008120,0.000000,1,0.001036,5771.843262,-3808.480225,-575.330322,0.041496,0.006269,0.000000,-0.000977,25480.009766,0.000671,-0.049867,0.000199,0.005450,0.000000,0.000000,0.000000,0.000000,0.000000,0.000000,0.000000,0.000000,0.000000
790,13.166667,11.027954,-0.000000,-102.607300,0.000000,-0.000001,0.000000,-3.093648,0.000000,0.000000,749.963,0,0.000000,4,2,0.000000,0,0,0,0.000158,1.000000,-0.000345,-0.998851,0.000174,0.047926,0.000001,0.000000,0.000000,0.000000,0.000000,1,-0.000645,6969.495117,4560.279297,-82.486877,-0.040737,0.000737,0.000000,1,-0.000948,6956.775879,-4924.968262,-87.452408,0.043995,0.000781,0.000000,1,0.001327,5781.888184,4173.170410,745.269653,-0.045470,-0.008120,0.000000,1,0.001036,5771.859375,-3808.480225,-575.330566,0.041496,0.006269,0.000000,-0.000977,25480.023438,-0.000183,0.031779,0.000196,-0.017717,0.000000,0.000000,0.000000,0.000000,0.000000,0.000000,0.000000,0.000000,0.000000
791,13.183333,11.027954,-0.000000,-102.607300,0.000000,-0.000001,0.000000,-3.093648,0.000000,0.000000,749.964,0,0.000000,4,2,0.000000,0,0,0,0.000158,1.000000,-0.000345,-0.998851,0.000174,0.047926,0.000001,-0.000000,0.000000,0.000000,0.000000,1,-0.000645,6969.500000,4560.278809,-82.486908,-0.040737,0.000737,0.000000,1,-0.000948,6956.785645,-4924.968750,-87.452477,0.043995,0.000781,0.000000,1,0.001327,5781.888184,4173.170410,745.269592,-0.045470,-0.008120,0.000000,1,0.001036,5771.853516,-3808.480469,-575.330627,0.041496,0.006269,0.000000,0.000244,25480.035156,-0.000488,-0.014909,0.000197,-0.009916,0.000000,0.000000,0.000000,0.000000,0.000000,0.000000,0.000000,0.000000,0.000000
792,13.200000,11.027954,-0.000000,-102.607300,0.000000,-0.000001,0.000000,-3.093648,0.000000,0.000000,749.964,0,0.000000,4,2,0.000000,0,0,0,0.000158,1.000000,-0.000345,-0.998851,0.000174,0.047926,0.000001,-0.000000,0.000000,0.000000,0.000000,1,-0.000645,6969.497559,4560.278809,-82.487022,-0.040737,0.000737,0.000000,1,-0.000948,6956.780762,-4924.968750,-87.452621,0.043995,0.000781,0.000000,1,0.001327,5781.888184,4173.170410,745.269531,-0.045470,-0.008120,0.000000,1,0.001036,5771.843262,-3808.480469,-575.330811,0.041496,0.006269,0.000000,0.000244,25480.005859,-0.000977,-0.017263,0.000690,0.017700,0.000000,0.000000,0.000000,0.000000,0.000000,0.000000,0.000000,0.000000,0.000000
793,13.216666,11.027954,-0.000000,-102.607300,0.000000,-0.000001,0.000000,-3.093648,0.000000,0.000000,749.965,0,0.000000,4,2,0.000000,0,0,0,0.000158,1.000000,-0.000345,-0.998851,0.000174,0.047926,0.000001,0.000000,0.000000,0.000000,0.000000,1,-0.000645,6969.502441,4560.278809,-82.487091,-0.040737,0.000737,0.000000,1,-0.000948,6956.780762,-4924.968750,-87.452774,0.043995,0.000781,0.000000,1,0.001327,5781.888184,4173.170410,745.269470,-0.045470,-0.008120,0.000000,1,0.001036,5771.849609,-3808.480469,-575.330933,0.041496,0.006269,0.000000,0.000244,25480.023438,-0.001404,-0.010614,0.000688,0.011366,0.000000,0.000000,0.000000,0.000000,0.000000,0.000000,0.000000,0.000000,0.000000
794,13.233334,11.027954,-0.000000,-102.607300,0.000000,-0.000000,0.000000,-3.093648,0.000000,0.000000,749.965,0,0.000000,4,2,0.000000,0,0,0,0.000158,1.000000,-0.000345,-0.998851,0.000174,0.047926,0.000001,0.000000,0.000000,0.000000,0.000000,1,-0.000645,6969.500000,4560.279297,-82.487106,-0.040737,0.000737,0.000000,1,-0.000948,6956.780762,-4924.968262,-87.452873,0.043995,0.000781,0.000000,1,0.001327,5781.877930,4173.170410,745.269348,-0.045470,-0.008120,0.000000,1,0.001036,5771.849609,-3808.480469,-575.330994,0.041496,0.006269,0.000000,-0.000732,25480.005859,-0.001648,-0.028768,-0.000781,-0.016250,0.000000,0.000000,0.000000,0.000000,0.000000,0.000000,0.000000,0.000000,0.000000
795,13.250000,11.027954,-0.000000,-102.607300,0.000000,-0.000000,0.000000,-3.093648,0.000000,0.000000,749.966,0,0.000000,4,2,0.000000,0,0,0,0.000158,1.000000,-0.000345,-0.998851,0.000174,0.047926,0.000001,-0.000000,0.000000,0.000000,0.000000,1,-0.000645,6969.509766,4560.278809,-82.487160,-0.040737,0.000737,0.000000,1,-0.000948,6956.791016,-4924.968750,-87.452957,0.043995,0.000781,0.000000,1,0.001327,5781.884277,4173.170410,745.269348,-0.045470,-0.008120,0.000000,1,0.001036,5771.849609,-3808.480469,-575.330994,0.041496,0.006269,0.000000,0.000244,25480.044922,-0.001831,-0.049872,0.000199,0.001428,0.000000,0.000000,0.000000,0.000000,0.000000,0.000000,0.000000,0.000000,0.000000
796,13.266666,11.027954,-0.000000,-102.607300,0.000000,0.000000,0.000000,-3.093648,0.000000,0.000000,749.966,0,0.000000,4,2,0.000000,0,0,0,0.000158,1.000000,-0.000345,-0.998851,0.000174,0.047926,0.000001,-0.000000,0.000000,0.000000,0.000000,1,-0.000645,6969.500000,4560.278809,-82.487236,-0.040737,0.000737,0.000000,1,-0.000948,6956.786133,-4924.968750,-87.453094,0.043995,0.000781,0.000000,1,0.001327,5781.884277,4173.170410,745.269165,-0.045470,-0.008120,0.000000,1,0.001036,5771.849609,-3808.480469,-575.331177,0.041496,0.006269,0.000000,0.000244,25480.017578,-0.002380,-0.014909,-0.000291,-0.010893,0.000000,0.000000,0.000000,0.000000,0.000000,0.000000,0.000000,0.000000,0.000000
797,13.283334,11.027954,-0.000000,-102.607300,0.000000,0.000000,0.000000,-3.093648,0.000000,0.000000,749.967,0,0.000000,4,2,0.000000,0,0,0,0.000158,1.000000,-0.000345,-0.998851,0.000174,0.047926,0.000001,-0.000000,0.000000,0.000000,0.000000,1,-0.000645,6969.507324,4560.278809,-82.487198,-0.040737,0.000737,0.000000,1,-0.000948,6956.786133,-4924.968750,-87.453094,0.043995,0.000781,0.000000,1,0.001327,5781.884277,4173.170410,745.269226,-0.045470,-0.008120,0.000000,1,0.001036,5771.839355,-3808.480469,-575.331177,0.041496,0.006269,0.000000,0.000244,25480.015625,-0.002258,-0.053203,-0.000286,0.030019,0.000000,0.000000,0.000000,0.000000,0.000000,0.000000,0.000000,0.000000,0.000000
798,13.300000,11.027954,-0.000000,-102.607300,0.000000,0.000001,0.000000,-3.093648,0.000000,0.000000,749.967,0,0.000000,4,2,0.000000,0,0,0,0.000158,1.000000,-0.000345,-0.998851,0.000174,0.047926,0.000000,0.000000,0.000000,0.000000,0.000000,1,-0.000645,6969.504883,4560.279297,-82.487236,-0.040737,0.000737,0.000000,1,-0.000948,6956.786133,-4924.968262,-87.453178,0.043995,0.000781,0.000000,1,0.001327,5781.874023,4173.170410,745.269226,-0.045470,-0.008120,0.000000,1,0.001036,5771.850586,-3808.480469,-575.331177,0.041496,0.006269,0.000000,-0.000732,25480.011719,-0.002380,-0.042632,-0.001270,-0.025635,0.000000,0.000000,0.000000,0.000000,0.000000,0.000000,0.000000,0.000000,0.000000
799,13.316667,11.027954,-0.000000,-102.607300,0.000000,0.000001,0.000000,-3.093648,0.000000,0.000000,749.968,0,0.000000,4,2,0.000000,0,0,0,0.000158,1.000000,-0.000345,-0.998851,0.000174,0.047926,0.000000,-0.000000,0.000000,0.000000,0.000000,1,-0.000645,6969.504883,4560.278809,-82.487251,-0.040737,0.000737,0.000000,1,-0.000948,6956.786133,-4924.968750,-87.453186,0.043995,0.000781,0.000000,1,0.001327,5781.885254,4173.170410,745.269226,-0.045470,-0.008120,0.000000,1,0.001036,5771.842285,-3808.480469,-575.331177,0.041496,0.006269,0.000000,0.000244,25480.017578,-0.002441,-0.032888,-0.000287,0.017702,0.000000,0.000000,0.000000,0.000000,0.000000,0.000000,0.000000,0.000000,0.000000
800,13.333333,11.027954,-0.000000,-102.607300,0.000000,0.000001,0.000000,-3.093648,0.000000,0.000000,749.968,0,0.000000,4,2,0.000000,0,0,0,0.000158,1.000000,-0.000345,-0.998851,0.000174,0.047926,0.000000,0.000000,0.000000,0.000000,0.000000,1,-0.000645,6969.504883,4560.278809,-82.487228,-0.040737,0.000737,0.000000,1,-0.000948,6956.786133,-4924.968750,-87.453171,0.043995,0.000781,0.000000,1,0.001327,5781.881836,4173.170410,745.269287,-0.045470,-0.008120,0.000000,1,0.001036,5771.845215,-3808.480469,-575.331238,0.041496,0.006269,0.000000,0.000244,25480.017578,-0.002380,-0.035221,-0.000290,0.001979,0.000000,0.000000,0.000000,0.000000,0.000000,0.000000,0.000000,0.000000,0.000000
801,13.350000,11.027954,-0.000000,-102.607300,0.000000,0.000001,-0.000000,-3.093648,0.000000,-0.000000,749.969,0,0.000000,4,2,0.000000,0,0,0,0.000158,1.000000,-0.000345,-0.998851,0.000174,0.047926,-0.000000,0.000000,0.000000,0.000000,0.000000,1,-0.000645,6969.500000,4560.278809,-82.487190,-0.040737,0.000737,0.000000,1,-0.000948,6956.786133,-4924.968750,-87.453140,0.043995,0.000781,0.000000,1,0.001327,5781.876953,4173.170410,745.269287,-0.045470,-0.008120,0.000000,1,0.001035,5771.840332,-3808.480469,-575.331177,0.041496,0.006269,0.000000,0.000244,25479.996094,-0.002258,-0.050062,-0.000291,-0.007417,0.000000,0.000000,0.000000,0.000000,0.000000,0.000000,0.000000,0.000000,0.000000
802,13.366667,11.027954,-0.000000,-102.607300,0.000000,0.000001,-0.000000,-3.093648,0.000000,-0.000000,749.969,0,0.000000,4,2,0.000000,0,0,0,0.000158,1.000000,-0.000345,-0.998851,0.000174,0.047926,-0.000000,-0.000000,0.000000,0.000000,0.000000,1,-0.000645,6969.497559,4560.278809,-82.487190,-0.040737,0.000737,0.000000,1,-0.000948,6956.781250,-4924.968750,-87.453133,0.043995,0.000781,0.000000,1,0.001327,5781.879883,4173.170410,745.269287,-0.045470,-0.008120,0.000000,1,0.001035,5771.838379,-3808.480469,-575.331177,0.041496,0.006269,0.000000,0.000244,25479.988281,-0.002258,-0.030148,-0.000288,0.009839,0.000000,0.000000,0.000000,0.000000,0.000000,0.000000,0.000000,0.000000,0.000000
803,13.383333,11.027954,-0.000000,-102.607300,0.000000,0.000001,-0.000000,-3.093648,0.000000,-0.000000,749.969,0,0.000000,4,2,0.000000,0,0,0,0.000158,1.000000,-0.000345,-0.998851,0.000174,0.047926,-0.000000,0.000000,0.000000,0.000000,0.000000,1,-0.000645,6969.500000,4560.278809,-82.487114,-0.040737,0.000737,0.000000,1,-0.000948,6956.778320,-4924.968750,-87.453064,0.043995,0.000781,0.000000,1,0.001327,5781.879883,4173.170410,745.269348,-0.045470,-0.008120,0.000000,1,0.001035,5771.841309,-3808.480225,-575.331116,0.041496,0.006269,0.000000,0.000000,25479.998047,-0.002014,-0.024286,0.000200,0.012340,0.000000,0.000000,0.000000,0.000000,0.000000,0.000000,0.000000,0.000000,0.000000
804,13.400000,11.027954,-0.000000,-102.607300,0.000000,0.000001,-0.000000,-3.093648,0.000000,-0.000000,749.970,0,0.000000,4,2,0.000000,0,0,0,0.000158,1.000000,-0.000345,-0.998851,0.000174,0.047926,-0.000001,0.000000,0.000000,0.000000,0.000000,1,-0.000645,6969.495117,4560.279297,-82.487030,-0.040737,0.000737,0.000000,1,-0.000948,6956.780762,-4924.968262,-87.452980,0.043995,0.000781,0.000000,1,0.001327,5781.879883,4173.170410,745.269470,-0.045470,-0.008120,0.000000,1,0.001036,5771.851562,-3808.480225,-575.331055,0.041496,0.006269,0.000000,-0.000977,25480.007812,-0.001648,-0.000640,-0.000294,-0.027594,0.000000,0.000000,0.000000,0.000000,0.000000,0.000000,0.000000,0.000000,0.000000
805,13.416667,11.027954,-0.000000,-102.607300,0.000000,0.000001,-0.000000,-3.093648,0.000000,-0.000000,749.970,0,0.000000,4,2,0.000000,0,0,0,0.000158,1.000000,-0.000345,-0.998851,0.000174,0.047926,-0.000001,-0.000000,0.000000,0.000000,0.000000,1,-0.000645,6969.497559,4560.278809,-82.486877,-0.040737,0.000737,0.000000,1,-0.000948,6956.780762,-4924.968750,-87.452812,0.043995,0.000781,0.000000,1,0.001327,5781.879883,4173.170410,745.269592,-0.045470,-0.008120,0.000000,1,0.001035,5771.834961,-3808.480469,-575.330933,0.041496,0.006269,0.000000,0.000244,25479.988281,-0.001038,-0.044607,0.000201,0.019162,0.000000,0.000000,0.000000,0.000000,0.000000,0.000000,0.000000,0.000000,0.000000
806,13.433333,11.027954,-0.000000,-102.607300,0.000000,0.000001,-0.000000,-3.093648,0.000000,-0.000000,749.971,0,0.000000,4,2,0.000000,0,0,0,0.000158,1.000000,-0.000345,-0.998851,0.000174,0.047926,-0.000001,0.000000,0.000000,0.000000,0.000000,1,-0.000645,6969.492676,4560.278809,-82.486832,-0.040737,0.000737,0.000000,1,-0.000948,6956.775879,-4924.968750,-87.452797,0.043995,0.000781,0.000000,1,0.001327,5781.879883,4173.170410,745.269714,-0.045470,-0.008120,0.000000,1,0.001035,5771.841309,-3808.480225,-575.330933,0.041496,0.006269,0.000000,0.000000,25479.986328,-0.000916,-0.008854,0.000199,0.000998,0.000000,0.000000,0.000000,0.000000,0.000000,0.000000,0.000000,0.000000,0.000000
807,13.450000,11.027954,-0.000000,-102.607300,0.000000,0.000001,-0.000000,-3.093648,0.000000,-0.000000,749.971,0,0.000000,4,2,0.000000,0,0,0,0.000158,1.000000,-0.000345,-0.998851,0.000174,0.047926,-0.000001,0.000000,0.000000,0.000000,0.000000,1,-0.000645,6969.495117,4560.278809,-82.486725,-0.040737,0.000737,0.000000,1,-0.000948,6956.773438,-4924.968750,-87.452698,0.043995,0.000781,0.000000,1,0.001327,5781.879883,4173.170410,745.269775,-0.045470,-0.008120,0.000000,1,0.001036,5771.851562,-3808.480225,-575.330811,0.041496,0.006269,0.000000,0.000000,25480.000000,-0.000549,0.011461,0.000197,-0.008873,0.000000,0.000000,0.000000,0.000000,0.000000,0.000000,0.000000,0.000000,0.000000
808,13.466666,11.027954,-0.000000,-102.607300,0.000000,0.000001,-0.000000,-3.093648,0.000000,-0.000000,749.972,0,0.000000,4,2,0.000000,0,0,0,0.000158,1.000000,-0.000345,-0.998851,0.000174,0.047926,-0.000001,-0.000000,0.000000,0.000000,0.000000,1,-0.000645,6969.490234,4560.278809,-82.486572,-0.040737,0.000737,0.000000,1,-0.000948,6956.775879,-4924.968750,-87.452560,0.043995,0.000781,0.000000,1,0.001327,5781.879883,4173.170410,745.269897,-0.045470,-0.008120,0.000000,1,0.001035,5771.834961,-3808.480469,-575.330750,0.041496,0.006269,0.000000,0.000244,25479.976562,0.000000,-0.025266,-0.000288,0.010807,0.000000,0.000000,0.000000,0.000000,0.000000,0.000000,0.000000,0.000000,0.000000
809,13.483334,11.027954,0.000000,-102.607300,0.000000,0.000001,-0.000000,-3.093648,0.000000,-0.000000,749.972,0,0.000000,4,2,0.000000,0,0,0,0.000158,1.000000,-0.000345,-0.998851,0.000174,0.047926,-0.000001,0.000000,0.000000,0.000000,0.000000,1,-0.000645,6969.487793,4560.278809,-82.486526,-0.040737,0.000737,0.000000,1,-0.000948,6956.766113,-4924.968750,-87.452515,0.043995,0.000781,0.000000,1,0.001327,5781.879883,4173.170410,745.269958,-0.045470,-0.008120,0.000000,1,0.001036,5771.851562,-3808.480225,-575.330688,0.041496,0.006269,0.000000,0.000000,25479.980469,0.000183,0.036852,0.000197,-0.010824,0.000000,0.000000,0.000000,0.000000,0.000000,0.000000,0.000000,0.000000,0.000000
810,13.500000,11.027954,0.000000,-102.607300,0.000000,0.000000,-0.000000,-3.093648,0.000000,-0.000000,749.972,0,0.000000,4,2,0.000000,0,0,0,0.000158,1.000000,-0.000345,-0.998851,0.000174,0.047926,-0.000001,-0.000000,0.000000,0.000000,0.000000,1,-0.000645,6969.490234,4560.278809,-82.486351,-0.040737,0.000737,0.000000,1,-0.000948,6956.770996,-4924.968750,-87.452354,0.043995,0.000781,0.000000,1,0.001327,5781.879883,4173.170410,745.270081,-0.045470,-0.008120,0.000000,1,0.001036,5771.845215,-3808.480469,-575.330627,0.041496,0.006269,0.000000,0.000244,25479.986328,0.000671,-0.000068,-0.000290,-0.001013,0.000000,0.000000,0.000000,0.000000,0.000000,0.000000,0.000000,0.000000,0.000000
811,13.516666,11.027954,0.000000,-102.607300,0.000000,0.000000,-0.000000,-3.093648,0.000000,-0.000000,749.973,0,0.000000,4,2,0.000000,0,0,0,0.000158,1.000000,-0.000345,-0.998851,0.000174,0.047926,-0.000001,-0.000000,0.000000,0.000000,0.000000,1,-0.000645,6969.490234,4560.278809,-82.486282,-0.040737,0.000737,0.000000,1,-0.000948,6956.770996,-4924.968750,-87.452278,0.043995,0.000781,0.000000,1,0.001327,5781.890137,4173.170410,745.270142,-0.045470,-0.008120,0.000000,1,0.001036,5771.845215,-3808.480469,-575.330505,0.041496,0.006269,0.000000,0.000244,25480.001953,0.001038,0.024732,0.000201,0.017760,0.000000,0.000000,0.000000,0.000000,0.000000,0.000000,0.000000,0.000000,0.000000
812,13.533334,11.027954,0.000000,-102.607300,0.000000,0.000000,-0.000000,-3.093648,0.000000,-0.000000,749.973,0,0.000000,4,2,0.000000,0,0,0,0.000158,1.000000,-0.000345,-0.998851,0.000174,0.047926,-0.000001,0.000000,0.000000,0.000000,0.000000,1,-0.000645,6969.490234,4560.279297,-82.486176,-0.040737,0.000737,0.000000,1,-0.000948,6956.770996,-4924.968262,-87.452187,0.043995,0.000781,0.000000,1,0.001327,5781.874023,4173.170410,745.270203,-0.045470,-0.008120,0.000000,1,0.001036,5771.845215,-3808.480225,-575.330444,0.041496,0.006269,0.000000,-0.000977,25479.978516,0.001404,-0.017049,-0.000292,-0.016736,0.000000,0.000000,0.000000,0.000000,0.000000,0.000000,0.000000,0.000000,0.000000
813,13.550000,11.027954,0.000000,-102.607300,0.000000,-0.000000,-0.000000,-3.093648,0.000000,-0.000000,749.974,0,0.000000,4,2,0.000000,0,0,0,0.000158,1.000000,-0.000345,-0.998851,0.000174,0.047926,-0.000001,-0.000000,0.000000,0.000000,0.000000,1,-0.000645,6969.485352,4560.278809,-82.486214,-0.040737,0.000737,0.000000,1,-0.000948,6956.770996,-4924.968750,-87.452225,0.043995,0.000781,0.000000,1,0.001327,5781.890137,4173.170410,745.270142,-0.045470,-0.008120,0.000000,1,0.001036,5771.855469,-3808.480469,-575.330444,0.041496,0.006269,0.000000,0.000244,25480.007812,0.001221,0.057357,0.000197,-0.013822,0.000000,0.000000,0.000000,0.000000,0.000000,0.000000,0.000000,0.000000,0.000000
814,13.566667,11.027954,0.000000,-102.607300,0.000000,-0.000000,-0.000000,-3.093648,0.000000,-0.000000,749.974,0,0.000000,4,2,0.000000,0,0,0,0.000158,1.000000,-0.000345,-0.998851,0.000174,0.047926,-0.000000,-0.000000,0.000000,0.000000,0.000000,1,-0.000645,6969.487793,4560.278809,-82.486076,-0.040737,0.000737,0.000000,1,-0.000948,6956.770996,-4924.968750,-87.452095,0.043995,0.000781,0.000000,1,0.001327,5781.884277,4173.170410,745.270264,-0.045470,-0.008120,0.000000,1,0.001036,5771.839355,-3808.480469,-575.330322,0.041496,0.006269,0.000000,0.000244,25479.978516,0.001709,-0.003591,0.000201,0.017700,0.000000,0.000000,0.000000,0.000000,0.000000,0.000000,0.000000,0.000000,0.000000
815,13.583333,11.027954,0.000000,-102.607300,0.000000,-0.000000,-0.000000,-3.093648,0.000000,-0.000000,749.974,0,0.000000,4,2,0.000000,0,0,0,0.000158,1.000000,-0.000345,-0.998851,0.000174,0.047926,-0.000000,0.000000,0.000000,0.000000,0.000000,1,-0.000645,6969.492676,4560.278809,-82.486107,-0.040737,0.000737,0.000000,1,-0.000948,6956.770996,-4924.968750,-87.452156,0.043995,0.000781,0.000000,1,0.001327,5781.884277,4173.170410,745.270203,-0.045470,-0.008120,0.000000,1,0.001036,5771.845215,-3808.480469,-575.330383,0.041496,0.006269,0.000000,0.000244,25479.996094,0.001526,0.002081,0.000200,0.011366,0.000000,0.000000,0.000000,0.000000,0.000000,0.000000,0.000000,0.000000,0.000000
816,13.600000,11.027954,-0.000000,-102.607300,0.000000,-0.000000,-0.000000,-3.093648,0.000000,-0.000000,749.975,0,0.000000,4,2,0.000000,0,0,0,0.000158,1.000000,-0.000345,-0.998851,0.000174,0.047926,-0.000000,0.000000,0.000000,0.000000,0.000000,1,-0.000645,6969.490234,4560.279297,-82.486160,-0.040737,0.000737,0.000000,1,-0.000948,6956.770996,-4924.968262,-87.452217,0.043995,0.000781,0.000000,1,0.001327,5781.884277,4173.170410,745.270142,-0.045470,-0.008120,0.000000,1,0.001036,5771.855469,-3808.480225,-575.330444,0.041496,0.006269,0.000000,-0.000977,25480.005859,0.001282,0.030803,-0.000292,-0.018203,0.000000,0.000000,0.000000,0.000000,0.000000,0.000000,0.000000,0.000000,0.000000
817,13.616667,11.027954,-0.000000,-102.607300,0.000000,-0.000000,-0.000000,-3.093648,0.000000,-0.000000,749.975,0,0.000000,4,2,0.000000,0,0,0,0.000158,1.000000,-0.000345,-0.998851,0.000174,0.047926,-0.000000,-0.000000,0.000000,0.000000,0.000000,1,-0.000645,6969.490234,4560.278809,-82.486153,-0.040737,0.000737,0.000000,1,-0.000948,6956.770996,-4924.968750,-87.452217,0.043995,0.000781,0.000000,1,0.001327,5781.884277,4173.170410,745.270142,-0.045470,-0.008120,0.000000,1,0.001036,5771.849609,-3808.480469,-575.330444,0.041496,0.006269,0.000000,0.000244,25479.996094,0.001282,0.015557,0.000199,-0.001501,0.000000,0.000000,0.000000,0.000000,0.000000,0.000000,0.000000,0.000000,0.000000
818,13.633333,11.027954,-0.000000,-102.607300,0.000000,-0.000000,-0.000000,-3.093648,0.000000,-0.000000,749.975,0,0.000000,4,2,0.000000,0,0,0,0.000158,1.000000,-0.000345,-0.998851,0.000174,0.047926,-0.000000,-0.000000,0.000000,0.000000,0.000000,1,-0.000645,6969.479980,4560.278809,-82.486176,-0.040737,0.000737,0.000000,1,-0.000948,6956.766113,-4924.968750,-87.452263,0.043995,0.000781,0.000000,1,0.001327,5781.889160,4173.170410,745.270142,-0.045470,-0.008120,0.000000,1,0.001036,5771.844238,-3808.480469,-575.330444,0.041496,0.006269,0.000000,0.000244,25479.970703,0.001221,0.047000,0.000200,0.006417,0.000000,0.000000,0.000000,0.000000,0.000000,0.000000,0.000000,0.000000,0.000000
819,13.650000,11.027954,-0.000000,-102.607300,0.000000,-0.000001,-0.000000,-3.093648,0.000000,-0.000000,749.976,0,0.000000,4,2,0.000000,0,0,0,0.000158,1.000000,-0.000345,-0.998851,0.000174,0.047926,0.000000,0.000000,0.000000,0.000000,0.000000,1,-0.000645,6969.484863,4560.278809,-82.486130,-0.040737,0.000737,0.000000,1,-0.000948,6956.773438,-4924.968750,-87.452232,0.043995,0.000781,0.000000,1,0.001327,5781.881348,4173.170410,745.270142,-0.045470,-0.008120,0.000000,1,0.001036,5771.852539,-3808.480469,-575.330444,0.041496,0.006269,0.000000,0.000244,25479.996094,0.001282,0.014982,0.000195,-0.030582,0.000000,0.000000,0.000000,0.000000,0.000000,0.000000,0.000000,0.000000,0.000000
820,13.666667,11.027954,-0.000000,-102.607300,0.000000,-0.000001,0.000000,-3.093648,0.000000,0.000000,749.976,0,0.000000,4,2,0.000000,0,0,0,0.000158,1.000000,-0.000345,-0.998851,0.000174,0.047926,0.000000,-0.000000,0.000000,0.000000,0.000000,1,-0.000645,6969.490234,4560.278809,-82.486153,-0.040737,0.000737,0.000000,1,-0.000948,6956.770996,-4924.968750,-87.452278,0.043995,0.000781,0.000000,1,0.001327,5781.894531,4173.170410,745.270142,-0.045470,-0.008120,0.000000,1,0.001036,5771.849609,-3808.480469,-575.330444,0.041496,0.006269,0.000000,0.000244,25480.011719,0.001221,0.036637,0.000203,0.023611,0.000000,0.000000,0.000000,0.000000,0.000000,0.000000,0.000000,0.000000,0.000000
821,13.683333,11.027954,-0.000000,-102.607300,0.000000,-0.000001,0.000000,-3.093648,0.000000,0.000000,749.976,0,0.000000,4,2,0.000000,0,0,0,0.000158,1.000000,-0.000345,-0.998851,0.000174,0.047926,0.000000,-0.000000,0.000000,0.000000,0.000000,1,-0.000645,6969.492676,4560.278809,-82.486122,-0.040737,0.000737,0.000000,1,-0.000948,6956.770996,-4924.968750,-87.452286,0.043995,0.000781,0.000000,1,0.001327,5781.888184,4173.170410,745.270142,-0.045470,-0.008120,0.000000,1,0.001036,5771.849609,-3808.480469,-575.330444,0.041496,0.006269,0.000000,0.000244,25480.003906,0.001282,0.016730,0.000200,0.009903,0.000000,0.000000,0.000000,0.000000,0.000000,0.000000,0.000000,0.000000,0.000000
822,13.700000,11.027954,-0.000000,-102.607300,0.000000,-0.000001,0.000000,-3.093648,0.000000,0.000000,749.977,0,0.000000,4,2,0.000000,0,0,0,0.000158,1.000000,-0.000345,-0.998851,0.000174,0.047926,0.000000,0.000000,0.000000,0.000000,0.000000,1,-0.000645,6969.490234,4560.279297,-82.486137,-0.040737,0.000737,0.000000,1,-0.000948,6956.770996,-4924.968262,-87.452332,0.043995,0.000781,0.000000,1,0.001327,5781.888184,4173.170410,745.270142,-0.045470,-0.008120,0.000000,1,0.001036,5771.849609,-3808.480225,-575.330505,0.041496,0.006269,0.000000,-0.000977,25480.000000,0.001160,0.022399,-0.000778,0.001548,0.000000,0.000000,0.000000,0.000000,0.000000,0.000000,0.000000,0.000000,0.000000
823,13.716666,11.027954,-0.000000,-102.607300,0.000000,-0.000001,0.000000,-3.093648,0.000000,0.000000,749.977,0,0.000000,4,2,0.000000,0,0,0,0.000158,1.000000,-0.000345,-0.998851,0.000174,0.047926,0.000000,0.000000,0.000000,0.000000,0.000000,1,-0.000645,6969.490234,4560.278809,-82.486176,-0.040737,0.000737,0.000000,1,-0.000948,6956.775879,-4924.968750,-87.452362,0.043995,0.000781,0.000000,1,0.001327,5781.888184,4173.170410,745.270142,-0.045470,-0.008120,0.000000,1,0.001036,5771.849609,-3808.480225,-575.330505,0.041496,0.006269,0.000000,0.000000,25480.005859,0.001038,0.012440,0.000197,-0.008331,0.000000,0.000000,0.000000,0.000000,0.000000,0.000000,0.000000,0.000000,0.000000
824,13.733334,11.027954,-0.000000,-102.607300,0.000000,-0.000000,0.000000,-3.093648,0.000000,0.000000,749.977,0,0.000000,4,2,0.000000,0,0,0,0.000158,1.000000,-0.000345,-0.998851,0.000174,0.047926,0.000001,0.000000,0.000000,0.000000,0.000000,1,-0.000645,6969.490234,4560.278809,-82.486214,-0.040737,0.000737,0.000000,1,-0.000948,6956.773438,-4924.968750,-87.452415,0.043995,0.000781,0.000000,1,0.001327,5781.883301,4173.170410,745.270142,-0.045470,-0.008120,0.000000,1,0.001036,5771.854492,-3808.480469,-575.330566,0.041496,0.006269,0.000000,0.000244,25480.000000,0.000916,0.017128,-0.000292,-0.020216,0.000000,0.000000,0.000000,0.000000,0.000000,0.000000,0.000000,0.000000,0.000000
825,13.750000,11.027954,-0.000000,-102.607300,0.000000,-0.000000,0.000000,-3.093648,0.000000,0.000000,749.978,0,0.000000,4,2,0.000000,0,0,0,0.000158,1.000000,-0.000345,-0.998851,0.000174,0.047926,0.000001,-0.000000,0.000000,0.000000,0.000000,1,-0.000645,6969.490234,4560.278809,-82.486244,-0.040737,0.000737,0.000000,1,-0.000948,6956.773438,-4924.968750,-87.452461,0.043995,0.000781,0.000000,1,0.001327,5781.886230,4173.170410,745.270081,-0.045470,-0.008120,0.000000,1,0.001036,5771.841309,-3808.480469,-575.330627,0.041496,0.006269,0.000000,0.000244,25479.988281,0.000732,-0.003592,-0.000775,0.017209,0.000000,0.000000,0.000000,0.000000,0.000000,0.000000,0.000000,0.000000,0.000000
826,13.766666,11.027954,-0.000000,-102.607300,0.000000,-0.000001,0.000000,-3.093648,-0.000000,0.000000,749.978,0,0.000000,4,2,0.000000,0,0,0,0.000158,1.000000,-0.000345,-0.998851,0.000174,0.047926,0.000001,0.000000,0.000000,0.000000,0.000000,1,-0.000645,6969.500000,4560.278809,-82.486351,-0.040737,0.000737,0.000000,1,-0.000948,6956.778320,-4924.968750,-87.452538,0.043995,0.000781,0.000000,1,0.001327,5781.891113,4173.170410,745.270020,-0.045470,-0.008120,0.000000,1,0.001036,5771.852539,-3808.480469,-575.330688,0.041496,0.006269,0.000000,0.000244,25480.031250,0.000366,0.005987,-0.000776,0.010389,0.000000,0.000000,0.000000,0.000000,0.000000,0.000000,0.000000,0.000000,0.000000
827,13.783334,11.027954,-0.000000,-102.607300,0.000000,-0.000000,0.000000,-3.093648,-0.000000,0.000000,749.978,0,0.000000,4,2,0.000000,0,0,0,0.000158,1.000000,-0.000345,-0.998851,0.000174,0.047926,0.000001,0.000000,0.000000,0.000000,0.000000,1,-0.000645,6969.495117,4560.278809,-82.486435,-0.040737,0.000737,0.000000,1,-0.000948,6956.775879,-4924.968750,-87.452591,0.043995,0.000781,0.000000,1,0.001327,5781.877930,4173.170410,745.269958,-0.045470,-0.008120,0.000000,1,0.001036,5771.849609,-3808.480225,-575.330688,0.041496,0.006269,0.000000,0.000000,25479.994141,0.000183,-0.013143,-0.000292,-0.016250,0.000000,0.000000,0.000000,0.000000,0.000000,0.000000,0.000000,0.000000,0.000000
828,13.800000,11.027954,-0.000000,-102.607300,0.000000,-0.000000,0.000000,-3.093648,-0.000000,0.000000,749.979,0,0.000000,4,2,0.000000,0,0,0,0.000158,1.000000,-0.000345,-0.998851,0.000174,0.047926,0.000001,-0.000000,0.000000,0.000000,0.000000,1,-0.000645,6969.495117,4560.278809,-82.486549,-0.040737,0.000737,0.000000,1,-0.000948,6956.775879,-4924.968750,-87.452675,0.043995,0.000781,0.000000,1,0.001327,5781.894531,4173.170410,745.269775,-0.045470,-0.008120,0.000000,1,0.001036,5771.849609,-3808.480225,-575.330811,0.041496,0.006269,0.000000,0.000000,25480.019531,-0.000305,0.028638,0.000201,0.018244,0.000000,0.000000,0.000000,0.000000,0.000000,0.000000,0.000000,0.000000,0.000000
829,13.816667,11.027954,-0.000000,-102.607300,0.000000,-0.000000,0.000000,-3.093648,-0.000000,0.000000,749.979,0,0.000000,4,2,0.000000,0,0,0,0.000158,1.000000,-0.000345,-0.998851,0.000174,0.047926,0.000001,0.000000,0.000000,0.000000,0.000000,1,-0.000645,6969.495117,4560.278809,-82.486534,-0.040737,0.000737,0.000000,1,-0.000948,6956.775879,-4924.968750,-87.452652,0.043995,0.000781,0.000000,1,0.001327,5781.877930,4173.170410,745.269836,-0.045470,-0.008120,0.000000,1,0.001036,5771.849609,-3808.480225,-575.330811,0.041496,0.006269,0.000000,0.000000,25479.994141,-0.000183,-0.013143,0.000196,-0.016250,0.000000,0.000000,0.000000,0.000000,0.000000,0.000000,0.000000,0.000000,0.000000
830,13.833333,11.027954,-0.000000,-102.607300,0.000000,-0.000000,0.000000,-3.093648,-0.000000,0.000000,749.979,0,0.000000,4,2,0.000000,0,0,0,0.000158,1.000000,-0.000345,-0.998851,0.000174,0.047926,0.000001,-0.000000,0.000000,0.000000,0.000000,1,-0.000645,6969.495117,4560.278809,-82.486595,-0.040737,0.000737,0.000000,1,-0.000948,6956.780762,-4924.968750,-87.452721,0.043995,0.000781,0.000000,1,0.001327,5781.878906,4173.170410,745.269775,-0.045470,-0.008120,0.000000,1,0.001036,5771.844238,-3808.480225,-575.330811,0.041496,0.006269,0.000000,0.000000,25479.998047,-0.000427,-0.031511,0.000197,-0.008940,0.000000,0.000000,0.000000,0.000000,0.000000,0.000000,0.000000,0.000000,0.000000
831,13.850000,11.027954,-0.000000,-102.607300,0.000000,-0.000000,0.000000,-3.093648,-0.000000,0.000000,749.979,0,0.000000,4,2,0.000000,0,0,0,0.000158,1.000000,-0.000345,-0.998851,0.000174,0.047926,0.000000,-0.000000,0.000000,0.000000,0.000000,1,-0.000645,6969.495117,4560.278809,-82.486710,-0.040737,0.000737,0.000000,1,-0.000948,6956.778320,-4924.968750,-87.452820,0.043995,0.000781,0.000000,1,0.001327,5781.881836,4173.170410,745.269592,-0.045470,-0.008120,0.000000,1,0.001036,5771.847168,-3808.480469,-575.330933,0.041496,0.006269,0.000000,0.000244,25480.003906,-0.000916,-0.007883,0.000199,-0.002049,0.000000,0.000000,0.000000,0.000000,0.000000,0.000000,0.000000,0.000000,0.000000
832,13.866667,11.027954,-0.000000,-102.607300,0.000000,-0.000000,0.000000,-3.093648,-0.000000,0.000000,749.980,0,0.000000,4,2,0.000000,0,0,0,0.000158,1.000000,-0.000345,-0.998851,0.000174,0.047926,0.000000,-0.000000,0.000000,0.000000,0.000000,1,-0.000645,6969.495117,4560.278809,-82.486732,-0.040737,0.000737,0.000000,1,-0.000948,6956.778320,-4924.968750,-87.452850,0.043995,0.000781,0.000000,1,0.001327,5781.887207,4173.170410,745.269592,-0.045470,-0.008120,0.000000,1,0.001036,5771.842285,-3808.480469,-575.330933,0.041496,0.006269,0.000000,0.000244,25480.001953,-0.000977,-0.006521,0.000201,0.017209,0.000000,0.000000,0.000000,0.000000,0.000000,0.000000,0.000000,0.000000,0.000000
833,13.883333,11.027954,-0.000000,-102.607300,0.000000,-0.000000,0.000000,-3.093648,-0.000000,0.000000,749.980,0,0.000000,4,2,0.000000,0,0,0,0.000158,1.000000,-0.000345,-0.998851,0.000174,0.047926,0.000000,0.000000,0.000000,0.000000,0.000000,1,-0.000645,6969.495117,4560.278809,-82.486748,-0.040737,0.000737,0.000000,1,-0.000948,6956.778320,-4924.968750,-87.452866,0.043995,0.000781,0.000000,1,0.001327,5781.878906,4173.170410,745.269592,-0.045470,-0.008120,0.000000,1,0.001035,5771.840332,-3808.480225,-575.330933,0.041496,0.006269,0.000000,0.000000,25479.988281,-0.000977,-0.030338,0.000687,0.002463,0.000000,0.000000,0.000000,0.000000,0.000000,0.000000,0.000000,0.000000,0.000000
834,13.900000,11.027954,-0.000000,-102.607300,0.000000,-0.000000,0.000000,-3.093648,0.000000,0.000000,749.980,0,0.000000,4,2,0.000000,0,0,0,0.000158,1.000000,-0.000345,-0.998851,0.000174,0.047926,0.000000,0.000000,0.000000,0.000000,0.000000,1,-0.000645,6969.495117,4560.278809,-82.486801,-0.040737,0.000737,0.000000,1,-0.000948,6956.778320,-4924.968750,-87.452942,0.043995,0.000781,0.000000,1,0.001327,5781.881836,4173.170410,745.269592,-0.045470,-0.008120,0.000000,1,0.001035,5771.843262,-3808.480225,-575.330994,0.041496,0.006269,0.000000,0.000000,25480.000000,-0.001221,-0.014713,0.000687,0.001486,0.000000,0.000000,0.000000,0.000000,0.000000,0.000000,0.000000,0.000000,0.000000
835,13.916667,11.027954,-0.000000,-102.607300,0.000000,-0.000000,0.000000,-3.093648,0.000000,0.000000,749.981,0,0.000000,4,2,0.000000,0,0,0,0.000158,1.000000,-0.000345,-0.998851,0.000174,0.047926,0.000000,0.000000,0.000000,0.000000,0.000000,1,-0.000645,6969.504883,4560.278809,-82.486801,-0.040737,0.000737,0.000000,1,-0.000948,6956.783203,-4924.968750,-87.452972,0.043995,0.000781,0.000000,1,0.001327,5781.881836,4173.170410,745.269592,-0.045470,-0.008120,0.000000,1,0.001035,5771.843262,-3808.480225,-575.331055,0.041496,0.006269,0.000000,0.000000,25480.019531,-0.001282,-0.045770,0.000200,0.013319,0.000000,0.000000,0.000000,0.000000,0.000000,0.000000,0.000000,0.000000,0.000000
836,13.933333,11.027954,-0.000000,-102.607300,0.000000,0.000000,0.000000,-3.093648,0.000000,0.000000,749.981,0,0.000000,4,2,0.000000,0,0,0,0.000158,1.000000,-0.000345,-0.998851,0.000174,0.047926,-0.000000,0.000000,0.000000,0.000000,0.000000,1,-0.000645,6969.490234,4560.279297,-82.486862,-0.040737,0.000737,0.000000,1,-0.000948,6956.775879,-4924.968262,-87.453072,0.043995,0.000781,0.000000,1,0.001327,5781.876953,4173.170410,745.269592,-0.045470,-0.008120,0.000000,1,0.001036,5771.848145,-3808.480225,-575.331116,0.041496,0.006269,0.000000,-0.000977,25479.982422,-0.001465,0.004243,-0.000782,-0.027106,0.000000,0.000000,0.000000,0.000000,0.000000,0.000000,0.000000,0.000000,0.000000
837,13.950000,11.027954,-0.000000,-102.607300,0.000000,-0.000000,0.000000,-3.093648,0.000000,0.000000,749.981,0,0.000000,4,2,0.000000,0,0,0,0.000158,1.000000,-0.000345,-0.998851,0.000174,0.047926,-0.000000,-0.000000,0.000000,0.000000,0.000000,1,-0.000645,6969.495117,4560.278809,-82.486809,-0.040737,0.000737,0.000000,1,-0.000948,6956.778320,-4924.968750,-87.453011,0.043995,0.000781,0.000000,1,0.001327,5781.879883,4173.170410,745.269653,-0.045470,-0.008120,0.000000,1,0.001036,5771.845215,-3808.480469,-575.331055,0.041496,0.006269,0.000000,0.000244,25479.998047,-0.001282,-0.014719,-0.000290,-0.002052,0.000000,0.000000,0.000000,0.000000,0.000000,0.000000,0.000000,0.000000,0.000000
838,13.966666,11.027954,-0.000000,-102.607300,0.000000,-0.000000,-0.000000,-3.093648,0.000000,-0.000000,749.982,0,0.000000,4,2,0.000000,0,0,0,0.000158,1.000000,-0.000345,-0.998851,0.000174,0.047926,-0.000000,-0.000000,0.000000,0.000000,0.000000,1,-0.000645,6969.495117,4560.278809,-82.486778,-0.040737,0.000737,0.000000,1,-0.000948,6956.778320,-4924.968750,-87.452980,0.043995,0.000781,0.000000,1,0.001327,5781.885254,4173.170410,745.269653,-0.045470,-0.008120,0.000000,1,0.001035,5771.840332,-3808.480469,-575.331055,0.041496,0.006269,0.000000,0.000244,25479.998047,-0.001221,-0.012381,-0.000287,0.017698,0.000000,0.000000,0.000000,0.000000,0.000000,0.000000,0.000000,0.000000,0.000000
839,13.983334,11.027954,-0.000000,-102.607300,0.000000,-0.000000,-0.000000,-3.093648,0.000000,-0.000000,749.982,0,0.000000,4,2,0.000000,0,0,0,0.000158,1.000000,-0.000345,-0.998851,0.000174,0.047926,-0.000000,0.000000,0.000000,0.000000,0.000000,1,-0.000645,6969.495117,4560.278809,-82.486740,-0.040737,0.000737,0.000000,1,-0.000948,6956.783203,-4924.968750,-87.452927,0.043995,0.000781,0.000000,1,0.001327,5781.887207,4173.170410,745.269653,-0.045470,-0.008120,0.000000,1,0.001036,5771.848145,-3808.480225,-575.331055,0.041496,0.006269,0.000000,0.000000,25480.019531,-0.001099,-0.002211,0.000197,-0.008884,0.000000,0.000000,0.000000,0.000000,0.000000,0.000000,0.000000,0.000000,0.000000
840,14.000000,11.027954,-0.000000,-102.607300,0.000000,-0.000000,-0.000000,-3.093648,0.000000,-0.000000,749.982,0,0.000000,4,2,0.000000,0,0,0,0.000158,1.000000,-0.000345,-0.998851,0.000174,0.047926,-0.000000,-0.000000,0.000000,0.000000,0.000000,1,-0.000645,6969.495117,4560.278809,-82.486649,-0.040737,0.000737,0.000000,1,-0.000948,6956.780762,-4924.968750,-87.452850,0.043995,0.000781,0.000000,1,0.001327,5781.884277,4173.170410,745.269714,-0.045470,-0.008120,0.000000,1,0.001036,5771.845215,-3808.480469,-575.330933,0.041496,0.006269,0.000000,0.000244,25480.005859,-0.000793,-0.010810,-0.000290,-0.000041,0.000000,0.000000,0.000000,0.000000,0.000000,0.000000,0.000000,0.000000,0.000000
841,14.016666,11.027954,-0.000000,-102.607300,0.000000,0.000000,-0.000000,-3.093648,0.000000,-0.000000,749.982,0,0.000000,4,2,0.000000,0,0,0,0.000158,1.000000,-0.000345,-0.998851,0.000174,0.047926,-0.000000,-0.000000,0.000000,0.000000,0.000000,1,-0.000645,6969.495117,4560.278809,-82.486588,-0.040737,0.000737,0.000000,1,-0.000948,6956.780762,-4924.968750,-87.452782,0.043995,0.000781,0.000000,1,0.001327,5781.884277,4173.170410,745.269714,-0.045470,-0.008120,0.000000,1,0.001036,5771.845215,-3808.480469,-575.330872,0.041496,0.006269,0.000000,0.000244,25480.005859,-0.000610,-0.010810,-0.000290,-0.000041,0.000000,0.000000,0.000000,0.000000,0.000000,0.000000,0.000000,0.000000,0.000000
842,14.033334,11.027954,-0.000000,-102.607300,0.000000,0.000000,-0.000000,-3.093648,-0.000000,-0.000000,749.983,0,0.000000,4,2,0.000000,0,0,0,0.000158,1.000000,-0.000345,-0.998851,0.000174,0.047926,-0.000000,-0.000000,0.000000,0.000000,0.000000,1,-0.000645,6969.495117,4560.278809,-82.486542,-0.040737,0.000737,0.000000,1,-0.000948,6956.780762,-4924.968750,-87.452721,0.043995,0.000781,0.000000,1,0.001327,5781.884277,4173.170410,745.269714,-0.045470,-0.008120,0.000000,1,0.001036,5771.845215,-3808.480225,-575.330811,0.041496,0.006269,0.000000,0.000000,25480.005859,-0.000427,-0.010810,0.000199,-0.000041,0.000000,0.000000,0.000000,0.000000,0.000000,0.000000,0.000000,0.000000,0.000000
843,14.050000,11.027954,-0.000000,-102.607300,0.000000,0.000000,-0.000000,-3.093648,-0.000000,-0.000000,749.983,0,0.000000,4,2,0.000000,0,0,0,0.000158,1.000000,-0.000345,-0.998851,0.000174,0.047926,-0.000000,-0.000000,0.000000,0.000000,0.000000,1,-0.000645,6969.495117,4560.278809,-82.486481,-0.040737,0.000737,0.000000,1,-0.000948,6956.780762,-4924.968750,-87.452667,0.043995,0.000781,0.000000,1,0.001327,5781.884277,4173.170410,745.269775,-0.045470,-0.008120,0.000000,1,0.001036,5771.845215,-3808.480225,-575.330811,0.041496,0.006269,0.000000,0.000000,25480.005859,-0.000244,-0.010810,0.000199,-0.000041,0.000000,0.000000,0.000000,0.000000,0.000000,0.000000,0.000000,0.000000,0.000000
844,14.066667,11.027954,-0.000000,-102.607300,0.000000,0.000000,-0.000000,-3.093648,0.000000,-0.000000,749.983,0,0.000000,4,2,0.000000,0,0,0,0.000158,1.000000,-0.000345,-0.998851,0.000174,0.047926,-0.000000,-0.000000,0.000000,0.000000,0.000000,1,-0.000645,6969.495117,4560.278809,-82.486443,-0.040737,0.000737,0.000000,1,-0.000948,6956.775879,-4924.968750,-87.452637,0.043995,0.000781,0.000000,1,0.001327,5781.884277,4173.170410,745.269775,-0.045470,-0.008120,0.000000,1,0.001036,5771.845215,-3808.480469,-575.330750,0.041496,0.006269,0.000000,0.000244,25479.998047,-0.000122,-0.000852,-0.000288,0.009351,0.000000,0.000000,0.000000,0.000000,0.000000,0.000000,0.000000,0.000000,0.000000
845,14.083333,11.027954,-0.000000,-102.607300,0.000000,0.000000,-0.000000,-3.093648,-0.000000,-0.000000,749.983,0,0.000000,4,2,0.000000,0,0,0,0.000158,1.000000,-0.000345,-0.998851,0.000174,0.047926,-0.000000,0.000000,0.000000,0.000000,0.000000,1,-0.000645,6969.495117,4560.278809,-82.486397,-0.040737,0.000737,0.000000,1,-0.000948,6956.778320,-4924.968750,-87.452576,0.043995,0.000781,0.000000,1,0.001327,5781.884277,4173.170410,745.269775,-0.045470,-0.008120,0.000000,1,0.001036,5771.845215,-3808.480225,-575.330688,0.041496,0.006269,0.000000,0.000000,25480.003906,0.000061,-0.006901,-0.000290,0.001484,0.000000,0.000000,0.000000,0.000000,0.000000,0.000000,0.000000,0.000000,0.000000
846,14.100000,11.027954,-0.000000,-102.607300,0.000000,0.000000,-0.000000,-3.093648,-0.000000,-0.000000,749.983,0,0.000000,4,2,0.000000,0,0,0,0.000158,1.000000,-0.000345,-0.998851,0.000174,0.047926,-0.000000,0.000000,0.000000,0.000000,0.000000,1,-0.000645,6969.495117,4560.278809,-82.486382,-0.040737,0.000737,0.000000,1,-0.000948,6956.773438,-4924.968750,-87.452538,0.043995,0.000781,0.000000,1,0.001327,5781.884277,4173.170410,745.269775,-0.045470,-0.008120,0.000000,1,0.001036,5771.845215,-3808.480225,-575.330688,0.041496,0.006269,0.000000,0.000000,25479.996094,0.000122,0.003057,-0.000288,0.011362,0.000000,0.000000,0.000000,0.000000,0.000000,0.000000,0.000000,0.000000,0.000000
847,14.116667,11.027954,-0.000000,-102.607300,0.000000,0.000000,-0.000000,-3.093648,-0.000000,-0.000000,749.984,0,0.000000,4,2,0.000000,0,0,0,0.000158,1.000000,-0.000345,-0.998851,0.000174,0.047926,-0.000000,0.000000,0.000000,0.000000,0.000000,1,-0.000645,6969.495117,4560.279297,-82.486343,-0.040737,0.000737,0.000000,1,-0.000948,6956.775879,-4924.968262,-87.452492,0.043995,0.000781,0.000000,1,0.001327,5781.884277,4173.170410,745.269775,-0.045470,-0.008120,0.000000,1,0.001036,5771.845215,-3808.480225,-575.330627,0.041496,0.006269,0.000000,-0.000977,25480.001953,0.000244,-0.002992,-0.001266,0.003497,0.000000,0.000000,0.000000,0.000000,0.000000,0.000000,0.000000,0.000000,0.000000
848,14.133333,11.027954,-0.000000,-102.607300,0.000000,0.000000,-0.000000,-3.093648,-0.000000,-0.000000,749.984,0,0.000000,4,2,0.000000,0,0,0,0.000158,1.000000,-0.000345,-0.998851,0.000174,0.047926,-0.000000,0.000000,0.000000,0.000000,0.000000,1,-0.000645,6969.495117,4560.278809,-82.486366,-0.040737,0.000737,0.000000,1,-0.000948,6956.775879,-4924.968750,-87.452438,0.043995,0.000781,0.000000,1,0.001327,5781.884277,4173.170410,745.269714,-0.045470,-0.008120,0.000000,1,0.001036,5771.855469,-3808.480225,-575.330566,0.041496,0.006269,0.000000,0.000000,25480.015625,0.000305,0.020060,0.000196,-0.017228,0.000000,0.000000,0.000000,0.000000,0.000000,0.000000,0.000000,0.000000,0.000000
849,14.150000,11.027954,-0.000000,-102.607300,0.000000,0.000000,-0.000000,-3.093648,-0.000000,-0.000000,749.984,0,0.000000,4,2,0.000000,0,0,0,0.000158,1.000000,-0.000345,-0.998851,0.000174,0.047926,-0.000000,0.000000,0.000000,0.000000,0.000000,1,-0.000645,6969.495117,4560.278809,-82.486305,-0.040737,0.000737,0.000000,1,-0.000948,6956.775879,-4924.968750,-87.452370,0.043995,0.000781,0.000000,1,0.001327,5781.884277,4173.170410,745.269775,-0.045470,-0.008120,0.000000,1,0.001036,5771.849609,-3808.480225,-575.330566,0.041496,0.006269,0.000000,0.000000,25480.005859,0.000488,0.004815,0.000199,-0.000527,0.000000,0.000000,0.000000,0.000000,0.000000,0.000000,0.000000,0.000000,0.000000
850,14.166667,11.027954,-0.000000,-102.607300,0.000000,0.000001,-0.000000,-3.093648,-0.000000,-0.000000,749.984,0,0.000000,4,2,0.000000,0,0,0,0.000158,1.000000,-0.000345,-0.998851,0.000174,0.047926,-0.000000,0.000000,0.000000,0.000000,0.000000,1,-0.000645,6969.490234,4560.278809,-82.486290,-0.040737,0.000737,0.000000,1,-0.000948,6956.775879,-4924.968750,-87.452332,0.043995,0.000781,0.000000,1,0.001327,5781.884277,4173.170410,745.269775,-0.045470,-0.008120,0.000000,1,0.001036,5771.849609,-3808.480225,-575.330505,0.041496,0.006269,0.000000,0.000000,25479.998047,0.000610,0.012435,0.000197,-0.011869,0.000000,0.000000,0.000000,0.000000,0.000000,0.000000,0.000000,0.000000,0.000000
851,14.183333,11.027954,-0.000000,-102.607300,0.000000,0.000001,-0.000000,-3.093648,-0.000000,-0.000000,749.985,0,0.000000,4,2,0.000000,0,0,0,0.000158,1.000000,-0.000345,-0.998851,0.000174,0.047926,-0.000000,-0.000000,0.000000,0.000000,0.000000,1,-0.000645,6969.492676,4560.278809,-82.486267,-0.040737,0.000737,0.000000,1,-0.000948,6956.775879,-4924.968750,-87.452278,0.043995,0.000781,0.000000,1,0.001327,5781.884277,4173.170410,745.269775,-0.045470,-0.008120,0.000000,1,0.001036,5771.849609,-3808.480469,-575.330444,0.041496,0.006269,0.000000,0.000244,25480.001953,0.000732,0.006765,0.000199,-0.003026,0.000000,0.000000,0.000000,0.000000,0.000000,0.000000,0.000000,0.000000,0.000000
852,14.200000,11.027954,-0.000000,-102.607300,0.000000,0.000001,-0.000000,-3.093648,-0.000000,-0.000000,749.985,0,0.000000,4,2,0.000000,0,0,0,0.000158,1.000000,-0.000345,-0.998851,0.000174,0.047926,-0.000000,-0.000000,0.000000,0.000000,0.000000,1,-0.000645,6969.492676,4560.278809,-82.486259,-0.040737,0.000737,0.000000,1,-0.000948,6956.775879,-4924.968750,-87.452263,0.043995,0.000781,0.000000,1,0.001327,5781.884277,4173.170410,745.269714,-0.045470,-0.008120,0.000000,1,0.001036,5771.839355,-3808.480469,-575.330383,0.041496,0.006269,0.000000,0.000244,25479.988281,0.000793,-0.016287,0.000201,0.018188,0.000000,0.000000,0.000000,0.000000,0.000000,0.000000,0.000000,0.000000,0.000000
853,14.216666,11.027954,-0.000000,-102.607300,0.000000,0.000000,-0.000000,-3.093648,-0.000000,-0.000000,749.985,0,0.000000,4,2,0.000000,0,0,0,0.000158,1.000000,-0.000345,-0.998851,0.000174,0.047926,-0.000000,0.000000,0.000000,0.000000,0.000000,1,-0.000645,6969.487793,4560.278809,-82.486343,-0.040737,0.000737,0.000000,1,-0.000948,6956.775879,-4924.968750,-87.452324,0.043995,0.000781,0.000000,1,0.001327,5781.884277,4173.170410,745.269714,-0.045470,-0.008120,0.000000,1,0.001036,5771.845215,-3808.480225,-575.330444,0.041496,0.006269,0.000000,0.000000,25479.992188,0.000549,0.008531,0.000686,-0.009858,0.000000,0.000000,0.000000,0.000000,0.000000,0.000000,0.000000,0.000000,0.000000
854,14.233334,11.027954,-0.000000,-102.607300,0.000000,0.000000,-0.000000,-3.093648,-0.000000,-0.000000,749.985,0,0.000000,4,2,0.000000,0,0,0,0.000158,1.000000,-0.000345,-0.998851,0.000174,0.047926,-0.000000,-0.000000,0.000000,0.000000,0.000000,1,-0.000645,6969.490234,4560.278809,-82.486351,-0.040737,0.000737,0.000000,1,-0.000948,6956.766113,-4924.968750,-87.452347,0.043995,0.000781,0.000000,1,0.001327,5781.884277,4173.170410,745.269714,-0.045470,-0.008120,0.000000,1,0.001036,5771.845215,-3808.480225,-575.330444,0.041496,0.006269,0.000000,0.000000,25479.982422,0.000549,0.024732,0.000690,0.017766,0.000000,0.000000,0.000000,0.000000,0.000000,0.000000,0.000000,0.000000,0.000000
855,14.250000,11.027954,-0.000000,-102.607300,0.000000,0.000000,-0.000000,-3.093648,0.000000,-0.000000,749.985,0,0.000000,4,2,0.000000,0,0,0,0.000158,1.000000,-0.000345,-0.998851,0.000174,0.047926,-0.000000,0.000000,0.000000,0.000000,0.000000,1,-0.000645,6969.490234,4560.279297,-82.486320,-0.040737,0.000737,0.000000,1,-0.000948,6956.770996,-4924.968262,-87.452347,0.043995,0.000781,0.000000,1,0.001327,5781.878906,4173.170410,745.269714,-0.045470,-0.008120,0.000000,1,0.001036,5771.850586,-3808.480225,-575.330444,0.041496,0.006269,0.000000,-0.000977,25479.992188,0.000549,0.008342,-0.000292,-0.016736,0.000000,0.000000,0.000000,0.000000,0.000000,0.000000,0.000000,0.000000,0.000000
856,14.266666,11.027954,-0.000000,-102.607300,0.000000,-0.000000,-0.000000,-3.093648,0.000000,-0.000000,749.986,0,0.000000,4,2,0.000000,0,0,0,0.000158,1.000000,-0.000345,-0.998851,0.000174,0.047926,-0.000000,-0.000000,0.000000,0.000000,0.000000,1,-0.000645,6969.490234,4560.278809,-82.486336,-0.040737,0.000737,0.000000,1,-0.000948,6956.770996,-4924.968750,-87.452354,0.043995,0.000781,0.000000,1,0.001327,5781.881836,4173.170410,745.269714,-0.045470,-0.008120,0.000000,1,0.001036,5771.847168,-3808.480469,-575.330444,0.041496,0.006269,0.000000,0.000244,25479.992188,0.000549,0.007745,0.000199,-0.001011,0.000000,0.000000,0.000000,0.000000,0.000000,0.000000,0.000000,0.000000,0.000000
857,14.283334,11.027954,-0.000000,-102.607300,0.000000,-0.000000,-0.000000,-3.093648,0.000000,0.000000,749.986,0,0.000000,4,2,0.000000,0,0,0,0.000158,1.000000,-0.000345,-0.998851,0.000174,0.047926,-0.000000,-0.000000,0.000000,0.000000,0.000000,1,-0.000645,6969.490234,4560.278809,-82.486351,-0.040737,0.000737,0.000000,1,-0.000948,6956.770996,-4924.968750,-87.452385,0.043995,0.000781,0.000000,1,0.001327,5781.881836,4173.170410,745.269714,-0.045470,-0.008120,0.000000,1,0.001036,5771.847168,-3808.480469,-575.330444,0.041496,0.006269,0.000000,0.000244,25479.992188,0.000488,0.007745,0.000199,-0.001011,0.000000,0.000000,0.000000,0.000000,0.000000,0.000000,0.000000,0.000000,0.000000
858,14.300000,11.027954,-0.000000,-102.607300,0.000000,-0.000000,0.000000,-3.093648,0.000000,0.000000,749.986,0,0.000000,4,2,0.000000,0,0,0,0.000158,1.000000,-0.000345,-0.998851,0.000174,0.047926,0.000000,-0.000000,0.000000,0.000000,0.000000,1,-0.000645,6969.490234,4560.278809,-82.486359,-0.040737,0.000737,0.000000,1,-0.000948,6956.770996,-4924.968750,-87.452408,0.043995,0.000781,0.000000,1,0.001327,5781.881836,4173.170410,745.269714,-0.045470,-0.008120,0.000000,1,0.001036,5771.847168,-3808.480469,-575.330444,0.041496,0.006269,0.000000,0.000244,25479.992188,0.000427,0.007745,0.000199,-0.001011,0.000000,0.000000,0.000000,0.000000,0.000000,0.000000,0.000000,0.000000,0.000000
859,14.316667,11.027954,-0.000000,-102.607300,0.000000,-0.000000,0.000000,-3.093648,0.000000,0.000000,749.986,0,0.000000,4,2,0.000000,0,0,0,0.000158,1.000000,-0.000345,-0.998851,0.000174,0.047926,0.000000,-0.000000,0.000000,0.000000,0.000000,1,-0.000645,6969.490234,4560.278809,-82.486374,-0.040737,0.000737,0.000000,1,-0.000948,6956.770996,-4924.968750,-87.452438,0.043995,0.000781,0.000000,1,0.001327,5781.887207,4173.170410,745.269714,-0.045470,-0.008120,0.000000,1,0.001036,5771.842285,-3808.480469,-575.330444,0.041496,0.006269,0.000000,0.000244,25479.990234,0.000427,0.009107,0.000201,0.018736,0.000000,0.000000,0.000000,0.000000,0.000000,0.000000,0.000000,0.000000,0.000000
860,14.333333,11.027954,-0.000000,-102.607300,0.000000,-0.000000,0.000000,-3.093648,0.000000,0.000000,749.987,0,0.000000,4,2,0.000000,0,0,0,0.000158,1.000000,-0.000345,-0.998851,0.000174,0.047926,0.000000,0.000000,0.000000,0.000000,0.000000,1,-0.000645,6969.490234,4560.279297,-82.486382,-0.040737,0.000737,0.000000,1,-0.000948,6956.770996,-4924.968262,-87.452461,0.043995,0.000781,0.000000,1,0.001327,5781.884277,4173.170410,745.269714,-0.045470,-0.008120,0.000000,1,0.001036,5771.855469,-3808.480225,-575.330505,0.041496,0.006269,0.000000,-0.000977,25480.005859,0.000366,0.031779,-0.001269,-0.018691,0.000000,0.000000,0.000000,0.000000,0.000000,0.000000,0.000000,0.000000,0.000000
861,14.350000,11.027954,-0.000000,-102.607300,0.000000,-0.000000,0.000000,-3.093648,-0.000000,0.000000,749.987,0,0.000000,4,2,0.000000,0,0,0,0.000158,1.000000,-0.000345,-0.998851,0.000174,0.047926,0.000000,-0.000000,0.000000,0.000000,0.000000,1,-0.000645,6969.490234,4560.278809,-82.486351,-0.040737,0.000737,0.000000,1,-0.000948,6956.770996,-4924.968750,-87.452393,0.043995,0.000781,0.000000,1,0.001327,5781.884277,4173.170410,745.269714,-0.045470,-0.008120,0.000000,1,0.001036,5771.849609,-3808.480469,-575.330444,0.041496,0.006269,0.000000,0.000244,25479.996094,0.000488,0.016534,0.000199,-0.001990,0.000000,0.000000,0.000000,0.000000,0.000000,0.000000,0.000000,0.000000,0.000000
862,14.366667,11.027954,-0.000000,-102.607300,0.000000,-0.000000,0.000000,-3.093648,-0.000000,0.000000,749.987,0,0.000000,4,2,0.000000,0,0,0,0.000158,1.000000,-0.000345,-0.998851,0.000174,0.047926,0.000000,-0.000000,0.000000,0.000000,0.000000,1,-0.000645,6969.495117,4560.278809,-82.486328,-0.040737,0.000737,0.000000,1,-0.000948,6956.780762,-4924.968750,-87.452377,0.043995,0.000781,0.000000,1,0.001327,5781.884277,4173.170410,745.269714,-0.045470,-0.008120,0.000000,1,0.001036,5771.849609,-3808.480469,-575.330444,0.041496,0.006269,0.000000,0.000244,25480.017578,0.000549,-0.014909,0.000197,-0.010895,0.000000,0.000000,0.000000,0.000000,0.000000,0.000000,0.000000,0.000000,0.000000
863,14.383333,11.027954,-0.000000,-102.607300,0.000000,-0.000000,0.000000,-3.093648,-0.000000,0.000000,749.987,0,0.000000,4,2,0.000000,0,0,0,0.000158,1.000000,-0.000345,-0.998851,0.000174,0.047926,0.000000,-0.000000,0.000000,0.000000,0.000000,1,-0.000645,6969.492676,4560.278809,-82.486382,-0.040737,0.000737,0.000000,1,-0.000948,6956.775879,-4924.968750,-87.452438,0.043995,0.000781,0.000000,1,0.001327,5781.884277,4173.170410,745.269714,-0.045470,-0.008120,0.000000,1,0.001036,5771.839355,-3808.480469,-575.330444,0.041496,0.006269,0.000000,0.000244,25479.988281,0.000427,-0.016287,0.000201,0.018188,0.000000,0.000000,0.000000,0.000000,0.000000,0.000000,0.000000,0.000000,0.000000
864,14.400000,11.027954,-0.000000,-102.607300,0.000000,-0.000000,0.000000,-3.093648,0.000000,0.000000,749.987,0,0.000000,4,2,0.000000,0,0,0,0.000158,1.000000,-0.000345,-0.998851,0.000174,0.047926,0.000000,0.000000,0.000000,0.000000,0.000000,1,-0.000645,6969.497559,4560.278809,-82.486473,-0.040737,0.000737,0.000000,1,-0.000948,6956.775879,-4924.968750,-87.452538,0.043995,0.000781,0.000000,1,0.001327,5781.884277,4173.170410,745.269653,-0.045470,-0.008120,0.000000,1,0.001036,5771.845215,-3808.480225,-575.330566,0.041496,0.006269,0.000000,0.000000,25480.005859,0.000000,-0.010614,0.000688,0.011854,0.000000,0.000000,0.000000,0.000000,0.000000,0.000000,0.000000,0.000000,0.000000
865,14.416667,11.027954,-0.000000,-102.607300,0.000000,-0.000000,0.000000,-3.093648,0.000000,0.000000,749.987,0,0.000000,4,2,0.000000,0,0,0,0.000158,1.000000,-0.000345,-0.998851,0.000174,0.047926,0.000000,0.000000,0.000000,0.000000,0.000000,1,-0.000645,6969.495117,4560.278809,-82.486526,-0.040737,0.000737,0.000000,1,-0.000948,6956.775879,-4924.968750,-87.452621,0.043995,0.000781,0.000000,1,0.001327,5781.884277,4173.170410,745.269653,-0.045470,-0.008120,0.000000,1,0.001036,5771.855469,-3808.480225,-575.330627,0.041496,0.006269,0.000000,0.000000,25480.015625,-0.000122,0.020060,0.000684,-0.017228,0.000000,0.000000,0.000000,0.000000,0.000000,0.000000,0.000000,0.000000,0.000000
866,14.433333,11.027954,-0.000000,-102.607300,0.000000,-0.000000,0.000000,-3.093648,0.000000,0.000000,749.988,0,0.000000,4,2,0.000000,0,0,0,0.000158,1.000000,-0.000345,-0.998851,0.000174,0.047926,0.000000,-0.000000,0.000000,0.000000,0.000000,1,-0.000645,6969.495117,4560.278809,-82.486496,-0.040737,0.000737,0.000000,1,-0.000948,6956.775879,-4924.968750,-87.452629,0.043995,0.000781,0.000000,1,0.001327,5781.884277,4173.170410,745.269714,-0.045470,-0.008120,0.000000,1,0.001036,5771.849609,-3808.480469,-575.330688,0.041496,0.006269,0.000000,0.000244,25480.005859,-0.000122,0.004815,-0.000290,-0.000527,0.000000,0.000000,0.000000,0.000000,0.000000,0.000000,0.000000,0.000000,0.000000
867,14.450000,11.027954,-0.000000,-102.607300,0.000000,0.000000,0.000000,-3.093648,0.000000,0.000000,749.988,0,0.000000,4,2,0.000000,0,0,0,0.000158,1.000000,-0.000345,-0.998851,0.000174,0.047926,0.000000,-0.000000,0.000000,0.000000,0.000000,1,-0.000645,6969.495117,4560.278809,-82.486504,-0.040737,0.000737,0.000000,1,-0.000948,6956.775879,-4924.968750,-87.452652,0.043995,0.000781,0.000000,1,0.001327,5781.884277,4173.170410,745.269714,-0.045470,-0.008120,0.000000,1,0.001036,5771.849609,-3808.480469,-575.330688,0.041496,0.006269,0.000000,0.000244,25480.005859,-0.000183,0.004815,-0.000290,-0.000527,0.000000,0.000000,0.000000,0.000000,0.000000,0.000000,0.000000,0.000000,0.000000
868,14.466666,11.027954,-0.000000,-102.607300,0.000000,0.000000,0.000000,-3.093648,0.000000,0.000000,749.988,0,0.000000,4,2,0.000000,0,0,0,0.000158,1.000000,-0.000345,-0.998851,0.000174,0.047926,0.000000,-0.000000,0.000000,0.000000,0.000000,1,-0.000645,6969.495117,4560.278809,-82.486496,-0.040737,0.000737,0.000000,1,-0.000948,6956.775879,-4924.968750,-87.452652,0.043995,0.000781,0.000000,1,0.001327,5781.889160,4173.170410,745.269714,-0.045470,-0.008120,0.000000,1,0.001036,5771.844238,-3808.480469,-575.330627,0.041496,0.006269,0.000000,0.000244,25480.003906,-0.000122,0.004224,-0.000287,0.019222,0.000000,0.000000,0.000000,0.000000,0.000000,0.000000,0.000000,0.000000,0.000000
869,14.483334,11.027954,-0.000000,-102.607300,0.000000,0.000000,0.000000,-3.093648,0.000000,0.000000,749.988,0,0.000000,4,2,0.000000,0,0,0,0.000158,1.000000,-0.000345,-0.998851,0.000174,0.047926,0.000000,0.000000,0.000000,0.000000,0.000000,1,-0.000645,6969.495117,4560.279297,-82.486488,-0.040737,0.000737,0.000000,1,-0.000948,6956.775879,-4924.968262,-87.452652,0.043995,0.000781,0.000000,1,0.001327,5781.875977,4173.170410,745.269714,-0.045470,-0.008120,0.000000,1,0.001036,5771.847168,-3808.480225,-575.330627,0.041496,0.006269,0.000000,-0.000977,25479.992188,-0.000061,-0.020955,-0.000781,-0.015273,0.000000,0.000000,0.000000,0.000000,0.000000,0.000000,0.000000,0.000000,0.000000
870,14.500000,11.027954,-0.000000,-102.607300,0.000000,0.000000,0.000000,-3.093648,-0.000000,0.000000,749.988,0,0.000000,4,2,0.000000,0,0,0,0.000158,1.000000,-0.000345,-0.998851,0.000174,0.047926,0.000000,-0.000000,0.000000,0.000000,0.000000,1,-0.000645,6969.495117,4560.278809,-82.486557,-0.040737,0.000737,0.000000,1,-0.000948,6956.775879,-4924.968750,-87.452698,0.043995,0.000781,0.000000,1,0.001327,5781.881836,4173.170410,745.269653,-0.045470,-0.008120,0.000000,1,0.001036,5771.847168,-3808.480469,-575.330688,0.041496,0.006269,0.000000,0.000244,25480.000000,-0.000305,-0.003974,0.000199,-0.000036,0.000000,0.000000,0.000000,0.000000,0.000000,0.000000,0.000000,0.000000,0.000000
871,14.516666,11.027954,-0.000000,-102.607300,0.000000,0.000000,0.000000,-3.093648,0.000000,0.000000,749.988,0,0.000000,4,2,0.000000,0,0,0,0.000158,1.000000,-0.000345,-0.998851,0.000174,0.047926,0.000000,-0.000000,0.000000,0.000000,0.000000,1,-0.000645,6969.495117,4560.278809,-82.486572,-0.040737,0.000737,0.000000,1,-0.000948,6956.775879,-4924.968750,-87.452721,0.043995,0.000781,0.000000,1,0.001327,5781.881836,4173.170410,745.269714,-0.045470,-0.008120,0.000000,1,0.001036,5771.847168,-3808.480469,-575.330688,0.041496,0.006269,0.000000,0.000244,25480.000000,-0.000305,-0.003974,-0.000290,-0.000036,0.000000,0.000000,0.000000,0.000000,0.000000,0.000000,0.000000,0.000000,0.000000
872,14.533334,11.027954,-0.000000,-102.607300,0.000000,0.000000,0.000000,-3.093648,-0.000000,0.000000,749.989,0,0.000000,4,2,0.000000,0,0,0,0.000158,1.000000,-0.000345,-0.998851,0.000174,0.047926,0.000000,-0.000000,0.000000,0.000000,0.000000,1,-0.000645,6969.495117,4560.278809,-82.486588,-0.040737,0.000737,0.000000,1,-0.000948,6956.775879,-4924.968750,-87.452728,0.043995,0.000781,0.000000,1,0.001327,5781.881836,4173.170410,745.269714,-0.045470,-0.008120,0.000000,1,0.001036,5771.847168,-3808.480225,-575.330627,0.041496,0.006269,0.000000,0.000000,25480.000000,-0.000244,-0.003974,0.000199,-0.000036,0.000000,0.000000,0.000000,0.000000,0.000000,0.000000,0.000000,0.000000,0.000000
873,14.550000,11.027954,-0.000000,-102.607300,0.000000,0.000000,0.000000,-3.093648,0.000000,0.000000,749.989,0,0.000000,4,2,0.000000,0,0,0,0.000158,1.000000,-0.000345,-0.998851,0.000174,0.047926,0.000000,-0.000000,0.000000,0.000000,0.000000,1,-0.000645,6969.495117,4560.278809,-82.486603,-0.040737,0.000737,0.000000,1,-0.000948,6956.775879,-4924.968750,-87.452751,0.043995,0.000781,0.000000,1,0.001327,5781.876953,4173.170410,745.269714,-0.045470,-0.008120,0.000000,1,0.001036,5771.842285,-3808.480225,-575.330627,0.041496,0.006269,0.000000,0.000000,25479.986328,-0.000305,-0.027412,0.000199,0.000938,0.000000,0.000000,0.000000,0.000000,0.000000,0.000000,0.000000,0.000000,0.000000
874,14.566667,11.027954,-0.000000,-102.607300,0.000000,-0.000000,0.000000,-3.093648,0.000000,0.000000,749.989,0,0.000000,4,2,0.000000,0,0,0,0.000158,1.000000,-0.000345,-0.998851,0.000174,0.047926,-0.000000,-0.000000,0.000000,0.000000,0.000000,1,-0.000645,6969.495117,4560.278809,-82.486671,-0.040737,0.000737,0.000000,1,-0.000948,6956.775879,-4924.968750,-87.452827,0.043995,0.000781,0.000000,1,0.001327,5781.879883,4173.170410,745.269653,-0.045470,-0.008120,0.000000,1,0.001036,5771.845215,-3808.480225,-575.330750,0.041496,0.006269,0.000000,0.000000,25479.998047,-0.000610,-0.010810,0.000687,-0.000038,0.000000,0.000000,0.000000,0.000000,0.000000,0.000000,0.000000,0.000000,0.000000
875,14.583333,11.027954,-0.000000,-102.607300,0.000000,-0.000000,0.000000,-3.093648,0.000000,0.000000,749.989,0,0.000000,4,2,0.000000,0,0,0,0.000158,1.000000,-0.000345,-0.998851,0.000174,0.047926,-0.000000,-0.000000,0.000000,0.000000,0.000000,1,-0.000645,6969.490234,4560.278809,-82.486679,-0.040737,0.000737,0.000000,1,-0.000948,6956.775879,-4924.968750,-87.452881,0.043995,0.000781,0.000000,1,0.001327,5781.879883,4173.170410,745.269653,-0.045470,-0.008120,0.000000,1,0.001036,5771.845215,-3808.480469,-575.330811,0.041496,0.006269,0.000000,0.000244,25479.990234,-0.000793,-0.003190,0.000197,-0.010893,0.000000,0.000000,0.000000,0.000000,0.000000,0.000000,0.000000,0.000000,0.000000
876,14.600000,11.027954,-0.000000,-102.607300,0.000000,-0.000000,-0.000000,-3.093648,0.000000,0.000000,749.989,0,0.000000,4,2,0.000000,0,0,0,0.000158,1.000000,-0.000345,-0.998851,0.000174,0.047926,-0.000000,-0.000000,0.000000,0.000000,0.000000,1,-0.000645,6969.497559,4560.278809,-82.486664,-0.040737,0.000737,0.000000,1,-0.000948,6956.775879,-4924.968750,-87.452873,0.043995,0.000781,0.000000,1,0.001327,5781.885254,4173.170410,745.269714,-0.045470,-0.008120,0.000000,1,0.001036,5771.845215,-3808.480469,-575.330811,0.041496,0.006269,0.000000,0.000244,25480.007812,-0.000671,-0.005544,-0.000287,0.017706,0.000000,0.000000,0.000000,0.000000,0.000000,0.000000,0.000000,0.000000,0.000000
877,14.616667,11.027954,-0.000000,-102.607300,0.000000,-0.000000,-0.000000,-3.093648,0.000000,-0.000000,749.989,0,0.000000,4,2,0.000000,0,0,0,0.000158,1.000000,-0.000345,-0.998851,0.000174,0.047926,-0.000000,0.000000,0.000000,0.000000,0.000000,1,-0.000645,6969.495117,4560.278809,-82.486664,-0.040737,0.000737,0.000000,1,-0.000948,6956.775879,-4924.968750,-87.452881,0.043995,0.000781,0.000000,1,0.001327,5781.881836,4173.170410,745.269714,-0.045470,-0.008120,0.000000,1,0.001036,5771.850586,-3808.480225,-575.330750,0.041496,0.006269,0.000000,0.000000,25480.003906,-0.000610,0.004625,0.000197,-0.008875,0.000000,0.000000,0.000000,0.000000,0.000000,0.000000,0.000000,0.000000,0.000000
878,14.633333,11.027954,-0.000000,-102.607300,0.000000,-0.000000,-0.000000,-3.093648,0.000000,-0.000000,749.989,0,0.000000,4,2,0.000000,0,0,0,0.000158,1.000000,-0.000345,-0.998851,0.000174,0.047926,-0.000000,-0.000000,0.000000,0.000000,0.000000,1,-0.000645,6969.495117,4560.278809,-82.486603,-0.040737,0.000737,0.000000,1,-0.000948,6956.775879,-4924.968750,-87.452850,0.043995,0.000781,0.000000,1,0.001327,5781.881836,4173.170410,745.269714,-0.045470,-0.008120,0.000000,1,0.001036,5771.847168,-3808.480469,-575.330750,0.041496,0.006269,0.000000,0.000244,25480.000000,-0.000549,-0.003974,-0.000290,-0.000036,0.000000,0.000000,0.000000,0.000000,0.000000,0.000000,0.000000,0.000000,0.000000
879,14.650000,11.027954,-0.000000,-102.607300,0.000000,-0.000000,-0.000000,-3.093648,0.000000,-0.000000,749.990,0,0.000000,4,2,0.000000,0,0,0,0.000158,1.000000,-0.000345,-0.998851,0.000174,0.047926,-0.000000,-0.000000,0.000000,0.000000,0.000000,1,-0.000645,6969.495117,4560.278809,-82.486572,-0.040737,0.000737,0.000000,1,-0.000948,6956.775879,-4924.968750,-87.452812,0.043995,0.000781,0.000000,1,0.001327,5781.887207,4173.170410,745.269775,-0.045470,-0.008120,0.000000,1,0.001036,5771.842285,-3808.480225,-575.330750,0.041496,0.006269,0.000000,0.000000,25480.000000,-0.000366,-0.002612,0.000201,0.019222,0.000000,0.000000,0.000000,0.000000,0.000000,0.000000,0.000000,0.000000,0.000000
880,14.666667,11.027954,-0.000000,-102.607300,0.000000,-0.000000,-0.000000,-3.093648,0.000000,-0.000000,749.990,0,0.000000,4,2,0.000000,0,0,0,0.000158,1.000000,-0.000345,-0.998851,0.000174,0.047926,-0.000000,0.000000,0.000000,0.000000,0.000000,1,-0.000645,6969.495117,4560.279297,-82.486526,-0.040737,0.000737,0.000000,1,-0.000948,6956.775879,-4924.968262,-87.452805,0.043995,0.000781,0.000000,1,0.001327,5781.878906,4173.170410,745.269775,-0.045470,-0.008120,0.000000,1,0.001036,5771.850586,-3808.480225,-575.330750,0.041496,0.006269,0.000000,-0.000977,25480.000000,-0.000366,-0.003377,-0.000781,-0.016250,0.000000,0.000000,0.000000,0.000000,0.000000,0.000000,0.000000,0.000000,0.000000
881,14.683333,11.027954,-0.000000,-102.607300,0.000000,-0.000000,-0.000000,-3.093648,0.000000,-0.000000,749.990,0,0.000000,4,2,0.000000,0,0,0,0.000158,1.000000,-0.000345,-0.998851,0.000174,0.047926,-0.000000,-0.000000,0.000000,0.000000,0.000000,1,-0.000645,6969.495117,4560.278809,-82.486488,-0.040737,0.000737,0.000000,1,-0.000948,6956.775879,-4924.968750,-87.452751,0.043995,0.000781,0.000000,1,0.001327,5781.887207,4173.170410,745.269775,-0.045470,-0.008120,0.000000,1,0.001036,5771.852539,-3808.480225,-575.330688,0.041496,0.006269,0.000000,0.000000,25480.015625,-0.000183,0.020440,0.000199,-0.001503,0.000000,0.000000,0.000000,0.000000,0.000000,0.000000,0.000000,0.000000,0.000000
882,14.700000,11.027954,-0.000000,-102.607300,0.000000,0.000000,-0.000000,-3.093648,0.000000,-0.000000,749.990,0,0.000000,4,2,0.000000,0,0,0,0.000158,1.000000,-0.000345,-0.998851,0.000174,0.047926,-0.000000,-0.000000,0.000000,0.000000,0.000000,1,-0.000645,6969.495117,4560.278809,-82.486389,-0.040737,0.000737,0.000000,1,-0.000948,6956.775879,-4924.968750,-87.452652,0.043995,0.000781,0.000000,1,0.001327,5781.884277,4173.170410,745.269897,-0.045470,-0.008120,0.000000,1,0.001036,5771.849609,-3808.480469,-575.330627,0.041496,0.006269,0.000000,0.000244,25480.005859,0.000183,0.004815,-0.000778,-0.000527,0.000000,0.000000,0.000000,0.000000,0.000000,0.000000,0.000000,0.000000,0.000000
883,14.716666,11.027954,-0.000000,-102.607300,0.000000,0.000000,-0.000000,-3.093648,-0.000000,-0.000000,749.990,0,0.000000,4,2,0.000000,0,0,0,0.000158,1.000000,-0.000345,-0.998851,0.000174,0.047926,-0.000000,-0.000000,0.000000,0.000000,0.000000,1,-0.000645,6969.495117,4560.278809,-82.486343,-0.040737,0.000737,0.000000,1,-0.000948,6956.775879,-4924.968750,-87.452591,0.043995,0.000781,0.000000,1,0.001327,5781.884277,4173.170410,745.269958,-0.045470,-0.008120,0.000000,1,0.001036,5771.849609,-3808.480225,-575.330566,0.041496,0.006269,0.000000,0.000000,25480.005859,0.000427,0.004815,-0.000290,-0.000527,0.000000,0.000000,0.000000,0.000000,0.000000,0.000000,0.000000,0.000000,0.000000
884,14.733334,11.027954,-0.000000,-102.607300,0.000000,0.000000,-0.000000,-3.093648,-0.000000,-0.000000,749.990,0,0.000000,4,2,0.000000,0,0,0,0.000158,1.000000,-0.000345,-0.998851,0.000174,0.047926,0.000000,-0.000000,0.000000,0.000000,0.000000,1,-0.000645,6969.495117,4560.278809,-82.486313,-0.040737,0.000737,0.000000,1,-0.000948,6956.775879,-4924.968750,-87.452530,0.043995,0.000781,0.000000,1,0.001327,5781.884277,4173.170410,745.269958,-0.045470,-0.008120,0.000000,1,0.001036,5771.849609,-3808.480225,-575.330566,0.041496,0.006269,0.000000,0.000000,25480.005859,0.000549,0.004815,-0.000290,-0.000527,0.000000,0.000000,0.000000,0.000000,0.000000,0.000000,0.000000,0.000000,0.000000
885,14.750000,11.027954,-0.000000,-102.607300,0.000000,0.000000,-0.000000,-3.093648,-0.000000,-0.000000,749.990,0,0.000000,4,2,0.000000,0,0,0,0.000158,1.000000,-0.000345,-0.998851,0.000174,0.047926,0.000000,-0.000000,0.000000,0.000000,0.000000,1,-0.000645,6969.495117,4560.278809,-82.486298,-0.040737,0.000737,0.000000,1,-0.000948,6956.775879,-4924.968750,-87.452492,0.043995,0.000781,0.000000,1,0.001327,5781.884277,4173.170410,745.269958,-0.045470,-0.008120,0.000000,1,0.001036,5771.849609,-3808.480225,-575.330505,0.041496,0.006269,0.000000,0.000000,25480.005859,0.000610,0.004815,-0.000290,-0.000527,0.000000,0.000000,0.000000,0.000000,0.000000,0.000000,0.000000,0.000000,0.000000
886,14.766666,11.027954,-0.000000,-102.607300,0.000000,0.000000,-0.000000,-3.093648,-0.000000,-0.000000,749.991,0,0.000000,4,2,0.000000,0,0,0,0.000158,1.000000,-0.000345,-0.998851,0.000174,0.047926,0.000000,-0.000000,0.000000,0.000000,0.000000,1,-0.000645,6969.495117,4560.278809,-82.486290,-0.040737,0.000737,0.000000,1,-0.000948,6956.775879,-4924.968750,-87.452454,0.043995,0.000781,0.000000,1,0.001327,5781.884277,4173.170410,745.269958,-0.045470,-0.008120,0.000000,1,0.001036,5771.849609,-3808.480225,-575.330444,0.041496,0.006269,0.000000,0.000000,25480.005859,0.000732,0.004815,0.000199,-0.000527,0.000000,0.000000,0.000000,0.000000,0.000000,0.000000,0.000000,0.000000,0.000000
887,14.783334,11.027954,-0.000000,-102.607300,0.000000,0.000000,-0.000000,-3.093648,-0.000000,-0.000000,749.991,0,0.000000,4,2,0.000000,0,0,0,0.000158,1.000000,-0.000345,-0.998851,0.000174,0.047926,0.000000,-0.000000,0.000000,0.000000,0.000000,1,-0.000645,6969.490234,4560.278809,-82.486290,-0.040737,0.000737,0.000000,1,-0.000948,6956.775879,-4924.968750,-87.452461,0.043995,0.000781,0.000000,1,0.001327,5781.884277,4173.170410,745.269897,-0.045470,-0.008120,0.000000,1,0.001036,5771.839355,-3808.480225,-575.330383,0.041496,0.006269,0.000000,0.000000,25479.984375,0.000732,-0.010617,0.000200,0.009345,0.000000,0.000000,0.000000,0.000000,0.000000,0.000000,0.000000,0.000000,0.000000
888,14.800000,11.027954,-0.000000,-102.607300,0.000000,0.000000,0.000000,-3.093648,-0.000000,0.000000,749.991,0,0.000000,4,2,0.000000,0,0,0,0.000158,1.000000,-0.000345,-0.998851,0.000174,0.047926,0.000000,0.000000,0.000000,0.000000,0.000000,1,-0.000645,6969.492676,4560.278809,-82.486351,-0.040737,0.000737,0.000000,1,-0.000948,6956.775879,-4924.968750,-87.452507,0.043995,0.000781,0.000000,1,0.001327,5781.874023,4173.170410,745.269897,-0.045470,-0.008120,0.000000,1,0.001036,5771.845215,-3808.480225,-575.330444,0.041496,0.006269,0.000000,0.000000,25479.984375,0.000549,-0.025841,0.000196,-0.017772,0.000000,0.000000,0.000000,0.000000,0.000000,0.000000,0.000000,0.000000,0.000000
889,14.816667,11.027954,-0.000000,-102.607300,0.000000,0.000000,0.000000,-3.093648,-0.000000,0.000000,749.991,0,0.000000,4,2,0.000000,0,0,0,0.000158,1.000000,-0.000345,-0.998851,0.000174,0.047926,-0.000000,-0.000000,0.000000,0.000000,0.000000,1,-0.000645,6969.492676,4560.278809,-82.486473,-0.040737,0.000737,0.000000,1,-0.000948,6956.775879,-4924.968750,-87.452614,0.043995,0.000781,0.000000,1,0.001327,5781.890137,4173.170410,745.269775,-0.045470,-0.008120,0.000000,1,0.001036,5771.845215,-3808.480469,-575.330566,0.041496,0.006269,0.000000,0.000244,25480.007812,0.000061,0.015940,-0.000287,0.015746,0.000000,0.000000,0.000000,0.000000,0.000000,0.000000,0.000000,0.000000,0.000000
890,14.833333,11.027954,-0.000000,-102.607300,0.000000,0.000000,0.000000,-3.093648,-0.000000,0.000000,749.991,0,0.000000,4,2,0.000000,0,0,0,0.000158,1.000000,-0.000345,-0.998851,0.000174,0.047926,-0.000000,0.000000,0.000000,0.000000,0.000000,1,-0.000645,6969.492676,4560.278809,-82.486488,-0.040737,0.000737,0.000000,1,-0.000948,6956.775879,-4924.968750,-87.452614,0.043995,0.000781,0.000000,1,0.001327,5781.884277,4173.170410,745.269775,-0.045470,-0.008120,0.000000,1,0.001036,5771.845215,-3808.480225,-575.330566,0.041496,0.006269,0.000000,0.000000,25479.998047,0.000061,-0.001041,0.000199,0.000998,0.000000,0.000000,0.000000,0.000000,0.000000,0.000000,0.000000,0.000000,0.000000
891,14.850000,11.027954,-0.000000,-102.607300,0.000000,0.000000,0.000000,-3.093648,-0.000000,0.000000,749.991,0,0.000000,4,2,0.000000,0,0,0,0.000158,1.000000,-0.000345,-0.998851,0.000174,0.047926,-0.000000,0.000000,0.000000,0.000000,0.000000,1,-0.000645,6969.492676,4560.278809,-82.486526,-0.040737,0.000737,0.000000,1,-0.000948,6956.775879,-4924.968750,-87.452652,0.043995,0.000781,0.000000,1,0.001327,5781.884277,4173.170410,745.269775,-0.045470,-0.008120,0.000000,1,0.001036,5771.845215,-3808.480225,-575.330627,0.041496,0.006269,0.000000,0.000000,25479.998047,-0.000061,-0.001041,0.000199,0.000998,0.000000,0.000000,0.000000,0.000000,0.000000,0.000000,0.000000,0.000000,0.000000
892,14.866667,11.027954,-0.000000,-102.607300,0.000000,0.000000,0.000000,-3.093648,-0.000000,0.000000,749.991,0,0.000000,4,2,0.000000,0,0,0,0.000158,1.000000,-0.000345,-0.998851,0.000174,0.047926,-0.000000,0.000000,0.000000,0.000000,0.000000,1,-0.000645,6969.492676,4560.278809,-82.486565,-0.040737,0.000737,0.000000,1,-0.000948,6956.775879,-4924.968750,-87.452690,0.043995,0.000781,0.000000,1,0.001327,5781.884277,4173.170410,745.269775,-0.045470,-0.008120,0.000000,1,0.001036,5771.855469,-3808.480225,-575.330688,0.041496,0.006269,0.000000,0.000000,25480.011719,-0.000183,0.022011,0.000196,-0.019728,0.000000,0.000000,0.000000,0.000000,0.000000,0.000000,0.000000,0.000000,0.000000
893,14.883333,11.027954,-0.000000,-102.607300,0.000000,0.000000,0.000000,-3.093648,-0.000000,0.000000,749.992,0,0.000000,4,2,0.000000,0,0,0,0.000158,1.000000,-0.000345,-0.998851,0.000174,0.047926,0.000000,-0.000000,0.000000,0.000000,0.000000,1,-0.000645,6969.492676,4560.278809,-82.486526,-0.040737,0.000737,0.000000,1,-0.000948,6956.775879,-4924.968750,-87.452652,0.043995,0.000781,0.000000,1,0.001327,5781.884277,4173.170410,745.269836,-0.045470,-0.008120,0.000000,1,0.001036,5771.839355,-3808.480469,-575.330627,0.041496,0.006269,0.000000,0.000244,25479.988281,0.000000,-0.016287,-0.000287,0.018188,0.000000,0.000000,0.000000,0.000000,0.000000,0.000000,0.000000,0.000000,0.000000
894,14.900000,11.027954,-0.000000,-102.607300,0.000000,0.000000,0.000000,-3.093648,-0.000000,0.000000,749.992,0,0.000000,4,2,0.000000,0,0,0,0.000158,1.000000,-0.000345,-0.998851,0.000174,0.047926,0.000000,0.000000,0.000000,0.000000,0.000000,1,-0.000645,6969.492676,4560.278809,-82.486595,-0.040737,0.000737,0.000000,1,-0.000948,6956.775879,-4924.968750,-87.452690,0.043995,0.000781,0.000000,1,0.001327,5781.884277,4173.170410,745.269775,-0.045470,-0.008120,0.000000,1,0.001036,5771.845215,-3808.480225,-575.330627,0.041496,0.006269,0.000000,0.000000,25479.998047,-0.000183,-0.001041,0.000199,0.000998,0.000000,0.000000,0.000000,0.000000,0.000000,0.000000,0.000000,0.000000,0.000000
895,14.916667,11.027954,-0.000000,-102.607300,0.000000,0.000000,0.000000,-3.093648,-0.000000,0.000000,749.992,0,0.000000,4,2,0.000000,0,0,0,0.000158,1.000000,-0.000345,-0.998851,0.000174,0.047926,-0.000000,0.000000,0.000000,0.000000,0.000000,1,-0.000645,6969.492676,4560.278809,-82.486618,-0.040737,0.000737,0.000000,1,-0.000948,6956.775879,-4924.968750,-87.452713,0.043995,0.000781,0.000000,1,0.001327,5781.884277,4173.170410,745.269775,-0.045470,-0.008120,0.000000,1,0.001036,5771.855469,-3808.480225,-575.330627,0.041496,0.006269,0.000000,0.000000,25480.011719,-0.000244,0.022011,0.000196,-0.019728,0.000000,0.000000,0.000000,0.000000,0.000000,0.000000,0.000000,0.000000,0.000000
896,14.933333,11.027954,-0.000000,-102.607300,0.000000,0.000000,0.000000,-3.093648,-0.000000,0.000000,749.992,0,0.000000,4,2,0.000000,0,0,0,0.000158,1.000000,-0.000345,-0.998851,0.000174,0.047926,0.000000,-0.000000,0.000000,0.000000,0.000000,1,-0.000645,6969.492676,4560.278809,-82.486557,-0.040737,0.000737,0.000000,1,-0.000948,6956.775879,-4924.968750,-87.452660,0.043995,0.000781,0.000000,1,0.001327,5781.884277,4173.170410,745.269836,-0.045470,-0.008120,0.000000,1,0.001036,5771.839355,-3808.480469,-575.330627,0.041496,0.006269,0.000000,0.000244,25479.988281,-0.000061,-0.016287,-0.000287,0.018188,0.000000,0.000000,0.000000,0.000000,0.000000,0.000000,0.000000,0.000000,0.000000
897,14.950000,11.027954,-0.000000,-102.607300,0.000000,0.000000,0.000000,-3.093648,-0.000000,0.000000,749.992,0,0.000000,4,2,0.000000,0,0,0,0.000158,1.000000,-0.000345,-0.998851,0.000174,0.047926,0.000000,0.000000,0.000000,0.000000,0.000000,1,-0.000645,6969.492676,4560.278809,-82.486603,-0.040737,0.000737,0.000000,1,-0.000948,6956.775879,-4924.968750,-87.452690,0.043995,0.000781,0.000000,1,0.001327,5781.884277,4173.170410,745.269836,-0.045470,-0.008120,0.000000,1,0.001036,5771.845215,-3808.480225,-575.330627,0.041496,0.006269,0.000000,0.000000,25479.998047,-0.000122,-0.001041,0.000199,0.000998,0.000000,0.000000,0.000000,0.000000,0.000000,0.000000,0.000000,0.000000,0.000000
898,14.966666,11.027954,-0.000000,-102.607300,0.000000,0.000000,0.000000,-3.093648,-0.000000,0.000000,749.992,0,0.000000,4,2,0.000000,0,0,0,0.000158,1.000000,-0.000345,-0.998851,0.000174,0.047926,0.000000,0.000000,0.000000,0.000000,0.000000,1,-0.000645,6969.492676,4560.278809,-82.486603,-0.040737,0.000737,0.000000,1,-0.000948,6956.775879,-4924.968750,-87.452698,0.043995,0.000781,0.000000,1,0.001327,5781.884277,4173.170410,745.269836,-0.045470,-0.008120,0.000000,1,0.001036,5771.845215,-3808.480225,-575.330627,0.041496,0.006269,0.000000,0.000000,25479.998047,-0.000122,-0.001041,0.000199,0.000998,0.000000,0.000000,0.000000,0.000000,0.000000,0.000000,0.000000,0.000000,0.000000
899,14.983334,11.027954,-0.000000,-102.607300,0.000000,0.000000,0.000000,-3.093648,-0.000000,0.000000,749.992,0,0.000000,4,2,0.000000,0,0,0,0.000158,1.000000,-0.000345,-0.998851,0.000174,0.047926,0.000000,0.000000,0.000000,0.000000,0.000000,1,-0.000645,6969.492676,4560.278809,-82.486603,-0.040737,0.000737,0.000000,1,-0.000948,6956.775879,-4924.968750,-87.452698,0.043995,0.000781,0.000000,1,0.001327,5781.874023,4173.170410,745.269836,-0.045470,-0.008120,0.000000,1,0.001036,5771.845215,-3808.480225,-575.330627,0.041496,0.006269,0.000000,0.000000,25479.984375,-0.000122,-0.025841,0.000196,-0.017772,0.000000,0.000000,0.000000,0.000000,0.000000,0.000000,0.000000,0.000000,0.000000
900,15.000000,11.027954,-0.000000,-102.607300,0.000000,-0.000000,-0.000000,-3.093648,0.000000,0.000000,749.992,0,0.000000,4,2,0.000000,0,0,0,0.000158,1.000000,-0.000345,-0.998851,0.000174,0.047926,-0.000000,-0.000000,0.000000,0.000000,0.000000,1,-0.000645,6969.492676,4560.278809,-82.486671,-0.040737,0.000737,0.000000,1,-0.000948,6956.775879,-4924.968750,-87.452766,0.043995,0.000781,0.000000,1,0.001327,5781.890137,4173.170410,745.269775,-0.045470,-0.008120,0.000000,1,0.001036,5771.845215,-3808.480469,-575.330688,0.041496,0.006269,0.000000,0.000244,25480.007812,-0.000427,0.015940,-0.000287,0.015746,0.000000,0.000000,0.000000,0.000000,0.000000,0.000000,0.000000,0.000000,0.000000
