frame,time,x,y,z,vx,vy,vz,yaw,yaw_rate,speed,rpm,gear,steer,grounded,original_gear,shaft_spin,throttle,brake,handbrake,up_x,up_y,up_z,right_x,right_y,right_z,omega_x,omega_z,last_push_x,last_push_y,last_push_z,wheel0_grounded,wheel0_x,wheel0_load,wheel0_f_lat,wheel0_f_long,wheel0_bristle_lat,wheel0_bristle_long,wheel0_omega,wheel1_grounded,wheel1_x,wheel1_load,wheel1_f_lat,wheel1_f_long,wheel1_bristle_lat,wheel1_bristle_long,wheel1_omega,wheel2_grounded,wheel2_x,wheel2_load,wheel2_f_lat,wheel2_f_long,wheel2_bristle_lat,wheel2_bristle_long,wheel2_omega,wheel3_grounded,wheel3_x,wheel3_load,wheel3_f_lat,wheel3_f_long,wheel3_bristle_lat,wheel3_bristle_long,wheel3_omega,force_x,force_y,force_z,torque_x,torque_y,torque_z,impulse_x,impulse_y,impulse_z,angular_impulse_x,angular_impulse_y,angular_impulse_z,applied_push_x,applied_push_y,applied_push_z
0,0.000000,0.000000,0.000000,0.000000,-0.000000,-0.000000,-0.000000,-0.000147,-0.000000,0.000000,804.500,0,0.000000,4,2,0.000000,1,0,0,-0.005022,0.999946,-0.009091,0.999987,0.005023,0.000102,0.000000,-0.000000,0.000000,0.000000,0.000000,1,0.015544,5407.773438,-0.000764,1.313271,0.000000,-0.000017,0.000000,1,0.007774,5153.971191,-0.000762,1.306382,0.000000,-0.000017,0.000000,1,-0.007774,4646.039551,0.001295,-1.310310,-0.000000,0.000017,0.000000,1,-0.015544,4392.226562,0.000927,-1.309492,-0.000000,0.000017,0.000000,0.000695,19600.011719,0.000149,-0.015137,0.000135,0.027100,0.000000,0.000000,0.000000,0.000000,0.000000,0.000000,0.000000,0.000000,0.000000
1,0.016667,0.000000,0.000000,0.000000,0.000000,0.000000,-0.000000,-0.000147,0.000000,0.000000,861.397,0,0.000000,4,2,0.000000,1,0,0,-0.005022,0.999946,-0.009091,0.999987,0.005023,0.000102,-0.000000,0.000000,0.000000,0.000000,0.000000,1,0.015544,5407.793457,-0.000973,1.313341,0.000000,-0.000017,0.000000,1,0.007774,5153.962402,-0.000971,1.306433,0.000000,-0.000017,0.000000,1,-0.007774,4646.039551,0.001057,-1.310241,-0.000000,0.000017,0.000000,1,-0.015544,4392.217773,0.000689,-1.309440,-0.000000,0.000017,0.000000,-0.000198,19600.015625,-0.000093,0.015137,-0.000053,-0.008057,0.000000,0.000000,0.000000,0.000000,0.000000,0.000000,0.000000,0.000000,0.000000
2,0.033333,0.000000,0.000000,0.000000,0.000000,0.000000,-0.000000,-0.000147,0.000000,0.000000,918.649,0,0.000000,4,2,0.000000,1,0,0,-0.005022,0.999946,-0.009091,0.999987,0.005023,0.000102,0.000000,-0.000000,0.000000,0.000000,0.000000,1,0.015544,5407.762207,-0.000922,1.313258,0.000000,-0.000017,0.000000,1,0.007774,5153.951172,-0.000920,1.306354,0.000000,-0.000017,0.000000,1,-0.007774,4646.039551,0.001114,-1.310323,-0.000000,0.000017,0.000000,1,-0.015544,4392.206543,0.000746,-1.309519,-0.000000,0.000017,0.000000,0.000018,19599.951172,0.000230,-0.026855,-0.000016,-0.000732,0.000000,0.000000,0.000000,0.000000,0.000000,0.000000,0.000000,0.000000,0.000000
3,0.050000,0.000000,0.000000,0.000000,0.000000,-0.000000,-0.000000,-0.000147,0.000000,0.000000,976.249,0,0.000000,4,2,0.000000,1,0,0,-0.005022,0.999946,-0.009091,0.999987,0.005023,0.000102,-0.000000,-0.000000,0.000000,0.000000,0.000000,1,0.015544,5407.802246,-0.000920,1.313391,0.000000,-0.000017,0.000000,1,0.007774,5153.971191,-0.000918,1.306488,0.000000,-0.000017,0.000000,1,-0.007774,4646.028809,0.001117,-1.310190,-0.000000,0.000017,0.000000,1,-0.015544,4392.215820,0.000749,-1.309385,-0.000000,0.000017,0.000000,0.000028,19600.023438,-0.000303,0.060547,-0.000001,0.000488,0.000000,0.000000,0.000000,0.000000,0.000000,0.000000,0.000000,0.000000,0.000000
4,0.066667,0.000000,0.000000,0.000000,0.000000,0.000000,-0.000000,-0.000147,0.000000,0.000000,1034.188,0,0.000000,4,2,0.000000,1,0,0,-0.005022,0.999946,-0.009091,0.999987,0.005023,0.000102,0.000001,-0.000000,0.000000,0.000000,0.000000,1,0.015544,5407.773438,-0.000925,1.313085,0.000000,-0.000017,0.000000,1,0.007774,5153.951172,-0.000923,1.306181,0.000000,-0.000017,0.000000,1,-0.007774,4646.048828,0.001110,-1.310497,-0.000000,0.000017,0.000000,1,-0.015544,4392.226562,0.000742,-1.309692,-0.000000,0.000017,0.000000,0.000004,19600.000000,0.000922,-0.060059,-0.000031,-0.000488,0.000000,0.000000,0.000000,0.000000,0.000000,0.000000,0.000000,0.000000,0.000000
5,0.083333,0.000000,0.000000,0.000000,0.000000,0.000000,0.000000,-0.000147,-0.000000,-0.000000,1092.460,0,0.000000,4,2,0.000000,1,0,0,-0.005022,0.999946,-0.009091,0.999987,0.005023,0.000102,-0.000000,-0.000000,0.000000,0.000000,0.000000,1,0.015544,5407.782227,-0.000925,1.313362,0.000000,-0.000017,0.000000,1,0.007774,5153.960449,-0.000923,1.306460,0.000000,-0.000017,0.000000,1,-0.007774,4646.039551,0.001114,-1.310220,-0.000000,0.000017,0.000000,1,-0.015544,4392.217773,0.000747,-1.309413,-0.000000,0.000017,0.000000,0.000013,19600.000000,-0.000189,-0.002441,0.000005,0.000488,0.000000,0.000000,0.000000,0.000000,0.000000,0.000000,0.000000,0.000000,0.000000
6,0.100000,0.000000,0.000000,0.000000,0.000000,0.000000,0.000000,-0.000147,-0.000000,-0.000000,1151.055,0,0.000000,4,2,0.000000,1,0,0,-0.005022,0.999946,-0.009091,0.999987,0.005023,0.000102,-0.000000,-0.000000,0.000000,0.000000,0.000000,1,0.015544,5407.793457,-0.000931,1.313408,0.000000,-0.000017,0.000000,1,0.007774,5153.971191,-0.000929,1.306507,0.000000,-0.000017,0.000000,1,-0.007774,4646.039551,0.001108,-1.310173,-0.000000,0.000017,0.000000,1,-0.015544,4392.217773,0.000740,-1.309367,-0.000000,0.000017,0.000000,-0.000012,19600.027344,-0.000375,0.026855,0.000006,0.000732,0.000000,0.000000,0.000000,0.000000,0.000000,0.000000,0.000000,0.000000,0.000000
7,0.116667,0.000000,0.000000,0.000000,0.000000,0.000000,-0.000000,-0.000147,-0.000000,-0.000000,1209.964,0,0.000000,4,2,0.000000,1,0,0,-0.005022,0.999946,-0.009091,0.999987,0.005023,0.000102,0.000000,0.000000,0.000000,0.000000,0.000000,1,0.015544,5407.762207,-0.000939,1.313288,0.000000,-0.000017,0.000000,1,0.007774,5153.951172,-0.000937,1.306386,0.000000,-0.000017,0.000000,1,-0.007774,4646.039551,0.001100,-1.310294,-0.000000,0.000017,0.000000,1,-0.015544,4392.206543,0.000732,-1.309488,-0.000000,0.000017,0.000000,-0.000044,19599.951172,0.000109,-0.026855,-0.000010,-0.000732,0.000000,0.000000,0.000000,0.000000,0.000000,0.000000,0.000000,0.000000,0.000000
8,0.133333,0.000000,0.000000,0.000000,0.000000,-0.000000,0.000000,-0.000147,-0.000000,0.000000,1269.180,0,0.000000,4,2,0.000000,1,0,0,-0.005022,0.999946,-0.009091,0.999987,0.005023,0.000102,-0.000000,-0.000000,0.000000,0.000000,0.000000,1,0.015544,5407.802246,-0.000936,1.313423,0.000000,-0.000017,0.000000,1,0.007774,5153.971191,-0.000935,1.306522,0.000000,-0.000017,0.000000,1,-0.007774,4646.028809,0.001104,-1.310158,-0.000000,0.000017,0.000000,1,-0.015544,4392.215820,0.000736,-1.309351,-0.000000,0.000017,0.000000,-0.000031,19600.023438,-0.000436,0.060547,0.000009,0.000488,0.000000,0.000000,0.000000,0.000000,0.000000,0.000000,0.000000,0.000000,0.000000
9,0.150000,0.000000,0.000000,0.000000,0.000000,0.000000,-0.000000,-0.000147,-0.000000,0.000000,1328.693,0,0.000000,4,2,0.000000,1,0,0,-0.005022,0.999946,-0.009091,0.999987,0.005023,0.000102,0.000000,0.000000,0.000000,0.000000,0.000000,1,0.015544,5407.773438,-0.000940,1.313117,0.000000,-0.000017,0.000000,1,0.007774,5153.951172,-0.000938,1.306215,0.000000,-0.000017,0.000000,1,-0.007774,4646.048828,0.001100,-1.310465,-0.000000,0.000017,0.000000,1,-0.015544,4392.226562,0.000732,-1.309658,-0.000000,0.000017,0.000000,-0.000047,19600.000000,0.000792,-0.060059,-0.000020,-0.000488,0.000000,0.000000,0.000000,0.000000,0.000000,0.000000,0.000000,0.000000,0.000000
10,0.166667,0.000000,0.000000,0.000000,0.000000,0.000000,0.000000,-0.000147,-0.000000,-0.000000,1388.493,0,0.000000,4,2,0.000000,1,0,0,-0.005022,0.999946,-0.009091,0.999987,0.005023,0.000102,-0.000000,-0.000000,0.000000,0.000000,0.000000,1,0.015544,5407.782227,-0.000937,1.313390,0.000000,-0.000017,0.000000,1,0.007774,5153.960449,-0.000935,1.306491,0.000000,-0.000017,0.000000,1,-0.007774,4646.039551,0.001106,-1.310191,-0.000000,0.000017,0.000000,1,-0.015544,4392.217773,0.000738,-1.309382,-0.000000,0.000017,0.000000,-0.000027,19600.000000,-0.000307,-0.002441,0.000016,0.000488,0.000000,0.000000,0.000000,0.000000,0.000000,0.000000,0.000000,0.000000,0.000000
11,0.183333,0.000000,0.000000,0.000000,0.000000,0.000000,0.000000,-0.000147,-0.000000,-0.000000,1448.573,0,0.000000,4,2,0.000000,1,0,0,-0.005022,0.999946,-0.009091,0.999987,0.005023,0.000102,-0.000000,0.000000,0.000000,0.000000,0.000000,1,0.015544,5407.793457,-0.000939,1.313432,0.000000,-0.000017,0.000000,1,0.007774,5153.971191,-0.000937,1.306531,0.000000,-0.000017,0.000000,1,-0.007774,4646.028809,0.001103,-1.310150,-0.000000,0.000017,0.000000,1,-0.015544,4392.217773,0.000735,-1.309342,-0.000000,0.000017,0.000000,-0.000038,19600.011719,-0.000471,0.043945,0.000013,0.010254,0.000000,0.000000,0.000000,0.000000,0.000000,0.000000,0.000000,0.000000,0.000000
12,0.200000,0.000000,0.000000,0.000000,-0.000000,0.000000,-0.000000,-0.000147,0.000000,0.000000,1508.921,0,0.000000,4,2,0.000000,1,0,0,-0.005022,0.999946,-0.009091,0.999987,0.005023,0.000102,0.000000,0.000000,0.000000,0.000000,0.000000,1,0.015544,5407.773438,-0.001031,1.313218,0.000000,-0.000017,0.000000,1,0.007774,5153.951172,-0.001029,1.306313,0.000000,-0.000017,0.000000,1,-0.007774,4646.048828,0.001002,-1.310364,-0.000000,0.000017,0.000000,1,-0.015544,4392.217773,0.000635,-1.309561,-0.000000,0.000017,0.000000,-0.000423,19599.988281,0.000394,-0.045410,-0.000072,-0.009033,0.000000,0.000000,0.000000,0.000000,0.000000,0.000000,0.000000,0.000000,0.000000
13,0.216667,0.000000,0.000000,0.000000,-0.000000,0.000000,0.000000,-0.000147,-0.000000,-0.000000,1508.921,0,0.000000,4,2,6.766620,1,0,0,-0.005022,0.999946,-0.009091,0.999987,0.005023,0.000102,-0.000000,0.000000,0.000000,0.000000,0.000000,1,0.015544,5407.793457,-0.000963,8004.072266,0.000000,-0.037906,6.766620,1,0.007774,5153.960449,-0.000961,8004.065430,0.000000,-0.037906,6.766620,1,-0.007774,4646.039551,0.001084,-1.310156,-0.000000,0.000017,0.000000,1,-0.015544,4392.206543,0.000716,-1.309345,-0.000000,0.000017,0.000000,1.628175,19600.000000,-16005.517578,2046.957520,320.450623,0.187744,0.000000,0.000000,0.000000,0.000000,0.000000,0.000000,0.000000,0.000000,0.000000
14,0.233333,0.000000,-0.000007,-0.004517,0.000027,-0.000407,-0.266759,-0.000065,0.004930,0.266752,1474.744,0,0.000000,4,2,6.864115,1,0,0,-0.005023,0.999950,-0.008690,0.999987,0.005024,0.000022,0.023987,0.000036,0.000000,0.000000,0.000000,1,0.015079,5321.848145,20.439301,10153.095703,-0.000097,-0.071906,6.864115,1,0.007308,5067.903320,20.439880,10126.244141,-0.000097,-0.071778,6.864115,1,-0.007214,4749.317383,-24.079685,-938.093018,0.000114,0.004452,0.000000,1,-0.014985,4495.361328,-24.081594,-964.937500,0.000114,0.004579,0.000000,-6.885717,19640.527344,-18376.275391,1742.014160,209.259583,-1.058350,0.000000,0.000000,0.000000,0.000000,0.000000,0.000000,0.000000,0.000000,0.000000
15,0.250000,0.000000,-0.000010,-0.014160,-0.000088,-0.000192,-0.573030,0.000071,0.008150,0.573013,1495.992,0,0.000000,4,2,6.918851,1,0,0,-0.005025,0.999956,-0.007950,0.999987,0.005024,-0.000111,0.044409,0.000033,0.000000,0.000000,0.000000,1,0.014207,5231.702637,41.592171,11804.062500,-0.000258,-0.101102,6.918396,1,0.006435,4977.681152,41.594486,11750.794922,-0.000258,-0.100769,6.919305,1,-0.006188,4853.738281,-48.524445,-2228.269531,0.000301,0.013349,0.115289,1,-0.013959,4599.737305,-48.526787,-2277.974121,0.000301,0.013664,0.119211,-15.970181,19672.910156,-19048.449219,1223.561523,64.979858,-1.175293,0.000000,0.000000,0.000000,0.000000,0.000000,0.000000,0.000000,0.000000,0.000000
16,0.266667,0.000000,-0.000000,-0.028931,-0.000354,0.000573,-0.890504,0.000223,0.009149,0.890479,1507.921,0,0.000000,4,2,6.940712,1,0,0,-0.005027,0.999963,-0.006970,0.999987,0.005025,-0.000258,0.058762,0.000015,0.000000,0.000000,0.000000,1,0.013039,5148.610840,58.739761,12996.421875,-0.000440,-0.125106,6.939358,1,0.005266,4894.624512,58.735764,12923.764648,-0.000440,-0.124553,6.942066,1,-0.004843,4945.898438,-67.720535,-3687.983398,0.000510,0.025855,0.419037,1,-0.012616,4691.902832,-67.726997,-3749.292480,0.000510,0.026343,0.430218,-22.742439,19692.527344,-18482.509766,631.250000,-65.064941,-1.581543,0.000000,0.000000,0.000000,0.000000,0.000000,0.000000,0.000000,0.000000,0.000000
17,0.283333,0.000000,0.000028,-0.048950,-0.000733,0.001727,-1.198546,0.000359,0.008148,1.198515,1512.686,0,0.000000,4,2,6.938763,1,0,0,-0.005027,0.999970,-0.005866,0.999987,0.005025,-0.000388,0.066177,-0.000025,0.000000,0.000000,0.000000,1,0.011705,5079.833008,69.396179,13784.210938,-0.000605,-0.143930,6.936190,1,0.003933,4825.958984,69.392090,13702.591797,-0.000605,-0.143196,6.941338,1,-0.003348,5017.681152,-78.694756,-5147.410156,0.000693,0.040628,0.936007,1,-0.011120,4763.807617,-78.697800,-5206.263184,0.000693,0.041214,0.956144,-25.257866,19697.841797,-17132.406250,65.113770,-152.269531,-1.473145,0.000000,0.000000,0.000000,0.000000,0.000000,0.000000,0.000000,0.000000,0.000000
18,0.300000,0.000000,0.000079,-0.073730,-0.001154,0.003067,-1.484086,0.000456,0.005806,1.484055,1512.261,0,0.000000,4,2,6.920979,1,0,0,-0.005026,0.999976,-0.004750,0.999987,0.005024,-0.000480,0.066960,-0.000069,0.000000,0.000000,0.000000,1,0.010332,5029.175781,73.219559,14225.617188,-0.000727,-0.157856,6.917045,1,0.002561,4775.492676,73.214813,14145.763672,-0.000727,-0.157017,6.924916,1,-0.001857,5065.609863,-81.025696,-6453.868164,0.000820,0.056104,1.666157,1,-0.009628,4811.926758,-81.029099,-6497.425781,0.000820,0.056678,1.694891,-23.013863,19689.996094,-15418.976562,-406.865723,-187.021484,-0.874512,0.000000,0.000000,0.000000,0.000000,0.000000,0.000000,0.000000,0.000000,0.000000
19,0.316667,0.000000,0.000153,-0.102783,-0.001537,0.004392,-1.741069,0.000504,0.002928,1.741041,1508.385,0,0.000000,4,2,6.894189,1,0,0,-0.005025,0.999981,-0.003713,0.999987,0.005023,-0.000523,0.062209,-0.000105,0.000000,0.000000,0.000000,1,0.009031,4997.475586,71.459480,14374.063477,-0.000796,-0.167316,6.888934,1,0.001262,4743.950195,71.091980,14231.672852,-0.000796,-0.166460,6.899448,1,-0.000499,5089.953125,-76.260956,-7488.046875,0.000876,0.070731,2.587143,1,-0.008268,4836.449707,-76.263771,-7507.531738,0.000876,0.071184,2.622240,-17.091637,19671.691406,-13608.635742,-752.780762,-234.733887,0.483643,0.000000,0.000000,0.000000,0.000000,0.000000,0.000000,0.000000,0.000000,0.000000
20,0.333333,0.000000,0.000245,-0.135498,-0.001822,0.005532,-1.967880,0.000493,-0.000683,1.967857,1502.546,0,0.000000,4,2,6.864924,1,0,0,-0.005023,0.999983,-0.002823,0.999987,0.005021,-0.000507,0.053402,-0.000115,0.000000,0.000000,0.000000,1,0.007884,4983.451172,2.523782,14274.276367,-0.000032,-0.172793,6.857309,1,0.000117,4730.083496,2.385966,14190.250000,-0.000031,-0.172039,6.872548,1,0.000637,5093.347656,-62.451111,-8170.995117,0.000847,0.083162,3.659194,1,-0.007129,4839.961914,-62.454098,-8157.960449,0.000847,0.083386,3.697136,-126.149574,19646.304688,-12133.570312,-936.817383,7.802734,-14.364258,0.000000,0.000000,0.000000,0.000000,0.000000,0.000000,0.000000,0.000000,0.000000
21,0.350000,-0.000122,0.000351,-0.171753,-0.003925,0.006356,-2.170106,0.000484,-0.000563,2.170089,1496.168,0,0.000000,4,2,6.836970,1,0,0,-0.005016,0.999985,-0.002115,0.999987,0.005015,-0.000494,0.042432,-0.000430,0.000000,0.000000,0.000000,1,0.006936,4982.606934,10.400496,13247.205078,-0.000069,-0.168969,6.827981,1,-0.000820,4730.843750,10.269239,13187.353516,-0.000068,-0.168206,6.845972,1,0.001503,5080.567383,-53.424339,-8466.375000,0.000785,0.092378,4.831003,1,-0.006253,4828.804199,-53.427345,-8438.208008,0.000785,0.092385,4.867042,-90.888565,19618.123047,-9527.577148,-1180.928223,-5.508789,-7.530273,0.000000,0.000000,0.000000,0.000000,0.000000,0.000000,0.000000,0.000000,0.000000
22,0.366667,-0.000244,0.000465,-0.210449,-0.005440,0.006838,-2.328899,0.000473,-0.000648,2.328887,1490.076,0,0.000000,4,2,6.829413,1,0,0,-0.005006,0.999986,-0.001639,0.999987,0.005005,-0.000481,0.028597,-0.000602,0.000000,0.000000,0.000000,1,0.006251,5000.111816,18.215252,13099.439453,-0.000130,-0.168270,6.819429,1,-0.001490,4749.563477,18.083982,13066.750000,-0.000128,-0.167635,6.839412,1,0.002040,5048.197266,-42.954384,-8304.949219,0.000697,0.097408,6.045959,1,-0.005701,4797.626953,-42.957397,-8264.225586,0.000697,0.097220,6.077883,-54.223610,19586.791016,-9594.278320,-966.319824,36.364258,-1.453369,0.000000,0.000000,0.000000,0.000000,0.000000,0.000000,0.000000,0.000000,0.000000
23,0.383333,-0.000366,0.000579,-0.251953,-0.006343,0.006846,-2.488803,0.000471,-0.000089,2.488795,1488.429,0,0.000000,4,2,6.824536,1,0,0,-0.004995,0.999987,-0.001351,0.999987,0.004994,-0.000478,0.017270,-0.000640,0.000000,0.000000,0.000000,1,0.005788,5018.822266,28.242260,12481.869141,-0.000215,-0.164906,6.814011,1,-0.001937,4768.917969,28.110977,12457.500977,-0.000214,-0.164392,6.835078,1,0.002316,5017.490723,-35.805897,-7319.096680,0.000608,0.093356,7.237336,1,-0.005409,4767.604004,-35.808933,-7303.194824,0.000608,0.093153,7.263311,-20.187412,19561.654297,-10313.972656,-684.443848,33.894043,3.394043,0.000000,0.000000,0.000000,0.000000,0.000000,0.000000,0.000000,0.000000,0.000000
24,0.400000,-0.000488,0.000686,-0.296265,-0.006680,0.006450,-2.660703,0.000479,0.000433,2.660696,1487.366,0,0.000000,4,2,6.832035,1,0,0,-0.004985,0.999987,-0.001197,0.999987,0.004985,-0.000485,0.009241,-0.000572,0.000000,0.000000,0.000000,1,0.005491,5034.276855,37.922985,11626.395508,-0.000315,-0.158741,6.821088,1,-0.002219,4784.656250,37.791855,11609.613281,-0.000313,-0.158338,6.842999,1,0.002414,4993.767090,-30.535990,-6890.339355,0.000527,0.091326,8.284708,1,-0.005296,4744.124023,-30.539051,-6848.819336,0.000527,0.091002,8.308360,10.046047,19544.787109,-9493.316406,-644.599121,35.181152,7.205566,0.000000,0.000000,0.000000,0.000000,0.000000,0.000000,0.000000,0.000000,0.000000
25,0.416667,-0.000610,0.000783,-0.343262,-0.006512,0.005814,-2.818925,0.000495,0.000974,2.818919,1489.000,0,0.000000,4,2,6.856771,1,0,0,-0.004978,0.999987,-0.001169,0.999987,0.004978,-0.000501,0.001676,-0.000422,0.000000,0.000000,0.000000,1,0.005356,5054.418945,46.900986,10619.775391,-0.000420,-0.150098,6.845502,1,-0.002344,4804.543945,46.770035,10609.553711,-0.000418,-0.149796,6.868059,1,0.002351,4967.129883,-27.895725,-6118.677246,0.000463,0.086396,9.269450,1,-0.005349,4717.272949,-27.898909,-6077.768066,0.000463,0.085998,9.287038,33.362431,19531.074219,-9028.927734,-549.610840,16.422363,9.872070,0.000000,0.000000,0.000000,0.000000,0.000000,0.000000,0.000000,0.000000,0.000000
26,0.433333,-0.000732,0.000866,-0.392700,-0.005956,0.004970,-2.969407,0.000515,0.001227,2.969401,1494.391,0,0.000000,4,2,6.901880,1,0,0,-0.004975,0.999987,-0.001249,0.999987,0.004974,-0.000522,-0.004778,-0.000213,0.000000,0.000000,0.000000,1,0.005364,5076.567871,53.663555,9469.100586,-0.000518,-0.139215,6.890364,1,-0.002329,4826.077637,53.532631,9466.021484,-0.000517,-0.139011,6.913416,1,0.002155,4940.717285,-26.679497,-5226.986328,0.000418,0.079074,10.141475,1,-0.005539,4690.216309,-26.682915,-5188.768555,0.000418,0.078643,10.153087,49.399078,19521.730469,-8514.987305,-462.276367,-3.487793,9.808350,0.000000,0.000000,0.000000,0.000000,0.000000,0.000000,0.000000,0.000000,0.000000
27,0.450000,-0.000854,0.000932,-0.444580,-0.005133,0.003979,-3.111324,0.000535,0.001173,3.111317,1504.223,0,0.000000,4,2,6.970346,1,0,0,-0.004975,0.999987,-0.001419,0.999987,0.004974,-0.000542,-0.010211,-0.000005,0.000000,0.000000,0.000000,1,0.005499,5100.133301,57.658070,8199.423828,-0.000599,-0.126361,6.958663,1,-0.002194,4848.856445,57.527081,8204.671875,-0.000597,-0.126257,6.982049,1,0.001853,4914.757324,-26.313116,-4272.940430,0.000387,0.069953,10.883249,1,-0.005840,4663.479004,-26.316263,-4238.414062,0.000387,0.069519,10.889278,58.286053,19516.351562,-7887.934570,-390.725098,-20.183594,9.295166,0.000000,0.000000,0.000000,0.000000,0.000000,0.000000,0.000000,0.000000,0.000000
28,0.466667,-0.000977,0.000981,-0.498657,-0.004161,0.002900,-3.242789,0.000549,0.000863,3.242782,1519.144,0,0.000000,4,2,7.064653,1,0,0,-0.004978,0.999986,-0.001665,0.999987,0.004977,-0.000558,-0.014806,0.000193,0.000000,0.000000,0.000000,1,0.005745,5125.049805,58.747234,6841.562500,-0.000655,-0.111849,7.052901,1,-0.001953,4872.836914,58.616177,6856.559082,-0.000653,-0.111855,7.076424,1,0.001467,4889.169434,-26.352840,-3306.922852,0.000368,0.059644,11.485664,1,-0.006232,4636.965820,-26.355684,-3276.395020,0.000368,0.059227,11.486650,60.694519,19514.505859,-7109.581055,-336.376465,-33.995361,8.387207,0.000000,0.000000,0.000000,0.000000,0.000000,0.000000,0.000000,0.000000,0.000000
29,0.483333,-0.000977,0.001010,-0.554810,-0.003150,0.001785,-3.361282,0.000555,0.000340,3.361274,1539.698,0,0.000000,4,2,7.186664,1,0,0,-0.004984,0.999986,-0.001978,0.999987,0.004983,-0.000565,-0.018765,0.000372,0.000000,0.000000,0.000000,1,0.006091,5151.343262,56.986961,5431.484375,-0.000682,-0.096048,7.174966,1,-0.001617,4898.147949,56.855896,5457.781738,-0.000680,-0.096176,7.198381,1,0.001009,4863.544434,-26.282808,-2369.832764,0.000356,0.048725,11.946972,1,-0.006698,4610.360352,-26.285892,-2343.041992,0.000356,0.048336,11.943499,57.791000,19515.455078,-6170.776367,-304.160645,-42.379517,6.200928,0.000000,0.000000,0.000000,0.000000,0.000000,0.000000,0.000000,0.000000,0.000000
30,0.500000,-0.000977,0.001022,-0.612549,-0.002187,0.000676,-3.464129,0.000550,-0.000312,3.464118,1566.289,0,0.000000,4,2,7.337520,1,0,0,-0.004993,0.999985,-0.002350,0.999987,0.004991,-0.000561,-0.022346,0.000505,0.000000,0.000000,0.000000,1,0.006526,5179.362305,52.756313,4009.172607,-0.000678,-0.079378,7.326026,1,-0.001194,4925.236328,52.625275,4048.126709,-0.000677,-0.079643,7.349031,1,0.000490,4837.125977,-25.765610,-1492.229370,0.000346,0.037704,12.271398,1,-0.007231,4582.991211,-25.768661,-1468.728271,0.000346,0.037348,12.264011,50.989716,19518.416016,-5090.371582,-282.532715,-45.376343,3.661133,0.000000,0.000000,0.000000,0.000000,0.000000,0.000000,0.000000,0.000000,0.000000
31,0.516667,-0.000977,0.001015,-0.671631,-0.001337,-0.000396,-3.548968,0.000533,-0.001010,3.548956,1599.167,0,0.000000,4,2,7.517550,1,0,0,-0.005002,0.999984,-0.002778,0.999987,0.005001,-0.000547,-0.025673,0.000585,0.000000,0.000000,0.000000,1,0.007047,5209.159180,46.586571,2616.624023,-0.000647,-0.062302,7.506445,1,-0.000688,4954.255859,46.455929,2669.187988,-0.000645,-0.062718,7.528671,1,-0.000088,4809.466797,-24.585407,-695.091553,0.000334,0.027000,12.467630,1,-0.007823,4554.563477,-24.588505,-674.459717,0.000334,0.026678,12.456812,41.729698,19522.746094,-3909.986328,-272.878418,-42.835022,0.583740,0.000000,0.000000,0.000000,0.000000,0.000000,0.000000,0.000000,0.000000,0.000000
32,0.533333,-0.000977,0.000992,-0.731934,-0.000641,-0.001411,-3.614135,0.000505,-0.001669,3.614120,1638.404,0,0.000000,4,2,7.726235,1,0,0,-0.005012,0.999982,-0.003260,0.999987,0.005011,-0.000521,-0.028886,0.000599,0.000000,0.000000,0.000000,1,0.007647,5241.007324,39.138340,1295.736328,-0.000592,-0.045311,7.715730,1,-0.000103,4985.537109,39.007168,1362.266113,-0.000591,-0.045888,7.736754,1,-0.000722,4780.135254,-22.697973,8.801880,0.000317,0.016936,12.547424,1,-0.008472,4524.653809,-22.699898,26.751709,0.000317,0.016649,12.533592,31.344507,19528.156250,-2687.041992,-261.099121,-35.726730,-1.099609,0.000000,0.000000,0.000000,0.000000,0.000000,0.000000,0.000000,0.000000,0.000000
33,0.550000,-0.000977,0.000952,-0.792847,-0.000119,-0.002353,-3.658919,0.000468,-0.002219,3.658901,1683.885,0,0.000000,4,2,7.962203,1,0,0,-0.005022,0.999980,-0.003793,0.999987,0.005020,-0.000487,-0.031960,0.000577,0.000000,0.000000,0.000000,1,0.008324,5274.661133,31.074799,85.980469,-0.000520,-0.028900,7.952528,1,0.000559,5018.817383,30.943966,166.137451,-0.000518,-0.029641,7.971889,1,-0.001412,4749.180664,-20.202721,612.840515,0.000295,0.007748,12.524400,1,-0.009176,4493.345703,-20.205206,627.982483,0.000295,0.007496,12.507945,20.883926,19534.218750,-1486.257568,-234.246582,-25.134369,-2.848877,0.000000,0.000000,0.000000,0.000000,0.000000,0.000000,0.000000,0.000000,0.000000
34,0.566667,-0.000977,0.000899,-0.854248,0.000229,-0.003216,-3.683690,0.000425,-0.002606,3.683669,1735.313,0,0.000000,4,2,8.223274,1,0,0,-0.005030,0.999978,-0.004372,0.999987,0.005028,-0.000447,-0.034718,0.000519,0.000000,0.000000,0.000000,1,0.009069,5309.304199,23.048624,-977.650757,-0.000436,-0.013544,8.214673,1,0.001291,5053.273438,22.919546,-884.947266,-0.000434,-0.014449,8.231884,1,-0.002151,4717.414062,-17.298029,1114.613892,0.000268,-0.000405,12.413142,1,-0.009929,4461.393555,-17.300999,1126.506836,0.000268,-0.000620,12.394476,11.199701,19540.871094,-371.743042,-196.737793,-13.054871,-4.214844,0.000000,0.000000,0.000000,0.000000,0.000000,0.000000,0.000000,0.000000,0.000000
35,0.583333,-0.000977,0.000832,-0.915649,0.000416,-0.003995,-3.689886,0.000378,-0.002807,3.689859,1792.212,0,0.000000,4,2,8.506553,1,0,0,-0.005037,0.999975,-0.004989,0.999987,0.005035,-0.000403,-0.037035,0.000432,0.000000,0.000000,0.000000,1,0.009871,5344.275391,15.590693,-1866.259888,-0.000348,0.000319,8.499267,1,0.002083,5088.207031,15.460570,-1762.754517,-0.000346,-0.000740,8.513845,1,-0.002932,4685.649902,-14.209329,1514.252197,0.000236,-0.007424,12.228590,1,-0.010721,4429.583496,-14.211931,1522.256836,0.000236,-0.007597,12.208186,2.867932,19548.416016,599.311890,-142.222656,-1.067261,-5.625488,0.000000,0.000000,0.000000,0.000000,0.000000,0.000000,0.000000,0.000000,0.000000
36,0.600000,-0.000977,0.000754,-0.977051,0.000464,-0.004681,-3.679897,0.000331,-0.002823,3.679865,1853.951,0,0.000000,4,2,8.808543,1,0,0,-0.005042,0.999971,-0.005635,0.999987,0.005040,-0.000359,-0.038712,0.000316,0.000000,0.000000,0.000000,1,0.010716,5378.404785,9.092219,-2558.274414,-0.000262,0.012313,8.802798,1,0.002920,5122.553223,8.962687,-2446.253418,-0.000260,0.011116,8.814292,1,-0.003742,4654.828125,-11.149500,1813.096924,0.000201,-0.013252,11.985662,1,-0.011538,4398.967773,-11.151515,1816.526123,0.000201,-0.013377,11.964088,-3.753302,19556.580078,1381.677124,-70.906738,10.320435,-5.265381,0.000000,0.000000,0.000000,0.000000,0.000000,0.000000,0.000000,0.000000,0.000000
37,0.616667,-0.000977,0.000666,-1.037964,0.000401,-0.005268,-3.656869,0.000286,-0.002665,3.656830,1919.768,0,0.000000,4,2,9.125299,1,0,0,-0.005045,0.999967,-0.006294,0.999987,0.005043,-0.000318,-0.039552,0.000208,0.000000,0.000000,0.000000,1,0.011587,5410.625488,3.831684,-3040.040039,-0.000183,0.022136,9.121297,1,0.003785,5155.027344,3.701764,-2922.257080,-0.000181,0.020826,9.129302,1,-0.004563,4626.331543,-8.378666,2012.970947,0.000166,-0.017864,11.699080,1,-0.012364,4370.733398,-8.381066,2011.178955,0.000166,-0.017934,11.677007,-8.610760,19565.630859,1944.836060,15.848633,19.792480,-5.752197,0.000000,0.000000,0.000000,0.000000,0.000000,0.000000,0.000000,0.000000,0.000000
38,0.633333,-0.000977,0.000571,-1.098389,0.000257,-0.005746,-3.624455,0.000247,-0.002360,3.624407,1988.803,0,0.000000,4,2,9.452581,1,0,0,-0.005047,0.999963,-0.006950,0.999987,0.005045,-0.000282,-0.039373,0.000090,0.000000,0.000000,0.000000,1,0.012460,5439.593750,-0.042862,-3305.997803,-0.000115,0.029571,9.450485,1,0.004657,5184.392578,-0.172222,-3185.480469,-0.000113,0.028177,9.454678,1,-0.005373,4601.486816,-6.068725,2115.854248,0.000133,-0.021250,11.383304,1,-0.013176,4346.274414,-6.069551,2108.411133,0.000133,-0.021259,11.361492,-11.714630,19575.748047,2273.784912,108.223633,26.513428,-4.564209,0.000000,0.000000,0.000000,0.000000,0.000000,0.000000,0.000000,0.000000,0.000000
39,0.650000,-0.000977,0.000469,-1.158081,0.000062,-0.006103,-3.586559,0.000214,-0.001953,3.586502,2060.132,0,0.000000,4,2,9.786024,1,0,0,-0.005046,0.999959,-0.007586,0.999987,0.005045,-0.000253,-0.038109,-0.000003,0.000000,0.000000,0.000000,1,0.013313,5464.401855,-2.542482,-3358.319336,-0.000060,0.034495,9.785950,1,0.005510,5209.532227,-2.672041,-3238.192139,-0.000058,0.033049,9.786098,1,-0.006149,4581.256836,-4.337645,2124.042969,0.000104,-0.023419,11.052499,1,-0.013952,4326.407227,-4.339305,2110.861084,0.000104,-0.023362,11.031775,-13.295071,19586.636719,2368.042236,204.966309,30.217529,-3.814453,0.000000,0.000000,0.000000,0.000000,0.000000,0.000000,0.000000,0.000000,0.000000
40,0.666667,-0.000977,0.000363,-1.217285,-0.000159,-0.006329,-3.547091,0.000190,-0.001488,3.547024,2132.804,0,0.000000,4,2,10.121288,1,0,0,-0.005045,0.999954,-0.008181,0.999987,0.005043,-0.000231,-0.035710,-0.000079,0.000000,0.000000,0.000000,1,0.014121,5484.054199,-3.766626,-3206.274170,-0.000020,0.036871,10.123299,1,0.006321,5229.575195,-3.895698,-3089.595215,-0.000018,0.035410,10.119279,1,-0.006868,4566.617676,-3.212342,2040.466553,0.000081,-0.024387,10.720498,1,-0.014668,4312.140625,-3.213517,2021.881836,0.000081,-0.024263,10.701699,-13.572430,19598.447266,2239.815186,290.530273,31.857178,-3.491699,0.000000,0.000000,0.000000,0.000000,0.000000,0.000000,0.000000,0.000000,0.000000
41,0.683333,-0.000977,0.000257,-1.275757,-0.000386,-0.006409,-3.509761,0.000173,-0.000998,3.509684,2205.873,0,0.000000,4,2,10.454211,1,0,0,-0.005042,0.999949,-0.008719,0.999987,0.005041,-0.000217,-0.032306,-0.000148,0.000000,0.000000,0.000000,1,0.014863,5498.161621,-3.844584,-2865.186279,0.000006,0.036750,10.458311,1,0.007067,5244.075684,-3.973708,-2754.874268,0.000007,0.035309,10.450112,1,-0.007507,4557.703125,-2.725792,1869.295288,0.000064,-0.024185,10.400705,1,-0.015304,4303.597168,-2.727447,1846.007202,0.000064,-0.023997,10.384621,-12.857779,19610.500000,1910.920410,375.632812,31.457520,-2.491211,0.000000,0.000000,0.000000,0.000000,0.000000,0.000000,0.000000,0.000000,0.000000
42,0.700000,-0.000977,0.000151,-1.333740,-0.000600,-0.006338,-3.477913,0.000164,-0.000514,3.477824,2278.431,0,0.000000,4,2,10.780929,1,0,0,-0.005039,0.999945,-0.009184,0.999987,0.005037,-0.000211,-0.027902,-0.000197,0.000000,0.000000,0.000000,1,0.015517,5506.054688,-2.961021,-2355.501953,0.000018,0.034261,10.787068,1,0.007725,5252.307617,-3.090199,-2254.228027,0.000019,0.032876,10.774793,1,-0.008047,4555.202637,-2.865286,1616.233154,0.000054,-0.022860,10.105916,1,-0.015838,4301.454102,-2.866726,1589.290283,0.000054,-0.022614,10.093233,-11.486414,19622.783203,1410.257202,440.437988,28.833740,-0.794434,0.000000,0.000000,0.000000,0.000000,0.000000,0.000000,0.000000,0.000000,0.000000
43,0.716667,-0.000977,0.000049,-1.391235,-0.000791,-0.006111,-3.454408,0.000163,-0.000071,3.454309,2349.637,0,0.000000,4,2,11.097982,1,0,0,-0.005035,0.999942,-0.009563,0.999987,0.005034,-0.000211,-0.022736,-0.000210,0.000000,0.000000,0.000000,1,0.016064,5507.875977,-1.360632,-1701.523560,0.000017,0.029600,11.106054,1,0.008278,5254.374023,-1.489851,-1611.580933,0.000019,0.028303,11.089917,1,-0.008471,4558.783691,-3.546235,1289.007202,0.000051,-0.020477,9.848091,1,-0.016257,4305.301758,-3.547746,1259.775391,0.000051,-0.020184,9.839344,-9.781549,19634.728516,770.290161,490.286621,25.384460,0.091064,0.000000,0.000000,0.000000,0.000000,0.000000,0.000000,0.000000,0.000000,0.000000
44,0.733333,-0.000977,-0.000046,-1.448608,-0.000954,-0.005728,-3.441570,0.000169,0.000320,3.441460,2418.738,0,0.000000,4,2,11.402401,1,0,0,-0.005032,0.999939,-0.009846,0.999987,0.005030,-0.000218,-0.016984,-0.000205,0.000000,0.000000,0.000000,1,0.016492,5503.668457,0.770860,-930.309998,0.000007,0.023017,11.412246,1,0.008711,5250.314453,0.641504,-853.627502,0.000009,0.021839,11.392564,1,-0.008770,4568.199219,-4.704144,897.462891,0.000054,-0.017126,9.638065,1,-0.016550,4314.846680,-4.705911,867.458496,0.000054,-0.016799,9.633588,-7.991900,19645.832031,24.939819,514.528809,21.102051,0.760010,0.000000,0.000000,0.000000,0.000000,0.000000,0.000000,0.000000,0.000000,0.000000
45,0.750000,-0.000977,-0.000133,-1.505981,-0.001088,-0.005197,-3.441155,0.000179,0.000644,3.441034,2485.083,0,0.000000,4,2,11.691758,1,0,0,-0.005029,0.999937,-0.010029,0.999987,0.005027,-0.000230,-0.010945,-0.000187,0.000000,0.000000,0.000000,1,0.016792,5494.064453,3.237702,-70.565552,-0.000011,0.014808,11.703175,1,0.009016,5240.808594,3.108160,-8.650146,-0.000009,0.013773,11.680353,1,-0.008938,4582.541016,-6.241585,453.525818,0.000064,-0.012916,9.485232,1,-0.016714,4329.265137,-6.243453,424.324951,0.000064,-0.012573,9.485138,-6.320810,19655.632812,-792.713135,525.842773,16.524170,0.630127,0.000000,0.000000,0.000000,0.000000,0.000000,0.000000,0.000000,0.000000,0.000000
46,0.766667,-0.000977,-0.000208,-1.563599,-0.001193,-0.004532,-3.454367,0.000194,0.000899,3.454236,2548.147,0,0.000000,4,2,11.964208,1,0,0,-0.005026,0.999936,-0.010108,0.999987,0.005024,-0.000245,-0.004772,-0.000173,0.000000,0.000000,0.000000,1,0.016959,5479.417480,5.878346,848.251343,-0.000035,0.005295,11.976954,1,0.009188,5226.235352,5.748535,894.317139,-0.000033,0.004427,11.951475,1,-0.008974,4601.258789,-8.057881,-29.175415,0.000078,-0.007984,9.397246,1,-0.016746,4348.085938,-8.059631,-56.060120,0.000078,-0.007640,9.401417,-4.894870,19663.839844,-1651.365723,520.000977,11.907394,1.121094,0.000000,0.000000,0.000000,0.000000,0.000000,0.000000,0.000000,0.000000,0.000000
47,0.783333,-0.000977,-0.000271,-1.621582,-0.001274,-0.003753,-3.481889,0.000212,0.001082,3.481750,2607.526,0,0.000000,4,2,12.218502,1,0,0,-0.005024,0.999937,-0.010086,0.999987,0.005022,-0.000263,0.001334,-0.000149,0.000000,0.000000,0.000000,1,0.016994,5460.343262,8.544406,1796.885864,-0.000062,-0.005178,12.232310,1,0.009226,5207.174805,8.414244,1826.443237,-0.000061,-0.005864,12.204709,1,-0.008883,4623.712402,-10.059399,-535.688416,0.000097,-0.002484,9.379769,1,-0.016650,4370.544434,-10.061743,-558.913452,0.000097,-0.002158,9.387866,-3.825517,19670.251953,-2522.665039,501.020996,7.589111,1.958740,0.000000,0.000000,0.000000,0.000000,0.000000,0.000000,0.000000,0.000000,0.000000
48,0.800000,-0.000977,-0.000319,-1.680298,-0.001338,-0.002881,-3.523934,0.000232,0.001199,3.523788,2662.948,0,0.000000,4,2,12.453986,1,0,0,-0.005022,0.999938,-0.009965,0.999987,0.005020,-0.000282,0.007219,-0.000108,0.000000,0.000000,0.000000,1,0.016898,5437.472656,11.122647,2747.037842,-0.000092,-0.016262,12.468567,1,0.009133,5184.250977,10.993092,2759.830078,-0.000090,-0.016754,12.439423,1,-0.008670,4649.111816,-12.163490,-1050.366211,0.000118,0.003411,9.436279,1,-0.016435,4395.890625,-12.165743,-1068.848877,0.000118,0.003703,9.447768,-3.167988,19674.578125,-3381.443604,462.367188,3.730042,2.036865,0.000000,0.000000,0.000000,0.000000,0.000000,0.000000,0.000000,0.000000,0.000000
49,0.816667,-0.000977,-0.000351,-1.739990,-0.001391,-0.001941,-3.580291,0.000253,0.001257,3.580140,2714.270,0,0.000000,4,2,12.670583,1,0,0,-0.005021,0.999940,-0.009754,0.999987,0.005019,-0.000302,0.012652,-0.000067,0.000000,0.000000,0.000000,1,0.016680,5411.815918,13.541591,3672.069580,-0.000122,-0.027611,12.685636,1,0.008917,5158.466309,13.410911,3668.213867,-0.000120,-0.027902,12.655547,1,-0.008347,4676.400879,-14.283482,-1557.465576,0.000142,0.009519,9.567968,1,-0.016110,4423.051270,-14.285995,-1570.448242,0.000142,0.009764,9.582157,-2.888037,19676.728516,-4205.959961,404.946777,-0.309692,1.812744,0.000000,0.000000,0.000000,0.000000,0.000000,0.000000,0.000000,0.000000,0.000000
50,0.833333,-0.000977,-0.000367,-1.800903,-0.001439,-0.000961,-3.650391,0.000274,0.001252,3.650236,2761.476,0,0.000000,4,2,12.868756,1,0,0,-0.005021,0.999943,-0.009464,0.999987,0.005018,-0.000322,0.017413,-0.000031,0.000000,0.000000,0.000000,1,0.016352,5384.424316,15.706371,4547.518555,-0.000151,-0.038892,12.883979,1,0.008590,5130.973145,15.575734,4527.539551,-0.000149,-0.038981,12.853552,1,-0.007930,4704.233398,-16.288738,-2041.878174,0.000166,0.015653,9.773730,1,-0.015692,4450.770996,-16.291012,-2048.902832,0.000166,0.015840,9.789816,-2.898680,19676.273438,-4977.614258,334.120605,-3.131714,1.645508,0.000000,0.000000,0.000000,0.000000,0.000000,0.000000,0.000000,0.000000,0.000000
51,0.850000,-0.000977,-0.000367,-1.863037,-0.001487,0.000028,-3.733351,0.000294,0.001204,3.733196,2804.667,0,0.000000,4,2,13.049470,1,0,0,-0.005021,0.999946,-0.009108,0.999987,0.005018,-0.000340,0.021343,0.000000,0.000000,0.000000,0.000000,1,0.015931,5356.487793,17.612778,5351.628906,-0.000178,-0.049793,13.064566,1,0.008169,5102.864258,17.481827,5316.322266,-0.000177,-0.049682,13.034391,1,-0.007439,4731.616699,-18.144604,-2489.687500,0.000191,0.021630,10.050251,1,-0.015201,4478.012695,-18.147009,-2490.704590,0.000191,0.021753,10.067363,-3.128132,19673.560547,-5680.589844,260.538574,-6.502686,1.248291,0.000000,0.000000,0.000000,0.000000,0.000000,0.000000,0.000000,0.000000,0.000000
52,0.866667,-0.000977,-0.000350,-1.926880,-0.001540,0.000993,-3.828027,0.000313,0.001104,3.827874,2844.052,0,0.000000,4,2,13.214129,1,0,0,-0.005022,0.999950,-0.008701,0.999987,0.005019,-0.000356,0.024411,0.000023,0.000000,0.000000,0.000000,1,0.015434,5328.645508,19.179981,6065.594727,-0.000203,-0.060028,13.228815,1,0.007670,5074.935059,19.049210,6016.122070,-0.000201,-0.059724,13.199460,1,-0.006892,4757.787109,-19.709412,-2888.843018,0.000213,0.027279,10.392184,1,-0.014656,4504.067383,-19.712435,-2884.060791,0.000213,0.027333,10.409445,-3.438030,19668.574219,-6301.485352,187.294922,-8.266113,0.981445,0.000000,0.000000,0.000000,0.000000,0.000000,0.000000,0.000000,0.000000,0.000000
53,0.883333,-0.000977,-0.000319,-1.992432,-0.001597,0.001904,-3.933052,0.000329,0.000977,3.932903,2879.939,0,0.000000,4,2,13.364524,1,0,0,-0.005023,0.999953,-0.008258,0.999987,0.005020,-0.000370,0.026620,0.000040,0.000000,0.000000,0.000000,1,0.014878,5301.585938,20.448614,6674.042480,-0.000224,-0.069345,13.378536,1,0.007113,5047.741699,20.317289,6611.736328,-0.000223,-0.068859,13.350527,1,-0.006310,4782.240723,-20.993269,-3229.374268,0.000233,0.032443,10.792422,1,-0.014075,4528.407715,-20.996132,-3219.379883,0.000233,0.032430,10.808985,-3.752998,19661.589844,-6829.290039,113.578125,-9.791016,0.604004,0.000000,0.000000,0.000000,0.000000,0.000000,0.000000,0.000000,0.000000,0.000000
54,0.900000,-0.000977,-0.000273,-2.059814,-0.001659,0.002733,-4.046874,0.000343,0.000826,4.046730,2912.716,0,0.000000,4,2,13.502756,1,0,0,-0.005024,0.999957,-0.007792,0.999987,0.005021,-0.000382,0.027963,0.000048,0.000000,0.000000,0.000000,1,0.014282,5276.020996,21.410357,7165.181641,-0.000242,-0.077529,13.515856,1,0.006516,5022.112305,21.279537,7091.583984,-0.000241,-0.076874,13.489670,1,-0.005711,4804.434082,-21.945147,-3503.742676,0.000251,0.036989,11.242402,1,-0.013477,4550.538086,-21.948124,-3489.357422,0.000251,0.036913,11.257505,-3.973719,19653.214844,-7255.477051,39.926270,-11.159180,0.348877,0.000000,0.000000,0.000000,0.000000,0.000000,0.000000,0.000000,0.000000,0.000000
55,0.916667,-0.000977,-0.000215,-2.129272,-0.001726,0.003461,-4.167798,0.000354,0.000654,4.167661,2942.843,0,0.000000,4,2,13.631167,1,0,0,-0.005025,0.999961,-0.007318,0.999987,0.005022,-0.000390,0.028441,0.000052,0.000000,0.000000,0.000000,1,0.013664,5252.554688,22.055870,7530.964355,-0.000257,-0.084407,13.643144,1,0.005896,4998.565918,21.924747,7447.791504,-0.000255,-0.083601,13.619202,1,-0.005113,4823.825195,-22.518463,-3706.950195,0.000264,0.040810,11.732460,1,-0.012880,4569.829590,-22.521519,-3689.155273,0.000264,0.040678,11.745461,-4.015934,19643.386719,-7573.964844,-28.471191,-13.276367,-0.571533,0.000000,0.000000,0.000000,0.000000,0.000000,0.000000,0.000000,0.000000,0.000000
56,0.933333,-0.000977,-0.000148,-2.200928,-0.001793,0.004067,-4.294031,0.000361,0.000450,4.293902,2970.830,0,0.000000,4,2,13.752264,1,0,0,-0.005025,0.999964,-0.006849,0.999987,0.005023,-0.000396,0.028116,0.000035,0.000000,0.000000,0.000000,1,0.013042,5231.668945,22.326733,7767.095215,-0.000267,-0.089849,13.762937,1,0.005273,4977.716309,22.195774,7676.279297,-0.000266,-0.088913,13.741600,1,-0.004532,4840.082031,-22.596373,-3836.587646,0.000273,0.043826,12.252200,1,-0.012301,4586.119629,-22.599262,-3816.370850,0.000273,0.043647,12.262603,-3.750671,19632.814453,-7781.195312,-92.840820,-13.846191,-0.636719,0.000000,0.000000,0.000000,0.000000,0.000000,0.000000,0.000000,0.000000,0.000000
57,0.950000,-0.000977,-0.000072,-2.274536,-0.001855,0.004539,-4.423717,0.000365,0.000237,4.423598,2997.222,0,0.000000,4,2,13.868637,1,0,0,-0.005025,0.999967,-0.006398,0.999987,0.005023,-0.000397,0.027035,0.000018,0.000000,0.000000,0.000000,1,0.012434,5213.782227,16.547836,7873.113281,-0.000211,-0.093774,13.877861,1,0.004664,4959.880371,15.739428,7776.607422,-0.000201,-0.092728,13.859420,1,-0.003985,4852.930664,-11.805867,-3892.607178,0.000151,0.045988,12.790876,1,-0.011754,4599.028320,-11.188699,-3871.063965,0.000143,0.045774,12.798326,6.164268,19621.572266,-7876.269531,-151.137695,29.920410,0.544922,0.000000,0.000000,0.000000,0.000000,0.000000,0.000000,0.000000,0.000000,0.000000
58,0.966667,-0.000977,0.000009,-2.350464,-0.001752,0.004867,-4.554989,0.000377,0.000697,4.554879,3022.584,0,0.000000,4,2,13.982889,1,0,0,-0.005026,0.999970,-0.005977,0.999987,0.005024,-0.000407,0.025268,0.000028,0.000000,0.000000,0.000000,1,0.011855,5199.369629,19.082655,6737.702637,-0.000223,-0.085940,13.990554,1,0.004084,4945.369141,18.274200,6656.395996,-0.000213,-0.084903,13.975229,1,-0.003483,4862.321777,-15.569253,-3531.885254,0.000168,0.045050,13.337736,1,-0.011254,4608.332031,-14.951831,-3331.755615,0.000161,0.042497,13.342039,4.183609,19610.246094,-6520.086914,-374.431152,136.474121,-0.078125,0.000000,0.000000,0.000000,0.000000,0.000000,0.000000,0.000000,0.000000,0.000000
59,0.983333,-0.000977,0.000094,-2.428223,-0.001683,0.005083,-4.663657,0.000423,0.002797,4.663555,3047.485,0,0.000000,4,2,14.119886,1,0,0,-0.005027,0.999972,-0.005629,0.999987,0.005024,-0.000452,0.020882,0.000029,0.000000,0.000000,0.000000,1,0.011359,5195.733398,27.632069,6117.569824,-0.000271,-0.078030,14.126247,1,0.003587,4941.708984,26.822775,6036.821777,-0.000261,-0.077000,14.113528,1,-0.003087,4859.411133,-28.318455,-2924.673828,0.000240,0.037305,13.831904,1,-0.010858,4605.388184,-27.700859,-2725.638672,0.000232,0.034766,13.806974,-4.497803,19595.675781,-6493.204102,-354.727051,79.113525,-1.000977,0.000000,0.000000,0.000000,0.000000,0.000000,0.000000,0.000000,0.000000,0.000000
60,1.000000,-0.000977,0.000179,-2.507690,-0.001758,0.005093,-4.771877,0.000490,0.004014,4.771782,3077.343,0,0.000000,4,2,14.269344,1,0,0,-0.005027,0.999973,-0.005350,0.999987,0.005025,-0.000517,0.016724,0.000009,0.000000,0.000000,0.000000,1,0.010944,5194.570801,35.468857,5490.933594,-0.000338,-0.070037,14.274402,1,0.003172,4940.634277,34.659157,5410.628906,-0.000328,-0.069013,14.264289,1,-0.002786,4854.613770,-40.846771,-2881.535400,0.000344,0.037100,14.237376,1,-0.010558,4600.656738,-40.230339,-2102.997803,0.000336,0.026824,14.183373,-14.004623,19582.988281,-5905.637695,-391.919434,461.882080,-2.975830,0.000000,0.000000,0.000000,0.000000,0.000000,0.000000,0.000000,0.000000,0.000000
61,1.016667,-0.000977,0.000261,-2.588867,-0.001991,0.004936,-4.870305,0.000676,0.011120,4.870215,3109.916,0,0.000000,4,2,14.431377,1,0,0,-0.005028,0.999974,-0.005147,0.999987,0.005024,-0.000701,0.012128,-0.000036,0.000000,0.000000,0.000000,1,0.010622,5198.139160,67.855118,5442.369629,-0.000534,-0.069807,14.435128,1,0.002851,4944.399414,67.041771,5292.652344,-0.000524,-0.068455,14.427628,1,-0.002589,4845.275391,-86.086929,-2719.005859,0.000624,0.036202,14.636547,1,-0.010361,4591.544922,-85.469345,-1467.826294,0.000616,0.018722,14.468822,-41.247589,19571.226562,-6536.302734,-249.483398,578.167969,-5.838623,0.000000,0.000000,0.000000,0.000000,0.000000,0.000000,0.000000,0.000000,0.000000
62,1.033333,-0.000977,0.000338,-2.671875,-0.002678,0.004587,-4.979243,0.001009,0.020015,4.979158,3145.230,0,0.000000,4,2,14.594988,1,0,0,-0.005027,0.999975,-0.004992,0.999987,0.005022,-0.001034,0.009199,-0.000136,0.000000,0.000000,0.000000,1,0.010363,5199.128906,116.597778,5256.308594,-0.000888,-0.068782,14.596237,1,0.002595,4945.865723,115.794800,5038.302246,-0.000878,-0.066899,14.593739,1,-0.002456,4840.077637,-154.926270,-2563.178223,0.001126,0.034900,15.011977,1,-0.010223,4586.847168,-154.309937,-1716.235962,0.001118,0.019898,14.661490,-83.058029,19563.908203,-6002.718750,-287.521484,-121.966553,-10.133545,0.000000,0.000000,0.000000,0.000000,0.000000,0.000000,0.000000,0.000000,0.000000
63,1.050000,-0.001099,0.000407,-2.756592,-0.004063,0.004144,-5.079288,0.001311,0.018138,5.079207,3180.888,0,0.000000,4,2,14.762926,1,0,0,-0.005023,0.999975,-0.004893,0.999986,0.005016,-0.001336,0.005822,-0.000357,0.000000,0.000000,0.000000,1,0.010175,5203.771973,135.737366,5014.518066,-0.001201,-0.066992,14.760485,1,0.002416,4951.691406,134.930099,4773.915039,-0.001191,-0.064669,14.765368,1,-0.002395,4830.974121,-185.930374,-2399.617188,0.001588,0.033307,15.364645,1,-0.010154,4578.877930,-185.312943,-1883.088623,0.001580,0.021428,14.890444,-107.921341,19557.550781,-5492.688965,-300.619629,-531.592773,-11.159424,0.000000,0.000000,0.000000,0.000000,0.000000,0.000000,0.000000,0.000000,0.000000
64,1.066667,-0.001221,0.000467,-2.842773,-0.005861,0.003615,-5.170833,0.001477,0.009959,5.170757,3217.490,0,0.000000,4,2,14.935835,1,0,0,-0.005013,0.999976,-0.004854,0.999986,0.005006,-0.001502,0.002290,-0.000616,0.000000,0.000000,0.000000,1,0.010061,5211.485352,129.214554,4731.472168,-0.001367,-0.064527,14.929276,1,0.002318,4960.954590,128.406799,4510.628906,-0.001357,-0.062021,14.942396,1,-0.002410,4818.958008,-179.387772,-2228.227295,0.001848,0.031493,15.693421,1,-0.010153,4568.429199,-178.775101,-2001.228149,0.001840,0.022949,15.143770,-108.054413,19552.464844,-4999.121094,-297.491699,-701.004639,-7.629395,0.000000,0.000000,0.000000,0.000000,0.000000,0.000000,0.000000,0.000000,0.000000
65,1.083333,-0.001343,0.000517,-2.930298,-0.007662,0.003016,-5.254151,0.001464,-0.000826,5.254079,3255.174,0,0.000000,4,2,15.114099,1,0,0,-0.005000,0.999976,-0.004874,0.999986,0.004992,-0.001488,-0.001205,-0.000807,0.000000,0.000000,0.000000,1,0.010025,5221.907227,103.540344,4424.145996,-0.001350,-0.061522,15.103708,1,0.002303,4972.817871,102.732643,4256.729004,-0.001339,-0.059153,15.124496,1,-0.002498,4805.001953,-141.054749,-2047.168213,0.001830,0.029496,15.997163,1,-0.010220,4555.915039,-140.438980,-2062.078369,0.001822,0.024194,15.414353,-82.003891,19548.843750,-4557.708984,-278.031738,-682.398193,-2.569580,0.000000,0.000000,0.000000,0.000000,0.000000,0.000000,0.000000,0.000000,0.000000
66,1.100000,-0.001465,0.000556,-3.019165,-0.009029,0.002363,-5.330113,0.001275,-0.011325,5.330042,3294.025,0,0.000000,4,2,15.297842,1,0,0,-0.004984,0.999975,-0.004950,0.999987,0.004978,-0.001300,-0.004474,-0.000890,0.000000,0.000000,0.000000,1,0.010062,5234.399902,66.441795,4108.549316,-0.001163,-0.058138,15.284478,1,0.002363,4986.410156,65.641281,4016.130371,-0.001153,-0.056211,15.311217,1,-0.002652,4790.048340,-80.574524,-1856.391968,0.001532,0.027336,16.274456,1,-0.010351,4542.038574,-79.961563,-1825.558594,0.001524,0.023285,15.693825,-34.203537,19546.816406,-4428.483398,-211.368652,-328.080688,4.830811,0.000000,0.000000,0.000000,0.000000,0.000000,0.000000,0.000000,0.000000,0.000000
67,1.116667,-0.001587,0.000584,-3.109253,-0.009599,0.001670,-5.403921,0.001002,-0.016372,5.403850,3334.071,0,0.000000,4,2,15.486989,1,0,0,-0.004969,0.999975,-0.005067,0.999987,0.004964,-0.001027,-0.006961,-0.000801,0.000000,0.000000,0.000000,1,0.010162,5247.029785,37.604137,3792.809570,-0.000910,-0.054515,15.471889,1,0.002483,4999.366699,36.799259,3766.605713,-0.000899,-0.053179,15.502105,1,-0.002850,4776.772461,-25.871605,-1664.197754,0.001086,0.025069,16.523882,1,-0.010529,4529.118164,-25.256878,-1330.768188,0.001078,0.016974,15.938747,18.610857,19547.175781,-4549.870117,-117.127930,187.846436,11.629150,0.000000,0.000000,0.000000,0.000000,0.000000,0.000000,0.000000,0.000000,0.000000
68,1.133333,-0.001709,0.000600,-3.200562,-0.009289,0.000964,-5.479752,0.000778,-0.013482,5.479678,3375.294,0,0.000000,4,2,15.681602,1,0,0,-0.004959,0.999974,-0.005208,0.999987,0.004955,-0.000803,-0.008344,-0.000545,0.000000,0.000000,0.000000,1,0.010303,5258.050293,32.598312,3479.541504,-0.000726,-0.050754,15.665866,1,0.002639,5009.856934,31.788605,3485.463379,-0.000716,-0.049942,15.697355,1,-0.003065,4767.213867,-2.112217,-1483.266724,0.000693,0.022786,16.745234,1,-0.010729,4519.009277,-1.490734,-1524.870483,0.000685,0.017893,16.111395,57.630074,19550.251953,-3941.902100,-137.433594,-18.142700,14.510010,0.000000,0.000000,0.000000,0.000000,0.000000,0.000000,0.000000,0.000000,0.000000
69,1.150000,-0.001831,0.000605,-3.292969,-0.008329,0.000304,-5.545450,0.000548,-0.013760,5.545372,3417.709,0,0.000000,4,2,15.881947,1,0,0,-0.004954,0.999973,-0.005375,0.999988,0.004951,-0.000575,-0.009964,-0.000238,0.000000,0.000000,0.000000,1,0.010491,5271.315430,17.826231,3190.214600,-0.000541,-0.047019,15.866109,1,0.002834,5022.136230,17.015289,3238.967041,-0.000531,-0.046739,15.897799,1,-0.003303,4756.010254,30.816700,-1305.047607,0.000290,0.020507,16.940157,1,-0.010961,4506.828613,31.441486,-1588.955078,0.000282,0.018774,16.312395,95.090111,19553.482422,-3519.858643,-122.510254,-54.129761,17.727295,0.000000,0.000000,0.000000,0.000000,0.000000,0.000000,0.000000,0.000000,0.000000
70,1.166667,-0.001953,0.000600,-3.386475,-0.006744,-0.000314,-5.604115,0.000305,-0.014592,5.604031,3461.373,0,0.000000,4,2,16.087397,1,0,0,-0.004955,0.999972,-0.005566,0.999988,0.004953,-0.000333,-0.011409,0.000136,0.000000,0.000000,0.000000,1,0.010723,5285.495605,-1.243322,2933.050781,-0.000334,-0.043453,16.072184,1,0.003062,5034.721191,-2.050257,3026.581055,-0.000324,-0.043720,16.102623,1,-0.003559,4744.891113,65.379524,-1134.682373,-0.000127,0.018267,17.109049,1,-0.011220,4494.114746,66.007149,-1443.809204,-0.000135,0.018416,16.522757,126.986992,19557.433594,-3365.479492,-72.356934,99.943359,18.036377,0.000000,0.000000,0.000000,0.000000,0.000000,0.000000,0.000000,0.000000,0.000000
71,1.183333,-0.002075,0.000585,-3.480835,-0.004627,-0.000887,-5.660206,0.000088,-0.013054,5.660117,3506.150,0,0.000000,4,2,16.297251,1,0,0,-0.004962,0.999971,-0.005772,0.999988,0.004962,-0.000116,-0.012265,0.000524,0.000000,0.000000,0.000000,1,0.010987,5298.886719,-14.424528,2710.329102,-0.000142,-0.040156,16.283432,1,0.003312,5046.121094,-15.235274,2835.032471,-0.000132,-0.040914,16.311081,1,-0.003820,4735.564453,87.220535,-981.761475,-0.000493,0.016135,17.253054,1,-0.011495,4482.807617,87.846024,-1205.051147,-0.000501,0.015371,16.711916,145.029663,19562.644531,-3342.546875,-11.837891,279.054138,17.211670,0.000000,0.000000,0.000000,0.000000,0.000000,0.000000,0.000000,0.000000,0.000000
72,1.200000,-0.002075,0.000562,-3.576050,-0.002210,-0.001400,-5.715915,-0.000059,-0.008760,5.715821,3551.886,0,0.000000,4,2,16.510914,1,0,0,-0.004976,0.999970,-0.005979,0.999988,0.004977,0.000029,-0.012411,0.000903,0.000000,0.000000,0.000000,1,0.011266,5310.449219,-17.405399,2522.189697,-0.000007,-0.037192,16.499035,1,0.003568,5055.458008,-18.215658,2657.437744,0.000003,-0.038309,16.522800,1,-0.004071,4728.859863,89.217941,-855.338806,-0.000732,0.014195,17.374722,1,-0.011769,4473.879395,89.840385,-1349.143066,-0.000740,0.016053,16.866199,143.529236,19568.976562,-2958.806152,-15.958008,77.216980,14.092529,0.000000,0.000000,0.000000,0.000000,0.000000,0.000000,0.000000,0.000000,0.000000
73,1.216667,-0.002075,0.000532,-3.672119,0.000182,-0.001824,-5.765228,-0.000185,-0.007571,5.765129,3598.453,0,0.000000,4,2,16.727863,1,0,0,-0.004996,0.999968,-0.006190,0.999987,0.004997,0.000154,-0.012604,0.001207,0.000000,0.000000,0.000000,1,0.011560,5322.282227,-29.064255,2378.581055,0.000133,-0.034648,16.718130,1,0.003831,5065.080078,-29.870232,2530.415283,0.000144,-0.036070,16.737600,1,-0.004316,4721.851562,96.189560,-751.596069,-0.000916,0.012485,17.477922,1,-0.012045,4464.640137,96.809784,-1129.580688,-0.000924,0.014408,17.041533,134.530396,19575.048828,-3011.180176,40.730957,225.947815,9.324219,0.000000,0.000000,0.000000,0.000000,0.000000,0.000000,0.000000,0.000000,0.000000
74,1.233333,-0.002075,0.000495,-3.769043,0.002424,-0.002177,-5.815414,-0.000253,-0.004094,5.815310,3645.735,0,0.000000,4,2,16.947102,1,0,0,-0.005019,0.999967,-0.006392,0.999987,0.005020,0.000221,-0.012132,0.001417,0.000000,0.000000,0.000000,1,0.011854,5331.768066,-32.153263,2273.688232,0.000236,-0.032552,16.939825,1,0.004088,5072.526855,-32.959282,2424.625977,0.000246,-0.034160,16.954380,1,-0.004541,4717.430664,87.082298,-681.009460,-0.000988,0.011075,17.565969,1,-0.012307,4458.211426,87.704811,-1260.299316,-0.000996,0.015027,17.184793,110.277237,19582.000000,-2740.071777,36.643066,43.632141,2.472900,0.000000,0.000000,0.000000,0.000000,0.000000,0.000000,0.000000,0.000000,0.000000
75,1.250000,-0.001953,0.000455,-3.866699,0.004262,-0.002433,-5.861082,-0.000310,-0.003423,5.860971,3693.517,0,0.000000,4,2,17.167990,1,0,0,-0.005043,0.999966,-0.006588,0.999987,0.005045,0.000277,-0.011706,0.001473,0.000000,0.000000,0.000000,1,0.012144,5340.705078,-42.716354,2214.339355,0.000351,-0.030953,17.163187,1,0.004340,5080.024414,-43.521507,2370.433350,0.000361,-0.032703,17.172792,1,-0.004752,4712.806641,70.536766,-637.706665,-0.000900,0.009983,17.643707,1,-0.012555,4452.119141,66.702332,-992.791321,-0.000851,0.012663,17.347149,51.807732,19588.367188,-2937.085205,95.077637,197.635071,-6.570557,0.000000,0.000000,0.000000,0.000000,0.000000,0.000000,0.000000,0.000000,0.000000
76,1.266667,-0.001831,0.000411,-3.965332,0.005126,-0.002613,-5.910034,-0.000317,-0.000383,5.909917,3741.658,0,0.000000,4,2,17.389511,1,0,0,-0.005065,0.999964,-0.006764,0.999987,0.005068,0.000283,-0.010594,0.001345,0.000000,0.000000,0.000000,1,0.012413,5346.370605,-41.857327,2189.269775,0.000419,-0.029829,17.387304,1,0.004575,5085.043457,-42.663620,2333.805664,0.000429,-0.031614,17.391720,1,-0.004936,4710.899902,59.627308,-632.434814,-0.000848,0.009272,17.715118,1,-0.012774,4449.552734,55.793102,-1129.846680,-0.000799,0.013312,17.470428,31.664814,19595.199219,-2743.321289,79.077148,41.445068,-12.239746,0.000000,0.000000,0.000000,0.000000,0.000000,0.000000,0.000000,0.000000,0.000000
77,1.283333,-0.001709,0.000366,-4.064575,0.005653,-0.002696,-5.955756,-0.000313,0.000254,5.955633,3789.938,0,0.000000,4,2,17.611113,1,0,0,-0.005084,0.999963,-0.006925,0.999987,0.005086,0.000278,-0.009669,0.001090,0.000000,0.000000,0.000000,1,0.012662,5351.495117,-46.338970,2206.406982,0.000483,-0.029203,17.611336,1,0.004796,5090.231445,-47.145470,2344.435547,0.000493,-0.030979,17.610889,1,-0.005100,4708.509766,50.676403,-652.802612,-0.000773,0.008921,17.785759,1,-0.012966,4447.266113,46.842003,-1174.394653,-0.000724,0.013931,17.613728,4.773354,19601.244141,-2705.909424,89.439453,2.854004,-15.077393,0.000000,0.000000,0.000000,0.000000,0.000000,0.000000,0.000000,0.000000,0.000000
78,1.300000,-0.001587,0.000321,-4.164551,0.005733,-0.002697,-6.000854,-0.000308,0.000297,6.000725,3838.234,0,0.000000,4,2,17.831858,1,0,0,-0.005097,0.999962,-0.007069,0.999987,0.005099,0.000272,-0.008620,0.000772,0.000000,0.000000,0.000000,1,0.012887,5355.078125,-51.388237,2262.076660,0.000547,-0.029073,17.834431,1,0.005000,5094.431152,-52.194771,2393.607178,0.000557,-0.030813,17.829287,1,-0.005243,4706.868164,44.385757,-697.348145,-0.000696,0.008911,17.859375,1,-0.013130,4446.211914,40.551449,-1074.445923,-0.000647,0.013705,17.763535,-17.878693,19606.572266,-2865.889648,117.198242,107.357727,-16.501709,0.000000,0.000000,0.000000,0.000000,0.000000,0.000000,0.000000,0.000000,0.000000
79,1.316667,-0.001465,0.000278,-4.265381,0.005435,-0.002631,-6.048619,-0.000276,0.001948,6.048483,3886.344,0,0.000000,4,2,18.050940,1,0,0,-0.005104,0.999961,-0.007190,0.999987,0.005106,0.000239,-0.007246,0.000429,0.000000,0.000000,0.000000,1,0.013079,5356.423828,-48.996143,1486.697021,0.000576,-0.018963,18.055779,1,0.005181,5096.731445,-49.802612,1623.495117,0.000586,-0.020708,18.046101,1,-0.005361,4707.017090,30.874653,-681.226990,-0.000584,0.008689,17.939499,1,-0.013259,4447.336426,27.040331,-1200.823730,-0.000535,0.014303,17.898741,-40.606834,19611.658203,-1209.858765,-97.214355,-75.084106,-17.441162,0.000000,0.000000,0.000000,0.000000,0.000000,0.000000,0.000000,0.000000,0.000000
80,1.333333,-0.001343,0.000237,-4.366455,0.004758,-0.002452,-6.068783,-0.000262,0.000792,6.068640,3934.092,0,0.000000,4,2,18.285007,1,0,0,-0.005105,0.999960,-0.007329,0.999987,0.005107,0.000225,-0.008383,0.000056,0.000000,0.000000,0.000000,1,0.013286,5365.406250,-53.815147,1762.769897,0.000617,-0.020270,18.292238,1,0.005387,5107.151367,-54.622021,1878.157593,0.000627,-0.021914,18.277781,1,-0.005513,4696.907715,29.966080,-494.260834,-0.000509,0.006304,18.017267,1,-0.013412,4438.655273,26.131691,-328.866913,-0.000460,0.004195,18.052408,-51.719925,19611.644531,-2799.396729,158.895508,478.933136,-16.137451,0.000000,0.000000,0.000000,0.000000,0.000000,0.000000,0.000000,0.000000,0.000000
81,1.350000,-0.001221,0.000198,-4.468384,0.003896,-0.002323,-6.115440,-0.000126,0.008159,6.115288,3985.105,0,0.000000,4,2,18.513008,1,0,0,-0.005102,0.999959,-0.007437,0.999987,0.005102,0.000088,-0.006518,-0.000257,0.000000,0.000000,0.000000,1,0.013450,5364.267090,-26.078236,1991.784546,0.000511,-0.022176,18.522291,1,0.005557,5107.461426,-26.884441,2054.257080,0.000522,-0.023505,18.503731,1,-0.005627,4698.785156,-11.480406,-629.256470,-0.000266,0.006943,18.067726,1,-0.013520,4441.958984,-15.317850,-495.300903,-0.000217,0.004983,18.078707,-79.514526,19616.144531,-2902.792725,154.168457,231.143250,-17.192871,0.000000,0.000000,0.000000,0.000000,0.000000,0.000000,0.000000,0.000000,0.000000
82,1.366667,-0.001221,0.000162,-4.571167,0.002571,-0.002132,-6.163820,0.000069,0.011715,6.163661,4034.797,0,0.000000,4,2,18.736198,1,0,0,-0.005093,0.999959,-0.007515,0.999987,0.005092,-0.000107,-0.004708,-0.000607,0.000000,0.000000,0.000000,1,0.013571,5361.653320,-2.401751,2244.886475,0.000333,-0.024573,18.746656,1,0.005694,5106.714844,-3.210028,2260.583252,0.000343,-0.025483,18.725746,1,-0.005708,4701.321777,-47.261208,-758.062195,0.000057,0.007955,18.137903,1,-0.013585,4446.381348,-51.093475,-678.274597,0.000106,0.006344,18.129316,-104.303467,19619.730469,-3050.126221,153.899414,-3.535461,-17.219238,0.000000,0.000000,0.000000,0.000000,0.000000,0.000000,0.000000,0.000000,0.000000
83,1.383333,-0.001221,0.000131,-4.674683,0.000833,-0.001891,-6.214655,0.000263,0.011659,6.214491,4083.440,0,0.000000,4,2,18.954012,1,0,0,-0.005078,0.999958,-0.007562,0.999987,0.005076,-0.000302,-0.002901,-0.000971,0.000000,0.000000,0.000000,1,0.013647,5357.429688,13.361083,2510.950195,0.000146,-0.027340,18.964857,1,0.005795,5104.738770,12.554823,2493.180420,0.000156,-0.027828,18.943172,1,-0.005755,4704.783203,-70.259804,-912.047180,0.000368,0.009320,18.226894,1,-0.013607,4452.090332,-74.093224,-873.189636,0.000417,0.008124,18.206654,-119.411118,19622.580078,-3199.547852,144.894043,-158.724548,-14.239746,0.000000,0.000000,0.000000,0.000000,0.000000,0.000000,0.000000,0.000000,0.000000
84,1.400000,-0.001221,0.000104,-4.779175,-0.001158,-0.001608,-6.267981,0.000417,0.009216,6.267814,4130.911,0,0.000000,4,2,19.166040,1,0,0,-0.005058,0.999959,-0.007581,0.999987,0.005055,-0.000455,-0.001199,-0.001282,0.000000,0.000000,0.000000,1,0.013681,5352.122559,21.532337,2783.458984,-0.000010,-0.030370,19.176706,1,0.005863,5101.722656,20.726429,2746.327637,0.000000,-0.030501,19.155380,1,-0.005772,4708.861328,-79.108528,-1082.201416,0.000606,0.010985,18.338379,1,-0.013591,4458.459961,-82.941589,-1069.200439,0.000655,0.010170,18.312462,-121.326538,19624.455078,-3358.686768,134.330078,-230.950256,-10.722168,0.000000,0.000000,0.000000,0.000000,0.000000,0.000000,0.000000,0.000000,0.000000
85,1.416667,-0.001221,0.000083,-4.884521,-0.003180,-0.001298,-6.323959,0.000512,0.005662,6.323788,4177.121,0,0.000000,4,2,19.372004,1,0,0,-0.005033,0.999959,-0.007574,0.999987,0.005029,-0.000550,0.000380,-0.001523,0.000000,0.000000,0.000000,1,0.013677,5346.015137,24.013168,3056.790771,-0.000120,-0.033570,19.382153,1,0.005897,5097.849121,23.206772,3012.244141,-0.000110,-0.033441,19.361860,1,-0.005761,4713.529785,-75.427185,-1258.621338,0.000738,0.012866,18.474718,1,-0.013540,4465.361328,-79.260750,-1258.521362,0.000787,0.012354,18.446903,-109.410873,19625.742188,-3531.836914,124.090820,-235.216553,-2.595459,0.000000,0.000000,0.000000,0.000000,0.000000,0.000000,0.000000,0.000000,0.000000
86,1.433333,-0.001343,0.000066,-4.990845,-0.005003,-0.000967,-6.382823,0.000546,0.002043,6.382650,4222.010,0,0.000000,4,2,19.571758,1,0,0,-0.005007,0.999959,-0.007544,0.999987,0.005003,-0.000584,0.001839,-0.001593,0.000000,0.000000,0.000000,1,0.013636,5339.365723,23.134689,3325.629883,-0.000185,-0.036854,19.581257,1,0.005898,5092.790527,22.327892,3281.973633,-0.000175,-0.036567,19.562265,1,-0.005722,4718.914062,-45.803513,-1431.892822,0.000584,0.014870,18.636827,1,-0.013461,4472.369629,-43.384148,-1435.760986,0.000553,0.014566,18.608997,-45.892239,19626.019531,-3719.553711,111.133789,-138.868896,7.555176,0.000000,0.000000,0.000000,0.000000,0.000000,0.000000,0.000000,0.000000,0.000000
87,1.450000,-0.001465,0.000056,-5.098267,-0.005768,-0.000628,-6.444816,0.000545,-0.000093,6.444642,4265.545,0,0.000000,4,2,19.765310,1,0,0,-0.004983,0.999960,-0.007491,0.999987,0.004979,-0.000582,0.003147,-0.001443,0.000000,0.000000,0.000000,1,0.013567,5332.601562,21.870197,3586.807861,-0.000220,-0.040156,19.774162,1,0.005865,5086.670898,21.063635,3543.844238,-0.000210,-0.039772,19.756462,1,-0.005657,4725.042969,-37.600811,-1591.800659,0.000545,0.016887,18.824247,1,-0.013359,4479.094727,-35.181431,-1599.715576,0.000515,0.016733,18.796982,-32.122105,19625.527344,-3918.350586,96.697266,-111.966309,9.420410,0.000000,0.000000,0.000000,0.000000,0.000000,0.000000,0.000000,0.000000,0.000000
88,1.466667,-0.001587,0.000051,-5.206787,-0.006303,-0.000294,-6.510122,0.000515,-0.001815,6.509947,4307.729,0,0.000000,4,2,19.952816,1,0,0,-0.004962,0.999960,-0.007420,0.999988,0.004958,-0.000551,0.004285,-0.001251,0.000000,0.000000,0.000000,1,0.013471,5325.596680,19.798355,3831.708740,-0.000232,-0.043392,19.961025,1,0.005802,5079.958008,18.991772,3792.060059,-0.000222,-0.042963,19.944611,1,-0.005570,4731.408203,-23.811672,-1735.621826,0.000456,0.018836,19.035025,1,-0.013239,4485.769043,-21.391541,-1744.577148,0.000425,0.018782,19.008915,-8.677023,19624.353516,-4122.375977,83.456055,-63.095337,12.063477,0.000000,0.000000,0.000000,0.000000,0.000000,0.000000,0.000000,0.000000,0.000000
89,1.483333,-0.001709,0.000052,-5.316406,-0.006448,0.000027,-6.578828,0.000468,-0.002785,6.578653,4348.594,0,0.000000,4,2,20.134579,1,0,0,-0.004945,0.999961,-0.007332,0.999988,0.004941,-0.000504,0.005268,-0.001001,0.000000,0.000000,0.000000,1,0.013355,5318.502930,18.054754,4054.781982,-0.000231,-0.046483,20.142189,1,0.005711,5072.738770,17.249844,4018.291504,-0.000221,-0.046040,20.126970,1,-0.005461,4738.051758,-10.710901,-1859.187622,0.000337,0.020647,19.266809,1,-0.013105,4492.287598,-8.291972,-1869.110474,0.000306,0.020660,19.242008,14.131087,19622.710938,-4323.143066,71.840332,-16.238159,15.148926,0.000000,0.000000,0.000000,0.000000,0.000000,0.000000,0.000000,0.000000,0.000000
90,1.500000,-0.001831,0.000057,-5.427246,-0.006213,0.000328,-6.650880,0.000418,-0.003034,6.650705,4388.208,0,0.000000,4,2,20.311045,1,0,0,-0.004933,0.999962,-0.007231,0.999988,0.004930,-0.000453,0.006115,-0.000683,0.000000,0.000000,0.000000,1,0.013220,5311.418457,17.063864,4250.472656,-0.000226,-0.049353,20.318106,1,0.005594,5064.979980,16.258877,4215.586914,-0.000216,-0.048910,20.303988,1,-0.005334,4745.011230,-0.120140,-1960.359741,0.000213,0.022264,19.516644,1,-0.012960,4498.562012,2.298914,-1972.471436,0.000182,0.022330,19.493292,33.466740,19620.615234,-4511.127441,57.091797,17.744995,14.911133,0.000000,0.000000,0.000000,0.000000,0.000000,0.000000,0.000000,0.000000,0.000000
91,1.516667,-0.001953,0.000067,-5.539307,-0.005655,0.000603,-6.726066,0.000372,-0.002760,6.725893,4426.668,0,0.000000,4,2,20.482786,1,0,0,-0.004927,0.999963,-0.007118,0.999988,0.004924,-0.000407,0.006788,-0.000369,0.000000,0.000000,0.000000,1,0.013071,5304.437988,16.682816,4413.727051,-0.000221,-0.051931,20.489315,1,0.005455,5057.067383,15.878588,4378.538574,-0.000211,-0.051485,20.476259,1,-0.005193,4751.883789,7.194383,-2038.474121,0.000100,0.023651,19.781258,1,-0.012809,4504.511230,9.613825,-2054.106934,0.000069,0.023766,19.759674,47.476513,19618.062500,-4677.084961,38.996094,39.147217,14.909668,0.000000,0.000000,0.000000,0.000000,0.000000,0.000000,0.000000,0.000000,0.000000
92,1.533333,-0.002075,0.000081,-5.652710,-0.004863,0.000846,-6.804017,0.000336,-0.002157,6.803845,4464.098,0,0.000000,4,2,20.650478,1,0,0,-0.004926,0.999963,-0.006997,0.999988,0.004923,-0.000370,0.007249,-0.000052,0.000000,0.000000,0.000000,1,0.012914,5297.923340,16.638443,3651.724121,-0.000218,-0.046578,20.656466,1,0.005299,5049.354004,15.833998,3465.220947,-0.000208,-0.044199,20.644493,1,-0.005040,4758.469238,10.954111,-2093.782715,0.000011,0.024785,20.057281,1,-0.012655,4509.909180,13.373157,-2113.895752,-0.000020,0.024953,20.037981,55.738884,19615.390625,-2886.140625,-225.477539,-106.489014,13.703125,0.000000,0.000000,0.000000,0.000000,0.000000,0.000000,0.000000,0.000000,0.000000
93,1.550000,-0.002197,0.000100,-5.766968,-0.003935,0.001105,-6.852119,0.000273,-0.003794,6.851948,4500.645,0,0.000000,4,2,20.834341,1,0,0,-0.004929,0.999964,-0.006921,0.999988,0.004927,-0.000307,0.004609,0.000228,0.000000,0.000000,0.000000,1,0.012807,5302.209961,7.629629,4162.131836,-0.000173,-0.048995,20.837219,1,0.005186,5052.351074,6.826222,3989.477051,-0.000163,-0.046681,20.831463,1,-0.004950,4752.062988,23.960920,-1050.192505,-0.000107,0.013395,20.341385,1,-0.012571,4502.214844,26.383217,-1064.054321,-0.000138,0.013572,20.325022,62.961769,19607.410156,-6013.906250,215.901367,29.140259,12.187744,0.000000,0.000000,0.000000,0.000000,0.000000,0.000000,0.000000,0.000000,0.000000
94,1.566667,-0.002197,0.000119,-5.882812,-0.002885,0.001165,-6.952351,0.000217,-0.003345,6.952182,4540.717,0,0.000000,4,2,21.006905,1,0,0,-0.004937,0.999965,-0.006802,0.999988,0.004935,-0.000250,0.007141,0.000488,0.000000,0.000000,0.000000,1,0.012653,5289.957520,3.450131,2918.991455,-0.000125,-0.037232,21.006882,1,0.005020,5038.694336,2.646066,2767.970947,-0.000115,-0.035306,21.006927,1,-0.004798,4766.216797,28.442949,-1323.272583,-0.000202,0.014688,20.473049,1,-0.012432,4514.944336,30.864998,-1335.880371,-0.000233,0.014859,20.458710,64.656113,19608.810547,-3003.658691,-246.942871,9.238647,10.579346,0.000000,0.000000,0.000000,0.000000,0.000000,0.000000,0.000000,0.000000,0.000000
95,1.583333,-0.002197,0.000141,-5.999512,-0.001808,0.001337,-7.002412,0.000163,-0.003202,7.002244,4578.326,0,0.000000,4,2,21.203554,1,0,0,-0.004948,0.999965,-0.006731,0.999988,0.004947,-0.000197,0.004249,0.000710,0.000000,0.000000,0.000000,1,0.012556,5295.427734,-2.325800,3332.265869,-0.000068,-0.039189,21.200972,1,0.004904,5042.677734,-3.127970,3204.795898,-0.000057,-0.037374,21.206139,1,-0.004714,4758.853516,32.591789,-1396.289185,-0.000281,0.015847,20.644602,1,-0.012366,4506.092773,35.014835,-1407.028320,-0.000312,0.016005,20.632105,61.424973,19601.027344,-3709.239746,-113.216309,68.194824,6.908203,0.000000,0.000000,0.000000,0.000000,0.000000,0.000000,0.000000,0.000000,0.000000
96,1.600000,-0.002197,0.000164,-6.117188,-0.000784,0.001374,-7.064232,0.000127,-0.002153,7.064065,4621.185,0,0.000000,4,2,21.390667,1,0,0,-0.004962,0.999965,-0.006683,0.999988,0.004961,-0.000161,0.002923,0.000858,0.000000,0.000000,0.000000,1,0.012486,5297.292480,-5.277605,3160.977051,-0.000018,-0.040319,21.385900,1,0.004812,5043.228027,-6.081034,3370.857910,-0.000007,-0.039461,21.395433,1,-0.004659,4756.184570,30.896626,-1485.864990,-0.000323,0.017000,20.826820,1,-0.012333,4502.128906,33.318409,-1499.475220,-0.000354,0.017164,20.815893,52.289886,19596.419922,-3521.552246,-116.121094,325.231079,3.493164,0.000000,0.000000,0.000000,0.000000,0.000000,0.000000,0.000000,0.000000,0.000000
97,1.616667,-0.002197,0.000187,-6.235962,0.000088,0.001348,-7.122925,0.000175,0.002851,7.122758,4661.965,0,0.000000,4,2,21.576906,1,0,0,-0.004978,0.999965,-0.006657,0.999988,0.004977,-0.000208,0.001561,0.000949,0.000000,0.000000,0.000000,1,0.012445,5300.257324,7.305149,3610.415039,-0.000046,-0.042446,21.575655,1,0.004746,5045.070801,6.500923,3115.782715,-0.000035,-0.039742,21.578157,1,-0.004633,4752.498535,5.508843,-1537.981445,-0.000229,0.017971,21.022123,1,-0.012332,4497.300781,7.931056,-1576.933960,-0.000260,0.018259,21.013184,26.494862,19592.484375,-3585.920410,-85.568848,-338.727051,-1.822021,0.000000,0.000000,0.000000,0.000000,0.000000,0.000000,0.000000,0.000000,0.000000
98,1.633333,-0.002197,0.000208,-6.355713,0.000529,0.001260,-7.182690,0.000135,-0.002360,7.182523,4702.555,0,0.000000,4,2,21.760241,1,0,0,-0.004993,0.999965,-0.006648,0.999988,0.004992,-0.000169,0.000557,0.000892,0.000000,0.000000,0.000000,1,0.012424,5302.700195,-12.779467,3219.334717,0.000032,-0.041063,21.750599,1,0.004703,5046.969727,-13.583068,3584.027588,0.000042,-0.041959,21.769886,1,-0.004630,4749.204102,22.928862,-1597.929565,-0.000253,0.018866,21.225039,1,-0.012352,4493.483398,25.350927,-1436.138428,-0.000284,0.018318,21.221790,21.280167,19589.691406,-3743.502930,-45.978027,581.168457,-2.038330,0.000000,0.000000,0.000000,0.000000,0.000000,0.000000,0.000000,0.000000,0.000000
99,1.650000,-0.002197,0.000226,-6.476440,0.000884,0.001127,-7.245082,0.000245,0.006581,7.244914,4742.511,0,0.000000,4,2,21.941847,1,0,0,-0.005008,0.999965,-0.006647,0.999987,0.005007,-0.000278,0.000016,0.000881,0.000000,0.000000,0.000000,1,0.012416,5304.373535,14.312338,3379.928711,-0.000048,-0.043111,21.938301,1,0.004672,5047.947266,13.509995,3030.923828,-0.000038,-0.038660,21.945393,1,-0.004638,4747.368164,-22.807314,-1131.373047,-0.000051,0.014431,21.436710,1,-0.012382,4490.941406,-20.383991,-1638.088013,-0.000082,0.019274,21.409830,-16.385183,19588.128906,-3615.142090,-51.200684,-684.142212,-7.535889,0.000000,0.000000,0.000000,0.000000,0.000000,0.000000,0.000000,0.000000,0.000000
100,1.666667,-0.002197,0.000243,-6.598145,0.000611,0.000972,-7.305334,0.000179,-0.003945,7.305165,4782.091,0,0.000000,4,2,22.126457,1,0,0,-0.005019,0.999965,-0.006657,0.999987,0.005018,-0.000212,-0.000586,0.000686,0.000000,0.000000,0.000000,1,0.012420,5306.332031,-20.612682,3155.328125,0.000068,-0.040247,22.116970,1,0.004658,5050.098145,-21.414696,3505.305664,0.000078,-0.040906,22.135948,1,-0.004659,4744.617676,15.262464,-1335.706299,-0.000104,0.015398,21.580233,1,-0.012421,4488.372559,17.684422,-1004.835205,-0.000135,0.012817,21.627369,-10.000692,19587.148438,-4293.406738,49.648438,709.089417,-7.334717,0.000000,0.000000,0.000000,0.000000,0.000000,0.000000,0.000000,0.000000,0.000000
101,1.683333,-0.002197,0.000256,-6.721069,0.000444,0.000784,-7.376891,0.000295,0.006964,7.376722,4822.326,0,0.000000,4,2,22.307547,1,0,0,-0.005030,0.999965,-0.006656,0.999987,0.005028,-0.000329,-0.000007,0.000570,0.000000,0.000000,0.000000,1,0.012414,5304.659180,13.356669,3113.997314,-0.000021,-0.039719,22.303909,1,0.004638,5048.387695,12.553429,2767.185791,-0.000011,-0.035296,22.311186,1,-0.004665,4746.679199,-36.054657,-1429.737427,0.000105,0.016452,21.753601,1,-0.012442,4490.416992,-33.632858,-1266.685425,0.000074,0.014057,21.752407,-44.825409,19588.402344,-3157.536865,-107.070801,-208.625244,-11.187256,0.000000,0.000000,0.000000,0.000000,0.000000,0.000000,0.000000,0.000000,0.000000
102,1.700000,-0.002197,0.000266,-6.844849,-0.000303,0.000644,-7.429516,0.000358,0.003753,7.429346,4861.793,0,0.000000,4,2,22.495512,1,0,0,-0.005036,0.999965,-0.006677,0.999987,0.005033,-0.000391,-0.001264,0.000323,0.000000,0.000000,0.000000,1,0.012433,5308.901855,7.951195,3245.397949,-0.000051,-0.041395,22.485968,1,0.004648,5053.336914,7.148333,3219.762451,-0.000040,-0.037438,22.505060,1,-0.004701,4741.013672,-35.813530,-1484.251953,0.000236,0.017372,21.940706,1,-0.012486,4485.437988,-33.391357,-1346.486572,0.000205,0.015214,21.915695,-55.526070,19587.000000,-3606.802734,-19.199219,45.045898,-11.272461,0.000000,0.000000,0.000000,0.000000,0.000000,0.000000,0.000000,0.000000,0.000000
103,1.716667,-0.002197,0.000274,-6.969727,-0.001228,0.000468,-7.489630,0.000432,0.004446,7.489458,4902.759,0,0.000000,4,2,22.676519,1,0,0,-0.005037,0.999965,-0.006702,0.999987,0.005034,-0.000465,-0.001492,0.000088,0.000000,0.000000,0.000000,1,0.012455,5310.333496,14.505782,3247.504639,-0.000101,-0.041422,22.666464,1,0.004668,5055.597656,13.703074,3086.365967,-0.000090,-0.039367,22.686579,1,-0.004742,4738.877441,-48.091408,-1402.798462,0.000376,0.017893,22.135775,1,-0.012529,4484.150879,-45.669083,-1443.768311,0.000345,0.016402,22.090639,-67.170151,19587.617188,-3459.226562,-28.206055,-250.800354,-10.093018,0.000000,0.000000,0.000000,0.000000,0.000000,0.000000,0.000000,0.000000,0.000000
104,1.733333,-0.002197,0.000279,-7.095581,-0.002348,0.000301,-7.547284,0.000441,0.000587,7.547111,4942.208,0,0.000000,4,2,22.857815,1,0,0,-0.005035,0.999965,-0.006732,0.999987,0.005032,-0.000475,-0.001825,-0.000138,0.000000,0.000000,0.000000,1,0.012485,5312.264648,6.025171,3211.038330,-0.000092,-0.040957,22.844952,1,0.004701,5058.541504,5.222080,3230.508301,-0.000082,-0.041205,22.870686,1,-0.004791,4736.086426,-36.625423,-1362.956909,0.000410,0.017385,22.318945,1,-0.012574,4482.352539,-34.203480,-1505.257202,0.000379,0.017441,22.279793,-61.271431,19588.191406,-3544.823730,-7.363281,-134.472168,-8.072021,0.000000,0.000000,0.000000,0.000000,0.000000,0.000000,0.000000,0.000000,0.000000
105,1.750000,-0.002197,0.000282,-7.222290,-0.003369,0.000139,-7.606364,0.000417,-0.001483,7.606189,4981.721,0,0.000000,4,2,23.036961,1,0,0,-0.005030,0.999964,-0.006764,0.999987,0.005027,-0.000451,-0.001914,-0.000315,0.000000,0.000000,0.000000,1,0.012516,5313.636719,0.950377,3179.126221,-0.000062,-0.040550,23.024324,1,0.004741,5060.877441,0.147903,3268.398926,-0.000052,-0.041689,23.049603,1,-0.004841,4734.214844,-24.980762,-1380.386475,0.000376,0.017607,22.496294,1,-0.012616,4481.475586,-22.558201,-1407.063599,0.000345,0.017947,22.477928,-48.077896,19589.505859,-3631.126465,12.242676,54.751465,-4.605225,0.000000,0.000000,0.000000,0.000000,0.000000,0.000000,0.000000,0.000000,0.000000
106,1.766667,-0.002319,0.000281,-7.350098,-0.004170,-0.000009,-7.666883,0.000406,-0.000640,7.666707,5020.765,0,0.000000,4,2,23.214975,1,0,0,-0.005023,0.999964,-0.006794,0.999987,0.005020,-0.000440,-0.001772,-0.000408,0.000000,0.000000,0.000000,1,0.012546,5314.400879,2.321004,3164.933594,-0.000030,-0.040369,23.203753,1,0.004781,5062.348145,2.214264,3203.617920,-0.000028,-0.040862,23.226202,1,-0.004887,4733.427246,-23.375042,-1355.139282,0.000347,0.017285,22.676189,1,-0.012652,4481.354492,-20.952604,-1382.248779,0.000316,0.017631,22.661720,-41.375160,19591.191406,-3601.755859,12.518555,15.021484,-3.081543,0.000000,0.000000,0.000000,0.000000,0.000000,0.000000,0.000000,0.000000,0.000000
107,1.783333,-0.002441,0.000279,-7.478882,-0.004860,-0.000134,-7.726912,0.000399,-0.000410,7.726735,5059.562,0,0.000000,4,2,23.392708,1,0,0,-0.005015,0.999964,-0.006821,0.999987,0.005012,-0.000434,-0.001628,-0.000472,0.000000,0.000000,0.000000,1,0.012574,5315.063477,6.142311,3142.818115,-0.000048,-0.040087,23.382055,1,0.004822,5063.641113,6.035657,3165.391113,-0.000046,-0.040375,23.403366,1,-0.004928,4732.736816,-19.689991,-1362.819702,0.000311,0.017383,22.852398,1,-0.012681,4481.356445,-17.267744,-1364.178589,0.000281,0.017400,22.841888,-26.313808,19592.744141,-3551.348145,9.953613,22.532104,-0.009766,0.000000,0.000000,0.000000,0.000000,0.000000,0.000000,0.000000,0.000000,0.000000
108,1.800000,-0.002563,0.000275,-7.608643,-0.005298,-0.000236,-7.786101,0.000398,-0.000063,7.785923,5098.297,0,0.000000,4,2,23.569950,1,0,0,-0.005007,0.999964,-0.006846,0.999987,0.005004,-0.000433,-0.001512,-0.000470,0.000000,0.000000,0.000000,1,0.012602,5315.889160,10.482605,3136.993896,-0.000080,-0.040013,23.559599,1,0.004862,5064.884277,10.375910,3142.645996,-0.000078,-0.040085,23.580305,1,-0.004965,4732.243164,-17.107437,-1335.718018,0.000277,0.017037,23.029728,1,-0.012705,4481.210938,-14.685120,-1349.857300,0.000246,0.017218,23.019417,-12.468493,19594.437500,-3563.748779,15.029785,-3.332764,2.385254,0.000000,0.000000,0.000000,0.000000,0.000000,0.000000,0.000000,0.000000,0.000000
109,1.816667,-0.002686,0.000270,-7.739380,-0.005506,-0.000316,-7.845497,0.000397,-0.000114,7.845316,5136.926,0,0.000000,4,2,23.746365,1,0,0,-0.005000,0.999964,-0.006868,0.999987,0.004997,-0.000431,-0.001337,-0.000420,0.000000,0.000000,0.000000,1,0.012629,5316.543457,13.440126,3110.752197,-0.000114,-0.039678,23.736032,1,0.004899,5065.684570,13.333447,3118.228760,-0.000112,-0.039773,23.756701,1,-0.004996,4732.132324,-13.477316,-1357.883911,0.000238,0.017320,23.203098,1,-0.012725,4481.262695,-11.054985,-1350.859863,0.000207,0.017230,23.194853,0.746032,19596.042969,-3489.462646,6.685547,15.986816,4.281006,0.000000,0.000000,0.000000,0.000000,0.000000,0.000000,0.000000,0.000000,0.000000
110,1.833333,-0.002808,0.000264,-7.871094,-0.005494,-0.000371,-7.903655,0.000399,0.000132,7.903471,5175.375,0,0.000000,4,2,23.922159,1,0,0,-0.004995,0.999964,-0.006889,0.999987,0.004992,-0.000433,-0.001260,-0.000328,0.000000,0.000000,0.000000,1,0.012656,5317.504883,16.899712,3114.508789,-0.000152,-0.039726,23.911877,1,0.004934,5066.560547,16.792988,3111.639893,-0.000150,-0.039689,23.932446,1,-0.005022,4731.851562,-11.858716,-1312.541382,0.000206,0.016742,23.379707,1,-0.012744,4480.905273,-9.436428,-1325.502441,0.000175,0.016907,23.370436,10.864902,19597.380859,-3556.877441,18.102539,-9.804077,5.356445,0.000000,0.000000,0.000000,0.000000,0.000000,0.000000,0.000000,0.000000,0.000000
111,1.850000,-0.002930,0.000257,-8.003784,-0.005313,-0.000411,-7.962936,0.000399,-0.000018,7.962751,5213.688,0,0.000000,4,2,24.096838,1,0,0,-0.004991,0.999964,-0.006907,0.999988,0.004988,-0.000433,-0.001048,-0.000215,0.000000,0.000000,0.000000,1,0.012680,5317.989258,18.464157,3075.316650,-0.000183,-0.039226,24.086432,1,0.004965,5066.782715,18.357464,3080.146484,-0.000181,-0.039288,24.107248,1,-0.005043,4732.227051,-9.377922,-1363.454834,0.000174,0.017391,23.549692,1,-0.012758,4481.029297,-6.955606,-1351.520752,0.000143,0.017239,23.542315,19.019585,19598.701172,-3408.792725,-2.652832,15.609985,5.882324,0.000000,0.000000,0.000000,0.000000,0.000000,0.000000,0.000000,0.000000,0.000000
112,1.866667,-0.003052,0.000250,-8.137451,-0.004996,-0.000428,-8.019750,0.000402,0.000222,8.019562,5251.759,0,0.000000,4,2,24.271072,1,0,0,-0.004990,0.999964,-0.006925,0.999987,0.004987,-0.000437,-0.001079,-0.000090,0.000000,0.000000,0.000000,1,0.012708,5319.261230,20.544443,3098.205322,-0.000212,-0.039518,24.260674,1,0.004994,5067.630859,20.437593,3092.449463,-0.000211,-0.039445,24.281475,1,-0.005061,4731.801758,-9.407733,-1276.662964,0.000154,0.016284,23.727116,1,-0.012775,4480.171387,-6.985568,-1292.390381,0.000123,0.016485,23.717995,23.026958,19599.568359,-3589.455078,24.920410,-15.319458,5.579834,0.000000,0.000000,0.000000,0.000000,0.000000,0.000000,0.000000,0.000000,0.000000
113,1.883333,-0.003174,0.000242,-8.272095,-0.004612,-0.000438,-8.079574,0.000402,-0.000013,8.079384,5289.732,0,0.000000,4,2,24.443779,1,0,0,-0.004990,0.999964,-0.006938,0.999988,0.004987,-0.000437,-0.000787,0.000027,0.000000,0.000000,0.000000,1,0.012731,5319.383301,20.381933,3030.454102,-0.000230,-0.038654,24.433208,1,0.005017,5067.276855,20.275187,3037.198486,-0.000229,-0.038740,24.454353,1,-0.005072,4732.714844,-8.189291,-1462.086914,0.000135,0.017162,23.891861,1,-0.012786,4480.608887,-5.767025,-1485.811157,0.000105,0.017400,23.885036,25.357298,19600.759766,-3087.126953,-42.634766,-18.104858,5.017090,0.000000,0.000000,0.000000,0.000000,0.000000,0.000000,0.000000,0.000000,0.000000
114,1.900000,-0.003296,0.000235,-8.407593,-0.004189,-0.000419,-8.131025,0.000397,-0.000292,8.130833,5327.372,0,0.000000,4,2,24.616547,1,0,0,-0.004992,0.999963,-0.006959,0.999987,0.004989,-0.000432,-0.001287,0.000132,0.000000,0.000000,0.000000,1,0.012765,5322.150879,7.758925,3156.201416,-0.000099,-0.040258,24.606016,1,0.005047,5069.537598,7.391459,3163.690430,-0.000094,-0.040353,24.627081,1,-0.005093,4730.445801,-6.877108,-1049.137207,0.000118,0.013382,24.083691,1,-0.012810,4477.832520,-4.454662,-1009.746094,0.000087,0.012879,24.080332,1.995467,19600.601562,-4227.954590,118.975586,87.833923,1.096924,0.000000,0.000000,0.000000,0.000000,0.000000,0.000000,0.000000,0.000000,0.000000
115,1.916667,-0.003418,0.000228,-8.544312,-0.004156,-0.000434,-8.201491,0.000415,0.001060,8.201297,5365.026,0,0.000000,4,2,24.785566,1,0,0,-0.004995,0.999963,-0.006957,0.999987,0.004992,-0.000450,0.000108,0.000161,0.000000,0.000000,0.000000,1,0.012772,5318.281250,13.753249,2847.437500,-0.000127,-0.036319,24.775091,1,0.005050,5065.416016,13.385466,2824.643311,-0.000123,-0.036029,24.796047,1,-0.005081,4735.775391,-12.808752,-1278.896118,0.000135,0.014470,24.215200,1,-0.012803,4482.910156,-10.387196,-1256.052490,0.000104,0.014046,24.206087,2.549607,19603.335938,-3103.502930,-54.017090,-1.468750,1.352539,0.000000,0.000000,0.000000,0.000000,0.000000,0.000000,0.000000,0.000000,0.000000
116,1.933333,-0.003540,0.000222,-8.681885,-0.004114,-0.000377,-8.253217,0.000432,0.001037,8.253020,5401.863,0,0.000000,4,2,24.959938,1,0,0,-0.004998,0.999963,-0.006966,0.999987,0.004995,-0.000467,-0.000525,0.000189,0.000000,0.000000,0.000000,1,0.012791,5320.732422,15.137092,2979.786865,-0.000152,-0.038007,24.949003,1,0.005064,5067.600586,14.769099,2956.482422,-0.000147,-0.037710,24.970877,1,-0.005085,4733.395020,-14.774076,-1350.810669,0.000155,0.015494,24.380272,1,-0.012811,4480.274414,-12.352442,-1337.933105,0.000124,0.015167,24.367821,1.280532,19602.718750,-3213.469482,-24.628906,-15.880493,0.732666,0.000000,0.000000,0.000000,0.000000,0.000000,0.000000,0.000000,0.000000,0.000000
117,1.950000,-0.003662,0.000216,-8.820312,-0.004092,-0.000335,-8.306774,0.000445,0.000793,8.306575,5439.866,0,0.000000,4,2,25.130394,1,0,0,-0.005002,0.999963,-0.006980,0.999987,0.004999,-0.000480,-0.000813,0.000203,0.000000,0.000000,0.000000,1,0.012815,5322.301270,15.474450,3036.108154,-0.000169,-0.038726,25.118990,1,0.005083,5068.912598,15.106345,3023.357666,-0.000164,-0.038563,25.141802,1,-0.005095,4731.955566,-15.708216,-1412.532837,0.000172,0.016431,24.555847,1,-0.012827,4478.558105,-13.286354,-1408.113281,0.000141,0.016204,24.541515,0.048141,19602.269531,-3204.319824,-17.487305,-17.634766,0.118652,0.000000,0.000000,0.000000,0.000000,0.000000,0.000000,0.000000,0.000000,0.000000
118,1.966667,-0.003784,0.000211,-8.959595,-0.004091,-0.000300,-8.360180,0.000454,0.000522,8.359978,5477.016,0,0.000000,4,2,25.298367,1,0,0,-0.005005,0.999963,-0.006996,0.999987,0.005002,-0.000489,-0.001017,0.000204,0.000000,0.000000,0.000000,1,0.012843,5323.718262,15.320189,3077.573975,-0.000179,-0.039255,25.286671,1,0.005106,5070.198730,13.534102,3074.473389,-0.000173,-0.039215,25.310068,1,-0.005111,4730.643555,-16.070593,-1219.866333,0.000184,0.015560,24.740438,1,-0.012848,4477.101562,-13.648760,-1291.972656,0.000153,0.016479,24.725462,-2.627728,19602.095703,-3605.261963,41.049805,-60.554077,-1.052734,0.000000,0.000000,0.000000,0.000000,0.000000,0.000000,0.000000,0.000000,0.000000
119,1.983333,-0.003906,0.000207,-9.099976,-0.004135,-0.000279,-8.420268,0.000447,-0.000410,8.420064,5513.624,0,0.000000,4,2,25.464165,1,0,0,-0.005008,0.999963,-0.007005,0.999987,0.005005,-0.000482,-0.000536,0.000179,0.000000,0.000000,0.000000,1,0.012860,5322.739746,12.480976,2945.027100,-0.000171,-0.037564,25.452341,1,0.005119,5069.151367,12.012579,2979.260254,-0.000165,-0.038001,25.475994,1,-0.005117,4732.007812,-12.245447,-1417.161255,0.000174,0.016494,24.896887,1,-0.012858,4478.426758,-9.823566,-1360.624512,0.000143,0.017355,24.892443,0.924920,19602.798828,-3111.052979,-30.091797,74.006104,-0.012207,0.000000,0.000000,0.000000,0.000000,0.000000,0.000000,0.000000,0.000000,0.000000
120,2.000000,-0.004028,0.000203,-9.241211,-0.004120,-0.000234,-8.472119,0.000459,0.000729,8.471914,5549.759,0,0.000000,4,2,25.631025,1,0,0,-0.005011,0.999963,-0.007020,0.999987,0.005008,-0.000494,-0.000888,0.000182,0.000000,0.000000,0.000000,1,0.012884,5324.473633,16.150085,3041.352295,-0.000184,-0.038793,25.619703,1,0.005138,5070.713867,15.681594,3026.630859,-0.000178,-0.038605,25.642353,1,-0.005131,4730.229980,-17.483929,-1129.852417,0.000192,0.014411,25.082155,1,-0.012877,4476.479492,-15.062141,-1194.970459,0.000161,0.015242,25.069452,-2.547374,19602.210938,-3707.272705,56.674316,-69.473877,-1.362061,0.000000,0.000000,0.000000,0.000000,0.000000,0.000000,0.000000,0.000000,0.000000
121,2.016667,-0.004150,0.000199,-9.383423,-0.004162,-0.000215,-8.533907,0.000453,-0.000340,8.533700,5586.125,0,0.000000,4,2,25.795170,1,0,0,-0.005014,0.999963,-0.007024,0.999987,0.005010,-0.000489,-0.000223,0.000150,0.000000,0.000000,0.000000,1,0.012894,5322.675781,12.931079,2857.777100,-0.000177,-0.036451,25.783525,1,0.005143,5068.915527,12.462667,2889.698486,-0.000171,-0.036858,25.806818,1,-0.005131,4732.437012,-13.492693,-1338.551636,0.000185,0.015399,25.225454,1,-0.012881,4478.677246,-11.070826,-1405.589966,0.000154,0.016239,25.222263,-0.619737,19603.107422,-2966.921387,-50.881348,-31.030396,-1.058105,0.000000,0.000000,0.000000,0.000000,0.000000,0.000000,0.000000,0.000000,0.000000
122,2.033333,-0.004272,0.000197,-9.526489,-0.004173,-0.000162,-8.583356,0.000440,-0.000818,8.583145,5621.899,0,0.000000,4,2,25.961292,1,0,0,-0.005016,0.999963,-0.007038,0.999987,0.005013,-0.000475,-0.000819,0.000125,0.000000,0.000000,0.000000,1,0.012914,5324.985352,10.753108,2974.463135,-0.000162,-0.037940,25.950113,1,0.005161,5071.208984,10.284685,3007.912598,-0.000156,-0.038366,25.972475,1,-0.005145,4729.717773,-10.218548,-1258.435303,0.000164,0.016051,25.399239,1,-0.012898,4475.963379,-7.796689,-1110.910889,0.000134,0.014170,25.405840,1.323776,19602.058594,-3576.194336,42.357910,162.742615,-0.193848,0.000000,0.000000,0.000000,0.000000,0.000000,0.000000,0.000000,0.000000,0.000000
123,2.050000,-0.004395,0.000194,-9.670532,-0.004151,-0.000142,-8.642960,0.000468,0.001686,8.642746,5658.105,0,0.000000,4,2,26.123749,1,0,0,-0.005018,0.999963,-0.007043,0.999987,0.005015,-0.000503,-0.000322,0.000130,0.000000,0.000000,0.000000,1,0.012925,5323.776367,18.983667,2891.534424,-0.000192,-0.036882,26.113066,1,0.005168,5069.893066,18.514969,2843.686523,-0.000186,-0.036272,26.134436,1,-0.005148,4731.320801,-21.856651,-1448.388184,0.000207,0.016951,25.561321,1,-0.012905,4477.408203,-19.435074,-1327.724365,0.000176,0.015196,25.546373,-5.264370,19602.642578,-2921.756836,-50.434570,13.920166,-1.274170,0.000000,0.000000,0.000000,0.000000,0.000000,0.000000,0.000000,0.000000,0.000000
124,2.066667,-0.004517,0.000193,-9.815430,-0.004238,-0.000096,-8.691655,0.000500,0.001900,8.691440,5693.512,0,0.000000,4,2,26.287422,1,0,0,-0.005020,0.999962,-0.007058,0.999987,0.005016,-0.000535,-0.000913,0.000104,0.000000,0.000000,0.000000,1,0.012945,5326.050781,21.463560,3006.877197,-0.000222,-0.038353,26.275864,1,0.005186,5072.181152,20.994394,2957.663818,-0.000216,-0.037725,26.298986,1,-0.005167,4728.453613,-26.962219,-953.848511,0.000258,0.012166,25.751150,1,-0.012926,4474.582031,-24.540289,-1218.840332,0.000227,0.015546,25.718576,-11.054813,19601.267578,-3754.075684,71.105469,-288.969055,-2.074951,0.000000,0.000000,0.000000,0.000000,0.000000,0.000000,0.000000,0.000000,0.000000
125,2.083333,-0.004639,0.000191,-9.961304,-0.004423,-0.000092,-8.754223,0.000457,-0.002546,8.754006,5729.183,0,0.000000,4,2,26.447472,1,0,0,-0.005021,0.999962,-0.007059,0.999987,0.005017,-0.000493,-0.000079,0.000044,0.000000,0.000000,0.000000,1,0.012949,5323.554199,7.193786,2724.550049,-0.000174,-0.034752,26.435011,1,0.005189,5069.874023,6.725286,2838.231934,-0.000168,-0.036202,26.459938,1,-0.005166,4731.277832,-7.453229,-1183.231323,0.000197,0.013252,25.868740,1,-0.012927,4477.584473,-5.031146,-1427.106445,0.000166,0.016532,25.874874,-0.000285,19602.470703,-2914.127930,-52.638672,-74.874512,-0.745850,0.000000,0.000000,0.000000,0.000000,0.000000,0.000000,0.000000,0.000000,0.000000
126,2.100000,-0.004761,0.000190,-10.108032,-0.004423,-0.000048,-8.802792,0.000396,-0.003698,8.802572,5764.064,0,0.000000,4,2,26.610285,1,0,0,-0.005020,0.999962,-0.007071,0.999987,0.005018,-0.000431,-0.000696,0.000023,0.000000,0.000000,0.000000,1,0.012964,5325.729492,0.430991,2833.993896,-0.000111,-0.036148,26.599667,1,0.005203,5072.088867,-0.038533,2951.428223,-0.000105,-0.037646,26.620907,1,-0.005181,4728.472656,4.719681,-1263.429565,0.000102,0.014315,26.019836,1,-0.012942,4474.860840,7.140742,-1012.992065,0.000071,0.012921,26.061594,10.759909,19601.097656,-3470.261963,33.734375,371.445618,0.788086,0.000000,0.000000,0.000000,0.000000,0.000000,0.000000,0.000000,0.000000,0.000000
127,2.116667,-0.004883,0.000190,-10.255737,-0.004243,-0.000039,-8.860629,0.000429,0.002017,8.860408,5799.549,0,0.000000,4,2,26.769518,1,0,0,-0.005022,0.999962,-0.007076,0.999987,0.005019,-0.000465,-0.000300,0.000061,0.000000,0.000000,0.000000,1,0.012971,5324.848633,17.546780,2828.686768,-0.000153,-0.036080,26.760822,1,0.005208,5071.030762,17.077890,2745.914795,-0.000147,-0.035024,26.778217,1,-0.005187,4729.731934,-17.375202,-1342.806152,0.000146,0.015359,26.182648,1,-0.012949,4475.916504,-14.954372,-1238.359619,0.000115,0.013988,26.187824,0.922968,19601.550781,-2954.182373,-39.775391,-9.132263,-0.246338,0.000000,0.000000,0.000000,0.000000,0.000000,0.000000,0.000000,0.000000,0.000000
128,2.133333,-0.005005,0.000189,-10.404175,-0.004228,-0.000010,-8.909865,0.000460,0.001876,8.909642,5834.252,0,0.000000,4,2,26.929525,1,0,0,-0.005023,0.999962,-0.007089,0.999987,0.005019,-0.000496,-0.000766,0.000055,0.000000,0.000000,0.000000,1,0.012987,5326.673828,19.119572,2895.786377,-0.000187,-0.036936,26.919380,1,0.005223,5072.838379,18.649590,2832.465820,-0.000181,-0.036128,26.939674,1,-0.005204,4727.463867,-21.294165,-1391.875244,0.000193,0.016248,26.357054,1,-0.012968,4473.630371,-18.873886,-1306.512695,0.000162,0.014981,26.346973,-3.882854,19600.462891,-2990.170898,-23.420898,-22.649292,-1.527100,0.000000,0.000000,0.000000,0.000000,0.000000,0.000000,0.000000,0.000000,0.000000
129,2.150000,-0.005127,0.000189,-10.553467,-0.004293,0.000001,-8.959702,0.000486,0.001528,8.959476,5869.125,0,0.000000,4,2,27.086533,1,0,0,-0.005023,0.999962,-0.007106,0.999987,0.005020,-0.000522,-0.001040,0.000021,0.000000,0.000000,0.000000,1,0.013008,5328.075195,19.659834,2927.670166,-0.000211,-0.037343,27.075256,1,0.005243,5074.359863,19.189445,2887.464111,-0.000205,-0.036830,27.097813,1,-0.005227,4725.649902,-23.896107,-1013.221375,0.000234,0.012924,26.538628,1,-0.012992,4471.914551,-21.476231,-1178.216064,0.000203,0.015028,26.516079,-8.393766,19599.773438,-3583.555664,61.992188,-195.183594,-1.986572,0.000000,0.000000,0.000000,0.000000,0.000000,0.000000,0.000000,0.000000,0.000000
130,2.166667,-0.005249,0.000189,-10.703735,-0.004432,-0.000015,-9.019427,0.000461,-0.001475,9.019199,5903.344,0,0.000000,4,2,27.241158,1,0,0,-0.005023,0.999962,-0.007111,0.999987,0.005019,-0.000497,-0.000314,-0.000031,0.000000,0.000000,0.000000,1,0.013014,5326.047852,10.200270,2698.696045,-0.000181,-0.034422,27.229139,1,0.005250,5072.547852,9.731370,2769.272217,-0.000175,-0.035322,27.253181,1,-0.005235,4727.878906,-11.359334,-1231.653198,0.000201,0.013958,26.664890,1,-0.012998,4474.388184,-8.937975,-1386.781006,0.000170,0.016016,26.666443,-1.761872,19600.830078,-2808.859863,-50.888184,-59.771973,-0.614502,0.000000,0.000000,0.000000,0.000000,0.000000,0.000000,0.000000,0.000000,0.000000
131,2.183333,-0.005371,0.000189,-10.854858,-0.004462,0.000007,-9.066241,0.000421,-0.002395,9.066011,5937.044,0,0.000000,4,2,27.397728,1,0,0,-0.005022,0.999962,-0.007127,0.999987,0.005018,-0.000457,-0.000910,-0.000048,0.000000,0.000000,0.000000,1,0.013031,5328.291504,5.330384,2797.641113,-0.000139,-0.035684,27.386833,1,0.005269,5074.894043,4.861784,2875.014404,-0.000133,-0.036671,27.408628,1,-0.005256,4724.998535,-2.980504,-1292.635620,0.000141,0.014897,26.823061,1,-0.013019,4471.611816,-0.558845,-994.131775,0.000110,0.012680,26.847273,5.125170,19599.580078,-3344.793945,33.249512,341.920471,1.033936,0.000000,0.000000,0.000000,0.000000,0.000000,0.000000,0.000000,0.000000,0.000000
132,2.200000,-0.005493,0.000189,-11.006836,-0.004376,-0.000005,-9.121988,0.000469,0.002866,9.121757,5971.167,0,0.000000,4,2,27.550570,1,0,0,-0.005022,0.999962,-0.007135,0.999987,0.005018,-0.000505,-0.000520,-0.000006,0.000000,0.000000,0.000000,1,0.013041,5327.576660,22.015623,2780.797363,-0.000192,-0.035469,27.540920,1,0.005279,5074.041992,21.544788,2686.124756,-0.000186,-0.034262,27.560223,1,-0.005268,4726.071289,-25.771753,-1217.420410,0.000210,0.015528,26.990139,1,-0.013031,4472.527344,-23.352329,-1215.870239,0.000180,0.013730,26.970749,-7.075579,19600.113281,-2992.024414,-17.896973,-131.251587,-0.830322,0.000000,0.000000,0.000000,0.000000,0.000000,0.000000,0.000000,0.000000,0.000000
133,2.216667,-0.005615,0.000189,-11.159668,-0.004494,-0.000000,-9.171855,0.000483,0.000846,9.171620,6004.478,0,0.000000,4,2,27.703793,1,0,0,-0.005021,0.999962,-0.007147,0.999987,0.005018,-0.000519,-0.000730,-0.000032,0.000000,0.000000,0.000000,1,0.013055,5328.604492,17.616867,2757.822998,-0.000204,-0.035176,27.692492,1,0.005294,5075.176758,15.318080,2744.666260,-0.000195,-0.035008,27.715099,1,-0.005286,4724.743164,-21.541103,-1185.854004,0.000234,0.015126,27.146231,1,-0.013047,4471.315430,-19.121168,-1283.649658,0.000203,0.014711,27.126614,-9.281227,19599.687500,-2990.920654,-10.535645,-120.165955,-0.927490,0.000000,0.000000,0.000000,0.000000,0.000000,0.000000,0.000000,0.000000,0.000000
134,2.233333,-0.005737,0.000189,-11.313354,-0.004649,-0.000003,-9.221704,0.000467,-0.001002,9.221467,6037.872,0,0.000000,4,2,27.854881,1,0,0,-0.005020,0.999962,-0.007162,0.999987,0.005017,-0.000502,-0.000854,-0.000058,0.000000,0.000000,0.000000,1,0.013072,5329.458008,11.886756,2732.602051,-0.000184,-0.034855,27.843296,1,0.005312,5076.208984,11.223302,2778.060059,-0.000176,-0.035434,27.866472,1,-0.005306,4723.579590,-13.412843,-1186.695190,0.000211,0.015136,27.297710,1,-0.013066,4470.319824,-10.992389,-1128.400879,0.000180,0.014393,27.292379,-2.879490,19599.394531,-3153.046387,17.171387,83.313904,-0.384521,0.000000,0.000000,0.000000,0.000000,0.000000,0.000000,0.000000,0.000000,0.000000
135,2.250000,-0.005859,0.000189,-11.467896,-0.004697,-0.000015,-9.274254,0.000471,0.000279,9.274016,6070.801,0,0.000000,4,2,28.004065,1,0,0,-0.005019,0.999962,-0.007172,0.999987,0.005016,-0.000507,-0.000653,-0.000061,0.000000,0.000000,0.000000,1,0.013084,5329.281738,7.143103,2693.400391,-0.000091,-0.034355,27.993185,1,0.005325,5076.063477,6.803776,2693.728027,-0.000087,-0.034359,28.014948,1,-0.005322,4723.793457,-9.053334,-1195.503174,0.000115,0.015249,27.449314,1,-0.013080,4470.595215,-8.568003,-1329.257690,0.000109,0.015344,27.435467,-5.104487,19599.621094,-2819.360107,-27.345215,-86.727112,-0.016357,0.000000,0.000000,0.000000,0.000000,0.000000,0.000000,0.000000,0.000000,0.000000
136,2.266667,-0.005981,0.000189,-11.623291,-0.004782,-0.000014,-9.321243,0.000454,-0.001055,9.321003,6103.314,0,0.000000,4,2,28.152630,1,0,0,-0.005018,0.999962,-0.007189,0.999987,0.005015,-0.000490,-0.000973,-0.000067,0.000000,0.000000,0.000000,1,0.013103,5330.839355,3.545363,2718.906250,-0.000074,-0.034680,28.141697,1,0.005346,5077.725098,3.206129,2756.824219,-0.000070,-0.035164,28.163567,1,-0.005345,4721.919922,-3.125014,-1112.572632,0.000087,0.014191,27.602203,1,-0.013101,4468.796387,-2.639589,-977.697510,0.000081,0.012471,27.607895,-0.648700,19599.107422,-3342.018555,49.106934,185.502197,0.109863,0.000000,0.000000,0.000000,0.000000,0.000000,0.000000,0.000000,0.000000,0.000000
137,2.283333,-0.006104,0.000188,-11.779541,-0.004793,-0.000036,-9.376944,0.000484,0.001799,9.376702,6135.693,0,0.000000,4,2,28.298374,1,0,0,-0.005017,0.999961,-0.007195,0.999987,0.005014,-0.000520,-0.000398,-0.000053,0.000000,0.000000,0.000000,1,0.013110,5329.445312,13.041353,2616.520752,-0.000108,-0.033374,28.288027,1,0.005355,5076.312500,12.702382,2568.854980,-0.000104,-0.032766,28.308725,1,-0.005354,4723.708008,-15.864849,-1305.802002,0.000130,0.015106,27.742979,1,-0.013109,4470.575195,-15.379934,-1197.290894,0.000124,0.013510,27.728970,-6.872619,19600.033203,-2638.317383,-50.720703,27.045898,-0.125977,0.000000,0.000000,0.000000,0.000000,0.000000,0.000000,0.000000,0.000000,0.000000
138,2.300000,-0.006226,0.000188,-11.936523,-0.004907,-0.000026,-9.420916,0.000521,0.002215,9.420672,6167.458,0,0.000000,4,2,28.445101,1,0,0,-0.005017,0.999961,-0.007212,0.999987,0.005013,-0.000557,-0.000992,-0.000055,0.000000,0.000000,0.000000,1,0.013130,5331.832031,16.556101,2711.262695,-0.000147,-0.034582,28.433893,1,0.005376,5078.754883,16.216875,2657.172119,-0.000142,-0.033893,28.456312,1,-0.005377,4720.844238,-22.137632,-948.047241,0.000187,0.012092,27.911980,1,-0.013131,4467.767090,-21.652485,-1253.356323,0.000180,0.014429,27.882120,-12.757187,19599.042969,-3122.649414,27.663574,-314.168396,-0.923340,0.000000,0.000000,0.000000,0.000000,0.000000,0.000000,0.000000,0.000000,0.000000
139,2.316667,-0.006348,0.000187,-12.094360,-0.005120,-0.000045,-9.472960,0.000477,-0.002618,9.472715,6199.436,0,0.000000,4,2,28.587952,1,0,0,-0.005015,0.999961,-0.007223,0.999987,0.005011,-0.000513,-0.000668,-0.000092,0.000000,0.000000,0.000000,1,0.013142,5331.242188,1.534238,2540.218262,-0.000099,-0.032401,28.575775,1,0.005391,5078.387695,1.194485,2645.326660,-0.000095,-0.033741,28.600134,1,-0.005393,4721.419434,-0.936679,-1152.929443,0.000122,0.013062,28.028723,1,-0.013144,4468.575684,-0.452057,-1049.983643,0.000116,0.013393,28.043461,-0.166270,19599.572266,-2937.765137,-0.208496,215.972534,1.205078,0.000000,0.000000,0.000000,0.000000,0.000000,0.000000,0.000000,0.000000,0.000000
140,2.333333,-0.006470,0.000186,-12.253052,-0.005123,-0.000050,-9.521922,0.000489,0.000704,9.521675,6230.569,0,0.000000,4,2,28.730619,1,0,0,-0.005014,0.999961,-0.007234,0.999987,0.005010,-0.000525,-0.000671,-0.000054,0.000000,0.000000,0.000000,1,0.013156,5331.799805,11.188421,2568.043945,-0.000115,-0.032756,28.720156,1,0.005406,5078.825195,10.849125,2554.612793,-0.000111,-0.032584,28.741087,1,-0.005408,4721.031250,-12.511532,-1219.057983,0.000136,0.013985,28.175394,1,-0.013158,4468.069824,-12.026454,-1249.131836,0.000130,0.014336,28.175095,-3.869477,19599.699219,-2609.132812,-39.824219,-40.647156,-0.154053,0.000000,0.000000,0.000000,0.000000,0.000000,0.000000,0.000000,0.000000,0.000000
141,2.350000,-0.006592,0.000185,-12.412476,-0.005187,-0.000047,-9.565408,0.000490,0.000079,9.565158,6261.663,0,0.000000,4,2,28.871840,1,0,0,-0.005013,0.999961,-0.007253,0.999987,0.005009,-0.000526,-0.001137,-0.000060,0.000000,0.000000,0.000000,1,0.013178,5333.889648,5.309171,2623.899414,-0.000068,-0.033468,28.861097,1,0.005430,5081.023438,5.057477,2628.414062,-0.000065,-0.033526,28.882586,1,-0.005434,4718.500488,-10.467409,-1044.567383,0.000135,0.013324,28.331724,1,-0.013183,4465.616699,-9.982420,-962.572876,0.000129,0.012278,28.335817,-11.766462,19598.886719,-3199.420410,48.991699,91.199158,-1.031982,0.000000,0.000000,0.000000,0.000000,0.000000,0.000000,0.000000,0.000000,0.000000
142,2.366667,-0.006714,0.000184,-12.572754,-0.005383,-0.000072,-9.618731,0.000515,0.001482,9.618479,6292.440,0,0.000000,4,2,29.009634,1,0,0,-0.005012,0.999961,-0.007262,0.999987,0.005008,-0.000551,-0.000564,-0.000076,0.000000,0.000000,0.000000,1,0.013190,5332.586914,11.807297,2494.528564,-0.000098,-0.031818,28.998917,1,0.005443,5079.831055,11.555613,2464.931885,-0.000095,-0.031440,29.020355,1,-0.005447,4720.150879,-17.465996,-1238.676392,0.000168,0.014243,28.462566,1,-0.013194,4467.373047,-16.981617,-1174.075439,0.000161,0.013279,28.454683,-12.462297,19599.984375,-2500.443115,-50.272949,2.639282,-0.365723,0.000000,0.000000,0.000000,0.000000,0.000000,0.000000,0.000000,0.000000,0.000000
143,2.383333,-0.006836,0.000183,-12.733765,-0.005591,-0.000062,-9.660405,0.000540,0.001523,9.660151,6322.472,0,0.000000,4,2,29.148272,1,0,0,-0.005011,0.999961,-0.007281,0.999987,0.005007,-0.000577,-0.001153,-0.000084,0.000000,0.000000,0.000000,1,0.013212,5335.048340,14.176250,2577.080566,-0.000129,-0.032871,29.137003,1,0.005468,5082.400391,13.923705,2548.571777,-0.000126,-0.032507,29.159544,1,-0.005473,4717.165039,-20.431248,-957.482239,0.000202,0.012213,28.621763,1,-0.013218,4464.535156,-19.947330,-1073.770020,0.000196,0.013696,28.604443,-14.035761,19599.044922,-3047.732422,35.437012,-139.057373,-0.378662,0.000000,0.000000,0.000000,0.000000,0.000000,0.000000,0.000000,0.000000,0.000000
144,2.400000,-0.006958,0.000182,-12.895630,-0.005825,-0.000082,-9.711201,0.000530,-0.000617,9.710944,6352.688,0,0.000000,4,2,29.283052,1,0,0,-0.005009,0.999961,-0.007294,0.999987,0.005005,-0.000566,-0.000738,-0.000100,0.000000,0.000000,0.000000,1,0.013227,5334.294922,8.738089,2424.127197,-0.000123,-0.030920,29.271250,1,0.005485,5081.773926,8.486393,2469.728760,-0.000119,-0.031502,29.294859,1,-0.005490,4718.067383,-11.653847,-1154.615967,0.000182,0.013146,28.739885,1,-0.013232,4465.568359,-11.169080,-1145.138184,0.000176,0.014606,28.739550,-7.039341,19599.716797,-2546.945801,-34.495117,42.742981,0.747070,0.000000,0.000000,0.000000,0.000000,0.000000,0.000000,0.000000,0.000000,0.000000
145,2.416667,-0.007080,0.000180,-13.058228,-0.005942,-0.000079,-9.753650,0.000531,0.000041,9.753390,6382.062,0,0.000000,4,2,29.418013,1,0,0,-0.005008,0.999961,-0.007313,0.999987,0.005004,-0.000567,-0.001142,-0.000082,0.000000,0.000000,0.000000,1,0.013250,5336.289062,9.636855,2484.530762,-0.000123,-0.031690,29.406925,1,0.005510,5083.794922,9.180694,2499.328125,-0.000117,-0.031879,29.429104,1,-0.005516,4715.852051,-13.004283,-1062.529663,0.000176,0.013553,28.886803,1,-0.013256,4463.339355,-12.519734,-1018.662842,0.000170,0.012993,28.885082,-8.323678,19599.210938,-2855.096680,17.424316,46.048035,0.555176,0.000000,0.000000,0.000000,0.000000,0.000000,0.000000,0.000000,0.000000,0.000000
146,2.433333,-0.007202,0.000179,-13.221558,-0.006081,-0.000094,-9.801234,0.000543,0.000749,9.800973,6411.476,0,0.000000,4,2,29.549852,1,0,0,-0.005007,0.999961,-0.007328,0.999987,0.005003,-0.000580,-0.000938,-0.000067,0.000000,0.000000,0.000000,1,0.013269,5336.364258,14.194557,2422.106689,-0.000144,-0.030894,29.538965,1,0.005531,5083.854004,13.737965,2417.339844,-0.000139,-0.030833,29.560743,1,-0.005537,4715.937500,-13.936664,-1105.275391,0.000178,0.014098,29.020269,1,-0.013275,4463.449219,-13.189600,-1211.109985,0.000168,0.013904,29.012140,-0.626555,19599.609375,-2475.030518,-32.654297,-105.379272,1.537842,0.000000,0.000000,0.000000,0.000000,0.000000,0.000000,0.000000,0.000000,0.000000
147,2.450000,-0.007324,0.000177,-13.385620,-0.006092,-0.000093,-9.842484,0.000528,-0.000872,9.842220,6440.209,0,0.000000,4,2,29.680950,1,0,0,-0.005006,0.999960,-0.007350,0.999987,0.005002,-0.000565,-0.001321,-0.000041,0.000000,0.000000,0.000000,1,0.013296,5338.453613,9.574974,2442.588135,-0.000136,-0.031155,29.669935,1,0.005559,5085.878906,9.118718,2482.989990,-0.000130,-0.031671,29.691969,1,-0.005567,4713.714844,-7.817817,-1004.086365,0.000149,0.012807,29.159979,1,-0.013304,4461.110840,-7.070693,-873.442566,0.000139,0.011141,29.167309,2.112164,19599.082031,-2999.615234,46.533203,150.746094,1.690430,0.000000,0.000000,0.000000,0.000000,0.000000,0.000000,0.000000,0.000000,0.000000
148,2.466667,-0.007446,0.000175,-13.550537,-0.006056,-0.000114,-9.892478,0.000553,0.001448,9.892212,6468.782,0,0.000000,4,2,29.808949,1,0,0,-0.005006,0.999960,-0.007363,0.999987,0.005002,-0.000589,-0.000775,0.000004,0.000000,0.000000,0.000000,1,0.013313,5337.502930,17.497017,2335.533203,-0.000168,-0.029790,29.798569,1,0.005576,5084.754883,17.041052,2308.693604,-0.000163,-0.029448,29.819332,1,-0.005583,4715.199707,-17.917629,-1189.281982,0.000178,0.013684,29.284908,1,-0.013320,4462.460449,-17.170835,-1080.419678,0.000169,0.012121,29.273155,-1.920151,19599.988281,-2325.594727,-47.519043,21.644714,1.483643,0.000000,0.000000,0.000000,0.000000,0.000000,0.000000,0.000000,0.000000,0.000000
149,2.483333,-0.007568,0.000174,-13.716064,-0.006088,-0.000105,-9.931238,0.000582,0.001781,9.930970,6496.679,0,0.000000,4,2,29.937576,1,0,0,-0.005007,0.999960,-0.007385,0.999987,0.005003,-0.000619,-0.001332,0.000036,0.000000,0.000000,0.000000,1,0.013342,5340.153320,20.392105,2413.802246,-0.000202,-0.030788,29.926699,1,0.005604,5087.249023,19.936047,2379.391846,-0.000197,-0.030349,29.948458,1,-0.005611,4712.377930,-22.882360,-862.255432,0.000221,0.010998,29.436890,1,-0.013349,4459.473633,-22.135263,-1133.430420,0.000211,0.012988,29.409235,-6.391617,19599.195312,-2748.191406,23.387695,-290.336731,-0.027588,0.000000,0.000000,0.000000,0.000000,0.000000,0.000000,0.000000,0.000000,0.000000
150,2.500000,-0.007690,0.000172,-13.882324,-0.006195,-0.000121,-9.977041,0.000538,-0.002686,9.976769,6524.711,0,0.000000,4,2,30.062439,1,0,0,-0.005007,0.999960,-0.007403,0.999987,0.005003,-0.000575,-0.001058,0.000018,0.000000,0.000000,0.000000,1,0.013365,5340.094238,6.307633,2263.883057,-0.000157,-0.028876,30.050936,1,0.005626,5087.237793,5.850673,2367.359131,-0.000151,-0.030196,30.073948,1,-0.005633,4712.634766,-2.598926,-1052.980347,0.000151,0.011901,29.541101,1,-0.013372,4459.767090,-1.851581,-932.542908,0.000141,0.011895,29.553057,6.218538,19599.771484,-2595.954102,1.516113,206.237305,1.725830,0.000000,0.000000,0.000000,0.000000,0.000000,0.000000,0.000000,0.000000,0.000000
151,2.516667,-0.007812,0.000170,-14.049316,-0.006091,-0.000124,-10.020308,0.000546,0.000487,10.020035,6551.924,0,0.000000,4,2,30.186708,1,0,0,-0.005008,0.999960,-0.007420,0.999987,0.005004,-0.000583,-0.001041,0.000067,0.000000,0.000000,0.000000,1,0.013388,5340.871582,15.207412,2282.065430,-0.000171,-0.029108,30.176903,1,0.005648,5087.779785,14.751101,2276.474121,-0.000165,-0.029037,30.196518,1,-0.005654,4712.068359,-9.326574,-1111.470337,0.000119,0.012746,29.673172,1,-0.013394,4458.974121,-8.826665,-1120.283203,0.000113,0.012784,29.667536,10.479795,19599.718750,-2276.590332,-36.497070,-24.864136,1.856934,0.000000,0.000000,0.000000,0.000000,0.000000,0.000000,0.000000,0.000000,0.000000
152,2.533333,-0.007935,0.000168,-14.216919,-0.005917,-0.000121,-10.058250,0.000547,0.000104,10.057974,6579.008,0,0.000000,4,2,30.309464,1,0,0,-0.005010,0.999960,-0.007445,0.999987,0.005006,-0.000585,-0.001468,0.000104,0.000000,0.000000,0.000000,1,0.013420,5343.324707,2.917001,2330.442627,-0.000037,-0.029725,30.299524,1,0.005678,5089.979980,2.778784,2334.001953,-0.000035,-0.029770,30.319407,1,-0.005685,4709.670898,-2.625044,-885.165649,0.000033,0.011290,29.813787,1,-0.013427,4456.356934,-2.483927,-869.657471,0.000032,0.011093,29.809439,-1.084512,19599.289062,-2859.039062,52.725586,59.424133,-0.055664,0.000000,0.000000,0.000000,0.000000,0.000000,0.000000,0.000000,0.000000,0.000000
153,2.550000,-0.008057,0.000165,-14.385376,-0.005935,-0.000141,-10.105901,0.000564,0.001019,10.105623,6605.762,0,0.000000,4,2,30.428896,1,0,0,-0.005012,0.999960,-0.007459,0.999987,0.005007,-0.000602,-0.000851,0.000107,0.000000,0.000000,0.000000,1,0.013441,5342.173340,6.597578,2192.582275,-0.000055,-0.027967,30.418978,1,0.005695,5088.739258,6.459087,2177.405273,-0.000053,-0.027773,30.438818,1,-0.005701,4711.369629,-8.143298,-1070.062500,0.000060,0.012166,29.921347,1,-0.013446,4457.906738,-8.002456,-1067.925903,0.000058,0.012031,29.914732,-4.402068,19600.304688,-2180.933594,-44.316895,-3.238770,-0.694336,0.000000,0.000000,0.000000,0.000000,0.000000,0.000000,0.000000,0.000000,0.000000
154,2.566667,-0.008179,0.000163,-14.554443,-0.006008,-0.000128,-10.142250,0.000580,0.000969,10.141969,6631.792,0,0.000000,4,2,30.549082,1,0,0,-0.005013,0.999959,-0.007482,0.999987,0.005009,-0.000618,-0.001370,0.000092,0.000000,0.000000,0.000000,1,0.013471,5344.666992,7.363855,2258.596436,-0.000069,-0.028809,30.538866,1,0.005723,5091.208984,7.225192,2244.643555,-0.000067,-0.028631,30.559299,1,-0.005729,4708.564453,-10.341125,-919.585571,0.000086,0.011729,30.055914,1,-0.013477,4455.104980,-10.200455,-944.844116,0.000085,0.012052,30.048986,-7.552718,19599.527344,-2587.375244,23.341797,-23.101379,-1.116699,0.000000,0.000000,0.000000,0.000000,0.000000,0.000000,0.000000,0.000000,0.000000
155,2.583333,-0.008301,0.000161,-14.724243,-0.006134,-0.000139,-10.185373,0.000591,0.000613,10.185089,6657.985,0,0.000000,4,2,30.665661,1,0,0,-0.005015,0.999959,-0.007500,0.999987,0.005010,-0.000628,-0.001097,0.000067,0.000000,0.000000,0.000000,1,0.013496,5344.624023,7.017713,2169.797119,-0.000077,-0.027676,30.655170,1,0.005746,5091.220703,6.879013,2172.871094,-0.000075,-0.027715,30.676155,1,-0.005751,4708.763184,-10.724501,-1092.906860,0.000105,0.012550,30.168501,1,-0.013501,4455.368652,-10.583865,-1125.336304,0.000103,0.012906,30.165262,-8.715100,19600.037109,-2072.550781,-41.848633,-26.012268,-0.580078,0.000000,0.000000,0.000000,0.000000,0.000000,0.000000,0.000000,0.000000,0.000000
156,2.600000,-0.008423,0.000159,-14.894531,-0.006279,-0.000130,-10.219915,0.000594,0.000213,10.219627,6683.394,0,0.000000,4,2,30.781643,1,0,0,-0.005016,0.999959,-0.007526,0.999987,0.005011,-0.000632,-0.001587,0.000053,0.000000,0.000000,0.000000,1,0.013530,5347.180664,1.298286,2240.067627,-0.000017,-0.028572,30.771164,1,0.005779,5093.766602,1.236222,2249.945068,-0.000016,-0.028698,30.792124,1,-0.005785,4705.905762,-9.933687,-789.605530,0.000113,0.010071,30.306404,1,-0.013536,4452.513672,-9.792893,-743.655151,0.000111,0.009485,30.307903,-19.028496,19599.308594,-2904.519043,79.938477,71.930115,-2.571045,0.000000,0.000000,0.000000,0.000000,0.000000,0.000000,0.000000,0.000000,0.000000
157,2.616667,-0.008545,0.000156,-15.065674,-0.006596,-0.000156,-10.268324,0.000616,0.001320,10.268035,6708.671,0,0.000000,4,2,30.893904,1,0,0,-0.005016,0.999959,-0.007537,0.999987,0.005011,-0.000654,-0.000650,0.000004,0.000000,0.000000,0.000000,1,0.013546,5344.834473,6.373150,2048.466309,-0.000041,-0.026128,30.883553,1,0.005795,5091.637207,6.310925,2036.283936,-0.000040,-0.025973,30.904259,1,-0.005797,4708.762207,-15.711308,-979.470947,0.000146,0.010970,30.400003,1,-0.013548,4455.536133,-15.570680,-946.875549,0.000144,0.010448,30.394791,-19.975630,19600.972656,-2105.673340,-39.886719,0.659546,-2.286865,0.000000,0.000000,0.000000,0.000000,0.000000,0.000000,0.000000,0.000000,0.000000
158,2.633333,-0.008667,0.000154,-15.237427,-0.006929,-0.000135,-10.303418,0.000638,0.001330,10.303126,6733.137,0,0.000000,4,2,31.008078,1,0,0,-0.005015,0.999959,-0.007556,0.999987,0.005010,-0.000676,-0.001118,-0.000045,0.000000,0.000000,0.000000,1,0.013569,5346.856445,8.604782,2101.574951,-0.000066,-0.026806,30.997484,1,0.005820,5093.878906,8.542903,2089.107910,-0.000065,-0.026647,31.018675,1,-0.005821,4706.194824,-17.993071,-1029.749268,0.000177,0.011774,30.521338,1,-0.013571,4453.205078,-17.852665,-1007.791321,0.000175,0.011341,30.511362,-20.118408,19600.187500,-2100.050781,-26.393555,-19.307922,-1.912842,0.000000,0.000000,0.000000,0.000000,0.000000,0.000000,0.000000,0.000000,0.000000
159,2.650000,-0.008789,0.000152,-15.409790,-0.007265,-0.000127,-10.338419,0.000656,0.001032,10.338124,6758.021,0,0.000000,4,2,31.118940,1,0,0,-0.005014,0.999959,-0.007579,0.999987,0.005009,-0.000694,-0.001427,-0.000086,0.000000,0.000000,0.000000,1,0.013598,5348.640625,9.865442,2131.131348,-0.000088,-0.027183,31.108099,1,0.005851,5095.900879,9.803503,2127.859375,-0.000088,-0.027141,31.129786,1,-0.005853,4703.969727,-18.505478,-830.662415,0.000199,0.010595,30.650015,1,-0.013601,4451.214844,-18.364771,-901.789795,0.000197,0.011502,30.636833,-18.916090,19599.695312,-2473.086182,33.458008,-81.064880,-0.783203,0.000000,0.000000,0.000000,0.000000,0.000000,0.000000,0.000000,0.000000,0.000000
160,2.666667,-0.008911,0.000149,-15.582764,-0.007580,-0.000138,-10.379637,0.000652,-0.000215,10.379342,6782.183,0,0.000000,4,2,31.226919,1,0,0,-0.005012,0.999959,-0.007597,0.999987,0.005007,-0.000690,-0.001035,-0.000108,0.000000,0.000000,0.000000,1,0.013620,5348.141602,3.414632,2015.036621,-0.000044,-0.025702,31.215984,1,0.005875,5095.552246,3.253336,2051.810791,-0.000041,-0.026171,31.237858,1,-0.005876,4704.535645,-13.018038,-1002.805237,0.000187,0.011410,30.749611,1,-0.013621,4451.984375,-12.877321,-962.059814,0.000185,0.012271,30.746820,-20.638588,19600.277344,-2048.101562,-25.770996,58.525574,-0.687256,0.000000,0.000000,0.000000,0.000000,0.000000,0.000000,0.000000,0.000000,0.000000
161,2.683333,-0.009033,0.000147,-15.756348,-0.007924,-0.000129,-10.413772,0.000663,0.000686,10.413473,6805.716,0,0.000000,4,2,31.334682,1,0,0,-0.005010,0.999958,-0.007619,0.999987,0.005005,-0.000702,-0.001337,-0.000119,0.000000,0.000000,0.000000,1,0.013647,5349.903320,8.496993,2063.151855,-0.000068,-0.026316,31.324329,1,0.005905,5097.489746,8.335728,2066.480469,-0.000066,-0.026358,31.345039,1,-0.005906,4702.515625,-6.561387,-829.653503,0.000084,0.010582,30.874353,1,-0.013648,4450.082031,-6.210015,-861.413696,0.000079,0.010987,30.865610,2.391636,19600.003906,-2384.345703,28.244629,-10.775696,1.869141,0.000000,0.000000,0.000000,0.000000,0.000000,0.000000,0.000000,0.000000,0.000000
162,2.700000,-0.009155,0.000145,-15.930542,-0.007884,-0.000135,-10.453510,0.000672,0.000520,10.453209,6829.202,0,0.000000,4,2,31.439642,1,0,0,-0.005009,0.999958,-0.007635,0.999987,0.005004,-0.000710,-0.001006,-0.000080,0.000000,0.000000,0.000000,1,0.013668,5349.687500,9.115348,1972.243164,-0.000086,-0.025156,31.429312,1,0.005928,5097.179199,8.953838,1983.913818,-0.000084,-0.025305,31.449976,1,-0.005928,4703.020508,-5.193161,-994.766418,0.000066,0.011364,30.973803,1,-0.013668,4450.510254,-4.915192,-1034.207886,0.000063,0.011806,30.969700,6.633033,19600.480469,-1872.551514,-41.004883,-18.183533,2.238770,0.000000,0.000000,0.000000,0.000000,0.000000,0.000000,0.000000,0.000000,0.000000
163,2.716667,-0.009277,0.000143,-16.105225,-0.007773,-0.000120,-10.484719,0.000676,0.000240,10.484414,6852.078,0,0.000000,4,2,31.544226,1,0,0,-0.005008,0.999958,-0.007660,0.999987,0.005003,-0.000714,-0.001486,-0.000034,0.000000,0.000000,0.000000,1,0.013699,5352.180176,8.726511,2036.101318,-0.000095,-0.025971,31.534058,1,0.005960,5099.520020,8.565034,2049.810303,-0.000093,-0.026146,31.554398,1,-0.005961,4700.302734,-0.940778,-750.119629,0.000012,0.009568,31.097370,1,-0.013699,4447.662598,-0.890782,-706.251221,0.000011,0.009008,31.099030,13.621940,19599.603516,-2574.588135,64.141113,74.159485,3.373047,0.000000,0.000000,0.000000,0.000000,0.000000,0.000000,0.000000,0.000000,0.000000
164,2.733333,-0.009399,0.000141,-16.280640,-0.007546,-0.000138,-10.527629,0.000699,0.001381,10.527323,6874.871,0,0.000000,4,2,31.645363,1,0,0,-0.005009,0.999958,-0.007672,0.999987,0.005004,-0.000738,-0.000735,0.000043,0.000000,0.000000,0.000000,1,0.013716,5350.681641,12.428076,1882.958496,-0.000119,-0.024017,31.635393,1,0.005976,5097.676758,12.265871,1871.318970,-0.000117,-0.023869,31.655336,1,-0.005975,4702.695801,-8.450099,-923.961182,0.000048,0.010391,31.185202,1,-0.013715,4449.681641,-8.400904,-893.232849,0.000047,0.009894,31.180454,6.453911,19600.875000,-1881.674683,-37.405273,0.831909,1.175293,0.000000,0.000000,0.000000,0.000000,0.000000,0.000000,0.000000,0.000000,0.000000
165,2.750000,-0.009521,0.000139,-16.456665,-0.007439,-0.000118,-10.558990,0.000722,0.001394,10.558681,6896.914,0,0.000000,4,2,31.747770,1,0,0,-0.005011,0.999958,-0.007692,0.999987,0.005005,-0.000761,-0.001173,0.000067,0.000000,0.000000,0.000000,1,0.013742,5352.840820,12.986457,1932.421875,-0.000136,-0.024648,31.737570,1,0.006000,5099.688965,12.823769,1920.360352,-0.000134,-0.024494,31.757973,1,-0.005999,4700.346680,-12.638895,-862.541809,0.000090,0.011002,31.298428,1,-0.013741,4447.194824,-12.589583,-944.277161,0.000089,0.010692,31.289190,-0.935787,19600.068359,-1990.218506,-10.776855,-97.040955,-0.045898,0.000000,0.000000,0.000000,0.000000,0.000000,0.000000,0.000000,0.000000,0.000000
166,2.766667,-0.009644,0.000137,-16.633179,-0.007454,-0.000115,-10.592161,0.000721,-0.000099,10.591849,6919.232,0,0.000000,4,2,31.847065,1,0,0,-0.005012,0.999958,-0.007713,0.999987,0.005006,-0.000759,-0.001299,0.000060,0.000000,0.000000,0.000000,1,0.013770,5354.127441,8.160722,1909.052490,-0.000124,-0.024350,31.836630,1,0.006027,5100.974121,7.998723,1940.020874,-0.000122,-0.024745,31.857504,1,-0.006026,4699.004395,-8.655789,-844.747314,0.000097,0.010775,31.402681,1,-0.013769,4445.851074,-8.606207,-779.321716,0.000097,0.009940,31.405382,-2.752697,19599.933594,-2168.907471,19.368164,76.173462,-0.274902,0.000000,0.000000,0.000000,0.000000,0.000000,0.000000,0.000000,0.000000,0.000000
167,2.783333,-0.009766,0.000135,-16.810303,-0.007500,-0.000120,-10.628309,0.000739,0.001073,10.627995,6940.873,0,0.000000,4,2,31.944332,1,0,0,-0.005013,0.999957,-0.007731,0.999987,0.005007,-0.000777,-0.001072,0.000059,0.000000,0.000000,0.000000,1,0.013794,5354.227539,9.455543,1859.454956,-0.000121,-0.023718,31.934387,1,0.006050,5101.027832,9.007337,1856.125854,-0.000115,-0.023675,31.954281,1,-0.006048,4699.093262,-15.566439,-864.600220,0.000135,0.011028,31.504335,1,-0.013793,4445.871094,-15.516805,-944.773804,0.000134,0.010724,31.497480,-14.062306,19600.248047,-1849.717529,-21.762207,-91.213928,-1.233887,0.000000,0.000000,0.000000,0.000000,0.000000,0.000000,0.000000,0.000000,0.000000
168,2.800000,-0.009888,0.000133,-16.987915,-0.007735,-0.000112,-10.659138,0.000733,-0.000330,10.658820,6962.072,0,0.000000,4,2,32.040913,1,0,0,-0.005013,0.999957,-0.007753,0.999987,0.005007,-0.000772,-0.001327,0.000027,0.000000,0.000000,0.000000,1,0.013822,5355.842285,6.330275,1864.647827,-0.000106,-0.023784,32.030884,1,0.006077,5102.727539,5.882037,1898.716064,-0.000100,-0.024218,32.050945,1,-0.006077,4697.188965,-0.830168,-797.128479,0.000011,0.010167,31.608891,1,-0.013822,4444.070312,-0.785667,-714.141296,0.000010,0.009109,31.613747,8.899158,19599.781250,-2195.294434,32.520508,118.975830,1.873291,0.000000,0.000000,0.000000,0.000000,0.000000,0.000000,0.000000,0.000000,0.000000
169,2.816667,-0.010010,0.000131,-17.166138,-0.007586,-0.000121,-10.695726,0.000758,0.001500,10.695408,6983.121,0,0.000000,4,2,32.134983,1,0,0,-0.005014,0.999957,-0.007769,0.999987,0.005008,-0.000797,-0.000946,0.000074,0.000000,0.000000,0.000000,1,0.013844,5355.515625,11.206644,1797.224121,-0.000120,-0.022924,32.125500,1,0.006097,5102.146484,10.758365,1780.057861,-0.000114,-0.022705,32.144470,1,-0.006096,4697.988770,-11.467826,-949.225647,0.000061,0.010888,31.703588,1,-0.013843,4444.648926,-11.424036,-883.000854,0.000060,0.009908,31.696323,-2.277180,19600.343750,-1687.856689,-37.342285,15.318420,0.031250,0.000000,0.000000,0.000000,0.000000,0.000000,0.000000,0.000000,0.000000,0.000000
170,2.833333,-0.010132,0.000129,-17.344849,-0.007624,-0.000109,-10.723857,0.000787,0.001736,10.723535,7003.623,0,0.000000,4,2,32.228947,1,0,0,-0.005016,0.999957,-0.007792,0.999987,0.005010,-0.000826,-0.001384,0.000075,0.000000,0.000000,0.000000,1,0.013874,5357.770996,12.226561,1856.316284,-0.000133,-0.023678,32.219143,1,0.006125,5104.359375,11.777972,1833.511841,-0.000127,-0.023387,32.238754,1,-0.006125,4695.520508,-17.605198,-635.892334,0.000122,0.008111,31.820503,1,-0.013874,4442.088867,-17.562057,-757.404114,0.000121,0.009661,31.803566,-13.019003,19599.677734,-2239.022949,47.120117,-142.780396,-1.553711,0.000000,0.000000,0.000000,0.000000,0.000000,0.000000,0.000000,0.000000,0.000000
171,2.850000,-0.010254,0.000127,-17.524170,-0.007841,-0.000123,-10.761174,0.000779,-0.000461,10.760849,7024.102,0,0.000000,4,2,32.319782,1,0,0,-0.005016,0.999957,-0.007806,0.999987,0.005010,-0.000818,-0.000831,0.000034,0.000000,0.000000,0.000000,1,0.013893,5356.715820,5.097176,1696.895630,-0.000108,-0.021644,32.309570,1,0.006143,5103.409180,4.648877,1743.870361,-0.000102,-0.022243,32.329998,1,-0.006141,4696.848145,-6.732105,-801.220154,0.000086,0.008894,31.891649,1,-0.013891,4443.561523,-6.368029,-919.263916,0.000081,0.010427,31.892462,-4.719926,19600.625000,-1662.379150,-34.957520,-50.129028,-0.222412,0.000000,0.000000,0.000000,0.000000,0.000000,0.000000,0.000000,0.000000,0.000000
172,2.866667,-0.010376,0.000125,-17.703979,-0.007920,-0.000108,-10.788880,0.000759,-0.001232,10.788552,7043.898,0,0.000000,4,2,32.411198,1,0,0,-0.005017,0.999957,-0.007827,0.999987,0.005011,-0.000798,-0.001241,0.000026,0.000000,0.000000,0.000000,1,0.013920,5358.742676,0.880954,1741.345215,-0.000072,-0.022211,32.401749,1,0.006169,5105.470703,0.433200,1797.320068,-0.000066,-0.022925,32.420650,1,-0.006168,4694.499512,-3.179363,-849.276062,0.000069,0.009613,31.986946,1,-0.013918,4441.229980,-2.814701,-660.661560,0.000064,0.008427,32.005001,-6.256235,19599.912109,-1970.525391,16.735840,220.232971,-0.307617,0.000000,0.000000,0.000000,0.000000,0.000000,0.000000,0.000000,0.000000,0.000000
173,2.883333,-0.010498,0.000123,-17.884399,-0.008024,-0.000112,-10.821722,0.000795,0.002156,10.821392,7063.822,0,0.000000,4,2,32.499672,1,0,0,-0.005018,0.999957,-0.007844,0.999987,0.005011,-0.000834,-0.001045,0.000034,0.000000,0.000000,0.000000,1,0.013942,5358.929199,11.080961,1731.714600,-0.000098,-0.022088,32.491138,1,0.006191,5105.604980,10.631384,1689.425659,-0.000092,-0.021549,32.508205,1,-0.006190,4694.515137,-19.446762,-772.535156,0.000135,0.009854,32.089260,1,-0.013941,4441.159668,-19.083925,-821.353149,0.000131,0.009188,32.079765,-18.299007,19600.230469,-1768.684204,-9.341309,-113.002747,-2.041504,0.000000,0.000000,0.000000,0.000000,0.000000,0.000000,0.000000,0.000000,0.000000
174,2.900000,-0.010620,0.000121,-18.065308,-0.008329,-0.000107,-10.851200,0.000802,0.000418,10.850869,7083.105,0,0.000000,4,2,32.587437,1,0,0,-0.005017,0.999957,-0.007863,0.999987,0.005011,-0.000841,-0.001154,-0.000017,0.000000,0.000000,0.000000,1,0.013967,5359.929688,6.598603,1700.348145,-0.000093,-0.021688,32.578167,1,0.006216,5106.789062,6.149645,1712.962158,-0.000087,-0.021849,32.596706,1,-0.006215,4693.168457,-15.456308,-773.411316,0.000158,0.009865,32.180367,1,-0.013966,4440.045898,-15.092674,-758.078552,0.000154,0.009669,32.178001,-19.338421,19599.902344,-1822.932373,5.859375,1.924744,-2.456055,0.000000,0.000000,0.000000,0.000000,0.000000,0.000000,0.000000,0.000000,0.000000
175,2.916667,-0.010742,0.000120,-18.246704,-0.008651,-0.000110,-10.881582,0.000809,0.000447,10.881248,7102.232,0,0.000000,4,2,32.673393,1,0,0,-0.005016,0.999956,-0.007881,0.999987,0.005010,-0.000849,-0.001086,-0.000068,0.000000,0.000000,0.000000,1,0.013989,5360.381348,7.105900,1670.938965,-0.000092,-0.021313,32.664310,1,0.006240,5107.516113,6.656789,1682.027954,-0.000086,-0.021454,32.682476,1,-0.006239,4692.555664,-16.614904,-765.700806,0.000178,0.009767,32.271599,1,-0.013988,4439.690430,-16.251339,-765.346619,0.000174,0.009762,32.266994,-20.602718,19600.156250,-1762.699951,0.661133,-16.394958,-2.133789,0.000000,0.000000,0.000000,0.000000,0.000000,0.000000,0.000000,0.000000,0.000000
176,2.933333,-0.010864,0.000118,-18.428589,-0.008995,-0.000108,-10.910960,0.000812,0.000195,10.910625,7120.966,0,0.000000,4,2,32.758106,1,0,0,-0.005014,0.999956,-0.007899,0.999987,0.005008,-0.000852,-0.001078,-0.000115,0.000000,0.000000,0.000000,1,0.014011,5360.959473,7.008647,1648.341553,-0.000091,-0.021025,32.749187,1,0.006265,5108.372559,6.559680,1665.140137,-0.000085,-0.021239,32.767025,1,-0.006263,4691.693848,-11.029427,-749.945129,0.000141,0.009566,32.361706,1,-0.014009,4439.096191,-10.435689,-743.590149,0.000133,0.009485,32.357052,-9.398349,19600.128906,-1760.416016,4.708496,8.638306,-0.222900,0.000000,0.000000,0.000000,0.000000,0.000000,0.000000,0.000000,0.000000,0.000000
177,2.950000,-0.010986,0.000116,-18.610962,-0.009151,-0.000107,-10.940301,0.000818,0.000328,10.939962,7139.429,0,0.000000,4,2,32.841389,1,0,0,-0.005012,0.999956,-0.007916,0.999987,0.005006,-0.000858,-0.001023,-0.000119,0.000000,0.000000,0.000000,1,0.014031,5361.466309,3.167044,1623.625244,-0.000040,-0.020710,32.832733,1,0.006288,5108.999023,3.017868,1635.130493,-0.000038,-0.020856,32.850048,1,-0.006286,4691.115723,-13.380989,-743.026367,0.000152,0.009477,32.449512,1,-0.014029,4438.645996,-12.787235,-746.382935,0.000144,0.009520,32.443932,-21.450581,19600.250000,-1709.485474,0.673828,-1.712402,-1.566406,0.000000,0.000000,0.000000,0.000000,0.000000,0.000000,0.000000,0.000000,0.000000
178,2.966667,-0.011108,0.000114,-18.793823,-0.009509,-0.000104,-10.968792,0.000823,0.000301,10.968451,7157.580,0,0.000000,4,2,32.923420,1,0,0,-0.005010,0.999956,-0.007933,0.999987,0.005003,-0.000863,-0.001015,-0.000152,0.000000,0.000000,0.000000,1,0.014051,5362.015137,4.653961,1604.127197,-0.000047,-0.020461,32.914936,1,0.006312,5109.803223,4.504796,1615.257446,-0.000046,-0.020603,32.931904,1,-0.006310,4690.301270,-6.909094,-728.513672,0.000088,0.009292,32.536308,1,-0.014049,4438.098145,-6.537253,-728.855103,0.000083,0.009297,32.531219,-5.755479,19600.236328,-1701.856323,3.185547,14.186340,1.459961,0.000000,0.000000,0.000000,0.000000,0.000000,0.000000,0.000000,0.000000,0.000000
179,2.983333,-0.011230,0.000113,-18.977173,-0.009605,-0.000101,-10.997156,0.000832,0.000520,10.996814,7175.458,0,0.000000,4,2,33.004066,1,0,0,-0.005008,0.999956,-0.007949,0.999987,0.005001,-0.000871,-0.000977,-0.000120,0.000000,0.000000,0.000000,1,0.014070,5362.564941,6.013979,1581.991211,-0.000058,-0.020178,32.995750,1,0.006334,5110.327148,5.864800,1586.559814,-0.000056,-0.020237,33.012386,1,-0.006332,4689.719238,-9.305258,-721.954468,0.000099,0.009209,32.620983,1,-0.014068,4437.492188,-8.933649,-728.323853,0.000095,0.009290,32.615944,-7.804635,19600.097656,-1657.799927,-2.570801,-6.230408,1.111084,0.000000,0.000000,0.000000,0.000000,0.000000,0.000000,0.000000,0.000000,0.000000
180,3.000000,-0.011353,0.000111,-19.160889,-0.009735,-0.000099,-11.024786,0.000839,0.000424,11.024441,7193.034,0,0.000000,4,2,33.083473,1,0,0,-0.005006,0.999956,-0.007966,0.999987,0.005000,-0.000879,-0.001008,-0.000097,0.000000,0.000000,0.000000,1,0.014091,5363.382324,6.552413,1561.004639,-0.000068,-0.019911,33.075214,1,0.006357,5111.146973,6.403215,1568.257446,-0.000066,-0.020003,33.091736,1,-0.006355,4688.950195,-9.643171,-711.857178,0.000108,0.009080,32.704700,1,-0.014089,4436.705566,-9.271623,-710.343994,0.000103,0.009061,32.700592,-7.405252,19600.195312,-1646.284058,0.185059,-0.445374,1.118652,0.000000,0.000000,0.000000,0.000000,0.000000,0.000000,0.000000,0.000000,0.000000
181,3.016667,-0.011475,0.000109,-19.345093,-0.009858,-0.000097,-11.052224,0.000846,0.000417,11.051877,7210.340,0,0.000000,4,2,33.161549,1,0,0,-0.005005,0.999956,-0.007983,0.999987,0.004998,-0.000886,-0.001005,-0.000074,0.000000,0.000000,0.000000,1,0.014111,5364.090332,7.325088,1537.035767,-0.000077,-0.019605,33.153393,1,0.006380,5111.817871,7.175865,1544.338013,-0.000075,-0.019698,33.169708,1,-0.006378,4688.274414,-10.229514,-706.461914,0.000116,0.009011,32.786942,1,-0.014109,4435.990723,-9.858052,-706.256104,0.000112,0.009008,32.782616,-7.009879,19600.179688,-1607.576416,-1.189453,-5.597107,1.073730,0.000000,0.000000,0.000000,0.000000,0.000000,0.000000,0.000000,0.000000,0.000000
182,3.033333,-0.011597,0.000108,-19.529785,-0.009975,-0.000094,-11.079017,0.000851,0.000331,11.078667,7227.357,0,0.000000,4,2,33.238403,1,0,0,-0.005005,0.999955,-0.008000,0.999987,0.004998,-0.000891,-0.001019,-0.000051,0.000000,0.000000,0.000000,1,0.014132,5364.839355,7.815397,1516.349731,-0.000086,-0.019341,33.230350,1,0.006402,5112.529785,7.666013,1525.551880,-0.000084,-0.019459,33.246460,1,-0.006400,4687.500000,-6.813144,-694.924316,0.000087,0.008864,32.868397,1,-0.014130,4435.188965,-6.447081,-693.042725,0.000082,0.008840,32.864040,0.802472,19600.042969,-1592.565552,0.263672,5.099670,2.532715,0.000000,0.000000,0.000000,0.000000,0.000000,0.000000,0.000000,0.000000,0.000000
183,3.050000,-0.011719,0.000106,-19.714844,-0.009962,-0.000093,-11.105559,0.000858,0.000410,11.105206,7244.106,0,0.000000,4,2,33.313980,1,0,0,-0.005005,0.999955,-0.008017,0.999987,0.004998,-0.000898,-0.001016,0.000003,0.000000,0.000000,0.000000,1,0.014154,5365.656738,8.371279,1495.004761,-0.000093,-0.019069,33.306065,1,0.006424,5113.127930,8.221773,1501.519897,-0.000092,-0.019152,33.321899,1,-0.006422,4686.894043,-8.848738,-687.184143,0.000097,0.008765,32.948166,1,-0.014152,4434.385742,-8.482921,-689.448303,0.000092,0.008794,32.943535,-2.138115,19600.054688,-1558.226074,-0.480957,-7.776184,1.762207,0.000000,0.000000,0.000000,0.000000,0.000000,0.000000,0.000000,0.000000,0.000000
184,3.066667,-0.011841,0.000105,-19.900391,-0.009998,-0.000092,-11.131530,0.000863,0.000290,11.131176,7260.578,0,0.000000,4,2,33.388363,1,0,0,-0.005005,0.999955,-0.008034,0.999987,0.004998,-0.000903,-0.001022,0.000039,0.000000,0.000000,0.000000,1,0.014176,5366.431152,5.128793,1473.914673,-0.000065,-0.018800,33.380539,1,0.006445,5113.725098,4.886197,1483.308350,-0.000062,-0.018920,33.396191,1,-0.006444,4686.245605,-9.188822,-678.668213,0.000104,0.008656,33.026806,1,-0.014175,4433.519043,-8.822903,-676.001831,0.000100,0.008622,33.022503,-9.388223,19599.886719,-1540.591553,0.454102,4.787354,0.468262,0.000000,0.000000,0.000000,0.000000,0.000000,0.000000,0.000000,0.000000,0.000000
185,3.083333,-0.011963,0.000103,-20.086304,-0.010154,-0.000094,-11.157207,0.000869,0.000364,11.156850,7276.790,1,0.000000,4,3,58.996384,1,0,0,-0.005006,0.999955,-0.008050,0.999987,0.004999,-0.000909,-0.001016,0.000049,0.000000,0.000000,0.000000,1,0.014198,5367.184570,3.354439,16101.553711,-0.000073,-0.163122,58.982834,1,0.006466,5114.401367,3.076064,15343.203125,-0.000070,-0.163384,59.009937,1,-0.006465,4685.586426,-9.925519,-669.854614,0.000113,0.008544,33.104202,1,-0.014197,4432.812500,-9.559649,-671.935669,0.000108,0.008571,33.099510,-40.366539,19599.966797,-30040.705078,3651.835449,-20.634583,-4.226562,0.000000,0.000000,0.000000,0.000000,0.000000,0.000000,0.000000,0.000000,0.000000
186,3.100000,-0.012085,0.000089,-20.280518,-0.010827,-0.000820,-11.657885,0.000870,0.000046,11.657579,7276.790,1,0.000000,4,3,57.956757,1,0,0,-0.005006,0.999960,-0.007354,0.999987,0.005000,-0.000906,0.041778,0.000008,0.000000,0.000000,0.000000,1,0.013389,5214.468262,0.556378,14079.064453,-0.000066,-0.179580,57.930931,1,0.005655,4961.654785,0.528235,13396.467773,-0.000063,-0.170873,57.982594,1,-0.005488,4869.013672,-8.153888,-2485.620361,0.000109,0.017141,33.180309,1,-0.013222,4616.189453,-7.787976,-2493.140137,0.000105,0.017193,33.175922,-35.186398,19672.179688,-22428.796875,1598.667480,-107.476929,-1.205566,0.000000,0.000000,0.000000,0.000000,0.000000,0.000000,0.000000,0.000000,0.000000
187,3.116667,-0.012329,0.000087,-20.481079,-0.011413,-0.000139,-12.031698,0.000843,-0.001607,12.031462,7223.230,1,0.000000,4,3,57.047741,1,0,0,-0.005006,0.999967,-0.006346,0.999987,0.005001,-0.000875,0.060526,-0.000008,0.000000,0.000000,0.000000,1,0.012198,5117.692383,1.584749,13817.769531,-0.000049,-0.176247,57.011036,1,0.004463,4864.851074,-1.872055,13135.097656,-0.000046,-0.167540,57.084473,1,-0.004091,4978.455566,2.358091,-4084.669922,0.000058,0.030117,33.521648,1,-0.011826,4725.634766,2.724068,-4083.905029,0.000053,0.030147,33.518360,-11.565607,19700.042969,-18711.910156,502.317383,-143.854248,2.930908,0.000000,0.000000,0.000000,0.000000,0.000000,0.000000,0.000000,0.000000,0.000000
188,3.133333,-0.012573,0.000106,-20.686768,-0.011606,0.001145,-12.343563,0.000779,-0.003820,12.343391,7156.133,1,0.000000,4,3,56.155922,1,0,0,-0.005006,0.999974,-0.005239,0.999987,0.005002,-0.000805,0.066432,0.000046,0.000000,0.000000,0.000000,1,0.010870,5053.471191,-6.028009,13644.370117,-0.000001,-0.174035,56.108498,1,0.003133,4800.329102,-5.692743,12960.887695,0.000002,-0.165317,56.203384,1,-0.002579,5045.358398,19.881845,-5528.459961,-0.000058,0.045113,34.096561,1,-0.010316,4792.218262,20.248123,-5513.968262,-0.000063,0.045062,34.093163,15.946381,19703.242188,-15486.666016,-273.368164,-136.355469,6.253662,0.000000,0.000000,0.000000,0.000000,0.000000,0.000000,0.000000,0.000000,0.000000
189,3.150000,-0.012817,0.000150,-20.896729,-0.011340,0.002627,-12.601674,0.000681,-0.005918,12.601556,7075.882,1,0.000000,4,3,55.275543,1,0,0,-0.005009,0.999979,-0.004185,0.999987,0.005006,-0.000701,0.063249,0.000161,0.000000,0.000000,0.000000,1,0.009581,5017.325684,-10.338666,13546.775391,0.000074,-0.172791,55.217564,1,0.001839,4763.604980,-9.735530,12861.728516,0.000078,-0.164053,55.333584,1,-0.001163,5076.890625,42.032143,-6687.489258,-0.000235,0.060029,34.882374,1,-0.008906,4823.161133,42.397934,-6657.850098,-0.000240,0.059858,34.876858,55.263470,19688.896484,-12983.806641,-745.968750,-103.686523,10.036865,0.000000,0.000000,0.000000,0.000000,0.000000,0.000000,0.000000,0.000000,0.000000
190,3.166667,-0.012939,0.000217,-21.110474,-0.010419,0.004005,-12.818070,0.000555,-0.007513,12.817991,6982.691,1,0.000000,4,3,54.401638,1,0,0,-0.005014,0.999982,-0.003277,0.999987,0.005012,-0.000572,0.054525,0.000355,0.000000,0.000000,0.000000,1,0.008444,5003.145508,-14.572708,13508.485352,0.000172,-0.172302,54.333248,1,0.000691,4748.362305,-13.684728,12820.571289,0.000175,-0.163528,54.470112,1,0.000030,5082.222168,65.699409,-7489.446777,-0.000459,0.073206,35.837486,1,-0.007722,4827.428223,66.069397,-7446.708984,-0.000464,0.072896,35.827641,97.064392,19664.148438,-11310.806641,-963.029785,-52.540039,11.772949,0.000000,0.000000,0.000000,0.000000,0.000000,0.000000,0.000000,0.000000,0.000000
191,3.183333,-0.013062,0.000301,-21.327148,-0.008801,0.005083,-13.006584,0.000417,-0.008321,13.006531,6876.630,1,0.000000,4,3,53.530350,1,0,0,-0.005023,0.999984,-0.002557,0.999987,0.005022,-0.000429,0.043252,0.000587,0.000000,0.000000,0.000000,1,0.007514,5004.201172,-18.357164,13511.330078,0.000284,-0.172339,53.451683,1,-0.000255,4748.033691,-17.190046,12819.680664,0.000287,-0.163516,53.609131,1,0.000949,5070.501465,87.502563,-7915.055664,-0.000703,0.083507,36.909740,1,-0.006819,4814.364746,87.875168,-7864.434082,-0.000708,0.083072,36.893654,135.356506,19635.289062,-10466.994141,-975.045410,2.804199,14.167725,0.000000,0.000000,0.000000,0.000000,0.000000,0.000000,0.000000,0.000000,0.000000
192,3.200000,-0.013184,0.000398,-21.546875,-0.006545,0.005764,-13.181034,0.000279,-0.008277,13.180997,6757.671,1,0.000000,4,3,52.658997,1,0,0,-0.005038,0.999985,-0.002027,0.999987,0.005037,-0.000289,0.031833,0.000875,0.000000,0.000000,0.000000,1,0.006801,5013.903809,-21.724304,13537.522461,0.000403,-0.172673,52.570183,1,-0.000991,4755.922852,-20.275642,12840.975586,0.000406,-0.163788,52.747959,1,0.001597,5050.559082,104.604691,-6377.323730,-0.000937,0.081343,38.044163,1,-0.006194,4792.571289,104.972855,-5993.751465,-0.000942,0.076451,38.020683,163.575195,19607.181641,-13920.603516,-392.968750,380.084961,12.736328,0.000000,0.000000,0.000000,0.000000,0.000000,0.000000,0.000000,0.000000,0.000000
193,3.216667,-0.013306,0.000497,-21.770386,-0.003819,0.005941,-13.413044,0.000238,-0.002430,13.413018,6625.733,1,0.000000,4,3,51.786079,1,0,0,-0.005057,0.999986,-0.001573,0.999987,0.005056,-0.000246,0.027229,0.001147,0.000000,0.000000,0.000000,1,0.006179,5007.437012,-8.582856,13520.078125,0.000445,-0.172450,51.687233,1,-0.001642,4747.445801,-7.994823,12818.099609,0.000424,-0.163496,51.885117,1,0.002140,5052.231445,64.702034,-5209.534668,-0.000825,0.066448,38.953968,1,-0.005681,4792.220215,61.389912,-5246.768066,-0.000783,0.066923,38.874458,105.632492,19592.160156,-15791.946289,-145.500488,-61.303711,1.554443,0.000000,0.000000,0.000000,0.000000,0.000000,0.000000,0.000000,0.000000,0.000000
194,3.233333,-0.013306,0.000594,-21.998413,-0.002059,0.005862,-13.676243,0.000182,-0.003373,13.676227,6480.726,1,0.000000,4,3,50.914490,1,0,0,-0.005076,0.999986,-0.001148,0.999987,0.005076,-0.000188,0.025523,0.001178,0.000000,0.000000,0.000000,1,0.005592,4993.656738,-18.522594,13482.861328,0.000523,-0.171975,50.805714,1,-0.002259,4732.541992,-17.157930,12777.851562,0.000501,-0.162983,51.023499,1,0.002644,5063.020508,68.225883,-5342.466797,-0.000870,0.068144,39.693192,1,-0.005207,4801.914551,64.734550,-5323.492188,-0.000826,0.067902,39.619122,94.367493,19583.771484,-15501.253906,-235.156250,5.767578,-3.653076,0.000000,0.000000,0.000000,0.000000,0.000000,0.000000,0.000000,0.000000,0.000000
195,3.250000,-0.013306,0.000689,-22.230713,-0.000486,0.005683,-13.934597,0.000127,-0.003284,13.934588,6322.807,1,0.000000,4,3,50.045448,1,0,0,-0.005095,0.999987,-0.000769,0.999987,0.005095,-0.000131,0.022764,0.001101,0.000000,0.000000,0.000000,1,0.005062,4984.903809,-26.265402,13860.708008,0.000612,-0.176795,49.926888,1,-0.002818,4723.177246,-23.579996,12816.752930,0.000591,-0.163479,50.164291,1,0.003088,5068.140137,51.216938,-5300.860840,-0.000653,0.067613,40.451836,1,-0.004792,4806.413086,48.587532,-5293.264648,-0.000620,0.067516,40.374992,47.855640,19575.064453,-15986.255859,-190.555664,-284.174561,-11.238770,0.000000,0.000000,0.000000,0.000000,0.000000,0.000000,0.000000,0.000000,0.000000
196,3.266667,-0.013306,0.000779,-22.467285,0.000312,0.005375,-14.201035,-0.000001,-0.007656,14.201032,6152.099,1,0.000000,4,3,49.162693,1,0,0,-0.005109,0.999987,-0.000428,0.999987,0.005109,-0.000002,0.020526,0.000862,0.000000,0.000000,0.000000,1,0.004578,4976.101562,-81.473221,14927.957031,0.000771,-0.190408,49.028996,1,-0.003324,4714.589844,-56.803951,14120.087891,0.000749,-0.180105,49.296753,1,0.003481,5073.500488,86.869591,-5437.068848,-0.000822,0.069350,41.204399,1,-0.004421,4811.977539,84.240257,-5339.644531,-0.000789,0.068108,41.126450,32.800377,19568.789062,-18170.498047,72.461426,219.082031,-10.873535,0.000000,0.000000,0.000000,0.000000,0.000000,0.000000,0.000000,0.000000,0.000000
197,3.283333,-0.013306,0.000861,-22.709106,0.000858,0.004929,-14.503876,-0.000072,-0.004286,14.503876,5967.324,1,0.000000,4,3,48.201931,1,0,0,-0.005119,0.999987,-0.000072,0.999987,0.005119,0.000072,0.021369,0.000636,0.000000,0.000000,0.000000,1,0.004083,4958.096191,-63.693321,13576.249023,0.000812,-0.173166,48.057541,1,-0.003836,4696.924316,-60.365177,13207.561523,0.000770,-0.168464,48.346752,1,0.003899,5090.783691,85.634262,-5881.253906,-0.000922,0.075016,41.976860,1,-0.004020,4829.621094,83.005051,-5872.661133,-0.000889,0.074906,41.884682,45.650780,19569.214844,-14924.709961,-440.440430,402.021973,-8.968994,0.000000,0.000000,0.000000,0.000000,0.000000,0.000000,0.000000,0.000000,0.000000
198,3.300000,-0.013306,0.000937,-22.954956,0.001619,0.004589,-14.752621,-0.000040,0.001899,14.752622,5762.433,1,0.000000,4,3,47.315678,1,0,0,-0.005127,0.999987,0.000198,0.999987,0.005127,0.000041,0.016201,0.000447,0.000000,0.000000,0.000000,1,0.003692,4961.319824,-59.533901,11505.611328,0.000793,-0.146755,47.167862,1,-0.004238,4700.512207,-56.205338,11123.926758,0.000750,-0.141887,47.463955,1,0.004201,5083.096191,59.322525,-5306.335449,-0.000861,0.067683,42.814205,1,-0.003729,4822.310547,56.693645,-5446.671387,-0.000827,0.069473,42.720772,0.755875,19560.675781,-11767.710938,-786.842773,129.874512,-14.688232,0.000000,0.000000,0.000000,0.000000,0.000000,0.000000,0.000000,0.000000,0.000000
199,3.316667,-0.013306,0.001007,-23.204102,0.001632,0.004199,-14.948750,0.000025,0.003897,14.948750,5550.446,1,0.000000,4,3,46.566124,1,0,0,-0.005129,0.999987,0.000315,0.999987,0.005129,-0.000023,0.006972,0.000136,0.000000,0.000000,0.000000,1,0.003486,4982.618164,-52.922127,9468.052734,0.000749,-0.120766,46.414341,1,-0.004447,4722.928223,-49.594322,9073.019531,0.000707,-0.115727,46.718403,1,0.004293,5054.245605,41.525253,-4446.530273,-0.000738,0.056716,43.567570,1,-0.003640,4794.548828,38.895607,-4592.832031,-0.000704,0.058582,43.494637,-22.326580,19546.652344,-9389.977539,-912.700195,2.132568,-15.188232,0.000000,0.000000,0.000000,0.000000,0.000000,0.000000,0.000000,0.000000,0.000000
200,3.333333,-0.013306,0.001068,-23.455811,0.001260,0.003639,-15.105249,0.000090,0.003930,15.105249,5339.512,1,0.000000,4,3,45.951107,1,0,0,-0.005126,0.999987,0.000253,0.999987,0.005126,-0.000089,-0.003734,-0.000186,0.000000,0.000000,0.000000,1,0.003497,5015.862305,-51.419498,7457.692871,0.000714,-0.095124,45.794781,1,-0.004432,4757.577148,-48.091595,7048.910645,0.000672,-0.089910,46.107967,1,0.004144,5012.777832,29.669632,-3636.233887,-0.000604,0.046381,44.195343,1,-0.003784,4754.494629,27.040085,-3741.554932,-0.000571,0.047724,44.143780,-43.444290,19531.970703,-7014.725586,-985.028809,-60.423584,-15.033936,0.000000,0.000000,0.000000,0.000000,0.000000,0.000000,0.000000,0.000000,0.000000
201,3.350000,-0.013306,0.001116,-23.709473,0.000536,0.002891,-15.222161,0.000140,0.003001,15.222161,5132.441,1,0.000000,4,3,45.468849,1,0,0,-0.005118,0.999987,-0.000002,0.999987,0.005118,-0.000140,-0.015291,-0.000504,0.000000,0.000000,0.000000,1,0.003744,5059.846191,-52.672531,5468.729492,0.000699,-0.069754,45.307369,1,-0.004172,4803.256348,-49.345493,5045.744629,0.000656,-0.064359,45.630905,1,0.003738,4960.387695,23.636181,-2839.555664,-0.000492,0.036219,44.704754,1,-0.004178,4703.789062,21.007057,-2906.344482,-0.000458,0.037071,44.668575,-58.047256,19517.707031,-4652.709961,-983.078125,-101.770020,-14.174805,0.000000,0.000000,0.000000,0.000000,0.000000,0.000000,0.000000,0.000000,0.000000
202,3.366667,-0.013306,0.001148,-23.964478,-0.000432,0.001945,-15.299706,0.000164,0.001435,15.299705,5078.576,1,0.000000,4,3,45.523651,1,0,0,-0.005104,0.999987,-0.000449,0.999987,0.005104,-0.000166,-0.026828,-0.000803,0.000000,0.000000,0.000000,1,0.004231,5112.127930,-3.890581,5266.133789,0.000050,-0.068795,45.354862,1,-0.003664,4857.384766,-3.696394,3039.849365,0.000047,-0.038774,45.693069,1,0.003078,4900.308594,24.523626,-2051.086182,-0.000425,0.026162,45.097794,1,-0.004817,4645.565430,21.894255,-2088.035156,-0.000392,0.026633,45.071369,38.140984,19505.408203,-4049.827881,-708.995605,-1594.476074,1.145020,0.000000,0.000000,0.000000,0.000000,0.000000,0.000000,0.000000,0.000000,0.000000
203,3.383333,-0.013306,0.001161,-24.220703,0.000204,0.000777,-15.367204,-0.000221,-0.023095,15.367193,5084.697,1,0.000000,4,3,45.650837,1,0,0,-0.005091,0.999986,-0.001037,0.999987,0.005091,0.000216,-0.035156,-0.000783,0.000000,0.000000,0.000000,1,0.004902,5161.999512,-88.839668,4997.542969,0.000452,-0.066920,45.444073,1,-0.002973,4907.804199,-88.652740,1026.690063,0.000449,-0.013096,45.858540,1,0.002246,4847.029297,156.954559,-1903.676025,-0.001011,0.024282,45.375660,1,-0.005629,4592.844727,154.327911,-1436.063232,-0.000977,0.018317,45.354633,134.367203,19500.460938,-2566.389648,-595.453125,-1981.681152,13.375488,0.000000,0.000000,0.000000,0.000000,0.000000,0.000000,0.000000,0.000000,0.000000
204,3.400000,-0.013306,0.001153,-24.477417,0.002443,-0.000482,-15.409977,-0.001114,-0.053583,15.409948,5098.903,1,0.000000,4,3,45.852428,1,0,0,-0.005081,0.999986,-0.001744,0.999986,0.005083,0.001105,-0.042153,-0.000512,0.000000,0.000000,0.000000,1,0.005736,5213.915527,-207.172958,4780.423828,0.001265,-0.064713,45.577755,1,-0.002127,4958.990723,-206.981522,1504.010986,0.001263,-0.015355,46.128757,1,0.001277,4794.677246,391.344330,-1589.552124,-0.002488,0.020275,45.631992,1,-0.006585,4539.732422,388.715942,-823.508484,-0.002455,0.010504,45.542664,370.164764,19499.320312,-3752.234375,-140.276367,-214.697693,41.572998,0.000000,0.000000,0.000000,0.000000,0.000000,0.000000,0.000000,0.000000,0.000000
205,3.416667,-0.013184,0.001123,-24.735352,0.008613,-0.001843,-15.472514,-0.002062,-0.056885,15.472456,5121.419,1,0.000000,4,3,46.044376,1,0,0,-0.005085,0.999984,-0.002479,0.999985,0.005090,0.002049,-0.043817,0.000371,0.000000,0.000000,0.000000,1,0.006636,5253.549316,-255.100586,4539.568848,0.002003,-0.062185,45.713284,1,-0.001237,4994.615234,-254.908401,1765.651855,0.002001,-0.018015,46.377865,1,0.000305,4762.291504,552.815552,-1493.342896,-0.004182,0.019048,45.842442,1,-0.007569,4503.365723,550.188110,-1132.963501,-0.004148,0.011969,45.641216,600.466431,19508.404297,-3557.993164,23.514648,420.843567,63.803223,0.000000,0.000000,0.000000,0.000000,0.000000,0.000000,0.000000,0.000000,0.000000
206,3.433333,-0.012817,0.001071,-24.994263,0.018621,-0.003110,-15.531814,-0.002902,-0.050409,15.531734,5142.858,1,0.000000,4,3,46.234596,1,0,0,-0.005112,0.999982,-0.003209,0.999983,0.005121,0.002886,-0.043561,0.001733,0.000000,0.000000,0.000000,1,0.007571,5289.144531,-275.673340,4317.672852,0.002565,-0.059545,45.855350,1,-0.000351,5023.174805,-275.493958,2030.002197,0.002562,-0.020939,46.616982,1,-0.000623,4738.756836,664.430542,-1327.259521,-0.005775,0.016929,46.038837,1,-0.008545,4472.787109,661.811890,-1304.772949,-0.005742,0.013704,45.784969,785.650208,19521.195312,-3592.772461,174.524414,883.614136,74.916504,0.000000,0.000000,0.000000,0.000000,0.000000,0.000000,0.000000,0.000000,0.000000
207,3.450000,-0.012329,0.001000,-25.254028,0.031715,-0.004229,-15.591693,-0.003516,-0.036813,15.591606,5164.105,1,0.000000,4,3,46.422379,1,0,0,-0.005165,0.999979,-0.003904,0.999980,0.005179,0.003496,-0.041533,0.003339,0.000000,0.000000,0.000000,1,0.008504,5319.465332,-275.806824,4109.570312,0.002919,-0.056900,46.003006,1,0.000493,5044.190918,-275.608582,2279.809082,0.002916,-0.023961,46.845573,1,-0.001465,4724.279297,710.501526,-1213.747559,-0.006996,0.015481,46.210972,1,-0.009476,4449.004883,707.872314,-1490.870605,-0.006962,0.015676,45.953819,879.587219,19537.076172,-3560.158447,272.611816,1112.878052,71.311279,0.000000,0.000000,0.000000,0.000000,0.000000,0.000000,0.000000,0.000000,0.000000
208,3.466667,-0.011597,0.000914,-25.514893,0.046375,-0.005148,-15.651029,-0.003844,-0.019690,15.650953,5185.079,1,0.000000,4,3,46.607750,1,0,0,-0.005245,0.999976,-0.004545,0.999979,0.005263,0.003821,-0.038353,0.004877,0.000000,0.000000,0.000000,1,0.009409,5344.747559,-134.411652,3917.829834,0.001714,-0.054328,46.155842,1,0.001269,5059.203125,-127.490028,2516.785400,0.001626,-0.026983,47.064079,1,-0.002199,4716.729492,550.331238,-1136.835815,-0.007020,0.014500,46.366528,1,-0.010339,4431.185059,517.999573,-1671.942139,-0.006607,0.017773,46.149853,819.913574,19554.630859,-3500.253418,329.866211,386.246582,46.357666,0.000000,0.000000,0.000000,0.000000,0.000000,0.000000,0.000000,0.000000,0.000000
209,3.483333,-0.010620,0.000817,-25.776611,0.060040,-0.005837,-15.709366,-0.004074,-0.013746,15.709306,5205.784,1,0.000000,4,3,46.790600,1,0,0,-0.005342,0.999973,-0.005121,0.999977,0.005363,0.004047,-0.034497,0.005863,0.000000,0.000000,0.000000,1,0.010261,5364.633789,-181.964462,3710.924561,0.001940,-0.051732,46.313293,1,0.001967,5070.190430,-175.038574,2190.543457,0.001851,-0.027941,47.272827,1,-0.002821,4713.504883,299.511719,-1210.745117,-0.003820,0.015443,46.510849,1,-0.011115,4419.083984,281.175659,-1448.615112,-0.003586,0.018477,46.372337,236.330811,19572.455078,-3117.784668,319.442383,-57.425659,-42.659912,0.000000,0.000000,0.000000,0.000000,0.000000,0.000000,0.000000,0.000000,0.000000
210,3.500000,-0.009521,0.000712,-26.039429,0.063979,-0.006284,-15.761329,-0.004318,-0.014631,15.761246,5226.207,1,0.000000,4,3,46.989967,1,0,0,-0.005423,0.999969,-0.005635,0.999976,0.005447,0.004288,-0.030758,0.004951,0.000000,0.000000,0.000000,1,0.011036,5378.132324,-202.625015,3523.367920,0.002179,-0.049211,46.484978,1,0.002610,5083.013184,-195.697632,2464.499512,0.002091,-0.031435,47.500443,1,-0.003360,4708.335449,317.481506,-1218.803711,-0.004050,0.015546,46.665966,1,-0.011786,4413.209473,298.021851,-1294.765747,-0.003801,0.016515,46.562199,231.571564,19589.556641,-3349.125977,372.509277,527.336609,-44.895264,0.000000,0.000000,0.000000,0.000000,0.000000,0.000000,0.000000,0.000000,0.000000
211,3.516667,-0.008423,0.000604,-26.302979,0.067838,-0.006505,-15.817147,-0.004427,-0.006520,15.817042,5248.475,1,0.000000,4,3,47.185356,1,0,0,-0.005489,0.999967,-0.006076,0.999975,0.005516,0.004394,-0.026393,0.004015,0.000000,0.000000,0.000000,1,0.011716,5386.044434,-83.925591,3356.202393,0.001070,-0.046835,46.660408,1,0.003184,5091.166992,-79.378296,2565.705566,0.001012,-0.032726,47.716213,1,-0.003807,4707.736816,138.988129,-1185.678833,-0.001773,0.015123,46.822258,1,-0.012339,4412.861328,130.368561,-1370.254395,-0.001663,0.017478,46.729588,120.305557,19606.148438,-3240.386230,355.552734,-118.572266,-56.072754,0.000000,0.000000,0.000000,0.000000,0.000000,0.000000,0.000000,0.000000,0.000000
212,3.533333,-0.007324,0.000496,-26.567505,0.069843,-0.006495,-15.871154,-0.004567,-0.008347,15.871020,5270.299,1,0.000000,4,3,47.381798,1,0,0,-0.005535,0.999964,-0.006447,0.999974,0.005565,0.004531,-0.022223,0.002811,0.000000,0.000000,0.000000,1,0.012299,5390.271484,-112.714333,3186.980225,0.001207,-0.044539,46.841331,1,0.003692,5097.711426,-108.168495,2760.366211,0.001149,-0.035209,47.928501,1,-0.004174,4707.963867,185.572632,-1247.655151,-0.001993,0.015914,46.973713,1,-0.012781,4415.395020,176.955170,-1283.200073,-0.001883,0.016367,46.908005,156.569809,19620.609375,-3289.868652,349.079102,478.294800,-43.045654,0.000000,0.000000,0.000000,0.000000,0.000000,0.000000,0.000000,0.000000,0.000000
213,3.550000,-0.006104,0.000391,-26.833008,0.072453,-0.006282,-15.925985,-0.004584,-0.000991,15.925834,5292.240,1,0.000000,4,3,47.576267,1,0,0,-0.005567,0.999962,-0.006749,0.999974,0.005598,0.004546,-0.018127,0.001913,0.000000,0.000000,0.000000,1,0.012786,5391.629883,-18.805647,3050.460205,0.000240,-0.042449,47.026382,1,0.004128,5100.984375,-17.792978,2831.946045,0.000227,-0.036122,48.132580,1,-0.004462,4710.586426,14.473348,-1191.064209,-0.000185,0.015192,47.134220,1,-0.013120,4419.940918,13.582310,-1347.053223,-0.000173,0.017182,47.073704,6.083149,19632.863281,-3217.475586,308.729492,-140.269226,-57.886719,0.000000,0.000000,0.000000,0.000000,0.000000,0.000000,0.000000,0.000000,0.000000
214,3.566667,-0.004883,0.000293,-27.099365,0.072554,-0.005893,-15.979609,-0.004636,-0.003152,15.979429,5313.961,1,0.000000,4,3,47.771736,1,0,0,-0.005578,0.999960,-0.006991,0.999974,0.005610,0.004597,-0.014500,0.000669,0.000000,0.000000,0.000000,1,0.013180,5390.253418,-29.072752,2914.619629,0.000288,-0.040492,47.215908,1,0.004502,5103.900391,-28.060425,2990.049805,0.000276,-0.038138,48.334106,1,-0.004688,4712.462891,32.671562,-1246.949585,-0.000271,0.015905,47.286461,1,-0.013366,4426.109863,31.780180,-1266.580566,-0.000259,0.016155,47.248730,22.328312,19642.431641,-3263.396973,284.412598,268.572021,-47.223633,0.000000,0.000000,0.000000,0.000000,0.000000,0.000000,0.000000,0.000000,0.000000
215,3.583333,-0.003662,0.000203,-27.366577,0.072926,-0.005366,-16.034000,-0.004620,0.000977,16.033794,5335.793,1,0.000000,4,3,47.965321,1,0,0,-0.005572,0.999959,-0.007177,0.999974,0.005605,0.004580,-0.011157,-0.000327,0.000000,0.000000,0.000000,1,0.013486,5387.014648,-16.638020,2806.928955,0.000260,-0.038751,47.408512,1,0.004815,5104.856934,-15.625479,3058.122803,0.000247,-0.039007,48.528667,1,-0.004859,4715.312500,18.384237,-1215.492798,-0.000257,0.015504,47.446865,1,-0.013530,4433.154785,17.493046,-1303.456665,-0.000246,0.016626,47.412003,18.353601,19649.677734,-3217.507324,244.416504,281.131042,-39.333740,0.000000,0.000000,0.000000,0.000000,0.000000,0.000000,0.000000,0.000000,0.000000
216,3.600000,-0.002441,0.000125,-27.634644,0.073232,-0.004731,-16.087626,-0.004531,0.005300,16.087399,5357.416,1,0.000000,4,3,48.159058,1,0,0,-0.005554,0.999958,-0.007315,0.999974,0.005587,0.004491,-0.008281,-0.001154,0.000000,0.000000,0.000000,1,0.013714,5382.642578,-1.293471,2723.326660,0.000170,-0.037261,47.604237,1,0.005072,5104.708008,-0.283422,3121.837402,0.000157,-0.039819,48.720345,1,-0.004985,4718.008789,-8.582490,-1191.611450,-0.000121,0.015199,47.602676,1,-0.013627,4440.074219,-9.476158,-1310.179810,-0.000110,0.016711,47.580662,-5.210315,19654.023438,-3214.023438,211.295410,258.734131,-35.469727,0.000000,0.000000,0.000000,0.000000,0.000000,0.000000,0.000000,0.000000,0.000000
217,3.616667,-0.001221,0.000057,-27.903687,0.073145,-0.004028,-16.141193,-0.004377,0.009278,16.140947,5379.055,1,0.000000,4,3,48.352287,1,0,0,-0.005523,0.999957,-0.007410,0.999975,0.005556,0.004335,-0.005793,-0.001899,0.000000,0.000000,0.000000,1,0.013872,5377.144531,15.043646,2661.199707,0.000036,-0.036030,47.801964,1,0.005279,5103.766113,16.055040,3177.666016,0.000023,-0.040531,48.908947,1,-0.005075,4720.532227,-45.936409,-1184.884888,0.000141,0.015113,47.754997,1,-0.013669,4447.154297,-46.828773,-1308.339966,0.000153,0.016688,47.750301,-47.751129,19656.226562,-3215.609619,180.488770,200.153320,-33.215576,0.000000,0.000000,0.000000,0.000000,0.000000,0.000000,0.000000,0.000000,0.000000
218,3.633333,0.000122,0.000003,-28.173584,0.072349,-0.003289,-16.194786,-0.004170,0.012356,16.194523,5400.638,1,0.000000,4,3,48.544556,1,0,0,-0.005482,0.999957,-0.007470,0.999976,0.005513,0.004129,-0.003666,-0.002599,0.000000,0.000000,0.000000,1,0.013967,5370.649902,30.559124,2618.334229,-0.000122,-0.035053,48.000751,1,0.005440,5102.215820,31.567062,3229.800293,-0.000135,-0.041196,49.094521,1,-0.005138,4722.703613,-89.309738,-1190.662720,0.000512,0.015187,47.906338,1,-0.013664,4454.269531,-90.205551,-1298.687134,0.000523,0.016565,47.919674,-104.104645,19656.337891,-3228.106934,148.374512,125.042114,-34.434570,0.000000,0.000000,0.000000,0.000000,0.000000,0.000000,0.000000,0.000000,0.000000
219,3.650000,0.001343,-0.000040,-28.444336,0.070614,-0.002542,-16.248589,-0.003932,0.014277,16.248304,5422.112,1,0.000000,4,3,48.735348,1,0,0,-0.005428,0.999957,-0.007501,0.999978,0.005457,0.003891,-0.001915,-0.003328,0.000000,0.000000,0.000000,1,0.014006,5363.400391,44.547165,2591.979004,-0.000288,-0.034313,48.199718,1,0.005564,5100.648926,45.553085,3278.369629,-0.000301,-0.041816,49.276928,1,-0.005181,4724.108887,-134.089233,-1205.772217,0.000957,0.015380,48.058521,1,-0.013623,4461.357422,-134.987061,-1285.747437,0.000968,0.016400,48.087635,-166.400909,19654.804688,-3247.493652,125.359863,44.305908,-33.074463,0.000000,0.000000,0.000000,0.000000,0.000000,0.000000,0.000000,0.000000,0.000000
220,3.666667,0.002441,-0.000070,-28.716064,0.067841,-0.001811,-16.302713,-0.003682,0.014957,16.302410,5443.423,1,0.000000,4,3,48.924232,1,0,0,-0.005363,0.999958,-0.007507,0.999979,0.005390,0.003642,-0.000434,-0.004031,0.000000,0.000000,0.000000,1,0.013994,5355.374023,56.863724,2579.282959,-0.000450,-0.033788,48.398102,1,0.005657,5098.805176,57.866871,3322.310791,-0.000463,-0.042376,49.456081,1,-0.005212,4725.045898,-175.771744,-1226.726685,0.001434,0.015647,48.212910,1,-0.013550,4468.477051,-176.665955,-1272.158325,0.001445,0.016227,48.253708,-225.866516,19651.730469,-3270.665771,98.227051,-29.568726,-27.502197,0.000000,0.000000,0.000000,0.000000,0.000000,0.000000,0.000000,0.000000,0.000000
221,3.683333,0.003540,-0.000089,-28.988647,0.064077,-0.001117,-16.357225,-0.003440,0.014500,16.356901,5464.520,1,0.000000,4,3,49.110920,1,0,0,-0.005287,0.999958,-0.007493,0.999980,0.005313,0.003400,0.000728,-0.004620,0.000000,0.000000,0.000000,1,0.013941,5347.274902,67.993729,2577.787354,-0.000605,-0.033451,48.595310,1,0.005722,5096.895020,68.994606,3360.508057,-0.000618,-0.042864,49.632000,1,-0.005235,4725.510742,-210.647949,-1249.460815,0.001899,0.015937,48.370361,1,-0.013453,4475.130859,-211.548462,-1259.762817,0.001910,0.016068,48.417793,-274.070984,19647.613281,-3296.245117,75.005859,-93.441040,-24.307129,0.000000,0.000000,0.000000,0.000000,0.000000,0.000000,0.000000,0.000000,0.000000
222,3.700000,0.004517,-0.000096,-29.262207,0.059509,-0.000476,-16.412163,-0.003222,0.013061,16.411818,5485.372,1,0.000000,4,3,49.295231,1,0,0,-0.005203,0.999959,-0.007465,0.999981,0.005227,0.003183,0.001618,-0.005144,0.000000,0.000000,0.000000,1,0.013852,5339.117676,78.543777,2585.111816,-0.000752,-0.033274,48.790886,1,0.005767,5095.145996,79.538857,3391.741699,-0.000765,-0.043262,49.804790,1,-0.005255,4725.301758,-235.705627,-1271.907349,0.002310,0.016223,48.531132,1,-0.013340,4481.352539,-236.611908,-1249.950806,0.002321,0.015943,48.580070,-303.725586,19642.529297,-3321.301270,54.974121,-140.911255,-17.799316,0.000000,0.000000,0.000000,0.000000,0.000000,0.000000,0.000000,0.000000,0.000000
223,3.716667,0.005371,-0.000095,-29.536621,0.054447,0.000100,-16.467518,-0.003039,0.010892,16.467154,5505.958,1,0.000000,4,3,49.477112,1,0,0,-0.005112,0.999959,-0.007426,0.999982,0.005135,0.003001,0.002271,-0.005533,0.000000,0.000000,0.000000,1,0.013737,5331.155273,89.156250,2599.354004,-0.000895,-0.033230,48.984505,1,0.005794,5093.389648,90.157356,3414.724365,-0.000908,-0.043555,49.974670,1,-0.005274,4724.781250,-249.285797,-1291.973511,0.002633,0.016479,48.695183,1,-0.013217,4486.986328,-250.190735,-1243.477295,0.002644,0.015861,48.740913,-310.169342,19636.820312,-3343.986328,36.305176,-173.358521,-10.141357,0.000000,0.000000,0.000000,0.000000,0.000000,0.000000,0.000000,0.000000,0.000000
224,3.733333,0.006226,-0.000085,-29.812012,0.049277,0.000601,-16.523251,-0.002902,0.008224,16.522871,5526.273,1,0.000000,4,3,49.656612,1,0,0,-0.005017,0.999960,-0.007381,0.999983,0.005039,0.002864,0.002704,-0.005761,0.000000,0.000000,0.000000,1,0.013601,5323.745605,100.175926,446.418365,-0.001037,-0.005694,49.175964,1,0.005807,5091.735352,101.178001,3429.147949,-0.001050,-0.043739,50.141960,1,-0.005295,4723.899902,-165.525528,-1308.485962,0.002111,0.016690,48.862164,1,-0.013089,4491.898438,-157.271744,-1240.166138,0.002006,0.015818,48.900810,-118.049042,19630.800781,-1190.750854,-256.164551,1697.470215,25.772217,0.000000,0.000000,0.000000,0.000000,0.000000,0.000000,0.000000,0.000000,0.000000
225,3.750000,0.006958,-0.000067,-30.087769,0.047310,0.001080,-16.543097,-0.002329,0.034342,16.542704,5546.322,1,0.000000,4,3,49.905331,1,0,0,-0.004936,0.999961,-0.007383,0.999985,0.004954,0.002292,-0.000293,-0.005112,0.000000,0.000000,0.000000,1,0.013525,5330.251953,193.581055,811.780579,-0.001569,-0.007424,49.472633,1,0.005863,5099.957031,194.583130,3699.452393,-0.001581,-0.047187,50.341812,1,-0.005384,4710.569336,-363.370972,-578.370300,0.003048,0.007377,49.031555,1,-0.013046,4480.273926,-355.116516,-1074.345215,0.002943,0.013703,49.060223,-324.161774,19618.843750,-2722.433105,4.206055,402.663086,1.468262,0.000000,0.000000,0.000000,0.000000,0.000000,0.000000,0.000000,0.000000,0.000000
226,3.766667,0.007690,-0.000044,-30.364258,0.041907,0.001340,-16.588470,-0.001652,0.040537,16.588057,5574.102,1,0.000000,4,3,50.131527,1,0,0,-0.004857,0.999961,-0.007383,0.999987,0.004869,0.001616,-0.000240,-0.005058,0.000000,0.000000,0.000000,1,0.013444,5326.873047,240.963470,1126.952881,-0.002127,-0.010004,49.745594,1,0.005912,5100.649902,241.956085,3787.041016,-0.002140,-0.048304,50.520454,1,-0.005476,4707.214355,-487.039246,-803.724548,0.004223,0.008444,49.094299,1,-0.013008,4480.969727,-478.794250,-1129.274414,0.004117,0.014404,49.195415,-478.442261,19612.939453,-2844.186279,20.094727,-103.193481,-12.040771,0.000000,0.000000,0.000000,0.000000,0.000000,0.000000,0.000000,0.000000,0.000000
227,3.783333,0.008301,-0.000019,-30.641479,0.033933,0.001514,-16.635874,-0.001003,0.038949,16.635435,5599.367,1,0.000000,4,3,50.342991,1,0,0,-0.004773,0.999961,-0.007380,0.999988,0.004781,0.000967,-0.000002,-0.005320,0.000000,0.000000,0.000000,1,0.013352,5322.225586,268.582520,1459.355835,-0.002609,-0.013200,50.000301,1,0.005958,5101.485352,269.568359,3878.752686,-0.002622,-0.049474,50.688030,1,-0.005568,4704.111816,-580.950195,-945.330933,0.005406,0.009785,49.189960,1,-0.012963,4483.367676,-572.711914,-1103.415405,0.005301,0.014074,49.338631,-612.611389,19608.109375,-3151.583496,54.964355,-475.843872,-21.954346,0.000000,0.000000,0.000000,0.000000,0.000000,0.000000,0.000000,0.000000,0.000000
228,3.800000,0.008667,0.000008,-30.919678,0.023723,0.001614,-16.688400,-0.000475,0.031626,16.687946,5622.986,1,0.000000,4,3,50.539108,1,0,0,-0.004680,0.999962,-0.007367,0.999989,0.004684,0.000440,0.000644,-0.005813,0.000000,0.000000,0.000000,1,0.013240,5315.420410,281.245422,1783.952026,-0.002972,-0.016746,50.235882,1,0.005995,5101.511719,282.246948,3924.722656,-0.002985,-0.050060,50.844162,1,-0.005653,4702.397461,-632.715820,-1117.474731,0.006395,0.011444,49.306309,1,-0.012898,4488.506836,-624.461914,-1100.974243,0.006290,0.014043,49.478069,-692.346619,19604.703125,-3351.283203,65.330078,-714.309692,-18.169189,0.000000,0.000000,0.000000,0.000000,0.000000,0.000000,0.000000,0.000000,0.000000
229,3.816667,0.008911,0.000035,-31.198730,0.012184,0.001665,-16.744255,-0.000130,0.020635,16.743792,5644.891,1,0.000000,4,3,50.721729,1,0,0,-0.004579,0.999963,-0.007342,0.999990,0.004580,0.000096,0.001411,-0.006239,0.000000,0.000000,0.000000,1,0.013106,5307.787598,173.762009,2093.295166,-0.002216,-0.020441,50.453499,1,0.006022,5100.819336,166.647079,3935.946289,-0.002126,-0.050203,50.991383,1,-0.005727,4701.737305,-492.342804,-1306.249634,0.006280,0.013381,49.447800,1,-0.012811,4494.757812,-469.773834,-1105.394043,0.005992,0.014099,49.617149,-621.460693,19602.035156,-3477.476562,61.694824,-107.616211,1.603027,0.000000,0.000000,0.000000,0.000000,0.000000,0.000000,0.000000,0.000000,0.000000
230,3.833333,0.008911,0.000063,-31.478760,0.001826,0.001681,-16.802214,0.000187,0.018980,16.801752,5665.289,1,0.000000,4,3,50.892578,1,0,0,-0.004478,0.999963,-0.007305,0.999990,0.004476,-0.000220,0.002134,-0.006212,0.000000,0.000000,0.000000,1,0.012958,5300.806152,236.186066,2411.938232,-0.002512,-0.024273,50.654503,1,0.006034,5098.930176,229.064758,3828.203857,-0.002421,-0.048829,51.131775,1,-0.005784,4702.431641,-397.332245,-1466.863403,0.005068,0.015359,49.616867,1,-0.012707,4500.564453,-379.638550,-1218.798218,0.004842,0.015546,49.756878,-312.516327,19599.789062,-3413.258545,31.898438,-289.838257,47.806641,0.000000,0.000000,0.000000,0.000000,0.000000,0.000000,0.000000,0.000000,0.000000
231,3.850000,0.008789,0.000091,-31.759766,-0.003383,0.001675,-16.859102,0.000430,0.014524,16.858644,5684.372,1,0.000000,4,3,51.055336,1,0,0,-0.004392,0.999964,-0.007262,0.999990,0.004389,-0.000462,0.002508,-0.005219,0.000000,0.000000,0.000000,1,0.012815,5296.915527,158.202438,2719.932617,-0.002018,-0.028141,50.840366,1,0.006026,5095.560547,151.969498,3750.019531,-0.001938,-0.047832,51.271214,1,-0.005819,4704.500000,-305.110840,-1606.511841,0.003892,0.017264,49.809395,1,-0.012608,4503.156250,-291.684296,-1226.218872,0.003720,0.015641,49.913170,-288.273621,19597.246094,-3494.977539,26.034180,-42.868896,48.872314,0.000000,0.000000,0.000000,0.000000,0.000000,0.000000,0.000000,0.000000,0.000000
232,3.866667,0.008667,0.000119,-32.041748,-0.008187,0.001635,-16.917353,0.000661,0.013867,16.916901,5702.550,1,0.000000,4,3,51.209427,1,0,0,-0.004324,0.999965,-0.007214,0.999990,0.004319,-0.000693,0.002813,-0.004190,0.000000,0.000000,0.000000,1,0.012679,5293.653809,157.107590,3018.209229,-0.002004,-0.031985,51.011162,1,0.005998,5091.800293,150.930191,3620.751465,-0.001925,-0.046183,51.408463,1,-0.005834,4707.142090,-283.274475,-1274.822266,0.003613,0.016260,50.022320,1,-0.012515,4505.279785,-270.780029,-1280.042480,0.003454,0.016327,50.070545,-248.775726,19595.099609,-3940.830566,68.254395,-599.136475,54.017334,0.000000,0.000000,0.000000,0.000000,0.000000,0.000000,0.000000,0.000000,0.000000
233,3.883333,0.008423,0.000145,-32.324829,-0.012333,0.001557,-16.983034,0.000739,0.004652,16.982592,5719.762,1,0.000000,4,3,51.356903,1,0,0,-0.004273,0.999965,-0.007154,0.999991,0.004268,-0.000770,0.003612,-0.003083,0.000000,0.000000,0.000000,1,0.012543,5289.102051,60.203293,2365.673828,-0.000768,-0.030174,51.168221,1,0.005942,5085.509277,57.856628,3484.934326,-0.000738,-0.044451,51.546284,1,-0.005816,4712.833496,-86.662727,-1693.832275,0.001105,0.018244,50.186794,1,-0.012417,4509.240723,-82.882133,-1311.378052,0.001057,0.016727,50.235783,-53.570580,19594.187500,-2701.149414,-120.236328,843.353027,73.842529,0.000000,0.000000,0.000000,0.000000,0.000000,0.000000,0.000000,0.000000,0.000000
234,3.900000,0.008301,0.000170,-32.608643,-0.013226,0.001506,-17.028053,0.001033,0.017632,17.027615,5736.233,1,0.000000,4,3,51.529308,1,0,0,-0.004251,0.999966,-0.007116,0.999990,0.004243,-0.001063,0.002203,-0.001476,0.000000,0.000000,0.000000,1,0.012456,5293.697754,117.115143,2673.271973,-0.001037,-0.034098,51.358856,1,0.005893,5085.036133,114.757278,3440.750732,-0.001007,-0.043887,51.700325,1,-0.005808,4711.360352,-188.974091,-982.546265,0.001590,0.012532,50.412476,1,-0.012372,4502.699219,-185.197113,-1283.119751,0.001542,0.016366,50.405598,-146.278824,19590.046875,-3703.230469,28.614258,-374.352051,49.431641,0.000000,0.000000,0.000000,0.000000,0.000000,0.000000,0.000000,0.000000,0.000000
235,3.916667,0.008057,0.000192,-32.893433,-0.015664,0.001367,-17.089773,0.001231,0.011875,17.089344,5755.490,1,0.000000,4,3,51.691853,1,0,0,-0.004245,0.999966,-0.007073,0.999990,0.004236,-0.001261,0.002537,-0.000453,0.000000,0.000000,0.000000,1,0.012378,5292.394531,110.253014,2584.934570,-0.001174,-0.032971,51.533794,1,0.005826,5080.132812,107.902260,3360.062012,-0.001144,-0.042858,51.850395,1,-0.005779,4715.754883,-202.947296,-1346.740234,0.001961,0.014257,50.534260,1,-0.012331,4503.481934,-199.167938,-1296.908447,0.001912,0.016542,50.571285,-187.989761,19589.320312,-3155.086914,-56.766113,-119.594238,36.749512,0.000000,0.000000,0.000000,0.000000,0.000000,0.000000,0.000000,0.000000,0.000000
236,3.933333,0.007690,0.000213,-33.179199,-0.018797,0.001233,-17.142359,0.001399,0.010037,17.141933,5773.645,1,0.000000,4,3,51.858829,1,0,0,-0.004251,0.999966,-0.007041,0.999990,0.004241,-0.001428,0.001871,0.000316,0.000000,0.000000,0.000000,1,0.012324,5294.508789,71.127136,2646.293945,-0.000907,-0.033754,51.713322,1,0.005764,5078.956055,68.168312,3357.893555,-0.000869,-0.042830,52.004745,1,-0.005752,4716.156250,-222.709473,-1224.256836,0.002287,0.015616,50.709240,1,-0.012312,4500.601562,-218.930603,-1231.216309,0.002239,0.015704,50.738987,-307.252197,19587.937500,-3401.352539,-18.008301,-166.451172,15.675049,0.000000,0.000000,0.000000,0.000000,0.000000,0.000000,0.000000,0.000000,0.000000
237,3.950000,0.007324,0.000231,-33.465820,-0.023918,0.001071,-17.199047,0.001523,0.007477,17.198633,5792.295,1,0.000000,4,3,52.022690,1,0,0,-0.004263,0.999966,-0.007013,0.999990,0.004252,-0.001553,0.001657,0.000638,0.000000,0.000000,0.000000,1,0.012282,5294.769531,68.911758,2641.253418,-0.000879,-0.033689,51.888714,1,0.005705,5077.408203,66.041634,3312.780273,-0.000842,-0.042255,52.157013,1,-0.005724,4717.336426,-166.741135,-1290.829102,0.002127,0.016465,50.866329,1,-0.012300,4499.984863,-158.948380,-1244.699951,0.002027,0.015876,50.897095,-195.838806,19587.490234,-3270.304688,-36.193848,9.617920,26.549072,0.000000,0.000000,0.000000,0.000000,0.000000,0.000000,0.000000,0.000000,0.000000
238,3.966667,0.006714,0.000246,-33.753418,-0.027182,0.000907,-17.253551,0.001650,0.007627,17.253143,5810.598,1,0.000000,4,3,52.187038,1,0,0,-0.004284,0.999966,-0.006991,0.999989,0.004272,-0.001680,0.001231,0.001200,0.000000,0.000000,0.000000,1,0.012258,5296.748047,93.787148,2681.916748,-0.000997,-0.034208,52.063957,1,0.005650,5076.184570,90.919373,3272.512451,-0.000960,-0.041741,52.310413,1,-0.005695,4718.241699,-157.348587,-1266.640259,0.002007,0.016156,51.033142,1,-0.012303,4497.700195,-149.883591,-1249.343018,0.001912,0.015935,51.057171,-128.067307,19587.111328,-3289.396484,-29.244629,-107.958862,32.874756,0.000000,0.000000,0.000000,0.000000,0.000000,0.000000,0.000000,0.000000,0.000000
239,3.983333,0.006226,0.000258,-34.041870,-0.029317,0.000737,-17.308374,0.001749,0.005968,17.307972,5828.955,1,0.000000,4,3,52.350170,1,0,0,-0.004316,0.999966,-0.006976,0.999989,0.004303,-0.001779,0.000887,0.001888,0.000000,0.000000,0.000000,1,0.012252,5299.311523,61.242222,2695.734131,-0.000781,-0.034384,52.236652,1,0.005595,5074.480469,58.608349,3243.516113,-0.000748,-0.041371,52.463932,1,-0.005664,4719.824219,-125.235321,-1277.169800,0.001597,0.016290,51.196423,1,-0.012320,4494.975586,-119.210503,-1238.595581,0.001521,0.015798,51.217926,-130.432831,19587.089844,-3273.471680,-27.290039,40.070679,24.794922,0.000000,0.000000,0.000000,0.000000,0.000000,0.000000,0.000000,0.000000,0.000000
240,4.000000,0.005737,0.000268,-34.331299,-0.031491,0.000565,-17.362932,0.001859,0.006586,17.362534,5847.175,1,0.000000,4,3,52.512569,1,0,0,-0.004357,0.999966,-0.006966,0.999989,0.004344,-0.001889,0.000565,0.002414,0.000000,0.000000,0.000000,1,0.012262,5302.061523,82.975647,2725.542480,-0.000884,-0.034765,52.407932,1,0.005543,5073.124023,80.339127,3199.464600,-0.000850,-0.040809,52.617416,1,-0.005630,4721.249023,-134.243988,-1257.905151,0.001712,0.016045,51.361240,1,-0.012348,4492.299805,-127.668251,-1251.451782,0.001628,0.015962,51.377110,-104.776184,19587.525391,-3264.726074,-22.560059,-118.294189,21.939209,0.000000,0.000000,0.000000,0.000000,0.000000,0.000000,0.000000,0.000000,0.000000
241,4.016667,0.005249,0.000274,-34.621582,-0.033237,0.000399,-17.417345,0.001938,0.004767,17.416948,5865.314,1,0.000000,4,3,52.674171,1,0,0,-0.004405,0.999966,-0.006961,0.999988,0.004392,-0.001968,0.000298,0.002871,0.000000,0.000000,0.000000,1,0.012285,5304.904785,48.215702,2730.266846,-0.000615,-0.034825,52.577194,1,0.005493,5071.766113,46.064892,3177.515869,-0.000588,-0.040530,52.771328,1,-0.005593,4722.763672,-100.017242,-1270.164307,0.001276,0.016201,51.523247,1,-0.012386,4489.633789,-95.046364,-1233.728027,0.001212,0.015736,51.538170,-107.193794,19588.132812,-3252.006592,-20.351074,59.349365,11.990479,0.000000,0.000000,0.000000,0.000000,0.000000,0.000000,0.000000,0.000000,0.000000
242,4.033333,0.004639,0.000278,-34.912720,-0.035023,0.000240,-17.471544,0.002032,0.005681,17.471151,5883.364,1,0.000000,4,3,52.835041,1,0,0,-0.004458,0.999966,-0.006960,0.999988,0.004444,-0.002063,0.000058,0.003128,0.000000,0.000000,0.000000,1,0.012320,5307.633301,66.864822,2754.747559,-0.000703,-0.035137,52.745304,1,0.005446,5070.855957,64.711243,3135.671387,-0.000676,-0.039996,52.924931,1,-0.005557,4724.020508,-132.664291,-1248.271606,0.001430,0.015922,51.687042,1,-0.012430,4487.242676,-127.696213,-1247.985718,0.001367,0.015918,51.696644,-135.480820,19589.103516,-3241.264160,-16.527344,-154.929199,3.396729,0.000000,0.000000,0.000000,0.000000,0.000000,0.000000,0.000000,0.000000,0.000000
243,4.050000,0.004028,0.000280,-35.204834,-0.037282,0.000092,-17.525566,0.002087,0.003297,17.525177,5901.332,1,0.000000,4,3,52.995148,1,0,0,-0.004512,0.999966,-0.006962,0.999988,0.004497,-0.002118,-0.000138,0.003191,0.000000,0.000000,0.000000,1,0.012361,5310.070312,41.484421,2748.263184,-0.000529,-0.035054,52.911556,1,0.005405,5070.361816,39.592175,3122.781250,-0.000505,-0.039831,53.078869,1,-0.005522,4724.950195,-59.738041,-1266.523682,0.000762,0.016155,51.847641,1,-0.012478,4485.241211,-56.694931,-1223.200439,0.000723,0.015602,51.857201,-42.191566,19590.244141,-3227.668945,-14.263184,132.738525,10.582520,0.000000,0.000000,0.000000,0.000000,0.000000,0.000000,0.000000,0.000000,0.000000
244,4.066667,0.003418,0.000279,-35.497803,-0.037985,-0.000039,-17.579361,0.002175,0.005340,17.578974,5919.215,1,0.000000,4,3,53.154530,1,0,0,-0.004569,0.999965,-0.006966,0.999987,0.004554,-0.002207,-0.000307,0.003422,0.000000,0.000000,0.000000,1,0.012411,5312.983398,59.312752,2776.509521,-0.000614,-0.035415,53.077000,1,0.005367,5069.487793,57.418285,3075.442383,-0.000589,-0.039228,53.232174,1,-0.005485,4726.338867,-90.130135,-1232.200684,0.000906,0.015717,52.010906,1,-0.012529,4482.832520,-87.089233,-1248.706787,0.000867,0.015927,52.014137,-67.594597,19591.511719,-3216.389160,-10.674316,-99.619507,0.974854,0.000000,0.000000,0.000000,0.000000,0.000000,0.000000,0.000000,0.000000,0.000000
245,4.083333,0.002808,0.000277,-35.791626,-0.039111,-0.000154,-17.632967,0.002238,0.003807,17.632580,5937.017,1,0.000000,4,3,53.313145,1,0,0,-0.004627,0.999965,-0.006973,0.999987,0.004611,-0.002271,-0.000433,0.003438,0.000000,0.000000,0.000000,1,0.012465,5315.468750,35.461048,2771.181396,-0.000452,-0.035347,53.240421,1,0.005333,5069.014648,33.796814,3059.720459,-0.000431,-0.039027,53.385967,1,-0.005450,4727.363770,-94.352806,-1247.444702,0.001016,0.015911,52.169155,1,-0.012582,4480.929688,-91.313438,-1226.719482,0.000978,0.015647,52.174797,-123.685097,19592.871094,-3201.007812,-8.514160,-33.243774,-10.198486,0.000000,0.000000,0.000000,0.000000,0.000000,0.000000,0.000000,0.000000,0.000000
246,4.100000,0.002075,0.000272,-36.086426,-0.041173,-0.000252,-17.686317,0.002293,0.003295,17.685932,5954.733,1,0.000000,4,3,53.471031,1,0,0,-0.004681,0.999965,-0.006982,0.999986,0.004665,-0.002326,-0.000535,0.003221,0.000000,0.000000,0.000000,1,0.012521,5317.402344,39.752991,2773.161377,-0.000507,-0.035372,53.402950,1,0.005305,5069.086426,37.888027,3037.151611,-0.000483,-0.038739,53.539200,1,-0.005418,4727.886230,-60.712528,-1241.653564,0.000774,0.015837,52.329632,1,-0.012633,4479.583496,-57.504948,-1223.172485,0.000733,0.015602,52.332245,-47.992420,19594.246094,-3188.984619,-7.381836,29.087769,-1.974854,0.000000,0.000000,0.000000,0.000000,0.000000,0.000000,0.000000,0.000000,0.000000
247,4.116667,0.001343,0.000267,-36.382080,-0.041973,-0.000330,-17.739468,0.002355,0.003743,17.739082,5972.368,1,0.000000,4,3,53.628143,1,0,0,-0.004734,0.999964,-0.006992,0.999986,0.004718,-0.002388,-0.000623,0.003181,0.000000,0.000000,0.000000,1,0.012578,5319.670898,40.813747,2780.868652,-0.000521,-0.035470,53.564308,1,0.005281,5068.852051,38.875450,3007.817383,-0.000496,-0.038365,53.692055,1,-0.005387,4728.735840,-81.727341,-1228.553223,0.000874,0.015670,52.489262,1,-0.012684,4477.898438,-78.520180,-1227.671021,0.000833,0.015659,52.489178,-88.143723,19595.609375,-3174.918457,-5.232910,-74.401978,-13.399658,0.000000,0.000000,0.000000,0.000000,0.000000,0.000000,0.000000,0.000000,0.000000
248,4.133333,0.000610,0.000260,-36.678589,-0.043442,-0.000391,-17.792383,0.002398,0.002597,17.792002,5989.916,1,0.000000,4,3,53.784489,1,0,0,-0.004783,0.999964,-0.007003,0.999986,0.004766,-0.002431,-0.000685,0.002894,0.000000,0.000000,0.000000,1,0.012635,5321.306641,32.336926,2773.443848,-0.000412,-0.035376,53.724293,1,0.005263,5069.165039,30.798376,2992.957031,-0.000393,-0.038175,53.844753,1,-0.005360,4728.978516,-46.313763,-1234.222290,0.000591,0.015743,52.646980,1,-0.012732,4476.836914,-43.837429,-1213.467041,0.000559,0.015478,52.646767,-34.698269,19596.859375,-3160.355469,-2.725098,52.171387,-7.579834,0.000000,0.000000,0.000000,0.000000,0.000000,0.000000,0.000000,0.000000,0.000000
249,4.150000,-0.000122,0.000253,-36.975952,-0.044020,-0.000434,-17.845057,0.002454,0.003399,17.844673,6007.379,1,0.000000,4,3,53.940060,1,0,0,-0.004829,0.999964,-0.007015,0.999985,0.004812,-0.002488,-0.000718,0.002737,0.000000,0.000000,0.000000,1,0.012691,5323.051758,43.923927,2780.744141,-0.000467,-0.035469,53.883389,1,0.005248,5069.210938,35.039734,2963.269043,-0.000447,-0.037797,53.996792,1,-0.005335,4729.502930,-65.424736,-1216.786743,0.000681,0.015520,52.805527,1,-0.012778,4475.672852,-62.947723,-1221.318970,0.000650,0.015578,52.802280,-57.241169,19598.113281,-3146.555176,-1.976074,-67.680603,-12.285156,0.000000,0.000000,0.000000,0.000000,0.000000,0.000000,0.000000,0.000000,0.000000
250,4.166667,-0.000854,0.000246,-37.274292,-0.044974,-0.000461,-17.897499,0.002493,0.002358,17.897116,6024.755,1,0.000000,4,3,54.094833,1,0,0,-0.004871,0.999964,-0.007027,0.999985,0.004853,-0.002527,-0.000742,0.002474,0.000000,0.000000,0.000000,1,0.012744,5324.416504,24.669008,2771.005127,-0.000315,-0.035344,54.041073,1,0.005238,5069.534668,23.483232,2949.663818,-0.000300,-0.037623,54.148647,1,-0.005314,4729.667969,-46.748520,-1222.833740,0.000596,0.015597,52.961525,1,-0.012820,4474.788086,-44.220345,-1206.452148,0.000564,0.015388,52.958942,-50.732708,19599.136719,-3131.107910,-0.789062,33.153076,-12.772461,0.000000,0.000000,0.000000,0.000000,0.000000,0.000000,0.000000,0.000000,0.000000
251,4.183333,-0.001587,0.000238,-37.573486,-0.045820,-0.000473,-17.949684,0.002541,0.002867,17.949301,6042.042,1,0.000000,4,3,54.248821,1,0,0,-0.004908,0.999963,-0.007039,0.999985,0.004890,-0.002575,-0.000752,0.002206,0.000000,0.000000,0.000000,1,0.012795,5325.632812,34.187054,2773.068848,-0.000360,-0.035371,54.197918,1,0.005231,5069.945312,33.001740,2924.429932,-0.000345,-0.037301,54.299770,1,-0.005296,4729.773438,-63.118656,-1208.895264,0.000674,0.015420,53.118408,1,-0.012859,4474.098633,-60.591255,-1210.350342,0.000642,0.015438,53.113430,-64.552048,19600.234375,-3117.005371,0.871582,-69.984497,-15.437744,0.000000,0.000000,0.000000,0.000000,0.000000,0.000000,0.000000,0.000000,0.000000
252,4.200000,-0.002319,0.000230,-37.873535,-0.046895,-0.000471,-18.001635,0.002570,0.001789,18.001249,6059.242,1,0.000000,4,3,54.401989,1,0,0,-0.004939,0.999963,-0.007052,0.999984,0.004921,-0.002605,-0.000742,0.001876,0.000000,0.000000,0.000000,1,0.012841,5326.470703,20.803572,2760.718018,-0.000265,-0.035213,54.353493,1,0.005229,5070.500000,19.800747,2912.614746,-0.000253,-0.037151,54.450527,1,-0.005281,4729.652344,-32.899178,-1214.005127,0.000420,0.015485,53.273254,1,-0.012893,4473.652344,-31.113678,-1195.979492,0.000397,0.015255,53.268490,-31.487822,19601.068359,-3101.250000,1.884766,59.997803,-9.988770,0.000000,0.000000,0.000000,0.000000,0.000000,0.000000,0.000000,0.000000,0.000000
253,4.216667,-0.003052,0.000222,-38.174438,-0.047420,-0.000458,-18.053322,0.002615,0.002712,18.052935,6076.350,1,0.000000,4,3,54.554348,1,0,0,-0.004967,0.999963,-0.007063,0.999984,0.004949,-0.002650,-0.000720,0.001669,0.000000,0.000000,0.000000,1,0.012884,5327.361816,29.838667,2763.866699,-0.000308,-0.035253,54.508274,1,0.005229,5070.792480,28.835159,2885.342529,-0.000295,-0.036803,54.600460,1,-0.005269,4729.657715,-48.352829,-1195.869019,0.000493,0.015253,53.428848,1,-0.012924,4473.086426,-46.566841,-1203.738525,0.000470,0.015354,53.421448,-44.430378,19601.662109,-3086.535889,1.615234,-48.229431,-12.346924,0.000000,0.000000,0.000000,0.000000,0.000000,0.000000,0.000000,0.000000,0.000000
254,4.233333,-0.003906,0.000215,-38.476196,-0.048161,-0.000436,-18.104765,0.002648,0.001969,18.104376,6093.368,1,0.000000,4,3,54.705872,1,0,0,-0.004991,0.999963,-0.007075,0.999984,0.004972,-0.002683,-0.000701,0.001405,0.000000,0.000000,0.000000,1,0.012922,5328.011719,19.092068,2752.041748,-0.000244,-0.035103,54.661716,1,0.005232,5071.303711,18.169102,2872.287109,-0.000232,-0.036636,54.750065,1,-0.005261,4729.471680,-40.010185,-1199.680298,0.000510,0.015302,53.581791,1,-0.012951,4472.761230,-37.834877,-1190.469604,0.000483,0.015185,53.575539,-48.825935,19602.291016,-3070.171387,0.418457,13.043335,-12.163086,0.000000,0.000000,0.000000,0.000000,0.000000,0.000000,0.000000,0.000000,0.000000
255,4.250000,-0.004761,0.000208,-38.778809,-0.048974,-0.000405,-18.155935,0.002684,0.002169,18.155546,6110.292,1,0.000000,4,3,54.856567,1,0,0,-0.005010,0.999962,-0.007086,0.999984,0.004991,-0.002719,-0.000696,0.001149,0.000000,0.000000,0.000000,1,0.012957,5328.584961,26.199184,2747.450684,-0.000277,-0.035044,54.814316,1,0.005237,5071.895020,25.275785,2852.250244,-0.000265,-0.036381,54.898849,1,-0.005256,4729.073730,-42.588860,-1189.961914,0.000543,0.015178,53.735291,1,-0.012976,4472.393066,-40.271214,-1189.361694,0.000514,0.015170,53.727692,-39.698135,19602.630859,-3055.464844,1.614746,-29.756104,-10.674561,0.000000,0.000000,0.000000,0.000000,0.000000,0.000000,0.000000,0.000000,0.000000
256,4.266667,-0.005615,0.000202,-39.082275,-0.049636,-0.000370,-18.206860,0.002712,0.001711,18.206469,6127.123,1,0.000000,4,3,55.006401,1,0,0,-0.005026,0.999962,-0.007097,0.999984,0.005006,-0.002748,-0.000677,0.000922,0.000000,0.000000,0.000000,1,0.012988,5329.001953,16.556946,2736.459473,-0.000211,-0.034904,54.965797,1,0.005244,5072.433105,15.755723,2837.691162,-0.000201,-0.036195,55.047035,1,-0.005254,4728.698730,-34.495289,-1188.668823,0.000440,0.015162,53.887371,1,-0.012998,4472.119141,-32.620815,-1180.694336,0.000416,0.015060,53.879684,-43.158333,19602.869141,-3038.938721,1.547852,17.558960,-10.088135,0.000000,0.000000,0.000000,0.000000,0.000000,0.000000,0.000000,0.000000,0.000000
257,4.283333,-0.006470,0.000196,-39.386597,-0.050355,-0.000331,-18.257509,0.002745,0.001980,18.257120,6143.859,1,0.000000,4,3,55.155388,1,0,0,-0.005038,0.999962,-0.007108,0.999984,0.005018,-0.002781,-0.000658,0.000710,0.000000,0.000000,0.000000,1,0.013016,5329.356445,23.004181,2730.858643,-0.000242,-0.034832,55.116383,1,0.005254,5073.024414,22.201906,2817.824707,-0.000231,-0.035942,55.194424,1,-0.005255,4728.216797,-45.929157,-1178.698975,0.000494,0.015034,54.039261,1,-0.013017,4471.894043,-36.692841,-1179.851562,0.000468,0.015049,54.030411,-45.828156,19603.041016,-3023.351562,1.700684,-37.739502,-9.798828,0.000000,0.000000,0.000000,0.000000,0.000000,0.000000,0.000000,0.000000,0.000000
258,4.300000,-0.007324,0.000192,-39.691772,-0.051119,-0.000290,-18.307898,0.002769,0.001399,18.307505,6160.500,1,0.000000,4,3,55.303505,1,0,0,-0.005046,0.999962,-0.007119,0.999983,0.005027,-0.002804,-0.000638,0.000500,0.000000,0.000000,0.000000,1,0.013040,5329.572266,14.914641,2717.670898,-0.000190,-0.034664,55.265858,1,0.005265,5073.634277,14.194017,2804.980713,-0.000181,-0.035778,55.341179,1,-0.005258,4727.704102,-26.473495,-1178.656738,0.000338,0.015034,54.189697,1,-0.013033,4471.765625,-25.040350,-1169.505615,0.000319,0.014917,54.181015,-30.839905,19603.162109,-3006.828125,1.469727,32.102234,-7.074951,0.000000,0.000000,0.000000,0.000000,0.000000,0.000000,0.000000,0.000000,0.000000
259,4.316667,-0.008179,0.000187,-39.997681,-0.051633,-0.000247,-18.358011,0.002800,0.001892,18.357616,6177.044,1,0.000000,4,3,55.450756,1,0,0,-0.005053,0.999962,-0.007129,0.999983,0.005032,-0.002836,-0.000620,0.000353,0.000000,0.000000,0.000000,1,0.013060,5329.788574,21.120090,2712.554688,-0.000220,-0.034599,55.414478,1,0.005276,5074.133301,20.398708,2783.889404,-0.000210,-0.035509,55.487057,1,-0.005264,4727.171387,-37.357941,-1166.409668,0.000389,0.014878,54.340126,1,-0.013048,4471.516113,-35.925568,-1170.802979,0.000371,0.014934,54.330109,-40.250408,19602.998047,-2990.624023,1.414062,-35.605225,-7.653564,0.000000,0.000000,0.000000,0.000000,0.000000,0.000000,0.000000,0.000000,0.000000
260,4.333333,-0.009033,0.000184,-40.304443,-0.052304,-0.000207,-18.407854,0.002822,0.001344,18.407457,6193.490,1,0.000000,4,3,55.597126,1,0,0,-0.005056,0.999962,-0.007139,0.999983,0.005036,-0.002858,-0.000604,0.000189,0.000000,0.000000,0.000000,1,0.013078,5329.905273,13.582335,2698.508545,-0.000173,-0.034420,55.561954,1,0.005289,5074.746094,12.930298,2771.422607,-0.000165,-0.035350,55.632317,1,-0.005272,4726.553711,-26.026508,-1166.779175,0.000332,0.014882,54.488766,1,-0.013061,4471.372070,-24.618959,-1159.765991,0.000314,0.014793,54.479389,-32.636749,19602.890625,-2973.884033,1.139160,23.020325,-5.793457,0.000000,0.000000,0.000000,0.000000,0.000000,0.000000,0.000000,0.000000,0.000000
261,4.350000,-0.009888,0.000181,-40.612061,-0.052848,-0.000167,-18.457418,0.002851,0.001698,18.457024,6209.839,1,0.000000,4,3,55.742611,1,0,0,-0.005057,0.999962,-0.007149,0.999983,0.005037,-0.002887,-0.000590,0.000068,0.000000,0.000000,0.000000,1,0.013093,5330.021973,19.088940,2691.295654,-0.000199,-0.034328,55.708580,1,0.005303,5075.267578,18.436485,2751.979736,-0.000191,-0.035102,55.776665,1,-0.005282,4725.937012,-35.853546,-1156.147095,0.000378,0.014747,54.637459,1,-0.013072,4471.200684,-34.446404,-1159.167480,0.000361,0.014785,54.627060,-41.316666,19602.658203,-2957.518555,0.946777,-34.824158,-6.747803,0.000000,0.000000,0.000000,0.000000,0.000000,0.000000,0.000000,0.000000,0.000000
262,4.366667,-0.010742,0.000179,-40.920532,-0.053537,-0.000131,-18.506710,0.002870,0.001162,18.506311,6226.089,1,0.000000,4,3,55.887199,1,0,0,-0.005056,0.999962,-0.007158,0.999983,0.005035,-0.002906,-0.000578,-0.000077,0.000000,0.000000,0.000000,1,0.013106,5330.056641,12.263501,2676.429199,-0.000156,-0.034138,55.854103,1,0.005317,5075.938477,11.676499,2739.788574,-0.000149,-0.034946,55.920319,1,-0.005294,4725.225098,-21.733955,-1155.950073,0.000277,0.014744,54.784599,1,-0.013083,4471.118164,-20.562889,-1148.569946,0.000262,0.014650,54.774643,-26.904827,19602.511719,-2940.386230,2.585449,29.886597,-3.168457,0.000000,0.000000,0.000000,0.000000,0.000000,0.000000,0.000000,0.000000,0.000000
263,4.383333,-0.011597,0.000177,-41.229736,-0.053985,-0.000097,-18.555716,0.002897,0.001622,18.555315,6242.238,1,0.000000,4,3,56.030888,1,0,0,-0.005054,0.999962,-0.007167,0.999983,0.005033,-0.002933,-0.000548,-0.000142,0.000000,0.000000,0.000000,1,0.013117,5330.075195,17.513426,2669.177002,-0.000181,-0.034046,55.998772,1,0.005332,5076.331543,16.926294,2719.756836,-0.000174,-0.034691,56.063019,1,-0.005307,4724.697754,-31.126486,-1144.258789,0.000322,0.014595,54.931713,1,-0.013092,4470.944824,-29.955540,-1148.843750,0.000307,0.014654,54.920677,-35.222473,19602.142578,-2923.585938,1.244629,-27.915405,-3.053711,0.000000,0.000000,0.000000,0.000000,0.000000,0.000000,0.000000,0.000000,0.000000
264,4.400000,-0.012451,0.000176,-41.539795,-0.054572,-0.000068,-18.604443,0.002917,0.001192,18.604042,6258.288,1,0.000000,4,3,56.173676,1,0,0,-0.005050,0.999961,-0.007176,0.999983,0.005029,-0.002953,-0.000533,-0.000209,0.000000,0.000000,0.000000,1,0.013126,5330.133789,11.442758,2654.385742,-0.000146,-0.033857,56.142330,1,0.005346,5076.829590,10.897235,2707.013672,-0.000139,-0.034528,56.205040,1,-0.005321,4724.103027,-23.338114,-1143.454468,0.000298,0.014585,55.077118,1,-0.013100,4470.798828,-22.085245,-1138.641724,0.000282,0.014523,55.066750,-31.669596,19601.908203,-2906.162598,0.759766,16.500549,-2.452637,0.000000,0.000000,0.000000,0.000000,0.000000,0.000000,0.000000,0.000000,0.000000
265,4.416667,-0.013428,0.000176,-41.850708,-0.055100,-0.000042,-18.652878,0.002941,0.001446,18.652475,6274.236,1,0.000000,4,3,56.315552,1,0,0,-0.005046,0.999961,-0.007185,0.999983,0.005025,-0.002977,-0.000524,-0.000259,0.000000,0.000000,0.000000,1,0.013133,5330.197266,16.042006,2644.818359,-0.000168,-0.033735,56.285011,1,0.005361,5077.312012,15.496667,2689.040771,-0.000161,-0.034299,56.346107,1,-0.005335,4723.488281,-31.792547,-1134.081787,0.000338,0.014465,55.222404,1,-0.013108,4470.614258,-30.540125,-1136.337646,0.000322,0.014494,55.211334,-39.401039,19601.603516,-2889.373291,1.067871,-29.852722,-2.728760,0.000000,0.000000,0.000000,0.000000,0.000000,0.000000,0.000000,0.000000,0.000000
266,4.433333,-0.014404,0.000175,-42.162354,-0.055757,-0.000020,-18.701035,0.002958,0.000986,18.700634,6290.083,1,0.000000,4,3,56.456509,1,0,0,-0.005041,0.999961,-0.007193,0.999983,0.005020,-0.002994,-0.000511,-0.000319,0.000000,0.000000,0.000000,1,0.013140,5330.197266,10.427106,2629.230225,-0.000133,-0.033536,56.426636,1,0.005375,5077.818359,9.932660,2676.633057,-0.000127,-0.034141,56.486397,1,-0.005351,4722.877441,-18.107153,-1132.803833,0.000231,0.014449,55.366322,1,-0.013115,4470.489258,-17.138037,-1126.438110,0.000219,0.014368,55.355583,-23.485191,19601.333984,-2871.702637,1.037109,29.693359,0.717773,0.000000,0.000000,0.000000,0.000000,0.000000,0.000000,0.000000,0.000000,0.000000
267,4.450000,-0.015381,0.000175,-42.474854,-0.056148,-0.000002,-18.748896,0.002982,0.001443,18.748491,6305.826,1,0.000000,4,3,56.596550,1,0,0,-0.005036,0.999961,-0.007201,0.999983,0.005015,-0.003018,-0.000498,-0.000302,0.000000,0.000000,0.000000,1,0.013146,5330.339844,15.040570,2620.721680,-0.000155,-0.033428,56.567402,1,0.005389,5078.143066,14.545965,2657.141602,-0.000149,-0.033892,56.625710,1,-0.005366,4722.408203,-26.524174,-1121.305908,0.000271,0.014302,55.510052,1,-0.013122,4470.200684,-25.555201,-1126.163086,0.000258,0.014364,55.498383,-31.111992,19601.000000,-2854.555908,0.515137,-22.290100,-0.118896,0.000000,0.000000,0.000000,0.000000,0.000000,0.000000,0.000000,0.000000,0.000000
268,4.466667,-0.016357,0.000175,-42.788086,-0.056666,0.000012,-18.796471,0.003000,0.001100,18.796066,6321.468,1,0.000000,4,3,56.735664,1,0,0,-0.005031,0.999961,-0.007209,0.999983,0.005010,-0.003036,-0.000492,-0.000306,0.000000,0.000000,0.000000,1,0.013151,5330.470215,9.940743,2605.506836,-0.000127,-0.033234,56.707058,1,0.005403,5078.540039,9.469462,2644.096191,-0.000121,-0.033726,56.764286,1,-0.005381,4721.878418,-21.872507,-1119.616333,0.000279,0.014281,55.652103,1,-0.013130,4469.968262,-20.702967,-1116.438721,0.000264,0.014240,55.641144,-31.782742,19600.740234,-2836.813965,-0.560059,10.802429,-0.348877,0.000000,0.000000,0.000000,0.000000,0.000000,0.000000,0.000000,0.000000,0.000000
269,4.483333,-0.017334,0.000176,-43.102173,-0.057196,0.000022,-18.843750,0.003021,0.001266,18.843344,6337.006,1,0.000000,4,3,56.873852,1,0,0,-0.005026,0.999961,-0.007217,0.999983,0.005004,-0.003057,-0.000499,-0.000313,0.000000,0.000000,0.000000,1,0.013157,5330.611328,13.883152,2594.139893,-0.000145,-0.033089,56.845825,1,0.005416,5078.992676,13.412001,2627.105713,-0.000139,-0.033509,56.901890,1,-0.005397,4721.288086,-24.600700,-1111.354492,0.000314,0.014175,55.793907,1,-0.013138,4469.660645,-23.286747,-1112.834351,0.000297,0.014194,55.782486,-29.216751,19600.402344,-2819.440674,-1.344238,-13.979126,0.437012,0.000000,0.000000,0.000000,0.000000,0.000000,0.000000,0.000000,0.000000,0.000000
270,4.500000,-0.018311,0.000176,-43.416992,-0.057683,0.000028,-18.890741,0.003039,0.001051,18.890335,6352.440,1,0.000000,4,3,57.011105,1,0,0,-0.005021,0.999961,-0.007226,0.999983,0.004999,-0.003075,-0.000514,-0.000304,0.000000,0.000000,0.000000,1,0.013163,5330.876465,9.268617,2579.614502,-0.000118,-0.032903,56.983566,1,0.005430,5079.469727,8.830743,2613.167969,-0.000113,-0.033331,57.038658,1,-0.005413,4720.726562,-20.990656,-1107.554688,0.000268,0.014127,55.934505,1,-0.013146,4469.330566,-19.871075,-1104.927490,0.000253,0.014093,55.923302,-31.381981,19600.253906,-2801.790283,-1.322754,9.644470,0.435791,0.000000,0.000000,0.000000,0.000000,0.000000,0.000000,0.000000,0.000000,0.000000
271,4.516667,-0.019287,0.000177,-43.732666,-0.058206,0.000032,-18.937437,0.003059,0.001200,18.937029,6367.771,1,0.000000,4,3,57.147419,1,0,0,-0.005017,0.999961,-0.007235,0.999983,0.004994,-0.003095,-0.000530,-0.000295,0.000000,0.000000,0.000000,1,0.013169,5331.113281,12.965950,2567.665771,-0.000136,-0.032751,57.120380,1,0.005444,5079.930664,12.527971,2596.380371,-0.000130,-0.033117,57.174469,1,-0.005430,4720.145508,-23.308411,-1099.608032,0.000297,0.014026,56.074547,1,-0.013155,4468.942871,-22.066162,-1101.044678,0.000281,0.014044,56.062962,-28.501366,19599.958984,-2784.008301,-1.263672,-12.402588,1.100342,0.000000,0.000000,0.000000,0.000000,0.000000,0.000000,0.000000,0.000000,0.000000
272,4.533333,-0.020264,0.000177,-44.049072,-0.058681,0.000031,-18.983837,0.003076,0.001009,18.983427,6382.997,1,0.000000,4,3,57.282799,1,0,0,-0.005012,0.999961,-0.007244,0.999983,0.004990,-0.003112,-0.000545,-0.000272,0.000000,0.000000,0.000000,1,0.013176,5331.445801,8.773145,2552.929932,-0.000112,-0.032563,57.256180,1,0.005458,5080.382324,8.360031,2582.295654,-0.000107,-0.032937,57.309429,1,-0.005446,4719.599121,-20.128279,-1095.557007,0.000257,0.013974,56.213428,1,-0.013164,4468.566895,-19.055376,-1093.303955,0.000243,0.013945,56.202053,-30.662285,19599.828125,-2766.093262,-0.022461,8.798279,0.902832,0.000000,0.000000,0.000000,0.000000,0.000000,0.000000,0.000000,0.000000,0.000000
273,4.550000,-0.021240,0.000178,-44.366211,-0.059192,0.000029,-19.029938,0.003095,0.001144,19.029528,6398.118,1,0.000000,4,3,57.417236,1,0,0,-0.005008,0.999961,-0.007253,0.999983,0.004985,-0.003131,-0.000545,-0.000253,0.000000,0.000000,0.000000,1,0.013183,5331.691406,12.274543,2540.527588,-0.000128,-0.032405,57.391048,1,0.005471,5080.790039,11.861572,2565.710205,-0.000123,-0.032726,57.443436,1,-0.005462,4719.094727,-22.203173,-1087.790405,0.000283,0.013875,56.351719,1,-0.013174,4468.175293,-21.021696,-1089.143921,0.000268,0.013892,56.340015,-27.697262,19599.570312,-2748.163818,-0.729004,-11.285706,1.456299,0.000000,0.000000,0.000000,0.000000,0.000000,0.000000,0.000000,0.000000,0.000000
274,4.566667,-0.022217,0.000178,-44.684082,-0.059654,0.000023,-19.075741,0.003111,0.000971,19.075327,6413.133,1,0.000000,4,3,57.550735,1,0,0,-0.005004,0.999961,-0.007262,0.999983,0.004982,-0.003147,-0.000553,-0.000223,0.000000,0.000000,0.000000,1,0.013190,5332.051270,8.323741,2525.580566,-0.000106,-0.032214,57.524914,1,0.005485,5081.211914,7.931723,2551.494385,-0.000101,-0.032545,57.576569,1,-0.005478,4718.629395,-19.355602,-1083.504761,0.000247,0.013820,56.488876,1,-0.013184,4467.790039,-18.326353,-1081.536743,0.000234,0.013795,56.477367,-30.022404,19599.523438,-2730.013428,-0.817383,8.657959,1.220459,0.000000,0.000000,0.000000,0.000000,0.000000,0.000000,0.000000,0.000000,0.000000
275,4.583333,-0.023193,0.000178,-45.002808,-0.060154,0.000017,-19.121241,0.003129,0.001104,19.120829,6428.044,1,0.000000,4,3,57.683292,1,0,0,-0.005001,0.999961,-0.007271,0.999983,0.004978,-0.003166,-0.000563,-0.000196,0.000000,0.000000,0.000000,1,0.013199,5332.423828,11.678432,2512.930176,-0.000122,-0.032053,57.657845,1,0.005498,5081.641113,11.285902,2535.005127,-0.000117,-0.032334,57.708748,1,-0.005494,4718.131348,-21.391273,-1075.712036,0.000273,0.013721,56.625408,1,-0.013195,4467.359863,-20.254070,-1077.172241,0.000258,0.013739,56.613609,-27.270744,19599.402344,-2712.170410,-1.336426,-10.702881,2.199463,0.000000,0.000000,0.000000,0.000000,0.000000,0.000000,0.000000,0.000000,0.000000
276,4.600000,-0.024170,0.000179,-45.322266,-0.060609,0.000009,-19.166443,0.003145,0.000939,19.166031,6442.851,1,0.000000,4,3,57.814903,1,0,0,-0.004999,0.999961,-0.007281,0.999983,0.004976,-0.003181,-0.000579,-0.000150,0.000000,0.000000,0.000000,1,0.013208,5332.872070,7.958835,2497.854736,-0.000102,-0.031860,57.789772,1,0.005511,5082.057129,7.582460,2520.808350,-0.000097,-0.032153,57.840046,1,-0.005509,4717.692383,-18.705454,-1071.347778,0.000239,0.013665,56.760799,1,-0.013206,4466.868164,-17.711246,-1069.536377,0.000226,0.013642,56.749214,-29.449932,19599.351562,-2694.025391,-1.190430,8.022583,1.167480,0.000000,0.000000,0.000000,0.000000,0.000000,0.000000,0.000000,0.000000,0.000000
277,4.616667,-0.025146,0.000179,-45.642456,-0.061100,0.000001,-19.211344,0.003163,0.001063,19.210928,6457.550,1,0.000000,4,3,57.945568,1,0,0,-0.004997,0.999961,-0.007290,0.999983,0.004974,-0.003199,-0.000593,-0.000125,0.000000,0.000000,0.000000,1,0.013218,5333.307617,11.170951,2484.814453,-0.000117,-0.031694,57.920765,1,0.005525,5082.491211,10.793880,2504.385254,-0.000112,-0.031944,57.970379,1,-0.005525,4717.223145,-20.553358,-1063.761230,0.000262,0.013568,56.895554,1,-0.013218,4466.395508,-19.460934,-1065.085449,0.000248,0.013585,56.883705,-26.613297,19599.291016,-2675.746338,-1.045898,-9.928711,2.026123,0.000000,0.000000,0.000000,0.000000,0.000000,0.000000,0.000000,0.000000,0.000000
278,4.633333,-0.026123,0.000178,-45.963379,-0.061543,-0.000009,-19.255939,0.003178,0.000910,19.255524,6472.145,1,0.000000,4,3,58.075291,1,0,0,-0.004996,0.999961,-0.007300,0.999983,0.004972,-0.003214,-0.000605,-0.000083,0.000000,0.000000,0.000000,1,0.013229,5333.821777,7.626203,2469.616699,-0.000097,-0.031500,58.050762,1,0.005538,5082.892578,7.265054,2490.147705,-0.000093,-0.031762,58.099831,1,-0.005539,4716.781250,-18.093632,-1059.186523,0.000231,0.013510,57.029198,1,-0.013231,4465.872070,-17.131924,-1057.516724,0.000219,0.013489,57.017544,-28.880449,19599.253906,-2657.589844,-0.792480,7.622498,0.868652,0.000000,0.000000,0.000000,0.000000,0.000000,0.000000,0.000000,0.000000,0.000000
279,4.650000,-0.027100,0.000178,-46.285034,-0.062024,-0.000019,-19.300232,0.003195,0.001028,19.299814,6486.634,1,0.000000,4,3,58.204067,1,0,0,-0.004995,0.999961,-0.007311,0.999982,0.004971,-0.003232,-0.000614,-0.000064,0.000000,0.000000,0.000000,1,0.013241,5334.291992,10.717329,2456.411621,-0.000112,-0.031332,58.179832,1,0.005551,5083.375977,10.355761,2473.896484,-0.000107,-0.031555,58.228313,1,-0.005554,4716.349609,-19.821363,-1051.578369,0.000253,0.013413,57.162174,1,-0.013243,4465.424316,-18.767920,-1052.898193,0.000239,0.013430,57.150276,-26.049507,19599.363281,-2639.515137,-0.006348,-9.217773,1.203369,0.000000,0.000000,0.000000,0.000000,0.000000,0.000000,0.000000,0.000000,0.000000
280,4.666667,-0.028198,0.000178,-46.607422,-0.062459,-0.000028,-19.344223,0.003210,0.000886,19.343803,6501.017,1,0.000000,4,3,58.331894,1,0,0,-0.004994,0.999961,-0.007321,0.999982,0.004971,-0.003246,-0.000615,-0.000039,0.000000,0.000000,0.000000,1,0.013253,5334.748535,7.367805,2441.050537,-0.000094,-0.031136,58.307899,1,0.005564,5083.758789,7.020520,2459.562500,-0.000090,-0.031372,58.355896,1,-0.005568,4715.938477,-17.548086,-1046.926025,0.000224,0.013354,57.294041,1,-0.013257,4464.948730,-16.613054,-1045.433594,0.000212,0.013335,57.282337,-28.285355,19599.320312,-2621.079102,-0.720215,7.447327,1.342285,0.000000,0.000000,0.000000,0.000000,0.000000,0.000000,0.000000,0.000000,0.000000
281,4.683333,-0.029297,0.000177,-46.930542,-0.062930,-0.000037,-19.387907,0.003227,0.001001,19.387487,6515.294,1,0.000000,4,3,58.458778,1,0,0,-0.004994,0.999961,-0.007331,0.999982,0.004970,-0.003263,-0.000623,-0.000011,0.000000,0.000000,0.000000,1,0.013265,5335.273926,10.359213,2427.616455,-0.000108,-0.030964,58.435043,1,0.005577,5084.176270,10.011796,2443.335938,-0.000104,-0.031165,58.482525,1,-0.005582,4715.539062,-19.268053,-1039.396851,0.000246,0.013258,57.425228,1,-0.013270,4464.452637,-18.239809,-1040.708130,0.000233,0.013274,57.413307,-25.633650,19599.390625,-2602.835449,-1.147949,-8.804443,1.479248,0.000000,0.000000,0.000000,0.000000,0.000000,0.000000,0.000000,0.000000,0.000000
282,4.700000,-0.030396,0.000176,-47.254395,-0.063357,-0.000045,-19.431288,0.003241,0.000865,19.430864,6529.467,1,0.000000,4,3,58.584721,1,0,0,-0.004995,0.999961,-0.007342,0.999982,0.004971,-0.003278,-0.000637,0.000020,0.000000,0.000000,0.000000,1,0.013279,5335.822754,7.106297,2412.267578,-0.000091,-0.030769,58.561199,1,0.005590,5084.602539,6.770669,2429.071289,-0.000086,-0.030983,58.608253,1,-0.005596,4715.118652,-17.123098,-1034.596069,0.000218,0.013196,57.555317,1,-0.013284,4463.889648,-16.209044,-1033.236450,0.000207,0.013179,57.543587,-27.929993,19599.388672,-2584.644531,-0.809570,6.924377,0.855713,0.000000,0.000000,0.000000,0.000000,0.000000,0.000000,0.000000,0.000000,0.000000
283,4.716667,-0.031494,0.000175,-47.578979,-0.063823,-0.000053,-19.474365,0.003257,0.000972,19.473942,6543.534,1,0.000000,4,3,58.709717,1,0,0,-0.004995,0.999961,-0.007352,0.999982,0.004971,-0.003294,-0.000646,0.000039,0.000000,0.000000,0.000000,1,0.013293,5336.394531,9.998667,2398.652832,-0.000104,-0.030595,58.686428,1,0.005604,5085.062012,9.663145,2412.918457,-0.000100,-0.030777,58.733013,1,-0.005610,4714.692871,-18.667284,-1027.192749,0.000238,0.013102,57.684704,1,-0.013299,4463.360352,-17.670523,-1028.427856,0.000225,0.013118,57.672775,-25.132170,19599.486328,-2566.259277,-1.125000,-8.268555,1.013916,0.000000,0.000000,0.000000,0.000000,0.000000,0.000000,0.000000,0.000000,0.000000
284,4.733333,-0.032593,0.000174,-47.904297,-0.064242,-0.000060,-19.517136,0.003271,0.000845,19.516708,6557.496,1,0.000000,4,3,58.833771,1,0,0,-0.004996,0.999960,-0.007363,0.999982,0.004972,-0.003308,-0.000659,0.000059,0.000000,0.000000,0.000000,1,0.013308,5336.945801,6.877387,2383.236816,-0.000088,-0.030398,58.810677,1,0.005617,5085.494629,6.552993,2398.632568,-0.000084,-0.030595,58.856876,1,-0.005623,4714.281738,-16.671944,-1022.288818,0.000213,0.013039,57.813007,1,-0.013314,4462.830078,-15.781479,-1021.034302,0.000201,0.013023,57.801262,-27.455124,19599.541016,-2548.013428,-0.867676,7.058472,0.500488,0.000000,0.000000,0.000000,0.000000,0.000000,0.000000,0.000000,0.000000,0.000000
285,4.750000,-0.033691,0.000173,-48.230347,-0.064699,-0.000066,-19.559603,0.003287,0.000953,19.559177,6571.352,1,0.000000,4,3,58.956882,1,0,0,-0.004998,0.999960,-0.007374,0.999982,0.004973,-0.003324,-0.000670,0.000070,0.000000,0.000000,0.000000,1,0.013323,5337.534668,9.704580,2369.498535,-0.000101,-0.030223,58.933998,1,0.005630,5085.970703,9.380135,2382.502197,-0.000097,-0.030389,58.979774,1,-0.005636,4713.832520,-18.260256,-1014.907837,0.000233,0.012945,57.940594,1,-0.013329,4462.257324,-17.284567,-1016.216736,0.000220,0.012962,57.928665,-24.871292,19599.593750,-2529.521484,-0.403809,-8.258667,-0.031250,0.000000,0.000000,0.000000,0.000000,0.000000,0.000000,0.000000,0.000000,0.000000
286,4.766667,-0.034790,0.000172,-48.557007,-0.065114,-0.000072,-19.601761,0.003301,0.000826,19.601332,6585.102,1,0.000000,4,3,59.079056,1,0,0,-0.004999,0.999960,-0.007385,0.999982,0.004974,-0.003338,-0.000675,0.000069,0.000000,0.000000,0.000000,1,0.013338,5338.044434,6.702054,2353.974609,-0.000085,-0.030025,59.056343,1,0.005644,5086.421875,6.385501,2368.266846,-0.000081,-0.030207,59.101776,1,-0.005650,4713.392578,-16.231983,-1009.994202,0.000207,0.012883,58.067104,1,-0.013344,4461.779297,-15.364790,-1008.826904,0.000196,0.012868,58.055367,-26.894318,19599.644531,-2511.233154,-0.238281,6.862549,0.205811,0.000000,0.000000,0.000000,0.000000,0.000000,0.000000,0.000000,0.000000,0.000000
287,4.783333,-0.035889,0.000171,-48.884399,-0.065562,-0.000077,-19.643614,0.003316,0.000932,19.643185,6598.748,1,0.000000,4,3,59.200291,1,0,0,-0.005000,0.999960,-0.007397,0.999982,0.004976,-0.003353,-0.000677,0.000074,0.000000,0.000000,0.000000,1,0.013354,5338.588867,9.458563,2340.193115,-0.000099,-0.029849,59.177773,1,0.005658,5086.896484,9.141852,2352.302002,-0.000094,-0.030004,59.222820,1,-0.005663,4712.941406,-17.791197,-1002.618835,0.000227,0.012789,58.192898,1,-0.013360,4461.260742,-16.840424,-1003.906494,0.000215,0.012805,58.180988,-24.394169,19599.701172,-2492.969727,0.095703,-7.672424,0.409180,0.000000,0.000000,0.000000,0.000000,0.000000,0.000000,0.000000,0.000000,0.000000
288,4.800000,-0.036987,0.000170,-49.212524,-0.065969,-0.000081,-19.685163,0.003330,0.000814,19.684732,6612.289,1,0.000000,4,3,59.320587,1,0,0,-0.005002,0.999960,-0.007408,0.999982,0.004977,-0.003367,-0.000676,0.000082,0.000000,0.000000,0.000000,1,0.013370,5339.107910,6.524666,2324.671875,-0.000083,-0.029651,59.298225,1,0.005671,5087.311523,6.216848,2337.985107,-0.000079,-0.029821,59.342957,1,-0.005677,4712.565430,-15.971719,-997.653137,0.000204,0.012725,58.317612,1,-0.013375,4460.749023,-15.116990,-996.614441,0.000193,0.012712,58.305893,-26.682163,19599.753906,-2474.563965,1.317383,6.539612,0.450684,0.000000,0.000000,0.000000,0.000000,0.000000,0.000000,0.000000,0.000000,0.000000
289,4.816667,-0.038086,0.000168,-49.541260,-0.066413,-0.000084,-19.726406,0.003345,0.000914,19.725975,6625.725,1,0.000000,4,3,59.439953,1,0,0,-0.005003,0.999960,-0.007419,0.999982,0.004978,-0.003382,-0.000661,0.000092,0.000000,0.000000,0.000000,1,0.013385,5339.606934,9.212248,2310.753174,-0.000096,-0.029474,59.417770,1,0.005684,5087.698730,8.904483,2322.038574,-0.000092,-0.029618,59.462143,1,-0.005689,4712.212402,-17.438526,-990.404236,0.000222,0.012633,58.441601,1,-0.013390,4460.312988,-16.506069,-991.692810,0.000211,0.012649,58.429729,-24.138065,19599.865234,-2456.065186,0.593262,-7.661011,-0.008057,0.000000,0.000000,0.000000,0.000000,0.000000,0.000000,0.000000,0.000000,0.000000
290,4.833333,-0.039185,0.000167,-49.870728,-0.066816,-0.000086,-19.767340,0.003359,0.000797,19.766907,6639.058,1,0.000000,4,3,59.558392,1,0,0,-0.005005,0.999960,-0.007430,0.999982,0.004980,-0.003396,-0.000654,0.000092,0.000000,0.000000,0.000000,1,0.013401,5340.104492,6.325632,2295.236084,-0.000081,-0.029276,59.536354,1,0.005698,5088.130859,6.026709,2307.833740,-0.000077,-0.029437,59.580437,1,-0.005702,4711.839355,-15.604916,-985.352966,0.000199,0.012568,58.564533,1,-0.013405,4459.876953,-14.770541,-984.349121,0.000188,0.012555,58.552849,-26.304466,19600.001953,-2437.921875,0.559082,6.655518,-0.387451,0.000000,0.000000,0.000000,0.000000,0.000000,0.000000,0.000000,0.000000,0.000000
291,4.850000,-0.040283,0.000165,-50.200806,-0.067254,-0.000086,-19.807972,0.003373,0.000899,19.807535,6652.287,1,0.000000,4,3,59.675900,1,0,0,-0.005007,0.999960,-0.007440,0.999982,0.004981,-0.003411,-0.000647,0.000084,0.000000,0.000000,0.000000,1,0.013416,5340.566406,8.962961,2281.362549,-0.000093,-0.029099,59.654030,1,0.005711,5088.541016,8.663933,2292.004883,-0.000089,-0.029235,59.697777,1,-0.005714,4711.452637,-17.084599,-978.059204,0.000218,0.012475,58.686726,1,-0.013419,4459.417969,-16.170856,-979.401672,0.000206,0.012492,58.674896,-23.884266,19600.023438,-2419.664551,0.495605,-7.131470,-0.177734,0.000000,0.000000,0.000000,0.000000,0.000000,0.000000,0.000000,0.000000,0.000000
292,4.866667,-0.041382,0.000164,-50.531616,-0.067652,-0.000086,-19.848299,0.003387,0.000789,19.847858,6665.412,1,0.000000,4,3,59.792484,1,0,0,-0.005008,0.999960,-0.007451,0.999982,0.004983,-0.003424,-0.000642,0.000080,0.000000,0.000000,0.000000,1,0.013431,5341.032227,6.238908,2265.914062,-0.000080,-0.028902,59.770752,1,0.005724,5088.969238,5.942888,2277.829346,-0.000076,-0.029054,59.814224,1,-0.005727,4711.058594,-15.399364,-972.997498,0.000196,0.012411,58.807854,1,-0.013434,4458.996094,-14.575926,-972.143799,0.000186,0.012400,58.796219,-26.019176,19600.109375,-2401.552734,-0.184082,5.902771,-0.574463,0.000000,0.000000,0.000000,0.000000,0.000000,0.000000,0.000000,0.000000,0.000000
293,4.883333,-0.042480,0.000162,-50.863037,-0.068086,-0.000085,-19.888325,0.003401,0.000880,19.887886,6678.434,1,0.000000,4,3,59.908142,1,0,0,-0.005009,0.999960,-0.007462,0.999982,0.004984,-0.003439,-0.000644,0.000068,0.000000,0.000000,0.000000,1,0.013446,5341.502441,8.812608,2251.922363,-0.000092,-0.028724,59.886566,1,0.005737,5089.419922,8.515985,2262.138428,-0.000088,-0.028854,59.929726,1,-0.005739,4710.611816,-16.678879,-965.873718,0.000213,0.012320,58.928242,1,-0.013448,4458.517578,-15.786901,-967.113647,0.000201,0.012336,58.916481,-23.335194,19600.093750,-2383.237793,-0.049805,-6.803467,-0.269043,0.000000,0.000000,0.000000,0.000000,0.000000,0.000000,0.000000,0.000000,0.000000
294,4.900000,-0.043579,0.000161,-51.195190,-0.068475,-0.000083,-19.928045,0.003414,0.000775,19.927605,6691.352,1,0.000000,4,3,60.022884,1,0,0,-0.005010,0.999959,-0.007472,0.999982,0.004985,-0.003451,-0.000644,0.000062,0.000000,0.000000,0.000000,1,0.013461,5341.958496,6.049150,2236.530518,-0.000077,-0.028527,60.001438,1,0.005750,5089.862793,5.761837,2247.996826,-0.000073,-0.028673,60.044338,1,-0.005752,4710.156738,-15.125630,-960.752197,0.000193,0.012254,59.047588,1,-0.013462,4458.070312,-14.317015,-959.950195,0.000183,0.012244,59.036011,-25.798376,19600.082031,-2365.189941,0.048828,6.217529,-0.582031,0.000000,0.000000,0.000000,0.000000,0.000000,0.000000,0.000000,0.000000,0.000000
295,4.916667,-0.044678,0.000160,-51.527954,-0.068905,-0.000082,-19.967464,0.003429,0.000871,19.967022,6704.167,1,0.000000,4,3,60.136707,1,0,0,-0.005011,0.999959,-0.007483,0.999982,0.004985,-0.003466,-0.000644,0.000050,0.000000,0.000000,0.000000,1,0.013475,5342.418945,8.582013,2222.678223,-0.000089,-0.028350,60.115417,1,0.005764,5090.319336,8.293991,2232.389893,-0.000085,-0.028474,60.158005,1,-0.005765,4709.738281,-16.482838,-953.593933,0.000210,0.012163,59.166187,1,-0.013476,4457.626953,-15.601532,-954.923889,0.000199,0.012180,59.154491,-23.346928,19600.142578,-2347.136963,0.104004,-6.789856,0.255371,0.000000,0.000000,0.000000,0.000000,0.000000,0.000000,0.000000,0.000000,0.000000
296,4.933333,-0.045776,0.000158,-51.861450,-0.069294,-0.000080,-20.006584,0.003441,0.000766,20.006140,6716.880,1,0.000000,4,3,60.249615,1,0,0,-0.005012,0.999959,-0.007494,0.999981,0.004986,-0.003479,-0.000643,0.000055,0.000000,0.000000,0.000000,1,0.013490,5342.909180,5.929416,2207.285400,-0.000076,-0.028154,60.228447,1,0.005777,5090.746094,5.649096,2218.265625,-0.000072,-0.028294,60.270790,1,-0.005778,4709.319336,-14.923212,-948.571289,0.000190,0.012099,59.283741,1,-0.013490,4457.165527,-14.123486,-947.836182,0.000180,0.012090,59.272240,-25.573605,19600.179688,-2328.940430,0.111328,5.745850,-0.744629,0.000000,0.000000,0.000000,0.000000,0.000000,0.000000,0.000000,0.000000,0.000000
297,4.950000,-0.046997,0.000157,-52.195557,-0.069720,-0.000078,-20.045401,0.003456,0.000855,20.044956,6729.492,1,0.000000,4,3,60.361614,1,0,0,-0.005013,0.999959,-0.007504,0.999982,0.004987,-0.003493,-0.000641,0.000040,0.000000,0.000000,0.000000,1,0.013504,5343.324219,8.405102,2193.358398,-0.000087,-0.027977,60.340591,1,0.005791,5091.193359,8.124651,2202.799316,-0.000084,-0.028097,60.382645,1,-0.005791,4708.856934,-16.145624,-941.482239,0.000206,0.012009,59.400562,1,-0.013505,4456.726074,-15.279351,-942.749329,0.000195,0.012025,59.388954,-22.971062,19600.125000,-2310.954346,1.983398,-6.377930,-0.358154,0.000000,0.000000,0.000000,0.000000,0.000000,0.000000,0.000000,0.000000,0.000000
298,4.966667,-0.048218,0.000156,-52.530273,-0.070103,-0.000077,-20.083916,0.003468,0.000757,20.083469,6742.001,1,0.000000,4,3,60.472710,1,0,0,-0.005014,0.999959,-0.007514,0.999981,0.004987,-0.003506,-0.000618,0.000032,0.000000,0.000000,0.000000,1,0.013518,5343.705566,5.808013,2178.063477,-0.000074,-0.027781,60.451809,1,0.005804,5091.587402,5.533241,2188.731934,-0.000071,-0.027917,60.493618,1,-0.005803,4708.529297,-14.700492,-936.467896,0.000188,0.011945,59.516346,1,-0.013518,4456.411621,-13.911936,-935.769531,0.000177,0.011936,59.504925,-25.312725,19600.277344,-2292.804688,1.470703,5.763245,-0.054688,0.000000,0.000000,0.000000,0.000000,0.000000,0.000000,0.000000,0.000000,0.000000
299,4.983333,-0.049438,0.000155,-52.865601,-0.070525,-0.000073,-20.122129,0.003482,0.000845,20.121683,6754.410,1,0.000000,4,3,60.582901,1,0,0,-0.005014,0.999959,-0.007524,0.999981,0.004988,-0.003520,-0.000601,0.000031,0.000000,0.000000,0.000000,1,0.013532,5344.060059,8.238929,2164.212891,-0.000086,-0.027605,60.562141,1,0.005816,5091.907715,7.963947,2173.319092,-0.000082,-0.027721,60.603668,1,-0.005816,4708.153809,-15.956292,-929.373108,0.000204,0.011854,59.631397,1,-0.013531,4456.012207,-15.100328,-930.647339,0.000193,0.011871,59.619873,-22.864990,19600.152344,-2274.998535,1.093262,-6.606323,-0.449219,0.000000,0.000000,0.000000,0.000000,0.000000,0.000000,0.000000,0.000000,0.000000
300,5.000000,-0.050659,0.000153,-53.201660,-0.070906,-0.000071,-20.160046,0.003495,0.000744,20.159595,6766.718,1,0.047244,4,3,60.692196,1,0,0,-0.005015,0.999959,-0.007534,0.999981,0.004988,-0.003532,-0.000588,0.000021,0.000000,0.000000,0.000000,1,0.013563,5347.762207,1343.386841,2183.780518,-0.006414,-0.027854,60.671551,1,0.005811,5088.964844,1355.845703,2190.338379,-0.006471,-0.027938,60.712849,1,-0.005829,4707.552734,-121.252930,-924.076111,0.000702,0.011787,59.745415,1,-0.013542,4455.904785,-120.401985,-923.504761,0.000691,0.011779,59.734074,2534.327637,19600.208984,-2280.166504,3.759005,-3595.766602,321.600281,0.000000,0.000000,0.000000,0.000000,0.000000,0.000000,0.000000,0.000000,0.000000
301,5.016667,-0.051147,0.000153,-53.538330,-0.028667,-0.000047,-20.198048,0.002585,-0.054558,20.197479,6778.925,1,0.070866,4,3,60.798435,1,0,0,-0.005118,0.999959,-0.007548,0.999984,0.005098,-0.002623,-0.000532,0.006591,0.000000,0.000000,0.000000,1,0.013666,5362.093262,2191.498535,1791.416260,-0.014409,-0.022850,60.777866,1,0.005726,5074.211914,2217.475098,3189.966309,-0.014568,-0.032671,60.819012,1,-0.005759,4722.520508,-29.596882,-1377.436890,0.000582,0.013933,59.858658,1,-0.013640,4439.480469,-28.199411,-485.894470,0.000568,0.006198,59.847233,4487.260254,19597.994141,-2798.763672,71.414253,-3609.666016,512.675598,0.000000,0.000000,0.000000,0.000000,0.000000,0.000000,0.000000,0.000000,0.000000
302,5.033333,-0.050293,0.000152,-53.875732,0.046121,-0.000052,-20.244694,0.000748,-0.110062,20.244074,6790.792,1,0.086614,4,3,60.882881,1,0,0,-0.005391,0.999957,-0.007552,0.999985,0.005385,-0.000789,0.000321,0.017197,0.000000,0.000000,0.000000,1,0.013883,5386.457520,2900.855957,1296.394287,-0.022795,-0.016536,60.885807,1,0.005488,5043.100098,2938.700684,2698.294189,-0.023074,-0.034417,60.879955,1,-0.005536,4753.048828,77.770653,-1645.378662,-0.000002,0.016551,60.038124,1,-0.013860,4413.945312,80.099411,-346.016083,-0.000022,0.004413,59.896469,6135.997559,19595.984375,-1598.938965,-99.654045,-4650.419434,616.335022,0.000000,0.000000,0.000000,0.000000,0.000000,0.000000,0.000000,0.000000,0.000000
303,5.050000,-0.047852,0.000151,-54.213623,0.148387,-0.000045,-20.271343,-0.002282,-0.181571,20.271051,6800.224,1,0.110236,4,3,60.998352,1,0,0,-0.005866,0.999954,-0.007583,0.999980,0.005883,0.002237,-0.000837,0.029924,0.000000,0.000000,0.000000,1,0.014284,5427.514648,3784.079834,974.629150,-0.032249,-0.012431,61.024879,1,0.005100,5007.694824,3838.938232,3974.715332,-0.032684,-0.040460,60.971836,1,-0.005179,4785.025391,270.026886,-1876.978882,-0.001280,0.019294,60.256729,1,-0.014273,4371.041992,274.329437,-328.652740,-0.001313,0.004331,59.925274,8390.732422,19589.875000,-2180.371826,2.697045,-4819.955078,761.642151,0.000000,0.000000,0.000000,0.000000,0.000000,0.000000,0.000000,0.000000,0.000000
304,5.066667,-0.042969,0.000149,-54.552124,0.288233,-0.000132,-20.307682,-0.006549,-0.255680,20.308552,6813.121,1,0.133858,4,3,61.080429,1,0,0,-0.006596,0.999949,-0.007623,0.999957,0.006645,0.006498,-0.000815,0.045710,0.000000,0.000000,0.000000,1,0.014881,5476.719238,4699.807617,488.059662,-0.042530,-0.006225,61.157459,1,0.004501,4956.050293,4774.231445,3413.539795,-0.043156,-0.043540,61.003498,1,-0.004617,4834.370605,484.291138,-2122.977539,-0.003098,0.022184,60.509163,1,-0.014889,4320.139160,491.632690,-217.067459,-0.003153,0.003751,59.951542,10660.356445,19585.419922,-777.223267,-177.492599,-6145.051270,864.525879,0.000000,0.000000,0.000000,0.000000,0.000000,0.000000,0.000000,0.000000,0.000000
305,5.083333,-0.035278,0.000145,-54.890747,0.465906,-0.000238,-20.320635,-0.012393,-0.350169,20.324259,6822.289,1,0.157480,4,3,61.195568,1,0,0,-0.007611,0.999941,-0.007713,0.999894,0.007706,0.012334,-0.002938,0.063595,0.000000,0.000000,0.000000,1,0.015738,5544.258301,5574.712891,137.624420,-0.053137,-0.001755,61.321976,1,0.003700,4899.363770,5665.636230,3998.603027,-0.053961,-0.051003,61.069420,1,-0.003869,4887.166992,818.513733,-1736.440552,-0.005823,0.022148,60.797531,1,-0.015779,4249.306641,830.456787,48.380020,-0.005914,0.002130,59.961510,13154.898438,19577.294922,-1371.157837,-49.196098,-6613.996094,958.556641,0.000000,0.000000,0.000000,0.000000,0.000000,0.000000,0.000000,0.000000,0.000000
306,5.100000,-0.023804,0.000137,-55.229736,0.685154,-0.000477,-20.343487,-0.019935,-0.451867,20.352509,6835.149,1,0.188976,4,3,61.300999,1,0,0,-0.008943,0.999929,-0.007836,0.999761,0.009097,0.019863,-0.003612,0.083431,0.000000,0.000000,0.000000,1,0.016849,5619.105469,6647.893066,2.974533,-0.064888,-0.001118,61.492599,1,0.002637,4824.702637,6762.118652,4416.628906,-0.065947,-0.056335,61.109997,1,-0.002867,4958.535156,1216.590576,-2408.723145,-0.009422,0.025331,61.029438,1,-0.016927,4172.782227,1235.619385,324.085358,-0.009569,-0.000195,59.932705,16191.849609,19571.943359,-794.320007,-104.965286,-6877.686035,1077.341309,0.000000,0.000000,0.000000,0.000000,0.000000,0.000000,0.000000,0.000000,0.000000
307,5.116667,-0.007935,0.000124,-55.569092,0.955018,-0.000771,-20.356726,-0.029242,-0.557614,20.375347,6846.925,1,0.212598,4,3,61.395275,1,0,0,-0.010632,0.999911,-0.008011,0.999516,0.010861,0.029153,-0.005024,0.105769,0.000000,0.000000,0.000000,1,0.018246,5708.119629,7523.881348,-241.654877,-0.076424,0.000441,61.661427,1,0.001289,4737.382324,5583.833496,4772.606934,-0.071222,-0.060875,61.130272,1,-0.001583,5043.315918,1667.513672,-1976.986084,-0.013819,0.025217,61.359543,1,-0.018371,4080.756592,1695.467407,638.666504,-0.014044,-0.003146,59.863625,16869.927734,19565.976562,-1388.261475,0.744782,-4611.955078,852.284607,0.000000,0.000000,0.000000,0.000000,0.000000,0.000000,0.000000,0.000000,0.000000
308,5.133333,0.012695,0.000104,-55.908691,1.236184,-0.001184,-20.379864,-0.039733,-0.628517,20.412289,6857.455,1,0.236220,4,3,61.484245,1,0,0,-0.012604,0.999887,-0.008220,0.999131,0.012921,0.039620,-0.005234,0.123474,0.000000,0.000000,0.000000,1,0.019842,5790.500977,6793.206055,-500.032898,-0.086648,0.002645,61.835136,1,-0.000316,4646.095215,5780.266113,4783.519043,-0.073728,-0.061014,61.135345,1,-0.000036,5133.604492,2060.884521,-2015.135742,-0.018447,0.025703,61.626583,1,-0.020009,3997.636963,2099.250488,800.624756,-0.018770,-0.005769,59.748596,17151.107422,19564.574219,-1007.031128,-46.040661,-2458.871582,584.173950,0.000000,0.000000,0.000000,0.000000,0.000000,0.000000,0.000000,0.000000,0.000000
309,5.150000,0.038086,0.000077,-56.248657,1.522035,-0.001626,-20.396648,-0.050856,-0.666310,20.447054,6867.392,1,0.259843,4,3,61.579803,1,0,0,-0.014773,0.999855,-0.008471,0.998598,0.015184,0.050711,-0.005982,0.135666,0.000000,0.000000,0.000000,1,0.021575,5867.887695,7584.807129,-686.261841,-0.096745,0.004912,62.020130,1,-0.002097,4561.156250,6290.479980,4660.753418,-0.080236,-0.059448,61.142601,1,0.001697,5218.540039,2344.704590,-1737.205811,-0.022701,0.022158,61.899197,1,-0.021776,3920.365479,2394.111572,825.609558,-0.023138,-0.007537,59.609909,19016.472656,19565.291016,-467.781372,-106.156471,-3323.501465,550.886719,0.000000,0.000000,0.000000,0.000000,0.000000,0.000000,0.000000,0.000000,0.000000
310,5.166667,0.068726,0.000043,-56.588745,1.838977,-0.002049,-20.404446,-0.062831,-0.717408,20.479059,6878.065,1,0.291339,4,3,61.683857,1,0,0,-0.017121,0.999815,-0.008787,0.997880,0.017639,0.062645,-0.007476,0.147130,0.000000,0.000000,0.000000,1,0.023446,5949.920898,8632.755859,-892.856812,-0.110112,0.007316,62.214905,1,-0.004039,4473.108398,6973.992676,4645.196777,-0.088954,-0.059250,61.157341,1,0.003597,5305.996094,2599.239746,-1679.144775,-0.026581,0.021418,62.131214,1,-0.023673,3838.734375,2044.540771,586.175049,-0.026078,-0.007477,59.467571,20604.369141,19565.544922,638.852905,-221.863098,-5573.594727,471.948273,0.000000,0.000000,0.000000,0.000000,0.000000,0.000000,0.000000,0.000000,0.000000
311,5.183333,0.105103,0.000002,-56.928711,2.182383,-0.002451,-20.393799,-0.076237,-0.803128,20.500191,6889.688,1,0.314961,4,3,61.793392,1,0,0,-0.019615,0.999765,-0.009205,0.996902,0.020258,0.075992,-0.010337,0.156860,0.000000,0.000000,0.000000,1,0.025449,6035.509766,8913.052734,-1179.795044,-0.113687,0.010186,62.418575,1,-0.006097,4388.357910,6999.400391,4839.217773,-0.089278,-0.061725,61.174473,1,0.005620,5390.754395,3018.209717,-1820.356079,-0.031004,0.023219,62.354752,1,-0.025702,3752.287109,2273.956787,664.077332,-0.029005,-0.008470,59.360210,21528.996094,19564.943359,1321.423340,-254.650970,-4235.862305,309.175873,0.000000,0.000000,0.000000,0.000000,0.000000,0.000000,0.000000,0.000000,0.000000
312,5.200000,0.147461,-0.000046,-57.268188,2.541199,-0.002865,-20.371775,-0.090729,-0.868277,20.517647,6901.922,1,0.346457,4,3,61.904053,1,0,0,-0.022198,0.999706,-0.009733,0.995640,0.022988,0.090405,-0.013535,0.163287,0.000000,0.000000,0.000000,1,0.027552,6119.264160,9885.185547,-1404.362183,-0.126087,0.013054,62.631645,1,-0.008230,4307.425781,7557.953125,4968.816895,-0.096402,-0.063378,61.184914,1,0.007722,5471.326660,3386.274414,-1668.600952,-0.035528,0.021283,62.598915,1,-0.027824,3668.871582,2286.659180,603.287048,-0.029167,-0.007695,59.241470,23372.316406,19565.275391,2212.481934,-292.109589,-5280.748535,282.892761,0.000000,0.000000,0.000000,0.000000,0.000000,0.000000,0.000000,0.000000,0.000000
313,5.216667,0.196289,-0.000100,-57.607178,2.930738,-0.003270,-20.334900,-0.106576,-0.949503,20.530695,6914.282,1,0.370079,4,3,62.015881,1,0,0,-0.024858,0.999637,-0.010392,0.994016,0.025821,0.106142,-0.017190,0.169155,0.000000,0.000000,0.000000,1,0.029747,6204.951660,10231.836914,-1671.002441,-0.130508,0.016120,62.852036,1,-0.010423,4226.442383,7604.926270,5140.133301,-0.097002,-0.065563,61.190849,1,0.009894,5552.978516,3844.402100,-1683.579468,-0.040542,0.021474,62.820911,1,-0.030037,3582.952148,2470.199951,708.604553,-0.031508,-0.009038,59.131607,24338.281250,19566.083984,2907.896484,-297.112610,-4077.024658,144.163788,0.000000,0.000000,0.000000,0.000000,0.000000,0.000000,0.000000,0.000000,0.000000
314,5.233333,0.251831,-0.000161,-57.945190,3.336376,-0.003670,-20.286434,-0.123469,-1.012218,20.542313,6926.772,1,0.401575,4,3,62.128860,1,0,0,-0.027545,0.999558,-0.011180,0.992006,0.028711,0.122885,-0.020822,0.172221,0.000000,0.000000,0.000000,1,0.032000,6287.436523,11203.768555,-1880.518433,-0.142905,0.019040,63.069153,1,-0.012648,4149.040039,8104.874023,5277.654785,-0.103378,-0.067317,61.202587,1,0.012104,5630.895020,3508.410645,-1512.496948,-0.044750,0.019292,63.045094,1,-0.032300,3501.242188,2459.471924,663.093750,-0.031371,-0.008458,59.006363,25339.214844,19567.830078,3856.535400,-321.968018,-6038.121094,28.861223,0.000000,0.000000,0.000000,0.000000,0.000000,0.000000,0.000000,0.000000,0.000000
315,5.250000,0.314453,-0.000229,-58.282227,3.758696,-0.004047,-20.222158,-0.141910,-1.105111,20.549902,6939.392,1,0.433071,4,3,62.242195,1,0,0,-0.030209,0.999470,-0.012123,0.989487,0.031619,0.141121,-0.024631,0.172814,0.000000,0.000000,0.000000,1,0.034284,6366.586426,12001.378906,-2168.698486,-0.153079,0.022240,63.276730,1,-0.014868,4077.328857,8453.900391,5572.725098,-0.107830,-0.071081,61.224575,1,0.014318,5703.896973,4786.160156,-1659.577881,-0.050800,0.021168,63.244286,1,-0.034588,3422.841064,2838.597168,1043.670776,-0.036207,-0.010260,58.887764,28010.490234,19570.380859,4889.993652,-340.073883,-4150.255859,147.151932,0.000000,0.000000,0.000000,0.000000,0.000000,0.000000,0.000000,0.000000,0.000000
316,5.266667,0.384888,-0.000302,-58.617920,4.225538,-0.004379,-20.140659,-0.161415,-1.168951,20.557369,6952.051,1,0.456693,4,3,62.353279,1,0,0,-0.032895,0.999371,-0.013218,0.986453,0.034591,0.160354,-0.028837,0.176076,0.000000,0.000000,0.000000,1,0.036625,6451.830566,12437.798828,-2425.800781,-0.158645,0.025470,63.473080,1,-0.017125,3997.948730,8512.740234,5694.761230,-0.108581,-0.072637,61.253231,1,0.016578,5784.575195,4209.771973,-1456.558105,-0.053696,0.018579,63.464962,1,-0.036931,3337.832275,2778.625732,718.793762,-0.035442,-0.009168,58.713573,27660.757812,19572.246094,5942.149902,-346.582275,-5642.342773,-141.328430,0.000000,0.000000,0.000000,0.000000,0.000000,0.000000,0.000000,0.000000,0.000000
317,5.283333,0.463013,-0.000380,-58.951904,4.686551,-0.004698,-20.041624,-0.182368,-1.255765,20.558630,6964.457,1,0.488189,4,3,62.466820,1,0,0,-0.035492,0.999265,-0.014478,0.982777,0.037528,0.180943,-0.032722,0.173280,0.000000,0.000000,0.000000,1,0.038957,6526.755859,13299.504883,-2243.342529,-0.169637,0.028614,63.663879,1,-0.019335,3932.856445,8867.250000,6008.069336,-0.113103,-0.076634,61.292267,1,0.018799,5851.369629,5687.820801,-1508.399780,-0.060694,0.019240,63.655983,1,-0.039259,3264.154785,3122.378174,1133.049927,-0.039826,-0.011130,58.586838,30657.746094,19575.718750,6704.458984,-301.559448,-4097.534180,50.242683,0.000000,0.000000,0.000000,0.000000,0.000000,0.000000,0.000000,0.000000,0.000000
318,5.300000,0.549683,-0.000463,-59.284058,5.197513,-0.004969,-19.929884,-0.204371,-1.318799,20.569368,6977.139,1,0.519685,4,3,62.562004,1,0,0,-0.038065,0.999149,-0.015893,0.978450,0.040497,0.202474,-0.036387,0.174567,0.000000,0.000000,0.000000,1,0.041308,6606.233887,14126.453125,-2387.227783,-0.180184,0.030449,63.828690,1,-0.021574,3855.316162,9145.325195,6108.282227,-0.116650,-0.077912,61.320457,1,0.021059,5931.052246,4876.580566,-1421.084961,-0.062201,0.018126,63.854576,1,-0.041600,3185.629883,3038.749512,697.200378,-0.038760,-0.008893,58.399593,30504.445312,19579.271484,8297.587891,-362.874176,-6850.387695,-189.737396,0.000000,0.000000,0.000000,0.000000,0.000000,0.000000,0.000000,0.000000,0.000000
319,5.316667,0.644775,-0.000549,-59.613892,5.705921,-0.005188,-19.791592,-0.228131,-1.424201,20.568642,6987.771,1,0.551181,4,3,62.656910,1,0,0,-0.040514,0.999026,-0.017497,0.973250,0.043420,0.225610,-0.040344,0.170870,0.000000,0.000000,0.000000,1,0.043636,6679.001465,14824.576172,-3277.223633,-0.189089,0.034663,63.986622,1,-0.023760,3791.982666,9341.996094,6435.294434,-0.119158,-0.082083,61.354832,1,0.023274,5996.632812,6641.767090,-1884.772339,-0.070559,0.020321,64.040421,1,-0.043916,3113.845703,3523.127930,1176.693359,-0.044938,-0.011163,58.276012,33011.531250,19582.900391,10650.298828,-499.367737,-2797.107422,-43.771904,0.000000,0.000000,0.000000,0.000000,0.000000,0.000000,0.000000,0.000000,0.000000
320,5.333333,0.749023,-0.000638,-59.940918,6.256113,-0.005320,-19.614086,-0.252608,-1.467230,20.554596,6998.371,1,0.574803,4,3,62.768627,1,0,0,-0.042908,0.998893,-0.019288,0.967315,0.046366,0.249304,-0.046303,0.170808,0.000000,0.000000,0.000000,1,0.046014,6764.122070,15364.053711,-2535.400146,-0.195970,0.032339,64.155807,1,-0.025931,3723.205322,9146.827148,6410.606445,-0.119985,-0.084092,61.411442,1,0.025472,6065.799805,5582.369141,-820.564758,-0.071204,0.010466,64.293991,1,-0.046286,3028.191162,3276.108887,846.829224,-0.041787,-0.010801,58.082394,32209.267578,19582.486328,10157.841797,-215.607773,-6803.678223,-337.178406,0.000000,0.000000,0.000000,0.000000,0.000000,0.000000,0.000000,0.000000,0.000000
321,5.350000,0.862183,-0.000730,-60.264893,6.792934,-0.005530,-19.444788,-0.278829,-1.571924,20.562803,7010.849,1,0.606299,4,3,62.854725,1,0,0,-0.045107,0.998756,-0.021242,0.960322,0.049209,0.274518,-0.048092,0.163936,0.000000,0.000000,0.000000,1,0.048297,6824.278320,16092.916992,-3504.464355,-0.205267,0.036927,64.293457,1,-0.028034,3665.020996,8948.769531,6388.343262,-0.122403,-0.087381,61.448185,1,0.027619,6128.110840,7593.257812,-1244.053223,-0.080724,0.012471,64.392113,1,-0.048550,2970.245605,3798.479736,999.586182,-0.048450,-0.012750,57.936958,34203.757812,19589.750000,13316.481445,-464.744781,-2210.416992,-218.166702,0.000000,0.000000,0.000000,0.000000,0.000000,0.000000,0.000000,0.000000,0.000000
322,5.366667,0.984863,-0.000239,-60.585327,7.362997,-0.005578,-19.222847,-0.305618,-1.605937,20.546852,7020.465,1,0.637795,4,3,62.971882,1,0,0,-0.047181,0.998613,-0.023364,0.952497,0.052023,0.300073,-0.053288,0.160479,0.000000,0.000000,0.000000,1,0.050000,7424.669922,18314.669922,-2830.641357,-0.233605,0.036105,64.458069,1,-0.030082,3606.379150,8797.682617,6297.182129,-0.125618,-0.089914,61.519962,1,0.029710,6187.993652,6389.969238,-976.482483,-0.081505,0.012455,64.552094,1,-0.050825,2894.360352,3548.602295,894.301331,-0.045263,-0.011407,57.769207,34445.878906,20040.554688,14507.887695,255.545959,-7527.789551,-473.282471,0.000000,0.000000,0.000000,0.000000,0.000000,0.000000,0.000000,0.000584,0.000000
323,5.383333,1.117188,0.001700,-60.901733,7.937095,0.000526,-18.981049,-0.334335,-1.721787,20.533855,7033.552,2,0.669291,4,4,87.621910,1,0,0,-0.048975,0.998473,-0.025560,0.943362,0.054649,0.327234,-0.049037,0.149976,0.000000,0.000584,0.000000,1,0.050000,7066.220703,12009.288086,17468.837891,-0.227548,-0.100156,89.745926,1,-0.032769,3421.539795,2159.794189,8982.139648,-0.117834,-0.117834,85.548157,1,0.031099,6126.720703,8665.651367,-1370.776855,-0.092279,0.014322,64.672989,1,-0.053513,2743.801514,3937.827393,1542.445801,-0.050227,-0.014476,57.616837,38587.250000,19228.042969,-10084.709961,3294.729980,-9634.212891,127.328873,0.000000,0.000000,0.000000,0.000000,0.000000,0.000000,0.000000,0.001931,0.000000
324,5.400000,1.260254,0.002576,-61.220825,8.580216,-0.003921,-19.149128,-0.365521,-1.870070,20.950420,7033.552,2,0.700787,4,4,85.839142,1,0,0,-0.050537,0.998350,-0.027261,0.932573,0.056941,0.356462,-0.009007,0.143329,0.000000,0.001931,0.000000,1,0.050000,6786.183594,9928.475586,17773.462891,-0.231676,-0.216923,87.780289,1,-0.037228,3006.964844,2324.119141,7779.040527,-0.103556,-0.103556,83.940918,1,0.031888,6061.538086,10483.167969,-3204.520020,-0.107659,0.024178,64.851479,1,-0.056286,2640.243164,4924.446777,401.418762,-0.062812,-0.011003,57.369789,38562.042969,18284.509766,-5229.827148,2247.958740,-3938.049805,-159.960342,0.000000,0.000000,0.000000,0.000000,0.000000,0.000000,0.000000,0.000941,0.000000
325,5.416667,1.413940,0.002634,-61.541382,9.222918,-0.021257,-19.236292,-0.397713,-1.930712,21.306732,6951.803,2,0.732283,4,4,84.116585,1,0,0,-0.051857,0.998245,-0.028584,0.920493,0.058879,0.386298,0.019508,0.133339,0.000000,0.000941,0.000000,1,0.050000,6637.832031,7591.590820,16234.872070,-0.228599,-0.228599,85.854256,1,-0.040636,3055.081299,2944.033447,7705.455078,-0.105213,-0.105213,82.414085,1,0.034319,6390.154297,12299.917969,-4891.979980,-0.125932,0.038364,65.297829,1,-0.056872,2953.186279,6157.500000,-1077.154785,-0.078540,-0.001819,57.289413,38176.441406,18985.404297,593.985352,548.387573,3084.398438,-370.560730,0.000000,0.000000,0.000000,0.000000,0.000000,0.000000,0.000000,0.000412,0.000000
326,5.433333,1.578247,0.002365,-61.861816,9.859192,-0.029398,-19.226393,-0.429111,-1.883287,21.585165,6854.517,2,0.763780,4,4,82.502083,1,0,0,-0.053011,0.998150,-0.029771,0.907792,0.060591,0.415021,0.027575,0.124418,0.000000,0.000412,0.000000,1,0.050000,6586.175781,9389.697266,15101.561523,-0.226820,-0.226820,84.065872,1,-0.043334,3074.861328,3670.088379,7446.861816,-0.105894,-0.105894,80.967384,1,0.037419,6592.943359,13721.671875,-6047.216309,-0.144153,0.052755,65.990669,1,-0.056439,3122.121582,6427.452637,-2756.844727,-0.081983,0.011908,57.425014,39688.007812,19403.710938,8061.677246,-765.126404,2108.594727,-296.283600,0.000000,0.000000,0.000000,0.000000,0.000000,0.000000,0.000000,0.000222,0.000000
327,5.450000,1.753540,0.002197,-62.180054,10.520658,-0.032154,-19.092031,-0.459966,-1.850845,21.778019,6743.153,2,0.795276,4,4,80.980865,1,0,0,-0.054089,0.998052,-0.031110,0.894436,0.062277,0.442840,0.018813,0.121212,0.000000,0.000222,0.000000,1,0.050000,6628.636719,11614.524414,14735.963867,-0.239322,-0.239322,82.389603,1,-0.045651,3056.916504,4251.342773,7074.548340,-0.105276,-0.105276,79.596214,1,0.040595,6708.307617,11467.554688,-6747.876953,-0.146270,0.065121,66.852257,1,-0.055891,3157.523926,6226.232910,-4149.244629,-0.079416,0.027133,57.805973,37920.570312,19597.712891,12899.187500,-1288.077026,-5578.672852,-654.329468,0.000000,0.000000,0.000000,0.000000,0.000000,0.000000,0.000000,0.000367,0.000000
328,5.466667,1.939331,0.002257,-62.494751,11.152668,-0.032335,-18.877045,-0.492249,-1.936673,21.906664,6618.909,2,0.826772,4,4,79.509109,1,0,0,-0.054936,0.997951,-0.032795,0.879559,0.063913,0.471477,0.004501,0.112955,0.000000,0.000367,0.000000,1,0.050000,6695.025879,14142.005859,14217.714844,-0.255783,-0.255783,80.765884,1,-0.047811,3010.360107,4617.016602,6689.327148,-0.103673,-0.103673,78.271889,1,0.043283,6721.958008,12584.800781,-7266.758301,-0.160520,0.075353,67.816193,1,-0.055752,3099.777100,6661.720215,-4872.170898,-0.084971,0.040129,58.390320,39720.664062,19549.259766,18933.226562,-1719.585449,-6207.717773,-469.681549,0.000000,0.000000,0.000000,0.000000,0.000000,0.000000,0.000000,0.000599,0.000000
329,5.483333,2.136230,0.002718,-62.804199,11.814679,-0.033300,-18.561491,-0.526123,-2.032168,21.984411,6482.059,2,0.858268,4,4,78.097900,1,0,0,-0.055622,0.997840,-0.034939,0.862971,0.065646,0.500972,-0.016337,0.110213,0.000000,0.000599,0.000000,1,0.050000,6812.270996,15883.345703,12659.605469,-0.259072,-0.255529,79.208153,1,-0.049948,2943.847656,4868.000977,6283.267578,-0.101383,-0.101383,77.003212,1,0.045450,6713.749023,13430.361328,-5099.479004,-0.171306,0.065044,68.855919,1,-0.056285,2980.435791,6828.049805,-3329.440918,-0.087092,0.042467,59.080265,41579.289062,19434.234375,20606.210938,-1360.284912,-5760.741699,-235.922791,0.000000,0.000000,0.000000,0.000000,0.000000,0.000000,0.000000,0.001015,0.000000
330,5.500000,2.344727,0.003495,-63.107788,12.507668,-0.035793,-18.218054,-0.561473,-2.120787,22.080601,6333.571,2,0.889764,4,4,76.818336,1,0,0,-0.056187,0.997717,-0.037474,0.844605,0.067513,0.531116,-0.033596,0.110930,0.000000,0.001015,0.000000,1,0.050000,6912.627441,17388.437500,10701.166016,-0.260427,-0.239407,77.805046,1,-0.052357,2823.891113,5010.265625,5747.203125,-0.097251,-0.097251,75.844139,1,0.047093,6687.869629,14071.991211,-4160.409668,-0.179490,0.053066,69.579071,1,-0.057552,2827.660156,6798.011719,-2484.896240,-0.086709,0.031695,59.544861,41308.757812,19186.044922,23987.960938,-1201.185303,-4641.150391,-280.077362,0.000000,0.000000,0.000000,0.000000,0.000000,0.000000,0.000000,0.001374,0.000000
331,5.516667,2.564697,0.004535,-63.404663,13.196147,-0.041611,-17.818254,-0.598013,-2.192184,22.155487,6176.510,2,0.921260,4,4,75.705963,1,0,0,-0.056603,0.997581,-0.040346,0.824516,0.069495,0.561555,-0.048797,0.110497,0.000000,0.001374,0.000000,1,0.050000,7013.464355,18437.386719,8711.392578,-0.260100,-0.215333,76.596375,1,-0.054945,2712.266846,5112.581055,5243.054199,-0.093407,-0.093407,74.825905,1,0.048354,6670.899414,14571.131836,-3365.340576,-0.185856,0.042925,70.165047,1,-0.059379,2682.838379,6680.929688,-1863.314087,-0.085216,0.023767,59.886093,40068.246094,18976.875000,27178.886719,-1031.900879,-3467.375977,-400.787659,0.000000,0.000000,0.000000,0.000000,0.000000,0.000000,0.000000,0.001734,0.000000
332,5.533333,2.795654,0.005777,-63.694092,13.863951,-0.050213,-17.365273,-0.635441,-2.245526,22.204493,6013.939,2,0.952756,4,4,74.760735,1,0,0,-0.056820,0.997437,-0.043490,0.802802,0.071542,0.591938,-0.061401,0.107439,0.000000,0.001734,0.000000,1,0.050000,7110.354004,18937.171875,6929.710938,-0.257210,-0.190218,75.582489,1,-0.057653,2605.534668,5163.538086,4777.898438,-0.089731,-0.089731,73.947914,1,0.049269,6648.401855,14955.917969,-2555.546631,-0.190764,0.032596,70.634888,1,-0.061655,2540.428467,6499.471191,-1377.336426,-0.082901,0.017568,60.136532,38227.968750,18772.371094,29666.402344,-782.289185,-2414.265625,-531.471313,0.000000,0.000000,0.000000,0.000000,0.000000,0.000000,0.000000,0.002079,0.000000
333,5.550000,3.037354,0.007137,-63.975220,14.501083,-0.061518,-16.870832,-0.673488,-2.282668,22.231720,5848.118,2,0.984252,4,4,73.966095,1,0,0,-0.056785,0.997288,-0.046816,0.779586,0.073586,0.621958,-0.070093,0.101232,0.000000,0.002079,0.000000,1,0.050000,7196.620605,18874.744141,5461.767090,-0.250626,-0.168198,74.743355,1,-0.060397,2510.364990,5181.108887,4370.033691,-0.086454,-0.086454,73.196922,1,0.049884,6623.020508,15286.387695,-1812.907837,-0.194979,0.023124,70.986443,1,-0.064226,2411.600098,6311.716797,-1005.862183,-0.080507,0.012830,60.315983,36057.468750,18588.759766,31442.873047,-476.918213,-1400.878906,-640.051331,0.000000,0.000000,0.000000,0.000000,0.000000,0.000000,0.000000,0.002385,0.000000
334,5.566667,3.289185,0.008536,-64.247681,15.102041,-0.075233,-16.346785,-0.711895,-2.304222,22.242342,5680.563,2,1.000000,4,4,73.297173,1,0,0,-0.056452,0.997141,-0.050221,0.755019,0.075549,0.651337,-0.073982,0.092026,0.000000,0.002385,0.000000,1,0.050000,7268.084961,19094.910156,4525.388672,-0.250304,-0.148785,74.049225,1,-0.063101,2428.159668,5145.487305,4062.696777,-0.083623,-0.083623,72.552757,1,0.050000,7253.659180,17222.054688,-1276.365479,-0.219669,0.016280,71.229515,1,-0.066906,2307.498291,6177.959961,-733.675659,-0.078801,0.009358,60.441170,35633.824219,19082.357422,34155.246094,-760.926880,1544.197266,-1443.129150,0.000000,0.000000,0.000000,0.000000,0.000000,0.000000,0.000000,0.002652,0.000000
335,5.583333,3.550659,0.010058,-64.510620,15.695938,-0.081682,-15.777531,-0.749905,-2.280471,22.243223,5512.078,2,1.000000,4,4,72.711609,1,0,0,-0.055662,0.997007,-0.053659,0.729634,0.077303,0.679454,-0.078638,0.071303,0.000000,0.002652,0.000000,1,0.050000,7330.924316,19398.375000,3935.167236,-0.252468,-0.133096,73.449944,1,-0.065589,2379.800049,5141.246094,3854.105713,-0.081957,-0.081957,71.980698,1,0.050000,7149.798340,16932.697266,-252.777420,-0.215978,0.003224,71.394218,1,-0.069875,2166.769287,5784.428711,-634.046631,-0.073781,0.008087,60.526600,33947.500000,18849.980469,34797.707031,-293.177490,98.198242,-1276.063721,0.000000,0.000000,0.000000,0.000000,0.000000,0.000000,0.000000,0.002884,0.000000
336,5.600000,3.821655,0.011571,-64.763916,16.261730,-0.091218,-15.197569,-0.787890,-2.278968,22.247009,5342.069,2,1.000000,4,4,72.179581,1,0,0,-0.054417,0.996888,-0.057029,0.703242,0.078809,0.706569,-0.077022,0.051568,0.000000,0.002884,0.000000,1,0.050000,7375.239746,19635.134766,3315.863770,-0.253994,-0.115223,72.911156,1,-0.067790,2351.339355,5160.321777,3698.108887,-0.080977,-0.080977,71.455345,1,0.049342,6412.012695,15373.960938,-185.726562,-0.196096,0.002369,71.409401,1,-0.072912,2057.134766,5543.216309,-512.654297,-0.070704,0.006539,60.597477,30815.310547,18004.144531,35227.957031,372.479614,-1807.296875,-295.075439,0.000000,0.000000,0.000000,0.000000,0.000000,0.000000,0.000000,0.003033,0.000000
337,5.616667,4.101318,0.012888,-65.007324,16.775318,-0.112693,-14.610436,-0.826338,-2.306779,22.237309,5169.917,2,1.000000,4,4,71.699516,1,0,0,-0.052907,0.996780,-0.060246,0.675506,0.080156,0.732985,-0.069398,0.044812,0.000000,0.003033,0.000000,1,0.050000,7421.348633,19850.957031,2728.861084,-0.255582,-0.097435,72.432602,1,-0.069730,2327.564697,5163.872070,3581.678711,-0.080158,-0.080158,70.973846,1,0.048832,6417.745117,15990.610352,-285.616180,-0.203962,0.002842,71.414795,1,-0.075524,2036.295898,5648.562500,-301.009674,-0.072048,0.003839,60.650623,29450.449219,18038.828125,37282.562500,255.555603,236.785156,-284.306580,0.000000,0.000000,0.000000,0.000000,0.000000,0.000000,0.000000,0.003195,0.000000
338,5.633333,4.389038,0.014057,-65.240479,17.266159,-0.133730,-13.989060,-0.864727,-2.303143,22.215137,4996.249,2,1.000000,4,4,71.266594,1,0,0,-0.051182,0.996681,-0.063300,0.646828,0.081375,0.758282,-0.063587,0.038917,0.000000,0.003195,0.000000,1,0.050000,7479.172852,20054.324219,2369.032715,-0.257574,-0.086612,72.009499,1,-0.071427,2309.045898,5179.537598,3469.932373,-0.079521,-0.079521,70.531357,1,0.048475,6429.298340,16322.898438,-214.552109,-0.208200,0.002803,71.434776,1,-0.077784,2015.984131,5664.731445,-183.831894,-0.072254,0.002345,60.672852,27998.687500,18094.060547,38874.753906,229.220093,983.618164,-257.206909,0.000000,0.000000,0.000000,0.000000,0.000000,0.000000,0.000000,0.003398,0.000000
339,5.650000,4.684692,0.015096,-65.462769,17.732803,-0.154031,-13.341147,-0.902863,-2.288016,22.185415,4821.438,2,1.000000,4,4,70.865280,1,0,0,-0.049273,0.996590,-0.066184,0.617405,0.082479,0.782310,-0.058268,0.033706,0.000000,0.003398,0.000000,1,0.050000,7538.316406,20243.576172,2112.052246,-0.259610,-0.078791,71.622391,1,-0.072937,2288.135254,5185.300293,3358.558350,-0.078801,-0.078801,70.116173,1,0.048217,6435.841309,16498.966797,-60.167465,-0.210446,0.002047,71.444374,1,-0.079764,1993.637939,5636.605469,-99.094849,-0.071895,0.001264,60.677963,26480.269531,18135.166016,40162.269531,263.586670,1147.118164,-221.917908,0.000000,0.000000,0.000000,0.000000,0.000000,0.000000,0.000000,0.003606,0.000000
340,5.666667,4.987549,0.016000,-65.673950,18.174141,-0.173770,-12.671776,-0.940705,-2.270375,22.151031,4794.287,2,1.000000,4,4,71.004677,1,0,0,-0.047199,0.996508,-0.068881,0.587329,0.083464,0.805033,-0.052476,0.028999,0.000000,0.003606,0.000000,1,0.050000,7593.861328,20342.378906,2564.777588,-0.261523,-0.090047,71.784256,1,-0.074275,2270.511963,5123.695801,3365.907471,-0.078194,-0.078194,70.233559,1,0.048044,6443.167480,16611.333984,151.251602,-0.211879,0.000571,71.431427,1,-0.081476,1978.558838,5612.758789,-18.098110,-0.071591,0.000231,60.670700,25686.244141,18182.744141,40938.730469,349.513062,445.940430,-71.548706,0.000000,0.000000,0.000000,0.000000,0.000000,0.000000,0.000000,0.003801,0.000000
341,5.683333,5.297607,0.016744,-65.873779,18.602245,-0.192854,-11.989464,-0.978432,-2.263521,22.127274,4803.718,2,1.000000,4,4,71.112762,1,0,0,-0.044989,0.996434,-0.071381,0.556512,0.084337,0.826548,-0.045823,0.026263,0.000000,0.003801,0.000000,1,0.050000,7638.368164,20422.556641,2872.601562,-0.263056,-0.102670,71.907013,1,-0.075473,2252.696289,5065.425293,3366.838379,-0.077580,-0.077580,70.327286,1,0.047999,6461.159180,16774.806641,312.677338,-0.213964,-0.001121,71.387596,1,-0.082886,1978.391846,5637.446289,6.093749,-0.071906,0.000116,60.651604,24694.902344,18246.111328,41872.792969,366.465576,169.907227,5.141357,0.000000,0.000000,0.000000,0.000000,0.000000,0.000000,0.000000,0.003958,0.000000
342,5.700000,5.614502,0.017322,-66.062012,19.013826,-0.211079,-11.291584,-1.016116,-2.260913,22.110481,4811.030,2,1.000000,4,4,71.199776,1,0,0,-0.042665,0.996369,-0.073682,0.524945,0.085105,0.846871,-0.039115,0.024647,0.000000,0.003958,0.000000,1,0.050000,7677.631348,20496.771484,3098.216553,-0.264408,-0.114333,72.003304,1,-0.076520,2241.478271,5025.146484,3372.610107,-0.077194,-0.077194,70.405212,1,0.048121,6490.473633,16955.839844,428.617615,-0.216273,-0.002734,71.320183,1,-0.083964,1993.484619,5703.284180,38.002953,-0.072746,-0.000107,60.628975,23596.320312,18339.980469,42886.546875,336.372620,136.489258,41.387207,0.000000,0.000000,0.000000,0.000000,0.000000,0.000000,0.000000,0.004096,0.000000
343,5.716667,5.937988,0.017746,-66.238281,19.407099,-0.228042,-10.576808,-1.053765,-2.258819,22.099041,4816.917,2,1.000000,4,4,71.270981,1,0,0,-0.040245,0.996311,-0.075791,0.492666,0.085778,0.865981,-0.033000,0.023740,0.000000,0.004096,0.000000,1,0.050000,7714.239746,20569.935547,3271.379883,-0.265669,-0.120470,72.079926,1,-0.077422,2233.849365,4996.469727,3378.313477,-0.076931,-0.076931,70.471115,1,0.048411,6525.512695,17121.251953,498.807983,-0.218383,-0.004081,71.235832,1,-0.084726,2016.665527,5784.968750,55.621269,-0.073788,-0.000330,60.601685,22354.599609,18447.908203,43926.250000,288.830688,183.926758,44.314331,0.000000,0.000000,0.000000,0.000000,0.000000,0.000000,0.000000,0.004225,0.000000
344,5.733333,6.267700,0.018035,-66.402466,19.779675,-0.243557,-9.844704,-1.091366,-2.255994,22.091290,4821.735,2,1.000000,4,4,71.329948,1,0,0,-0.037743,0.996261,-0.077717,0.459732,0.086365,0.883848,-0.027672,0.023124,0.000000,0.004225,0.000000,1,0.050000,7749.128906,20643.232422,3407.947754,-0.266871,-0.125259,72.141357,1,-0.078193,2228.723389,4976.273926,3383.436768,-0.076755,-0.076755,70.527664,1,0.048850,6562.301270,17251.707031,525.440430,-0.220047,-0.005054,71.141228,1,-0.085206,2043.611084,5869.476562,55.164864,-0.074866,-0.000469,60.571819,20963.296875,18559.900391,44947.046875,242.242249,229.034180,25.533081,0.000000,0.000000,0.000000,0.000000,0.000000,0.000000,0.000000,0.004348,0.000000
345,5.750000,6.603149,0.018209,-66.553955,20.129063,-0.257567,-9.095586,-1.128909,-2.252474,22.085798,4825.724,2,1.000000,4,4,71.379219,1,0,0,-0.035165,0.996217,-0.079469,0.426203,0.086874,0.900447,-0.023057,0.022485,0.000000,0.004348,0.000000,1,0.050000,7782.687012,20716.521484,3518.893311,-0.268026,-0.129081,72.190781,1,-0.078843,2225.766113,4962.817871,3389.004883,-0.076653,-0.076653,70.576782,1,0.049405,6598.227539,17344.896484,414.259491,-0.221236,-0.005284,71.042740,1,-0.085448,2071.992188,5950.020020,3.568725,-0.075893,-0.000046,60.542023,19316.818359,18670.527344,45981.941406,194.667053,301.524414,-24.466675,0.000000,0.000000,0.000000,0.000000,0.000000,0.000000,0.000000,0.004466,0.000000
346,5.766667,6.943970,0.018291,-66.692749,20.451010,-0.270092,-8.329220,-1.166374,-2.247839,22.079170,4829.057,2,1.000000,4,4,71.420502,1,0,0,-0.032513,0.996179,-0.081054,0.392147,0.087309,0.915750,-0.019090,0.021406,0.000000,0.004466,0.000000,1,0.050000,7815.961914,20789.972656,3621.843750,-0.269172,-0.132510,72.230354,1,-0.079377,2225.949951,4956.520508,3399.085693,-0.076659,-0.076659,70.619728,1,0.050000,7899.117188,23696.255859,227.852570,-0.254559,-0.002991,70.960487,1,-0.085498,2099.513916,6020.233398,-8.846137,-0.076789,0.000013,60.519764,20220.527344,20024.455078,52644.515625,-476.683807,8959.054688,-1648.902954,0.000000,0.000000,0.000000,0.000000,0.000000,0.000000,0.000000,0.004584,0.000000
347,5.783333,7.290527,0.018690,-66.817017,20.788019,-0.264143,-7.451811,-1.201541,-2.110010,22.076855,4831.850,2,1.000000,4,4,71.454071,1,0,0,-0.029675,0.996147,-0.082523,0.359704,0.087671,0.928938,-0.022658,0.002323,0.000000,0.004584,0.000000,1,0.050000,7879.048828,20876.191406,4091.885986,-0.271345,-0.147393,72.260551,1,-0.079729,2242.044922,5035.193848,3360.349609,-0.077213,-0.077213,70.656586,1,0.049979,6529.486816,16844.734375,639.637085,-0.214856,-0.004909,70.905464,1,-0.086123,1991.762939,5251.979492,-374.183624,-0.066990,0.001780,60.499317,15861.709961,18612.654297,46441.519531,530.576599,-4078.382812,451.879883,0.000000,0.000000,0.000000,0.000000,0.000000,0.000000,0.000000,0.004802,0.000000
348,5.800000,7.641357,0.018849,-66.928345,21.052382,-0.277360,-6.677786,-1.237755,-2.172760,22.079229,4834.121,2,1.000000,4,4,71.458611,1,0,0,-0.026769,0.996125,-0.083773,0.325827,0.087921,0.941332,-0.013686,0.006316,0.000000,0.004802,0.000000,1,0.050000,7873.750977,20911.275391,3830.040771,-0.271162,-0.137198,72.252853,1,-0.080132,2221.225586,4958.729004,3373.236328,-0.076496,-0.076496,70.673096,1,0.050000,7746.570312,18658.328125,364.349579,-0.237989,-0.004647,70.790291,1,-0.086477,2021.246826,5444.041016,-314.017609,-0.069439,0.002606,60.532234,14439.610352,19841.119141,48889.500000,476.872162,-122.441406,-1514.850464,0.000000,0.000000,0.000000,0.000000,0.000000,0.000000,0.000000,0.004782,0.000000
349,5.816667,7.996338,0.019061,-67.026001,21.293041,-0.273577,-5.862961,-1.273999,-2.174660,22.077318,4834.428,2,1.000000,4,4,71.479820,1,0,0,-0.023490,0.996131,-0.084683,0.291523,0.087850,0.952521,0.000038,-0.013575,0.000000,0.004782,0.000000,1,0.050000,7873.545898,20912.093750,3822.476074,-0.271155,-0.135857,72.266624,1,-0.080055,2296.536621,5116.888672,3502.212646,-0.079090,-0.079090,70.701584,1,0.049440,6430.013672,15553.971680,39.583046,-0.198392,-0.000505,70.715332,1,-0.086941,1989.619385,5294.281250,-155.079742,-0.067529,0.001978,60.556362,11553.971680,18561.820312,46527.000000,506.601135,-4363.459961,549.389526,0.000000,0.000000,0.000000,0.000000,0.000000,0.000000,0.000000,0.004772,0.000000
350,5.833333,8.354370,0.019043,-67.110840,21.485607,-0.287477,-5.087511,-1.311362,-2.241796,22.072340,4835.863,2,1.000000,4,4,71.492821,1,0,0,-0.020177,0.996146,-0.085354,0.255750,0.087673,0.962759,0.008742,-0.008225,0.000000,0.004772,0.000000,1,0.050000,7874.290039,20950.396484,3618.467285,-0.271181,-0.128381,72.274384,1,-0.079789,2333.926758,5165.181152,3609.860840,-0.080378,-0.080378,70.719704,1,0.049199,6470.646484,15969.490234,-156.986710,-0.203692,0.000426,70.687813,1,-0.086904,2066.780762,5683.847168,-84.001465,-0.072498,0.001642,60.557274,9808.646484,18750.855469,47818.023438,242.124817,-2251.322266,399.317139,0.000000,0.000000,0.000000,0.000000,0.000000,0.000000,0.000000,0.004773,0.000000
351,5.850000,8.715210,0.018896,-67.182251,21.649084,-0.298886,-4.290544,-1.349302,-2.276435,22.063442,4836.743,2,1.000000,4,4,71.512230,1,0,0,-0.016863,0.996166,-0.085845,0.219053,0.087452,0.971786,0.012751,-0.003963,0.000000,0.004773,0.000000,1,0.050000,7891.388672,21005.349609,3571.116699,-0.271770,-0.126581,72.293861,1,-0.079388,2367.618164,5217.455566,3693.656738,-0.081538,-0.081538,70.739044,1,0.049223,6511.599121,16435.373047,-297.711731,-0.209635,0.001677,70.689003,1,-0.086533,2129.461182,5957.846680,51.067123,-0.075993,0.000790,60.547806,8182.973633,18929.357422,48990.933594,53.691101,-731.364258,315.519531,0.000000,0.000000,0.000000,0.000000,0.000000,0.000000,0.000000,0.004834,0.000000
352,5.866667,9.078369,0.018687,-67.240234,21.785467,-0.307927,-3.474028,-1.387429,-2.287686,22.054373,4838.056,2,1.000000,4,4,71.529129,1,0,0,-0.013578,0.996185,-0.086205,0.181850,0.087236,0.979449,0.013257,-0.000260,0.000000,0.004834,0.000000,1,0.050000,7916.152344,21066.513672,3610.157471,-0.272623,-0.127853,72.313011,1,-0.078961,2385.460205,5245.823730,3736.910156,-0.082152,-0.082152,70.753746,1,0.049416,6543.479492,16663.242188,-371.917542,-0.212541,0.002816,70.710754,1,-0.086002,2171.191406,6114.333984,141.984497,-0.077989,-0.000175,60.518608,6469.819824,19057.261719,49745.011719,-30.316574,-86.155273,263.769531,0.000000,0.000000,0.000000,0.000000,0.000000,0.000000,0.000000,0.004923,0.000000
353,5.883333,9.443359,0.018444,-67.284302,21.893297,-0.315259,-2.644945,-1.425579,-2.289010,22.046263,4839.199,2,1.000000,4,4,71.540459,1,0,0,-0.010334,0.996202,-0.086458,0.144356,0.087043,0.985690,0.012229,0.002967,0.000000,0.004923,0.000000,1,0.050000,7940.620117,21123.714844,3667.192383,-0.273465,-0.129757,72.326599,1,-0.078567,2393.275146,5257.589355,3756.749023,-0.082421,-0.082421,70.762863,1,0.049719,6570.122559,16771.669922,-400.520782,-0.213924,0.003667,70.743340,1,-0.085399,2201.817627,6211.334961,195.948547,-0.079226,-0.001038,60.476128,4687.643555,19151.761719,50238.621094,-62.081375,151.516602,222.997925,0.000000,0.000000,0.000000,0.000000,0.000000,0.000000,0.000000,0.005011,0.000000
354,5.900000,9.809448,0.018179,-67.314453,21.971424,-0.321320,-1.807634,-1.463690,-2.286677,22.039410,4839.966,2,1.000000,4,4,71.546593,1,0,0,-0.007130,0.996217,-0.086614,0.106686,0.086880,0.990490,0.010676,0.005721,0.000000,0.005011,0.000000,1,0.050000,7962.389648,21173.863281,3721.689941,-0.274215,-0.131520,72.334297,1,-0.078223,2396.924561,5262.655762,3766.603760,-0.082547,-0.082547,70.767464,1,0.050000,7922.415039,23449.800781,-394.698364,-0.245542,0.004174,70.780106,1,-0.084759,2228.417969,6281.778320,222.176239,-0.080125,-0.001705,60.425766,3773.788086,20545.839844,57131.585938,-220.746429,9220.740234,-1600.528564,0.000000,0.000000,0.000000,0.000000,0.000000,0.000000,0.000000,0.005090,0.000000
355,5.916667,10.176758,0.018304,-67.328735,22.034321,-0.308550,-0.855441,-1.499437,-2.144818,22.039902,4840.381,2,1.000000,4,4,71.548393,1,0,0,-0.003835,0.996228,-0.086686,0.071235,0.086739,0.993681,0.007434,-0.011896,0.000000,0.005090,0.000000,1,0.050000,8012.989258,21228.804688,4173.029785,-0.275958,-0.145386,72.336868,1,-0.077847,2414.139160,5357.368652,3712.843994,-0.083140,-0.083140,70.768509,1,0.049791,6494.815430,16141.713867,24.944016,-0.205889,0.002507,70.816017,1,-0.084850,2114.399902,5391.160645,-149.530273,-0.068765,-0.000364,60.371574,1278.330688,19042.242188,49317.335938,188.490417,-4652.231445,761.837158,0.000000,0.000000,0.000000,0.000000,0.000000,0.000000,0.000000,0.005268,0.000000
356,5.933333,10.544434,0.018226,-67.329346,22.055626,-0.315982,-0.033485,-1.536376,-2.216394,22.044411,4840.502,2,1.000000,4,4,71.523537,1,0,0,-0.000580,0.996244,-0.086590,0.034493,0.086558,0.995649,0.010730,-0.003284,0.000000,0.005268,0.000000,1,0.050000,7990.447266,21233.566406,3818.650146,-0.275181,-0.132481,72.304016,1,-0.077652,2392.947510,5278.371582,3725.960449,-0.082410,-0.082410,70.751480,1,0.049591,6489.653320,15111.855469,-91.118958,-0.192753,0.002008,70.790634,1,-0.084767,2143.611084,5639.767090,-79.479073,-0.071936,0.000147,60.371677,-934.006226,19022.703125,48377.632812,267.389465,-4373.220703,558.225098,0.000000,0.000000,0.000000,0.000000,0.000000,0.000000,0.000000,0.005188,0.000000
357,5.950000,10.911743,0.017964,-67.316528,22.040060,-0.323675,0.772809,-1.574437,-2.283679,22.043427,4838.821,2,1.000000,4,4,71.521645,1,0,0,0.002661,0.996267,-0.086283,-0.003423,0.086292,0.996264,0.016080,0.002964,0.000000,0.005188,0.000000,1,0.050000,7974.906250,21233.953125,3571.693115,-0.274646,-0.123902,72.300545,1,-0.077292,2429.748291,5326.958984,3829.009277,-0.083678,-0.083678,70.751137,1,0.049673,6535.095215,15916.528320,-250.648254,-0.203017,0.002449,70.782204,1,-0.084269,2222.803223,6065.725098,46.597401,-0.077369,-0.000128,60.361549,-2933.543213,19196.812500,49539.003906,5.508247,-1572.208984,322.372559,0.000000,0.000000,0.000000,0.000000,0.000000,0.000000,0.000000,0.005132,0.000000
358,5.966667,11.278320,0.017634,-67.289795,21.991167,-0.329092,1.598459,-1.612900,-2.307867,22.039644,4838.693,2,1.000000,4,4,71.529404,1,0,0,0.005861,0.996291,-0.085850,-0.041742,0.086021,0.995418,0.016193,0.006682,0.000000,0.005132,0.000000,1,0.050000,7981.074219,21258.576172,3525.341553,-0.274858,-0.122332,72.312706,1,-0.076840,2458.545166,5376.951172,3892.608887,-0.084669,-0.084669,70.754585,1,0.049970,6577.401367,16308.784180,-327.035187,-0.208020,0.003088,70.797073,1,-0.083549,2280.072510,6308.470703,106.967613,-0.080465,-0.000587,60.333004,-4879.255371,19348.707031,50102.835938,-118.529228,-375.366211,181.746582,0.000000,0.000000,0.000000,0.000000,0.000000,0.000000,0.000000,0.005155,0.000000
359,5.983333,11.643433,0.017297,-67.249268,21.909845,-0.332496,2.433506,-1.651461,-2.313640,22.035339,4839.218,2,1.000000,4,4,71.535980,1,0,0,0.009016,0.996312,-0.085334,-0.080099,0.085783,0.993089,0.013789,0.008782,0.000000,0.005155,0.000000,1,0.050000,7994.420898,21290.947266,3550.366211,-0.275318,-0.123219,72.325531,1,-0.076411,2468.983398,5395.361328,3915.230957,-0.085029,-0.085029,70.755051,1,0.050000,7921.525391,22736.365234,-349.932190,-0.238452,0.003599,70.823105,1,-0.082785,2311.657471,6425.082031,126.447083,-0.081953,-0.000968,60.295639,-7121.102539,20739.207031,56480.507812,87.005371,8554.610352,-1654.911377,0.000000,0.000000,0.000000,0.000000,0.000000,0.000000,0.000000,0.005204,0.000000
360,6.000000,12.006714,0.017362,-67.192993,21.791161,-0.317143,3.374848,-1.687827,-2.182029,22.036837,4839.663,2,1.000000,4,4,71.539337,1,0,0,0.012268,0.996330,-0.084717,-0.116140,0.085569,0.989540,0.013898,-0.009572,0.000000,0.005204,0.000000,1,0.050000,8036.505859,21328.607422,3989.773682,-0.276767,-0.136772,72.335060,1,-0.075952,2488.649902,5495.756348,3866.056641,-0.085706,-0.085706,70.752373,1,0.050000,7750.091309,17115.416016,28.601135,-0.218309,0.002128,70.852478,1,-0.082780,2196.626465,5534.404297,-225.219193,-0.070592,0.000458,60.255428,-8300.145508,20490.539062,49992.664062,942.790222,-2870.318359,-919.917969,0.000000,0.000000,0.000000,0.000000,0.000000,0.000000,0.000000,0.005351,0.000000
361,6.016667,12.367676,0.017478,-67.122925,21.652824,-0.304787,4.208059,-1.724929,-2.226203,22.042904,4839.890,2,1.000000,4,4,71.516525,1,0,0,0.015707,0.996370,-0.083667,-0.152741,0.085087,0.984597,0.031917,-0.018944,0.000000,0.005351,0.000000,1,0.050000,7995.565430,21263.949219,3726.574951,-0.275357,-0.127021,72.309914,1,-0.075401,2520.458252,5544.587891,3945.731934,-0.086801,-0.086801,70.731842,1,0.048864,6323.690430,14168.614258,-19.958542,-0.180722,0.001432,70.826561,1,-0.083191,2119.971680,5415.589355,-218.106415,-0.069076,0.001320,60.266586,-9968.295898,18930.468750,46502.351562,8.138702,-6286.473633,1075.665039,0.000000,0.000000,0.000000,0.000000,0.000000,0.000000,0.000000,0.005196,0.000000
362,6.033333,12.725830,0.017335,-67.039917,21.486687,-0.313691,4.983098,-1.763643,-2.322922,22.044224,4838.347,2,1.000000,4,4,71.506096,1,0,0,0.019030,0.996414,-0.082439,-0.190728,0.084558,0.977994,0.033466,-0.006448,0.000000,0.005196,0.000000,1,0.050000,7964.425781,21240.966797,3352.791992,-0.274285,-0.114513,72.303047,1,-0.074716,2563.302490,5593.292969,4076.048096,-0.088277,-0.088277,70.717926,1,0.048219,6377.210449,15383.733398,-271.882812,-0.196221,0.002188,70.807739,1,-0.083008,2216.267090,6016.536133,-29.957859,-0.076742,0.000972,60.276707,-12346.184570,19131.968750,47764.769531,-295.658081,-2089.310547,661.177856,0.000000,0.000000,0.000000,0.000000,0.000000,0.000000,0.000000,0.005086,0.000000
363,6.050000,13.080444,0.017096,-66.943481,21.280916,-0.319983,5.779178,-1.802893,-2.355061,22.040466,4837.641,2,1.000000,4,4,71.512024,1,0,0,0.022226,0.996453,-0.081157,-0.228960,0.084093,0.969797,0.028438,0.000889,0.000000,0.005086,0.000000,1,0.050000,7965.782715,21253.996094,3293.169189,-0.274332,-0.112796,72.321190,1,-0.073999,2591.635010,5640.578613,4140.976562,-0.089253,-0.089253,70.711914,1,0.048000,6434.773438,15976.527344,-395.664276,-0.203782,0.003249,70.825714,1,-0.082499,2282.201172,6332.541016,67.347198,-0.080772,0.000292,60.259342,-14453.867188,19310.814453,48184.199219,-414.705872,-333.756836,413.806763,0.000000,0.000000,0.000000,0.000000,0.000000,0.000000,0.000000,0.005095,0.000000
364,6.066667,13.431152,0.016840,-66.833740,21.040018,-0.323911,6.582248,-1.842228,-2.360188,22.035343,4838.042,2,1.000000,4,4,71.517570,1,0,0,0.025309,0.996483,-0.079878,-0.266929,0.083738,0.960071,0.020736,0.005068,0.000000,0.005095,0.000000,1,0.050000,7978.095215,21279.097656,3347.906738,-0.274756,-0.114948,72.341049,1,-0.073405,2592.188965,5640.582031,4143.498535,-0.089272,-0.089272,70.703468,1,0.048033,6474.107422,16255.691406,-438.115967,-0.207343,0.004117,70.861771,1,-0.081912,2313.366943,6469.975098,108.376457,-0.082525,-0.000329,60.227764,-16406.919922,19400.978516,48037.414062,-431.736481,277.394531,282.997437,0.000000,0.000000,0.000000,0.000000,0.000000,0.000000,0.000000,0.005142,0.000000
365,6.083333,13.777222,0.016591,-66.710693,20.766569,-0.326638,7.382871,-1.881493,-2.355913,22.030245,4838.417,2,1.000000,4,4,71.519264,1,0,0,0.028296,0.996503,-0.078616,-0.304422,0.083502,0.948870,0.012587,0.007564,0.000000,0.005142,0.000000,1,0.050000,7991.852051,21304.398438,3425.291748,-0.275230,-0.117835,72.356125,1,-0.072981,2580.300537,5618.645996,4119.135742,-0.088862,-0.088862,70.692078,1,0.048243,6507.893066,16409.630859,-429.220551,-0.209307,0.004621,70.904030,1,-0.081333,2331.055908,6537.384277,115.251205,-0.083385,-0.000753,60.190193,-18284.082031,19454.341797,47608.929688,-399.937622,454.330078,196.241821,0.000000,0.000000,0.000000,0.000000,0.000000,0.000000,0.000000,0.005195,0.000000
366,6.100000,14.118286,0.016356,-66.574463,20.461834,-0.328647,8.176353,-1.920641,-2.348915,22.025673,4838.532,2,1.000000,4,4,71.517395,1,0,0,0.031200,0.996514,-0.077368,-0.341339,0.083375,0.936235,0.005023,0.008992,0.000000,0.005195,0.000000,1,0.050000,8004.458008,21326.738281,3500.062744,-0.275664,-0.120578,72.365891,1,-0.072726,2563.072510,5586.451172,4084.367676,-0.088269,-0.088269,70.678848,1,0.048591,6540.024902,16508.599609,-95.578247,-0.210569,0.001219,70.944984,1,-0.080788,2343.740967,6576.331055,56.456352,-0.083882,-0.000720,60.151619,-19875.546875,19492.421875,47092.492188,-355.264191,204.096680,158.820679,0.000000,0.000000,0.000000,0.000000,0.000000,0.000000,0.000000,0.005242,0.000000
367,6.116667,14.453735,0.016127,-66.425171,20.130575,-0.330136,8.961228,-1.959737,-2.345769,22.026012,4838.405,2,1.000000,4,4,71.512856,1,0,0,0.034035,0.996518,-0.076119,-0.377686,0.083340,0.922176,-0.001614,0.009994,0.000000,0.005242,0.000000,1,0.050000,8012.221680,21343.648438,3526.361328,-0.275931,-0.121667,72.371109,1,-0.072624,2543.025391,5548.218262,4044.940430,-0.087579,-0.087579,70.664780,1,0.049055,6572.890137,16615.763672,-126.853767,-0.211936,0.001367,70.937210,1,-0.080270,2356.377441,6617.207031,46.505661,-0.084403,-0.000673,60.121632,-21782.878906,19523.523438,46379.035156,-287.349915,389.690430,76.652344,0.000000,0.000000,0.000000,0.000000,0.000000,0.000000,0.000000,0.005274,0.000000
368,6.133333,14.783203,0.015910,-66.262939,19.767527,-0.331204,9.734212,-1.998733,-2.339769,22.025354,4838.098,2,1.000000,4,4,71.509209,1,0,0,0.036811,0.996515,-0.074855,-0.413365,0.083381,0.906740,-0.007042,0.010100,0.000000,0.005274,0.000000,1,0.050000,8019.653320,21357.689453,3564.299561,-0.276187,-0.123101,72.376129,1,-0.072637,2525.175049,5515.043945,4008.621582,-0.086964,-0.086964,70.652672,1,0.049612,6605.266602,16682.462891,-67.027077,-0.212787,0.000855,70.933998,1,-0.079778,2368.646729,6646.087891,-7.418051,-0.084772,-0.000388,60.093098,-23588.125000,19556.242188,45572.285156,-222.097168,355.035156,27.047241,0.000000,0.000000,0.000000,0.000000,0.000000,0.000000,0.000000,0.005303,0.000000
369,6.150000,15.106079,0.015704,-66.088013,19.374392,-0.331826,10.493750,-2.037639,-2.334303,22.024799,4837.852,2,1.000000,4,4,71.505470,1,0,0,0.039537,0.996507,-0.073557,-0.448333,0.083480,0.889960,-0.011275,0.009724,0.000000,0.005303,0.000000,1,0.050000,8025.183594,21367.427734,3596.526855,-0.276377,-0.124281,72.379814,1,-0.072746,2507.139648,5480.520996,3973.286133,-0.086343,-0.086343,70.641685,1,0.050000,8070.500977,23233.589844,-72.059692,-0.243803,0.000919,70.922050,1,-0.079316,2379.183594,6667.180176,-68.800293,-0.085041,0.000082,60.072441,-28162.615234,20997.210938,50528.859375,856.872498,9207.290039,-1681.962280,0.000000,0.000000,0.000000,0.000000,0.000000,0.000000,0.000000,0.005324,0.000000
370,6.166667,15.421265,0.015923,-65.899048,18.905014,-0.312983,11.335897,-2.074183,-2.192652,22.028961,4837.599,2,1.000000,4,4,71.501953,1,0,0,0.042349,0.996498,-0.072097,-0.480537,0.083582,0.872982,-0.002199,-0.009055,0.000000,0.005324,0.000000,1,0.050000,8057.770508,21376.281250,4046.887939,-0.277500,-0.138089,72.382584,1,-0.072804,2512.873047,5557.879395,3891.389160,-0.086540,-0.086540,70.632034,1,0.050000,7815.952148,17336.498047,303.414337,-0.221129,-0.000859,70.910835,1,-0.079668,2243.994629,5676.883301,-487.597839,-0.072409,0.002360,60.060753,-26714.277344,20620.621094,43641.476562,1328.331787,-2853.317383,-586.084717,0.000000,0.000000,0.000000,0.000000,0.000000,0.000000,0.000000,0.005435,0.000000
371,6.183333,15.728882,0.016194,-65.697998,18.459776,-0.298854,12.063255,-2.111459,-2.236565,22.036539,4837.360,2,1.000000,4,4,71.473747,1,0,0,0.045195,0.996513,-0.070139,-0.512721,0.083397,0.854495,0.019618,-0.011716,0.000000,0.005435,0.000000,1,0.050000,8009.047852,21294.630859,3762.261230,-0.275822,-0.127615,72.351425,1,-0.072735,2534.457031,5585.530762,3953.347900,-0.087284,-0.087284,70.606712,1,0.048980,6345.243164,14244.863281,225.870224,-0.181695,-0.001609,70.844772,1,-0.080433,2156.453125,5520.199707,-506.393494,-0.070411,0.003881,60.110237,-26919.332031,18992.470703,39527.515625,-309.955505,-6456.421875,949.310303,0.000000,0.000000,0.000000,0.000000,0.000000,0.000000,0.000000,0.005252,0.000000
372,6.200000,16.029053,0.016200,-65.486084,18.011120,-0.306917,12.722047,-2.150390,-2.335899,22.038076,4835.453,2,1.000000,4,4,71.460571,1,0,0,0.047883,0.996533,-0.068032,-0.545592,0.083146,0.833916,0.017781,0.000100,0.000000,0.005252,0.000000,1,0.050000,7972.116699,21259.451172,3368.837646,-0.274550,-0.114490,72.341301,1,-0.072495,2568.326172,5613.203125,4071.729248,-0.088450,-0.088450,70.590561,1,0.048438,6399.940430,15484.480469,-71.948654,-0.197506,-0.000671,70.790039,1,-0.080582,2245.047852,6111.006348,-12.938083,-0.077947,0.000165,60.162468,-29391.066406,19174.078125,39890.960938,-441.140503,-1884.122070,476.050415,0.000000,0.000000,0.000000,0.000000,0.000000,0.000000,0.000000,0.005121,0.000000
373,6.216667,16.321045,0.016098,-65.262939,17.521269,-0.312635,13.386896,-2.189804,-2.364883,22.038525,4834.561,2,1.000000,4,4,71.465874,1,0,0,0.050440,0.996551,-0.065898,-0.578035,0.082938,0.811786,0.011749,0.004982,0.000000,0.005121,0.000000,1,0.050000,7967.721191,21257.716797,3303.339600,-0.274399,-0.112678,72.358475,1,-0.072192,2587.746826,5645.305664,4116.737305,-0.089119,-0.089119,70.584282,1,0.048313,6459.334961,16055.727539,-249.356766,-0.204792,0.000758,70.778809,1,-0.080381,2304.642334,6402.334961,23.400063,-0.081662,-0.000007,60.142620,-31577.494141,19335.273438,39341.085938,-441.268707,-195.291992,185.141052,0.000000,0.000000,0.000000,0.000000,0.000000,0.000000,0.000000,0.005108,0.000000
374,6.233333,16.604248,0.015971,-65.028809,16.994978,-0.316229,14.042581,-2.229268,-2.367882,22.035393,4834.920,2,1.000000,4,4,71.472527,1,0,0,0.052904,0.996561,-0.063782,-0.609622,0.082819,0.788354,0.004636,0.005773,0.000000,0.005108,0.000000,1,0.050000,7976.759277,21274.017578,3356.975830,-0.274710,-0.114858,72.378876,1,-0.071969,2582.824707,5635.615723,4107.470215,-0.088949,-0.088949,70.577522,1,0.048430,6499.791992,16325.464844,-346.455872,-0.208233,0.002117,70.793495,1,-0.080079,2330.038086,6520.147461,18.860151,-0.083165,-0.000094,60.117462,-33396.597656,19413.876953,38360.285156,-389.567749,380.633789,56.208069,0.000000,0.000000,0.000000,0.000000,0.000000,0.000000,0.000000,0.005144,0.000000
375,6.250000,16.878174,0.015849,-64.784180,16.438368,-0.318778,14.681919,-2.268635,-2.362020,22.030464,4835.370,2,1.000000,4,4,71.476181,1,0,0,0.055292,0.996563,-0.061685,-0.640183,0.082793,0.763748,-0.001979,0.004900,0.000000,0.005144,0.000000,1,0.050000,7989.031250,21293.671875,3443.989014,-0.275132,-0.118092,72.395187,1,-0.071875,2566.360107,5604.095215,4075.235840,-0.088382,-0.088382,70.568840,1,0.048698,6531.395508,16468.025391,-388.625763,-0.210051,0.003171,70.822365,1,-0.079772,2340.649414,6565.332031,-4.423788,-0.083741,-0.000038,60.092968,-35007.738281,19452.769531,37166.156250,-325.106812,516.031250,1.859985,0.000000,0.000000,0.000000,0.000000,0.000000,0.000000,0.000000,0.005191,0.000000
376,6.266667,17.142456,0.015735,-64.529175,15.854905,-0.320803,15.301355,-2.307870,-2.354075,22.024759,4835.617,2,1.000000,4,4,71.476158,1,0,0,0.057614,0.996559,-0.059596,-0.669653,0.082850,0.738038,-0.007590,0.003479,0.000000,0.005191,0.000000,1,0.050000,8000.367188,21310.816406,3528.730713,-0.275523,-0.121183,72.405777,1,-0.071908,2546.021240,5564.209473,4036.705078,-0.087682,-0.087682,70.558479,1,0.049073,6560.090820,16559.765625,-389.684875,-0.211222,0.003839,70.857391,1,-0.079487,2346.792480,6585.492676,-37.872650,-0.083999,0.000155,60.071877,-36492.488281,19477.332031,35859.289062,-261.813538,505.810547,-19.996582,0.000000,0.000000,0.000000,0.000000,0.000000,0.000000,0.000000,0.005233,0.000000
377,6.283333,17.396606,0.015627,-64.264160,15.246696,-0.322492,15.899010,-2.346975,-2.346289,22.018875,4835.616,2,1.000000,4,4,71.473038,1,0,0,0.059871,0.996549,-0.057500,-0.697997,0.082974,0.711277,-0.012115,0.001986,0.000000,0.005233,0.000000,1,0.050000,8008.903320,21322.462891,3598.836670,-0.275817,-0.123711,72.411148,1,-0.072049,2525.056152,5522.538574,3997.742676,-0.086960,-0.086960,70.547081,1,0.049535,6588.184570,16624.431641,-218.971405,-0.212046,0.002793,70.892570,1,-0.079220,2352.700928,6599.532715,-75.783882,-0.084178,0.000457,60.055668,-37778.351562,19497.595703,34570.285156,-207.573669,329.914062,-16.718323,0.000000,0.000000,0.000000,0.000000,0.000000,0.000000,0.000000,0.005266,0.000000
378,6.300000,17.640259,0.015515,-63.989502,14.617057,-0.323899,16.475182,-2.385996,-2.341211,22.015594,4835.404,2,1.000000,4,4,71.467834,1,0,0,0.062060,0.996535,-0.055380,-0.725213,0.083147,0.683485,-0.015630,0.000775,0.000000,0.005266,0.000000,1,0.050000,8014.217773,21329.814453,3641.269775,-0.276000,-0.125278,72.412575,1,-0.072275,2504.571289,5481.379395,3960.272461,-0.086254,-0.086254,70.535416,1,0.050000,8052.209961,23182.279297,-112.674515,-0.243094,0.001437,70.902817,1,-0.078958,2360.467285,6619.939941,-114.732986,-0.084438,0.000830,60.044998,-43663.292969,20936.177734,37764.675781,1377.850342,9126.535156,-1244.572021,0.000000,0.000000,0.000000,0.000000,0.000000,0.000000,0.000000,0.005286,0.000000
379,6.316667,17.871826,0.015810,-63.704468,13.889336,-0.305859,17.104593,-2.422676,-2.200802,22.019310,4835.052,2,1.000000,4,4,71.462318,1,0,0,0.064267,0.996521,-0.053071,-0.749772,0.083313,0.656430,-0.000488,-0.013073,0.000000,0.005286,0.000000,1,0.050000,8045.733398,21335.242188,4088.648438,-0.277085,-0.138990,72.412346,1,-0.072438,2508.939697,5555.522461,3876.222900,-0.086405,-0.086405,70.524757,1,0.049808,6497.883301,15946.249023,259.361755,-0.203396,-0.000324,70.897537,1,-0.079476,2225.079102,5648.177246,-514.110291,-0.072043,0.002956,60.040020,-38968.671875,19252.468750,30887.605469,-428.973145,-4703.356445,530.446594,0.000000,0.000000,0.000000,0.000000,0.000000,0.000000,0.000000,0.005393,0.000000
380,6.333333,18.092407,0.015915,-63.410889,13.239858,-0.310462,17.619387,-2.460562,-2.273164,22.025347,4834.679,2,1.000000,4,4,71.432472,1,0,0,0.066337,0.996510,-0.050675,-0.774089,0.083443,0.627554,-0.004722,-0.006287,0.000000,0.005393,0.000000,1,0.050000,8013.559082,21314.919922,3717.129395,-0.275977,-0.126029,72.378532,1,-0.072754,2475.465820,5450.424316,3868.525879,-0.085252,-0.085252,70.498779,1,0.049676,6502.743652,15097.741211,101.453094,-0.192573,-0.000684,70.837914,1,-0.079812,2241.870850,5901.117188,-310.357452,-0.075269,0.003959,60.093376,-39627.078125,19211.482422,28643.722656,-221.896667,-3948.196289,456.567261,0.000000,0.000000,0.000000,0.000000,0.000000,0.000000,0.000000,0.005280,0.000000
381,6.350000,18.302124,0.015854,-63.109131,12.579407,-0.315619,18.096783,-2.499461,-2.333910,22.026810,4832.660,2,1.000000,4,4,71.428146,1,0,0,0.068252,0.996505,-0.048156,-0.797908,0.083498,0.596967,-0.005965,0.000437,0.000000,0.005280,0.000000,1,0.050000,7991.011230,21292.605469,3483.832520,-0.275201,-0.118358,72.376701,1,-0.072911,2494.342285,5464.580566,3936.351807,-0.085902,-0.085902,70.492027,1,0.049813,6548.075684,15910.941406,-94.658119,-0.202946,0.000018,70.801353,1,-0.079761,2302.121094,6285.438477,-56.286358,-0.080171,0.000718,60.116970,-41655.968750,19340.017578,27711.197266,-176.800110,-1064.279297,139.108398,0.000000,0.000000,0.000000,0.000000,0.000000,0.000000,0.000000,0.005199,0.000000
382,6.366667,18.500122,0.015733,-62.799805,11.885140,-0.319111,18.558636,-2.538633,-2.350283,22.026525,4832.367,2,1.000000,4,4,71.434929,1,0,0,0.070054,0.996501,-0.045580,-0.820677,0.083548,0.565251,-0.007979,0.002069,0.000000,0.005199,0.000000,1,0.050000,7990.336426,21294.498047,3460.893555,-0.275177,-0.117894,72.391174,1,-0.072976,2506.224121,5484.607422,3963.424072,-0.086311,-0.086311,70.491318,1,0.050000,7943.288574,22245.451172,-208.851715,-0.232936,0.001000,70.793442,1,-0.079505,2341.804688,6476.640137,-20.848303,-0.082610,0.000266,60.103455,-48039.546875,20791.425781,29864.705078,1489.865601,8118.435547,-912.962097,0.000000,0.000000,0.000000,0.000000,0.000000,0.000000,0.000000,0.005198,0.000000
383,6.383333,18.684937,0.015988,-62.482178,11.084481,-0.302989,19.056381,-2.575722,-2.225385,22.029530,4832.826,2,1.000000,4,4,71.441406,1,0,0,0.071820,0.996499,-0.042803,-0.841063,0.083573,0.534443,0.008759,-0.007656,0.000000,0.005198,0.000000,1,0.050000,8021.935059,21305.808594,3896.732422,-0.276266,-0.131493,72.406181,1,-0.072928,2525.101074,5584.322754,3911.185303,-0.086961,-0.086961,70.489487,1,0.049752,6487.568848,15154.043945,82.618095,-0.193291,0.000238,70.802208,1,-0.079940,2222.618408,5618.718750,-379.254395,-0.071667,0.001963,60.084763,-42599.808594,19239.843750,23933.523438,-451.769409,-5135.710938,497.493896,0.000000,0.000000,0.000000,0.000000,0.000000,0.000000,0.000000,0.005305,0.000000
384,6.400000,18.857788,0.016052,-62.157959,10.374484,-0.307751,19.455273,-2.614129,-2.304400,22.033653,4833.265,2,1.000000,4,4,71.422157,1,0,0,0.073420,0.996501,-0.039939,-0.860963,0.083544,0.501761,0.004482,-0.000667,0.000000,0.005305,0.000000,1,0.050000,7990.347656,21281.292969,3541.382324,-0.275178,-0.119489,72.386917,1,-0.073002,2504.052246,5502.797852,3928.046387,-0.086236,-0.086236,70.470253,1,0.049457,6470.820312,15141.867188,-137.540924,-0.193136,0.000801,70.768402,1,-0.080188,2242.764893,5947.296387,-184.328415,-0.075858,0.002351,60.118423,-43721.433594,19191.203125,22081.847656,-336.241455,-3058.962891,335.041870,0.000000,0.000000,0.000000,0.000000,0.000000,0.000000,0.000000,0.005193,0.000000
385,6.416667,19.018555,0.015982,-61.827515,9.645794,-0.313205,19.823303,-2.653320,-2.351463,22.032391,4831.962,2,1.000000,4,4,71.425659,1,0,0,0.074860,0.996507,-0.037013,-0.879967,0.083475,0.467643,0.001201,0.004095,0.000000,0.005193,0.000000,1,0.050000,7978.171387,21270.878906,3401.041016,-0.274758,-0.115094,72.396965,1,-0.072937,2527.202393,5531.619629,3995.072998,-0.087034,-0.087034,70.467384,1,0.049454,6515.057129,15868.543945,-316.970947,-0.202405,0.002004,70.766754,1,-0.080083,2299.894043,6294.703613,-183.019119,-0.080290,0.002345,60.123608,-45607.785156,19329.220703,20657.550781,-239.242065,-825.134766,42.637939,0.000000,0.000000,0.000000,0.000000,0.000000,0.000000,0.000000,0.005150,0.000000
386,6.433333,19.166626,0.015877,-61.491455,8.885664,-0.316860,20.167595,-2.692723,-2.364156,22.026360,4832.199,2,1.000000,4,4,71.434059,1,0,0,0.076195,0.996511,-0.034068,-0.897711,0.083430,0.432614,-0.001916,0.003977,0.000000,0.005150,0.000000,1,0.050000,7985.421387,21285.882812,3431.088867,-0.275008,-0.116424,72.415459,1,-0.072836,2536.020752,5543.879395,4018.746582,-0.087337,-0.087337,70.465965,1,0.049633,6548.577148,16227.454102,-400.898376,-0.206983,0.003158,70.791313,1,-0.079835,2329.781982,6457.783203,-125.904175,-0.082370,0.002071,60.128601,-46886.441406,19420.562500,19116.906250,-192.506226,76.305664,-71.947021,0.000000,0.000000,0.000000,0.000000,0.000000,0.000000,0.000000,0.005176,0.000000
387,6.450000,19.301636,0.015775,-61.149902,8.104223,-0.319305,20.486210,-2.732105,-2.362979,22.019798,4832.768,2,1.000000,4,4,71.438835,1,0,0,0.077447,0.996511,-0.031122,-0.914051,0.083435,0.396926,-0.004794,0.001923,0.000000,0.005176,0.000000,1,0.050000,7996.876953,21304.859375,3506.948730,-0.275403,-0.119268,72.430168,1,-0.072790,2529.103516,5529.500000,4006.760498,-0.087099,-0.087099,70.461067,1,0.049902,6570.972656,16403.779297,-425.669189,-0.209232,0.004001,70.828133,1,-0.079573,2340.382568,6520.366699,-92.144661,-0.083168,0.001738,60.125252,-47815.945312,19459.679688,17430.964844,-163.180420,350.709961,-92.541473,0.000000,0.000000,0.000000,0.000000,0.000000,0.000000,0.000000,0.005219,0.000000
388,6.466667,19.423462,0.015678,-60.803711,7.307291,-0.321225,20.776726,-2.771399,-2.357581,22.013653,4833.090,2,1.000000,4,4,71.439308,1,0,0,0.078619,0.996507,-0.028177,-0.928937,0.083487,0.360703,-0.007292,-0.000409,0.000000,0.005219,0.000000,1,0.050000,8007.256348,21320.365234,3584.529785,-0.275760,-0.122137,72.439049,1,-0.072822,2516.407959,5504.299316,3983.117920,-0.086662,-0.086662,70.453369,1,0.050000,7932.969727,22880.267578,-410.094879,-0.239895,0.004458,70.868568,1,-0.079329,2345.682861,6549.132812,-70.662964,-0.083535,0.001428,60.116974,-54428.109375,20812.810547,18165.107422,1599.188354,9089.208984,-642.145386,0.000000,0.000000,0.000000,0.000000,0.000000,0.000000,0.000000,0.005258,0.000000
389,6.483333,19.530151,0.015981,-60.452393,6.400156,-0.304871,21.079477,-2.808361,-2.217746,22.014050,4833.123,2,1.000000,4,4,71.436165,1,0,0,0.079738,0.996500,-0.025081,-0.941621,0.083555,0.326143,0.010147,-0.008103,0.000000,0.005258,0.000000,1,0.050000,8043.772949,21334.898438,4062.249268,-0.277018,-0.136928,72.442551,1,-0.072821,2521.323486,5579.898438,3899.717285,-0.086831,-0.086831,70.443756,1,0.049818,6499.774414,15694.993164,10.051682,-0.200191,0.002755,70.906731,1,-0.079845,2213.349121,5602.015625,-414.360657,-0.071454,0.002859,60.105556,-47526.343750,19258.796875,13707.472656,-599.079590,-4679.123047,354.806061,0.000000,0.000000,0.000000,0.000000,0.000000,0.000000,0.000000,0.005384,0.000000
390,6.500000,19.623657,0.016092,-60.097168,5.608050,-0.309382,21.307936,-2.846524,-2.289736,22.018599,4832.910,2,1.000000,4,4,71.406609,1,0,0,0.080684,0.996498,-0.021958,-0.953374,0.083582,0.289985,0.003724,-0.002935,0.000000,0.005384,0.000000,1,0.050000,8011.128906,21310.431641,3704.659912,-0.275893,-0.124705,72.409843,1,-0.072987,2490.584961,5480.571289,3896.576660,-0.085773,-0.085773,70.417267,1,0.049507,6470.045410,15019.316406,-103.630440,-0.191573,0.002223,70.883522,1,-0.080198,2226.657227,5864.851562,-118.802238,-0.074807,0.001515,60.144344,-47418.843750,19174.728516,11580.947266,-458.310669,-3643.245117,330.278381,0.000000,0.000000,0.000000,0.000000,0.000000,0.000000,0.000000,0.005268,0.000000
391,6.516667,19.703979,0.016034,-59.738770,4.817736,-0.315036,21.500952,-2.885620,-2.345789,22.020882,4830.910,2,1.000000,4,4,71.401329,1,0,0,0.081441,0.996501,-0.018805,-0.963984,0.083548,0.252498,-0.000993,0.002412,0.000000,0.005268,0.000000,1,0.050000,7990.004395,21288.777344,3490.386230,-0.275166,-0.117880,72.407715,1,-0.073007,2512.030518,5504.047363,3963.272705,-0.086511,-0.086511,70.408928,1,0.049502,6516.280273,15823.875977,-241.989136,-0.201835,0.002544,70.876923,1,-0.080150,2289.029785,6249.945801,-72.540268,-0.079719,0.001296,60.139957,-48994.406250,19311.544922,9816.669922,-276.284058,-1057.363281,41.896423,0.000000,0.000000,0.000000,0.000000,0.000000,0.000000,0.000000,0.005192,0.000000
392,6.533333,19.770630,0.015918,-59.377808,4.001163,-0.318915,21.664562,-2.924988,-2.362056,22.018923,4830.553,2,1.000000,4,4,71.405960,1,0,0,0.082076,0.996503,-0.015657,-0.973178,0.083523,0.214357,-0.004262,0.002607,0.000000,0.005192,0.000000,1,0.050000,7991.642090,21295.263672,3478.137207,-0.275222,-0.117851,72.420357,1,-0.072953,2525.047607,5526.506836,3992.215088,-0.086960,-0.086960,70.405769,1,0.049716,6556.588379,16224.245117,-293.538940,-0.206942,0.002989,70.890533,1,-0.079896,2328.528564,6447.956543,-23.038864,-0.082244,0.000924,60.128815,-49956.949219,19422.355469,8035.031250,-185.200806,-7.531250,-86.723526,0.000000,0.000000,0.000000,0.000000,0.000000,0.000000,0.000000,0.005199,0.000000
393,6.550000,19.823486,0.015792,-59.014404,3.168547,-0.321329,21.798479,-2.964357,-2.362169,22.016312,4830.866,2,1.000000,4,4,71.409454,1,0,0,0.082623,0.996502,-0.012526,-0.980861,0.083537,0.175878,-0.006699,0.000470,0.000000,0.005199,0.000000,1,0.050000,7999.751953,21309.349609,3527.415527,-0.275502,-0.119862,72.432541,1,-0.072933,2520.529053,5518.465332,3982.511719,-0.086804,-0.086804,70.400818,1,0.050000,7954.608398,22654.820312,-299.236237,-0.237387,0.003296,70.911674,1,-0.079597,2345.208740,6529.527344,-9.786617,-0.083285,0.000627,60.110439,-56618.214844,20834.048828,7449.969238,1724.544922,8825.166016,-295.675629,0.000000,0.000000,0.000000,0.000000,0.000000,0.000000,0.000000,0.005229,0.000000
394,6.566667,19.860474,0.016065,-58.649170,2.224910,-0.304674,21.922646,-3.001464,-2.226397,22.019196,4831.103,2,1.000000,4,4,71.410286,1,0,0,0.083079,0.996500,-0.009247,-0.986707,0.083556,0.139386,0.012303,-0.003128,0.000000,0.005229,0.000000,1,0.050000,8034.975586,21323.830078,3992.834961,-0.276715,-0.134364,72.441032,1,-0.072862,2530.689209,5605.474121,3907.255127,-0.087154,-0.087154,70.394211,1,0.049607,6460.902832,15497.236328,92.671967,-0.197669,0.001634,70.933647,1,-0.080056,2215.168213,5607.609863,-361.923950,-0.071526,0.002108,60.090130,-49061.753906,19219.609375,4367.121094,-722.308472,-4816.880859,211.066895,0.000000,0.000000,0.000000,0.000000,0.000000,0.000000,0.000000,0.005351,0.000000
395,6.583333,19.883911,0.016142,-58.282593,1.407214,-0.309715,21.995430,-3.039805,-2.300505,22.025286,4831.159,2,1.000000,4,4,71.384964,1,0,0,0.083368,0.996501,-0.005986,-0.991325,0.083545,0.101466,0.004192,0.000160,0.000000,0.005351,0.000000,1,0.050000,8003.066406,21300.978516,3631.269287,-0.275616,-0.122140,72.413902,1,-0.072964,2500.934570,5508.326172,3905.754150,-0.086129,-0.086129,70.370644,1,0.049314,6466.307617,15065.120117,-51.724777,-0.192157,0.001272,70.898369,1,-0.080332,2233.894287,5903.010254,-150.358307,-0.075293,0.001918,60.121258,-48842.125000,19185.648438,2219.293213,-498.596680,-3430.266602,195.893402,0.000000,0.000000,0.000000,0.000000,0.000000,0.000000,0.000000,0.005239,0.000000
396,6.600000,19.893799,0.016064,-57.915405,0.593178,-0.315233,22.032417,-3.079027,-2.353281,22.027115,4829.446,2,1.000000,4,4,71.384064,1,0,0,0.083478,0.996506,-0.002736,-0.994546,0.083486,0.062515,-0.001348,0.003689,0.000000,0.005239,0.000000,1,0.050000,7985.734863,21293.353516,3445.375000,-0.275131,-0.116253,72.417603,1,-0.072933,2522.349365,5532.668457,3971.191406,-0.086867,-0.086867,70.365273,1,0.049323,6512.582520,15850.874023,-201.549347,-0.202180,0.001754,70.884186,1,-0.080231,2294.515137,6277.394043,-127.187035,-0.080069,0.001808,60.121483,-50043.878906,19323.296875,160.217560,-268.784790,-965.737305,-46.277401,0.000000,0.000000,0.000000,0.000000,0.000000,0.000000,0.000000,0.005176,0.000000
397,6.616667,19.889771,0.015941,-57.548218,-0.240886,-0.318961,22.035088,-3.118495,-2.368138,22.024351,4829.385,2,1.000000,4,4,71.391243,1,0,0,0.083480,0.996509,0.000485,-0.996242,0.083447,0.023217,-0.004507,0.002549,0.000000,0.005176,0.000000,1,0.050000,7989.905762,21295.638672,3446.624756,-0.275163,-0.116736,72.433716,1,-0.072848,2533.105957,5550.304199,3996.414307,-0.087237,-0.087237,70.363770,1,0.049540,6551.376465,16244.451172,-267.129608,-0.207200,0.002368,70.891884,1,-0.079953,2330.475098,6463.508789,-77.950874,-0.082443,0.001506,60.118320,-50620.277344,19427.337891,-1783.839966,-161.397583,51.709961,-141.498184,0.000000,0.000000,0.000000,0.000000,0.000000,0.000000,0.000000,0.005193,0.000000
398,6.633333,19.871704,0.015814,-57.181396,-1.084558,-0.321313,22.005358,3.125234,-2.367339,22.020842,4829.871,2,1.000000,4,4,71.396622,1,0,0,0.083406,0.996509,0.003670,-0.996382,0.083454,-0.016108,-0.006458,-0.000448,0.000000,0.005193,0.000000,1,0.050000,7999.500000,21311.654297,3509.286377,-0.275493,-0.119193,72.448410,1,-0.072814,2526.691895,5538.242676,3983.526611,-0.087016,-0.087016,70.360100,1,0.049859,6577.050781,16433.300781,-283.216309,-0.209608,0.002830,70.909164,1,-0.079647,2344.549316,6537.426270,-60.524632,-0.083386,0.001234,60.107967,-50794.960938,19472.835938,-3728.424316,-112.156494,351.558594,-154.866257,0.000000,0.000000,0.000000,0.000000,0.000000,0.000000,0.000000,0.005229,0.000000
399,6.650000,19.839478,0.015694,-56.815674,-1.931140,-0.323055,21.943218,3.085869,-2.361928,22.017366,4830.234,2,1.000000,4,4,71.398643,1,0,0,0.083260,0.996505,0.006822,-0.994970,0.083511,-0.055319,-0.007789,-0.003673,0.000000,0.005229,0.000000,1,0.050000,8008.866211,21326.054688,3576.897461,-0.275816,-0.121787,72.458427,1,-0.072852,2514.321777,5515.013672,3958.617188,-0.086590,-0.086590,70.354355,1,0.050000,7955.564941,22925.800781,-218.729401,-0.240347,0.002790,70.928795,1,-0.079355,2352.181885,6573.748535,-59.152061,-0.083849,0.001056,60.095070,-57145.648438,20842.792969,-5780.124512,1745.359741,9082.781250,80.976074,0.000000,0.000000,0.000000,0.000000,0.000000,0.000000,0.000000,0.005264,0.000000
400,6.666667,19.791504,0.015976,-56.451660,-2.883568,-0.306297,21.846882,3.048832,-2.222192,22.020720,4830.372,2,1.000000,4,4,71.397797,1,0,0,0.083003,0.996498,0.010093,-0.992235,0.083581,-0.092107,0.011531,-0.003394,0.000000,0.005264,0.000000,1,0.050000,8044.689453,21340.380859,4046.635742,-0.277049,-0.136358,72.463982,1,-0.072855,2519.584961,5592.379883,3873.558350,-0.086771,-0.086771,70.347298,1,0.049873,6509.968262,15729.041992,143.040619,-0.200626,0.001077,70.939003,1,-0.079830,2219.977783,5628.848633,-423.611816,-0.071797,0.002669,60.081970,-49007.105469,19277.810547,-7082.473145,-671.235840,-4663.550781,73.895615,0.000000,0.000000,0.000000,0.000000,0.000000,0.000000,0.000000,0.005387,0.000000
401,6.683333,19.729858,0.016072,-56.089478,-3.700353,-0.310554,21.728840,3.010599,-2.293941,22.026707,4830.314,2,1.000000,4,4,71.371170,1,0,0,0.082579,0.996495,0.013321,-0.987988,0.083611,-0.129960,0.003788,-0.001391,0.000000,0.005387,0.000000,1,0.050000,8012.394531,21316.607422,3689.043701,-0.275937,-0.124169,72.434044,1,-0.073023,2489.076660,5494.472656,3869.882568,-0.085721,-0.085721,70.323891,1,0.049600,6478.789062,15067.416016,1.753082,-0.192186,0.000669,70.896370,1,-0.080150,2233.235352,5892.461426,-181.802795,-0.075159,0.002319,60.122108,-48040.710938,19192.060547,-9064.458984,-524.965698,-3634.833984,110.020981,0.000000,0.000000,0.000000,0.000000,0.000000,0.000000,0.000000,0.005272,0.000000
402,6.700000,19.654785,0.016006,-55.729858,-4.501031,-0.315978,21.577766,2.971435,-2.349865,22.029030,4828.513,2,1.000000,4,4,71.368851,1,0,0,0.081970,0.996498,0.016504,-0.982143,0.083581,-0.168548,-0.002382,0.001473,0.000000,0.005272,0.000000,1,0.050000,7992.250000,21296.583984,3480.244385,-0.275243,-0.117523,72.434731,1,-0.073045,2510.497803,5517.384766,3937.564453,-0.086458,-0.086458,70.318657,1,0.049621,6524.141602,15872.756836,-163.532654,-0.202459,0.001195,70.874374,1,-0.080082,2294.280273,6274.062500,-169.179764,-0.080026,0.002259,60.126926,-48738.109375,19326.828125,-11383.008789,-238.742554,-1062.449219,-76.033722,0.000000,0.000000,0.000000,0.000000,0.000000,0.000000,0.000000,0.005200,0.000000
403,6.716667,19.566284,0.015890,-55.373413,-5.313334,-0.319654,21.388050,2.931998,-2.366210,22.026173,4828.356,2,1.000000,4,4,71.375999,1,0,0,0.081253,0.996500,0.019639,-0.974735,0.083561,-0.207147,-0.005090,0.000261,0.000000,0.005200,0.000000,1,0.050000,7994.929688,21304.781250,3474.927002,-0.275336,-0.117706,72.449669,1,-0.072995,2523.169189,5538.290527,3967.148926,-0.086895,-0.086895,70.318245,1,0.049848,6562.884766,16271.451172,-242.660645,-0.207544,0.001900,70.876526,1,-0.079824,2331.618164,6466.295410,-110.880096,-0.082478,0.001946,60.129898,-48868.054688,19433.630859,-13419.961914,-110.112671,-6.460938,-151.752258,0.000000,0.000000,0.000000,0.000000,0.000000,0.000000,0.000000,0.005211,0.000000
404,6.733333,19.464111,0.015769,-55.020630,-6.127801,-0.321918,21.164385,2.892560,-2.366307,22.022442,4828.839,2,1.000000,4,4,71.381493,1,0,0,0.080462,0.996499,0.022726,-0.965805,0.083580,-0.245426,-0.006165,-0.002652,0.000000,0.005211,0.000000,1,0.050000,8003.912109,21320.000000,3531.850830,-0.275645,-0.119968,72.463516,1,-0.072981,2518.121582,5528.133789,3957.924072,-0.086721,-0.086721,70.315628,1,0.050000,7937.827637,22727.878906,-272.001373,-0.238112,0.002483,70.890236,1,-0.079533,2346.101074,6542.626953,-83.171684,-0.083452,0.001617,60.124355,-54709.199219,20819.476562,-16718.654297,1687.292480,8879.741211,422.006042,0.000000,0.000000,0.000000,0.000000,0.000000,0.000000,0.000000,0.005244,0.000000
405,6.750000,19.346802,0.016049,-54.672607,-7.039621,-0.305468,20.885740,2.855398,-2.229695,22.024197,4829.211,2,1.000000,4,4,71.383774,1,0,0,0.079533,0.996495,0.025908,-0.956023,0.083611,-0.281122,0.012609,0.001512,0.000000,0.005244,0.000000,1,0.050000,8040.730957,21336.810547,4007.932373,-0.276913,-0.134798,72.472984,1,-0.072922,2526.721924,5610.919922,3880.631348,-0.087017,-0.087017,70.310928,1,0.049749,6487.073730,15555.154297,100.035950,-0.198408,0.001088,70.908226,1,-0.080002,2215.458740,5620.532227,-419.820984,-0.071690,0.003005,60.114765,-46537.746094,19251.751953,-16398.509766,-700.808716,-4774.780273,-72.099854,0.000000,0.000000,0.000000,0.000000,0.000000,0.000000,0.000000,0.005371,0.000000
406,6.766667,19.216553,0.016140,-54.328979,-7.815250,-0.310075,20.612432,2.817012,-2.303155,22.029221,4829.365,2,1.000000,4,4,71.359322,1,0,0,0.078450,0.996496,0.029012,-0.944533,0.083605,-0.317598,0.004322,0.001743,0.000000,0.005371,0.000000,1,0.050000,8008.741211,21312.843750,3652.783691,-0.275811,-0.122787,72.446030,1,-0.073034,2497.286865,5513.933105,3880.748535,-0.086004,-0.086004,70.288918,1,0.049433,6466.762695,15092.107422,-62.018280,-0.192501,0.000977,70.871872,1,-0.080308,2230.102783,5901.993652,-104.770157,-0.075281,0.001336,60.154350,-45431.832031,19182.320312,-18165.632812,-546.762207,-3365.461914,-23.770172,0.000000,0.000000,0.000000,0.000000,0.000000,0.000000,0.000000,0.005259,0.000000
407,6.783333,19.073730,0.016072,-53.990601,-8.572447,-0.315635,20.309671,2.777763,-2.354935,22.031487,4827.711,2,1.000000,4,4,71.358749,1,0,0,0.077205,0.996501,0.032029,-0.931347,0.083549,-0.354419,-0.002334,0.002775,0.000000,0.005259,0.000000,1,0.050000,7990.189941,21302.183594,3468.256592,-0.275289,-0.116954,72.449272,1,-0.073011,2518.537598,5538.810059,3944.906982,-0.086735,-0.086735,70.284637,1,0.049422,6512.759766,15867.829102,-226.560242,-0.202396,0.001687,70.859192,1,-0.080231,2290.781006,6271.987793,-60.623207,-0.080000,0.001127,60.147915,-45660.863281,19318.656250,-20527.980469,-242.390259,-914.761719,-152.990753,0.000000,0.000000,0.000000,0.000000,0.000000,0.000000,0.000000,0.005193,0.000000
408,6.800000,18.918213,0.015954,-53.657715,-9.333461,-0.319423,19.967539,2.738280,-2.369007,22.029240,4827.672,2,1.000000,4,4,71.366241,1,0,0,0.075875,0.996504,0.034969,-0.916631,0.083511,-0.390913,-0.004948,0.000483,0.000000,0.005193,0.000000,1,0.050000,7993.457520,21301.509766,3470.284180,-0.275285,-0.117494,72.464882,1,-0.072932,2529.472168,5557.574707,3969.440674,-0.087112,-0.087112,70.284256,1,0.049626,6552.215332,16258.812500,-305.475403,-0.207383,0.002507,70.870544,1,-0.079967,2327.819092,6459.855957,-19.876827,-0.082396,0.000803,60.135033,-45372.105469,19424.359375,-22556.996094,-95.504639,105.049805,-193.306396,0.000000,0.000000,0.000000,0.000000,0.000000,0.000000,0.000000,0.005205,0.000000
409,6.816667,18.750122,0.015830,-53.331177,-10.089663,-0.321813,19.591589,2.698823,-2.367388,22.025873,4828.179,2,1.000000,4,4,71.371925,1,0,0,0.074488,0.996504,0.037843,-0.900494,0.083518,-0.426774,-0.005580,-0.002986,0.000000,0.005205,0.000000,1,0.050000,8002.528320,21315.939453,3533.512451,-0.275597,-0.119992,72.479050,1,-0.072898,2523.767334,5547.318359,3957.296387,-0.086915,-0.086915,70.281715,1,0.049937,6578.377930,16443.013672,-331.180237,-0.209732,0.003145,70.893425,1,-0.079669,2342.776855,6533.963867,-13.161142,-0.083341,0.000567,60.116196,-44715.761719,19471.974609,-24416.849609,-39.020996,390.606445,-182.746765,0.000000,0.000000,0.000000,0.000000,0.000000,0.000000,0.000000,0.005239,0.000000
410,6.833333,18.569580,0.015711,-53.011475,-10.834926,-0.323566,19.184641,2.659467,-2.361376,22.022217,4828.564,2,1.000000,4,4,71.374168,1,0,0,0.073049,0.996499,0.040655,-0.882996,0.083572,-0.461882,-0.005487,-0.006380,0.000000,0.005239,0.000000,1,0.050000,8011.616699,21329.158203,3603.183838,-0.275910,-0.122648,72.488449,1,-0.072934,2512.023682,5525.335938,3933.506836,-0.086511,-0.086511,70.277023,1,0.050000,7944.686523,22936.212891,-322.266998,-0.240474,0.003503,70.920059,1,-0.079380,2350.718506,6569.574219,-23.496534,-0.083796,0.000468,60.096378,-49621.937500,20830.859375,-28970.072266,1552.110229,9140.219727,785.944397,0.000000,0.000000,0.000000,0.000000,0.000000,0.000000,0.000000,0.005274,0.000000
411,6.850000,18.375244,0.015995,-52.699707,-11.661958,-0.306971,18.701807,2.622454,-2.220757,22.024323,4828.715,2,1.000000,4,4,71.373329,1,0,0,0.071462,0.996493,0.043529,-0.865302,0.083643,-0.494223,0.011977,0.001704,0.000000,0.005274,0.000000,1,0.050000,8048.422852,21344.238281,4080.262939,-0.277178,-0.137440,72.493141,1,-0.072935,2517.315674,5602.178711,3848.562500,-0.086693,-0.086693,70.270813,1,0.049943,6522.855957,15738.732422,86.674179,-0.200749,0.001792,70.945396,1,-0.079857,2218.951660,5623.067871,-398.879395,-0.071723,0.002183,60.078072,-41692.367188,19293.466797,-26750.351562,-630.157104,-4661.281250,-188.486755,0.000000,0.000000,0.000000,0.000000,0.000000,0.000000,0.000000,0.005400,0.000000
412,6.866667,18.169189,0.016095,-52.395508,-12.356831,-0.311016,18.255968,2.584247,-2.292471,22.029799,4828.659,2,1.000000,4,4,71.346214,1,0,0,0.069734,0.996491,0.046296,-0.845793,0.083668,-0.526910,0.004174,0.000689,0.000000,0.005400,0.000000,1,0.050000,8015.367676,21319.251953,3720.716309,-0.276039,-0.125175,72.461716,1,-0.073099,2487.233643,5504.791504,3846.508301,-0.085657,-0.085657,70.247887,1,0.049654,6478.090820,15052.791016,-43.439774,-0.192000,0.001333,70.910995,1,-0.080186,2230.614502,5880.611816,-215.803604,-0.075008,0.002753,60.114597,-39941.375000,19189.177734,-28179.859375,-526.532837,-3730.238281,-110.294250,0.000000,0.000000,0.000000,0.000000,0.000000,0.000000,0.000000,0.005283,0.000000
413,6.883333,17.952271,0.016031,-52.099121,-13.022520,-0.316477,17.786304,2.545082,-2.349863,22.030836,4826.824,2,1.000000,4,4,71.343430,1,0,0,0.067855,0.996494,0.048946,-0.824515,0.083632,-0.559626,-0.002698,0.000882,0.000000,0.005283,0.000000,1,0.050000,7995.207031,21299.679688,3510.666504,-0.275345,-0.118464,72.460991,1,-0.073112,2509.714600,5528.790527,3917.877197,-0.086431,-0.086431,70.243103,1,0.049659,6522.937500,15868.442383,-196.122223,-0.202404,0.001767,70.895599,1,-0.080124,2292.064941,6267.360352,-211.204269,-0.079941,0.002731,60.124382,-39633.714844,19325.181641,-30581.792969,-188.031128,-1141.860352,-167.315918,0.000000,0.000000,0.000000,0.000000,0.000000,0.000000,0.000000,0.005211,0.000000
414,6.900000,17.724121,0.015917,-51.811157,-13.683082,-0.320175,17.276608,2.505625,-2.367430,22.026821,4826.636,2,1.000000,4,4,71.349945,1,0,0,0.065894,0.996497,0.051507,-0.801796,0.083605,-0.591722,-0.004696,-0.001320,0.000000,0.005211,0.000000,1,0.050000,7997.839844,21308.332031,3501.869629,-0.275436,-0.118523,72.474449,1,-0.073051,2522.850586,5549.379883,3950.138672,-0.086884,-0.086884,70.242889,1,0.049870,6561.234375,16278.347656,-262.692200,-0.207632,0.002355,70.902512,1,-0.079870,2329.395508,6463.321777,-143.441147,-0.082440,0.002396,60.133495,-38930.949219,19432.021484,-32480.625000,-39.093262,-44.991211,-183.743896,0.000000,0.000000,0.000000,0.000000,0.000000,0.000000,0.000000,0.005222,0.000000
415,6.916667,17.485229,0.015798,-51.532227,-14.331931,-0.322460,16.735264,2.466156,-2.368119,22.022295,4827.077,2,1.000000,4,4,71.354866,1,0,0,0.063885,0.996496,0.053994,-0.777816,0.083617,-0.622904,-0.004493,-0.004410,0.000000,0.005222,0.000000,1,0.050000,8007.001953,21323.945312,3558.997559,-0.275751,-0.120780,72.486977,1,-0.073026,2518.275146,5539.326660,3942.958740,-0.086726,-0.086726,70.240440,1,0.050000,7933.403809,22745.355469,-278.507416,-0.238250,0.002799,70.919144,1,-0.079584,2343.825439,6540.955078,-103.900414,-0.083431,0.001999,60.132710,-42908.765625,20816.246094,-37886.785156,1357.695312,8857.649414,1074.219971,0.000000,0.000000,0.000000,0.000000,0.000000,0.000000,0.000000,0.005256,0.000000
416,6.933333,17.234497,0.016080,-51.263794,-15.047077,-0.306056,16.103817,2.428959,-2.231847,22.023724,4827.410,2,1.000000,4,4,71.356422,1,0,0,0.061713,0.996493,0.056510,-0.754123,0.083643,-0.651385,0.010855,0.007033,0.000000,0.005256,0.000000,1,0.050000,8043.874512,21340.443359,4034.479980,-0.277021,-0.135556,72.495003,1,-0.072960,2526.768066,5621.346680,3865.732178,-0.087019,-0.087019,70.235718,1,0.049744,6486.073242,15564.666992,106.753563,-0.198529,0.001255,70.938087,1,-0.080056,2213.158691,5622.816895,-428.680725,-0.071720,0.003286,60.126148,-35610.582031,19251.628906,-34194.601562,-611.702026,-4801.364258,-362.836304,0.000000,0.000000,0.000000,0.000000,0.000000,0.000000,0.000000,0.005383,0.000000
417,6.950000,16.973755,0.016172,-51.004883,-15.640587,-0.310665,15.533907,2.390530,-2.305717,22.028822,4827.515,2,1.000000,4,4,71.331284,1,0,0,0.059434,0.996494,0.058891,-0.728546,0.083632,-0.679872,0.003195,0.003706,0.000000,0.005383,0.000000,1,0.050000,8011.847656,21317.267578,3676.538818,-0.275918,-0.123473,72.466637,1,-0.073065,2497.187744,5523.855957,3866.144287,-0.086000,-0.086000,70.213722,1,0.049418,6464.892578,15116.030273,-45.450130,-0.192807,0.001004,70.900757,1,-0.080365,2227.852783,5905.041504,-69.424149,-0.075319,0.000886,60.167027,-33915.683594,19181.027344,-35319.128906,-494.361023,-3335.664062,-263.536194,0.000000,0.000000,0.000000,0.000000,0.000000,0.000000,0.000000,0.005270,0.000000
418,6.966667,16.703613,0.016104,-50.755737,-16.205849,-0.316242,14.945255,2.351247,-2.357038,22.032013,4825.814,2,1.000000,4,4,71.330193,1,0,0,0.057049,0.996498,0.061125,-0.701285,0.083574,-0.707965,-0.003317,0.001657,0.000000,0.005270,0.000000,1,0.050000,7993.145508,21308.177734,3488.834473,-0.275407,-0.117572,72.468712,1,-0.073041,2517.702393,5548.251465,3927.715332,-0.086707,-0.086707,70.209557,1,0.049404,6511.722168,15890.809570,-205.717484,-0.202689,0.001605,70.885658,1,-0.080288,2288.896240,6274.690430,-12.963047,-0.080034,0.000618,60.155430,-33151.734375,19317.789062,-37558.687500,-164.005554,-869.711914,-250.054077,0.000000,0.000000,0.000000,0.000000,0.000000,0.000000,0.000000,0.005203,0.000000
419,6.983333,16.424316,0.015983,-50.517090,-16.758377,-0.320041,14.319277,2.311740,-2.370417,22.030859,4825.740,2,1.000000,4,4,71.337563,1,0,0,0.054619,0.996502,0.063251,-0.672773,0.083535,-0.735118,-0.004803,-0.001652,0.000000,0.005203,0.000000,1,0.050000,7995.782227,21305.115234,3487.163574,-0.275365,-0.118022,72.483574,1,-0.072963,2528.351318,5567.262695,3950.614258,-0.087073,-0.087073,70.209671,1,0.049611,6552.079102,16275.023438,-281.127960,-0.207590,0.002341,70.893967,1,-0.080021,2326.566406,6461.439453,19.543152,-0.082416,0.000296,60.135586,-32034.529297,19424.341797,-39287.691406,-11.078857,122.040039,-223.749756,0.000000,0.000000,0.000000,0.000000,0.000000,0.000000,0.000000,0.005213,0.000000
420,7.000000,16.136108,0.015965,-50.289429,-17.292286,-0.322431,13.664482,2.272264,-2.368536,22.028416,4826.239,2,0.897638,4,4,71.343483,1,0,0,0.052168,0.996502,0.065293,-0.643230,0.083543,-0.761102,-0.003971,-0.005186,0.000000,0.005213,0.000000,1,0.050000,8006.995117,23403.343750,3755.853271,-0.302332,-0.099847,72.497383,1,-0.073128,2486.104248,5223.176758,4216.139648,-0.085618,-0.085618,70.207954,1,0.049931,6579.627930,16829.595703,-286.857117,-0.214663,0.002830,70.913292,1,-0.079717,2342.004883,6622.352539,35.863953,-0.084469,0.000016,60.110992,-32885.261719,19433.259766,-41923.414062,370.934204,2137.082031,-222.539734,0.000000,0.000000,0.000000,0.000000,0.000000,0.000000,0.000000,0.005356,0.000000
421,7.016667,15.838745,0.016046,-50.073242,-17.840374,-0.324790,12.965758,2.233336,-2.335650,22.042101,4826.640,2,0.803150,4,4,71.313576,1,0,0,0.049759,0.996489,0.067330,-0.613108,0.083693,-0.785553,0.003167,-0.010429,0.000000,0.005356,0.000000,1,0.050000,8052.334473,23289.460938,6415.748535,-0.306037,-0.084307,72.474716,1,-0.073466,2448.770508,5252.709473,4930.064941,-0.091887,-0.091887,70.171036,1,0.050000,7960.271484,23522.140625,-66.397148,-0.246349,0.000847,70.933456,1,-0.079642,2309.697510,6502.004395,-88.684677,-0.082934,0.000430,60.084015,-39367.316406,20766.048828,-46373.164062,1179.339111,10215.744141,966.014221,0.000000,0.000000,0.000000,0.000000,0.000000,0.000000,0.000000,0.005494,0.000000
422,7.033333,15.530518,0.016540,-49.869995,-18.496496,-0.309237,12.192872,2.197028,-2.178478,22.133493,4824.616,2,0.700787,4,4,71.057655,1,0,0,0.047311,0.996466,0.069409,-0.584186,0.083966,-0.807265,0.019057,-0.002055,0.000000,0.005494,0.000000,1,0.050000,8099.976562,22000.421875,4595.489746,-0.280618,-0.058616,72.189758,1,-0.073988,2403.779053,5045.775879,5152.041016,-0.089442,-0.091326,69.943306,1,0.049882,6511.639648,16200.362305,56.677177,-0.206637,0.000264,70.921417,1,-0.080434,2152.340576,5450.138184,-836.606812,-0.069517,0.004231,60.075230,-30871.322266,19124.406250,-39919.359375,-527.549988,2316.819336,-340.334106,0.000000,0.000000,0.000000,0.000000,0.000000,0.000000,0.000000,0.005649,0.000000
423,7.050000,15.213623,0.016814,-49.677979,-19.011019,-0.315552,11.527550,2.161313,-2.142839,22.210682,4807.302,2,0.614173,4,4,70.909744,1,0,0,0.044878,0.996449,0.071246,-0.554982,0.084168,-0.827593,0.011471,-0.004758,0.000000,0.005649,0.000000,1,0.050000,8076.700684,18837.527344,2608.444824,-0.240275,-0.033271,72.048828,1,-0.074596,2370.931885,4612.568359,5414.431641,-0.075105,-0.088162,69.788673,1,0.049583,6474.202637,14306.267578,-94.189148,-0.182478,0.000612,70.891396,1,-0.081051,2158.651367,5362.133301,-1370.155518,-0.068395,0.009148,60.175694,-25523.240234,19034.191406,-36428.496094,-1018.561279,6505.754883,304.212341,0.000000,0.000000,0.000000,0.000000,0.000000,0.000000,0.000000,0.005532,0.000000
424,7.066667,14.889648,0.016758,-49.495972,-19.436405,-0.322935,10.920408,2.127267,-2.042770,22.272717,4797.296,2,0.519685,4,4,70.877930,1,0,0,0.042359,0.996461,0.072602,-0.526496,0.084022,-0.846016,-0.007728,0.004190,0.000000,0.005532,0.000000,1,0.050000,8024.599609,15673.982422,2499.012207,-0.199923,-0.031875,72.063614,1,-0.074737,2437.147461,3894.167725,6188.105469,-0.055458,-0.088126,69.711754,1,0.049340,6474.870117,13975.889648,-65.685822,-0.178264,0.000696,70.883415,1,-0.081069,2248.984375,5430.224121,-2027.348022,-0.069263,0.015351,60.354095,-23507.460938,19176.052734,-32993.605469,-1348.662354,11026.636719,449.834564,0.000000,0.000000,0.000000,0.000000,0.000000,0.000000,0.000000,0.005327,0.000000
425,7.083333,14.559204,0.016283,-49.323120,-19.828196,-0.328311,10.370515,2.096050,-1.873155,22.356112,4795.143,2,0.433071,4,4,70.801712,1,0,0,0.039809,0.996513,0.073327,-0.499854,0.083404,-0.862085,-0.033588,0.016405,0.000000,0.005327,0.000000,1,0.050000,7940.936035,12511.123047,3383.388184,-0.159581,-0.036062,72.048019,1,-0.074222,2553.560303,2737.092773,6891.038574,-0.034912,-0.087896,69.576965,1,0.049098,6467.096680,12974.015625,86.337868,-0.165485,0.000029,70.871269,1,-0.080347,2384.964600,5333.583496,-2942.788086,-0.068030,0.023585,60.628494,-21690.279297,19382.724609,-28073.316406,-1822.099243,13024.669922,463.926605,0.000000,0.000000,0.000000,0.000000,0.000000,0.000000,0.000000,0.004997,0.000000
426,7.100000,14.222778,0.015265,-49.158081,-20.189701,-0.330768,9.902626,2.068172,-1.672808,22.468899,4789.987,2,0.346457,4,4,70.619370,1,0,0,0.037258,0.996616,0.073268,-0.475668,0.082167,-0.875779,-0.068270,0.030516,0.000000,0.004997,0.000000,1,0.050000,7806.599609,9353.828125,3779.214844,-0.119309,-0.040569,71.921234,1,-0.072887,2721.686523,859.346680,6730.631348,-0.010961,-0.085850,69.341064,1,0.048846,6457.395508,11684.992188,243.997467,-0.149043,-0.001137,70.836922,1,-0.078668,2584.989502,5181.946289,-4054.080322,-0.066096,0.034025,61.036613,-18117.011719,19664.601562,-22576.656250,-2216.144531,15111.799805,734.048218,0.000000,0.000000,0.000000,0.000000,0.000000,0.000000,0.000000,0.004495,0.000000
427,7.116667,13.881104,0.013623,-48.999390,-20.491652,-0.329305,9.526348,2.044171,-1.440359,22.581911,4777.651,2,0.259843,4,4,70.421875,1,0,0,0.034686,0.996781,0.072278,-0.454574,0.080143,-0.887096,-0.111527,0.049642,0.000000,0.004495,0.000000,1,0.050000,7629.541992,8781.873047,4300.478516,-0.116601,-0.045871,71.769539,1,-0.070447,2969.266113,36.754639,6467.947754,-0.007066,-0.082499,69.099518,1,0.048514,6434.334961,10131.319336,495.178955,-0.129226,-0.003059,70.779541,1,-0.075842,2851.586426,4923.439941,-5241.497559,-0.062799,0.046211,61.607059,-15781.476562,20049.648438,-19983.433594,-2042.221069,12005.978516,789.482056,0.000000,0.000000,0.000000,0.000000,0.000000,0.000000,0.000000,0.003846,0.000000
428,7.133333,13.535156,0.011438,-48.846069,-20.754677,-0.322679,9.193291,2.023248,-1.255687,22.685938,4764.290,2,0.188976,4,4,70.207718,1,0,0,0.032055,0.997000,0.070450,-0.435999,0.077374,-0.896615,-0.152092,0.068465,0.000000,0.003846,0.000000,1,0.050000,7450.714355,7302.701172,3658.542969,-0.107895,-0.046665,71.587585,1,-0.066816,3268.510986,-1488.926514,6117.991699,0.002606,-0.078036,68.854446,1,0.048128,6413.716797,8858.561523,663.697998,-0.112992,-0.005066,70.685471,1,-0.071906,3148.676025,4719.756348,-4267.827637,-0.060201,0.054437,62.350952,-13782.448242,20519.875000,-15683.429688,-2029.452759,14076.409180,811.669006,0.000000,0.000000,0.000000,0.000000,0.000000,0.000000,0.000000,0.003193,0.000000
429,7.150000,13.185425,0.008742,-48.697144,-20.984385,-0.309701,8.931900,2.005936,-1.039160,22.794550,4749.801,2,0.110236,4,4,70.060760,1,0,0,0.029409,0.997267,0.067781,-0.420513,0.073862,-0.904275,-0.192606,0.087182,0.000000,0.003193,0.000000,1,0.050000,7247.134277,5203.248047,5003.665039,-0.092481,-0.053034,71.478966,1,-0.062088,3589.724365,-3590.028564,5453.188965,0.018636,-0.069556,68.670700,1,0.047560,6367.343262,7112.760742,876.205322,-0.090724,-0.007334,70.566788,1,-0.066995,3457.038086,4136.586914,-5051.735352,-0.052763,0.064435,62.952621,-11044.139648,20961.093750,-9563.719727,-2195.721924,12950.250000,910.940796,0.000000,0.000000,0.000000,0.000000,0.000000,0.000000,0.000000,0.002466,0.000000
430,7.166667,12.832642,0.005500,-48.550903,-21.168453,-0.290713,8.772505,1.991945,-0.839961,22.905544,4739.859,2,0.047244,4,4,69.868698,1,0,0,0.026697,0.997577,0.064239,-0.407940,0.069539,-0.910357,-0.236705,0.107570,0.000000,0.002466,0.000000,1,0.050000,7003.319336,3134.914551,4152.612793,-0.072996,-0.052967,71.290543,1,-0.056218,3954.643555,-5633.988281,4466.555176,0.038392,-0.056971,68.475212,1,0.046714,6297.479980,5777.198730,1014.759033,-0.073689,-0.009416,70.417061,1,-0.061105,3798.069092,3680.176514,-5660.372070,-0.046941,0.072199,63.668797,-6353.579590,21413.326172,-4956.385742,-2037.109619,13660.357422,1219.426147,0.000000,0.000000,0.000000,0.000000,0.000000,0.000000,0.000000,0.001604,0.000000
431,7.183333,12.478149,0.001804,-48.406128,-21.274345,-0.265658,8.689898,1.981457,-0.629837,22.975168,4726.865,2,0.000000,4,4,69.800438,1,0,0,0.023864,0.997921,0.059865,-0.398506,0.064414,-0.914901,-0.278973,0.131183,0.000000,0.001604,0.000000,1,0.050000,6753.162109,1376.892578,5861.129883,-0.052420,-0.061056,71.226158,1,-0.049107,4375.531250,-7355.917969,3479.641846,0.058968,-0.044383,68.403252,1,0.045531,6207.867188,4365.447754,1288.741943,-0.055682,-0.012023,70.247093,1,-0.054308,4157.962402,3042.923584,-5940.780273,-0.038813,0.075775,64.473877,-4625.051758,21913.320312,462.116699,-1897.225098,11507.820312,1066.981934,0.000000,0.000000,0.000000,0.000000,0.000000,0.000000,0.000000,0.000731,0.000000
432,7.200000,12.122192,-0.002094,-48.261108,-21.351429,-0.233883,8.697600,1.973922,-0.452827,23.052380,4722.247,2,0.000000,4,4,69.684044,1,0,0,0.020902,0.998282,0.054744,-0.391744,0.058555,-0.918209,-0.317989,0.152079,0.000000,0.000731,0.000000,1,0.049781,6492.846680,1045.380859,4743.710449,-0.037912,-0.060507,71.067451,1,-0.040944,4801.673828,-7687.006836,2052.675781,0.073474,-0.026182,68.327568,1,0.043990,6102.916992,3337.925293,1440.021851,-0.042576,-0.014378,70.037109,1,-0.046736,4522.937012,2547.161621,-5967.899902,-0.032489,0.076121,65.319916,-1543.564941,22379.529297,1485.806641,-1125.023438,9137.798828,1126.692871,0.000000,0.000000,0.000000,0.000000,0.000000,0.000000,0.000000,0.000000,0.000000
433,7.216667,11.765991,-0.005352,-48.115723,-21.377155,-0.195474,8.722363,1.968734,-0.312273,23.087297,4714.373,2,0.000000,4,4,69.738564,1,0,0,0.017798,0.998634,0.049117,-0.387116,0.052176,-0.920553,-0.344224,0.170264,0.000000,0.000000,0.000000,1,0.048700,6326.768555,968.899536,5286.005371,-0.028427,-0.067424,71.077805,1,-0.032112,5191.926758,-4474.318848,1286.335693,0.057070,-0.016407,68.424553,1,0.041945,5959.698730,2631.017334,1599.725342,-0.033559,-0.016615,69.805023,1,-0.038867,4824.873047,2174.037354,-5285.946289,-0.027730,0.067423,66.169914,-2917.478027,22748.957031,-179.915527,-192.853027,2993.518555,530.720703,0.000000,0.000000,0.000000,0.000000,0.000000,0.000000,0.000000,0.000000,0.000000
434,7.233333,11.408813,-0.007884,-47.970337,-21.425779,-0.151887,8.719365,1.964315,-0.266227,23.131828,4718.061,2,0.000000,4,4,69.807922,1,0,0,0.014640,0.998952,0.043358,-0.383172,0.045657,-0.922548,-0.350252,0.177397,0.000000,0.000000,0.000000,1,0.046905,6159.825195,700.676392,5073.423828,-0.021192,-0.064712,71.081245,1,-0.023788,5386.670898,-3599.190430,1020.386230,0.045908,-0.013015,68.557411,1,0.038925,5713.157715,2697.445312,435.703430,-0.034406,-0.005557,69.549606,1,-0.031768,4940.023438,2373.290771,-3989.543701,-0.030272,0.050887,66.920303,-2931.084961,22548.007812,-1132.657471,329.572754,4401.137695,85.519531,0.000000,0.000000,0.000000,0.000000,0.000000,0.000000,0.000000,0.000000,0.000000
435,7.250000,11.050903,-0.009735,-47.825317,-21.474630,-0.111058,8.700487,1.961028,-0.198510,23.170126,4722.754,2,0.000000,4,4,69.909119,1,0,0,0.011559,0.999223,0.037667,-0.380242,0.039232,-0.924054,-0.344401,0.176942,0.000000,0.000000,0.000000,1,0.044563,6000.098633,551.487610,5142.403320,-0.015937,-0.065592,71.116104,1,-0.016165,5529.281250,-2719.447754,719.560303,0.034687,-0.009178,68.722618,1,0.035216,5487.276855,2038.875488,244.641708,-0.026006,-0.003120,69.464226,1,-0.025512,5016.439453,1888.609253,-3193.896729,-0.024089,0.040738,67.481323,-3114.350586,22290.093750,-619.557129,588.235840,2313.619629,-282.904297,0.000000,0.000000,0.000000,0.000000,0.000000,0.000000,0.000000,0.000000,0.000000
436,7.266667,10.692139,-0.010965,-47.680542,-21.526537,-0.073813,8.690161,1.958338,-0.162897,23.214386,4729.600,2,0.000000,4,4,70.025520,1,0,0,0.008619,0.999446,0.032161,-0.377835,0.033033,-0.925284,-0.332204,0.170865,0.000000,0.000000,0.000000,1,0.041770,5840.514160,397.814941,4977.931152,-0.011905,-0.063494,71.160095,1,-0.009351,5629.104004,-2140.064941,637.131836,0.027297,-0.008127,68.909035,1,0.031050,5281.837891,1784.666016,193.458099,-0.022764,-0.002878,69.406754,1,-0.020071,5070.436523,1731.510742,-2520.946045,-0.022086,0.032155,67.926125,-3464.354004,21995.785156,-500.312500,849.199707,1808.849121,-575.437500,0.000000,0.000000,0.000000,0.000000,0.000000,0.000000,0.000000,0.000000,0.000000
437,7.283333,10.332397,-0.011642,-47.535767,-21.584276,-0.040643,8.681822,1.956113,-0.135034,23.264727,4737.475,2,0.000000,4,4,70.158081,1,0,0,0.005884,0.999619,0.026949,-0.375831,0.027184,-0.926289,-0.313833,0.160167,0.000000,0.000000,0.000000,1,0.038645,5687.960938,267.268433,4770.749023,-0.008751,-0.060851,71.221748,1,-0.003418,5689.125977,-1698.688721,592.324097,0.021667,-0.007555,69.110298,1,0.026641,5100.788086,1542.821655,9.930725,-0.019679,-0.001857,69.356758,1,-0.015422,5101.942383,1556.980347,-2123.305176,-0.019859,0.027083,68.272621,-3387.459717,21679.822266,-425.174683,1064.126953,1389.443848,-732.555176,0.000000,0.000000,0.000000,0.000000,0.000000,0.000000,0.000000,0.000000,0.000000
438,7.300000,9.971680,-0.011839,-47.391235,-21.640734,-0.011837,8.674736,1.954246,-0.113610,23.314335,4746.443,2,0.000000,4,4,70.307091,1,0,0,0.003392,0.999750,0.022115,-0.374137,0.021778,-0.927118,-0.290646,0.146784,0.000000,0.000000,0.000000,1,0.035311,5547.333008,154.901642,4594.203125,-0.006236,-0.058600,71.302681,1,0.001618,5717.391113,-1364.891479,638.618896,0.017409,-0.008146,69.325401,1,0.022150,4941.785645,1338.253052,-217.747009,-0.017070,-0.000137,69.333565,1,-0.011543,5111.853027,1394.813599,-1840.940308,-0.017791,0.023481,68.561035,-3261.199707,21354.113281,-325.687256,1218.375488,1147.453125,-820.779785,0.000000,0.000000,0.000000,0.000000,0.000000,0.000000,0.000000,0.000000,0.000000
439,7.316667,9.610107,-0.011632,-47.246704,-21.695087,0.012471,8.669308,1.952674,-0.095897,23.362621,4756.524,2,0.000000,4,4,70.464325,1,0,0,0.001164,0.999842,0.017719,-0.372697,0.016876,-0.927800,-0.264064,0.131818,0.000000,0.000000,0.000000,1,0.031882,5420.905762,60.870636,4450.700195,-0.004210,-0.056769,71.395546,1,0.005776,5719.927734,-1101.829468,735.131287,0.014054,-0.009377,69.545250,1,0.017710,4804.382324,1153.057617,-465.964783,-0.014707,0.002120,69.343636,1,-0.008397,5103.393555,1232.571533,-1642.256348,-0.015722,0.020947,68.808205,-3103.611328,21030.007812,-201.852539,1320.821777,964.078491,-860.969727,0.000000,0.000000,0.000000,0.000000,0.000000,0.000000,0.000000,0.000000,0.000000
440,7.333333,9.247559,-0.011093,-47.102417,-21.746815,0.032303,8.665943,1.951349,-0.080996,23.409267,4767.162,2,0.000000,4,4,70.624184,1,0,0,-0.000792,0.999905,0.013798,-0.371472,0.012517,-0.928360,-0.235272,0.116068,0.000000,0.000000,0.000000,1,0.028461,5310.356445,-16.843597,4334.558594,-0.002567,-0.055288,71.494965,1,0.009099,5701.812988,-890.618896,1069.741699,0.011360,-0.010961,69.764008,1,0.013426,4688.175781,989.055908,-715.046814,-0.012616,0.004719,69.389961,1,-0.005936,5079.641602,1077.353882,-1495.774902,-0.013742,0.019079,69.026352,-3140.941650,20716.855469,8.946777,1362.703125,994.744263,-880.612305,0.000000,0.000000,0.000000,0.000000,0.000000,0.000000,0.000000,0.000000,0.000000
441,7.350000,8.884277,-0.010297,-46.958008,-21.799164,0.047803,8.666092,1.950278,-0.065616,23.457823,4777.977,2,0.000000,4,4,70.768852,1,0,0,-0.002472,0.999943,0.010371,-0.370475,0.008718,-0.928802,-0.205530,0.099991,0.000000,0.000000,0.000000,1,0.025132,5215.438477,-72.607704,4202.376465,-0.001271,-0.053602,71.586464,1,0.011647,5667.217773,-699.058105,893.534912,0.008917,-0.011397,69.960579,1,0.009386,4593.306641,804.249695,-953.173523,-0.010258,0.007480,69.472672,1,-0.004099,5045.085449,887.189819,-1436.890747,-0.011316,0.018328,69.223106,-2598.376465,20422.996094,46.522339,1408.444824,474.749023,-752.028320,0.000000,0.000000,0.000000,0.000000,0.000000,0.000000,0.000000,0.000000,0.000000
442,7.366667,8.520264,-0.009309,-46.813477,-21.842470,0.059264,8.666867,1.949328,-0.058233,23.498247,4787.764,2,0.000000,4,4,70.933693,1,0,0,-0.003905,0.999965,0.007447,-0.369583,0.005477,-0.929182,-0.175273,0.085509,0.000000,0.000000,0.000000,1,0.021990,5141.360352,-130.471176,4151.545410,-0.000181,-0.052953,71.697502,1,0.013519,5625.812500,-582.811218,1337.582764,0.007434,-0.013499,70.178017,1,0.005621,4511.972168,733.016052,-1154.675537,-0.009350,0.010170,69.590164,1,-0.002850,4996.413574,814.774292,-1264.842285,-0.010393,0.016133,69.411255,-2904.062988,20151.166016,257.244263,1379.501465,872.844849,-762.446289,0.000000,0.000000,0.000000,0.000000,0.000000,0.000000,0.000000,0.000000,0.000000
443,7.383333,8.155396,-0.008193,-46.668945,-21.890871,0.066958,8.671155,1.948600,-0.044724,23.544729,4798.916,2,0.000000,4,4,71.071617,1,0,0,-0.005094,0.999975,0.005019,-0.368895,0.002786,-0.929467,-0.145492,0.071033,0.000000,0.000000,0.000000,1,0.019089,5083.090332,-159.983765,4058.816650,0.000643,-0.051771,71.789551,1,0.014779,5574.173828,-437.060791,1135.982056,0.005575,-0.014490,70.360863,1,0.002194,4451.411621,562.436340,-1320.950684,-0.007174,0.012649,69.737091,1,-0.002115,4942.503906,626.312622,-1274.239502,-0.007989,0.016253,69.574272,-2376.829590,19908.867188,306.935181,1332.935059,244.745972,-653.400391,0.000000,0.000000,0.000000,0.000000,0.000000,0.000000,0.000000,0.000000,0.000000
444,7.400000,7.789917,-0.007004,-46.524292,-21.930485,0.071311,8.676270,1.947933,-0.040879,23.583374,4808.247,2,0.000000,4,4,71.228790,1,0,0,-0.006066,0.999977,0.003066,-0.368263,0.000616,-0.929721,-0.116980,0.058186,0.000000,0.000000,0.000000,1,0.016481,5042.428711,-199.397186,4026.365723,0.001349,-0.051357,71.899109,1,0.015528,5520.850098,-369.853485,1687.144043,0.004718,-0.017099,70.564728,1,-0.000883,4403.985352,532.929932,-1072.190918,-0.006798,0.013676,69.908302,1,-0.001836,4882.417480,592.386353,-1134.550659,-0.007556,0.014471,69.738663,-3206.499023,19696.697266,672.120605,1216.468750,501.908203,-725.846191,0.000000,0.000000,0.000000,0.000000,0.000000,0.000000,0.000000,0.000000,0.000000
445,7.416667,7.423462,-0.005793,-46.379639,-21.983927,0.072701,8.687472,1.947393,-0.033080,23.637148,4818.880,2,0.000000,4,4,71.350655,1,0,0,-0.006814,0.999976,0.001554,-0.367751,-0.001061,-0.929924,-0.090499,0.044810,0.000000,0.000000,0.000000,1,0.014169,5011.898926,-221.073563,3856.897217,0.001895,-0.049195,71.982750,1,0.015810,5459.392578,-282.904572,1273.167480,0.003608,-0.016239,70.724106,1,-0.003552,4378.726074,441.140076,-1087.919922,-0.005627,0.013877,70.043182,1,-0.001911,4826.210449,487.249329,-1226.650269,-0.006215,0.015646,69.882652,-2514.455566,19519.453125,538.056396,1151.984863,-121.377014,-570.294434,0.000000,0.000000,0.000000,0.000000,0.000000,0.000000,0.000000,0.000000,0.000000
446,7.433333,7.056396,-0.004598,-46.234741,-22.025835,0.071654,8.696440,1.946820,-0.034876,23.679396,4827.125,2,0.000000,4,4,71.511192,1,0,0,-0.007377,0.999973,0.000453,-0.367209,-0.002288,-0.930136,-0.065804,0.033710,0.000000,0.000000,0.000000,1,0.012191,4997.953125,-259.108459,3812.438965,0.002418,-0.048628,72.101212,1,0.015729,5401.550293,-267.859985,1477.393433,0.003417,-0.018844,70.926003,1,-0.005837,4362.514648,488.470490,-1063.121094,-0.006230,0.013560,70.180359,1,-0.002298,4766.111328,534.866943,-1103.182495,-0.006822,0.014071,70.040092,-2826.805420,19372.748047,582.335815,1036.716309,312.798462,-565.068848,0.000000,0.000000,0.000000,0.000000,0.000000,0.000000,0.000000,0.000000,0.000000
447,7.450000,6.688599,-0.003456,-46.089600,-22.072948,0.068563,8.706145,1.946326,-0.029997,23.726784,4837.986,2,0.000000,4,4,71.660461,1,0,0,-0.007761,0.999970,-0.000274,-0.366743,-0.003101,-0.930317,-0.043368,0.023069,0.000000,0.000000,0.000000,1,0.010544,4994.371094,-196.802582,3758.556885,0.002510,-0.047941,72.212410,1,0.015341,5342.111816,-210.923904,1548.807007,0.002690,-0.019755,71.112732,1,-0.007721,4361.742188,436.254852,-1053.197021,-0.005564,0.013434,70.313911,1,-0.002924,4709.460938,471.990295,-1128.450928,-0.006020,0.014394,70.179497,-2829.623779,19258.375000,577.412354,921.597656,75.301208,-504.822266,0.000000,0.000000,0.000000,0.000000,0.000000,0.000000,0.000000,0.000000,0.000000
448,7.466667,6.319824,-0.002391,-45.944458,-22.120110,0.063884,8.715769,1.945849,-0.028778,23.774204,4848.084,2,0.000000,4,4,71.808029,1,0,0,-0.007988,0.999968,-0.000668,-0.366296,-0.003547,-0.930492,-0.023406,0.013608,0.000000,0.000000,0.000000,1,0.009223,5000.748047,-182.621811,3693.614014,0.002329,-0.047112,72.323914,1,0.014710,5284.724121,-193.360794,1631.752319,0.002466,-0.020813,71.295822,1,-0.009216,4371.890625,425.333649,-1072.178955,-0.005425,0.013676,70.446014,1,-0.003730,4655.884766,453.813202,-1117.502197,-0.005788,0.014254,70.322594,-2839.111816,19173.562500,576.797485,798.814941,132.982788,-444.054199,0.000000,0.000000,0.000000,0.000000,0.000000,0.000000,0.000000,0.000000,0.000000
449,7.483333,5.950317,-0.001424,-45.799072,-22.167429,0.058024,8.725382,1.945406,-0.026679,23.821787,4858.068,2,0.000000,4,4,71.953865,1,0,0,-0.008077,0.999967,-0.000772,-0.365882,-0.003674,-0.930654,-0.006060,0.005348,0.000000,0.000000,0.000000,1,0.008215,5015.285156,-164.819626,3639.796875,0.002102,-0.046426,72.436096,1,0.013897,5230.650391,-172.225754,1695.722412,0.002197,-0.021629,71.474846,1,-0.010342,4391.160156,400.539032,-1081.499023,-0.005109,0.013795,70.580887,1,-0.004660,4606.525391,420.898071,-1119.126343,-0.005369,0.014275,70.464088,-2830.718994,19116.277344,592.277649,672.882324,100.903687,-378.960938,0.000000,0.000000,0.000000,0.000000,0.000000,0.000000,0.000000,0.000000,0.000000
450,7.500000,5.580078,-0.000568,-45.653442,-22.214607,0.051366,8.735253,1.944987,-0.025081,23.869337,4867.934,2,0.000000,4,4,72.098503,1,0,0,-0.008049,0.999967,-0.000632,-0.365493,-0.003531,-0.930807,0.008584,-0.001651,0.000000,0.000000,0.000000,1,0.007498,5036.177246,-151.513290,3589.551270,0.001933,-0.045785,72.548981,1,0.012959,5180.933105,-156.128860,1754.616699,0.001991,-0.022380,71.650818,1,-0.011127,4417.357422,382.339539,-1091.494995,-0.004877,0.013922,70.717125,1,-0.005666,4562.113281,395.481384,-1117.231567,-0.005044,0.014250,70.605820,-2825.234619,19083.412109,604.088318,552.408691,97.502930,-318.252930,0.000000,0.000000,0.000000,0.000000,0.000000,0.000000,0.000000,0.000000,0.000000
451,7.516667,5.209106,0.000170,-45.507568,-22.261694,0.044246,8.745321,1.944592,-0.023544,23.916895,4877.719,2,0.000000,4,4,72.242043,1,0,0,-0.007924,0.999969,-0.000291,-0.365128,-0.003165,-0.930952,0.020646,-0.007468,0.000000,0.000000,0.000000,1,0.007049,5061.959961,-139.002579,3543.695801,0.001773,-0.045200,72.662537,1,0.011944,5135.985840,-141.249756,1806.642822,0.001802,-0.023044,71.823982,1,-0.011603,4448.834961,364.859863,-1098.892822,-0.004654,0.014016,70.854820,1,-0.006707,4522.860840,371.508636,-1116.481445,-0.004739,0.014241,70.747276,-2818.842041,19071.714844,615.465027,435.427246,87.162598,-258.225586,0.000000,0.000000,0.000000,0.000000,0.000000,0.000000,0.000000,0.000000,0.000000
452,7.533333,4.837280,0.000786,-45.361694,-22.308674,0.036959,8.755579,1.944218,-0.022173,23.964422,4887.430,2,0.000000,4,4,72.384651,1,0,0,-0.007722,0.999970,0.000209,-0.364785,-0.002622,-0.931088,0.030195,-0.012128,0.000000,0.000000,0.000000,1,0.006836,5091.085449,-127.656891,3500.451416,0.001628,-0.044649,72.776741,1,0.010893,5096.246582,-127.976471,1854.046875,0.001632,-0.023649,71.994675,1,-0.011803,4483.981445,349.869110,-1104.918213,-0.004463,0.014093,70.993599,1,-0.007747,4489.142578,350.761932,-1115.817261,-0.004474,0.014232,70.888626,-2812.841309,19078.236328,623.908203,326.564941,80.613220,-194.406738,0.000000,0.000000,0.000000,0.000000,0.000000,0.000000,0.000000,0.000000,0.000000
453,7.550000,4.464722,0.001282,-45.215576,-22.355555,0.029757,8.765978,1.943865,-0.020911,24.011919,4897.079,2,0.000000,4,4,72.526466,1,0,0,-0.007462,0.999972,0.000829,-0.364461,-0.001948,-0.931217,0.037377,-0.015612,0.000000,0.000000,0.000000,1,0.006832,5122.450195,-117.009773,3459.595215,0.001492,-0.044127,72.891617,1,0.009844,5062.349609,-115.815033,1898.026367,0.001477,-0.024210,72.163147,1,-0.011769,4520.744141,336.304657,-1108.912842,-0.004290,0.014144,71.133255,1,-0.008757,4460.632812,332.261139,-1115.218994,-0.004238,0.014225,71.029877,-2808.374512,19099.535156,631.022400,232.234863,75.549622,-134.678223,0.000000,0.000000,0.000000,0.000000,0.000000,0.000000,0.000000,0.000000,0.000000
454,7.566667,4.091309,0.001662,-45.069336,-22.402361,0.022847,8.776495,1.943530,-0.019733,24.059389,4906.672,2,0.000000,4,4,72.667557,1,0,0,-0.007162,0.999973,0.001535,-0.364155,-0.001179,-0.931338,0.042492,-0.018022,0.000000,0.000000,0.000000,1,0.007005,5155.175293,-107.221863,3420.427246,0.001368,-0.043628,73.007133,1,0.008828,5034.149414,-104.829895,1938.880859,0.001337,-0.024731,72.329559,1,-0.011540,4557.831055,323.488129,-1111.372803,-0.004126,0.014176,71.273499,1,-0.009717,4436.813965,315.288361,-1115.026123,-0.004022,0.014222,71.171036,-2803.698975,19132.296875,637.861755,142.860840,71.222839,-84.031250,0.000000,0.000000,0.000000,0.000000,0.000000,0.000000,0.000000,0.000000,0.000000
455,7.583333,3.717163,0.001935,-44.922852,-22.449089,0.016386,8.787126,1.943214,-0.018627,24.106825,4916.218,2,0.000000,4,4,72.808022,1,0,0,-0.006838,0.999974,0.002294,-0.363866,-0.000351,-0.931451,0.045666,-0.019494,0.000000,0.000000,0.000000,1,0.007326,5187.971191,-97.967590,3382.174072,0.001250,-0.043140,73.123322,1,0.007869,5011.464844,-94.732658,1977.216064,0.001208,-0.025220,72.494087,1,-0.011154,4594.248535,311.319519,-1112.605957,-0.003971,0.014191,71.414101,1,-0.010610,4417.764160,299.708374,-1115.168823,-0.003823,0.014224,71.312172,-2798.574219,19173.820312,643.922119,62.279785,67.107605,-37.490723,0.000000,0.000000,0.000000,0.000000,0.000000,0.000000,0.000000,0.000000,0.000000
456,7.600000,3.342285,0.002110,-44.776123,-22.495731,0.010495,8.797857,1.942915,-0.017591,24.154219,4925.721,2,0.000000,4,4,72.947960,1,0,0,-0.006503,0.999974,0.003077,-0.363593,0.000501,-0.931558,0.047085,-0.020112,0.000000,0.000000,0.000000,1,0.007762,5219.841797,-89.323631,3344.408691,0.001139,-0.042658,73.240219,1,0.006986,4994.224609,-85.551605,2013.662354,0.001091,-0.025684,72.656868,1,-0.010648,4628.883789,299.610107,-1112.766968,-0.003822,0.014193,71.554878,1,-0.011424,4403.248535,285.333008,-1115.404663,-0.003639,0.014227,71.453323,-2793.097168,19221.421875,649.754883,-2.509277,65.260803,-0.957520,0.000000,0.000000,0.000000,0.000000,0.000000,0.000000,0.000000,0.000000,0.000000
457,7.616667,2.966553,0.002198,-44.629395,-22.542282,0.005260,8.808686,1.942632,-0.016587,24.201555,4935.188,2,0.000000,4,4,73.087471,1,0,0,-0.006170,0.999973,0.003860,-0.363335,0.001354,-0.931657,0.047093,-0.020058,0.000000,0.000000,0.000000,1,0.008286,5250.277832,-81.235329,3307.267822,0.001036,-0.042185,73.357887,1,0.006192,4981.622559,-77.167526,2048.282715,0.000984,-0.026126,72.818054,1,-0.010057,4661.249512,287.639893,-1111.839233,-0.003669,0.014182,71.695686,1,-0.012152,4392.583984,271.346924,-1115.771118,-0.003461,0.014232,71.594513,-2786.938965,19272.384766,656.692322,-60.688965,61.955383,33.226562,0.000000,0.000000,0.000000,0.000000,0.000000,0.000000,0.000000,0.000000,0.000000
458,7.633333,2.590088,0.002210,-44.482300,-22.588732,0.000727,8.819632,1.942366,-0.015637,24.248838,4944.626,2,0.000000,4,4,73.226639,1,0,0,-0.005848,0.999972,0.004622,-0.363092,0.002183,-0.931751,0.045830,-0.019383,0.000000,0.000000,0.000000,1,0.008871,5278.618652,-73.786629,3270.511719,0.000941,-0.041716,73.476387,1,0.005495,4973.632324,-69.585388,2081.621826,0.000888,-0.026551,72.977745,1,-0.009412,4690.551270,275.771606,-1110.309570,-0.003517,0.014162,71.836357,1,-0.012788,4385.562988,258.096436,-1116.037109,-0.003292,0.014235,71.735756,-2780.372559,19324.972656,664.171448,-104.657715,61.186768,58.333984,0.000000,0.000000,0.000000,0.000000,0.000000,0.000000,0.000000,0.000000,0.000000
459,7.650000,2.212769,0.002159,-44.335205,-22.635071,-0.003082,8.830701,1.942115,-0.014703,24.296062,4954.042,2,0.000000,4,4,73.365517,1,0,0,-0.005545,0.999970,0.005347,-0.362863,0.002971,-0.931838,0.043605,-0.018251,0.000000,0.000000,0.000000,1,0.009493,5304.513672,-66.866425,3234.187012,0.000853,-0.041252,73.595726,1,0.004898,4969.438965,-62.686607,2113.436035,0.000800,-0.026957,73.136032,1,-0.008739,4716.551758,263.272888,-1108.143311,-0.003358,0.014134,71.976799,1,-0.013335,4381.474609,244.820770,-1116.340698,-0.003123,0.014239,71.877037,-2772.659668,19376.955078,673.259705,-142.338379,58.180542,79.304199,0.000000,0.000000,0.000000,0.000000,0.000000,0.000000,0.000000,0.000000,0.000000
460,7.666667,1.834839,0.002056,-44.187744,-22.681282,-0.006173,8.841922,1.941880,-0.013817,24.343216,4963.438,2,0.000000,4,4,73.504181,1,0,0,-0.005268,0.999968,0.006022,-0.362647,0.003702,-0.931919,0.040558,-0.016736,0.000000,0.000000,0.000000,1,0.010130,5327.520020,-60.610809,3198.177979,0.000773,-0.040793,73.715958,1,0.004404,4968.778320,-56.579033,2144.270264,0.000722,-0.027350,73.293015,1,-0.008065,4738.902832,250.779312,-1105.657593,-0.003199,0.014103,72.116928,1,-0.013791,4380.170410,231.998123,-1116.320801,-0.002959,0.014239,72.018364,-2764.558105,19427.193359,683.316589,-169.227539,57.038757,90.040527,0.000000,0.000000,0.000000,0.000000,0.000000,0.000000,0.000000,0.000000,0.000000
461,7.683333,1.456055,0.001913,-44.040283,-22.727358,-0.008571,8.853311,1.941659,-0.012950,24.390303,4972.818,2,0.000000,4,4,73.642670,1,0,0,-0.005019,0.999965,0.006636,-0.362445,0.004366,-0.931995,0.036936,-0.015005,0.000000,0.000000,0.000000,1,0.010761,5347.473145,-54.799988,3162.656982,0.000699,-0.040340,73.837112,1,0.004008,4970.834961,-50.982075,2173.638672,0.000650,-0.027725,73.448738,1,-0.007408,4757.772461,237.908951,-1102.980957,-0.003035,0.014069,72.256691,1,-0.014162,4381.145508,219.270966,-1116.324097,-0.002797,0.014239,72.159691,-2755.247070,19474.408203,694.277100,-189.284668,54.726318,99.775879,0.000000,0.000000,0.000000,0.000000,0.000000,0.000000,0.000000,0.000000,0.000000
462,7.700000,1.076538,0.001741,-43.892456,-22.773279,-0.010318,8.864882,1.941453,-0.012121,24.437304,4982.188,2,0.000000,4,4,73.781044,1,0,0,-0.004802,0.999963,0.007183,-0.362256,0.004956,-0.932066,0.032876,-0.013092,0.000000,0.000000,0.000000,1,0.011372,5364.188477,-49.579002,3127.715332,0.000632,-0.039894,73.959206,1,0.003706,4975.269531,-46.019650,2202.040771,0.000587,-0.028087,73.603317,1,-0.006785,4772.937988,224.928558,-1100.099487,-0.002869,0.014032,72.396065,1,-0.014451,4384.020996,206.781982,-1115.925415,-0.002638,0.014234,72.301018,-2745.738281,19517.537109,706.382080,-200.183105,53.217163,101.958496,0.000000,0.000000,0.000000,0.000000,0.000000,0.000000,0.000000,0.000000,0.000000
463,7.716667,0.696167,0.001550,-43.744507,-22.819042,-0.011470,8.876655,1.941261,-0.011315,24.484228,4991.549,2,0.000000,4,4,73.919334,1,0,0,-0.004618,0.999960,0.007659,-0.362079,0.005467,-0.932131,0.028587,-0.011124,0.000000,0.000000,0.000000,1,0.011948,5377.756836,-44.827820,3093.479980,0.000572,-0.039458,74.082245,1,0.003491,4981.448242,-41.539410,2229.107666,0.000530,-0.028432,73.756783,1,-0.006208,4784.755859,211.784103,-1097.261230,-0.002701,0.013996,72.535019,1,-0.014665,4388.427246,194.403580,-1115.409424,-0.002480,0.014227,72.442284,-2735.343750,19556.173828,719.264526,-205.365234,51.505737,103.706543,0.000000,0.000000,0.000000,0.000000,0.000000,0.000000,0.000000,0.000000,0.000000
464,7.733333,0.315063,0.001348,-43.596313,-22.864632,-0.012088,8.888642,1.941082,-0.010535,24.531067,5000.905,2,0.000000,4,4,74.057579,1,0,0,-0.004467,0.999958,0.008061,-0.361915,0.005898,-0.932193,0.024185,-0.009122,0.000000,0.000000,0.000000,1,0.012479,5388.260254,-40.509769,3060.248291,0.000517,-0.039034,74.206245,1,0.003356,4989.090820,-37.519127,2255.045166,0.000479,-0.028763,73.909210,1,-0.005688,4793.193359,198.580185,-1094.258667,-0.002533,0.013957,72.673561,1,-0.014811,4394.000000,182.162292,-1114.608276,-0.002323,0.014217,72.583473,-2724.950195,19589.843750,733.064697,-202.001953,49.478577,100.897461,0.000000,0.000000,0.000000,0.000000,0.000000,0.000000,0.000000,0.000000,0.000000
465,7.750000,-0.066772,0.001144,-43.447998,-22.910048,-0.012241,8.900860,1.940917,-0.009787,24.577824,5010.258,2,0.000000,4,4,74.195786,1,0,0,-0.004349,0.999955,0.008391,-0.361762,0.006250,-0.932249,0.019853,-0.007174,0.000000,0.000000,0.000000,1,0.012958,5395.994141,-36.689518,3028.153076,0.000468,-0.038624,74.331184,1,0.003291,4997.591797,-34.001541,2279.697998,0.000434,-0.029078,74.060638,1,-0.005230,4798.601074,185.384552,-1091.461792,-0.002365,0.013922,72.811661,1,-0.014898,4400.226074,170.106369,-1113.451904,-0.002170,0.014202,72.724548,-2714.261230,19618.197266,747.654846,-195.795898,47.850525,96.426758,0.000000,0.000000,0.000000,0.000000,0.000000,0.000000,0.000000,0.000000,0.000000
466,7.766667,-0.449219,0.000944,-43.299438,-22.955286,-0.012001,8.913321,1.940764,-0.009064,24.624500,5019.607,2,0.000000,4,4,74.333961,1,0,0,-0.004262,0.999954,0.008652,-0.361620,0.006525,-0.932303,0.015654,-0.005308,0.000000,0.000000,0.000000,1,0.013379,5401.025391,-33.216217,2997.151611,0.000424,-0.038229,74.457008,1,0.003286,5006.697754,-30.786835,2303.031738,0.000393,-0.029375,74.211121,1,-0.004840,4801.242188,172.300095,-1088.722290,-0.002198,0.013887,72.949356,1,-0.014932,4406.903809,158.246246,-1112.159546,-0.002018,0.014186,72.865456,-2703.306396,19641.265625,762.547485,-187.267090,45.424744,85.044434,0.000000,0.000000,0.000000,0.000000,0.000000,0.000000,0.000000,0.000000,0.000000
467,7.783333,-0.832520,0.000754,-43.150635,-23.000341,-0.011443,8.926029,1.940623,-0.008377,24.671093,5028.956,2,0.000000,4,4,74.472115,1,0,0,-0.004203,0.999952,0.008845,-0.361490,0.006728,-0.932352,0.011658,-0.003620,0.000000,0.000000,0.000000,1,0.013740,5403.518066,-30.110731,2967.260010,0.000384,-0.037848,74.583710,1,0.003333,5015.880371,-27.965317,2324.906982,0.000357,-0.029654,74.360687,1,-0.004515,4801.737305,159.582230,-1086.364136,-0.002035,0.013857,73.086647,1,-0.014922,4414.097656,146.776169,-1110.747192,-0.001872,0.014168,73.006172,-2691.778564,19659.582031,777.257507,-171.513672,43.456421,76.918945,0.000000,0.000000,0.000000,0.000000,0.000000,0.000000,0.000000,0.000000,0.000000
468,7.800000,-1.216553,0.000577,-43.001709,-23.045204,-0.010631,8.938984,1.940493,-0.007719,24.717594,5038.302,2,0.000000,4,4,74.610275,1,0,0,-0.004169,0.999951,0.008978,-0.361370,0.006865,-0.932397,0.007998,-0.002090,0.000000,0.000000,0.000000,1,0.014038,5403.959961,-27.386215,2938.900879,0.000349,-0.037486,74.711266,1,0.003420,5024.943848,-25.477734,2345.519043,0.000325,-0.029917,74.509415,1,-0.004257,4800.213379,147.097244,-1083.972412,-0.001876,0.013826,73.223595,1,-0.014875,4421.206543,135.563965,-1108.988037,-0.001729,0.014145,73.146683,-2680.769775,19673.046875,792.443604,-158.537598,40.729065,67.718750,0.000000,0.000000,0.000000,0.000000,0.000000,0.000000,0.000000,0.000000,0.000000
469,7.816667,-1.601440,0.000416,-42.852539,-23.089884,-0.009632,8.952191,1.940374,-0.007102,24.764013,5047.649,2,0.000000,4,4,74.748413,1,0,0,-0.004158,0.999950,0.009055,-0.361259,0.006941,-0.932440,0.004623,-0.000723,0.000000,0.000000,0.000000,1,0.014276,5402.407715,-24.911507,2911.832764,0.000318,-0.037141,74.839607,1,0.003539,5033.783691,-23.229275,2364.859375,0.000296,-0.030164,74.657333,1,-0.004062,4796.917969,135.290161,-1081.864136,-0.001726,0.013799,73.360191,1,-0.014798,4428.305176,124.949265,-1107.096558,-0.001594,0.014121,73.286934,-2669.917725,19682.089844,806.878479,-140.031738,40.115295,58.215332,0.000000,0.000000,0.000000,0.000000,0.000000,0.000000,0.000000,0.000000,0.000000
470,7.833333,-1.987061,0.000274,-42.703125,-23.134382,-0.008507,8.965639,1.940266,-0.006494,24.810356,5056.995,2,0.000000,4,4,74.886528,1,0,0,-0.004167,0.999950,0.009082,-0.361158,0.006964,-0.932478,0.001644,0.000460,0.000000,0.000000,0.000000,1,0.014455,5399.401367,-22.604486,2886.438232,0.000288,-0.036817,74.968681,1,0.003683,5042.177734,-21.102995,2382.730225,0.000269,-0.030392,74.804459,1,-0.003926,4792.312500,123.521255,-1079.715942,-0.001576,0.013772,73.496483,1,-0.014698,4435.080078,114.359833,-1105.175171,-0.001459,0.014097,73.426910,-2659.234863,19687.332031,821.652344,-123.097656,36.229858,49.139648,0.000000,0.000000,0.000000,0.000000,0.000000,0.000000,0.000000,0.000000,0.000000
471,7.850000,-2.373413,0.000152,-42.553467,-23.178703,-0.007309,8.979333,1.940167,-0.005944,24.856619,5066.339,2,0.000000,4,4,75.024605,1,0,0,-0.004192,0.999950,0.009065,-0.361066,0.006940,-0.932514,-0.000969,0.001472,0.000000,0.000000,0.000000,1,0.014579,5395.049805,-20.652281,2862.284912,0.000263,-0.036509,75.098434,1,0.003844,5050.014160,-19.338631,2399.412109,0.000247,-0.030605,74.950851,1,-0.003846,4786.522461,112.713890,-1077.960693,-0.001438,0.013749,73.632462,1,-0.014581,4441.487305,104.627571,-1103.003662,-0.001335,0.014069,73.566605,-2648.861816,19688.914062,835.391541,-104.766602,34.938354,39.144043,0.000000,0.000000,0.000000,0.000000,0.000000,0.000000,0.000000,0.000000,0.000000
472,7.866667,-2.760498,0.000051,-42.403564,-23.222851,-0.006087,8.993257,1.940077,-0.005413,24.902798,5075.681,2,0.000000,4,4,75.162643,1,0,0,-0.004231,0.999950,0.009011,-0.360982,0.006877,-0.932547,-0.003187,0.002295,0.000000,0.000000,0.000000,1,0.014652,5389.792969,-18.823112,2839.797363,0.000240,-0.036222,75.228821,1,0.004016,5057.206543,-17.667540,2414.700684,0.000225,-0.030800,75.096519,1,-0.003815,4780.078613,102.248474,-1076.307251,-0.001304,0.013728,73.768181,1,-0.014452,4447.492188,95.181870,-1100.844971,-0.001214,0.014041,73.705986,-2638.778809,19687.871094,848.827759,-87.040039,32.169250,29.389160,0.000000,0.000000,0.000000,0.000000,0.000000,0.000000,0.000000,0.000000,0.000000
473,7.883333,-3.148438,-0.000030,-42.253418,-23.266830,-0.004880,9.007403,1.939996,-0.004924,24.948906,5085.020,2,0.000000,4,4,75.300613,1,0,0,-0.004281,0.999951,0.008927,-0.360906,0.006781,-0.932577,-0.005022,0.002937,0.000000,0.000000,0.000000,1,0.014680,5383.713379,-17.217375,2818.635254,0.000220,-0.035952,75.359756,1,0.004191,5063.564941,-16.198467,2428.744873,0.000207,-0.030979,75.241516,1,-0.003827,4773.151855,92.557526,-1074.904053,-0.001181,0.013711,73.903656,1,-0.014316,4452.992188,86.383377,-1098.599365,-0.001102,0.014013,73.845047,-2628.975586,19684.162109,861.327332,-70.004395,30.277222,23.491211,0.000000,0.000000,0.000000,0.000000,0.000000,0.000000,0.000000,0.000000,0.000000
474,7.900000,-3.536987,-0.000092,-42.103027,-23.310646,-0.003722,9.021759,1.939922,-0.004462,24.994942,5094.354,2,0.000000,4,4,75.438515,1,0,0,-0.004339,0.999952,0.008819,-0.360837,0.006659,-0.932605,-0.006498,0.003449,0.000000,0.000000,0.000000,1,0.014667,5377.199707,-15.742724,2799.025146,0.000201,-0.035702,75.491203,1,0.004367,5069.310059,-14.838170,2441.687012,0.000189,-0.031144,75.385864,1,-0.003877,4765.764648,83.420181,-1073.495361,-0.001064,0.013693,74.038933,1,-0.014177,4457.884766,78.052551,-1096.302979,-0.000996,0.013983,73.983780,-2619.921143,19678.416016,873.301758,-51.517090,28.013611,15.018555,0.000000,0.000000,0.000000,0.000000,0.000000,0.000000,0.000000,0.000000,0.000000
475,7.916667,-3.926270,-0.000136,-41.952393,-23.354311,-0.002642,9.036314,1.939856,-0.004034,25.040901,5103.683,2,0.000000,4,4,75.576309,1,0,0,-0.004403,0.999952,0.008692,-0.360775,0.006518,-0.932630,-0.007580,0.003793,0.000000,0.000000,0.000000,1,0.014621,5370.659668,-14.476095,2780.876221,0.000185,-0.035470,75.623085,1,0.004539,5074.320801,-13.673505,2453.387451,0.000174,-0.031293,75.529564,1,-0.003957,4758.536133,74.860428,-1072.299927,-0.000955,0.013677,74.174004,1,-0.014040,4462.185547,70.215775,-1093.990845,-0.000896,0.013954,74.122177,-2611.123535,19671.703125,884.680237,-36.066406,26.601746,4.569824,0.000000,0.000000,0.000000,0.000000,0.000000,0.000000,0.000000,0.000000,0.000000
476,7.933333,-4.316284,-0.000164,-41.801514,-23.397829,-0.001655,9.051059,1.939796,-0.003627,25.086796,5113.005,2,0.000000,4,4,75.713989,1,0,0,-0.004469,0.999953,0.008553,-0.360719,0.006365,-0.932653,-0.008320,0.003954,0.000000,0.000000,0.000000,1,0.014547,5363.959473,-13.300685,2763.941162,0.000170,-0.035254,75.755333,1,0.004701,5078.267578,-12.595088,2463.671143,0.000161,-0.031424,75.672661,1,-0.004061,4751.646484,66.741852,-1071.355713,-0.000851,0.013665,74.308899,1,-0.013907,4465.964355,62.750980,-1091.860229,-0.000800,0.013927,74.260239,-2601.958008,19663.730469,895.254700,-23.102539,23.833313,-0.198242,0.000000,0.000000,0.000000,0.000000,0.000000,0.000000,0.000000,0.000000,0.000000
477,7.950000,-4.706909,-0.000177,-41.650391,-23.441195,-0.000777,9.065980,1.939743,-0.003262,25.132618,5122.320,2,0.000000,4,4,75.851555,1,0,0,-0.004537,0.999954,0.008407,-0.360669,0.006205,-0.932673,-0.008786,0.004014,0.000000,0.000000,0.000000,1,0.014450,5357.316406,-12.231529,2748.310547,0.000156,-0.035055,75.887924,1,0.004853,5081.546875,-11.597008,2473.144531,0.000148,-0.031545,75.815201,1,-0.004182,4744.925781,59.512962,-1070.383911,-0.000759,0.013653,74.443657,1,-0.013780,4469.178223,56.057850,-1089.542114,-0.000715,0.013897,74.397987,-2593.981934,19654.947266,904.725464,-7.907715,22.536377,-5.652344,0.000000,0.000000,0.000000,0.000000,0.000000,0.000000,0.000000,0.000000,0.000000
478,7.966667,-5.098267,-0.000177,-41.499023,-23.484428,-0.000019,9.081059,1.939696,-0.002915,25.178373,5131.626,2,0.000000,4,4,75.988983,1,0,0,-0.004603,0.999955,0.008258,-0.360624,0.006042,-0.932692,-0.008932,0.003957,0.000000,0.000000,0.000000,1,0.014337,5351.201660,-11.268642,2734.089844,0.000144,-0.034874,76.020790,1,0.004991,5084.103516,-10.700879,2481.523682,0.000136,-0.031652,75.957191,1,-0.004315,4738.844238,52.624840,-1069.523193,-0.000671,0.013642,74.578270,1,-0.013661,4471.727539,49.667404,-1087.267822,-0.000634,0.013868,74.535400,-2586.307617,19646.242188,913.863037,0.822266,20.032959,-9.487305,0.000000,0.000000,0.000000,0.000000,0.000000,0.000000,0.000000,0.000000,0.000000
479,7.983333,-5.490356,-0.000167,-41.347412,-23.527534,0.000619,9.096290,1.939654,-0.002607,25.224068,5140.924,2,0.000000,4,4,76.126244,1,0,0,-0.004667,0.999956,0.008109,-0.360583,0.005881,-0.932708,-0.008891,0.003824,0.000000,0.000000,0.000000,1,0.014213,5345.367676,-10.349751,2720.835938,0.000132,-0.034705,76.153862,1,0.005116,5086.081055,-9.849292,2489.000977,0.000126,-0.031747,76.098640,1,-0.004455,4733.191406,46.589344,-1068.821167,-0.000594,0.013633,74.712761,1,-0.013552,4473.905273,44.051991,-1085.108398,-0.000562,0.013841,74.672478,-2578.990234,19637.541016,921.502563,12.696289,19.262939,-11.690430,0.000000,0.000000,0.000000,0.000000,0.000000,0.000000,0.000000,0.000000,0.000000
480,8.000000,-5.883179,-0.000148,-41.195557,-23.570518,0.001138,9.111648,1.939616,-0.002310,25.269688,5150.210,2,0.000000,4,4,76.263329,1,0,0,-0.004728,0.999957,0.007966,-0.360548,0.005725,-0.932723,-0.008605,0.003626,0.000000,0.000000,0.000000,1,0.014082,5340.165527,-9.505203,2708.790283,0.000121,-0.034551,76.287094,1,0.005226,5087.409180,-9.063789,2495.487793,0.000116,-0.031830,76.239571,1,-0.004598,4728.154297,40.758175,-1068.035645,-0.000520,0.013623,74.847145,1,-0.013454,4475.386719,38.600266,-1082.970337,-0.000492,0.013813,74.809242,-2572.011719,19628.964844,929.044312,20.320801,16.866638,-17.491699,0.000000,0.000000,0.000000,0.000000,0.000000,0.000000,0.000000,0.000000,0.000000
481,8.016666,-6.276733,-0.000122,-41.043579,-23.613386,0.001538,9.127131,1.939583,-0.002049,25.315247,5159.485,2,0.000000,4,4,76.400223,1,0,0,-0.004784,0.999958,0.007830,-0.360516,0.005579,-0.932736,-0.008149,0.003330,0.000000,0.000000,0.000000,1,0.013949,5335.521484,-8.764122,2697.573730,0.000112,-0.034408,76.420441,1,0.005320,5088.074707,-8.344339,2501.099365,0.000106,-0.031902,76.380013,1,-0.004738,4723.969727,35.678871,-1067.489502,-0.000455,0.013616,74.981415,1,-0.013367,4476.553223,33.822201,-1080.931274,-0.000431,0.013787,74.945694,-2565.124512,19621.103516,935.286377,25.349121,15.344971,-17.952148,0.000000,0.000000,0.000000,0.000000,0.000000,0.000000,0.000000,0.000000,0.000000
482,8.033334,-6.671021,-0.000092,-40.891235,-23.656137,0.001831,9.142719,1.939554,-0.001811,25.360743,5168.746,2,0.000000,4,4,76.536934,1,0,0,-0.004834,0.999959,0.007703,-0.360489,0.005442,-0.932748,-0.007590,0.003014,0.000000,0.000000,0.000000,1,0.013818,5331.405273,-8.005185,2687.345459,0.000102,-0.034277,76.553886,1,0.005399,5088.375977,-7.641117,2506.114258,0.000097,-0.031966,76.519989,1,-0.004873,4720.363770,31.144979,-1066.822144,-0.000397,0.013607,75.115608,1,-0.013291,4477.327148,29.552443,-1078.853149,-0.000377,0.013761,75.081848,-2559.128174,19613.804688,940.752869,28.995117,13.712769,-17.392090,0.000000,0.000000,0.000000,0.000000,0.000000,0.000000,0.000000,0.000000,0.000000
483,8.050000,-7.066040,-0.000058,-40.738525,-23.698790,0.002023,9.158399,1.939528,-0.001598,25.406174,5177.995,2,0.000000,4,4,76.673431,1,0,0,-0.004879,0.999959,0.007587,-0.360464,0.005318,-0.932758,-0.006960,0.002695,0.000000,0.000000,0.000000,1,0.013690,5327.877930,-7.288375,2677.839600,0.000093,-0.034156,76.687363,1,0.005464,5088.384766,-6.961432,2510.437744,0.000089,-0.032021,76.659508,1,-0.005000,4717.291504,27.167059,-1066.213623,-0.000347,0.013600,75.249702,1,-0.013226,4477.789551,25.790268,-1076.874268,-0.000329,0.013736,75.217697,-2553.370361,19607.234375,945.251465,31.455566,13.237732,-17.197754,0.000000,0.000000,0.000000,0.000000,0.000000,0.000000,0.000000,0.000000,0.000000
484,8.066667,-7.461670,-0.000023,-40.585571,-23.741346,0.002125,9.174152,1.939506,-0.001392,25.451548,5187.229,2,0.000000,4,4,76.809708,1,0,0,-0.004919,0.999960,0.007482,-0.360442,0.005206,-0.932767,-0.006280,0.002371,0.000000,0.000000,0.000000,1,0.013570,5324.948730,-6.530892,2669.057373,0.000083,-0.034044,76.820839,1,0.005517,5088.157715,-6.248152,2514.099854,0.000080,-0.032068,76.798576,1,-0.005119,4714.807617,23.389994,-1065.489258,-0.000298,0.013590,75.383705,1,-0.013172,4478.016602,22.217161,-1075.057007,-0.000283,0.013712,75.353256,-2547.791260,19601.585938,949.331604,35.687988,11.973022,-17.011719,0.000000,0.000000,0.000000,0.000000,0.000000,0.000000,0.000000,0.000000,0.000000
485,8.083333,-7.858032,0.000013,-40.432373,-23.783810,0.002149,9.189975,1.939487,-0.001205,25.496857,5196.449,2,0.000000,4,4,76.945763,1,0,0,-0.004953,0.999960,0.007390,-0.360424,0.005108,-0.932774,-0.005516,0.002038,0.000000,0.000000,0.000000,1,0.013458,5322.721191,-5.904556,2661.057617,0.000075,-0.033942,76.954315,1,0.005557,5087.624023,-5.637037,2517.198975,0.000072,-0.032107,76.937218,1,-0.005226,4712.917969,19.933052,-1064.792358,-0.000254,0.013582,75.517601,1,-0.013128,4477.831543,18.947878,-1073.209473,-0.000242,0.013689,75.488556,-2542.557129,19596.656250,953.135681,35.954590,10.434448,-15.938477,0.000000,0.000000,0.000000,0.000000,0.000000,0.000000,0.000000,0.000000,0.000000
486,8.100000,-8.255127,0.000048,-40.278931,-23.826185,0.002105,9.205860,1.939470,-0.001043,25.542112,5205.653,2,0.000000,4,4,77.081573,1,0,0,-0.004982,0.999961,0.007311,-0.360408,0.005024,-0.932781,-0.004749,0.001718,0.000000,0.000000,0.000000,1,0.013358,5321.083496,-5.318770,2653.520996,0.000068,-0.033846,77.087723,1,0.005587,5086.989746,-5.077978,2519.760742,0.000065,-0.032140,77.075424,1,-0.005322,4711.576660,16.963205,-1064.128662,-0.000216,0.013573,75.651398,1,-0.013094,4477.463379,16.129051,-1071.402100,-0.000206,0.013666,75.623581,-2537.486816,19592.753906,956.104736,34.625000,9.526733,-15.332520,0.000000,0.000000,0.000000,0.000000,0.000000,0.000000,0.000000,0.000000,0.000000
487,8.116667,-8.652954,0.000082,-40.125244,-23.868477,0.002007,9.221795,1.939455,-0.000894,25.587309,5214.842,2,0.000000,4,4,77.217148,1,0,0,-0.005006,0.999961,0.007244,-0.360394,0.004953,-0.932787,-0.004010,0.001411,0.000000,0.000000,0.000000,1,0.013268,5319.822266,-4.706002,2646.379883,0.000060,-0.033755,77.221054,1,0.005606,5086.165039,-4.492441,2521.820801,0.000057,-0.032166,77.213242,1,-0.005406,4710.643066,14.354680,-1063.435791,-0.000183,0.013564,75.785095,1,-0.013068,4476.995605,13.643428,-1069.713135,-0.000174,0.013644,75.758347,-2532.501953,19589.416016,958.311768,33.454590,8.702698,-14.076660,0.000000,0.000000,0.000000,0.000000,0.000000,0.000000,0.000000,0.000000,0.000000
488,8.133333,-9.051514,0.000113,-39.971313,-23.910685,0.001863,9.237767,1.939443,-0.000758,25.632433,5224.013,2,0.000000,4,4,77.352493,1,0,0,-0.005024,0.999961,0.007189,-0.360382,0.004895,-0.932792,-0.003299,0.001125,0.000000,0.000000,0.000000,1,0.013191,5319.138672,-4.110957,2639.785400,0.000052,-0.033671,77.354309,1,0.005619,5085.418945,-3.937597,2523.554443,0.000050,-0.032188,77.350677,1,-0.005478,4710.208984,11.991834,-1062.657471,-0.000153,0.013554,75.918694,1,-0.013050,4476.489258,11.397323,-1068.097656,-0.000145,0.013624,75.892860,-2527.888184,19587.367188,960.200439,32.792480,8.182983,-12.852539,0.000000,0.000000,0.000000,0.000000,0.000000,0.000000,0.000000,0.000000,0.000000
489,8.150000,-9.450684,0.000141,-39.817139,-23.952816,0.001691,9.253771,1.939433,-0.000630,25.677504,5233.170,2,0.000000,4,4,77.487595,1,0,0,-0.005039,0.999962,0.007145,-0.360373,0.004850,-0.932796,-0.002603,0.000856,0.000000,0.000000,0.000000,1,0.013125,5318.853027,-3.570256,2633.536865,0.000046,-0.033591,77.487457,1,0.005624,5084.524414,-3.413093,2524.824707,0.000044,-0.032204,77.487732,1,-0.005537,4710.106445,9.783480,-1061.834717,-0.000125,0.013544,76.052177,1,-0.013038,4475.778320,9.297103,-1066.529907,-0.000119,0.013604,76.027138,-2523.237061,19585.708984,961.850098,31.897949,7.415161,-10.902832,0.000000,0.000000,0.000000,0.000000,0.000000,0.000000,0.000000,0.000000,0.000000
490,8.166667,-9.850586,0.000166,-39.662598,-23.994869,0.001496,9.269802,1.939425,-0.000514,25.722507,5242.311,2,0.000000,4,4,77.622459,1,0,0,-0.005049,0.999962,0.007113,-0.360365,0.004816,-0.932799,-0.001932,0.000616,0.000000,0.000000,0.000000,1,0.013073,5319.029785,-3.046551,2627.664795,0.000039,-0.033516,77.620491,1,0.005623,5083.609375,-2.904734,2525.774902,0.000037,-0.032217,77.624428,1,-0.005585,4710.355469,7.817026,-1060.972046,-0.000100,0.013533,76.185539,1,-0.013034,4474.945801,7.434239,-1064.941650,-0.000095,0.013583,76.161186,-2518.853516,19584.781250,963.130127,29.177734,6.602722,-9.545410,0.000000,0.000000,0.000000,0.000000,0.000000,0.000000,0.000000,0.000000,0.000000
491,8.183333,-10.251221,0.000187,-39.507812,-24.036850,0.001288,9.285854,1.939418,-0.000410,25.767452,5251.435,2,0.000000,4,4,77.757072,1,0,0,-0.005056,0.999962,0.007091,-0.360359,0.004793,-0.932802,-0.001319,0.000403,0.000000,0.000000,0.000000,1,0.013032,5319.517090,-2.576457,2622.010254,0.000033,-0.033444,77.753387,1,0.005618,5082.721191,-2.461828,2526.391602,0.000031,-0.032224,77.760757,1,-0.005621,4710.827148,6.074588,-1060.071899,-0.000077,0.013521,76.318779,1,-0.013035,4474.021973,5.769371,-1063.398560,-0.000074,0.013564,76.295006,-2514.460938,19584.335938,964.087402,26.082031,6.041443,-8.284180,0.000000,0.000000,0.000000,0.000000,0.000000,0.000000,0.000000,0.000000,0.000000
492,8.200000,-10.652588,0.000205,-39.352783,-24.078758,0.001074,9.301923,1.939413,-0.000316,25.812336,5260.542,2,0.000000,4,4,77.891449,1,0,0,-0.005059,0.999962,0.007078,-0.360354,0.004780,-0.932803,-0.000772,0.000216,0.000000,0.000000,0.000000,1,0.013002,5320.285645,-2.100650,2616.571533,0.000027,-0.033375,77.886147,1,0.005609,5081.910156,-2.006569,2526.701172,0.000026,-0.032228,77.896751,1,-0.005647,4711.558105,4.530788,-1059.142578,-0.000058,0.013509,76.451889,1,-0.013040,4473.182129,4.301639,-1061.970947,-0.000055,0.013546,76.428596,-2510.051514,19584.644531,964.598572,22.914551,5.633728,-9.277344,0.000000,0.000000,0.000000,0.000000,0.000000,0.000000,0.000000,0.000000,0.000000
493,8.216666,-11.054565,0.000220,-39.197510,-24.120592,0.000863,9.318000,1.939409,-0.000228,25.857151,5269.632,2,0.000000,4,4,78.025597,1,0,0,-0.005060,0.999962,0.007074,-0.360350,0.004775,-0.932805,-0.000284,0.000025,0.000000,0.000000,0.000000,1,0.012983,5321.184082,-1.648470,2611.326904,0.000021,-0.033308,78.018776,1,0.005597,5080.985840,-1.574080,2526.715332,0.000020,-0.032229,78.032417,1,-0.005663,4712.574219,3.112280,-1058.205933,-0.000040,0.013498,76.584862,1,-0.013049,4472.365234,2.946069,-1060.541504,-0.000038,0.013527,76.561981,-2505.622314,19585.253906,964.901611,19.662109,5.106506,-7.298828,0.000000,0.000000,0.000000,0.000000,0.000000,0.000000,0.000000,0.000000,0.000000
494,8.233334,-11.457275,0.000231,-39.041992,-24.162352,0.000661,9.334082,1.939407,-0.000148,25.901907,5278.708,2,0.000000,4,4,78.159515,1,0,0,-0.005058,0.999962,0.007076,-0.360348,0.004778,-0.932806,0.000132,-0.000129,0.000000,0.000000,0.000000,1,0.012973,5322.191406,-1.241809,2606.252441,0.000016,-0.033243,78.151253,1,0.005582,5080.091797,-1.178318,2526.582275,0.000015,-0.032227,78.167778,1,-0.005671,4713.658203,1.826172,-1057.136230,-0.000023,0.013484,76.717697,1,-0.013061,4471.578613,1.739999,-1059.068726,-0.000022,0.013509,76.695160,-2501.448975,19586.066406,965.093994,16.434570,4.769897,-5.390137,0.000000,0.000000,0.000000,0.000000,0.000000,0.000000,0.000000,0.000000,0.000000
495,8.250000,-11.860718,0.000238,-38.886108,-24.204042,0.000469,9.350166,1.939405,-0.000073,25.946589,5287.769,2,0.000000,4,4,78.293205,1,0,0,-0.005054,0.999962,0.007084,-0.360347,0.004787,-0.932806,0.000479,-0.000249,0.000000,0.000000,0.000000,1,0.012971,5323.368164,-0.814409,2601.362793,0.000010,-0.033181,78.283592,1,0.005566,5079.407227,-0.784090,2526.251709,0.000010,-0.032223,78.302818,1,-0.005670,4714.828125,0.687819,-1056.076782,-0.000009,0.013470,76.850372,1,-0.013074,4470.846680,0.652229,-1057.703857,-0.000008,0.013491,76.828117,-2497.256348,19587.419922,964.975952,13.252441,4.282471,-1.405273,0.000000,0.000000,0.000000,0.000000,0.000000,0.000000,0.000000,0.000000,0.000000
496,8.266666,-12.264771,0.000243,-38.729980,-24.245663,0.000297,9.366249,1.939405,-0.000007,25.991207,5296.813,2,0.000000,4,4,78.426659,1,0,0,-0.005048,0.999962,0.007096,-0.360346,0.004800,-0.932806,0.000749,-0.000307,0.000000,0.000000,0.000000,1,0.012975,5324.593750,-0.432244,2596.585449,0.000006,-0.033120,78.415764,1,0.005550,5078.874512,-0.405309,2525.889404,0.000005,-0.032218,78.437553,1,-0.005665,4715.774414,0.550174,-1054.820190,-0.000008,0.013454,76.982895,1,-0.013090,4470.063965,0.517941,-1056.189209,-0.000008,0.013472,76.960876,-2494.142090,19588.609375,963.248230,10.947754,6.860168,-0.736328,0.000000,0.000000,0.000000,0.000000,0.000000,0.000000,0.000000,0.000000,0.000000
497,8.283334,-12.669556,0.000246,-38.573608,-24.287231,0.000141,9.382303,1.939407,0.000099,26.035769,5305.841,2,0.000000,4,4,78.559875,1,0,0,-0.005043,0.999962,0.007112,-0.360348,0.004817,-0.932805,0.000971,-0.000349,0.000000,0.000000,0.000000,1,0.012986,5325.916992,-0.043893,2592.093262,0.000001,-0.033062,78.547775,1,0.005535,5078.449707,-0.041853,2525.010010,0.000001,-0.032207,78.571976,1,-0.005655,4716.820312,-0.279783,-1053.409546,-0.000004,0.013436,77.115234,1,-0.013106,4469.363770,-0.314128,-1055.134766,-0.000003,0.013458,77.093414,-2490.019531,19590.199219,962.637085,7.953125,6.148254,0.073242,0.000000,0.000000,0.000000,0.000000,0.000000,0.000000,0.000000,0.000000,0.000000
498,8.300000,-13.075073,0.000246,-38.416992,-24.328732,0.000007,9.398347,1.939410,0.000194,26.080263,5314.854,2,0.000000,4,4,78.692871,1,0,0,-0.005036,0.999962,0.007131,-0.360351,0.004837,-0.932804,0.001130,-0.000372,0.000000,0.000000,0.000000,1,0.013003,5327.183105,0.009822,2587.646240,0.000000,-0.033006,78.679619,1,0.005520,5078.130371,0.011862,2524.090088,0.000000,-0.032195,78.706123,1,-0.005641,4717.767090,-1.405559,-1052.075684,0.000004,0.013419,77.247368,1,-0.013123,4468.694336,-1.439903,-1053.862549,0.000005,0.013442,77.225800,-2485.586670,19591.705078,963.233276,4.425781,5.274048,0.665527,0.000000,0.000000,0.000000,0.000000,0.000000,0.000000,0.000000,0.000000,0.000000
499,8.316667,-13.481201,0.000244,-38.260132,-24.370157,-0.000107,9.414401,1.939414,0.000276,26.124687,5323.852,2,0.000000,4,4,78.825645,1,0,0,-0.005030,0.999962,0.007152,-0.360355,0.004858,-0.932802,0.001218,-0.000376,0.000000,0.000000,0.000000,1,0.013022,5328.355469,0.076761,2583.159668,-0.000000,-0.032948,78.811302,1,0.005507,5077.876953,0.078800,2523.085693,-0.000000,-0.032182,78.839989,1,-0.005625,4718.636230,-2.725572,-1050.792480,0.000016,0.013403,77.379311,1,-0.013140,4468.166504,-2.759916,-1052.544067,0.000016,0.013425,77.358002,-2480.901611,19593.203125,964.124268,0.082031,3.660706,0.733887,0.000000,0.000000,0.000000,0.000000,0.000000,0.000000,0.000000,0.000000,0.000000
500,8.333333,-13.888062,0.000241,-38.102905,-24.411505,-0.000201,9.430470,1.939420,0.000332,26.169046,5332.834,2,0.000000,4,4,78.958199,1,0,0,-0.005024,0.999961,0.007172,-0.360360,0.004880,-0.932800,0.001218,-0.000366,0.000000,0.000000,0.000000,1,0.013043,5329.291016,0.147716,2578.509277,-0.000001,-0.032889,78.942818,1,0.005495,5077.761719,0.149756,2522.123047,-0.000001,-0.032170,78.973579,1,-0.005608,4719.372070,-4.089540,-1049.623291,0.000029,0.013388,77.511063,1,-0.013156,4467.842773,-4.120526,-1051.122437,0.000030,0.013407,77.490005,-2476.064453,19594.625000,965.040710,-1.078125,3.056458,1.407227,0.000000,0.000000,0.000000,0.000000,0.000000,0.000000,0.000000,0.000000,0.000000
501,8.350000,-14.295654,0.000236,-37.945435,-24.452772,-0.000276,9.446553,1.939426,0.000379,26.213345,5341.802,2,0.000000,4,4,79.090546,1,0,0,-0.005018,0.999962,0.007192,-0.360366,0.004900,-0.932798,0.001193,-0.000343,0.000000,0.000000,0.000000,1,0.013065,5330.169434,0.291563,2573.959229,-0.000002,-0.032831,79.074196,1,0.005486,5077.735840,0.296960,2521.126953,-0.000002,-0.032157,79.106903,1,-0.005591,4720.025879,-5.479384,-1048.396729,0.000044,0.013372,77.642647,1,-0.013170,4467.592285,-5.512483,-1049.668213,0.000045,0.013389,77.621803,-2471.406006,19596.041016,965.929443,-2.646973,1.788635,1.911133,0.000000,0.000000,0.000000,0.000000,0.000000,0.000000,0.000000,0.000000,0.000000
502,8.366667,-14.703857,0.000231,-37.787720,-24.493961,-0.000330,9.462652,1.939432,0.000406,26.257563,5350.755,2,0.000000,4,4,79.222672,1,0,0,-0.005013,0.999961,0.007211,-0.360372,0.004920,-0.932796,0.001135,-0.000310,0.000000,0.000000,0.000000,1,0.013088,5330.959473,0.510587,2569.358643,-0.000004,-0.032772,79.205406,1,0.005478,5077.794434,0.513873,2520.106934,-0.000004,-0.032144,79.239944,1,-0.005573,4720.576172,-6.781960,-1047.229492,0.000060,0.013358,77.774048,1,-0.013183,4467.411133,-6.815059,-1048.209351,0.000060,0.013370,77.753387,-2466.742188,19597.384766,966.472534,-3.900879,0.666138,2.266113,0.000000,0.000000,0.000000,0.000000,0.000000,0.000000,0.000000,0.000000,0.000000
503,8.383333,-15.112793,0.000224,-37.629761,-24.535074,-0.000367,9.478760,1.939439,0.000416,26.301716,5359.695,2,0.000000,4,4,79.354591,1,0,0,-0.005009,0.999961,0.007228,-0.360379,0.004938,-0.932793,0.001051,-0.000268,0.000000,0.000000,0.000000,1,0.013110,5331.640625,0.823101,2564.765381,-0.000006,-0.032714,79.336464,1,0.005473,5077.930176,0.823029,2519.098877,-0.000006,-0.032131,79.372719,1,-0.005557,4721.001953,-7.920005,-1046.056030,0.000075,0.013343,77.905281,1,-0.013194,4467.291504,-7.953103,-1046.629395,0.000076,0.013350,77.884758,-2462.400391,19598.593750,966.588013,-4.820312,-0.123718,2.415527,0.000000,0.000000,0.000000,0.000000,0.000000,0.000000,0.000000,0.000000,0.000000
504,8.400000,-15.522339,0.000218,-37.471558,-24.576115,-0.000386,9.494869,1.939446,0.000414,26.345800,5368.619,2,0.000000,4,4,79.486290,1,0,0,-0.005005,0.999961,0.007244,-0.360385,0.004954,-0.932790,0.000947,-0.000221,0.000000,0.000000,0.000000,1,0.013131,5332.190918,1.255374,2560.154785,-0.000010,-0.032655,79.467369,1,0.005469,5078.100586,1.257414,2517.979248,-0.000010,-0.032117,79.505219,1,-0.005541,4721.347168,-6.971965,-1044.885864,0.000089,0.013328,78.036339,1,-0.013204,4467.268066,-6.604071,-1045.108887,0.000084,0.013330,78.015900,-2459.615723,19599.693359,962.139526,-4.824219,4.998169,2.416504,0.000000,0.000000,0.000000,0.000000,0.000000,0.000000,0.000000,0.000000,0.000000
505,8.416667,-15.932617,0.000211,-37.312988,-24.617107,-0.000391,9.510905,1.939454,0.000491,26.389814,5377.529,2,0.000000,4,4,79.617783,1,0,0,-0.005002,0.999961,0.007258,-0.360393,0.004968,-0.932787,0.000844,-0.000175,0.000000,0.000000,0.000000,1,0.013151,5332.622070,1.810560,2556.071045,-0.000015,-0.032603,79.598114,1,0.005467,5078.278809,1.809242,2516.353271,-0.000015,-0.032096,79.637451,1,-0.005527,4721.525391,-7.960474,-1043.081787,0.000102,0.013305,78.167229,1,-0.013212,4467.173340,-7.531421,-1044.063477,0.000096,0.013317,78.146820,-2455.565918,19600.369141,961.465393,-5.345703,1.954712,2.303223,0.000000,0.000000,0.000000,0.000000,0.000000,0.000000,0.000000,0.000000,0.000000
506,8.433333,-16.343628,0.000205,-37.154175,-24.658033,-0.000386,9.526930,1.939463,0.000520,26.433767,5386.425,2,0.000000,4,4,79.749069,1,0,0,-0.005000,0.999961,0.007270,-0.360401,0.004980,-0.932784,0.000731,-0.000128,0.000000,0.000000,0.000000,1,0.013170,5333.028320,2.253933,2551.818848,-0.000020,-0.032549,79.728699,1,0.005467,5078.553711,2.254727,2514.927979,-0.000020,-0.032078,79.769440,1,-0.005515,4721.700195,-8.434855,-1041.783081,0.000108,0.013288,78.297852,1,-0.013218,4467.225586,-7.972582,-1042.674072,0.000102,0.013299,78.277588,-2451.676270,19601.302734,960.016357,-5.401855,1.910767,2.217773,0.000000,0.000000,0.000000,0.000000,0.000000,0.000000,0.000000,0.000000,0.000000
507,8.450000,-16.755249,0.000199,-36.995117,-24.698895,-0.000369,9.542931,1.939472,0.000550,26.477648,5395.308,2,0.000000,4,4,79.880142,1,0,0,-0.004998,0.999961,0.007281,-0.360409,0.004990,-0.932781,0.000616,-0.000082,0.000000,0.000000,0.000000,1,0.013186,5333.260254,2.688277,2547.581787,-0.000025,-0.032495,79.859123,1,0.005468,5078.756836,2.689070,2513.339844,-0.000025,-0.032058,79.901169,1,-0.005505,4721.760742,-8.970273,-1040.405884,0.000114,0.013270,78.428284,1,-0.013223,4467.256836,-8.486501,-1041.272705,0.000108,0.013282,78.408157,-2447.677734,19601.783203,958.691345,-5.296875,1.518677,2.211914,0.000000,0.000000,0.000000,0.000000,0.000000,0.000000,0.000000,0.000000,0.000000
508,8.466666,-17.167603,0.000193,-36.835815,-24.739689,-0.000344,9.558908,1.939481,0.000573,26.521458,5404.175,2,0.000000,4,4,80.011009,1,0,0,-0.004997,0.999961,0.007289,-0.360418,0.004998,-0.932777,0.000504,-0.000037,0.000000,0.000000,0.000000,1,0.013201,5333.469727,2.330069,2543.432617,-0.000030,-0.032442,79.989380,1,0.005470,5079.019043,2.225680,2511.756104,-0.000028,-0.032038,80.032646,1,-0.005496,4721.727539,-9.519424,-1039.015259,0.000121,0.013253,78.558517,1,-0.013227,4467.287598,-9.006150,-1039.835938,0.000115,0.013263,78.538521,-2443.193848,19602.203125,959.012939,-5.357910,3.102966,2.604980,0.000000,0.000000,0.000000,0.000000,0.000000,0.000000,0.000000,0.000000,0.000000
509,8.483334,-17.580566,0.000188,-36.676270,-24.780409,-0.000314,9.574892,1.939491,0.000620,26.565201,5413.029,2,0.000000,4,4,80.141663,1,0,0,-0.004998,0.999961,0.007296,-0.360428,0.005004,-0.932774,0.000389,0.000013,0.000000,0.000000,0.000000,1,0.013214,5333.576660,2.570389,2539.453369,-0.000033,-0.032391,80.119461,1,0.005473,5079.321777,2.447769,2509.964844,-0.000031,-0.032015,80.163872,1,-0.005490,4721.605957,-10.246459,-1037.492310,0.000131,0.013233,78.688545,1,-0.013231,4467.342285,-9.694326,-1038.581909,0.000124,0.013247,78.668671,-2438.964844,19602.484375,958.429871,-5.121582,2.112244,2.302734,0.000000,0.000000,0.000000,0.000000,0.000000,0.000000,0.000000,0.000000,0.000000
510,8.500000,-17.994263,0.000183,-36.516479,-24.821058,-0.000280,9.590866,1.939502,0.000652,26.608868,5421.868,2,0.000000,4,4,80.272110,1,0,0,-0.004999,0.999961,0.007300,-0.360438,0.005008,-0.932770,0.000279,0.000059,0.000000,0.000000,0.000000,1,0.013225,5333.661621,2.666564,2535.494629,-0.000034,-0.032340,80.249374,1,0.005478,5079.676758,2.553141,2508.199951,-0.000033,-0.031992,80.294853,1,-0.005486,4721.414551,-10.783543,-1036.111450,0.000138,0.013216,78.818352,1,-0.013232,4467.440918,-10.203091,-1037.174805,0.000130,0.013229,78.798637,-2434.828613,19602.779297,957.767700,-4.771973,2.068054,2.509277,0.000000,0.000000,0.000000,0.000000,0.000000,0.000000,0.000000,0.000000,0.000000
511,8.516666,-18.408569,0.000179,-36.356323,-24.861639,-0.000242,9.606829,1.939514,0.000684,26.652473,5430.693,2,0.000000,4,4,80.402344,1,0,0,-0.005000,0.999961,0.007303,-0.360449,0.005010,-0.932765,0.000176,0.000106,0.000000,0.000000,0.000000,1,0.013233,5333.622070,2.740901,2531.533936,-0.000035,-0.032290,80.379112,1,0.005484,5079.975586,2.603635,2506.319336,-0.000033,-0.031968,80.425583,1,-0.005484,4721.164062,-11.349874,-1034.679688,0.000145,0.013197,78.947960,1,-0.013234,4467.486328,-10.739596,-1035.805176,0.000137,0.013212,78.928398,-2430.546143,19602.740234,957.194153,-4.375977,1.949951,1.593750,0.000000,0.000000,0.000000,0.000000,0.000000,0.000000,0.000000,0.000000,0.000000
512,8.533334,-18.823608,0.000176,-36.195923,-24.902147,-0.000204,9.622782,1.939525,0.000713,26.696007,5439.503,2,0.000000,4,4,80.532364,1,0,0,-0.005002,0.999961,0.007305,-0.360460,0.005011,-0.932761,0.000084,0.000140,0.000000,0.000000,0.000000,1,0.013240,5333.556152,2.807843,2527.645752,-0.000036,-0.032240,80.508667,1,0.005490,5080.266602,2.674389,2504.360840,-0.000034,-0.031943,80.556061,1,-0.005484,4720.856445,-11.875268,-1033.287598,0.000151,0.013180,79.077354,1,-0.013234,4467.573730,-11.245034,-1034.409790,0.000143,0.013194,79.057961,-2426.275879,19602.658203,956.535278,-3.310059,1.890015,0.593750,0.000000,0.000000,0.000000,0.000000,0.000000,0.000000,0.000000,0.000000,0.000000
513,8.550000,-19.239258,0.000173,-36.035278,-24.942585,-0.000168,9.638724,1.939538,0.000742,26.739471,5448.300,2,0.000000,4,4,80.662178,1,0,0,-0.005005,0.999961,0.007305,-0.360471,0.005010,-0.932757,0.000016,0.000157,0.000000,0.000000,0.000000,1,0.013246,5333.505371,2.838918,2523.834961,-0.000036,-0.032192,80.638054,1,0.005496,5080.510742,2.710932,2502.342285,-0.000035,-0.031918,80.686310,1,-0.005485,4720.636719,-12.406901,-1031.906616,0.000158,0.013162,79.206551,1,-0.013235,4467.651367,-11.748845,-1032.991211,0.000150,0.013176,79.187317,-2422.005859,19602.648438,955.957642,-2.377930,1.721924,0.435547,0.000000,0.000000,0.000000,0.000000,0.000000,0.000000,0.000000,0.000000,0.000000
514,8.566667,-19.655640,0.000171,-35.874390,-24.982952,-0.000132,9.654657,1.939551,0.000769,26.782867,5457.082,2,0.000000,4,4,80.791779,1,0,0,-0.005008,0.999961,0.007305,-0.360483,0.005008,-0.932752,-0.000033,0.000170,0.000000,0.000000,0.000000,1,0.013249,5333.394531,2.862745,2520.039795,-0.000037,-0.032143,80.767250,1,0.005502,5080.697266,2.726987,2500.233643,-0.000035,-0.031891,80.816315,1,-0.005488,4720.366699,-12.905624,-1030.551758,0.000165,0.013145,79.335541,1,-0.013235,4467.658203,-12.221509,-1031.605591,0.000156,0.013158,79.316467,-2417.623047,19602.367188,955.299255,-2.651855,1.422913,0.269531,0.000000,0.000000,0.000000,0.000000,0.000000,0.000000,0.000000,0.000000,0.000000
515,8.583333,-20.072754,0.000169,-35.713257,-25.023247,-0.000099,9.670579,1.939564,0.000790,26.826189,5465.850,2,0.000000,4,4,80.921173,1,0,0,-0.005011,0.999961,0.007303,-0.360496,0.005006,-0.932747,-0.000087,0.000181,0.000000,0.000000,0.000000,1,0.013252,5333.288574,2.907832,2516.395996,-0.000037,-0.032097,80.896278,1,0.005509,5080.912598,2.770104,2498.115479,-0.000035,-0.031864,80.946075,1,-0.005491,4720.132812,-13.294432,-1029.181519,0.000170,0.013127,79.464333,1,-0.013234,4467.755371,-12.583028,-1030.135376,0.000160,0.013139,79.445419,-2413.563477,19602.289062,954.477173,-2.168457,1.593140,0.181152,0.000000,0.000000,0.000000,0.000000,0.000000,0.000000,0.000000,0.000000,0.000000
516,8.600000,-20.490479,0.000168,-35.551758,-25.063473,-0.000068,9.686487,1.939577,0.000815,26.869450,5474.605,2,0.000000,4,4,81.050354,1,0,0,-0.005014,0.999961,0.007301,-0.360508,0.005003,-0.932743,-0.000131,0.000190,0.000000,0.000000,0.000000,1,0.013253,5333.141113,2.945659,2512.749756,-0.000038,-0.032050,81.025108,1,0.005515,5081.107910,2.813083,2495.938965,-0.000036,-0.031836,81.075607,1,-0.005495,4719.838867,-13.735899,-1027.775391,0.000175,0.013109,79.592926,1,-0.013234,4467.803711,-12.994491,-1028.703491,0.000166,0.013121,79.574150,-2409.404785,19602.023438,953.735840,-1.719727,1.532593,0.010742,0.000000,0.000000,0.000000,0.000000,0.000000,0.000000,0.000000,0.000000,0.000000
517,8.616667,-20.908813,0.000167,-35.390015,-25.103630,-0.000040,9.702383,1.939591,0.000838,26.912632,5483.343,2,0.000000,4,4,81.179321,1,0,0,-0.005017,0.999961,0.007298,-0.360521,0.004999,-0.932738,-0.000165,0.000195,0.000000,0.000000,0.000000,1,0.013254,5332.975098,2.990444,2509.137695,-0.000038,-0.032004,81.153755,1,0.005521,5081.246582,2.842400,2493.648193,-0.000036,-0.031807,81.204895,1,-0.005500,4719.555664,-14.145092,-1026.364014,0.000180,0.013091,79.721313,1,-0.013233,4467.836426,-13.390011,-1027.302979,0.000171,0.013103,79.702675,-2405.161621,19601.669922,952.918213,-1.943848,1.118347,-0.036621,0.000000,0.000000,0.000000,0.000000,0.000000,0.000000,0.000000,0.000000,0.000000
518,8.633333,-21.327881,0.000167,-35.228027,-25.143717,-0.000017,9.718265,1.939606,0.000855,26.955748,5492.069,2,0.000000,4,4,81.308075,1,0,0,-0.005020,0.999961,0.007295,-0.360535,0.004995,-0.932732,-0.000204,0.000201,0.000000,0.000000,0.000000,1,0.013253,5332.815918,2.978499,2505.559570,-0.000038,-0.031959,81.282204,1,0.005527,5081.483398,2.851466,2491.444336,-0.000036,-0.031779,81.333954,1,-0.005506,4719.280273,-14.468249,-1025.020264,0.000185,0.013074,79.849495,1,-0.013232,4467.947754,-13.704340,-1025.857910,0.000175,0.013085,79.830994,-2401.042236,19601.558594,952.052429,-0.803223,1.174194,-0.058594,0.000000,0.000000,0.000000,0.000000,0.000000,0.000000,0.000000,0.000000,0.000000
519,8.650000,-21.747559,0.000167,-35.065796,-25.183735,0.000004,9.734132,1.939620,0.000873,26.998793,5500.779,2,0.000000,4,4,81.436607,1,0,0,-0.005023,0.999961,0.007292,-0.360548,0.004990,-0.932727,-0.000220,0.000202,0.000000,0.000000,0.000000,1,0.013251,5332.671875,2.994860,2502.057373,-0.000038,-0.031914,81.410461,1,0.005533,5081.606934,2.853718,2489.062744,-0.000036,-0.031748,81.462761,1,-0.005512,4719.040527,-14.813550,-1023.617004,0.000189,0.013056,79.977486,1,-0.013231,4467.975586,-14.010171,-1024.414673,0.000179,0.013067,79.959106,-2396.884033,19601.279297,951.163879,-0.439453,1.215210,-0.043945,0.000000,0.000000,0.000000,0.000000,0.000000,0.000000,0.000000,0.000000,0.000000
520,8.666667,-22.167969,0.000168,-34.903320,-25.223682,0.000022,9.749985,1.939635,0.000892,27.041769,5509.475,2,0.000000,4,4,81.564926,1,0,0,-0.005027,0.999961,0.007288,-0.360562,0.004985,-0.932722,-0.000229,0.000203,0.000000,0.000000,0.000000,1,0.013250,5332.527832,3.018229,2498.598145,-0.000038,-0.031870,81.538521,1,0.005538,5081.750000,2.869421,2486.704102,-0.000037,-0.031718,81.591347,1,-0.005518,4718.735840,-15.142190,-1022.192139,0.000193,0.013038,80.105270,1,-0.013230,4467.957520,-14.336725,-1022.954224,0.000183,0.013048,80.087006,-2392.829102,19600.900391,950.298340,-0.746094,0.928101,-0.251953,0.000000,0.000000,0.000000,0.000000,0.000000,0.000000,0.000000,0.000000,0.000000
521,8.683333,-22.588989,0.000168,-34.740601,-25.263563,0.000034,9.765823,1.939650,0.000906,27.084675,5518.156,2,0.000000,4,4,81.693031,1,0,0,-0.005030,0.999961,0.007284,-0.360576,0.004980,-0.932716,-0.000243,0.000202,0.000000,0.000000,0.000000,1,0.013247,5332.399414,3.027456,2495.123047,-0.000039,-0.031826,81.666382,1,0.005544,5081.929199,2.885103,2484.291016,-0.000037,-0.031687,81.719688,1,-0.005525,4718.521484,-15.385763,-1020.896606,0.000196,0.013022,80.232841,1,-0.013228,4468.050781,-14.582811,-1021.609802,0.000186,0.013031,80.214691,-2388.534424,19600.830078,949.178284,0.275391,1.030090,-0.202637,0.000000,0.000000,0.000000,0.000000,0.000000,0.000000,0.000000,0.000000,0.000000
522,8.700000,-23.010742,0.000169,-34.577515,-25.303371,0.000046,9.781643,1.939666,0.000922,27.127510,5526.823,2,0.000000,4,4,81.820915,1,0,0,-0.005033,0.999961,0.007280,-0.360591,0.004975,-0.932711,-0.000237,0.000198,0.000000,0.000000,0.000000,1,0.013245,5332.281738,3.029639,2491.747803,-0.000039,-0.031782,81.794044,1,0.005549,5082.020020,2.893995,2481.811523,-0.000037,-0.031656,81.847794,1,-0.005532,4718.274414,-15.674388,-1019.438721,0.000200,0.013003,80.360229,1,-0.013228,4468.023926,-14.842261,-1020.119629,0.000189,0.013012,80.342178,-2384.531738,19600.488281,948.249390,0.507812,1.093872,0.311035,0.000000,0.000000,0.000000,0.000000,0.000000,0.000000,0.000000,0.000000,0.000000
523,8.716666,-23.433105,0.000170,-34.414185,-25.343113,0.000052,9.797447,1.939681,0.000939,27.170275,5535.475,2,0.000000,4,4,81.948586,1,0,0,-0.005036,0.999961,0.007276,-0.360605,0.004971,-0.932705,-0.000228,0.000201,0.000000,0.000000,0.000000,1,0.013242,5332.221680,3.080981,2488.468262,-0.000039,-0.031741,81.921509,1,0.005554,5082.172852,2.943034,2479.364258,-0.000038,-0.031625,81.975677,1,-0.005539,4718.010254,-15.939134,-1017.999146,0.000203,0.012985,80.487404,1,-0.013227,4467.962891,-15.093580,-1018.656738,0.000193,0.012993,80.469452,-2380.649658,19600.234375,947.237122,1.230469,0.883850,0.002441,0.000000,0.000000,0.000000,0.000000,0.000000,0.000000,0.000000,0.000000,0.000000
524,8.733334,-23.856201,0.000171,-34.250610,-25.382790,0.000056,9.813234,1.939697,0.000953,27.212973,5544.113,2,0.000000,4,4,82.076027,1,0,0,-0.005039,0.999961,0.007273,-0.360620,0.004966,-0.932700,-0.000203,0.000197,0.000000,0.000000,0.000000,1,0.013240,5332.199219,3.062121,2485.104492,-0.000039,-0.031698,82.048752,1,0.005558,5082.301270,2.918455,2476.783936,-0.000037,-0.031592,82.103310,1,-0.005545,4717.837402,-16.210989,-1016.688660,0.000207,0.012968,80.614365,1,-0.013227,4467.919922,-15.358640,-1017.246643,0.000196,0.012975,80.596512,-2376.336182,19600.128906,946.235229,1.323730,0.905151,-0.597168,0.000000,0.000000,0.000000,0.000000,0.000000,0.000000,0.000000,0.000000,0.000000
525,8.750000,-24.279907,0.000172,-34.086792,-25.422396,0.000058,9.829005,1.939713,0.000967,27.255596,5552.734,2,0.000000,4,4,82.203255,1,0,0,-0.005042,0.999961,0.007270,-0.360635,0.004963,-0.932694,-0.000175,0.000185,0.000000,0.000000,0.000000,1,0.013239,5332.218750,3.064341,2481.829346,-0.000039,-0.031656,82.175797,1,0.005563,5082.347168,2.920583,2474.177002,-0.000037,-0.031558,82.230721,1,-0.005552,4717.685547,-16.466860,-1015.301331,0.000210,0.012950,80.741135,1,-0.013228,4467.833496,-15.586697,-1015.819519,0.000199,0.012957,80.723366,-2372.203857,19599.947266,945.195801,1.271973,0.854736,-0.596191,0.000000,0.000000,0.000000,0.000000,0.000000,0.000000,0.000000,0.000000,0.000000
526,8.766666,-24.704224,0.000173,-33.922729,-25.461933,0.000057,9.844758,1.939730,0.000980,27.298151,5561.341,2,0.000000,4,4,82.330261,1,0,0,-0.005045,0.999961,0.007268,-0.360650,0.004959,-0.932688,-0.000148,0.000173,0.000000,0.000000,0.000000,1,0.013237,5332.210449,3.073529,2478.542969,-0.000039,-0.031614,82.302635,1,0.005567,5082.428223,2.929390,2471.515869,-0.000037,-0.031524,82.357895,1,-0.005558,4717.544922,-16.699181,-1013.937988,0.000213,0.012933,80.867699,1,-0.013228,4467.743164,-15.814052,-1014.439880,0.000202,0.012939,80.850006,-2367.957031,19599.785156,944.072266,0.660156,0.379089,0.054199,0.000000,0.000000,0.000000,0.000000,0.000000,0.000000,0.000000,0.000000,0.000000
527,8.783334,-25.129272,0.000173,-33.758423,-25.501400,0.000054,9.860493,1.939746,0.000986,27.340635,5569.934,2,0.000000,4,4,82.457054,1,0,0,-0.005048,0.999961,0.007266,-0.360666,0.004956,-0.932682,-0.000135,0.000172,0.000000,0.000000,0.000000,1,0.013236,5332.220703,3.040864,2475.294922,-0.000039,-0.031573,82.429268,1,0.005570,5082.543945,2.898316,2468.959717,-0.000037,-0.031492,82.484856,1,-0.005563,4717.372070,-16.816843,-1012.544922,0.000215,0.012915,80.994064,1,-0.013229,4467.693848,-15.925883,-1012.924805,0.000203,0.012920,80.976448,-2364.052002,19599.697266,942.921753,0.038086,0.171265,-0.079102,0.000000,0.000000,0.000000,0.000000,0.000000,0.000000,0.000000,0.000000,0.000000
528,8.800000,-25.554932,0.000174,-33.593872,-25.540800,0.000050,9.876208,1.939763,0.000988,27.383059,5578.512,2,0.000000,4,4,82.583618,1,0,0,-0.005051,0.999961,0.007263,-0.360681,0.004953,-0.932676,-0.000134,0.000170,0.000000,0.000000,0.000000,1,0.013235,5332.196289,3.015250,2471.994385,-0.000038,-0.031531,82.555679,1,0.005574,5082.646484,2.867337,2466.301514,-0.000037,-0.031458,82.611565,1,-0.005569,4717.203613,-16.873560,-1011.188538,0.000215,0.012898,81.120232,1,-0.013230,4467.662598,-15.980053,-1011.476135,0.000204,0.012901,81.102669,-2359.952393,19599.578125,941.561157,0.754395,0.617432,-0.101074,0.000000,0.000000,0.000000,0.000000,0.000000,0.000000,0.000000,0.000000,0.000000
529,8.816667,-25.981323,0.000175,-33.428955,-25.580133,0.000044,9.891901,1.939779,0.000998,27.425396,5587.074,2,0.000000,4,4,82.709969,1,0,0,-0.005053,0.999961,0.007262,-0.360697,0.004950,-0.932670,-0.000118,0.000167,0.000000,0.000000,0.000000,1,0.013235,5332.229492,3.031472,2468.788330,-0.000039,-0.031490,82.681892,1,0.005578,5082.778320,2.896119,2463.647217,-0.000037,-0.031424,82.738052,1,-0.005575,4717.060547,-17.005896,-1009.728149,0.000217,0.012879,81.246201,1,-0.013231,4467.609375,-16.105669,-1010.070679,0.000205,0.012884,81.228676,-2355.984619,19599.564453,940.300171,0.808594,0.674744,-0.224121,0.000000,0.000000,0.000000,0.000000,0.000000,0.000000,0.000000,0.000000,0.000000
530,8.833333,-26.408325,0.000176,-33.263794,-25.619400,0.000038,9.907573,1.939796,0.001008,27.467672,5595.622,2,0.000000,4,4,82.836090,1,0,0,-0.005056,0.999961,0.007260,-0.360712,0.004948,-0.932664,-0.000101,0.000161,0.000000,0.000000,0.000000,1,0.013234,5332.284668,3.040723,2465.569336,-0.000039,-0.031449,82.807884,1,0.005581,5082.890137,2.898342,2460.899902,-0.000037,-0.031389,82.864304,1,-0.005580,4716.936523,-17.183250,-1008.336914,0.000219,0.012861,81.371956,1,-0.013233,4467.530273,-16.273767,-1008.666138,0.000208,0.012866,81.354477,-2351.809082,19599.542969,939.089355,0.781250,0.596924,-0.851074,0.000000,0.000000,0.000000,0.000000,0.000000,0.000000,0.000000,0.000000,0.000000
531,8.850000,-26.835938,0.000176,-33.098389,-25.658596,0.000032,9.923224,1.939813,0.001018,27.509874,5604.155,2,0.000000,4,4,82.961990,1,0,0,-0.005058,0.999961,0.007259,-0.360728,0.004945,-0.932658,-0.000083,0.000148,0.000000,0.000000,0.000000,1,0.013234,5332.320801,3.063805,2462.370605,-0.000039,-0.031408,82.933662,1,0.005585,5082.944824,2.920353,2458.139404,-0.000037,-0.031354,82.990326,1,-0.005585,4716.865723,-17.315031,-1006.919922,0.000221,0.012843,81.497505,1,-0.013234,4467.498535,-16.405840,-1007.251587,0.000209,0.012848,81.480072,-2347.715332,19599.544922,937.786316,0.830566,0.729126,-3.067383,0.000000,0.000000,0.000000,0.000000,0.000000,0.000000,0.000000,0.000000,0.000000
532,8.866667,-27.264282,0.000177,-32.932739,-25.697725,0.000025,9.938854,1.939830,0.001029,27.552006,5612.673,2,0.000000,4,4,83.087677,1,0,0,-0.005060,0.999961,0.007258,-0.360744,0.004944,-0.932652,-0.000057,0.000106,0.000000,0.000000,0.000000,1,0.013234,5332.288086,3.038339,2459.141846,-0.000039,-0.031367,83.059242,1,0.005587,5082.844727,2.896039,2455.220947,-0.000037,-0.031317,83.116127,1,-0.005588,4716.944824,-17.544905,-1005.585083,0.000224,0.012826,81.622849,1,-0.013235,4467.501953,-16.608999,-1005.906372,0.000212,0.012830,81.605461,-2343.208984,19599.501953,936.607910,0.870605,0.119263,-2.208984,0.000000,0.000000,0.000000,0.000000,0.000000,0.000000,0.000000,0.000000,0.000000
533,8.883333,-27.693237,0.000177,-32.766846,-25.736778,0.000018,9.954464,1.939847,0.001031,27.594055,5621.176,2,0.000000,4,4,83.213150,1,0,0,-0.005061,0.999961,0.007257,-0.360760,0.004943,-0.932645,-0.000032,0.000074,0.000000,0.000000,0.000000,1,0.013234,5332.359375,2.985378,2456.015137,-0.000038,-0.031327,83.184608,1,0.005589,5082.817871,2.852092,2452.498779,-0.000036,-0.031282,83.241707,1,-0.005590,4717.042969,-17.608774,-1004.174194,0.000225,0.012808,81.747993,1,-0.013236,4467.501465,-16.669151,-1004.361938,0.000213,0.012811,81.730659,-2339.333008,19599.681641,935.391846,0.841797,0.460999,-0.992676,0.000000,0.000000,0.000000,0.000000,0.000000,0.000000,0.000000,0.000000,0.000000
534,8.900000,-28.122803,0.000177,-32.600708,-25.775766,0.000014,9.970054,1.939865,0.001038,27.636042,5629.665,2,0.000000,4,4,83.338394,1,0,0,-0.005062,0.999961,0.007257,-0.360776,0.004942,-0.932639,-0.000012,0.000059,0.000000,0.000000,0.000000,1,0.013235,5332.389160,3.001559,2452.859375,-0.000038,-0.031286,83.309746,1,0.005590,5082.784668,2.854316,2449.654541,-0.000036,-0.031246,83.367050,1,-0.005592,4717.057129,-17.709724,-1002.737854,0.000226,0.012790,81.872932,1,-0.013237,4467.452637,-16.771635,-1002.909424,0.000214,0.012792,81.855629,-2335.267334,19599.644531,934.064514,0.832520,0.604309,-1.198242,0.000000,0.000000,0.000000,0.000000,0.000000,0.000000,0.000000,0.000000,0.000000
535,8.916667,-28.553101,0.000177,-32.434326,-25.814688,0.000009,9.985621,1.939882,0.001047,27.677956,5638.138,2,0.000000,4,4,83.463425,1,0,0,-0.005062,0.999961,0.007257,-0.360792,0.004942,-0.932633,0.000008,0.000041,0.000000,0.000000,0.000000,1,0.013235,5332.444824,2.997046,2449.743652,-0.000038,-0.031247,83.434677,1,0.005591,5082.757324,2.856544,2446.815430,-0.000036,-0.031209,83.492180,1,-0.005593,4717.108398,-17.855536,-1001.286926,0.000228,0.012772,81.997665,1,-0.013238,4467.421387,-16.916513,-1001.494751,0.000216,0.012774,81.980385,-2331.182617,19599.708984,932.845703,1.342773,0.321106,-1.278320,0.000000,0.000000,0.000000,0.000000,0.000000,0.000000,0.000000,0.000000,0.000000
536,8.933333,-28.984009,0.000177,-32.267700,-25.853540,0.000005,10.001169,1.939900,0.001052,27.719801,5646.597,2,0.000000,4,4,83.588226,1,0,0,-0.005063,0.999961,0.007258,-0.360809,0.004943,-0.932627,0.000039,0.000020,0.000000,0.000000,0.000000,1,0.013236,5332.507812,2.985678,2446.595459,-0.000038,-0.031207,83.559387,1,0.005591,5082.652832,2.845617,2443.929443,-0.000036,-0.031173,83.617073,1,-0.005594,4717.201660,-17.956202,-999.881042,0.000229,0.012754,82.122185,1,-0.013239,4467.324219,-16.996944,-1000.031372,0.000217,0.012756,82.104935,-2327.060791,19599.658203,931.516235,1.104980,0.036804,-0.696777,0.000000,0.000000,0.000000,0.000000,0.000000,0.000000,0.000000,0.000000,0.000000
537,8.950000,-29.415527,0.000177,-32.100708,-25.892324,0.000000,10.016694,1.939917,0.001053,27.761572,5655.040,2,0.000000,4,4,83.712814,1,0,0,-0.005063,0.999961,0.007259,-0.360825,0.004944,-0.932620,0.000063,0.000008,0.000000,0.000000,0.000000,1,0.013238,5332.634277,2.946912,2443.478027,-0.000038,-0.031167,83.683891,1,0.005591,5082.612793,2.802034,2441.089111,-0.000036,-0.031136,83.741753,1,-0.005594,4717.273926,-17.974310,-998.491333,0.000229,0.012736,82.246498,1,-0.013240,4467.270508,-17.020720,-998.543884,0.000217,0.012737,82.229271,-2323.045166,19599.789062,930.143188,0.341797,0.177307,-0.292480,0.000000,0.000000,0.000000,0.000000,0.000000,0.000000,0.000000,0.000000,0.000000
538,8.966666,-29.847656,0.000177,-31.933472,-25.931042,-0.000003,10.032196,1.939935,0.001056,27.803274,5663.469,2,0.000000,4,4,83.837173,1,0,0,-0.005063,0.999961,0.007261,-0.360842,0.004945,-0.932614,0.000071,0.000003,0.000000,0.000000,0.000000,1,0.013239,5332.689941,2.942522,2440.331543,-0.000038,-0.031127,83.808167,1,0.005590,5082.586914,2.810891,2438.222168,-0.000036,-0.031100,83.866188,1,-0.005593,4717.317871,-17.992308,-997.044800,0.000229,0.012717,82.370613,1,-0.013242,4467.225586,-17.044498,-997.092285,0.000217,0.012718,82.353394,-2319.029785,19599.824219,928.676758,0.333984,0.421936,0.112793,0.000000,0.000000,0.000000,0.000000,0.000000,0.000000,0.000000,0.000000,0.000000
539,8.983334,-30.280518,0.000177,-31.765991,-25.969692,-0.000005,10.047674,1.939953,0.001062,27.844910,5671.882,2,0.000000,4,4,83.961311,1,0,0,-0.005062,0.999961,0.007262,-0.360858,0.004946,-0.932608,0.000077,0.000003,0.000000,0.000000,0.000000,1,0.013240,5332.736816,2.951847,2437.233887,-0.000038,-0.031087,83.932228,1,0.005590,5082.545898,2.813192,2435.337402,-0.000036,-0.031063,83.990410,1,-0.005593,4717.303711,-18.092051,-995.564026,0.000231,0.012699,82.494514,1,-0.013244,4467.103516,-17.131460,-995.670776,0.000219,0.012700,82.477303,-2314.996582,19599.667969,927.351562,0.216797,0.250854,1.003906,0.000000,0.000000,0.000000,0.000000,0.000000,0.000000,0.000000,0.000000,0.000000
540,9.000000,-30.713989,0.000177,-31.598267,-26.008276,-0.000010,10.063130,1.939970,0.001066,27.886471,5680.280,2,0.000000,4,4,84.085228,1,0,0,-0.005063,0.999961,0.007263,-0.360875,0.004947,-0.932601,0.000078,0.000016,0.000000,0.000000,0.000000,1,0.013242,5332.871582,2.947522,2434.102539,-0.000038,-0.031047,84.056068,1,0.005590,5082.642090,2.809052,2432.460693,-0.000036,-0.031026,84.114395,1,-0.005593,4717.296387,-18.132038,-994.148926,0.000231,0.012680,82.618202,1,-0.013245,4467.067383,-17.169209,-994.234558,0.000219,0.012682,82.601006,-2310.925781,19599.894531,925.916199,0.175293,0.454590,1.054688,0.000000,0.000000,0.000000,0.000000,0.000000,0.000000,0.000000,0.000000,0.000000
541,9.016666,-31.148071,0.000177,-31.430298,-26.046791,-0.000011,10.078563,1.939988,0.001073,27.927956,5688.664,2,0.000000,4,4,84.208916,1,0,0,-0.005063,0.999961,0.007265,-0.360891,0.004948,-0.932595,0.000079,0.000029,0.000000,0.000000,0.000000,1,0.013244,5332.966797,2.943197,2430.993652,-0.000038,-0.031008,84.179680,1,0.005591,5082.703125,2.811421,2429.582275,-0.000036,-0.030990,84.238159,1,-0.005594,4717.232422,-18.238605,-992.657043,0.000233,0.012661,82.741676,1,-0.013247,4466.979980,-17.277042,-992.807068,0.000220,0.012663,82.724495,-2306.889648,19599.896484,924.634460,0.667969,0.223694,0.494629,0.000000,0.000000,0.000000,0.000000,0.000000,0.000000,0.000000,0.000000,0.000000
542,9.033334,-31.582886,0.000177,-31.262085,-26.085239,-0.000012,10.093973,1.940006,0.001077,27.969374,5697.032,2,0.000000,4,4,84.332382,1,0,0,-0.005063,0.999961,0.007266,-0.360908,0.004949,-0.932588,0.000090,0.000033,0.000000,0.000000,0.000000,1,0.013247,5333.079102,2.938901,2427.894531,-0.000037,-0.030968,84.303085,1,0.005591,5082.707520,2.800762,2426.666504,-0.000036,-0.030952,84.361694,1,-0.005594,4717.211914,-18.293133,-991.266724,0.000233,0.012644,82.864937,1,-0.013250,4466.820312,-17.328121,-991.343384,0.000221,0.012645,82.847778,-2302.801758,19599.820312,923.229614,0.369141,-0.007996,0.563965,0.000000,0.000000,0.000000,0.000000,0.000000,0.000000,0.000000,0.000000,0.000000
543,9.050000,-32.018311,0.000176,-31.093628,-26.123619,-0.000015,10.109361,1.940024,0.001076,28.010721,5705.384,2,0.000000,4,4,84.455620,1,0,0,-0.005064,0.999961,0.007268,-0.360925,0.004951,-0.932582,0.000096,0.000039,0.000000,0.000000,0.000000,1,0.013249,5333.209961,2.900592,2424.756104,-0.000037,-0.030928,84.426254,1,0.005592,5082.765137,2.757729,2423.767578,-0.000035,-0.030915,84.484993,1,-0.005594,4717.200195,-18.303137,-989.827698,0.000233,0.012625,82.987991,1,-0.013252,4466.775391,-17.337452,-989.884827,0.000221,0.012626,82.970848,-2298.741455,19599.972656,921.813965,0.933105,0.627930,0.683105,0.000000,0.000000,0.000000,0.000000,0.000000,0.000000,0.000000,0.000000,0.000000
544,9.066667,-32.454346,0.000176,-30.924927,-26.161932,-0.000015,10.124724,1.940042,0.001086,28.051991,5713.722,2,0.000000,4,4,84.578636,1,0,0,-0.005064,0.999961,0.007270,-0.360942,0.004952,-0.932575,0.000112,0.000045,0.000000,0.000000,0.000000,1,0.013252,5333.372559,2.903213,2421.697266,-0.000037,-0.030889,84.549217,1,0.005593,5082.808594,2.773132,2420.779297,-0.000035,-0.030877,84.608070,1,-0.005595,4717.144531,-18.453522,-988.371826,0.000235,0.012607,83.110840,1,-0.013255,4466.571777,-17.472237,-988.437988,0.000223,0.012608,83.093704,-2294.617188,19599.906250,920.552246,-0.062500,0.073120,0.535156,0.000000,0.000000,0.000000,0.000000,0.000000,0.000000,0.000000,0.000000,0.000000
545,9.083333,-32.890991,0.000176,-30.755981,-26.200176,-0.000016,10.140067,1.940060,0.001087,28.093195,5722.044,2,0.000000,4,4,84.701431,1,0,0,-0.005065,0.999961,0.007272,-0.360959,0.004953,-0.932569,0.000109,0.000052,0.000000,0.000000,0.000000,1,0.013255,5333.471680,2.885431,2418.548828,-0.000037,-0.030849,84.671951,1,0.005593,5082.845215,2.749677,2417.838867,-0.000035,-0.030840,84.730919,1,-0.005596,4717.103027,-18.463238,-986.925781,0.000236,0.012588,83.233475,1,-0.013258,4466.487305,-17.495241,-987.024292,0.000223,0.012590,83.216347,-2290.483398,19599.917969,919.079712,0.455078,0.081299,1.288574,0.000000,0.000000,0.000000,0.000000,0.000000,0.000000,0.000000,0.000000,0.000000
546,9.100000,-33.328247,0.000176,-30.586670,-26.238352,-0.000017,10.155385,1.940078,0.001089,28.134323,5730.353,2,0.000000,4,4,84.824005,1,0,0,-0.005066,0.999961,0.007274,-0.360976,0.004955,-0.932562,0.000114,0.000067,0.000000,0.000000,0.000000,1,0.013259,5333.625977,2.833842,2415.427246,-0.000036,-0.030809,84.794472,1,0.005595,5082.960449,2.700497,2414.926270,-0.000034,-0.030803,84.853546,1,-0.005597,4717.013672,-18.517031,-985.490234,0.000236,0.012570,83.355896,1,-0.013261,4466.338867,-17.531935,-985.549255,0.000224,0.012571,83.338783,-2286.406250,19599.953125,917.755127,-0.370117,0.042603,0.494629,0.000000,0.000000,0.000000,0.000000,0.000000,0.000000,0.000000,0.000000,0.000000
547,9.116667,-33.766235,0.000175,-30.417114,-26.276459,-0.000017,10.170681,1.940097,0.001089,28.175379,5738.645,2,0.000000,4,4,84.946350,1,0,0,-0.005067,0.999961,0.007276,-0.360993,0.004956,-0.932555,0.000105,0.000075,0.000000,0.000000,0.000000,1,0.013262,5333.724121,2.816226,2412.295166,-0.000036,-0.030769,84.916763,1,0.005596,5083.036133,2.683701,2411.985107,-0.000034,-0.030765,84.975945,1,-0.005598,4716.934570,-18.519201,-984.049316,0.000236,0.012552,83.478111,1,-0.013264,4466.246582,-17.526953,-984.079895,0.000224,0.012552,83.461006,-2282.350586,19599.953125,916.266968,-0.411133,0.347046,0.456543,0.000000,0.000000,0.000000,0.000000,0.000000,0.000000,0.000000,0.000000,0.000000
548,9.133333,-34.204834,0.000175,-30.247314,-26.314497,-0.000018,10.185952,1.940115,0.001094,28.216364,5746.922,2,0.000000,4,4,85.068474,1,0,0,-0.005069,0.999961,0.007277,-0.361009,0.004957,-0.932549,0.000096,0.000082,0.000000,0.000000,0.000000,1,0.013265,5333.831055,2.859510,2409.194824,-0.000036,-0.030730,85.038841,1,0.005598,5083.128906,2.724943,2409.019043,-0.000035,-0.030727,85.098114,1,-0.005599,4716.847656,-18.550797,-982.585144,0.000237,0.012533,83.600113,1,-0.013267,4466.145508,-17.556799,-982.641968,0.000224,0.012534,83.583015,-2278.313477,19599.964844,914.727356,-0.462891,0.334534,0.358398,0.000000,0.000000,0.000000,0.000000,0.000000,0.000000,0.000000,0.000000,0.000000
549,9.150000,-34.644043,0.000175,-30.077271,-26.352468,-0.000019,10.201198,1.940133,0.001100,28.257278,5755.184,2,0.000000,4,4,85.190369,1,0,0,-0.005070,0.999961,0.007279,-0.361027,0.004958,-0.932542,0.000086,0.000088,0.000000,0.000000,0.000000,1,0.013268,5333.894531,2.835154,2406.051514,-0.000036,-0.030689,85.160690,1,0.005600,5083.207031,2.701742,2406.024170,-0.000034,-0.030689,85.220055,1,-0.005601,4716.775391,-18.633801,-981.130432,0.000238,0.012514,83.721901,1,-0.013270,4466.077148,-17.649298,-981.244507,0.000225,0.012516,83.704811,-2274.074707,19599.964844,913.373962,0.103027,0.194092,0.423340,0.000000,0.000000,0.000000,0.000000,0.000000,0.000000,0.000000,0.000000,0.000000
550,9.166667,-35.083862,0.000174,-29.906982,-26.390369,-0.000019,10.216420,1.940152,0.001103,28.298115,5763.431,2,0.000000,4,4,85.312042,1,0,0,-0.005071,0.999961,0.007281,-0.361044,0.004959,-0.932536,0.000086,0.000093,0.000000,0.000000,0.000000,1,0.013272,5334.048828,2.797442,2402.951660,-0.000036,-0.030650,85.282318,1,0.005602,5083.300781,2.665777,2403.063477,-0.000034,-0.030651,85.341774,1,-0.005603,4716.687500,-18.701883,-979.651001,0.000239,0.012496,83.843475,1,-0.013273,4465.959473,-17.713608,-979.762634,0.000226,0.012497,83.826401,-2270.015869,19600.011719,912.072021,0.506348,0.187195,0.263184,0.000000,0.000000,0.000000,0.000000,0.000000,0.000000,0.000000,0.000000,0.000000
551,9.183333,-35.524292,0.000174,-29.736450,-26.428204,-0.000019,10.231622,1.940170,0.001105,28.338884,5771.662,2,0.000000,4,4,85.433487,1,0,0,-0.005073,0.999961,0.007282,-0.361061,0.004959,-0.932529,0.000096,0.000095,0.000000,0.000000,0.000000,1,0.013275,5334.168457,2.780018,2399.800049,-0.000035,-0.030610,85.403725,1,0.005604,5083.355957,2.642728,2400.039062,-0.000034,-0.030613,85.463264,1,-0.005605,4716.638184,-18.755322,-978.256531,0.000239,0.012478,83.964836,1,-0.013276,4465.816406,-17.763811,-978.321533,0.000227,0.012479,83.947777,-2265.754883,19599.988281,910.625488,-0.281738,-0.065369,0.923340,0.000000,0.000000,0.000000,0.000000,0.000000,0.000000,0.000000,0.000000,0.000000
552,9.200000,-35.965332,0.000174,-29.565674,-26.465965,-0.000019,10.246799,1.940188,0.001104,28.379578,5779.878,2,0.000000,4,4,85.554710,1,0,0,-0.005074,0.999960,0.007284,-0.361078,0.004960,-0.932522,0.000087,0.000108,0.000000,0.000000,0.000000,1,0.013279,5334.301758,2.735773,2396.707520,-0.000035,-0.030570,85.524910,1,0.005606,5083.519043,2.606998,2397.104004,-0.000033,-0.030575,85.584518,1,-0.005607,4716.513672,-18.749876,-976.754395,0.000239,0.012459,84.085991,1,-0.013279,4465.720215,-17.744892,-976.831177,0.000226,0.012460,84.068939,-2261.812012,19600.076172,909.206665,-0.992188,-0.003296,0.650879,0.000000,0.000000,0.000000,0.000000,0.000000,0.000000,0.000000,0.000000,0.000000
553,9.216666,-36.407104,0.000174,-29.394653,-26.503662,-0.000018,10.261952,1.940207,0.001104,28.420200,5788.080,2,0.000000,4,4,85.675705,1,0,0,-0.005076,0.999960,0.007285,-0.361095,0.004960,-0.932516,0.000065,0.000120,0.000000,0.000000,0.000000,1,0.013282,5334.350586,2.745311,2393.516357,-0.000035,-0.030530,85.645866,1,0.005609,5083.633789,2.616123,2394.101318,-0.000033,-0.030537,85.705551,1,-0.005610,4716.355957,-18.700556,-975.336426,0.000239,0.012441,84.206924,1,-0.013282,4465.637207,-17.705385,-975.363281,0.000226,0.012441,84.189888,-2257.673584,19599.982422,907.536865,-0.899414,0.368835,0.496582,0.000000,0.000000,0.000000,0.000000,0.000000,0.000000,0.000000,0.000000,0.000000
554,9.233334,-36.849487,0.000173,-29.223389,-26.541290,-0.000018,10.277078,1.940225,0.001110,28.460752,5796.265,2,0.000000,4,4,85.796478,1,0,0,-0.005078,0.999960,0.007286,-0.361112,0.004960,-0.932509,0.000046,0.000129,0.000000,0.000000,0.000000,1,0.013285,5334.420898,2.748139,2390.399658,-0.000035,-0.030490,85.766609,1,0.005612,5083.787109,2.618862,2391.118652,-0.000033,-0.030499,85.826355,1,-0.005613,4716.204102,-18.775370,-973.799683,0.000239,0.012421,84.327652,1,-0.013285,4465.590820,-17.776598,-973.936340,0.000227,0.012423,84.310623,-2253.606445,19600.011719,906.160645,-0.234863,0.158203,0.305664,0.000000,0.000000,0.000000,0.000000,0.000000,0.000000,0.000000,0.000000,0.000000
555,9.250000,-37.292480,0.000173,-29.051880,-26.578850,-0.000018,10.292180,1.940244,0.001112,28.501230,5804.436,2,0.000000,4,4,85.917023,1,0,0,-0.005080,0.999961,0.007287,-0.361130,0.004960,-0.932502,0.000040,0.000134,0.000000,0.000000,0.000000,1,0.013287,5334.474121,2.710799,2387.251953,-0.000035,-0.030450,85.887123,1,0.005615,5083.897461,2.583308,2388.106201,-0.000033,-0.030461,85.946938,1,-0.005616,4716.084961,-18.835581,-972.374451,0.000240,0.012403,84.448158,1,-0.013288,4465.488281,-17.833649,-972.490479,0.000227,0.012404,84.431145,-2249.378418,19599.941406,904.775757,-0.231445,0.396545,-0.400879,0.000000,0.000000,0.000000,0.000000,0.000000,0.000000,0.000000,0.000000,0.000000
556,9.266666,-37.736084,0.000173,-28.880127,-26.616339,-0.000019,10.307260,1.940262,0.001118,28.541630,5812.591,2,0.000000,4,4,86.037338,1,0,0,-0.005082,0.999960,0.007287,-0.361147,0.004960,-0.932496,0.000037,0.000129,0.000000,0.000000,0.000000,1,0.013290,5334.596680,2.707024,2384.125732,-0.000035,-0.030410,86.007408,1,0.005618,5084.020996,2.573344,2385.020752,-0.000033,-0.030421,86.067276,1,-0.005619,4716.016602,-18.939480,-970.882080,0.000242,0.012384,84.568459,1,-0.013291,4465.460938,-17.925282,-971.040771,0.000229,0.012386,84.551460,-2245.162598,19600.119141,903.416016,-0.298828,-0.153320,-0.394043,0.000000,0.000000,0.000000,0.000000,0.000000,0.000000,0.000000,0.000000,0.000000
557,9.283334,-38.180298,0.000172,-28.708130,-26.653759,-0.000017,10.322316,1.940281,0.001116,28.581961,5820.730,2,0.000000,4,4,86.157417,1,0,0,-0.005084,0.999960,0.007288,-0.361164,0.004960,-0.932489,0.000032,0.000125,0.000000,0.000000,0.000000,1,0.013293,5334.637207,2.636481,2380.914551,-0.000034,-0.030369,86.127464,1,0.005621,5084.093262,2.518866,2381.983887,-0.000032,-0.030382,86.187386,1,-0.005621,4715.943359,-18.926985,-969.465210,0.000241,0.012366,84.688538,1,-0.013293,4465.378906,-17.920286,-969.546143,0.000229,0.012367,84.671562,-2240.921387,19600.064453,901.937012,-0.264160,0.156616,-0.189941,0.000000,0.000000,0.000000,0.000000,0.000000,0.000000,0.000000,0.000000,0.000000
558,9.300000,-38.625122,0.000172,-28.535889,-26.691107,-0.000016,10.337348,1.940300,0.001118,28.622215,5828.854,2,0.000000,4,4,86.277252,1,0,0,-0.005086,0.999960,0.007288,-0.361182,0.004959,-0.932482,0.000027,0.000123,0.000000,0.000000,0.000000,1,0.013296,5334.711914,2.632809,2377.709229,-0.000034,-0.030328,86.247269,1,0.005624,5084.192383,2.509021,2378.880615,-0.000032,-0.030343,86.307243,1,-0.005624,4715.851562,-18.943493,-967.967163,0.000242,0.012347,84.808411,1,-0.013295,4465.341309,-17.936113,-968.067627,0.000229,0.012348,84.791443,-2236.707275,19600.115234,900.401978,0.382812,0.167725,-0.157715,0.000000,0.000000,0.000000,0.000000,0.000000,0.000000,0.000000,0.000000,0.000000
559,9.316667,-39.070557,0.000172,-28.363403,-26.728386,-0.000015,10.352355,1.940318,0.001121,28.662395,5836.962,2,0.000000,4,4,86.396835,1,0,0,-0.005088,0.999960,0.007289,-0.361199,0.004959,-0.932475,0.000036,0.000120,0.000000,0.000000,0.000000,1,0.013298,5334.795410,2.595881,2374.485596,-0.000033,-0.030287,86.366837,1,0.005627,5084.247559,2.467474,2375.689209,-0.000031,-0.030302,86.426849,1,-0.005627,4715.770996,-19.010700,-966.491821,0.000242,0.012328,84.928062,1,-0.013298,4465.212402,-17.999533,-966.589233,0.000230,0.012329,84.911110,-2232.313965,19600.027344,898.973022,0.277832,0.192688,-0.128906,0.000000,0.000000,0.000000,0.000000,0.000000,0.000000,0.000000,0.000000,0.000000
560,9.333333,-39.516602,0.000172,-28.190674,-26.765591,-0.000014,10.367338,1.940337,0.001124,28.702503,5845.052,2,0.000000,4,4,86.516174,1,0,0,-0.005090,0.999960,0.007290,-0.361217,0.004959,-0.932469,0.000042,0.000118,0.000000,0.000000,0.000000,1,0.013301,5334.890137,2.565713,2371.208008,-0.000033,-0.030245,86.486153,1,0.005630,5084.317383,2.438723,2372.507324,-0.000031,-0.030262,86.546211,1,-0.005630,4715.681641,-19.070505,-964.993225,0.000243,0.012309,85.047501,1,-0.013301,4465.117676,-18.062960,-965.071960,0.000230,0.012310,85.030563,-2227.947266,19600.003906,897.525818,-1.053223,-0.273193,-0.113770,0.000000,0.000000,0.000000,0.000000,0.000000,0.000000,0.000000,0.000000,0.000000
561,9.350000,-39.963257,0.000171,-28.017578,-26.802723,-0.000014,10.382297,1.940356,0.001120,28.742527,5853.126,2,0.000000,4,4,86.635254,1,0,0,-0.005092,0.999960,0.007290,-0.361234,0.004959,-0.932462,0.000021,0.000119,0.000000,0.000000,0.000000,1,0.013303,5334.920898,2.542243,2367.855225,-0.000032,-0.030202,86.605209,1,0.005633,5084.448730,2.422740,2369.346436,-0.000031,-0.030221,86.665306,1,-0.005632,4715.581055,-18.985821,-963.485168,0.000242,0.012289,85.166718,1,-0.013303,4465.120117,-17.969500,-963.529663,0.000229,0.012290,85.149796,-2223.679688,19600.082031,895.771423,-0.820312,0.279907,-0.057129,0.000000,0.000000,0.000000,0.000000,0.000000,0.000000,0.000000,0.000000,0.000000
562,9.366667,-40.410645,0.000171,-27.844238,-26.839785,-0.000013,10.397226,1.940374,0.001124,28.782478,5861.182,2,0.000000,4,4,86.754074,1,0,0,-0.005094,0.999960,0.007291,-0.361252,0.004958,-0.932455,0.000005,0.000121,0.000000,0.000000,0.000000,1,0.013305,5334.930664,2.538719,2364.483887,-0.000032,-0.030159,86.724014,1,0.005636,5084.555176,2.419427,2366.036377,-0.000031,-0.030179,86.784142,1,-0.005635,4715.478516,-19.038336,-961.941650,0.000243,0.012270,85.285713,1,-0.013305,4465.093750,-18.026337,-962.040405,0.000230,0.012271,85.268799,-2219.146729,19600.064453,894.188354,-0.061035,0.073364,-0.489258,0.000000,0.000000,0.000000,0.000000,0.000000,0.000000,0.000000,0.000000,0.000000
563,9.383333,-40.858643,0.000171,-27.670654,-26.876770,-0.000013,10.412129,1.940393,0.001125,28.822348,5869.221,2,0.000000,4,4,86.872643,1,0,0,-0.005096,0.999960,0.007291,-0.361269,0.004958,-0.932448,0.000005,0.000115,0.000000,0.000000,0.000000,1,0.013307,5334.973145,2.495512,2361.068604,-0.000032,-0.030116,86.842567,1,0.005639,5084.619629,2.371954,2362.698730,-0.000030,-0.030136,86.902725,1,-0.005638,4715.385254,-19.069197,-960.379028,0.000243,0.012250,85.404488,1,-0.013306,4465.042480,-18.055712,-960.499939,0.000230,0.012251,85.387589,-2214.601074,19600.017578,892.637512,0.560547,0.008240,0.300293,0.000000,0.000000,0.000000,0.000000,0.000000,0.000000,0.000000,0.000000,0.000000
564,9.400000,-41.307251,0.000171,-27.496826,-26.913679,-0.000012,10.427007,1.940412,0.001125,28.862137,5877.243,2,0.000000,4,4,86.990952,1,0,0,-0.005097,0.999960,0.007291,-0.361287,0.004957,-0.932441,0.000015,0.000117,0.000000,0.000000,0.000000,1,0.013309,5335.088379,2.465685,2357.713623,-0.000031,-0.030073,86.960861,1,0.005641,5084.722168,2.343534,2359.440918,-0.000030,-0.030095,87.021049,1,-0.005641,4715.335449,-19.085836,-958.790405,0.000243,0.012229,85.523033,1,-0.013308,4464.959961,-18.071325,-958.867798,0.000231,0.012230,85.506149,-2210.318848,19600.121094,891.123413,0.493652,0.228027,0.309570,0.000000,0.000000,0.000000,0.000000,0.000000,0.000000,0.000000,0.000000,0.000000
565,9.416667,-41.756470,0.000171,-27.322754,-26.950518,-0.000010,10.441859,1.940431,0.001129,28.901854,5885.246,2,0.000000,4,4,87.108986,1,0,0,-0.005099,0.999960,0.007292,-0.361304,0.004957,-0.932435,0.000024,0.000120,0.000000,0.000000,0.000000,1,0.013311,5335.180664,2.468942,2354.265625,-0.000031,-0.030029,87.078888,1,0.005644,5084.804688,2.352933,2355.979004,-0.000030,-0.030051,87.139091,1,-0.005644,4715.184082,-19.116415,-957.215637,0.000244,0.012209,85.641342,1,-0.013311,4464.818848,-18.093491,-957.321533,0.000231,0.012211,85.624474,-2205.685303,19599.978516,889.418823,-0.204102,-0.083496,0.165527,0.000000,0.000000,0.000000,0.000000,0.000000,0.000000,0.000000,0.000000,0.000000
566,9.433333,-42.206299,0.000170,-27.148438,-26.987280,-0.000011,10.456683,1.940449,0.001128,28.941486,5893.232,2,0.000000,4,4,87.226753,1,0,0,-0.005101,0.999960,0.007292,-0.361322,0.004956,-0.932428,0.000020,0.000122,0.000000,0.000000,0.000000,1,0.013314,5335.254395,2.439225,2350.702148,-0.000031,-0.029983,87.196640,1,0.005647,5084.917969,2.324634,2352.570557,-0.000030,-0.030007,87.256874,1,-0.005647,4715.086426,-19.089848,-955.658508,0.000243,0.012190,85.759422,1,-0.013313,4464.751953,-18.075235,-955.732727,0.000231,0.012190,85.742569,-2201.027344,19600.007812,887.676025,-0.142578,0.269043,0.185059,0.000000,0.000000,0.000000,0.000000,0.000000,0.000000,0.000000,0.000000,0.000000
567,9.450000,-42.656738,0.000170,-26.973877,-27.023964,-0.000011,10.471478,1.940468,0.001132,28.981041,5901.199,2,0.000000,4,4,87.344254,1,0,0,-0.005103,0.999960,0.007292,-0.361339,0.004956,-0.932421,0.000016,0.000125,0.000000,0.000000,0.000000,1,0.013316,5335.295410,2.416166,2347.177734,-0.000031,-0.029938,87.314133,1,0.005650,5085.024414,2.296414,2349.104980,-0.000029,-0.029963,87.374390,1,-0.005650,4714.956055,-19.170620,-954.005127,0.000245,0.012168,85.877281,1,-0.013315,4464.676270,-18.145134,-954.122681,0.000231,0.012170,85.860435,-2196.394531,19599.937500,886.145508,-0.147461,-0.203247,-0.372559,0.000000,0.000000,0.000000,0.000000,0.000000,0.000000,0.000000,0.000000,0.000000
568,9.466666,-43.107788,0.000170,-26.799072,-27.060570,-0.000012,10.486247,1.940487,0.001129,29.020504,5909.148,2,0.000000,4,4,87.461487,1,0,0,-0.005105,0.999960,0.007293,-0.361357,0.004955,-0.932414,0.000014,0.000121,0.000000,0.000000,0.000000,1,0.013318,5335.396484,2.366904,2343.584961,-0.000030,-0.029893,87.431358,1,0.005653,5085.121582,2.255740,2345.592285,-0.000029,-0.029918,87.491631,1,-0.005653,4714.940918,-19.130201,-952.423157,0.000244,0.012148,85.994896,1,-0.013317,4464.655273,-18.113611,-952.505066,0.000231,0.012149,85.978065,-2191.662109,19600.132812,884.378784,-0.080566,0.168945,-0.136719,0.000000,0.000000,0.000000,0.000000,0.000000,0.000000,0.000000,0.000000,0.000000
569,9.483334,-43.559448,0.000170,-26.624023,-27.097097,-0.000010,10.500987,1.940506,0.001131,29.059887,5917.080,2,0.000000,4,4,87.578445,1,0,0,-0.005107,0.999960,0.007293,-0.361374,0.004955,-0.932407,0.000013,0.000119,0.000000,0.000000,0.000000,1,0.013320,5335.437500,2.363714,2339.945312,-0.000030,-0.029846,87.548302,1,0.005656,5085.197266,2.252717,2342.051025,-0.000029,-0.029873,87.608597,1,-0.005656,4714.809570,-19.153704,-950.742126,0.000244,0.012127,86.112282,1,-0.013320,4464.578125,-18.136061,-950.856628,0.000231,0.012128,86.095459,-2186.968750,19600.021484,882.663574,0.544434,0.027710,0.556641,0.000000,0.000000,0.000000,0.000000,0.000000,0.000000,0.000000,0.000000,0.000000
570,9.500000,-44.011719,0.000170,-26.448730,-27.133547,-0.000009,10.515698,1.940525,0.001132,29.099194,5924.992,2,0.000000,4,4,87.695129,1,0,0,-0.005109,0.999960,0.007293,-0.361392,0.004954,-0.932401,0.000022,0.000125,0.000000,0.000000,0.000000,1,0.013322,5335.538574,2.294998,2336.335938,-0.000029,-0.029800,87.664986,1,0.005659,5085.290527,2.187226,2338.464600,-0.000028,-0.029827,87.725281,1,-0.005659,4714.691895,-19.198639,-949.057129,0.000245,0.012105,86.229416,1,-0.013322,4464.443848,-18.178513,-949.150940,0.000232,0.012107,86.212616,-2182.258057,19599.953125,881.123535,-0.181641,-0.087402,0.468262,0.000000,0.000000,0.000000,0.000000,0.000000,0.000000,0.000000,0.000000,0.000000
571,9.516666,-44.464600,0.000170,-26.273193,-27.169918,-0.000010,10.530384,1.940544,0.001130,29.138411,5932.886,2,0.000000,4,4,87.811531,1,0,0,-0.005111,0.999960,0.007294,-0.361410,0.004954,-0.932394,0.000017,0.000132,0.000000,0.000000,0.000000,1,0.013324,5335.601562,2.311580,2332.592285,-0.000029,-0.029752,87.781380,1,0.005662,5085.428223,2.203063,2334.833740,-0.000028,-0.029781,87.841690,1,-0.005662,4714.559570,-19.129562,-947.445068,0.000244,0.012085,86.346306,1,-0.013324,4464.375000,-18.120077,-947.518250,0.000231,0.012086,86.329521,-2177.384521,19599.955078,879.110107,0.520020,0.114807,0.421387,0.000000,0.000000,0.000000,0.000000,0.000000,0.000000,0.000000,0.000000,0.000000
572,9.533334,-44.918091,0.000169,-26.097412,-27.206207,-0.000010,10.545036,1.940563,0.001132,29.177542,5940.762,2,0.000000,4,4,87.927658,1,0,0,-0.005113,0.999960,0.007294,-0.361427,0.004953,-0.932387,0.000026,0.000135,0.000000,0.000000,0.000000,1,0.013327,5335.750977,2.288926,2328.926758,-0.000029,-0.029706,87.897507,1,0.005665,5085.540527,2.175228,2331.172119,-0.000028,-0.029734,87.957817,1,-0.005665,4714.432617,-19.160261,-945.703857,0.000244,0.012063,86.462959,1,-0.013327,4464.230957,-18.149036,-945.785889,0.000231,0.012064,86.446190,-2172.670898,19599.945312,877.448853,0.365234,0.125244,-0.309082,0.000000,0.000000,0.000000,0.000000,0.000000,0.000000,0.000000,0.000000,0.000000
573,9.550000,-45.372070,0.000169,-25.921387,-27.242418,-0.000011,10.559661,1.940582,0.001134,29.216591,5948.618,2,0.000000,4,4,88.043495,1,0,0,-0.005115,0.999960,0.007295,-0.361445,0.004953,-0.932380,0.000034,0.000130,0.000000,0.000000,0.000000,1,0.013330,5335.836426,2.240187,2325.139893,-0.000029,-0.029657,88.013344,1,0.005668,5085.621582,2.135010,2327.431885,-0.000027,-0.029687,88.073662,1,-0.005668,4714.378418,-19.226711,-944.039124,0.000245,0.012041,86.579361,1,-0.013330,4464.163574,-18.198439,-944.128662,0.000232,0.012042,86.562607,-2167.596191,19600.000000,875.749146,0.387207,0.067993,0.513672,0.000000,0.000000,0.000000,0.000000,0.000000,0.000000,0.000000,0.000000,0.000000
574,9.566667,-45.826660,0.000169,-25.745117,-27.278545,-0.000011,10.574257,1.940601,0.001135,29.255550,5956.455,2,0.000000,4,4,88.159058,1,0,0,-0.005117,0.999960,0.007296,-0.361463,0.004953,-0.932374,0.000041,0.000136,0.000000,0.000000,0.000000,1,0.013333,5335.955078,2.237254,2321.347900,-0.000029,-0.029609,88.128899,1,0.005671,5085.742676,2.126001,2323.702637,-0.000027,-0.029639,88.189224,1,-0.005671,4714.246094,-19.221840,-942.311279,0.000245,0.012019,86.695518,1,-0.013333,4464.033691,-18.207243,-942.387756,0.000232,0.012020,86.678780,-2162.733643,19599.972656,873.928467,-0.298340,0.045044,-0.249512,0.000000,0.000000,0.000000,0.000000,0.000000,0.000000,0.000000,0.000000,0.000000
575,9.583333,-46.281860,0.000169,-25.568604,-27.314590,-0.000011,10.588822,1.940619,0.001136,29.294415,5964.273,2,0.000000,4,4,88.274330,1,0,0,-0.005119,0.999960,0.007297,-0.361480,0.004953,-0.932367,0.000035,0.000133,0.000000,0.000000,0.000000,1,0.013335,5336.046875,2.214782,2317.500244,-0.000028,-0.029560,88.244171,1,0.005674,5085.834961,2.104595,2319.919678,-0.000027,-0.029591,88.304497,1,-0.005675,4714.151855,-19.224270,-940.570801,0.000245,0.011997,86.811424,1,-0.013335,4463.962402,-18.202906,-940.692322,0.000232,0.011999,86.794693,-2157.729492,19599.996094,872.080933,-0.331543,-0.290161,0.495605,0.000000,0.000000,0.000000,0.000000,0.000000,0.000000,0.000000,0.000000,0.000000
576,9.600000,-46.737671,0.000169,-25.391846,-27.350554,-0.000011,10.603357,1.940638,0.001131,29.333199,5972.071,2,0.000000,4,4,88.389320,1,0,0,-0.005121,0.999960,0.007297,-0.361498,0.004952,-0.932360,0.000027,0.000141,0.000000,0.000000,0.000000,1,0.013338,5336.104980,2.166341,2313.618164,-0.000028,-0.029510,88.359161,1,0.005678,5085.980469,2.064672,2316.154541,-0.000026,-0.029543,88.419487,1,-0.005678,4714.026855,-19.155935,-938.831482,0.000244,0.011975,86.927078,1,-0.013338,4463.883789,-18.145065,-938.912231,0.000231,0.011976,86.910362,-2152.818115,19599.996094,870.183289,0.323242,0.073792,0.454102,0.000000,0.000000,0.000000,0.000000,0.000000,0.000000,0.000000,0.000000,0.000000
577,9.616667,-47.194092,0.000168,-25.214844,-27.386435,-0.000011,10.617861,1.940657,0.001132,29.371891,5979.851,2,0.000000,4,4,88.504013,1,0,0,-0.005124,0.999960,0.007298,-0.361515,0.004952,-0.932353,0.000032,0.000146,0.000000,0.000000,0.000000,1,0.013341,5336.234863,2.144048,2309.723145,-0.000027,-0.029461,88.473862,1,0.005681,5086.111328,2.043429,2312.295410,-0.000026,-0.029494,88.534180,1,-0.005681,4713.875977,-19.179508,-937.080566,0.000245,0.011953,87.042473,1,-0.013341,4463.752441,-18.160742,-937.154114,0.000232,0.011953,87.025772,-2147.755127,19599.972656,868.355835,0.250000,0.133118,-0.265625,0.000000,0.000000,0.000000,0.000000,0.000000,0.000000,0.000000,0.000000,0.000000
578,9.633333,-47.651123,0.000168,-25.037598,-27.422230,-0.000012,10.632334,1.940676,0.001134,29.410500,5987.610,2,0.000000,4,4,88.618416,1,0,0,-0.005126,0.999960,0.007298,-0.361533,0.004952,-0.932346,0.000038,0.000141,0.000000,0.000000,0.000000,1,0.013344,5336.339355,2.128299,2305.785889,-0.000027,-0.029411,88.588264,1,0.005684,5086.191406,2.028411,2308.384033,-0.000026,-0.029444,88.648575,1,-0.005685,4713.804688,-19.210453,-935.284912,0.000245,0.011930,87.157616,1,-0.013344,4463.667969,-18.189968,-935.387451,0.000232,0.011931,87.140923,-2142.651123,19600.003906,866.521545,0.245605,0.150330,-0.119629,0.000000,0.000000,0.000000,0.000000,0.000000,0.000000,0.000000,0.000000,0.000000
579,9.650000,-48.108765,0.000168,-24.860107,-27.457941,-0.000012,10.646776,1.940695,0.001137,29.449013,5995.350,2,0.000000,4,4,88.732529,1,0,0,-0.005128,0.999960,0.007299,-0.361551,0.004952,-0.932339,0.000043,0.000139,0.000000,0.000000,0.000000,1,0.013347,5336.423828,2.112589,2301.819824,-0.000027,-0.029360,88.702385,1,0.005688,5086.265137,2.007260,2304.440918,-0.000026,-0.029393,88.762688,1,-0.005688,4713.687012,-19.241180,-933.487244,0.000245,0.011907,87.272491,1,-0.013347,4463.530273,-18.225626,-933.616882,0.000232,0.011908,87.255814,-2137.493164,19599.890625,864.679321,0.153809,-0.205383,-0.089844,0.000000,0.000000,0.000000,0.000000,0.000000,0.000000,0.000000,0.000000,0.000000
580,9.666667,-48.567017,0.000168,-24.682373,-27.493567,-0.000013,10.661187,1.940714,0.001134,29.487442,6003.071,2,0.000000,4,4,88.846352,1,0,0,-0.005130,0.999960,0.007300,-0.361569,0.004951,-0.932332,0.000047,0.000137,0.000000,0.000000,0.000000,1,0.013350,5336.539062,2.064579,2297.812012,-0.000026,-0.029309,88.816208,1,0.005691,5086.377441,1.967680,2300.497803,-0.000025,-0.029343,88.876503,1,-0.005691,4713.599609,-19.201696,-931.730164,0.000245,0.011884,87.387108,1,-0.013350,4463.429199,-18.181503,-931.784302,0.000232,0.011885,87.370453,-2132.353516,19599.939453,862.737122,0.143066,0.187134,-0.055664,0.000000,0.000000,0.000000,0.000000,0.000000,0.000000,0.000000,0.000000,0.000000
581,9.683333,-49.025879,0.000168,-24.504395,-27.529106,-0.000014,10.675566,1.940733,0.001137,29.525774,6010.771,2,0.000000,4,4,88.959877,1,0,0,-0.005132,0.999960,0.007301,-0.361586,0.004951,-0.932325,0.000050,0.000136,0.000000,0.000000,0.000000,1,0.013353,5336.658691,2.049018,2293.811035,-0.000026,-0.029258,88.929741,1,0.005694,5086.480957,1.952845,2296.509521,-0.000025,-0.029292,88.990028,1,-0.005694,4713.494629,-19.246565,-929.895508,0.000245,0.011861,87.501465,1,-0.013353,4463.338867,-18.224028,-930.012695,0.000232,0.011862,87.484818,-2127.153320,19599.972656,860.893677,0.128906,0.026367,0.628418,0.000000,0.000000,0.000000,0.000000,0.000000,0.000000,0.000000,0.000000,0.000000
582,9.700000,-49.485229,0.000167,-24.326172,-27.564558,-0.000014,10.689914,1.940752,0.001137,29.564016,6018.451,2,0.000000,4,4,89.073105,1,0,0,-0.005135,0.999960,0.007302,-0.361604,0.004951,-0.932319,0.000050,0.000144,0.000000,0.000000,0.000000,1,0.013356,5336.770508,2.027044,2289.751709,-0.000026,-0.029206,89.042969,1,0.005697,5086.616699,1.925762,2292.530273,-0.000025,-0.029241,89.103249,1,-0.005698,4713.389648,-19.256319,-928.041382,0.000246,0.011837,87.615555,1,-0.013356,4463.206543,-18.233124,-928.137268,0.000233,0.011838,87.598930,-2122.041260,19599.986328,859.030640,0.625000,0.057251,0.012207,0.000000,0.000000,0.000000,0.000000,0.000000,0.000000,0.000000,0.000000,0.000000
583,9.716666,-49.945190,0.000167,-24.147827,-27.599926,-0.000014,10.704231,1.940771,0.001138,29.602165,6026.111,2,0.000000,4,4,89.186035,1,0,0,-0.005137,0.999960,0.007303,-0.361622,0.004951,-0.932312,0.000063,0.000142,0.000000,0.000000,0.000000,1,0.013359,5336.917969,2.011594,2285.688232,-0.000026,-0.029154,89.155907,1,0.005700,5086.692871,1.911020,2288.438477,-0.000024,-0.029189,89.216171,1,-0.005701,4713.262207,-19.251995,-926.217163,0.000246,0.011814,87.729378,1,-0.013360,4463.057617,-18.228922,-926.304260,0.000233,0.011815,87.712769,-2116.771729,19599.921875,857.056396,0.426758,-0.216431,-0.035645,0.000000,0.000000,0.000000,0.000000,0.000000,0.000000,0.000000,0.000000,0.000000
584,9.733334,-50.405762,0.000167,-23.969238,-27.635206,-0.000015,10.718515,1.940790,0.001135,29.640217,6033.751,2,0.000000,4,4,89.298668,1,0,0,-0.005139,0.999960,0.007304,-0.361639,0.004952,-0.932305,0.000071,0.000140,0.000000,0.000000,0.000000,1,0.013363,5337.050781,1.951109,2281.587158,-0.000025,-0.029102,89.268555,1,0.005704,5086.807129,1.853378,2284.403564,-0.000024,-0.029138,89.328796,1,-0.005704,4713.197266,-19.227020,-924.385742,0.000245,0.011791,87.842934,1,-0.013363,4462.933594,-18.211637,-924.432800,0.000232,0.011791,87.826340,-2111.543945,19599.992188,855.156494,-0.265625,-0.132812,0.009766,0.000000,0.000000,0.000000,0.000000,0.000000,0.000000,0.000000,0.000000,0.000000
585,9.750000,-50.866943,0.000167,-23.790405,-27.670399,-0.000016,10.732768,1.940809,0.001132,29.678179,6041.371,2,0.000000,4,4,89.410988,1,0,0,-0.005141,0.999960,0.007306,-0.361657,0.004952,-0.932298,0.000066,0.000141,0.000000,0.000000,0.000000,1,0.013366,5337.166016,1.942224,2277.399658,-0.000025,-0.029048,89.380882,1,0.005707,5086.912109,1.844916,2280.244629,-0.000024,-0.029085,89.441101,1,-0.005707,4713.084961,-19.174034,-922.525513,0.000245,0.011767,87.956223,1,-0.013367,4462.829590,-18.154863,-922.572998,0.000232,0.011768,87.939636,-2106.197754,19599.996094,853.029663,-0.247070,0.119568,0.038086,0.000000,0.000000,0.000000,0.000000,0.000000,0.000000,0.000000,0.000000,0.000000
586,9.766666,-51.328735,0.000166,-23.611328,-27.705502,-0.000016,10.746985,1.940828,0.001134,29.716047,6048.971,2,0.000000,4,4,89.523018,1,0,0,-0.005143,0.999960,0.007307,-0.361675,0.004952,-0.932291,0.000061,0.000143,0.000000,0.000000,0.000000,1,0.013370,5337.247559,1.946202,2273.215576,-0.000025,-0.028995,89.492920,1,0.005710,5087.006348,1.842600,2276.121094,-0.000024,-0.029032,89.553123,1,-0.005710,4712.970703,-19.184021,-920.645142,0.000245,0.011743,88.069237,1,-0.013370,4462.727539,-18.164343,-920.746643,0.000232,0.011744,88.052658,-2100.837646,19599.949219,851.015503,-0.200195,0.053345,0.771484,0.000000,0.000000,0.000000,0.000000,0.000000,0.000000,0.000000,0.000000,0.000000
587,9.783334,-51.791138,0.000166,-23.432007,-27.740515,-0.000016,10.761169,1.940847,0.001135,29.753822,6056.550,2,0.000000,4,4,89.634743,1,0,0,-0.005146,0.999960,0.007308,-0.361692,0.004952,-0.932284,0.000054,0.000153,0.000000,0.000000,0.000000,1,0.013373,5337.356445,1.924526,2269.048340,-0.000025,-0.028942,89.604660,1,0.005714,5087.186523,1.828098,2272.018311,-0.000023,-0.028980,89.664841,1,-0.005714,4712.777832,-19.186762,-918.703491,0.000245,0.011718,88.181976,1,-0.013374,4462.605957,-18.167189,-918.809143,0.000232,0.011720,88.165413,-2095.665527,19599.917969,849.099792,0.395020,0.053894,-0.055176,0.000000,0.000000,0.000000,0.000000,0.000000,0.000000,0.000000,0.000000,0.000000
588,9.800000,-52.254028,0.000166,-23.252441,-27.775442,-0.000017,10.775321,1.940866,0.001136,29.791502,6064.108,2,0.000000,4,4,89.746155,1,0,0,-0.005148,0.999960,0.007309,-0.361710,0.004952,-0.932278,0.000063,0.000151,0.000000,0.000000,0.000000,1,0.013377,5337.509766,1.890112,2264.821289,-0.000024,-0.028888,89.716080,1,0.005717,5087.259277,1.807494,2267.782715,-0.000023,-0.028926,89.776237,1,-0.005717,4712.723145,-19.210987,-916.823242,0.000245,0.011694,88.294434,1,-0.013377,4462.470703,-18.183199,-916.952515,0.000232,0.011696,88.277885,-2090.163330,19599.962891,847.113220,-0.349609,-0.164734,0.087891,0.000000,0.000000,0.000000,0.000000,0.000000,0.000000,0.000000,0.000000,0.000000
589,9.816667,-52.717529,0.000165,-23.072632,-27.810278,-0.000018,10.789439,1.940884,0.001133,29.829086,6071.646,2,0.000000,4,4,89.857262,1,0,0,-0.005151,0.999960,0.007310,-0.361728,0.004952,-0.932271,0.000055,0.000154,0.000000,0.000000,0.000000,1,0.013380,5337.604492,1.855769,2260.526855,-0.000024,-0.028833,89.827202,1,0.005720,5087.412598,1.762580,2263.588867,-0.000022,-0.028872,89.887337,1,-0.005721,4712.581055,-19.172314,-914.933411,0.000245,0.011670,88.406616,1,-0.013381,4462.386719,-18.159954,-915.063416,0.000232,0.011672,88.390083,-2084.706543,19599.988281,845.060425,0.285156,0.081177,0.589844,0.000000,0.000000,0.000000,0.000000,0.000000,0.000000,0.000000,0.000000,0.000000
590,9.833333,-53.181641,0.000165,-22.892578,-27.845022,-0.000018,10.803524,1.940903,0.001135,29.866571,6079.162,2,0.000000,4,4,89.968056,1,0,0,-0.005153,0.999960,0.007311,-0.361745,0.004952,-0.932264,0.000059,0.000160,0.000000,0.000000,0.000000,1,0.013384,5337.750488,1.827926,2256.295898,-0.000023,-0.028779,89.938011,1,0.005724,5087.551270,1.742142,2259.337891,-0.000022,-0.028818,89.998116,1,-0.005725,4712.433105,-19.203180,-912.983154,0.000245,0.011645,88.518524,1,-0.013384,4462.243164,-18.182587,-913.118835,0.000232,0.011647,88.502007,-2079.333008,19599.980469,843.130737,-0.453613,-0.154663,0.430664,0.000000,0.000000,0.000000,0.000000,0.000000,0.000000,0.000000,0.000000,0.000000
591,9.850000,-53.646362,0.000165,-22.712280,-27.879677,-0.000018,10.817576,1.940922,0.001132,29.903957,6086.658,2,0.000000,4,4,90.078537,1,0,0,-0.005156,0.999960,0.007312,-0.361763,0.004952,-0.932257,0.000049,0.000167,0.000000,0.000000,0.000000,1,0.013387,5337.858398,1.819294,2251.922363,-0.000023,-0.028723,90.048500,1,0.005728,5087.737793,1.733944,2255.080078,-0.000022,-0.028764,90.108582,1,-0.005729,4712.279297,-19.150824,-911.079346,0.000244,0.011621,88.630142,1,-0.013388,4462.159180,-18.133270,-911.206604,0.000231,0.011623,88.613647,-2073.817627,19600.046875,840.944763,-0.347656,0.192322,0.889160,0.000000,0.000000,0.000000,0.000000,0.000000,0.000000,0.000000,0.000000,0.000000
592,9.866667,-54.111572,0.000165,-22.531738,-27.914240,-0.000017,10.831593,1.940941,0.001135,29.941246,6094.133,2,0.000000,4,4,90.188713,1,0,0,-0.005159,0.999960,0.007313,-0.361780,0.004951,-0.932250,0.000039,0.000180,0.000000,0.000000,0.000000,1,0.013391,5337.986328,1.817072,2247.634277,-0.000023,-0.028669,90.158699,1,0.005733,5087.936523,1.725776,2250.799561,-0.000022,-0.028709,90.218742,1,-0.005733,4712.097656,-19.174706,-909.084167,0.000245,0.011595,88.741486,1,-0.013391,4462.037109,-18.156080,-909.281616,0.000232,0.011598,88.725006,-2068.406982,19600.070312,838.952026,0.234375,0.004517,0.112793,0.000000,0.000000,0.000000,0.000000,0.000000,0.000000,0.000000,0.000000,0.000000
593,9.883333,-54.577393,0.000164,-22.350952,-27.948713,-0.000016,10.845575,1.940960,0.001135,29.978443,6101.585,2,0.000000,4,4,90.298569,1,0,0,-0.005162,0.999960,0.007313,-0.361798,0.004951,-0.932243,0.000043,0.000181,0.000000,0.000000,0.000000,1,0.013394,5338.083008,1.783012,2243.231445,-0.000023,-0.028613,90.268570,1,0.005737,5088.014648,1.699385,2246.437744,-0.000022,-0.028654,90.328583,1,-0.005737,4711.917480,-19.177843,-907.163879,0.000245,0.011571,88.852539,1,-0.013395,4461.858398,-18.165565,-907.314575,0.000232,0.011573,88.836090,-2062.778564,19599.853516,836.891357,-0.457520,-0.078613,0.047852,0.000000,0.000000,0.000000,0.000000,0.000000,0.000000,0.000000,0.000000,0.000000
594,9.900000,-55.043823,0.000164,-22.169922,-27.983093,-0.000019,10.859524,1.940979,0.001134,30.015539,6109.018,2,0.000000,4,4,90.408112,1,0,0,-0.005165,0.999960,0.007314,-0.361816,0.004950,-0.932236,0.000034,0.000183,0.000000,0.000000,0.000000,1,0.013398,5338.186523,1.761763,2238.813965,-0.000022,-0.028556,90.378128,1,0.005741,5088.201660,1.667038,2242.084717,-0.000021,-0.028598,90.438103,1,-0.005741,4711.795410,-19.160553,-905.208862,0.000244,0.011546,88.963310,1,-0.013398,4461.810547,-18.142931,-905.369385,0.000231,0.011548,88.946884,-2057.180176,19599.998047,834.778503,-0.311035,0.133057,0.055176,0.000000,0.000000,0.000000,0.000000,0.000000,0.000000,0.000000,0.000000,0.000000
595,9.916667,-55.510742,0.000164,-21.988647,-28.017380,-0.000019,10.873437,1.940998,0.001136,30.052538,6116.429,2,0.000000,4,4,90.517342,1,0,0,-0.005167,0.999960,0.007315,-0.361834,0.004949,-0.932230,0.000028,0.000184,0.000000,0.000000,0.000000,1,0.013401,5338.277832,1.740567,2234.360840,-0.000022,-0.028500,90.487373,1,0.005745,5088.354980,1.658982,2237.677734,-0.000021,-0.028542,90.547318,1,-0.005746,4711.611328,-19.184500,-903.209534,0.000245,0.011521,89.073799,1,-0.013402,4461.688477,-18.172346,-903.404175,0.000232,0.011523,89.057396,-2051.534912,19599.925781,832.721191,0.279297,0.049072,-0.064453,0.000000,0.000000,0.000000,0.000000,0.000000,0.000000,0.000000,0.000000,0.000000
596,9.933333,-55.978271,0.000163,-21.807251,-28.051573,-0.000020,10.887316,1.941017,0.001137,30.089434,6123.819,2,0.000000,4,4,90.626259,1,0,0,-0.005170,0.999960,0.007315,-0.361851,0.004949,-0.932223,0.000033,0.000183,0.000000,0.000000,0.000000,1,0.013405,5338.408691,1.706752,2229.942139,-0.000022,-0.028443,90.596313,1,0.005750,5088.488281,1.626755,2233.279541,-0.000021,-0.028486,90.656219,1,-0.005750,4711.529297,-19.208858,-901.264282,0.000245,0.011496,89.183990,1,-0.013405,4461.597656,-18.195349,-901.440002,0.000232,0.011498,89.167618,-2045.868896,19600.033203,830.688599,0.857422,0.037842,0.038086,0.000000,0.000000,0.000000,0.000000,0.000000,0.000000,0.000000,0.000000,0.000000
597,9.950000,-56.446411,0.000163,-21.625610,-28.085670,-0.000019,10.901160,1.941036,0.001137,30.126226,6131.188,2,0.000000,4,4,90.734863,1,0,0,-0.005173,0.999960,0.007316,-0.361869,0.004948,-0.932216,0.000050,0.000181,0.000000,0.000000,0.000000,1,0.013408,5338.598633,1.673043,2225.553467,-0.000021,-0.028387,90.704933,1,0.005754,5088.641113,1.588576,2228.873535,-0.000020,-0.028430,90.764801,1,-0.005754,4711.381836,-19.246717,-899.234314,0.000245,0.011470,89.293900,1,-0.013409,4461.433594,-18.218065,-899.380981,0.000232,0.011472,89.277550,-2040.385376,19600.068359,828.747437,0.065918,-0.288391,-0.075195,0.000000,0.000000,0.000000,0.000000,0.000000,0.000000,0.000000,0.000000,0.000000
598,9.966666,-56.915039,0.000163,-21.443726,-28.119677,-0.000018,10.914972,1.941055,0.001133,30.162922,6138.535,2,0.000000,4,4,90.843140,1,0,0,-0.005176,0.999960,0.007317,-0.361887,0.004948,-0.932209,0.000052,0.000179,0.000000,0.000000,0.000000,1,0.013412,5338.692383,1.626729,2221.011230,-0.000021,-0.028329,90.813232,1,0.005758,5088.741211,1.550478,2224.416748,-0.000020,-0.028373,90.873062,1,-0.005759,4711.254883,-19.181564,-897.282227,0.000245,0.011445,89.403511,1,-0.013412,4461.303711,-18.162848,-897.386841,0.000232,0.011446,89.387184,-2034.640747,19599.994141,826.523438,-0.561523,-0.228149,0.652832,0.000000,0.000000,0.000000,0.000000,0.000000,0.000000,0.000000,0.000000,0.000000
599,9.983334,-57.384277,0.000162,-21.261597,-28.153587,-0.000018,10.928748,1.941074,0.001129,30.199516,6145.860,2,0.000000,4,4,90.951103,1,0,0,-0.005179,0.999960,0.007318,-0.361904,0.004948,-0.932202,0.000039,0.000190,0.000000,0.000000,0.000000,1,0.013416,5338.812988,1.637439,2216.498291,-0.000021,-0.028272,90.921219,1,0.005763,5088.943359,1.560712,2219.977051,-0.000020,-0.028316,90.981003,1,-0.005763,4711.052734,-19.075159,-895.283569,0.000243,0.011419,89.512840,1,-0.013416,4461.183105,-18.055893,-895.377014,0.000230,0.011421,89.496529,-2029.072266,19599.992188,824.154053,-0.485840,0.154480,0.383301,0.000000,0.000000,0.000000,0.000000,0.000000,0.000000,0.000000,0.000000,0.000000
600,10.000000,-57.854126,0.000162,-21.079224,-28.187405,-0.000018,10.942484,1.941092,0.001132,30.236008,6153.165,2,0.000000,4,4,91.058746,1,0,0,-0.005182,0.999960,0.007319,-0.361922,0.004947,-0.932195,0.000028,0.000196,0.000000,0.000000,0.000000,1,0.013419,5338.900391,1.629175,2211.989014,-0.000021,-0.028214,91.028885,1,0.005768,5089.102539,1.552859,2215.468262,-0.000020,-0.028259,91.088615,1,-0.005768,4710.871582,-19.099386,-893.190613,0.000244,0.011393,89.621880,1,-0.013420,4461.073242,-18.085581,-893.364624,0.000231,0.011395,89.605576,-2023.423340,19599.939453,822.080505,0.164062,-0.017944,0.286133,0.000000,0.000000,0.000000,0.000000,0.000000,0.000000,0.000000,0.000000,0.000000
601,10.016666,-58.324463,0.000162,-20.896606,-28.221128,-0.000019,10.956185,1.941111,0.001131,30.272411,6160.448,2,0.000000,4,4,91.166069,1,0,0,-0.005185,0.999960,0.007319,-0.361939,0.004946,-0.932189,0.000030,0.000199,0.000000,0.000000,0.000000,1,0.013423,5339.037598,1.589416,2207.447021,-0.000020,-0.028156,91.136230,1,0.005772,5089.296387,1.514981,2210.992432,-0.000019,-0.028201,91.195915,1,-0.005772,4710.717773,-19.116879,-891.177002,0.000244,0.011367,89.730614,1,-0.013423,4460.965820,-18.102299,-891.360229,0.000231,0.011369,89.714333,-2017.679688,19600.025391,820.014954,0.180176,0.116455,0.145996,0.000000,0.000000,0.000000,0.000000,0.000000,0.000000,0.000000,0.000000,0.000000
602,10.033334,-58.795410,0.000161,-20.713745,-28.254757,-0.000019,10.969852,1.941130,0.001133,30.308704,6167.708,2,0.000000,4,4,91.273064,1,0,0,-0.005189,0.999960,0.007320,-0.361957,0.004946,-0.932182,0.000033,0.000201,0.000000,0.000000,0.000000,1,0.013427,5339.156250,1.562349,2202.867432,-0.000020,-0.028098,91.243248,1,0.005777,5089.432129,1.495193,2206.418457,-0.000019,-0.028143,91.302887,1,-0.005777,4710.541992,-19.141136,-889.140442,0.000244,0.011341,89.839050,1,-0.013427,4460.815918,-18.125332,-889.354980,0.000231,0.011344,89.822792,-2011.840088,19599.939453,817.892822,0.074219,-0.261108,-0.498535,0.000000,0.000000,0.000000,0.000000,0.000000,0.000000,0.000000,0.000000,0.000000
603,10.050000,-59.266846,0.000161,-20.530640,-28.288288,-0.000020,10.983484,1.941149,0.001129,30.344894,6174.947,2,0.000000,4,4,91.379738,1,0,0,-0.005192,0.999960,0.007320,-0.361974,0.004945,-0.932175,0.000036,0.000194,0.000000,0.000000,0.000000,1,0.013430,5339.308105,1.529068,2198.260254,-0.000020,-0.028039,91.349953,1,0.005782,5089.585938,1.457469,2201.859131,-0.000019,-0.028085,91.409538,1,-0.005782,4710.428223,-19.083710,-887.136353,0.000243,0.011316,89.947189,1,-0.013431,4460.715332,-18.070988,-887.292358,0.000230,0.011318,89.930962,-2006.062500,19600.046875,815.649414,0.080566,0.102539,-0.495605,0.000000,0.000000,0.000000,0.000000,0.000000,0.000000,0.000000,0.000000,0.000000
604,10.066667,-59.738892,0.000161,-20.347412,-28.321722,-0.000019,10.997079,1.941168,0.001131,30.380978,6182.164,2,0.000000,4,4,91.486092,1,0,0,-0.005195,0.999960,0.007321,-0.361992,0.004944,-0.932168,0.000040,0.000187,0.000000,0.000000,0.000000,1,0.013434,5339.377441,1.508418,2193.660645,-0.000019,-0.027980,91.456329,1,0.005786,5089.673828,1.437791,2197.243652,-0.000018,-0.028026,91.515862,1,-0.005786,4710.300293,-19.108269,-885.044922,0.000244,0.011289,90.055038,1,-0.013434,4460.596680,-18.100716,-885.221252,0.000231,0.011291,90.038834,-2000.281372,19599.941406,813.549805,0.708008,-0.107727,0.298828,0.000000,0.000000,0.000000,0.000000,0.000000,0.000000,0.000000,0.000000,0.000000
605,10.083333,-60.211426,0.000160,-20.163940,-28.355061,-0.000020,11.010638,1.941187,0.001129,30.416960,6189.358,2,0.000000,4,4,91.592117,1,0,0,-0.005198,0.999960,0.007322,-0.362010,0.004944,-0.932161,0.000053,0.000189,0.000000,0.000000,0.000000,1,0.013438,5339.569336,1.494132,2189.045898,-0.000019,-0.027922,91.562378,1,0.005791,5089.827148,1.424166,2192.663330,-0.000018,-0.027968,91.621864,1,-0.005791,4710.176270,-19.071543,-883.001526,0.000243,0.011263,90.162582,1,-0.013438,4460.422852,-18.059252,-883.159546,0.000230,0.011265,90.146400,-1994.519775,19599.998047,811.301880,0.556641,0.115845,0.149902,0.000000,0.000000,0.000000,0.000000,0.000000,0.000000,0.000000,0.000000,0.000000
606,10.100000,-60.684570,0.000160,-19.980225,-28.388302,-0.000020,11.024160,1.941206,0.001131,30.452839,6196.532,2,0.000000,4,4,91.697815,1,0,0,-0.005201,0.999960,0.007323,-0.362027,0.004944,-0.932154,0.000063,0.000189,0.000000,0.000000,0.000000,1,0.013442,5339.764160,1.486155,2184.450439,-0.000019,-0.027863,91.668106,1,0.005795,5089.981934,1.410578,2188.055420,-0.000018,-0.027909,91.727539,1,-0.005795,4710.034180,-19.089327,-880.936279,0.000243,0.011236,90.269821,1,-0.013442,4460.261230,-18.082424,-881.107849,0.000231,0.011239,90.253662,-1988.722656,19600.052734,809.160950,0.338379,-0.243774,-0.016113,0.000000,0.000000,0.000000,0.000000,0.000000,0.000000,0.000000,0.000000,0.000000
607,10.116667,-61.158203,0.000160,-19.796265,-28.421448,-0.000019,11.037646,1.941224,0.001127,30.488621,6203.682,2,0.000000,4,4,91.803185,1,0,0,-0.005204,0.999960,0.007325,-0.362045,0.004944,-0.932148,0.000070,0.000188,0.000000,0.000000,0.000000,1,0.013446,5339.882324,1.428074,2179.734619,-0.000018,-0.027803,91.773499,1,0.005799,5090.095215,1.361194,2183.380615,-0.000017,-0.027849,91.832878,1,-0.005799,4709.892090,-19.059561,-878.878296,0.000243,0.011210,90.376762,1,-0.013447,4460.104980,-18.047710,-879.015320,0.000230,0.011212,90.360626,-1982.790771,19599.970703,806.946655,-0.316895,-0.178467,-0.010742,0.000000,0.000000,0.000000,0.000000,0.000000,0.000000,0.000000,0.000000,0.000000
608,10.133333,-61.632446,0.000160,-19.612061,-28.454494,-0.000019,11.051095,1.941243,0.001125,30.524292,6210.811,2,0.000000,4,4,91.908234,1,0,0,-0.005207,0.999960,0.007326,-0.362062,0.004944,-0.932141,0.000064,0.000189,0.000000,0.000000,0.000000,1,0.013451,5340.018555,1.395160,2175.056152,-0.000018,-0.027743,91.878578,1,0.005804,5090.257324,1.335794,2178.766113,-0.000017,-0.027790,91.937904,1,-0.005804,4709.738770,-19.016312,-876.799683,0.000243,0.011184,90.483398,1,-0.013451,4459.966797,-18.006792,-876.921570,0.000230,0.011185,90.467285,-1976.997314,19599.980469,804.711853,0.795410,-0.091919,-0.091797,0.000000,0.000000,0.000000,0.000000,0.000000,0.000000,0.000000,0.000000,0.000000
609,10.150000,-62.107178,0.000159,-19.427612,-28.487444,-0.000019,11.064507,1.941262,0.001123,30.559860,6217.918,2,0.000000,4,4,92.012947,1,0,0,-0.005210,0.999960,0.007327,-0.362080,0.004944,-0.932134,0.000080,0.000185,0.000000,0.000000,0.000000,1,0.013455,5340.187988,1.362335,2170.349365,-0.000017,-0.027683,91.983315,1,0.005808,5090.346191,1.292567,2174.049072,-0.000016,-0.027730,92.042587,1,-0.005808,4709.627930,-19.014074,-874.710571,0.000243,0.011157,90.589737,1,-0.013455,4459.795410,-18.004408,-874.841309,0.000230,0.011159,90.573639,-1971.045898,19599.953125,802.519775,0.652832,0.027344,-0.055664,0.000000,0.000000,0.000000,0.000000,0.000000,0.000000,0.000000,0.000000,0.000000
610,10.166667,-62.582520,0.000159,-19.243042,-28.520294,-0.000020,11.077882,1.941281,0.001124,30.595325,6225.002,2,0.000000,4,4,92.117340,1,0,0,-0.005213,0.999960,0.007329,-0.362097,0.004944,-0.932127,0.000093,0.000182,0.000000,0.000000,0.000000,1,0.013460,5340.374023,1.329593,2165.690430,-0.000017,-0.027624,92.087738,1,0.005812,5090.469727,1.273252,2169.375244,-0.000016,-0.027671,92.146957,1,-0.005812,4709.522461,-19.018702,-872.590942,0.000243,0.011130,90.695770,1,-0.013460,4459.629395,-18.008520,-872.732666,0.000230,0.011132,90.679688,-1965.239990,19600.000000,800.372437,0.504883,0.097229,-0.064941,0.000000,0.000000,0.000000,0.000000,0.000000,0.000000,0.000000,0.000000,0.000000
611,10.183333,-63.058350,0.000159,-19.058228,-28.553049,-0.000020,11.091222,1.941299,0.001125,30.630684,6232.065,2,0.000000,4,4,92.221397,1,0,0,-0.005215,0.999960,0.007331,-0.362115,0.004945,-0.932120,0.000103,0.000180,0.000000,0.000000,0.000000,1,0.013464,5340.545898,1.321866,2160.960938,-0.000017,-0.027563,92.191818,1,0.005816,5090.591309,1.265870,2164.639893,-0.000016,-0.027610,92.250984,1,-0.005816,4709.390137,-19.036793,-870.486877,0.000243,0.011103,90.801491,1,-0.013465,4459.415527,-18.025297,-870.634705,0.000230,0.011105,90.785431,-1959.291626,19599.935547,798.158325,-0.299316,-0.152344,-0.177734,0.000000,0.000000,0.000000,0.000000,0.000000,0.000000,0.000000,0.000000,0.000000
612,10.200000,-63.534790,0.000158,-18.873169,-28.585705,-0.000021,11.104525,1.941318,0.001123,30.665939,6239.105,2,0.000000,4,4,92.325127,1,0,0,-0.005218,0.999960,0.007332,-0.362132,0.004945,-0.932114,0.000098,0.000178,0.000000,0.000000,0.000000,1,0.013469,5340.699707,1.295472,2156.207031,-0.000017,-0.027503,92.295578,1,0.005820,5090.710449,1.234763,2159.887451,-0.000016,-0.027550,92.354691,1,-0.005820,4709.268555,-19.000910,-868.405518,0.000242,0.011077,90.906906,1,-0.013469,4459.288574,-17.997675,-868.536743,0.000230,0.011078,90.890869,-1953.306152,19599.966797,795.869141,-0.320312,0.052734,-0.136719,0.000000,0.000000,0.000000,0.000000,0.000000,0.000000,0.000000,0.000000,0.000000
613,10.216666,-64.011719,0.000158,-18.687866,-28.618259,-0.000021,11.117789,1.941337,0.001124,30.701086,6246.122,2,0.000000,4,4,92.428528,1,0,0,-0.005221,0.999960,0.007334,-0.362150,0.004945,-0.932107,0.000092,0.000178,0.000000,0.000000,0.000000,1,0.013473,5340.820312,1.294017,2151.409912,-0.000017,-0.027441,92.399002,1,0.005824,5090.839355,1.233380,2155.134277,-0.000016,-0.027489,92.458061,1,-0.005824,4709.149414,-18.998926,-866.293030,0.000242,0.011050,91.012016,1,-0.013474,4459.189941,-17.995842,-866.451721,0.000230,0.011052,90.996002,-1947.297119,19600.003906,793.575928,-0.329590,-0.272949,-0.585449,0.000000,0.000000,0.000000,0.000000,0.000000,0.000000,0.000000,0.000000,0.000000
614,10.233334,-64.489258,0.000157,-18.502319,-28.650715,-0.000021,11.131016,1.941356,0.001119,30.736126,6253.117,2,0.000000,4,4,92.531601,1,0,0,-0.005224,0.999959,0.007336,-0.362167,0.004946,-0.932100,0.000087,0.000171,0.000000,0.000000,0.000000,1,0.013478,5340.946289,1.280145,2146.655762,-0.000016,-0.027381,92.502106,1,0.005828,5090.978516,1.220162,2150.425293,-0.000016,-0.027429,92.561104,1,-0.005828,4709.064453,-18.909542,-864.129456,0.000241,0.011022,91.116821,1,-0.013478,4459.056641,-17.904608,-864.256592,0.000228,0.011024,91.100830,-1941.576538,19600.056641,791.230286,-0.321777,0.106445,-0.529297,0.000000,0.000000,0.000000,0.000000,0.000000,0.000000,0.000000,0.000000,0.000000
615,10.250000,-64.967285,0.000157,-18.316528,-28.683075,-0.000021,11.144203,1.941374,0.001121,30.771061,6260.091,2,0.000000,4,4,92.634338,1,0,0,-0.005226,0.999959,0.007337,-0.362184,0.004946,-0.932093,0.000082,0.000165,0.000000,0.000000,0.000000,1,0.013482,5341.057617,1.278718,2141.854492,-0.000016,-0.027320,92.604874,1,0.005831,5091.064941,1.212881,2145.600586,-0.000015,-0.027367,92.663811,1,-0.005831,4708.955078,-18.914564,-862.033875,0.000241,0.010995,91.221306,1,-0.013482,4458.969727,-17.922176,-862.201538,0.000229,0.010997,91.205338,-1935.445312,19600.058594,788.923706,0.298828,-0.032959,-0.312988,0.000000,0.000000,0.000000,0.000000,0.000000,0.000000,0.000000,0.000000,0.000000
616,10.266666,-65.445923,0.000157,-18.130615,-28.715332,-0.000020,11.157351,1.941393,0.001121,30.805887,6267.042,2,0.000000,4,4,92.736748,1,0,0,-0.005229,0.999959,0.007339,-0.362202,0.004947,-0.932086,0.000089,0.000160,0.000000,0.000000,0.000000,1,0.013486,5341.184570,1.258701,2137.041992,-0.000016,-0.027258,92.707314,1,0.005835,5091.143555,1.193799,2140.811523,-0.000015,-0.027306,92.766190,1,-0.005835,4708.835938,-18.906153,-859.918335,0.000241,0.010968,91.325485,1,-0.013486,4458.815430,-17.901302,-860.067017,0.000228,0.010970,91.309540,-1929.439697,19599.976562,786.642212,-0.373047,-0.219604,0.435059,0.000000,0.000000,0.000000,0.000000,0.000000,0.000000,0.000000,0.000000,0.000000
617,10.283334,-65.925049,0.000156,-17.944458,-28.747490,-0.000020,11.170463,1.941411,0.001117,30.840611,6273.970,2,0.000000,4,4,92.838821,1,0,0,-0.005232,0.999959,0.007340,-0.362219,0.004947,-0.932080,0.000081,0.000167,0.000000,0.000000,0.000000,1,0.013490,5341.332031,1.213964,2132.255371,-0.000015,-0.027197,92.809418,1,0.005839,5091.324707,1.162981,2136.072021,-0.000015,-0.027246,92.868233,1,-0.005839,4708.717285,-18.870964,-857.758362,0.000241,0.010941,91.429352,1,-0.013490,4458.700684,-17.867983,-857.886414,0.000228,0.010942,91.413429,-1923.591064,19600.089844,784.418823,0.213379,-0.045410,0.368164,0.000000,0.000000,0.000000,0.000000,0.000000,0.000000,0.000000,0.000000,0.000000
618,10.300000,-66.404663,0.000156,-17.758057,-28.779551,-0.000019,11.183537,1.941430,0.001116,30.875229,6280.875,2,0.000000,4,4,92.940559,1,0,0,-0.005234,0.999959,0.007342,-0.362237,0.004947,-0.932073,0.000084,0.000171,0.000000,0.000000,0.000000,1,0.013495,5341.459473,1.194071,2127.395996,-0.000015,-0.027135,92.911186,1,0.005843,5091.440430,1.144013,2131.222900,-0.000015,-0.027184,92.969940,1,-0.005843,4708.543457,-18.855825,-855.634949,0.000241,0.010914,91.532906,1,-0.013495,4458.513672,-17.847206,-855.760620,0.000228,0.010915,91.517006,-1917.491455,19599.947266,782.092773,0.147461,0.053162,-0.266113,0.000000,0.000000,0.000000,0.000000,0.000000,0.000000,0.000000,0.000000,0.000000
619,10.316667,-66.884888,0.000156,-17.571411,-28.811508,-0.000020,11.196571,1.941449,0.001117,30.909737,6287.758,2,0.000000,4,4,93.041962,1,0,0,-0.005237,0.999959,0.007343,-0.362254,0.004947,-0.932066,0.000087,0.000167,0.000000,0.000000,0.000000,1,0.013499,5341.628418,1.186596,2122.593994,-0.000015,-0.027074,93.012627,1,0.005847,5091.564941,1.130983,2126.383789,-0.000014,-0.027122,93.071304,1,-0.005846,4708.448242,-18.854500,-853.468262,0.000240,0.010886,91.636147,1,-0.013499,4458.382324,-17.852139,-853.616699,0.000228,0.010888,91.620270,-1911.505615,19600.029297,779.833740,0.085449,0.057739,-0.213379,0.000000,0.000000,0.000000,0.000000,0.000000,0.000000,0.000000,0.000000,0.000000
620,10.333333,-67.365601,0.000155,-17.384644,-28.843367,-0.000019,11.209569,1.941467,0.001118,30.944134,6294.619,2,0.000000,4,4,93.143028,1,0,0,-0.005240,0.999959,0.007345,-0.362271,0.004948,-0.932059,0.000090,0.000164,0.000000,0.000000,0.000000,1,0.013503,5341.770508,1.185308,2117.717041,-0.000015,-0.027012,93.113724,1,0.005850,5091.656250,1.129746,2121.503174,-0.000014,-0.027060,93.172340,1,-0.005850,4708.347656,-18.859911,-851.308533,0.000241,0.010859,91.739075,1,-0.013503,4458.253418,-17.857128,-851.492676,0.000228,0.010861,91.723221,-1905.393311,19600.031250,777.512939,-0.561523,-0.198364,-0.070312,0.000000,0.000000,0.000000,0.000000,0.000000,0.000000,0.000000,0.000000,0.000000
621,10.350000,-67.846802,0.000155,-17.197632,-28.875124,-0.000019,11.222528,1.941486,0.001115,30.978428,6301.457,2,0.000000,4,4,93.243767,1,0,0,-0.005242,0.999959,0.007346,-0.362289,0.004948,-0.932053,0.000079,0.000165,0.000000,0.000000,0.000000,1,0.013507,5341.857910,1.140848,2112.835449,-0.000015,-0.026949,93.214500,1,0.005854,5091.786133,1.081503,2116.656250,-0.000014,-0.026998,93.273041,1,-0.005854,4708.217773,-18.825148,-849.151001,0.000240,0.010831,91.841690,1,-0.013507,4458.147949,-17.824284,-849.319702,0.000227,0.010833,91.825859,-1899.348633,19600.009766,775.231567,-0.540527,-0.264526,0.024414,0.000000,0.000000,0.000000,0.000000,0.000000,0.000000,0.000000,0.000000,0.000000
622,10.366667,-68.328613,0.000155,-17.010376,-28.906780,-0.000019,11.235448,1.941504,0.001111,31.012613,6308.271,2,0.000000,4,4,93.344170,1,0,0,-0.005245,0.999959,0.007347,-0.362306,0.004948,-0.932046,0.000068,0.000167,0.000000,0.000000,0.000000,1,0.013511,5341.957520,1.102652,2107.987549,-0.000014,-0.026888,93.314941,1,0.005858,5091.928711,1.056856,2111.853271,-0.000013,-0.026937,93.373413,1,-0.005858,4708.075195,-18.757092,-846.972778,0.000239,0.010803,91.943985,1,-0.013511,4458.048340,-17.759996,-847.106323,0.000227,0.010805,91.928185,-1893.469604,19600.009766,772.912598,0.104004,-0.103760,0.698242,0.000000,0.000000,0.000000,0.000000,0.000000,0.000000,0.000000,0.000000,0.000000
623,10.383333,-68.810913,0.000155,-16.822876,-28.938337,-0.000019,11.248330,1.941523,0.001109,31.046696,6315.064,2,0.000000,4,4,93.444229,1,0,0,-0.005248,0.999959,0.007349,-0.362323,0.004948,-0.932039,0.000068,0.000176,0.000000,0.000000,0.000000,1,0.013515,5342.105957,1.089166,2103.071777,-0.000014,-0.026825,93.415031,1,0.005862,5092.097656,1.038136,2106.968994,-0.000013,-0.026875,93.473434,1,-0.005862,4707.906250,-18.729164,-844.810425,0.000239,0.010776,92.045967,1,-0.013515,4457.889160,-17.733559,-844.962585,0.000226,0.010778,92.030182,-1887.357178,19599.996094,770.553223,0.068848,0.011047,0.000000,0.000000,0.000000,0.000000,0.000000,0.000000,0.000000,0.000000,0.000000,0.000000
624,10.400000,-69.293701,0.000154,-16.635132,-28.969793,-0.000019,11.261172,1.941541,0.001110,31.080666,6321.833,2,0.000000,4,4,93.543961,1,0,0,-0.005250,0.999959,0.007350,-0.362340,0.004948,-0.932033,0.000069,0.000176,0.000000,0.000000,0.000000,1,0.013519,5342.236328,1.069561,2098.177490,-0.000014,-0.026762,93.514801,1,0.005866,5092.218750,1.019449,2102.070312,-0.000013,-0.026812,93.573128,1,-0.005866,4707.773926,-18.734825,-842.636169,0.000239,0.010748,92.147629,1,-0.013519,4457.756348,-17.738888,-842.806824,0.000226,0.010750,92.131866,-1881.249756,19599.982422,768.272278,0.063477,0.049927,0.041992,0.000000,0.000000,0.000000,0.000000,0.000000,0.000000,0.000000,0.000000,0.000000
625,10.416667,-69.777100,0.000154,-16.447266,-29.001148,-0.000019,11.273977,1.941560,0.001110,31.114525,6328.581,2,0.000000,4,4,93.643356,1,0,0,-0.005253,0.999959,0.007351,-0.362358,0.004948,-0.932026,0.000070,0.000176,0.000000,0.000000,0.000000,1,0.013523,5342.388672,1.043867,2093.274170,-0.000013,-0.026700,93.614235,1,0.005870,5092.349609,0.994956,2097.181396,-0.000013,-0.026750,93.672493,1,-0.005870,4707.652344,-18.753891,-840.458557,0.000239,0.010720,92.248978,1,-0.013523,4457.624023,-17.756870,-840.658813,0.000226,0.010723,92.233238,-1875.127197,19600.017578,766.026367,-0.021973,-0.262573,0.072266,0.000000,0.000000,0.000000,0.000000,0.000000,0.000000,0.000000,0.000000,0.000000
626,10.433333,-70.260986,0.000154,-16.259155,-29.032400,-0.000019,11.286744,1.941578,0.001106,31.148275,6335.305,2,0.000000,4,4,93.742409,1,0,0,-0.005256,0.999959,0.007352,-0.362375,0.004948,-0.932019,0.000070,0.000177,0.000000,0.000000,0.000000,1,0.013527,5342.512207,1.012091,2088.353516,-0.000013,-0.026637,93.713318,1,0.005874,5092.479980,0.964671,2092.298340,-0.000012,-0.026687,93.771507,1,-0.005874,4707.500000,-18.693079,-838.270081,0.000238,0.010692,92.350006,1,-0.013527,4457.469727,-17.699257,-838.428894,0.000226,0.010694,92.334297,-1869.135010,19599.955078,763.675903,0.619629,0.301392,0.029785,0.000000,0.000000,0.000000,0.000000,0.000000,0.000000,0.000000,0.000000,0.000000
627,10.450000,-70.745361,0.000153,-16.070801,-29.063553,-0.000019,11.299472,1.941597,0.001111,31.181923,6342.006,2,0.000000,4,4,93.841125,1,0,0,-0.005259,0.999959,0.007354,-0.362392,0.004948,-0.932012,0.000082,0.000175,0.000000,0.000000,0.000000,1,0.013532,5342.710449,0.998781,2083.432861,-0.000013,-0.026574,93.812073,1,0.005878,5092.621094,0.951977,2087.326904,-0.000012,-0.026624,93.870186,1,-0.005878,4707.409668,-18.765524,-836.087280,0.000239,0.010664,92.450714,1,-0.013532,4457.322266,-17.773890,-836.304871,0.000227,0.010667,92.435028,-1862.875000,19600.076172,761.468140,0.492188,0.065796,0.057129,0.000000,0.000000,0.000000,0.000000,0.000000,0.000000,0.000000,0.000000,0.000000
628,10.466666,-71.230225,0.000153,-15.882324,-29.094601,-0.000018,11.312163,1.941615,0.001112,31.215460,6348.685,2,0.000000,4,4,93.939507,1,0,0,-0.005262,0.999959,0.007355,-0.362409,0.004949,-0.932006,0.000092,0.000174,0.000000,0.000000,0.000000,1,0.013536,5342.832520,0.997731,2078.510742,-0.000013,-0.026512,93.910492,1,0.005881,5092.698730,0.950968,2082.368408,-0.000012,-0.026561,93.968529,1,-0.005882,4707.250000,-18.771269,-833.873779,0.000239,0.010636,92.551102,1,-0.013536,4457.118164,-17.766548,-834.092712,0.000227,0.010639,92.535446,-1856.801514,19599.880859,759.146729,0.392090,-0.060852,0.152344,0.000000,0.000000,0.000000,0.000000,0.000000,0.000000,0.000000,0.000000,0.000000
629,10.483334,-71.715698,0.000153,-15.693604,-29.125547,-0.000020,11.324816,1.941634,0.001111,31.248890,6355.341,2,0.000000,4,4,94.037552,1,0,0,-0.005264,0.999959,0.007357,-0.362427,0.004949,-0.931999,0.000099,0.000175,0.000000,0.000000,0.000000,1,0.013541,5343.038574,0.978358,2073.614258,-0.000012,-0.026449,94.008575,1,0.005885,5092.854492,0.932496,2077.469238,-0.000012,-0.026498,94.066536,1,-0.005886,4707.150879,-18.750799,-831.678528,0.000239,0.010608,92.651169,1,-0.013541,4456.968262,-17.753229,-831.910156,0.000226,0.010611,92.635544,-1850.763306,19600.015625,756.842896,0.166504,-0.196411,-0.520996,0.000000,0.000000,0.000000,0.000000,0.000000,0.000000,0.000000,0.000000,0.000000
630,10.500000,-72.201660,0.000152,-15.504639,-29.156393,-0.000019,11.337430,1.941652,0.001108,31.282204,6361.974,2,0.000000,4,4,94.135254,1,0,0,-0.005267,0.999959,0.007359,-0.362444,0.004950,-0.931992,0.000104,0.000168,0.000000,0.000000,0.000000,1,0.013545,5343.190430,0.946802,2068.622070,-0.000012,-0.026385,94.106316,1,0.005889,5092.938965,0.902409,2072.492188,-0.000012,-0.026435,94.164207,1,-0.005889,4707.057129,-18.710604,-829.530151,0.000239,0.010581,92.750916,1,-0.013545,4456.818359,-17.714931,-829.698730,0.000226,0.010583,92.735321,-1844.556396,19600.007812,754.450623,0.060059,-0.264771,-0.368652,0.000000,0.000000,0.000000,0.000000,0.000000,0.000000,0.000000,0.000000,0.000000
631,10.516666,-72.688110,0.000152,-15.315430,-29.187136,-0.000019,11.350004,1.941671,0.001104,31.315413,6368.583,2,0.000000,4,4,94.232628,1,0,0,-0.005270,0.999959,0.007361,-0.362461,0.004950,-0.931986,0.000106,0.000163,0.000000,0.000000,0.000000,1,0.013550,5343.320312,0.890903,2063.660645,-0.000011,-0.026322,94.203728,1,0.005893,5093.037598,0.849127,2067.548584,-0.000011,-0.026372,94.261543,1,-0.005893,4706.980469,-18.683847,-827.340637,0.000238,0.010553,92.850349,1,-0.013550,4456.657227,-17.682993,-827.480591,0.000226,0.010555,92.834778,-1838.431763,19599.996094,752.162598,0.003418,0.005371,-0.213867,0.000000,0.000000,0.000000,0.000000,0.000000,0.000000,0.000000,0.000000,0.000000
632,10.533334,-73.175049,0.000152,-15.126099,-29.217775,-0.000020,11.362540,1.941689,0.001104,31.348509,6375.171,2,0.000000,4,4,94.329659,1,0,0,-0.005272,0.999959,0.007363,-0.362478,0.004951,-0.931979,0.000107,0.000160,0.000000,0.000000,0.000000,1,0.013555,5343.468750,0.877796,2058.665771,-0.000011,-0.026258,94.300789,1,0.005896,5093.143555,0.842438,2062.569580,-0.000011,-0.026308,94.358536,1,-0.005896,4706.856445,-18.663637,-825.137390,0.000238,0.010525,92.949463,1,-0.013555,4456.549805,-17.670156,-825.315979,0.000225,0.010527,92.933907,-1832.231689,19600.023438,749.776245,0.026367,0.076721,-0.106934,0.000000,0.000000,0.000000,0.000000,0.000000,0.000000,0.000000,0.000000,0.000000
633,10.550000,-73.662476,0.000151,-14.936523,-29.248312,-0.000019,11.375036,1.941708,0.001105,31.381496,6381.736,2,0.000000,4,4,94.426353,1,0,0,-0.005275,0.999959,0.007365,-0.362496,0.004952,-0.931972,0.000108,0.000159,0.000000,0.000000,0.000000,1,0.013559,5343.638672,0.876901,2053.741699,-0.000011,-0.026196,94.397522,1,0.005900,5093.247559,0.835766,2057.606934,-0.000011,-0.026245,94.455193,1,-0.005900,4706.774414,-18.676685,-822.910645,0.000238,0.010496,93.048256,1,-0.013559,4456.383301,-17.675913,-823.111572,0.000225,0.010499,93.032722,-1826.159424,19600.050781,747.481934,-0.089844,0.035034,0.003418,0.000000,0.000000,0.000000,0.000000,0.000000,0.000000,0.000000,0.000000,0.000000
634,10.566667,-74.150513,0.000151,-14.746704,-29.278748,-0.000019,11.387494,1.941726,0.001106,31.414381,6388.278,2,0.000000,4,4,94.522713,1,0,0,-0.005277,0.999959,0.007367,-0.362513,0.004953,-0.931966,0.000106,0.000159,0.000000,0.000000,0.000000,1,0.013563,5343.724609,0.863831,2048.721680,-0.000011,-0.026132,94.493919,1,0.005903,5093.327148,0.829106,2052.596436,-0.000011,-0.026181,94.551514,1,-0.005903,4706.588867,-18.676176,-820.711182,0.000238,0.010468,93.146721,1,-0.013564,4456.191406,-17.669136,-820.921753,0.000225,0.010471,93.131218,-1819.921265,19599.800781,745.107910,-0.150879,-0.332031,0.657227,0.000000,0.000000,0.000000,0.000000,0.000000,0.000000,0.000000,0.000000,0.000000
635,10.583333,-74.639038,0.000151,-14.556763,-29.309080,-0.000021,11.399913,1.941745,0.001101,31.447147,6394.797,2,0.000000,4,4,94.618736,1,0,0,-0.005280,0.999959,0.007368,-0.362530,0.004953,-0.931959,0.000101,0.000168,0.000000,0.000000,0.000000,1,0.013568,5343.952637,0.826505,2043.783936,-0.000011,-0.026069,94.589989,1,0.005907,5093.533203,0.787732,2047.674316,-0.000010,-0.026118,94.647499,1,-0.005907,4706.509766,-18.603741,-818.512329,0.000237,0.010440,93.244865,1,-0.013568,4456.101562,-17.612978,-818.697937,0.000225,0.010443,93.229393,-1813.898438,19600.119141,742.750549,0.357910,-0.100830,0.603516,0.000000,0.000000,0.000000,0.000000,0.000000,0.000000,0.000000,0.000000,0.000000
636,10.600000,-75.128052,0.000150,-14.366577,-29.339312,-0.000019,11.412292,1.941763,0.001099,31.479809,6401.293,2,0.000000,4,4,94.714417,1,0,0,-0.005283,0.999959,0.007370,-0.362547,0.004954,-0.931952,0.000106,0.000175,0.000000,0.000000,0.000000,1,0.013573,5344.086426,0.807455,2038.791748,-0.000010,-0.026005,94.685707,1,0.005911,5093.657715,0.769575,2042.703735,-0.000010,-0.026055,94.743141,1,-0.005911,4706.329102,-18.570578,-816.290222,0.000237,0.010412,93.342690,1,-0.013573,4455.902832,-17.581482,-816.461182,0.000224,0.010414,93.327240,-1807.807739,19599.972656,740.390381,-0.369629,-0.151001,0.472168,0.000000,0.000000,0.000000,0.000000,0.000000,0.000000,0.000000,0.000000,0.000000
637,10.616667,-75.617554,0.000150,-14.176147,-29.369442,-0.000020,11.424632,1.941781,0.001097,31.512363,6407.766,2,0.000000,4,4,94.809753,1,0,0,-0.005285,0.999959,0.007372,-0.362564,0.004954,-0.931946,0.000097,0.000182,0.000000,0.000000,0.000000,1,0.013578,5344.249023,0.782385,2033.793213,-0.000010,-0.025941,94.781082,1,0.005915,5093.826660,0.745684,2037.734985,-0.000010,-0.025992,94.838432,1,-0.005915,4706.147461,-18.544113,-814.062561,0.000237,0.010383,93.440186,1,-0.013578,4455.727051,-17.556412,-814.248169,0.000224,0.010386,93.424759,-1801.688965,19599.941406,738.045410,-0.433594,0.009460,0.274414,0.000000,0.000000,0.000000,0.000000,0.000000,0.000000,0.000000,0.000000,0.000000
638,10.633333,-76.107544,0.000150,-13.985474,-29.399469,-0.000021,11.436933,1.941800,0.001097,31.544807,6414.216,2,0.000000,4,4,94.904755,1,0,0,-0.005288,0.999959,0.007373,-0.362581,0.004954,-0.931939,0.000088,0.000187,0.000000,0.000000,0.000000,1,0.013582,5344.370117,0.769481,2028.749023,-0.000010,-0.025877,94.876122,1,0.005919,5093.992188,0.733392,2032.725952,-0.000009,-0.025928,94.933395,1,-0.005919,4706.011230,-18.537636,-811.875488,0.000236,0.010356,93.537361,1,-0.013582,4455.602051,-17.544083,-812.087524,0.000224,0.010358,93.521957,-1795.402344,19599.972656,735.645020,0.203125,-0.039734,-0.251953,0.000000,0.000000,0.000000,0.000000,0.000000,0.000000,0.000000,0.000000,0.000000
639,10.650000,-76.598022,0.000149,-13.794678,-29.429392,-0.000021,11.449193,1.941818,0.001096,31.577135,6420.644,2,0.000000,4,4,94.999420,1,0,0,-0.005291,0.999959,0.007375,-0.362598,0.004955,-0.931932,0.000093,0.000183,0.000000,0.000000,0.000000,1,0.013587,5344.540039,0.750559,2023.750732,-0.000010,-0.025813,94.970825,1,0.005923,5094.108398,0.721120,2027.703125,-0.000009,-0.025864,95.028023,1,-0.005923,4705.885742,-18.518166,-809.646423,0.000236,0.010327,93.634216,1,-0.013587,4455.472168,-17.531820,-809.861145,0.000224,0.010330,93.618843,-1789.250977,19600.011719,733.289429,-0.458496,-0.193237,-0.204102,0.000000,0.000000,0.000000,0.000000,0.000000,0.000000,0.000000,0.000000,0.000000
640,10.666667,-77.088989,0.000149,-13.603638,-29.459213,-0.000021,11.461414,1.941836,0.001093,31.609356,6427.047,2,0.000000,4,4,95.093750,1,0,0,-0.005294,0.999959,0.007377,-0.362615,0.004955,-0.931926,0.000084,0.000182,0.000000,0.000000,0.000000,1,0.013591,5344.658691,0.737717,2018.704224,-0.000009,-0.025749,95.065193,1,0.005927,5094.242676,0.703114,2022.714111,-0.000009,-0.025800,95.122314,1,-0.005927,4705.751465,-18.466024,-807.461304,0.000236,0.010299,93.730743,1,-0.013591,4455.346191,-17.482462,-807.642639,0.000223,0.010302,93.715401,-1783.066162,19600.000000,730.844666,-0.403809,-0.019653,0.508301,0.000000,0.000000,0.000000,0.000000,0.000000,0.000000,0.000000,0.000000,0.000000
641,10.683333,-77.580444,0.000149,-13.412354,-29.488932,-0.000021,11.473595,1.941854,0.001093,31.641468,6433.429,2,0.000000,4,4,95.187744,1,0,0,-0.005297,0.999959,0.007378,-0.362632,0.004955,-0.931919,0.000074,0.000190,0.000000,0.000000,0.000000,1,0.013596,5344.782715,0.736985,2013.687134,-0.000009,-0.025685,95.159225,1,0.005931,5094.420898,0.702425,2017.736694,-0.000009,-0.025736,95.216270,1,-0.005932,4705.573242,-18.440048,-805.224915,0.000235,0.010271,93.826950,1,-0.013596,4455.202148,-17.464165,-805.416016,0.000223,0.010273,93.811638,-1776.966797,19599.978516,728.462891,-0.366211,-0.006104,0.998047,0.000000,0.000000,0.000000,0.000000,0.000000,0.000000,0.000000,0.000000,0.000000
642,10.700000,-78.072388,0.000148,-13.220947,-29.518547,-0.000021,11.485736,1.941872,0.001093,31.673468,6439.789,2,0.000000,4,4,95.281395,1,0,0,-0.005301,0.999959,0.007379,-0.362649,0.004955,-0.931913,0.000064,0.000204,0.000000,0.000000,0.000000,1,0.013600,5344.924805,0.742295,2008.692383,-0.000009,-0.025621,95.252922,1,0.005936,5094.628906,0.701745,2012.765747,-0.000009,-0.025673,95.309875,1,-0.005936,4705.365234,-18.407541,-802.965454,0.000235,0.010242,93.922829,1,-0.013600,4455.069336,-17.433634,-803.198669,0.000222,0.010245,93.907547,-1770.918701,19599.988281,726.074219,0.225098,-0.013794,0.756348,0.000000,0.000000,0.000000,0.000000,0.000000,0.000000,0.000000,0.000000,0.000000
643,10.716666,-78.564819,0.000148,-13.029297,-29.548063,-0.000021,11.497837,1.941891,0.001093,31.705362,6446.125,2,0.000000,4,4,95.374702,1,0,0,-0.005304,0.999959,0.007380,-0.362666,0.004954,-0.931906,0.000066,0.000213,0.000000,0.000000,0.000000,1,0.013605,5345.111328,0.717458,2003.651123,-0.000009,-0.025557,95.346268,1,0.005941,5094.826660,0.683827,2007.741455,-0.000009,-0.025609,95.403145,1,-0.005941,4705.156250,-18.420853,-800.750854,0.000235,0.010214,94.018379,1,-0.013605,4454.872070,-17.433872,-800.976501,0.000222,0.010217,94.003136,-1764.697998,19599.962891,723.751099,0.680176,-0.074341,-0.105957,0.000000,0.000000,0.000000,0.000000,0.000000,0.000000,0.000000,0.000000,0.000000
644,10.733334,-79.057739,0.000148,-12.837524,-29.577475,-0.000022,11.509899,1.941909,0.001092,31.737144,6452.437,2,0.000000,4,4,95.467674,1,0,0,-0.005307,0.999959,0.007382,-0.362683,0.004954,-0.931899,0.000080,0.000209,0.000000,0.000000,0.000000,1,0.013609,5345.293945,0.668579,1998.590332,-0.000009,-0.025492,95.439278,1,0.005946,5094.977539,0.642977,2002.714478,-0.000008,-0.025545,95.496078,1,-0.005946,4705.036621,-18.428028,-798.558594,0.000235,0.010186,94.113609,1,-0.013609,4454.708984,-17.446650,-798.791626,0.000223,0.010189,94.098396,-1758.383301,19600.023438,721.448730,-0.696777,-0.418274,-0.120117,0.000000,0.000000,0.000000,0.000000,0.000000,0.000000,0.000000,0.000000,0.000000
645,10.750000,-79.551147,0.000147,-12.645508,-29.606781,-0.000021,11.521923,1.941927,0.001085,31.768812,6458.726,2,0.000000,4,4,95.560310,1,0,0,-0.005311,0.999959,0.007383,-0.362700,0.004954,-0.931893,0.000066,0.000210,0.000000,0.000000,0.000000,1,0.013614,5345.405762,0.637840,1993.541016,-0.000008,-0.025428,95.531960,1,0.005951,5095.137207,0.607944,1997.717285,-0.000008,-0.025481,95.588676,1,-0.005951,4704.870117,-18.330833,-796.377991,0.000234,0.010158,94.208519,1,-0.013614,4454.599121,-17.354826,-796.551819,0.000221,0.010160,94.193336,-1752.234863,19600.017578,718.960388,-0.586426,0.021240,-0.124023,0.000000,0.000000,0.000000,0.000000,0.000000,0.000000,0.000000,0.000000,0.000000
646,10.766666,-80.045044,0.000147,-12.453247,-29.635984,-0.000021,11.533906,1.941945,0.001085,31.800369,6464.994,2,0.000000,4,4,95.652611,1,0,0,-0.005314,0.999959,0.007384,-0.362717,0.004954,-0.931886,0.000055,0.000210,0.000000,0.000000,0.000000,1,0.013618,5345.499023,0.643229,1988.478516,-0.000008,-0.025363,95.624298,1,0.005956,5095.296875,0.618820,1992.693115,-0.000008,-0.025417,95.680931,1,-0.005956,4704.679199,-18.298887,-794.099304,0.000233,0.010129,94.303108,1,-0.013618,4454.464355,-17.330925,-794.326416,0.000221,0.010132,94.287949,-1746.110718,19599.929688,716.536072,-0.492188,0.081299,-0.190430,0.000000,0.000000,0.000000,0.000000,0.000000,0.000000,0.000000,0.000000,0.000000
647,10.783334,-80.539429,0.000147,-12.260864,-29.665087,-0.000022,11.545848,1.941963,0.001087,31.831820,6471.239,2,0.000000,4,4,95.744576,1,0,0,-0.005317,0.999959,0.007385,-0.362734,0.004953,-0.931880,0.000046,0.000209,0.000000,0.000000,0.000000,1,0.013622,5345.615234,0.630596,1983.428711,-0.000008,-0.025299,95.716301,1,0.005961,5095.478516,0.589608,1987.649658,-0.000008,-0.025353,95.772858,1,-0.005961,4704.515625,-18.338684,-791.895264,0.000234,0.010101,94.397362,1,-0.013622,4454.386230,-17.356583,-792.141663,0.000221,0.010104,94.382240,-1739.810425,19599.998047,714.235779,0.210449,-0.049194,-0.143555,0.000000,0.000000,0.000000,0.000000,0.000000,0.000000,0.000000,0.000000,0.000000
648,10.800000,-81.034302,0.000146,-12.068237,-29.694084,-0.000022,11.557752,1.941981,0.001086,31.863161,6477.460,2,0.000000,4,4,95.836205,1,0,0,-0.005321,0.999959,0.007386,-0.362751,0.004953,-0.931873,0.000051,0.000207,0.000000,0.000000,0.000000,1,0.013626,5345.771484,0.593995,1978.409180,-0.000008,-0.025235,95.807976,1,0.005966,5095.608887,0.571887,1982.633911,-0.000007,-0.025289,95.864441,1,-0.005966,4704.395996,-18.320187,-789.667847,0.000234,0.010072,94.491295,1,-0.013627,4454.242676,-17.351261,-789.893005,0.000221,0.010075,94.476212,-1733.675781,19600.025391,711.916992,0.159180,0.080322,-0.102051,0.000000,0.000000,0.000000,0.000000,0.000000,0.000000,0.000000,0.000000,0.000000
649,10.816667,-81.529663,0.000146,-11.875366,-29.722979,-0.000022,11.569617,1.941999,0.001087,31.894390,6483.660,2,0.000000,4,4,95.927490,1,0,0,-0.005324,0.999959,0.007387,-0.362768,0.004952,-0.931866,0.000054,0.000205,0.000000,0.000000,0.000000,1,0.013631,5345.909668,0.575446,1973.365112,-0.000007,-0.025170,95.899300,1,0.005970,5095.777832,0.542779,1977.605469,-0.000007,-0.025225,95.955688,1,-0.005971,4704.229492,-18.359997,-787.439697,0.000234,0.010044,94.584900,1,-0.013631,4454.108398,-17.376751,-787.664551,0.000222,0.010047,94.569855,-1727.460205,19600.033203,709.655579,0.087402,-0.244263,-0.174316,0.000000,0.000000,0.000000,0.000000,0.000000,0.000000,0.000000,0.000000,0.000000
650,10.833333,-82.025513,0.000145,-11.682373,-29.751770,-0.000021,11.581445,1.942017,0.001083,31.925510,6489.835,2,0.000000,4,4,96.018440,1,0,0,-0.005327,0.999959,0.007388,-0.362785,0.004952,-0.931860,0.000056,0.000203,0.000000,0.000000,0.000000,1,0.013635,5346.059082,0.538970,1968.317627,-0.000007,-0.025106,95.990295,1,0.005975,5095.915527,0.519433,1972.580933,-0.000007,-0.025160,96.046593,1,-0.005975,4704.104492,-18.302731,-785.212708,0.000233,0.010015,94.678185,1,-0.013635,4453.974121,-17.328615,-785.443237,0.000221,0.010018,94.663170,-1721.298340,19600.064453,707.243652,0.076172,-0.003235,-0.133301,0.000000,0.000000,0.000000,0.000000,0.000000,0.000000,0.000000,0.000000,0.000000
651,10.850000,-82.521851,0.000145,-11.489136,-29.780458,-0.000021,11.593232,1.942036,0.001083,31.956514,6495.988,2,0.000000,4,4,96.109055,1,0,0,-0.005330,0.999959,0.007389,-0.362801,0.004952,-0.931853,0.000058,0.000201,0.000000,0.000000,0.000000,1,0.013639,5346.177246,0.550425,1963.251587,-0.000007,-0.025041,96.080948,1,0.005980,5096.060059,0.518944,1967.552490,-0.000007,-0.025096,96.137169,1,-0.005980,4703.941895,-18.277866,-782.986206,0.000233,0.009987,94.771141,1,-0.013639,4453.806641,-17.311153,-783.199158,0.000221,0.009990,94.756165,-1715.140991,19599.982422,704.825256,0.645508,0.005493,-0.187012,0.000000,0.000000,0.000000,0.000000,0.000000,0.000000,0.000000,0.000000,0.000000
652,10.866667,-83.018677,0.000145,-11.295776,-29.809044,-0.000021,11.604980,1.942053,0.001083,31.987413,6502.118,2,0.000000,4,4,96.199333,1,0,0,-0.005334,0.999958,0.007390,-0.362818,0.004952,-0.931847,0.000072,0.000196,0.000000,0.000000,0.000000,1,0.013644,5346.357422,0.543935,1958.257202,-0.000007,-0.024978,96.171280,1,0.005984,5096.181152,0.512757,1962.498047,-0.000007,-0.025032,96.227394,1,-0.005984,4703.820801,-18.266216,-780.748474,0.000233,0.009959,94.863777,1,-0.013643,4453.666504,-17.306141,-780.990295,0.000221,0.009962,94.848831,-1708.988770,19600.031250,702.461182,-0.078613,-0.238281,-0.151367,0.000000,0.000000,0.000000,0.000000,0.000000,0.000000,0.000000,0.000000,0.000000
653,10.883333,-83.515991,0.000144,-11.102173,-29.837526,-0.000020,11.616687,1.942071,0.001080,32.018200,6508.226,2,0.000000,4,4,96.289276,1,0,0,-0.005337,0.999958,0.007391,-0.362835,0.004951,-0.931840,0.000071,0.000194,0.000000,0.000000,0.000000,1,0.013648,5346.490234,0.495652,1953.159790,-0.000006,-0.024913,96.261261,1,0.005989,5096.317871,0.478126,1957.475708,-0.000006,-0.024968,96.317299,1,-0.005989,4703.694824,-18.235241,-778.554321,0.000233,0.009931,94.956085,1,-0.013648,4453.493164,-17.264360,-778.758972,0.000220,0.009933,94.941170,-1702.748047,19599.994141,700.078247,-0.746582,-0.252502,0.518555,0.000000,0.000000,0.000000,0.000000,0.000000,0.000000,0.000000,0.000000,0.000000
654,10.900000,-84.013794,0.000144,-10.908325,-29.865906,-0.000020,11.628355,1.942089,0.001076,32.048878,6514.311,2,0.000000,4,4,96.378883,1,0,0,-0.005340,0.999958,0.007392,-0.362852,0.004951,-0.931834,0.000054,0.000204,0.000000,0.000000,0.000000,1,0.013652,5346.599609,0.489221,1948.147339,-0.000006,-0.024849,96.350922,1,0.005994,5096.519043,0.460628,1952.493408,-0.000006,-0.024904,96.406853,1,-0.005994,4703.484863,-18.165337,-776.290405,0.000232,0.009902,95.048073,1,-0.013652,4453.402344,-17.198601,-776.489685,0.000219,0.009904,95.033188,-1696.770996,19600.005859,697.666260,-0.591309,-0.028625,-0.181641,0.000000,0.000000,0.000000,0.000000,0.000000,0.000000,0.000000,0.000000,0.000000
655,10.916667,-84.512085,0.000144,-10.714355,-29.894186,-0.000020,11.639983,1.942107,0.001075,32.079453,6520.374,2,0.000000,4,4,96.468155,1,0,0,-0.005343,0.999958,0.007393,-0.362868,0.004951,-0.931827,0.000043,0.000203,0.000000,0.000000,0.000000,1,0.013656,5346.703125,0.476843,1943.058105,-0.000006,-0.024784,96.440239,1,0.005999,5096.685547,0.460204,1947.426758,-0.000006,-0.024840,96.496078,1,-0.005998,4703.318359,-18.134483,-774.103210,0.000231,0.009874,95.139725,1,-0.013656,4453.310059,-17.175751,-774.333191,0.000219,0.009877,95.124870,-1690.443726,19600.019531,695.193848,-0.450195,0.059692,-0.150391,0.000000,0.000000,0.000000,0.000000,0.000000,0.000000,0.000000,0.000000,0.000000
656,10.933333,-85.010742,0.000143,-10.520142,-29.922359,-0.000020,11.651569,1.942125,0.001076,32.109909,6526.413,2,0.000000,4,4,96.557098,1,0,0,-0.005346,0.999958,0.007394,-0.362885,0.004950,-0.931821,0.000035,0.000203,0.000000,0.000000,0.000000,1,0.013660,5346.800293,0.470445,1938.026978,-0.000006,-0.024720,96.529228,1,0.006003,5096.843262,0.442753,1942.393433,-0.000006,-0.024775,96.584976,1,-0.006003,4703.149414,-18.155296,-771.884705,0.000232,0.009845,95.231056,1,-0.013660,4453.203613,-17.189552,-772.121704,0.000219,0.009848,95.216240,-1684.248779,19599.996094,692.879272,0.770020,-0.136658,-0.137207,0.000000,0.000000,0.000000,0.000000,0.000000,0.000000,0.000000,0.000000,0.000000
657,10.950000,-85.509888,0.000143,-10.325806,-29.950430,-0.000020,11.663117,1.942143,0.001074,32.140251,6532.431,2,0.000000,4,4,96.645706,1,0,0,-0.005350,0.999958,0.007395,-0.362902,0.004949,-0.931814,0.000050,0.000198,0.000000,0.000000,0.000000,1,0.013664,5346.947266,0.434317,1933.005737,-0.000006,-0.024656,96.617889,1,0.006008,5096.957031,0.419660,1937.358643,-0.000005,-0.024711,96.673531,1,-0.006008,4703.033691,-18.131275,-769.644165,0.000231,0.009817,95.322067,1,-0.013664,4453.056641,-17.166666,-769.886353,0.000219,0.009820,95.307289,-1678.123779,19599.994141,690.542053,0.719727,-0.007385,-0.060547,0.000000,0.000000,0.000000,0.000000,0.000000,0.000000,0.000000,0.000000,0.000000
658,10.966666,-86.009521,0.000143,-10.131226,-29.978399,-0.000020,11.674626,1.942161,0.001074,32.170490,6538.425,2,0.000000,4,4,96.733978,1,0,0,-0.005353,0.999958,0.007396,-0.362918,0.004949,-0.931808,0.000065,0.000195,0.000000,0.000000,0.000000,1,0.013668,5347.141602,0.416092,1928.016846,-0.000005,-0.024592,96.706207,1,0.006013,5097.118164,0.402281,1932.356323,-0.000005,-0.024647,96.761757,1,-0.006012,4702.903809,-18.133030,-767.407959,0.000231,0.009788,95.412750,1,-0.013668,4452.862305,-17.168055,-767.625977,0.000219,0.009791,95.398010,-1672.071289,19600.031250,688.261169,-0.069824,-0.171570,-0.200684,0.000000,0.000000,0.000000,0.000000,0.000000,0.000000,0.000000,0.000000,0.000000
659,10.983334,-86.509644,0.000142,-9.936401,-30.006268,-0.000020,11.686097,1.942179,0.001071,32.200619,6544.396,2,0.000000,4,4,96.821907,1,0,0,-0.005356,0.999958,0.007397,-0.362935,0.004949,-0.931801,0.000064,0.000193,0.000000,0.000000,0.000000,1,0.013672,5347.259766,0.356325,1922.970215,-0.000005,-0.024528,96.794189,1,0.006017,5097.248047,0.345308,1927.292847,-0.000004,-0.024583,96.849632,1,-0.006017,4702.767090,-18.128389,-765.202332,0.000231,0.009760,95.503105,1,-0.013672,4452.744141,-17.163710,-765.432556,0.000219,0.009763,95.488396,-1665.794312,19600.021484,685.967163,-0.026855,-0.153992,0.003906,0.000000,0.000000,0.000000,0.000000,0.000000,0.000000,0.000000,0.000000,0.000000
660,11.000000,-87.010254,0.000142,-9.741455,-30.034031,-0.000020,11.697530,1.942197,0.001069,32.230633,6550.345,2,0.000000,4,4,96.909508,1,0,0,-0.005359,0.999958,0.007398,-0.362952,0.004949,-0.931795,0.000063,0.000193,0.000000,0.000000,0.000000,1,0.013676,5347.407227,0.344136,1917.904175,-0.000004,-0.024463,96.881836,1,0.006021,5097.362793,0.328027,1922.259399,-0.000004,-0.024519,96.937187,1,-0.006021,4702.631836,-18.085314,-763.028259,0.000231,0.009733,95.593140,1,-0.013676,4452.607910,-17.128975,-763.218933,0.000218,0.009735,95.578461,-1659.576416,19600.011719,683.527649,-0.116699,-0.341614,0.718750,0.000000,0.000000,0.000000,0.000000,0.000000,0.000000,0.000000,0.000000,0.000000
661,11.016666,-87.511230,0.000142,-9.546265,-30.061691,-0.000019,11.708922,1.942215,0.001064,32.260540,6556.271,2,0.000000,4,4,96.996780,1,0,0,-0.005362,0.999958,0.007399,-0.362968,0.004949,-0.931788,0.000059,0.000203,0.000000,0.000000,0.000000,1,0.013681,5347.534180,0.343825,1912.890015,-0.000004,-0.024399,96.969162,1,0.006026,5097.582031,0.327737,1917.280640,-0.000004,-0.024455,97.024406,1,-0.006026,4702.421875,-17.984390,-760.799011,0.000229,0.009704,95.682854,1,-0.013681,4452.449707,-17.021435,-760.961182,0.000217,0.009706,95.668205,-1653.610474,19599.984375,681.014893,-0.065918,0.005737,0.433594,0.000000,0.000000,0.000000,0.000000,0.000000,0.000000,0.000000,0.000000,0.000000
662,11.033334,-88.012695,0.000141,-9.350952,-30.089251,-0.000019,11.720273,1.942232,0.001064,32.290340,6562.176,2,0.000000,4,4,97.083717,1,0,0,-0.005366,0.999958,0.007400,-0.362985,0.004948,-0.931782,0.000056,0.000208,0.000000,0.000000,0.000000,1,0.013685,5347.692383,0.343518,1907.901855,-0.000004,-0.024335,97.056152,1,0.006031,5097.749023,0.327446,1912.253418,-0.000004,-0.024391,97.111290,1,-0.006031,4702.232910,-17.954268,-758.529907,0.000229,0.009675,95.772247,1,-0.013685,4452.298340,-17.005154,-758.758240,0.000217,0.009678,95.757622,-1647.553955,19599.968750,678.640259,-0.090820,-0.003845,0.267578,0.000000,0.000000,0.000000,0.000000,0.000000,0.000000,0.000000,0.000000,0.000000
663,11.050000,-88.514648,0.000141,-9.155396,-30.116711,-0.000020,11.731584,1.942250,0.001064,32.320026,6568.058,2,0.000000,4,4,97.170319,1,0,0,-0.005369,0.999958,0.007401,-0.363001,0.004948,-0.931775,0.000053,0.000212,0.000000,0.000000,0.000000,1,0.013689,5347.832520,0.325459,1902.832275,-0.000004,-0.024271,97.142799,1,0.006036,5097.939453,0.315876,1907.228394,-0.000004,-0.024327,97.197845,1,-0.006036,4702.060547,-17.962719,-756.319824,0.000229,0.009647,95.861305,1,-0.013689,4452.167480,-17.007215,-756.565186,0.000217,0.009650,95.846718,-1641.330200,19600.000000,676.292847,-0.137207,-0.262451,0.161621,0.000000,0.000000,0.000000,0.000000,0.000000,0.000000,0.000000,0.000000,0.000000
664,11.066667,-89.017090,0.000141,-8.959717,-30.144066,-0.000020,11.742855,1.942268,0.001060,32.349609,6573.917,2,0.000000,4,4,97.256592,1,0,0,-0.005372,0.999958,0.007402,-0.363018,0.004947,-0.931769,0.000050,0.000215,0.000000,0.000000,0.000000,1,0.013694,5347.973145,0.307433,1897.844360,-0.000004,-0.024207,97.229126,1,0.006041,5098.103027,0.293054,1902.250122,-0.000004,-0.024263,97.284065,1,-0.006041,4701.875000,-17.894442,-754.114136,0.000228,0.009619,95.950043,1,-0.013694,4452.026855,-16.948763,-754.306458,0.000216,0.009621,95.935493,-1635.331787,19599.974609,673.897278,-0.120117,-0.014343,-0.507812,0.000000,0.000000,0.000000,0.000000,0.000000,0.000000,0.000000,0.000000,0.000000
665,11.083333,-89.519897,0.000140,-8.763794,-30.171322,-0.000020,11.754086,1.942285,0.001060,32.379086,6579.753,2,0.000000,4,4,97.342522,1,0,0,-0.005376,0.999958,0.007403,-0.363034,0.004947,-0.931763,0.000049,0.000209,0.000000,0.000000,0.000000,1,0.013698,5348.069336,0.295345,1892.787964,-0.000004,-0.024143,97.315109,1,0.006046,5098.255371,0.275904,1897.175781,-0.000004,-0.024199,97.369942,1,-0.006046,4701.740723,-17.890421,-751.923096,0.000228,0.009591,96.038460,1,-0.013698,4451.908691,-16.944983,-752.151855,0.000216,0.009594,96.023933,-1629.032959,19599.970703,671.499634,0.546387,-0.096436,-0.410156,0.000000,0.000000,0.000000,0.000000,0.000000,0.000000,0.000000,0.000000,0.000000
666,11.100000,-90.023193,0.000140,-8.567749,-30.198473,-0.000021,11.765278,1.942303,0.001058,32.408443,6585.567,2,0.000000,4,4,97.428131,1,0,0,-0.005379,0.999958,0.007404,-0.363051,0.004946,-0.931756,0.000062,0.000202,0.000000,0.000000,0.000000,1,0.013702,5348.234375,0.277382,1887.770874,-0.000004,-0.024079,97.400764,1,0.006051,5098.362305,0.258783,1892.183594,-0.000003,-0.024135,97.455505,1,-0.006051,4701.611816,-17.867344,-749.689636,0.000228,0.009562,96.126556,1,-0.013702,4451.750488,-16.922997,-749.926697,0.000216,0.009565,96.112061,-1622.966309,19599.953125,669.158447,0.460938,0.024841,-0.347168,0.000000,0.000000,0.000000,0.000000,0.000000,0.000000,0.000000,0.000000,0.000000
667,11.116667,-90.526978,0.000140,-8.371460,-30.225523,-0.000021,11.776430,1.942321,0.001059,32.437698,6591.359,2,0.000000,4,4,97.513412,1,0,0,-0.005382,0.999958,0.007406,-0.363067,0.004946,-0.931750,0.000072,0.000196,0.000000,0.000000,0.000000,1,0.013706,5348.416504,0.253555,1882.795044,-0.000003,-0.024015,97.486099,1,0.006055,5098.470215,0.247314,1887.142456,-0.000003,-0.024071,97.540733,1,-0.006055,4701.521973,-17.889151,-747.493652,0.000228,0.009534,96.214325,1,-0.013706,4451.577637,-16.931229,-747.728638,0.000216,0.009537,96.199867,-1616.807617,19599.988281,666.862122,0.320312,0.010132,0.306152,0.000000,0.000000,0.000000,0.000000,0.000000,0.000000,0.000000,0.000000,0.000000
668,11.133333,-91.031128,0.000139,-8.175049,-30.252470,-0.000021,11.787544,1.942338,0.001059,32.466839,6597.128,2,0.000000,4,4,97.598358,1,0,0,-0.005385,0.999958,0.007407,-0.363084,0.004946,-0.931743,0.000077,0.000199,0.000000,0.000000,0.000000,1,0.013711,5348.573730,0.241551,1877.803223,-0.000003,-0.023952,97.571098,1,0.006060,5098.646973,0.224637,1882.141235,-0.000003,-0.024007,97.625626,1,-0.006060,4701.345215,-17.891535,-745.265503,0.000228,0.009506,96.301773,1,-0.013711,4451.409180,-16.939516,-745.514404,0.000216,0.009509,96.287354,-1610.726318,19599.974609,664.574341,-1.008301,-0.405396,0.129883,0.000000,0.000000,0.000000,0.000000,0.000000,0.000000,0.000000,0.000000,0.000000
669,11.150000,-91.535767,0.000139,-7.978394,-30.279316,-0.000022,11.798620,1.942356,0.001052,32.495872,6602.875,2,0.000000,4,4,97.682976,1,0,0,-0.005389,0.999958,0.007408,-0.363100,0.004946,-0.931737,0.000057,0.000203,0.000000,0.000000,0.000000,1,0.013715,5348.688965,0.206023,1872.743774,-0.000003,-0.023887,97.655762,1,0.006065,5098.852051,0.202001,1877.185059,-0.000003,-0.023944,97.710197,1,-0.006065,4701.184082,-17.798571,-743.120300,0.000227,0.009479,96.388893,1,-0.013715,4451.347656,-16.845829,-743.301025,0.000215,0.009481,96.374512,-1604.611694,19600.089844,662.086548,-0.242188,-0.028931,0.111816,0.000000,0.000000,0.000000,0.000000,0.000000,0.000000,0.000000,0.000000,0.000000
670,11.166667,-92.040894,0.000139,-7.781616,-30.306059,-0.000021,11.809655,1.942374,0.001052,32.524792,6608.600,2,0.000000,4,4,97.767265,1,0,0,-0.005392,0.999958,0.007409,-0.363117,0.004946,-0.931731,0.000052,0.000206,0.000000,0.000000,0.000000,1,0.013719,5348.797852,0.205844,1867.806885,-0.000003,-0.023824,97.740105,1,0.006069,5099.011719,0.196221,1872.183960,-0.000003,-0.023880,97.794434,1,-0.006069,4700.988281,-17.775652,-740.852295,0.000227,0.009450,96.475700,1,-0.013719,4451.212891,-16.830343,-741.081604,0.000215,0.009453,96.461349,-1598.657227,19600.011719,659.763855,0.360840,-0.166565,-0.540039,0.000000,0.000000,0.000000,0.000000,0.000000,0.000000,0.000000,0.000000,0.000000
671,11.183333,-92.546387,0.000138,-7.584595,-30.332703,-0.000021,11.820651,1.942391,0.001049,32.553608,6614.302,2,0.000000,4,4,97.851219,1,0,0,-0.005395,0.999958,0.007410,-0.363133,0.004945,-0.931724,0.000060,0.000198,0.000000,0.000000,0.000000,1,0.013724,5348.945312,0.188039,1862.764282,-0.000002,-0.023760,97.824112,1,0.006074,5099.116211,0.179247,1867.176392,-0.000002,-0.023816,97.878334,1,-0.006074,4700.872559,-17.734072,-738.702209,0.000226,0.009422,96.562180,1,-0.013724,4451.045898,-16.790764,-738.909790,0.000214,0.009425,96.547859,-1592.451660,19599.976562,657.327942,0.295410,0.029419,-0.452637,0.000000,0.000000,0.000000,0.000000,0.000000,0.000000,0.000000,0.000000,0.000000
672,11.200000,-93.052368,0.000138,-7.387451,-30.359243,-0.000021,11.831607,1.942408,0.001050,32.582317,6619.982,2,0.000000,4,4,97.934853,1,0,0,-0.005398,0.999958,0.007411,-0.363149,0.004945,-0.931718,0.000068,0.000191,0.000000,0.000000,0.000000,1,0.013728,5349.072266,0.182006,1857.795288,-0.000002,-0.023696,97.907799,1,0.006078,5099.233398,0.179093,1862.124268,-0.000002,-0.023752,97.961914,1,-0.006078,4700.786621,-17.730820,-736.488586,0.000226,0.009394,96.648346,1,-0.013728,4450.927734,-16.787546,-736.682373,0.000214,0.009396,96.634056,-1586.369873,19600.023438,654.989624,0.316406,-0.089050,0.378906,0.000000,0.000000,0.000000,0.000000,0.000000,0.000000,0.000000,0.000000,0.000000
673,11.216666,-93.558838,0.000138,-7.190063,-30.385683,-0.000020,11.842524,1.942426,0.001049,32.610916,6625.640,2,0.000000,4,4,98.018158,1,0,0,-0.005401,0.999958,0.007413,-0.363165,0.004945,-0.931712,0.000073,0.000195,0.000000,0.000000,0.000000,1,0.013732,5349.252930,0.158388,1852.858154,-0.000002,-0.023633,97.991158,1,0.006083,5099.388672,0.150982,1857.183472,-0.000002,-0.023689,98.045166,1,-0.006083,4700.602539,-17.720924,-734.241455,0.000226,0.009365,96.734184,1,-0.013732,4450.725098,-16.772068,-734.470520,0.000214,0.009368,96.719925,-1580.431030,19599.964844,652.735413,-0.453613,-0.230103,0.141113,0.000000,0.000000,0.000000,0.000000,0.000000,0.000000,0.000000,0.000000,0.000000
674,11.233334,-94.065674,0.000137,-6.992554,-30.412024,-0.000021,11.853402,1.942443,0.001045,32.639404,6631.276,2,0.000000,4,4,98.101135,1,0,0,-0.005404,0.999958,0.007414,-0.363182,0.004945,-0.931705,0.000063,0.000198,0.000000,0.000000,0.000000,1,0.013736,5349.353027,0.140669,1847.840576,-0.000002,-0.023569,98.074181,1,0.006088,5099.556641,0.139681,1852.219360,-0.000002,-0.023625,98.128098,1,-0.006088,4700.443359,-17.647846,-732.078186,0.000225,0.009338,96.819695,1,-0.013736,4450.654297,-16.715183,-732.286499,0.000213,0.009340,96.805473,-1574.341064,19600.009766,650.285095,0.299805,-0.043274,0.187012,0.000000,0.000000,0.000000,0.000000,0.000000,0.000000,0.000000,0.000000,0.000000
675,11.250000,-94.572998,0.000137,-6.794800,-30.438263,-0.000021,11.864241,1.942461,0.001044,32.667786,6636.890,2,0.000000,4,4,98.183784,1,0,0,-0.005408,0.999958,0.007415,-0.363198,0.004945,-0.931699,0.000069,0.000199,0.000000,0.000000,0.000000,1,0.013741,5349.555176,0.128839,1842.894165,-0.000002,-0.023506,98.156883,1,0.006092,5099.728516,0.122817,1847.248657,-0.000002,-0.023562,98.210693,1,-0.006092,4700.293457,-17.644611,-729.897766,0.000225,0.009310,96.904892,1,-0.013741,4450.476074,-16.705988,-730.090881,0.000213,0.009312,96.890701,-1568.297363,19600.062500,647.978455,0.705566,-0.009460,-2.926270,0.000000,0.000000,0.000000,0.000000,0.000000,0.000000,0.000000,0.000000,0.000000
676,11.266666,-95.080688,0.000137,-6.596924,-30.464401,-0.000020,11.875040,1.942478,0.001044,32.696056,6642.481,2,0.000000,4,4,98.266113,1,0,0,-0.005410,0.999958,0.007417,-0.363214,0.004945,-0.931692,0.000092,0.000159,0.000000,0.000000,0.000000,1,0.013745,5349.659180,0.099474,1837.882568,-0.000001,-0.023442,98.239265,1,0.006096,5099.662109,0.094820,1842.184448,-0.000001,-0.023497,98.292969,1,-0.006096,4700.352539,-17.661196,-727.755859,0.000225,0.009283,96.989769,1,-0.013745,4450.344727,-16.720987,-727.955566,0.000213,0.009285,96.975609,-1561.990479,19600.021484,645.646973,-0.013672,-0.245483,-2.140137,0.000000,0.000000,0.000000,0.000000,0.000000,0.000000,0.000000,0.000000,0.000000
677,11.283334,-95.588867,0.000136,-6.398804,-30.490435,-0.000020,11.885800,1.942496,0.001041,32.724220,6648.051,2,0.000000,4,4,98.348122,1,0,0,-0.005412,0.999958,0.007418,-0.363230,0.004946,-0.931686,0.000099,0.000131,0.000000,0.000000,0.000000,1,0.013749,5349.755371,0.070158,1832.926147,-0.000001,-0.023379,98.321320,1,0.006099,5099.656250,0.066874,1837.176147,-0.000001,-0.023433,98.374931,1,-0.006098,4700.371582,-17.614477,-725.613586,0.000225,0.009255,97.074333,1,-0.013749,4450.292480,-16.676495,-725.769470,0.000213,0.009257,97.060204,-1555.881958,19600.087891,643.260498,0.628906,-0.142944,-1.473145,0.000000,0.000000,0.000000,0.000000,0.000000,0.000000,0.000000,0.000000,0.000000
678,11.300000,-96.097412,0.000136,-6.200562,-30.516367,-0.000019,11.896522,1.942513,0.001038,32.752274,6653.599,2,0.000000,4,4,98.429810,1,0,0,-0.005414,0.999958,0.007420,-0.363246,0.004947,-0.931680,0.000116,0.000110,0.000000,0.000000,0.000000,1,0.013753,5349.876465,0.046733,1827.992065,-0.000001,-0.023316,98.403053,1,0.006101,5099.639648,0.044545,1832.262329,-0.000001,-0.023371,98.456573,1,-0.006101,4700.380859,-17.599428,-723.377380,0.000224,0.009227,97.158585,1,-0.013753,4450.145996,-16.655691,-723.550720,0.000212,0.009229,97.144478,-1549.986694,19600.046875,641.003967,0.487305,-0.326050,-0.984863,0.000000,0.000000,0.000000,0.000000,0.000000,0.000000,0.000000,0.000000,0.000000
679,11.316667,-96.606445,0.000136,-6.002075,-30.542200,-0.000019,11.907205,1.942530,0.001033,32.780224,6659.126,2,0.000000,4,4,98.511169,1,0,0,-0.005415,0.999958,0.007423,-0.363263,0.004949,-0.931674,0.000129,0.000096,0.000000,0.000000,0.000000,1,0.013757,5350.018066,0.023347,1823.055420,-0.000000,-0.023253,98.484467,1,0.006103,5099.647949,0.027817,1827.265503,-0.000000,-0.023307,98.537880,1,-0.006102,4700.385742,-17.508755,-721.195618,0.000223,0.009199,97.242508,1,-0.013757,4450.006348,-16.575289,-721.362366,0.000211,0.009201,97.228432,-1543.987061,19600.064453,638.554871,0.413574,-0.135498,0.676270,0.000000,0.000000,0.000000,0.000000,0.000000,0.000000,0.000000,0.000000,0.000000
680,11.333333,-97.115967,0.000135,-5.803467,-30.567934,-0.000018,11.917848,1.942547,0.001031,32.808064,6664.630,2,0.000000,4,4,98.592209,1,0,0,-0.005417,0.999958,0.007425,-0.363279,0.004950,-0.931667,0.000135,0.000104,0.000000,0.000000,0.000000,1,0.013761,5350.183594,0.029160,1818.140869,-0.000000,-0.023191,98.565552,1,0.006105,5099.721191,0.027794,1822.389648,-0.000000,-0.023245,98.618874,1,-0.006104,4700.305664,-17.455788,-719.006775,0.000223,0.009171,97.326118,1,-0.013761,4449.854004,-16.524868,-719.131592,0.000211,0.009173,97.312065,-1538.160889,19600.070312,636.196960,0.325195,0.064331,0.779297,0.000000,0.000000,0.000000,0.000000,0.000000,0.000000,0.000000,0.000000,0.000000
681,11.350000,-97.625854,0.000135,-5.604614,-30.593571,-0.000017,11.928451,1.942564,0.001032,32.835796,6670.113,2,0.000000,4,4,98.672920,1,0,0,-0.005419,0.999958,0.007427,-0.363295,0.004952,-0.931661,0.000139,0.000113,0.000000,0.000000,0.000000,1,0.013766,5350.354980,0.056017,1813.263184,-0.000000,-0.023128,98.646317,1,0.006107,5099.818359,0.054651,1817.409180,-0.000000,-0.023181,98.699532,1,-0.006106,4700.177246,-17.434273,-716.791748,0.000222,0.009143,97.409409,1,-0.013765,4449.631836,-16.504131,-716.988403,0.000211,0.009145,97.395370,-1532.212891,19599.974609,633.804993,0.151855,-0.108154,0.142578,0.000000,0.000000,0.000000,0.000000,0.000000,0.000000,0.000000,0.000000,0.000000
682,11.366667,-98.136230,0.000135,-5.405640,-30.619108,-0.000017,11.939014,1.942582,0.001031,32.863426,6675.573,2,0.000000,4,4,98.753311,1,0,0,-0.005420,0.999958,0.007430,-0.363311,0.004953,-0.931655,0.000141,0.000114,0.000000,0.000000,0.000000,1,0.013770,5350.520996,0.034935,1808.329834,-0.000000,-0.023065,98.726753,1,0.006109,5099.899414,0.027748,1812.477905,-0.000000,-0.023118,98.779877,1,-0.006109,4700.114258,-17.413097,-714.641724,0.000222,0.009115,97.492371,1,-0.013770,4449.492676,-16.483789,-714.817688,0.000210,0.009118,97.478363,-1526.189209,19600.027344,631.493469,0.080078,0.020386,0.319336,0.000000,0.000000,0.000000,0.000000,0.000000,0.000000,0.000000,0.000000,0.000000
683,11.383333,-98.646973,0.000134,-5.206421,-30.644545,-0.000016,11.949539,1.942599,0.001031,32.890945,6681.012,2,0.000000,4,4,98.833382,1,0,0,-0.005422,0.999958,0.007432,-0.363326,0.004955,-0.931649,0.000142,0.000118,0.000000,0.000000,0.000000,1,0.013775,5350.679688,0.034907,1803.451904,-0.000000,-0.023003,98.806870,1,0.006111,5099.982422,0.033270,1807.581665,-0.000000,-0.023056,98.859901,1,-0.006111,4700.031250,-17.398224,-712.470093,0.000222,0.009088,97.575020,1,-0.013775,4449.333984,-16.469412,-712.673218,0.000210,0.009090,97.561035,-1520.262451,19600.027344,629.175415,-0.053223,-0.270508,0.427246,0.000000,0.000000,0.000000,0.000000,0.000000,0.000000,0.000000,0.000000,0.000000
684,11.400000,-99.158081,0.000134,-5.007080,-30.669882,-0.000016,11.960026,1.942616,0.001027,32.918362,6686.429,2,0.000000,4,4,98.913124,1,0,0,-0.005424,0.999958,0.007435,-0.363342,0.004956,-0.931642,0.000139,0.000124,0.000000,0.000000,0.000000,1,0.013780,5350.851562,0.034907,1798.546875,-0.000000,-0.022941,98.886665,1,0.006114,5100.089355,0.033270,1802.685791,-0.000000,-0.022993,98.939590,1,-0.006113,4699.935059,-17.358257,-710.302185,0.000221,0.009060,97.657349,1,-0.013779,4449.172852,-16.431328,-710.487793,0.000210,0.009062,97.643394,-1514.364258,19600.052734,626.821777,-0.141113,-0.143250,0.454590,0.000000,0.000000,0.000000,0.000000,0.000000,0.000000,0.000000,0.000000,0.000000
685,11.416667,-99.669678,0.000134,-4.807617,-30.695122,-0.000015,11.970473,1.942633,0.001025,32.945671,6691.824,2,0.000000,4,4,98.992546,1,0,0,-0.005426,0.999958,0.007437,-0.363358,0.004957,-0.931636,0.000135,0.000130,0.000000,0.000000,0.000000,1,0.013784,5350.961426,0.031550,1793.611694,-0.000000,-0.022878,98.966133,1,0.006116,5100.191406,0.026555,1797.779907,-0.000000,-0.022931,99.018967,1,-0.006116,4699.780273,-17.311926,-708.155396,0.000221,0.009033,97.739365,1,-0.013784,4448.999023,-16.387367,-708.352295,0.000209,0.009035,97.725441,-1508.365967,19599.916016,624.426208,-0.257324,-0.362610,1.095703,0.000000,0.000000,0.000000,0.000000,0.000000,0.000000,0.000000,0.000000,0.000000
686,11.433333,-100.181641,0.000134,-4.607910,-30.720261,-0.000016,11.980881,1.942650,0.001019,32.972870,6697.196,2,0.000000,4,4,99.071655,1,0,0,-0.005428,0.999958,0.007439,-0.363374,0.004958,-0.931630,0.000126,0.000145,0.000000,0.000000,0.000000,1,0.013789,5351.162598,0.013518,1788.741699,-0.000000,-0.022816,99.045296,1,0.006119,5100.362793,0.013992,1792.931763,-0.000000,-0.022869,99.098022,1,-0.006119,4699.655762,-17.228222,-705.994629,0.000220,0.009005,97.821068,1,-0.013789,4448.854492,-16.313978,-706.157959,0.000208,0.009007,97.807175,-1502.569702,19600.041016,622.059448,-0.329102,-0.016846,-0.214355,0.000000,0.000000,0.000000,0.000000,0.000000,0.000000,0.000000,0.000000,0.000000
687,11.450000,-100.694092,0.000133,-4.408081,-30.745304,-0.000016,11.991248,1.942667,0.001019,32.999977,6702.548,2,0.000000,4,4,99.150436,1,0,0,-0.005431,0.999958,0.007441,-0.363390,0.004959,-0.931624,0.000121,0.000143,0.000000,0.000000,0.000000,1,0.013793,5351.241211,-0.007388,1783.821289,-0.000000,-0.022753,99.124123,1,0.006122,5100.417969,-0.009025,1787.993164,-0.000000,-0.022806,99.176750,1,-0.006122,4699.503418,-17.232315,-703.835449,0.000220,0.008977,97.902451,1,-0.013793,4448.711426,-16.311922,-703.992676,0.000208,0.008979,97.888588,-1496.553101,19599.847656,619.791809,-0.282227,0.017456,-0.062988,0.000000,0.000000,0.000000,0.000000,0.000000,0.000000,0.000000,0.000000,0.000000
688,11.466666,-101.206909,0.000133,-4.208008,-30.770247,-0.000018,12.001578,1.942684,0.001019,33.026962,6707.879,2,0.000000,4,4,99.228905,1,0,0,-0.005433,0.999958,0.007443,-0.363406,0.004960,-0.931618,0.000115,0.000143,0.000000,0.000000,0.000000,1,0.013798,5351.394531,-0.026563,1778.960938,0.000000,-0.022691,99.202644,1,0.006125,5100.553711,-0.028201,1783.115967,0.000000,-0.022744,99.255173,1,-0.006125,4699.451660,-17.236822,-701.696960,0.000220,0.008950,97.983521,1,-0.013798,4448.592773,-16.310009,-701.906006,0.000208,0.008953,97.969681,-1490.562378,19599.992188,617.528320,-0.347168,-0.282959,0.092773,0.000000,0.000000,0.000000,0.000000,0.000000,0.000000,0.000000,0.000000,0.000000
689,11.483334,-101.720215,0.000133,-4.007812,-30.795090,-0.000018,12.011870,1.942701,0.001015,33.053841,6713.188,2,0.000000,4,4,99.307060,1,0,0,-0.005435,0.999957,0.007445,-0.363422,0.004961,-0.931611,0.000108,0.000146,0.000000,0.000000,0.000000,1,0.013802,5351.538574,-0.051589,1774.109375,0.000000,-0.022629,99.280853,1,0.006128,5100.686035,-0.053226,1778.270996,0.000000,-0.022682,99.333275,1,-0.006128,4699.343262,-17.166124,-699.531189,0.000219,0.008923,98.064278,1,-0.013802,4448.479492,-16.254898,-699.733765,0.000207,0.008925,98.050468,-1484.759644,19600.058594,615.212769,-0.324707,-0.041931,0.138672,0.000000,0.000000,0.000000,0.000000,0.000000,0.000000,0.000000,0.000000,0.000000
690,11.500000,-102.233887,0.000133,-3.807495,-30.819836,-0.000017,12.022124,1.942718,0.001014,33.080620,6718.475,2,0.000000,4,4,99.384895,1,0,0,-0.005438,0.999957,0.007447,-0.363437,0.004962,-0.931605,0.000101,0.000148,0.000000,0.000000,0.000000,1,0.013806,5351.660645,-0.070281,1769.219360,0.000000,-0.022567,99.358734,1,0.006132,5100.780273,-0.068561,1773.404175,0.000000,-0.022620,99.411064,1,-0.006132,4699.210938,-17.139252,-697.391846,0.000219,0.008895,98.144722,1,-0.013806,4448.339355,-16.223488,-697.608765,0.000207,0.008898,98.130943,-1478.816162,19599.990234,612.897339,-0.321777,0.079651,0.213867,0.000000,0.000000,0.000000,0.000000,0.000000,0.000000,0.000000,0.000000,0.000000
691,11.516666,-102.747925,0.000132,-3.606934,-30.844482,-0.000017,12.032339,1.942734,0.001015,33.107292,6723.740,2,0.000000,4,4,99.462418,1,0,0,-0.005440,0.999957,0.007449,-0.363453,0.004962,-0.931599,0.000094,0.000152,0.000000,0.000000,0.000000,1,0.013811,5351.768066,-0.088973,1764.380737,0.000001,-0.022505,99.436310,1,0.006135,5100.927246,-0.086006,1768.547241,0.000001,-0.022558,99.488533,1,-0.006135,4699.061523,-17.149876,-695.231323,0.000219,0.008868,98.224854,1,-0.013811,4448.199219,-16.227640,-695.489441,0.000207,0.008871,98.211105,-1472.919434,19599.949219,610.680664,-0.289551,0.050781,0.178223,0.000000,0.000000,0.000000,0.000000,0.000000,0.000000,0.000000,0.000000,0.000000
692,11.533334,-103.262451,0.000132,-3.406250,-30.869032,-0.000018,12.042517,1.942751,0.001016,33.133865,6728.985,2,0.000000,4,4,99.539627,1,0,0,-0.005443,0.999957,0.007450,-0.363469,0.004963,-0.931593,0.000088,0.000155,0.000000,0.000000,0.000000,1,0.013815,5351.913086,-0.104308,1759.566162,0.000001,-0.022443,99.513573,1,0.006138,5101.038086,-0.071571,1763.689453,0.000001,-0.022496,99.565689,1,-0.006139,4698.948730,-17.135715,-693.105957,0.000219,0.008841,98.304665,1,-0.013815,4448.091797,-16.220144,-693.380737,0.000207,0.008844,98.290955,-1467.030518,19599.992188,608.389648,0.270020,-0.157776,0.385742,0.000000,0.000000,0.000000,0.000000,0.000000,0.000000,0.000000,0.000000,0.000000
693,11.550000,-103.777344,0.000132,-3.205322,-30.893482,-0.000018,12.052656,1.942768,0.001014,33.160324,6734.208,2,0.000000,4,4,99.616516,1,0,0,-0.005445,0.999957,0.007452,-0.363485,0.004963,-0.931587,0.000092,0.000160,0.000000,0.000000,0.000000,1,0.013819,5352.049316,-0.131825,1754.695923,0.000001,-0.022381,99.590508,1,0.006142,5101.171387,-0.128643,1758.852417,0.000001,-0.022434,99.642532,1,-0.006142,4698.824707,-17.109127,-690.984558,0.000218,0.008814,98.384171,1,-0.013819,4447.924805,-16.194798,-691.222229,0.000207,0.008817,98.370499,-1461.135376,19599.966797,606.153259,0.132812,-0.216675,0.363281,0.000000,0.000000,0.000000,0.000000,0.000000,0.000000,0.000000,0.000000,0.000000
694,11.566667,-104.292603,0.000131,-3.004272,-30.917835,-0.000018,12.062758,1.942785,0.001010,33.186684,6739.411,2,0.000000,4,4,99.693100,1,0,0,-0.005448,0.999957,0.007454,-0.363500,0.004964,-0.931581,0.000093,0.000164,0.000000,0.000000,0.000000,1,0.013823,5352.208008,-0.169795,1749.910400,0.000002,-0.022320,99.667145,1,0.006146,5101.297363,-0.173328,1754.045288,0.000002,-0.022373,99.719063,1,-0.006146,4698.676758,-17.063862,-688.840759,0.000218,0.008786,98.463364,1,-0.013823,4447.784180,-16.163744,-689.073242,0.000206,0.008789,98.449730,-1455.370483,19599.962891,603.939392,0.085938,-0.029114,0.305176,0.000000,0.000000,0.000000,0.000000,0.000000,0.000000,0.000000,0.000000,0.000000
695,11.583333,-104.808350,0.000131,-2.803101,-30.942091,-0.000019,12.072824,1.942802,0.001010,33.212940,6744.591,2,0.000000,4,4,99.769363,1,0,0,-0.005450,0.999957,0.007455,-0.363516,0.004964,-0.931575,0.000094,0.000168,0.000000,0.000000,0.000000,1,0.013828,5352.370117,-0.155607,1745.094116,0.000002,-0.022259,99.743462,1,0.006149,5101.446777,-0.142813,1749.237427,0.000002,-0.022312,99.795273,1,-0.006149,4698.567383,-17.068649,-686.732300,0.000218,0.008759,98.542244,1,-0.013828,4447.622070,-16.156271,-686.949402,0.000206,0.008762,98.528648,-1449.542725,19600.011719,601.643127,0.014648,-0.065430,0.262207,0.000000,0.000000,0.000000,0.000000,0.000000,0.000000,0.000000,0.000000,0.000000
696,11.600000,-105.324463,0.000131,-2.601685,-30.966249,-0.000019,12.082851,1.942819,0.001009,33.239090,6749.751,3,0.000000,4,5,116.989128,1,0,0,-0.005453,0.999957,0.007457,-0.363532,0.004964,-0.931569,0.000093,0.000171,0.000000,0.000000,0.000000,1,0.013832,5352.524902,-0.124318,16057.574219,0.000002,-0.123170,116.958839,1,0.006153,5101.558594,-0.116217,15304.675781,0.000002,-0.123536,117.019424,1,-0.006153,4698.393555,-17.073246,-684.595520,0.000218,0.008732,98.620819,1,-0.013832,4447.467285,-16.160660,-684.832031,0.000206,0.008735,98.607254,-27413.900391,19599.937500,10733.859375,-1297.450195,-26.587341,-3324.513672,0.000000,0.000000,0.000000,0.000000,0.000000,0.000000,0.000000,0.000000,0.000000
697,11.616667,-105.848267,0.000119,-2.397339,-31.423147,-0.000727,12.261749,1.942829,0.000600,33.729923,6749.751,3,0.000000,4,5,114.002426,1,0,0,-0.004806,0.999962,0.007205,-0.363538,0.004965,-0.931566,-0.015097,-0.038793,0.000000,0.000000,0.000000,1,0.013024,5202.747070,-0.799604,15224.210938,0.000005,-0.194186,113.960579,1,0.005344,4951.733398,-0.793356,14512.696289,0.000005,-0.185111,114.044289,1,-0.005182,4878.219727,-11.435194,-2713.260498,0.000146,0.018337,98.699081,1,-0.012862,4627.198730,-10.846469,-2732.767090,0.000138,0.018431,98.685547,-22090.208984,19670.519531,8646.216797,-659.399902,-110.206299,-1690.953613,0.000000,0.000000,0.000000,0.000000,0.000000,0.000000,0.000000,0.000000,0.000000
698,11.633333,-106.378052,0.000117,-2.190552,-31.791317,-0.000112,12.405853,1.942811,-0.001096,34.125507,6667.859,3,0.000000,4,5,111.169785,1,0,0,-0.003830,0.999969,0.006825,-0.363516,0.004966,-0.931575,-0.022828,-0.058622,0.000000,0.000000,0.000000,1,0.011786,5097.008301,-3.877029,12660.762695,0.000022,-0.161489,111.117325,1,0.004105,4845.932617,-3.872893,12118.376953,0.000022,-0.154571,111.222267,1,-0.003730,4998.530762,-5.006189,-4429.149902,0.000115,0.032500,99.073669,1,-0.011411,4747.445801,-4.417464,-4443.213379,0.000108,0.032626,99.062988,-14269.843750,19702.789062,5586.764160,-24.241699,-116.850586,-70.254395,0.000000,0.000000,0.000000,0.000000,0.000000,0.000000,0.000000,0.000000,0.000000
699,11.650000,-106.911865,0.000138,-1.982300,-32.029148,0.001295,12.498966,1.942763,-0.002893,34.381111,6567.674,3,0.000000,4,5,108.807053,1,0,0,-0.002839,0.999975,0.006440,-0.363467,0.004967,-0.931594,-0.023106,-0.059470,0.000000,0.000000,0.000000,1,0.010507,5049.082031,-5.204573,9501.163086,0.000038,-0.121188,108.746788,1,0.002823,4797.729004,-5.207151,9171.755859,0.000038,-0.116987,108.867348,1,-0.002281,5045.455078,13.568494,-5704.376465,0.000008,0.047444,99.698906,1,-0.009965,4794.113281,14.153861,-5708.696777,0.000001,0.047544,99.690277,-6219.007812,19697.320312,2407.753418,469.899414,-61.715332,1186.425293,0.000000,0.000000,0.000000,0.000000,0.000000,0.000000,0.000000,0.000000,0.000000
700,11.666667,-107.447510,0.000187,-1.773315,-32.132797,0.002893,12.539096,1.942698,-0.003843,34.492378,6453.750,3,0.000000,4,5,107.023079,1,0,0,-0.002079,0.999979,0.006147,-0.363403,0.004971,-0.931619,-0.017563,-0.045600,0.000000,0.000000,0.000000,1,0.009497,5056.979492,-0.393132,6851.394531,0.000005,-0.087390,106.958366,1,0.001809,4805.010254,-0.373608,6701.051758,0.000005,-0.085473,107.087837,1,-0.001202,5024.675781,33.797771,-4529.637207,-0.000155,0.057776,100.510414,1,-0.008890,4772.708008,34.381889,-4285.763184,-0.000162,0.054665,100.502419,-3883.504639,19663.564453,1442.422485,538.762207,261.227051,1356.675781,0.000000,0.000000,0.000000,0.000000,0.000000,0.000000,0.000000,0.000000,0.000000
701,11.683333,-107.984009,0.000254,-1.563965,-32.197521,0.004062,12.563136,1.942701,0.000177,34.561478,6332.042,3,0.000000,4,5,105.724442,1,0,0,-0.001583,0.999981,0.005960,-0.363403,0.004977,-0.931619,-0.011179,-0.029743,0.000000,0.000000,0.000000,1,0.008808,5083.052246,12.031801,4704.897461,-0.000054,-0.060011,105.658012,1,0.001109,4830.018555,12.051325,4663.102539,-0.000054,-0.059478,105.790909,1,-0.000533,4984.160156,22.961109,-3626.907959,-0.000206,0.046262,101.150322,1,-0.008231,4731.117676,23.547340,-3524.677734,-0.000214,0.044958,101.106705,-1534.135254,19626.273438,522.596802,566.701660,126.341309,1426.555176,0.000000,0.000000,0.000000,0.000000,0.000000,0.000000,0.000000,0.000000,0.000000
702,11.700000,-108.521118,0.000333,-1.354370,-32.223091,0.004728,12.571846,1.942737,0.002121,34.588497,6206.649,3,0.000000,4,5,104.822411,1,0,0,-0.001366,0.999982,0.005886,-0.363435,0.004987,-0.931606,-0.004462,-0.013061,0.000000,0.000000,0.000000,1,0.008464,5124.353027,16.351669,3179.097656,-0.000111,-0.040550,104.755859,1,0.000750,4870.053711,16.367836,3215.162354,-0.000111,-0.041010,104.889008,1,-0.000287,4927.993652,9.133109,-2723.909424,-0.000173,0.034744,101.658371,1,-0.008001,4673.694336,9.722696,-2711.981934,-0.000180,0.034592,101.599823,-354.303711,19588.652344,82.840027,498.687988,43.779541,1271.232910,0.000000,0.000000,0.000000,0.000000,0.000000,0.000000,0.000000,0.000000,0.000000
703,11.716666,-109.058228,0.000414,-1.144775,-32.228996,0.004841,12.573227,1.942783,0.002794,34.594494,6080.554,3,0.000000,4,5,104.202240,1,0,0,-0.001396,0.999982,0.005909,-0.363478,0.004998,-0.931589,0.001401,0.001832,0.000000,0.000000,0.000000,1,0.008435,5171.170410,9.883441,2129.414307,-0.000126,-0.027161,104.136681,1,0.000705,4916.132812,9.389745,2220.110840,-0.000120,-0.028318,104.267838,1,-0.000410,4867.843262,-5.481202,-1958.362427,-0.000083,0.024979,102.034515,1,-0.008141,4612.794434,-4.893724,-1995.859985,-0.000090,0.025457,101.974228,185.974121,19556.814453,-82.085999,396.226562,11.224854,1025.752441,0.000000,0.000000,0.000000,0.000000,0.000000,0.000000,0.000000,0.000000,0.000000
704,11.733334,-109.595337,0.000488,-0.935303,-32.225895,0.004461,12.571858,1.942832,0.002967,34.591072,5955.004,3,0.000000,4,5,103.775871,1,0,0,-0.001627,0.999981,0.006010,-0.363526,0.005007,-0.931571,0.006013,0.013874,0.000000,0.000000,0.000000,1,0.008666,5218.137207,0.404660,1417.008423,-0.000005,-0.018074,103.712097,1,0.000921,4962.944824,0.389950,1543.238647,-0.000005,-0.019684,103.839684,1,-0.000825,4809.979980,-20.050951,-1367.781860,0.000043,0.017446,102.298836,1,-0.008570,4554.796387,-19.463474,-1427.694580,0.000035,0.018210,102.244026,417.942749,19532.783203,-121.467194,283.589355,-1.467773,754.215332,0.000000,0.000000,0.000000,0.000000,0.000000,0.000000,0.000000,0.000000,0.000000
705,11.750000,-110.132446,0.000550,-0.725830,-32.218929,0.003690,12.569834,1.942881,0.002944,34.583794,5830.456,3,0.000000,4,5,103.481186,1,0,0,-0.002006,0.999979,0.006164,-0.363573,0.005013,-0.931552,0.009255,0.022759,0.000000,0.000000,0.000000,1,0.009094,5261.953125,-3.274812,936.362488,0.000012,-0.011943,103.419708,1,0.001340,5007.312012,-3.292880,1083.885986,0.000012,-0.013825,103.542702,1,-0.001448,4758.134277,-33.626869,-937.734314,0.000186,0.011961,102.476891,1,-0.009202,4503.471680,-33.042751,-1003.487488,0.000179,0.012800,102.430832,510.135620,19517.457031,-120.398712,178.255371,-19.987488,498.766602,0.000000,0.000000,0.000000,0.000000,0.000000,0.000000,0.000000,0.000000,0.000000
706,11.766666,-110.669189,0.000594,-0.516357,-32.210426,0.002652,12.567827,1.942925,0.002636,34.575066,5706.980,3,0.000000,4,5,103.275597,1,0,0,-0.002483,0.999977,0.006351,-0.363617,0.005013,-0.931535,0.011218,0.028670,0.000000,0.000000,0.000000,1,0.009657,5301.009277,-7.148391,612.836731,0.000042,-0.007817,103.216721,1,0.001903,5047.573730,-7.164347,773.398132,0.000042,-0.009865,103.334511,1,-0.002201,4713.795410,-44.587597,-636.033569,0.000328,0.008113,102.592125,1,-0.009956,4460.389160,-43.998009,-696.578003,0.000321,0.008885,102.555672,544.302246,19510.300781,-101.913528,92.747559,-27.498108,280.917480,0.000000,0.000000,0.000000,0.000000,0.000000,0.000000,0.000000,0.000000,0.000000
707,11.783334,-111.205811,0.000618,-0.306885,-32.201355,0.001469,12.566129,1.942962,0.002212,34.565910,5584.479,3,0.000000,4,5,103.130096,1,0,0,-0.003017,0.999974,0.006554,-0.363654,0.005008,-0.931521,0.012178,0.032031,0.000000,0.000000,0.000000,1,0.010305,5334.930664,-9.834450,396.145844,0.000073,-0.005053,103.073990,1,0.002558,5083.053711,-9.853764,563.550476,0.000073,-0.007188,103.186234,1,-0.003019,4677.281738,-52.284916,-428.414856,0.000454,0.005464,102.663292,1,-0.010765,4425.395508,-51.697441,-479.086731,0.000446,0.006111,102.635681,552.887207,19510.042969,-82.995651,20.724121,-29.326019,99.060547,0.000000,0.000000,0.000000,0.000000,0.000000,0.000000,0.000000,0.000000,0.000000
708,11.800000,-111.742432,0.000622,-0.097412,-32.192139,0.000243,12.564746,1.942992,0.001760,34.556713,5462.783,3,0.000000,4,5,103.025024,1,0,0,-0.003571,0.999971,0.006759,-0.363684,0.004997,-0.931509,0.012285,0.033264,0.000000,0.000000,0.000000,1,0.010992,5363.352539,-10.680966,251.773254,0.000096,-0.003211,102.971786,1,0.003262,5113.401855,-10.694811,421.482544,0.000096,-0.005376,103.078293,1,-0.003847,4648.499023,-36.791634,-287.253082,0.000469,0.003664,102.704132,1,-0.011577,4398.537109,-34.816109,-327.020447,0.000444,0.004171,102.683922,535.101074,19515.623047,-109.030930,-22.167480,27.925110,-41.321777,0.000000,0.000000,0.000000,0.000000,0.000000,0.000000,0.000000,0.000000,0.000000
709,11.816667,-112.278809,0.000607,0.111938,-32.183220,-0.000933,12.562929,1.943028,0.002190,34.547630,5341.715,3,0.000000,4,5,102.947105,1,0,0,-0.004118,0.999967,0.006959,-0.363720,0.004985,-0.931495,0.011989,0.032812,0.000000,0.000000,0.000000,1,0.011686,5387.244141,-4.127168,160.080627,0.000053,-0.002042,102.896751,1,0.003976,5138.361328,-3.930794,321.218445,0.000050,-0.004097,102.997482,1,-0.004646,4627.012695,-39.051300,-187.820648,0.000498,0.002396,102.724350,1,-0.012356,4378.127930,-36.958279,-225.437424,0.000471,0.002875,102.709953,523.123779,19525.275391,-113.952065,-61.975586,1.162048,-148.983398,0.000000,0.000000,0.000000,0.000000,0.000000,0.000000,0.000000,0.000000,0.000000
710,11.833333,-112.815063,0.000573,0.321289,-32.174500,-0.001999,12.561030,1.943065,0.002207,34.538700,5221.108,3,0.000000,4,5,102.887383,1,0,0,-0.004636,0.999964,0.007147,-0.363757,0.004971,-0.931481,0.011243,0.031089,0.000000,0.000000,0.000000,1,0.012361,5406.191406,-3.717270,98.921837,0.000047,-0.001262,102.839760,1,0.004672,5158.291992,-3.557147,253.607391,0.000045,-0.003235,102.935020,1,-0.005384,4611.980957,-38.781487,-122.888573,0.000495,0.001567,102.730049,1,-0.013073,4364.079590,-36.698853,-153.431870,0.000468,0.001957,102.721146,514.747864,19537.796875,-112.113602,-87.762207,1.573700,-220.459961,0.000000,0.000000,0.000000,0.000000,0.000000,0.000000,0.000000,0.000000,0.000000
711,11.850000,-113.351074,0.000525,0.530640,-32.165920,-0.002906,12.559162,1.943102,0.002232,34.529907,5100.821,3,0.000000,4,5,102.839867,1,0,0,-0.005111,0.999960,0.007317,-0.363794,0.004956,-0.931466,0.010211,0.028521,0.000000,0.000000,0.000000,1,0.012996,5420.901367,-3.503700,59.556396,0.000045,-0.000760,102.794868,1,0.005329,5173.836426,-3.343680,206.754791,0.000043,-0.002637,102.884888,1,-0.006044,4602.369629,-38.850628,-79.401741,0.000496,0.001013,102.726257,1,-0.013711,4355.314453,-36.761444,-103.814636,0.000469,0.001324,102.721817,507.940857,19552.287109,-109.794441,-105.903809,-0.037704,-269.192871,0.000000,0.000000,0.000000,0.000000,0.000000,0.000000,0.000000,0.000000,0.000000
712,11.866667,-113.887085,0.000465,0.739868,-32.157455,-0.003623,12.557332,1.943140,0.002231,34.521248,4980.739,3,0.000000,4,5,102.800522,1,0,0,-0.005533,0.999957,0.007467,-0.363831,0.004942,-0.931452,0.008971,0.025376,0.000000,0.000000,0.000000,1,0.013576,5431.509766,-3.415724,34.557129,0.000044,-0.000441,102.758011,1,0.005932,5185.237793,-3.271267,173.987518,0.000042,-0.002219,102.843048,1,-0.006615,4597.341309,-38.711914,-50.464680,0.000494,0.000644,102.716118,1,-0.014259,4351.057617,-36.645496,-69.521545,0.000467,0.000887,102.715240,502.419464,19567.310547,-108.105354,-112.041016,-1.657349,-290.457520,0.000000,0.000000,0.000000,0.000000,0.000000,0.000000,0.000000,0.000000,0.000000
713,11.883333,-114.422852,0.000396,0.949097,-32.149082,-0.004137,12.555531,1.943177,0.002206,34.512691,4978.833,3,0.000000,4,5,103.279114,1,0,0,-0.005899,0.999954,0.007595,-0.363867,0.004928,-0.931438,0.007676,0.021972,0.000000,0.000000,0.000000,1,0.014093,5438.840820,-3.415488,651.795288,0.000044,-0.003363,103.238754,1,0.006470,5193.152832,-3.260879,874.685242,0.000042,-0.005537,103.319489,1,-0.007092,4595.832520,-38.304234,-31.191017,0.000489,0.000398,102.701752,1,-0.014714,4350.153320,-36.253021,-45.608852,0.000462,0.000582,102.703659,-765.969666,19582.052734,386.499908,-178.186035,94.563934,-459.375488,0.000000,0.000000,0.000000,0.000000,0.000000,0.000000,0.000000,0.000000,0.000000
714,11.900000,-114.958862,0.000321,1.158447,-32.161850,-0.004483,12.561973,1.943238,0.003661,34.526848,5002.012,3,0.000000,4,5,103.631470,1,0,0,-0.006175,0.999951,0.007689,-0.363925,0.004914,-0.931415,0.005609,0.016584,0.000000,0.000000,0.000000,1,0.014502,5435.879883,-2.227046,1253.041504,0.000038,-0.008047,103.594727,1,0.006901,5190.737305,-2.069079,1490.446777,0.000036,-0.010538,103.668221,1,-0.007430,4605.899902,-70.170609,-118.249481,0.000639,0.000810,102.684570,1,-0.015032,4360.746582,-68.119400,-147.841782,0.000613,0.001066,102.688583,-1700.398071,19599.339844,817.544128,-210.096191,23.169586,-523.848633,0.000000,0.000000,0.000000,0.000000,0.000000,0.000000,0.000000,0.000000,0.000000
715,11.916667,-115.495361,0.000244,1.368042,-32.190189,-0.004604,12.575599,1.943305,0.004017,34.558147,5019.077,3,0.000000,4,5,103.867500,1,0,0,-0.006349,0.999950,0.007741,-0.363988,0.004899,-0.931390,0.003107,0.010462,0.000000,0.000000,0.000000,1,0.014782,5425.335449,-0.144252,1791.646484,0.000025,-0.013543,103.834679,1,0.007204,5181.369141,0.011604,2042.693115,0.000023,-0.016298,103.900337,1,-0.007616,4623.095703,-58.596729,-268.253662,0.000747,0.001779,102.680107,1,-0.015193,4379.138672,-55.494659,-300.336121,0.000708,0.002092,102.688438,-2443.931885,19616.730469,1077.803467,-204.149902,75.906738,-524.020508,0.000000,0.000000,0.000000,0.000000,0.000000,0.000000,0.000000,0.000000,0.000000
716,11.933333,-116.032593,0.000169,1.577881,-32.230923,-0.004485,12.593562,1.943391,0.005185,34.602596,5030.509,3,0.000000,4,5,103.999474,1,0,0,-0.006420,0.999949,0.007753,-0.364069,0.004884,-0.931359,0.000725,0.004313,0.000000,0.000000,0.000000,1,0.014930,5410.171387,1.893252,2227.060791,0.000006,-0.019060,103.970825,1,0.007375,5166.864258,2.045750,2482.586426,0.000004,-0.022002,104.028130,1,-0.007651,4644.732910,-101.592171,-480.071075,0.000951,0.003392,102.697556,1,-0.015206,4401.458984,-98.493454,-517.411987,0.000911,0.003765,102.710571,-2828.350586,19632.181641,1316.301636,-189.041992,-40.280090,-460.371582,0.000000,0.000000,0.000000,0.000000,0.000000,0.000000,0.000000,0.000000,0.000000
717,11.950000,-116.570557,0.000100,1.788086,-32.278061,-0.004139,12.615500,1.943468,0.004564,34.654491,5036.901,3,0.000000,4,5,104.048119,1,0,0,-0.006402,0.999949,0.007728,-0.364140,0.004866,-0.931331,-0.001569,-0.001058,0.000000,0.000000,0.000000,1,0.014954,5392.276367,3.058318,1679.547241,-0.000010,-0.021423,104.023758,1,0.007428,5150.631836,3.209570,1653.044556,-0.000012,-0.021085,104.072487,1,-0.007559,4666.951660,-66.403259,-736.205444,0.000847,0.005618,102.745941,1,-0.015086,4425.279785,-62.963066,-768.490234,0.000803,0.006006,102.764412,-1098.281738,19644.625000,561.673218,-44.812500,-196.723267,-122.000977,0.000000,0.000000,0.000000,0.000000,0.000000,0.000000,0.000000,0.000000,0.000000
718,11.966666,-117.108887,0.000041,1.998535,-32.296364,-0.003548,12.624862,1.943493,0.001538,34.674961,5039.256,3,0.000000,4,5,104.227142,1,0,0,-0.006360,0.999950,0.007693,-0.364164,0.004849,-0.931322,-0.002090,-0.002499,0.000000,0.000000,0.000000,1,0.014940,5385.762695,-4.105245,1880.004150,0.000013,-0.023980,104.202293,1,0.007439,5144.809570,-3.951882,1870.585693,0.000011,-0.023860,104.251999,1,-0.007442,4674.668945,-33.227634,-890.021545,0.000424,0.007747,102.831741,1,-0.014942,4433.726074,-31.512846,-901.372925,0.000402,0.008044,102.854927,-1238.216064,19647.455078,562.391968,-28.317871,-57.007446,-101.812012,0.000000,0.000000,0.000000,0.000000,0.000000,0.000000,0.000000,0.000000,0.000000
719,11.983334,-117.647461,-0.000007,2.209106,-32.317001,-0.002912,12.634235,1.943504,0.000661,34.697613,5047.927,3,0.000000,4,5,104.366043,1,0,0,-0.006298,0.999951,0.007654,-0.364174,0.004835,-0.931319,-0.002338,-0.003735,0.000000,0.000000,0.000000,1,0.014892,5379.337891,-6.707587,2002.755859,0.000040,-0.025545,104.340996,1,0.007413,5138.223145,-6.554224,1994.960815,0.000038,-0.025446,104.391090,1,-0.007304,4682.343262,-20.638359,-705.767883,0.000263,0.009002,102.940010,1,-0.014783,4441.219727,-19.574982,-627.204102,0.000250,0.008000,102.964851,-1901.619385,19648.490234,801.055298,-44.413086,67.968994,-148.236816,0.000000,0.000000,0.000000,0.000000,0.000000,0.000000,0.000000,0.000000,0.000000
720,12.000000,-118.186646,-0.000045,2.419922,-32.348694,-0.002271,12.647586,1.943533,0.001708,34.732006,5054.655,3,0.000000,4,5,104.481133,1,0,0,-0.006205,0.999952,0.007609,-0.364200,0.004826,-0.931308,-0.002749,-0.005525,0.000000,0.000000,0.000000,1,0.014802,5369.849609,-2.863945,2023.327881,0.000037,-0.025808,104.455933,1,0.007337,5128.137207,-2.734822,2006.006348,0.000035,-0.025587,104.506340,1,-0.007132,4693.250977,-37.793564,-746.141846,0.000344,0.009517,103.021362,1,-0.014597,4451.538574,-36.736900,-697.009338,0.000331,0.008890,103.034729,-1817.610840,19649.128906,796.886108,-24.705566,-20.499268,-83.662109,0.000000,0.000000,0.000000,0.000000,0.000000,0.000000,0.000000,0.000000,0.000000
721,12.016666,-118.726318,-0.000072,2.630981,-32.378986,-0.001608,12.660868,1.943556,0.001393,34.765087,5060.229,3,0.000000,4,5,104.592896,1,0,0,-0.006096,0.999953,0.007559,-0.364221,0.004820,-0.931300,-0.002981,-0.006538,0.000000,0.000000,0.000000,1,0.014683,5361.460449,-1.930246,2040.046875,0.000025,-0.026021,104.567375,1,0.007228,5119.473145,-1.853541,2025.094116,0.000024,-0.025830,104.618423,1,-0.006944,4701.552734,-24.394293,-771.696106,0.000311,0.009843,103.108612,1,-0.014399,4459.564941,-23.131651,-732.349609,0.000295,0.009341,103.114799,-1803.659058,19647.144531,760.522339,-3.755371,8.331482,-35.175781,0.000000,0.000000,0.000000,0.000000,0.000000,0.000000,0.000000,0.000000,0.000000
722,12.033334,-119.266479,-0.000088,2.842163,-32.409046,-0.000962,12.673543,1.943582,0.001522,34.797722,5065.641,3,0.000000,4,5,104.700943,1,0,0,-0.005980,0.999954,0.007510,-0.364244,0.004816,-0.931291,-0.002950,-0.006990,0.000000,0.000000,0.000000,1,0.014547,5354.537598,-1.194102,2055.187012,0.000015,-0.026214,104.675140,1,0.007097,5111.979492,-1.145186,2038.927490,0.000015,-0.026007,104.726746,1,-0.006756,4707.884277,-25.665606,-784.132080,0.000327,0.010002,103.199593,1,-0.014206,4465.326172,-24.341621,-756.391052,0.000310,0.009648,103.200035,-1795.217285,19643.501953,758.385742,8.047363,-6.935669,-2.260742,0.000000,0.000000,0.000000,0.000000,0.000000,0.000000,0.000000,0.000000,0.000000
723,12.050000,-119.807129,-0.000094,3.053589,-32.438965,-0.000360,12.686183,1.943605,0.001416,34.830227,5070.874,3,0.000000,4,5,104.805939,1,0,0,-0.005862,0.999955,0.007464,-0.364265,0.004816,-0.931283,-0.002789,-0.007052,0.000000,0.000000,0.000000,1,0.014403,5348.631836,-2.197899,2065.177734,0.000020,-0.026342,104.779839,1,0.006954,5105.431641,-2.148983,2049.792480,0.000019,-0.026145,104.832047,1,-0.006576,4712.572754,-24.447435,-792.522888,0.000312,0.010109,103.292397,1,-0.014025,4469.361328,-23.178623,-771.144775,0.000296,0.009836,103.288780,-1792.151367,19638.437500,756.832336,18.418457,-5.030518,22.687012,0.000000,0.000000,0.000000,0.000000,0.000000,0.000000,0.000000,0.000000,0.000000
724,12.066667,-120.348267,-0.000091,3.265259,-32.468834,0.000178,12.698797,1.943627,0.001339,34.862667,5075.959,3,0.000000,4,5,104.908661,1,0,0,-0.005748,0.999956,0.007422,-0.364285,0.004818,-0.931275,-0.002501,-0.006823,0.000000,0.000000,0.000000,1,0.014258,5343.875000,-1.660907,2072.149902,0.000021,-0.026430,104.882278,1,0.006805,5099.788574,-1.595410,2057.418945,0.000020,-0.026243,104.935051,1,-0.006409,4715.880371,-23.246134,-797.442017,0.000297,0.010171,103.386421,1,-0.013862,4471.803711,-22.047327,-781.031921,0.000281,0.009962,103.379684,-1792.136963,19632.523438,753.194458,24.522461,-6.742493,41.916504,0.000000,0.000000,0.000000,0.000000,0.000000,0.000000,0.000000,0.000000,0.000000
725,12.083333,-120.889893,-0.000080,3.477173,-32.498703,0.000637,12.711350,1.943648,0.001236,34.895081,5080.935,3,0.000000,4,5,105.009705,1,0,0,-0.005642,0.999957,0.007386,-0.364304,0.004823,-0.931267,-0.002153,-0.006362,0.000000,0.000000,0.000000,1,0.014119,5340.141602,-1.855214,2076.669434,0.000024,-0.026488,104.983047,1,0.006658,5095.184570,-1.764796,2062.901367,0.000023,-0.026313,105.036369,1,-0.006262,4717.895020,-21.783634,-800.474976,0.000278,0.010210,103.481163,1,-0.013723,4472.948730,-20.657158,-787.484375,0.000263,0.010044,103.472031,-1792.457520,19626.210938,750.687195,26.966797,-3.856140,51.582520,0.000000,0.000000,0.000000,0.000000,0.000000,0.000000,0.000000,0.000000,0.000000
726,12.100000,-121.432007,-0.000063,3.689209,-32.528576,0.001012,12.723862,1.943668,0.001177,34.927486,5085.828,3,0.000000,4,5,105.109505,1,0,0,-0.005545,0.999958,0.007357,-0.364322,0.004831,-0.931260,-0.001786,-0.005783,0.000000,0.000000,0.000000,1,0.013989,5337.186523,-1.775970,2079.558594,0.000023,-0.026525,105.082588,1,0.006517,5091.348633,-1.699291,2066.495361,0.000022,-0.026358,105.136429,1,-0.006134,4719.018066,-20.752522,-802.106873,0.000265,0.010231,103.576347,1,-0.013606,4473.182129,-19.670399,-791.971680,0.000251,0.010102,103.565323,-1792.518066,19619.798828,748.426697,26.950195,-3.436523,59.388672,0.000000,0.000000,0.000000,0.000000,0.000000,0.000000,0.000000,0.000000,0.000000
727,12.116667,-121.974487,-0.000042,3.901489,-32.558453,0.001299,12.736336,1.943686,0.001124,34.959877,5090.662,3,0.000000,4,5,105.208405,1,0,0,-0.005460,0.999958,0.007333,-0.364339,0.004839,-0.931254,-0.001443,-0.005102,0.000000,0.000000,0.000000,1,0.013870,5334.973145,-1.664452,2081.322266,0.000021,-0.026547,105.181244,1,0.006384,5088.432129,-1.592659,2068.955811,0.000020,-0.026390,105.235573,1,-0.006027,4719.265137,-19.778524,-802.918640,0.000252,0.010241,103.671776,1,-0.013513,4472.714355,-18.738668,-794.971375,0.000239,0.010140,103.659271,-1792.608765,19613.658203,746.218140,27.518555,-1.888489,58.032715,0.000000,0.000000,0.000000,0.000000,0.000000,0.000000,0.000000,0.000000,0.000000
728,12.133333,-122.517578,-0.000017,4.114014,-32.588329,0.001501,12.748773,1.943704,0.001095,34.992245,5095.452,3,0.000000,4,5,105.306618,1,0,0,-0.005386,0.999959,0.007315,-0.364356,0.004850,-0.931247,-0.001083,-0.004440,0.000000,0.000000,0.000000,1,0.013763,5333.419434,-1.526170,2082.279297,0.000019,-0.026560,105.279228,1,0.006262,5085.983887,-1.450098,2070.396729,0.000018,-0.026408,105.334015,1,-0.005940,4719.146484,-19.148809,-803.252563,0.000244,0.010246,103.767319,1,-0.013442,4471.710938,-18.138292,-797.083435,0.000231,0.010167,103.753654,-1792.047607,19607.925781,744.412048,25.575195,-1.803467,62.357422,0.000000,0.000000,0.000000,0.000000,0.000000,0.000000,0.000000,0.000000,0.000000
729,12.150000,-123.061279,0.000010,4.326660,-32.618198,0.001624,12.761180,1.943722,0.001068,35.024593,5100.208,3,0.000000,4,5,105.404320,1,0,0,-0.005324,0.999959,0.007302,-0.364372,0.004860,-0.931241,-0.000776,-0.003714,0.000000,0.000000,0.000000,1,0.013670,5332.445312,-1.382930,2082.627930,0.000018,-0.026564,105.376701,1,0.006153,5084.407715,-1.318541,2071.356689,0.000017,-0.026420,105.431946,1,-0.005873,4718.314453,-18.523407,-803.234375,0.000236,0.010245,103.862915,1,-0.013391,4470.277344,-17.554434,-798.416077,0.000224,0.010184,103.848343,-1791.516113,19602.664062,742.645752,23.619141,-0.841064,58.497559,0.000000,0.000000,0.000000,0.000000,0.000000,0.000000,0.000000,0.000000,0.000000
730,12.166667,-123.605469,0.000038,4.539551,-32.648056,0.001673,12.773558,1.943740,0.001055,35.056927,5104.940,3,0.000000,4,5,105.501617,1,0,0,-0.005273,0.999960,0.007294,-0.364388,0.004871,-0.931234,-0.000494,-0.003031,0.000000,0.000000,0.000000,1,0.013591,5331.980957,-1.261880,2082.668457,0.000016,-0.026565,105.473785,1,0.006057,5083.347656,-1.197797,2071.887451,0.000015,-0.026427,105.529457,1,-0.005824,4717.228027,-18.170670,-803.035095,0.000232,0.010243,103.958504,1,-0.013358,4468.595215,-17.212141,-799.287048,0.000220,0.010195,103.943230,-1790.696533,19598.095703,741.354492,21.585938,-0.524597,53.135742,0.000000,0.000000,0.000000,0.000000,0.000000,0.000000,0.000000,0.000000,0.000000
731,12.183333,-124.150146,0.000066,4.752686,-32.677902,0.001658,12.785913,1.943757,0.001047,35.089230,5109.652,3,0.000000,4,5,105.598579,1,0,0,-0.005233,0.999960,0.007290,-0.364404,0.004882,-0.931228,-0.000234,-0.002410,0.000000,0.000000,0.000000,1,0.013526,5331.939453,-1.190069,2082.327148,0.000015,-0.026560,105.570541,1,0.005975,5082.698730,-1.134387,2072.005859,0.000014,-0.026429,105.626625,1,-0.005790,4716.078125,-17.954468,-802.802490,0.000229,0.010240,104.054062,1,-0.013341,4466.837891,-16.993610,-799.858948,0.000217,0.010202,104.038246,-1789.312988,19594.398438,740.236572,18.630371,-0.237122,48.193359,0.000000,0.000000,0.000000,0.000000,0.000000,0.000000,0.000000,0.000000,0.000000
732,12.200000,-124.695312,0.000092,4.965942,-32.707726,0.001591,12.798251,1.943774,0.001043,35.121506,5114.349,3,0.000000,4,5,105.695282,1,0,0,-0.005202,0.999960,0.007290,-0.364420,0.004893,-0.931222,-0.000017,-0.001844,0.000000,0.000000,0.000000,1,0.013474,5332.204102,-1.091310,2081.824219,0.000014,-0.026554,105.667046,1,0.005906,5082.389160,-1.045309,2071.917236,0.000013,-0.026428,105.723526,1,-0.005768,4714.813477,-17.773771,-802.458984,0.000227,0.010235,104.149590,1,-0.013337,4464.998535,-16.825665,-800.153687,0.000215,0.010206,104.133347,-1787.935059,19591.246094,739.156616,14.844238,-0.400818,42.591309,0.000000,0.000000,0.000000,0.000000,0.000000,0.000000,0.000000,0.000000,0.000000
733,12.216666,-125.240967,0.000117,5.179443,-32.737526,0.001479,12.810571,1.943792,0.001037,35.153751,5119.032,3,0.000000,4,5,105.791756,1,0,0,-0.005180,0.999960,0.007292,-0.364436,0.004903,-0.931215,0.000143,-0.001337,0.000000,0.000000,0.000000,1,0.013433,5332.695801,-1.068712,2081.067139,0.000014,-0.026544,105.763329,1,0.005849,5082.532715,-1.013362,2071.725586,0.000013,-0.026425,105.820190,1,-0.005758,4713.544434,-17.617077,-802.092834,0.000225,0.010231,104.245064,1,-0.013342,4463.370117,-16.681278,-800.289978,0.000213,0.010208,104.228485,-1786.328003,19589.140625,738.181274,11.993652,0.075195,36.076660,0.000000,0.000000,0.000000,0.000000,0.000000,0.000000,0.000000,0.000000,0.000000
734,12.233334,-125.787109,0.000139,5.393188,-32.767300,0.001336,12.822874,1.943809,0.001038,35.185970,5123.705,3,0.000000,4,5,105.888039,1,0,0,-0.005165,0.999960,0.007297,-0.364452,0.004913,-0.931209,0.000267,-0.000906,0.000000,0.000000,0.000000,1,0.013404,5333.334961,-1.040761,2080.209229,0.000013,-0.026533,105.859428,1,0.005804,5082.806152,-0.991827,2071.300049,0.000013,-0.026420,105.916656,1,-0.005755,4712.322266,-17.584637,-801.735291,0.000224,0.010226,104.340485,1,-0.013355,4461.802246,-16.643454,-800.306702,0.000212,0.010208,104.323647,-1784.426025,19587.460938,737.344238,9.706543,0.263672,29.610352,0.000000,0.000000,0.000000,0.000000,0.000000,0.000000,0.000000,0.000000,0.000000
735,12.250000,-126.333740,0.000159,5.607056,-32.797039,0.001169,12.835163,1.943826,0.001042,35.218140,5128.368,3,0.000000,4,5,105.984161,1,0,0,-0.005155,0.999960,0.007303,-0.364468,0.004922,-0.931203,0.000367,-0.000551,0.000000,0.000000,0.000000,1,0.013383,5334.133789,-1.018302,2079.254639,0.000013,-0.026521,105.955376,1,0.005770,5083.321289,-0.970377,2070.763428,0.000012,-0.026413,106.012955,1,-0.005759,4711.261719,-17.594070,-801.337646,0.000224,0.010221,104.435860,1,-0.013373,4460.437988,-16.667757,-800.272888,0.000213,0.010208,104.418808,-1782.375854,19586.646484,736.566833,7.668945,0.216736,24.062988,0.000000,0.000000,0.000000,0.000000,0.000000,0.000000,0.000000,0.000000,0.000000
736,12.266666,-126.880859,0.000175,5.821167,-32.826744,0.000989,12.847439,1.943843,0.001045,35.250278,5133.023,3,0.000000,4,5,106.080139,1,0,0,-0.005151,0.999960,0.007311,-0.364485,0.004930,-0.931196,0.000445,-0.000261,0.000000,0.000000,0.000000,1,0.013372,5335.037109,-1.028372,2078.284180,0.000013,-0.026509,106.051178,1,0.005746,5083.922852,-0.985080,2070.246582,0.000013,-0.026406,106.109108,1,-0.005768,4710.341309,-17.651039,-800.896423,0.000225,0.010216,104.531174,1,-0.013394,4459.225098,-16.703701,-800.050720,0.000213,0.010205,104.513969,-1780.497803,19586.349609,735.994690,3.910156,-0.065247,18.908203,0.000000,0.000000,0.000000,0.000000,0.000000,0.000000,0.000000,0.000000,0.000000
737,12.283334,-127.428467,0.000189,6.035522,-32.856419,0.000804,12.859705,1.943861,0.001044,35.282379,5137.671,3,0.000000,4,5,106.175980,1,0,0,-0.005150,0.999960,0.007318,-0.364501,0.004938,-0.931190,0.000464,-0.000026,0.000000,0.000000,0.000000,1,0.013367,5335.876465,-1.038415,2077.129883,0.000013,-0.026494,106.146858,1,0.005729,5084.663086,-0.994635,2069.615967,0.000013,-0.026398,106.205109,1,-0.005779,4709.512207,-17.626017,-800.517212,0.000225,0.010211,104.626419,1,-0.013417,4458.296875,-16.685043,-799.858459,0.000213,0.010202,104.609093,-1778.309570,19586.527344,735.148560,2.050293,0.286377,14.963867,0.000000,0.000000,0.000000,0.000000,0.000000,0.000000,0.000000,0.000000,0.000000
738,12.300000,-127.976562,0.000199,6.250000,-32.886059,0.000620,12.871958,1.943878,0.001048,35.314449,5142.313,3,0.000000,4,5,106.271706,1,0,0,-0.005153,0.999960,0.007326,-0.364517,0.004944,-0.931184,0.000459,0.000163,0.000000,0.000000,0.000000,1,0.013367,5336.755371,-1.026835,2076.036133,0.000013,-0.026480,106.242432,1,0.005720,5085.513184,-0.978449,2068.975098,0.000012,-0.026390,106.300987,1,-0.005792,4708.803223,-17.654305,-800.000427,0.000225,0.010204,104.721611,1,-0.013439,4457.570312,-16.711613,-799.530762,0.000213,0.010198,104.704193,-1776.403320,19587.197266,734.467896,1.027832,0.395935,10.717285,0.000000,0.000000,0.000000,0.000000,0.000000,0.000000,0.000000,0.000000,0.000000
739,12.316667,-128.525146,0.000206,6.464722,-32.915665,0.000445,12.884199,1.943896,0.001054,35.346478,5146.950,3,0.000000,4,5,106.367310,1,0,0,-0.005158,0.999960,0.007334,-0.364534,0.004949,-0.931177,0.000447,0.000301,0.000000,0.000000,0.000000,1,0.013373,5337.632812,-1.036875,2074.864502,0.000013,-0.026465,106.337891,1,0.005718,5086.366699,-0.988019,2068.281738,0.000013,-0.026381,106.396736,1,-0.005806,4708.264648,-17.735914,-799.514038,0.000226,0.010198,104.816727,1,-0.013461,4456.999023,-16.788628,-799.210388,0.000214,0.010194,104.799240,-1774.286133,19588.183594,733.867249,-0.364746,0.511414,6.556641,0.000000,0.000000,0.000000,0.000000,0.000000,0.000000,0.000000,0.000000,0.000000
740,12.333333,-129.074219,0.000211,6.679688,-32.945236,0.000282,12.896430,1.943914,0.001062,35.378471,5151.580,3,0.000000,4,5,106.462807,1,0,0,-0.005164,0.999960,0.007341,-0.364550,0.004953,-0.931171,0.000420,0.000389,0.000000,0.000000,0.000000,1,0.013381,5338.419922,-1.079260,2073.661621,0.000014,-0.026450,106.433258,1,0.005720,5087.181152,-1.023278,2067.479980,0.000013,-0.026371,106.492363,1,-0.005819,4707.872070,-17.888159,-799.053772,0.000228,0.010192,104.911774,1,-0.013481,4456.622070,-16.932720,-798.861450,0.000216,0.010190,104.894241,-1771.969971,19589.355469,733.399414,-0.824219,0.428162,3.694824,0.000000,0.000000,0.000000,0.000000,0.000000,0.000000,0.000000,0.000000,0.000000
741,12.350000,-129.623779,0.000213,6.894775,-32.974770,0.000136,12.908653,1.943931,0.001068,35.410423,5156.205,3,0.000000,4,5,106.558212,1,0,0,-0.005171,0.999960,0.007347,-0.364567,0.004957,-0.931164,0.000394,0.000441,0.000000,0.000000,0.000000,1,0.013392,5339.206055,-1.089229,2072.482422,0.000014,-0.026435,106.528534,1,0.005726,5087.934570,-1.037920,2066.675781,0.000013,-0.026361,106.587898,1,-0.005832,4707.620605,-17.999723,-798.550720,0.000230,0.010186,105.006752,1,-0.013498,4456.358398,-17.027149,-798.448120,0.000217,0.010184,104.989197,-1769.826294,19590.695312,732.844727,-2.354004,0.263367,1.354980,0.000000,0.000000,0.000000,0.000000,0.000000,0.000000,0.000000,0.000000,0.000000
742,12.366667,-130.173828,0.000213,7.110107,-33.004265,0.000007,12.920867,1.943949,0.001072,35.442337,5160.825,3,0.000000,4,5,106.653526,1,0,0,-0.005179,0.999959,0.007353,-0.364583,0.004959,-0.931157,0.000344,0.000468,0.000000,0.000000,0.000000,1,0.013405,5339.861816,-1.109934,2071.297363,0.000014,-0.026420,106.623726,1,0.005735,5088.710449,-1.057680,2065.903564,0.000013,-0.026351,106.683334,1,-0.005843,4707.435547,-18.052921,-797.992432,0.000230,0.010178,105.101662,1,-0.013513,4456.295410,-17.094534,-797.943481,0.000218,0.010178,105.084091,-1767.868530,19592.164062,732.288330,-1.604980,0.582520,0.116211,0.000000,0.000000,0.000000,0.000000,0.000000,0.000000,0.000000,0.000000,0.000000
743,12.383333,-130.724365,0.000212,7.325684,-33.033730,-0.000102,12.933072,1.943967,0.001081,35.474224,5165.442,3,0.000000,4,5,106.748741,1,0,0,-0.005187,0.999959,0.007359,-0.364600,0.004961,-0.931151,0.000313,0.000476,0.000000,0.000000,0.000000,1,0.013419,5340.513184,-1.135991,2070.134521,0.000014,-0.026405,106.718826,1,0.005746,5089.369141,-1.082518,2065.068359,0.000014,-0.026340,106.778664,1,-0.005852,4707.366699,-18.205717,-797.364929,0.000232,0.010170,105.196487,1,-0.013526,4456.235352,-17.233654,-797.419373,0.000220,0.010171,105.178909,-1765.889282,19593.582031,731.918945,-2.147949,0.431030,-0.694336,0.000000,0.000000,0.000000,0.000000,0.000000,0.000000,0.000000,0.000000,0.000000
744,12.400000,-131.275391,0.000209,7.541382,-33.063160,-0.000191,12.945271,1.943985,0.001087,35.506073,5170.053,3,0.000000,4,5,106.843857,1,0,0,-0.005195,0.999959,0.007363,-0.364617,0.004962,-0.931144,0.000273,0.000475,0.000000,0.000000,0.000000,1,0.013434,5341.106934,-1.151237,2068.933350,0.000015,-0.026389,106.813828,1,0.005759,5090.059082,-1.102199,2064.248779,0.000014,-0.026330,106.873894,1,-0.005861,4707.284180,-18.317368,-796.759460,0.000234,0.010163,105.291222,1,-0.013536,4456.218750,-17.334061,-796.862061,0.000221,0.010164,105.273651,-1763.934326,19594.960938,731.456299,-2.611328,0.187439,-2.676270,0.000000,0.000000,0.000000,0.000000,0.000000,0.000000,0.000000,0.000000,0.000000
745,12.416667,-131.826904,0.000204,7.757324,-33.092560,-0.000261,12.957461,1.944004,0.001090,35.537891,5174.660,3,0.000000,4,5,106.938881,1,0,0,-0.005202,0.999959,0.007367,-0.364634,0.004963,-0.931138,0.000231,0.000449,0.000000,0.000000,0.000000,1,0.013449,5341.591797,-1.209437,2067.673096,0.000015,-0.026373,106.908752,1,0.005772,5090.609863,-1.152555,2063.300049,0.000015,-0.026318,106.969017,1,-0.005867,4707.341309,-18.400242,-796.247253,0.000235,0.010156,105.385864,1,-0.013544,4456.359863,-17.423887,-796.377136,0.000222,0.010158,105.368309,-1761.637329,19596.363281,730.896606,-2.701660,0.401917,-3.297852,0.000000,0.000000,0.000000,0.000000,0.000000,0.000000,0.000000,0.000000,0.000000
746,12.433333,-132.378906,0.000199,7.973511,-33.121922,-0.000313,12.969643,1.944022,0.001096,35.569672,5179.262,3,0.000000,4,5,107.033829,1,0,0,-0.005209,0.999959,0.007370,-0.364651,0.004964,-0.931131,0.000188,0.000415,0.000000,0.000000,0.000000,1,0.013464,5342.043457,-1.229942,2066.505371,0.000016,-0.026358,107.003601,1,0.005786,5091.128906,-1.172116,2062.437500,0.000015,-0.026307,107.064064,1,-0.005872,4707.401855,-18.512114,-795.624146,0.000236,0.010148,105.480431,1,-0.013550,4456.509277,-17.519119,-795.767090,0.000223,0.010150,105.462898,-1759.739380,19597.671875,730.456726,-3.402832,0.300903,-3.318359,0.000000,0.000000,0.000000,0.000000,0.000000,0.000000,0.000000,0.000000,0.000000
747,12.450000,-132.931396,0.000193,8.189819,-33.151249,-0.000346,12.981817,1.944040,0.001101,35.601418,5183.860,3,0.000000,4,5,107.128685,1,0,0,-0.005215,0.999959,0.007373,-0.364668,0.004963,-0.931124,0.000131,0.000384,0.000000,0.000000,0.000000,1,0.013477,5342.291504,-1.234268,2065.262451,0.000016,-0.026343,107.098358,1,0.005800,5091.595703,-1.181406,2061.576416,0.000015,-0.026296,107.159019,1,-0.005876,4707.489258,-18.571564,-794.984802,0.000237,0.010140,105.574913,1,-0.013553,4456.764160,-17.581583,-795.177734,0.000224,0.010143,105.557396,-1757.809692,19598.816406,729.884155,-3.078613,0.550171,-2.900391,0.000000,0.000000,0.000000,0.000000,0.000000,0.000000,0.000000,0.000000,0.000000
748,12.466666,-133.484375,0.000187,8.406372,-33.180546,-0.000363,12.993982,1.944059,0.001109,35.633129,5188.455,3,0.000000,4,5,107.223457,1,0,0,-0.005221,0.999959,0.007374,-0.364685,0.004962,-0.931118,0.000080,0.000356,0.000000,0.000000,0.000000,1,0.013490,5342.542480,-1.227866,2064.064697,0.000016,-0.026327,107.193039,1,0.005814,5092.020020,-1.165122,2060.701904,0.000015,-0.026284,107.253883,1,-0.005879,4707.500488,-18.671305,-794.357178,0.000238,0.010132,105.669296,1,-0.013555,4456.976074,-17.676804,-794.561096,0.000225,0.010135,105.651810,-1755.910400,19599.753906,729.363403,-2.851562,0.699707,-3.837402,0.000000,0.000000,0.000000,0.000000,0.000000,0.000000,0.000000,0.000000,0.000000
749,12.483334,-134.037842,0.000181,8.623169,-33.209812,-0.000367,13.006139,1.944077,0.001120,35.664810,5193.045,3,0.000000,4,5,107.318138,1,0,0,-0.005226,0.999959,0.007375,-0.364703,0.004961,-0.931111,0.000035,0.000315,0.000000,0.000000,0.000000,1,0.013501,5342.716797,-1.269672,2062.881836,0.000016,-0.026312,107.287636,1,0.005827,5092.373047,-1.210120,2059.743652,0.000015,-0.026272,107.348648,1,-0.005881,4707.590332,-18.869902,-793.676880,0.000241,0.010123,105.763588,1,-0.013555,4457.233398,-17.865503,-793.975525,0.000228,0.010127,105.746132,-1753.857178,19600.656250,729.106995,-1.432617,0.265991,-4.311035,0.000000,0.000000,0.000000,0.000000,0.000000,0.000000,0.000000,0.000000,0.000000
750,12.500000,-134.591797,0.000175,8.840088,-33.239044,-0.000359,13.018291,1.944096,0.001124,35.696461,5197.630,3,0.000000,4,5,107.412735,1,0,0,-0.005230,0.999959,0.007375,-0.364720,0.004960,-0.931104,0.000021,0.000264,0.000000,0.000000,0.000000,1,0.013511,5342.872070,-1.338167,2061.715088,0.000017,-0.026297,107.382156,1,0.005839,5092.554199,-1.280512,2058.796631,0.000016,-0.026260,107.443321,1,-0.005882,4707.724121,-18.998734,-793.073425,0.000242,0.010116,105.857780,1,-0.013553,4457.435059,-17.982288,-793.296692,0.000229,0.010119,105.840370,-1751.877075,19601.318359,728.783203,-1.892090,0.108521,-3.312500,0.000000,0.000000,0.000000,0.000000,0.000000,0.000000,0.000000,0.000000,0.000000
751,12.516666,-135.146240,0.000169,9.057251,-33.268242,-0.000342,13.030437,1.944115,0.001126,35.728077,5202.212,3,0.000000,4,5,107.507248,1,0,0,-0.005234,0.999959,0.007375,-0.364738,0.004958,-0.931097,-0.000007,0.000227,0.000000,0.000000,0.000000,1,0.013519,5342.957031,-1.369091,2060.544922,0.000017,-0.026282,107.476593,1,0.005850,5092.767578,-1.304918,2057.904541,0.000017,-0.026249,107.537910,1,-0.005882,4707.826660,-19.040300,-792.398987,0.000243,0.010107,105.951889,1,-0.013551,4457.650391,-18.033096,-792.622314,0.000230,0.010110,105.934509,-1750.093628,19601.914062,728.281555,-2.238770,0.145203,-3.051270,0.000000,0.000000,0.000000,0.000000,0.000000,0.000000,0.000000,0.000000,0.000000
752,12.533334,-135.701172,0.000164,9.274658,-33.297409,-0.000316,13.042575,1.944134,0.001128,35.759655,5206.789,3,0.000000,4,5,107.601669,1,0,0,-0.005237,0.999959,0.007375,-0.364755,0.004956,-0.931090,-0.000042,0.000194,0.000000,0.000000,0.000000,1,0.013527,5342.966309,-1.389257,2059.389648,0.000018,-0.026268,107.570946,1,0.005860,5092.960938,-1.324187,2057.007324,0.000017,-0.026237,107.632408,1,-0.005882,4707.864746,-19.081547,-791.760498,0.000243,0.010099,106.045898,1,-0.013548,4457.863281,-18.072863,-791.991943,0.000231,0.010102,106.028549,-1748.255371,19602.324219,727.729309,-1.836426,0.389709,-2.824707,0.000000,0.000000,0.000000,0.000000,0.000000,0.000000,0.000000,0.000000,0.000000
753,12.550000,-136.256592,0.000159,9.492188,-33.326546,-0.000285,13.054704,1.944153,0.001134,35.791206,5211.362,3,0.000000,4,5,107.695999,1,0,0,-0.005239,0.999959,0.007373,-0.364773,0.004954,-0.931083,-0.000069,0.000163,0.000000,0.000000,0.000000,1,0.013532,5342.937988,-1.404040,2058.203125,0.000018,-0.026253,107.665207,1,0.005869,5093.081055,-1.333227,2056.045410,0.000017,-0.026225,107.726799,1,-0.005882,4707.921875,-19.163319,-791.082153,0.000244,0.010090,106.139816,1,-0.013545,4458.046387,-18.150806,-791.315430,0.000232,0.010093,106.122498,-1746.385010,19602.595703,727.232178,-0.902832,0.395264,-2.458496,0.000000,0.000000,0.000000,0.000000,0.000000,0.000000,0.000000,0.000000,0.000000
754,12.566667,-136.812500,0.000155,9.709961,-33.355652,-0.000249,13.066824,1.944172,0.001140,35.822727,5215.931,3,0.000000,4,5,107.790245,1,0,0,-0.005242,0.999959,0.007372,-0.364791,0.004952,-0.931076,-0.000080,0.000134,0.000000,0.000000,0.000000,1,0.013537,5342.874023,-1.434790,2057.067871,0.000018,-0.026238,107.759384,1,0.005877,5093.120117,-1.372737,2055.092773,0.000018,-0.026213,107.821114,1,-0.005881,4707.933594,-19.296812,-790.398132,0.000246,0.010082,106.233635,1,-0.013541,4458.201660,-18.261370,-790.635864,0.000233,0.010085,106.216347,-1744.530640,19602.656250,726.882324,-0.586426,0.364624,-2.610352,0.000000,0.000000,0.000000,0.000000,0.000000,0.000000,0.000000,0.000000,0.000000
755,12.583333,-137.368896,0.000152,9.927979,-33.384727,-0.000213,13.078938,1.944191,0.001145,35.854225,5220.495,3,0.000000,4,5,107.884399,1,0,0,-0.005243,0.999959,0.007371,-0.364809,0.004950,-0.931069,-0.000083,0.000101,0.000000,0.000000,0.000000,1,0.013540,5342.820312,-1.470818,2055.938965,0.000019,-0.026224,107.853485,1,0.005883,5093.125488,-1.402010,2054.110840,0.000018,-0.026200,107.915329,1,-0.005881,4707.989258,-19.395611,-789.745667,0.000247,0.010073,106.327347,1,-0.013538,4458.287109,-18.366001,-790.009399,0.000234,0.010077,106.310097,-1742.593262,19602.671875,726.450623,-0.484375,0.047241,-2.184570,0.000000,0.000000,0.000000,0.000000,0.000000,0.000000,0.000000,0.000000,0.000000
756,12.600000,-137.925781,0.000149,10.146118,-33.413773,-0.000176,13.091046,1.944210,0.001146,35.885677,5225.055,3,0.000000,4,5,107.978470,1,0,0,-0.005244,0.999959,0.007370,-0.364826,0.004949,-0.931062,-0.000086,0.000074,0.000000,0.000000,0.000000,1,0.013543,5342.753418,-1.501455,2054.789062,0.000019,-0.026209,107.947495,1,0.005888,5093.121094,-1.436306,2053.147705,0.000018,-0.026188,108.009453,1,-0.005880,4708.052734,-19.425039,-789.141235,0.000248,0.010066,106.420967,1,-0.013534,4458.422363,-18.394175,-789.330139,0.000235,0.010068,106.403755,-1740.711914,19602.742188,725.883850,-0.206543,0.272339,-1.029297,0.000000,0.000000,0.000000,0.000000,0.000000,0.000000,0.000000,0.000000,0.000000
757,12.616667,-138.483154,0.000146,10.364502,-33.442783,-0.000139,13.103145,1.944229,0.001150,35.917103,5229.611,3,0.000000,4,5,108.072449,1,0,0,-0.005245,0.999959,0.007368,-0.364844,0.004947,-0.931055,-0.000088,0.000061,0.000000,0.000000,0.000000,1,0.013544,5342.655273,-1.516072,2053.710449,0.000019,-0.026195,108.041420,1,0.005892,5093.101562,-1.450256,2052.200195,0.000018,-0.026176,108.103485,1,-0.005879,4707.991699,-19.500042,-788.495178,0.000249,0.010057,106.514496,1,-0.013531,4458.439941,-18.460054,-788.652893,0.000235,0.010059,106.497314,-1738.931396,19602.482422,725.407043,0.523438,0.266785,-0.869629,0.000000,0.000000,0.000000,0.000000,0.000000,0.000000,0.000000,0.000000,0.000000
758,12.633333,-139.041016,0.000145,10.583130,-33.471767,-0.000105,13.115234,1.944248,0.001155,35.948498,5234.163,3,0.000000,4,5,108.166336,1,0,0,-0.005246,0.999959,0.007367,-0.364862,0.004945,-0.931048,-0.000075,0.000047,0.000000,0.000000,0.000000,1,0.013545,5342.625000,-1.557258,2052.661621,0.000020,-0.026182,108.135254,1,0.005895,5093.082031,-1.489514,2051.256592,0.000019,-0.026164,108.197426,1,-0.005879,4707.992676,-19.598238,-787.816833,0.000250,0.010049,106.607933,1,-0.013529,4458.451660,-18.558537,-787.976624,0.000237,0.010051,106.590775,-1737.171875,19602.386719,725.054565,0.546875,0.292175,-0.677246,0.000000,0.000000,0.000000,0.000000,0.000000,0.000000,0.000000,0.000000,0.000000
759,12.650000,-139.599365,0.000143,10.801880,-33.500721,-0.000072,13.127318,1.944268,0.001159,35.979862,5238.710,3,0.000000,4,5,108.260124,1,0,0,-0.005246,0.999959,0.007366,-0.364880,0.004944,-0.931041,-0.000062,0.000036,0.000000,0.000000,0.000000,1,0.013546,5342.570312,-1.577125,2051.566895,0.000020,-0.026168,108.228989,1,0.005898,5093.023926,-1.508445,2050.281738,0.000019,-0.026152,108.291267,1,-0.005879,4707.936523,-19.661499,-787.175232,0.000251,0.010041,106.701271,1,-0.013527,4458.403320,-18.618464,-787.312805,0.000237,0.010042,106.684135,-1735.336914,19602.089844,724.548523,-0.116211,0.130737,-1.116699,0.000000,0.000000,0.000000,0.000000,0.000000,0.000000,0.000000,0.000000,0.000000
760,12.666667,-140.158203,0.000143,11.020874,-33.529644,-0.000043,13.139394,1.944287,0.001161,36.011192,5243.252,3,0.000000,4,5,108.353821,1,0,0,-0.005246,0.999959,0.007365,-0.364898,0.004943,-0.931034,-0.000061,0.000022,0.000000,0.000000,0.000000,1,0.013545,5342.466797,-1.591638,2050.477295,0.000020,-0.026154,108.322639,1,0.005899,5092.948242,-1.527339,2049.303223,0.000019,-0.026139,108.385010,1,-0.005879,4707.945312,-19.696192,-786.501648,0.000251,0.010032,106.794518,1,-0.013525,4458.430664,-18.656834,-786.685059,0.000238,0.010034,106.777397,-1733.519775,19601.894531,723.989624,-0.584961,0.006592,-0.730469,0.000000,0.000000,0.000000,0.000000,0.000000,0.000000,0.000000,0.000000,0.000000
761,12.683333,-140.717529,0.000142,11.240112,-33.558537,-0.000017,13.151461,1.944306,0.001161,36.042496,5247.791,3,0.000000,4,5,108.447418,1,0,0,-0.005246,0.999959,0.007364,-0.364916,0.004942,-0.931027,-0.000071,0.000014,0.000000,0.000000,0.000000,1,0.013545,5342.331055,-1.627318,2049.318359,0.000021,-0.026139,108.416191,1,0.005900,5092.888672,-1.556312,2048.334961,0.000020,-0.026127,108.478653,1,-0.005879,4707.901367,-19.719120,-785.932556,0.000252,0.010025,106.887665,1,-0.013524,4458.462891,-18.673412,-786.038940,0.000238,0.010026,106.870567,-1731.568970,19601.632812,723.376160,0.216309,0.171753,0.226562,0.000000,0.000000,0.000000,0.000000,0.000000,0.000000,0.000000,0.000000,0.000000
762,12.700000,-141.277344,0.000143,11.459473,-33.587395,0.000006,13.163517,1.944326,0.001164,36.073765,5252.323,3,0.000000,4,5,108.540932,1,0,0,-0.005247,0.999959,0.007363,-0.364934,0.004941,-0.931020,-0.000067,0.000016,0.000000,0.000000,0.000000,1,0.013543,5342.237793,-1.636472,2048.279785,0.000021,-0.026126,108.509659,1,0.005901,5092.854004,-1.554952,2047.416992,0.000020,-0.026115,108.572212,1,-0.005880,4707.783691,-19.747467,-785.174744,0.000252,0.010015,106.980728,1,-0.013523,4458.392578,-18.705864,-785.334473,0.000239,0.010017,106.963646,-1730.019775,19601.250000,722.881836,0.786133,0.184204,0.137207,0.000000,0.000000,0.000000,0.000000,0.000000,0.000000,0.000000,0.000000,0.000000
763,12.716666,-141.837646,0.000143,11.679077,-33.616230,0.000023,13.175565,1.944345,0.001167,36.105007,5256.853,3,0.000000,4,5,108.634338,1,0,0,-0.005247,0.999959,0.007362,-0.364952,0.004940,-0.931013,-0.000052,0.000015,0.000000,0.000000,0.000000,1,0.013542,5342.209473,-1.682669,2047.229248,0.000021,-0.026113,108.603027,1,0.005901,5092.818359,-1.598992,2046.464722,0.000020,-0.026103,108.665665,1,-0.005881,4707.767578,-19.827814,-784.613708,0.000253,0.010008,107.073677,1,-0.013522,4458.377930,-18.776516,-784.704895,0.000239,0.010009,107.056625,-1728.111816,19601.140625,722.432251,0.779785,0.331421,0.286133,0.000000,0.000000,0.000000,0.000000,0.000000,0.000000,0.000000,0.000000,0.000000
764,12.733334,-142.398438,0.000144,11.898926,-33.645031,0.000039,13.187605,1.944365,0.001172,36.136215,5261.376,3,0.000000,4,5,108.727646,1,0,0,-0.005247,0.999959,0.007362,-0.364970,0.004939,-0.931006,-0.000038,0.000016,0.000000,0.000000,0.000000,1,0.013541,5342.161621,-1.675914,2046.195068,0.000021,-0.026099,108.696289,1,0.005901,5092.762207,-1.607673,2045.451050,0.000021,-0.026090,108.759010,1,-0.005882,4707.654297,-19.890444,-783.949280,0.000254,0.009999,107.166550,1,-0.013522,4458.245605,-18.835718,-784.056274,0.000240,0.010001,107.149506,-1726.318848,19600.736328,721.901733,0.034180,0.025024,-0.388672,0.000000,0.000000,0.000000,0.000000,0.000000,0.000000,0.000000,0.000000,0.000000
765,12.750000,-142.959717,0.000144,12.118896,-33.673801,0.000049,13.199636,1.944384,0.001172,36.167389,5265.896,3,0.000000,4,5,108.820862,1,0,0,-0.005247,0.999959,0.007361,-0.364988,0.004939,-0.930999,-0.000036,0.000011,0.000000,0.000000,0.000000,1,0.013540,5342.111816,-1.695582,2045.103516,0.000022,-0.026086,108.789467,1,0.005901,5092.705078,-1.621374,2044.459351,0.000021,-0.026077,108.852264,1,-0.005884,4707.613281,-19.901756,-783.320862,0.000254,0.009991,107.259323,1,-0.013523,4458.217773,-18.851898,-783.427734,0.000240,0.009993,107.242294,-1724.463867,19600.542969,721.279175,0.640625,0.133789,-0.246582,0.000000,0.000000,0.000000,0.000000,0.000000,0.000000,0.000000,0.000000,0.000000
766,12.766666,-143.521484,0.000145,12.339111,-33.702541,0.000057,13.211658,1.944404,0.001174,36.198532,5270.410,3,0.000000,4,5,108.913979,1,0,0,-0.005247,0.999959,0.007361,-0.365007,0.004938,-0.930992,-0.000022,0.000006,0.000000,0.000000,0.000000,1,0.013539,5342.060059,-1.736326,2044.074707,0.000022,-0.026072,108.882545,1,0.005900,5092.638672,-1.655174,2043.505005,0.000021,-0.026065,108.945419,1,-0.005885,4707.594238,-19.958925,-782.675842,0.000255,0.009983,107.352005,1,-0.013523,4458.164062,-18.900461,-782.733521,0.000241,0.009984,107.334991,-1722.735352,19600.335938,720.834534,0.606445,0.295105,-0.095703,0.000000,0.000000,0.000000,0.000000,0.000000,0.000000,0.000000,0.000000,0.000000
767,12.783334,-144.083618,0.000146,12.559448,-33.731255,0.000062,13.223671,1.944423,0.001179,36.229652,5274.919,3,0.000000,4,5,109.006996,1,0,0,-0.005247,0.999959,0.007361,-0.365025,0.004938,-0.930985,-0.000010,0.000002,0.000000,0.000000,0.000000,1,0.013537,5342.039062,-1.766466,2042.981812,0.000023,-0.026058,108.975525,1,0.005899,5092.551270,-1.683882,2042.450928,0.000021,-0.026052,109.038475,1,-0.005886,4707.557129,-20.038788,-782.051392,0.000256,0.009975,107.444595,1,-0.013524,4458.080566,-18.975882,-782.140625,0.000242,0.009976,107.427589,-1720.728638,19600.087891,720.317261,-0.156738,0.041748,0.054688,0.000000,0.000000,0.000000,0.000000,0.000000,0.000000,0.000000,0.000000,0.000000
768,12.800000,-144.646240,0.000147,12.780029,-33.759933,0.000063,13.235676,1.944443,0.001180,36.260731,5279.425,3,0.000000,4,5,109.099922,1,0,0,-0.005247,0.999959,0.007361,-0.365043,0.004938,-0.930977,-0.000013,0.000004,0.000000,0.000000,0.000000,1,0.013536,5341.978027,-1.780737,2041.936157,0.000023,-0.026045,109.068413,1,0.005898,5092.528809,-1.707542,2041.502075,0.000022,-0.026040,109.131439,1,-0.005887,4707.509277,-20.061384,-781.427124,0.000256,0.009967,107.537094,1,-0.013525,4458.062012,-18.997393,-781.498047,0.000242,0.009968,107.520096,-1718.958008,19599.937500,719.750732,0.461426,0.147949,0.132324,0.000000,0.000000,0.000000,0.000000,0.000000,0.000000,0.000000,0.000000,0.000000
769,12.816667,-145.209351,0.000148,13.000854,-33.788582,0.000062,13.247672,1.944463,0.001182,36.291782,5283.926,3,0.000000,4,5,109.192749,1,0,0,-0.005247,0.999959,0.007361,-0.365062,0.004938,-0.930970,-0.000005,0.000004,0.000000,0.000000,0.000000,1,0.013535,5341.979492,-1.800269,2040.898315,0.000023,-0.026032,109.161209,1,0.005897,5092.508789,-1.711092,2040.520142,0.000022,-0.026027,109.224297,1,-0.005888,4707.492188,-20.095503,-780.765198,0.000256,0.009959,107.629501,1,-0.013526,4458.013184,-19.024162,-780.851990,0.000243,0.009960,107.612511,-1717.201538,19599.861328,719.191772,0.351562,-0.108887,-0.377930,0.000000,0.000000,0.000000,0.000000,0.000000,0.000000,0.000000,0.000000,0.000000
770,12.833333,-145.772949,0.000149,13.221802,-33.817204,0.000060,13.259659,1.944482,0.001180,36.322803,5288.421,3,0.000000,4,5,109.285477,1,0,0,-0.005246,0.999959,0.007361,-0.365080,0.004938,-0.930963,0.000004,-0.000002,0.000000,0.000000,0.000000,1,0.013534,5341.966309,-1.830282,2039.838501,0.000023,-0.026018,109.253906,1,0.005896,5092.446777,-1.744704,2039.524170,0.000022,-0.026014,109.317062,1,-0.005889,4707.468262,-20.083946,-780.170410,0.000256,0.009951,107.721809,1,-0.013527,4457.948730,-19.023836,-780.225708,0.000243,0.009952,107.704834,-1715.342896,19599.693359,718.557800,0.284668,0.177185,-0.277832,0.000000,0.000000,0.000000,0.000000,0.000000,0.000000,0.000000,0.000000,0.000000
771,12.850000,-146.337036,0.000150,13.442993,-33.845791,0.000056,13.271635,1.944502,0.001183,36.353786,5292.912,3,0.000000,4,5,109.378105,1,0,0,-0.005246,0.999959,0.007361,-0.365098,0.004938,-0.930956,0.000010,-0.000007,0.000000,0.000000,0.000000,1,0.013533,5341.957031,-1.849738,2038.744263,0.000024,-0.026004,109.346497,1,0.005895,5092.411621,-1.768250,2038.505371,0.000023,-0.026001,109.409721,1,-0.005890,4707.500977,-20.141012,-779.542419,0.000257,0.009943,107.814034,1,-0.013528,4457.955566,-19.072378,-779.592834,0.000243,0.009944,107.797066,-1713.433105,19599.710938,718.008179,0.304199,0.264893,-0.032227,0.000000,0.000000,0.000000,0.000000,0.000000,0.000000,0.000000,0.000000,0.000000
772,12.866667,-146.901611,0.000151,13.664429,-33.874348,0.000052,13.283602,1.944522,0.001187,36.384743,5297.399,3,0.000000,4,5,109.470642,1,0,0,-0.005246,0.999959,0.007362,-0.365117,0.004938,-0.930949,0.000016,-0.000008,0.000000,0.000000,0.000000,1,0.013532,5341.951660,-1.863914,2037.734009,0.000024,-0.025992,109.439003,1,0.005894,5092.354492,-1.771730,2037.518433,0.000023,-0.025989,109.502289,1,-0.005890,4707.468750,-20.192038,-778.861267,0.000258,0.009934,107.906166,1,-0.013529,4457.871582,-19.115072,-778.903931,0.000244,0.009935,107.889206,-1711.746216,19599.519531,717.505676,0.187500,0.213989,0.639648,0.000000,0.000000,0.000000,0.000000,0.000000,0.000000,0.000000,0.000000,0.000000
773,12.883333,-147.466675,0.000152,13.885986,-33.902878,0.000045,13.295560,1.944542,0.001190,36.415672,5301.880,3,0.000000,4,5,109.563080,1,0,0,-0.005246,0.999959,0.007362,-0.365135,0.004939,-0.930941,0.000018,-0.000000,0.000000,0.000000,0.000000,1,0.013532,5341.983398,-1.851851,2036.721680,0.000024,-0.025979,109.531410,1,0.005893,5092.381836,-1.775236,2036.549927,0.000023,-0.025976,109.594765,1,-0.005891,4707.445312,-20.225971,-778.227478,0.000258,0.009926,107.998199,1,-0.013530,4457.843750,-19.152567,-778.268494,0.000244,0.009927,107.981239,-1709.998047,19599.550781,716.927246,0.096191,-0.057373,0.577637,0.000000,0.000000,0.000000,0.000000,0.000000,0.000000,0.000000,0.000000,0.000000
774,12.900000,-148.032227,0.000153,14.107788,-33.931377,0.000039,13.307508,1.944561,0.001189,36.446560,5306.357,3,0.000000,4,5,109.655411,1,0,0,-0.005246,0.999959,0.007363,-0.365154,0.004939,-0.930934,0.000018,0.000007,0.000000,0.000000,0.000000,1,0.013532,5342.024902,-1.897469,2035.657227,0.000024,-0.025965,109.623711,1,0.005893,5092.409180,-1.808715,2035.528809,0.000023,-0.025963,109.687119,1,-0.005892,4707.421875,-20.231455,-777.617554,0.000258,0.009919,108.090134,1,-0.013531,4457.806641,-19.163080,-777.654053,0.000244,0.009919,108.073181,-1708.099854,19599.580078,716.324402,-0.077148,-0.180847,-0.025879,0.000000,0.000000,0.000000,0.000000,0.000000,0.000000,0.000000,0.000000,0.000000
775,12.916667,-148.598267,0.000153,14.329834,-33.959846,0.000033,13.319448,1.944581,0.001187,36.477421,5310.829,3,0.000000,4,5,109.747650,1,0,0,-0.005246,0.999959,0.007363,-0.365172,0.004939,-0.930927,0.000017,0.000007,0.000000,0.000000,0.000000,1,0.013532,5342.009766,-1.922043,2034.574707,0.000025,-0.025951,109.715927,1,0.005892,5092.380859,-1.832135,2034.526367,0.000023,-0.025951,109.779388,1,-0.005893,4707.409668,-20.214291,-777.033020,0.000258,0.009911,108.181984,1,-0.013532,4457.791504,-19.141430,-777.044922,0.000244,0.009911,108.165031,-1706.204956,19599.511719,715.630493,-0.044922,0.131165,0.110840,0.000000,0.000000,0.000000,0.000000,0.000000,0.000000,0.000000,0.000000,0.000000
776,12.933333,-149.164795,0.000154,14.552002,-33.988285,0.000027,13.331375,1.944601,0.001189,36.508251,5315.296,3,0.000000,4,5,109.839790,1,0,0,-0.005246,0.999959,0.007363,-0.365190,0.004939,-0.930920,0.000016,0.000009,0.000000,0.000000,0.000000,1,0.013532,5342.025879,-1.936123,2033.488281,0.000025,-0.025937,109.808037,1,0.005892,5092.416504,-1.835588,2033.533936,0.000023,-0.025938,109.871552,1,-0.005893,4707.377441,-20.231113,-776.358826,0.000258,0.009903,108.273750,1,-0.013533,4457.769531,-19.162769,-776.394897,0.000244,0.009903,108.256798,-1704.420776,19599.521484,715.029785,-0.049316,0.275208,0.050781,0.000000,0.000000,0.000000,0.000000,0.000000,0.000000,0.000000,0.000000,0.000000
777,12.950000,-149.731689,0.000154,14.774414,-34.016693,0.000020,13.343292,1.944621,0.001193,36.539047,5319.759,3,0.000000,4,5,109.931831,1,0,0,-0.005246,0.999959,0.007364,-0.365209,0.004939,-0.930912,0.000015,0.000010,0.000000,0.000000,0.000000,1,0.013532,5342.045898,-1.934499,2032.485229,0.000025,-0.025925,109.900055,1,0.005892,5092.428711,-1.848996,2032.535767,0.000024,-0.025925,109.963623,1,-0.005894,4707.397949,-20.293493,-775.695007,0.000259,0.009894,108.365417,1,-0.013534,4457.782227,-19.211071,-775.752441,0.000245,0.009895,108.348465,-1702.667725,19599.613281,714.513184,-0.087891,-0.072754,0.164062,0.000000,0.000000,0.000000,0.000000,0.000000,0.000000,0.000000,0.000000,0.000000
778,12.966666,-150.299072,0.000154,14.996948,-34.045071,0.000015,13.355201,1.944641,0.001192,36.569813,5324.216,3,0.000000,4,5,110.023773,1,0,0,-0.005246,0.999959,0.007364,-0.365227,0.004940,-0.930905,0.000012,0.000012,0.000000,0.000000,0.000000,1,0.013532,5342.081055,-1.964227,2031.412598,0.000025,-0.025911,109.991966,1,0.005892,5092.455566,-1.877328,2031.546509,0.000024,-0.025913,110.055588,1,-0.005894,4707.382324,-20.287678,-775.071167,0.000259,0.009886,108.456985,1,-0.013535,4457.758789,-19.221615,-775.126221,0.000245,0.009887,108.440041,-1700.827515,19599.644531,713.898315,-0.125488,0.087219,0.790527,0.000000,0.000000,0.000000,0.000000,0.000000,0.000000,0.000000,0.000000,0.000000
779,12.983334,-150.866943,0.000154,15.219727,-34.073418,0.000010,13.367099,1.944661,0.001193,36.600548,5328.669,3,0.000000,4,5,110.115616,1,0,0,-0.005246,0.999959,0.007364,-0.365246,0.004939,-0.930898,0.000007,0.000023,0.000000,0.000000,0.000000,1,0.013532,5342.088867,-1.993898,2030.372559,0.000025,-0.025898,110.083786,1,0.005892,5092.521484,-1.900653,2030.576660,0.000024,-0.025900,110.147461,1,-0.005895,4707.311523,-20.321260,-774.395996,0.000259,0.009878,108.548462,1,-0.013535,4457.735840,-19.237526,-774.439514,0.000245,0.009878,108.531525,-1699.125732,19599.628906,713.380249,-0.111328,0.237671,0.066895,0.000000,0.000000,0.000000,0.000000,0.000000,0.000000,0.000000,0.000000,0.000000
780,13.000000,-151.435303,0.000154,15.442749,-34.101738,0.000005,13.378988,1.944681,0.001197,36.631252,5333.118,3,0.000000,4,5,110.207359,1,0,0,-0.005246,0.999959,0.007364,-0.365265,0.004939,-0.930891,0.000005,0.000024,0.000000,0.000000,0.000000,1,0.013533,5342.118652,-1.992238,2029.265747,0.000025,-0.025883,110.175499,1,0.005892,5092.544434,-1.894097,2029.518311,0.000024,-0.025887,110.239227,1,-0.005896,4707.297363,-20.366343,-773.819458,0.000260,0.009870,108.639839,1,-0.013536,4457.734375,-19.280272,-773.862122,0.000246,0.009871,108.622910,-1697.094971,19599.677734,712.708252,0.439941,0.172974,0.114746,0.000000,0.000000,0.000000,0.000000,0.000000,0.000000,0.000000,0.000000,0.000000
781,13.016666,-152.004150,0.000155,15.665894,-34.130024,0.000000,13.390866,1.944701,0.001199,36.661926,5337.561,3,0.000000,4,5,110.299011,1,0,0,-0.005246,0.999959,0.007365,-0.365283,0.004939,-0.930883,0.000013,0.000024,0.000000,0.000000,0.000000,1,0.013533,5342.152344,-2.037481,2028.281372,0.000026,-0.025871,110.267136,1,0.005893,5092.558105,-1.937221,2028.496582,0.000025,-0.025874,110.330902,1,-0.005896,4707.285156,-20.428326,-773.135437,0.000261,0.009861,108.731133,1,-0.013537,4457.692871,-19.349535,-773.196411,0.000247,0.009862,108.714211,-1695.342651,19599.673828,712.296631,0.919922,0.089966,0.093750,0.000000,0.000000,0.000000,0.000000,0.000000,0.000000,0.000000,0.000000,0.000000
782,13.033334,-152.573486,0.000154,15.889282,-34.158279,-0.000004,13.402738,1.944721,0.001201,36.692558,5342.000,3,0.000000,4,5,110.390556,1,0,0,-0.005247,0.999959,0.007365,-0.365302,0.004940,-0.930876,0.000031,0.000022,0.000000,0.000000,0.000000,1,0.013534,5342.266602,-2.072269,2027.253174,0.000026,-0.025858,110.358658,1,0.005893,5092.571777,-1.980275,2027.460083,0.000025,-0.025860,110.422462,1,-0.005897,4707.318848,-20.479134,-772.504456,0.000261,0.009853,108.822327,1,-0.013538,4457.625488,-19.397205,-772.569397,0.000247,0.009854,108.805412,-1693.466919,19599.785156,711.789795,-0.590332,-0.269409,0.640625,0.000000,0.000000,0.000000,0.000000,0.000000,0.000000,0.000000,0.000000,0.000000
783,13.050000,-153.143311,0.000154,16.112915,-34.186504,-0.000007,13.414600,1.944741,0.001197,36.723167,5346.434,3,0.000000,4,5,110.482002,1,0,0,-0.005247,0.999959,0.007366,-0.365320,0.004940,-0.930869,0.000018,0.000033,0.000000,0.000000,0.000000,1,0.013535,5342.289062,-2.075753,2026.134766,0.000026,-0.025844,110.450073,1,0.005894,5092.651367,-1.978656,2026.472046,0.000025,-0.025848,110.513939,1,-0.005897,4707.251953,-20.399759,-771.880676,0.000260,0.009845,108.913429,1,-0.013538,4457.627441,-19.322330,-771.914795,0.000246,0.009846,108.896523,-1691.691895,19599.830078,710.968750,-0.509277,0.102173,1.130859,0.000000,0.000000,0.000000,0.000000,0.000000,0.000000,0.000000,0.000000,0.000000
784,13.066667,-153.713501,0.000154,16.336670,-34.214699,-0.000009,13.426450,1.944761,0.001198,36.753738,5350.862,3,0.000000,4,5,110.573357,1,0,0,-0.005248,0.999959,0.007366,-0.365339,0.004940,-0.930861,0.000004,0.000049,0.000000,0.000000,0.000000,1,0.013536,5342.309082,-2.074034,2025.136108,0.000026,-0.025831,110.541412,1,0.005895,5092.786621,-1.982018,2025.509277,0.000025,-0.025836,110.605309,1,-0.005899,4707.142578,-20.410486,-771.185791,0.000260,0.009837,109.004440,1,-0.013539,4457.602051,-19.322161,-771.215759,0.000246,0.009837,108.987541,-1690.099121,19599.851562,710.396118,-0.470703,0.214783,0.206543,0.000000,0.000000,0.000000,0.000000,0.000000,0.000000,0.000000,0.000000,0.000000
785,13.083333,-154.284180,0.000154,16.560669,-34.242867,-0.000011,13.438290,1.944781,0.001202,36.784286,5355.287,3,0.000000,4,5,110.664604,1,0,0,-0.005248,0.999959,0.007366,-0.365358,0.004939,-0.930854,-0.000006,0.000053,0.000000,0.000000,0.000000,1,0.013537,5342.305176,-2.077504,2024.014526,0.000026,-0.025817,110.632637,1,0.005897,5092.831055,-1.985340,2024.458008,0.000025,-0.025822,110.696579,1,-0.005900,4707.083496,-20.449579,-770.523010,0.000261,0.009828,109.095352,1,-0.013540,4457.609863,-19.364780,-770.627502,0.000247,0.009829,109.078453,-1688.148682,19599.837891,709.765381,0.184570,0.138062,0.186035,0.000000,0.000000,0.000000,0.000000,0.000000,0.000000,0.000000,0.000000,0.000000
786,13.100000,-154.855347,0.000154,16.784790,-34.271004,-0.000013,13.450119,1.944801,0.001204,36.814800,5359.706,3,0.000000,4,5,110.755760,1,0,0,-0.005249,0.999959,0.007366,-0.365376,0.004939,-0.930847,-0.000003,0.000055,0.000000,0.000000,0.000000,1,0.013538,5342.372559,-2.112134,2022.981567,0.000027,-0.025803,110.723778,1,0.005898,5092.909180,-2.018352,2023.423706,0.000026,-0.025809,110.787750,1,-0.005901,4707.064453,-20.500038,-769.912048,0.000261,0.009820,109.186165,1,-0.013540,4457.590332,-19.417881,-769.974243,0.000248,0.009821,109.169281,-1686.279297,19599.962891,709.255127,-0.505371,-0.000793,0.069824,0.000000,0.000000,0.000000,0.000000,0.000000,0.000000,0.000000,0.000000,0.000000
787,13.116667,-155.427002,0.000154,17.009155,-34.299107,-0.000014,13.461940,1.944821,0.001204,36.845280,5364.121,3,0.000000,4,5,110.846817,1,0,0,-0.005250,0.999959,0.007366,-0.365395,0.004938,-0.930839,-0.000013,0.000058,0.000000,0.000000,0.000000,1,0.013538,5342.381836,-2.125946,2021.891479,0.000027,-0.025789,110.814812,1,0.005900,5092.981445,-2.031540,2022.408936,0.000026,-0.025796,110.878830,1,-0.005902,4706.994629,-20.499636,-769.316406,0.000261,0.009813,109.276886,1,-0.013541,4457.603516,-19.412523,-769.348999,0.000248,0.009813,109.260010,-1684.389648,19599.986328,708.575745,0.127441,0.243591,-0.651855,0.000000,0.000000,0.000000,0.000000,0.000000,0.000000,0.000000,0.000000,0.000000
788,13.133333,-155.999146,0.000153,17.233765,-34.327179,-0.000014,13.473749,1.944841,0.001207,36.875725,5368.531,3,0.000000,4,5,110.937775,1,0,0,-0.005251,0.999959,0.007366,-0.365414,0.004938,-0.930832,-0.000009,0.000049,0.000000,0.000000,0.000000,1,0.013539,5342.387207,-2.150097,2020.842407,0.000027,-0.025776,110.905754,1,0.005901,5092.970215,-2.049613,2021.382690,0.000026,-0.025783,110.969810,1,-0.005903,4706.996094,-20.566938,-768.624756,0.000262,0.009804,109.367523,1,-0.013541,4457.589844,-19.481503,-768.720703,0.000248,0.009805,109.350647,-1682.562256,19599.960938,708.089844,0.107910,0.106873,0.132812,0.000000,0.000000,0.000000,0.000000,0.000000,0.000000,0.000000,0.000000,0.000000
789,13.150000,-156.571777,0.000153,17.458496,-34.355221,-0.000015,13.485551,1.944861,0.001209,36.906136,5372.937,3,0.000000,4,5,111.028633,1,0,0,-0.005251,0.999959,0.007366,-0.365433,0.004937,-0.930825,-0.000007,0.000050,0.000000,0.000000,0.000000,1,0.013540,5342.443359,-2.174230,2019.796753,0.000028,-0.025763,110.996590,1,0.005903,5093.057129,-2.062763,2020.362427,0.000026,-0.025770,111.060684,1,-0.005904,4706.960938,-20.600330,-767.950989,0.000263,0.009795,109.458061,1,-0.013542,4457.576660,-19.507895,-768.053223,0.000249,0.009797,109.441193,-1680.792969,19600.070312,707.539429,-0.003418,-0.142334,-0.567383,0.000000,0.000000,0.000000,0.000000,0.000000,0.000000,0.000000,0.000000,0.000000
790,13.166667,-157.144775,0.000153,17.683472,-34.383232,-0.000014,13.497343,1.944881,0.001207,36.936520,5377.337,3,0.000000,4,5,111.119392,1,0,0,-0.005252,0.999959,0.007366,-0.365451,0.004937,-0.930817,-0.000005,0.000043,0.000000,0.000000,0.000000,1,0.013541,5342.439453,-2.193130,2018.672974,0.000028,-0.025748,111.087326,1,0.005904,5093.041504,-2.090643,2019.322632,0.000027,-0.025757,111.151466,1,-0.005905,4706.947754,-20.583332,-767.347595,0.000263,0.009788,109.548500,1,-0.013542,4457.562988,-19.486486,-767.407593,0.000249,0.009788,109.531647,-1678.880127,19600.009766,706.836853,0.019531,0.184570,-0.437500,0.000000,0.000000,0.000000,0.000000,0.000000,0.000000,0.000000,0.000000,0.000000
791,13.183333,-157.718262,0.000153,17.908569,-34.411213,-0.000014,13.509124,1.944901,0.001210,36.966866,5381.732,3,0.000000,4,5,111.210060,1,0,0,-0.005252,0.999959,0.007366,-0.365470,0.004937,-0.930810,-0.000003,0.000037,0.000000,0.000000,0.000000,1,0.013541,5342.452148,-2.201670,2017.617310,0.000028,-0.025735,111.177986,1,0.005905,5093.058594,-2.098787,2018.262573,0.000027,-0.025743,111.242142,1,-0.005906,4706.960449,-20.622501,-766.706726,0.000263,0.009779,109.638847,1,-0.013542,4457.582031,-19.523615,-766.769714,0.000249,0.009780,109.622002,-1677.009033,19600.080078,706.241455,-0.561035,-0.014404,-0.299805,0.000000,0.000000,0.000000,0.000000,0.000000,0.000000,0.000000,0.000000,0.000000
792,13.200000,-158.292236,0.000152,18.133911,-34.439163,-0.000013,13.520894,1.944922,0.001209,36.997181,5386.124,3,0.000000,4,5,111.300636,1,0,0,-0.005253,0.999959,0.007366,-0.365489,0.004936,-0.930803,-0.000013,0.000035,0.000000,0.000000,0.000000,1,0.013542,5342.440430,-2.220516,2016.555908,0.000028,-0.025721,111.268547,1,0.005906,5093.115723,-2.121703,2017.203491,0.000027,-0.025730,111.332733,1,-0.005907,4706.948242,-20.622339,-766.085083,0.000263,0.009771,109.729103,1,-0.013542,4457.607422,-19.528925,-766.134277,0.000249,0.009772,109.712265,-1675.130615,19600.144531,705.593750,-0.452148,0.161865,-0.247070,0.000000,0.000000,0.000000,0.000000,0.000000,0.000000,0.000000,0.000000,0.000000
793,13.216666,-158.866699,0.000152,18.359497,-34.467083,-0.000011,13.532654,1.944942,0.001212,37.027477,5390.510,3,0.000000,4,5,111.391113,1,0,0,-0.005253,0.999959,0.007366,-0.365508,0.004936,-0.930795,-0.000022,0.000033,0.000000,0.000000,0.000000,1,0.013542,5342.378906,-2.234153,2015.459351,0.000028,-0.025707,111.359009,1,0.005907,5093.110840,-2.124885,2016.196655,0.000027,-0.025717,111.423225,1,-0.005908,4706.894043,-20.655558,-765.393250,0.000263,0.009763,109.819267,1,-0.013542,4457.605469,-19.560604,-765.495972,0.000249,0.009764,109.802437,-1673.322998,19599.994141,705.011292,0.776855,0.067566,-0.164551,0.000000,0.000000,0.000000,0.000000,0.000000,0.000000,0.000000,0.000000,0.000000
794,13.233334,-159.441650,0.000152,18.585205,-34.494972,-0.000011,13.544404,1.944962,0.001213,37.057724,5394.893,3,0.000000,4,5,111.481491,1,0,0,-0.005254,0.999959,0.007366,-0.365526,0.004936,-0.930788,-0.000006,0.000028,0.000000,0.000000,0.000000,1,0.013542,5342.468750,-2.278766,2014.462524,0.000029,-0.025695,111.449379,1,0.005908,5093.119629,-2.167384,2015.143066,0.000028,-0.025703,111.513618,1,-0.005908,4706.899414,-20.700178,-764.777893,0.000264,0.009755,109.909332,1,-0.013543,4457.592285,-19.597486,-764.816284,0.000250,0.009755,109.892517,-1671.500732,19600.099609,704.516602,0.647949,0.065796,-0.048340,0.000000,0.000000,0.000000,0.000000,0.000000,0.000000,0.000000,0.000000,0.000000
795,13.250000,-160.017090,0.000152,18.811157,-34.522831,-0.000010,13.556146,1.944982,0.001214,37.087948,5399.270,3,0.000000,4,5,111.571770,1,0,0,-0.005254,0.999959,0.007366,-0.365545,0.004936,-0.930781,0.000007,0.000026,0.000000,0.000000,0.000000,1,0.013543,5342.519531,-2.302687,2013.434692,0.000029,-0.025682,111.539642,1,0.005909,5093.136230,-2.190178,2014.096924,0.000028,-0.025690,111.603905,1,-0.005909,4706.921875,-20.733652,-764.123535,0.000264,0.009746,109.999306,1,-0.013543,4457.522461,-19.634077,-764.149231,0.000250,0.009747,109.982498,-1669.700439,19600.121094,703.974487,-0.125488,-0.085022,-0.050293,0.000000,0.000000,0.000000,0.000000,0.000000,0.000000,0.000000,0.000000,0.000000
796,13.266666,-160.592896,0.000152,19.037231,-34.550659,-0.000008,13.567879,1.945002,0.001213,37.118134,5403.642,3,0.000000,4,5,111.661949,1,0,0,-0.005254,0.999959,0.007366,-0.365564,0.004936,-0.930773,0.000005,0.000025,0.000000,0.000000,0.000000,1,0.013544,5342.520996,-2.316256,2012.372559,0.000030,-0.025668,111.629807,1,0.005910,5093.161621,-2.198221,2013.075317,0.000028,-0.025677,111.694099,1,-0.005909,4706.886719,-20.705488,-763.483154,0.000264,0.009738,110.089180,1,-0.013543,4457.529297,-19.612862,-763.496887,0.000250,0.009738,110.072380,-1667.917480,19600.113281,703.283813,-0.711914,-0.055908,-0.038086,0.000000,0.000000,0.000000,0.000000,0.000000,0.000000,0.000000,0.000000,0.000000
797,13.283334,-161.169189,0.000152,19.263550,-34.578457,-0.000006,13.579600,1.945023,0.001212,37.148293,5408.010,3,0.000000,4,5,111.752029,1,0,0,-0.005254,0.999959,0.007366,-0.365583,0.004935,-0.930766,-0.000009,0.000027,0.000000,0.000000,0.000000,1,0.013544,5342.474121,-2.314354,2011.237183,0.000030,-0.025654,111.719879,1,0.005910,5093.175781,-2.206248,2012.015991,0.000028,-0.025663,111.784187,1,-0.005910,4706.857910,-20.677408,-762.867249,0.000264,0.009730,110.178963,1,-0.013543,4457.561523,-19.586529,-762.871155,0.000250,0.009730,110.162163,-1665.991699,19600.078125,702.514771,0.033203,0.125061,0.098633,0.000000,0.000000,0.000000,0.000000,0.000000,0.000000,0.000000,0.000000,0.000000
798,13.300000,-161.745972,0.000152,19.490112,-34.606224,-0.000005,13.591309,1.945043,0.001214,37.178417,5412.372,3,0.000000,4,5,111.842018,1,0,0,-0.005255,0.999959,0.007366,-0.365602,0.004935,-0.930758,-0.000009,0.000028,0.000000,0.000000,0.000000,1,0.013544,5342.493164,-2.317627,2010.227173,0.000030,-0.025641,111.809853,1,0.005911,5093.221191,-2.209378,2010.990479,0.000028,-0.025650,111.874191,1,-0.005910,4706.816406,-20.705027,-762.186035,0.000264,0.009722,110.268654,1,-0.013544,4457.535645,-19.607464,-762.216797,0.000250,0.009722,110.251854,-1664.263672,19600.072266,701.934326,0.016602,0.156494,0.001953,0.000000,0.000000,0.000000,0.000000,0.000000,0.000000,0.000000,0.000000,0.000000
799,13.316667,-162.323242,0.000151,19.716797,-34.633961,-0.000004,13.603007,1.945063,0.001216,37.208511,5416.731,3,0.000000,4,5,111.931900,1,0,0,-0.005255,0.999959,0.007366,-0.365621,0.004935,-0.930751,-0.000008,0.000028,0.000000,0.000000,0.000000,1,0.013545,5342.502930,-2.356833,2009.158691,0.000030,-0.025627,111.899719,1,0.005912,5093.226562,-2.251646,2009.915894,0.000029,-0.025637,111.964088,1,-0.005911,4706.804199,-20.766130,-761.511292,0.000265,0.009713,110.358246,1,-0.013544,4457.538574,-19.660118,-761.589294,0.000251,0.009714,110.341454,-1662.353516,19600.078125,701.433472,-0.052734,-0.260254,0.199219,0.000000,0.000000,0.000000,0.000000,0.000000,0.000000,0.000000,0.000000,0.000000
800,13.333333,-162.900879,0.000151,19.943726,-34.661667,-0.000003,13.614697,1.945083,0.001212,37.238571,5421.084,3,0.000000,4,5,112.021690,1,0,0,-0.005255,0.999959,0.007366,-0.365639,0.004934,-0.930743,-0.000010,0.000031,0.000000,0.000000,0.000000,1,0.013545,5342.523438,-2.380591,2008.078613,0.000030,-0.025613,111.989502,1,0.005913,5093.282715,-2.269417,2008.919922,0.000029,-0.025624,112.053886,1,-0.005912,4706.760742,-20.715818,-760.897827,0.000264,0.009705,110.447739,1,-0.013544,4457.532715,-19.617910,-760.900818,0.000250,0.009705,110.430962,-1660.595947,19600.109375,700.727417,0.553223,0.076355,0.107422,0.000000,0.000000,0.000000,0.000000,0.000000,0.000000,0.000000,0.000000,0.000000
801,13.350000,-163.479004,0.000151,20.170776,-34.689342,-0.000002,13.626376,1.945104,0.001213,37.268604,5425.432,3,0.000000,4,5,112.111382,1,0,0,-0.005256,0.999959,0.007366,-0.365658,0.004934,-0.930736,0.000001,0.000031,0.000000,0.000000,0.000000,1,0.013545,5342.546387,-2.399188,2007.041138,0.000031,-0.025600,112.079178,1,0.005913,5093.268066,-2.287129,2007.881226,0.000029,-0.025611,112.143593,1,-0.005913,4706.746582,-20.737955,-760.226196,0.000265,0.009697,110.537148,1,-0.013545,4457.450195,-19.643826,-760.241638,0.000251,0.009697,110.520370,-1658.815796,19600.003906,700.157898,0.419922,0.165710,0.098145,0.000000,0.000000,0.000000,0.000000,0.000000,0.000000,0.000000,0.000000,0.000000
802,13.366667,-164.057617,0.000151,20.398071,-34.716988,-0.000001,13.638045,1.945124,0.001216,37.298599,5429.776,3,0.000000,4,5,112.200966,1,0,0,-0.005256,0.999959,0.007366,-0.365677,0.004934,-0.930729,0.000009,0.000031,0.000000,0.000000,0.000000,1,0.013546,5342.604004,-2.392163,2005.981689,0.000031,-0.025587,112.168755,1,0.005914,5093.300293,-2.275538,2006.791016,0.000029,-0.025597,112.233192,1,-0.005913,4706.701172,-20.759937,-759.572571,0.000265,0.009688,110.626457,1,-0.013545,4457.408691,-19.648876,-759.591187,0.000251,0.009689,110.609680,-1656.970703,19600.007812,699.481323,0.342285,0.200989,-0.021484,0.000000,0.000000,0.000000,0.000000,0.000000,0.000000,0.000000,0.000000,0.000000
803,13.383333,-164.636719,0.000151,20.625610,-34.744602,-0.000001,13.649703,1.945144,0.001219,37.328568,5434.115,3,0.000000,4,5,112.290459,1,0,0,-0.005257,0.999959,0.007367,-0.365696,0.004934,-0.930721,0.000015,0.000029,0.000000,0.000000,0.000000,1,0.013547,5342.625000,-2.420961,2004.950439,0.000031,-0.025573,112.258232,1,0.005915,5093.301758,-2.307866,2005.746582,0.000029,-0.025584,112.322693,1,-0.005914,4706.695801,-20.809805,-758.905884,0.000265,0.009680,110.715668,1,-0.013546,4457.385254,-19.706532,-758.945618,0.000251,0.009680,110.698898,-1655.143433,19600.001953,698.984131,0.298340,0.221619,0.040527,0.000000,0.000000,0.000000,0.000000,0.000000,0.000000,0.000000,0.000000,0.000000
804,13.400000,-165.216309,0.000151,20.853271,-34.772186,-0.000001,13.661353,1.945165,0.001222,37.358490,5438.450,3,0.000000,4,5,112.379852,1,0,0,-0.005257,0.999959,0.007367,-0.365715,0.004934,-0.930714,0.000021,0.000029,0.000000,0.000000,0.000000,1,0.013548,5342.690430,-2.424165,2003.900513,0.000031,-0.025560,112.347610,1,0.005915,5093.343262,-2.310910,2004.702881,0.000029,-0.025570,112.412102,1,-0.005915,4706.716309,-20.854189,-758.244812,0.000266,0.009671,110.804787,1,-0.013547,4457.328613,-19.753468,-758.316345,0.000252,0.009672,110.788017,-1653.305664,19600.085938,698.406006,-0.534180,-0.368286,-0.543945,0.000000,0.000000,0.000000,0.000000,0.000000,0.000000,0.000000,0.000000,0.000000
805,13.416667,-165.796265,0.000151,21.081177,-34.799740,-0.000000,13.672994,1.945185,0.001217,37.388393,5442.779,3,0.000000,4,5,112.469139,1,0,0,-0.005257,0.999959,0.007367,-0.365734,0.004934,-0.930706,0.000012,0.000023,0.000000,0.000000,0.000000,1,0.013548,5342.653809,-2.473309,2002.757690,0.000032,-0.025545,112.436890,1,0.005916,5093.333496,-2.362641,2003.587769,0.000030,-0.025556,112.501396,1,-0.005915,4706.678711,-20.809656,-757.683594,0.000265,0.009664,110.893806,1,-0.013548,4457.354492,-19.706327,-757.682251,0.000251,0.009664,110.877045,-1651.259277,19600.015625,697.651001,0.155762,-0.102417,0.271484,0.000000,0.000000,0.000000,0.000000,0.000000,0.000000,0.000000,0.000000,0.000000
806,13.433333,-166.376709,0.000151,21.309204,-34.827259,0.000000,13.684621,1.945205,0.001215,37.418259,5447.104,3,0.000000,4,5,112.558342,1,0,0,-0.005257,0.999959,0.007368,-0.365753,0.004934,-0.930699,0.000015,0.000027,0.000000,0.000000,0.000000,1,0.013549,5342.682617,-2.481560,2001.720215,0.000032,-0.025532,112.526077,1,0.005916,5093.329102,-2.360754,2002.606567,0.000030,-0.025543,112.590614,1,-0.005916,4706.637207,-20.776278,-756.972839,0.000265,0.009655,110.982742,1,-0.013548,4457.291016,-19.669374,-756.953491,0.000251,0.009655,110.965981,-1649.689453,19599.921875,697.004395,0.066895,0.276306,-0.437500,0.000000,0.000000,0.000000,0.000000,0.000000,0.000000,0.000000,0.000000,0.000000
807,13.450000,-166.957642,0.000151,21.537476,-34.854755,-0.000001,13.696238,1.945225,0.001219,37.448097,5451.423,3,0.000000,4,5,112.647438,1,0,0,-0.005258,0.999959,0.007368,-0.365772,0.004934,-0.930691,0.000017,0.000021,0.000000,0.000000,0.000000,1,0.013549,5342.712891,-2.494902,2000.667236,0.000032,-0.025519,112.615166,1,0.005917,5093.353516,-2.373475,2001.529785,0.000030,-0.025530,112.679726,1,-0.005916,4706.658203,-20.848269,-756.338257,0.000266,0.009647,111.071579,1,-0.013549,4457.308105,-19.737537,-756.402527,0.000252,0.009648,111.054810,-1647.696045,19600.035156,696.438843,0.082520,0.149902,-0.307617,0.000000,0.000000,0.000000,0.000000,0.000000,0.000000,0.000000,0.000000,0.000000
808,13.466666,-167.539062,0.000151,21.765991,-34.882217,-0.000001,13.707845,1.945246,0.001222,37.477898,5455.739,3,0.000000,4,5,112.736435,1,0,0,-0.005258,0.999959,0.007368,-0.365791,0.004935,-0.930684,0.000020,0.000016,0.000000,0.000000,0.000000,1,0.013550,5342.734375,-2.508222,1999.614502,0.000032,-0.025505,112.704147,1,0.005917,5093.336426,-2.386158,2000.458130,0.000030,-0.025516,112.768730,1,-0.005917,4706.686523,-20.881533,-755.685181,0.000266,0.009639,111.160316,1,-0.013550,4457.266602,-19.773970,-755.721497,0.000252,0.009639,111.143562,-1645.872314,19600.023438,695.864136,-0.040039,-0.131653,-0.725098,0.000000,0.000000,0.000000,0.000000,0.000000,0.000000,0.000000,0.000000,0.000000
809,13.483334,-168.120850,0.000151,21.994629,-34.909649,-0.000000,13.719442,1.945266,0.001220,37.507668,5460.049,3,0.000000,4,5,112.825333,1,0,0,-0.005258,0.999959,0.007369,-0.365809,0.004935,-0.930677,0.000021,0.000007,0.000000,0.000000,0.000000,1,0.013551,5342.722656,-2.541882,1998.494629,0.000032,-0.025491,112.793030,1,0.005917,5093.280273,-2.418228,1999.356689,0.000031,-0.025502,112.857643,1,-0.005917,4706.689453,-20.870497,-755.072510,0.000266,0.009631,111.248962,1,-0.013550,4457.275879,-19.763548,-755.091248,0.000252,0.009631,111.232216,-1643.892334,19599.958984,695.172729,0.011719,0.123230,-0.474121,0.000000,0.000000,0.000000,0.000000,0.000000,0.000000,0.000000,0.000000,0.000000
810,13.500000,-168.703125,0.000151,22.223511,-34.937046,-0.000001,13.731029,1.945287,0.001222,37.537411,5464.355,3,0.000000,4,5,112.914146,1,0,0,-0.005258,0.999959,0.007369,-0.365828,0.004935,-0.930669,0.000023,0.000001,0.000000,0.000000,0.000000,1,0.013551,5342.738281,-2.544965,1997.446411,0.000032,-0.025478,112.881836,1,0.005917,5093.289062,-2.426020,1998.302002,0.000031,-0.025489,112.946465,1,-0.005917,4706.727539,-20.881712,-754.402710,0.000266,0.009622,111.337517,1,-0.013551,4457.258301,-19.773933,-754.417664,0.000252,0.009623,111.320770,-1642.121216,19600.013672,694.550476,-0.007812,0.137695,0.300293,0.000000,0.000000,0.000000,0.000000,0.000000,0.000000,0.000000,0.000000,0.000000
811,13.516666,-169.285889,0.000151,22.452515,-34.964417,-0.000001,13.742604,1.945307,0.001224,37.567116,5468.656,3,0.000000,4,5,113.002861,1,0,0,-0.005257,0.999959,0.007370,-0.365847,0.004936,-0.930662,0.000022,0.000005,0.000000,0.000000,0.000000,1,0.013552,5342.764648,-2.537880,1996.405029,0.000032,-0.025464,112.970535,1,0.005917,5093.289062,-2.419254,1997.247070,0.000031,-0.025475,113.035194,1,-0.005917,4706.718750,-20.892719,-753.748535,0.000266,0.009614,111.425972,1,-0.013551,4457.251953,-19.784361,-753.787964,0.000252,0.009615,111.409233,-1640.309570,19600.027344,693.885376,-0.120117,-0.129639,0.355469,0.000000,0.000000,0.000000,0.000000,0.000000,0.000000,0.000000,0.000000,0.000000
812,13.533334,-169.869141,0.000151,22.681763,-34.991756,-0.000000,13.754169,1.945327,0.001222,37.596790,5472.953,3,0.000000,4,5,113.091469,1,0,0,-0.005257,0.999959,0.007370,-0.365866,0.004936,-0.930654,0.000019,0.000010,0.000000,0.000000,0.000000,1,0.013552,5342.760254,-2.566365,1995.355713,0.000033,-0.025451,113.059135,1,0.005917,5093.333008,-2.441587,1996.249390,0.000031,-0.025462,113.123810,1,-0.005917,4706.685547,-20.881594,-753.092102,0.000266,0.009606,111.514336,1,-0.013552,4457.236328,-19.779110,-753.117920,0.000252,0.009606,111.497604,-1638.574219,19600.015625,693.279297,-0.129883,-0.185120,0.303223,0.000000,0.000000,0.000000,0.000000,0.000000,0.000000,0.000000,0.000000,0.000000
813,13.550000,-170.452759,0.000151,22.911133,-35.019066,-0.000000,13.765724,1.945347,0.001219,37.626431,5477.244,3,0.000000,4,5,113.179970,1,0,0,-0.005258,0.999959,0.007371,-0.365885,0.004936,-0.930647,0.000015,0.000014,0.000000,0.000000,0.000000,1,0.013552,5342.795898,-2.604982,1994.228882,0.000033,-0.025437,113.147621,1,0.005917,5093.340820,-2.483231,1995.167847,0.000032,-0.025449,113.212326,1,-0.005917,4706.657715,-20.865023,-752.480957,0.000266,0.009598,111.602600,1,-0.013552,4457.209961,-19.758209,-752.427551,0.000252,0.009597,111.585876,-1636.663330,19600.003906,692.612793,-0.169922,0.178711,0.326172,0.000000,0.000000,0.000000,0.000000,0.000000,0.000000,0.000000,0.000000,0.000000
814,13.566667,-171.036865,0.000151,23.140747,-35.046345,-0.000000,13.777267,1.945368,0.001222,37.656044,5481.530,3,0.000000,4,5,113.268379,1,0,0,-0.005258,0.999959,0.007371,-0.365904,0.004936,-0.930639,0.000011,0.000019,0.000000,0.000000,0.000000,1,0.013553,5342.780762,-2.592779,1993.201416,0.000033,-0.025423,113.236023,1,0.005918,5093.359863,-2.466778,1994.112549,0.000031,-0.025435,113.300751,1,-0.005918,4706.604004,-20.881372,-751.738953,0.000266,0.009589,111.690781,1,-0.013553,4457.181152,-19.773785,-751.799133,0.000252,0.009589,111.674042,-1634.947266,19599.910156,691.980530,-0.139160,0.114258,0.273438,0.000000,0.000000,0.000000,0.000000,0.000000,0.000000,0.000000,0.000000,0.000000
815,13.583333,-171.621460,0.000151,23.370605,-35.073593,-0.000001,13.788800,1.945388,0.001223,37.685619,5485.812,3,0.000000,4,5,113.356689,1,0,0,-0.005258,0.999959,0.007371,-0.365923,0.004936,-0.930632,0.000007,0.000023,0.000000,0.000000,0.000000,1,0.013553,5342.814453,-2.605970,1992.119019,0.000033,-0.025410,113.324318,1,0.005918,5093.402344,-2.479361,1993.069092,0.000032,-0.025422,113.389069,1,-0.005918,4706.575684,-20.908808,-751.131042,0.000267,0.009581,111.778847,1,-0.013553,4457.172852,-19.794649,-751.155579,0.000252,0.009581,111.762115,-1633.055298,19599.960938,691.355225,-0.143555,0.166992,0.882812,0.000000,0.000000,0.000000,0.000000,0.000000,0.000000,0.000000,0.000000,0.000000
816,13.600000,-172.206421,0.000151,23.600586,-35.100811,-0.000002,13.800323,1.945409,0.001226,37.715160,5490.089,3,0.000000,4,5,113.444901,1,0,0,-0.005258,0.999959,0.007371,-0.365942,0.004936,-0.930624,0.000001,0.000035,0.000000,0.000000,0.000000,1,0.013554,5342.840820,-2.614073,1991.036987,0.000033,-0.025396,113.412521,1,0.005919,5093.483887,-2.501604,1992.008667,0.000032,-0.025408,113.477295,1,-0.005919,4706.490234,-20.946939,-750.473022,0.000267,0.009572,111.866829,1,-0.013554,4457.144531,-19.836191,-750.550415,0.000253,0.009573,111.850098,-1631.146240,19599.953125,690.761963,-0.191406,-0.122681,0.662598,0.000000,0.000000,0.000000,0.000000,0.000000,0.000000,0.000000,0.000000,0.000000
817,13.616667,-172.791870,0.000151,23.830811,-35.127998,-0.000002,13.811835,1.945429,0.001224,37.744675,5494.362,3,0.000000,4,5,113.533012,1,0,0,-0.005259,0.999959,0.007371,-0.365961,0.004936,-0.930617,-0.000005,0.000044,0.000000,0.000000,0.000000,1,0.013555,5342.880371,-2.647482,1989.963623,0.000034,-0.025382,113.500618,1,0.005920,5093.577148,-2.523821,1991.010254,0.000032,-0.025396,113.565414,1,-0.005920,4706.437012,-20.935818,-749.800232,0.000267,0.009564,111.954712,1,-0.013555,4457.146973,-19.825895,-749.851440,0.000253,0.009564,111.937996,-1629.431885,19600.050781,690.163208,0.377930,0.088867,0.484375,0.000000,0.000000,0.000000,0.000000,0.000000,0.000000,0.000000,0.000000,0.000000
818,13.633333,-173.377808,0.000151,24.061157,-35.155155,-0.000001,13.823338,1.945449,0.001225,37.774155,5498.628,3,0.000000,4,5,113.621017,1,0,0,-0.005260,0.999959,0.007371,-0.365980,0.004935,-0.930609,0.000001,0.000049,0.000000,0.000000,0.000000,1,0.013555,5342.912598,-2.670721,1988.890259,0.000034,-0.025368,113.588615,1,0.005921,5093.604980,-2.541152,1989.898804,0.000032,-0.025381,113.653427,1,-0.005922,4706.391113,-20.963118,-749.172913,0.000267,0.009556,112.042496,1,-0.013555,4457.065430,-19.851583,-749.200317,0.000253,0.009556,112.025787,-1627.504028,19599.968750,689.544678,-0.386230,-0.084290,-0.177246,0.000000,0.000000,0.000000,0.000000,0.000000,0.000000,0.000000,0.000000,0.000000
819,13.650000,-173.964233,0.000151,24.291748,-35.182281,-0.000002,13.834830,1.945470,0.001224,37.803616,5502.891,3,0.000000,4,5,113.708931,1,0,0,-0.005260,0.999959,0.007371,-0.365999,0.004935,-0.930602,-0.000006,0.000048,0.000000,0.000000,0.000000,1,0.013556,5342.880859,-2.678733,1987.796631,0.000034,-0.025355,113.676521,1,0.005922,5093.620117,-2.553634,1988.822144,0.000033,-0.025368,113.741348,1,-0.005923,4706.288086,-20.946333,-748.516907,0.000267,0.009547,112.130188,1,-0.013556,4457.038086,-19.835999,-748.559998,0.000253,0.009548,112.113487,-1625.644775,19599.796875,688.839722,-0.311523,0.106506,-0.259766,0.000000,0.000000,0.000000,0.000000,0.000000,0.000000,0.000000,0.000000,0.000000
820,13.666667,-174.551025,0.000151,24.522461,-35.209377,-0.000005,13.846311,1.945490,0.001226,37.833027,5507.149,3,0.000000,4,5,113.796753,1,0,0,-0.005261,0.999959,0.007371,-0.366018,0.004934,-0.930595,-0.000011,0.000046,0.000000,0.000000,0.000000,1,0.013556,5342.916992,-2.701918,1986.712646,0.000034,-0.025341,113.764328,1,0.005924,5093.708008,-2.580578,1987.776978,0.000033,-0.025354,113.829185,1,-0.005924,4706.327148,-20.973997,-747.863770,0.000268,0.009539,112.217789,1,-0.013557,4457.098633,-19.862301,-747.915894,0.000253,0.009540,112.201088,-1623.783447,19600.066406,688.258240,0.352539,0.060791,0.492676,0.000000,0.000000,0.000000,0.000000,0.000000,0.000000,0.000000,0.000000,0.000000
821,13.683333,-175.138306,0.000151,24.753418,-35.236439,-0.000004,13.857781,1.945511,0.001227,37.862411,5511.402,3,0.000000,4,5,113.884468,1,0,0,-0.005262,0.999959,0.007371,-0.366037,0.004934,-0.930587,-0.000006,0.000051,0.000000,0.000000,0.000000,1,0.013557,5342.978027,-2.740222,1985.679199,0.000035,-0.025328,113.852043,1,0.005925,5093.740234,-2.602646,1986.731689,0.000033,-0.025341,113.916901,1,-0.005925,4706.261230,-21.012106,-747.195679,0.000268,0.009531,112.305290,1,-0.013557,4457.032227,-19.893198,-747.232056,0.000254,0.009531,112.288597,-1622.010498,19600.019531,687.738892,-0.406250,-0.061768,0.300781,0.000000,0.000000,0.000000,0.000000,0.000000,0.000000,0.000000,0.000000,0.000000
822,13.700000,-175.726074,0.000151,24.984619,-35.263474,-0.000004,13.869244,1.945531,0.001226,37.891762,5515.650,3,0.000000,4,5,113.972084,1,0,0,-0.005262,0.999959,0.007371,-0.366056,0.004933,-0.930580,-0.000015,0.000056,0.000000,0.000000,0.000000,1,0.013557,5342.937500,-2.748164,1984.573120,0.000035,-0.025313,113.939651,1,0.005926,5093.824707,-2.619900,1985.673462,0.000033,-0.025327,114.004524,1,-0.005927,4706.167480,-20.989952,-746.524780,0.000268,0.009522,112.392693,1,-0.013558,4457.032715,-19.882967,-746.601196,0.000254,0.009523,112.376007,-1620.161865,19599.958984,687.042664,-0.256836,0.139954,0.163086,0.000000,0.000000,0.000000,0.000000,0.000000,0.000000,0.000000,0.000000,0.000000
823,13.716666,-176.314331,0.000151,25.215942,-35.290478,-0.000004,13.880694,1.945552,0.001228,37.921085,5519.894,3,0.000000,4,5,114.059601,1,0,0,-0.005263,0.999959,0.007371,-0.366075,0.004933,-0.930572,-0.000020,0.000059,0.000000,0.000000,0.000000,1,0.013558,5342.984375,-2.761179,1983.521729,0.000035,-0.025300,114.027168,1,0.005928,5093.884766,-2.632316,1984.627441,0.000034,-0.025314,114.092049,1,-0.005928,4706.107422,-21.022589,-745.882202,0.000268,0.009514,112.479996,1,-0.013558,4457.015137,-19.903706,-745.948853,0.000254,0.009515,112.463326,-1618.337402,19599.994141,686.448669,0.833496,-0.030396,0.657715,0.000000,0.000000,0.000000,0.000000,0.000000,0.000000,0.000000,0.000000,0.000000
824,13.733334,-176.902954,0.000151,25.447510,-35.317451,-0.000004,13.892136,1.945572,0.001227,37.950375,5524.132,3,0.000000,4,5,114.147018,1,0,0,-0.005264,0.999959,0.007371,-0.366094,0.004932,-0.930565,-0.000006,0.000065,0.000000,0.000000,0.000000,1,0.013559,5343.047852,-2.799357,1982.461060,0.000036,-0.025286,114.114578,1,0.005930,5093.935059,-2.673507,1983.562744,0.000034,-0.025301,114.179466,1,-0.005930,4706.035156,-21.049683,-745.239136,0.000268,0.009506,112.567207,1,-0.013559,4456.931641,-19.929302,-745.267212,0.000254,0.009506,112.550545,-1616.495972,19599.943359,685.904907,0.679199,0.095764,0.745605,0.000000,0.000000,0.000000,0.000000,0.000000,0.000000,0.000000,0.000000,0.000000
825,13.750000,-177.492004,0.000151,25.679199,-35.344395,-0.000005,13.903567,1.945593,0.001229,37.979630,5528.366,3,0.000000,4,5,114.234329,1,0,0,-0.005265,0.999959,0.007371,-0.366113,0.004932,-0.930557,0.000005,0.000073,0.000000,0.000000,0.000000,1,0.013560,5343.118652,-2.812331,1981.387451,0.000036,-0.025273,114.201881,1,0.005931,5094.007812,-2.681078,1982.456177,0.000034,-0.025286,114.266785,1,-0.005932,4705.958496,-21.071278,-744.618103,0.000269,0.009498,112.654327,1,-0.013560,4456.847656,-19.949707,-744.627136,0.000254,0.009498,112.637665,-1614.570190,19599.925781,685.253296,-0.732422,-0.279602,0.485840,0.000000,0.000000,0.000000,0.000000,0.000000,0.000000,0.000000,0.000000,0.000000
826,13.766666,-178.081543,0.000151,25.911133,-35.371304,-0.000006,13.914989,1.945613,0.001225,38.008850,5532.595,3,0.000000,4,5,114.321548,1,0,0,-0.005266,0.999959,0.007371,-0.366132,0.004931,-0.930550,-0.000011,0.000081,0.000000,0.000000,0.000000,1,0.013561,5343.153809,-2.830294,1980.284912,0.000036,-0.025259,114.289101,1,0.005933,5094.139160,-2.698256,1981.429810,0.000034,-0.025273,114.354004,1,-0.005934,4705.855957,-21.016502,-743.952332,0.000268,0.009489,112.741356,1,-0.013561,4456.841309,-19.903402,-744.001465,0.000254,0.009490,112.724693,-1612.768066,19599.994141,684.511963,-0.665039,0.036133,-0.090820,0.000000,0.000000,0.000000,0.000000,0.000000,0.000000,0.000000,0.000000,0.000000
827,13.783334,-178.671509,0.000150,26.143188,-35.398182,-0.000006,13.926397,1.945634,0.001225,38.038033,5536.819,3,0.000000,4,5,114.408669,1,0,0,-0.005268,0.999959,0.007371,-0.366151,0.004930,-0.930542,-0.000024,0.000082,0.000000,0.000000,0.000000,1,0.013562,5343.145020,-2.823095,1979.207275,0.000036,-0.025245,114.376213,1,0.005935,5094.207520,-2.696222,1980.381836,0.000034,-0.025260,114.441132,1,-0.005936,4705.756836,-20.999937,-743.288635,0.000268,0.009481,112.828285,1,-0.013562,4456.830566,-19.888094,-743.316833,0.000254,0.009481,112.811630,-1611.013184,19599.933594,683.815613,-0.003418,0.100342,0.075684,0.000000,0.000000,0.000000,0.000000,0.000000,0.000000,0.000000,0.000000,0.000000
828,13.800000,-179.261902,0.000150,26.375488,-35.425034,-0.000007,13.937795,1.945654,0.001227,38.067192,5541.039,3,0.000000,4,5,114.495682,1,0,0,-0.005269,0.999959,0.007371,-0.366170,0.004930,-0.930535,-0.000024,0.000083,0.000000,0.000000,0.000000,1,0.013563,5343.161133,-2.841018,1978.122925,0.000036,-0.025231,114.463226,1,0.005938,5094.297363,-2.708559,1979.273682,0.000035,-0.025246,114.528145,1,-0.005938,4705.729004,-21.027229,-742.637878,0.000268,0.009472,112.915123,1,-0.013563,4456.845215,-19.908972,-742.697876,0.000254,0.009473,112.898468,-1609.079102,19600.044922,683.177612,0.068848,0.146179,0.041992,0.000000,0.000000,0.000000,0.000000,0.000000,0.000000,0.000000,0.000000,0.000000
829,13.816667,-179.852783,0.000150,26.608032,-35.451851,-0.000006,13.949181,1.945675,0.001229,38.096317,5545.253,3,0.000000,4,5,114.582603,1,0,0,-0.005270,0.999959,0.007370,-0.366190,0.004929,-0.930527,-0.000023,0.000083,0.000000,0.000000,0.000000,1,0.013563,5343.186523,-2.863937,1977.045532,0.000037,-0.025217,114.550140,1,0.005940,5094.347656,-2.730424,1978.225586,0.000035,-0.025232,114.615074,1,-0.005940,4705.620605,-21.070440,-741.912720,0.000269,0.009463,113.001862,1,-0.013564,4456.791016,-19.950111,-742.009094,0.000254,0.009464,112.985214,-1607.323242,19599.939453,682.664001,-0.063965,-0.124512,-0.463379,0.000000,0.000000,0.000000,0.000000,0.000000,0.000000,0.000000,0.000000,0.000000
830,13.833333,-180.444092,0.000150,26.840698,-35.478642,-0.000007,13.960558,1.945695,0.001227,38.125412,5549.462,3,0.000000,4,5,114.669426,1,0,0,-0.005271,0.999959,0.007370,-0.366209,0.004928,-0.930520,-0.000023,0.000078,0.000000,0.000000,0.000000,1,0.013564,5343.211914,-2.906869,1975.933472,0.000037,-0.025203,114.636963,1,0.005942,5094.426758,-2.761829,1977.137207,0.000035,-0.025219,114.701904,1,-0.005942,4705.570801,-21.070425,-741.346191,0.000269,0.009456,113.088493,1,-0.013564,4456.785645,-19.950291,-741.390076,0.000254,0.009457,113.071861,-1605.305420,19599.998047,681.988708,-0.028320,0.140015,-0.528320,0.000000,0.000000,0.000000,0.000000,0.000000,0.000000,0.000000,0.000000,0.000000
831,13.850000,-181.035828,0.000150,27.073608,-35.505398,-0.000007,13.971925,1.945715,0.001229,38.154472,5553.667,3,0.000000,4,5,114.756149,1,0,0,-0.005272,0.999959,0.007370,-0.366228,0.004927,-0.930512,-0.000021,0.000071,0.000000,0.000000,0.000000,1,0.013565,5343.215332,-2.899650,1974.854492,0.000037,-0.025189,114.723679,1,0.005944,5094.430664,-2.764502,1976.023804,0.000035,-0.025204,114.788628,1,-0.005944,4705.568359,-21.076073,-740.683044,0.000269,0.009447,113.175041,1,-0.013565,4456.784180,-19.965923,-740.753235,0.000255,0.009448,113.158417,-1603.423950,19600.003906,681.304565,0.579590,0.077209,-0.662109,0.000000,0.000000,0.000000,0.000000,0.000000,0.000000,0.000000,0.000000,0.000000
832,13.866667,-181.628052,0.000150,27.306641,-35.532120,-0.000007,13.983280,1.945736,0.001230,38.183491,5557.868,3,0.000000,4,5,114.842781,1,0,0,-0.005273,0.999959,0.007370,-0.366247,0.004927,-0.930505,-0.000008,0.000060,0.000000,0.000000,0.000000,1,0.013566,5343.269531,-2.922495,1973.835205,0.000037,-0.025176,114.810310,1,0.005945,5094.456543,-2.786269,1974.993042,0.000036,-0.025191,114.875267,1,-0.005946,4705.544922,-21.108736,-739.997375,0.000269,0.009439,113.261497,1,-0.013566,4456.742676,-19.991632,-740.051575,0.000255,0.009439,113.244881,-1601.724609,19600.019531,680.784912,0.477539,0.132812,-0.397949,0.000000,0.000000,0.000000,0.000000,0.000000,0.000000,0.000000,0.000000,0.000000
833,13.883333,-182.220703,0.000150,27.539917,-35.558815,-0.000007,13.994627,1.945756,0.001232,38.212490,5562.063,3,0.000000,4,5,114.929306,1,0,0,-0.005274,0.999959,0.007370,-0.366266,0.004926,-0.930497,0.000003,0.000054,0.000000,0.000000,0.000000,1,0.013567,5343.330078,-2.920312,1972.746216,0.000037,-0.025163,114.896828,1,0.005947,5094.464844,-2.784159,1973.869995,0.000036,-0.025177,114.961792,1,-0.005947,4705.560059,-21.125294,-739.319214,0.000269,0.009430,113.347855,1,-0.013567,4456.697266,-20.007040,-739.390625,0.000255,0.009431,113.331245,-1599.857300,19600.064453,680.117920,-0.284668,-0.075745,-0.625488,0.000000,0.000000,0.000000,0.000000,0.000000,0.000000,0.000000,0.000000,0.000000
834,13.900000,-182.813782,0.000150,27.773315,-35.585480,-0.000006,14.005962,1.945777,0.001231,38.241455,5566.254,3,0.000000,4,5,115.015732,1,0,0,-0.005275,0.999959,0.007370,-0.366285,0.004926,-0.930490,-0.000001,0.000047,0.000000,0.000000,0.000000,1,0.013567,5343.296875,-2.953057,1971.644165,0.000038,-0.025149,114.983253,1,0.005948,5094.465820,-2.815396,1972.782593,0.000036,-0.025163,115.048225,1,-0.005948,4705.543457,-21.130871,-738.700684,0.000270,0.009422,113.434113,1,-0.013567,4456.703125,-20.007296,-738.759766,0.000255,0.009423,113.417511,-1597.913086,19600.011719,679.466064,-0.810547,-0.091614,-0.469238,0.000000,0.000000,0.000000,0.000000,0.000000,0.000000,0.000000,0.000000,0.000000
835,13.916667,-183.407288,0.000150,28.006958,-35.612110,-0.000006,14.017287,1.945798,0.001230,38.270378,5570.440,3,0.000000,4,5,115.102066,1,0,0,-0.005275,0.999959,0.007370,-0.366304,0.004925,-0.930482,-0.000015,0.000043,0.000000,0.000000,0.000000,1,0.013568,5343.263672,-2.955799,1970.545776,0.000038,-0.025135,115.069580,1,0.005949,5094.524902,-2.822820,1971.721558,0.000036,-0.025150,115.134560,1,-0.005949,4705.497070,-21.098471,-738.058289,0.000269,0.009414,113.520279,1,-0.013568,4456.758789,-19.987309,-738.098877,0.000255,0.009415,113.503685,-1596.088135,19600.052734,678.740601,0.510742,-0.057373,-0.099609,0.000000,0.000000,0.000000,0.000000,0.000000,0.000000,0.000000,0.000000,0.000000
836,13.933333,-184.001282,0.000149,28.240723,-35.638710,-0.000005,14.028600,1.945818,0.001229,38.299274,5574.621,3,0.000000,4,5,115.188301,1,0,0,-0.005276,0.999959,0.007370,-0.366323,0.004925,-0.930475,-0.000005,0.000040,0.000000,0.000000,0.000000,1,0.013568,5343.308105,-2.968560,1969.498047,0.000038,-0.025121,115.155815,1,0.005950,5094.510742,-2.834953,1970.634766,0.000036,-0.025136,115.220802,1,-0.005950,4705.493164,-21.087946,-737.402954,0.000269,0.009406,113.606346,1,-0.013568,4456.695801,-19.977068,-737.420044,0.000255,0.009406,113.589760,-1594.298584,19600.007812,678.078735,0.387207,0.094849,-0.350098,0.000000,0.000000,0.000000,0.000000,0.000000,0.000000,0.000000,0.000000,0.000000
837,13.950000,-184.595703,0.000149,28.474731,-35.665283,-0.000005,14.039901,1.945838,0.001230,38.328133,5578.798,3,0.000000,4,5,115.274437,1,0,0,-0.005276,0.999959,0.007370,-0.366342,0.004925,-0.930467,0.000004,0.000034,0.000000,0.000000,0.000000,1,0.013569,5343.358398,-3.006234,1968.417969,0.000038,-0.025107,115.241943,1,0.005951,5094.530762,-2.861346,1969.564453,0.000036,-0.025122,115.306938,1,-0.005951,4705.495117,-21.131474,-736.729187,0.000270,0.009397,113.692322,1,-0.013569,4456.678223,-20.013092,-736.750366,0.000255,0.009397,113.675735,-1592.452637,19600.072266,677.544495,0.319336,0.186157,-0.320801,0.000000,0.000000,0.000000,0.000000,0.000000,0.000000,0.000000,0.000000,0.000000
838,13.966666,-185.190552,0.000149,28.708862,-35.691826,-0.000004,14.051193,1.945859,0.001233,38.356964,5582.969,3,0.000000,4,5,115.360466,1,0,0,-0.005276,0.999959,0.007370,-0.366361,0.004925,-0.930459,0.000011,0.000029,0.000000,0.000000,0.000000,1,0.013570,5343.381836,-3.013951,1967.331299,0.000038,-0.025094,115.327972,1,0.005952,5094.526855,-2.878189,1968.434814,0.000037,-0.025108,115.392975,1,-0.005951,4705.502930,-21.180376,-736.078857,0.000270,0.009389,113.778198,1,-0.013569,4456.660645,-20.054184,-736.141785,0.000256,0.009390,113.761612,-1590.477051,19600.082031,676.928345,-0.330566,-0.124329,0.140137,0.000000,0.000000,0.000000,0.000000,0.000000,0.000000,0.000000,0.000000,0.000000
839,13.983334,-185.785828,0.000149,28.943237,-35.718334,-0.000003,14.062475,1.945880,0.001231,38.385765,5587.136,3,0.000000,4,5,115.446404,1,0,0,-0.005277,0.999959,0.007371,-0.366380,0.004925,-0.930452,0.000004,0.000032,0.000000,0.000000,0.000000,1,0.013570,5343.372559,-3.046528,1966.235718,0.000039,-0.025080,115.413902,1,0.005952,5094.561523,-2.895033,1967.376953,0.000037,-0.025094,115.478912,1,-0.005952,4705.439453,-21.158819,-735.419128,0.000270,0.009380,113.863976,1,-0.013570,4456.610352,-20.038921,-735.449951,0.000256,0.009381,113.847404,-1588.684204,19599.976562,676.274048,0.246094,0.076294,0.032715,0.000000,0.000000,0.000000,0.000000,0.000000,0.000000,0.000000,0.000000,0.000000
840,14.000000,-186.381592,0.000149,29.177856,-35.744812,-0.000003,14.073747,1.945900,0.001233,38.414532,5591.298,3,0.000000,4,5,115.532242,1,0,0,-0.005277,0.999959,0.007371,-0.366399,0.004925,-0.930444,0.000009,0.000032,0.000000,0.000000,0.000000,1,0.013571,5343.412109,-3.034322,1965.198853,0.000039,-0.025066,115.499741,1,0.005953,5094.575684,-2.892874,1966.313965,0.000037,-0.025081,115.564751,1,-0.005953,4705.422852,-21.159069,-734.747131,0.000270,0.009372,113.949661,1,-0.013570,4456.597656,-20.044270,-734.805664,0.000256,0.009373,113.933090,-1586.916260,19600.007812,675.606628,-0.430664,-0.092041,0.057617,0.000000,0.000000,0.000000,0.000000,0.000000,0.000000,0.000000,0.000000,0.000000
841,14.016666,-186.977783,0.000149,29.412598,-35.771259,-0.000003,14.085007,1.945921,0.001231,38.443268,5595.456,3,0.000000,4,5,115.617973,1,0,0,-0.005278,0.999959,0.007371,-0.366419,0.004925,-0.930437,0.000000,0.000034,0.000000,0.000000,0.000000,1,0.013571,5343.411133,-3.041995,1964.113159,0.000039,-0.025052,115.585464,1,0.005954,5094.621094,-2.900216,1965.249146,0.000037,-0.025067,115.650490,1,-0.005954,4705.386719,-21.137714,-734.094604,0.000270,0.009363,114.035248,1,-0.013571,4456.598633,-20.019104,-734.145386,0.000255,0.009364,114.018684,-1585.107056,19600.017578,674.898315,0.184570,0.032654,-0.233398,0.000000,0.000000,0.000000,0.000000,0.000000,0.000000,0.000000,0.000000,0.000000
842,14.033334,-187.574402,0.000149,29.647583,-35.797676,-0.000003,14.096255,1.945941,0.001232,38.471970,5599.607,3,0.000000,4,5,115.703606,1,0,0,-0.005278,0.999959,0.007371,-0.366438,0.004925,-0.930430,0.000005,0.000030,0.000000,0.000000,0.000000,1,0.013572,5343.439941,-3.079474,1963.022583,0.000039,-0.025039,115.671097,1,0.005955,5094.637207,-2.926472,1964.140015,0.000037,-0.025053,115.736122,1,-0.005954,4705.392578,-21.154251,-733.450439,0.000270,0.009355,114.120735,1,-0.013572,4456.591797,-20.034714,-733.485229,0.000256,0.009356,114.104179,-1583.197754,19600.070312,674.287720,-0.451172,-0.041748,-0.150391,0.000000,0.000000,0.000000,0.000000,0.000000,0.000000,0.000000,0.000000,0.000000
843,14.050000,-188.171448,0.000149,29.882690,-35.824062,-0.000002,14.107493,1.945962,0.001231,38.500637,5603.754,3,0.000000,4,5,115.789146,1,0,0,-0.005278,0.999959,0.007371,-0.366457,0.004924,-0.930422,-0.000004,0.000030,0.000000,0.000000,0.000000,1,0.013572,5343.404297,-3.077161,1961.911621,0.000039,-0.025024,115.756630,1,0.005955,5094.640625,-2.924294,1963.047241,0.000037,-0.025039,115.821671,1,-0.005955,4705.349121,-21.132933,-732.821045,0.000270,0.009347,114.206131,1,-0.013572,4456.587402,-20.019777,-732.846863,0.000255,0.009348,114.189583,-1581.301758,19599.974609,673.535034,0.223145,-0.001282,-0.022461,0.000000,0.000000,0.000000,0.000000,0.000000,0.000000,0.000000,0.000000,0.000000
844,14.066667,-188.768982,0.000149,30.118042,-35.850418,-0.000003,14.118719,1.945982,0.001231,38.529274,5607.897,3,0.000000,4,5,115.874588,1,0,0,-0.005279,0.999959,0.007371,-0.366476,0.004924,-0.930415,0.000001,0.000029,0.000000,0.000000,0.000000,1,0.013573,5343.447266,-3.089777,1960.869995,0.000039,-0.025011,115.842072,1,0.005956,5094.672852,-2.936324,1961.968506,0.000037,-0.025025,115.907112,1,-0.005956,4705.334961,-21.127909,-732.134827,0.000269,0.009338,114.291435,1,-0.013572,4456.562500,-20.020058,-732.147644,0.000255,0.009339,114.274895,-1579.570557,19600.017578,672.912354,0.173340,0.137390,-0.064453,0.000000,0.000000,0.000000,0.000000,0.000000,0.000000,0.000000,0.000000,0.000000
845,14.083333,-189.366943,0.000149,30.353516,-35.876743,-0.000002,14.129934,1.946003,0.001233,38.557877,5612.036,3,0.000000,4,5,115.959923,1,0,0,-0.005279,0.999959,0.007371,-0.366495,0.004924,-0.930407,0.000004,0.000027,0.000000,0.000000,0.000000,1,0.013573,5343.451660,-3.112266,1959.798828,0.000040,-0.024997,115.927406,1,0.005957,5094.663574,-2.971938,1960.876831,0.000038,-0.025011,115.992455,1,-0.005956,4705.322266,-21.181963,-731.471497,0.000270,0.009330,114.376640,1,-0.013573,4456.536133,-20.061008,-731.508789,0.000256,0.009330,114.360100,-1577.673950,19599.964844,672.368042,0.148926,0.159790,0.020996,0.000000,0.000000,0.000000,0.000000,0.000000,0.000000,0.000000,0.000000,0.000000
846,14.100000,-189.965332,0.000149,30.589233,-35.903038,-0.000003,14.141140,1.946023,0.001236,38.586445,5616.169,3,0.000000,4,5,116.045158,1,0,0,-0.005279,0.999959,0.007372,-0.366514,0.004924,-0.930399,0.000007,0.000027,0.000000,0.000000,0.000000,1,0.013574,5343.498047,-3.129796,1958.708618,0.000040,-0.024984,116.012634,1,0.005957,5094.725098,-2.983937,1959.798462,0.000038,-0.024997,116.077690,1,-0.005957,4705.312012,-21.219870,-730.830811,0.000271,0.009322,114.461746,1,-0.013573,4456.529785,-20.091848,-730.855164,0.000256,0.009322,114.445213,-1575.785278,19600.074219,671.767700,0.083496,-0.112610,0.301270,0.000000,0.000000,0.000000,0.000000,0.000000,0.000000,0.000000,0.000000,0.000000
847,14.116667,-190.564148,0.000149,30.825073,-35.929302,-0.000002,14.152336,1.946044,0.001234,38.614983,5620.297,3,0.000000,4,5,116.130295,1,0,0,-0.005279,0.999959,0.007372,-0.366533,0.004924,-0.930392,0.000008,0.000031,0.000000,0.000000,0.000000,1,0.013574,5343.517578,-3.152236,1957.649658,0.000040,-0.024970,116.097771,1,0.005958,5094.739258,-3.005329,1958.704712,0.000038,-0.024983,116.162827,1,-0.005958,4705.270508,-21.209370,-730.124451,0.000271,0.009313,114.546761,1,-0.013574,4456.480957,-20.092010,-730.196045,0.000256,0.009314,114.530228,-1574.001465,19600.005859,671.139038,-0.075684,-0.294495,0.242188,0.000000,0.000000,0.000000,0.000000,0.000000,0.000000,0.000000,0.000000,0.000000
848,14.133333,-191.163391,0.000149,31.061157,-35.955536,-0.000002,14.163522,1.946064,0.001229,38.643494,5624.420,3,0.000000,4,5,116.215332,1,0,0,-0.005280,0.999959,0.007372,-0.366552,0.004924,-0.930384,0.000006,0.000034,0.000000,0.000000,0.000000,1,0.013575,5343.548340,-3.194431,1956.504028,0.000041,-0.024955,116.182800,1,0.005959,5094.773438,-3.045560,1957.621704,0.000039,-0.024970,116.247871,1,-0.005959,4705.214355,-21.172047,-729.521545,0.000270,0.009305,114.631668,1,-0.013575,4456.448730,-20.051695,-729.521606,0.000256,0.009305,114.615150,-1572.076660,19599.980469,670.423645,-0.094238,0.073364,0.203125,0.000000,0.000000,0.000000,0.000000,0.000000,0.000000,0.000000,0.000000,0.000000
849,14.150000,-191.763062,0.000149,31.297363,-35.981739,-0.000002,14.174696,1.946085,0.001230,38.671967,5628.539,3,0.000000,4,5,116.300278,1,0,0,-0.005280,0.999959,0.007372,-0.366571,0.004924,-0.930377,0.000003,0.000037,0.000000,0.000000,0.000000,1,0.013575,5343.536621,-3.187131,1955.420776,0.000041,-0.024942,116.267746,1,0.005960,5094.810059,-3.033919,1956.525635,0.000039,-0.024956,116.332817,1,-0.005960,4705.185059,-21.167036,-728.861816,0.000270,0.009297,114.716492,1,-0.013575,4456.436035,-20.041946,-728.871704,0.000256,0.009297,114.699974,-1570.241455,19599.958984,669.702087,-0.031738,0.216553,-0.099121,0.000000,0.000000,0.000000,0.000000,0.000000,0.000000,0.000000,0.000000,0.000000
850,14.166667,-192.363220,0.000149,31.533813,-36.007908,-0.000002,14.185858,1.946105,0.001234,38.700405,5632.653,3,0.000000,4,5,116.385124,1,0,0,-0.005281,0.999959,0.007372,-0.366591,0.004923,-0.930369,0.000003,0.000036,0.000000,0.000000,0.000000,1,0.013576,5343.574219,-3.199624,1954.377930,0.000041,-0.024928,116.352592,1,0.005961,5094.859375,-3.045841,1955.490112,0.000039,-0.024942,116.417671,1,-0.005961,4705.144531,-21.210127,-728.181152,0.000271,0.009288,114.801216,1,-0.013576,4456.415039,-20.087900,-728.221741,0.000256,0.009289,114.784698,-1568.467041,19599.992188,669.162720,0.509277,0.126648,-0.469238,0.000000,0.000000,0.000000,0.000000,0.000000,0.000000,0.000000,0.000000,0.000000
851,14.183333,-192.963806,0.000149,31.770386,-36.034050,-0.000002,14.197010,1.946126,0.001236,38.728813,5636.763,3,0.000000,4,5,116.469864,1,0,0,-0.005281,0.999959,0.007373,-0.366610,0.004923,-0.930362,0.000014,0.000028,0.000000,0.000000,0.000000,1,0.013577,5343.615723,-3.217036,1953.264648,0.000041,-0.024914,116.437325,1,0.005961,5094.824219,-3.062400,1954.336792,0.000039,-0.024928,116.502411,1,-0.005961,4705.179688,-21.242823,-727.555359,0.000271,0.009280,114.885841,1,-0.013577,4456.382324,-20.118570,-727.591125,0.000257,0.009280,114.869331,-1566.454590,19600.001953,668.512207,-0.200195,-0.097473,0.050293,0.000000,0.000000,0.000000,0.000000,0.000000,0.000000,0.000000,0.000000,0.000000
852,14.200000,-193.564819,0.000149,32.007202,-36.060158,-0.000002,14.208152,1.946147,0.001234,38.757187,5640.866,3,0.000000,4,5,116.554512,1,0,0,-0.005281,0.999959,0.007373,-0.366629,0.004923,-0.930354,0.000010,0.000029,0.000000,0.000000,0.000000,1,0.013577,5343.639160,-3.229487,1952.222412,0.000041,-0.024901,116.521973,1,0.005962,5094.854980,-3.078980,1953.283203,0.000039,-0.024914,116.587059,1,-0.005962,4705.148926,-21.232479,-726.879150,0.000271,0.009271,114.970375,1,-0.013577,4456.380859,-20.108894,-726.927917,0.000256,0.009272,114.953873,-1564.710693,19600.027344,667.872314,-0.179199,0.051758,-0.241699,0.000000,0.000000,0.000000,0.000000,0.000000,0.000000,0.000000,0.000000,0.000000
853,14.216666,-194.166260,0.000149,32.244141,-36.086235,-0.000002,14.219283,1.946167,0.001235,38.785522,5644.966,3,0.000000,4,5,116.639053,1,0,0,-0.005282,0.999959,0.007373,-0.366648,0.004923,-0.930346,0.000008,0.000027,0.000000,0.000000,0.000000,1,0.013578,5343.629395,-3.246828,1951.134155,0.000041,-0.024887,116.606506,1,0.005963,5094.875977,-3.104925,1952.175659,0.000040,-0.024900,116.671608,1,-0.005962,4705.149902,-21.248989,-726.209656,0.000271,0.009263,115.054810,1,-0.013578,4456.383789,-20.124544,-726.247375,0.000257,0.009263,115.038315,-1562.859985,19600.046875,667.261963,0.421387,0.059631,0.475586,0.000000,0.000000,0.000000,0.000000,0.000000,0.000000,0.000000,0.000000,0.000000
854,14.233334,-194.768127,0.000149,32.481323,-36.112282,-0.000001,14.230404,1.946188,0.001236,38.813831,5649.061,3,0.000000,4,5,116.723495,1,0,0,-0.005282,0.999959,0.007374,-0.366667,0.004923,-0.930339,0.000014,0.000032,0.000000,0.000000,0.000000,1,0.013579,5343.679688,-3.254336,1950.033813,0.000042,-0.024873,116.690948,1,0.005963,5094.886719,-3.107361,1951.085083,0.000040,-0.024886,116.756050,1,-0.005963,4705.077148,-21.254494,-725.550842,0.000271,0.009254,115.139153,1,-0.013579,4456.302246,-20.129702,-725.593689,0.000257,0.009255,115.122658,-1560.999634,19599.933594,666.588623,0.215332,-0.125977,0.304199,0.000000,0.000000,0.000000,0.000000,0.000000,0.000000,0.000000,0.000000,0.000000
855,14.250000,-195.370422,0.000149,32.718628,-36.138298,-0.000002,14.241513,1.946209,0.001234,38.842117,5653.150,3,0.000000,4,5,116.807838,1,0,0,-0.005283,0.999959,0.007374,-0.366687,0.004924,-0.930332,0.000018,0.000035,0.000000,0.000000,0.000000,1,0.013579,5343.714355,-3.301184,1948.949585,0.000042,-0.024859,116.775284,1,0.005964,5094.928223,-3.142647,1950.027222,0.000040,-0.024873,116.840401,1,-0.005964,4705.039062,-21.265493,-724.878357,0.000271,0.009246,115.223396,1,-0.013580,4456.241699,-20.140007,-724.886230,0.000257,0.009246,115.206909,-1559.217285,19599.910156,666.035095,-0.492188,-0.125122,-0.090820,0.000000,0.000000,0.000000,0.000000,0.000000,0.000000,0.000000,0.000000,0.000000
856,14.266666,-195.973145,0.000149,32.956177,-36.164284,-0.000004,14.252614,1.946229,0.001232,38.870354,5657.236,3,0.000000,4,5,116.892082,1,0,0,-0.005283,0.999959,0.007374,-0.366706,0.004923,-0.930324,0.000008,0.000035,0.000000,0.000000,0.000000,1,0.013580,5343.739746,-3.284053,1947.846558,0.000042,-0.024845,116.859528,1,0.005965,5094.995605,-3.131031,1948.964722,0.000040,-0.024859,116.924652,1,-0.005965,4705.031738,-21.207417,-724.274414,0.000271,0.009238,115.307541,1,-0.013580,4456.285645,-20.090281,-724.275940,0.000256,0.009238,115.291054,-1557.347900,19600.064453,665.188782,-0.370605,0.098999,0.270508,0.000000,0.000000,0.000000,0.000000,0.000000,0.000000,0.000000,0.000000,0.000000
857,14.283334,-196.576294,0.000149,33.193848,-36.190239,-0.000003,14.263700,1.946250,0.001234,38.898567,5661.315,3,0.000000,4,5,116.976227,1,0,0,-0.005284,0.999959,0.007374,-0.366725,0.004923,-0.930316,-0.000000,0.000040,0.000000,0.000000,0.000000,1,0.013581,5343.731934,-3.301316,1946.734375,0.000042,-0.024831,116.943665,1,0.005966,5095.026367,-3.142830,1947.855957,0.000040,-0.024845,117.008797,1,-0.005966,4704.973633,-21.234343,-723.581116,0.000271,0.009229,115.391594,1,-0.013581,4456.277344,-20.105911,-723.580139,0.000256,0.009229,115.375114,-1555.513306,19600.011719,664.580322,-0.316406,0.183411,-0.034668,0.000000,0.000000,0.000000,0.000000,0.000000,0.000000,0.000000,0.000000,0.000000
858,14.300000,-197.179871,0.000149,33.431763,-36.216164,-0.000003,14.274776,1.946270,0.001236,38.926743,5665.391,3,0.000000,4,5,117.060272,1,0,0,-0.005284,0.999959,0.007374,-0.366744,0.004923,-0.930309,-0.000006,0.000041,0.000000,0.000000,0.000000,1,0.013581,5343.729492,-3.298925,1945.645874,0.000042,-0.024817,117.027710,1,0.005967,5095.068848,-3.140580,1946.772339,0.000040,-0.024831,117.092842,1,-0.005967,4704.920410,-21.255949,-722.890381,0.000271,0.009221,115.475548,1,-0.013581,4456.259766,-20.136593,-722.943115,0.000257,0.009221,115.459068,-1553.676514,19599.974609,663.944824,0.295410,0.103394,-0.091797,0.000000,0.000000,0.000000,0.000000,0.000000,0.000000,0.000000,0.000000,0.000000
859,14.316667,-197.783875,0.000148,33.669800,-36.242058,-0.000003,14.285842,1.946291,0.001238,38.954899,5669.461,3,0.000000,4,5,117.144218,1,0,0,-0.005285,0.999959,0.007375,-0.366763,0.004923,-0.930301,0.000000,0.000038,0.000000,0.000000,0.000000,1,0.013582,5343.755859,-3.325989,1944.589478,0.000042,-0.024803,117.111656,1,0.005968,5095.080078,-3.171057,1945.680176,0.000040,-0.024817,117.176796,1,-0.005968,4704.885254,-21.298866,-722.265808,0.000272,0.009213,115.559402,1,-0.013582,4456.198242,-20.177111,-722.320068,0.000257,0.009213,115.542931,-1551.752930,19599.906250,663.375732,0.128418,-0.158508,-0.118652,0.000000,0.000000,0.000000,0.000000,0.000000,0.000000,0.000000,0.000000,0.000000
860,14.333333,-198.388367,0.000148,33.908081,-36.267921,-0.000004,14.296898,1.946311,0.001236,38.983013,5673.527,3,0.000000,4,5,117.228058,1,0,0,-0.005285,0.999959,0.007375,-0.366782,0.004922,-0.930294,0.000003,0.000036,0.000000,0.000000,0.000000,1,0.013582,5343.773438,-3.353013,1943.477661,0.000043,-0.024789,117.195488,1,0.005968,5095.086914,-3.201488,1944.572144,0.000041,-0.024803,117.260635,1,-0.005969,4704.883301,-21.283504,-721.606567,0.000271,0.009204,115.643166,1,-0.013583,4456.206055,-20.162603,-721.631470,0.000257,0.009204,115.626701,-1549.898315,19599.945312,662.711609,0.156738,0.080139,-0.280762,0.000000,0.000000,0.000000,0.000000,0.000000,0.000000,0.000000,0.000000,0.000000
861,14.350000,-198.993286,0.000148,34.146606,-36.293755,-0.000005,14.307943,1.946332,0.001237,39.011097,5677.587,3,0.000000,4,5,117.311806,1,0,0,-0.005285,0.999959,0.007375,-0.366802,0.004922,-0.930286,0.000007,0.000032,0.000000,0.000000,0.000000,1,0.013583,5343.812988,-3.375115,1942.376953,0.000043,-0.024775,117.279236,1,0.005969,5095.123535,-3.217887,1943.442871,0.000041,-0.024789,117.344383,1,-0.005970,4704.886719,-21.310640,-720.928894,0.000272,0.009196,115.726830,1,-0.013583,4456.186523,-20.183168,-720.998535,0.000257,0.009196,115.710373,-1547.979004,19600.015625,662.084900,-0.531738,-0.143738,0.067383,0.000000,0.000000,0.000000,0.000000,0.000000,0.000000,0.000000,0.000000,0.000000
862,14.366667,-199.598633,0.000148,34.385254,-36.319553,-0.000005,14.318978,1.946353,0.001235,39.039143,5681.643,3,0.000000,4,5,117.395454,1,0,0,-0.005286,0.999959,0.007375,-0.366821,0.004922,-0.930279,-0.000004,0.000035,0.000000,0.000000,0.000000,1,0.013584,5343.823242,-3.382486,1941.286865,0.000043,-0.024761,117.362885,1,0.005970,5095.183594,-3.220280,1942.396118,0.000041,-0.024775,117.428040,1,-0.005970,4704.874512,-21.268776,-720.312439,0.000271,0.009188,115.810394,1,-0.013584,4456.221680,-20.143732,-720.337036,0.000257,0.009188,115.793953,-1546.174438,19600.125000,661.333801,0.153320,0.069336,-0.173340,0.000000,0.000000,0.000000,0.000000,0.000000,0.000000,0.000000,0.000000,0.000000
863,14.383333,-200.204407,0.000148,34.624146,-36.345322,-0.000003,14.330001,1.946373,0.001236,39.067158,5685.694,3,0.000000,4,5,117.479004,1,0,0,-0.005286,0.999959,0.007375,-0.366840,0.004922,-0.930271,-0.000000,0.000032,0.000000,0.000000,0.000000,1,0.013584,5343.820801,-3.384951,1940.195923,0.000043,-0.024747,117.446426,1,0.005971,5095.183594,-3.222635,1941.294678,0.000041,-0.024761,117.511589,1,-0.005971,4704.809082,-21.274420,-719.627502,0.000271,0.009179,115.893875,1,-0.013584,4456.167969,-20.149120,-719.662781,0.000257,0.009179,115.877434,-1544.361816,19599.976562,660.673523,-0.494141,-0.058167,-0.232422,0.000000,0.000000,0.000000,0.000000,0.000000,0.000000,0.000000,0.000000,0.000000
864,14.400000,-200.810608,0.000148,34.863159,-36.371059,-0.000003,14.341012,1.946394,0.001235,39.095135,5689.741,3,0.000000,4,5,117.562454,1,0,0,-0.005287,0.999959,0.007375,-0.366859,0.004922,-0.930264,-0.000009,0.000031,0.000000,0.000000,0.000000,1,0.013584,5343.814453,-3.411851,1939.105957,0.000044,-0.024733,117.529877,1,0.005972,5095.210938,-3.252966,1940.206543,0.000041,-0.024748,117.595039,1,-0.005972,4704.801758,-21.280336,-718.932373,0.000271,0.009170,115.977257,1,-0.013584,4456.205566,-20.154926,-718.985229,0.000257,0.009171,115.960815,-1542.556152,19600.039062,660.072937,-0.390625,0.042603,-0.064453,0.000000,0.000000,0.000000,0.000000,0.000000,0.000000,0.000000,0.000000,0.000000
865,14.416667,-201.417236,0.000148,35.102417,-36.396770,-0.000003,14.352014,1.946414,0.001235,39.123089,5693.782,3,0.000000,4,5,117.645805,1,0,0,-0.005287,0.999959,0.007375,-0.366878,0.004921,-0.930256,-0.000017,0.000031,0.000000,0.000000,0.000000,1,0.013585,5343.804199,-3.414291,1938.017944,0.000044,-0.024720,117.613228,1,0.005973,5095.238281,-3.255317,1939.086426,0.000042,-0.024733,117.678391,1,-0.005973,4704.787598,-21.275652,-718.299377,0.000271,0.009162,116.060532,1,-0.013585,4456.219727,-20.150614,-718.324829,0.000257,0.009162,116.044098,-1540.676270,19600.058594,659.364014,0.814453,0.008972,0.018555,0.000000,0.000000,0.000000,0.000000,0.000000,0.000000,0.000000,0.000000,0.000000
866,14.433333,-202.024292,0.000148,35.341797,-36.422447,-0.000002,14.363003,1.946435,0.001236,39.151001,5697.819,3,0.000000,4,5,117.729057,1,0,0,-0.005287,0.999959,0.007375,-0.366897,0.004921,-0.930248,-0.000001,0.000029,0.000000,0.000000,0.000000,1,0.013585,5343.822754,-3.431391,1936.906738,0.000044,-0.024705,117.696480,1,0.005973,5095.232422,-3.271606,1937.992065,0.000042,-0.024719,117.761650,1,-0.005973,4704.753418,-21.292044,-717.644409,0.000272,0.009154,116.143715,1,-0.013585,4456.161133,-20.166021,-717.693237,0.000257,0.009154,116.127289,-1538.768066,19599.960938,658.718506,0.739258,0.116211,0.008301,0.000000,0.000000,0.000000,0.000000,0.000000,0.000000,0.000000,0.000000,0.000000
867,14.450000,-202.631775,0.000148,35.581421,-36.448093,-0.000003,14.373981,1.946456,0.001237,39.178886,5701.851,3,0.000000,4,5,117.812210,1,0,0,-0.005288,0.999959,0.007375,-0.366916,0.004921,-0.930241,0.000014,0.000026,0.000000,0.000000,0.000000,1,0.013586,5343.909668,-3.463147,1935.842041,0.000044,-0.024692,117.779625,1,0.005974,5095.243164,-3.301836,1936.907104,0.000042,-0.024705,117.844803,1,-0.005974,4704.760742,-21.329746,-716.955933,0.000272,0.009145,116.226807,1,-0.013586,4456.103516,-20.211439,-717.024414,0.000258,0.009146,116.210381,-1536.947632,19600.019531,658.193848,0.557617,0.104858,0.026855,0.000000,0.000000,0.000000,0.000000,0.000000,0.000000,0.000000,0.000000,0.000000
868,14.466666,-203.239685,0.000148,35.821167,-36.473709,-0.000002,14.384952,1.946476,0.001239,39.206741,5705.878,3,0.000000,4,5,117.895264,1,0,0,-0.005288,0.999959,0.007376,-0.366936,0.004921,-0.930233,0.000025,0.000025,0.000000,0.000000,0.000000,1,0.013587,5343.955078,-3.460717,1934.765259,0.000044,-0.024678,117.862671,1,0.005975,5095.240234,-3.290195,1935.802368,0.000042,-0.024691,117.927864,1,-0.005974,4704.763672,-21.335724,-716.289185,0.000272,0.009136,116.309792,1,-0.013586,4456.048828,-20.211834,-716.357544,0.000258,0.009137,116.293381,-1535.132568,19600.007812,657.506592,-0.164062,-0.044312,0.050293,0.000000,0.000000,0.000000,0.000000,0.000000,0.000000,0.000000,0.000000,0.000000
869,14.483334,-203.848022,0.000148,36.061157,-36.499294,-0.000002,14.395910,1.946497,0.001238,39.234558,5709.901,3,0.000000,4,5,117.978218,1,0,0,-0.005288,0.999959,0.007376,-0.366955,0.004921,-0.930226,0.000021,0.000026,0.000000,0.000000,0.000000,1,0.013587,5343.982422,-3.472892,1933.648193,0.000044,-0.024664,117.945618,1,0.005975,5095.277832,-3.311105,1934.715820,0.000042,-0.024677,118.010826,1,-0.005975,4704.726074,-21.325699,-715.658630,0.000272,0.009128,116.392685,1,-0.013587,4456.032715,-20.202431,-715.698425,0.000258,0.009129,116.376282,-1533.248779,19600.021484,656.815308,-0.234863,-0.117126,0.034180,0.000000,0.000000,0.000000,0.000000,0.000000,0.000000,0.000000,0.000000,0.000000
870,14.500000,-204.456787,0.000148,36.301270,-36.524849,-0.000002,14.406857,1.946517,0.001236,39.262356,5713.919,3,0.000000,4,5,118.061073,1,0,0,-0.005288,0.999959,0.007377,-0.366974,0.004921,-0.930218,0.000017,0.000027,0.000000,0.000000,0.000000,1,0.013588,5343.976562,-3.499632,1932.540039,0.000045,-0.024650,118.028473,1,0.005976,5095.286621,-3.336609,1933.621948,0.000043,-0.024664,118.093681,1,-0.005976,4704.695312,-21.326284,-714.989502,0.000272,0.009120,116.475487,1,-0.013588,4455.974609,-20.197855,-715.033936,0.000258,0.009120,116.459084,-1531.395020,19599.919922,656.172974,-0.263184,0.075500,0.026367,0.000000,0.000000,0.000000,0.000000,0.000000,0.000000,0.000000,0.000000,0.000000
871,14.516666,-205.065979,0.000148,36.541626,-36.550373,-0.000003,14.417793,1.946538,0.001238,39.290112,5717.932,3,0.000000,4,5,118.143829,1,0,0,-0.005289,0.999959,0.007377,-0.366993,0.004921,-0.930211,0.000011,0.000029,0.000000,0.000000,0.000000,1,0.013589,5343.998047,-3.502038,1931.463867,0.000045,-0.024636,118.111229,1,0.005976,5095.326172,-3.348190,1932.524902,0.000043,-0.024650,118.176445,1,-0.005976,4704.673828,-21.332195,-714.343811,0.000272,0.009112,116.558189,1,-0.013589,4455.998047,-20.203651,-714.384033,0.000258,0.009112,116.541794,-1529.541748,19599.996094,655.506348,0.347168,0.083191,-0.215820,0.000000,0.000000,0.000000,0.000000,0.000000,0.000000,0.000000,0.000000,0.000000
872,14.533334,-205.675598,0.000148,36.782104,-36.575867,-0.000003,14.428719,1.946559,0.001239,39.317833,5721.939,3,0.000000,4,5,118.226486,1,0,0,-0.005289,0.999959,0.007377,-0.367012,0.004922,-0.930203,0.000019,0.000025,0.000000,0.000000,0.000000,1,0.013590,5344.041504,-3.509318,1930.343628,0.000045,-0.024622,118.193871,1,0.005977,5095.325195,-3.350462,1931.415894,0.000043,-0.024635,118.259109,1,-0.005977,4704.674805,-21.343479,-713.682739,0.000272,0.009103,116.640793,1,-0.013590,4455.965820,-20.219170,-713.726929,0.000258,0.009104,116.624405,-1527.653320,19600.009766,654.837280,-0.341309,-0.083374,0.165527,0.000000,0.000000,0.000000,0.000000,0.000000,0.000000,0.000000,0.000000,0.000000
873,14.550000,-206.285645,0.000148,37.022705,-36.601326,-0.000003,14.439632,1.946579,0.001238,39.345520,5725.943,3,0.000000,4,5,118.309044,1,0,0,-0.005289,0.999959,0.007378,-0.367031,0.004922,-0.930195,0.000012,0.000028,0.000000,0.000000,0.000000,1,0.013590,5344.033691,-3.521413,1929.244507,0.000045,-0.024608,118.276428,1,0.005977,5095.342773,-3.357377,1930.334351,0.000043,-0.024622,118.341667,1,-0.005978,4704.635254,-21.323025,-713.016907,0.000272,0.009095,116.723305,1,-0.013590,4455.942383,-20.194880,-713.072632,0.000258,0.009095,116.706924,-1525.836182,19599.945312,654.129456,0.270508,0.041199,0.165039,0.000000,0.000000,0.000000,0.000000,0.000000,0.000000,0.000000,0.000000,0.000000
874,14.566667,-206.896118,0.000148,37.263550,-36.626755,-0.000004,14.450535,1.946600,0.001238,39.373173,5729.941,3,0.000000,4,5,118.391502,1,0,0,-0.005290,0.999959,0.007378,-0.367051,0.004922,-0.930188,0.000017,0.000029,0.000000,0.000000,0.000000,1,0.013591,5344.097168,-3.538397,1928.192749,0.000045,-0.024594,118.358887,1,0.005978,5095.393555,-3.373563,1929.268555,0.000043,-0.024608,118.424126,1,-0.005978,4704.613770,-21.344746,-712.334778,0.000272,0.009086,116.805717,1,-0.013591,4455.918945,-20.215437,-712.361633,0.000258,0.009086,116.789345,-1524.108398,19600.027344,653.565735,0.201660,0.095581,0.116699,0.000000,0.000000,0.000000,0.000000,0.000000,0.000000,0.000000,0.000000,0.000000
875,14.583333,-207.506958,0.000148,37.504517,-36.652157,-0.000003,14.461428,1.946621,0.001240,39.400803,5733.935,3,0.000000,4,5,118.473854,1,0,0,-0.005290,0.999959,0.007379,-0.367070,0.004922,-0.930180,0.000020,0.000030,0.000000,0.000000,0.000000,1,0.013592,5344.124512,-3.569885,1927.094238,0.000046,-0.024580,118.441238,1,0.005979,5095.416992,-3.408206,1928.143188,0.000043,-0.024594,118.506477,1,-0.005979,4704.592285,-21.387457,-711.695129,0.000273,0.009078,116.888031,1,-0.013592,4455.873535,-20.255772,-711.745422,0.000258,0.009078,116.871658,-1522.126953,19600.007812,652.981567,0.141602,0.135986,0.104004,0.000000,0.000000,0.000000,0.000000,0.000000,0.000000,0.000000,0.000000,0.000000
876,14.600000,-208.118225,0.000148,37.745728,-36.677525,-0.000003,14.472311,1.946641,0.001242,39.428394,5737.923,3,0.000000,4,5,118.556107,1,0,0,-0.005290,0.999959,0.007379,-0.367089,0.004922,-0.930173,0.000023,0.000031,0.000000,0.000000,0.000000,1,0.013593,5344.162598,-3.586799,1926.020752,0.000046,-0.024567,118.523491,1,0.005979,5095.407227,-3.424299,1927.043335,0.000044,-0.024580,118.588737,1,-0.005979,4704.570801,-21.424875,-711.036499,0.000273,0.009069,116.970253,1,-0.013593,4455.835449,-20.286161,-711.073853,0.000259,0.009070,116.953888,-1520.280762,19599.972656,652.398315,-1.206543,-0.263123,-0.145020,0.000000,0.000000,0.000000,0.000000,0.000000,0.000000,0.000000,0.000000,0.000000
877,14.616667,-208.729919,0.000148,37.987061,-36.702862,-0.000004,14.483184,1.946662,0.001238,39.455948,5741.907,3,0.000000,4,5,118.638260,1,0,0,-0.005291,0.999959,0.007379,-0.367108,0.004922,-0.930165,-0.000001,0.000033,0.000000,0.000000,0.000000,1,0.013593,5344.114746,-3.593948,1924.846313,0.000046,-0.024552,118.605629,1,0.005980,5095.479492,-3.421955,1925.994263,0.000044,-0.024566,118.670898,1,-0.005980,4704.494629,-21.346640,-710.371094,0.000272,0.009061,117.052376,1,-0.013593,4455.872070,-20.227463,-710.415710,0.000258,0.009061,117.036018,-1518.467773,19599.953125,651.577209,0.135742,-0.066772,0.135742,0.000000,0.000000,0.000000,0.000000,0.000000,0.000000,0.000000,0.000000,0.000000
878,14.633333,-209.342041,0.000147,38.228638,-36.728168,-0.000004,14.494043,1.946683,0.001237,39.483475,5745.886,3,0.000000,4,5,118.720314,1,0,0,-0.005291,0.999959,0.007379,-0.367128,0.004922,-0.930158,0.000001,0.000034,0.000000,0.000000,0.000000,1,0.013594,5344.152344,-3.615667,1923.760498,0.000046,-0.024538,118.687683,1,0.005981,5095.506836,-3.442662,1924.879761,0.000044,-0.024552,118.752953,1,-0.005981,4704.507324,-21.352781,-709.720520,0.000272,0.009053,117.134399,1,-0.013594,4455.854492,-20.228182,-709.731262,0.000258,0.009053,117.118050,-1516.620605,19600.027344,650.937927,0.099121,0.138733,-0.125488,0.000000,0.000000,0.000000,0.000000,0.000000,0.000000,0.000000,0.000000,0.000000
879,14.650000,-209.954590,0.000147,38.470337,-36.753445,-0.000004,14.504892,1.946703,0.001239,39.510967,5749.860,3,0.000000,4,5,118.802269,1,0,0,-0.005292,0.999959,0.007379,-0.367147,0.004921,-0.930150,0.000004,0.000032,0.000000,0.000000,0.000000,1,0.013594,5344.171875,-3.603492,1922.671509,0.000046,-0.024524,118.769638,1,0.005982,5095.534180,-3.444895,1923.733276,0.000044,-0.024537,118.834908,1,-0.005982,4704.461914,-21.363907,-709.062866,0.000272,0.009044,117.216331,1,-0.013594,4455.848145,-20.228960,-709.088440,0.000258,0.009044,117.199982,-1514.726929,19600.019531,650.229004,0.128418,0.154724,-0.419434,0.000000,0.000000,0.000000,0.000000,0.000000,0.000000,0.000000,0.000000,0.000000
880,14.666667,-210.567566,0.000147,38.712280,-36.778690,-0.000004,14.515730,1.946724,0.001241,39.538429,5753.829,3,0.000000,4,5,118.884132,1,0,0,-0.005292,0.999959,0.007380,-0.367166,0.004921,-0.930142,0.000008,0.000026,0.000000,0.000000,0.000000,1,0.013595,5344.191406,-3.625169,1921.567017,0.000046,-0.024510,118.851494,1,0.005982,5095.517578,-3.460924,1922.660156,0.000044,-0.024524,118.916779,1,-0.005983,4704.478516,-21.401484,-708.375000,0.000273,0.009035,117.298164,1,-0.013595,4455.799805,-20.269217,-708.459778,0.000259,0.009036,117.281822,-1512.860229,19599.984375,649.653320,-0.574707,-0.074097,0.020020,0.000000,0.000000,0.000000,0.000000,0.000000,0.000000,0.000000,0.000000,0.000000
881,14.683333,-211.180969,0.000147,38.954346,-36.803905,-0.000004,14.526558,1.946744,0.001240,39.565865,5757.794,3,0.000000,4,5,118.965897,1,0,0,-0.005292,0.999959,0.007380,-0.367185,0.004921,-0.930135,-0.000004,0.000029,0.000000,0.000000,0.000000,1,0.013595,5344.145020,-3.637115,1920.478516,0.000046,-0.024496,118.933258,1,0.005983,5095.559082,-3.467763,1921.577271,0.000044,-0.024510,118.998543,1,-0.005983,4704.437012,-21.386465,-707.741272,0.000273,0.009027,117.379898,1,-0.013595,4455.833008,-20.255323,-707.768555,0.000258,0.009028,117.363571,-1511.053589,19599.968750,648.965942,0.175781,0.058411,-0.192871,0.000000,0.000000,0.000000,0.000000,0.000000,0.000000,0.000000,0.000000,0.000000
882,14.700000,-211.794800,0.000147,39.196655,-36.829090,-0.000004,14.537374,1.946765,0.001241,39.593254,5761.754,3,0.000000,4,5,119.047554,1,0,0,-0.005292,0.999959,0.007380,-0.367204,0.004921,-0.930127,0.000000,0.000026,0.000000,0.000000,0.000000,1,0.013596,5344.218750,-3.668434,1919.381226,0.000047,-0.024482,119.014915,1,0.005984,5095.582520,-3.502196,1920.456177,0.000045,-0.024496,119.080200,1,-0.005984,4704.435547,-21.423923,-707.094482,0.000273,0.009019,117.461540,1,-0.013596,4455.832520,-20.290804,-707.150330,0.000259,0.009020,117.445213,-1509.094482,19600.082031,648.378174,0.110352,0.066956,0.157715,0.000000,0.000000,0.000000,0.000000,0.000000,0.000000,0.000000,0.000000,0.000000
883,14.716666,-212.409058,0.000147,39.439087,-36.854240,-0.000003,14.548181,1.946786,0.001242,39.620617,5765.709,3,0.000000,4,5,119.129120,1,0,0,-0.005293,0.999959,0.007380,-0.367224,0.004921,-0.930120,0.000002,0.000027,0.000000,0.000000,0.000000,1,0.013596,5344.205078,-3.690008,1918.274170,0.000047,-0.024468,119.096474,1,0.005985,5095.605469,-3.527385,1919.389526,0.000045,-0.024482,119.161781,1,-0.005984,4704.416504,-21.456049,-706.405945,0.000274,0.009010,117.543091,1,-0.013596,4455.789551,-20.326059,-706.488220,0.000259,0.009011,117.526772,-1507.265137,19600.017578,647.815735,-0.007812,-0.155212,-0.101562,0.000000,0.000000,0.000000,0.000000,0.000000,0.000000,0.000000,0.000000,0.000000
884,14.733334,-213.023743,0.000147,39.681763,-36.879360,-0.000003,14.558977,1.946807,0.001240,39.647945,5769.659,3,0.000000,4,5,119.210579,1,0,0,-0.005293,0.999959,0.007380,-0.367243,0.004921,-0.930112,0.000002,0.000026,0.000000,0.000000,0.000000,1,0.013597,5344.218750,-3.701934,1917.179810,0.000047,-0.024454,119.177933,1,0.005985,5095.606934,-3.529550,1918.283081,0.000045,-0.024468,119.243240,1,-0.005985,4704.396973,-21.415079,-705.759338,0.000273,0.009002,117.624535,1,-0.013596,4455.795898,-20.287374,-705.777954,0.000259,0.009002,117.608231,-1505.483643,19600.019531,647.077942,0.608398,0.047302,-0.029297,0.000000,0.000000,0.000000,0.000000,0.000000,0.000000,0.000000,0.000000,0.000000
885,14.750000,-213.638794,0.000147,39.924561,-36.904453,-0.000003,14.569762,1.946827,0.001240,39.675247,5773.604,3,0.000000,4,5,119.291939,1,0,0,-0.005293,0.999959,0.007380,-0.367262,0.004921,-0.930104,0.000014,0.000024,0.000000,0.000000,0.000000,1,0.013597,5344.265137,-3.723502,1916.045654,0.000047,-0.024439,119.259285,1,0.005986,5095.604492,-3.554674,1917.161133,0.000045,-0.024454,119.324600,1,-0.005986,4704.377441,-21.441982,-705.093994,0.000273,0.008994,117.705887,1,-0.013597,4455.718262,-20.302702,-705.151855,0.000259,0.008994,117.689583,-1503.533203,19599.957031,646.440002,-0.152832,-0.108093,0.552246,0.000000,0.000000,0.000000,0.000000,0.000000,0.000000,0.000000,0.000000,0.000000
886,14.766666,-214.254272,0.000147,40.167603,-36.929512,-0.000003,14.580536,1.946848,0.001239,39.702507,5777.545,3,0.000000,4,5,119.373207,1,0,0,-0.005294,0.999959,0.007381,-0.367281,0.004921,-0.930097,0.000010,0.000031,0.000000,0.000000,0.000000,1,0.013598,5344.306641,-3.720974,1914.985474,0.000047,-0.024426,119.340553,1,0.005986,5095.675293,-3.547693,1916.104370,0.000045,-0.024440,119.405869,1,-0.005986,4704.346680,-21.406279,-704.448486,0.000273,0.008985,117.787140,1,-0.013598,4455.717285,-20.273954,-704.462524,0.000259,0.008985,117.770844,-1501.813110,19600.054688,645.717529,-0.130371,0.109741,0.174805,0.000000,0.000000,0.000000,0.000000,0.000000,0.000000,0.000000,0.000000,0.000000
887,14.783334,-214.870178,0.000147,40.410767,-36.954544,-0.000002,14.591298,1.946869,0.001240,39.729736,5781.481,3,0.000000,4,5,119.454369,1,0,0,-0.005294,0.999959,0.007381,-0.367300,0.004921,-0.930089,0.000006,0.000034,0.000000,0.000000,0.000000,1,0.013599,5344.330078,-3.747301,1913.866943,0.000048,-0.024412,119.421715,1,0.005987,5095.722168,-3.568225,1914.989990,0.000046,-0.024426,119.487030,1,-0.005987,4704.303711,-21.438282,-703.802734,0.000273,0.008977,117.868301,1,-0.013598,4455.697754,-20.304365,-703.829407,0.000259,0.008977,117.852005,-1499.866455,19600.062500,645.102661,-0.130859,0.143738,0.438965,0.000000,0.000000,0.000000,0.000000,0.000000,0.000000,0.000000,0.000000,0.000000
888,14.800000,-215.486511,0.000147,40.654175,-36.979542,-0.000001,14.602050,1.946889,0.001243,39.756935,5785.412,3,0.000000,4,5,119.535431,1,0,0,-0.005295,0.999959,0.007381,-0.367320,0.004920,-0.930082,0.000002,0.000040,0.000000,0.000000,0.000000,1,0.013599,5344.331543,-3.759159,1912.780518,0.000048,-0.024398,119.502777,1,0.005988,5095.751465,-3.584136,1913.871460,0.000046,-0.024412,119.568092,1,-0.005988,4704.234375,-21.475348,-703.114014,0.000274,0.008968,117.949371,1,-0.013599,4455.656250,-20.339581,-703.155823,0.000259,0.008969,117.933075,-1498.026978,19599.964844,644.520386,0.435059,0.104980,-0.240234,0.000000,0.000000,0.000000,0.000000,0.000000,0.000000,0.000000,0.000000,0.000000
889,14.816667,-216.103271,0.000147,40.897705,-37.004509,-0.000002,14.612792,1.946910,0.001244,39.784103,5789.338,3,0.000000,4,5,119.616394,1,0,0,-0.005295,0.999959,0.007381,-0.367339,0.004920,-0.930074,0.000012,0.000036,0.000000,0.000000,0.000000,1,0.013600,5344.383789,-3.790254,1911.696777,0.000048,-0.024384,119.583740,1,0.005989,5095.770020,-3.613762,1912.769531,0.000046,-0.024398,119.649055,1,-0.005989,4704.245117,-21.512747,-702.418518,0.000274,0.008959,118.030334,1,-0.013600,4455.632812,-20.374844,-702.544067,0.000260,0.008961,118.014046,-1496.142700,19600.035156,643.956116,0.283691,-0.183472,-0.191406,0.000000,0.000000,0.000000,0.000000,0.000000,0.000000,0.000000,0.000000,0.000000
890,14.833333,-216.720459,0.000147,41.141479,-37.029446,-0.000001,14.623525,1.946931,0.001241,39.811237,5793.259,3,0.000000,4,5,119.697258,1,0,0,-0.005295,0.999959,0.007382,-0.367358,0.004920,-0.930066,0.000018,0.000032,0.000000,0.000000,0.000000,1,0.013601,5344.409180,-3.821290,1910.570190,0.000049,-0.024370,119.664597,1,0.005990,5095.764160,-3.652486,1911.661499,0.000047,-0.024383,119.729927,1,-0.005990,4704.208984,-21.503120,-701.798462,0.000274,0.008952,118.111198,1,-0.013601,4455.565430,-20.370499,-701.850098,0.000260,0.008952,118.094925,-1494.248047,19599.937500,643.304321,-0.457520,-0.168518,-0.162598,0.000000,0.000000,0.000000,0.000000,0.000000,0.000000,0.000000,0.000000,0.000000
891,14.850000,-217.338013,0.000147,41.385376,-37.054348,-0.000002,14.634247,1.946951,0.001239,39.838337,5797.175,3,0.000000,4,5,119.778023,1,0,0,-0.005296,0.999959,0.007382,-0.367377,0.004920,-0.930059,0.000009,0.000031,0.000000,0.000000,0.000000,1,0.013601,5344.401855,-3.804295,1909.471069,0.000049,-0.024355,119.745361,1,0.005990,5095.796387,-3.627156,1910.588013,0.000046,-0.024370,119.810692,1,-0.005990,4704.203613,-21.436535,-701.143982,0.000273,0.008943,118.191971,1,-0.013601,4455.589355,-20.297735,-701.172241,0.000259,0.008944,118.175705,-1492.516113,19599.990234,642.460876,-0.334473,0.128479,-0.073730,0.000000,0.000000,0.000000,0.000000,0.000000,0.000000,0.000000,0.000000,0.000000
892,14.866667,-217.955994,0.000147,41.629517,-37.079224,-0.000003,14.644955,1.946972,0.001241,39.865410,5801.087,3,0.000000,4,5,119.858688,1,0,0,-0.005296,0.999959,0.007382,-0.367397,0.004920,-0.930051,0.000003,0.000032,0.000000,0.000000,0.000000,1,0.013602,5344.410156,-3.825686,1908.344604,0.000049,-0.024341,119.826027,1,0.005991,5095.819824,-3.652133,1909.461914,0.000047,-0.024355,119.891357,1,-0.005991,4704.158203,-21.463299,-700.464600,0.000274,0.008934,118.272652,1,-0.013602,4455.567871,-20.333012,-700.526550,0.000259,0.008935,118.256386,-1490.596924,19599.949219,641.855469,0.247070,0.106201,-0.091309,0.000000,0.000000,0.000000,0.000000,0.000000,0.000000,0.000000,0.000000,0.000000
893,14.883333,-218.574402,0.000147,41.873779,-37.104069,-0.000003,14.655652,1.946993,0.001242,39.892445,5804.994,3,0.000000,4,5,119.939255,1,0,0,-0.005296,0.999959,0.007382,-0.367416,0.004920,-0.930044,0.000008,0.000030,0.000000,0.000000,0.000000,1,0.013602,5344.427734,-3.847060,1907.278564,0.000049,-0.024328,119.906593,1,0.005992,5095.832031,-3.672505,1908.352539,0.000047,-0.024341,119.971924,1,-0.005992,4704.152832,-21.505783,-699.792664,0.000274,0.008926,118.353233,1,-0.013603,4455.557617,-20.373219,-699.884399,0.000260,0.008927,118.336975,-1488.734131,19599.964844,641.289673,-0.381836,-0.172913,0.035156,0.000000,0.000000,0.000000,0.000000,0.000000,0.000000,0.000000,0.000000,0.000000
894,14.900000,-219.193237,0.000147,42.118164,-37.128880,-0.000004,14.666340,1.947013,0.001240,39.919445,5808.896,3,0.000000,4,5,120.019722,1,0,0,-0.005297,0.999959,0.007383,-0.367435,0.004920,-0.930036,0.000001,0.000031,0.000000,0.000000,0.000000,1,0.013603,5344.456055,-3.849266,1906.165161,0.000049,-0.024313,119.987061,1,0.005993,5095.897461,-3.670069,1907.300537,0.000047,-0.024328,120.052391,1,-0.005993,4704.129395,-21.454857,-699.119629,0.000274,0.008917,118.433716,1,-0.013603,4455.570801,-20.325150,-699.189819,0.000259,0.008918,118.417473,-1487.012939,19600.064453,640.539062,-0.322266,0.145081,-0.017578,0.000000,0.000000,0.000000,0.000000,0.000000,0.000000,0.000000,0.000000,0.000000
895,14.916667,-219.812439,0.000147,42.362793,-37.153664,-0.000003,14.677015,1.947034,0.001242,39.946423,5812.793,3,0.000000,4,5,120.100075,1,0,0,-0.005297,0.999959,0.007383,-0.367455,0.004920,-0.930028,-0.000006,0.000032,0.000000,0.000000,0.000000,1,0.013603,5344.431641,-3.861002,1905.017700,0.000049,-0.024299,120.067413,1,0.005993,5095.904785,-3.685841,1906.125977,0.000047,-0.024313,120.132751,1,-0.005993,4704.095215,-21.486832,-698.507019,0.000274,0.008910,118.514099,1,-0.013603,4455.568359,-20.360474,-698.570679,0.000260,0.008910,118.497864,-1484.949219,19600.000000,639.861755,0.299805,0.042236,0.137207,0.000000,0.000000,0.000000,0.000000,0.000000,0.000000,0.000000,0.000000,0.000000
896,14.933333,-220.432068,0.000147,42.607544,-37.178413,-0.000003,14.687679,1.947055,0.001243,39.973354,5816.685,3,0.000000,4,5,120.180336,1,0,0,-0.005298,0.999959,0.007383,-0.367474,0.004920,-0.930021,-0.000000,0.000033,0.000000,0.000000,0.000000,1,0.013604,5344.454102,-3.887102,1903.944580,0.000050,-0.024285,120.147675,1,0.005994,5095.930176,-3.710726,1905.047729,0.000047,-0.024299,120.213013,1,-0.005994,4704.047852,-21.513548,-697.812988,0.000274,0.008901,118.594391,1,-0.013604,4455.523438,-20.380867,-697.889160,0.000260,0.008902,118.578163,-1483.177002,19599.949219,639.303223,0.818359,0.061646,0.051270,0.000000,0.000000,0.000000,0.000000,0.000000,0.000000,0.000000,0.000000,0.000000
897,14.950000,-221.052124,0.000147,42.852539,-37.203133,-0.000003,14.698335,1.947076,0.001244,40.000259,5820.571,3,0.000000,4,5,120.260483,1,0,0,-0.005298,0.999959,0.007383,-0.367493,0.004920,-0.930013,0.000016,0.000031,0.000000,0.000000,0.000000,1,0.013605,5344.556152,-3.913228,1902.830078,0.000050,-0.024271,120.227821,1,0.005995,5095.944336,-3.731018,1903.899170,0.000048,-0.024284,120.293159,1,-0.005995,4704.051758,-21.540483,-697.168579,0.000275,0.008892,118.674583,1,-0.013605,4455.461914,-20.401173,-697.206421,0.000260,0.008893,118.658363,-1481.258301,19600.017578,638.681885,-0.645996,-0.234497,-0.579590,0.000000,0.000000,0.000000,0.000000,0.000000,0.000000,0.000000,0.000000,0.000000
898,14.966666,-221.672607,0.000146,43.097656,-37.227821,-0.000003,14.708980,1.947096,0.001240,40.027130,5824.454,3,0.000000,4,5,120.340523,1,0,0,-0.005298,0.999959,0.007383,-0.367512,0.004920,-0.930006,0.000005,0.000026,0.000000,0.000000,0.000000,1,0.013605,5344.497070,-3.920106,1901.625610,0.000050,-0.024255,120.307861,1,0.005996,5095.945801,-3.737618,1902.732056,0.000048,-0.024270,120.373199,1,-0.005996,4704.050293,-21.484663,-696.524475,0.000274,0.008884,118.754684,1,-0.013605,4455.480957,-20.353304,-696.575806,0.000260,0.008885,118.738464,-1479.258667,19599.970703,637.830322,-0.472168,0.011902,-0.029297,0.000000,0.000000,0.000000,0.000000,0.000000,0.000000,0.000000,0.000000,0.000000
899,14.983334,-222.293457,0.000146,43.343018,-37.252476,-0.000004,14.719610,1.947117,0.001240,40.053967,5828.330,3,0.000000,4,5,120.420471,1,0,0,-0.005299,0.999959,0.007383,-0.367532,0.004919,-0.929998,-0.000004,0.000027,0.000000,0.000000,0.000000,1,0.013605,5344.500000,-3.927025,1900.500122,0.000050,-0.024241,120.387802,1,0.005996,5095.987305,-3.744244,1901.617310,0.000048,-0.024255,120.453148,1,-0.005996,4704.020020,-21.480471,-695.817383,0.000274,0.008875,118.834686,1,-0.013605,4455.518066,-20.349627,-695.873413,0.000260,0.008876,118.818474,-1477.471191,19600.031250,637.166016,-0.362793,0.159729,0.003906,0.000000,0.000000,0.000000,0.000000,0.000000,0.000000,0.000000,0.000000,0.000000
900,15.000000,-222.914734,0.000146,43.588501,-37.277100,-0.000003,14.730229,1.947138,0.001243,40.080769,5832.202,3,0.000000,4,5,120.500305,1,0,0,-0.005299,0.999959,0.007383,-0.367551,0.004919,-0.929990,-0.000012,0.000028,0.000000,0.000000,0.000000,1,0.013606,5344.489258,-3.929158,1899.355103,0.000050,-0.024226,120.467636,1,0.005997,5096.032715,-3.746319,1900.489868,0.000048,-0.024241,120.532982,1,-0.005997,4703.998535,-21.507311,-695.113037,0.000274,0.008866,118.914589,1,-0.013606,4455.532715,-20.375200,-695.206970,0.000260,0.008867,118.898384,-1475.599609,19600.062500,636.523315,0.300293,0.068359,0.387695,0.000000,0.000000,0.000000,0.000000,0.000000,0.000000,0.000000,0.000000,0.000000
