frame,time,x,y,z,vx,vy,vz,yaw,yaw_rate,speed,rpm,gear,steer,grounded,original_gear,shaft_spin,throttle,brake,handbrake,up_x,up_y,up_z,right_x,right_y,right_z
0,0.000000,-0.000000,0.000000,0.000000,-0.000000,0.000000,0.000000,-0.000008,-0.000000,-0.000000,862.546,0,0.000000,4,2,0.000000,1,0,0,-0.000199,1.000000,0.000336,1.000000,0.000199,0.000008
1,0.016667,-0.000000,0.000000,0.000000,-0.000000,0.000000,0.000000,-0.000008,0.000000,-0.000000,976.613,0,0.000000,4,2,0.000000,1,0,0,-0.000199,1.000000,0.000336,1.000000,0.000199,0.000008
2,0.033333,-0.000000,0.000000,0.000000,-0.000000,0.000000,-0.000000,-0.000008,0.000000,0.000000,1092.005,0,0.000000,4,2,0.000000,1,0,0,-0.000199,1.000000,0.000336,1.000000,0.000199,0.000008
3,0.050000,-0.000000,0.000000,0.000000,0.000000,0.000000,0.000000,-0.000008,-0.000000,-0.000000,1208.666,0,0.000000,4,2,0.000000,1,0,0,-0.000199,1.000000,0.000336,1.000000,0.000199,0.000008
4,0.066667,-0.000000,0.000000,0.000000,0.000000,0.000000,-0.000000,-0.000008,-0.000000,0.000000,1326.537,0,0.000000,4,2,0.000000,1,0,0,-0.000199,1.000000,0.000336,1.000000,0.000199,0.000008
5,0.083333,0.000000,0.000000,0.000000,0.000000,0.000000,-0.000000,-0.000008,-0.000000,0.000000,1445.556,0,0.000000,4,2,0.000000,1,0,0,-0.000199,1.000000,0.000336,1.000000,0.000199,0.000008
6,0.100000,0.000000,0.000000,0.000000,0.000000,0.000000,-0.000000,-0.000008,0.000000,0.000000,1565.658,0,0.000000,4,2,0.000000,1,0,0,-0.000199,1.000000,0.000336,1.000000,0.000199,0.000008
7,0.116667,0.000000,0.000000,0.000000,0.000000,0.000000,-0.000000,-0.000008,-0.000000,0.000000,1565.658,0,0.000000,4,2,8.131288,1,0,0,-0.000199,1.000000,0.000336,1.000000,0.000199,0.000008
8,0.133333,0.000000,-0.000002,-0.005225,0.000003,-0.000145,-0.313491,-0.000008,0.000003,0.313491,1355.627,0,0.000000,4,2,8.312123,1,0,0,-0.000199,1.000000,0.000562,1.000000,0.000199,0.000008
9,0.150000,0.000000,-0.000005,-0.016499,0.000006,-0.000141,-0.676433,-0.000009,-0.000020,0.676432,1385.776,0,0.000000,4,2,8.381642,1,0,0,-0.000199,0.999999,0.001026,1.000000,0.000199,0.000009
10,0.166667,0.000000,-0.000004,-0.033725,0.000009,0.000043,-1.033568,-0.000012,-0.000211,1.033566,1397.366,0,0.000000,4,2,8.393018,1,0,0,-0.000199,0.999999,0.001685,1.000000,0.000199,0.000013
11,0.183333,0.000000,0.000002,-0.056098,0.000008,0.000385,-1.342368,-0.000019,-0.000390,1.342365,1399.262,0,0.000000,4,2,8.399266,1,0,0,-0.000199,0.999997,0.002466,1.000000,0.000198,0.000019
12,0.200000,0.000001,0.000018,-0.078916,0.000010,0.000926,-1.369087,-0.000026,-0.000460,1.369083,1400.304,0,0.000000,4,2,8.706409,1,0,0,-0.000198,0.999995,0.003130,1.000000,0.000198,0.000027
13,0.216667,0.000001,0.000038,-0.106361,0.000001,0.001220,-1.646700,-0.000036,-0.000567,1.646693,1451.510,0,0.000000,4,2,8.707001,1,0,0,-0.000198,0.999993,0.003852,1.000000,0.000198,0.000037
14,0.233333,0.000000,0.000066,-0.134140,-0.000017,0.001641,-1.666759,-0.000045,-0.000556,1.666749,1451.609,0,0.000000,4,2,9.013065,1,0,0,-0.000197,0.999990,0.004418,1.000000,0.000197,0.000046
15,0.250000,-0.000001,0.000097,-0.162945,-0.000066,0.001873,-1.728271,-0.000054,-0.000515,1.728260,1502.635,0,0.000000,4,2,9.320421,1,0,0,-0.000196,0.999988,0.004858,1.000000,0.000196,0.000055
16,0.266667,-0.000003,0.000129,-0.193195,-0.000132,0.001945,-1.815048,-0.000061,-0.000453,1.815034,1553.877,0,0.000000,4,2,9.629228,1,0,0,-0.000195,0.999986,0.005192,1.000000,0.000195,0.000062
17,0.283333,-0.000006,0.000160,-0.225405,-0.000204,0.001874,-1.932584,-0.000068,-0.000379,1.932566,1605.360,0,0.000000,4,2,9.939617,1,0,0,-0.000194,0.999985,0.005444,1.000000,0.000194,0.000069
18,0.300000,-0.000010,0.000188,-0.262103,-0.000189,0.001631,-2.201894,-0.000739,-0.040272,2.201866,1657.107,0,0.000000,4,2,10.095352,1,0,0,-0.000204,0.999984,0.005725,1.000000,0.000199,0.000740
19,0.316667,0.000014,0.000211,-0.303363,0.001411,0.001385,-2.475563,-0.000539,0.011977,2.475526,1683.071,0,0.000000,4,2,10.251250,1,0,0,-0.000201,0.999982,0.006028,1.000000,0.000198,0.000540
20,0.333333,-0.000030,0.000231,-0.347045,-0.002611,0.001203,-2.620913,-0.000380,0.009563,2.620868,1709.062,0,0.000000,4,2,10.563536,1,0,0,-0.000191,0.999980,0.006248,1.000000,0.000188,0.000381
21,0.350000,-0.000105,0.000246,-0.393266,-0.004523,0.000946,-2.773255,-0.000256,0.007438,2.773203,1761.126,0,0.000000,4,2,10.877372,1,0,0,-0.000178,0.999979,0.006392,1.000000,0.000176,0.000257
22,0.366667,-0.000151,0.000255,-0.446282,-0.002751,0.000507,-3.180978,-0.000143,0.006802,3.180911,1813.447,0,0.000000,4,2,10.878332,1,0,0,-0.000170,0.999978,0.006648,1.000000,0.000169,0.000144
23,0.383333,-0.000214,0.000260,-0.501394,-0.003776,0.000309,-3.306703,-0.000075,0.004036,3.306628,1813.608,0,0.000000,4,2,11.192754,1,0,0,-0.000162,0.999977,0.006794,1.000000,0.000162,0.000076
24,0.400000,-0.000265,0.000261,-0.558587,-0.003082,0.000044,-3.431602,-0.000038,0.002258,3.431522,1866.027,0,0.000000,4,2,11.508876,1,0,0,-0.000158,0.999977,0.006835,1.000000,0.000158,0.000039
25,0.416667,-0.000277,0.000254,-0.622416,-0.000731,-0.000408,-3.829735,0.000007,0.002685,3.829639,1918.730,0,0.000000,4,2,11.511475,1,0,0,-0.000160,0.999976,0.006975,1.000000,0.000160,-0.000006
26,0.433333,-0.000306,0.000244,-0.688449,-0.001726,-0.000611,-3.961987,0.000034,0.001595,3.961886,1919.163,0,0.000000,4,2,11.796410,1,0,0,-0.000160,0.999975,0.007011,1.000000,0.000161,-0.000033
27,0.450000,-0.000296,0.000228,-0.760400,0.000620,-0.000962,-4.317070,0.000058,0.001462,4.316954,1966.667,0,0.000000,4,2,11.799357,1,0,0,-0.000167,0.999975,0.007110,1.000000,0.000167,-0.000057
28,0.466667,-0.000257,0.000208,-0.837622,0.002338,-0.001191,-4.633314,0.000062,0.000255,4.633183,1967.158,0,0.000000,4,2,11.816554,1,0,0,-0.000176,0.999974,0.007237,1.000000,0.000177,-0.000061
29,0.483333,-0.000196,0.000186,-0.919199,0.003650,-0.001316,-4.894634,0.000046,-0.000979,4.894492,1970.026,0,0.000000,4,2,11.875450,1,0,0,-0.000189,0.999973,0.007347,1.000000,0.000189,-0.000045
30,0.500000,-0.000122,0.000163,-1.004319,0.004436,-0.001375,-5.107179,0.000012,-0.002034,5.107028,1979.844,0,0.000000,4,2,11.982148,1,0,0,-0.000202,0.999973,0.007402,1.000000,0.000202,-0.000011
31,0.516667,-0.000043,0.000140,-1.092328,0.004735,-0.001405,-5.280561,-0.000034,-0.002794,5.280407,1997.633,0,0.000000,4,2,12.139845,1,0,0,-0.000214,0.999973,0.007376,1.000000,0.000213,0.000036
32,0.533333,0.000028,0.000115,-1.183229,0.004233,-0.001449,-5.454039,-0.000087,-0.003160,5.453885,2023.924,0,0.000000,4,2,12.349605,1,0,0,-0.000223,0.999974,0.007276,1.000000,0.000222,0.000088
33,0.550000,0.000086,0.000091,-1.276420,0.003521,-0.001488,-5.591465,-0.000144,-0.003407,5.591315,2058.894,0,0.000000,4,2,12.614803,1,0,0,-0.000228,0.999975,0.007084,1.000000,0.000227,0.000145
34,0.566667,0.000132,0.000065,-1.371492,0.002729,-0.001543,-5.704310,-0.000198,-0.003280,5.704168,2103.108,0,0.000000,4,2,12.932920,1,0,0,-0.000231,0.999977,0.006795,1.000000,0.000230,0.000200
35,0.583333,0.000164,0.000038,-1.468155,0.001965,-0.001625,-5.799755,-0.000245,-0.002821,5.799626,2156.143,0,0.000000,4,2,13.300271,1,0,0,-0.000230,0.999979,0.006413,1.000000,0.000229,0.000247
36,0.600000,0.000186,0.000009,-1.566211,0.001314,-0.001732,-5.883414,-0.000280,-0.002100,5.883300,2217.387,0,0.000000,4,2,13.712106,1,0,0,-0.000227,0.999982,0.005951,1.000000,0.000226,0.000282
37,0.616667,0.000200,-0.000022,-1.665531,0.000826,-0.001855,-5.959197,-0.000300,-0.001205,5.959099,2286.047,0,0.000000,4,2,14.162861,1,0,0,-0.000222,0.999985,0.005425,1.000000,0.000221,0.000301
38,0.633333,0.000221,-0.000055,-1.766024,0.001242,-0.001980,-6.029542,-0.000310,-0.000611,6.029461,2361.196,0,0.000000,4,2,14.646336,1,0,0,-0.000218,0.999988,0.004853,1.000000,0.000216,0.000312
39,0.650000,0.000255,-0.000090,-1.867622,0.002052,-0.002089,-6.095867,-0.000313,-0.000123,6.095803,2441.799,0,0.000000,4,2,15.155818,1,0,0,-0.000214,0.999991,0.004256,1.000000,0.000213,0.000313
40,0.666667,0.000290,-0.000126,-1.970273,0.002104,-0.002164,-6.159077,-0.000312,0.000062,6.159029,2526.739,0,0.000000,4,2,15.684212,1,0,0,-0.000211,0.999993,0.003648,1.000000,0.000210,0.000312
41,0.683333,0.000328,-0.000162,-2.073940,0.002251,-0.002192,-6.220016,-0.000306,0.000315,6.219980,2614.831,0,0.000000,4,2,16.224182,1,0,0,-0.000208,0.999995,0.003049,1.000000,0.000207,0.000307
42,0.700000,0.000367,-0.000198,-2.178603,0.002340,-0.002159,-6.279790,-0.000295,0.000654,6.279766,2704.854,0,0.000000,4,2,16.768339,1,0,0,-0.000205,0.999997,0.002472,1.000000,0.000204,0.000296
43,0.716667,0.000406,-0.000233,-2.284268,0.002368,-0.002060,-6.339925,-0.000278,0.001021,6.339910,2795.574,0,0.000000,4,2,17.309460,1,0,0,-0.000202,0.999998,0.001933,1.000000,0.000202,0.000279
44,0.733333,0.000445,-0.000264,-2.390974,0.002329,-0.001887,-6.402365,-0.000256,0.001363,6.402356,2885.789,0,0.000000,4,2,17.840733,1,0,0,-0.000199,0.999999,0.001444,1.000000,0.000199,0.000256
45,0.750000,0.000482,-0.000291,-2.498797,0.002220,-0.001641,-6.469350,-0.000228,0.001639,6.469346,2974.361,0,0.000000,4,2,18.356009,1,0,0,-0.000197,0.999999,0.001017,1.000000,0.000197,0.000229
46,0.766667,0.000516,-0.000313,-2.607850,0.002041,-0.001325,-6.543211,-0.000198,0.001819,6.543209,3060.267,0,0.000000,4,2,18.850033,1,0,0,-0.000194,1.000000,0.000661,1.000000,0.000194,0.000198
47,0.783333,0.000546,-0.000329,-2.718286,0.001799,-0.000946,-6.626129,-0.000167,0.001889,6.626128,3142.629,0,0.000000,4,2,19.318644,1,0,0,-0.000191,1.000000,0.000386,1.000000,0.000191,0.000167
48,0.800000,0.000571,-0.000338,-2.830285,0.001507,-0.000513,-6.719921,-0.000136,0.001849,6.719921,3220.754,0,0.000000,4,2,19.758917,1,0,0,-0.000188,1.000000,0.000199,1.000000,0.000188,0.000136
49,0.816667,0.000591,-0.000338,-2.944049,0.001180,-0.000039,-6.825864,-0.000107,0.001710,6.825864,3294.156,0,0.000000,4,2,20.169239,1,0,0,-0.000185,1.000000,0.000106,1.000000,0.000185,0.000107
50,0.833333,0.000605,-0.000331,-3.059792,0.000837,0.000463,-6.944584,-0.000082,0.001493,6.944584,3362.564,0,0.000000,4,2,20.549313,1,0,0,-0.000182,1.000000,0.000112,1.000000,0.000182,0.000082
51,0.850000,0.000613,-0.000314,-3.177726,0.000498,0.000979,-7.076026,-0.000062,0.001221,7.076027,3425.929,0,0.000000,4,2,20.900099,1,0,0,-0.000180,1.000000,0.000219,1.000000,0.000180,0.000062
52,0.866667,0.000616,-0.000290,-3.298050,0.000185,0.001494,-7.219482,-0.000047,0.000921,7.219482,3484.411,0,0.000000,4,2,21.223698,1,0,0,-0.000177,1.000000,0.000425,1.000000,0.000177,0.000047
53,0.883333,0.000615,-0.000256,-3.420945,-0.000084,0.001995,-7.373677,-0.000036,0.000614,7.373676,3538.360,0,0.000000,4,2,21.523174,1,0,0,-0.000174,1.000000,0.000724,1.000000,0.000174,0.000037
54,0.900000,0.000610,-0.000215,-3.546560,-0.000292,0.002464,-7.536889,-0.000031,0.000322,7.536887,3588.288,0,0.000000,4,2,21.802364,1,0,0,-0.000172,0.999999,0.001105,1.000000,0.000172,0.000031
55,0.916667,0.000599,-0.000167,-3.675012,-0.000651,0.002887,-7.707092,-0.000028,0.000178,7.707088,3634.834,0,0.000000,4,2,22.065651,1,0,0,-0.000171,0.999999,0.001554,1.000000,0.000171,0.000028
56,0.933333,0.000586,-0.000113,-3.806842,-0.000802,0.003233,-7.909811,-0.000029,-0.000051,7.909800,3678.729,0,0.000000,4,2,22.317734,1,0,0,-0.000169,0.999998,0.002075,1.000000,0.000169,0.000029
57,0.950000,0.000568,-0.000054,-3.941703,-0.001066,0.003528,-8.091660,-0.000031,-0.000128,8.091641,3720.755,0,0.000000,4,2,22.567097,1,0,0,-0.000168,0.999997,0.002628,1.000000,0.000168,0.000032
58,0.966667,0.000550,0.000008,-4.078690,-0.001094,0.003757,-8.219236,-0.000035,-0.000252,8.219207,3762.328,0,0.000000,4,2,22.875210,1,0,0,-0.000168,0.999995,0.003156,1.000000,0.000168,0.000036
59,0.983333,0.000530,0.000072,-4.218227,-0.001167,0.003839,-8.372244,-0.000053,-0.001062,8.372202,3813.696,0,0.000000,4,2,23.215649,1,0,0,-0.000168,0.999993,0.003664,1.000000,0.000168,0.000054
60,1.000000,0.000504,0.000136,-4.359485,-0.001569,0.003823,-8.475448,-0.000076,-0.001374,8.475391,3870.453,0,0.000000,4,2,23.596495,1,0,0,-0.000168,0.999992,0.004104,1.000000,0.000168,0.000077
61,1.016667,0.000476,0.000197,-4.503003,-0.001674,0.003642,-8.611090,-0.000097,-0.001248,8.611019,3933.947,0,0.000000,4,2,23.958622,1,0,0,-0.000169,0.999990,0.004496,1.000000,0.000169,0.000097
62,1.033333,0.000451,0.000252,-4.648589,-0.001516,0.003345,-8.735148,-0.000114,-0.001064,8.735063,3994.320,0,0.000000,4,2,24.313320,1,0,0,-0.000170,0.999988,0.004825,1.000000,0.000170,0.000115
63,1.050000,0.000432,0.000301,-4.796353,-0.001136,0.002931,-8.865861,-0.000162,-0.002843,8.865761,4053.454,0,0.000000,4,2,24.659494,1,0,0,-0.000173,0.999987,0.005094,1.000000,0.000172,0.000163
64,1.066667,0.000423,0.000341,-4.946476,-0.000524,0.002417,-9.007353,-0.000172,-0.000584,9.007238,4111.167,0,0.000000,4,2,24.998104,1,0,0,-0.000177,0.999986,0.005308,1.000000,0.000176,0.000172
65,1.083333,0.000426,0.000372,-5.098362,0.000191,0.001850,-9.113213,-0.000191,-0.001197,9.113089,4167.620,0,0.000000,4,2,25.366268,1,0,0,-0.000182,0.999985,0.005440,1.000000,0.000181,0.000192
66,1.100000,0.000442,0.000392,-5.252599,0.000967,0.001196,-9.254197,-0.000202,-0.000645,9.254063,4228.999,0,0.000000,4,2,25.713961,1,0,0,-0.000189,0.999985,0.005519,1.000000,0.000187,0.000203
67,1.116667,0.000471,0.000401,-5.408952,0.001722,0.000521,-9.381151,-0.000205,-0.000164,9.381010,4286.965,0,0.000000,4,2,26.054741,1,0,0,-0.000196,0.999985,0.005537,1.000000,0.000195,0.000206
68,1.133333,0.000511,0.000398,-5.567301,0.002386,-0.000164,-9.500980,-0.000238,-0.002016,9.500837,4343.779,0,0.000000,4,2,26.403353,1,0,0,-0.000204,0.999985,0.005492,1.000000,0.000202,0.000239
69,1.150000,0.000561,0.000384,-5.728101,0.002993,-0.000856,-9.647942,-0.000237,0.000053,9.647797,4401.899,0,0.000000,4,2,26.732405,1,0,0,-0.000211,0.999985,0.005409,1.000000,0.000210,0.000239
70,1.166667,0.000618,0.000359,-5.890286,0.003439,-0.001476,-9.731151,-0.000209,0.001729,9.731009,4456.758,0,0.000000,4,2,27.114941,1,0,0,-0.000218,0.999986,0.005248,1.000000,0.000216,0.000210
71,1.183333,0.000679,0.000324,-6.054728,0.003667,-0.002096,-9.866510,-0.000219,-0.000635,9.866374,4520.533,0,0.000000,4,2,27.473532,1,0,0,-0.000224,0.999987,0.005056,1.000000,0.000223,0.000220
72,1.200000,0.000742,0.000281,-6.221222,0.003744,-0.002634,-9.989621,-0.000261,-0.002520,9.989493,4580.316,0,0.000000,4,2,27.822365,1,0,0,-0.000229,0.999988,0.004833,1.000000,0.000228,0.000262
73,1.216667,0.000805,0.000229,-6.389750,0.003775,-0.003086,-10.111670,-0.000316,-0.003292,10.111549,4638.473,0,0.000000,4,2,28.160477,1,0,0,-0.000233,0.999990,0.004587,1.000000,0.000231,0.000317
74,1.233333,0.000869,0.000172,-6.560493,0.003844,-0.003444,-10.244588,-0.000309,0.000432,10.244477,4694.842,0,0.000000,4,2,28.488026,1,0,0,-0.000234,0.999991,0.004334,1.000000,0.000233,0.000310
75,1.250000,0.000941,0.000110,-6.733321,0.004335,-0.003683,-10.369718,-0.000287,0.001298,10.369617,4749.450,0,0.000000,4,2,28.806892,1,0,0,-0.000236,0.999992,0.004078,1.000000,0.000234,0.000288
76,1.266667,0.001018,0.000047,-6.908343,0.004602,-0.003807,-10.501332,-0.000268,0.001163,10.501242,4802.611,0,0.000000,4,2,29.134809,1,0,0,-0.000236,0.999993,0.003831,1.000000,0.000235,0.000269
77,1.283333,0.001095,-0.000016,-7.085173,0.004643,-0.003797,-10.609757,-0.000251,0.001016,10.609676,4857.280,0,0.000000,4,2,29.481089,1,0,0,-0.000235,0.999994,0.003581,1.000000,0.000235,0.000252
78,1.300000,0.001170,-0.000078,-7.264238,0.004490,-0.003693,-10.743943,-0.000237,0.000804,10.743871,4915.011,0,0.000000,4,2,29.804991,1,0,0,-0.000233,0.999994,0.003354,1.000000,0.000233,0.000238
79,1.316667,0.001239,-0.000136,-7.444924,0.004167,-0.003456,-10.841146,-0.000224,0.000784,10.841083,4969.012,0,0.000000,4,2,30.148499,1,0,0,-0.000230,0.999995,0.003130,1.000000,0.000229,0.000225
80,1.333333,0.001302,-0.000188,-7.628038,0.003738,-0.003156,-10.986850,-0.000212,0.000728,10.986792,5026.280,0,0.000000,4,2,30.467905,1,0,0,-0.000225,0.999996,0.002948,1.000000,0.000224,0.000213
81,1.350000,0.001355,-0.000234,-7.812863,0.003229,-0.002735,-11.089525,-0.000202,0.000611,11.089475,5079.531,0,0.000000,4,2,30.812553,1,0,0,-0.000219,0.999996,0.002778,1.000000,0.000218,0.000203
82,1.366667,0.001402,-0.000271,-7.999592,0.002815,-0.002259,-11.203742,-0.000195,0.000415,11.203697,5136.990,0,0.000000,4,2,31.133780,1,0,0,-0.000212,0.999996,0.002634,1.000000,0.000211,0.000196
83,1.383333,0.001443,-0.000300,-8.188642,0.002447,-0.001742,-11.342945,-0.000191,0.000243,11.342904,5190.543,0,0.000000,4,2,31.444139,1,0,0,-0.000204,0.999997,0.002536,1.000000,0.000204,0.000192
84,1.400000,0.001478,-0.000320,-8.379199,0.002100,-0.001156,-11.433473,-0.000189,0.000156,11.433435,5242.287,0,0.000000,4,2,31.786961,1,0,0,-0.000197,0.999997,0.002446,1.000000,0.000197,0.000189
85,1.416667,0.001511,-0.000330,-8.571958,0.001964,-0.000588,-11.565538,-0.000186,0.000156,11.565503,5299.440,0,0.000000,4,2,32.104671,1,0,0,-0.000190,0.999997,0.002398,1.000000,0.000190,0.000186
86,1.433333,0.001545,-0.000330,-8.766669,0.002035,-0.000005,-11.682724,-0.000182,0.000238,11.682689,5352.408,0,0.000000,4,2,32.413326,1,0,0,-0.000184,0.999997,0.002379,1.000000,0.000184,0.000182
87,1.450000,0.001580,-0.000320,-8.963266,0.002101,0.000560,-11.795790,-0.000180,0.000141,11.795756,5403.867,0,0.000000,4,2,32.734024,1,0,0,-0.000179,0.999997,0.002385,1.000000,0.000179,0.000180
88,1.466667,0.001616,-0.000302,-9.161803,0.002160,0.001085,-11.912169,-0.000178,0.000081,11.912136,5457.333,0,0.000000,4,2,33.048203,1,0,0,-0.000175,0.999997,0.002415,1.000000,0.000175,0.000179
89,1.483333,0.001652,-0.000276,-9.362200,0.002168,0.001562,-12.023859,-0.000178,0.000049,12.023824,5509.711,0,0.000000,4,2,33.363388,1,0,0,-0.000172,0.999997,0.002466,1.000000,0.000172,0.000178
90,1.500000,0.001688,-0.000243,-9.564521,0.002154,0.001973,-12.139248,-0.000177,0.000019,12.139215,5562.258,0,0.000000,4,2,33.672699,1,0,0,-0.000170,0.999997,0.002535,1.000000,0.000170,0.000178
91,1.516667,0.001724,-0.000205,-9.768677,0.002171,0.002312,-12.249348,-0.000177,0.000014,12.249312,5613.826,0,0.000000,4,2,33.983746,1,0,0,-0.000169,0.999997,0.002617,1.000000,0.000169,0.000177
92,1.533333,0.001760,-0.000162,-9.974735,0.002186,0.002567,-12.363507,-0.000177,0.000001,12.363470,5665.683,0,0.000000,4,2,34.288609,1,0,0,-0.000169,0.999996,0.002710,1.000000,0.000169,0.000177
93,1.550000,0.001797,-0.000116,-10.182603,0.002193,0.002740,-12.472079,-0.000177,-0.000012,12.472037,5716.508,0,0.000000,4,2,34.595428,1,0,0,-0.000170,0.999996,0.002808,1.000000,0.000169,0.000178
94,1.566667,0.001834,-0.000069,-10.392349,0.002202,0.002822,-12.584812,-0.000178,-0.000026,12.584766,5767.661,0,0.000000,4,2,34.895901,1,0,0,-0.000171,0.999996,0.002911,1.000000,0.000170,0.000178
95,1.583333,0.001871,-0.000022,-10.603882,0.002214,0.002819,-12.691943,-0.000178,-0.000038,12.691895,5817.754,0,0.000000,4,2,35.198296,1,0,0,-0.000172,0.999995,0.003010,1.000000,0.000172,0.000179
96,1.600000,0.001908,0.000023,-10.817266,0.002233,0.002730,-12.803056,-0.000179,-0.000050,12.803002,5868.169,0,0.000000,4,2,35.494419,1,0,0,-0.000174,0.999995,0.003107,1.000000,0.000174,0.000180
97,1.616667,0.001945,0.000066,-11.032413,0.002257,0.002566,-12.908830,-0.000180,-0.000057,12.908772,5917.538,0,0.000000,4,2,35.792194,1,0,0,-0.000176,0.999995,0.003195,1.000000,0.000176,0.000181
98,1.633333,0.001983,0.000105,-11.249382,0.002287,0.002330,-13.018150,-0.000181,-0.000063,13.018087,5967.183,0,0.000000,4,2,36.084000,1,0,0,-0.000179,0.999995,0.003275,1.000000,0.000178,0.000182
99,1.650000,0.002022,0.000139,-11.468092,0.002322,0.002038,-13.122622,-0.000182,-0.000066,13.122555,6015.832,0,0.000000,4,2,36.376995,1,0,0,-0.000182,0.999994,0.003341,1.000000,0.000181,0.000183
100,1.666667,0.002062,0.000167,-11.688593,0.002362,0.001694,-13.230023,-0.000183,-0.000068,13.229951,6064.679,0,0.000000,4,2,36.664486,1,0,0,-0.000184,0.999994,0.003395,1.000000,0.000184,0.000184
101,1.683333,0.002102,0.000189,-11.910812,0.002406,0.001316,-13.333209,-0.000184,-0.000066,13.333133,6112.608,0,0.000000,4,2,36.952583,1,0,0,-0.000187,0.999994,0.003433,1.000000,0.000187,0.000185
102,1.700000,0.002142,0.000204,-12.134789,0.002451,0.000912,-13.438615,-0.000185,-0.000063,13.438537,6160.640,0,0.000000,4,2,37.235497,1,0,0,-0.000190,0.999994,0.003457,1.000000,0.000189,0.000186
103,1.716667,0.002184,0.000212,-12.360463,0.002498,0.000501,-13.540408,-0.000186,-0.000058,13.540327,6207.806,0,0.000000,4,2,37.517334,1,0,0,-0.000193,0.999994,0.003464,1.000000,0.000192,0.000187
104,1.733333,0.002226,0.000214,-12.587852,0.002543,0.000089,-13.643373,-0.000187,-0.000052,13.643291,6254.793,0,0.000000,4,2,37.793171,1,0,0,-0.000195,0.999994,0.003456,1.000000,0.000194,0.000188
105,1.750000,0.002270,0.000209,-12.816903,0.002587,-0.000306,-13.742988,-0.000188,-0.000044,13.742903,6300.780,0,0.000000,4,2,38.066246,1,0,0,-0.000197,0.999994,0.003432,1.000000,0.000196,0.000189
106,1.766667,0.002313,0.000198,-13.047616,0.002628,-0.000677,-13.842795,-0.000188,-0.000036,13.842711,6346.306,0,0.000000,4,2,38.332874,1,0,0,-0.000199,0.999994,0.003394,1.000000,0.000198,0.000189
107,1.783333,0.002358,0.000181,-13.279940,0.002659,-0.001013,-13.939471,-0.000189,-0.000030,13.939389,6390.758,0,0.000000,4,2,38.595428,1,0,0,-0.000201,0.999994,0.003341,1.000000,0.000200,0.000190
108,1.800000,0.002402,0.000159,-13.513865,0.002678,-0.001306,-14.035533,-0.000190,-0.000036,14.035453,6434.531,0,0.000000,4,2,38.851242,1,0,0,-0.000202,0.999995,0.003276,1.000000,0.000201,0.000190
109,1.816667,0.002447,0.000133,-13.749343,0.002701,-0.001549,-14.128631,-0.000190,-0.000035,14.128552,6477.179,0,0.000000,4,2,39.101982,1,0,0,-0.000203,0.999995,0.003199,1.000000,0.000202,0.000191
110,1.833333,0.002493,0.000104,-13.986351,0.002729,-0.001738,-14.220491,-0.000191,-0.000033,14.220416,6518.982,0,0.000000,4,2,39.345795,1,0,0,-0.000203,0.999995,0.003112,1.000000,0.000203,0.000191
111,1.850000,0.002539,0.000073,-14.224843,0.002758,-0.001869,-14.309514,-0.000191,-0.000030,14.309442,6559.630,0,0.000000,4,2,39.583817,1,0,0,-0.000204,0.999995,0.003017,1.000000,0.000203,0.000192
112,1.866667,0.002585,0.000041,-14.464791,0.002788,-0.001942,-14.396851,-0.000192,-0.000026,14.396782,6599.312,0,0.000000,4,2,39.814819,1,0,0,-0.000204,0.999996,0.002915,1.000000,0.000203,0.000192
113,1.883333,0.002632,0.000008,-14.706148,0.002807,-0.001957,-14.481443,-0.000192,-0.000029,14.481382,6637.824,0,0.000000,4,2,40.039577,1,0,0,-0.000204,0.999996,0.002808,1.000000,0.000203,0.000193
114,1.900000,0.002679,-0.000024,-14.948883,0.002829,-0.001917,-14.564049,-0.000193,-0.000027,14.563991,6675.296,0,0.000000,4,2,40.257305,1,0,0,-0.000204,0.999996,0.002698,1.000000,0.000203,0.000193
115,1.916667,0.002727,-0.000054,-15.192950,0.002853,-0.001823,-14.643991,-0.000193,-0.000025,14.643938,6711.594,0,0.000000,4,2,40.468544,1,0,0,-0.000203,0.999997,0.002587,1.000000,0.000203,0.000193
116,1.933333,0.002775,-0.000082,-15.438313,0.002876,-0.001684,-14.721760,-0.000193,-0.000023,14.721710,6746.812,0,0.000000,4,2,40.672832,1,0,0,-0.000203,0.999997,0.002475,1.000000,0.000202,0.000194
117,1.950000,0.002823,-0.000107,-15.684929,0.002894,-0.001503,-14.796944,-0.000194,-0.000023,14.796899,6780.870,0,0.000000,4,2,40.870556,1,0,0,-0.000202,0.999997,0.002365,1.000000,0.000202,0.000194
118,1.966667,0.002872,-0.000129,-15.932760,0.002916,-0.001289,-14.869862,-0.000194,-0.000020,14.869821,6813.834,0,0.000000,4,2,41.061478,1,0,0,-0.000201,0.999997,0.002258,1.000000,0.000201,0.000195
119,1.983333,0.002920,-0.000146,-16.181765,0.002930,-0.001048,-14.940275,-0.000194,-0.000023,14.940238,6845.664,0,0.000000,4,2,41.245899,1,0,0,-0.000201,0.999998,0.002155,1.000000,0.000200,0.000195
120,2.000000,0.002969,-0.000160,-16.431904,0.002946,-0.000791,-15.008403,-0.000195,-0.000022,15.008369,6876.410,0,0.000000,4,2,41.423725,1,0,0,-0.000200,0.999998,0.002057,1.000000,0.000199,0.000195
121,2.016667,0.003019,-0.000168,-16.683140,0.002965,-0.000523,-15.074111,-0.000195,-0.000020,15.074081,6906.057,0,0.000000,4,2,41.595211,1,0,0,-0.000199,0.999998,0.001964,1.000000,0.000199,0.000196
122,2.033333,0.003069,-0.000172,-16.935434,0.002984,-0.000255,-15.137563,-0.000195,-0.000018,15.137537,6934.647,0,0.000000,4,2,41.760357,1,0,0,-0.000198,0.999998,0.001878,1.000000,0.000198,0.000196
123,2.050000,0.003119,-0.000172,-17.188745,0.002998,0.000007,-15.198694,-0.000196,-0.000019,15.198669,6962.179,0,0.000000,4,2,41.919392,1,0,0,-0.000198,0.999998,0.001798,1.000000,0.000197,0.000196
124,2.066667,0.003169,-0.000168,-17.443039,0.003013,0.000256,-15.257628,-0.000196,-0.000017,15.257607,6988.693,0,0.000000,4,2,42.072384,1,0,0,-0.000197,0.999999,0.001725,1.000000,0.000197,0.000196
125,2.083333,0.003219,-0.000160,-17.698277,0.003028,0.000485,-15.314353,-0.000196,-0.000017,15.314332,7014.199,0,0.000000,4,2,42.219540,1,0,0,-0.000197,0.999999,0.001659,1.000000,0.000196,0.000197
126,2.100000,0.003270,-0.000149,-17.954426,0.003042,0.000688,-15.368966,-0.000197,-0.000016,15.368947,7038.733,0,0.000000,4,2,42.360970,1,0,0,-0.000196,0.999999,0.001600,1.000000,0.000196,0.000197
127,2.116667,0.003321,-0.000134,-18.211451,0.003056,0.000862,-15.421483,-0.000197,-0.000015,15.421465,7062.312,0,0.000000,4,2,42.496872,1,0,0,-0.000196,0.999999,0.001547,1.000000,0.000196,0.000197
128,2.133333,0.003372,-0.000117,-18.469316,0.003066,0.001003,-15.471989,-0.000197,-0.000017,15.471971,7084.969,0,0.000000,4,2,42.627380,1,0,0,-0.000196,0.999999,0.001501,1.000000,0.000195,0.000197
129,2.150000,0.003423,-0.000099,-18.727993,0.003077,0.001108,-15.520518,-0.000197,-0.000016,15.520505,7106.727,0,0.000000,4,2,42.752686,1,0,0,-0.000196,0.999999,0.001459,1.000000,0.000195,0.000198
130,2.166667,0.003475,-0.000079,-18.987446,0.003090,0.001175,-15.567145,-0.000198,-0.000015,15.567131,7127.618,0,0.000000,4,2,42.872936,1,0,0,-0.000195,0.999999,0.001423,1.000000,0.000195,0.000198
131,2.183333,0.003527,-0.000059,-19.247643,0.003104,0.001207,-15.611917,-0.000198,-0.000014,15.611904,7147.666,0,0.000000,4,2,42.988308,1,0,0,-0.000195,0.999999,0.001392,1.000000,0.000195,0.000198
132,2.200000,0.003578,-0.000039,-19.508558,0.003117,0.001202,-15.654902,-0.000198,-0.000013,15.654888,7166.900,1,0.000000,4,3,61.973568,1,0,0,-0.000195,0.999999,0.001363,1.000000,0.000195,0.000198
133,2.216667,0.003632,-0.000023,-19.776505,0.003196,0.000989,-16.076780,-0.000201,-0.000156,16.076759,7166.900,1,0.000000,4,3,60.719517,1,0,0,-0.000196,0.999999,0.001613,1.000000,0.000195,0.000201
134,2.233333,0.003685,-0.000005,-20.046532,0.003198,0.001093,-16.201677,-0.000205,-0.000247,16.201649,7067.925,1,0.000000,4,3,60.127964,1,0,0,-0.000196,0.999998,0.001897,1.000000,0.000195,0.000205
135,2.250000,0.003738,0.000015,-20.318361,0.003195,0.001194,-16.309814,-0.000210,-0.000332,16.309778,6961.569,1,0.000000,4,3,59.534561,1,0,0,-0.000196,0.999998,0.002192,1.000000,0.000195,0.000211
136,2.266667,0.003793,0.000035,-20.595890,0.003283,0.001156,-16.651718,-0.000218,-0.000452,16.651663,6847.797,1,0.000000,4,3,58.264904,1,0,0,-0.000196,0.999996,0.002658,1.000000,0.000195,0.000218
137,2.283333,0.003848,0.000057,-20.874552,0.003276,0.001346,-16.719727,-0.000227,-0.000520,16.719652,6709.744,1,0.000000,4,3,57.665741,1,0,0,-0.000196,0.999995,0.003066,1.000000,0.000195,0.000227
138,2.300000,0.003903,0.000081,-21.155474,0.003315,0.001419,-16.855316,-0.000235,-0.000511,16.855221,6576.765,1,0.000000,4,3,57.064823,1,0,0,-0.000196,0.999994,0.003458,1.000000,0.000195,0.000236
139,2.316667,0.003963,0.000103,-21.442822,0.003617,0.001326,-17.240789,-0.000244,-0.000525,17.240656,6436.243,1,0.000000,4,3,55.778347,1,0,0,-0.000196,0.999992,0.004006,1.000000,0.000195,0.000245
140,2.333333,0.004025,0.000127,-21.731457,0.003708,0.001476,-17.318197,-0.000254,-0.000583,17.318031,6258.284,1,0.000000,4,3,55.170975,1,0,0,-0.000197,0.999990,0.004454,1.000000,0.000196,0.000254
141,2.350000,0.004094,0.000150,-22.026360,0.004112,0.001371,-17.694151,-0.000262,-0.000526,17.693935,6098.168,1,0.000000,4,3,53.871536,1,0,0,-0.000198,0.999987,0.005016,1.000000,0.000196,0.000263
142,2.366667,0.004164,0.000175,-22.322300,0.004238,0.001486,-17.756447,-0.000272,-0.000560,17.756193,5891.614,1,0.000000,4,3,53.258377,1,0,0,-0.000199,0.999985,0.005437,1.000000,0.000197,0.000273
143,2.383333,0.004244,0.000197,-22.624733,0.004780,0.001306,-18.145985,-0.000278,-0.000403,18.145670,5711.661,1,0.000000,4,3,51.947601,1,0,0,-0.000200,0.999982,0.005957,1.000000,0.000198,0.000280
144,2.400000,0.004333,0.000217,-22.932186,0.005356,0.001237,-18.447079,-0.000281,-0.000167,18.446701,5476.183,1,0.000000,4,3,50.693787,1,0,0,-0.000202,0.999979,0.006486,1.000000,0.000200,0.000282
145,2.416667,0.004423,0.000238,-23.242981,0.005414,0.001216,-18.647741,-0.000285,-0.000240,18.647303,5228.613,1,0.000000,4,3,49.641918,1,0,0,-0.000203,0.999976,0.006935,1.000000,0.000201,0.000287
146,2.433333,0.004515,0.000256,-23.557322,0.005489,0.001117,-18.860485,-0.000288,-0.000161,18.859989,4981.777,1,0.000000,4,3,48.748379,1,0,0,-0.000204,0.999973,0.007310,1.000000,0.000202,0.000289
147,2.450000,0.004608,0.000273,-23.873882,0.005601,0.000995,-18.993649,-0.000290,-0.000111,18.993114,4735.646,1,0.000000,4,3,48.071938,1,0,0,-0.000205,0.999971,0.007551,1.000000,0.000203,0.000291
148,2.466667,0.004702,0.000286,-24.191584,0.005658,0.000797,-19.062059,-0.000291,-0.000086,19.061512,4498.682,1,0.000000,4,3,47.624535,1,0,0,-0.000205,0.999971,0.007618,1.000000,0.000203,0.000293
149,2.483333,0.004797,0.000294,-24.509480,0.005663,0.000494,-19.073750,-0.000292,-0.000074,19.073219,4456.813,1,0.000000,4,3,48.138294,1,0,0,-0.000204,0.999972,0.007481,1.000000,0.000202,0.000294
150,2.500000,0.004891,0.000295,-24.827234,0.005679,0.000053,-19.065233,-0.000293,-0.000039,19.064747,4504.893,1,0.000000,4,3,48.781815,1,0,0,-0.000204,0.999974,0.007144,1.000000,0.000202,0.000294
151,2.516667,0.004986,0.000287,-25.144613,0.005643,-0.000517,-19.042782,-0.000293,-0.000025,19.042360,4565.114,1,0.000000,4,3,49.515232,1,0,0,-0.000203,0.999978,0.006626,1.000000,0.000201,0.000295
152,2.533333,0.005079,0.000267,-25.461529,0.005623,-0.001190,-19.015017,-0.000293,0.000005,19.014671,4633.749,1,0.000000,4,3,50.297569,1,0,0,-0.000201,0.999982,0.005958,1.000000,0.000199,0.000294
153,2.550000,0.005173,0.000235,-25.777931,0.005611,-0.001921,-18.984076,-0.000293,0.000031,18.983814,4706.962,1,0.000000,4,3,51.089878,1,0,0,-0.000200,0.999987,0.005172,1.000000,0.000198,0.000294
154,2.566667,0.005266,0.000190,-26.094027,0.005599,-0.002667,-18.965660,-0.000292,0.000066,18.965475,4781.108,1,0.000000,4,3,51.855682,1,0,0,-0.000198,0.999991,0.004310,1.000000,0.000197,0.000293
155,2.583333,0.005359,0.000134,-26.410168,0.005587,-0.003375,-18.968605,-0.000290,0.000104,18.968483,4852.774,1,0.000000,4,3,52.566536,1,0,0,-0.000197,0.999994,0.003420,1.000000,0.000196,0.000291
156,2.600000,0.005452,0.000068,-26.726784,0.005573,-0.003988,-18.996998,-0.000288,0.000141,18.996927,4919.297,1,0.000000,4,3,53.202282,1,0,0,-0.000195,0.999997,0.002549,1.000000,0.000195,0.000288
157,2.616667,0.005545,-0.000007,-27.044302,0.005554,-0.004457,-19.051039,-0.000285,0.000169,19.051004,4978.792,1,0.000000,4,3,53.750839,1,0,0,-0.000194,0.999999,0.001737,1.000000,0.000194,0.000285
158,2.633333,0.005637,-0.000086,-27.363106,0.005529,-0.004739,-19.128193,-0.000282,0.000184,19.128180,5030.126,1,0.000000,4,3,54.207390,1,0,0,-0.000193,1.000000,0.001020,1.000000,0.000193,0.000282
159,2.650000,0.005728,-0.000166,-27.683512,0.005495,-0.004808,-19.224373,-0.000279,0.000184,19.224369,5072.852,1,0.000000,4,3,54.573242,1,0,0,-0.000193,1.000000,0.000422,1.000000,0.000192,0.000279
160,2.666667,0.005819,-0.000243,-28.005760,0.005453,-0.004652,-19.334948,-0.000276,0.000168,19.334949,5107.089,1,0.000000,4,3,54.854591,1,0,0,-0.000192,1.000000,-0.000041,1.000000,0.000192,0.000276
161,2.683333,0.005909,-0.000315,-28.330019,0.005397,-0.004275,-19.455498,-0.000273,0.000143,19.455500,5133.419,1,0.000000,4,3,55.061283,1,0,0,-0.000191,1.000000,-0.000364,1.000000,0.000191,0.000273
162,2.700000,0.005998,-0.000376,-28.656391,0.005337,-0.003697,-19.582262,-0.000272,0.000108,19.582262,5152.761,1,0.000000,4,3,55.205692,1,0,0,-0.000191,1.000000,-0.000548,1.000000,0.000191,0.000272
163,2.716667,0.006086,-0.000425,-28.984930,0.005280,-0.002950,-19.712299,-0.000271,0.000068,19.712299,5166.275,1,0.000000,4,3,55.301746,1,0,0,-0.000191,1.000000,-0.000599,1.000000,0.000191,0.000270
164,2.733333,0.006175,-0.000460,-29.316031,0.005313,-0.002083,-19.866026,-0.000269,0.000111,19.866024,5175.265,1,0.000000,4,3,55.364082,1,0,0,-0.000191,1.000000,-0.000508,1.000000,0.000191,0.000269
165,2.750000,0.006264,-0.000479,-29.649670,0.005335,-0.001112,-20.018438,-0.000267,0.000115,20.018436,5181.098,1,0.000000,4,3,55.413986,1,0,0,-0.000191,1.000000,-0.000289,1.000000,0.000191,0.000267
166,2.766667,0.006352,-0.000479,-29.984344,0.005319,-0.000044,-20.080513,-0.000267,-0.000031,20.080513,5185.768,1,0.000000,4,3,55.708599,1,0,0,-0.000192,1.000000,-0.000023,1.000000,0.000192,0.000267
167,2.783333,0.006441,-0.000463,-30.320839,0.005296,0.000966,-20.189598,-0.000269,-0.000123,20.189596,5213.339,1,0.000000,4,3,55.929600,1,0,0,-0.000192,1.000000,0.000311,1.000000,0.000192,0.000269
168,2.800000,0.006529,-0.000431,-30.658875,0.005295,0.001936,-20.282188,-0.000272,-0.000149,20.282185,5234.021,1,0.000000,4,3,56.192272,1,0,0,-0.000193,1.000000,0.000686,1.000000,0.000193,0.000272
169,2.816667,0.006618,-0.000384,-30.998547,0.005325,0.002812,-20.380259,-0.000274,-0.000160,20.380249,5258.602,1,0.000000,4,3,56.448032,1,0,0,-0.000193,0.999999,0.001091,1.000000,0.000193,0.000275
170,2.833333,0.006707,-0.000325,-31.339808,0.005386,0.003570,-20.475630,-0.000277,-0.000159,20.475613,5282.537,1,0.000000,4,3,56.710941,1,0,0,-0.000194,0.999999,0.001509,1.000000,0.000194,0.000277
171,2.850000,0.006799,-0.000255,-31.682676,0.005476,0.004183,-20.572163,-0.000280,-0.000149,20.572132,5307.140,1,0.000000,4,3,56.971401,1,0,0,-0.000195,0.999998,0.001927,1.000000,0.000195,0.000280
172,2.866667,0.006892,-0.000178,-32.027138,0.005588,0.004636,-20.667841,-0.000282,-0.000134,20.667795,5331.515,1,0.000000,4,3,57.232998,1,0,0,-0.000196,0.999997,0.002334,1.000000,0.000195,0.000282
173,2.883333,0.006987,-0.000096,-32.373199,0.005716,0.004917,-20.763597,-0.000284,-0.000115,20.763535,5355.995,1,0.000000,4,3,57.493423,1,0,0,-0.000197,0.999996,0.002718,1.000000,0.000196,0.000284
174,2.900000,0.007084,-0.000012,-32.720848,0.005841,0.005022,-20.858929,-0.000285,-0.000090,20.858847,5380.366,1,0.000000,4,3,57.753586,1,0,0,-0.000198,0.999995,0.003071,1.000000,0.000197,0.000286
175,2.916667,0.007184,0.000071,-33.070084,0.005969,0.004954,-20.954052,-0.000286,-0.000067,20.953949,5404.713,1,0.000000,4,3,58.012932,1,0,0,-0.000199,0.999994,0.003387,1.000000,0.000198,0.000287
176,2.933333,0.007285,0.000149,-33.420895,0.006088,0.004722,-21.048836,-0.000287,-0.000046,21.048714,5428.983,1,0.000000,4,3,58.271694,1,0,0,-0.000200,0.999993,0.003659,1.000000,0.000199,0.000288
177,2.950000,0.007388,0.000222,-33.773285,0.006135,0.004339,-21.143324,-0.000288,-0.000063,21.143181,5453.199,1,0.000000,4,3,58.529739,1,0,0,-0.000201,0.999992,0.003885,1.000000,0.000200,0.000289
178,2.966667,0.007491,0.000285,-34.127247,0.006183,0.003822,-21.237480,-0.000289,-0.000065,21.237320,5477.347,1,0.000000,4,3,58.787117,1,0,0,-0.000201,0.999992,0.004061,1.000000,0.000200,0.000290
179,2.983333,0.007594,0.000339,-34.482769,0.006228,0.003195,-21.331308,-0.000290,-0.000060,21.331135,5501.434,1,0.000000,4,3,59.043789,1,0,0,-0.000202,0.999991,0.004187,1.000000,0.000201,0.000291
180,3.000000,0.007699,0.000380,-34.839844,0.006273,0.002481,-21.424799,-0.000291,-0.000052,21.424618,5525.454,1,0.000000,4,3,59.299763,1,0,0,-0.000202,0.999991,0.004263,1.000000,0.000201,0.000292
181,3.016667,0.007804,0.000408,-35.198479,0.006325,0.001709,-21.517948,-0.000292,-0.000046,21.517757,5549.408,1,0.000000,4,3,59.555027,1,0,0,-0.000202,0.999991,0.004290,1.000000,0.000200,0.000293
182,3.033333,0.007910,0.000423,-35.558655,0.006370,0.000902,-21.610752,-0.000293,-0.000046,21.610558,5573.296,1,0.000000,4,3,59.809574,1,0,0,-0.000201,0.999991,0.004271,1.000000,0.000200,0.000293
183,3.050000,0.008017,0.000425,-35.920376,0.006414,0.000089,-21.703209,-0.000293,-0.000045,21.703016,5597.117,1,0.000000,4,3,60.063396,1,0,0,-0.000201,0.999991,0.004210,1.000000,0.000200,0.000294
184,3.066667,0.008125,0.000413,-36.283634,0.006457,-0.000703,-21.795322,-0.000294,-0.000044,21.795135,5620.871,1,0.000000,4,3,60.316475,1,0,0,-0.000200,0.999992,0.004109,1.000000,0.000199,0.000295
185,3.083333,0.008233,0.000389,-36.648418,0.006499,-0.001451,-21.887089,-0.000295,-0.000044,21.886909,5644.554,1,0.000000,4,3,60.568802,1,0,0,-0.000200,0.999992,0.003976,1.000000,0.000198,0.000296
186,3.100000,0.008342,0.000353,-37.014725,0.006542,-0.002132,-21.978512,-0.000296,-0.000043,21.978344,5668.167,1,0.000000,4,3,60.820366,1,0,0,-0.000199,0.999993,0.003816,1.000000,0.000198,0.000296
187,3.116667,0.008452,0.000308,-37.382553,0.006583,-0.002726,-22.069595,-0.000296,-0.000043,22.069441,5691.709,1,0.000000,4,3,61.071152,1,0,0,-0.000198,0.999993,0.003635,1.000000,0.000197,0.000297
188,3.133333,0.008562,0.000254,-37.751892,0.006625,-0.003217,-22.160347,-0.000297,-0.000042,22.160206,5715.179,1,0.000000,4,3,61.321136,1,0,0,-0.000197,0.999994,0.003440,1.000000,0.000196,0.000298
189,3.150000,0.008674,0.000195,-38.122742,0.006665,-0.003592,-22.250769,-0.000298,-0.000042,22.250643,5738.573,1,0.000000,4,3,61.570316,1,0,0,-0.000197,0.999995,0.003238,1.000000,0.000196,0.000298
190,3.166667,0.008785,0.000130,-38.495087,0.006706,-0.003843,-22.340874,-0.000298,-0.000041,22.340761,5761.892,1,0.000000,4,3,61.818657,1,0,0,-0.000196,0.999995,0.003034,1.000000,0.000195,0.000299
191,3.183333,0.008898,0.000064,-38.868931,0.006747,-0.003966,-22.430660,-0.000299,-0.000042,22.430559,5785.132,1,0.000000,4,3,62.066158,1,0,0,-0.000196,0.999996,0.002835,1.000000,0.000195,0.000300
192,3.200000,0.009011,-0.000002,-39.244267,0.006788,-0.003961,-22.520142,-0.000300,-0.000041,22.520054,5808.293,1,0.000000,4,3,62.312794,1,0,0,-0.000195,0.999996,0.002645,1.000000,0.000195,0.000300
193,3.216667,0.009125,-0.000066,-39.621090,0.006828,-0.003833,-22.609318,-0.000300,-0.000041,22.609240,5831.374,1,0.000000,4,3,62.558559,1,0,0,-0.000195,0.999997,0.002469,1.000000,0.000194,0.000301
194,3.233333,0.009239,-0.000125,-39.999393,0.006868,-0.003591,-22.698198,-0.000301,-0.000041,22.698132,5854.374,1,0.000000,4,3,62.803440,1,0,0,-0.000195,0.999997,0.002310,1.000000,0.000194,0.000302
195,3.250000,0.009354,-0.000179,-40.379173,0.006909,-0.003246,-22.786783,-0.000302,-0.000041,22.786724,5877.290,1,0.000000,4,3,63.047428,1,0,0,-0.000195,0.999998,0.002172,1.000000,0.000194,0.000302
196,3.266667,0.009470,-0.000226,-40.760426,0.006950,-0.002815,-22.875082,-0.000303,-0.000041,22.875029,5900.123,1,0.000000,4,3,63.290504,1,0,0,-0.000195,0.999998,0.002056,1.000000,0.000194,0.000303
197,3.283333,0.009587,-0.000265,-41.143143,0.006991,-0.002312,-22.963095,-0.000303,-0.000041,22.963047,5922.871,1,0.000000,4,3,63.532665,1,0,0,-0.000195,0.999998,0.001963,1.000000,0.000194,0.000304
198,3.300000,0.009704,-0.000294,-41.527325,0.007032,-0.001758,-23.050821,-0.000304,-0.000041,23.050776,5945.532,1,0.000000,4,3,63.773911,1,0,0,-0.000195,0.999998,0.001895,1.000000,0.000195,0.000304
199,3.316667,0.009822,-0.000314,-41.912960,0.007073,-0.001172,-23.138262,-0.000305,-0.000040,23.138220,5968.109,1,0.000000,4,3,64.014236,1,0,0,-0.000195,0.999998,0.001852,1.000000,0.000195,0.000305
200,3.333333,0.009940,-0.000323,-42.300049,0.007114,-0.000573,-23.225422,-0.000305,-0.000040,23.225382,5990.599,1,0.000000,4,3,64.253632,1,0,0,-0.000196,0.999998,0.001832,1.000000,0.000195,0.000306
201,3.350000,0.010060,-0.000323,-42.688587,0.007155,0.000020,-23.312298,-0.000306,-0.000040,23.312256,6013.003,1,0.000000,4,3,64.492088,1,0,0,-0.000196,0.999998,0.001835,1.000000,0.000196,0.000306
202,3.366667,0.010180,-0.000313,-43.078571,0.007197,0.000587,-23.398886,-0.000307,-0.000039,23.398846,6035.318,1,0.000000,4,3,64.729622,1,0,0,-0.000197,0.999998,0.001859,1.000000,0.000196,0.000307
203,3.383333,0.010300,-0.000295,-43.469990,0.007238,0.001113,-23.485184,-0.000307,-0.000040,23.485144,6057.546,1,0.000000,4,3,64.966225,1,0,0,-0.000197,0.999998,0.001901,1.000000,0.000196,0.000308
204,3.400000,0.010421,-0.000268,-43.862843,0.007280,0.001584,-23.571196,-0.000308,-0.000039,23.571156,6079.689,1,0.000000,4,3,65.201881,1,0,0,-0.000197,0.999998,0.001959,1.000000,0.000197,0.000308
205,3.416667,0.010544,-0.000235,-44.257126,0.007322,0.001987,-23.656912,-0.000308,-0.000039,23.656866,6101.742,1,0.000000,4,3,65.436615,1,0,0,-0.000198,0.999998,0.002030,1.000000,0.000197,0.000309
206,3.433333,0.010666,-0.000197,-44.652832,0.007364,0.002313,-23.742331,-0.000309,-0.000038,23.742283,6123.709,1,0.000000,4,3,65.670418,1,0,0,-0.000198,0.999998,0.002112,1.000000,0.000197,0.000310
207,3.450000,0.010790,-0.000154,-45.049957,0.007406,0.002554,-23.827448,-0.000310,-0.000038,23.827394,6145.588,1,0.000000,4,3,65.903206,1,0,0,-0.000198,0.999997,0.002199,1.000000,0.000198,0.000310
208,3.466667,0.010914,-0.000109,-45.448494,0.007448,0.002709,-23.912241,-0.000310,-0.000038,23.912182,6167.373,1,0.000000,4,3,66.134781,1,0,0,-0.000199,0.999997,0.002291,1.000000,0.000198,0.000311
209,3.483333,0.011039,-0.000063,-45.848438,0.007490,0.002775,-23.996662,-0.000311,-0.000038,23.996601,6189.044,1,0.000000,4,3,66.365021,1,0,0,-0.000199,0.999997,0.002382,1.000000,0.000198,0.000311
210,3.500000,0.011164,-0.000017,-46.249783,0.007532,0.002755,-24.080666,-0.000312,-0.000037,24.080597,6210.591,1,0.000000,4,3,66.593826,1,0,0,-0.000199,0.999997,0.002472,1.000000,0.000198,0.000312
211,3.516667,0.011290,0.000027,-46.652515,0.007574,0.002651,-24.164217,-0.000312,-0.000037,24.164143,6232.002,1,0.000000,4,3,66.821091,1,0,0,-0.000199,0.999997,0.002556,1.000000,0.000198,0.000313
212,3.533333,0.011417,0.000069,-47.056637,0.007615,0.002473,-24.247274,-0.000313,-0.000037,24.247200,6253.271,1,0.000000,4,3,67.046738,1,0,0,-0.000199,0.999997,0.002632,1.000000,0.000198,0.000313
213,3.550000,0.011545,0.000106,-47.462135,0.007656,0.002227,-24.329803,-0.000313,-0.000037,24.329723,6274.388,1,0.000000,4,3,67.270691,1,0,0,-0.000199,0.999996,0.002699,1.000000,0.000198,0.000314
214,3.566667,0.011673,0.000138,-47.868996,0.007698,0.001926,-24.411772,-0.000314,-0.000036,24.411686,6295.346,1,0.000000,4,3,67.492859,1,0,0,-0.000199,0.999996,0.002755,1.000000,0.000198,0.000315
215,3.583333,0.011802,0.000164,-48.277214,0.007738,0.001580,-24.493143,-0.000315,-0.000036,24.493053,6316.137,1,0.000000,4,3,67.713173,1,0,0,-0.000199,0.999996,0.002799,1.000000,0.000198,0.000315
216,3.600000,0.011932,0.000184,-48.686779,0.007779,0.001202,-24.573891,-0.000315,-0.000036,24.573797,6336.754,1,0.000000,4,3,67.931564,1,0,0,-0.000199,0.999996,0.002829,1.000000,0.000198,0.000316
217,3.616667,0.012062,0.000198,-49.097679,0.007819,0.000805,-24.653978,-0.000316,-0.000036,24.653881,6357.191,1,0.000000,4,3,68.147987,1,0,0,-0.000198,0.999996,0.002846,1.000000,0.000197,0.000316
218,3.633333,0.012193,0.000204,-49.509903,0.007858,0.000401,-24.733389,-0.000316,-0.000036,24.733292,6377.445,1,0.000000,4,3,68.362350,1,0,0,-0.000198,0.999996,0.002849,1.000000,0.000197,0.000317
219,3.650000,0.012325,0.000204,-49.923435,0.007898,0.000003,-24.812088,-0.000317,-0.000035,24.811989,6397.506,1,0.000000,4,3,68.574631,1,0,0,-0.000198,0.999996,0.002838,1.000000,0.000197,0.000318
220,3.666667,0.012457,0.000198,-50.338272,0.007937,-0.000378,-24.890059,-0.000318,-0.000035,24.889959,6417.372,1,0.000000,4,3,68.784752,1,0,0,-0.000198,0.999996,0.002815,1.000000,0.000197,0.000318
221,3.683333,0.012590,0.000186,-50.754395,0.007976,-0.000730,-24.967278,-0.000318,-0.000035,24.967178,6437.035,1,0.000000,4,3,68.992668,1,0,0,-0.000197,0.999996,0.002780,1.000000,0.000196,0.000319
222,3.700000,0.012724,0.000169,-51.171787,0.008014,-0.001046,-25.043724,-0.000319,-0.000034,25.043629,6456.493,1,0.000000,4,3,69.198334,1,0,0,-0.000197,0.999996,0.002734,1.000000,0.000196,0.000319
223,3.716667,0.012858,0.000147,-51.590443,0.008052,-0.001316,-25.119383,-0.000319,-0.000034,25.119289,6475.739,1,0.000000,4,3,69.401703,1,0,0,-0.000197,0.999996,0.002680,1.000000,0.000196,0.000320
224,3.733333,0.012993,0.000121,-52.010349,0.008090,-0.001535,-25.194235,-0.000320,-0.000034,25.194145,6494.771,1,0.000000,4,3,69.602745,1,0,0,-0.000197,0.999997,0.002617,1.000000,0.000196,0.000320
225,3.750000,0.013128,0.000093,-52.431488,0.008127,-0.001699,-25.268265,-0.000321,-0.000034,25.268179,6513.585,1,0.000000,4,3,69.801430,1,0,0,-0.000197,0.999997,0.002549,1.000000,0.000196,0.000321
226,3.766667,0.013264,0.000063,-52.853848,0.008163,-0.001806,-25.341467,-0.000321,-0.000033,25.341387,6532.178,1,0.000000,4,3,69.997704,1,0,0,-0.000196,0.999997,0.002477,1.000000,0.000196,0.000322
227,3.783333,0.013401,0.000032,-53.277412,0.008200,-0.001854,-25.413820,-0.000322,-0.000033,25.413744,6550.545,1,0.000000,4,3,70.191559,1,0,0,-0.000196,0.999997,0.002402,1.000000,0.000196,0.000322
228,3.800000,0.013538,0.000001,-53.702164,0.008236,-0.001845,-25.485321,-0.000322,-0.000032,25.485249,6568.688,1,0.000000,4,3,70.382957,1,0,0,-0.000196,0.999997,0.002327,1.000000,0.000196,0.000323
229,3.816667,0.013676,-0.000029,-54.128098,0.008271,-0.001782,-25.555956,-0.000323,-0.000032,25.555887,6586.599,1,0.000000,4,3,70.571884,1,0,0,-0.000196,0.999997,0.002253,1.000000,0.000196,0.000323
230,3.833333,0.013814,-0.000057,-54.555195,0.008306,-0.001670,-25.625723,-0.000323,-0.000032,25.625658,6604.279,1,0.000000,4,3,70.758316,1,0,0,-0.000196,0.999998,0.002181,1.000000,0.000196,0.000324
231,3.850000,0.013953,-0.000082,-54.983440,0.008341,-0.001513,-25.694611,-0.000324,-0.000031,25.694551,6621.725,1,0.000000,4,3,70.942238,1,0,0,-0.000196,0.999998,0.002112,1.000000,0.000196,0.000324
232,3.866667,0.014093,-0.000104,-55.412819,0.008375,-0.001320,-25.762613,-0.000324,-0.000031,25.762558,6638.938,1,0.000000,4,3,71.123642,1,0,0,-0.000197,0.999998,0.002049,1.000000,0.000196,0.000325
233,3.883333,0.014233,-0.000122,-55.843311,0.008409,-0.001097,-25.829731,-0.000325,-0.000030,25.829678,6655.914,1,0.000000,4,3,71.302505,1,0,0,-0.000197,0.999998,0.001991,1.000000,0.000196,0.000325
234,3.900000,0.014374,-0.000136,-56.274914,0.008443,-0.000852,-25.895952,-0.000325,-0.000030,25.895901,6672.652,1,0.000000,4,3,71.478836,1,0,0,-0.000197,0.999998,0.001939,1.000000,0.000196,0.000326
235,3.916667,0.014515,-0.000146,-56.707600,0.008477,-0.000593,-25.961281,-0.000326,-0.000029,25.961237,6689.153,1,0.000000,4,3,71.652618,1,0,0,-0.000197,0.999998,0.001893,1.000000,0.000196,0.000326
236,3.933333,0.014657,-0.000152,-57.141361,0.008510,-0.000331,-26.025711,-0.000326,-0.000030,26.025667,6705.417,1,0.000000,4,3,71.823860,1,0,0,-0.000197,0.999998,0.001855,1.000000,0.000197,0.000327
237,3.950000,0.014799,-0.000153,-57.576183,0.008543,-0.000070,-26.089241,-0.000327,-0.000029,26.089197,6721.441,1,0.000000,4,3,71.992554,1,0,0,-0.000197,0.999998,0.001823,1.000000,0.000197,0.000327
238,3.966667,0.014942,-0.000150,-58.012047,0.008575,0.000179,-26.151873,-0.000327,-0.000028,26.151833,6737.229,1,0.000000,4,3,72.158699,1,0,0,-0.000198,0.999998,0.001798,1.000000,0.000197,0.000328
239,3.983333,0.015086,-0.000143,-58.448940,0.008607,0.000411,-26.213602,-0.000328,-0.000028,26.213562,6752.777,1,0.000000,4,3,72.322311,1,0,0,-0.000198,0.999998,0.001779,1.000000,0.000197,0.000328
240,4.000000,0.015230,-0.000133,-58.886845,0.008638,0.000619,-26.274431,-0.000328,-0.000027,26.274391,6768.087,1,0.000000,4,3,72.483398,1,0,0,-0.000198,0.999998,0.001766,1.000000,0.000197,0.000328
241,4.016667,0.015374,-0.000119,-59.325748,0.008670,0.000798,-26.334358,-0.000329,-0.000027,26.334318,6783.163,1,0.000000,4,3,72.641968,1,0,0,-0.000198,0.999998,0.001758,1.000000,0.000198,0.000329
242,4.033333,0.015519,-0.000104,-59.765640,0.008701,0.000945,-26.393389,-0.000329,-0.000027,26.393349,6798.002,1,0.000000,4,3,72.798027,1,0,0,-0.000198,0.999998,0.001755,1.000000,0.000198,0.000329
243,4.050000,0.015665,-0.000086,-60.206497,0.008732,0.001057,-26.451525,-0.000329,-0.000026,26.451485,6812.606,1,0.000000,4,3,72.951584,1,0,0,-0.000198,0.999998,0.001755,1.000000,0.000198,0.000330
244,4.066667,0.015811,-0.000067,-60.648308,0.008761,0.001132,-26.508766,-0.000330,-0.000026,26.508728,6826.977,1,0.000000,4,3,73.102669,1,0,0,-0.000199,0.999998,0.001758,1.000000,0.000198,0.000330
245,4.083333,0.015957,-0.000048,-61.091061,0.008791,0.001169,-26.565119,-0.000330,-0.000025,26.565081,6841.115,1,0.000000,4,3,73.251282,1,0,0,-0.000199,0.999998,0.001762,1.000000,0.000198,0.000331
246,4.100000,0.016104,-0.000028,-61.534737,0.008820,0.001171,-26.620583,-0.000331,-0.000025,26.620544,6855.023,1,0.000000,4,3,73.397453,1,0,0,-0.000199,0.999998,0.001768,1.000000,0.000198,0.000331
247,4.116667,0.016252,-0.000009,-61.979324,0.008850,0.001137,-26.675165,-0.000331,-0.000025,26.675127,6868.702,1,0.000000,4,3,73.541199,1,0,0,-0.000199,0.999998,0.001774,1.000000,0.000198,0.000331
248,4.133333,0.016400,0.000009,-62.424805,0.008879,0.001071,-26.728870,-0.000332,-0.000024,26.728832,6882.154,1,0.000000,4,3,73.682533,1,0,0,-0.000199,0.999998,0.001779,1.000000,0.000198,0.000332
249,4.150000,0.016548,0.000025,-62.871166,0.008907,0.000978,-26.781704,-0.000332,-0.000024,26.781664,6895.380,1,0.000000,4,3,73.821480,1,0,0,-0.000199,0.999998,0.001783,1.000000,0.000198,0.000332
250,4.166667,0.016697,0.000039,-63.318394,0.008934,0.000860,-26.833670,-0.000332,-0.000023,26.833630,6908.384,1,0.000000,4,3,73.958069,1,0,0,-0.000199,0.999998,0.001785,1.000000,0.000198,0.000333
251,4.183333,0.016846,0.000051,-63.766472,0.008962,0.000724,-26.884777,-0.000333,-0.000024,26.884735,6921.166,1,0.000000,4,3,74.092316,1,0,0,-0.000199,0.999998,0.001784,1.000000,0.000198,0.000333
252,4.200000,0.016996,0.000061,-64.215378,0.008989,0.000572,-26.935028,-0.000333,-0.000023,26.934986,6933.729,1,0.000000,4,3,74.224251,1,0,0,-0.000199,0.999998,0.001780,1.000000,0.000198,0.000333
253,4.216667,0.017146,0.000068,-64.665123,0.009016,0.000413,-26.984434,-0.000333,-0.000022,26.984392,6946.076,1,0.000000,4,3,74.353889,1,0,0,-0.000199,0.999998,0.001773,1.000000,0.000198,0.000334
254,4.233333,0.017297,0.000072,-65.115669,0.009041,0.000249,-27.032995,-0.000334,-0.000023,27.032953,6958.208,1,0.000000,4,3,74.481270,1,0,0,-0.000198,0.999998,0.001762,1.000000,0.000198,0.000334
255,4.250000,0.017448,0.000073,-65.567017,0.009067,0.000086,-27.080729,-0.000334,-0.000022,27.080688,6970.128,1,0.000000,4,3,74.606407,1,0,0,-0.000198,0.999998,0.001748,1.000000,0.000198,0.000335
256,4.266667,0.017600,0.000072,-66.019142,0.009093,-0.000071,-27.127638,-0.000335,-0.000022,27.127598,6981.839,1,0.000000,4,3,74.729332,1,0,0,-0.000198,0.999998,0.001730,1.000000,0.000198,0.000335
257,4.283333,0.017752,0.000069,-66.472038,0.009118,-0.000217,-27.173731,-0.000335,-0.000021,27.173689,6993.343,1,0.000000,4,3,74.850075,1,0,0,-0.000198,0.999998,0.001709,1.000000,0.000198,0.000335
258,4.300000,0.017904,0.000063,-66.925697,0.009142,-0.000349,-27.219019,-0.000335,-0.000021,27.218977,7004.642,2,0.000000,4,4,89.132248,1,0,0,-0.000198,0.999998,0.001685,1.000000,0.000198,0.000336
259,4.316667,0.018059,0.000052,-67.386337,0.009287,-0.000638,-27.638912,-0.000338,-0.000164,27.638859,7004.642,2,0.000000,4,4,87.264732,1,0,0,-0.000198,0.999998,0.001929,1.000000,0.000197,0.000338
260,4.333333,0.018216,0.000041,-67.852928,0.009412,-0.000669,-27.994905,-0.000343,-0.000325,27.994823,6890.728,2,0.000000,4,4,85.385406,1,0,0,-0.000198,0.999997,0.002367,1.000000,0.000197,0.000344
261,4.350000,0.018373,0.000034,-68.320648,0.009442,-0.000396,-28.062902,-0.000350,-0.000417,28.062792,6761.606,2,0.000000,4,4,84.498291,1,0,0,-0.000198,0.999996,0.002759,1.000000,0.000197,0.000351
262,4.366667,0.018534,0.000030,-68.794472,0.009669,-0.000292,-28.429615,-0.000358,-0.000469,28.429459,6629.321,2,0.000000,4,4,82.599678,1,0,0,-0.000198,0.999995,0.003315,1.000000,0.000197,0.000359
263,4.383333,0.018703,0.000029,-69.273926,0.010123,-0.000039,-28.767036,-0.000365,-0.000412,28.766811,6473.488,2,0.000000,4,4,80.691544,1,0,0,-0.000199,0.999992,0.003978,1.000000,0.000198,0.000366
264,4.400000,0.018877,0.000035,-69.756821,0.010424,0.000356,-28.973736,-0.000372,-0.000419,28.973431,6302.100,2,0.000000,4,4,79.260757,1,0,0,-0.000200,0.999989,0.004625,1.000000,0.000198,0.000373
265,4.416667,0.019056,0.000047,-70.243217,0.010776,0.000725,-29.183605,-0.000378,-0.000374,29.183208,6126.858,2,0.000000,4,4,77.855637,1,0,0,-0.000201,0.999986,0.005241,1.000000,0.000199,0.000379
266,4.433333,0.019242,0.000065,-70.731895,0.011121,0.001084,-29.320745,-0.000383,-0.000304,29.320267,5940.766,2,0.000000,4,4,76.775558,1,0,0,-0.000203,0.999983,0.005759,1.000000,0.000200,0.000384
267,4.450000,0.019432,0.000088,-71.221664,0.011440,0.001372,-29.386051,-0.000387,-0.000214,29.385511,5753.825,2,0.000000,4,4,76.053879,1,0,0,-0.000204,0.999981,0.006123,1.000000,0.000202,0.000388
268,4.466667,0.019625,0.000113,-71.711441,0.011556,0.001533,-29.386581,-0.000390,-0.000211,29.386011,5571.194,2,0.000000,4,4,75.687958,1,0,0,-0.000205,0.999980,0.006294,1.000000,0.000203,0.000392
269,4.483333,0.019819,0.000139,-72.200340,0.011642,0.001530,-29.333946,-0.000394,-0.000189,29.333385,5397.117,2,0.000000,4,4,75.645798,1,0,0,-0.000206,0.999981,0.006246,1.000000,0.000204,0.000395
270,4.500000,0.020014,0.000161,-72.687706,0.011687,0.001342,-29.242308,-0.000396,-0.000162,29.241798,5234.489,2,0.000000,4,4,75.874023,1,0,0,-0.000207,0.999982,0.005969,1.000000,0.000204,0.000397
271,4.516667,0.020209,0.000177,-73.173149,0.011701,0.000960,-29.126465,-0.000398,-0.000128,29.126038,5084.646,2,0.000000,4,4,76.306198,1,0,0,-0.000207,0.999985,0.005472,1.000000,0.000204,0.000399
272,4.533333,0.020404,0.000184,-73.656311,0.011684,0.000402,-28.989794,-0.000400,-0.000114,28.989466,4947.377,2,0.000000,4,4,76.870667,1,0,0,-0.000206,0.999989,0.004777,1.000000,0.000204,0.000401
273,4.550000,0.020598,0.000179,-74.137291,0.011670,-0.000302,-28.858967,-0.000401,-0.000075,28.858744,4821.099,2,0.000000,4,4,77.492722,1,0,0,-0.000206,0.999992,0.003931,1.000000,0.000204,0.000402
274,4.566667,0.020792,0.000161,-74.616447,0.011632,-0.001095,-28.749033,-0.000402,-0.000032,28.748905,4702.882,2,0.000000,4,4,78.110107,1,0,0,-0.000205,0.999996,0.002985,1.000000,0.000204,0.000403
275,4.583333,0.020986,0.000129,-75.094238,0.011617,-0.001910,-28.667528,-0.000401,0.000035,28.667467,4740.351,2,0.000000,4,4,79.368279,1,0,0,-0.000204,0.999998,0.001998,1.000000,0.000203,0.000402
276,4.600000,0.021179,0.000084,-75.571236,0.011609,-0.002674,-28.620125,-0.000399,0.000119,28.620108,4816.707,2,0.000000,4,4,80.425522,1,0,0,-0.000203,0.999999,0.001026,1.000000,0.000203,0.000400
277,4.616667,0.021372,0.000029,-76.048264,0.011600,-0.003328,-28.621361,-0.000396,0.000185,28.621363,4880.869,2,0.000000,4,4,81.241745,1,0,0,-0.000202,1.000000,0.000130,1.000000,0.000202,0.000396
278,4.633333,0.021565,-0.000035,-76.526054,0.011575,-0.003807,-28.667542,-0.000393,0.000230,28.667542,4930.404,2,0.000000,4,4,81.807312,1,0,0,-0.000202,1.000000,-0.000639,1.000000,0.000202,0.000392
279,4.650000,0.021757,-0.000102,-77.005264,0.011526,-0.004067,-28.752378,-0.000388,0.000253,28.752363,4964.727,2,0.000000,4,4,82.134781,1,0,0,-0.000201,0.999999,-0.001243,1.000000,0.000201,0.000388
280,4.666667,0.021948,-0.000171,-77.486549,0.011455,-0.004085,-28.877058,-0.000384,0.000258,28.877028,4984.600,2,0.000000,4,4,82.254105,1,0,0,-0.000200,0.999999,-0.001653,1.000000,0.000200,0.000384
281,4.683333,0.022138,-0.000235,-77.970238,0.011358,-0.003847,-29.021385,-0.000380,0.000237,29.021343,4991.841,2,0.000000,4,4,82.211266,1,0,0,-0.000199,0.999998,-0.001864,1.000000,0.000199,0.000380
282,4.700000,0.022325,-0.000291,-78.456406,0.011241,-0.003369,-29.170378,-0.000377,0.000192,29.170334,4989.242,2,0.000000,4,4,82.054657,1,0,0,-0.000198,0.999998,-0.001886,1.000000,0.000198,0.000377
283,4.716667,0.022510,-0.000336,-78.944962,0.011111,-0.002690,-29.313124,-0.000375,0.000131,29.313086,4979.738,2,0.000000,4,4,81.830994,1,0,0,-0.000196,0.999998,-0.001739,1.000000,0.000197,0.000374
284,4.733333,0.022693,-0.000367,-79.435677,0.010982,-0.001855,-29.443138,-0.000374,0.000064,29.443111,4966.164,2,0.000000,4,4,81.582039,1,0,0,-0.000195,0.999999,-0.001447,1.000000,0.000196,0.000373
285,4.750000,0.022876,-0.000382,-79.927864,0.010985,-0.000903,-29.531139,-0.000373,0.000042,29.531126,4951.056,2,0.000000,4,4,81.627754,1,0,0,-0.000194,0.999999,-0.001063,1.000000,0.000195,0.000373
286,4.766667,0.023060,-0.000380,-80.421074,0.011005,0.000088,-29.592663,-0.000372,0.000042,29.592659,4953.830,2,0.000000,4,4,81.801407,1,0,0,-0.000194,1.000000,-0.000625,1.000000,0.000194,0.000372
287,4.783333,0.023243,-0.000363,-80.915459,0.011016,0.001044,-29.662754,-0.000372,0.000035,29.662756,4964.368,2,0.000000,4,4,81.970161,1,0,0,-0.000193,1.000000,-0.000146,1.000000,0.000193,0.000372
288,4.800000,0.023427,-0.000331,-81.411003,0.011028,0.001935,-29.732704,-0.000371,0.000029,29.732704,4974.610,2,0.000000,4,4,82.153229,1,0,0,-0.000193,1.000000,0.000356,1.000000,0.000193,0.000371
289,4.816667,0.023611,-0.000285,-81.907730,0.011045,0.002726,-29.803780,-0.000371,0.000025,29.803772,4985.719,2,0.000000,4,4,82.340492,1,0,0,-0.000193,1.000000,0.000865,1.000000,0.000192,0.000371
290,4.833333,0.023796,-0.000229,-82.405655,0.011064,0.003390,-29.875195,-0.000370,0.000020,29.875174,4997.084,2,0.000000,4,4,82.531128,1,0,0,-0.000193,0.999999,0.001365,1.000000,0.000192,0.000371
291,4.850000,0.023980,-0.000163,-82.904770,0.011085,0.003908,-29.946844,-0.000370,0.000017,29.946804,5008.654,2,0.000000,4,4,82.723450,1,0,0,-0.000193,0.999998,0.001843,1.000000,0.000192,0.000370
292,4.866667,0.024165,-0.000092,-83.405075,0.011108,0.004263,-30.018566,-0.000370,0.000013,30.018499,5020.325,2,0.000000,4,4,82.916786,1,0,0,-0.000193,0.999997,0.002290,1.000000,0.000192,0.000370
293,4.883333,0.024351,-0.000018,-83.906578,0.011133,0.004452,-30.090288,-0.000370,0.000010,30.090191,5032.058,2,0.000000,4,4,83.110664,1,0,0,-0.000193,0.999996,0.002695,1.000000,0.000192,0.000370
294,4.900000,0.024537,0.000056,-84.409279,0.011159,0.004471,-30.161951,-0.000370,0.000007,30.161825,5043.825,2,0.000000,4,4,83.304840,1,0,0,-0.000193,0.999995,0.003051,1.000000,0.000192,0.000370
295,4.916667,0.024723,0.000128,-84.913170,0.011186,0.004327,-30.233522,-0.000370,0.000003,30.233368,5055.609,2,0.000000,4,4,83.499161,1,0,0,-0.000194,0.999994,0.003355,1.000000,0.000192,0.000370
296,4.933333,0.024910,0.000196,-85.418243,0.011212,0.004031,-30.304977,-0.000370,-0.000001,30.304800,5067.402,2,0.000000,4,4,83.693535,1,0,0,-0.000194,0.999994,0.003602,1.000000,0.000192,0.000370
297,4.950000,0.025098,0.000256,-85.924522,0.011239,0.003599,-30.376299,-0.000370,-0.000006,30.376097,5079.198,2,0.000000,4,4,83.887909,1,0,0,-0.000194,0.999993,0.003790,1.000000,0.000193,0.000370
298,4.966667,0.025285,0.000306,-86.431976,0.011267,0.003051,-30.447477,-0.000370,-0.000011,30.447254,5090.994,2,0.000000,4,4,84.082237,1,0,0,-0.000194,0.999992,0.003920,1.000000,0.000193,0.000371
299,4.983333,0.025474,0.000347,-86.940620,0.011297,0.002410,-30.518501,-0.000370,-0.000015,30.518267,5102.788,2,0.000000,4,4,84.276512,1,0,0,-0.000194,0.999992,0.003992,1.000000,0.000193,0.000371
300,5.000000,0.025662,0.000375,-87.450447,0.011329,0.001700,-30.589371,-0.000370,-0.000019,30.589134,5114.578,2,0.047244,4,4,84.470695,1,0,0,-0.000194,0.999992,0.004009,1.000000,0.000193,0.000371
301,5.016667,0.027081,0.000391,-87.961441,0.085124,0.000949,-30.659536,-0.001030,-0.039638,30.659369,5126.362,2,0.078740,4,4,84.664772,1,0,0,-0.000355,0.999992,0.003973,0.999999,0.000351,0.001032
302,5.033333,0.030801,0.000394,-88.473671,0.223162,0.000179,-30.733948,-0.002739,-0.102599,30.734211,5138.140,2,0.110236,4,4,84.831383,1,0,0,-0.000789,0.999992,0.003891,0.999996,0.000778,0.002742
303,5.050000,0.037995,0.000384,-88.986923,0.431677,-0.000572,-30.795258,-0.005827,-0.185479,30.797028,5148.251,2,0.149606,4,4,85.028877,1,0,0,-0.001596,0.999992,0.003756,0.999982,0.001574,0.005833
304,5.066667,0.050120,0.000363,-89.501030,0.727467,-0.001287,-30.846426,-0.010765,-0.296547,30.852270,5160.237,2,0.188976,4,4,85.236603,1,0,0,-0.002874,0.999990,0.003563,0.999938,0.002835,0.010775
305,5.083333,0.066165,0.000330,-90.015976,0.962744,-0.001949,-30.897051,-0.016588,-0.349691,30.908585,5172.844,2,0.228346,4,4,85.451538,1,0,0,-0.004378,0.999985,0.003318,0.999853,0.004322,0.016602
306,5.100000,0.086981,0.000288,-90.531853,1.248961,-0.002527,-30.952354,-0.023538,-0.417340,30.973011,5185.887,2,0.267717,4,4,85.618332,1,0,0,-0.006138,0.999977,0.003026,0.999704,0.006065,0.023554
307,5.116667,0.113330,0.000238,-91.048660,1.580945,-0.002991,-31.008436,-0.031729,-0.491840,31.042841,5196.010,2,0.307087,4,4,85.737762,1,0,0,-0.008162,0.999963,0.002688,0.999463,0.008072,0.031746
308,5.133333,0.145922,0.000183,-91.565971,1.955508,-0.003299,-31.038683,-0.041286,-0.573811,31.092821,5203.258,2,0.354331,4,4,85.907097,1,0,0,-0.010440,0.999943,0.002286,0.999093,0.010337,0.041300
309,5.150000,0.185617,0.000126,-92.083633,2.381711,-0.003450,-31.059814,-0.052261,-0.658893,31.141718,5213.535,2,0.393701,4,4,86.058098,1,0,0,-0.012977,0.999914,0.001810,0.998550,0.012865,0.052265
310,5.166667,0.233093,0.000069,-92.601448,2.848543,-0.003425,-31.069017,-0.064516,-0.735683,31.187943,5222.699,2,0.440945,4,4,86.201294,1,0,0,-0.015744,0.999875,0.001254,0.997795,0.015630,0.064499
311,5.183333,0.289125,0.000015,-93.119148,3.361929,-0.003205,-31.061676,-0.078007,-0.809881,31.229136,5231.389,2,0.480315,4,4,86.345993,1,0,0,-0.018722,0.999825,0.000605,0.996783,0.018618,0.077953
312,5.200000,0.354315,-0.000031,-93.636444,3.911383,-0.002782,-31.037363,-0.092555,-0.873225,31.265959,5240.171,2,0.527559,4,4,86.493584,1,0,0,-0.021868,0.999761,-0.000146,0.995480,0.021788,0.092442
313,5.216667,0.429259,-0.000067,-94.152885,4.496615,-0.002148,-30.987009,-0.108126,-0.934624,31.291252,5249.127,2,0.574803,4,4,86.646828,1,0,0,-0.025142,0.999683,-0.001013,0.993842,0.025104,0.107924
314,5.233333,0.514489,-0.000089,-94.668175,5.113790,-0.001313,-30.917500,-0.124632,-0.990701,31.313341,5258.428,2,0.622047,4,4,86.798584,1,0,0,-0.028497,0.999592,-0.002001,0.991834,0.028524,0.124303
315,5.250000,0.610429,-0.000093,-95.181976,5.756410,-0.000284,-30.827744,-0.141987,-1.041571,31.332075,5267.637,2,0.669291,4,4,86.949295,1,0,0,-0.031877,0.999487,-0.003112,0.989423,0.031997,0.141483
316,5.266667,0.717182,-0.000078,-95.693977,6.405190,0.000922,-30.719955,-0.160354,-1.102343,31.348518,5276.783,2,0.716535,4,4,87.097862,1,0,0,-0.035197,0.999371,-0.004347,0.986543,0.035439,0.159614
317,5.283333,0.834856,-0.000040,-96.203720,7.060446,0.002284,-30.584398,-0.179792,-1.166535,31.353971,5285.800,2,0.763780,4,4,87.240303,1,0,0,-0.038386,0.999247,-0.005706,0.983132,0.038788,0.178738
318,5.300000,0.963657,0.000023,-96.711014,7.728050,0.003752,-30.437775,-0.200246,-1.227495,31.366728,5294.444,2,0.811024,4,4,87.347633,1,0,0,-0.041400,0.999117,-0.007174,0.979143,0.042000,0.198785
319,5.316667,1.103720,0.000111,-97.215622,8.403804,0.005294,-30.276691,-0.221597,-1.281245,31.383394,5300.958,2,0.866142,4,4,87.435440,1,0,0,-0.044197,0.998985,-0.008729,0.974546,0.045035,0.219617
320,5.333333,1.255141,0.000225,-97.717247,9.085242,0.006864,-30.097160,-0.243851,-1.335462,31.400286,5306.287,2,0.913386,4,4,87.527397,1,0,0,-0.046745,0.998853,-0.010355,0.969289,0.047862,0.241223
321,5.350000,1.418030,0.000365,-98.215424,9.773339,0.008416,-29.890757,-0.266980,-1.387923,31.410172,5311.868,2,0.960630,4,4,87.636040,1,0,0,-0.049030,0.998725,-0.012042,0.963325,0.050469,0.263548
322,5.366667,1.592477,0.000530,-98.709816,10.466819,0.009891,-29.663408,-0.290957,-1.438799,31.419235,5318.460,2,1.000000,4,4,87.742783,1,0,0,-0.051041,0.998602,-0.013773,0.956609,0.052846,0.286541
323,5.383333,1.778551,0.000718,-99.199989,11.164443,0.011241,-29.410536,-0.315637,-1.481009,31.423288,5324.939,2,1.000000,4,4,87.867645,1,0,0,-0.052778,0.998485,-0.015534,0.949133,0.054993,0.310037
324,5.400000,1.976486,0.000924,-99.685463,11.876085,0.012409,-29.128586,-0.340597,-1.497830,31.422478,5332.517,2,1.000000,4,4,88.000076,1,0,0,-0.054269,0.998376,-0.017319,0.940992,0.056936,0.333605
325,5.416667,2.186478,0.001147,-100.165855,12.599497,0.013347,-28.823269,-0.365562,-1.498099,31.422678,5340.553,2,1.000000,4,4,88.122253,1,0,0,-0.055537,0.998274,-0.019118,0.932271,0.058702,0.356968
326,5.433333,2.408688,0.001381,-100.640823,13.332635,0.014017,-28.498047,-0.390361,-1.488125,31.427511,5347.968,2,1.000000,4,4,88.222069,1,0,0,-0.056607,0.998177,-0.020921,0.923038,0.060309,0.379952
327,5.450000,2.643241,0.001621,-101.110069,14.073145,0.014401,-28.155191,-0.414899,-1.472478,31.439217,5354.026,2,1.000000,4,4,88.291115,1,0,0,-0.057495,0.998087,-0.022717,0.913350,0.061774,0.402463
328,5.466667,2.889351,0.001862,-101.573723,14.766631,0.014499,-27.819077,-0.439735,-1.490343,31.458578,5358.216,2,1.000000,4,4,88.323837,1,0,0,-0.058097,0.998011,-0.024485,0.902998,0.062993,0.425001
329,5.483333,3.146998,0.002100,-102.031464,15.458809,0.014292,-27.464392,-0.464723,-1.499473,31.479851,5360.202,2,1.000000,4,4,88.340965,1,0,0,-0.058437,0.997947,-0.026223,0.892034,0.063992,0.447415
330,5.500000,3.416107,0.002330,-102.483017,16.146534,0.013773,-27.093248,-0.489791,-1.504208,31.503838,5361.242,2,1.000000,4,4,88.341217,1,0,0,-0.058534,0.997895,-0.027928,0.880489,0.064791,0.469619
331,5.516667,3.696575,0.002546,-102.928123,16.828060,0.012944,-26.706242,-0.514899,-1.506582,31.530401,5361.256,2,1.000000,4,4,88.325974,1,0,0,-0.058407,0.997854,-0.029599,0.868382,0.065410,0.491564
332,5.533333,3.988277,0.002743,-103.366508,17.502163,0.011827,-26.303255,-0.540025,-1.507610,31.558945,5360.332,2,1.000000,4,4,88.298050,1,0,0,-0.058079,0.997823,-0.031236,0.855729,0.065874,0.513214
333,5.550000,4.291074,0.002917,-103.797905,18.167809,0.010451,-25.883827,-0.565154,-1.507841,31.588627,5358.637,2,1.000000,4,4,88.261070,1,0,0,-0.057570,0.997801,-0.032841,0.842543,0.066206,0.534545
334,5.566667,4.604808,0.003065,-104.222031,18.824047,0.008857,-25.447374,-0.590280,-1.507600,31.618521,5356.393,2,1.000000,4,4,88.218964,1,0,0,-0.056898,0.997787,-0.034414,0.828836,0.066424,0.555535
335,5.583333,4.929307,0.003183,-104.638588,19.469954,0.007092,-24.993341,-0.615399,-1.507133,31.647720,5353.837,2,1.000000,4,4,88.175552,1,0,0,-0.056079,0.997779,-0.035955,0.814617,0.066547,0.576169
336,5.600000,5.264231,0.003270,-105.047058,20.095421,0.005216,-24.508259,-0.640425,-1.501580,31.659374,5351.203,2,1.000000,4,4,88.200211,1,0,0,-0.055125,0.997776,-0.037467,0.799947,0.066589,0.596365
337,5.616667,5.609434,0.003324,-105.447304,20.712189,0.003263,-24.014872,-0.665458,-1.501968,31.678913,5352.700,2,1.000000,4,4,88.192055,1,0,0,-0.054047,0.997779,-0.038944,0.784777,0.066560,0.616194
338,5.633333,5.964602,0.003346,-105.838913,21.310059,0.001306,-23.496231,-0.690450,-1.499535,31.686584,5352.204,2,1.000000,4,4,88.229362,1,0,0,-0.052856,0.997785,-0.040386,0.769147,0.066471,0.635606
339,5.650000,6.329595,0.003336,-106.221733,21.899538,-0.000617,-22.969431,-0.715489,-1.502322,31.702412,5354.468,2,1.000000,4,4,88.232010,1,0,0,-0.051567,0.997795,-0.041788,0.753010,0.066334,0.654657
340,5.666667,6.704110,0.003295,-106.595390,22.470943,-0.002435,-22.419777,-0.740531,-1.502488,31.708897,5354.629,2,1.000000,4,4,88.269241,1,0,0,-0.050193,0.997807,-0.043152,0.736403,0.066162,0.673300
341,5.683333,7.088014,0.003226,-106.959755,23.034222,-0.004113,-21.861675,-0.765648,-1.507020,31.723572,5356.889,2,1.000000,4,4,88.270821,1,0,0,-0.048749,0.997820,-0.044474,0.719284,0.065965,0.691577
342,5.700000,7.480973,0.003133,-107.314423,23.577560,-0.005593,-21.279877,-0.790779,-1.507840,31.727240,5356.984,2,1.000000,4,4,88.313255,1,0,0,-0.047250,0.997834,-0.045756,0.701703,0.065759,0.709428
343,5.716667,7.882853,0.003019,-107.659256,24.112736,-0.006853,-20.690151,-0.815996,-1.513015,31.739613,5359.560,2,1.000000,4,4,88.318039,1,0,0,-0.045709,0.997849,-0.046996,0.683617,0.065549,0.726892
344,5.733333,8.293316,0.002888,-107.993896,24.627798,-0.007851,-20.078472,-0.841241,-1.514682,31.742359,5359.850,2,1.000000,4,4,88.358017,1,0,0,-0.044136,0.997862,-0.048195,0.665075,0.065346,0.743912
345,5.750000,8.712227,0.002745,-108.318214,25.134611,-0.008576,-19.459053,-0.866580,-1.520328,31.754068,5362.276,2,1.000000,4,4,88.359207,1,0,0,-0.042546,0.997875,-0.049349,0.646037,0.065156,0.760520
346,5.766667,9.139215,0.002595,-108.631836,25.619259,-0.009006,-18.817640,-0.891942,-1.521709,31.754906,5362.348,2,1.000000,4,4,88.400810,1,0,0,-0.040944,0.997886,-0.050463,0.626565,0.064984,0.776655
347,5.783333,9.574138,0.002443,-108.934662,26.095446,-0.009151,-18.169260,-0.917394,-1.527141,31.765247,5364.873,2,1.000000,4,4,88.401955,1,0,0,-0.039342,0.997896,-0.051532,0.606617,0.064833,0.792346
348,5.800000,10.016618,0.002293,-109.226341,26.548786,-0.009006,-17.500587,-0.942868,-1.528394,31.765566,5364.943,2,1.000000,4,4,88.440536,1,0,0,-0.037743,0.997904,-0.052558,0.586256,0.064705,0.807537
349,5.816667,10.466508,0.002149,-109.506767,26.993418,-0.008600,-16.825552,-0.968426,-1.533505,31.775749,5367.284,2,1.000000,4,4,88.437653,1,0,0,-0.036156,0.997911,-0.053538,0.565443,0.064601,0.822254
350,5.833333,10.923396,0.002017,-109.775620,27.413277,-0.007944,-16.131020,-0.993991,-1.533923,31.775091,5367.109,2,1.000000,4,4,88.476082,1,0,0,-0.034583,0.997916,-0.054476,0.544251,0.064522,0.836437
351,5.850000,11.387132,0.001899,-110.032806,27.824165,-0.007082,-15.431118,-1.019629,-1.538284,31.784782,5369.441,2,1.000000,4,4,88.471848,1,0,0,-0.033029,0.997920,-0.055367,0.522640,0.064465,0.850113
352,5.866667,11.857288,0.001798,-110.278030,28.209404,-0.006034,-14.713568,-1.045263,-1.537994,31.784138,5369.185,2,1.000000,4,4,88.507607,1,0,0,-0.031493,0.997922,-0.056217,0.500686,0.064430,0.863228
353,5.883333,12.333712,0.001717,-110.511230,28.585409,-0.004857,-13.991544,-1.070956,-1.541593,31.794178,5371.354,2,1.000000,4,4,88.500023,1,0,0,-0.029980,0.997923,-0.057020,0.478348,0.064413,0.875805
354,5.900000,12.815948,0.001658,-110.732109,28.934160,-0.003577,-13.253277,-1.096626,-1.540247,31.793346,5370.894,2,1.000000,4,4,88.535233,1,0,0,-0.028486,0.997923,-0.057783,0.455712,0.064414,0.887794
355,5.916667,13.303839,0.001620,-110.940636,29.273478,-0.002256,-12.511625,-1.122342,-1.542913,31.803558,5373.032,2,1.000000,4,4,88.526413,1,0,0,-0.027012,0.997922,-0.058501,0.432732,0.064428,0.899217
356,5.933333,13.796918,0.001605,-111.136566,29.584742,-0.000918,-11.755702,-1.148020,-1.540713,31.803183,5372.496,2,1.000000,4,4,88.559906,1,0,0,-0.025556,0.997920,-0.059180,0.409498,0.064455,0.910031
357,5.950000,14.295025,0.001611,-111.319855,29.886398,0.000377,-10.997370,-1.173730,-1.542571,31.814051,5374.529,2,1.000000,4,4,88.549095,1,0,0,-0.024117,0.997918,-0.059817,0.385963,0.064490,0.920257
358,5.966667,14.797672,0.001638,-111.490295,30.158850,0.001608,-10.226477,-1.199387,-1.539460,31.813993,5373.872,2,1.000000,4,4,88.582451,1,0,0,-0.022690,0.997915,-0.060416,0.362219,0.064532,0.929856
359,5.983333,15.304699,0.001683,-111.647865,30.421604,0.002724,-9.454178,-1.225063,-1.540561,31.825359,5375.896,2,1.000000,4,4,88.571281,1,0,0,-0.021273,0.997913,-0.060975,0.338218,0.064576,0.938849
360,6.000000,15.815608,0.001745,-111.792389,30.654589,0.003710,-8.671251,-1.250677,-1.536820,31.825932,5375.219,2,1.000000,4,4,88.604118,1,0,0,-0.019862,0.997910,-0.061497,0.314052,0.064623,0.947204
361,6.016667,16.330238,0.001821,-111.923851,30.877827,0.004530,-7.887766,-1.276300,-1.537387,31.837971,5377.211,2,1.000000,4,4,88.592468,1,0,0,-0.018454,0.997907,-0.061980,0.289670,0.064668,0.954939
362,6.033333,16.848082,0.001907,-112.042107,31.070587,0.005179,-7.095389,-1.301853,-1.533142,31.839001,5376.504,2,1.000000,4,4,88.625893,1,0,0,-0.017044,0.997904,-0.062427,0.265166,0.064712,0.962029
363,6.050000,17.368975,0.002001,-112.147163,31.253614,0.005632,-6.303226,-1.327409,-1.533352,31.851503,5378.534,2,1.000000,4,4,88.614914,1,0,0,-0.015630,0.997901,-0.062836,0.240484,0.064751,0.968491
364,6.066667,17.892406,0.002099,-112.238892,31.405872,0.005898,-5.503927,-1.352891,-1.528906,31.853067,5377.867,2,1.000000,4,4,88.648788,1,0,0,-0.014206,0.997899,-0.063210,0.215718,0.064786,0.974304
365,6.083333,18.418213,0.002198,-112.317314,31.548426,0.005965,-4.705447,-1.378374,-1.529014,31.866020,5379.923,2,1.000000,4,4,88.638474,1,0,0,-0.012771,0.997897,-0.063546,0.190810,0.064815,0.979485
366,6.100000,18.945877,0.002296,-112.382332,31.659830,0.005855,-3.901407,-1.403783,-1.524549,31.867874,5379.296,2,1.000000,4,4,88.673515,1,0,0,-0.011320,0.997896,-0.063846,0.165853,0.064840,0.984017
367,6.116667,19.475239,0.002389,-112.433975,31.761593,0.005564,-3.098687,-1.429196,-1.524745,31.881006,5381.423,2,1.000000,4,4,88.664551,1,0,0,-0.009852,0.997894,-0.064108,0.140785,0.064857,0.987913
368,6.133333,20.005774,0.002474,-112.472176,31.832129,0.005126,-2.291932,-1.454538,-1.520513,31.883099,5380.879,2,1.000000,4,4,88.700485,1,0,0,-0.008363,0.997893,-0.064335,0.115698,0.064870,0.991164
369,6.150000,20.537325,0.002550,-112.496956,31.893068,0.004546,-1.486855,-1.479887,-1.520997,31.896349,5383.060,2,1.000000,4,4,88.692650,1,0,0,-0.006854,0.997893,-0.064522,0.090530,0.064877,0.993778
370,6.166667,21.069368,0.002614,-112.508270,31.922607,0.003864,-0.679144,-1.505173,-1.517121,31.898418,5382.584,2,1.000000,4,4,88.729828,1,0,0,-0.005320,0.997892,-0.064671,0.065369,0.064881,0.995750
371,6.183333,21.601746,0.002666,-112.506165,31.942610,0.003090,0.126600,-1.530473,-1.518007,31.911526,5384.841,2,1.000000,4,4,88.723373,1,0,0,-0.003766,0.997892,-0.064780,0.040153,0.064879,0.997085
372,6.200000,22.133934,0.002704,-112.490601,31.931223,0.002268,0.933616,-1.555717,-1.514627,31.913492,5384.449,2,1.000000,4,4,88.761429,1,0,0,-0.002186,0.997893,-0.064850,0.014969,0.064876,0.997781
373,6.216667,22.665771,0.002727,-112.461632,31.910334,0.001409,1.738441,-1.580984,-1.516010,31.926365,5386.759,2,1.000000,4,4,88.755966,1,0,0,-0.000587,0.997893,-0.064878,-0.010247,0.064869,0.997841
374,6.233333,23.196739,0.002736,-112.419243,31.857994,0.000557,2.543222,-1.606203,-1.513143,31.928028,5386.427,2,1.000000,4,4,88.794937,1,0,0,0.001036,0.997893,-0.064866,-0.035406,0.064861,0.997266
375,6.250000,23.726677,0.002732,-112.363487,31.796202,-0.000278,3.345593,-1.631453,-1.515032,31.940510,5388.792,2,1.000000,4,4,88.790390,1,0,0,0.002675,0.997894,-0.064809,-0.060574,0.064852,0.996055
376,6.266667,24.255062,0.002714,-112.294373,31.703033,-0.001056,4.146593,-1.656665,-1.512697,31.941820,5388.516,2,1.000000,4,4,88.829788,1,0,0,0.004333,0.997895,-0.064711,-0.085662,0.064845,0.994212
377,6.283333,24.781736,0.002685,-112.211952,31.600456,-0.001772,4.944962,-1.681916,-1.515075,31.953888,5390.907,2,1.000000,4,4,88.825630,1,0,0,0.006004,0.997895,-0.064569,-0.110735,0.064836,0.991733
378,6.300000,25.306177,0.002645,-112.116280,31.466515,-0.002391,5.740601,-1.707136,-1.513186,31.954737,5390.655,2,1.000000,4,4,88.865402,1,0,0,0.007687,0.997896,-0.064383,-0.135705,0.064830,0.988626
379,6.316667,25.828232,0.002596,-112.007385,31.323240,-0.002916,6.533337,-1.732402,-1.515969,31.966314,5393.068,2,1.000000,4,4,88.861481,1,0,0,0.009375,0.997896,-0.064152,-0.160633,0.064825,0.984883
380,6.333333,26.347378,0.002541,-111.885353,31.148754,-0.003318,7.321935,-1.757643,-1.514450,31.966721,5392.830,2,1.000000,4,4,88.901176,1,0,0,0.011070,0.997896,-0.063878,-0.185434,0.064823,0.980516
381,6.350000,26.863461,0.002481,-111.750229,30.965036,-0.003610,8.107315,-1.782935,-1.517540,31.977875,5395.239,2,1.000000,4,4,88.897018,1,0,0,0.012764,0.997896,-0.063559,-0.210166,0.064822,0.975514
382,6.366667,27.375965,0.002418,-111.602112,30.750256,-0.003768,8.887080,-1.808206,-1.516251,31.977821,5394.987,2,1.000000,4,4,88.936546,1,0,0,0.014457,0.997896,-0.063197,-0.234742,0.064824,0.969894
383,6.383333,27.884739,0.002354,-111.441063,30.526402,-0.003813,9.663252,-1.833531,-1.519517,31.988588,5397.386,2,1.000000,4,4,88.931999,1,0,0,0.016140,0.997896,-0.062790,-0.259222,0.064827,0.963640
384,6.400000,28.389267,0.002292,-111.267189,30.271778,-0.003734,10.432273,-1.858837,-1.518340,31.988182,5397.110,2,1.000000,4,4,88.971046,1,0,0,0.017816,0.997896,-0.062341,-0.283515,0.064834,0.956773
385,6.416667,28.889406,0.002233,-111.080566,30.008287,-0.003553,11.197275,-1.884198,-1.521662,31.998667,5399.479,2,1.000000,4,4,88.965797,1,0,0,0.019476,0.997895,-0.061850,-0.307681,0.064842,0.949278
386,6.433333,29.384645,0.002179,-110.881340,29.714352,-0.003265,11.953536,-1.909539,-1.520447,31.997952,5399.162,2,1.000000,4,4,89.004387,1,0,0,0.021122,0.997895,-0.061318,-0.331629,0.064853,0.941178
387,6.450000,29.874842,0.002130,-110.669586,29.411823,-0.002902,12.705309,-1.934934,-1.523695,32.008240,5401.503,2,1.000000,4,4,88.998444,1,0,0,0.022746,0.997894,-0.060746,-0.355416,0.064864,0.932455
388,6.466667,30.359497,0.002089,-110.445473,29.079348,-0.002460,13.446726,-1.960306,-1.522349,32.007362,5401.142,2,1.000000,4,4,89.036385,1,0,0,0.024351,0.997893,-0.060135,-0.378953,0.064877,0.923139
389,6.483333,30.838474,0.002056,-110.209091,28.738605,-0.001975,14.183169,-1.985730,-1.525432,32.017582,5403.445,2,1.000000,4,4,89.029572,1,0,0,0.025930,0.997892,-0.059486,-0.402294,0.064891,0.913208
390,6.500000,31.311281,0.002032,-109.960632,28.368454,-0.001445,14.907619,-2.011127,-1.523846,32.016609,5403.032,2,1.000000,4,4,89.067001,1,0,0,0.027485,0.997891,-0.058800,-0.425352,0.064906,0.902697
391,6.516667,31.777790,0.002017,-109.700180,27.990423,-0.000906,15.626601,-2.036572,-1.526685,32.026855,5405.303,2,1.000000,4,4,89.059456,1,0,0,0.029010,0.997890,-0.058079,-0.448178,0.064921,0.891584
392,6.533333,32.237514,0.002011,-109.427986,27.583679,-0.000359,16.331978,-2.061986,-1.524817,32.025917,5404.845,2,1.000000,4,4,89.096344,1,0,0,0.030509,0.997890,-0.057323,-0.470687,0.064937,0.879907
393,6.550000,32.690342,0.002014,-109.144127,27.169477,0.000164,17.031414,-2.087442,-1.527377,32.036285,5407.084,2,1.000000,4,4,89.088074,1,0,0,0.031977,0.997888,-0.056535,-0.492930,0.064951,0.867641
394,6.566667,33.135796,0.002025,-108.848869,26.727308,0.000666,17.715658,-2.112862,-1.525189,32.035439,5406.582,2,1.000000,4,4,89.124611,1,0,0,0.033417,0.997887,-0.055714,-0.514823,0.064967,0.854831
395,6.583333,33.573761,0.002043,-108.542313,26.278135,0.001113,18.393513,-2.138319,-1.527444,32.045986,5408.799,2,1.000000,4,4,89.115837,1,0,0,0.034824,0.997886,-0.054862,-0.536416,0.064981,0.841448
396,6.600000,34.003796,0.002069,-108.224731,25.801882,0.001514,19.054661,-2.163735,-1.524954,32.045315,5408.267,2,1.000000,4,4,89.152023,1,0,0,0.036203,0.997886,-0.053980,-0.557627,0.064996,0.827544
397,6.616667,34.425777,0.002099,-107.896248,25.319086,0.001843,19.709019,-2.189184,-1.526925,32.056107,5410.463,2,1.000000,4,4,89.142776,1,0,0,0.037548,0.997885,-0.053068,-0.578505,0.065008,0.813084
398,6.633333,34.839279,0.002135,-107.557159,24.810114,0.002110,20.345201,-2.214586,-1.524138,32.055618,5409.902,2,1.000000,4,4,89.178871,1,0,0,0.038865,0.997884,-0.052128,-0.598972,0.065021,0.798126
399,6.650000,35.244202,0.002173,-107.207588,24.295076,0.002294,20.974230,-2.240017,-1.525857,32.066647,5412.092,2,1.000000,4,4,89.169411,1,0,0,0.040149,0.997883,-0.051159,-0.619075,0.065032,0.782635
400,6.666667,35.640118,0.002213,-106.847862,23.754883,0.002411,21.583719,-2.265398,-1.522843,32.066380,5411.518,2,1.000000,4,4,89.205414,1,0,0,0.041405,0.997882,-0.050163,-0.638739,0.065043,0.766669
401,6.683333,36.026936,0.002254,-106.478104,23.209084,0.002444,22.185738,-2.290804,-1.524379,32.077671,5413.703,2,1.000000,4,4,89.195778,1,0,0,0.042630,0.997882,-0.049139,-0.658011,0.065052,0.750193
402,6.700000,36.404251,0.002294,-106.098656,22.639153,0.002413,22.766909,-2.316158,-1.521196,32.077587,5413.118,2,1.000000,4,4,89.231903,1,0,0,0.043827,0.997881,-0.048087,-0.676820,0.065061,0.733268
403,6.716667,36.771988,0.002332,-105.709648,22.064064,0.002307,23.340330,-2.341535,-1.522616,32.089073,5415.311,2,1.000000,4,4,89.222328,1,0,0,0.044993,0.997881,-0.047007,-0.695211,0.065068,0.715855
404,6.733333,37.129753,0.002368,-105.311455,21.465952,0.002148,23.891701,-2.366857,-1.519357,32.089165,5414.729,2,1.000000,4,4,89.258568,1,0,0,0.046133,0.997880,-0.045900,-0.713115,0.065075,0.698020
405,6.750000,37.477470,0.002400,-104.904205,20.863106,0.001927,24.435083,-2.392203,-1.520744,32.100819,5416.929,2,1.000000,4,4,89.249077,1,0,0,0.047243,0.997880,-0.044764,-0.730579,0.065080,0.679720
406,6.766667,37.814777,0.002428,-104.488289,20.238346,0.001673,24.955269,-2.417494,-1.517486,32.101009,5416.353,2,1.000000,4,4,89.285583,1,0,0,0.048327,0.997880,-0.043600,-0.747537,0.065085,0.661024
407,6.783333,38.141598,0.002451,-104.063835,19.609259,0.001374,25.467257,-2.442810,-1.518916,32.112747,5418.568,2,1.000000,4,4,89.276337,1,0,0,0.049381,0.997879,-0.042408,-0.764032,0.065088,0.641887
408,6.800000,38.457588,0.002469,-103.631248,18.959433,0.001062,25.955002,-2.468072,-1.515745,32.112999,5418.008,2,1.000000,4,4,89.313072,1,0,0,0.050410,0.997879,-0.041186,-0.780003,0.065091,0.622381
409,6.816667,38.762680,0.002481,-103.190681,18.305658,0.000726,26.434364,-2.493360,-1.517290,32.124763,5420.237,2,1.000000,4,4,89.304062,1,0,0,0.051408,0.997879,-0.039937,-0.795493,0.065093,0.602456
410,6.833333,39.056553,0.002488,-102.742538,17.632328,0.000398,26.888485,-2.518598,-1.514257,32.124992,5419.689,2,1.000000,4,4,89.341103,1,0,0,0.052379,0.997879,-0.038657,-0.810444,0.065094,0.582188
411,6.850000,39.339146,0.002489,-102.286980,16.955425,0.000066,27.334055,-2.543864,-1.515969,32.136700,5421.938,2,1.000000,4,4,89.332397,1,0,0,0.053320,0.997879,-0.037348,-0.824895,0.065093,0.561526
412,6.866667,39.610149,0.002485,-101.824417,16.260210,-0.000241,27.753479,-2.569083,-1.513138,32.136868,5421.410,2,1.000000,4,4,89.369637,1,0,0,0.054233,0.997879,-0.036010,-0.838793,0.065093,0.540546
413,6.883333,39.869514,0.002476,-101.355019,15.561779,-0.000533,28.164204,-2.594334,-1.515054,32.148468,5423.669,2,1.000000,4,4,89.361145,1,0,0,0.055113,0.997879,-0.034644,-0.852174,0.065091,0.519194
414,6.900000,40.116951,0.002463,-100.879219,14.846295,-0.000787,28.547903,-2.619541,-1.512432,32.148499,5423.154,2,1.000000,4,4,89.398651,1,0,0,0.055964,0.997879,-0.033249,-0.864990,0.065089,0.497550
415,6.916667,40.352417,0.002446,-100.397171,14.127965,-0.001013,28.922770,-2.644784,-1.514561,32.159931,5425.430,2,1.000000,4,4,89.390411,1,0,0,0.056781,0.997879,-0.031828,-0.877273,0.065086,0.475559
416,6.933333,40.575649,0.002426,-99.909348,13.393899,-0.001191,29.269821,-2.669986,-1.512152,32.159790,5424.930,2,1.000000,4,4,89.428070,1,0,0,0.057567,0.997879,-0.030378,-0.888978,0.065084,0.453302
417,6.950000,40.786602,0.002404,-99.415878,12.657363,-0.001334,29.607922,-2.695228,-1.514486,32.171043,5427.216,2,1.000000,4,4,89.419960,1,0,0,0.058316,0.997880,-0.028905,-0.900135,0.065080,0.430721
418,6.966667,40.985046,0.002380,-98.917252,11.906456,-0.001423,29.917473,-2.720433,-1.512273,32.170719,5426.723,2,1.000000,4,4,89.457664,1,0,0,0.059032,0.997880,-0.027406,-0.910704,0.065078,0.407901
419,6.983333,41.170937,0.002355,-98.413620,11.153468,-0.001477,30.217974,-2.745679,-1.514767,32.181786,5429.012,2,1.000000,4,4,89.449570,1,0,0,0.059709,0.997880,-0.025887,-0.920710,0.065074,0.384783
420,7.000000,41.344059,0.002331,-97.905472,10.387512,-0.001477,30.489237,-2.770890,-1.512684,32.181271,5428.520,2,0.897638,4,4,89.487297,1,0,0,0.060351,0.997880,-0.024346,-0.930117,0.065072,0.361452
421,7.016667,41.503941,0.002307,-97.392990,9.592752,-0.001448,30.749062,-2.795343,-1.467183,32.179676,5430.811,2,0.803150,4,4,89.479172,1,0,0,0.061002,0.997877,-0.022790,-0.938672,0.065116,0.338607
422,7.033333,41.650551,0.002284,-96.876869,8.796697,-0.001380,30.967020,-2.818625,-1.396924,32.157860,5430.317,2,0.700787,4,4,89.441933,1,0,0,0.061638,0.997874,-0.021188,-0.946292,0.065176,0.316674
423,7.050000,41.784615,0.002262,-96.357956,8.043978,-0.001314,31.134977,-2.840774,-1.328919,32.120285,5428.057,2,0.614173,4,4,89.369789,1,0,0,0.062154,0.997876,-0.019478,-0.953070,0.065135,0.295662
424,7.066667,41.907333,0.002240,-95.836006,7.363001,-0.001322,31.317173,-2.862186,-1.284753,32.133278,5423.678,2,0.519685,4,4,89.280373,1,0,0,0.062429,0.997894,-0.017643,-0.959190,0.064874,0.275220
425,7.083333,42.020222,0.002216,-95.311234,6.773385,-0.001400,31.486385,-2.882401,-1.212876,32.170662,5418.252,2,0.433071,4,4,89.202087,1,0,0,0.062291,0.997935,-0.015701,-0.964588,0.064234,0.255819
426,7.100000,42.125080,0.002190,-94.783859,6.291665,-0.001590,31.642469,-2.901034,-1.118085,32.230255,5413.501,2,0.346457,4,4,89.158150,1,0,0,0.061576,0.998009,-0.013689,-0.969251,0.063064,0.237855
427,7.116667,42.223785,0.002158,-94.254372,5.922181,-0.001931,31.768932,-2.917598,-0.994022,32.290691,5410.834,2,0.259843,4,4,89.219269,1,0,0,0.060149,0.998121,-0.011659,-0.973161,0.061236,0.221829
428,7.133333,42.318451,0.002116,-93.722832,5.679951,-0.002480,31.892275,-2.931812,-0.853207,32.375805,5414.543,2,0.188976,4,4,89.272041,1,0,0,0.057892,0.998276,-0.009679,-0.976362,0.058638,0.208036
429,7.150000,42.410515,0.002062,-93.189705,5.524026,-0.003260,31.987988,-2.943881,-0.724724,32.449734,5417.747,2,0.110236,4,4,89.395233,1,0,0,0.054806,0.998467,-0.007800,-0.978986,0.055270,0.196295
430,7.166667,42.500740,0.001991,-92.655190,5.413391,-0.004267,32.070786,-2.953733,-0.591902,32.517338,5425.223,2,0.047244,4,4,89.563942,1,0,0,0.051008,0.998680,-0.006092,-0.981081,0.051248,0.186690
431,7.183333,42.590553,0.001900,-92.119080,5.388793,-0.005473,32.166737,-2.961389,-0.460389,32.611488,5435.461,2,0.000000,4,4,89.639503,1,0,0,0.046541,0.998906,-0.004610,-0.982706,0.046613,0.179210
432,7.200000,42.681019,0.001787,-91.582069,5.428100,-0.006780,32.220722,-2.966582,-0.312794,32.673450,5440.047,2,0.000000,4,4,89.839836,1,0,0,0.041493,0.999133,-0.003361,-0.983850,0.041445,0.174129
433,7.216667,42.771759,0.001651,-91.043625,5.444300,-0.008154,32.306259,-2.970435,-0.232425,32.761288,5452.205,2,0.000000,4,4,89.941063,1,0,0,0.036150,0.999344,-0.002343,-0.984725,0.036020,0.170349
434,7.233333,42.861805,0.001493,-90.504456,5.402758,-0.009453,32.350491,-2.973387,-0.178352,32.798229,5458.349,2,0.000000,4,4,90.211502,1,0,0,0.030809,0.999524,-0.001516,-0.985406,0.030628,0.167446
435,7.250000,42.951103,0.001316,-89.964439,5.357924,-0.010632,32.400700,-2.975898,-0.151744,32.840511,5474.761,2,0.000000,4,4,90.476303,1,0,0,0.025619,0.999671,-0.000871,-0.985971,0.025411,0.164969
436,7.266667,43.039574,0.001123,-89.423523,5.308321,-0.011602,32.455261,-2.978160,-0.136677,32.886364,5490.831,2,0.000000,4,4,90.750633,1,0,0,0.020699,0.999786,-0.000400,-0.986458,0.020489,0.162732
437,7.283333,43.127178,0.000918,-88.881683,5.256187,-0.012290,32.510307,-2.980253,-0.126343,32.932381,5507.479,2,0.000000,4,4,91.032394,1,0,0,0.016140,0.999870,-0.000097,-0.986881,0.015946,0.160659
438,7.300000,43.213970,0.000707,-88.338585,5.207543,-0.012657,32.585587,-2.982115,-0.112255,32.999023,5524.580,2,0.000000,4,4,91.230614,1,0,0,0.011999,0.999928,0.000033,-0.987238,0.011841,0.158814
439,7.316667,43.300053,0.000496,-87.794296,5.164880,-0.012655,32.657398,-2.983796,-0.101172,33.063271,5536.609,2,0.000000,4,4,91.424408,1,0,0,0.008302,0.999966,0.000008,-0.987541,0.008197,0.157148
440,7.333333,43.385502,0.000291,-87.248840,5.127026,-0.012279,32.727474,-2.985313,-0.091216,33.126621,5548.370,2,0.000000,4,4,91.608475,1,0,0,0.005063,0.999987,-0.000149,-0.987800,0.005025,0.155646
441,7.350000,43.470402,0.000099,-86.702240,5.093897,-0.011546,32.796062,-2.986684,-0.082333,33.189289,5559.541,2,0.000000,4,4,91.783600,1,0,0,0.002286,0.999997,-0.000410,-0.988023,0.002322,0.154289
442,7.366667,43.554844,-0.000076,-86.154358,5.066656,-0.010504,32.873291,-2.987983,-0.077866,33.261429,5570.168,2,0.000000,4,4,91.951340,1,0,0,-0.000041,1.000000,-0.000755,-0.988225,0.000075,0.153006
443,7.383333,43.638844,-0.000229,-85.605240,5.039817,-0.009195,32.946579,-2.989189,-0.072263,33.329765,5580.348,2,0.000000,4,4,92.128906,1,0,0,-0.001930,0.999997,-0.001153,-0.988407,-0.001732,0.151816
444,7.400000,43.722443,-0.000358,-85.054916,5.015805,-0.007689,33.019596,-2.990311,-0.067178,33.398293,5591.124,2,0.000000,4,4,92.304039,1,0,0,-0.003404,0.999993,-0.001581,-0.988573,-0.003127,0.150711
445,7.416667,43.805679,-0.000459,-84.503372,4.994230,-0.006053,33.092129,-2.991355,-0.062471,33.466728,5601.753,2,0.000000,4,4,92.478119,1,0,0,-0.004496,0.999988,-0.002015,-0.988725,-0.004144,0.149683
446,7.433333,43.888580,-0.000531,-83.950699,4.974286,-0.004357,33.160362,-2.992345,-0.059316,33.531189,5612.317,2,0.000000,4,4,92.667542,1,0,0,-0.005241,0.999983,-0.002432,-0.988870,-0.004821,0.148707
447,7.450000,43.971169,-0.000576,-83.396896,4.955197,-0.002671,33.227814,-2.993289,-0.056531,33.595028,5623.813,2,0.000000,4,4,92.860886,1,0,0,-0.005682,0.999980,-0.002817,-0.989007,-0.005203,0.147777
448,7.466667,44.053455,-0.000593,-82.841972,4.937076,-0.001059,33.295441,-2.994188,-0.053900,33.659214,5635.546,2,0.000000,4,4,93.053795,1,0,0,-0.005861,0.999978,-0.003158,-0.989138,-0.005334,0.146891
449,7.483333,44.135456,-0.000586,-82.285912,4.920019,0.000429,33.363529,-2.995042,-0.051252,33.724049,5647.253,2,0.000000,4,4,93.244148,1,0,0,-0.005814,0.999977,-0.003446,-0.989264,-0.005248,0.146047
450,7.500000,44.217194,-0.000557,-81.728714,4.904184,0.001749,33.432129,-2.995849,-0.048514,33.789589,5658.806,2,0.000000,4,4,93.430862,1,0,0,-0.005569,0.999978,-0.003679,-0.989383,-0.004976,0.145248
451,7.516667,44.298687,-0.000509,-81.170357,4.889712,0.002869,33.501190,-2.996608,-0.045643,33.855816,5670.137,2,0.000000,4,4,93.613457,1,0,0,-0.005162,0.999979,-0.003853,-0.989495,-0.004551,0.144496
452,7.533333,44.379963,-0.000446,-80.610847,4.876698,0.003766,33.570625,-2.997316,-0.042613,33.922646,5681.219,2,0.000000,4,4,93.791847,1,0,0,-0.004630,0.999981,-0.003966,-0.989599,-0.004011,0.143794
453,7.550000,44.461052,-0.000373,-80.050179,4.865222,0.004429,33.640331,-2.997970,-0.039431,33.989990,5692.045,2,0.000000,4,4,93.966194,1,0,0,-0.004010,0.999984,-0.004019,-0.989696,-0.003393,0.143144
454,7.566667,44.541973,-0.000292,-79.488342,4.855358,0.004854,33.710201,-2.998569,-0.036120,34.057758,5702.625,2,0.000000,4,4,94.136803,1,0,0,-0.003336,0.999986,-0.004013,-0.989784,-0.002730,0.142548
455,7.583333,44.622757,-0.000208,-78.925331,4.847168,0.005048,33.780140,-2.999111,-0.032717,34.125839,5712.979,2,0.000000,4,4,94.304039,1,0,0,-0.002640,0.999989,-0.003951,-0.989863,-0.002052,0.142008
456,7.600000,44.703438,-0.000124,-78.361168,4.840700,0.005025,33.850052,-2.999596,-0.029262,34.194157,5723.129,2,0.000000,4,4,94.468315,1,0,0,-0.001946,0.999991,-0.003838,-0.989934,-0.001383,0.141525
457,7.616667,44.784039,-0.000044,-77.795830,4.835979,0.004806,33.919861,-3.000024,-0.025796,34.262630,5733.098,2,0.000000,4,4,94.630058,1,0,0,-0.001276,0.999992,-0.003683,-0.989995,-0.000744,0.141099
458,7.633333,44.864590,0.000030,-77.229340,4.833018,0.004419,33.989494,-3.000394,-0.022360,34.331181,5742.915,2,0.000000,4,4,94.789680,1,0,0,-0.000646,0.999994,-0.003492,-0.990048,-0.000149,0.140730
459,7.650000,44.945122,0.000095,-76.661690,4.831801,0.003893,34.058891,-3.000709,-0.018991,34.399746,5752.601,2,0.000000,4,4,94.947586,1,0,0,-0.000070,0.999995,-0.003276,-0.990092,0.000391,0.140417
460,7.666667,45.025658,0.000149,-76.092888,4.832298,0.003264,34.128006,-3.000969,-0.015724,34.468281,5762.185,2,0.000000,4,4,95.104156,1,0,0,0.000444,0.999995,-0.003043,-0.990129,0.000866,0.140158
461,7.683333,45.106205,0.000192,-75.523109,4.833042,0.002570,34.186806,-3.001232,-0.015822,34.526627,5771.687,2,0.000000,4,4,95.301430,1,0,0,0.000891,0.999996,-0.002795,-0.990165,0.001273,0.139897
462,7.700000,45.186779,0.000223,-74.952141,4.834293,0.001829,34.258144,-3.001440,-0.012556,34.597462,5783.659,2,0.000000,4,4,95.451759,1,0,0,0.001270,0.999996,-0.002550,-0.990194,0.001614,0.139690
463,7.716667,45.267384,0.000241,-74.380219,4.836056,0.001091,34.315548,-3.001662,-0.013368,34.654568,5792.782,2,0.000000,4,4,95.654503,1,0,0,0.001579,0.999996,-0.002306,-0.990224,0.001885,0.139470
464,7.733333,45.348003,0.000247,-73.807098,4.837167,0.000366,34.386772,-3.001826,-0.009820,34.725269,5805.085,2,0.000000,4,4,95.805733,1,0,0,0.001824,0.999996,-0.002080,-0.990247,0.002095,0.139308
465,7.750000,45.428684,0.000242,-73.233032,4.840961,-0.000299,34.444004,-3.002018,-0.011572,34.782486,5814.264,2,0.000000,4,4,96.007744,1,0,0,0.001998,0.999996,-0.001867,-0.990273,0.002238,0.139118
466,7.766667,45.509426,0.000227,-72.657776,4.844454,-0.000904,34.515167,-3.002167,-0.008926,34.853451,5826.523,2,0.000000,4,4,96.157005,1,0,0,0.002110,0.999996,-0.001683,-0.990294,0.002323,0.138971
467,7.783333,45.590218,0.000203,-72.081573,4.847441,-0.001410,34.571877,-3.002331,-0.009817,34.910030,5835.582,2,0.000000,4,4,96.360306,1,0,0,0.002162,0.999996,-0.001520,-0.990316,0.002352,0.138809
468,7.800000,45.671062,0.000173,-71.504189,4.850613,-0.001827,34.643353,-3.002440,-0.006579,34.981258,5847.919,2,0.000000,4,4,96.507385,1,0,0,0.002162,0.999997,-0.001393,-0.990331,0.002335,0.138701
469,7.816667,45.751991,0.000137,-70.925865,4.855654,-0.002127,34.699226,-3.002584,-0.008592,35.037300,5856.846,2,0.000000,4,4,96.711479,1,0,0,0.002111,0.999997,-0.001290,-0.990352,0.002269,0.138559
470,7.833333,45.833008,0.000099,-70.346359,4.861170,-0.002327,34.770256,-3.002692,-0.006479,35.108410,5869.231,2,0.000000,4,4,96.857811,1,0,0,0.002015,0.999997,-0.001224,-0.990367,0.002165,0.138452
471,7.850000,45.914089,0.000058,-69.765923,4.864923,-0.002408,34.826214,-3.002813,-0.007290,35.164352,5878.112,2,0.000000,4,4,97.061005,1,0,0,0.001884,0.999997,-0.001183,-0.990384,0.002029,0.138332
472,7.866667,45.995247,0.000019,-69.184296,4.869501,-0.002397,34.897762,-3.002883,-0.004188,35.235847,5890.444,2,0.000000,4,4,97.204384,1,0,0,0.001726,0.999998,-0.001180,-0.990394,0.001872,0.138263
473,7.883333,46.076508,-0.000019,-68.601746,4.875705,-0.002279,34.952644,-3.002991,-0.006482,35.291058,5899.145,2,0.000000,4,4,97.408928,1,0,0,0.001543,0.999998,-0.001197,-0.990409,0.001693,0.138156
474,7.900000,46.157890,-0.000054,-68.018028,4.882941,-0.002090,35.023441,-3.003073,-0.004851,35.362171,5911.559,2,0.000000,4,4,97.552582,1,0,0,0.001342,0.999998,-0.001247,-0.990421,0.001502,0.138076
475,7.916667,46.239346,-0.000085,-67.433380,4.887399,-0.001818,35.078770,-3.003167,-0.005638,35.417576,5920.276,2,0.000000,4,4,97.755119,1,0,0,0.001135,0.999999,-0.001313,-0.990434,0.001306,0.137983
476,7.933333,46.320889,-0.000110,-66.847672,4.892648,-0.001501,35.142632,-3.003258,-0.005495,35.481548,5932.568,2,0.000000,4,4,97.926857,1,0,0,0.000928,0.999999,-0.001399,-0.990447,0.001112,0.137892
477,7.950000,46.402512,-0.000129,-66.260910,4.897433,-0.001143,35.205708,-3.003339,-0.004809,35.544678,5942.990,2,0.000000,4,4,98.100082,1,0,0,0.000726,0.999999,-0.001501,-0.990458,0.000926,0.137812
478,7.966667,46.484238,-0.000141,-65.673103,4.903503,-0.000764,35.268520,-3.003418,-0.004741,35.607719,5953.503,2,0.000000,4,4,98.272469,1,0,0,0.000532,0.999998,-0.001614,-0.990469,0.000749,0.137734
479,7.983333,46.566063,-0.000148,-65.084244,4.909518,-0.000376,35.331219,-3.003492,-0.004426,35.670647,5963.965,2,0.000000,4,4,98.444313,1,0,0,0.000349,0.999999,-0.001733,-0.990479,0.000584,0.137661
480,8.000000,46.647991,-0.000148,-64.494354,4.915749,0.000001,35.393761,-3.003561,-0.004121,35.733444,5974.394,2,0.000000,4,4,98.615723,1,0,0,0.000181,0.999998,-0.001855,-0.990489,0.000434,0.137593
481,8.016666,46.730030,-0.000142,-63.903416,4.922165,0.000357,35.456158,-3.003625,-0.003827,35.796116,5984.796,2,0.000000,4,4,98.786728,1,0,0,0.000029,0.999998,-0.001976,-0.990498,0.000301,0.137530
482,8.033334,46.812176,-0.000130,-63.311443,4.928746,0.000677,35.518414,-3.003685,-0.003550,35.858681,5995.174,2,0.000000,4,4,98.957382,1,0,0,-0.000104,0.999998,-0.002091,-0.990506,0.000185,0.137471
483,8.050000,46.894436,-0.000115,-62.718433,4.935473,0.000953,35.580524,-3.003740,-0.003292,35.921112,6005.531,2,0.000000,4,4,99.127731,1,0,0,-0.000218,0.999998,-0.002199,-0.990513,0.000086,0.137417
484,8.066667,46.976807,-0.000095,-62.124390,4.942330,0.001176,35.642494,-3.003791,-0.003051,35.983425,6015.869,2,0.000000,4,4,99.297783,1,0,0,-0.000312,0.999997,-0.002295,-0.990520,0.000006,0.137366
485,8.083333,47.059296,-0.000073,-61.529320,4.949302,0.001341,35.704319,-3.003838,-0.002827,36.045624,6026.189,2,0.000000,4,4,99.467552,1,0,0,-0.000387,0.999997,-0.002378,-0.990527,-0.000057,0.137320
486,8.100000,47.141903,-0.000048,-60.933220,4.956376,0.001445,35.765999,-3.003882,-0.002620,36.107681,6036.493,2,0.000000,4,4,99.637054,1,0,0,-0.000443,0.999997,-0.002447,-0.990533,-0.000103,0.137276
487,8.116667,47.224632,-0.000024,-60.336094,4.963538,0.001489,35.827530,-3.003922,-0.002429,36.169605,6046.779,2,0.000000,4,4,99.806297,1,0,0,-0.000480,0.999997,-0.002499,-0.990538,-0.000133,0.137236
488,8.133333,47.307480,0.000001,-59.737946,4.970778,0.001472,35.888916,-3.003960,-0.002252,36.231400,6057.050,2,0.000000,4,4,99.975273,1,0,0,-0.000501,0.999997,-0.002536,-0.990543,-0.000148,0.137199
489,8.150000,47.390446,0.000024,-59.138775,4.978086,0.001400,35.950150,-3.003995,-0.002089,36.293056,6067.305,2,0.000000,4,4,100.144005,1,0,0,-0.000506,0.999997,-0.002555,-0.990548,-0.000150,0.137165
490,8.166667,47.473537,0.000045,-58.538589,4.985453,0.001278,36.011242,-3.004027,-0.001939,36.354580,6077.544,2,0.000000,4,4,100.312454,1,0,0,-0.000497,0.999997,-0.002559,-0.990553,-0.000141,0.137133
491,8.183333,47.556755,0.000064,-57.937389,4.992870,0.001112,36.072186,-3.004057,-0.001801,36.415962,6087.768,2,0.000000,4,4,100.480644,1,0,0,-0.000476,0.999997,-0.002547,-0.990557,-0.000122,0.137103
492,8.200000,47.640091,0.000079,-57.335171,5.000331,0.000912,36.132984,-3.004085,-0.001674,36.477211,6097.975,2,0.000000,4,4,100.648560,1,0,0,-0.000444,0.999997,-0.002522,-0.990560,-0.000095,0.137075
493,8.216666,47.723557,0.000091,-56.731945,5.007831,0.000687,36.193638,-3.004111,-0.001556,36.538330,6108.165,2,0.000000,4,4,100.816193,1,0,0,-0.000405,0.999997,-0.002483,-0.990564,-0.000061,0.137049
494,8.233334,47.807148,0.000098,-56.127708,5.015362,0.000444,36.254147,-3.004135,-0.001448,36.599308,6118.338,2,0.000000,4,4,100.983551,1,0,0,-0.000359,0.999997,-0.002434,-0.990568,-0.000023,0.137026
495,8.250000,47.890862,0.000101,-55.522469,5.022920,0.000196,36.314522,-3.004157,-0.001347,36.660149,6128.495,2,0.000000,4,4,101.150597,1,0,0,-0.000310,0.999997,-0.002375,-0.990571,0.000019,0.137003
496,8.266666,47.974705,0.000101,-54.916222,5.030503,-0.000049,36.374756,-3.004178,-0.001255,36.720860,6138.633,2,0.000000,4,4,101.317322,1,0,0,-0.000257,0.999997,-0.002311,-0.990573,0.000062,0.136983
497,8.283334,48.058670,0.000096,-54.308975,5.038106,-0.000283,36.434853,-3.004197,-0.001169,36.781437,6148.751,2,0.000000,4,4,101.483658,1,0,0,-0.000204,0.999997,-0.002241,-0.990576,0.000105,0.136963
498,8.300000,48.142765,0.000088,-53.700729,5.045727,-0.000497,36.494804,-3.004215,-0.001089,36.841873,6158.845,2,0.000000,4,4,101.649597,1,0,0,-0.000152,0.999998,-0.002170,-0.990579,0.000146,0.136945
499,8.316667,48.226990,0.000076,-53.091484,5.053361,-0.000684,36.554615,-3.004232,-0.001016,36.902172,6168.917,2,0.000000,4,4,101.815079,1,0,0,-0.000102,0.999998,-0.002098,-0.990581,0.000186,0.136929
500,8.333333,48.311337,0.000062,-52.481247,5.061008,-0.000839,36.614273,-3.004248,-0.000947,36.962318,6178.959,2,0.000000,4,4,101.980110,1,0,0,-0.000056,0.999998,-0.002029,-0.990583,0.000223,0.136913
501,8.350000,48.395817,0.000046,-51.870018,5.068665,-0.000959,36.673779,-3.004262,-0.000883,37.022316,6188.975,2,0.000000,4,4,102.144653,1,0,0,-0.000013,0.999998,-0.001963,-0.990585,0.000256,0.136898
502,8.366667,48.480419,0.000029,-51.257797,5.076330,-0.001038,36.733131,-3.004276,-0.000825,37.082165,6198.960,2,0.000000,4,4,102.308685,1,0,0,0.000024,0.999998,-0.001902,-0.990587,0.000284,0.136885
503,8.383333,48.565155,0.000011,-50.644592,5.084001,-0.001078,36.792328,-3.004289,-0.000769,37.141857,6208.915,2,0.000000,4,4,102.472191,1,0,0,0.000056,0.999998,-0.001847,-0.990589,0.000309,0.136872
504,8.400000,48.650017,-0.000007,-50.030403,5.091677,-0.001079,36.851360,-3.004301,-0.000718,37.201389,6218.838,2,0.000000,4,4,102.635162,1,0,0,0.000082,0.999998,-0.001800,-0.990590,0.000328,0.136860
505,8.416667,48.735004,-0.000024,-49.415234,5.099357,-0.001042,36.910225,-3.004312,-0.000669,37.260757,6228.729,2,0.000000,4,4,102.797577,1,0,0,0.000103,0.999999,-0.001761,-0.990592,0.000343,0.136849
506,8.433333,48.820122,-0.000041,-48.799084,5.107040,-0.000970,36.968925,-3.004322,-0.000624,37.319958,6238.585,2,0.000000,4,4,102.959396,1,0,0,0.000117,0.999999,-0.001731,-0.990593,0.000353,0.136839
507,8.450000,48.905369,-0.000055,-48.181957,5.114724,-0.000867,37.027454,-3.004332,-0.000582,37.378986,6248.405,2,0.000000,4,4,103.120628,1,0,0,0.000126,0.999999,-0.001710,-0.990595,0.000359,0.136829
508,8.466666,48.990738,-0.000067,-47.563862,5.122407,-0.000738,37.085800,-3.004341,-0.000543,37.437836,6258.190,2,0.000000,4,4,103.281273,1,0,0,0.000129,0.999999,-0.001697,-0.990596,0.000360,0.136820
509,8.483334,49.076241,-0.000077,-46.944798,5.130090,-0.000590,37.143970,-3.004350,-0.000506,37.496510,6267.940,2,0.000000,4,4,103.441284,1,0,0,0.000128,0.999999,-0.001693,-0.990597,0.000358,0.136812
510,8.500000,49.161873,-0.000084,-46.324764,5.137770,-0.000426,37.201954,-3.004358,-0.000471,37.555000,6277.650,2,0.000000,4,4,103.600677,1,0,0,0.000121,0.999999,-0.001697,-0.990598,0.000352,0.136804
511,8.516666,49.247627,-0.000089,-45.703766,5.145445,-0.000256,37.259743,-3.004365,-0.000439,37.613297,6287.323,2,0.000000,4,4,103.759445,1,0,0,0.000111,0.999999,-0.001708,-0.990599,0.000344,0.136797
512,8.533334,49.333511,-0.000090,-45.081810,5.153114,-0.000083,37.317341,-3.004372,-0.000409,37.671402,6296.959,2,0.000000,4,4,103.917564,1,0,0,0.000098,0.999999,-0.001725,-0.990600,0.000333,0.136790
513,8.550000,49.419525,-0.000088,-44.458900,5.160777,0.000086,37.374733,-3.004378,-0.000380,37.729298,6306.555,2,0.000000,4,4,104.075043,1,0,0,0.000082,0.999998,-0.001748,-0.990601,0.000321,0.136784
514,8.566667,49.505665,-0.000084,-43.835037,5.168429,0.000245,37.431927,-3.004384,-0.000354,37.786995,6316.112,2,0.000000,4,4,104.231850,1,0,0,0.000064,0.999998,-0.001775,-0.990602,0.000307,0.136778
515,8.583333,49.591930,-0.000078,-43.210220,5.176072,0.000390,37.488907,-3.004390,-0.000329,37.844490,6325.628,2,0.000000,4,4,104.387993,1,0,0,0.000045,0.999998,-0.001804,-0.990602,0.000292,0.136773
516,8.600000,49.678329,-0.000069,-42.584461,5.183701,0.000516,37.545666,-3.004395,-0.000306,37.901756,6335.104,2,0.000000,4,4,104.543480,1,0,0,0.000026,0.999998,-0.001836,-0.990603,0.000276,0.136768
517,8.616667,49.764851,-0.000059,-41.957760,5.191317,0.000619,37.602203,-3.004399,-0.000286,37.958801,6344.541,2,0.000000,4,4,104.698273,1,0,0,0.000006,0.999998,-0.001868,-0.990604,0.000261,0.136763
518,8.633333,49.851498,-0.000047,-41.330120,5.198915,0.000698,37.658516,-3.004404,-0.000266,38.015621,6353.935,2,0.000000,4,4,104.852379,1,0,0,-0.000014,0.999998,-0.001900,-0.990604,0.000246,0.136758
519,8.650000,49.938274,-0.000035,-40.701542,5.206496,0.000750,37.714596,-3.004408,-0.000247,38.072212,6363.287,2,0.000000,4,4,105.005798,1,0,0,-0.000032,0.999998,-0.001930,-0.990605,0.000232,0.136754
520,8.666667,50.025173,-0.000022,-40.072037,5.214057,0.000776,37.770439,-3.004412,-0.000231,38.128559,6372.598,2,0.000000,4,4,105.158508,1,0,0,-0.000050,0.999998,-0.001958,-0.990605,0.000218,0.136751
521,8.683333,50.112198,-0.000009,-39.441605,5.221596,0.000776,37.826038,-3.004416,-0.000216,38.184662,6381.865,2,0.000000,4,4,105.310524,1,0,0,-0.000065,0.999998,-0.001982,-0.990606,0.000206,0.136747
522,8.700000,50.199352,0.000003,-38.810246,5.229112,0.000750,37.881390,-3.004419,-0.000202,38.240524,6391.091,2,0.000000,4,4,105.461823,1,0,0,-0.000079,0.999998,-0.002003,-0.990606,0.000196,0.136744
523,8.716666,50.286625,0.000015,-38.177971,5.236602,0.000700,37.936493,-3.004422,-0.000189,38.296131,6400.273,2,0.000000,4,4,105.612396,1,0,0,-0.000091,0.999998,-0.002019,-0.990607,0.000186,0.136740
524,8.733334,50.374027,0.000026,-37.544781,5.244065,0.000630,37.991337,-3.004425,-0.000177,38.351479,6409.411,2,0.000000,4,4,105.762238,1,0,0,-0.000100,0.999998,-0.002031,-0.990607,0.000178,0.136738
525,8.750000,50.461552,0.000035,-36.910683,5.251500,0.000542,38.045921,-3.004428,-0.000166,38.406563,6418.504,2,0.000000,4,4,105.911346,1,0,0,-0.000107,0.999998,-0.002037,-0.990608,0.000172,0.136735
526,8.766666,50.549202,0.000042,-36.275677,5.258907,0.000440,38.100246,-3.004430,-0.000156,38.461388,6427.554,2,0.000000,4,4,106.059700,1,0,0,-0.000112,0.999998,-0.002039,-0.990608,0.000167,0.136732
527,8.783334,50.636971,0.000047,-35.639771,5.266281,0.000328,38.154301,-3.004433,-0.000147,38.515949,6436.557,2,0.000000,4,4,106.207314,1,0,0,-0.000115,0.999998,-0.002035,-0.990608,0.000164,0.136730
528,8.800000,50.724865,0.000051,-35.002972,5.273624,0.000210,38.208088,-3.004435,-0.000139,38.570236,6445.515,2,0.000000,4,4,106.354156,1,0,0,-0.000116,0.999998,-0.002027,-0.990609,0.000162,0.136727
529,8.816667,50.812881,0.000053,-34.365280,5.280934,0.000091,38.261604,-3.004437,-0.000131,38.624249,6454.427,2,0.000000,4,4,106.500229,1,0,0,-0.000115,0.999998,-0.002015,-0.990609,0.000162,0.136725
530,8.833333,50.901020,0.000052,-33.726696,5.288209,-0.000027,38.314842,-3.004439,-0.000124,38.677982,6463.292,2,0.000000,4,4,106.645538,1,0,0,-0.000112,0.999998,-0.001998,-0.990609,0.000162,0.136723
531,8.850000,50.989277,0.000050,-33.087234,5.295450,-0.000139,38.367805,-3.004441,-0.000117,38.731438,6472.110,2,0.000000,4,4,106.790054,1,0,0,-0.000108,0.999998,-0.001978,-0.990609,0.000163,0.136721
532,8.866667,51.077656,0.000046,-32.446892,5.302656,-0.000242,38.420490,-3.004443,-0.000111,38.784611,6480.881,2,0.000000,4,4,106.933784,1,0,0,-0.000103,0.999998,-0.001956,-0.990610,0.000166,0.136720
533,8.883333,51.166153,0.000040,-31.805677,5.309825,-0.000332,38.472893,-3.004445,-0.000105,38.837505,6489.604,2,0.000000,4,4,107.076714,1,0,0,-0.000096,0.999998,-0.001931,-0.990610,0.000169,0.136718
534,8.900000,51.254772,0.000033,-31.163593,5.316958,-0.000409,38.525017,-3.004447,-0.000101,38.890121,6498.277,2,0.000000,4,4,107.218834,1,0,0,-0.000089,0.999998,-0.001904,-0.990610,0.000172,0.136716
535,8.916667,51.343506,0.000026,-30.520647,5.324053,-0.000470,38.576855,-3.004448,-0.000096,38.942444,6506.902,2,0.000000,4,4,107.360146,1,0,0,-0.000081,0.999998,-0.001877,-0.990611,0.000176,0.136715
536,8.933333,51.432358,0.000017,-29.876839,5.331110,-0.000513,38.628407,-3.004450,-0.000092,38.994480,6515.479,2,0.000000,4,4,107.500641,1,0,0,-0.000073,0.999998,-0.001850,-0.990611,0.000180,0.136713
537,8.950000,51.521324,0.000008,-29.232178,5.338130,-0.000538,38.679672,-3.004451,-0.000087,39.046227,6524.005,2,0.000000,4,4,107.640312,1,0,0,-0.000065,0.999998,-0.001823,-0.990611,0.000184,0.136712
538,8.966666,51.610409,-0.000001,-28.586666,5.345111,-0.000545,38.730648,-3.004452,-0.000084,39.097679,6532.481,2,0.000000,4,4,107.779152,1,0,0,-0.000058,0.999998,-0.001796,-0.990611,0.000189,0.136710
539,8.983334,51.699608,-0.000010,-27.940311,5.352054,-0.000535,38.781334,-3.004454,-0.000081,39.148842,6540.907,2,0.000000,4,4,107.917160,1,0,0,-0.000050,0.999999,-0.001771,-0.990611,0.000193,0.136709
540,9.000000,51.788925,-0.000018,-27.293116,5.358957,-0.000509,38.831730,-3.004455,-0.000077,39.199707,6549.283,2,0.000000,4,4,108.054321,1,0,0,-0.000043,0.999999,-0.001748,-0.990611,0.000196,0.136708
541,9.016666,51.878361,-0.000026,-26.645084,5.365820,-0.000467,38.881836,-3.004457,-0.000073,39.250278,6557.607,2,0.000000,4,4,108.190651,1,0,0,-0.000037,0.999999,-0.001728,-0.990611,0.000200,0.136706
542,9.033334,51.967903,-0.000033,-25.996223,5.372646,-0.000413,38.931648,-3.004458,-0.000070,39.300564,6565.880,2,0.000000,4,4,108.326126,1,0,0,-0.000031,0.999999,-0.001709,-0.990612,0.000203,0.136705
543,9.050000,52.057560,-0.000039,-25.346537,5.379433,-0.000348,38.981167,-3.004459,-0.000067,39.350544,6574.102,2,0.000000,4,4,108.460754,1,0,0,-0.000026,0.999999,-0.001693,-0.990612,0.000206,0.136704
544,9.066667,52.147331,-0.000044,-24.696030,5.386181,-0.000276,39.030396,-3.004460,-0.000065,39.400234,6582.272,2,0.000000,4,4,108.594528,1,0,0,-0.000022,0.999999,-0.001680,-0.990612,0.000208,0.136703
545,9.083333,52.237213,-0.000047,-24.044708,5.392889,-0.000198,39.079327,-3.004461,-0.000062,39.449623,6590.390,2,0.000000,4,4,108.727448,1,0,0,-0.000019,0.999999,-0.001669,-0.990612,0.000210,0.136702
546,9.100000,52.327206,-0.000049,-23.392574,5.399557,-0.000117,39.127960,-3.004462,-0.000060,39.498711,6598.457,2,0.000000,4,4,108.859512,1,0,0,-0.000016,0.999999,-0.001662,-0.990612,0.000211,0.136701
547,9.116667,52.417309,-0.000049,-22.739635,5.406186,-0.000038,39.176300,-3.004463,-0.000058,39.547508,6606.472,2,0.000000,4,4,108.990707,1,0,0,-0.000014,0.999999,-0.001656,-0.990613,0.000212,0.136700
548,9.133333,52.507523,-0.000049,-22.085897,5.412775,0.000041,39.224339,-3.004464,-0.000055,39.595989,6614.434,2,0.000000,4,4,109.121048,1,0,0,-0.000013,0.999999,-0.001653,-0.990613,0.000213,0.136699
549,9.150000,52.597843,-0.000047,-21.431362,5.419323,0.000114,39.272076,-3.004465,-0.000053,39.644180,6622.344,2,0.000000,4,4,109.250534,1,0,0,-0.000013,0.999999,-0.001652,-0.990613,0.000213,0.136698
550,9.166667,52.688274,-0.000044,-20.776037,5.425832,0.000181,39.319515,-3.004465,-0.000051,39.692062,6630.202,2,0.000000,4,4,109.379143,1,0,0,-0.000013,0.999999,-0.001652,-0.990613,0.000213,0.136698
551,9.183333,52.778812,-0.000040,-20.119926,5.432301,0.000238,39.366650,-3.004466,-0.000049,39.739635,6638.007,2,0.000000,4,4,109.506897,1,0,0,-0.000014,0.999999,-0.001654,-0.990613,0.000212,0.136697
552,9.200000,52.869457,-0.000035,-19.463036,5.438729,0.000286,39.413486,-3.004467,-0.000048,39.786907,6645.761,2,0.000000,4,4,109.633774,1,0,0,-0.000015,0.999999,-0.001657,-0.990613,0.000211,0.136696
553,9.216666,52.960209,-0.000030,-18.805368,5.445117,0.000323,39.460018,-3.004468,-0.000046,39.833885,6653.460,2,0.000000,4,4,109.759796,1,0,0,-0.000017,0.999999,-0.001661,-0.990613,0.000210,0.136695
554,9.233334,53.051067,-0.000024,-18.146931,5.451463,0.000348,39.506245,-3.004469,-0.000044,39.880543,6661.108,2,0.000000,4,4,109.884949,1,0,0,-0.000019,0.999999,-0.001665,-0.990613,0.000209,0.136694
555,9.250000,53.142025,-0.000018,-17.487730,5.457770,0.000361,39.552166,-3.004469,-0.000043,39.926895,6668.704,2,0.000000,4,4,110.009232,1,0,0,-0.000021,0.999999,-0.001669,-0.990613,0.000208,0.136694
556,9.266666,53.233093,-0.000012,-16.827766,5.464035,0.000363,39.597782,-3.004470,-0.000042,39.972939,6676.246,2,0.000000,4,4,110.132660,1,0,0,-0.000023,0.999999,-0.001672,-0.990613,0.000206,0.136693
557,9.283334,53.324265,-0.000006,-16.167048,5.470259,0.000354,39.643093,-3.004471,-0.000041,40.018673,6683.737,2,0.000000,4,4,110.255211,1,0,0,-0.000025,0.999998,-0.001675,-0.990613,0.000205,0.136692
558,9.300000,53.415539,-0.000000,-15.505579,5.476441,0.000334,39.688095,-3.004471,-0.000039,40.064098,6691.174,2,0.000000,4,4,110.376900,1,0,0,-0.000026,0.999999,-0.001677,-0.990614,0.000203,0.136692
559,9.316667,53.506916,0.000005,-14.843366,5.482582,0.000304,39.732788,-3.004472,-0.000038,40.109211,6698.559,2,0.000000,4,4,110.497734,1,0,0,-0.000028,0.999999,-0.001678,-0.990614,0.000202,0.136691
560,9.333333,53.598392,0.000009,-14.180412,5.488682,0.000267,39.777176,-3.004472,-0.000036,40.154015,6705.893,2,0.000000,4,4,110.617699,1,0,0,-0.000029,0.999999,-0.001678,-0.990614,0.000201,0.136690
561,9.350000,53.689972,0.000013,-13.516725,5.494740,0.000224,39.821255,-3.004473,-0.000036,40.198505,6713.173,2,0.000000,4,4,110.736794,1,0,0,-0.000030,0.999999,-0.001677,-0.990614,0.000199,0.136690
562,9.366667,53.781651,0.000016,-12.852308,5.500756,0.000176,39.865021,-3.004474,-0.000035,40.242683,6720.400,2,0.000000,4,4,110.855042,1,0,0,-0.000031,0.999999,-0.001674,-0.990614,0.000198,0.136689
563,9.383333,53.873428,0.000018,-12.187166,5.506731,0.000125,39.908482,-3.004474,-0.000034,40.286552,6727.577,2,0.000000,4,4,110.972420,1,0,0,-0.000031,0.999998,-0.001669,-0.990614,0.000197,0.136689
564,9.400000,53.965305,0.000019,-11.521305,5.512663,0.000073,39.951633,-3.004475,-0.000034,40.330116,6734.700,2,0.000000,4,4,111.088936,1,0,0,-0.000031,0.999999,-0.001663,-0.990614,0.000196,0.136688
565,9.416667,54.057281,0.000019,-10.854732,5.518552,0.000020,39.994473,-3.004475,-0.000033,40.373356,6741.771,2,0.000000,4,4,111.204613,1,0,0,-0.000031,0.999999,-0.001655,-0.990614,0.000196,0.136688
566,9.433333,54.149353,0.000019,-10.187448,5.524401,-0.000031,40.037006,-3.004476,-0.000032,40.416290,6748.792,2,0.000000,4,4,111.319420,1,0,0,-0.000030,0.999999,-0.001646,-0.990614,0.000195,0.136687
567,9.450000,54.241524,0.000018,-9.519461,5.530207,-0.000077,40.079231,-3.004477,-0.000031,40.458908,6755.759,2,0.000000,4,4,111.433372,1,0,0,-0.000029,0.999999,-0.001636,-0.990614,0.000195,0.136687
568,9.466666,54.333790,0.000016,-8.850774,5.535971,-0.000120,40.121147,-3.004477,-0.000031,40.501221,6762.675,2,0.000000,4,4,111.546471,1,0,0,-0.000028,0.999999,-0.001625,-0.990614,0.000194,0.136686
569,9.483334,54.426151,0.000013,-8.181395,5.541692,-0.000156,40.162758,-3.004478,-0.000030,40.543228,6769.539,2,0.000000,4,4,111.658707,1,0,0,-0.000027,0.999999,-0.001613,-0.990615,0.000194,0.136686
570,9.500000,54.518608,0.000010,-7.511327,5.547371,-0.000187,40.204060,-3.004478,-0.000029,40.584923,6776.350,2,0.000000,4,4,111.770103,1,0,0,-0.000025,0.999999,-0.001600,-0.990615,0.000194,0.136685
571,9.516666,54.611156,0.000006,-6.840576,5.553009,-0.000210,40.245056,-3.004478,-0.000029,40.626301,6783.110,2,0.000000,4,4,111.880646,1,0,0,-0.000023,0.999999,-0.001587,-0.990615,0.000194,0.136685
572,9.533334,54.703800,0.000003,-6.169147,5.558604,-0.000226,40.285744,-3.004479,-0.000029,40.667370,6789.819,2,0.000000,4,4,111.990349,1,0,0,-0.000021,0.999999,-0.001573,-0.990615,0.000195,0.136684
573,9.550000,54.796535,-0.000001,-5.497045,5.564158,-0.000234,40.326126,-3.004479,-0.000029,40.708134,6796.476,2,0.000000,4,4,112.099205,1,0,0,-0.000018,0.999999,-0.001560,-0.990615,0.000195,0.136684
574,9.566667,54.889362,-0.000005,-4.824275,5.569669,-0.000233,40.366203,-3.004480,-0.000028,40.748585,6803.083,2,0.000000,4,4,112.207214,1,0,0,-0.000016,0.999999,-0.001546,-0.990615,0.000195,0.136683
575,9.583333,54.982281,-0.000009,-4.150841,5.575140,-0.000226,40.405979,-3.004480,-0.000028,40.788746,6809.637,2,0.000000,4,4,112.314377,1,0,0,-0.000014,0.999999,-0.001532,-0.990615,0.000196,0.136683
576,9.600000,55.075291,-0.000012,-3.476750,5.580567,-0.000213,40.445454,-3.004481,-0.000027,40.828590,6816.141,2,0.000000,4,4,112.420708,1,0,0,-0.000012,0.999999,-0.001519,-0.990615,0.000196,0.136682
577,9.616667,55.168388,-0.000016,-2.802007,5.585954,-0.000194,40.484623,-3.004481,-0.000027,40.868126,6822.594,2,0.000000,4,4,112.526207,1,0,0,-0.000010,0.999999,-0.001507,-0.990615,0.000196,0.136682
578,9.633333,55.261578,-0.000019,-2.126615,5.591299,-0.000170,40.523491,-3.004482,-0.000027,40.907360,6828.997,2,0.000000,4,4,112.630875,1,0,0,-0.000008,0.999999,-0.001495,-0.990615,0.000197,0.136681
579,9.650000,55.354855,-0.000021,-1.450581,5.596603,-0.000142,40.562061,-3.004482,-0.000027,40.946293,6835.349,2,0.000000,4,4,112.734703,1,0,0,-0.000006,0.999999,-0.001484,-0.990615,0.000197,0.136681
580,9.666667,55.448219,-0.000023,-0.773908,5.601865,-0.000111,40.600334,-3.004483,-0.000026,40.984924,6841.650,3,0.000000,4,5,121.556839,1,0,0,-0.000004,0.999999,-0.001474,-0.990615,0.000198,0.136681
581,9.683333,55.542484,-0.000027,-0.090723,5.655771,-0.000243,40.991154,-3.004483,-0.000016,41.379433,6841.650,3,0.000000,4,5,119.472145,1,0,0,-0.000037,0.999999,-0.001719,-0.990615,0.000198,0.136680
582,9.700000,55.637508,-0.000029,0.597984,5.701459,-0.000149,41.322372,-3.004484,-0.000061,41.713753,6747.687,3,0.000000,4,5,117.339516,1,0,0,-0.000096,0.999998,-0.002149,-0.990615,0.000198,0.136679
583,9.716666,55.732933,-0.000027,1.289602,5.725541,0.000158,41.497059,-3.004488,-0.000219,41.890045,6640.795,3,0.000000,4,5,115.752113,1,0,0,-0.000161,0.999997,-0.002621,-0.990616,0.000199,0.136675
584,9.733334,55.828533,-0.000018,1.982494,5.736038,0.000527,41.573551,-3.004492,-0.000262,41.967205,6525.932,3,0.000000,4,5,114.974503,1,0,0,-0.000219,0.999995,-0.003045,-0.990617,0.000199,0.136671
585,9.750000,55.924320,-0.000004,2.676747,5.747186,0.000828,41.655178,-3.004496,-0.000272,42.049534,6411.265,3,0.000000,4,5,114.207390,1,0,0,-0.000271,0.999994,-0.003419,-0.990617,0.000199,0.136666
586,9.766666,56.020214,0.000014,3.371799,5.753639,0.001074,41.703087,-3.004501,-0.000253,42.097832,6292.042,3,0.000000,4,5,113.631142,1,0,0,-0.000311,0.999993,-0.003713,-0.990618,0.000199,0.136662
587,9.783334,56.116135,0.000034,4.067079,5.755335,0.001238,41.716797,-3.004504,-0.000212,42.111614,6171.640,3,0.000000,4,5,113.261490,1,0,0,-0.000336,0.999992,-0.003902,-0.990618,0.000200,0.136659
588,9.800000,56.212013,0.000056,4.762079,5.752798,0.001299,41.700016,-3.004507,-0.000153,42.094635,6052.128,3,0.000000,4,5,113.091049,1,0,0,-0.000345,0.999992,-0.003968,-0.990618,0.000201,0.136656
589,9.816667,56.307800,0.000077,5.456399,5.746939,0.001241,41.659191,-3.004508,-0.000083,42.053402,5935.207,3,0.000000,4,5,113.094688,1,0,0,-0.000335,0.999992,-0.003903,-0.990619,0.000202,0.136655
590,9.833333,56.403446,0.000095,6.149768,5.738980,0.001062,41.602139,-3.004509,-0.000085,41.995831,5822.000,3,0.000000,4,5,113.235535,1,0,0,-0.000307,0.999993,-0.003704,-0.990619,0.000202,0.136653
591,9.850000,56.498947,0.000107,6.842050,5.729907,0.000768,41.536900,-3.004511,-0.000078,41.930012,5712.975,3,0.000000,4,5,113.470940,1,0,0,-0.000262,0.999994,-0.003383,-0.990619,0.000203,0.136652
592,9.866667,56.594269,0.000114,7.533077,5.719473,0.000376,41.461670,-3.004512,-0.000082,41.854118,5607.957,3,0.000000,4,5,113.757774,1,0,0,-0.000202,0.999996,-0.002952,-0.990619,0.000203,0.136651
593,9.883333,56.689442,0.000112,8.223014,5.710388,-0.000096,41.396202,-3.004513,-0.000066,41.788082,5506.236,3,0.000000,4,5,114.051926,1,0,0,-0.000131,0.999997,-0.002444,-0.990619,0.000204,0.136650
594,9.900000,56.784500,0.000102,8.912126,5.703520,-0.000608,41.346737,-3.004514,-0.000044,41.738186,5406.543,3,0.000000,4,5,114.322441,1,0,0,-0.000055,0.999998,-0.001892,-0.990619,0.000204,0.136649
595,9.916667,56.879578,0.000083,9.601364,5.704543,-0.001135,41.354332,-3.004513,0.000048,41.745888,5307.630,3,0.000000,4,5,114.355026,1,0,0,0.000019,0.999999,-0.001359,-0.990619,0.000204,0.136650
596,9.933333,56.974651,0.000057,10.290588,5.704411,-0.001581,41.353474,-3.004511,0.000126,41.745045,5199.539,3,0.000000,4,5,114.379974,1,0,0,0.000088,1.000000,-0.000852,-0.990619,0.000204,0.136652
597,9.950000,57.069725,0.000024,10.979795,5.704268,-0.001936,41.352318,-3.004508,0.000167,41.743896,5200.674,3,0.000000,4,5,114.977142,1,0,0,0.000153,1.000000,-0.000382,-0.990619,0.000204,0.136655
598,9.966666,57.164837,-0.000012,11.669298,5.706784,-0.002192,41.370209,-3.004505,0.000195,41.761959,5227.825,3,0.000000,4,5,115.464096,1,0,0,0.000209,1.000000,0.000028,-0.990618,0.000204,0.136659
599,9.983334,57.260036,-0.000051,12.359434,5.712121,-0.002332,41.408207,-3.004502,0.000206,41.800335,5249.966,3,0.000000,4,5,115.827171,1,0,0,0.000254,1.000000,0.000359,-0.990618,0.000203,0.136662
600,10.000000,57.355373,-0.000090,13.050521,5.720118,-0.002345,41.465176,-3.004498,0.000198,41.857857,5266.475,3,0.000000,4,5,116.070076,1,0,0,0.000286,1.000000,0.000596,-0.990617,0.000202,0.136665
601,10.016666,57.450871,-0.000127,13.742755,5.729784,-0.002225,41.534088,-3.004496,0.000165,41.927441,5277.520,3,0.000000,4,5,116.207794,1,0,0,0.000304,1.000000,0.000734,-0.990617,0.000201,0.136668
602,10.033334,57.546543,-0.000160,14.436237,5.740287,-0.001978,41.608925,-3.004494,0.000116,42.003014,5283.781,3,0.000000,4,5,116.260857,1,0,0,0.000308,1.000000,0.000771,-0.990617,0.000200,0.136670
603,10.050000,57.642391,-0.000187,15.130982,5.750920,-0.001619,41.684692,-3.004493,0.000059,42.079517,5286.194,3,0.000000,4,5,116.252388,1,0,0,0.000299,1.000000,0.000715,-0.990616,0.000198,0.136671
604,10.066667,57.738457,-0.000207,15.827309,5.764091,-0.001179,41.779530,-3.004492,0.000070,42.175262,5285.809,3,0.000000,4,5,116.205521,1,0,0,0.000276,1.000000,0.000558,-0.990616,0.000197,0.136672
605,10.083333,57.834618,-0.000217,16.524288,5.769587,-0.000638,41.818790,-3.004492,0.000002,42.214920,5283.678,3,0.000000,4,5,116.400169,1,0,0,0.000246,1.000000,0.000354,-0.990616,0.000195,0.136672
606,10.100000,57.930935,-0.000219,17.222397,5.778940,-0.000094,41.886555,-3.004492,-0.000018,42.283329,5292.528,3,0.000000,4,5,116.463158,1,0,0,0.000209,1.000000,0.000091,-0.990616,0.000194,0.136672
607,10.116667,58.027328,-0.000211,17.921082,5.783704,0.000474,41.921070,-3.004492,-0.000030,42.318169,5295.393,3,0.000000,4,5,116.679916,1,0,0,0.000168,1.000000,-0.000193,-0.990616,0.000193,0.136671
608,10.133333,58.123867,-0.000195,18.620823,5.792453,0.000993,41.984531,-3.004493,-0.000034,42.382229,5305.248,3,0.000000,4,5,116.765839,1,0,0,0.000124,1.000000,-0.000510,-0.990617,0.000193,0.136671
609,10.150000,58.220501,-0.000170,19.321224,5.797891,0.001483,42.024036,-3.004493,-0.000042,42.422092,5309.154,3,0.000000,4,5,116.961777,1,0,0,0.000079,1.000000,-0.000831,-0.990617,0.000192,0.136670
610,10.166667,58.317287,-0.000138,20.022749,5.807177,0.001888,42.091507,-3.004494,-0.000040,42.490189,5318.064,3,0.000000,4,5,117.027626,1,0,0,0.000033,0.999999,-0.001164,-0.990617,0.000192,0.136669
611,10.183333,58.414154,-0.000101,20.724861,5.812002,0.002237,42.126698,-3.004495,-0.000041,42.525684,5321.058,3,0.000000,4,5,117.242233,1,0,0,-0.000010,0.999999,-0.001478,-0.990617,0.000192,0.136668
612,10.200000,58.511166,-0.000060,21.428034,5.820744,0.002471,42.190327,-3.004495,-0.000032,42.589901,5330.815,3,0.000000,4,5,117.327339,1,0,0,-0.000052,0.999999,-0.001785,-0.990617,0.000192,0.136668
613,10.216666,58.608269,-0.000016,22.131861,5.826135,0.002624,42.229683,-3.004496,-0.000031,42.629601,5334.686,3,0.000000,4,5,117.523727,1,0,0,-0.000090,0.999998,-0.002059,-0.990617,0.000193,0.136667
614,10.233334,58.705524,0.000028,22.836807,5.835340,0.002658,42.296692,-3.004496,-0.000020,42.697216,5343.615,3,0.000000,4,5,117.591171,1,0,0,-0.000125,0.999997,-0.002317,-0.990617,0.000193,0.136667
615,10.250000,58.802860,0.000072,23.542341,5.840200,0.002616,42.332096,-3.004497,-0.000026,42.732925,5346.682,3,0.000000,4,5,117.804153,1,0,0,-0.000153,0.999997,-0.002529,-0.990617,0.000194,0.136666
616,10.266666,58.900341,0.000113,24.248938,5.848940,0.002456,42.395634,-3.004497,-0.000024,42.797043,5356.366,3,0.000000,4,5,117.888474,1,0,0,-0.000178,0.999996,-0.002714,-0.990617,0.000194,0.136666
617,10.283334,58.997913,0.000150,24.956182,5.854299,0.002228,42.434616,-3.004498,-0.000031,42.836372,5360.200,3,0.000000,4,5,118.085358,1,0,0,-0.000197,0.999996,-0.002851,-0.990617,0.000195,0.136665
618,10.300000,59.095634,0.000182,25.664534,5.863447,0.001905,42.501114,-3.004498,-0.000025,42.903481,5369.151,3,0.000000,4,5,118.153816,1,0,0,-0.000211,0.999995,-0.002960,-0.990617,0.000195,0.136665
619,10.316667,59.193439,0.000207,26.373474,5.868306,0.001543,42.536465,-3.004498,-0.000031,42.939159,5372.264,3,0.000000,4,5,118.365685,1,0,0,-0.000219,0.999995,-0.003018,-0.990617,0.000196,0.136664
620,10.333333,59.291389,0.000226,27.083471,5.877023,0.001110,42.599831,-3.004499,-0.000025,43.003117,5381.897,3,0.000000,4,5,118.449074,1,0,0,-0.000222,0.999995,-0.003047,-0.990617,0.000196,0.136664
621,10.350000,59.389427,0.000237,27.794109,5.882310,0.000664,42.638287,-3.004499,-0.000032,43.041935,5385.689,3,0.000000,4,5,118.646683,1,0,0,-0.000220,0.999995,-0.003030,-0.990618,0.000196,0.136664
622,10.366667,59.487617,0.000240,28.505848,5.891391,0.000183,42.704288,-3.004500,-0.000027,43.108559,5394.673,3,0.000000,4,5,118.715714,1,0,0,-0.000214,0.999995,-0.002991,-0.990617,0.000197,0.136663
623,10.383333,59.585888,0.000235,29.218172,5.896224,-0.000273,42.739460,-3.004501,-0.000033,43.144070,5397.812,3,0.000000,4,5,118.926689,1,0,0,-0.000203,0.999996,-0.002910,-0.990618,0.000197,0.136663
624,10.400000,59.684307,0.000223,29.931551,5.904919,-0.000734,42.802677,-3.004501,-0.000027,43.207897,5407.405,3,0.000000,4,5,119.008812,1,0,0,-0.000189,0.999996,-0.002812,-0.990618,0.000197,0.136662
625,10.416667,59.782806,0.000204,30.645559,5.910123,-0.001145,42.840527,-3.004502,-0.000034,43.246109,5411.139,3,0.000000,4,5,119.207321,1,0,0,-0.000171,0.999996,-0.002683,-0.990618,0.000197,0.136662
626,10.433333,59.881462,0.000178,31.360661,5.919141,-0.001531,42.906078,-3.004502,-0.000029,43.312298,5420.165,3,0.000000,4,5,119.276642,1,0,0,-0.000152,0.999997,-0.002550,-0.990618,0.000198,0.136661
627,10.450000,59.980194,0.000148,32.076347,5.923946,-0.001836,42.941048,-3.004503,-0.000034,43.347614,5423.316,3,0.000000,4,5,119.486725,1,0,0,-0.000131,0.999997,-0.002394,-0.990618,0.000198,0.136661
628,10.466666,60.079075,0.000113,32.793083,5.932631,-0.002097,43.004196,-3.004503,-0.000027,43.411373,5432.869,3,0.000000,4,5,119.567245,1,0,0,-0.000110,0.999997,-0.002243,-0.990618,0.000198,0.136660
629,10.483334,60.178036,0.000075,33.510441,5.937754,-0.002265,43.041447,-3.004504,-0.000034,43.448990,5436.530,3,0.000000,4,5,119.766624,1,0,0,-0.000087,0.999998,-0.002080,-0.990618,0.000198,0.136660
630,10.500000,60.277149,0.000036,34.228886,5.946720,-0.002376,43.106609,-3.004504,-0.000030,43.514778,5445.596,3,0.000000,4,5,119.836044,1,0,0,-0.000067,0.999998,-0.001932,-0.990618,0.000198,0.136659
631,10.516666,60.376339,-0.000004,34.947910,5.951507,-0.002385,43.141453,-3.004505,-0.000035,43.549953,5448.752,3,0.000000,4,5,120.045029,1,0,0,-0.000046,0.999998,-0.001780,-0.990618,0.000198,0.136659
632,10.533334,60.475677,-0.000043,35.667984,5.960192,-0.002339,43.204613,-3.004505,-0.000027,43.613720,5458.254,3,0.000000,4,5,120.123726,1,0,0,-0.000027,0.999999,-0.001650,-0.990618,0.000198,0.136658
633,10.550000,60.575096,-0.000080,36.388676,5.965244,-0.002200,43.241348,-3.004506,-0.000035,43.650810,5461.833,3,0.000000,4,5,120.323792,1,0,0,-0.000010,0.999999,-0.001523,-0.990618,0.000198,0.136658
634,10.566667,60.674667,-0.000113,37.110443,5.974164,-0.002016,43.306187,-3.004506,-0.000030,43.716263,5470.929,3,0.000000,4,5,120.393234,1,0,0,0.000004,0.999999,-0.001424,-0.990618,0.000199,0.136657
635,10.583333,60.774315,-0.000143,37.832794,5.978946,-0.001751,43.340996,-3.004507,-0.000035,43.751408,5474.086,3,0.000000,4,5,120.600906,1,0,0,0.000017,0.999999,-0.001332,-0.990618,0.000199,0.136657
636,10.600000,60.874107,-0.000167,38.556194,5.987639,-0.001459,43.404217,-3.004507,-0.000027,43.815239,5483.529,3,0.000000,4,5,120.677780,1,0,0,0.000026,0.999999,-0.001270,-0.990619,0.000199,0.136656
637,10.616667,60.973984,-0.000185,39.280205,5.992636,-0.001111,43.440559,-3.004508,-0.000035,43.851921,5487.024,3,0.000000,4,5,120.878197,1,0,0,0.000033,0.999999,-0.001216,-0.990619,0.000199,0.136656
638,10.633333,61.074009,-0.000198,40.005287,6.001516,-0.000759,43.505119,-3.004508,-0.000030,43.917088,5496.137,3,0.000000,4,5,120.947624,1,0,0,0.000036,0.999999,-0.001194,-0.990619,0.000199,0.136655
639,10.650000,61.174114,-0.000204,40.730957,6.006301,-0.000373,43.539951,-3.004509,-0.000035,43.952248,5499.293,3,0.000000,4,5,121.153931,1,0,0,0.000038,0.999999,-0.001180,-0.990619,0.000199,0.136655
640,10.666667,61.274364,-0.000204,41.457676,6.015000,-0.000010,43.603218,-3.004509,-0.000027,44.016109,5508.674,3,0.000000,4,5,121.229210,1,0,0,0.000037,0.999999,-0.001194,-0.990619,0.000199,0.136654
641,10.683333,61.374699,-0.000198,42.184998,6.019955,0.000363,43.639263,-3.004510,-0.000034,44.052494,5512.097,3,0.000000,4,5,121.429688,1,0,0,0.000034,0.999999,-0.001215,-0.990619,0.000200,0.136654
642,10.700000,61.475178,-0.000187,42.913391,6.028800,0.000690,43.703564,-3.004510,-0.000029,44.117393,5521.213,3,0.000000,4,5,121.499092,1,0,0,0.000028,0.999999,-0.001261,-0.990619,0.000200,0.136653
643,10.716666,61.575737,-0.000170,43.642361,6.033589,0.001007,43.738434,-3.004511,-0.000034,44.152599,5524.368,3,0.000000,4,5,121.704048,1,0,0,0.000021,0.999999,-0.001309,-0.990619,0.000200,0.136653
644,10.733334,61.676441,-0.000149,44.372391,6.042288,0.001259,43.801697,-3.004511,-0.000026,44.216450,5533.688,3,0.000000,4,5,121.778008,1,0,0,0.000011,0.999999,-0.001378,-0.990619,0.000200,0.136652
645,10.750000,61.777225,-0.000124,45.103016,6.047208,0.001485,43.837498,-3.004512,-0.000034,44.252583,5537.050,3,0.000000,4,5,121.978363,1,0,0,0.000002,0.999999,-0.001445,-0.990619,0.000200,0.136651
646,10.766666,61.878159,-0.000097,45.834709,6.056016,0.001637,43.901531,-3.004513,-0.000028,44.317215,5546.160,3,0.000000,4,5,122.047745,1,0,0,-0.000009,0.999999,-0.001527,-0.990619,0.000200,0.136651
647,10.783334,61.979172,-0.000068,46.566982,6.060806,0.001754,43.936409,-3.004513,-0.000033,44.352421,5549.314,3,0.000000,4,5,122.251465,1,0,0,-0.000019,0.999999,-0.001601,-0.990619,0.000200,0.136650
648,10.800000,62.080326,-0.000038,47.300304,6.069495,0.001792,43.999607,-3.004514,-0.000025,44.416199,5558.578,3,0.000000,4,5,122.324333,1,0,0,-0.000031,0.999999,-0.001686,-0.990619,0.000199,0.136650
649,10.816667,62.181568,-0.000008,48.034225,6.074383,0.001795,44.035168,-3.004514,-0.000033,44.452087,5561.891,3,0.000000,4,5,122.524475,1,0,0,-0.000041,0.999998,-0.001758,-0.990619,0.000199,0.136649
650,10.833333,62.282955,0.000021,48.769207,6.083151,0.001722,44.098919,-3.004514,-0.000028,44.516438,5570.991,3,0.000000,4,5,122.593803,1,0,0,-0.000052,0.999998,-0.001836,-0.990620,0.000199,0.136649
651,10.850000,62.384422,0.000048,49.504768,6.087934,0.001621,44.133739,-3.004515,-0.000033,44.551579,5574.143,3,0.000000,4,5,122.796478,1,0,0,-0.000061,0.999998,-0.001898,-0.990620,0.000199,0.136648
652,10.866667,62.486031,0.000072,50.241383,6.096606,0.001452,44.196812,-3.004515,-0.000026,44.615234,5583.358,3,0.000000,4,5,122.868423,1,0,0,-0.000070,0.999998,-0.001963,-0.990620,0.000199,0.136648
653,10.883333,62.587723,0.000093,50.978584,6.101457,0.001269,44.232105,-3.004516,-0.000033,44.650856,5586.629,3,0.000000,4,5,123.068344,1,0,0,-0.000076,0.999998,-0.002008,-0.990620,0.000199,0.136647
654,10.900000,62.689560,0.000110,51.716843,6.110184,0.001032,44.295559,-3.004516,-0.000027,44.714905,5595.720,3,0.000000,4,5,123.137535,1,0,0,-0.000083,0.999998,-0.002055,-0.990620,0.000198,0.136647
655,10.916667,62.791477,0.000123,52.455677,6.114949,0.000796,44.330246,-3.004517,-0.000033,44.749912,5598.866,3,0.000000,4,5,123.339340,1,0,0,-0.000087,0.999998,-0.002081,-0.990620,0.000198,0.136646
656,10.933333,62.893539,0.000132,53.195560,6.123599,0.000523,44.393150,-3.004517,-0.000026,44.813404,5608.041,3,0.000000,4,5,123.410439,1,0,0,-0.000091,0.999998,-0.002107,-0.990620,0.000198,0.136646
657,10.950000,62.995678,0.000137,53.936031,6.128408,0.000267,44.428146,-3.004518,-0.000032,44.848732,5611.274,3,0.000000,4,5,123.610153,1,0,0,-0.000091,0.999998,-0.002112,-0.990620,0.000198,0.136645
658,10.966666,63.097961,0.000136,54.677555,6.137095,-0.000008,44.491306,-3.004518,-0.000025,44.912479,5620.354,3,0.000000,4,5,123.679092,1,0,0,-0.000092,0.999998,-0.002117,-0.990620,0.000198,0.136645
659,10.983334,63.200325,0.000132,55.419655,6.141837,-0.000250,44.525803,-3.004519,-0.000033,44.947300,5623.489,3,0.000000,4,5,123.880188,1,0,0,-0.000091,0.999998,-0.002103,-0.990620,0.000198,0.136645
660,11.000000,63.302834,0.000124,56.162796,6.150463,-0.000496,44.588520,-3.004519,-0.000027,45.010612,5632.633,3,0.000000,4,5,123.950462,1,0,0,-0.000089,0.999998,-0.002091,-0.990620,0.000198,0.136644
661,11.016666,63.405422,0.000112,56.906517,6.155229,-0.000696,44.623207,-3.004520,-0.000033,45.045628,5635.828,3,0.000000,4,5,124.149956,1,0,0,-0.000085,0.999998,-0.002060,-0.990620,0.000198,0.136644
662,11.033334,63.508152,0.000098,57.651283,6.163876,-0.000887,44.686089,-3.004520,-0.000025,45.109100,5644.898,3,0.000000,4,5,124.218513,1,0,0,-0.000081,0.999998,-0.002034,-0.990620,0.000198,0.136643
663,11.050000,63.610962,0.000081,58.396622,6.168587,-0.001023,44.720367,-3.004521,-0.000033,45.143707,5648.016,3,0.000000,4,5,124.418991,1,0,0,-0.000075,0.999998,-0.001992,-0.990620,0.000198,0.136643
664,11.066667,63.713913,0.000062,59.143005,6.177187,-0.001143,44.782894,-3.004521,-0.000027,45.206829,5657.131,3,0.000000,4,5,124.488441,1,0,0,-0.000071,0.999998,-0.001957,-0.990620,0.000198,0.136642
665,11.083333,63.816944,0.000041,59.889961,6.181912,-0.001203,44.817280,-3.004522,-0.000033,45.241535,5660.289,3,0.000000,4,5,124.687683,1,0,0,-0.000064,0.999998,-0.001909,-0.990620,0.000198,0.136642
666,11.100000,63.920120,0.000021,60.637959,6.190524,-0.001246,44.879910,-3.004522,-0.000026,45.304760,5669.348,3,0.000000,4,5,124.755768,1,0,0,-0.000059,0.999998,-0.001871,-0.990620,0.000198,0.136641
667,11.116667,64.023376,0.000000,61.386524,6.195205,-0.001228,44.913967,-3.004523,-0.000032,45.339142,5672.444,3,0.000000,4,5,124.955650,1,0,0,-0.000052,0.999998,-0.001822,-0.990621,0.000198,0.136641
668,11.133333,64.126770,-0.000020,62.136131,6.203780,-0.001196,44.976318,-3.004523,-0.000026,45.402084,5681.532,3,0.000000,4,5,125.024284,1,0,0,-0.000047,0.999998,-0.001785,-0.990621,0.000198,0.136640
669,11.150000,64.230247,-0.000038,62.886303,6.208467,-0.001108,45.010429,-3.004524,-0.000033,45.436527,5684.652,3,0.000000,4,5,125.223198,1,0,0,-0.000040,0.999999,-0.001741,-0.990621,0.000198,0.136640
670,11.166667,64.333862,-0.000055,63.637516,6.217049,-0.001012,45.072834,-3.004524,-0.000026,45.499516,5693.698,3,0.000000,4,5,125.290741,1,0,0,-0.000036,0.999999,-0.001710,-0.990621,0.000198,0.136639
671,11.183333,64.437553,-0.000070,64.389297,6.221701,-0.000869,45.106686,-3.004525,-0.000033,45.533688,5696.768,3,0.000000,4,5,125.490036,1,0,0,-0.000031,0.999999,-0.001673,-0.990621,0.000198,0.136639
672,11.200000,64.541389,-0.000082,65.142120,6.230252,-0.000727,45.168865,-3.004525,-0.000026,45.596451,5705.830,3,0.000000,4,5,125.557884,1,0,0,-0.000028,0.999999,-0.001651,-0.990621,0.000198,0.136638
673,11.216666,64.645302,-0.000091,65.895500,6.234905,-0.000549,45.202736,-3.004526,-0.000032,45.630653,5708.915,3,0.000000,4,5,125.756386,1,0,0,-0.000024,0.999999,-0.001624,-0.990621,0.000198,0.136638
674,11.233334,64.749359,-0.000097,66.649918,6.243458,-0.000384,45.264935,-3.004526,-0.000026,45.693436,5717.940,3,0.000000,4,5,125.823357,1,0,0,-0.000022,0.999999,-0.001613,-0.990621,0.000198,0.136637
675,11.250000,64.853493,-0.000100,67.404892,6.248084,-0.000194,45.298603,-3.004527,-0.000032,45.727417,5720.985,3,0.000000,4,5,126.022018,1,0,0,-0.000020,0.999999,-0.001597,-0.990621,0.000198,0.136637
676,11.266666,64.957771,-0.000101,68.160904,6.256612,-0.000028,45.360622,-3.004527,-0.000025,45.790020,5730.019,3,0.000000,4,5,126.089104,1,0,0,-0.000020,0.999999,-0.001597,-0.990621,0.000198,0.136636
677,11.283334,65.062126,-0.000098,68.917480,6.261237,0.000153,45.394279,-3.004528,-0.000032,45.823994,5733.069,3,0.000000,4,5,126.287117,1,0,0,-0.000019,0.999999,-0.001592,-0.990621,0.000198,0.136636
678,11.300000,65.166626,-0.000093,69.675079,6.269763,0.000300,45.456280,-3.004528,-0.000025,45.886574,5742.072,3,0.000000,4,5,126.353516,1,0,0,-0.000021,0.999999,-0.001602,-0.990621,0.000199,0.136636
679,11.316667,65.271202,-0.000086,70.433243,6.274365,0.000451,45.489777,-3.004529,-0.000032,45.920383,5745.090,3,0.000000,4,5,126.551529,1,0,0,-0.000021,0.999999,-0.001606,-0.990621,0.000199,0.136635
680,11.333333,65.375916,-0.000076,71.192436,6.282870,0.000562,45.551620,-3.004529,-0.000026,45.982807,5754.095,3,0.000000,4,5,126.617920,1,0,0,-0.000024,0.999999,-0.001625,-0.990621,0.000199,0.136635
681,11.350000,65.480705,-0.000065,71.952187,6.287467,0.000672,45.585083,-3.004529,-0.000032,46.016594,5757.113,3,0.000000,4,5,126.815392,1,0,0,-0.000025,0.999999,-0.001637,-0.990622,0.000199,0.136634
682,11.366667,65.585640,-0.000053,72.712967,6.295963,0.000734,45.646881,-3.004530,-0.000025,46.078964,5766.091,3,0.000000,4,5,126.881226,1,0,0,-0.000028,0.999999,-0.001661,-0.990622,0.000199,0.136634
683,11.383333,65.690651,-0.000040,73.474297,6.300541,0.000794,45.680206,-3.004530,-0.000032,46.112602,5769.085,3,0.000000,4,5,127.078575,1,0,0,-0.000031,0.999999,-0.001677,-0.990622,0.000199,0.136633
684,11.400000,65.795799,-0.000026,74.236664,6.309020,0.000807,45.741867,-3.004531,-0.000025,46.174843,5778.058,3,0.000000,4,5,127.144302,1,0,0,-0.000034,0.999998,-0.001704,-0.990622,0.000199,0.136633
685,11.416667,65.901024,-0.000013,74.999588,6.313590,0.000816,45.775135,-3.004531,-0.000031,46.208412,5781.047,3,0.000000,4,5,127.341202,1,0,0,-0.000037,0.999998,-0.001721,-0.990622,0.000199,0.136632
686,11.433333,66.006393,0.000000,75.763527,6.322058,0.000778,45.836723,-3.004532,-0.000024,46.270584,5790.000,3,0.000000,4,5,127.406479,1,0,0,-0.000041,0.999998,-0.001749,-0.990622,0.000199,0.136632
687,11.450000,66.111839,0.000013,76.528023,6.326612,0.000742,45.869865,-3.004532,-0.000031,46.304031,5792.967,3,0.000000,4,5,127.603203,1,0,0,-0.000043,0.999998,-0.001764,-0.990622,0.000199,0.136631
688,11.466666,66.217422,0.000024,77.293549,6.335064,0.000664,45.931324,-3.004533,-0.000025,46.366066,5801.912,3,0.000000,4,5,127.668304,1,0,0,-0.000046,0.999998,-0.001789,-0.990622,0.000199,0.136631
689,11.483334,66.323082,0.000033,78.059624,6.339606,0.000590,45.964386,-3.004533,-0.000031,46.399448,5804.873,3,0.000000,4,5,127.864632,1,0,0,-0.000048,0.999998,-0.001802,-0.990622,0.000199,0.136630
690,11.500000,66.428886,0.000042,78.826721,6.348044,0.000481,46.025757,-3.004534,-0.000024,46.461391,5813.799,3,0.000000,4,5,127.929344,1,0,0,-0.000051,0.999998,-0.001822,-0.990622,0.000199,0.136630
691,11.516666,66.534760,0.000048,79.594360,6.352570,0.000385,46.058697,-3.004534,-0.000031,46.494637,5816.741,3,0.000000,4,5,128.125443,1,0,0,-0.000052,0.999998,-0.001829,-0.990622,0.000199,0.136629
692,11.533334,66.640778,0.000052,80.363029,6.360992,0.000261,46.119942,-3.004534,-0.000024,46.556458,5825.658,3,0.000000,4,5,128.189926,1,0,0,-0.000054,0.999998,-0.001844,-0.990622,0.000199,0.136629
693,11.550000,66.746872,0.000055,81.132240,6.365505,0.000157,46.152790,-3.004535,-0.000031,46.589607,5828.589,3,0.000000,4,5,128.385681,1,0,0,-0.000054,0.999998,-0.001845,-0.990622,0.000199,0.136629
694,11.566667,66.853104,0.000055,81.902473,6.373914,0.000032,46.213936,-3.004535,-0.000025,46.651340,5837.490,3,0.000000,4,5,128.449799,1,0,0,-0.000055,0.999998,-0.001854,-0.990622,0.000199,0.136628
695,11.583333,66.959412,0.000054,82.673248,6.378408,-0.000068,46.246658,-3.004536,-0.000031,46.684368,5840.406,3,0.000000,4,5,128.645340,1,0,0,-0.000054,0.999998,-0.001849,-0.990623,0.000199,0.136628
696,11.600000,67.065849,0.000051,83.445045,6.386798,-0.000181,46.307678,-3.004536,-0.000024,46.745960,5849.296,3,0.000000,4,5,128.709229,1,0,0,-0.000054,0.999998,-0.001852,-0.990623,0.000199,0.136627
697,11.616667,67.172379,0.000047,84.217384,6.391281,-0.000262,46.340298,-3.004537,-0.000031,46.778885,5852.202,3,0.000000,4,5,128.904434,1,0,0,-0.000053,0.999998,-0.001841,-0.990623,0.000199,0.136627
698,11.633333,67.279030,0.000041,84.990738,6.399658,-0.000352,46.401218,-3.004537,-0.000024,46.840382,5861.077,3,0.000000,4,5,128.967957,1,0,0,-0.000053,0.999998,-0.001839,-0.990623,0.000199,0.136626
699,11.650000,67.385773,0.000034,85.764633,6.404123,-0.000406,46.433720,-3.004538,-0.000031,46.873184,5863.965,3,0.000000,4,5,129.162903,1,0,0,-0.000050,0.999998,-0.001824,-0.990623,0.000199,0.136626
700,11.666667,67.492645,0.000027,86.539551,6.412483,-0.000467,46.494522,-3.004538,-0.000024,46.934555,5872.830,3,0.000000,4,5,129.226166,1,0,0,-0.000050,0.999998,-0.001819,-0.990623,0.000199,0.136625
701,11.683333,67.599594,0.000018,87.314995,6.416932,-0.000490,46.526913,-3.004539,-0.000031,46.967266,5875.706,3,0.000000,4,5,129.420837,1,0,0,-0.000047,0.999998,-0.001801,-0.990623,0.000199,0.136625
702,11.700000,67.706680,0.000010,88.091454,6.425278,-0.000519,46.587608,-3.004539,-0.000024,47.028526,5884.558,3,0.000000,4,5,129.483780,1,0,0,-0.000046,0.999998,-0.001793,-0.990623,0.000199,0.136625
703,11.716666,67.813843,0.000001,88.868446,6.429712,-0.000510,46.619884,-3.004539,-0.000031,47.061108,5887.419,3,0.000000,4,5,129.678162,1,0,0,-0.000043,0.999998,-0.001774,-0.990623,0.000199,0.136624
704,11.733334,67.921143,-0.000007,89.646454,6.438043,-0.000506,46.680470,-3.004540,-0.000024,47.122261,5896.257,3,0.000000,4,5,129.740799,1,0,0,-0.000042,0.999998,-0.001766,-0.990623,0.000199,0.136624
705,11.750000,68.028519,-0.000015,90.425003,6.442461,-0.000468,46.712639,-3.004540,-0.000031,47.154732,5899.105,3,0.000000,4,5,129.934891,1,0,0,-0.000040,0.999998,-0.001747,-0.990623,0.000199,0.136623
706,11.766666,68.136032,-0.000022,91.204552,6.450777,-0.000438,46.773117,-3.004541,-0.000024,47.215782,5907.931,3,0.000000,4,5,129.997208,1,0,0,-0.000039,0.999998,-0.001740,-0.990623,0.000199,0.136623
707,11.783334,68.243622,-0.000029,91.984634,6.455180,-0.000376,46.805168,-3.004541,-0.000031,47.248138,5910.764,3,0.000000,4,5,130.191055,1,0,0,-0.000037,0.999999,-0.001723,-0.990623,0.000199,0.136622
708,11.800000,68.351349,-0.000034,92.765724,6.463480,-0.000328,46.865536,-3.004542,-0.000024,47.309071,5919.578,3,0.000000,4,5,130.253082,1,0,0,-0.000036,0.999999,-0.001717,-0.990623,0.000199,0.136622
709,11.816667,68.459145,-0.000038,93.547348,6.467869,-0.000250,46.897491,-3.004542,-0.000030,47.341328,5922.398,3,0.000000,4,5,130.446594,1,0,0,-0.000034,0.999999,-0.001703,-0.990623,0.000199,0.136621
710,11.833333,68.567078,-0.000041,94.329979,6.476156,-0.000190,46.957760,-3.004543,-0.000023,47.402164,5931.197,3,0.000000,4,5,130.508286,1,0,0,-0.000034,0.999999,-0.001700,-0.990623,0.000199,0.136621
711,11.850000,68.675087,-0.000043,95.113136,6.480530,-0.000107,46.989601,-3.004543,-0.000030,47.434299,5934.002,3,0.000000,4,5,130.701538,1,0,0,-0.000032,0.999998,-0.001689,-0.990623,0.000199,0.136620
712,11.866667,68.783234,-0.000044,95.897301,6.488802,-0.000046,47.049759,-3.004544,-0.000023,47.495026,5942.789,3,0.000000,4,5,130.762955,1,0,0,-0.000032,0.999998,-0.001690,-0.990623,0.000199,0.136620
713,11.883333,68.891457,-0.000043,96.681992,6.493164,0.000034,47.081505,-3.004544,-0.000030,47.527081,5945.581,3,0.000000,4,5,130.955872,1,0,0,-0.000031,0.999999,-0.001682,-0.990624,0.000199,0.136620
714,11.900000,68.999817,-0.000042,97.467682,6.501422,0.000088,47.141560,-3.004544,-0.000024,47.587700,5954.353,3,0.000000,4,5,131.016953,1,0,0,-0.000031,0.999999,-0.001686,-0.990624,0.000199,0.136619
715,11.916667,69.108246,-0.000039,98.253899,6.505768,0.000158,47.173199,-3.004545,-0.000030,47.619637,5957.130,3,0.000000,4,5,131.209595,1,0,0,-0.000031,0.999999,-0.001681,-0.990624,0.000199,0.136619
716,11.933333,69.216812,-0.000036,99.041115,6.514011,0.000199,47.233143,-3.004545,-0.000024,47.680138,5965.889,3,0.000000,4,5,131.270401,1,0,0,-0.000032,0.999999,-0.001689,-0.990624,0.000199,0.136618
717,11.950000,69.325455,-0.000032,99.828857,6.518342,0.000252,47.264683,-3.004546,-0.000030,47.711971,5968.654,3,0.000000,4,5,131.462723,1,0,0,-0.000031,0.999999,-0.001686,-0.990624,0.000200,0.136618
718,11.966666,69.434235,-0.000027,100.617599,6.526569,0.000275,47.324528,-3.004546,-0.000024,47.772377,5977.398,3,0.000000,4,5,131.523209,1,0,0,-0.000032,0.999999,-0.001696,-0.990624,0.000200,0.136617
719,11.983334,69.543083,-0.000022,101.406868,6.530888,0.000309,47.355965,-3.004547,-0.000030,47.804111,5980.148,3,0.000000,4,5,131.715225,1,0,0,-0.000032,0.999998,-0.001695,-0.990624,0.000200,0.136617
720,12.000000,69.652069,-0.000017,102.197128,6.539100,0.000312,47.415699,-3.004547,-0.000024,47.864407,5988.879,3,0.000000,4,5,131.775421,1,0,0,-0.000034,0.999998,-0.001706,-0.990624,0.000200,0.136617
721,12.016666,69.761124,-0.000011,102.987915,6.543404,0.000326,47.447033,-3.004548,-0.000030,47.896046,5991.616,3,0.000000,4,5,131.967133,1,0,0,-0.000034,0.999999,-0.001707,-0.990624,0.000200,0.136616
722,12.033334,69.870316,-0.000006,103.779694,6.551601,0.000308,47.506657,-3.004548,-0.000023,47.956219,6000.333,3,0.000000,4,5,132.027023,1,0,0,-0.000035,0.999999,-0.001718,-0.990624,0.000200,0.136616
723,12.050000,69.979584,-0.000001,104.571991,6.555891,0.000303,47.537891,-3.004549,-0.000030,47.987747,6003.056,3,0.000000,4,5,132.218414,1,0,0,-0.000035,0.999998,-0.001719,-0.990624,0.000200,0.136615
724,12.066667,70.088974,0.000003,105.365280,6.564074,0.000269,47.597408,-3.004549,-0.000024,48.047821,6011.758,3,0.000000,4,5,132.278000,1,0,0,-0.000037,0.999998,-0.001730,-0.990624,0.000200,0.136615
725,12.083333,70.198448,0.000007,106.159088,6.568348,0.000250,47.628540,-3.004550,-0.000030,48.079243,6014.468,3,0.000000,4,5,132.469086,1,0,0,-0.000037,0.999998,-0.001731,-0.990624,0.000200,0.136614
726,12.100000,70.308060,0.000011,106.953888,6.576514,0.000204,47.687946,-3.004550,-0.000023,48.139217,6023.156,3,0.000000,4,5,132.528381,1,0,0,-0.000038,0.999999,-0.001741,-0.990624,0.000200,0.136614
727,12.116667,70.417740,0.000014,107.749207,6.580775,0.000174,47.718971,-3.004550,-0.000030,48.170536,6025.852,3,0.000000,4,5,132.719162,1,0,0,-0.000038,0.999999,-0.001740,-0.990624,0.000200,0.136613
728,12.133333,70.527557,0.000016,108.545509,6.588927,0.000120,47.778259,-3.004551,-0.000024,48.230373,6034.526,3,0.000000,4,5,132.778168,1,0,0,-0.000040,0.999999,-0.001748,-0.990624,0.000200,0.136613
729,12.150000,70.637444,0.000017,109.342331,6.593173,0.000087,47.809181,-3.004551,-0.000029,48.261585,6037.210,3,0.000000,4,5,132.968628,1,0,0,-0.000039,0.999998,-0.001745,-0.990625,0.000199,0.136613
730,12.166667,70.747467,0.000018,110.140129,6.601308,0.000032,47.868362,-3.004552,-0.000023,48.321323,6045.870,3,0.000000,4,5,133.027313,1,0,0,-0.000041,0.999998,-0.001752,-0.990625,0.000199,0.136612
731,12.183333,70.857559,0.000018,110.938454,6.605540,-0.000000,47.899174,-3.004552,-0.000029,48.352421,6048.538,3,0.000000,4,5,133.217468,1,0,0,-0.000040,0.999998,-0.001747,-0.990625,0.000199,0.136612
732,12.200000,70.967789,0.000017,111.737747,6.613661,-0.000052,47.958237,-3.004552,-0.000023,48.412037,6057.184,3,0.000000,4,5,133.275879,1,0,0,-0.000041,0.999998,-0.001752,-0.990625,0.000198,0.136611
733,12.216666,71.078087,0.000015,112.537567,6.617878,-0.000078,47.988949,-3.004553,-0.000029,48.443039,6059.840,3,0.000000,4,5,133.465714,1,0,0,-0.000041,0.999998,-0.001746,-0.990625,0.000198,0.136611
734,12.233334,71.188522,0.000013,113.338364,6.625983,-0.000121,48.047905,-3.004553,-0.000023,48.502556,6068.471,3,0.000000,4,5,133.523804,1,0,0,-0.000041,0.999999,-0.001749,-0.990625,0.000198,0.136610
735,12.250000,71.299026,0.000011,114.139671,6.630185,-0.000139,48.078499,-3.004554,-0.000029,48.533440,6071.112,3,0.000000,4,5,133.713364,1,0,0,-0.000041,0.999999,-0.001741,-0.990625,0.000198,0.136610
736,12.266666,71.409668,0.000008,114.941963,6.638274,-0.000172,48.137333,-3.004554,-0.000023,48.592823,6079.732,3,0.000000,4,5,133.771194,1,0,0,-0.000041,0.999999,-0.001743,-0.990625,0.000197,0.136610
737,12.283334,71.520378,0.000005,115.744759,6.642462,-0.000177,48.167831,-3.004555,-0.000029,48.623608,6082.361,3,0.000000,4,5,133.960388,1,0,0,-0.000040,0.999998,-0.001733,-0.990625,0.000197,0.136609
738,12.300000,71.631218,0.000002,116.548538,6.650536,-0.000197,48.226562,-3.004555,-0.000022,48.682892,6090.963,3,0.000000,4,5,134.017883,1,0,0,-0.000040,0.999998,-0.001734,-0.990625,0.000197,0.136609
739,12.316667,71.742126,-0.000001,117.352821,6.654708,-0.000189,48.256939,-3.004555,-0.000029,48.713547,6093.578,3,0.000000,4,5,134.206833,1,0,0,-0.000039,0.999998,-0.001724,-0.990625,0.000197,0.136608
740,12.333333,71.853172,-0.000004,118.158081,6.662766,-0.000198,48.315544,-3.004556,-0.000022,48.772701,6102.169,3,0.000000,4,5,134.264069,1,0,0,-0.000039,0.999998,-0.001725,-0.990625,0.000197,0.136608
741,12.350000,71.964287,-0.000007,118.963844,6.666925,-0.000179,48.345829,-3.004556,-0.000029,48.803280,6104.771,3,0.000000,4,5,134.452652,1,0,0,-0.000038,0.999999,-0.001714,-0.990625,0.000197,0.136607
742,12.366667,72.075539,-0.000010,119.770584,6.674968,-0.000178,48.404331,-3.004557,-0.000022,48.862328,6113.346,3,0.000000,4,5,134.509552,1,0,0,-0.000038,0.999999,-0.001715,-0.990625,0.000197,0.136607
743,12.383333,72.186859,-0.000013,120.577827,6.679111,-0.000149,48.434498,-3.004557,-0.000029,48.892780,6115.933,3,0.000000,4,5,134.697861,1,0,0,-0.000037,0.999998,-0.001705,-0.990625,0.000197,0.136607
744,12.400000,72.298309,-0.000015,121.386040,6.687138,-0.000138,48.492878,-3.004558,-0.000022,48.951706,6124.495,3,0.000000,4,5,134.754501,1,0,0,-0.000037,0.999998,-0.001706,-0.990625,0.000197,0.136606
745,12.416667,72.409828,-0.000017,122.194756,6.691267,-0.000104,48.522945,-3.004558,-0.000029,48.982067,6127.070,3,0.000000,4,5,134.942474,1,0,0,-0.000036,0.999999,-0.001697,-0.990626,0.000197,0.136606
746,12.433333,72.521484,-0.000018,123.004440,6.699278,-0.000090,48.581219,-3.004558,-0.000022,49.040886,6135.617,3,0.000000,4,5,134.998779,1,0,0,-0.000036,0.999999,-0.001698,-0.990626,0.000197,0.136605
747,12.450000,72.633209,-0.000019,123.814629,6.703393,-0.000052,48.611176,-3.004559,-0.000029,49.071125,6138.178,3,0.000000,4,5,135.186432,1,0,0,-0.000034,0.999999,-0.001690,-0.990626,0.000197,0.136605
748,12.466666,72.745064,-0.000020,124.625786,6.711388,-0.000036,48.669331,-3.004559,-0.000022,49.129822,6146.710,3,0.000000,4,5,135.242401,1,0,0,-0.000035,0.999999,-0.001693,-0.990626,0.000197,0.136605
749,12.483334,72.856987,-0.000020,125.437439,6.715487,0.000002,48.699177,-3.004560,-0.000028,49.159946,6149.254,3,0.000000,4,5,135.429688,1,0,0,-0.000033,0.999999,-0.001685,-0.990626,0.000197,0.136604
750,12.500000,72.969048,-0.000020,126.250061,6.723465,0.000016,48.757210,-3.004560,-0.000022,49.218529,6157.770,3,0.000000,4,5,135.485291,1,0,0,-0.000034,0.999999,-0.001689,-0.990626,0.000197,0.136604
751,12.516666,73.081177,-0.000019,127.063179,6.727548,0.000050,48.786942,-3.004560,-0.000028,49.248535,6160.298,3,0.000000,4,5,135.672195,1,0,0,-0.000033,0.999998,-0.001683,-0.990626,0.000197,0.136603
752,12.533334,73.193436,-0.000018,127.877258,6.735508,0.000060,48.844845,-3.004561,-0.000022,49.306980,6168.796,3,0.000000,4,5,135.727417,1,0,0,-0.000033,0.999998,-0.001687,-0.990626,0.000198,0.136603
753,12.550000,73.305763,-0.000016,128.691818,6.739574,0.000088,48.874454,-3.004561,-0.000028,49.336880,6171.307,3,0.000000,4,5,135.913910,1,0,0,-0.000032,0.999999,-0.001682,-0.990626,0.000198,0.136602
754,12.566667,73.418221,-0.000015,129.507355,6.747516,0.000091,48.932217,-3.004562,-0.000022,49.395184,6179.787,3,0.000000,4,5,135.968765,1,0,0,-0.000033,0.999999,-0.001687,-0.990626,0.000198,0.136602
755,12.583333,73.530746,-0.000013,130.323380,6.751565,0.000112,48.961704,-3.004562,-0.000029,49.424946,6182.281,3,0.000000,4,5,136.154816,1,0,0,-0.000032,0.999999,-0.001682,-0.990626,0.000198,0.136602
756,12.600000,73.643402,-0.000011,131.140366,6.759486,0.000108,49.019321,-3.004563,-0.000022,49.483105,6190.740,3,0.000000,4,5,136.209274,1,0,0,-0.000032,0.999999,-0.001688,-0.990626,0.000199,0.136601
757,12.616667,73.756126,-0.000009,131.957840,6.763516,0.000122,49.048676,-3.004563,-0.000028,49.512733,6193.217,3,0.000000,4,5,136.394882,1,0,0,-0.000031,0.999999,-0.001684,-0.990626,0.000199,0.136601
758,12.633333,73.868980,-0.000007,132.776276,6.771415,0.000111,49.106140,-3.004563,-0.000021,49.570736,6201.656,3,0.000000,4,5,136.448959,1,0,0,-0.000032,0.999999,-0.001690,-0.990626,0.000199,0.136600
759,12.650000,73.981903,-0.000005,133.595200,6.775429,0.000118,49.135368,-3.004564,-0.000027,49.600235,6204.114,3,0.000000,4,5,136.634064,1,0,0,-0.000031,0.999999,-0.001686,-0.990626,0.000199,0.136600
760,12.666667,74.094955,-0.000004,134.415085,6.783307,0.000100,49.192677,-3.004564,-0.000021,49.658081,6212.531,3,0.000000,4,5,136.687729,1,0,0,-0.000032,0.999998,-0.001692,-0.990626,0.000199,0.136600
761,12.683333,74.208076,-0.000002,135.235443,6.787302,0.000101,49.221767,-3.004565,-0.000027,49.687447,6214.971,3,0.000000,4,5,136.872345,1,0,0,-0.000031,0.999998,-0.001688,-0.990626,0.000199,0.136599
762,12.700000,74.321327,-0.000000,136.056763,6.795158,0.000079,49.278904,-3.004565,-0.000021,49.745129,6223.365,3,0.000000,4,5,136.925613,1,0,0,-0.000032,0.999999,-0.001694,-0.990627,0.000200,0.136599
763,12.716666,74.434647,0.000001,136.878555,6.799133,0.000075,49.307854,-3.004565,-0.000027,49.774349,6225.788,3,0.000000,4,5,137.109711,1,0,0,-0.000031,0.999999,-0.001689,-0.990627,0.000200,0.136598
764,12.733334,74.548096,0.000002,137.701309,6.806964,0.000049,49.364819,-3.004566,-0.000021,49.831852,6234.157,3,0.000000,4,5,137.162567,1,0,0,-0.000032,0.999999,-0.001694,-0.990627,0.000200,0.136598
765,12.750000,74.661613,0.000002,138.524536,6.810921,0.000044,49.393627,-3.004566,-0.000027,49.860924,6236.562,3,0.000000,4,5,137.346115,1,0,0,-0.000031,0.999999,-0.001689,-0.990627,0.000200,0.136598
766,12.766666,74.775261,0.000003,139.348709,6.818727,0.000017,49.450413,-3.004567,-0.000021,49.918243,6244.907,3,0.000000,4,5,137.398544,1,0,0,-0.000032,0.999999,-0.001693,-0.990627,0.000200,0.136597
767,12.783334,74.888969,0.000003,140.173355,6.822663,0.000012,49.479073,-3.004567,-0.000027,49.947174,6247.291,3,0.000000,4,5,137.581543,1,0,0,-0.000031,0.999999,-0.001687,-0.990627,0.000200,0.136597
768,12.800000,75.002808,0.000003,140.998947,6.830444,-0.000014,49.535667,-3.004567,-0.000020,50.004299,6255.612,3,0.000000,4,5,137.633560,1,0,0,-0.000032,0.999999,-0.001691,-0.990627,0.000200,0.136597
769,12.816667,75.116714,0.000002,141.825012,6.834360,-0.000018,49.564182,-3.004568,-0.000027,50.033077,6257.977,3,0.000000,4,5,137.815964,1,0,0,-0.000031,0.999998,-0.001685,-0.990627,0.000200,0.136596
770,12.833333,75.230751,0.000002,142.652023,6.842114,-0.000041,49.620590,-3.004568,-0.000022,50.090015,6266.270,3,0.000000,4,5,137.867538,1,0,0,-0.000031,0.999998,-0.001688,-0.990627,0.000200,0.136596
771,12.850000,75.344849,0.000001,143.479507,6.846007,-0.000042,49.648945,-3.004569,-0.000028,50.118649,6268.615,3,0.000000,4,5,138.049362,1,0,0,-0.000030,0.999999,-0.001681,-0.990627,0.000200,0.136595
772,12.866667,75.459076,-0.000000,144.307922,6.853732,-0.000062,49.705147,-3.004569,-0.000021,50.175377,6276.882,3,0.000000,4,5,138.100525,1,0,0,-0.000031,0.999999,-0.001683,-0.990627,0.000200,0.136595
773,12.883333,75.573372,-0.000001,145.136810,6.857605,-0.000059,49.733353,-3.004570,-0.000027,50.203846,6279.208,3,0.000000,4,5,138.281708,1,0,0,-0.000030,0.999999,-0.001675,-0.990627,0.000199,0.136594
774,12.900000,75.687790,-0.000002,145.966629,6.865303,-0.000074,49.789356,-3.004570,-0.000021,50.260372,6287.447,3,0.000000,4,5,138.332413,1,0,0,-0.000030,0.999999,-0.001678,-0.990627,0.000199,0.136594
775,12.916667,75.802277,-0.000004,146.796921,6.869152,-0.000066,49.817398,-3.004570,-0.000027,50.288677,6289.752,3,0.000000,4,5,138.512985,1,0,0,-0.000029,0.999999,-0.001670,-0.990627,0.000199,0.136594
776,12.933333,75.916893,-0.000005,147.628143,6.876820,-0.000076,49.873184,-3.004570,-0.000020,50.344986,6297.962,3,0.000000,4,5,138.563278,1,0,0,-0.000029,0.999999,-0.001672,-0.990627,0.000199,0.136593
777,12.950000,76.031570,-0.000006,148.459824,6.880649,-0.000064,49.901070,-3.004571,-0.000026,50.373138,6300.249,3,0.000000,4,5,138.743164,1,0,0,-0.000028,0.999998,-0.001663,-0.990627,0.000199,0.136593
778,12.966666,76.146378,-0.000007,149.292435,6.888289,-0.000071,49.956650,-3.004571,-0.000020,50.429237,6308.428,3,0.000000,4,5,138.792984,1,0,0,-0.000029,0.999998,-0.001665,-0.990627,0.000199,0.136593
779,12.983334,76.261246,-0.000008,150.125504,6.892095,-0.000054,49.984364,-3.004572,-0.000027,50.457218,6310.693,3,0.000000,4,5,138.972229,1,0,0,-0.000028,0.999999,-0.001656,-0.990627,0.000199,0.136592
780,13.000000,76.376244,-0.000009,150.959503,6.899704,-0.000059,50.039715,-3.004572,-0.000021,50.513092,6318.843,3,0.000000,4,5,139.021637,1,0,0,-0.000028,0.999999,-0.001658,-0.990627,0.000199,0.136592
781,13.016666,76.491302,-0.000010,151.793961,6.903486,-0.000041,50.067265,-3.004573,-0.000027,50.540894,6321.089,3,0.000000,4,5,139.200180,1,0,0,-0.000027,0.999999,-0.001650,-0.990627,0.000199,0.136591
782,13.033334,76.606483,-0.000010,152.629333,6.911063,-0.000042,50.122395,-3.004573,-0.000020,50.596542,6329.208,3,0.000000,4,5,139.249115,1,0,0,-0.000028,0.999999,-0.001652,-0.990627,0.000198,0.136591
783,13.050000,76.721733,-0.000011,153.465164,6.914823,-0.000022,50.149776,-3.004573,-0.000026,50.624176,6331.433,3,0.000000,4,5,139.426956,1,0,0,-0.000027,0.999999,-0.001644,-0.990627,0.000198,0.136591
784,13.066667,76.837105,-0.000011,154.301910,6.922369,-0.000023,50.204678,-3.004574,-0.000020,50.679596,6339.519,3,0.000000,4,5,139.475433,1,0,0,-0.000027,0.999999,-0.001646,-0.990628,0.000198,0.136590
785,13.083333,76.952538,-0.000011,155.139130,6.926105,-0.000002,50.231888,-3.004574,-0.000027,50.707062,6341.724,3,0.000000,4,5,139.652557,1,0,0,-0.000026,0.999999,-0.001638,-0.990628,0.000198,0.136590
786,13.100000,77.068100,-0.000011,155.977219,6.933619,-0.000003,50.286549,-3.004575,-0.000022,50.762234,6349.777,3,0.000000,4,5,139.700592,1,0,0,-0.000027,0.999999,-0.001641,-0.990628,0.000198,0.136589
787,13.116667,77.183723,-0.000011,156.815796,6.937329,0.000016,50.313587,-3.004575,-0.000027,50.789536,6351.961,3,0.000000,4,5,139.876968,1,0,0,-0.000026,0.999999,-0.001633,-0.990628,0.000197,0.136589
788,13.133333,77.299469,-0.000011,157.655258,6.944808,0.000013,50.368011,-3.004575,-0.000020,50.844471,6359.980,3,0.000000,4,5,139.924530,1,0,0,-0.000026,0.999999,-0.001636,-0.990628,0.000197,0.136589
789,13.150000,77.415276,-0.000010,158.495178,6.948496,0.000031,50.394875,-3.004576,-0.000026,50.871586,6362.143,3,0.000000,4,5,140.100159,1,0,0,-0.000026,0.999999,-0.001629,-0.990628,0.000197,0.136588
790,13.166667,77.531212,-0.000010,159.335999,6.955944,0.000026,50.449051,-3.004576,-0.000021,50.926270,6370.128,3,0.000000,4,5,140.147263,1,0,0,-0.000026,0.999999,-0.001632,-0.990628,0.000197,0.136588
791,13.183333,77.647202,-0.000009,160.177261,6.959607,0.000041,50.475735,-3.004576,-0.000026,50.953201,6372.271,3,0.000000,4,5,140.322128,1,0,0,-0.000025,0.999999,-0.001625,-0.990628,0.000197,0.136588
792,13.200000,77.763321,-0.000008,161.019424,6.967019,0.000034,50.529663,-3.004577,-0.000020,51.007637,6380.222,3,0.000000,4,5,140.368759,1,0,0,-0.000026,0.999999,-0.001628,-0.990628,0.000197,0.136587
793,13.216666,77.879501,-0.000008,161.862030,6.970657,0.000046,50.556168,-3.004577,-0.000026,51.034389,6382.341,3,0.000000,4,5,140.542847,1,0,0,-0.000025,0.999999,-0.001621,-0.990628,0.000196,0.136587
794,13.233334,77.995804,-0.000007,162.705521,6.978034,0.000037,50.609844,-3.004578,-0.000020,51.088570,6390.257,3,0.000000,4,5,140.589005,1,0,0,-0.000026,0.999999,-0.001624,-0.990628,0.000196,0.136586
795,13.250000,78.112167,-0.000006,163.549454,6.981648,0.000047,50.636166,-3.004578,-0.000026,51.115150,6392.355,3,0.000000,4,5,140.762299,1,0,0,-0.000025,0.999999,-0.001617,-0.990628,0.000196,0.136586
796,13.266666,78.228653,-0.000006,164.394287,6.988990,0.000034,50.689583,-3.004578,-0.000020,51.169067,6400.235,3,0.000000,4,5,140.807999,1,0,0,-0.000025,0.999999,-0.001621,-0.990628,0.000196,0.136586
797,13.283334,78.345200,-0.000005,165.239548,6.992578,0.000041,50.715725,-3.004579,-0.000026,51.195454,6402.313,3,0.000000,4,5,140.980484,1,0,0,-0.000024,0.999999,-0.001614,-0.990628,0.000196,0.136585
798,13.300000,78.461861,-0.000005,166.085693,6.999883,0.000027,50.768879,-3.004579,-0.000020,51.249104,6410.156,3,0.000000,4,5,141.025696,1,0,0,-0.000025,0.999999,-0.001617,-0.990628,0.000196,0.136585
799,13.316667,78.578583,-0.000004,166.932266,7.003446,0.000033,50.794834,-3.004580,-0.000026,51.275299,6412.211,3,0.000000,4,5,141.197357,1,0,0,-0.000024,0.999999,-0.001610,-0.990628,0.000197,0.136584
800,13.333333,78.695427,-0.000004,167.779724,7.010715,0.000017,50.847721,-3.004580,-0.000020,51.328686,6420.016,3,0.000000,4,5,141.242111,1,0,0,-0.000024,0.999999,-0.001614,-0.990628,0.000197,0.136584
801,13.350000,78.812332,-0.000003,168.627609,7.014252,0.000023,50.873489,-3.004580,-0.000026,51.354691,6422.052,3,0.000000,4,5,141.412949,1,0,0,-0.000023,0.999999,-0.001607,-0.990628,0.000197,0.136584
802,13.366667,78.929359,-0.000003,169.476379,7.021483,0.000006,50.926105,-3.004581,-0.000020,51.407803,6429.819,3,0.000000,4,5,141.457214,1,0,0,-0.000023,0.999999,-0.001610,-0.990628,0.000197,0.136583
803,13.383333,79.046440,-0.000003,170.325577,7.024994,0.000011,50.951687,-3.004581,-0.000026,51.433624,6431.832,3,0.000000,4,5,141.627197,1,0,0,-0.000022,0.999999,-0.001602,-0.990628,0.000197,0.136583
804,13.400000,79.163643,-0.000003,171.175644,7.032188,-0.000004,51.004032,-3.004581,-0.000020,51.486469,6439.561,3,0.000000,4,5,141.670990,1,0,0,-0.000022,0.999999,-0.001605,-0.990629,0.000198,0.136583
805,13.416667,79.280907,-0.000003,172.026138,7.035672,-0.000000,51.029419,-3.004582,-0.000026,51.512096,6441.552,3,0.000000,4,5,141.840118,1,0,0,-0.000021,0.999999,-0.001598,-0.990629,0.000198,0.136582
806,13.433333,79.398285,-0.000003,172.877502,7.042827,-0.000015,51.081486,-3.004582,-0.000020,51.564651,6449.242,3,0.000000,4,5,141.883438,1,0,0,-0.000021,0.999999,-0.001601,-0.990629,0.000198,0.136582
807,13.450000,79.515724,-0.000003,173.729279,7.046285,-0.000010,51.106686,-3.004583,-0.000026,51.590088,6451.212,3,0.000000,4,5,142.051697,1,0,0,-0.000020,0.999999,-0.001593,-0.990629,0.000198,0.136581
808,13.466666,79.633278,-0.000004,174.581924,7.053402,-0.000023,51.158470,-3.004583,-0.000020,51.642357,6458.862,3,0.000000,4,5,142.094543,1,0,0,-0.000020,0.999999,-0.001595,-0.990629,0.000198,0.136581
809,13.483334,79.750893,-0.000004,175.434982,7.056834,-0.000016,51.183475,-3.004583,-0.000025,51.667595,6460.810,3,0.000000,4,5,142.261932,1,0,0,-0.000019,0.999999,-0.001588,-0.990629,0.000198,0.136581
810,13.500000,79.868622,-0.000005,176.288895,7.063911,-0.000028,51.234978,-3.004584,-0.000019,51.719578,6468.422,3,0.000000,4,5,142.304291,1,0,0,-0.000019,0.999999,-0.001590,-0.990629,0.000199,0.136580
811,13.516666,79.986412,-0.000005,177.143219,7.067317,-0.000019,51.259789,-3.004584,-0.000024,51.744621,6470.347,3,0.000000,4,5,142.470779,1,0,0,-0.000018,0.999999,-0.001582,-0.990629,0.000199,0.136580
812,13.533334,80.104317,-0.000005,177.998398,7.074355,-0.000030,51.311005,-3.004584,-0.000018,51.796314,6477.917,3,0.000000,4,5,142.512650,1,0,0,-0.000018,0.999999,-0.001584,-0.990629,0.000199,0.136580
813,13.550000,80.222282,-0.000006,178.853989,7.077734,-0.000019,51.335621,-3.004585,-0.000025,51.821171,6479.820,3,0.000000,4,5,142.678253,1,0,0,-0.000017,0.999999,-0.001576,-0.990629,0.000199,0.136579
814,13.566667,80.340363,-0.000006,179.710434,7.084734,-0.000029,51.386543,-3.004585,-0.000020,51.872574,6487.351,3,0.000000,4,5,142.719650,1,0,0,-0.000017,0.999999,-0.001578,-0.990629,0.000199,0.136579
815,13.583333,80.458496,-0.000007,180.567276,7.088084,-0.000017,51.410965,-3.004586,-0.000025,51.897221,6489.233,3,0.000000,4,5,142.884338,1,0,0,-0.000016,0.999999,-0.001570,-0.990629,0.000199,0.136579
816,13.600000,80.576744,-0.000007,181.424973,7.095041,-0.000025,51.461594,-3.004586,-0.000019,51.948326,6496.721,3,0.000000,4,5,142.925247,1,0,0,-0.000016,0.999999,-0.001572,-0.990629,0.000199,0.136578
817,13.616667,80.695053,-0.000007,182.283066,7.098365,-0.000012,51.485813,-3.004586,-0.000025,51.972771,6498.581,3,0.000000,4,5,143.089035,1,0,0,-0.000015,0.999999,-0.001564,-0.990629,0.000199,0.136578
818,13.633333,80.813477,-0.000007,183.141998,7.105282,-0.000019,51.536148,-3.004587,-0.000019,52.023579,6506.028,3,0.000000,4,5,143.129471,1,0,0,-0.000015,0.999999,-0.001566,-0.990629,0.000199,0.136578
819,13.650000,80.931953,-0.000008,184.001328,7.108578,-0.000006,51.560173,-3.004587,-0.000024,52.047829,6507.867,3,0.000000,4,5,143.292328,1,0,0,-0.000014,0.999999,-0.001558,-0.990629,0.000199,0.136577
820,13.666667,81.050545,-0.000008,184.861496,7.115454,-0.000012,51.610210,-3.004587,-0.000018,52.098331,6515.271,3,0.000000,4,5,143.332275,1,0,0,-0.000015,0.999999,-0.001560,-0.990629,0.000199,0.136577
821,13.683333,81.169189,-0.000008,185.722061,7.118725,0.000001,51.634037,-3.004588,-0.000025,52.122395,6517.087,3,0.000000,4,5,143.494202,1,0,0,-0.000013,0.999999,-0.001552,-0.990630,0.000199,0.136576
822,13.700000,81.287949,-0.000008,186.583450,7.125561,-0.000006,51.683773,-3.004588,-0.000020,52.172592,6524.450,3,0.000000,4,5,143.533661,1,0,0,-0.000014,0.999999,-0.001554,-0.990629,0.000199,0.136576
823,13.716666,81.406761,-0.000008,187.445236,7.128801,0.000007,51.707397,-3.004588,-0.000025,52.196434,6526.245,3,0.000000,4,5,143.694656,1,0,0,-0.000013,0.999999,-0.001546,-0.990630,0.000199,0.136576
824,13.733334,81.525688,-0.000008,188.307846,7.135593,0.000001,51.756832,-3.004589,-0.000018,52.246334,6533.564,3,0.000000,4,5,143.733643,1,0,0,-0.000013,0.999999,-0.001548,-0.990630,0.000199,0.136575
825,13.750000,81.644669,-0.000007,189.170853,7.138808,0.000013,51.780254,-3.004589,-0.000024,52.269970,6535.337,3,0.000000,4,5,143.893692,1,0,0,-0.000012,0.999999,-0.001540,-0.990630,0.000199,0.136575
826,13.766666,81.763763,-0.000007,190.034683,7.145560,0.000006,51.829384,-3.004590,-0.000019,52.319576,6542.615,3,0.000000,4,5,143.932190,1,0,0,-0.000012,0.999999,-0.001542,-0.990630,0.000199,0.136575
827,13.783334,81.882912,-0.000007,190.898895,7.148746,0.000016,51.852604,-3.004590,-0.000024,52.343014,6544.365,3,0.000000,4,5,144.091293,1,0,0,-0.000011,0.999999,-0.001535,-0.990630,0.000199,0.136574
828,13.800000,82.002167,-0.000007,191.763916,7.155454,0.000008,51.901428,-3.004590,-0.000018,52.392296,6551.600,3,0.000000,4,5,144.129318,1,0,0,-0.000011,0.999999,-0.001537,-0.990630,0.000199,0.136574
829,13.816667,82.121475,-0.000007,192.629318,7.158613,0.000018,51.924450,-3.004591,-0.000024,52.415531,6553.328,3,0.000000,4,5,144.287445,1,0,0,-0.000010,0.999999,-0.001529,-0.990630,0.000199,0.136574
830,13.833333,82.240898,-0.000007,193.495529,7.165281,0.000009,51.972969,-3.004591,-0.000019,52.464504,6560.518,3,0.000000,4,5,144.324966,1,0,0,-0.000010,0.999999,-0.001531,-0.990630,0.000199,0.136573
831,13.850000,82.360374,-0.000006,194.362122,7.168411,0.000019,51.995781,-3.004591,-0.000024,52.487530,6562.224,3,0.000000,4,5,144.482162,1,0,0,-0.000009,0.999999,-0.001524,-0.990630,0.000199,0.136573
832,13.866667,82.479958,-0.000006,195.229523,7.175034,0.000009,52.043983,-3.004591,-0.000018,52.536186,6569.371,3,0.000000,4,5,144.519241,1,0,0,-0.000009,0.999999,-0.001526,-0.990630,0.000199,0.136573
833,13.883333,82.599594,-0.000006,196.097305,7.178137,0.000018,52.066605,-3.004592,-0.000024,52.559017,6571.057,3,0.000000,4,5,144.675415,1,0,0,-0.000008,0.999999,-0.001519,-0.990630,0.000199,0.136572
834,13.900000,82.719337,-0.000006,196.965881,7.184718,0.000007,52.114502,-3.004592,-0.000018,52.607365,6578.158,3,0.000000,4,5,144.711975,1,0,0,-0.000009,0.999999,-0.001521,-0.990630,0.000199,0.136572
835,13.916667,82.839134,-0.000005,197.834824,7.187792,0.000016,52.136909,-3.004593,-0.000024,52.629990,6579.821,3,0.000000,4,5,144.867218,1,0,0,-0.000008,0.999999,-0.001513,-0.990630,0.000199,0.136572
836,13.933333,82.959038,-0.000005,198.704559,7.194329,0.000004,52.184486,-3.004593,-0.000018,52.678017,6586.879,3,0.000000,4,5,144.903336,1,0,0,-0.000008,0.999999,-0.001516,-0.990630,0.000199,0.136571
837,13.950000,83.078995,-0.000005,199.574677,7.197375,0.000012,52.206696,-3.004593,-0.000024,52.700428,6588.521,3,0.000000,4,5,145.057571,1,0,0,-0.000007,0.999999,-0.001508,-0.990630,0.000199,0.136571
838,13.966666,83.199059,-0.000005,200.445572,7.203870,0.000000,52.253963,-3.004594,-0.000019,52.748142,6595.534,3,0.000000,4,5,145.093185,1,0,0,-0.000008,0.999999,-0.001510,-0.990630,0.000199,0.136571
839,13.983334,83.319176,-0.000005,201.316833,7.206887,0.000008,52.275967,-3.004594,-0.000024,52.770344,6597.154,3,0.000000,4,5,145.246445,1,0,0,-0.000007,0.999999,-0.001503,-0.990630,0.000199,0.136570
840,14.000000,83.439400,-0.000005,202.188889,7.213337,-0.000003,52.322914,-3.004594,-0.000018,52.817734,6604.123,3,0.000000,4,5,145.281586,1,0,0,-0.000007,0.999999,-0.001504,-0.990630,0.000198,0.136570
841,14.016666,83.559669,-0.000005,203.061295,7.216328,0.000004,52.344711,-3.004595,-0.000024,52.839733,6605.720,3,0.000000,4,5,145.433868,1,0,0,-0.000006,0.999999,-0.001497,-0.990630,0.000198,0.136569
842,14.033334,83.680046,-0.000005,203.934479,7.222734,-0.000007,52.391342,-3.004595,-0.000018,52.886799,6612.644,3,0.000000,4,5,145.468536,1,0,0,-0.000007,0.999999,-0.001499,-0.990630,0.000198,0.136569
843,14.050000,83.800476,-0.000005,204.808044,7.225697,0.000001,52.412937,-3.004596,-0.000023,52.908596,6614.220,3,0.000000,4,5,145.619827,1,0,0,-0.000006,0.999999,-0.001491,-0.990630,0.000198,0.136569
844,14.066667,83.921013,-0.000005,205.682358,7.232059,-0.000009,52.459251,-3.004596,-0.000018,52.955357,6621.099,3,0.000000,4,5,145.654022,1,0,0,-0.000006,0.999999,-0.001493,-0.990631,0.000198,0.136569
845,14.083333,84.041595,-0.000005,206.557037,7.234994,-0.000001,52.480644,-3.004596,-0.000024,52.976952,6622.654,3,0.000000,4,5,145.804306,1,0,0,-0.000005,0.999999,-0.001485,-0.990631,0.000198,0.136568
846,14.100000,84.162285,-0.000005,207.432480,7.241313,-0.000012,52.526638,-3.004596,-0.000019,53.023376,6629.487,3,0.000000,4,5,145.838028,1,0,0,-0.000006,0.999999,-0.001487,-0.990631,0.000197,0.136568
847,14.116667,84.283020,-0.000006,208.308273,7.244218,-0.000003,52.547821,-3.004597,-0.000024,53.044758,6631.021,3,0.000000,4,5,145.987335,1,0,0,-0.000005,0.999999,-0.001479,-0.990631,0.000197,0.136567
848,14.133333,84.403862,-0.000006,209.184830,7.250492,-0.000012,52.593494,-3.004597,-0.000018,53.090858,6637.809,3,0.000000,4,5,146.020599,1,0,0,-0.000005,0.999999,-0.001480,-0.990631,0.000197,0.136567
849,14.150000,84.524750,-0.000006,210.061737,7.253370,-0.000003,52.614479,-3.004597,-0.000023,53.112038,6639.321,3,0.000000,4,5,146.168869,1,0,0,-0.000004,0.999999,-0.001473,-0.990631,0.000197,0.136567
850,14.166667,84.645744,-0.000006,210.939407,7.259601,-0.000012,52.659832,-3.004598,-0.000018,53.157814,6646.063,3,0.000000,4,5,146.201645,1,0,0,-0.000004,0.999999,-0.001474,-0.990631,0.000197,0.136566
851,14.183333,84.766785,-0.000006,211.817413,7.262450,-0.000002,52.680607,-3.004598,-0.000023,53.178783,6647.554,3,0.000000,4,5,146.348938,1,0,0,-0.000003,0.999999,-0.001466,-0.990631,0.000197,0.136566
852,14.200000,84.887932,-0.000006,212.696167,7.268636,-0.000011,52.725636,-3.004599,-0.000017,53.224236,6654.250,3,0.000000,4,5,146.381256,1,0,0,-0.000003,0.999999,-0.001467,-0.990631,0.000197,0.136566
853,14.216666,85.009125,-0.000006,213.575272,7.271457,-0.000001,52.746204,-3.004599,-0.000023,53.245003,6655.720,3,0.000000,4,5,146.527557,1,0,0,-0.000002,0.999999,-0.001460,-0.990631,0.000197,0.136565
854,14.233334,85.130417,-0.000006,214.455124,7.277600,-0.000010,52.790913,-3.004599,-0.000017,53.290127,6662.373,3,0.000000,4,5,146.559418,1,0,0,-0.000002,0.999999,-0.001461,-0.990631,0.000197,0.136565
855,14.250000,85.251755,-0.000006,215.335312,7.280394,0.000001,52.811283,-3.004600,-0.000023,53.310688,6663.820,3,0.000000,4,5,146.704681,1,0,0,-0.000001,0.999999,-0.001453,-0.990631,0.000198,0.136565
856,14.266666,85.373199,-0.000006,216.216232,7.286492,-0.000007,52.855671,-3.004600,-0.000018,53.355492,6670.426,3,0.000000,4,5,146.736053,1,0,0,-0.000001,0.999999,-0.001455,-0.990631,0.000198,0.136564
857,14.283334,85.494690,-0.000006,217.097488,7.289257,0.000003,52.875835,-3.004600,-0.000023,53.375847,6671.852,3,0.000000,4,5,146.880325,1,0,0,0.000000,0.999999,-0.001447,-0.990631,0.000198,0.136564
858,14.300000,85.616280,-0.000006,217.979492,7.295309,-0.000005,52.919895,-3.004601,-0.000018,53.420326,6678.412,3,0.000000,4,5,146.911255,1,0,0,0.000000,0.999999,-0.001449,-0.990631,0.000198,0.136564
859,14.316667,85.737915,-0.000006,218.861816,7.298046,0.000004,52.939854,-3.004601,-0.000023,53.440475,6679.818,3,0.000000,4,5,147.054520,1,0,0,0.000001,0.999999,-0.001441,-0.990631,0.000198,0.136563
860,14.333333,85.859650,-0.000006,219.744873,7.304054,-0.000004,52.983593,-3.004601,-0.000017,53.484623,6686.332,3,0.000000,4,5,147.084991,1,0,0,0.000001,0.999999,-0.001442,-0.990631,0.000198,0.136563
861,14.350000,85.981430,-0.000006,220.628265,7.306763,0.000006,53.003353,-3.004601,-0.000023,53.504570,6687.718,3,0.000000,4,5,147.227234,1,0,0,0.000002,0.999999,-0.001435,-0.990631,0.000198,0.136563
862,14.366667,86.103310,-0.000006,221.512375,7.312727,-0.000002,53.046768,-3.004602,-0.000018,53.548389,6694.186,3,0.000000,4,5,147.257233,1,0,0,0.000002,0.999999,-0.001436,-0.990631,0.000199,0.136562
863,14.383333,86.225235,-0.000006,222.396820,7.315408,0.000008,53.066322,-3.004602,-0.000023,53.568123,6695.549,3,0.000000,4,5,147.398483,1,0,0,0.000004,0.999999,-0.001429,-0.990631,0.000199,0.136562
864,14.400000,86.347260,-0.000006,223.281982,7.321327,-0.000001,53.109413,-3.004602,-0.000017,53.611618,6701.972,3,0.000000,4,5,147.428040,1,0,0,0.000003,0.999999,-0.001431,-0.990632,0.000199,0.136562
865,14.416667,86.469322,-0.000006,224.167465,7.323980,0.000009,53.128765,-3.004603,-0.000022,53.631149,6703.316,3,0.000000,4,5,147.568268,1,0,0,0.000005,0.999999,-0.001423,-0.990631,0.000199,0.136561
866,14.433333,86.591484,-0.000006,225.053665,7.329855,0.000000,53.171535,-3.004603,-0.000017,53.674316,6709.691,3,0.000000,4,5,147.597366,1,0,0,0.000004,0.999999,-0.001425,-0.990631,0.000199,0.136561
867,14.450000,86.713692,-0.000006,225.940170,7.332480,0.000010,53.190685,-3.004604,-0.000022,53.693645,6711.015,3,0.000000,4,5,147.736588,1,0,0,0.000005,0.999999,-0.001417,-0.990632,0.000199,0.136561
868,14.466666,86.835999,-0.000006,226.827393,7.338311,0.000001,53.233128,-3.004604,-0.000017,53.736496,6717.345,3,0.000000,4,5,147.765244,1,0,0,0.000005,0.999999,-0.001419,-0.990632,0.000199,0.136560
869,14.483334,86.958344,-0.000006,227.714920,7.340909,0.000009,53.252079,-3.004604,-0.000022,53.755627,6718.648,3,0.000000,4,5,147.903458,1,0,0,0.000006,0.999999,-0.001412,-0.990632,0.000199,0.136560
870,14.500000,87.080788,-0.000006,228.603149,7.346695,0.000000,53.294201,-3.004604,-0.000016,53.798141,6724.932,3,0.000000,4,5,147.931656,1,0,0,0.000006,0.999999,-0.001413,-0.990632,0.000199,0.136560
871,14.516666,87.203278,-0.000006,229.491699,7.349266,0.000009,53.312950,-3.004605,-0.000021,53.817066,6726.215,3,0.000000,4,5,148.068848,1,0,0,0.000007,0.999999,-0.001406,-0.990632,0.000199,0.136560
872,14.533334,87.325859,-0.000006,230.380951,7.355008,-0.000000,53.354748,-3.004605,-0.000016,53.859253,6732.452,3,0.000000,4,5,148.096588,1,0,0,0.000007,0.999999,-0.001408,-0.990632,0.000199,0.136559
873,14.550000,87.448486,-0.000006,231.270508,7.357551,0.000008,53.373295,-3.004606,-0.000022,53.877979,6733.714,3,0.000000,4,5,148.232788,1,0,0,0.000008,0.999999,-0.001400,-0.990632,0.000199,0.136559
874,14.566667,87.571205,-0.000006,232.160751,7.363248,-0.000001,53.414768,-3.004606,-0.000017,53.919838,6739.906,3,0.000000,4,5,148.260117,1,0,0,0.000008,0.999999,-0.001402,-0.990632,0.000200,0.136559
875,14.583333,87.693970,-0.000005,233.051300,7.365764,0.000007,53.433117,-3.004606,-0.000022,53.938358,6741.148,3,0.000000,4,5,148.395294,1,0,0,0.000009,0.999999,-0.001395,-0.990632,0.000200,0.136558
876,14.600000,87.816826,-0.000005,233.942535,7.371417,-0.000002,53.474274,-3.004606,-0.000017,53.979900,6747.295,3,0.000000,4,5,148.422150,1,0,0,0.000009,0.999999,-0.001396,-0.990632,0.000200,0.136558
877,14.616667,87.939728,-0.000005,234.834076,7.373904,0.000006,53.492420,-3.004607,-0.000022,53.998215,6748.516,3,0.000000,4,5,148.556335,1,0,0,0.000010,0.999999,-0.001389,-0.990632,0.000200,0.136558
878,14.633333,88.062721,-0.000005,235.726303,7.379512,-0.000003,53.533249,-3.004607,-0.000016,54.039440,6754.618,3,0.000000,4,5,148.582779,1,0,0,0.000010,0.999999,-0.001390,-0.990632,0.000200,0.136557
879,14.650000,88.185753,-0.000005,236.618820,7.381972,0.000004,53.551201,-3.004607,-0.000021,54.057556,6755.820,3,0.000000,4,5,148.715942,1,0,0,0.000011,0.999999,-0.001383,-0.990632,0.000200,0.136557
880,14.666667,88.308876,-0.000005,237.512009,7.387537,-0.000005,53.591713,-3.004608,-0.000016,54.098446,6761.875,3,0.000000,4,5,148.741928,1,0,0,0.000011,0.999999,-0.001384,-0.990632,0.000200,0.136557
881,14.683333,88.432045,-0.000005,238.405502,7.389969,0.000003,53.609463,-3.004608,-0.000021,54.116364,6763.056,3,0.000000,4,5,148.874100,1,0,0,0.000011,0.999999,-0.001377,-0.990632,0.000199,0.136556
882,14.700000,88.555305,-0.000005,239.299667,7.395489,-0.000006,53.649651,-3.004608,-0.000016,54.156925,6769.066,3,0.000000,4,5,148.899673,1,0,0,0.000011,0.999999,-0.001379,-0.990632,0.000199,0.136556
883,14.716666,88.678604,-0.000005,240.194122,7.397895,0.000002,53.667206,-3.004609,-0.000021,54.174648,6770.229,3,0.000000,4,5,149.030838,1,0,0,0.000012,0.999999,-0.001371,-0.990632,0.000199,0.136556
884,14.733334,88.801994,-0.000006,241.089233,7.403371,-0.000006,53.707073,-3.004609,-0.000015,54.214886,6776.192,3,0.000000,4,5,149.055969,1,0,0,0.000012,0.999999,-0.001373,-0.990632,0.000199,0.136556
885,14.750000,88.925423,-0.000006,241.984634,7.405751,0.000002,53.724434,-3.004609,-0.000021,54.232407,6777.335,3,0.000000,4,5,149.186127,1,0,0,0.000012,0.999999,-0.001365,-0.990632,0.000199,0.136555
886,14.766666,89.048943,-0.000006,242.880707,7.411184,-0.000007,53.763985,-3.004609,-0.000016,54.272331,6783.253,3,0.000000,4,5,149.210831,1,0,0,0.000012,0.999999,-0.001367,-0.990632,0.000199,0.136555
887,14.783334,89.172501,-0.000006,243.777054,7.413536,0.000002,53.781147,-3.004610,-0.000021,54.289650,6784.376,3,0.000000,4,5,149.339996,1,0,0,0.000013,0.999999,-0.001359,-0.990632,0.000198,0.136555
888,14.800000,89.296150,-0.000006,244.674057,7.418923,-0.000006,53.820377,-3.004610,-0.000016,54.329262,6790.249,3,0.000000,4,5,149.364273,1,0,0,0.000013,0.999999,-0.001361,-0.990633,0.000198,0.136554
889,14.816667,89.419838,-0.000006,245.571350,7.421248,0.000002,53.837345,-3.004610,-0.000021,54.346390,6791.353,3,0.000000,4,5,149.492447,1,0,0,0.000013,0.999999,-0.001353,-0.990633,0.000198,0.136554
890,14.833333,89.543617,-0.000006,246.469284,7.426592,-0.000006,53.876259,-3.004611,-0.000015,54.385666,6797.181,3,0.000000,4,5,149.516312,1,0,0,0.000013,0.999999,-0.001354,-0.990633,0.000198,0.136554
891,14.850000,89.667435,-0.000006,247.367508,7.428891,0.000002,53.893036,-3.004611,-0.000020,54.402599,6798.266,3,0.000000,4,5,149.643494,1,0,0,0.000014,0.999999,-0.001347,-0.990633,0.000198,0.136553
892,14.866667,89.791336,-0.000006,248.266373,7.434193,-0.000006,53.931633,-3.004611,-0.000016,54.441559,6804.049,3,0.000000,4,5,149.666931,1,0,0,0.000014,0.999999,-0.001348,-0.990633,0.000198,0.136553
893,14.883333,89.915276,-0.000006,249.165527,7.436465,0.000003,53.948215,-3.004611,-0.000021,54.458290,6805.115,3,0.000000,4,5,149.793121,1,0,0,0.000015,0.999999,-0.001341,-0.990633,0.000198,0.136553
894,14.900000,90.039307,-0.000006,250.065308,7.441723,-0.000005,53.986496,-3.004612,-0.000016,54.496929,6810.852,3,0.000000,4,5,149.816147,1,0,0,0.000014,0.999999,-0.001342,-0.990633,0.000198,0.136553
895,14.916667,90.163376,-0.000006,250.965363,7.443969,0.000004,54.002888,-3.004612,-0.000020,54.513474,6811.898,3,0.000000,4,5,149.941360,1,0,0,0.000015,0.999999,-0.001335,-0.990633,0.000198,0.136552
896,14.933333,90.287529,-0.000006,251.866043,7.449183,-0.000004,54.040855,-3.004612,-0.000015,54.551796,6817.593,3,0.000000,4,5,149.963974,1,0,0,0.000015,0.999999,-0.001336,-0.990633,0.000197,0.136552
897,14.950000,90.411720,-0.000006,252.766998,7.451403,0.000005,54.057053,-3.004613,-0.000020,54.568142,6818.621,3,0.000000,4,5,150.088211,1,0,0,0.000016,0.999999,-0.001329,-0.990633,0.000197,0.136552
898,14.966666,90.535995,-0.000006,253.668579,7.456574,-0.000004,54.094704,-3.004613,-0.000016,54.606148,6824.270,3,0.000000,4,5,150.110413,1,0,0,0.000016,0.999999,-0.001330,-0.990633,0.000197,0.136551
899,14.983334,90.660309,-0.000006,254.570419,7.458768,0.000005,54.110714,-3.004613,-0.000020,54.622318,6825.279,3,0.000000,4,5,150.233658,1,0,0,0.000017,0.999999,-0.001323,-0.990633,0.000197,0.136551
900,15.000000,90.784706,-0.000006,255.472885,7.463896,-0.000004,54.148056,-3.004614,-0.000015,54.660011,6830.883,3,0.000000,4,5,150.255432,1,0,0,0.000017,0.999999,-0.001324,-0.990633,0.000198,0.136551
