frame,time,x,y,z,vx,vy,vz,yaw,yaw_rate,speed,rpm,gear,steer,grounded,original_gear,shaft_spin,throttle,brake,handbrake,up_x,up_y,up_z,right_x,right_y,right_z,omega_x,omega_z,last_push_x,last_push_y,last_push_z,wheel0_grounded,wheel0_x,wheel0_load,wheel0_f_lat,wheel0_f_long,wheel0_bristle_lat,wheel0_bristle_long,wheel0_omega,wheel1_grounded,wheel1_x,wheel1_load,wheel1_f_lat,wheel1_f_long,wheel1_bristle_lat,wheel1_bristle_long,wheel1_omega,wheel2_grounded,wheel2_x,wheel2_load,wheel2_f_lat,wheel2_f_long,wheel2_bristle_lat,wheel2_bristle_long,wheel2_omega,wheel3_grounded,wheel3_x,wheel3_load,wheel3_f_lat,wheel3_f_long,wheel3_bristle_lat,wheel3_bristle_long,wheel3_omega,force_x,force_y,force_z,torque_x,torque_y,torque_z,impulse_x,impulse_y,impulse_z,angular_impulse_x,angular_impulse_y,angular_impulse_z,applied_push_x,applied_push_y,applied_push_z
0,0.000000,0.000000,0.000000,0.000000,0.000000,0.000000,0.000000,-0.000147,-0.000000,-0.000000,798.539,0,0.000000,4,2,0.000000,1,0,0,-0.005022,0.999946,-0.009091,0.999987,0.005023,0.000102,-0.000000,-0.000000,0.000000,0.000000,0.000000,1,0.015544,5407.782227,-0.000927,1.313393,0.000000,-0.000017,0.000000,1,0.007774,5153.960449,-0.000925,1.306492,0.000000,-0.000017,0.000000,1,-0.007774,4646.039551,0.001115,-1.310189,-0.000000,0.000017,0.000000,1,-0.015544,4392.217773,0.000747,-1.309381,-0.000000,0.000017,0.000000,0.000011,19600.000000,-0.000314,-0.002441,0.000015,0.000488,0.000000,0.000000,0.000000,0.000000,0.000000,0.000000,0.000000,0.000000,0.000000
1,0.016667,0.000000,0.000000,0.000000,0.000000,0.000000,0.000000,-0.000147,-0.000000,-0.000000,855.398,0,0.000000,4,2,0.000000,1,0,0,-0.005022,0.999946,-0.009091,0.999987,0.005023,0.000102,-0.000000,-0.000000,0.000000,0.000000,0.000000,1,0.015544,5407.793457,-0.000936,1.313433,0.000000,-0.000017,0.000000,1,0.007774,5153.971191,-0.000934,1.306532,0.000000,-0.000017,0.000000,1,-0.007774,4646.028809,0.001106,-1.310148,-0.000000,0.000017,0.000000,1,-0.015544,4392.206543,0.000738,-1.309341,-0.000000,0.000017,0.000000,-0.000025,19600.000000,-0.000476,0.062500,0.000014,-0.000244,0.000000,0.000000,0.000000,0.000000,0.000000,0.000000,0.000000,0.000000,0.000000
2,0.033333,0.000000,0.000000,0.000000,0.000000,-0.000000,-0.000000,-0.000147,-0.000000,0.000000,912.613,0,0.000000,4,2,0.000000,1,0,0,-0.005022,0.999946,-0.009091,0.999987,0.005023,0.000102,0.000000,-0.000000,0.000000,0.000000,0.000000,1,0.015544,5407.773438,-0.000937,1.313120,0.000000,-0.000017,0.000000,1,0.007774,5153.951172,-0.000936,1.306218,0.000000,-0.000017,0.000000,1,-0.007774,4646.048828,0.001104,-1.310462,-0.000000,0.000017,0.000000,1,-0.015544,4392.226562,0.000736,-1.309655,-0.000000,0.000017,0.000000,-0.000033,19600.000000,0.000778,-0.060059,-0.000014,-0.000488,0.000000,0.000000,0.000000,0.000000,0.000000,0.000000,0.000000,0.000000,0.000000
3,0.050000,0.000000,0.000000,0.000000,0.000000,0.000000,0.000000,-0.000147,-0.000000,-0.000000,970.177,0,0.000000,4,2,0.000000,1,0,0,-0.005022,0.999946,-0.009091,0.999987,0.005023,0.000102,-0.000000,-0.000000,0.000000,0.000000,0.000000,1,0.015544,5407.782227,-0.000936,1.313393,0.000000,-0.000017,0.000000,1,0.007774,5153.960449,-0.000935,1.306493,0.000000,-0.000017,0.000000,1,-0.007774,4646.039551,0.001108,-1.310189,-0.000000,0.000017,0.000000,1,-0.015544,4392.217773,0.000740,-1.309380,-0.000000,0.000017,0.000000,-0.000023,19600.000000,-0.000317,-0.002441,0.000019,0.000488,0.000000,0.000000,0.000000,0.000000,0.000000,0.000000,0.000000,0.000000,0.000000
4,0.066667,0.000000,0.000000,0.000000,0.000000,0.000000,0.000000,-0.000147,-0.000000,-0.000000,1028.081,0,0.000000,4,2,0.000000,1,0,0,-0.005022,0.999946,-0.009091,0.999987,0.005023,0.000102,-0.000000,-0.000000,0.000000,0.000000,0.000000,1,0.015544,5407.793457,-0.000941,1.313433,0.000000,-0.000017,0.000000,1,0.007774,5153.971191,-0.000939,1.306533,0.000000,-0.000017,0.000000,1,-0.007774,4646.028809,0.001102,-1.310148,-0.000000,0.000017,0.000000,1,-0.015544,4392.217773,0.000734,-1.309340,-0.000000,0.000017,0.000000,-0.000044,19600.011719,-0.000478,0.043945,0.000015,0.010254,0.000000,0.000000,0.000000,0.000000,0.000000,0.000000,0.000000,0.000000,0.000000
5,0.083333,0.000000,0.000000,0.000000,0.000000,0.000000,-0.000000,-0.000147,0.000000,0.000000,1086.318,0,0.000000,4,2,0.000000,1,0,0,-0.005022,0.999946,-0.009091,0.999987,0.005023,0.000102,0.000000,0.000000,0.000000,0.000000,0.000000,1,0.015544,5407.773438,-0.001035,1.313219,0.000000,-0.000017,0.000000,1,0.007774,5153.951172,-0.001033,1.306313,0.000000,-0.000017,0.000000,1,-0.007774,4646.048828,0.000999,-1.310363,-0.000000,0.000017,0.000000,1,-0.015544,4392.217773,0.000632,-1.309560,-0.000000,0.000017,0.000000,-0.000436,19599.988281,0.000391,-0.045410,-0.000072,-0.009033,0.000000,0.000000,0.000000,0.000000,0.000000,0.000000,0.000000,0.000000,0.000000
6,0.100000,0.000000,0.000000,0.000000,-0.000000,0.000000,-0.000000,-0.000147,-0.000000,0.000000,1144.879,0,0.000000,4,2,0.000000,1,0,0,-0.005022,0.999946,-0.009091,0.999987,0.005023,0.000102,-0.000000,0.000000,0.000000,0.000000,0.000000,1,0.015544,5407.793457,-0.000968,1.313425,0.000000,-0.000017,0.000000,1,0.007774,5153.971191,-0.000966,1.306527,0.000000,-0.000017,0.000000,1,-0.007774,4646.028809,0.001079,-1.310156,-0.000000,0.000017,0.000000,1,-0.015544,4392.206543,0.000712,-1.309346,-0.000000,0.000017,0.000000,-0.000142,19600.000000,-0.000451,0.062500,0.000020,-0.000488,0.000000,0.000000,0.000000,0.000000,0.000000,0.000000,0.000000,0.000000,0.000000
7,0.116667,0.000000,0.000000,0.000000,-0.000000,-0.000000,-0.000000,-0.000147,-0.000000,0.000000,1203.756,0,0.000000,4,2,0.000000,1,0,0,-0.005022,0.999946,-0.009091,0.999987,0.005023,0.000102,0.000000,0.000000,0.000000,0.000000,0.000000,1,0.015544,5407.773438,-0.000952,1.313114,0.000000,-0.000017,0.000000,1,0.007774,5153.951172,-0.000950,1.306216,0.000000,-0.000017,0.000000,1,-0.007774,4646.048828,0.001096,-1.310468,-0.000000,0.000017,0.000000,1,-0.015544,4392.226562,0.000728,-1.309657,-0.000000,0.000017,0.000000,-0.000078,19600.000000,0.000795,-0.060059,0.000003,-0.000488,0.000000,0.000000,0.000000,0.000000,0.000000,0.000000,0.000000,0.000000,0.000000
8,0.133333,0.000000,0.000000,0.000000,-0.000000,0.000000,0.000000,-0.000147,-0.000000,-0.000000,1262.940,0,0.000000,4,2,0.000000,1,0,0,-0.005022,0.999946,-0.009091,0.999987,0.005023,0.000102,-0.000000,-0.000000,0.000000,0.000000,0.000000,1,0.015544,5407.793457,-0.000936,1.313389,0.000000,-0.000017,0.000000,1,0.007774,5153.960449,-0.000934,1.306493,0.000000,-0.000017,0.000000,1,-0.007774,4646.039551,0.001114,-1.310192,-0.000000,0.000017,0.000000,1,-0.015544,4392.217773,0.000746,-1.309381,-0.000000,0.000017,0.000000,-0.000009,19600.011719,-0.000309,0.013184,0.000039,-0.009521,0.000000,0.000000,0.000000,0.000000,0.000000,0.000000,0.000000,0.000000,0.000000
9,0.150000,0.000000,0.000000,0.000000,-0.000000,0.000000,0.000000,-0.000147,-0.000000,-0.000000,1322.422,0,0.000000,4,2,0.000000,1,0,0,-0.005022,0.999946,-0.009091,0.999987,0.005023,0.000102,-0.000000,-0.000000,0.000000,0.000000,0.000000,1,0.015544,5407.784180,-0.000834,1.313347,0.000000,-0.000017,0.000000,1,0.007774,5153.971191,-0.000832,1.306452,0.000000,-0.000017,0.000000,1,-0.007774,4646.028809,0.001218,-1.310234,-0.000000,0.000017,0.000000,1,-0.015544,4392.217773,0.000850,-1.309421,-0.000000,0.000017,0.000000,0.000402,19600.003906,-0.000144,0.031250,0.000087,0.018799,0.000000,0.000000,0.000000,0.000000,0.000000,0.000000,0.000000,0.000000,0.000000
10,0.166667,0.000000,0.000000,0.000000,-0.000000,0.000000,-0.000000,-0.000147,0.000000,0.000000,1382.193,0,0.000000,4,2,0.000000,1,0,0,-0.005022,0.999946,-0.009091,0.999987,0.005023,0.000102,0.000000,0.000000,0.000000,0.000000,0.000000,1,0.015544,5407.773438,-0.000981,1.313194,0.000000,-0.000017,0.000000,1,0.007774,5153.951172,-0.000979,1.306286,0.000000,-0.000017,0.000000,1,-0.007774,4646.048828,0.001049,-1.310387,-0.000000,0.000017,0.000000,1,-0.015544,4392.217773,0.000682,-1.309587,-0.000000,0.000017,0.000000,-0.000229,19599.988281,0.000493,-0.045410,-0.000066,-0.009033,0.000000,0.000000,0.000000,0.000000,0.000000,0.000000,0.000000,0.000000,0.000000
11,0.183333,0.000000,0.000000,0.000000,-0.000000,0.000000,0.000000,-0.000147,0.000000,-0.000000,1442.243,0,0.000000,4,2,0.000000,1,0,0,-0.005022,0.999946,-0.009091,0.999987,0.005023,0.000102,-0.000000,-0.000000,0.000000,0.000000,0.000000,1,0.015544,5407.793457,-0.000916,1.313411,0.000000,-0.000017,0.000000,1,0.007774,5153.960449,-0.000914,1.306509,0.000000,-0.000017,0.000000,1,-0.007774,4646.039551,0.001123,-1.310170,-0.000000,0.000017,0.000000,1,-0.015544,4392.217773,0.000755,-1.309365,-0.000000,0.000017,0.000000,0.000049,19600.011719,-0.000385,0.013184,0.000009,-0.009521,0.000000,0.000000,0.000000,0.000000,0.000000,0.000000,0.000000,0.000000,0.000000
12,0.200000,0.000000,0.000000,0.000000,-0.000000,0.000000,-0.000000,-0.000147,-0.000000,-0.000000,1502.564,0,0.000000,4,2,0.000000,1,0,0,-0.005022,0.999946,-0.009091,0.999987,0.005023,0.000102,-0.000000,-0.000000,0.000000,0.000000,0.000000,1,0.015544,5407.784180,-0.000823,1.313367,0.000000,-0.000017,0.000000,1,0.007774,5153.971191,-0.000821,1.306467,0.000000,-0.000017,0.000000,1,-0.007774,4646.028809,0.001220,-1.310214,-0.000000,0.000017,0.000000,1,-0.015544,4392.217773,0.000852,-1.309407,-0.000000,0.000017,0.000000,0.000429,19600.003906,-0.000213,0.031250,0.000057,0.018799,0.000000,0.000000,0.000000,0.000000,0.000000,0.000000,0.000000,0.000000,0.000000
13,0.216667,0.000000,0.000000,0.000000,0.000000,0.000000,-0.000000,-0.000147,0.000000,0.000000,1502.564,0,0.000000,4,2,6.739092,1,0,0,-0.005022,0.999946,-0.009091,0.999987,0.005023,0.000102,0.000000,0.000000,0.000000,0.000000,0.000000,1,0.015544,5407.762207,-0.000978,7971.515137,0.000000,-0.037752,6.739092,1,0.007774,5153.951172,-0.000976,7971.507812,0.000000,-0.037752,6.739092,1,-0.007774,4646.048828,0.001045,-1.310371,-0.000000,0.000017,0.000000,1,-0.015544,4392.206543,0.000678,-1.309575,-0.000000,0.000017,0.000000,1.621451,19599.962891,-15940.403320,2038.556152,319.146301,0.197510,0.000000,0.000000,0.000000,0.000000,0.000000,0.000000,0.000000,0.000000,0.000000
14,0.233333,0.000000,-0.000007,-0.004517,0.000027,-0.000405,-0.265673,-0.000066,0.004910,0.265667,1468.744,0,0.000000,4,2,6.837133,1,0,0,-0.005023,0.999950,-0.008692,0.999987,0.005024,0.000022,0.023889,0.000036,0.000000,0.000000,0.000000,1,0.015081,5322.217773,20.356264,10112.910156,-0.000096,-0.071618,6.837133,1,0.007310,5068.244141,20.356850,10086.168945,-0.000096,-0.071492,6.837133,1,-0.007217,4748.888184,-23.981546,-934.281860,0.000114,0.004434,0.000000,1,-0.014988,4494.943359,-23.983438,-961.017090,0.000114,0.004560,0.000000,-6.851072,19640.365234,-18303.746094,1735.245605,208.451294,-1.073486,0.000000,0.000000,0.000000,0.000000,0.000000,0.000000,0.000000,0.000000,0.000000
15,0.250000,0.000000,-0.000010,-0.014160,-0.000087,-0.000192,-0.570736,0.000070,0.008117,0.570719,1490.111,0,0.000000,4,2,6.892571,1,0,0,-0.005025,0.999956,-0.007954,0.999987,0.005024,-0.000110,0.044232,0.000033,0.000000,0.000000,0.000000,1,0.014212,5232.402832,41.427044,11758.538086,-0.000257,-0.100705,6.892119,1,0.006440,4978.379395,41.429390,11705.484375,-0.000257,-0.100375,6.893024,1,-0.006194,4852.925781,-48.328835,-2219.443848,0.000300,0.013296,0.114733,1,-0.013966,4598.904297,-48.331127,-2268.950195,0.000300,0.013610,0.118638,-15.884872,19672.625000,-18975.464844,1219.041992,64.773804,-1.190918,0.000000,0.000000,0.000000,0.000000,0.000000,0.000000,0.000000,0.000000,0.000000
16,0.266667,0.000000,-0.000000,-0.028931,-0.000352,0.000570,-0.886994,0.000222,0.009114,0.886968,1502.194,0,0.000000,4,2,6.915246,1,0,0,-0.005026,0.999963,-0.006978,0.999987,0.005025,-0.000257,0.058531,0.000014,0.000000,0.000000,0.000000,1,0.013049,5149.622070,58.511761,12947.622070,-0.000438,-0.124626,6.913898,1,0.005276,4895.644531,58.507866,12875.250977,-0.000438,-0.124075,6.916595,1,-0.004855,4944.713379,-67.450241,-3673.633545,0.000508,0.025754,0.417191,1,-0.012627,4690.726562,-67.456573,-3734.702148,0.000508,0.026240,0.428328,-22.613670,19692.148438,-18414.138672,629.326660,-64.757812,-1.558350,0.000000,0.000000,0.000000,0.000000,0.000000,0.000000,0.000000,0.000000,0.000000
17,0.283333,0.000000,0.000028,-0.048828,-0.000729,0.001720,-1.193896,0.000357,0.008117,1.193865,1507.136,0,0.000000,4,2,6.914180,1,0,0,-0.005027,0.999970,-0.005879,0.999987,0.005025,-0.000386,0.065924,-0.000025,0.000000,0.000000,0.000000,1,0.011720,5081.112793,69.132172,13733.908203,-0.000603,-0.143390,6.911616,1,0.003948,4827.238770,69.128235,13652.606445,-0.000603,-0.142658,6.916744,1,-0.003365,5016.246094,-78.383545,-5127.725098,0.000691,0.040471,0.932065,1,-0.011137,4762.382812,-78.389931,-5186.352539,0.000691,0.041055,0.952122,-25.110237,19697.507812,-17071.716797,65.010254,-151.650391,-1.455078,0.000000,0.000000,0.000000,0.000000,0.000000,0.000000,0.000000,0.000000,0.000000
18,0.300000,0.000000,0.000079,-0.073486,-0.001147,0.003055,-1.478424,0.000453,0.005784,1.478393,1506.903,0,0.000000,4,2,6.897312,1,0,0,-0.005026,0.999976,-0.004766,0.999987,0.005024,-0.000477,0.066706,-0.000069,0.000000,0.000000,0.000000,1,0.010353,5030.613770,72.945526,14175.289062,-0.000725,-0.157279,6.893393,1,0.002582,4776.930664,72.940948,14095.746094,-0.000725,-0.156442,6.901234,1,-0.001880,5063.987793,-80.706818,-6429.639648,0.000816,0.055890,1.659339,1,-0.009652,4810.295410,-80.711349,-6473.035645,0.000816,0.056463,1.687960,-22.865608,19689.576172,-15367.259766,-404.316406,-186.260742,-0.877441,0.000000,0.000000,0.000000,0.000000,0.000000,0.000000,0.000000,0.000000,0.000000
19,0.316667,0.000000,0.000152,-0.102417,-0.001528,0.004373,-1.734545,0.000502,0.002918,1.734518,1503.227,0,0.000000,4,2,6.871441,1,0,0,-0.005025,0.999980,-0.003733,0.999987,0.005023,-0.000521,0.061985,-0.000105,0.000000,0.000000,0.000000,1,0.009056,4999.004395,71.198395,14324.917969,-0.000793,-0.166720,6.866205,1,0.001287,4745.512207,71.097404,14236.359375,-0.000793,-0.165867,6.876681,1,-0.000527,5088.308594,-75.964279,-7460.524902,0.000873,0.070466,2.576787,1,-0.008296,4834.816406,-75.968246,-7479.945312,0.000873,0.070918,2.611747,-16.727966,19671.505859,-13619.296875,-741.514160,-191.848145,0.561768,0.000000,0.000000,0.000000,0.000000,0.000000,0.000000,0.000000,0.000000,0.000000
20,0.333333,0.000000,0.000244,-0.135132,-0.001807,0.005508,-1.961534,0.000501,-0.000033,1.961511,1497.589,0,0.000000,4,2,6.842535,1,0,0,-0.005023,0.999983,-0.002845,0.999987,0.005021,-0.000516,0.053309,-0.000111,0.000000,0.000000,0.000000,1,0.007912,4984.705078,64.848206,14226.258789,-0.000805,-0.172191,6.835840,1,0.000145,4731.320801,64.844978,14175.409180,-0.000805,-0.171413,6.849237,1,0.000608,5092.150391,-65.443954,-8143.157227,0.000859,0.082864,3.644817,1,-0.007159,4838.755371,-65.448227,-8133.703125,0.000859,0.083104,3.682614,-7.450012,19646.441406,-12122.880859,-931.479492,-126.050781,1.415771,0.000000,0.000000,0.000000,0.000000,0.000000,0.000000,0.000000,0.000000,0.000000
21,0.350000,0.000000,0.000349,-0.171265,-0.001931,0.006334,-2.163582,0.000469,-0.001972,2.163564,1491.289,0,0.000000,4,2,6.815127,1,0,0,-0.005021,0.999985,-0.002138,0.999987,0.005020,-0.000479,0.042403,-0.000097,0.000000,0.000000,0.000000,1,0.006969,4984.455566,58.114426,13200.890625,-0.000782,-0.168379,6.807608,1,-0.000796,4731.077637,58.111263,13139.304688,-0.000782,-0.167593,6.822654,1,0.001478,5080.298340,-54.555321,-8445.568359,0.000798,0.092092,4.812560,1,-0.006287,4826.940430,-54.559540,-8410.529297,0.000798,0.092076,4.848976,2.567356,19618.087891,-9481.757812,-1181.257324,-119.258301,1.520996,0.000000,0.000000,0.000000,0.000000,0.000000,0.000000,0.000000,0.000000,0.000000
22,0.366667,0.000000,0.000463,-0.209839,-0.001889,0.006817,-2.321611,0.000405,-0.003807,2.321597,1485.315,0,0.000000,4,2,6.808435,1,0,0,-0.005020,0.999986,-0.001662,0.999987,0.005019,-0.000413,0.028563,-0.000079,0.000000,0.000000,0.000000,1,0.006291,5002.558594,48.714211,13047.314453,-0.000722,-0.167652,6.799890,1,-0.001473,4749.229980,48.711395,13026.682617,-0.000722,-0.167060,6.816991,1,0.002021,5048.479492,-40.776772,-8290.637695,0.000695,0.097161,6.024477,1,-0.005742,4795.142090,-40.782272,-8231.689453,0.000695,0.096872,6.055775,11.919704,19586.707031,-9548.982422,-967.027832,-6.562012,1.414062,0.000000,0.000000,0.000000,0.000000,0.000000,0.000000,0.000000,0.000000,0.000000
23,0.383333,0.000000,0.000577,-0.251221,-0.001690,0.006824,-2.480761,0.000340,-0.003908,2.480749,1483.857,0,0.000000,4,2,6.804406,1,0,0,-0.005019,0.999986,-0.001376,0.999987,0.005018,-0.000347,0.017228,-0.000057,0.000000,0.000000,0.000000,1,0.005836,5021.690430,43.272697,12429.741211,-0.000659,-0.164270,6.795519,1,-0.001926,4768.321289,43.270302,12425.667969,-0.000659,-0.163879,6.813304,1,0.002303,5018.081543,-32.546150,-7300.721191,0.000591,0.093121,7.213763,1,-0.005459,4764.723633,-32.550205,-7277.086914,0.000591,0.092820,7.236450,17.883774,19561.654297,-10274.531250,-683.362793,29.768555,2.109375,0.000000,0.000000,0.000000,0.000000,0.000000,0.000000,0.000000,0.000000,0.000000
24,0.400000,0.000000,0.000684,-0.295410,-0.001392,0.006428,-2.652003,0.000282,-0.003450,2.651994,1482.979,0,0.000000,4,2,6.812671,1,0,0,-0.005018,0.999987,-0.001222,0.999987,0.005018,-0.000289,0.009212,-0.000015,0.000000,0.000000,0.000000,1,0.005547,5037.322754,39.495659,11576.360352,-0.000601,-0.158104,6.803705,1,-0.002214,4783.829590,39.493824,11585.687500,-0.000601,-0.157902,6.821649,1,0.002408,4994.576172,-27.360023,-6882.666504,0.000501,0.091142,8.258451,1,-0.005354,4741.073730,-27.365000,-6817.499023,0.000501,0.090644,8.277685,21.535631,19544.779297,-9458.374023,-640.775391,77.987305,0.750000,0.000000,0.000000,0.000000,0.000000,0.000000,0.000000,0.000000,0.000000,0.000000
25,0.416667,0.000000,0.000780,-0.342285,-0.001033,0.005791,-2.809643,0.000245,-0.002250,2.809634,1484.780,0,0.000000,4,2,6.838078,1,0,0,-0.005018,0.999987,-0.001194,0.999987,0.005018,-0.000251,0.001692,0.000001,0.000000,0.000000,0.000000,1,0.005417,5057.239258,38.923500,10574.761719,-0.000562,-0.149484,6.829236,1,-0.002344,4803.691895,38.921234,10592.111328,-0.000562,-0.149440,6.846931,1,0.002350,4968.036133,-27.202816,-6112.524902,0.000444,0.086251,9.242072,1,-0.005411,4714.477539,-27.207302,-6049.731934,0.000444,0.085641,9.251787,21.176334,19531.183594,-9000.675781,-548.878418,74.305176,0.905518,0.000000,0.000000,0.000000,0.000000,0.000000,0.000000,0.000000,0.000000,0.000000
26,0.433333,0.000000,0.000863,-0.391602,-0.000680,0.004947,-2.959654,0.000227,-0.001107,2.959645,1490.317,0,0.000000,4,2,6.883743,1,0,0,-0.005019,0.999986,-0.001274,0.999987,0.005018,-0.000233,-0.004754,0.000021,0.000000,0.000000,0.000000,1,0.005429,5079.110840,39.438938,9431.142578,-0.000540,-0.138650,6.875135,1,-0.002333,4825.464355,39.436543,9454.029297,-0.000540,-0.138730,6.892361,1,0.002159,4941.424316,-29.468544,-5220.944336,0.000419,0.078955,10.113198,1,-0.005603,4687.787109,-29.472689,-5166.411621,0.000419,0.078313,10.113741,17.956110,19521.986328,-8493.439453,-460.404297,55.536133,0.125977,0.000000,0.000000,0.000000,0.000000,0.000000,0.000000,0.000000,0.000000,0.000000
27,0.450000,0.000000,0.000929,-0.443237,-0.000381,0.003959,-3.101211,0.000222,-0.000253,3.101202,1500.270,0,0.000000,4,2,6.952641,1,0,0,-0.005019,0.999986,-0.001443,0.999987,0.005019,-0.000230,-0.010165,0.000027,0.000000,0.000000,0.000000,1,0.005564,5102.230957,40.136848,8169.954590,-0.000530,-0.125866,6.944336,1,-0.002199,4848.556152,40.134453,8197.273438,-0.000530,-0.126046,6.960957,1,0.001859,4915.228027,-32.775196,-4266.249023,0.000418,0.069846,10.854090,1,-0.005904,4661.563965,-32.779636,-4223.313965,0.000419,0.069239,10.846666,12.908817,19516.767578,-7872.860352,-388.683594,26.563721,-0.705078,0.000000,0.000000,0.000000,0.000000,0.000000,0.000000,0.000000,0.000000,0.000000
28,0.466667,0.000000,0.000977,-0.497070,-0.000166,0.002885,-3.232425,0.000225,0.000156,3.232416,1515.286,0,0.000000,4,2,7.047251,1,0,0,-0.005019,0.999986,-0.001689,0.999987,0.005019,-0.000233,-0.014736,0.000016,0.000000,0.000000,0.000000,1,0.005807,5126.551758,40.111038,6821.244141,-0.000523,-0.111442,7.039297,1,-0.001956,4872.901367,40.108582,6853.310547,-0.000523,-0.111706,7.055213,1,0.001472,4889.295410,-35.644558,-3299.603027,0.000432,0.059543,11.455527,1,-0.006291,4635.636230,-35.649055,-3269.058594,0.000432,0.059016,11.441833,7.267944,19514.923828,-7100.671387,-334.861816,-2.576172,-1.469971,0.000000,0.000000,0.000000,0.000000,0.000000,0.000000,0.000000,0.000000,0.000000
29,0.483333,0.000000,0.001006,-0.552979,-0.000044,0.001774,-3.350770,0.000227,0.000116,3.350759,1535.905,0,0.000000,4,2,7.169433,1,0,0,-0.005019,0.999985,-0.002000,0.999987,0.005019,-0.000237,-0.018677,-0.000012,0.000000,0.000000,0.000000,1,0.006145,5152.177246,38.863667,5420.448242,-0.000513,-0.095739,7.161889,1,-0.001617,4898.657715,38.861248,5458.431641,-0.000513,-0.096086,7.176984,1,0.001012,4863.264648,-37.057003,-2362.375000,0.000447,0.048626,11.915766,1,-0.006751,4609.734375,-37.061459,-2343.218018,0.000447,0.048204,11.897610,2.144222,19515.951172,-6167.674805,-302.161133,-26.386597,-1.903076,0.000000,0.000000,0.000000,0.000000,0.000000,0.000000,0.000000,0.000000,0.000000
30,0.500000,0.000000,0.001018,-0.610474,-0.000009,0.000671,-3.453565,0.000222,-0.000290,3.453553,1562.534,0,0.000000,4,2,7.320328,1,0,0,-0.005018,0.999985,-0.002371,0.999987,0.005018,-0.000234,-0.022235,-0.000049,0.000000,0.000000,0.000000,1,0.006572,5179.495117,36.217182,4007.107178,-0.000494,-0.079174,7.313277,1,-0.001189,4926.165527,36.214756,4052.526367,-0.000494,-0.079607,7.327385,1,0.000488,4836.415039,-25.356916,-1485.433594,0.000323,0.037609,12.239102,1,-0.007273,4583.094238,-24.031975,-1475.584106,0.000307,0.037298,12.218147,21.850441,19518.919922,-5092.657715,-280.599121,-8.987915,1.022217,0.000000,0.000000,0.000000,0.000000,0.000000,0.000000,0.000000,0.000000,0.000000
31,0.516667,0.000000,0.001011,-0.669434,0.000355,-0.000395,-3.538442,0.000215,-0.000428,3.538429,1595.421,0,0.000000,4,2,7.500271,1,0,0,-0.005018,0.999983,-0.002796,0.999987,0.005017,-0.000229,-0.025539,-0.000023,0.000000,0.000000,0.000000,1,0.007082,5208.811035,32.857372,2624.264648,-0.000466,-0.062210,7.493828,1,-0.000678,4955.394043,32.854935,2675.774414,-0.000466,-0.062726,7.506719,1,-0.000094,4808.624512,-27.365829,-688.499878,0.000333,0.026909,12.434342,1,-0.007854,4555.240723,-26.040909,-688.211792,0.000316,0.026712,12.411949,11.406826,19523.441406,-3917.069824,-272.018066,-32.938354,0.136230,0.000000,0.000000,0.000000,0.000000,0.000000,0.000000,0.000000,0.000000,0.000000
32,0.533333,0.000000,0.000988,-0.729614,0.000546,-0.001400,-3.603727,0.000199,-0.000935,3.603712,1634.638,0,0.000000,4,2,7.708750,1,0,0,-0.005018,0.999982,-0.003275,0.999987,0.005017,-0.000216,-0.028742,-0.000018,0.000000,0.000000,0.000000,1,0.007672,5240.200195,28.009514,1312.013428,-0.000426,-0.045331,7.703018,1,-0.000088,4986.804688,28.006977,1371.124756,-0.000426,-0.045935,7.714487,1,-0.000732,4779.097656,-1.767666,13.927490,0.000023,0.016855,12.513173,1,-0.008492,4525.686035,-1.663130,7.959717,0.000021,0.016759,12.490738,52.001118,19528.640625,-2698.543213,-259.669922,24.331730,4.836914,0.000000,0.000000,0.000000,0.000000,0.000000,0.000000,0.000000,0.000000,0.000000
33,0.550000,0.000000,0.000949,-0.790405,0.001412,-0.002335,-3.648703,0.000190,-0.000560,3.648685,1680.075,0,0.000000,4,2,7.944403,1,0,0,-0.005019,0.999980,-0.003805,0.999987,0.005018,-0.000209,-0.031799,0.000088,0.000000,0.000000,0.000000,1,0.008340,5273.712402,23.352081,112.392822,-0.000378,-0.029037,7.939519,1,0.000577,5019.843750,23.349770,174.381592,-0.000378,-0.029710,7.949291,1,-0.001425,4748.355957,-6.737718,618.110413,0.000046,0.007672,12.489400,1,-0.009187,4494.478027,-6.633026,603.174744,0.000045,0.007683,12.467836,33.013248,19534.617188,-1501.410034,-233.317383,-7.001099,1.609619,0.000000,0.000000,0.000000,0.000000,0.000000,0.000000,0.000000,0.000000,0.000000
34,0.566667,0.000000,0.000896,-0.851685,0.001962,-0.003193,-3.673726,0.000179,-0.000668,3.673704,1731.434,0,0.000000,4,2,8.205066,1,0,0,-0.005021,0.999978,-0.004381,0.999987,0.005020,-0.000201,-0.034546,0.000125,0.000000,0.000000,0.000000,1,0.009076,5308.229004,17.316330,-942.820068,-0.000320,-0.013795,8.201097,1,0.001310,5054.084961,17.314074,-876.989380,-0.000320,-0.014530,8.209037,1,-0.002165,4716.778320,-9.923978,1118.410767,0.000076,-0.000471,12.377373,1,-0.009931,4462.645508,-9.819227,1098.305176,0.000075,-0.000369,12.357990,14.803884,19541.226562,-390.161499,-196.304688,-24.641541,-1.108154,0.000000,0.000000,0.000000,0.000000,0.000000,0.000000,0.000000,0.000000,0.000000
35,0.583333,0.000000,0.000830,-0.912964,0.002209,-0.003967,-3.680229,0.000161,-0.001047,3.680202,1788.244,0,0.000000,4,2,8.487854,1,0,0,-0.005023,0.999975,-0.004996,0.999987,0.005022,-0.000186,-0.036858,0.000104,0.000000,0.000000,0.000000,1,0.009870,5343.019043,10.478944,-1824.989380,-0.000251,-0.000034,8.484892,1,0.002102,5088.903809,10.476751,-1754.643066,-0.000251,-0.000829,8.490817,1,-0.002947,4685.098633,-11.099492,1515.035400,0.000100,-0.007469,12.192266,1,-0.010715,4430.974609,-10.994677,1493.309448,0.000099,-0.007302,12.175820,-1.036014,19548.687500,578.059814,-142.009766,-28.806519,-2.319092,0.000000,0.000000,0.000000,0.000000,0.000000,0.000000,0.000000,0.000000,0.000000
36,0.600000,0.000000,0.000752,-0.974243,0.002192,-0.004648,-3.670594,0.000137,-0.001490,3.670562,1849.876,0,0.000000,4,2,8.789289,1,0,0,-0.005024,0.999971,-0.005638,0.999987,0.005023,-0.000165,-0.038532,0.000056,0.000000,0.000000,0.000000,1,0.010708,5377.039062,3.582216,-2512.528564,-0.000175,0.011874,8.787446,1,0.002939,5123.052734,3.579980,-2437.698975,-0.000175,0.011020,8.791133,1,-0.003756,4654.415039,-10.484402,1809.740234,0.000113,-0.013265,11.949223,1,-0.011525,4400.439941,-10.379632,1789.076904,0.000111,-0.013062,11.935951,-13.483076,19556.748047,1358.149170,-71.195312,-22.293335,-3.421875,0.000000,0.000000,0.000000,0.000000,0.000000,0.000000,0.000000,0.000000,0.000000
37,0.616667,0.000000,0.000665,-1.035034,0.001967,-0.005233,-3.647959,0.000106,-0.001833,3.647919,1915.572,0,0.000000,4,2,9.105443,1,0,0,-0.005023,0.999968,-0.006294,0.999987,0.005022,-0.000138,-0.039375,-0.000014,0.000000,0.000000,0.000000,1,0.011572,5409.101562,-2.628278,-2991.617676,-0.000097,0.021630,9.104836,1,0.003803,5155.402344,-2.630751,-2913.213135,-0.000097,0.020722,9.106050,1,-0.004576,4626.018555,-8.601582,2004.923340,0.000112,-0.017833,11.663132,1,-0.012345,4372.310547,-8.497050,1986.885742,0.000110,-0.017621,11.652879,-22.098026,19565.714844,1919.678711,15.157715,-8.697876,-4.415039,0.000000,0.000000,0.000000,0.000000,0.000000,0.000000,0.000000,0.000000,0.000000
38,0.633333,0.000000,0.000570,-1.095337,0.001599,-0.005710,-3.615964,0.000073,-0.001967,3.615916,1984.476,0,0.000000,4,2,9.432094,1,0,0,-0.005021,0.999963,-0.006948,0.999987,0.005021,-0.000108,-0.039204,-0.000105,0.000000,0.000000,0.000000,1,0.012438,5437.935547,-7.515628,-3256.417969,-0.000026,0.029019,9.432828,1,0.004673,5184.681152,-7.516816,-3176.219727,-0.000026,0.028068,9.431359,1,-0.005386,4601.211426,-6.133657,2103.213623,0.000099,-0.021172,11.348531,1,-0.013151,4347.957031,-6.027839,2088.226318,0.000098,-0.020967,11.340913,-26.954584,19575.744141,2247.738281,106.589355,6.887695,-3.370117,0.000000,0.000000,0.000000,0.000000,0.000000,0.000000,0.000000,0.000000,0.000000
39,0.650000,0.000000,0.000469,-1.154907,0.001150,-0.006067,-3.578502,0.000042,-0.001862,3.578444,2055.667,0,0.000000,4,2,9.764893,1,0,0,-0.005018,0.999959,-0.007581,0.999987,0.005018,-0.000080,-0.037960,-0.000174,0.000000,0.000000,0.000000,1,0.013286,5462.702148,-10.721174,-3308.830078,0.000035,0.033913,9.767047,1,0.005525,5209.847168,-10.723077,-3229.235352,0.000035,0.032938,9.762738,1,-0.006161,4581.010742,-3.700263,2107.455078,0.000080,-0.023291,11.019572,1,-0.013922,4328.166992,-3.595161,2095.113037,0.000079,-0.023104,11.014144,-28.554338,19586.746094,2341.902832,203.916016,20.979004,-3.174072,0.000000,0.000000,0.000000,0.000000,0.000000,0.000000,0.000000,0.000000,0.000000
40,0.666667,0.000000,0.000364,-1.213989,0.000674,-0.006291,-3.539470,0.000017,-0.001539,3.539403,2128.198,0,0.000000,4,2,10.099521,1,0,0,-0.005014,0.999954,-0.008174,0.999987,0.005014,-0.000058,-0.035573,-0.000237,0.000000,0.000000,0.000000,1,0.014089,5482.188477,-12.104893,-3157.888428,0.000079,0.036276,10.103132,1,0.006334,5229.798340,-12.106321,-3081.624512,0.000079,0.035302,10.095910,1,-0.006879,4566.334961,-1.757271,2020.978027,0.000059,-0.024214,10.689994,1,-0.014634,4313.935547,-1.651695,2010.392334,0.000057,-0.024046,10.686369,-27.494267,19598.255859,2214.408203,289.134766,30.536133,-1.932617,0.000000,0.000000,0.000000,0.000000,0.000000,0.000000,0.000000,0.000000,0.000000
41,0.683333,0.000000,0.000258,-1.272339,0.000216,-0.006372,-3.502563,-0.000001,-0.001069,3.502486,2201.129,0,0.000000,4,2,10.431831,1,0,0,-0.005009,0.999950,-0.008710,0.999987,0.005009,-0.000042,-0.032185,-0.000274,0.000000,0.000000,0.000000,1,0.014827,5496.285645,-11.811205,-2818.794434,0.000106,0.036157,10.436885,1,0.007079,5244.251953,-11.812691,-2748.557861,0.000106,0.035212,10.426780,1,-0.007517,4557.459961,-0.546485,1848.130493,0.000039,-0.023976,10.373048,1,-0.015265,4305.415527,-0.440506,1838.335693,0.000038,-0.023824,10.370969,-24.531460,19610.328125,1887.021240,373.998535,35.805786,-0.716064,0.000000,0.000000,0.000000,0.000000,0.000000,0.000000,0.000000,0.000000,0.000000
42,0.700000,0.000000,0.000152,-1.330322,-0.000193,-0.006304,-3.471113,-0.000010,-0.000518,3.471025,2273.554,0,0.000000,4,2,10.757977,1,0,0,-0.005004,0.999945,-0.009173,0.999987,0.005004,-0.000036,-0.027801,-0.000286,0.000000,0.000000,0.000000,1,0.015476,5504.186523,-10.073489,-2311.881104,0.000114,0.033681,10.764405,1,0.007736,5252.448242,-10.074804,-2250.168213,0.000114,0.032795,10.751552,1,-0.008057,4554.970215,-0.198579,1594.682739,0.000026,-0.022627,10.081349,1,-0.015797,4303.251953,-0.092942,1584.828247,0.000024,-0.022484,10.080702,-20.389561,19622.574219,1388.563354,437.924316,36.271851,-0.108398,0.000000,0.000000,0.000000,0.000000,0.000000,0.000000,0.000000,0.000000,0.000000
43,0.716667,0.000000,0.000051,-1.387695,-0.000533,-0.006079,-3.447970,-0.000009,0.000040,3.447871,2344.635,0,0.000000,4,2,11.074512,1,0,0,-0.005000,0.999942,-0.009551,0.999987,0.004999,-0.000039,-0.022664,-0.000285,0.000000,0.000000,0.000000,1,0.016021,5506.020996,-7.246649,-1661.354248,0.000106,0.029045,11.082197,1,0.008288,5254.535645,-7.248195,-1610.244263,0.000106,0.028246,11.066833,1,-0.008481,4558.526367,-0.673390,1268.303589,0.000019,-0.020233,9.826673,1,-0.016214,4307.020996,-0.567825,1257.877930,0.000018,-0.020094,9.827465,-15.706326,19634.447266,751.361450,488.380371,32.246399,1.088379,0.000000,0.000000,0.000000,0.000000,0.000000,0.000000,0.000000,0.000000,0.000000
44,0.733333,0.000000,-0.000044,-1.444946,-0.000795,-0.005700,-3.435447,-0.000000,0.000536,3.435337,2413.622,0,0.000000,4,2,11.378480,1,0,0,-0.004995,0.999939,-0.009833,0.999988,0.004995,-0.000049,-0.016934,-0.000259,0.000000,0.000000,0.000000,1,0.016446,5501.860840,-3.762680,-894.261108,0.000085,0.022498,11.387258,1,0.008720,5250.464844,-3.764353,-855.261108,0.000085,0.021811,11.369709,1,-0.008779,4567.876465,-1.802972,878.623291,0.000021,-0.016882,9.619671,1,-0.016506,4316.489258,-1.697775,867.564331,0.000019,-0.016743,9.621986,-11.026252,19645.433594,9.236084,512.528809,25.671997,2.031982,0.000000,0.000000,0.000000,0.000000,0.000000,0.000000,0.000000,0.000000,0.000000
45,0.750000,0.000000,-0.000130,-1.502197,-0.000979,-0.005173,-3.435293,0.000015,0.000931,3.435173,2479.870,0,0.000000,4,2,11.667461,1,0,0,-0.004992,0.999937,-0.010015,0.999987,0.004992,-0.000065,-0.010919,-0.000215,0.000000,0.000000,0.000000,1,0.016745,5492.384766,0.001426,-39.249878,0.000053,0.014333,11.677134,1,0.009024,5240.996094,-0.000489,-13.303467,0.000053,0.013778,11.657797,1,-0.008947,4582.205566,-3.403343,437.347839,0.000029,-0.012687,9.469590,1,-0.016668,4330.827637,-3.298243,425.981323,0.000028,-0.012545,9.473521,-6.752010,19655.330078,-804.875000,523.875000,18.145477,2.736572,0.000000,0.000000,0.000000,0.000000,0.000000,0.000000,0.000000,0.000000,0.000000
46,0.766667,0.000000,-0.000205,-1.559692,-0.001091,-0.004512,-3.448708,0.000036,0.001210,3.448578,2542.852,0,0.000000,4,2,11.939617,1,0,0,-0.004990,0.999937,-0.010095,0.999988,0.004989,-0.000086,-0.004769,-0.000157,0.000000,0.000000,0.000000,1,0.016912,5477.856934,3.741996,874.308594,0.000016,0.004873,11.949961,1,0.009195,5226.382812,3.739724,886.776855,0.000016,0.004465,11.929283,1,-0.008984,4600.952637,-5.306401,-42.124939,0.000043,-0.007778,9.383967,1,-0.016701,4349.458984,-5.201660,-53.204407,0.000042,-0.007637,9.389559,-3.167699,19663.449219,-1659.809204,518.543945,10.925640,3.691406,0.000000,0.000000,0.000000,0.000000,0.000000,0.000000,0.000000,0.000000,0.000000
47,0.783333,0.000000,-0.000268,-1.617676,-0.001144,-0.003738,-3.476372,0.000059,0.001379,3.476233,2602.167,0,0.000000,4,2,12.193704,1,0,0,-0.004988,0.999937,-0.010072,0.999988,0.004988,-0.000109,0.001320,-0.000079,0.000000,0.000000,0.000000,1,0.016948,5459.005371,7.241297,1817.280273,-0.000024,-0.005540,12.204481,1,0.009233,5207.279297,7.238564,1816.280762,-0.000024,-0.005791,12.182936,1,-0.008892,4623.440918,-7.384856,-545.056396,0.000062,-0.002310,9.368382,1,-0.016607,4371.746094,-7.280576,-555.132019,0.000061,-0.002174,9.375591,-0.459364,19669.917969,-2527.330078,499.001465,4.459442,3.625000,0.000000,0.000000,0.000000,0.000000,0.000000,0.000000,0.000000,0.000000,0.000000
48,0.800000,0.000000,-0.000315,-1.676270,-0.001152,-0.002870,-3.518494,0.000083,0.001448,3.518348,2657.543,0,0.000000,4,2,12.429068,1,0,0,-0.004989,0.999938,-0.009953,0.999988,0.004988,-0.000132,0.007181,-0.000004,0.000000,0.000000,0.000000,1,0.016854,5436.311035,10.357719,2761.497803,-0.000064,-0.016558,12.440035,1,0.009139,5184.330078,10.355701,2747.430420,-0.000064,-0.016649,12.418110,1,-0.008679,4648.859375,-9.511545,-1056.001221,0.000084,0.003547,9.426260,1,-0.016394,4396.849121,-9.407173,-1064.331787,0.000083,0.003672,9.434941,1.348114,19674.164062,-3382.405762,460.474609,-0.642090,2.757324,0.000000,0.000000,0.000000,0.000000,0.000000,0.000000,0.000000,0.000000,0.000000
49,0.816667,0.000000,-0.000348,-1.735840,-0.001129,-0.001936,-3.574867,0.000107,0.001438,3.574717,2708.839,0,0.000000,4,2,12.645630,1,0,0,-0.004990,0.999940,-0.009743,0.999988,0.004988,-0.000155,0.012592,0.000051,0.000000,0.000000,0.000000,1,0.016639,5410.844727,13.033146,3680.480957,-0.000102,-0.027837,12.656547,1,0.008923,5158.575195,13.029787,3654.032227,-0.000102,-0.027769,12.634722,1,-0.008356,4676.081055,-11.601716,-1559.389648,0.000108,0.009613,9.558772,1,-0.016072,4423.809082,-11.497676,-1565.343262,0.000107,0.009720,9.568670,2.311742,19676.265625,-4203.390625,403.391602,-4.068726,3.014648,0.000000,0.000000,0.000000,0.000000,0.000000,0.000000,0.000000,0.000000,0.000000
50,0.833333,0.000000,-0.000364,-1.796631,-0.001091,-0.000961,-3.644923,0.000130,0.001376,3.644770,2756.038,0,0.000000,4,2,12.843852,1,0,0,-0.004992,0.999943,-0.009454,0.999988,0.004990,-0.000177,0.017334,0.000112,0.000000,0.000000,0.000000,1,0.016314,5383.688965,15.259553,4549.968750,-0.000137,-0.039046,12.854488,1,0.008595,5131.065918,15.256817,4512.036133,-0.000136,-0.038824,12.833224,1,-0.007939,4703.931641,-13.632160,-2040.222656,0.000132,0.015704,9.764815,1,-0.015658,4451.329102,-13.527887,-2043.369385,0.000131,0.015787,9.775583,2.478156,19675.861328,-4971.771484,333.414551,-6.030396,2.445801,0.000000,0.000000,0.000000,0.000000,0.000000,0.000000,0.000000,0.000000,0.000000
51,0.850000,0.000000,-0.000363,-1.858643,-0.001049,0.000022,-3.727786,0.000151,0.001283,3.727632,2799.239,0,0.000000,4,2,13.024691,1,0,0,-0.004995,0.999946,-0.009099,0.999988,0.004993,-0.000196,0.021257,0.000159,0.000000,0.000000,0.000000,1,0.015897,5355.927734,17.088371,5348.351074,-0.000167,-0.049875,13.034831,1,0.008174,5103.007812,17.084902,5299.979492,-0.000167,-0.049506,13.014558,1,-0.007448,4731.325684,-15.578109,-2484.724121,0.000157,0.021639,10.041095,1,-0.015171,4478.396973,-15.474017,-2484.875732,0.000156,0.021691,10.052322,2.007751,19673.228516,-5671.783203,259.426270,-8.073608,1.746582,0.000000,0.000000,0.000000,0.000000,0.000000,0.000000,0.000000,0.000000,0.000000
52,0.866667,0.000000,-0.000347,-1.922363,-0.001016,0.000983,-3.822316,0.000170,0.001159,3.822163,2838.652,0,0.000000,4,2,13.189545,1,0,0,-0.004998,0.999950,-0.008694,0.999987,0.004996,-0.000214,0.024311,0.000192,0.000000,0.000000,0.000000,1,0.015404,5328.326660,18.511049,6056.977051,-0.000192,-0.060039,13.198991,1,0.007675,5075.085449,18.507746,5999.431152,-0.000192,-0.059534,13.180105,1,-0.006902,4757.487305,-17.334885,-2880.933105,0.000181,0.027247,10.382303,1,-0.014630,4504.256836,-17.231474,-2878.047852,0.000179,0.027266,10.393553,1.108616,19668.292969,-6290.123047,186.380371,-8.359131,1.036133,0.000000,0.000000,0.000000,0.000000,0.000000,0.000000,0.000000,0.000000,0.000000
53,0.883333,0.000000,-0.000315,-1.987915,-0.000997,0.001890,-3.927151,0.000187,0.001030,3.927002,2874.581,0,0.000000,4,2,13.340194,1,0,0,-0.005002,0.999953,-0.008252,0.999987,0.005000,-0.000229,0.026509,0.000210,0.000000,0.000000,0.000000,1,0.014852,5301.441895,19.635265,6660.605469,-0.000214,-0.069288,13.348770,1,0.007118,5047.967285,19.631786,6595.181641,-0.000214,-0.068661,13.331623,1,-0.006320,4781.896973,-18.934792,-3218.965820,0.000203,0.032373,10.781386,1,-0.014054,4528.424316,-18.830799,-3213.283447,0.000202,0.032359,10.792214,-0.056883,19661.349609,-6815.827148,111.816895,-9.309082,-0.253174,0.000000,0.000000,0.000000,0.000000,0.000000,0.000000,0.000000,0.000000,0.000000
54,0.900000,0.000000,-0.000270,-2.055176,-0.000998,0.002716,-4.040748,0.000202,0.000887,4.040604,2907.414,0,0.000000,4,2,13.478729,1,0,0,-0.005005,0.999957,-0.007788,0.999987,0.005003,-0.000241,0.027831,0.000200,0.000000,0.000000,0.000000,1,0.014261,5276.047363,20.463928,7147.508301,-0.000231,-0.077409,13.486284,1,0.006522,5022.426270,20.460678,7075.669922,-0.000231,-0.076675,13.471178,1,-0.005721,4803.983398,-20.265881,-3491.377441,0.000224,0.036887,11.229846,1,-0.013460,4550.353516,-20.162319,-3483.223633,0.000222,0.036839,11.239844,-1.249422,19652.916016,-7240.414062,40.011230,-8.761230,0.460693,0.000000,0.000000,0.000000,0.000000,0.000000,0.000000,0.000000,0.000000,0.000000
55,0.916667,0.000000,-0.000213,-2.124634,-0.001019,0.003440,-4.161422,0.000215,0.000752,4.161285,2937.607,0,0.000000,4,2,13.607483,1,0,0,-0.005009,0.999961,-0.007316,0.999987,0.005007,-0.000251,0.028311,0.000206,0.000000,0.000000,0.000000,1,0.013648,5252.776855,21.090183,7509.755371,-0.000245,-0.084231,13.613892,1,0.005903,4998.960449,21.086563,7432.936035,-0.000245,-0.083406,13.601077,1,-0.005124,4823.349121,-21.396042,-3693.163574,0.000242,0.040680,11.718098,1,-0.012868,4569.511230,-21.292612,-3683.090332,0.000241,0.040602,11.726905,-2.411282,19643.226562,-7557.779297,-27.974121,-9.078369,-0.174072,0.000000,0.000000,0.000000,0.000000,0.000000,0.000000,0.000000,0.000000,0.000000
56,0.933333,0.000000,-0.000145,-2.196167,-0.001059,0.004043,-4.287385,0.000225,0.000613,4.287257,2965.668,0,0.000000,4,2,13.728949,1,0,0,-0.005012,0.999964,-0.006850,0.999987,0.005010,-0.000259,0.027991,0.000199,0.000000,0.000000,0.000000,1,0.013031,5232.050781,21.515625,7743.115234,-0.000256,-0.089625,13.734114,1,0.005281,4978.068848,21.512167,7662.851074,-0.000256,-0.088726,13.723785,1,-0.004544,4839.624512,-22.230873,-3821.922363,0.000257,0.043675,12.235825,1,-0.012294,4585.660645,-22.127277,-3810.482910,0.000256,0.043572,12.243160,-3.342844,19632.648438,-7764.371094,-92.159180,-9.606201,-0.699219,0.000000,0.000000,0.000000,0.000000,0.000000,0.000000,0.000000,0.000000,0.000000
57,0.950000,0.000000,-0.000070,-2.269653,-0.001115,0.004513,-4.416791,0.000233,0.000465,4.416672,2992.140,0,0.000000,4,2,13.845706,1,0,0,-0.005015,0.999967,-0.006401,0.999987,0.005014,-0.000265,0.026918,0.000180,0.000000,0.000000,0.000000,1,0.012427,5214.301758,21.745955,7847.116699,-0.000264,-0.093510,13.849555,1,0.004673,4960.254395,19.855631,7764.996582,-0.000253,-0.092556,13.841858,1,-0.003996,4852.532715,-22.719212,-3877.639648,0.000269,0.045822,12.772359,1,-0.011751,4598.474609,-22.615641,-3865.389648,0.000268,0.045700,12.778024,-5.813585,19621.548828,-7859.330078,-150.880859,-8.456543,-0.753906,0.000000,0.000000,0.000000,0.000000,0.000000,0.000000,0.000000,0.000000,0.000000
58,0.966667,0.000000,0.000010,-2.345459,-0.001212,0.004841,-4.547780,0.000238,0.000335,4.547670,3017.587,0,0.000000,4,2,13.960346,1,0,0,-0.005018,0.999970,-0.005982,0.999987,0.005016,-0.000268,0.025154,0.000161,0.000000,0.000000,0.000000,1,0.011853,5199.945801,15.721502,6718.228027,-0.000201,-0.085692,13.962836,1,0.004094,4945.819824,14.950815,6643.642090,-0.000191,-0.084740,13.957857,1,-0.003496,4861.820801,-22.855061,-3536.766602,0.000278,0.045112,13.317032,1,-0.011255,4607.714844,-22.751358,-3319.635010,0.000276,0.042342,13.320908,-16.675812,19610.175781,-6495.123535,-374.231445,141.180176,-2.430176,0.000000,0.000000,0.000000,0.000000,0.000000,0.000000,0.000000,0.000000,0.000000
59,0.983333,0.000000,0.000095,-2.423096,-0.001490,0.005055,-4.656032,0.000280,0.002507,4.655930,3042.572,0,0.000000,4,2,14.097678,1,0,0,-0.005020,0.999972,-0.005636,0.999987,0.005018,-0.000308,0.020771,0.000113,0.000000,0.000000,0.000000,1,0.011360,5196.337891,26.302549,6099.294434,-0.000251,-0.077797,14.098927,1,0.003598,4942.311523,25.529810,6024.818359,-0.000241,-0.076847,14.096430,1,-0.003100,4858.800781,-33.821774,-2930.433105,0.000335,0.037378,13.811913,1,-0.010862,4604.776367,-33.718021,-2714.523682,0.000333,0.034624,13.784072,-17.700798,19595.693359,-6468.311523,-354.635742,84.227783,-3.252686,0.000000,0.000000,0.000000,0.000000,0.000000,0.000000,0.000000,0.000000,0.000000
60,1.000000,0.000000,0.000179,-2.502441,-0.001785,0.005066,-4.763837,0.000343,0.003802,4.763741,3072.503,0,0.000000,4,2,14.247453,1,0,0,-0.005021,0.999973,-0.005358,0.999987,0.005019,-0.000370,0.016614,0.000046,0.000000,0.000000,0.000000,1,0.010949,5195.206055,35.538971,5473.840820,-0.000326,-0.069819,14.247450,1,0.003185,4941.388184,34.768024,5399.364746,-0.000316,-0.068869,14.247456,1,-0.002801,4853.878418,-44.684826,-2882.153564,0.000422,0.037149,14.218226,1,-0.010565,4600.062500,-44.582268,-2092.959717,0.000421,0.026696,14.158847,-21.139172,19583.085938,-5886.738281,-390.802734,463.548462,-3.021729,0.000000,0.000000,0.000000,0.000000,0.000000,0.000000,0.000000,0.000000,0.000000
61,1.016667,0.000000,0.000261,-2.583496,-0.002137,0.004909,-4.861949,0.000525,0.010934,4.861860,3105.145,0,0.000000,4,2,14.409785,1,0,0,-0.005022,0.999974,-0.005157,0.999987,0.005019,-0.000551,0.012031,0.000000,0.000000,0.000000,0.000000,1,0.010630,5198.800781,69.178894,5422.768555,-0.000532,-0.069578,14.408518,1,0.002866,4945.179688,68.407692,5291.756836,-0.000523,-0.068360,14.411053,1,-0.002606,4844.520508,-88.188782,-2716.436035,0.000683,0.036221,14.617488,1,-0.010369,4590.901855,-88.085457,-1458.929077,0.000682,0.018609,14.442829,-42.288132,19571.296875,-6527.319336,-247.070801,587.946045,-5.748291,0.000000,0.000000,0.000000,0.000000,0.000000,0.000000,0.000000,0.000000,0.000000
62,1.033333,0.000000,0.000337,-2.666382,-0.002842,0.004561,-4.970738,0.000858,0.019979,4.970653,3140.524,0,0.000000,4,2,14.573618,1,0,0,-0.005022,0.999975,-0.005003,0.999987,0.005018,-0.000884,0.009130,-0.000097,0.000000,0.000000,0.000000,1,0.010373,5199.791992,119.547287,5237.252930,-0.000901,-0.068547,14.570110,1,0.002611,4946.598145,118.782959,5041.305664,-0.000891,-0.066854,14.577127,1,-0.002473,4839.430176,-156.139511,-2557.755371,0.001169,0.034886,14.992542,1,-0.010234,4586.238281,-156.046509,-1709.551270,0.001167,0.019795,14.634198,-79.160324,19564.087891,-5998.830078,-284.814941,-114.413696,-8.874268,0.000000,0.000000,0.000000,0.000000,0.000000,0.000000,0.000000,0.000000,0.000000
63,1.050000,-0.000122,0.000406,-2.750854,-0.004161,0.004120,-5.070718,0.001162,0.018218,5.070639,3176.231,0,0.000000,4,2,14.741735,1,0,0,-0.005019,0.999975,-0.004905,0.999987,0.005013,-0.001187,0.005785,-0.000290,0.000000,0.000000,0.000000,1,0.010186,5204.442871,140.110138,4996.196289,-0.001230,-0.066758,14.734858,1,0.002432,4952.269043,139.341171,4780.509277,-0.001220,-0.064672,14.748615,1,-0.002412,4830.461426,-186.649994,-2392.047852,0.001619,0.033262,15.344418,1,-0.010166,4578.289062,-186.550842,-1878.482422,0.001617,0.021341,14.862176,-100.273499,19557.734375,-5493.204590,-297.342773,-527.072510,-10.213623,0.000000,0.000000,0.000000,0.000000,0.000000,0.000000,0.000000,0.000000,0.000000
64,1.066667,-0.000244,0.000465,-2.836914,-0.005833,0.003593,-5.162271,0.001331,0.010109,5.162196,3212.871,0,0.000000,4,2,14.914781,1,0,0,-0.005011,0.999976,-0.004866,0.999987,0.005004,-0.001355,0.002292,-0.000528,0.000000,0.000000,0.000000,1,0.010074,5212.142090,134.672638,4713.924805,-0.001411,-0.064297,14.904158,1,0.002334,4961.331055,133.903137,4520.477539,-0.001401,-0.062069,14.925411,1,-0.002426,4818.684082,-179.919907,-2219.426025,0.001870,0.031424,15.672089,1,-0.010166,4567.896973,-179.825653,-1998.948730,0.001868,0.022884,15.114829,-97.951660,19552.734375,-5002.575195,-294.672852,-700.440796,-7.918457,0.000000,0.000000,0.000000,0.000000,0.000000,0.000000,0.000000,0.000000,0.000000
65,1.083333,-0.000366,0.000515,-2.924316,-0.007465,0.002997,-5.245648,0.001320,-0.000667,5.245576,3250.585,0,0.000000,4,2,15.093143,1,0,0,-0.004999,0.999976,-0.004886,0.999987,0.004992,-0.001344,-0.001171,-0.000725,0.000000,0.000000,0.000000,1,0.010038,5222.458496,109.623840,4407.320312,-0.001406,-0.061297,15.079103,1,0.002317,4973.077148,108.854797,4269.534668,-0.001396,-0.059244,15.107194,1,-0.002512,4804.908691,-141.542221,-2038.113037,0.001846,0.029409,15.974545,1,-0.010233,4555.489258,-141.444748,-2062.107178,0.001845,0.024153,15.385079,-70.639877,19549.181641,-4562.786133,-276.372559,-683.435059,-2.185059,0.000000,0.000000,0.000000,0.000000,0.000000,0.000000,0.000000,0.000000,0.000000
66,1.100000,-0.000488,0.000555,-3.013062,-0.008642,0.002349,-5.321694,0.001133,-0.011182,5.321623,3289.458,0,0.000000,4,2,15.276950,1,0,0,-0.004984,0.999975,-0.004960,0.999987,0.004979,-0.001158,-0.004420,-0.000800,0.000000,0.000000,0.000000,1,0.010076,5234.917969,72.753975,4092.451172,-0.001229,-0.057920,15.260397,1,0.002375,4986.503418,71.992981,4031.550781,-0.001219,-0.056341,15.293520,1,-0.002663,4790.092773,-81.221558,-1847.917603,0.001545,0.027242,16.250515,1,-0.010363,4541.698730,-81.125671,-1884.392090,0.001544,0.024036,15.664556,-22.663017,19547.175781,-4377.509277,-216.968262,-374.890381,5.100830,0.000000,0.000000,0.000000,0.000000,0.000000,0.000000,0.000000,0.000000,0.000000
67,1.116667,-0.000610,0.000582,-3.102905,-0.009020,0.001662,-5.394653,0.000851,-0.016950,5.394580,3329.518,0,0.000000,4,2,15.466129,1,0,0,-0.004971,0.999975,-0.005078,0.999987,0.004967,-0.000876,-0.006973,-0.000707,0.000000,0.000000,0.000000,1,0.010177,5247.768066,41.151276,3779.007568,-0.000967,-0.054313,15.448336,1,0.002495,4999.602539,40.385963,3789.590332,-0.000958,-0.053370,15.483943,1,-0.002860,4776.647949,-23.258785,-1655.453613,0.001082,0.024968,16.498703,1,-0.010542,4528.473145,-23.161163,-1229.992432,0.001081,0.015689,15.918072,31.038599,19547.394531,-4668.630371,-99.576660,289.125549,12.446533,0.000000,0.000000,0.000000,0.000000,0.000000,0.000000,0.000000,0.000000,0.000000
68,1.133333,-0.000732,0.000598,-3.194092,-0.008503,0.000955,-5.472463,0.000643,-0.012501,5.472388,3370.748,0,0.000000,4,2,15.660678,1,0,0,-0.004963,0.999974,-0.005215,0.999987,0.004960,-0.000668,-0.008150,-0.000429,0.000000,0.000000,0.000000,1,0.010317,5258.177246,41.025017,3464.644287,-0.000803,-0.050556,15.642840,1,0.002645,5009.271973,40.256390,3500.999268,-0.000793,-0.050135,15.678535,1,-0.003069,4768.018555,-6.754883,-1478.464111,0.000712,0.022700,16.718779,1,-0.010740,4519.124023,-6.649822,-1443.119751,0.000711,0.016698,16.076000,65.196716,19550.771484,-4029.130371,-128.885254,31.604614,14.445312,0.000000,0.000000,0.000000,0.000000,0.000000,0.000000,0.000000,0.000000,0.000000
69,1.150000,-0.000854,0.000603,-3.286377,-0.007416,0.000301,-5.539615,0.000442,-0.012014,5.539536,3413.149,0,0.000000,4,2,15.861046,1,0,0,-0.004960,0.999973,-0.005377,0.999988,0.004957,-0.000469,-0.009670,-0.000121,0.000000,0.000000,0.000000,1,0.010501,5270.967773,29.894297,3173.139893,-0.000646,-0.046814,15.843598,1,0.002833,5020.963867,29.127169,3246.860107,-0.000636,-0.046898,15.878512,1,-0.003298,4757.440430,19.617197,-1305.370361,0.000355,0.020454,16.913000,1,-0.010966,4507.427734,19.727322,-1535.690063,0.000354,0.017771,16.265060,96.707939,19554.046875,-3563.641602,-122.869141,-55.632202,16.070801,0.000000,0.000000,0.000000,0.000000,0.000000,0.000000,0.000000,0.000000,0.000000
70,1.166667,-0.000977,0.000598,-3.379761,-0.005804,-0.000309,-5.599009,0.000228,-0.012869,5.598925,3456.818,0,0.000000,4,2,16.066622,1,0,0,-0.004962,0.999972,-0.005563,0.999988,0.004961,-0.000255,-0.011119,0.000218,0.000000,0.000000,0.000000,1,0.010728,5284.930664,12.357244,2913.391602,-0.000465,-0.043231,16.050203,1,0.003054,5033.426758,11.591610,3028.941406,-0.000455,-0.043831,16.083057,1,-0.003546,4746.473145,50.074924,-1140.204834,-0.000014,0.018260,17.081938,1,-0.011220,4494.969238,50.180054,-1586.237549,-0.000015,0.018684,16.467642,123.398590,19558.066406,-3200.248535,-99.983398,-70.485840,17.057617,0.000000,0.000000,0.000000,0.000000,0.000000,0.000000,0.000000,0.000000,0.000000
71,1.183333,-0.001099,0.000584,-3.473999,-0.003748,-0.000868,-5.652347,-0.000005,-0.013953,5.652257,3501.622,0,0.000000,4,2,16.276686,1,0,0,-0.004971,0.999971,-0.005769,0.999988,0.004971,-0.000024,-0.012299,0.000577,0.000000,0.000000,0.000000,1,0.010992,5299.201660,-9.223234,2692.888916,-0.000249,-0.039934,16.262018,1,0.003304,5045.791992,-9.987879,2850.629639,-0.000239,-0.041058,16.291367,1,-0.003808,4735.891602,81.421379,-987.025879,-0.000394,0.016155,17.226749,1,-0.011496,4482.481934,81.521507,-1309.738892,-0.000396,0.016706,16.677607,143.664703,19562.574219,-3230.783203,-26.023926,197.672729,15.450439,0.000000,0.000000,0.000000,0.000000,0.000000,0.000000,0.000000,0.000000,0.000000
72,1.200000,-0.001099,0.000561,-3.569092,-0.001353,-0.001379,-5.706193,-0.000187,-0.010911,5.706099,3547.404,0,0.000000,4,2,16.490406,1,0,0,-0.004985,0.999970,-0.005980,0.999988,0.004986,0.000157,-0.012611,0.000915,0.000000,0.000000,0.000000,1,0.011275,5311.321289,-18.452808,2508.772949,-0.000069,-0.036989,16.478231,1,0.003563,5055.798828,-19.218538,2685.128418,-0.000059,-0.038530,16.502590,1,-0.004064,4728.379395,91.486961,-858.545288,-0.000681,0.014224,17.349186,1,-0.011776,4472.868164,91.589767,-1268.437378,-0.000682,0.016179,16.847183,145.890411,19568.601562,-3050.615723,0.427246,186.287537,13.100830,0.000000,0.000000,0.000000,0.000000,0.000000,0.000000,0.000000,0.000000,0.000000
73,1.216667,-0.001099,0.000530,-3.665039,0.001078,-0.001812,-5.757037,-0.000321,-0.008044,5.756938,3593.983,0,0.000000,4,2,16.707253,1,0,0,-0.005004,0.999968,-0.006191,0.999987,0.005006,0.000290,-0.012612,0.001203,0.000000,0.000000,0.000000,1,0.011569,5322.583984,-26.567892,2366.324951,0.000082,-0.034462,16.697918,1,0.003826,5064.925293,-27.329071,2553.090332,0.000092,-0.036316,16.716591,1,-0.004309,4722.028809,94.060738,-755.858459,-0.000874,0.012523,17.452856,1,-0.012052,4464.350586,94.161186,-1192.202271,-0.000875,0.015207,17.010727,135.183258,19575.062500,-2954.744141,33.912598,194.439026,8.301514,0.000000,0.000000,0.000000,0.000000,0.000000,0.000000,0.000000,0.000000,0.000000
74,1.233333,-0.001099,0.000494,-3.761841,0.003331,-0.002163,-5.806283,-0.000405,-0.005052,5.806179,3641.243,0,0.000000,4,2,16.926430,1,0,0,-0.005027,0.999967,-0.006395,0.999987,0.005029,0.000373,-0.012220,0.001390,0.000000,0.000000,0.000000,1,0.011864,5332.268066,-32.237946,2265.496582,0.000204,-0.032396,16.920153,1,0.004085,5072.693359,-32.999245,2453.194336,0.000214,-0.034451,16.932709,1,-0.004537,4717.189453,88.336937,-683.236450,-0.000968,0.011109,17.541527,1,-0.012316,4457.612793,88.439438,-1195.864746,-0.000969,0.015253,17.163134,112.588936,19581.773438,-2822.691406,49.707031,128.738220,2.497559,0.000000,0.000000,0.000000,0.000000,0.000000,0.000000,0.000000,0.000000,0.000000
75,1.250000,-0.000977,0.000454,-3.859375,0.005208,-0.002425,-5.853327,-0.000457,-0.003072,5.853218,3689.012,0,0.000000,4,2,17.147158,1,0,0,-0.005051,0.999966,-0.006590,0.999987,0.005054,0.000423,-0.011641,0.001451,0.000000,0.000000,0.000000,1,0.012152,5340.744629,-39.091255,2207.635254,0.000314,-0.030823,17.143991,1,0.004336,5079.687988,-39.853451,2392.907715,0.000323,-0.032992,17.150324,1,-0.004746,4713.163574,49.302975,-640.726440,-0.000629,0.010019,17.619589,1,-0.012563,4452.126953,46.618515,-1094.295044,-0.000595,0.013958,17.316076,18.174538,19588.431641,-2848.384277,81.903320,76.357483,-11.183350,0.000000,0.000000,0.000000,0.000000,0.000000,0.000000,0.000000,0.000000,0.000000
76,1.266667,-0.000854,0.000411,-3.957886,0.005511,-0.002602,-5.900800,-0.000488,-0.001897,5.900685,3737.118,0,0.000000,4,2,17.368570,1,0,0,-0.005071,0.999964,-0.006768,0.999987,0.005074,0.000454,-0.010683,0.001220,0.000000,0.000000,0.000000,1,0.012422,5346.676758,-43.012527,2185.411621,0.000401,-0.029729,17.368517,1,0.004573,5085.502441,-43.774239,2365.918945,0.000411,-0.031948,17.368624,1,-0.004934,4710.381348,48.014153,-634.728271,-0.000623,0.009305,17.691441,1,-0.012782,4449.219727,45.330708,-1213.793945,-0.000589,0.014524,17.454182,7.768997,19595.083984,-2685.395508,74.234863,-22.732788,-15.171631,0.000000,0.000000,0.000000,0.000000,0.000000,0.000000,0.000000,0.000000,0.000000
77,1.283333,-0.000732,0.000366,-4.057007,0.005640,-0.002686,-5.945557,-0.000526,-0.002248,5.945434,3785.374,0,0.000000,4,2,17.589939,1,0,0,-0.005085,0.999963,-0.006932,0.999987,0.005089,0.000491,-0.009814,0.000899,0.000000,0.000000,0.000000,1,0.012671,5351.837891,-50.784107,2206.174316,0.000493,-0.029139,17.592955,1,0.004800,5091.170898,-51.544731,2385.212402,0.000502,-0.031382,17.586924,1,-0.005104,4707.503418,9.804982,-653.701111,-0.000125,0.008946,17.762417,1,-0.012975,4446.829102,9.274867,-891.975952,-0.000118,0.011377,17.609743,-81.771317,19601.046875,-3028.075439,134.525391,162.427368,-25.267822,0.000000,0.000000,0.000000,0.000000,0.000000,0.000000,0.000000,0.000000,0.000000
78,1.300000,-0.000610,0.000321,-4.156982,0.004277,-0.002700,-5.996025,-0.000522,0.000249,5.995895,3833.620,0,0.000000,4,2,17.810331,1,0,0,-0.005092,0.999962,-0.007069,0.999987,0.005095,0.000486,-0.008238,0.000374,0.000000,0.000000,0.000000,1,0.012884,5353.077637,-37.401794,2252.484375,0.000477,-0.028988,17.816429,1,0.005002,5094.136230,-35.590134,2412.531982,0.000454,-0.031156,17.804235,1,-0.005244,4707.443359,3.617972,-89.343559,-0.000096,0.001140,17.836164,1,-0.013125,4448.503906,3.087873,-1041.425903,-0.000089,0.012085,17.718296,-64.581924,19607.242188,-3516.302734,192.743652,-446.693665,-19.553223,0.000000,0.000000,0.000000,0.000000,0.000000,0.000000,0.000000,0.000000,0.000000
79,1.316667,-0.000610,0.000277,-4.257935,0.003201,-0.002639,-6.054630,-0.000632,-0.006624,6.054494,3881.653,0,0.000000,4,2,18.029379,1,0,0,-0.005090,0.999961,-0.007169,0.999987,0.005094,0.000596,-0.005977,-0.000065,0.000000,0.000000,0.000000,1,0.013045,5350.574219,-63.534264,1480.757935,0.000601,-0.018887,18.038273,1,0.005165,5093.403320,-61.721313,1651.508057,0.000578,-0.021065,18.020489,1,-0.005338,4711.279785,41.192123,-333.863953,-0.000255,0.002297,17.827477,1,-0.013218,4454.110352,40.663300,-1130.827148,-0.000248,0.012953,17.848679,-42.416458,19613.826172,-1649.271729,-73.705566,-187.093872,-13.138184,0.000000,0.000000,0.000000,0.000000,0.000000,0.000000,0.000000,0.000000,0.000000
80,1.333333,-0.000610,0.000236,-4.359253,0.002494,-0.002435,-6.082118,-0.000791,-0.009503,6.081975,3929.393,0,0.000000,4,2,18.263287,1,0,0,-0.005083,0.999961,-0.007284,0.999987,0.005088,0.000754,-0.006838,-0.000354,0.000000,0.000000,0.000000,1,0.013216,5357.661133,-79.171486,1661.738525,0.000753,-0.019744,18.275200,1,0.005345,5101.914551,-77.357498,1856.059570,0.000729,-0.022034,18.251381,1,-0.005460,4703.212402,73.757462,-496.672974,-0.000510,0.003796,17.854506,1,-0.013330,4447.479492,73.233749,-961.884094,-0.000503,0.012269,17.992121,-7.993690,19614.097656,-2040.752197,18.556152,225.541504,-6.420654,0.000000,0.000000,0.000000,0.000000,0.000000,0.000000,0.000000,0.000000,0.000000
81,1.350000,-0.000610,0.000199,-4.461182,0.002361,-0.002244,-6.116130,-0.000891,-0.006034,6.115979,3980.371,0,0.000000,4,2,18.492599,1,0,0,-0.005074,0.999960,-0.007395,0.999987,0.005081,0.000853,-0.006618,-0.000477,0.000000,0.000000,0.000000,1,0.013378,5361.606445,-73.855255,1893.577271,0.000823,-0.021381,18.507967,1,0.005519,5106.737305,-72.041946,2069.593506,0.000800,-0.023654,18.477245,1,-0.005580,4699.354492,79.596336,-664.713501,-0.000697,0.005534,17.905315,1,-0.013439,4444.488770,79.069382,-854.824280,-0.000691,0.010903,18.110886,14.846977,19615.679688,-2424.917969,85.983398,431.816589,-1.748291,0.000000,0.000000,0.000000,0.000000,0.000000,0.000000,0.000000,0.000000,0.000000
82,1.366667,-0.000610,0.000165,-4.563721,0.002608,-0.002044,-6.156545,-0.000881,0.000610,6.156388,4030.349,0,0.000000,4,2,18.716692,1,0,0,-0.005066,0.999959,-0.007488,0.999987,0.005072,0.000843,-0.005607,-0.000490,0.000000,0.000000,0.000000,1,0.013516,5362.557129,-52.673370,2165.556641,0.000767,-0.023697,18.735237,1,0.005670,5108.150879,-50.860455,2296.596436,0.000744,-0.025747,18.698164,1,-0.005682,4699.034180,61.011147,-836.958740,-0.000727,0.007443,17.980673,1,-0.013528,4444.610352,60.483543,-985.264160,-0.000721,0.011521,18.214012,20.177956,19617.611328,-2620.963623,109.168945,329.465576,-0.297363,0.000000,0.000000,0.000000,0.000000,0.000000,0.000000,0.000000,0.000000,0.000000
83,1.383333,-0.000610,0.000134,-4.666992,0.002944,-0.001822,-6.200228,-0.000786,0.005679,6.200065,4079.188,0,0.000000,4,2,18.935009,1,0,0,-0.005059,0.999959,-0.007560,0.999987,0.005065,0.000748,-0.004325,-0.000477,0.000000,0.000000,0.000000,1,0.013626,5361.770996,-30.297888,2467.363281,0.000626,-0.026583,18.955999,1,0.005792,5107.729980,-28.486197,2547.523438,0.000603,-0.028251,18.914042,1,-0.005757,4700.533691,35.570572,-1008.610962,-0.000626,0.009455,18.081190,1,-0.013591,4446.492188,35.041908,-1057.695435,-0.000619,0.012252,18.336191,14.024403,19619.593750,-2929.350098,138.804199,247.594482,-0.635010,0.000000,0.000000,0.000000,0.000000,0.000000,0.000000,0.000000,0.000000,0.000000
84,1.400000,-0.000610,0.000108,-4.771118,0.003178,-0.001579,-6.249050,-0.000628,0.009488,6.248883,4126.770,0,0.000000,4,2,19.146996,1,0,0,-0.005052,0.999958,-0.007604,0.999987,0.005057,0.000590,-0.002694,-0.000477,0.000000,0.000000,0.000000,1,0.013699,5358.669922,-7.539833,2783.702637,0.000429,-0.029895,19.169582,1,0.005878,5105.007812,-5.729496,2809.448730,0.000406,-0.031066,19.124435,1,-0.005799,4704.247070,4.897121,-1180.379272,-0.000417,0.011534,18.206779,1,-0.013620,4450.596191,4.363024,-1141.257690,-0.000410,0.013108,18.468950,-2.090529,19621.398438,-3251.991699,155.215332,138.104919,0.635254,0.000000,0.000000,0.000000,0.000000,0.000000,0.000000,0.000000,0.000000,0.000000
85,1.416667,-0.000610,0.000086,-4.876221,0.003143,-0.001314,-6.303250,-0.000434,0.011613,6.303078,4172.970,0,0.000000,4,2,19.352388,1,0,0,-0.005046,0.999958,-0.007617,0.999987,0.005049,0.000396,-0.000871,-0.000457,0.000000,0.000000,0.000000,1,0.013733,5353.659180,12.649605,3101.118164,0.000210,-0.033481,19.375656,1,0.005923,5100.339355,14.461383,3074.691406,0.000187,-0.034092,19.329147,1,-0.005802,4709.867188,-25.902264,-1351.139404,-0.000139,0.013650,18.357460,1,-0.013612,4456.526855,-26.437340,-1234.430786,-0.000133,0.014087,18.613916,-23.817177,19623.089844,-3570.384277,162.706055,28.263855,-1.938477,0.000000,0.000000,0.000000,0.000000,0.000000,0.000000,0.000000,0.000000,0.000000
86,1.433333,-0.000610,0.000069,-4.982300,0.002746,-0.001027,-6.362756,-0.000233,0.012047,6.362580,4217.734,0,0.000000,4,2,19.551138,1,0,0,-0.005039,0.999958,-0.007599,0.999987,0.005041,0.000195,0.001040,-0.000498,0.000000,0.000000,0.000000,1,0.013723,5346.830078,28.642742,3407.860107,-0.000004,-0.037188,19.574198,1,0.005926,5094.073730,30.456915,3335.669922,-0.000027,-0.037230,19.528105,1,-0.005768,4716.876953,-52.758293,-1518.491455,0.000162,0.015772,18.533083,1,-0.013565,4464.118652,-53.293022,-1335.193848,0.000169,0.015179,18.772491,-46.201138,19624.386719,-3869.612305,157.077148,-62.537354,-3.580811,0.000000,0.000000,0.000000,0.000000,0.000000,0.000000,0.000000,0.000000,0.000000
87,1.450000,-0.000610,0.000057,-5.089478,0.001976,-0.000721,-6.427250,-0.000049,0.011085,6.427072,4261.051,0,0.000000,4,2,19.743397,1,0,0,-0.005031,0.999959,-0.007550,0.999987,0.005031,0.000011,0.002886,-0.000578,0.000000,0.000000,0.000000,1,0.013671,5338.665527,39.993385,3694.263916,-0.000192,-0.040875,19.765459,1,0.005889,5086.723145,41.806664,3585.093994,-0.000215,-0.040385,19.721359,1,-0.005696,4724.732910,-73.098045,-1678.707520,0.000448,0.017866,18.733152,1,-0.013479,4472.777832,-73.630417,-1441.085449,0.000455,0.016368,18.945786,-64.890335,19625.123047,-4138.911133,143.769043,-125.081909,-4.261230,0.000000,0.000000,0.000000,0.000000,0.000000,0.000000,0.000000,0.000000,0.000000
88,1.466667,-0.000610,0.000050,-5.197754,0.000895,-0.000402,-6.496232,0.000104,0.009160,6.496052,4302.953,0,0.000000,4,2,19.929487,1,0,0,-0.005021,0.999959,-0.007473,0.999987,0.005020,-0.000142,0.004575,-0.000677,0.000000,0.000000,0.000000,1,0.013579,5329.616211,47.089039,3952.771484,-0.000343,-0.044417,19.949907,1,0.005814,5078.602539,48.898788,3816.194580,-0.000367,-0.043462,19.909088,1,-0.005593,4733.041504,-85.777435,-1827.217041,0.000688,0.019885,18.956625,1,-0.013357,4482.046387,-86.313332,-1549.233276,0.000695,0.017627,19.134548,-76.727844,19625.207031,-4371.404785,120.842285,-159.420532,-5.027588,0.000000,0.000000,0.000000,0.000000,0.000000,0.000000,0.000000,0.000000,0.000000
89,1.483333,-0.000610,0.000049,-5.307251,-0.000384,-0.000078,-6.569088,0.000216,0.006707,6.568911,4343.510,0,0.000000,4,2,20.109880,1,0,0,-0.005008,0.999960,-0.007372,0.999988,0.005007,-0.000253,0.005997,-0.000794,0.000000,0.000000,0.000000,1,0.013452,5320.156738,50.718800,4177.696777,-0.000456,-0.047709,20.128170,1,0.005708,5070.292969,52.529922,4023.077148,-0.000479,-0.046377,20.091608,1,-0.005463,4741.166992,-90.700500,-1959.213989,0.000862,0.021780,19.201790,1,-0.013207,4491.313965,-91.235031,-1656.299927,0.000869,0.018926,19.339108,-79.845123,19624.427734,-4563.664062,94.342285,-169.940308,-3.077637,0.000000,0.000000,0.000000,0.000000,0.000000,0.000000,0.000000,0.000000,0.000000
90,1.500000,-0.000610,0.000053,-5.417969,-0.001715,0.000241,-6.645150,0.000284,0.004093,6.644973,4382.826,0,0.000000,4,2,20.285160,1,0,0,-0.004994,0.999961,-0.007254,0.999987,0.004992,-0.000321,0.007107,-0.000870,0.000000,0.000000,0.000000,1,0.013297,5310.819336,51.731190,4365.019531,-0.000532,-0.050667,20.300989,1,0.005575,5061.987793,53.544334,4200.843750,-0.000555,-0.049051,20.269342,1,-0.005314,4748.999023,-88.558449,-2070.200439,0.000961,0.023497,19.466236,1,-0.013036,4500.147461,-89.094467,-1758.654785,0.000968,0.020227,19.559307,-73.889938,19623.011719,-4714.905762,66.208008,-161.958252,-0.740723,0.000000,0.000000,0.000000,0.000000,0.000000,0.000000,0.000000,0.000000,0.000000
91,1.516667,-0.000610,0.000062,-5.530029,-0.002946,0.000546,-6.723732,0.000311,0.001601,6.723557,4421.026,0,0.000000,4,2,20.456005,1,0,0,-0.004980,0.999962,-0.007122,0.999988,0.004977,-0.000347,0.007887,-0.000897,0.000000,0.000000,0.000000,1,0.013121,5301.915527,50.925137,4512.197266,-0.000575,-0.053223,20.469189,1,0.005422,5053.916992,52.736286,3738.413574,-0.000599,-0.047684,20.442831,1,-0.005153,4756.161133,-48.335262,-2156.471924,0.000617,0.024985,19.746895,1,-0.012852,4508.171875,-45.806580,-1852.593018,0.000584,0.021490,19.794456,8.059647,19620.718750,-4218.945801,-42.950195,-531.921387,10.336670,0.000000,0.000000,0.000000,0.000000,0.000000,0.000000,0.000000,0.000000,0.000000
92,1.533333,-0.000610,0.000076,-5.643311,-0.002812,0.000841,-6.794047,0.000201,-0.006582,6.793875,4458.261,0,0.000000,4,2,20.629288,1,0,0,-0.004967,0.999963,-0.006999,0.999988,0.004965,-0.000236,0.007388,-0.000711,0.000000,0.000000,0.000000,1,0.012952,5297.521973,22.271458,3591.867920,-0.000467,-0.045815,20.629475,1,0.005272,5049.395508,24.083187,3673.822510,-0.000490,-0.046860,20.629101,1,-0.005006,4758.825684,-11.740320,-2195.311768,0.000443,0.026105,20.040155,1,-0.012686,4510.699219,-9.211658,-1660.609375,0.000411,0.021181,20.043327,24.606781,19616.238281,-3386.696533,-164.674805,463.843750,11.469727,0.000000,0.000000,0.000000,0.000000,0.000000,0.000000,0.000000,0.000000,0.000000
93,1.550000,-0.000610,0.000095,-5.757446,-0.002402,0.001099,-6.850492,0.000211,0.000555,6.850321,4496.027,0,0.000000,4,2,20.811745,1,0,0,-0.004960,0.999964,-0.006908,0.999988,0.004958,-0.000245,0.005462,-0.000445,0.000000,0.000000,0.000000,1,0.012821,5298.822266,41.692379,4090.891113,-0.000491,-0.048177,20.813322,1,0.005152,5050.049316,39.671112,3618.603271,-0.000506,-0.046156,20.810167,1,-0.004904,4755.288574,-34.703697,-1153.736206,0.000443,0.014716,20.339088,1,-0.012573,4506.493652,-32.175285,-1291.168701,0.000411,0.016469,20.264156,13.202877,19609.457031,-5241.128906,95.605469,-555.249268,8.516602,0.000000,0.000000,0.000000,0.000000,0.000000,0.000000,0.000000,0.000000,0.000000
94,1.566667,-0.000610,0.000115,-5.873047,-0.002182,0.001212,-6.937845,0.000078,-0.007987,6.937676,4535.792,0,0.000000,4,2,20.988880,1,0,0,-0.004954,0.999965,-0.006799,0.999988,0.004953,-0.000111,0.006584,-0.000296,0.000000,0.000000,0.000000,1,0.012667,5290.452637,10.341721,2855.981201,-0.000358,-0.036428,20.982470,1,0.005006,5041.340332,11.501278,3127.471680,-0.000373,-0.039891,20.995293,1,-0.004776,4763.381836,9.222551,-1372.639648,0.000235,0.015752,20.485878,1,-0.012438,4514.254395,11.752544,-1531.457275,0.000203,0.017607,20.431021,42.482811,19608.226562,-3055.294434,-232.184082,156.045776,11.694580,0.000000,0.000000,0.000000,0.000000,0.000000,0.000000,0.000000,0.000000,0.000000
95,1.583333,-0.000610,0.000138,-5.989502,-0.001474,0.001372,-6.988766,-0.000015,-0.005586,6.988598,4574.398,0,0.000000,4,2,21.182621,1,0,0,-0.004952,0.999965,-0.006735,0.999988,0.004952,-0.000018,0.003865,-0.000042,0.000000,0.000000,0.000000,1,0.012567,5295.416016,9.557041,3287.234863,-0.000270,-0.038470,21.180754,1,0.004907,5045.332031,10.718659,3593.557617,-0.000285,-0.042098,21.184488,1,-0.004711,4756.076172,13.525557,-1414.132324,0.000084,0.016601,20.664642,1,-0.012371,4506.019531,16.057606,-1566.527710,0.000051,0.018488,20.632984,49.794128,19600.687500,-3875.712891,-83.215820,216.035645,10.819580,0.000000,0.000000,0.000000,0.000000,0.000000,0.000000,0.000000,0.000000,0.000000
96,1.600000,-0.000610,0.000161,-6.106934,-0.000644,0.001399,-7.053361,-0.000053,-0.002262,7.053194,4616.623,0,0.000000,4,2,21.366364,1,0,0,-0.004955,0.999965,-0.006687,0.999988,0.004956,0.000020,0.002890,0.000197,0.000000,0.000000,0.000000,1,0.012490,5296.187012,14.443354,3452.598633,-0.000238,-0.040537,21.369669,1,0.004824,5045.003906,15.602871,3174.547852,-0.000253,-0.040492,21.363058,1,-0.004665,4754.566895,7.116553,-1480.174072,0.000019,0.017447,20.849468,1,-0.012330,4503.383789,9.646503,-1445.192139,-0.000013,0.018434,20.840071,46.885643,19596.710938,-3676.904785,-94.762207,-125.829468,8.408936,0.000000,0.000000,0.000000,0.000000,0.000000,0.000000,0.000000,0.000000,0.000000
97,1.616667,-0.000610,0.000184,-6.225464,0.000138,0.001373,-7.114643,-0.000123,-0.004197,7.114476,4656.668,0,0.000000,4,2,21.551762,1,0,0,-0.004961,0.999965,-0.006658,0.999988,0.004962,0.000090,0.001779,0.000368,0.000000,0.000000,0.000000,1,0.012436,5298.154297,2.809046,3226.041504,-0.000163,-0.041148,21.550385,1,0.004761,5045.990234,3.970266,3250.665771,-0.000178,-0.041463,21.553139,1,-0.004642,4751.795898,20.542253,-1536.860718,-0.000085,0.018247,21.043940,1,-0.012317,4499.642578,23.072104,-1321.120483,-0.000118,0.016851,21.029432,50.719284,19592.951172,-3593.413574,-89.001465,311.611145,7.154297,0.000000,0.000000,0.000000,0.000000,0.000000,0.000000,0.000000,0.000000,0.000000
98,1.633333,-0.000610,0.000205,-6.345093,0.000983,0.001294,-7.174533,-0.000113,0.000597,7.174366,4697.075,0,0.000000,4,2,21.737745,1,0,0,-0.004970,0.999965,-0.006646,0.999988,0.004971,0.000080,0.000734,0.000536,0.000000,0.000000,0.000000,1,0.012407,5300.843262,6.392173,3363.676514,-0.000082,-0.042904,21.736774,1,0.004718,5047.597656,6.086038,3196.233398,-0.000078,-0.040768,21.738718,1,-0.004640,4748.752930,2.109769,-1080.006104,-0.000064,0.013776,21.246693,1,-0.012329,4495.498535,4.639784,-1505.703491,-0.000096,0.017725,21.200670,19.543049,19590.013672,-3948.462646,-25.103516,-385.064148,0.557617,0.000000,0.000000,0.000000,0.000000,0.000000,0.000000,0.000000,0.000000,0.000000
99,1.650000,-0.000610,0.000225,-6.465820,0.001309,0.001161,-7.240341,-0.000202,-0.005327,7.240173,4737.608,0,0.000000,4,2,21.921928,1,0,0,-0.004978,0.999965,-0.006639,0.999988,0.004980,0.000169,0.000438,0.000528,0.000000,0.000000,0.000000,1,0.012386,5301.358887,-16.331747,3105.112061,0.000026,-0.039606,21.918112,1,0.004683,5047.676270,-16.638210,3211.892822,0.000030,-0.040968,21.925745,1,-0.004643,4747.943359,30.369022,-1293.279541,-0.000184,0.014785,21.382711,1,-0.012345,4494.250000,32.898708,-1311.337402,-0.000216,0.016726,21.398870,30.920567,19588.765625,-3686.172119,-52.735352,270.927429,1.440186,0.000000,0.000000,0.000000,0.000000,0.000000,0.000000,0.000000,0.000000,0.000000
100,1.666667,-0.000610,0.000242,-6.587524,0.001824,0.001016,-7.301777,-0.000221,-0.001159,7.301610,4777.750,0,0.000000,4,2,22.107594,1,0,0,-0.004988,0.999965,-0.006642,0.999987,0.004989,0.000188,-0.000182,0.000573,0.000000,0.000000,0.000000,1,0.012379,5303.454590,-8.706757,3199.003418,0.000058,-0.040804,22.105555,1,0.004662,5049.117676,-9.013205,3119.488770,0.000062,-0.039789,22.109634,1,-0.004657,4745.768555,18.208443,-1379.669678,-0.000202,0.015829,21.549883,1,-0.012374,4491.440430,20.738638,-1503.297729,-0.000234,0.017635,21.568680,21.867476,19587.496094,-3408.863281,-75.403320,-13.570190,-0.135742,0.000000,0.000000,0.000000,0.000000,0.000000,0.000000,0.000000,0.000000,0.000000
101,1.683333,-0.000610,0.000256,-6.710205,0.002188,0.000858,-7.358592,-0.000244,-0.001367,7.358423,4818.215,0,0.000000,4,2,22.292242,1,0,0,-0.004997,0.999965,-0.006660,0.999987,0.004999,0.000211,-0.001068,0.000570,0.000000,0.000000,0.000000,1,0.012393,5306.969238,-12.706026,3291.661133,0.000096,-0.041985,22.288837,1,0.004662,5052.160156,-13.012752,3235.220459,0.000100,-0.041266,22.295647,1,-0.004688,4742.024902,19.977722,-1449.035400,-0.000221,0.016814,21.729673,1,-0.012420,4487.226562,22.507919,-1226.047607,-0.000254,0.015638,21.766529,17.571661,19586.253906,-3824.721680,-0.015625,295.186829,-0.785400,0.000000,0.000000,0.000000,0.000000,0.000000,0.000000,0.000000,0.000000,0.000000
102,1.700000,-0.000610,0.000267,-6.833862,0.002481,0.000668,-7.422337,-0.000191,0.003174,7.422168,4858.458,0,0.000000,4,2,22.473770,1,0,0,-0.005007,0.999965,-0.006678,0.999987,0.005008,0.000158,-0.001071,0.000571,0.000000,0.000000,0.000000,1,0.012411,5308.007324,0.801790,3275.010010,0.000057,-0.041773,22.469381,1,0.004664,5052.717285,0.495317,3070.924072,0.000061,-0.039170,22.478159,1,-0.004717,4741.569824,-2.940976,-1513.983643,-0.000125,0.017741,21.919598,1,-0.012464,4486.270996,-0.410897,-1434.021851,-0.000158,0.016623,21.923880,-1.526967,19586.847656,-3370.383545,-53.786621,-34.734985,-4.077148,0.000000,0.000000,0.000000,0.000000,0.000000,0.000000,0.000000,0.000000,0.000000
103,1.716667,-0.000610,0.000275,-6.958496,0.002456,0.000496,-7.478510,-0.000148,0.002639,7.478339,4898.021,0,0.000000,4,2,22.656105,1,0,0,-0.005015,0.999965,-0.006706,0.999987,0.005016,0.000114,-0.001704,0.000483,0.000000,0.000000,0.000000,1,0.012442,5311.205566,0.675887,3338.843750,0.000033,-0.042587,22.648226,1,0.004683,5055.852539,0.368780,3204.006836,0.000036,-0.040867,22.663988,1,-0.004758,4738.260254,-8.878304,-1288.815308,-0.000037,0.016439,22.119009,1,-0.012517,4482.907227,-6.348859,-1485.155151,-0.000069,0.017484,22.111610,-13.762381,19586.751953,-3740.918457,12.864258,-203.408813,-5.656006,0.000000,0.000000,0.000000,0.000000,0.000000,0.000000,0.000000,0.000000,0.000000
104,1.733333,-0.000610,0.000281,-7.084351,0.002226,0.000310,-7.540859,-0.000156,-0.000490,7.540686,4937.760,0,0.000000,4,2,22.835407,1,0,0,-0.005021,0.999965,-0.006732,0.999987,0.005022,0.000122,-0.001556,0.000354,0.000000,0.000000,0.000000,1,0.012472,5311.967773,-9.352165,3188.013672,0.000065,-0.040663,22.825182,1,0.004704,5056.812500,-9.658567,3206.190674,0.000069,-0.040895,22.845636,1,-0.004795,4737.817383,0.508580,-1478.517944,-0.000026,0.017337,22.285528,1,-0.012563,4482.673340,3.038729,-1232.025513,-0.000058,0.015715,22.306810,-15.022606,19588.244141,-3655.231445,0.766113,305.920898,-5.882568,0.000000,0.000000,0.000000,0.000000,0.000000,0.000000,0.000000,0.000000,0.000000
105,1.750000,-0.000610,0.000283,-7.211060,0.001976,0.000147,-7.601779,-0.000086,0.004216,7.601605,4976.837,0,0.000000,4,2,23.015163,1,0,0,-0.005026,0.999965,-0.006757,0.999987,0.005026,0.000052,-0.001549,0.000247,0.000000,0.000000,0.000000,1,0.012503,5313.155762,6.796956,3238.463379,0.000009,-0.041307,23.005165,1,0.004729,5058.239746,6.487919,3085.000244,0.000012,-0.039349,23.025166,1,-0.004830,4736.888184,-24.199099,-1292.995239,0.000099,0.016492,22.479757,1,-0.012605,4481.951660,-21.669773,-1434.363037,0.000066,0.016673,22.465034,-32.406128,19589.562500,-3567.214355,-4.534668,-236.163696,-7.107910,0.000000,0.000000,0.000000,0.000000,0.000000,0.000000,0.000000,0.000000,0.000000
106,1.766667,-0.000610,0.000283,-7.338745,0.001436,0.000003,-7.661233,-0.000076,0.000582,7.661056,5016.014,0,0.000000,4,2,23.194563,1,0,0,-0.005027,0.999964,-0.006784,0.999987,0.005028,0.000042,-0.001604,0.000085,0.000000,0.000000,0.000000,1,0.012536,5314.469238,-2.211612,3149.013672,0.000016,-0.040166,23.181889,1,0.004759,5060.096191,-2.519482,3166.378906,0.000020,-0.040387,23.207243,1,-0.004866,4735.598145,-14.524755,-1476.203369,0.000131,0.017360,22.646889,1,-0.012643,4481.234375,-11.995152,-1340.330566,0.000098,0.017096,22.652815,-31.110558,19591.048828,-3469.513184,-10.307617,157.741333,-5.844971,0.000000,0.000000,0.000000,0.000000,0.000000,0.000000,0.000000,0.000000,0.000000
107,1.783333,-0.000610,0.000281,-7.467407,0.000918,-0.000119,-7.719058,-0.000026,0.003009,7.718879,5055.113,0,0.000000,4,2,23.372957,1,0,0,-0.005027,0.999964,-0.006812,0.999987,0.005027,-0.000009,-0.001727,-0.000029,0.000000,0.000000,0.000000,1,0.012571,5316.087891,7.840232,3221.293945,-0.000027,-0.041088,23.360479,1,0.004795,5062.181641,7.532453,3147.531250,-0.000023,-0.040147,23.385441,1,-0.004904,4734.019043,-28.336227,-1188.320435,0.000216,0.015157,22.840780,1,-0.012680,4480.102051,-25.806690,-1361.947510,0.000184,0.017372,22.826860,-38.806534,19592.279297,-3788.765625,39.749512,-208.790466,-6.094482,0.000000,0.000000,0.000000,0.000000,0.000000,0.000000,0.000000,0.000000,0.000000
108,1.800000,-0.000610,0.000277,-7.597168,0.000271,-0.000234,-7.782204,-0.000029,-0.000204,7.782023,5093.993,0,0.000000,4,2,23.549709,1,0,0,-0.005024,0.999964,-0.006833,0.999987,0.005024,-0.000005,-0.001263,-0.000169,0.000000,0.000000,0.000000,1,0.012598,5315.593750,0.259089,3041.557861,-0.000018,-0.038795,23.535891,1,0.004827,5062.381836,-0.048596,3106.621826,-0.000014,-0.039625,23.563536,1,-0.004931,4734.754395,-0.241243,-1390.728271,0.000003,0.016115,22.992620,1,-0.012703,4481.562500,-0.228307,-1380.344360,0.000003,0.017606,23.004063,-0.277967,19594.539062,-3346.826660,-22.014160,124.746948,0.172607,0.000000,0.000000,0.000000,0.000000,0.000000,0.000000,0.000000,0.000000,0.000000
109,1.816667,-0.000610,0.000272,-7.727783,0.000266,-0.000305,-7.837985,-0.000000,0.001715,7.837803,5132.515,0,0.000000,4,2,23.727579,1,0,0,-0.005022,0.999964,-0.006859,0.999987,0.005022,-0.000034,-0.001522,-0.000158,0.000000,0.000000,0.000000,1,0.012631,5317.642578,6.776242,3155.094971,-0.000044,-0.040244,23.714758,1,0.004864,5064.518066,6.468974,3133.031738,-0.000040,-0.039962,23.740408,1,-0.004963,4733.024902,-10.390993,-1442.467773,0.000051,0.016963,23.174026,1,-0.012731,4479.879883,-10.378375,-1290.746826,0.000051,0.016464,23.183952,-7.646083,19595.406250,-3524.195801,12.002441,126.880859,-0.671387,0.000000,0.000000,0.000000,0.000000,0.000000,0.000000,0.000000,0.000000,0.000000
110,1.833333,-0.000610,0.000266,-7.859375,0.000139,-0.000371,-7.896721,0.000061,0.003667,7.896537,5171.281,0,0.000000,4,2,23.902899,1,0,0,-0.005020,0.999964,-0.006881,0.999987,0.005019,-0.000095,-0.001382,-0.000164,0.000000,0.000000,0.000000,1,0.012663,5318.404297,15.631596,3166.935547,-0.000101,-0.040395,23.889608,1,0.004899,5065.444824,15.323740,3084.349609,-0.000097,-0.039341,23.916197,1,-0.004991,4732.742188,-24.912580,-1208.701294,0.000150,0.015417,23.362991,1,-0.012754,4479.791504,-24.900089,-1482.376465,0.000150,0.017371,23.350754,-19.196978,19596.896484,-3529.026855,15.179199,-310.637817,-1.319092,0.000000,0.000000,0.000000,0.000000,0.000000,0.000000,0.000000,0.000000,0.000000
111,1.850000,-0.000610,0.000259,-7.991943,-0.000181,-0.000417,-7.955538,0.000042,-0.001112,7.955351,5209.490,0,0.000000,4,2,24.077450,1,0,0,-0.005016,0.999964,-0.006902,0.999987,0.005016,-0.000077,-0.001205,-0.000209,0.000000,0.000000,0.000000,1,0.012691,5318.823730,1.902126,3046.932129,-0.000073,-0.038864,24.062666,1,0.004933,5066.233398,1.594938,3151.966309,-0.000069,-0.040204,24.092243,1,-0.005014,4732.637207,-7.777609,-1402.593628,0.000131,0.016335,23.517809,1,-0.012772,4480.036133,-7.764448,-1120.400391,0.000131,0.014291,23.545547,-12.326644,19598.392578,-3644.259277,29.370605,347.439209,-0.345459,0.000000,0.000000,0.000000,0.000000,0.000000,0.000000,0.000000,0.000000,0.000000
112,1.866667,-0.000610,0.000252,-8.125488,-0.000387,-0.000445,-8.016276,0.000113,0.004234,8.016088,5247.533,0,0.000000,4,2,24.251375,1,0,0,-0.005013,0.999964,-0.006916,0.999987,0.005012,-0.000147,-0.000861,-0.000197,0.000000,0.000000,0.000000,1,0.012713,5318.608398,20.629147,3076.465088,-0.000143,-0.039241,24.238260,1,0.004960,5066.109375,20.320087,2976.330078,-0.000140,-0.037963,24.264498,1,-0.005029,4733.433594,-33.595055,-1338.410767,0.000242,0.017072,23.700949,1,-0.012782,4480.943359,-33.583763,-1336.483765,0.000241,0.015314,23.687468,-26.726097,19599.882812,-3345.767090,-12.841309,-150.791504,-1.542236,0.000000,0.000000,0.000000,0.000000,0.000000,0.000000,0.000000,0.000000,0.000000
113,1.883333,-0.000610,0.000244,-8.260010,-0.000832,-0.000444,-8.072040,0.000145,0.001914,8.071849,5285.438,0,0.000000,4,2,24.425608,1,0,0,-0.005009,0.999963,-0.006932,0.999987,0.005008,-0.000179,-0.001011,-0.000238,0.000000,0.000000,0.000000,1,0.012737,5319.775879,17.154140,3066.217285,-0.000171,-0.039110,24.410704,1,0.004990,5067.648926,16.845028,3068.762695,-0.000167,-0.039142,24.440521,1,-0.005048,4732.229980,-30.309900,-1305.935303,0.000295,0.016657,23.874714,1,-0.012795,4480.103516,-30.297842,-1401.272583,0.000295,0.016264,23.860950,-27.220245,19600.525391,-3395.189209,0.646484,-127.562012,-1.045654,0.000000,0.000000,0.000000,0.000000,0.000000,0.000000,0.000000,0.000000,0.000000
114,1.900000,-0.000610,0.000237,-8.395508,-0.001286,-0.000437,-8.128626,0.000144,-0.000049,8.128432,5323.411,0,0.000000,4,2,24.597820,1,0,0,-0.005005,0.999963,-0.006949,0.999987,0.005004,-0.000179,-0.001004,-0.000267,0.000000,0.000000,0.000000,1,0.012761,5320.439941,12.768062,3040.798828,-0.000168,-0.038786,24.582853,1,0.005021,5068.656738,12.459635,3109.240967,-0.000164,-0.039659,24.612795,1,-0.005067,4731.548828,-1.735513,-1329.397949,0.000022,0.016957,24.043736,1,-0.012807,4479.754883,-1.643130,-1255.500244,0.000021,0.016014,24.043898,21.217220,19601.144531,-3532.108887,21.596680,147.123291,6.350586,0.000000,0.000000,0.000000,0.000000,0.000000,0.000000,0.000000,0.000000,0.000000
115,1.916667,-0.000610,0.000230,-8.531982,-0.000932,-0.000425,-8.187494,0.000181,0.002215,8.187299,5360.944,0,0.000000,4,2,24.768686,1,0,0,-0.005003,0.999963,-0.006961,0.999988,0.005002,-0.000216,-0.000750,-0.000125,0.000000,0.000000,0.000000,1,0.012781,5320.597168,19.536289,3033.122070,-0.000198,-0.038688,24.754774,1,0.005044,5068.358398,19.227148,3011.622559,-0.000194,-0.038414,24.782606,1,-0.005079,4732.285645,-15.388769,-1301.729126,0.000087,0.016604,24.216183,1,-0.012816,4480.055664,-15.297081,-1456.001221,0.000086,0.016963,24.205551,7.372502,19602.068359,-3253.499512,-17.246582,-158.516724,3.103027,0.000000,0.000000,0.000000,0.000000,0.000000,0.000000,0.000000,0.000000,0.000000
116,1.933333,-0.000610,0.000223,-8.669312,-0.000809,-0.000393,-8.241719,0.000177,-0.000224,8.241521,5398.184,0,0.000000,4,2,24.939413,1,0,0,-0.005002,0.999963,-0.006977,0.999987,0.005001,-0.000212,-0.000952,-0.000069,0.000000,0.000000,0.000000,1,0.012805,5322.030762,11.342111,3039.814941,-0.000178,-0.038773,24.925039,1,0.005071,5069.622070,11.033474,3102.586182,-0.000174,-0.039574,24.953794,1,-0.005095,4731.086426,-8.985614,-1279.052368,0.000097,0.016314,24.384588,1,-0.012830,4478.677246,-8.893423,-1106.667358,0.000096,0.014116,24.396492,3.703407,19602.072266,-3722.720459,50.410645,206.056519,2.282959,0.000000,0.000000,0.000000,0.000000,0.000000,0.000000,0.000000,0.000000,0.000000
117,1.950000,-0.000610,0.000217,-8.807739,-0.000748,-0.000374,-8.303764,0.000226,0.002947,8.303564,5435.392,0,0.000000,4,2,25.107933,1,0,0,-0.005002,0.999963,-0.006983,0.999987,0.005000,-0.000261,-0.000361,-0.000008,0.000000,0.000000,0.000000,1,0.012819,5320.752930,21.258202,2957.876221,-0.000213,-0.037728,25.094524,1,0.005084,5068.136719,20.949131,2907.812256,-0.000209,-0.037089,25.121349,1,-0.005098,4733.140625,-26.947712,-1468.031494,0.000189,0.017209,24.549683,1,-0.012832,4480.513672,-26.855953,-1327.392090,0.000187,0.015161,24.536406,-12.395042,19603.283203,-3035.786621,-49.593750,6.830200,-0.224365,0.000000,0.000000,0.000000,0.000000,0.000000,0.000000,0.000000,0.000000,0.000000
118,1.966667,-0.000610,0.000212,-8.947021,-0.000954,-0.000319,-8.354361,0.000277,0.003052,8.354158,5472.121,0,0.000000,4,2,25.278027,1,0,0,-0.005002,0.999963,-0.006998,0.999987,0.005000,-0.000312,-0.000941,-0.000013,0.000000,0.000000,0.000000,1,0.012842,5323.131348,23.580780,3079.761475,-0.000245,-0.039283,25.263680,1,0.005108,5070.514160,23.272015,3032.473145,-0.000242,-0.038680,25.292381,1,-0.005114,4730.429688,-35.450130,-1010.931274,0.000286,0.012895,24.742380,1,-0.012848,4477.832031,-35.358067,-1383.864136,0.000285,0.016085,24.708561,-25.111603,19602.404297,-3682.535156,49.687012,-404.313416,-1.923584,0.000000,0.000000,0.000000,0.000000,0.000000,0.000000,0.000000,0.000000,0.000000
119,1.983333,-0.000610,0.000207,-9.087280,-0.001373,-0.000296,-8.415736,0.000224,-0.003169,8.415531,5509.191,0,0.000000,4,2,25.444378,1,0,0,-0.005001,0.999963,-0.007005,0.999987,0.004999,-0.000259,-0.000359,-0.000077,0.000000,0.000000,0.000000,1,0.012854,5321.555176,3.231908,2830.105713,-0.000170,-0.036098,25.429138,1,0.005121,5069.286133,2.922132,3005.895996,-0.000166,-0.038341,25.459627,1,-0.005118,4732.155273,-9.855556,-1233.468872,0.000227,0.013948,24.868309,1,-0.012851,4479.866699,-9.763144,-1232.930054,0.000226,0.015726,24.888966,-14.332645,19603.441406,-3334.187500,-6.099609,170.222900,0.139648,0.000000,0.000000,0.000000,0.000000,0.000000,0.000000,0.000000,0.000000,0.000000
120,2.000000,-0.000610,0.000203,-9.228516,-0.001612,-0.000247,-8.471306,0.000215,-0.000550,8.471099,5545.447,0,0.000000,4,2,25.612280,1,0,0,-0.004999,0.999963,-0.007012,0.999987,0.004998,-0.000250,-0.000430,-0.000064,0.000000,0.000000,0.000000,1,0.012865,5322.047363,9.252056,2894.160889,-0.000150,-0.036915,25.599911,1,0.005135,5069.769531,8.942932,2942.635010,-0.000147,-0.037534,25.624655,1,-0.005125,4731.577148,-16.862631,-1317.333618,0.000222,0.015008,25.026745,1,-0.012856,4479.286621,-16.770420,-1429.399170,0.000221,0.016656,25.047323,-16.204294,19603.123047,-3054.178711,-39.505859,-55.252075,-0.130615,0.000000,0.000000,0.000000,0.000000,0.000000,0.000000,0.000000,0.000000,0.000000
121,2.016667,-0.000610,0.000199,-9.370605,-0.001882,-0.000196,-8.522209,0.000192,-0.001400,8.522000,5582.040,0,0.000000,4,2,25.778902,1,0,0,-0.004998,0.999963,-0.007027,0.999987,0.004997,-0.000227,-0.000892,-0.000071,0.000000,0.000000,0.000000,1,0.012885,5323.948242,5.815715,2978.944824,-0.000122,-0.037997,25.767271,1,0.005156,5071.747070,5.506491,3038.645752,-0.000118,-0.038758,25.790537,1,-0.005143,4729.216797,-10.779171,-1379.778198,0.000191,0.015970,25.197430,1,-0.012872,4477.044922,-10.687061,-1025.667480,0.000190,0.013082,25.234379,-10.955658,19602.193359,-3575.829102,40.019043,349.376892,0.104736,0.000000,0.000000,0.000000,0.000000,0.000000,0.000000,0.000000,0.000000,0.000000
122,2.033333,-0.000610,0.000196,-9.513672,-0.002064,-0.000174,-8.581806,0.000258,0.003975,8.581595,5618.354,0,0.000000,4,2,25.942421,1,0,0,-0.004998,0.999963,-0.007034,0.999987,0.004996,-0.000293,-0.000422,-0.000049,0.000000,0.000000,0.000000,1,0.012896,5322.874023,24.563862,2952.535645,-0.000193,-0.037660,25.931726,1,0.005168,5070.621582,24.255169,2831.463135,-0.000189,-0.036116,25.953119,1,-0.005151,4730.611328,-35.876770,-1314.745605,0.000290,0.016770,25.377237,1,-0.012878,4478.360840,-35.784130,-1251.058716,0.000289,0.014150,25.362461,-23.776588,19602.753906,-3181.365234,-17.355469,-137.781494,-1.145996,0.000000,0.000000,0.000000,0.000000,0.000000,0.000000,0.000000,0.000000,0.000000
123,2.050000,-0.000610,0.000194,-9.657593,-0.002461,-0.000132,-8.634829,0.000289,0.001855,8.634615,5653.992,0,0.000000,4,2,26.107029,1,0,0,-0.004997,0.999963,-0.007044,0.999987,0.004994,-0.000324,-0.000625,-0.000081,0.000000,0.000000,0.000000,1,0.012909,5323.748535,21.711521,2935.275146,-0.000224,-0.037440,26.094221,1,0.005184,5071.721680,21.402437,2909.364990,-0.000220,-0.037109,26.119844,1,-0.005164,4729.312500,-32.910561,-1242.969116,0.000338,0.015854,25.547544,1,-0.012889,4477.265625,-32.818314,-1324.937622,0.000337,0.015170,25.523466,-23.666523,19602.207031,-3239.446289,-3.473145,-160.109497,-0.842773,0.000000,0.000000,0.000000,0.000000,0.000000,0.000000,0.000000,0.000000,0.000000
124,2.066667,-0.000610,0.000193,-9.802368,-0.002855,-0.000101,-8.688819,0.000279,-0.000608,8.688603,5689.867,0,0.000000,4,2,26.269730,1,0,0,-0.004995,0.999963,-0.007055,0.999987,0.004993,-0.000314,-0.000666,-0.000108,0.000000,0.000000,0.000000,1,0.012923,5324.188965,15.538744,2889.456543,-0.000215,-0.036855,26.256403,1,0.005200,5072.333008,15.229708,2948.387695,-0.000211,-0.037607,26.283062,1,-0.005179,4728.541016,-23.057562,-1286.450439,0.000322,0.016409,25.707367,1,-0.012902,4476.694336,-22.965263,-1384.952637,0.000321,0.016096,25.695263,-16.236536,19601.837891,-3128.689941,-14.346191,-66.994995,0.490723,0.000000,0.000000,0.000000,0.000000,0.000000,0.000000,0.000000,0.000000,0.000000
125,2.083333,-0.000610,0.000191,-9.947998,-0.003126,-0.000073,-8.740964,0.000252,-0.001639,8.740746,5725.327,0,0.000000,4,2,26.431200,1,0,0,-0.004993,0.999963,-0.007069,0.999988,0.004991,-0.000287,-0.000833,-0.000102,0.000000,0.000000,0.000000,1,0.012939,5325.156738,12.219203,2907.606445,-0.000193,-0.037087,26.418787,1,0.005219,5073.379395,11.909913,2984.133545,-0.000189,-0.038063,26.443619,1,-0.005198,4727.270020,-15.031578,-1208.712891,0.000274,0.015417,25.873541,1,-0.012918,4475.492676,-14.939534,-1069.891602,0.000272,0.013647,25.875826,-6.864770,19601.283203,-3574.932617,49.285645,168.997742,1.785889,0.000000,0.000000,0.000000,0.000000,0.000000,0.000000,0.000000,0.000000,0.000000
126,2.100000,-0.000610,0.000190,-10.094727,-0.003240,-0.000065,-8.800546,0.000268,0.000961,8.800326,5760.519,0,0.000000,4,2,26.590822,1,0,0,-0.004992,0.999963,-0.007073,0.999988,0.004990,-0.000303,-0.000256,-0.000054,0.000000,0.000000,0.000000,1,0.012945,5323.677734,21.163696,2813.428223,-0.000221,-0.035886,26.579628,1,0.005226,5071.746094,20.854637,2798.003906,-0.000217,-0.035689,26.602022,1,-0.005204,4729.169922,-18.531870,-1402.999756,0.000236,0.016337,26.028360,1,-0.012922,4477.238281,-17.541233,-1290.693481,0.000224,0.014692,26.010366,5.075718,19601.914062,-2879.016602,-50.617188,33.814819,3.027832,0.000000,0.000000,0.000000,0.000000,0.000000,0.000000,0.000000,0.000000,0.000000
127,2.116667,-0.000610,0.000190,-10.242188,-0.003155,-0.000028,-8.848529,0.000292,0.001482,8.848307,5795.307,0,0.000000,4,2,26.751972,1,0,0,-0.004992,0.999962,-0.007087,0.999987,0.004990,-0.000328,-0.000848,0.000011,0.000000,0.000000,0.000000,1,0.012962,5326.054199,24.427166,2933.514648,-0.000255,-0.037417,26.740450,1,0.005243,5073.859375,24.117332,2899.635498,-0.000251,-0.036985,26.763500,1,-0.005223,4726.525879,-24.844538,-996.642822,0.000266,0.012712,26.211559,1,-0.012941,4474.331055,-23.854635,-1345.482056,0.000254,0.015609,26.177160,-1.284594,19600.648438,-3451.877930,36.805176,-351.150146,1.619141,0.000000,0.000000,0.000000,0.000000,0.000000,0.000000,0.000000,0.000000,0.000000
128,2.133333,-0.000610,0.000189,-10.390625,-0.003177,-0.000026,-8.906060,0.000227,-0.003921,8.905837,5830.429,0,0.000000,4,2,26.909521,1,0,0,-0.004992,0.999962,-0.007094,0.999987,0.004991,-0.000262,-0.000417,0.000025,0.000000,0.000000,0.000000,1,0.012971,5325.070312,6.601331,2731.861084,-0.000192,-0.034845,26.897358,1,0.005251,5072.799805,6.292501,2879.574951,-0.000188,-0.036729,26.921690,1,-0.005231,4727.755859,1.147064,-1212.113647,0.000162,0.013732,26.335402,1,-0.012951,4475.485352,2.137972,-1125.726929,0.000149,0.014359,26.351957,15.334174,19601.072266,-3233.941650,1.651855,237.032593,3.761475,0.000000,0.000000,0.000000,0.000000,0.000000,0.000000,0.000000,0.000000,0.000000
129,2.150000,-0.000610,0.000189,-10.539917,-0.002921,-0.000011,-8.959959,0.000222,-0.000274,8.959734,5864.765,0,0.000000,4,2,27.067894,1,0,0,-0.004994,0.999962,-0.007101,0.999988,0.004993,-0.000258,-0.000397,0.000118,0.000000,0.000000,0.000000,1,0.012980,5325.472168,6.068089,2775.359375,-0.000077,-0.035400,27.058155,1,0.005258,5072.729492,5.780567,2777.889893,-0.000074,-0.035432,27.077637,1,-0.005239,4727.708008,-9.271450,-1288.477173,0.000146,0.014735,26.490717,1,-0.012962,4474.976074,-8.280852,-1331.434937,0.000133,0.015333,26.494656,-6.446852,19600.814453,-2893.196289,-40.822266,-10.680420,0.128662,0.000000,0.000000,0.000000,0.000000,0.000000,0.000000,0.000000,0.000000,0.000000
130,2.166667,-0.000610,0.000189,-10.690063,-0.003029,0.000008,-9.008179,0.000215,-0.000438,9.007951,5899.282,0,0.000000,4,2,27.225348,1,0,0,-0.004996,0.999962,-0.007116,0.999987,0.004995,-0.000251,-0.000875,0.000120,0.000000,0.000000,0.000000,1,0.012999,5327.466309,5.271916,2855.082275,-0.000067,-0.036417,27.215595,1,0.005273,5074.633301,5.023420,2857.856201,-0.000064,-0.036452,27.235104,1,-0.005258,4725.415039,-6.636183,-1340.196655,0.000123,0.015611,26.657188,1,-0.012983,4472.573242,-5.645574,-1086.848145,0.000110,0.013863,26.667400,-2.796225,19599.886719,-3245.320312,17.834473,234.768555,0.419922,0.000000,0.000000,0.000000,0.000000,0.000000,0.000000,0.000000,0.000000,0.000000
131,2.183333,-0.000610,0.000189,-10.841064,-0.003075,0.000003,-9.062267,0.000268,0.003174,9.062038,5933.598,0,0.000000,4,2,27.379606,1,0,0,-0.004999,0.999962,-0.007127,0.999987,0.004997,-0.000304,-0.000666,0.000143,0.000000,0.000000,0.000000,1,0.013014,5327.382812,19.568752,2848.213867,-0.000135,-0.036329,27.369846,1,0.005285,5074.329590,19.319101,2742.903320,-0.000132,-0.034986,27.389370,1,-0.005271,4725.729492,-24.014252,-1073.390747,0.000191,0.013691,26.831213,1,-0.013001,4472.676270,-23.024818,-1295.866333,0.000178,0.014852,26.804419,-9.115301,19599.958984,-3180.796143,7.188965,-300.598145,-0.822754,0.000000,0.000000,0.000000,0.000000,0.000000,0.000000,0.000000,0.000000,0.000000
132,2.200000,-0.000610,0.000189,-10.993042,-0.003227,0.000001,-9.115280,0.000244,-0.001451,9.115049,5967.217,0,0.000000,4,2,27.533468,1,0,0,-0.005001,0.999962,-0.007136,0.999987,0.004999,-0.000279,-0.000582,0.000108,0.000000,0.000000,0.000000,1,0.013027,5327.484863,6.882520,2723.286133,-0.000117,-0.034736,27.521873,1,0.005295,5074.464844,6.633931,2784.678467,-0.000114,-0.035519,27.545067,1,-0.005283,4725.569336,-5.577047,-1272.636108,0.000147,0.014635,26.966265,1,-0.013016,4472.560547,-4.586548,-1161.411499,0.000134,0.014814,26.971968,2.508632,19599.941406,-3032.375000,-11.416016,165.330383,1.383545,0.000000,0.000000,0.000000,0.000000,0.000000,0.000000,0.000000,0.000000,0.000000
133,2.216667,-0.000610,0.000189,-11.145752,-0.003185,0.000002,-9.165820,0.000262,0.001093,9.165586,6000.750,0,0.000000,4,2,27.686470,1,0,0,-0.005003,0.999962,-0.007148,0.999987,0.005001,-0.000298,-0.000716,0.000147,0.000000,0.000000,0.000000,1,0.013043,5328.475586,15.300410,2771.980713,-0.000146,-0.035357,27.675848,1,0.005307,5075.208008,15.051247,2742.400146,-0.000143,-0.034980,27.697096,1,-0.005298,4724.701172,-15.266405,-1165.966064,0.000164,0.014872,27.130421,1,-0.013034,4471.424805,-14.276483,-1215.865479,0.000152,0.015508,27.119877,-0.109197,19599.648438,-3090.544434,1.409180,-75.544067,-0.020752,0.000000,0.000000,0.000000,0.000000,0.000000,0.000000,0.000000,0.000000,0.000000
134,2.233333,-0.000610,0.000189,-11.299316,-0.003187,-0.000003,-9.217329,0.000261,-0.000069,9.217093,6034.097,0,0.000000,4,2,27.837643,1,0,0,-0.005006,0.999962,-0.007160,0.999987,0.005004,-0.000297,-0.000700,0.000142,0.000000,0.000000,0.000000,1,0.013058,5328.929199,7.656314,2721.954346,-0.000098,-0.034719,27.826462,1,0.005319,5075.562988,7.292512,2735.524414,-0.000093,-0.034892,27.848827,1,-0.005312,4724.288574,-11.022989,-1215.309082,0.000156,0.015501,27.278996,1,-0.013052,4470.900391,-10.032844,-1171.238281,0.000143,0.014939,27.275742,-7.003169,19599.527344,-3028.451172,-2.474609,59.292053,-1.065430,0.000000,0.000000,0.000000,0.000000,0.000000,0.000000,0.000000,0.000000,0.000000
135,2.250000,-0.000610,0.000189,-11.453735,-0.003304,-0.000009,-9.267803,0.000275,0.000843,9.267565,6067.043,0,0.000000,4,2,27.987576,1,0,0,-0.005008,0.999962,-0.007172,0.999987,0.005006,-0.000311,-0.000729,0.000123,0.000000,0.000000,0.000000,1,0.013074,5329.536621,12.605070,2721.043213,-0.000121,-0.034707,27.976564,1,0.005332,5076.119629,12.241290,2705.120850,-0.000116,-0.034504,27.998592,1,-0.005328,4723.666992,-14.860613,-1151.239380,0.000168,0.014684,27.434778,1,-0.013070,4470.268066,-13.870443,-1186.427734,0.000156,0.015133,27.425087,-4.829021,19599.447266,-3045.550537,2.340332,-46.694153,-0.812500,0.000000,0.000000,0.000000,0.000000,0.000000,0.000000,0.000000,0.000000,0.000000
136,2.266667,-0.000610,0.000189,-11.609009,-0.003384,-0.000017,-9.318563,0.000277,0.000124,9.318322,6099.721,0,0.000000,4,2,28.135956,1,0,0,-0.005010,0.999962,-0.007184,0.999987,0.005007,-0.000313,-0.000701,0.000103,0.000000,0.000000,0.000000,1,0.013090,5329.930176,11.616607,2676.363037,-0.000131,-0.034137,28.124617,1,0.005344,5076.518066,11.252815,2687.156250,-0.000126,-0.034275,28.147299,1,-0.005342,4723.282715,-12.186573,-1192.234863,0.000163,0.015207,27.581202,1,-0.013087,4469.870605,-11.196413,-1164.670532,0.000151,0.014855,27.576651,-1.438398,19599.484375,-2963.197266,-6.241699,30.658691,-0.357666,0.000000,0.000000,0.000000,0.000000,0.000000,0.000000,0.000000,0.000000,0.000000
137,2.283333,-0.000610,0.000189,-11.765137,-0.003408,-0.000023,-9.367949,0.000287,0.000596,9.367708,6132.060,0,0.000000,4,2,28.283052,1,0,0,-0.005011,0.999962,-0.007197,0.999987,0.005009,-0.000323,-0.000775,0.000097,0.000000,0.000000,0.000000,1,0.013107,5330.718262,14.072061,2671.914551,-0.000149,-0.034081,28.271837,1,0.005359,5077.231445,13.708244,2667.031738,-0.000144,-0.034018,28.294273,1,-0.005358,4722.488770,-10.520489,-1137.287476,0.000134,0.014506,27.733614,1,-0.013106,4469.012695,-9.954977,-1156.315063,0.000127,0.014749,27.725037,6.337632,19599.328125,-3001.467773,3.058105,-18.773743,-0.118652,0.000000,0.000000,0.000000,0.000000,0.000000,0.000000,0.000000,0.000000,0.000000
138,2.300000,-0.000610,0.000188,-11.922119,-0.003303,-0.000033,-9.417974,0.000292,0.000307,9.417729,6164.118,0,0.000000,4,2,28.428436,1,0,0,-0.005013,0.999961,-0.007209,0.999987,0.005011,-0.000328,-0.000739,0.000094,0.000000,0.000000,0.000000,1,0.013123,5331.150391,11.990625,2630.390625,-0.000153,-0.033551,28.417080,1,0.005373,5077.624023,11.419712,2637.106445,-0.000146,-0.033637,28.439796,1,-0.005374,4722.144043,-5.163825,-1169.807739,0.000066,0.014921,27.878000,1,-0.013124,4468.586426,-4.886441,-1157.715210,0.000062,0.014767,27.872202,12.411236,19599.414062,-2895.630371,-8.533203,31.664490,1.148438,0.000000,0.000000,0.000000,0.000000,0.000000,0.000000,0.000000,0.000000,0.000000
139,2.316667,-0.000610,0.000187,-12.079834,-0.003096,-0.000039,-9.466234,0.000305,0.000794,9.465988,6195.804,0,0.000000,4,2,28.572540,1,0,0,-0.005015,0.999961,-0.007223,0.999987,0.005013,-0.000341,-0.000839,0.000120,0.000000,0.000000,0.000000,1,0.013142,5332.132812,14.769451,2628.863525,-0.000166,-0.033531,28.561241,1,0.005388,5078.376465,14.198771,2620.224121,-0.000159,-0.033421,28.583845,1,-0.005391,4721.282715,-9.559077,-1114.709106,0.000087,0.014218,28.027136,1,-0.013144,4467.555176,-9.281806,-1133.358032,0.000083,0.014456,28.019571,9.117629,19599.244141,-2956.219971,4.936523,-21.402588,0.378906,0.000000,0.000000,0.000000,0.000000,0.000000,0.000000,0.000000,0.000000,0.000000
140,2.333333,-0.000610,0.000187,-12.238403,-0.002944,-0.000050,-9.515505,0.000313,0.000465,9.515256,6227.210,0,0.000000,4,2,28.714788,1,0,0,-0.005017,0.999961,-0.007236,0.999987,0.005015,-0.000349,-0.000781,0.000127,0.000000,0.000000,0.000000,1,0.013159,5332.590332,3.273728,2581.329346,-0.000042,-0.032925,28.703287,1,0.005403,5078.708496,3.118279,2586.407959,-0.000040,-0.032990,28.726295,1,-0.005406,4721.038574,-10.447735,-1155.639893,0.000104,0.014740,28.168224,1,-0.013163,4467.159180,-10.170478,-1142.078369,0.000100,0.014567,28.163383,-15.214282,19599.437500,-2824.742432,-10.244629,35.853210,-2.958496,0.000000,0.000000,0.000000,0.000000,0.000000,0.000000,0.000000,0.000000,0.000000
141,2.350000,-0.000610,0.000186,-12.397827,-0.003198,-0.000056,-9.562584,0.000330,0.001017,9.562333,6258.213,0,0.000000,4,2,28.855787,1,0,0,-0.005018,0.999961,-0.007251,0.999987,0.005016,-0.000366,-0.000902,0.000066,0.000000,0.000000,0.000000,1,0.013179,5333.482422,6.407928,2583.694092,-0.000057,-0.032955,28.844315,1,0.005421,5079.790527,6.252635,2572.122803,-0.000055,-0.032808,28.867264,1,-0.005425,4719.883789,-14.197140,-1089.498657,0.000133,0.013897,28.315290,1,-0.013184,4466.183105,-13.920110,-1110.665649,0.000129,0.014167,28.308470,-16.523685,19599.263672,-2909.926758,6.452637,-19.986572,-2.221924,0.000000,0.000000,0.000000,0.000000,0.000000,0.000000,0.000000,0.000000,0.000000
142,2.366667,-0.000610,0.000184,-12.557983,-0.003473,-0.000068,-9.611083,0.000342,0.000709,9.610830,6288.943,0,0.000000,4,2,28.994801,1,0,0,-0.005019,0.999961,-0.007264,0.999987,0.005016,-0.000378,-0.000826,0.000018,0.000000,0.000000,0.000000,1,0.013197,5333.757812,6.816497,2530.844482,-0.000068,-0.032281,28.983078,1,0.005438,5080.231445,6.661172,2533.300781,-0.000066,-0.032313,29.006527,1,-0.005443,4719.504395,-14.418265,-1140.060181,0.000152,0.014542,28.452696,1,-0.013202,4465.978027,-14.141300,-1126.951904,0.000148,0.014374,28.448967,-16.122692,19599.433594,-2750.942383,-12.487305,12.763794,-1.843018,0.000000,0.000000,0.000000,0.000000,0.000000,0.000000,0.000000,0.000000,0.000000
143,2.383333,-0.000732,0.000183,-12.718872,-0.003742,-0.000074,-9.656932,0.000357,0.000905,9.656677,6319.239,0,0.000000,4,2,29.132610,1,0,0,-0.005018,0.999961,-0.007281,0.999987,0.005016,-0.000393,-0.000973,-0.000020,0.000000,0.000000,0.000000,1,0.013217,5334.794434,8.903672,2531.495850,-0.000085,-0.032289,29.120874,1,0.005458,5081.450195,8.747926,2528.128906,-0.000083,-0.032247,29.144352,1,-0.005465,4718.233398,-16.479855,-1070.346680,0.000173,0.013652,28.597486,1,-0.013223,4464.867676,-16.203119,-1080.250000,0.000170,0.013779,28.591843,-16.157227,19599.291016,-2862.395508,7.729004,-18.131409,-2.156006,0.000000,0.000000,0.000000,0.000000,0.000000,0.000000,0.000000,0.000000,0.000000
144,2.400000,-0.000854,0.000182,-12.880615,-0.004011,-0.000085,-9.704638,0.000367,0.000626,9.704381,6349.274,0,0.000000,4,2,29.268307,1,0,0,-0.005017,0.999961,-0.007295,0.999987,0.005015,-0.000404,-0.000882,-0.000066,0.000000,0.000000,0.000000,1,0.013235,5335.076660,9.615214,2474.630615,-0.000099,-0.031564,29.256458,1,0.005478,5081.949707,9.459407,2482.983154,-0.000097,-0.031671,29.280161,1,-0.005484,4717.862305,-16.282507,-1123.375366,0.000186,0.014329,28.732094,1,-0.013241,4464.753906,-16.005833,-1111.411987,0.000183,0.014176,28.727898,-14.293571,19599.652344,-2675.732422,-14.875000,3.107300,-1.483887,0.000000,0.000000,0.000000,0.000000,0.000000,0.000000,0.000000,0.000000,0.000000
145,2.416667,-0.000977,0.000180,-13.043091,-0.004249,-0.000087,-9.749234,0.000378,0.000674,9.748974,6378.849,0,0.000000,4,2,29.402861,1,0,0,-0.005016,0.999961,-0.007313,0.999987,0.005013,-0.000415,-0.001056,-0.000098,0.000000,0.000000,0.000000,1,0.013256,5336.238281,11.315338,2477.511719,-0.000116,-0.031601,29.391098,1,0.005502,5083.320312,11.159353,2482.927246,-0.000114,-0.031670,29.414629,1,-0.005508,4716.406250,-17.112173,-1047.423096,0.000198,0.013360,28.874447,1,-0.013262,4463.488281,-15.129891,-1052.872559,0.000193,0.013429,28.868504,-10.933792,19599.425781,-2812.616455,10.125000,-13.883240,-0.137451,0.000000,0.000000,0.000000,0.000000,0.000000,0.000000,0.000000,0.000000,0.000000
146,2.433333,-0.001099,0.000179,-13.206299,-0.004431,-0.000097,-9.796111,0.000386,0.000460,9.795850,6408.173,0,0.000000,4,2,29.535189,1,0,0,-0.005014,0.999961,-0.007328,0.999987,0.005011,-0.000423,-0.000938,-0.000101,0.000000,0.000000,0.000000,1,0.013275,5336.478516,12.056088,2417.631592,-0.000130,-0.030837,29.523464,1,0.005523,5083.664062,11.900064,2431.124512,-0.000128,-0.031009,29.546917,1,-0.005530,4716.136230,-7.413950,-1105.599609,0.000095,0.014102,29.005707,1,-0.013281,4463.322266,-7.016423,-1095.481689,0.000089,0.013973,29.000559,8.428019,19599.605469,-2599.698242,-16.827637,22.803589,1.860596,0.000000,0.000000,0.000000,0.000000,0.000000,0.000000,0.000000,0.000000,0.000000
147,2.450000,-0.001221,0.000177,-13.370239,-0.004291,-0.000099,-9.839439,0.000400,0.000811,9.839175,6437.014,0,0.000000,4,2,29.666439,1,0,0,-0.005013,0.999960,-0.007347,0.999987,0.005010,-0.000436,-0.001135,-0.000061,0.000000,0.000000,0.000000,1,0.013298,5337.925781,13.575959,2429.056641,-0.000146,-0.030983,29.654890,1,0.005548,5085.020996,13.419571,2429.569580,-0.000144,-0.030989,29.677992,1,-0.005555,4714.704590,-11.344918,-1017.206482,0.000113,0.012975,29.145464,1,-0.013305,4461.777832,-10.947576,-1032.616333,0.000108,0.013171,29.138838,3.498310,19599.402344,-2760.399414,11.981934,-18.132446,1.013672,0.000000,0.000000,0.000000,0.000000,0.000000,0.000000,0.000000,0.000000,0.000000
148,2.466667,-0.001343,0.000175,-13.535034,-0.004233,-0.000110,-9.885446,0.000408,0.000532,9.885180,6465.619,0,0.000000,4,2,29.795362,1,0,0,-0.005013,0.999960,-0.007364,0.999987,0.005010,-0.000445,-0.000995,-0.000040,0.000000,0.000000,0.000000,1,0.013319,5338.256348,9.412246,2363.516113,-0.000120,-0.030147,29.783773,1,0.005570,5085.263184,8.965878,2375.084961,-0.000114,-0.030294,29.806957,1,-0.005577,4714.527832,-12.043842,-1194.871948,0.000128,0.013816,29.272310,1,-0.013325,4461.563965,-11.646533,-1076.482910,0.000123,0.013731,29.267935,-6.390199,19599.621094,-2418.383789,-31.103516,95.438843,-0.378662,0.000000,0.000000,0.000000,0.000000,0.000000,0.000000,0.000000,0.000000,0.000000
149,2.483333,-0.001465,0.000173,-13.700439,-0.004339,-0.000109,-9.925752,0.000442,0.002001,9.925484,6493.717,0,0.000000,4,2,29.923273,1,0,0,-0.005012,0.999960,-0.007386,0.999987,0.005009,-0.000479,-0.001359,-0.000043,0.000000,0.000000,0.000000,1,0.013347,5340.259277,16.307806,2427.439453,-0.000153,-0.030962,29.911827,1,0.005599,5087.350586,15.861380,2393.048584,-0.000147,-0.030524,29.934723,1,-0.005607,4712.299805,-21.220621,-826.630798,0.000181,0.010544,29.425108,1,-0.013354,4459.392578,-20.823277,-989.882812,0.000176,0.012626,29.403439,-11.291597,19599.255859,-2954.710449,50.448242,-188.976135,-0.352051,0.000000,0.000000,0.000000,0.000000,0.000000,0.000000,0.000000,0.000000,0.000000
150,2.500000,-0.001587,0.000171,-13.866699,-0.004527,-0.000129,-9.974997,0.000427,-0.000907,9.974726,6521.594,0,0.000000,4,2,30.048113,1,0,0,-0.005011,0.999960,-0.007399,0.999987,0.005008,-0.000464,-0.000768,-0.000061,0.000000,0.000000,0.000000,1,0.013363,5339.064941,7.874424,2233.370361,-0.000133,-0.028487,30.036039,1,0.005617,5086.250000,7.427985,2296.182129,-0.000128,-0.029288,30.060190,1,-0.005623,4713.849121,-10.105371,-1025.651245,0.000162,0.011486,29.524117,1,-0.013369,4461.036133,-9.708035,-1181.393311,0.000157,0.013533,29.526293,-5.565575,19600.322266,-2272.756592,-46.160156,-70.753967,0.564209,0.000000,0.000000,0.000000,0.000000,0.000000,0.000000,0.000000,0.000000,0.000000
151,2.516667,-0.001709,0.000169,-14.033569,-0.004620,-0.000115,-10.012876,0.000393,-0.001995,10.012601,6548.802,0,0.000000,4,2,30.173668,1,0,0,-0.005010,0.999960,-0.007421,0.999987,0.005007,-0.000431,-0.001309,-0.000054,0.000000,0.000000,0.000000,1,0.013391,5341.532715,3.250111,2298.249756,-0.000099,-0.029314,30.162603,1,0.005646,5088.766602,2.803240,2375.122803,-0.000094,-0.030295,30.184736,1,-0.005652,4710.986328,-1.860772,-1084.031250,0.000110,0.012355,29.652195,1,-0.013396,4458.211426,-1.463016,-822.933472,0.000105,0.010497,29.677122,1.561353,19599.472656,-2716.281006,25.915527,305.165039,0.973389,0.000000,0.000000,0.000000,0.000000,0.000000,0.000000,0.000000,0.000000,0.000000
152,2.533333,-0.001831,0.000167,-14.201172,-0.004594,-0.000128,-10.058146,0.000438,0.002700,10.057869,6576.167,0,0.000000,4,2,30.295500,1,0,0,-0.005010,0.999960,-0.007438,0.999987,0.005007,-0.000476,-0.001006,-0.000015,0.000000,0.000000,0.000000,1,0.013412,5341.437988,18.356987,2281.255371,-0.000149,-0.029098,30.285686,1,0.005668,5088.511230,17.910378,2214.833496,-0.000144,-0.028250,30.305315,1,-0.005673,4711.460938,-22.462906,-1019.168579,0.000176,0.013000,29.788801,1,-0.013417,4458.534180,-22.066591,-1022.276367,0.000171,0.011440,29.775591,-9.406761,19600.003906,-2404.058105,-16.673340,-109.403564,-0.167969,0.000000,0.000000,0.000000,0.000000,0.000000,0.000000,0.000000,0.000000,0.000000
153,2.550000,-0.001953,0.000165,-14.369507,-0.004751,-0.000124,-10.098214,0.000455,0.001017,10.097936,6602.719,0,0.000000,4,2,30.416891,1,0,0,-0.005010,0.999960,-0.007458,0.999987,0.005006,-0.000493,-0.001201,-0.000025,0.000000,0.000000,0.000000,1,0.013438,5342.808594,15.157219,2255.992432,-0.000166,-0.028775,30.405918,1,0.005694,5089.948730,14.710083,2250.358643,-0.000160,-0.028704,30.427868,1,-0.005699,4709.876953,-19.512339,-985.661987,0.000203,0.012572,29.915934,1,-0.013443,4457.027832,-19.115814,-1081.635254,0.000198,0.012315,29.903177,-9.938747,19599.660156,-2388.063965,-10.966797,-118.525574,-0.742676,0.000000,0.000000,0.000000,0.000000,0.000000,0.000000,0.000000,0.000000,0.000000
154,2.566667,-0.002075,0.000163,-14.538452,-0.004916,-0.000127,-10.138015,0.000442,-0.000807,10.137733,6629.175,0,0.000000,4,2,30.535925,1,0,0,-0.005009,0.999960,-0.007480,0.999987,0.005005,-0.000479,-0.001330,-0.000048,0.000000,0.000000,0.000000,1,0.013465,5344.075684,9.844296,2225.487305,-0.000151,-0.028386,30.524815,1,0.005723,5091.358398,9.397873,2272.354248,-0.000145,-0.028984,30.547039,1,-0.005728,4708.465332,-11.765481,-983.331299,0.000183,0.012542,30.038172,1,-0.013470,4455.738770,-11.368244,-897.910400,0.000178,0.011453,30.039434,-5.121106,19599.632812,-2565.209229,19.143066,100.179321,0.726318,0.000000,0.000000,0.000000,0.000000,0.000000,0.000000,0.000000,0.000000,0.000000
155,2.583333,-0.002197,0.000161,-14.708130,-0.005002,-0.000136,-10.180768,0.000454,0.000734,10.180483,6655.119,0,0.000000,4,2,30.652807,1,0,0,-0.005009,0.999959,-0.007498,0.999987,0.005005,-0.000492,-0.001105,-0.000026,0.000000,0.000000,0.000000,1,0.013489,5344.244629,14.873971,2178.375732,-0.000165,-0.027785,30.642447,1,0.005747,5091.459961,14.426927,2176.499756,-0.000160,-0.027761,30.663172,1,-0.005752,4708.548828,-17.949072,-993.125305,0.000200,0.012667,30.160069,1,-0.013493,4455.742188,-17.552460,-1081.927612,0.000195,0.012324,30.148855,-7.296295,19600.054688,-2227.996582,-24.631836,-108.240784,-0.310547,0.000000,0.000000,0.000000,0.000000,0.000000,0.000000,0.000000,0.000000,0.000000
156,2.600000,-0.002319,0.000159,-14.878418,-0.005123,-0.000130,-10.217901,0.000439,-0.000931,10.217613,6680.592,0,0.000000,4,2,30.768911,1,0,0,-0.005008,0.999959,-0.007521,0.999987,0.005004,-0.000476,-0.001394,-0.000040,0.000000,0.000000,0.000000,1,0.013518,5346.031250,9.995226,2182.737793,-0.000151,-0.027841,30.758480,1,0.005778,5093.313965,9.548839,2226.261230,-0.000146,-0.028396,30.779346,1,-0.005782,4706.483887,-10.250633,-925.769592,0.000174,0.011808,30.283396,1,-0.013523,4453.806641,-9.853761,-836.669922,0.000169,0.010672,30.285154,-1.794863,19599.621094,-2594.357666,35.067383,104.850403,1.174316,0.000000,0.000000,0.000000,0.000000,0.000000,0.000000,0.000000,0.000000,0.000000
157,2.616667,-0.002441,0.000156,-15.049438,-0.005153,-0.000142,-10.261141,0.000450,0.000682,10.260851,6705.896,0,0.000000,4,2,30.882238,1,0,0,-0.005008,0.999959,-0.007538,0.999987,0.005004,-0.000488,-0.000983,-0.000008,0.000000,0.000000,0.000000,1,0.013540,5345.588867,15.221093,2105.387207,-0.000167,-0.026854,30.872503,1,0.005800,5092.781250,14.774395,2100.636719,-0.000161,-0.026794,30.891977,1,-0.005802,4707.367188,-16.471861,-1095.572510,0.000188,0.012612,30.396885,1,-0.013543,4454.520020,-16.075050,-1023.500488,0.000183,0.011556,30.385630,-3.543017,19600.355469,-2034.305176,-42.150879,13.601074,0.720947,0.000000,0.000000,0.000000,0.000000,0.000000,0.000000,0.000000,0.000000,0.000000
158,2.633333,-0.002563,0.000154,-15.221069,-0.005212,-0.000129,-10.295046,0.000465,0.000891,10.294753,6730.595,0,0.000000,4,2,30.995415,1,0,0,-0.005008,0.999959,-0.007562,0.999987,0.005004,-0.000503,-0.001477,0.000008,0.000000,0.000000,0.000000,1,0.013571,5348.098633,16.941853,2177.717285,-0.000185,-0.027777,30.985563,1,0.005831,5095.202637,16.495045,2164.748047,-0.000180,-0.027612,31.005268,1,-0.005834,4704.603027,-18.927662,-738.039307,0.000208,0.009414,30.535177,1,-0.013575,4451.703125,-18.530956,-866.663757,0.000203,0.011054,30.513395,-5.371412,19599.572266,-2684.767578,56.577148,-146.106934,0.287354,0.000000,0.000000,0.000000,0.000000,0.000000,0.000000,0.000000,0.000000,0.000000
159,2.650000,-0.002686,0.000152,-15.393433,-0.005302,-0.000146,-10.339792,0.000442,-0.001356,10.339498,6755.261,0,0.000000,4,2,31.104994,1,0,0,-0.005008,0.999959,-0.007576,0.999987,0.005004,-0.000480,-0.000814,0.000005,0.000000,0.000000,0.000000,1,0.013590,5346.760742,10.061357,1990.543701,-0.000164,-0.025390,31.094889,1,0.005849,5093.856445,9.614689,2050.013916,-0.000158,-0.026148,31.115101,1,-0.005850,4706.404297,-8.497864,-924.856445,0.000171,0.010298,30.621244,1,-0.013591,4453.540527,-8.101021,-1049.633545,0.000166,0.011921,30.618252,2.112337,19600.703125,-2012.615112,-40.124023,-55.071411,1.346436,0.000000,0.000000,0.000000,0.000000,0.000000,0.000000,0.000000,0.000000,0.000000
160,2.666667,-0.002808,0.000150,-15.566284,-0.005267,-0.000128,-10.373336,0.000406,-0.002204,10.373037,6779.143,0,0.000000,4,2,31.215456,1,0,0,-0.005008,0.999959,-0.007598,0.999987,0.005005,-0.000444,-0.001284,0.000030,0.000000,0.000000,0.000000,1,0.013618,5349.061523,6.019409,2044.965576,-0.000132,-0.026084,31.206318,1,0.005876,5096.072754,5.573298,2112.730469,-0.000126,-0.026948,31.224596,1,-0.005877,4703.902344,-0.342202,-980.254395,0.000109,0.011117,30.734600,1,-0.013619,4450.884766,0.055199,-791.681458,0.000104,0.010098,30.749834,10.274617,19599.923828,-2331.963623,15.142578,232.221619,1.608887,0.000000,0.000000,0.000000,0.000000,0.000000,0.000000,0.000000,0.000000,0.000000
161,2.683333,-0.002930,0.000147,-15.739868,-0.005095,-0.000132,-10.412202,0.000428,0.001369,10.411902,6803.217,0,0.000000,4,2,31.322531,1,0,0,-0.005010,0.999959,-0.007616,0.999987,0.005006,-0.000467,-0.001107,0.000078,0.000000,0.000000,0.000000,1,0.013643,5349.430176,16.832092,2040.967896,-0.000163,-0.026033,31.314505,1,0.005899,5096.177734,16.385662,2000.071533,-0.000157,-0.025511,31.330559,1,-0.005900,4703.856445,-14.407485,-912.748108,0.000137,0.011642,30.856049,1,-0.013644,4450.602051,-14.010994,-970.357422,0.000132,0.010944,30.843737,3.819022,19600.093750,-2103.730713,-14.331543,-111.609131,0.883545,0.000000,0.000000,0.000000,0.000000,0.000000,0.000000,0.000000,0.000000,0.000000
162,2.700000,-0.003052,0.000145,-15.913940,-0.005032,-0.000128,-10.447264,0.000423,-0.000348,10.446961,6826.554,0,0.000000,4,2,31.428631,1,0,0,-0.005011,0.999958,-0.007637,0.999987,0.005008,-0.000461,-0.001275,0.000090,0.000000,0.000000,0.000000,1,0.013671,5350.913086,12.017490,2017.997314,-0.000159,-0.025740,31.419888,1,0.005925,5097.530273,11.571304,2032.039185,-0.000153,-0.025919,31.437376,1,-0.005926,4702.462402,-8.306247,-886.102478,0.000125,0.011302,30.967636,1,-0.013672,4449.088867,-7.909291,-853.077576,0.000120,0.010881,30.963739,6.334563,19600.003906,-2256.288574,13.277832,32.382629,0.989502,0.000000,0.000000,0.000000,0.000000,0.000000,0.000000,0.000000,0.000000,0.000000
163,2.716667,-0.003174,0.000143,-16.088745,-0.004926,-0.000130,-10.484869,0.000425,0.000150,10.484564,6849.677,0,0.000000,4,2,31.532490,1,0,0,-0.005013,0.999958,-0.007656,0.999987,0.005010,-0.000463,-0.001119,0.000113,0.000000,0.000000,0.000000,1,0.013697,5351.315918,4.413696,1970.251465,-0.000056,-0.025131,31.523954,1,0.005948,5097.758301,4.203844,1970.662231,-0.000054,-0.025136,31.541027,1,-0.005948,4702.304199,-3.217674,-904.373413,0.000041,0.011535,31.075331,1,-0.013697,4448.747070,-3.044414,-1020.557312,0.000039,0.011674,31.066610,1.446950,19600.158203,-1961.019287,-23.624023,-67.981628,0.060059,0.000000,0.000000,0.000000,0.000000,0.000000,0.000000,0.000000,0.000000,0.000000
164,2.733333,-0.003296,0.000141,-16.264038,-0.004902,-0.000124,-10.517552,0.000410,-0.000895,10.517243,6872.313,0,0.000000,4,2,31.635332,1,0,0,-0.005015,0.999958,-0.007679,0.999987,0.005011,-0.000449,-0.001396,0.000110,0.000000,0.000000,0.000000,1,0.013728,5353.142578,1.280642,1984.686768,-0.000041,-0.025315,31.626778,1,0.005976,5099.502930,1.071437,2012.047485,-0.000039,-0.025664,31.643890,1,-0.005977,4700.410645,1.735296,-828.383362,0.000018,0.010566,31.185696,1,-0.013728,4446.759766,1.908819,-704.970398,0.000015,0.008992,31.193945,4.916771,19599.789062,-2408.075195,44.274902,168.175354,0.357666,0.000000,0.000000,0.000000,0.000000,0.000000,0.000000,0.000000,0.000000,0.000000
165,2.750000,-0.003418,0.000139,-16.439941,-0.004820,-0.000135,-10.557687,0.000438,0.001692,10.557375,6894.728,0,0.000000,4,2,31.735498,1,0,0,-0.005017,0.999958,-0.007694,0.999987,0.005013,-0.000477,-0.000877,0.000128,0.000000,0.000000,0.000000,1,0.013749,5352.351562,9.483818,1898.016113,-0.000071,-0.024209,31.727377,1,0.005994,5098.510254,9.273447,1855.831177,-0.000068,-0.023671,31.743622,1,-0.005993,4701.741211,-10.426744,-989.165527,0.000060,0.011327,31.284960,1,-0.013748,4447.919922,-10.252692,-886.530212,0.000058,0.009852,31.275183,-2.792465,19600.625000,-1822.419678,-37.562988,33.543457,-0.920898,0.000000,0.000000,0.000000,0.000000,0.000000,0.000000,0.000000,0.000000,0.000000
166,2.766667,-0.003540,0.000137,-16.616455,-0.004867,-0.000119,-10.588060,0.000475,0.002208,10.587746,6916.558,0,0.000000,4,2,31.836048,1,0,0,-0.005019,0.999958,-0.007715,0.999987,0.005015,-0.000514,-0.001317,0.000110,0.000000,0.000000,0.000000,1,0.013778,5354.540527,12.691214,1957.739258,-0.000105,-0.024971,31.827190,1,0.006021,5100.698242,12.480834,1907.251587,-0.000102,-0.024327,31.844908,1,-0.006020,4699.239258,-17.550423,-695.226868,0.000121,0.008868,31.407709,1,-0.013778,4445.376953,-17.376343,-934.645447,0.000119,0.010620,31.382940,-10.877439,19599.820312,-2179.061279,21.291504,-257.775757,-2.034912,0.000000,0.000000,0.000000,0.000000,0.000000,0.000000,0.000000,0.000000,0.000000
167,2.783333,-0.003662,0.000135,-16.793579,-0.005048,-0.000126,-10.624378,0.000446,-0.001758,10.624061,6938.472,0,0.000000,4,2,31.933384,1,0,0,-0.005020,0.999957,-0.007733,0.999987,0.005016,-0.000485,-0.001068,0.000052,0.000000,0.000000,0.000000,1,0.013802,5354.475586,0.509962,1827.680908,-0.000068,-0.023312,31.923649,1,0.006043,5100.816895,0.299994,1898.060669,-0.000066,-0.024210,31.943123,1,-0.006042,4699.313965,-1.318160,-860.279419,0.000082,0.009649,31.487522,1,-0.013801,4445.664062,-1.144266,-775.284119,0.000080,0.009889,31.497726,-2.638609,19600.316406,-2033.739990,1.914551,158.038879,-0.538330,0.000000,0.000000,0.000000,0.000000,0.000000,0.000000,0.000000,0.000000,0.000000
168,2.800000,-0.003784,0.000133,-16.971191,-0.005092,-0.000122,-10.658274,0.000457,0.000673,10.657955,6959.686,0,0.000000,4,2,32.030094,1,0,0,-0.005021,0.999957,-0.007751,0.999987,0.005017,-0.000496,-0.001045,0.000050,0.000000,0.000000,0.000000,1,0.013825,5355.153809,7.451656,1836.989746,-0.000078,-0.023431,32.021515,1,0.006065,5101.451660,7.241541,1829.480713,-0.000076,-0.023335,32.038677,1,-0.006064,4698.667480,-10.439891,-911.516418,0.000101,0.010383,31.591446,1,-0.013824,4444.976562,-10.266146,-936.593384,0.000099,0.010653,31.589233,-6.887494,19600.283203,-1761.559814,-29.568359,-34.777710,-1.770264,0.000000,0.000000,0.000000,0.000000,0.000000,0.000000,0.000000,0.000000,0.000000
169,2.816667,-0.003906,0.000131,-17.149292,-0.005207,-0.000112,-10.687633,0.000459,0.000138,10.687311,6980.763,0,0.000000,4,2,32.125370,1,0,0,-0.005021,0.999957,-0.007774,0.999987,0.005017,-0.000498,-0.001392,0.000010,0.000000,0.000000,0.000000,1,0.013855,5357.056641,0.805521,1872.294556,-0.000010,-0.023881,32.116638,1,0.006094,5103.520996,0.767291,1878.653809,-0.000010,-0.023962,32.134106,1,-0.006094,4696.382812,-6.321725,-727.143250,0.000081,0.009275,31.702854,1,-0.013854,4442.837891,-5.980742,-682.758606,0.000076,0.008709,31.704304,-11.868507,19599.746094,-2283.929932,48.920898,67.280457,-2.128906,0.000000,0.000000,0.000000,0.000000,0.000000,0.000000,0.000000,0.000000,0.000000
170,2.833333,-0.004028,0.000129,-17.328003,-0.005405,-0.000126,-10.725698,0.000479,0.001173,10.725375,7001.528,0,0.000000,4,2,32.217781,1,0,0,-0.005021,0.999957,-0.007787,0.999987,0.005017,-0.000518,-0.000818,-0.000030,0.000000,0.000000,0.000000,1,0.013873,5355.874023,5.173722,1754.677002,-0.000031,-0.022381,32.209133,1,0.006113,5102.519531,5.135208,1738.640869,-0.000030,-0.022177,32.226433,1,-0.006111,4697.787598,-12.548344,-886.629578,0.000110,0.010030,31.787331,1,-0.013870,4444.400391,-12.207645,-854.589294,0.000106,0.009522,31.782295,-15.325623,19600.677734,-1694.572754,-35.888184,1.036560,-1.664551,0.000000,0.000000,0.000000,0.000000,0.000000,0.000000,0.000000,0.000000,0.000000
171,2.850000,-0.004150,0.000127,-17.507202,-0.005660,-0.000109,-10.753942,0.000499,0.001189,10.753614,7021.668,0,0.000000,4,2,32.310837,1,0,0,-0.005020,0.999957,-0.007808,0.999987,0.005016,-0.000538,-0.001239,-0.000065,0.000000,0.000000,0.000000,1,0.013898,5357.863770,6.970270,1803.480103,-0.000052,-0.023004,32.301891,1,0.006140,5104.679688,6.932031,1787.857056,-0.000052,-0.022804,32.319782,1,-0.006138,4695.304688,-14.826969,-741.186584,0.000139,0.009454,31.895103,1,-0.013896,4442.136230,-14.486509,-795.632935,0.000135,0.010148,31.885387,-16.485867,19599.957031,-1996.687256,15.208496,-70.227783,-1.598389,0.000000,0.000000,0.000000,0.000000,0.000000,0.000000,0.000000,0.000000,0.000000
172,2.866667,-0.004272,0.000125,-17.687012,-0.005935,-0.000113,-10.787220,0.000501,0.000108,10.786890,7041.949,0,0.000000,4,2,32.400925,1,0,0,-0.005018,0.999957,-0.007826,0.999987,0.005014,-0.000540,-0.001061,-0.000103,0.000000,0.000000,0.000000,1,0.013920,5357.980469,5.005914,1728.661499,-0.000057,-0.022049,32.391693,1,0.006164,5105.046875,4.967577,1748.053711,-0.000056,-0.022297,32.410160,1,-0.006162,4695.097656,-0.497264,-890.164856,0.000006,0.010159,31.981630,1,-0.013917,4442.162109,-0.470671,-806.215393,0.000006,0.010283,31.979868,8.076546,19600.318359,-1722.159180,-20.358398,102.341187,1.977539,0.000000,0.000000,0.000000,0.000000,0.000000,0.000000,0.000000,0.000000,0.000000
173,2.883333,-0.004395,0.000123,-17.867310,-0.005800,-0.000105,-10.815923,0.000529,0.001683,10.815593,7061.583,0,0.000000,4,2,32.490246,1,0,0,-0.005017,0.999957,-0.007847,0.999987,0.005013,-0.000568,-0.001299,-0.000055,0.000000,0.000000,0.000000,1,0.013946,5359.598145,10.272908,1770.944702,-0.000084,-0.022589,32.481316,1,0.006192,5106.520996,10.234451,1743.597534,-0.000084,-0.022240,32.499176,1,-0.006191,4693.331055,-9.868103,-661.553650,0.000051,0.008438,32.089920,1,-0.013945,4440.263184,-9.841652,-760.676697,0.000050,0.009703,32.075893,-0.359374,19599.636719,-2033.821655,30.372559,-107.538513,0.605225,0.000000,0.000000,0.000000,0.000000,0.000000,0.000000,0.000000,0.000000,0.000000
174,2.900000,-0.004517,0.000121,-18.048096,-0.005806,-0.000116,-10.849820,0.000529,0.000029,10.849487,7081.051,0,0.000000,4,2,32.577271,1,0,0,-0.005016,0.999957,-0.007863,0.999987,0.005012,-0.000569,-0.000943,-0.000049,0.000000,0.000000,0.000000,1,0.013966,5359.244141,5.475196,1658.198120,-0.000079,-0.021150,32.567856,1,0.006213,5106.191406,5.436828,1684.688110,-0.000078,-0.021488,32.586685,1,-0.006211,4694.006348,-5.367529,-814.520325,0.000057,0.009162,32.164814,1,-0.013964,4440.954102,-5.340979,-806.259033,0.000057,0.010284,32.165268,-0.744030,19600.453125,-1663.249268,-19.254395,33.732300,0.596436,0.000000,0.000000,0.000000,0.000000,0.000000,0.000000,0.000000,0.000000,0.000000
175,2.916667,-0.004639,0.000120,-18.229370,-0.005819,-0.000105,-10.877541,0.000538,0.000548,10.877205,7100.017,0,0.000000,4,2,32.664158,1,0,0,-0.005016,0.999956,-0.007882,0.999987,0.005011,-0.000578,-0.001169,-0.000035,0.000000,0.000000,0.000000,1,0.013990,5360.708008,3.450888,1690.154785,-0.000044,-0.021558,32.655167,1,0.006239,5107.621582,3.287334,1696.645630,-0.000042,-0.021641,32.673153,1,-0.006237,4692.363770,-8.781041,-748.076172,0.000078,0.009542,32.262054,1,-0.013989,4439.277344,-8.754337,-727.836731,0.000077,0.009284,32.261299,-11.869510,19599.943359,-1851.722168,13.771484,26.840393,-0.916260,0.000000,0.000000,0.000000,0.000000,0.000000,0.000000,0.000000,0.000000,0.000000
176,2.933333,-0.004761,0.000118,-18.411133,-0.006016,-0.000109,-10.908402,0.000554,0.000961,10.908063,7118.953,0,0.000000,4,2,32.748730,1,0,0,-0.005015,0.999956,-0.007899,0.999987,0.005011,-0.000594,-0.001007,-0.000052,0.000000,0.000000,0.000000,1,0.014011,5360.919434,5.851418,1648.472778,-0.000055,-0.021026,32.739822,1,0.006261,5107.950195,5.687647,1645.237427,-0.000053,-0.020985,32.757641,1,-0.006259,4692.197266,-12.358369,-768.452087,0.000107,0.009802,32.349586,1,-0.014009,4439.228027,-12.331570,-776.788879,0.000107,0.009908,32.345875,-14.156361,19600.330078,-1688.966309,-6.684570,-21.838196,-1.047363,0.000000,0.000000,0.000000,0.000000,0.000000,0.000000,0.000000,0.000000,0.000000
177,2.950000,-0.004883,0.000116,-18.593384,-0.006252,-0.000103,-10.936552,0.000565,0.000625,10.936213,7137.385,0,0.000000,4,2,32.832413,1,0,0,-0.005014,0.999956,-0.007917,0.999987,0.005009,-0.000604,-0.001086,-0.000076,0.000000,0.000000,0.000000,1,0.014033,5361.775879,5.720661,1639.253906,-0.000062,-0.020909,32.823429,1,0.006285,5108.960938,5.557118,1645.891602,-0.000060,-0.020994,32.841400,1,-0.006283,4691.050293,-12.674040,-727.475281,0.000127,0.009279,32.440098,1,-0.014032,4438.224609,-12.647271,-721.078247,0.000127,0.009197,32.437603,-15.119257,19599.990234,-1776.780884,9.408203,-1.512817,-0.921387,0.000000,0.000000,0.000000,0.000000,0.000000,0.000000,0.000000,0.000000,0.000000
178,2.966667,-0.005005,0.000114,-18.776123,-0.006504,-0.000105,-10.966165,0.000575,0.000601,10.965823,7155.624,0,0.000000,4,2,32.914371,1,0,0,-0.005012,0.999956,-0.007933,0.999987,0.005008,-0.000614,-0.000976,-0.000095,0.000000,0.000000,0.000000,1,0.014053,5362.089355,6.578107,1598.863525,-0.000070,-0.020394,32.905476,1,0.006307,5109.416016,6.414562,1606.949341,-0.000068,-0.020497,32.923267,1,-0.006305,4690.706543,-13.699263,-749.436768,0.000145,0.009559,32.524624,1,-0.014051,4438.041992,-13.672495,-746.833679,0.000145,0.009526,32.521194,-15.393827,19600.281250,-1649.406738,-5.635254,-10.669067,-0.694092,0.000000,0.000000,0.000000,0.000000,0.000000,0.000000,0.000000,0.000000,0.000000
179,2.983333,-0.005127,0.000113,-18.959473,-0.006761,-0.000100,-10.993654,0.000582,0.000437,10.993309,7173.485,0,0.000000,4,2,32.995354,1,0,0,-0.005011,0.999956,-0.007951,0.999987,0.005006,-0.000622,-0.001042,-0.000111,0.000000,0.000000,0.000000,1,0.014074,5362.902832,7.099626,1588.935303,-0.000078,-0.020267,32.986572,1,0.006331,5110.416992,6.936071,1600.386963,-0.000076,-0.020413,33.004139,1,-0.006329,4689.650879,-13.710241,-711.576294,0.000156,0.009076,32.612354,1,-0.014072,4437.143555,-13.683676,-708.699036,0.000156,0.009040,32.608547,-14.421062,19600.111328,-1708.609863,4.141113,-7.881531,-0.283691,0.000000,0.000000,0.000000,0.000000,0.000000,0.000000,0.000000,0.000000,0.000000
180,3.000000,-0.005249,0.000111,-19.143188,-0.007001,-0.000100,-11.022131,0.000587,0.000316,11.021783,7191.136,0,0.000000,4,2,33.074741,1,0,0,-0.005009,0.999956,-0.007967,0.999987,0.005004,-0.000627,-0.000993,-0.000117,0.000000,0.000000,0.000000,1,0.014094,5363.415039,7.769930,1553.083740,-0.000086,-0.019810,33.066132,1,0.006354,5111.026855,7.606367,1567.343018,-0.000084,-0.019992,33.083351,1,-0.006352,4689.062988,-6.531509,-727.998779,0.000083,0.009286,32.694557,1,-0.014092,4436.692871,-6.180386,-723.286133,0.000079,0.009226,32.690331,1.656179,19600.208984,-1608.401367,-6.062988,12.367615,2.503906,0.000000,0.000000,0.000000,0.000000,0.000000,0.000000,0.000000,0.000000,0.000000
181,3.016667,-0.005371,0.000109,-19.327393,-0.006974,-0.000095,-11.048938,0.000596,0.000506,11.048587,7208.438,0,0.000000,4,2,33.153095,1,0,0,-0.005008,0.999955,-0.007985,0.999987,0.005003,-0.000636,-0.001064,-0.000064,0.000000,0.000000,0.000000,1,0.014116,5364.426758,8.674562,1545.299683,-0.000095,-0.019710,33.144703,1,0.006377,5111.904785,8.510984,1552.443481,-0.000093,-0.019802,33.161488,1,-0.006375,4688.134277,-9.141299,-692.342773,0.000096,0.008831,32.779160,1,-0.014114,4435.601562,-8.790407,-698.951233,0.000091,0.008915,32.774242,-1.792387,19600.054688,-1645.410645,4.005859,-10.651978,1.104248,0.000000,0.000000,0.000000,0.000000,0.000000,0.000000,0.000000,0.000000,0.000000
182,3.033333,-0.005493,0.000108,-19.511963,-0.007004,-0.000095,-11.076362,0.000601,0.000342,11.076011,7225.514,0,0.000000,4,2,33.229969,1,0,0,-0.005007,0.999956,-0.008002,0.999987,0.005002,-0.000641,-0.001017,-0.000041,0.000000,0.000000,0.000000,1,0.014137,5364.974121,5.606797,1512.439941,-0.000072,-0.019291,33.221680,1,0.006399,5112.376953,5.341746,1524.091309,-0.000068,-0.019440,33.238258,1,-0.006398,4687.590332,-9.505179,-707.323303,0.000105,0.009022,32.858551,1,-0.014135,4435.001953,-9.154307,-702.612305,0.000101,0.008962,32.854599,-8.715567,19599.910156,-1565.249512,-4.244141,6.407288,0.078125,0.000000,0.000000,0.000000,0.000000,0.000000,0.000000,0.000000,0.000000,0.000000
183,3.050000,-0.005615,0.000106,-19.697021,-0.007149,-0.000096,-11.102449,0.000609,0.000441,11.102095,7242.269,0,0.000000,4,2,33.305786,1,0,0,-0.005007,0.999955,-0.008019,0.999987,0.005001,-0.000649,-0.001067,-0.000039,0.000000,0.000000,0.000000,1,0.014159,5365.899414,7.264882,1501.081909,-0.000079,-0.019146,33.297676,1,0.006423,5113.335449,6.999787,1508.651611,-0.000076,-0.019243,33.313900,1,-0.006421,4686.691406,-10.568217,-678.918884,0.000116,0.008660,32.940132,1,-0.014158,4434.116211,-10.217472,-682.577026,0.000112,0.008706,32.935490,-7.550888,19600.033203,-1586.603027,4.035156,-9.616821,0.260254,0.000000,0.000000,0.000000,0.000000,0.000000,0.000000,0.000000,0.000000,0.000000
184,3.066667,-0.005737,0.000105,-19.882446,-0.007275,-0.000096,-11.128893,0.000614,0.000293,11.128535,7258.792,0,0.000000,4,2,33.380215,1,0,0,-0.005006,0.999955,-0.008036,0.999987,0.005001,-0.000654,-0.001019,-0.000034,0.000000,0.000000,0.000000,1,0.014180,5366.460938,6.306266,1471.535400,-0.000080,-0.018770,33.372211,1,0.006445,5113.907715,6.009055,1482.985352,-0.000077,-0.018916,33.388218,1,-0.006444,4686.125977,-7.829377,-687.650146,0.000100,0.008771,33.017563,1,-0.014179,4433.570801,-7.406646,-683.409912,0.000094,0.008717,33.013454,-3.915610,19600.062500,-1521.534546,-1.584961,8.208984,0.742676,0.000000,0.000000,0.000000,0.000000,0.000000,0.000000,0.000000,0.000000,0.000000
185,3.083333,-0.005859,0.000103,-20.068359,-0.007340,-0.000095,-11.154252,0.000621,0.000419,11.153893,7275.013,1,0.000000,4,3,58.982391,1,0,0,-0.005006,0.999955,-0.008054,0.999987,0.005001,-0.000661,-0.001038,-0.000018,0.000000,0.000000,0.000000,1,0.014202,5367.234863,4.004929,16101.705078,-0.000088,-0.163062,58.968594,1,0.006467,5114.645020,3.668873,15343.934570,-0.000084,-0.163352,58.996193,1,-0.006466,4685.342773,-9.976286,-663.627686,0.000110,0.008465,33.096272,1,-0.014201,4432.750977,-9.553443,-667.838440,0.000105,0.008518,33.091541,-31.718983,19599.955078,-30051.953125,3654.170410,-22.797607,-2.894775,0.000000,0.000000,0.000000,0.000000,0.000000,0.000000,0.000000,0.000000,0.000000
186,3.100000,-0.005981,0.000089,-20.262573,-0.007869,-0.000821,-11.655118,0.000622,0.000069,11.654810,7275.013,1,0.000000,4,3,57.942734,1,0,0,-0.005005,0.999960,-0.007357,0.999987,0.005000,-0.000659,0.041783,-0.000041,0.000000,0.000000,0.000000,1,0.013392,5214.425781,0.496863,14078.950195,-0.000059,-0.179578,57.916672,1,0.005657,4961.809570,0.471734,13396.885742,-0.000056,-0.170879,57.968807,1,-0.005490,4868.859375,-8.277325,-2480.048340,0.000108,0.017064,33.171471,1,-0.013225,4616.240723,-7.854532,-2489.499512,0.000103,0.017143,33.167355,-29.940329,19672.187500,-22438.357422,1600.215820,-108.088745,-0.580811,0.000000,0.000000,0.000000,0.000000,0.000000,0.000000,0.000000,0.000000,0.000000
187,3.116667,-0.006104,0.000087,-20.463013,-0.008368,-0.000141,-12.029091,0.000595,-0.001594,12.028852,7221.467,1,0.000000,4,3,57.033707,1,0,0,-0.005004,0.999967,-0.006348,0.999987,0.005000,-0.000627,0.060550,-0.000047,0.000000,0.000000,0.000000,1,0.012200,5117.587891,-2.059498,13817.487305,-0.000041,-0.176243,56.996777,1,0.004466,4864.970215,0.659698,13135.419922,-0.000038,-0.167544,57.070663,1,-0.004093,4978.380371,2.168902,-4080.885010,0.000058,0.030051,33.511997,1,-0.011827,4725.771973,2.591644,-4081.595459,0.000052,0.030104,33.509258,-8.370426,19700.132812,-18718.078125,501.805176,-145.156738,3.141113,0.000000,0.000000,0.000000,0.000000,0.000000,0.000000,0.000000,0.000000,0.000000
188,3.133333,-0.006226,0.000106,-20.668701,-0.008507,0.001145,-12.341059,0.000531,-0.003827,12.340885,7154.384,1,0.000000,4,3,56.141888,1,0,0,-0.005004,0.999974,-0.005241,0.999987,0.005001,-0.000558,0.066450,0.000010,0.000000,0.000000,0.000000,1,0.010871,5053.331543,-6.115746,13643.994141,0.000007,-0.174031,56.094257,1,0.003135,4800.468750,-5.775913,12961.264648,0.000010,-0.165322,56.189560,1,-0.002581,5045.237305,19.778004,-5526.562500,-0.000057,0.045062,34.086357,1,-0.010316,4792.374512,20.200878,-5512.967773,-0.000063,0.045031,34.083725,19.459219,19703.281250,-15489.592773,-273.037109,-135.875000,6.512451,0.000000,0.000000,0.000000,0.000000,0.000000,0.000000,0.000000,0.000000,0.000000
189,3.150000,-0.006348,0.000150,-20.878662,-0.008183,0.002627,-12.599218,0.000433,-0.005918,12.599099,7074.148,1,0.000000,4,3,55.261509,1,0,0,-0.005006,0.999979,-0.004187,0.999987,0.005004,-0.000454,0.063271,0.000132,0.000000,0.000000,0.000000,1,0.009581,5017.172852,-10.405802,13546.362305,0.000083,-0.172785,55.203335,1,0.001841,4763.701660,-9.800784,12861.991211,0.000086,-0.164056,55.319744,1,-0.001166,5076.803711,41.875999,-6687.295898,-0.000234,0.059997,34.871891,1,-0.008905,4823.321289,42.300713,-6658.088867,-0.000240,0.059839,34.867271,58.094139,19688.914062,-12983.626953,-746.177246,-102.289551,9.505615,0.000000,0.000000,0.000000,0.000000,0.000000,0.000000,0.000000,0.000000,0.000000
190,3.166667,-0.006470,0.000217,-21.092407,-0.007214,0.004005,-12.815612,0.000308,-0.007491,12.815533,6980.971,1,0.000000,4,3,54.387611,1,0,0,-0.005010,0.999982,-0.003279,0.999987,0.005009,-0.000324,0.054545,0.000316,0.000000,0.000000,0.000000,1,0.008443,5002.950684,-14.580373,13507.958984,0.000181,-0.172296,54.319046,1,0.000694,4748.505371,-13.692878,12820.957031,0.000184,-0.163533,54.456264,1,0.000028,5082.100098,65.411354,-7490.611816,-0.000457,0.073191,35.826973,1,-0.007721,4827.685547,65.838440,-7447.950684,-0.000462,0.072890,35.818089,99.328117,19664.242188,-11308.266602,-963.638672,-52.005859,11.956543,0.000000,0.000000,0.000000,0.000000,0.000000,0.000000,0.000000,0.000000,0.000000
191,3.183333,-0.006592,0.000301,-21.309082,-0.005559,0.005084,-13.004083,0.000170,-0.008291,13.004026,6874.924,1,0.000000,4,3,53.516327,1,0,0,-0.005019,0.999984,-0.002558,0.999987,0.005019,-0.000183,0.043265,0.000554,0.000000,0.000000,0.000000,1,0.007511,5004.006348,-18.338114,13510.804688,0.000293,-0.172332,53.437504,1,-0.000252,4748.208008,-17.170944,12820.151367,0.000295,-0.163522,53.595268,1,0.000946,5070.382812,87.104523,-7917.223145,-0.000700,0.083508,36.899399,1,-0.006817,4814.577148,87.534027,-7866.344238,-0.000705,0.083078,36.884281,137.239990,19635.371094,-10462.863281,-976.295898,4.343262,13.738525,0.000000,0.000000,0.000000,0.000000,0.000000,0.000000,0.000000,0.000000,0.000000
192,3.200000,-0.006592,0.000397,-21.528809,-0.003272,0.005767,-13.178464,0.000033,-0.008224,13.178424,6755.979,1,0.000000,4,3,52.644974,1,0,0,-0.005033,0.999985,-0.002029,0.999987,0.005033,-0.000043,0.031831,0.000836,0.000000,0.000000,0.000000,1,0.006798,5013.714844,-21.616529,13537.012695,0.000411,-0.172666,52.556023,1,-0.000987,4756.154785,-20.179771,12841.602539,0.000414,-0.163796,52.734077,1,0.001594,5050.324707,104.000999,-6388.287109,-0.000932,0.081483,38.034138,1,-0.006191,4792.755859,104.433029,-6001.737305,-0.000938,0.076553,38.011589,166.059937,19607.167969,-13901.761719,-395.750000,382.551270,14.325439,0.000000,0.000000,0.000000,0.000000,0.000000,0.000000,0.000000,0.000000,0.000000
193,3.216667,-0.006592,0.000496,-21.752197,-0.000504,0.005945,-13.410160,-0.000006,-0.002338,13.410133,6624.055,1,0.000000,4,3,51.772053,1,0,0,-0.005052,0.999986,-0.001575,0.999987,0.005052,-0.000002,0.027195,0.001142,0.000000,0.000000,0.000000,1,0.006176,5007.435547,-8.334086,13520.074219,0.000434,-0.172450,51.673088,1,-0.001637,4747.709961,-7.763684,12818.814453,0.000412,-0.163505,51.871208,1,0.002135,5051.927734,61.903934,-5208.436523,-0.000790,0.066434,38.945545,1,-0.005679,4792.191406,58.737171,-5245.696777,-0.000749,0.066909,38.866531,104.521416,19592.074219,-15794.837891,-144.086426,-68.813965,1.753418,0.000000,0.000000,0.000000,0.000000,0.000000,0.000000,0.000000,0.000000,0.000000
194,3.233333,-0.006592,0.000594,-21.980103,0.001238,0.005864,-13.673408,-0.000063,-0.003397,13.673392,6479.061,1,0.000000,4,3,50.900440,1,0,0,-0.005071,0.999986,-0.001151,0.999987,0.005071,0.000057,0.025504,0.001178,0.000000,0.000000,0.000000,1,0.005590,4993.626953,-18.437368,13482.781250,0.000511,-0.171974,50.791561,1,-0.002254,4732.763672,-17.077765,12778.450195,0.000489,-0.162991,51.009556,1,0.002639,5062.771484,76.281494,-5344.064941,-0.000858,0.068164,39.684608,1,-0.005205,4801.928223,73.116592,-5322.687988,-0.000817,0.067891,39.611038,114.766014,19583.718750,-15500.991211,-234.423828,31.410156,-1.285400,0.000000,0.000000,0.000000,0.000000,0.000000,0.000000,0.000000,0.000000,0.000000
195,3.250000,-0.006592,0.000689,-22.212280,0.003151,0.005685,-13.931757,-0.000112,-0.002913,13.931748,6321.155,1,0.000000,4,3,50.031384,1,0,0,-0.005091,0.999987,-0.000772,0.999987,0.005091,0.000108,0.022754,0.001151,0.000000,0.000000,0.000000,1,0.005061,4984.980957,-25.691326,13864.556641,0.000599,-0.176844,49.912731,1,-0.002813,4723.278320,-23.075447,12823.357422,0.000576,-0.163564,50.150318,1,0.003083,5068.038574,37.331516,-5297.539551,-0.000476,0.067571,40.443485,1,-0.004791,4806.327148,35.413109,-5296.661621,-0.000452,0.067559,40.366791,25.688442,19575.052734,-15996.664062,-189.224609,-325.552246,-14.196289,0.000000,0.000000,0.000000,0.000000,0.000000,0.000000,0.000000,0.000000,0.000000
196,3.266667,-0.006470,0.000779,-22.448853,0.003579,0.005376,-14.198368,-0.000244,-0.007922,14.198365,6150.458,1,0.000000,4,3,49.148285,1,0,0,-0.005105,0.999987,-0.000430,0.999987,0.005105,0.000241,0.020532,0.000850,0.000000,0.000000,0.000000,1,0.004577,4976.005859,-80.857384,14927.532227,0.000759,-0.190402,49.014545,1,-0.003319,4714.756348,-57.621361,14121.325195,0.000737,-0.180120,49.282391,1,0.003476,5073.322754,74.934334,-5444.382324,-0.000654,0.069444,41.195564,1,-0.004419,4812.084473,73.015724,-5337.154785,-0.000630,0.068076,41.118744,13.856201,19568.789062,-18166.521484,70.991211,193.631836,-14.746582,0.000000,0.000000,0.000000,0.000000,0.000000,0.000000,0.000000,0.000000,0.000000
197,3.283333,-0.006348,0.000861,-22.690552,0.003810,0.004929,-14.501143,-0.000326,-0.004943,14.501143,5965.670,1,0.000000,4,3,48.187496,1,0,0,-0.005114,0.999987,-0.000075,0.999987,0.005114,0.000326,0.021357,0.000542,0.000000,0.000000,0.000000,1,0.004080,4957.847656,-64.131386,13566.607422,0.000818,-0.173043,48.043095,1,-0.003830,4697.367676,-60.794933,13205.155273,0.000775,-0.168433,48.332333,1,0.003893,5090.349121,78.290482,-5886.271484,-0.000782,0.075080,41.969093,1,-0.004017,4829.871582,76.371735,-5867.690918,-0.000758,0.074843,41.876610,34.598595,19569.226562,-14912.647461,-440.152832,397.497559,-9.918457,0.000000,0.000000,0.000000,0.000000,0.000000,0.000000,0.000000,0.000000,0.000000
198,3.300000,-0.006226,0.000937,-22.936401,0.004386,0.004590,-14.749687,-0.000306,0.001172,14.749689,5760.788,1,0.000000,4,3,47.301640,1,0,0,-0.005119,0.999987,0.000195,0.999987,0.005119,0.000307,0.016193,0.000334,0.000000,0.000000,0.000000,1,0.003688,4960.980957,-58.871414,11496.581055,0.000793,-0.146640,47.153931,1,-0.004230,4701.039551,-55.535011,11122.139648,0.000751,-0.141864,47.449810,1,0.004193,5082.579590,55.986095,-5306.280273,-0.000757,0.067682,42.807171,1,-0.003725,4822.640137,54.067467,-5441.608398,-0.000732,0.069408,42.711971,-0.735188,19560.675781,-11762.058594,-786.917969,130.054688,-12.885010,0.000000,0.000000,0.000000,0.000000,0.000000,0.000000,0.000000,0.000000,0.000000
199,3.316667,-0.006104,0.001007,-23.185547,0.004374,0.004200,-14.945722,-0.000254,0.003173,14.945724,5548.850,1,0.000000,4,3,46.552444,1,0,0,-0.005120,0.999987,0.000312,0.999987,0.005120,0.000255,0.006964,0.000063,0.000000,0.000000,0.000000,1,0.003482,4982.355469,-50.953541,9459.613281,0.000740,-0.120658,46.400887,1,-0.004438,4723.401855,-47.616791,9071.843750,0.000697,-0.115712,46.704498,1,0.004284,5053.773926,41.908134,-4445.263672,-0.000674,0.056700,43.560528,1,-0.003636,4794.822266,39.988495,-4589.249023,-0.000650,0.058536,43.485096,-14.282890,19546.666016,-9385.259766,-913.229980,6.501465,-13.574951,0.000000,0.000000,0.000000,0.000000,0.000000,0.000000,0.000000,0.000000,0.000000
200,3.333333,-0.005981,0.001068,-23.437256,0.004136,0.003641,-15.102142,-0.000199,0.003273,15.102144,5337.967,1,0.000000,4,3,45.937744,1,0,0,-0.005117,0.999987,0.000249,0.999987,0.005116,0.000200,-0.003749,-0.000222,0.000000,0.000000,0.000000,1,0.003492,5015.664551,-48.181080,7449.824707,0.000693,-0.095023,45.781761,1,-0.004422,4758.011230,-44.843769,7048.336426,0.000651,-0.089902,46.094261,1,0.004134,5012.312988,33.140488,-3634.026855,-0.000581,0.046352,44.188114,1,-0.003780,4754.650391,31.222260,-3739.414062,-0.000556,0.047697,44.133717,-27.266150,19531.882812,-7010.688965,-984.688477,-51.148193,-12.503418,0.000000,0.000000,0.000000,0.000000,0.000000,0.000000,0.000000,0.000000,0.000000
201,3.350000,-0.005981,0.001116,-23.690918,0.003682,0.002891,-15.218987,-0.000158,0.002486,15.218987,5130.949,1,0.000000,4,3,45.455765,1,0,0,-0.005108,0.999987,-0.000005,0.999987,0.005108,0.000158,-0.015302,-0.000484,0.000000,0.000000,0.000000,1,0.003740,5059.783691,-48.300621,5461.416016,0.000665,-0.069661,45.294743,1,-0.004162,4803.559570,-44.963791,5045.765137,0.000622,-0.064359,45.617359,1,0.003728,4960.069824,29.156433,-2836.484375,-0.000503,0.036180,44.697201,1,-0.004174,4703.856934,27.237730,-2905.819336,-0.000479,0.037064,44.658199,-36.147446,19517.697266,-4649.074707,-983.357422,-91.864502,-11.307129,0.000000,0.000000,0.000000,0.000000,0.000000,0.000000,0.000000,0.000000,0.000000
202,3.366667,-0.005981,0.001148,-23.945801,0.003079,0.001946,-15.296472,-0.000140,0.001073,15.296470,5077.114,1,0.000000,4,3,45.510876,1,0,0,-0.005096,0.999987,-0.000453,0.999987,0.005097,0.000137,-0.026842,-0.000720,0.000000,0.000000,0.000000,1,0.004228,5112.247559,-50.756485,5254.834473,0.000658,-0.068683,45.342670,1,-0.003655,4857.530273,-47.419304,3040.456299,0.000616,-0.038781,45.679707,1,0.003069,4900.135254,31.129002,-2047.628052,-0.000464,0.026118,45.089790,1,-0.004815,4645.419922,29.210178,-2088.283447,-0.000439,0.026636,45.060917,-37.288635,19505.345703,-4042.393311,-709.639160,-1462.047852,-10.262939,0.000000,0.000000,0.000000,0.000000,0.000000,0.000000,0.000000,0.000000,0.000000
203,3.383333,-0.005981,0.001161,-24.201904,0.002458,0.000776,-15.363845,-0.000497,-0.021420,15.363834,5083.271,1,0.000000,4,3,45.638481,1,0,0,-0.005081,0.999987,-0.001041,0.999987,0.005081,0.000491,-0.035177,-0.000938,0.000000,0.000000,0.000000,1,0.004898,5161.638184,-122.530716,4991.344727,0.000994,-0.066820,45.432499,1,-0.002962,4908.544922,-119.195847,1027.874023,0.000952,-0.013111,45.845398,1,0.002234,4846.300293,158.873322,-1880.067993,-0.001044,0.023980,45.367149,1,-0.005625,4593.198242,156.952499,-1455.545410,-0.001019,0.018566,45.344215,75.399139,19500.468750,-2565.544434,-594.931641,-1931.153564,6.769531,0.000000,0.000000,0.000000,0.000000,0.000000,0.000000,0.000000,0.000000,0.000000
204,3.400000,-0.005981,0.001153,-24.458618,0.003714,-0.000483,-15.406604,-0.001349,-0.051130,15.406572,5097.522,1,0.000000,4,3,45.840302,1,0,0,-0.005066,0.999986,-0.001748,0.999986,0.005068,0.001340,-0.042169,-0.000805,0.000000,0.000000,0.000000,1,0.005728,5213.188965,-231.068451,4777.716797,0.001719,-0.064638,45.566536,1,-0.002111,4960.108398,-227.731842,1494.797607,0.001677,-0.015321,46.115711,1,0.001262,4793.575684,390.417908,-1573.400146,-0.002505,0.020069,45.620033,1,-0.006578,4540.495605,388.498840,-838.460632,-0.002480,0.010695,45.535091,325.260925,19499.384766,-3741.540039,-141.730469,-196.583008,38.155762,0.000000,0.000000,0.000000,0.000000,0.000000,0.000000,0.000000,0.000000,0.000000
205,3.416667,-0.005859,0.001123,-24.716431,0.009135,-0.001844,-15.468963,-0.002251,-0.054154,15.468901,5120.065,1,0.000000,4,3,46.032707,1,0,0,-0.005064,0.999984,-0.002483,0.999985,0.005070,0.002239,-0.043850,0.000006,0.000000,0.000000,0.000000,1,0.006625,5252.598633,-270.704285,4540.559082,0.002363,-0.062142,45.702412,1,-0.001217,4996.106934,-267.376556,1753.123047,0.002320,-0.017934,46.365387,1,0.000284,4760.841309,549.445251,-1482.680664,-0.004176,0.018912,45.828121,1,-0.007558,4504.350098,547.540588,-1149.386108,-0.004152,0.012167,45.635826,567.030823,19508.494141,-3540.710938,22.249512,410.138245,63.447998,0.000000,0.000000,0.000000,0.000000,0.000000,0.000000,0.000000,0.000000,0.000000
206,3.433333,-0.005493,0.001071,-24.975220,0.018586,-0.003109,-15.527974,-0.003049,-0.047843,15.527889,5141.555,1,0.000000,4,3,46.223373,1,0,0,-0.005085,0.999982,-0.003214,0.999982,0.005094,0.003033,-0.043608,0.001360,0.000000,0.000000,0.000000,1,0.007556,5288.090820,-284.893097,4322.080078,0.002834,-0.059539,45.844692,1,-0.000324,5024.907715,-281.568756,2016.095459,0.002792,-0.020823,46.605183,1,-0.000650,4737.018555,659.776855,-1321.179810,-0.005750,0.016852,46.022961,1,-0.008529,4473.835449,657.874817,-1317.430664,-0.005726,0.013888,45.781979,762.261292,19521.181641,-3576.711426,174.516602,857.083923,77.014893,0.000000,0.000000,0.000000,0.000000,0.000000,0.000000,0.000000,0.000000,0.000000
207,3.450000,-0.005005,0.001000,-25.234985,0.031290,-0.004228,-15.587586,-0.003627,-0.034655,15.587496,5162.852,1,0.000000,4,3,46.411530,1,0,0,-0.005133,0.999979,-0.003910,0.999980,0.005147,0.003607,-0.041581,0.003010,0.000000,0.000000,0.000000,1,0.008486,5318.412109,-210.028976,4116.771484,0.002679,-0.056930,45.992413,1,0.000525,5046.023438,-199.992401,2265.991943,0.002551,-0.023822,46.834465,1,-0.001497,4722.462402,705.663574,-1212.227295,-0.006957,0.015462,46.194206,1,-0.009458,4450.084473,703.758545,-1498.207397,-0.006932,0.015826,45.952679,1012.395020,19537.121094,-3547.214355,273.154785,906.063538,92.397217,0.000000,0.000000,0.000000,0.000000,0.000000,0.000000,0.000000,0.000000,0.000000
208,3.466667,-0.004150,0.000915,-25.495850,0.048164,-0.005145,-15.646707,-0.003972,-0.020712,15.646638,5183.867,1,0.000000,4,3,46.597179,1,0,0,-0.005214,0.999976,-0.004552,0.999979,0.005232,0.003948,-0.038395,0.004986,0.000000,0.000000,0.000000,1,0.009393,5344.551758,-147.579895,3920.081787,0.001882,-0.054358,46.145168,1,0.001300,5060.096191,-139.981339,2511.600586,0.001785,-0.026871,47.053616,1,-0.002231,4715.776367,572.030579,-1165.574097,-0.007296,0.014867,46.349541,1,-0.010324,4431.312012,538.614319,-1665.760010,-0.006870,0.017838,46.149784,836.916443,19554.476562,-3474.661377,328.168945,498.486572,49.090576,0.000000,0.000000,0.000000,0.000000,0.000000,0.000000,0.000000,0.000000,0.000000
209,3.483333,-0.003052,0.000817,-25.757568,0.062112,-0.005836,-15.704618,-0.004190,-0.013041,15.704565,5204.603,1,0.000000,4,3,46.780186,1,0,0,-0.005314,0.999973,-0.005129,0.999977,0.005335,0.004163,-0.034560,0.006034,0.000000,0.000000,0.000000,1,0.010249,5364.749512,-193.225357,3719.231445,0.002099,-0.051790,46.302647,1,0.001996,5071.002930,-156.724472,2200.085205,0.001999,-0.028062,47.262650,1,-0.002851,4712.653320,282.228729,-1197.916382,-0.003600,0.015280,46.498058,1,-0.011103,4418.917969,264.981323,-1401.529175,-0.003380,0.017877,46.371365,210.590729,19572.351562,-3195.704102,332.350098,-84.712524,-46.218018,0.000000,0.000000,0.000000,0.000000,0.000000,0.000000,0.000000,0.000000,0.000000
210,3.500000,-0.001953,0.000713,-26.020264,0.065622,-0.006287,-15.757879,-0.004430,-0.014347,15.757802,5225.044,1,0.000000,4,3,46.979023,1,0,0,-0.005397,0.999969,-0.005641,0.999976,0.005421,0.004399,-0.030669,0.005045,0.000000,0.000000,0.000000,1,0.011023,5377.624512,-177.865967,3527.565918,0.002269,-0.049268,46.473827,1,0.002637,5083.438965,-168.345413,2460.744385,0.002147,-0.031387,47.489708,1,-0.003387,4707.975098,362.705078,-1235.841919,-0.003981,0.015763,46.651302,1,-0.011773,4413.758301,294.153320,-1288.196655,-0.003752,0.016431,46.554348,325.366913,19589.685547,-3338.716797,370.388672,534.638184,-29.571289,0.000000,0.000000,0.000000,0.000000,0.000000,0.000000,0.000000,0.000000,0.000000
211,3.516667,-0.000732,0.000604,-26.283813,0.071045,-0.006505,-15.813524,-0.004532,-0.006123,15.813434,5247.252,1,0.000000,4,3,47.174461,1,0,0,-0.005470,0.999967,-0.006081,0.999975,0.005497,0.004499,-0.026329,0.004432,0.000000,0.000000,0.000000,1,0.011707,5386.354980,-98.589073,3361.059570,0.001258,-0.046893,46.649170,1,0.003204,5090.780762,-93.234787,2563.182617,0.001189,-0.032694,47.705669,1,-0.003828,4708.103027,109.357864,-1188.540039,-0.001395,0.015160,46.810085,1,-0.012331,4412.524902,102.563263,-1366.447144,-0.001308,0.017429,46.720779,34.692978,19606.093750,-3244.097900,354.995605,-164.925781,-69.202881,0.000000,0.000000,0.000000,0.000000,0.000000,0.000000,0.000000,0.000000,0.000000
212,3.533333,0.000366,0.000496,-26.548218,0.071623,-0.006496,-15.867593,-0.004677,-0.008664,15.867470,5269.082,1,0.000000,4,3,47.370888,1,0,0,-0.005518,0.999964,-0.006451,0.999974,0.005548,0.004641,-0.022165,0.002949,0.000000,0.000000,0.000000,1,0.012291,5390.052734,-109.598213,3189.737793,0.001398,-0.044589,46.829948,1,0.003709,5097.771973,-103.740265,2764.201172,0.001323,-0.035258,47.918076,1,-0.004191,4707.857422,157.242325,-1256.281982,-0.001622,0.016024,46.961956,1,-0.012773,4415.595215,150.452148,-1275.624756,-0.001535,0.016271,46.898640,109.668976,19620.535156,-3295.668945,349.266602,406.897827,-49.312744,0.000000,0.000000,0.000000,0.000000,0.000000,0.000000,0.000000,0.000000,0.000000
213,3.550000,0.001587,0.000391,-26.813721,0.073451,-0.006285,-15.922521,-0.004717,-0.002406,15.922372,5291.021,1,0.000000,4,3,47.565201,1,0,0,-0.005550,0.999962,-0.006752,0.999973,0.005581,0.004680,-0.018066,0.001914,0.000000,0.000000,0.000000,1,0.012777,5391.171875,-25.922848,3049.137207,0.000331,-0.042474,47.014866,1,0.004144,5101.324219,-24.532461,2843.870850,0.000313,-0.036274,48.121979,1,-0.004477,4710.324707,56.333725,-1206.083374,-0.000719,0.015384,47.123722,1,-0.013111,4420.477539,52.882278,-1334.753662,-0.000675,0.017025,47.063232,73.862106,19633.052734,-3225.097412,308.892090,20.298462,-47.669922,0.000000,0.000000,0.000000,0.000000,0.000000,0.000000,0.000000,0.000000,0.000000
214,3.566667,0.002808,0.000293,-27.079956,0.074682,-0.005893,-15.976273,-0.004752,-0.002097,15.976099,5312.725,1,0.000000,4,3,47.760387,1,0,0,-0.005564,0.999960,-0.006993,0.999973,0.005597,0.004713,-0.014438,0.000895,0.000000,0.000000,0.000000,1,0.013172,5390.258789,-25.114382,2917.379150,0.000320,-0.040521,47.204330,1,0.004514,5103.653809,-23.782961,2976.902832,0.000303,-0.037971,48.322994,1,-0.004699,4712.770508,46.149616,-1230.117676,-0.000589,0.015690,47.278156,1,-0.013357,4426.165527,43.352798,-1286.721680,-0.000553,0.016412,47.236462,55.926594,19642.572266,-3249.595215,281.573730,251.889282,-44.016602,0.000000,0.000000,0.000000,0.000000,0.000000,0.000000,0.000000,0.000000,0.000000
215,3.583333,0.004028,0.000203,-27.347168,0.075614,-0.005363,-16.030432,-0.004723,0.001776,16.030235,5334.526,1,0.000000,4,3,47.954380,1,0,0,-0.005564,0.999959,-0.007178,0.999973,0.005598,0.004682,-0.011128,-0.000035,0.000000,0.000000,0.000000,1,0.013481,5387.285156,-19.660376,2810.282471,0.000295,-0.038785,47.397068,1,0.004822,5104.376953,-18.328693,3052.145996,0.000278,-0.038930,48.518246,1,-0.004866,4715.731445,35.564339,-1208.912354,-0.000539,0.015420,47.436104,1,-0.013525,4432.822754,32.767784,-1306.213867,-0.000503,0.016661,47.402676,45.410580,19649.527344,-3218.638184,245.270020,318.300110,-37.820312,0.000000,0.000000,0.000000,0.000000,0.000000,0.000000,0.000000,0.000000,0.000000
216,3.600000,0.005249,0.000125,-27.615234,0.076371,-0.004730,-16.084076,-0.004611,0.006671,16.083864,5356.193,1,0.000000,4,3,48.148270,1,0,0,-0.005551,0.999958,-0.007315,0.999974,0.005585,0.004571,-0.008243,-0.000828,0.000000,0.000000,0.000000,1,0.013712,5383.094727,-5.002277,2728.513428,0.000209,-0.037307,47.592781,1,0.005074,5103.999512,-3.673854,3111.746094,0.000192,-0.039691,48.710239,1,-0.004987,4718.697266,0.067764,-1184.005615,-0.000339,0.015102,47.590954,1,-0.013625,4439.590820,-2.732052,-1316.942261,-0.000303,0.016798,47.571735,3.308186,19653.962891,-3209.981445,211.255859,264.520264,-36.462158,0.000000,0.000000,0.000000,0.000000,0.000000,0.000000,0.000000,0.000000,0.000000
217,3.616667,0.006470,0.000058,-27.884155,0.076426,-0.004028,-16.137575,-0.004432,0.010738,16.137344,5377.851,1,0.000000,4,3,48.341728,1,0,0,-0.005526,0.999957,-0.007410,0.999975,0.005558,0.004391,-0.005755,-0.001594,0.000000,0.000000,0.000000,1,0.013873,5377.650391,9.468670,2667.748535,0.000087,-0.036090,47.790470,1,0.005276,5102.924805,10.797386,3169.301514,0.000070,-0.040425,48.899342,1,-0.005072,4721.349609,-44.551441,-1180.419678,-0.000002,0.015056,47.742165,1,-0.013670,4446.632812,-47.350990,-1311.119141,0.000033,0.016723,47.742363,-57.561897,19656.181641,-3215.584717,178.351074,195.171143,-37.438965,0.000000,0.000000,0.000000,0.000000,0.000000,0.000000,0.000000,0.000000,0.000000
218,3.633333,0.007812,0.000003,-28.154053,0.075467,-0.003289,-16.191168,-0.004203,0.013739,16.190916,5399.458,1,0.000000,4,3,48.534122,1,0,0,-0.005488,0.999957,-0.007470,0.999976,0.005519,0.004162,-0.003653,-0.002383,0.000000,0.000000,0.000000,1,0.013971,5371.145508,23.055000,2625.641846,-0.000055,-0.035125,47.989132,1,0.005434,5101.555664,24.377268,3223.628906,-0.000072,-0.041118,49.085304,1,-0.005132,4723.368652,-94.053329,-1189.689087,0.000444,0.015175,47.892853,1,-0.013669,4453.756836,-96.859344,-1299.055298,0.000480,0.016570,47.912140,-130.104340,19656.324219,-3230.019043,149.401855,112.567505,-39.869385,0.000000,0.000000,0.000000,0.000000,0.000000,0.000000,0.000000,0.000000,0.000000
219,3.650000,0.009033,-0.000040,-28.424805,0.073298,-0.002543,-16.245001,-0.003945,0.015468,16.244730,5420.947,1,0.000000,4,3,48.724941,1,0,0,-0.005436,0.999957,-0.007500,0.999977,0.005465,0.003904,-0.001889,-0.003227,0.000000,0.000000,0.000000,1,0.014010,5363.667969,35.389221,2599.396973,-0.000202,-0.034394,48.187889,1,0.005556,5100.087402,36.712646,3274.568848,-0.000219,-0.041767,49.267979,1,-0.005174,4724.633301,-143.386719,-1207.627686,0.000958,0.015403,48.044891,1,-0.013627,4461.070801,-146.191528,-1284.489624,0.000994,0.016384,48.080154,-204.868011,19654.742188,-3250.723633,125.011719,28.622681,-39.407227,0.000000,0.000000,0.000000,0.000000,0.000000,0.000000,0.000000,0.000000,0.000000
220,3.666667,0.010132,-0.000070,-28.696411,0.069884,-0.001813,-16.299179,-0.003679,0.015906,16.298883,5442.260,1,0.000000,4,3,48.913773,1,0,0,-0.005370,0.999957,-0.007505,0.999979,0.005398,0.003639,-0.000412,-0.004065,0.000000,0.000000,0.000000,1,0.013998,5355.380859,46.683830,2586.243408,-0.000348,-0.033872,48.386024,1,0.005649,5098.564453,48.003395,3320.745361,-0.000365,-0.042356,49.447277,1,-0.005204,4725.342773,-187.894150,-1230.288940,0.001492,0.015692,48.199551,1,-0.013553,4468.537598,-190.702881,-1270.023193,0.001528,0.016199,48.246044,-272.081726,19651.880859,-3274.858154,98.481445,-45.968262,-33.710938,0.000000,0.000000,0.000000,0.000000,0.000000,0.000000,0.000000,0.000000,0.000000
221,3.683333,0.011230,-0.000089,-28.968994,0.065349,-0.001118,-16.353760,-0.003425,0.015197,16.353439,5463.352,1,0.000000,4,3,49.100346,1,0,0,-0.005292,0.999958,-0.007491,0.999980,0.005318,0.003385,0.000753,-0.004787,0.000000,0.000000,0.000000,1,0.013942,5346.926758,57.587883,2583.771973,-0.000491,-0.033532,48.582970,1,0.005716,5096.965820,58.904049,3360.721191,-0.000508,-0.042866,49.623230,1,-0.005229,4725.452637,-223.900208,-1253.948120,0.001998,0.015994,48.357521,1,-0.013454,4475.494141,-226.712326,-1257.333252,0.002034,0.016037,48.409821,-323.030090,19647.644531,-3300.603027,74.738281,-109.101562,-30.246826,0.000000,0.000000,0.000000,0.000000,0.000000,0.000000,0.000000,0.000000,0.000000
222,3.700000,0.012207,-0.000096,-29.242432,0.059965,-0.000476,-16.408770,-0.003199,0.013516,16.408424,5484.191,1,0.000000,4,3,49.284519,1,0,0,-0.005203,0.999959,-0.007463,0.999981,0.005227,0.003160,0.001639,-0.005437,0.000000,0.000000,0.000000,1,0.013849,5338.399414,68.730606,2589.709229,-0.000634,-0.033346,48.778305,1,0.005764,5095.583496,70.045746,3393.343750,-0.000651,-0.043282,49.795986,1,-0.005252,4724.956543,-248.520950,-1276.694580,0.002433,0.016284,48.518948,1,-0.013337,4482.142090,-251.334106,-1247.626587,0.002469,0.015914,48.571743,-350.638184,19642.720703,-3325.233887,53.193848,-154.017090,-21.560303,0.000000,0.000000,0.000000,0.000000,0.000000,0.000000,0.000000,0.000000,0.000000
223,3.716667,0.013062,-0.000095,-29.516846,0.054121,0.000102,-16.464190,-0.003013,0.011146,16.463825,5504.762,1,0.000000,4,3,49.466263,1,0,0,-0.005106,0.999959,-0.007424,0.999982,0.005129,0.002975,0.002272,-0.005906,0.000000,0.000000,0.000000,1,0.013729,5330.182129,80.711426,2602.323242,-0.000781,-0.033289,48.971729,1,0.005796,5094.203613,82.028580,3417.339111,-0.000798,-0.043589,49.965790,1,-0.005276,4723.998047,-260.435883,-1296.317139,0.002763,0.016535,48.683697,1,-0.013209,4487.999023,-263.251770,-1241.429077,0.002799,0.015835,48.732246,-351.033752,19636.896484,-3347.443359,36.228027,-182.715820,-11.383789,0.000000,0.000000,0.000000,0.000000,0.000000,0.000000,0.000000,0.000000,0.000000
224,3.733333,0.013916,-0.000085,-29.792236,0.048271,0.000605,-16.519979,-0.002873,0.008334,16.519596,5525.061,1,0.000000,4,3,49.645645,1,0,0,-0.005005,0.999960,-0.007378,0.999983,0.005026,0.002836,0.002704,-0.006161,0.000000,0.000000,0.000000,1,0.013589,5322.572754,93.726509,451.668488,-0.000935,-0.005761,49.163059,1,0.005815,5092.774902,95.044365,3432.136475,-0.000952,-0.043777,50.132969,1,-0.005301,4722.936523,-159.905014,-1312.171631,0.002040,0.016737,48.851311,1,-0.013075,4493.125977,-152.006836,-1238.663086,0.001939,0.015799,48.891846,-119.758789,19630.949219,-1196.862793,-255.925781,1729.740234,30.241699,0.000000,0.000000,0.000000,0.000000,0.000000,0.000000,0.000000,0.000000,0.000000
225,3.750000,0.014648,-0.000067,-30.067871,0.046275,0.001086,-16.539927,-0.002290,0.034948,16.539532,5545.097,1,0.000000,4,3,49.894165,1,0,0,-0.004919,0.999961,-0.007380,0.999985,0.004935,0.002254,-0.000290,-0.005416,0.000000,0.000000,0.000000,1,0.013508,5329.113281,189.603973,814.244202,-0.001486,-0.007478,49.459480,1,0.005874,5100.904297,190.915268,3696.941162,-0.001502,-0.047155,50.332672,1,-0.005395,4709.631348,-359.182343,-576.290771,0.002983,0.007351,49.021244,1,-0.013029,4481.451172,-351.290833,-1079.503296,0.002882,0.013769,49.051041,-323.900909,19618.890625,-2719.346191,3.237305,411.674561,4.604980,0.000000,0.000000,0.000000,0.000000,0.000000,0.000000,0.000000,0.000000,0.000000
226,3.766667,0.015381,-0.000044,-30.344238,0.040876,0.001347,-16.585249,-0.001601,0.041282,16.584833,5572.855,1,0.000000,4,3,50.120434,1,0,0,-0.004836,0.999961,-0.007381,0.999987,0.004847,0.001566,-0.000248,-0.005295,0.000000,0.000000,0.000000,1,0.013425,5325.803711,238.279724,1128.919434,-0.002062,-0.010047,49.732418,1,0.005927,5101.611816,239.610107,3784.445557,-0.002079,-0.048271,50.511475,1,-0.005490,4706.257812,-484.842438,-800.866211,0.004171,0.008414,49.083683,1,-0.012987,4482.057129,-476.949646,-1132.063965,0.004071,0.014440,49.186985,-479.574646,19612.957031,-2843.657471,19.148926,-100.467529,-9.274170,0.000000,0.000000,0.000000,0.000000,0.000000,0.000000,0.000000,0.000000,0.000000
227,3.783333,0.015869,-0.000019,-30.621460,0.032883,0.001522,-16.632643,-0.000938,0.039736,16.632202,5598.128,1,0.000000,4,3,50.331993,1,0,0,-0.004749,0.999962,-0.007378,0.999988,0.004756,0.000903,-0.000021,-0.005498,0.000000,0.000000,0.000000,1,0.013331,5321.216797,266.770111,1460.641846,-0.002560,-0.013233,49.987137,1,0.005975,5102.431152,268.098755,3876.610596,-0.002577,-0.049447,50.679226,1,-0.005585,4703.145508,-580.759094,-942.539429,0.005373,0.009753,49.178928,1,-0.012941,4484.370605,-572.856812,-1104.852783,0.005272,0.014093,49.330608,-616.048645,19608.068359,-3152.099121,54.912109,-479.327637,-19.196777,0.000000,0.000000,0.000000,0.000000,0.000000,0.000000,0.000000,0.000000,0.000000
228,3.800000,0.016235,0.000008,-30.899536,0.022616,0.001621,-16.685177,-0.000398,0.032360,16.684719,5621.758,1,0.000000,4,3,50.528210,1,0,0,-0.004654,0.999962,-0.007365,0.999989,0.004657,0.000364,0.000624,-0.005933,0.000000,0.000000,0.000000,1,0.013217,5314.499512,279.897003,1784.339600,-0.002935,-0.016769,50.222752,1,0.006014,5102.442383,281.215454,3923.451904,-0.002952,-0.050044,50.835526,1,-0.005672,4701.482422,-634.216248,-1115.177490,0.006381,0.011413,49.294868,1,-0.012875,4489.416016,-626.324219,-1101.140991,0.006280,0.014045,49.470257,-698.345764,19604.701172,-3352.533691,65.587402,-720.026184,-15.975342,0.000000,0.000000,0.000000,0.000000,0.000000,0.000000,0.000000,0.000000,0.000000
229,3.816667,0.016357,0.000036,-31.178589,0.010977,0.001672,-16.741053,-0.000043,0.021281,16.740591,5643.674,1,0.000000,4,3,50.710930,1,0,0,-0.004551,0.999963,-0.007340,0.999990,0.004551,0.000009,0.001393,-0.006313,0.000000,0.000000,0.000000,1,0.013082,5306.904785,179.978973,2092.618652,-0.002296,-0.020452,50.440430,1,0.006042,5101.640137,172.652756,3935.570312,-0.002202,-0.050199,50.982880,1,-0.005747,4700.865723,-506.781311,-1304.735352,0.006464,0.013354,49.436024,1,-0.012787,4495.579102,-483.734680,-1104.864624,0.006170,0.014093,49.609364,-637.942017,19601.898438,-3478.467529,62.504395,-164.221069,1.487061,0.000000,0.000000,0.000000,0.000000,0.000000,0.000000,0.000000,0.000000,0.000000
230,3.833333,0.016357,0.000064,-31.458618,0.000345,0.001685,-16.799026,0.000271,0.018755,16.798563,5664.083,1,0.000000,4,3,50.881886,1,0,0,-0.004449,0.999963,-0.007303,0.999990,0.004447,-0.000303,0.002126,-0.006292,0.000000,0.000000,0.000000,1,0.012933,5299.865234,241.798981,2408.100098,-0.002588,-0.024262,50.641537,1,0.006055,5099.797363,234.465988,3834.899170,-0.002495,-0.048915,51.123375,1,-0.005805,4701.546387,-392.155975,-1468.325195,0.005002,0.015349,49.604870,1,-0.012683,4501.507812,-374.878906,-1210.726318,0.004782,0.015443,49.749012,-291.852631,19599.769531,-3422.759277,33.585449,-272.455322,53.332520,0.000000,0.000000,0.000000,0.000000,0.000000,0.000000,0.000000,0.000000,0.000000
231,3.850000,0.016235,0.000092,-31.739502,-0.004520,0.001679,-16.856073,0.000514,0.014566,16.855616,5683.177,1,0.000000,4,3,51.044621,1,0,0,-0.004364,0.999964,-0.007260,0.999990,0.004360,-0.000546,0.002520,-0.005181,0.000000,0.000000,0.000000,1,0.012791,5296.163086,155.483047,2714.663086,-0.001983,-0.028109,50.827549,1,0.006046,5096.112793,149.412399,3752.076904,-0.001906,-0.047858,51.262619,1,-0.005840,4703.925781,-309.462738,-1608.905029,0.003947,0.017269,49.797611,1,-0.012584,4503.877441,-295.928162,-1227.165649,0.003775,0.015653,49.904125,-302.438171,19597.183594,-3488.444824,25.245117,-41.601440,49.478271,0.000000,0.000000,0.000000,0.000000,0.000000,0.000000,0.000000,0.000000,0.000000
232,3.866667,0.016113,0.000120,-32.021362,-0.009560,0.001639,-16.914213,0.000747,0.013929,16.913763,5701.354,1,0.000000,4,3,51.198891,1,0,0,-0.004297,0.999965,-0.007212,0.999990,0.004291,-0.000778,0.002816,-0.004139,0.000000,0.000000,0.000000,1,0.012656,5292.942383,157.177841,3012.108887,-0.002005,-0.031936,50.998642,1,0.006018,5092.305176,151.011551,3623.907227,-0.001926,-0.046223,51.399925,1,-0.005854,4706.589355,-285.278381,-1282.924683,0.003639,0.016364,50.010887,1,-0.012492,4505.932129,-272.767029,-1279.318359,0.003479,0.016318,50.061642,-252.942535,19594.974609,-3930.536377,65.962402,-591.198242,54.551758,0.000000,0.000000,0.000000,0.000000,0.000000,0.000000,0.000000,0.000000,0.000000
233,3.883333,0.015991,0.000146,-32.304321,-0.013776,0.001560,-16.979723,0.000828,0.004837,16.979282,5718.585,1,0.000000,4,3,51.346535,1,0,0,-0.004247,0.999965,-0.007152,0.999991,0.004241,-0.000858,0.003589,-0.003020,0.000000,0.000000,0.000000,1,0.012521,5288.558105,62.072140,2358.923340,-0.000792,-0.030088,51.156017,1,0.005961,5086.095215,59.663780,3488.915771,-0.000761,-0.044501,51.537762,1,-0.005835,4712.225098,-90.668602,-1701.901123,0.001156,0.018347,50.176548,1,-0.012395,4509.760254,-86.733841,-1310.101196,0.001106,0.016710,50.226776,-57.982384,19594.136719,-2691.636719,-120.016113,842.423462,72.327148,0.000000,0.000000,0.000000,0.000000,0.000000,0.000000,0.000000,0.000000,0.000000
234,3.900000,0.015747,0.000171,-32.588013,-0.014742,0.001508,-17.024584,0.001124,0.017802,17.024145,5735.075,1,0.000000,4,3,51.519104,1,0,0,-0.004225,0.999966,-0.007115,0.999990,0.004217,-0.001154,0.002182,-0.001445,0.000000,0.000000,0.000000,1,0.012435,5293.095703,119.575546,2669.387207,-0.001064,-0.034048,51.346989,1,0.005912,5085.666992,117.162369,3446.447998,-0.001033,-0.043960,51.691795,1,-0.005828,4710.671875,-193.915680,-975.763428,0.001645,0.012446,50.403408,1,-0.012351,4503.241699,-189.993347,-1280.642090,0.001595,0.016335,50.396404,-151.500961,19589.914062,-3714.342773,30.333984,-389.738281,50.484863,0.000000,0.000000,0.000000,0.000000,0.000000,0.000000,0.000000,0.000000,0.000000
235,3.916667,0.015503,0.000193,-32.872803,-0.017267,0.001366,-17.086489,0.001321,0.011808,17.086058,5754.351,1,0.000000,4,3,51.681660,1,0,0,-0.004220,0.999966,-0.007071,0.999990,0.004210,-0.001351,0.002536,-0.000401,0.000000,0.000000,0.000000,1,0.012357,5291.859863,112.298744,2577.738281,-0.001201,-0.032879,51.522099,1,0.005844,5080.642578,91.294655,3365.161377,-0.001164,-0.042923,51.841717,1,-0.005798,4715.267578,-206.746048,-1340.467529,0.002013,0.014173,50.524200,1,-0.012310,4504.081543,-202.811432,-1295.850342,0.001963,0.016529,50.561729,-210.283768,19589.431641,-3160.330322,-55.696777,-107.069580,35.325195,0.000000,0.000000,0.000000,0.000000,0.000000,0.000000,0.000000,0.000000,0.000000
236,3.933333,0.015137,0.000214,-33.158447,-0.020772,0.001234,-17.139160,0.001491,0.010163,17.138737,5772.507,1,0.000000,4,3,51.848774,1,0,0,-0.004227,0.999966,-0.007039,0.999990,0.004216,-0.001520,0.001882,0.000339,0.000000,0.000000,0.000000,1,0.012303,5293.796387,77.497826,2640.853760,-0.000988,-0.033684,51.701965,1,0.005782,5079.466309,74.288414,3360.332764,-0.000948,-0.042861,51.995998,1,-0.005771,4715.599609,-226.059677,-1229.135864,0.002336,0.015678,50.698265,1,-0.012292,4501.229492,-222.124680,-1233.521484,0.002286,0.015734,50.729279,-301.599426,19587.787109,-3391.203125,-19.089844,-182.633667,18.091797,0.000000,0.000000,0.000000,0.000000,0.000000,0.000000,0.000000,0.000000,0.000000
237,3.950000,0.014648,0.000232,-33.445068,-0.025799,0.001070,-17.195681,0.001613,0.007354,17.195267,5791.172,1,0.000000,4,3,52.012802,1,0,0,-0.004239,0.999966,-0.007011,0.999990,0.004228,-0.001643,0.001656,0.000711,0.000000,0.000000,0.000000,1,0.012262,5294.270996,71.063774,2636.817871,-0.000906,-0.033633,51.877655,1,0.005722,5077.824219,68.105354,3318.944336,-0.000869,-0.042333,52.148300,1,-0.005741,4716.890137,-160.443268,-1293.065186,0.002046,0.016493,50.856068,1,-0.012281,4500.472656,-152.989761,-1241.458130,0.001951,0.015835,50.887722,-179.662155,19587.449219,-3273.105469,-35.986816,34.088257,29.806152,0.000000,0.000000,0.000000,0.000000,0.000000,0.000000,0.000000,0.000000,0.000000
238,3.966667,0.014160,0.000247,-33.732544,-0.028793,0.000906,-17.250233,0.001744,0.007880,17.249828,5809.493,1,0.000000,4,3,52.177166,1,0,0,-0.004263,0.999967,-0.006990,0.999989,0.004250,-0.001774,0.001233,0.001342,0.000000,0.000000,0.000000,1,0.012239,5296.381348,96.909798,2680.749268,-0.001029,-0.034193,52.053085,1,0.005665,5076.371582,93.949768,3274.530762,-0.000991,-0.041767,52.301540,1,-0.005711,4717.989258,-162.083115,-1264.755493,0.002067,0.016132,51.023209,1,-0.012286,4497.970215,-154.421173,-1251.823608,0.001970,0.015967,51.047325,-131.496506,19586.927734,-3289.690918,-29.456055,-129.679077,30.531982,0.000000,0.000000,0.000000,0.000000,0.000000,0.000000,0.000000,0.000000,0.000000
239,3.983333,0.013550,0.000259,-34.020996,-0.030985,0.000733,-17.305061,0.001842,0.005887,17.304661,5827.852,1,0.000000,4,3,52.340343,1,0,0,-0.004296,0.999966,-0.006975,0.999989,0.004283,-0.001872,0.000886,0.001980,0.000000,0.000000,0.000000,1,0.012235,5298.962402,60.815548,2692.206543,-0.000776,-0.034339,52.225880,1,0.005609,5074.766113,58.206181,3248.143799,-0.000742,-0.041430,52.455059,1,-0.005678,4719.520508,-123.144623,-1279.475098,0.001571,0.016320,51.186214,1,-0.012304,4495.323730,-117.230736,-1236.791870,0.001495,0.015775,51.208443,-127.495453,19587.080078,-3274.121094,-26.745117,56.020508,26.433838,0.000000,0.000000,0.000000,0.000000,0.000000,0.000000,0.000000,0.000000,0.000000
240,4.000000,0.013062,0.000268,-34.310303,-0.033110,0.000561,-17.359631,0.001954,0.006750,17.359234,5846.077,1,0.000000,4,3,52.502781,1,0,0,-0.004339,0.999966,-0.006965,0.999989,0.004326,-0.001985,0.000570,0.002541,0.000000,0.000000,0.000000,1,0.012246,5301.779785,83.062538,2724.457764,-0.000881,-0.034751,52.397331,1,0.005555,5073.262695,80.452744,3201.586426,-0.000848,-0.040837,52.608440,1,-0.005643,4721.071777,-161.855011,-1256.819946,0.001754,0.016031,51.351372,1,-0.012334,4492.554688,-130.995117,-1252.981934,0.001671,0.015982,51.367363,-135.826889,19587.457031,-3265.304443,-23.387695,-161.007751,18.288818,0.000000,0.000000,0.000000,0.000000,0.000000,0.000000,0.000000,0.000000,0.000000
241,4.016667,0.012451,0.000275,-34.600586,-0.035374,0.000394,-17.414053,0.002025,0.004274,17.413662,5864.221,1,0.000000,4,3,52.664425,1,0,0,-0.004389,0.999966,-0.006960,0.999988,0.004374,-0.002056,0.000294,0.002919,0.000000,0.000000,0.000000,1,0.012271,5304.528809,48.606434,2724.141602,-0.000620,-0.034747,52.566692,1,0.005504,5072.079590,46.452866,3184.772461,-0.000593,-0.040622,52.762341,1,-0.005606,4722.454102,-83.836388,-1275.710571,0.001069,0.016272,51.513218,1,-0.012372,4489.982910,-79.685661,-1228.627441,0.001016,0.015671,51.528648,-75.153595,19588.115234,-3252.807373,-19.847656,120.415161,16.298828,0.000000,0.000000,0.000000,0.000000,0.000000,0.000000,0.000000,0.000000,0.000000
242,4.033333,0.011841,0.000279,-34.891724,-0.036626,0.000235,-17.468266,0.002127,0.006128,17.467878,5882.275,1,0.000000,4,3,52.825336,1,0,0,-0.004444,0.999966,-0.006958,0.999988,0.004429,-0.002158,0.000059,0.003270,0.000000,0.000000,0.000000,1,0.012307,5307.511230,68.892197,2757.045898,-0.000716,-0.035166,52.735065,1,0.005456,5070.922363,66.737709,3134.652100,-0.000689,-0.039983,52.915764,1,-0.005568,4723.941406,-118.886215,-1242.362549,0.001235,0.015846,51.677822,1,-0.012418,4487.370605,-114.736389,-1254.167725,0.001182,0.015997,51.686378,-104.998962,19589.105469,-3242.381836,-16.571289,-134.895081,6.699463,0.000000,0.000000,0.000000,0.000000,0.000000,0.000000,0.000000,0.000000,0.000000
243,4.050000,0.011230,0.000280,-35.183716,-0.038376,0.000088,-17.522305,0.002194,0.004053,17.521919,5900.248,1,0.000000,4,3,52.985481,1,0,0,-0.004501,0.999966,-0.006960,0.999987,0.004486,-0.002225,-0.000137,0.003404,0.000000,0.000000,0.000000,1,0.012351,5310.177734,42.484264,2752.834717,-0.000542,-0.035113,52.901299,1,0.005413,5070.195801,40.543365,3119.362305,-0.000517,-0.039788,53.069798,1,-0.005530,4725.138672,-82.737091,-1261.632812,0.001055,0.016092,51.837555,1,-0.012468,4485.156738,-78.513939,-1228.856812,0.001001,0.015674,51.847836,-85.412788,19590.306641,-3228.012939,-13.926270,54.055786,3.566162,0.000000,0.000000,0.000000,0.000000,0.000000,0.000000,0.000000,0.000000,0.000000
244,4.066667,0.010620,0.000280,-35.476685,-0.039800,-0.000043,-17.576105,0.002275,0.004885,17.575722,5918.135,1,0.000000,4,3,53.144909,1,0,0,-0.004560,0.999965,-0.006965,0.999987,0.004544,-0.002307,-0.000302,0.003483,0.000000,0.000000,0.000000,1,0.012401,5312.788086,58.630253,2770.949219,-0.000618,-0.035344,53.066647,1,0.005373,5069.575195,56.688885,3082.133545,-0.000594,-0.039313,53.223286,1,-0.005492,4726.248535,-110.701004,-1240.927246,0.001188,0.015828,52.000103,1,-0.012520,4483.036133,-106.478333,-1240.694824,0.001134,0.015825,52.005596,-109.287727,19591.523438,-3216.760986,-10.997559,-130.430176,-4.163086,0.000000,0.000000,0.000000,0.000000,0.000000,0.000000,0.000000,0.000000,0.000000
245,4.083333,0.009888,0.000277,-35.770508,-0.041621,-0.000159,-17.629717,0.002323,0.002878,17.629335,5935.942,1,0.000000,4,3,53.303574,1,0,0,-0.004616,0.999965,-0.006972,0.999987,0.004600,-0.002355,-0.000432,0.003388,0.000000,0.000000,0.000000,1,0.012455,5315.043945,34.761982,2762.616455,-0.000443,-0.035237,53.230320,1,0.005340,5069.349609,33.143494,3069.652344,-0.000423,-0.039154,53.376926,1,-0.005457,4727.049805,-53.245636,-1255.291992,0.000679,0.016011,52.159626,1,-0.012573,4481.344238,-50.468727,-1219.039917,0.000644,0.015549,52.165089,-43.349430,19592.888672,-3202.443115,-8.649902,108.214111,1.176758,0.000000,0.000000,0.000000,0.000000,0.000000,0.000000,0.000000,0.000000,0.000000
246,4.100000,0.009155,0.000273,-36.065186,-0.042344,-0.000255,-17.683090,0.002398,0.004543,17.682709,5953.664,1,0.000000,4,3,53.461502,1,0,0,-0.004674,0.999965,-0.006981,0.999986,0.004657,-0.002431,-0.000535,0.003419,0.000000,0.000000,0.000000,1,0.012513,5317.539062,49.895451,2782.984619,-0.000515,-0.035497,53.393204,1,0.005310,5068.860352,48.277344,3028.757812,-0.000494,-0.038632,53.529888,1,-0.005423,4728.117676,-79.134079,-1226.073608,0.000802,0.015639,52.321251,1,-0.012626,4479.425781,-76.358757,-1238.941162,0.000766,0.015803,52.321415,-65.080154,19594.230469,-3190.236328,-6.816406,-85.448242,-5.774902,0.000000,0.000000,0.000000,0.000000,0.000000,0.000000,0.000000,0.000000,0.000000
247,4.116667,0.008423,0.000267,-36.360840,-0.043428,-0.000334,-17.736261,0.002451,0.003228,17.735880,5971.304,1,0.000000,4,3,53.618656,1,0,0,-0.004729,0.999964,-0.006991,0.999986,0.004712,-0.002484,-0.000616,0.003293,0.000000,0.000000,0.000000,1,0.012572,5319.702637,31.028200,2775.689209,-0.000396,-0.035404,53.554298,1,0.005284,5068.730957,29.558239,3014.052734,-0.000377,-0.038445,53.683090,1,-0.005390,4728.864258,-67.859291,-1237.772095,0.000866,0.015788,52.478607,1,-0.012679,4477.899414,-64.237488,-1219.673950,0.000819,0.015557,52.480648,-79.404007,19595.658203,-3174.823975,-5.613770,9.457764,-12.816895,0.000000,0.000000,0.000000,0.000000,0.000000,0.000000,0.000000,0.000000,0.000000
248,4.133333,0.007690,0.000261,-36.657349,-0.044752,-0.000394,-17.789175,0.002507,0.003373,17.788794,5988.857,1,0.000000,4,3,53.775055,1,0,0,-0.004780,0.999964,-0.007002,0.999985,0.004762,-0.002541,-0.000683,0.003023,0.000000,0.000000,0.000000,1,0.012631,5321.441895,42.140709,2779.290283,-0.000448,-0.035450,53.714527,1,0.005264,5068.973145,40.670464,2988.799316,-0.000430,-0.038122,53.835651,1,-0.005361,4729.212402,-67.348343,-1226.756226,0.000859,0.015647,52.637672,1,-0.012728,4476.741699,-63.735168,-1221.006592,0.000813,0.015574,52.637070,-56.310226,19596.955078,-3161.969727,-3.471680,-47.173462,-11.201660,0.000000,0.000000,0.000000,0.000000,0.000000,0.000000,0.000000,0.000000,0.000000
249,4.150000,0.006958,0.000253,-36.954712,-0.045690,-0.000436,-17.841875,0.002551,0.002646,17.841497,6006.326,1,0.000000,4,3,53.930664,1,0,0,-0.004827,0.999964,-0.007014,0.999985,0.004809,-0.002585,-0.000725,0.002784,0.000000,0.000000,0.000000,1,0.012687,5323.025391,26.225285,2773.824219,-0.000335,-0.035380,53.873489,1,0.005249,5069.164551,24.969717,2971.345459,-0.000318,-0.037900,53.987900,1,-0.005336,4729.511230,-54.314507,-1227.292603,0.000693,0.015654,52.795128,1,-0.012774,4475.659180,-51.390244,-1211.755493,0.000655,0.015456,52.793686,-62.647968,19598.019531,-3146.807129,-1.385254,23.754639,-12.651367,0.000000,0.000000,0.000000,0.000000,0.000000,0.000000,0.000000,0.000000,0.000000
250,4.166667,0.006226,0.000246,-37.252930,-0.046734,-0.000464,-17.894321,0.002601,0.003011,17.893940,6023.706,1,0.000000,4,3,54.085495,1,0,0,-0.004869,0.999963,-0.007026,0.999985,0.004851,-0.002635,-0.000742,0.002518,0.000000,0.000000,0.000000,1,0.012741,5324.431641,36.152409,2776.062256,-0.000382,-0.035409,54.031483,1,0.005238,5069.492676,34.896332,2946.251465,-0.000365,-0.037580,54.139561,1,-0.005314,4729.763184,-59.769844,-1215.093384,0.000762,0.015499,52.952660,1,-0.012817,4474.834961,-56.530975,-1214.365967,0.000721,0.015489,52.948948,-53.510933,19599.271484,-3132.624023,-0.245117,-47.856506,-12.871582,0.000000,0.000000,0.000000,0.000000,0.000000,0.000000,0.000000,0.000000,0.000000
251,4.183333,0.005493,0.000238,-37.552002,-0.047626,-0.000475,-17.946531,0.002639,0.002274,17.946154,6040.999,1,0.000000,4,3,54.239521,1,0,0,-0.004907,0.999963,-0.007038,0.999985,0.004888,-0.002673,-0.000745,0.002244,0.000000,0.000000,0.000000,1,0.012792,5325.594727,22.873323,2767.830811,-0.000292,-0.035304,54.188225,1,0.005231,5069.845703,21.771015,2930.921875,-0.000278,-0.037384,54.290867,1,-0.005295,4729.858398,-45.911385,-1216.727905,0.000586,0.015519,53.108410,1,-0.012856,4474.100586,-43.419888,-1203.450684,0.000554,0.015350,53.104591,-53.023376,19600.171875,-3117.406738,-0.065430,25.228516,-13.660889,0.000000,0.000000,0.000000,0.000000,0.000000,0.000000,0.000000,0.000000,0.000000
252,4.200000,0.004639,0.000230,-37.851929,-0.048510,-0.000474,-17.998487,0.002683,0.002661,17.998108,6058.203,1,0.000000,4,3,54.392742,1,0,0,-0.004940,0.999963,-0.007050,0.999984,0.004921,-0.002717,-0.000747,0.001957,0.000000,0.000000,0.000000,1,0.012839,5326.606445,31.661877,2767.677734,-0.000333,-0.035302,54.344048,1,0.005228,5070.312988,30.560225,2907.303467,-0.000319,-0.037083,54.441483,1,-0.005280,4729.821289,-61.154697,-1204.739502,0.000658,0.015367,53.264400,1,-0.012891,4473.527344,-58.663689,-1205.520386,0.000626,0.015377,53.258640,-66.031471,19601.060547,-3102.583496,1.337891,-67.166443,-15.807617,0.000000,0.000000,0.000000,0.000000,0.000000,0.000000,0.000000,0.000000,0.000000
253,4.216667,0.003784,0.000222,-38.152710,-0.049610,-0.000460,-18.050198,0.002710,0.001627,18.049816,6075.317,1,0.000000,4,3,54.545143,1,0,0,-0.004967,0.999963,-0.007062,0.999984,0.004947,-0.002745,-0.000731,0.001619,0.000000,0.000000,0.000000,1,0.012882,5327.250977,19.758415,2754.832275,-0.000252,-0.035138,54.498661,1,0.005229,5070.957520,18.805653,2895.768555,-0.000240,-0.036936,54.591663,1,-0.005269,4729.547852,-28.865578,-1209.011230,0.000368,0.015421,53.418640,1,-0.012922,4473.243164,-27.297012,-1191.590454,0.000348,0.015199,53.412994,-26.070980,19601.781250,-3087.037354,2.223145,64.017151,-9.646484,0.000000,0.000000,0.000000,0.000000,0.000000,0.000000,0.000000,0.000000,0.000000
254,4.233333,0.002930,0.000215,-38.454346,-0.050045,-0.000437,-18.101648,0.002753,0.002611,18.101267,6092.339,1,0.000000,4,3,54.696720,1,0,0,-0.004991,0.999963,-0.007074,0.999984,0.004971,-0.002788,-0.000705,0.001419,0.000000,0.000000,0.000000,1,0.012921,5328.010742,28.490055,2757.523438,-0.000293,-0.035172,54.652481,1,0.005232,5071.272461,27.536938,2868.475098,-0.000281,-0.036588,54.740993,1,-0.005260,4729.479492,-43.715065,-1190.538208,0.000438,0.015185,53.573502,1,-0.012950,4472.750488,-42.148006,-1199.684570,0.000418,0.015302,53.565311,-38.405262,19602.248047,-3071.848389,1.780762,-41.715088,-11.038574,0.000000,0.000000,0.000000,0.000000,0.000000,0.000000,0.000000,0.000000,0.000000
255,4.250000,0.002075,0.000208,-38.756836,-0.050685,-0.000407,-18.152845,0.002786,0.001969,18.152464,6109.269,1,0.000000,4,3,54.847458,1,0,0,-0.005011,0.999962,-0.007085,0.999984,0.004991,-0.002821,-0.000684,0.001183,0.000000,0.000000,0.000000,1,0.012956,5328.571289,18.171642,2745.802734,-0.000232,-0.035023,54.804970,1,0.005236,5071.770020,17.288544,2855.147949,-0.000221,-0.036418,54.889980,1,-0.005255,4729.224609,-46.345795,-1193.634399,0.000495,0.015225,53.725666,1,-0.012974,4472.423828,-44.778435,-1186.761597,0.000475,0.015137,53.718811,-64.289452,19602.679688,-3055.625000,0.585938,-13.779602,-14.197266,0.000000,0.000000,0.000000,0.000000,0.000000,0.000000,0.000000,0.000000,0.000000
256,4.266667,0.001221,0.000202,-39.060181,-0.051756,-0.000371,-18.203772,0.002815,0.001756,18.203386,6126.106,1,0.000000,4,3,54.997353,1,0,0,-0.005026,0.999962,-0.007096,0.999983,0.005005,-0.002850,-0.000677,0.000883,0.000000,0.000000,0.000000,1,0.012987,5328.895020,20.102509,2737.099121,-0.000256,-0.034912,54.956589,1,0.005244,5072.528809,19.132280,2838.770264,-0.000244,-0.036209,55.038147,1,-0.005253,4728.644043,-32.032646,-1188.088135,0.000409,0.015154,53.878284,1,-0.012995,4472.288574,-30.294279,-1181.613770,0.000386,0.015072,53.870422,-31.760071,19602.990234,-3040.403320,0.953125,15.223816,-8.387695,0.000000,0.000000,0.000000,0.000000,0.000000,0.000000,0.000000,0.000000,0.000000
257,4.283333,0.000366,0.000196,-39.364380,-0.052286,-0.000331,-18.254444,0.002848,0.001990,18.254057,6142.849,1,0.000000,4,3,55.146385,1,0,0,-0.005038,0.999962,-0.007107,0.999983,0.005017,-0.002884,-0.000666,0.000706,0.000000,0.000000,0.000000,1,0.013014,5329.314941,20.898046,2731.179932,-0.000267,-0.034836,55.107224,1,0.005254,5073.042480,19.888487,2819.053467,-0.000254,-0.035957,55.185574,1,-0.005254,4728.212402,-43.280140,-1179.022705,0.000462,0.015039,54.030090,1,-0.013015,4471.941895,-41.542244,-1180.200806,0.000440,0.015054,54.021282,-52.760353,19603.058594,-3024.260498,1.677246,-34.812866,-10.746826,0.000000,0.000000,0.000000,0.000000,0.000000,0.000000,0.000000,0.000000,0.000000
258,4.300000,-0.000488,0.000192,-39.669434,-0.053165,-0.000289,-18.304848,0.002872,0.001454,18.304462,6159.495,1,0.000000,4,3,55.294556,1,0,0,-0.005046,0.999962,-0.007118,0.999983,0.005025,-0.002908,-0.000646,0.000477,0.000000,0.000000,0.000000,1,0.013038,5329.478027,17.397875,2718.324463,-0.000222,-0.034673,55.256767,1,0.005265,5073.700195,16.559275,2805.829590,-0.000211,-0.035789,55.332367,1,-0.005258,4727.596680,-25.440514,-1178.628296,0.000324,0.015034,54.180573,1,-0.013031,4471.832031,-24.062855,-1170.244629,0.000307,0.014927,54.171936,-24.293211,19603.076172,-3007.692383,1.569336,28.759094,-6.096924,0.000000,0.000000,0.000000,0.000000,0.000000,0.000000,0.000000,0.000000,0.000000
259,4.316667,-0.001343,0.000187,-39.975342,-0.053570,-0.000248,-18.354977,0.002904,0.001896,18.354588,6176.044,1,0.000000,4,3,55.441860,1,0,0,-0.005052,0.999962,-0.007128,0.999983,0.005031,-0.002940,-0.000627,0.000350,0.000000,0.000000,0.000000,1,0.013059,5329.741211,19.719706,2712.939209,-0.000252,-0.034604,55.405445,1,0.005277,5074.188965,18.768211,2785.142090,-0.000239,-0.035525,55.478298,1,-0.005264,4727.130371,-36.182831,-1166.957397,0.000375,0.014885,54.330997,1,-0.013046,4471.560547,-34.806206,-1170.880371,0.000358,0.014935,54.321136,-41.299282,19603.009766,-2991.685547,1.469727,-27.879211,-7.239502,0.000000,0.000000,0.000000,0.000000,0.000000,0.000000,0.000000,0.000000,0.000000
260,4.333333,-0.002197,0.000184,-40.282104,-0.054258,-0.000207,-18.404839,0.002928,0.001466,18.404448,6192.497,1,0.000000,4,3,55.588284,1,0,0,-0.005055,0.999962,-0.007138,0.999983,0.005034,-0.002964,-0.000609,0.000195,0.000000,0.000000,0.000000,1,0.013077,5329.881836,15.355615,2699.837402,-0.000196,-0.034437,55.552990,1,0.005290,5074.743652,14.615901,2771.712891,-0.000186,-0.035353,55.623600,1,-0.005272,4726.528809,-27.810772,-1166.250732,0.000355,0.014876,54.479717,1,-0.013059,4471.390625,-26.309399,-1160.972412,0.000336,0.014808,54.470428,-32.969398,19602.851562,-2974.876465,1.253906,12.048157,-5.949463,0.000000,0.000000,0.000000,0.000000,0.000000,0.000000,0.000000,0.000000,0.000000
261,4.350000,-0.003052,0.000181,-40.589722,-0.054808,-0.000168,-18.454420,0.002956,0.001651,18.454031,6208.851,1,0.000000,4,3,55.733822,1,0,0,-0.005057,0.999962,-0.007148,0.999983,0.005035,-0.002992,-0.000594,0.000070,0.000000,0.000000,0.000000,1,0.013092,5329.993164,16.707237,2691.259033,-0.000213,-0.034327,55.699646,1,0.005303,5075.315918,15.904848,2753.628174,-0.000203,-0.035123,55.768021,1,-0.005282,4725.921387,-37.292084,-1157.534546,0.000400,0.014764,54.628334,1,-0.013071,4471.233398,-35.792065,-1158.526123,0.000380,0.014777,54.618275,-49.326649,19602.701172,-2958.412598,1.691406,-30.038635,-7.250732,0.000000,0.000000,0.000000,0.000000,0.000000,0.000000,0.000000,0.000000,0.000000
262,4.366667,-0.004028,0.000179,-40.898071,-0.055630,-0.000132,-18.503727,0.002975,0.001189,18.503334,6225.107,1,0.000000,4,3,55.878464,1,0,0,-0.005055,0.999962,-0.007157,0.999983,0.005034,-0.003012,-0.000574,-0.000085,0.000000,0.000000,0.000000,1,0.013104,5329.987793,14.284594,2677.034180,-0.000182,-0.034146,55.845249,1,0.005318,5075.970703,13.600744,2740.772217,-0.000173,-0.034959,55.911701,1,-0.005295,4725.209473,-20.351709,-1156.151123,0.000260,0.014747,54.775677,1,-0.013081,4471.201660,-19.254400,-1149.075928,0.000246,0.014657,54.765762,-20.579739,19602.548828,-2941.339844,3.142578,29.074646,-2.342773,0.000000,0.000000,0.000000,0.000000,0.000000,0.000000,0.000000,0.000000,0.000000
263,4.383333,-0.005005,0.000177,-41.207275,-0.055973,-0.000097,-18.552750,0.003003,0.001636,18.552353,6241.262,1,0.000000,4,3,56.022209,1,0,0,-0.005053,0.999961,-0.007166,0.999983,0.005032,-0.003039,-0.000537,-0.000133,0.000000,0.000000,0.000000,1,0.013115,5330.013672,19.728317,2669.704102,-0.000208,-0.034052,55.989979,1,0.005332,5076.299805,19.044128,2720.824463,-0.000199,-0.034704,56.054459,1,-0.005307,4724.748047,-29.682356,-1144.664917,0.000304,0.014600,54.922817,1,-0.013090,4471.034180,-28.584707,-1149.187256,0.000290,0.014658,54.911869,-28.385685,19602.195312,-2924.504395,1.601074,-28.603088,-2.283203,0.000000,0.000000,0.000000,0.000000,0.000000,0.000000,0.000000,0.000000,0.000000
264,4.400000,-0.005981,0.000176,-41.517334,-0.056446,-0.000067,-18.601492,0.003023,0.001196,18.601097,6257.318,1,0.000000,4,3,56.165051,1,0,0,-0.005050,0.999961,-0.007175,0.999983,0.005029,-0.003059,-0.000518,-0.000183,0.000000,0.000000,0.000000,1,0.013124,5330.070312,10.585423,2654.867676,-0.000135,-0.033863,56.133598,1,0.005346,5076.711426,10.081635,2708.083252,-0.000129,-0.034542,56.196518,1,-0.005320,4724.208984,-24.399048,-1143.935913,0.000311,0.014591,55.068279,1,-0.013098,4470.861328,-23.087841,-1138.833862,0.000294,0.014526,55.057995,-35.716499,19601.890625,-2907.080566,0.302734,16.392212,-3.227539,0.000000,0.000000,0.000000,0.000000,0.000000,0.000000,0.000000,0.000000,0.000000
265,4.416667,-0.006958,0.000176,-41.828125,-0.057041,-0.000041,-18.649942,0.003047,0.001448,18.649548,6273.272,1,0.000000,4,3,56.306988,1,0,0,-0.005046,0.999961,-0.007183,0.999983,0.005024,-0.003083,-0.000514,-0.000250,0.000000,0.000000,0.000000,1,0.013131,5330.120605,15.120490,2645.382568,-0.000156,-0.033742,56.276352,1,0.005360,5077.225098,14.616664,2690.138184,-0.000150,-0.034313,56.337639,1,-0.005334,4723.569824,-32.938316,-1134.446899,0.000352,0.014470,55.213638,1,-0.013106,4470.676758,-31.627151,-1136.608643,0.000335,0.014498,55.202606,-43.744026,19601.578125,-2890.437012,0.086426,-30.369629,-2.897461,0.000000,0.000000,0.000000,0.000000,0.000000,0.000000,0.000000,0.000000,0.000000
266,4.433333,-0.007935,0.000175,-42.139771,-0.057770,-0.000020,-18.698116,0.003063,0.000980,18.697720,6289.126,1,0.000000,4,3,56.448002,1,0,0,-0.005041,0.999961,-0.007191,0.999983,0.005019,-0.003099,-0.000513,-0.000313,0.000000,0.000000,0.000000,1,0.013138,5330.161133,10.876337,2629.826904,-0.000139,-0.033544,56.418045,1,0.005375,5077.794922,10.360232,2677.829590,-0.000132,-0.034156,56.477974,1,-0.005350,4722.904785,-17.452339,-1133.196045,0.000223,0.014454,55.357609,1,-0.013113,4470.529297,-16.518818,-1126.660278,0.000211,0.014371,55.346893,-21.640770,19601.341797,-2872.940430,-0.192383,30.782471,0.167480,0.000000,0.000000,0.000000,0.000000,0.000000,0.000000,0.000000,0.000000,0.000000
267,4.450000,-0.008911,0.000175,-42.452148,-0.058131,-0.000001,-18.745998,0.003087,0.001454,18.745602,6304.876,1,0.000000,4,3,56.588097,1,0,0,-0.005036,0.999961,-0.007200,0.999983,0.005014,-0.003124,-0.000515,-0.000308,0.000000,0.000000,0.000000,1,0.013144,5330.340332,15.573888,2621.481445,-0.000161,-0.033437,56.558872,1,0.005389,5078.208008,15.058059,2658.234131,-0.000154,-0.033906,56.617336,1,-0.005365,4722.358398,-25.885006,-1121.506714,0.000263,0.014305,55.501396,1,-0.013121,4470.214844,-24.951862,-1126.597412,0.000251,0.014370,55.489727,-29.129726,19601.035156,-2855.831055,0.252441,-21.643860,0.092773,0.000000,0.000000,0.000000,0.000000,0.000000,0.000000,0.000000,0.000000,0.000000
268,4.466667,-0.009888,0.000175,-42.765381,-0.058617,0.000013,-18.793596,0.003106,0.001121,18.793196,6320.524,1,0.000000,4,3,56.727261,1,0,0,-0.005031,0.999961,-0.007208,0.999982,0.005009,-0.003142,-0.000512,-0.000307,0.000000,0.000000,0.000000,1,0.013150,5330.480469,9.840169,2606.265137,-0.000126,-0.033243,56.698586,1,0.005403,5078.598145,9.374588,2644.982666,-0.000120,-0.033737,56.755951,1,-0.005381,4721.793457,-22.609339,-1119.891968,0.000288,0.014284,55.643478,1,-0.013129,4469.930664,-21.401125,-1116.935913,0.000273,0.014247,55.632553,-33.717293,19600.673828,-2837.731445,0.388184,9.067871,-0.673340,0.000000,0.000000,0.000000,0.000000,0.000000,0.000000,0.000000,0.000000,0.000000
269,4.483333,-0.010864,0.000176,-43.079346,-0.059178,0.000022,-18.840891,0.003127,0.001261,18.840490,6336.067,1,0.000000,4,3,56.865505,1,0,0,-0.005026,0.999961,-0.007217,0.999982,0.005003,-0.003163,-0.000507,-0.000321,0.000000,0.000000,0.000000,1,0.013156,5330.587402,13.743314,2594.725586,-0.000144,-0.033096,56.837410,1,0.005417,5079.041016,13.277692,2628.230225,-0.000138,-0.033523,56.893616,1,-0.005397,4721.240234,-24.563881,-1111.868042,0.000313,0.014182,55.785324,1,-0.013137,4469.684570,-23.252790,-1113.025391,0.000297,0.014197,55.773968,-29.722298,19600.404297,-2820.495605,0.038086,-13.253235,0.297363,0.000000,0.000000,0.000000,0.000000,0.000000,0.000000,0.000000,0.000000,0.000000
270,4.500000,-0.011841,0.000176,-43.394165,-0.059674,0.000028,-18.887899,0.003145,0.001057,18.887499,6351.509,1,0.000000,4,3,57.002815,1,0,0,-0.005021,0.999961,-0.007225,0.999982,0.004998,-0.003181,-0.000506,-0.000316,0.000000,0.000000,0.000000,1,0.013161,5330.766602,9.313570,2580.227539,-0.000119,-0.032911,56.975216,1,0.005430,5079.459473,8.873398,2614.131104,-0.000113,-0.033344,57.030426,1,-0.005414,4720.714844,-21.107336,-1107.926392,0.000269,0.014132,55.925999,1,-0.013145,4469.407715,-19.982412,-1105.348145,0.000255,0.014099,55.914810,-31.822248,19600.187500,-2802.623291,-0.321289,9.547424,0.386963,0.000000,0.000000,0.000000,0.000000,0.000000,0.000000,0.000000,0.000000,0.000000
271,4.516667,-0.012817,0.000177,-43.709717,-0.060204,0.000031,-18.934610,0.003165,0.001204,18.934208,6366.845,1,0.000000,4,3,57.139194,1,0,0,-0.005016,0.999961,-0.007233,0.999982,0.004993,-0.003201,-0.000510,-0.000307,0.000000,0.000000,0.000000,1,0.013167,5330.989746,13.023860,2568.359375,-0.000136,-0.032760,57.112103,1,0.005444,5079.916504,12.583401,2597.387695,-0.000131,-0.033130,57.166302,1,-0.005430,4720.199707,-23.386587,-1099.991821,0.000298,0.014031,56.066097,1,-0.013153,4469.104980,-22.141239,-1101.423706,0.000282,0.014049,56.054531,-28.839924,19600.054688,-2784.996826,-0.508789,-12.544983,1.637939,0.000000,0.000000,0.000000,0.000000,0.000000,0.000000,0.000000,0.000000,0.000000
272,4.533333,-0.013794,0.000177,-44.026123,-0.060685,0.000032,-18.981028,0.003182,0.001011,18.980625,6382.078,1,0.000000,4,3,57.274632,1,0,0,-0.005012,0.999961,-0.007242,0.999982,0.004988,-0.003218,-0.000516,-0.000273,0.000000,0.000000,0.000000,1,0.013173,5331.264648,8.771278,2553.627441,-0.000112,-0.032572,57.247963,1,0.005457,5080.276367,8.357913,2583.285400,-0.000107,-0.032950,57.301311,1,-0.005445,4719.708984,-20.187901,-1095.930420,0.000257,0.013979,56.205036,1,-0.013161,4468.739258,-19.112593,-1093.643066,0.000244,0.013950,56.193680,-31.080063,19599.822266,-2767.116943,-1.958496,8.983154,0.807129,0.000000,0.000000,0.000000,0.000000,0.000000,0.000000,0.000000,0.000000,0.000000
273,4.550000,-0.014771,0.000178,-44.343262,-0.061203,0.000030,-19.027145,0.003201,0.001149,19.026741,6397.206,1,0.000000,4,3,57.409130,1,0,0,-0.005007,0.999961,-0.007251,0.999982,0.004984,-0.003237,-0.000539,-0.000255,0.000000,0.000000,0.000000,1,0.013180,5331.598633,12.286563,2541.298828,-0.000129,-0.032415,57.382896,1,0.005471,5080.763672,11.873211,2566.716797,-0.000123,-0.032739,57.435375,1,-0.005462,4719.147461,-22.297522,-1088.084595,0.000284,0.013879,56.343380,1,-0.013171,4468.312012,-21.111912,-1089.471802,0.000269,0.013896,56.331692,-28.154032,19599.652344,-2749.369141,-2.237793,-11.320251,1.368652,0.000000,0.000000,0.000000,0.000000,0.000000,0.000000,0.000000,0.000000,0.000000
274,4.566667,-0.015747,0.000178,-44.661133,-0.061672,0.000025,-19.072968,0.003217,0.000975,19.072563,6412.228,1,0.000000,4,3,57.542683,1,0,0,-0.005004,0.999961,-0.007260,0.999982,0.004980,-0.003254,-0.000565,-0.000227,0.000000,0.000000,0.000000,1,0.013188,5331.978516,8.377235,2526.410889,-0.000107,-0.032225,57.516819,1,0.005484,5081.227539,7.983534,2552.533691,-0.000102,-0.032558,57.568558,1,-0.005478,4718.566406,-19.421154,-1083.812134,0.000248,0.013824,56.480579,1,-0.013181,4467.826172,-18.389290,-1081.837402,0.000235,0.013799,56.469093,-30.340057,19599.421875,-2731.324707,-1.246582,8.485535,1.754150,0.000000,0.000000,0.000000,0.000000,0.000000,0.000000,0.000000,0.000000,0.000000
275,4.583333,-0.016724,0.000179,-44.979736,-0.062178,0.000018,-19.118490,0.003236,0.001105,19.118084,6427.145,1,0.000000,4,3,57.675293,1,0,0,-0.005001,0.999961,-0.007270,0.999982,0.004977,-0.003272,-0.000580,-0.000190,0.000000,0.000000,0.000000,1,0.013197,5332.418945,11.733316,2513.731201,-0.000123,-0.032063,57.649811,1,0.005498,5081.684570,11.339378,2535.999023,-0.000118,-0.032347,57.700787,1,-0.005494,4718.107910,-21.432991,-1076.171509,0.000273,0.013727,56.617153,1,-0.013192,4467.364746,-20.292810,-1077.521973,0.000259,0.013744,56.605381,-27.534613,19599.425781,-2713.206055,-1.144043,-10.925781,1.443115,0.000000,0.000000,0.000000,0.000000,0.000000,0.000000,0.000000,0.000000,0.000000
276,4.600000,-0.017822,0.000179,-45.299072,-0.062637,0.000010,-19.163710,0.003251,0.000937,19.163303,6441.957,1,0.000000,4,3,57.806961,1,0,0,-0.004998,0.999961,-0.007280,0.999982,0.004974,-0.003288,-0.000593,-0.000160,0.000000,0.000000,0.000000,1,0.013206,5332.848145,7.944424,2498.622559,-0.000101,-0.031870,57.781796,1,0.005512,5082.132324,7.569615,2521.846680,-0.000097,-0.032166,57.832138,1,-0.005510,4717.608398,-18.666578,-1071.748901,0.000238,0.013670,56.752613,1,-0.013204,4466.903320,-17.674061,-1069.890747,0.000225,0.013647,56.741035,-29.691109,19599.353516,-2695.125244,-0.932129,8.367615,1.709229,0.000000,0.000000,0.000000,0.000000,0.000000,0.000000,0.000000,0.000000,0.000000
277,4.616667,-0.018921,0.000179,-45.619263,-0.063132,0.000001,-19.208628,0.003269,0.001066,19.208220,6456.663,1,0.000000,4,3,57.937683,1,0,0,-0.004996,0.999961,-0.007290,0.999982,0.004972,-0.003305,-0.000604,-0.000123,0.000000,0.000000,0.000000,1,0.013216,5333.302246,11.161837,2485.659180,-0.000117,-0.031705,57.912849,1,0.005525,5082.546875,10.786635,2505.389648,-0.000112,-0.031957,57.962528,1,-0.005525,4717.156250,-20.636177,-1064.080444,0.000263,0.013572,56.887424,1,-0.013216,4466.402832,-19.538807,-1065.469849,0.000249,0.013590,56.875576,-27.078894,19599.279297,-2676.940918,-0.770508,-9.963867,1.915527,0.000000,0.000000,0.000000,0.000000,0.000000,0.000000,0.000000,0.000000,0.000000
278,4.633333,-0.020020,0.000179,-45.940186,-0.063583,-0.000008,-19.253242,0.003284,0.000913,19.252832,6471.264,1,0.000000,4,3,58.067459,1,0,0,-0.004995,0.999961,-0.007300,0.999982,0.004971,-0.003321,-0.000613,-0.000083,0.000000,0.000000,0.000000,1,0.013228,5333.792969,7.660932,2470.462891,-0.000098,-0.031511,58.042904,1,0.005539,5082.966797,7.298879,2491.138184,-0.000093,-0.031775,58.092026,1,-0.005540,4716.727051,-18.140413,-1059.527222,0.000231,0.013514,57.021118,1,-0.013229,4465.880859,-17.175758,-1057.898682,0.000219,0.013494,57.009472,-29.189140,19599.255859,-2658.752930,-0.559570,7.589233,0.806641,0.000000,0.000000,0.000000,0.000000,0.000000,0.000000,0.000000,0.000000,0.000000
279,4.650000,-0.021118,0.000178,-46.261841,-0.064069,-0.000018,-19.297556,0.003302,0.001030,19.297146,6485.759,1,0.000000,4,3,58.196289,1,0,0,-0.004994,0.999961,-0.007310,0.999982,0.004970,-0.003338,-0.000620,-0.000066,0.000000,0.000000,0.000000,1,0.013239,5334.245117,10.760714,2457.188721,-0.000112,-0.031342,58.172024,1,0.005552,5083.394043,10.398084,2474.801025,-0.000108,-0.031566,58.220562,1,-0.005555,4716.289551,-19.862234,-1052.018188,0.000253,0.013419,57.154144,1,-0.013242,4465.436523,-18.805988,-1053.297974,0.000240,0.013435,57.142262,-26.326664,19599.271484,-2640.405762,-0.532715,-9.338623,1.692383,0.000000,0.000000,0.000000,0.000000,0.000000,0.000000,0.000000,0.000000,0.000000
280,4.666667,-0.022217,0.000178,-46.584229,-0.064508,-0.000028,-19.341562,0.003316,0.000886,19.341148,6500.148,1,0.000000,4,3,58.324177,1,0,0,-0.004994,0.999961,-0.007320,0.999982,0.004969,-0.003353,-0.000626,-0.000031,0.000000,0.000000,0.000000,1,0.013252,5334.778809,7.356839,2441.894043,-0.000094,-0.031147,58.300156,1,0.005565,5083.819336,7.008718,2460.551758,-0.000089,-0.031385,58.348209,1,-0.005569,4715.883301,-17.576351,-1047.281982,0.000224,0.013358,57.286076,1,-0.013256,4464.933105,-16.641609,-1045.765503,0.000212,0.013339,57.274380,-28.647957,19599.347656,-2622.272461,-0.326172,7.621216,1.185059,0.000000,0.000000,0.000000,0.000000,0.000000,0.000000,0.000000,0.000000,0.000000
281,4.683333,-0.023315,0.000177,-46.907349,-0.064986,-0.000037,-19.385267,0.003333,0.001004,19.384853,6514.433,1,0.000000,4,3,58.451118,1,0,0,-0.004994,0.999961,-0.007331,0.999982,0.004969,-0.003370,-0.000630,-0.000005,0.000000,0.000000,0.000000,1,0.013265,5335.284668,10.358029,2428.482178,-0.000108,-0.030976,58.427357,1,0.005579,5084.231445,10.009200,2444.298584,-0.000104,-0.031177,58.474888,1,-0.005583,4715.491211,-19.329081,-1039.751953,0.000247,0.013262,57.417313,1,-0.013270,4464.426758,-18.299355,-1041.093506,0.000233,0.013279,57.405396,-26.039030,19599.380859,-2603.971191,-0.798828,-8.949341,1.859863,0.000000,0.000000,0.000000,0.000000,0.000000,0.000000,0.000000,0.000000,0.000000
282,4.700000,-0.024414,0.000176,-47.231201,-0.065420,-0.000045,-19.428667,0.003348,0.000866,19.428251,6528.611,1,0.000000,4,3,58.577114,1,0,0,-0.004994,0.999961,-0.007341,0.999982,0.004970,-0.003384,-0.000640,0.000034,0.000000,0.000000,0.000000,1,0.013278,5335.830078,7.116777,2413.053711,-0.000091,-0.030779,58.553566,1,0.005591,5084.606934,6.780358,2429.969727,-0.000086,-0.030995,58.600670,1,-0.005597,4715.090820,-17.141064,-1035.035034,0.000219,0.013202,57.547451,1,-0.013284,4463.875977,-16.226530,-1033.641602,0.000207,0.013184,57.535728,-28.223572,19599.355469,-2585.532715,0.540527,7.053772,0.656494,0.000000,0.000000,0.000000,0.000000,0.000000,0.000000,0.000000,0.000000,0.000000
283,4.716667,-0.025513,0.000176,-47.555786,-0.065890,-0.000054,-19.471760,0.003364,0.000975,19.471342,6542.684,1,0.000000,4,3,58.702171,1,0,0,-0.004995,0.999960,-0.007352,0.999982,0.004970,-0.003400,-0.000633,0.000048,0.000000,0.000000,0.000000,1,0.013292,5336.342285,10.020347,2399.479004,-0.000105,-0.030606,58.678860,1,0.005604,5085.016602,9.683902,2413.821533,-0.000100,-0.030789,58.725494,1,-0.005610,4714.743652,-18.717367,-1027.564209,0.000239,0.013107,57.676903,1,-0.013298,4463.406738,-17.718275,-1028.824829,0.000226,0.013123,57.664974,-25.464455,19599.488281,-2567.268555,-0.139648,-8.322571,0.806641,0.000000,0.000000,0.000000,0.000000,0.000000,0.000000,0.000000,0.000000,0.000000
284,4.733333,-0.026611,0.000174,-47.880981,-0.066314,-0.000061,-19.514547,0.003378,0.000847,19.514130,6556.652,1,0.000000,4,3,58.826283,1,0,0,-0.004996,0.999960,-0.007362,0.999982,0.004971,-0.003415,-0.000635,0.000064,0.000000,0.000000,0.000000,1,0.013307,5336.865723,6.909592,2384.027100,-0.000088,-0.030409,58.803162,1,0.005617,5085.423828,6.583245,2399.500977,-0.000084,-0.030606,58.849411,1,-0.005623,4714.359375,-16.698999,-1022.704468,0.000213,0.013045,57.805260,1,-0.013313,4462.926758,-15.807559,-1021.459412,0.000202,0.013029,57.793518,-27.720348,19599.570312,-2548.878906,-0.092285,6.927979,0.903564,0.000000,0.000000,0.000000,0.000000,0.000000,0.000000,0.000000,0.000000,0.000000
285,4.750000,-0.027710,0.000173,-48.206909,-0.066776,-0.000067,-19.557028,0.003394,0.000953,19.556606,6570.515,1,0.000000,4,3,58.949455,1,0,0,-0.004998,0.999960,-0.007373,0.999982,0.004973,-0.003430,-0.000636,0.000084,0.000000,0.000000,0.000000,1,0.013321,5337.412109,9.734739,2370.319092,-0.000102,-0.030234,58.926548,1,0.005630,5085.818848,9.408604,2383.430664,-0.000097,-0.030401,58.972374,1,-0.005635,4714.015625,-18.271555,-1015.302673,0.000233,0.012950,57.932907,1,-0.013327,4462.433594,-17.294413,-1016.580383,0.000221,0.012967,57.920986,-25.106987,19599.695312,-2530.560547,-1.295410,-8.283325,0.321045,0.000000,0.000000,0.000000,0.000000,0.000000,0.000000,0.000000,0.000000,0.000000
286,4.766667,-0.028809,0.000172,-48.533569,-0.067195,-0.000071,-19.599203,0.003408,0.000826,19.598782,6584.272,1,0.000000,4,3,59.071686,1,0,0,-0.005000,0.999960,-0.007384,0.999982,0.004974,-0.003444,-0.000652,0.000090,0.000000,0.000000,0.000000,1,0.013336,5337.938477,6.678445,2354.852051,-0.000085,-0.030036,59.048950,1,0.005642,5086.264648,6.363443,2369.222412,-0.000081,-0.030220,59.094429,1,-0.005648,4713.542969,-16.252794,-1010.318542,0.000207,0.012887,58.059475,1,-0.013342,4461.859375,-15.383647,-1009.108521,0.000196,0.012871,58.047741,-27.251694,19599.605469,-2512.507080,-0.848633,7.049988,-0.112061,0.000000,0.000000,0.000000,0.000000,0.000000,0.000000,0.000000,0.000000,0.000000
287,4.783333,-0.029907,0.000171,-48.860962,-0.067649,-0.000076,-19.641079,0.003423,0.000934,19.640657,6597.925,1,0.000000,4,3,59.192978,1,0,0,-0.005001,0.999960,-0.007395,0.999982,0.004976,-0.003460,-0.000662,0.000088,0.000000,0.000000,0.000000,1,0.013352,5338.517578,9.443715,2341.061768,-0.000098,-0.029860,59.170441,1,0.005656,5086.760254,9.128818,2353.175537,-0.000094,-0.030015,59.215523,1,-0.005661,4713.124023,-17.839697,-1002.967529,0.000228,0.012793,58.185314,1,-0.013357,4461.366699,-16.885370,-1004.306885,0.000215,0.012810,58.173405,-24.784897,19599.796875,-2494.009033,-0.549805,-7.838074,0.619873,0.000000,0.000000,0.000000,0.000000,0.000000,0.000000,0.000000,0.000000,0.000000
288,4.800000,-0.031006,0.000170,-49.188965,-0.068062,-0.000079,-19.682646,0.003437,0.000814,19.682224,6611.473,1,0.000000,4,3,59.313335,1,0,0,-0.005003,0.999960,-0.007406,0.999982,0.004977,-0.003474,-0.000668,0.000101,0.000000,0.000000,0.000000,1,0.013368,5339.056641,6.535437,2325.562256,-0.000083,-0.029663,59.290958,1,0.005669,5087.181152,6.226723,2338.907959,-0.000079,-0.029833,59.335724,1,-0.005674,4712.683594,-15.964445,-998.046875,0.000204,0.012730,58.310081,1,-0.013373,4460.808105,-15.110238,-996.963257,0.000193,0.012716,58.298367,-26.915197,19599.746094,-2475.681396,-0.252930,6.683655,0.141602,0.000000,0.000000,0.000000,0.000000,0.000000,0.000000,0.000000,0.000000,0.000000
289,4.816667,-0.032104,0.000168,-49.517700,-0.068511,-0.000083,-19.723907,0.003452,0.000917,19.723482,6624.915,1,0.000000,4,3,59.432758,1,0,0,-0.005005,0.999960,-0.007417,0.999982,0.004979,-0.003489,-0.000671,0.000104,0.000000,0.000000,0.000000,1,0.013384,5339.612793,9.234088,2311.699463,-0.000096,-0.029486,59.410557,1,0.005682,5087.633789,8.925268,2323.003906,-0.000092,-0.029630,59.454967,1,-0.005687,4712.305176,-17.469566,-990.709106,0.000223,0.012637,58.434128,1,-0.013388,4460.314941,-16.534504,-992.026672,0.000211,0.012653,58.422256,-24.421474,19599.904297,-2457.384521,-0.097168,-7.706421,-0.342773,0.000000,0.000000,0.000000,0.000000,0.000000,0.000000,0.000000,0.000000,0.000000
290,4.833333,-0.033203,0.000167,-49.847168,-0.068918,-0.000084,-19.764864,0.003465,0.000798,19.764437,6638.254,1,0.000000,4,3,59.551250,1,0,0,-0.005006,0.999960,-0.007428,0.999981,0.004981,-0.003502,-0.000672,0.000097,0.000000,0.000000,0.000000,1,0.013399,5340.110352,6.356697,2296.194824,-0.000081,-0.029288,59.529198,1,0.005695,5088.078613,6.056954,2308.799072,-0.000077,-0.029449,59.573311,1,-0.005700,4711.846191,-15.616722,-985.718384,0.000199,0.012573,58.557102,1,-0.013404,4459.812500,-14.780935,-984.704224,0.000189,0.012560,58.545425,-26.529819,19599.876953,-2439.171387,0.742188,6.658508,-0.686035,0.000000,0.000000,0.000000,0.000000,0.000000,0.000000,0.000000,0.000000,0.000000
291,4.850000,-0.034302,0.000165,-50.177246,-0.069360,-0.000086,-19.805517,0.003480,0.000900,19.805088,6651.489,1,0.000000,4,3,59.668812,1,0,0,-0.005008,0.999960,-0.007439,0.999981,0.004982,-0.003517,-0.000664,0.000083,0.000000,0.000000,0.000000,1,0.013415,5340.582520,9.003416,2282.248291,-0.000094,-0.029110,59.646927,1,0.005709,5088.547852,8.703857,2292.923584,-0.000090,-0.029246,59.690704,1,-0.005713,4711.434570,-17.100708,-978.457092,0.000218,0.012480,58.679348,1,-0.013418,4459.409180,-16.185436,-979.785767,0.000206,0.012497,58.667522,-24.096546,19600.019531,-2420.733154,0.691895,-7.263062,0.222168,0.000000,0.000000,0.000000,0.000000,0.000000,0.000000,0.000000,0.000000,0.000000
292,4.866667,-0.035522,0.000164,-50.508057,-0.069761,-0.000086,-19.845863,0.003493,0.000789,19.845432,6664.620,1,0.000000,4,3,59.785450,1,0,0,-0.005010,0.999960,-0.007450,0.999981,0.004983,-0.003530,-0.000655,0.000087,0.000000,0.000000,0.000000,1,0.013430,5341.079590,6.225217,2266.753906,-0.000079,-0.028913,59.763702,1,0.005722,5088.923828,5.930383,2278.701904,-0.000076,-0.029065,59.807205,1,-0.005725,4711.069336,-15.404222,-973.459473,0.000196,0.012417,58.800533,1,-0.013433,4458.924316,-14.579635,-972.549683,0.000186,0.012405,58.788902,-26.313356,19600.039062,-2402.442871,0.003906,6.076050,-0.922852,0.000000,0.000000,0.000000,0.000000,0.000000,0.000000,0.000000,0.000000,0.000000
293,4.883333,-0.036743,0.000163,-50.839478,-0.070200,-0.000085,-19.885904,0.003508,0.000882,19.885471,6677.647,1,0.000000,4,3,59.901169,1,0,0,-0.005011,0.999960,-0.007461,0.999981,0.004984,-0.003545,-0.000655,0.000068,0.000000,0.000000,0.000000,1,0.013446,5341.531250,8.807651,2252.838867,-0.000092,-0.028735,59.879578,1,0.005736,5089.420410,8.512476,2263.078125,-0.000088,-0.028866,59.922768,1,-0.005738,4710.614258,-16.715105,-966.190674,0.000213,0.012324,58.920990,1,-0.013448,4458.494629,-15.820404,-967.451965,0.000202,0.012340,58.909225,-23.672218,19600.105469,-2384.484131,0.147461,-6.914795,0.036621,0.000000,0.000000,0.000000,0.000000,0.000000,0.000000,0.000000,0.000000,0.000000
294,4.900000,-0.037964,0.000161,-51.171631,-0.070595,-0.000084,-19.925646,0.003521,0.000776,19.925215,6690.573,1,0.000000,4,3,60.015965,1,0,0,-0.005012,0.999960,-0.007471,0.999981,0.004986,-0.003558,-0.000654,0.000068,0.000000,0.000000,0.000000,1,0.013461,5341.983398,6.058293,2237.404053,-0.000077,-0.028538,59.994503,1,0.005749,5089.818359,5.770968,2248.894531,-0.000074,-0.028685,60.037434,1,-0.005751,4710.173828,-15.132373,-961.190247,0.000193,0.012260,59.040382,1,-0.013462,4458.008301,-14.322453,-960.353455,0.000183,0.012249,59.028805,-26.048248,19600.007812,-2366.164795,0.174316,6.193604,-0.354492,0.000000,0.000000,0.000000,0.000000,0.000000,0.000000,0.000000,0.000000,0.000000
295,4.916667,-0.039185,0.000160,-51.504395,-0.071029,-0.000084,-19.965082,0.003535,0.000871,19.964647,6703.395,1,0.000000,4,3,60.129845,1,0,0,-0.005013,0.999959,-0.007482,0.999981,0.004986,-0.003573,-0.000652,0.000061,0.000000,0.000000,0.000000,1,0.013476,5342.494141,8.589950,2223.550049,-0.000089,-0.028362,60.108540,1,0.005763,5090.307617,8.302127,2233.280029,-0.000086,-0.028486,60.151157,1,-0.005764,4709.762207,-16.492498,-953.950806,0.000210,0.012168,59.159046,1,-0.013477,4457.575195,-15.609803,-955.289368,0.000199,0.012185,59.147346,-23.603239,19600.187500,-2348.221680,0.327637,-6.737976,-0.071045,0.000000,0.000000,0.000000,0.000000,0.000000,0.000000,0.000000,0.000000,0.000000
296,4.933333,-0.040405,0.000158,-51.837769,-0.071422,-0.000081,-20.004219,0.003548,0.000767,20.003784,6716.115,1,0.000000,4,3,60.242809,1,0,0,-0.005014,0.999959,-0.007493,0.999981,0.004987,-0.003586,-0.000648,0.000059,0.000000,0.000000,0.000000,1,0.013490,5342.931641,5.943123,2208.184326,-0.000076,-0.028166,60.221626,1,0.005776,5090.718262,5.660961,2219.194580,-0.000072,-0.028306,60.264000,1,-0.005777,4709.352539,-14.936567,-948.908203,0.000191,0.012103,59.276653,1,-0.013491,4457.117188,-14.137173,-948.162537,0.000180,0.012094,59.265148,-25.828079,19600.156250,-2330.148926,0.288086,5.799988,-1.041260,0.000000,0.000000,0.000000,0.000000,0.000000,0.000000,0.000000,0.000000,0.000000
297,4.950000,-0.041626,0.000157,-52.171875,-0.071853,-0.000079,-20.043055,0.003563,0.000857,20.042618,6728.732,1,0.000000,4,3,60.354862,1,0,0,-0.005015,0.999959,-0.007504,0.999981,0.004988,-0.003600,-0.000644,0.000037,0.000000,0.000000,0.000000,1,0.013505,5343.359863,8.427701,2194.221924,-0.000088,-0.027988,60.333824,1,0.005789,5091.167480,8.144961,2203.690674,-0.000084,-0.028108,60.375908,1,-0.005790,4708.890137,-16.168213,-941.856689,0.000206,0.012013,59.393524,1,-0.013505,4456.705078,-15.302001,-943.117065,0.000195,0.012030,59.381908,-23.224018,19600.152344,-2312.010742,2.113770,-6.492615,-0.063965,0.000000,0.000000,0.000000,0.000000,0.000000,0.000000,0.000000,0.000000,0.000000
298,4.966667,-0.042847,0.000156,-52.506592,-0.072240,-0.000077,-20.081589,0.003575,0.000757,20.081152,6741.248,1,0.000000,4,3,60.466011,1,0,0,-0.005016,0.999959,-0.007514,0.999981,0.004989,-0.003613,-0.000620,0.000036,0.000000,0.000000,0.000000,1,0.013519,5343.723145,5.806101,2178.879150,-0.000074,-0.027792,60.445091,1,0.005803,5091.541504,5.530219,2189.609863,-0.000071,-0.027929,60.486935,1,-0.005802,4708.529785,-14.704449,-936.833679,0.000188,0.011949,59.509365,1,-0.013519,4456.357422,-13.916881,-936.146851,0.000178,0.011941,59.497932,-25.575037,19600.181641,-2293.799316,1.646484,5.881958,-0.340820,0.000000,0.000000,0.000000,0.000000,0.000000,0.000000,0.000000,0.000000,0.000000
299,4.983333,-0.044067,0.000155,-52.841919,-0.072666,-0.000075,-20.119820,0.003589,0.000847,20.119379,6753.662,1,0.000000,4,3,60.576260,1,0,0,-0.005016,0.999959,-0.007524,0.999981,0.004989,-0.003627,-0.000600,0.000029,0.000000,0.000000,0.000000,1,0.013532,5344.110840,8.245173,2165.090088,-0.000086,-0.027616,60.555485,1,0.005815,5091.903809,7.968976,2174.210205,-0.000082,-0.027732,60.597042,1,-0.005814,4708.213867,-15.982933,-929.748230,0.000204,0.011859,59.624470,1,-0.013531,4456.018066,-15.125821,-931.053894,0.000193,0.011876,59.612938,-23.152641,19600.289062,-2276.028809,2.346680,-6.618042,-0.726074,0.000000,0.000000,0.000000,0.000000,0.000000,0.000000,0.000000,0.000000,0.000000
300,5.000000,-0.045288,0.000153,-53.177856,-0.073052,-0.000072,-20.157753,0.003602,0.000745,20.157310,6765.976,1,0.047244,4,3,60.685608,1,0,0,-0.005017,0.999959,-0.007533,0.999981,0.004989,-0.003639,-0.000573,0.000013,0.000000,0.000000,0.000000,1,0.013563,5347.697754,1343.247437,2184.592285,-0.006413,-0.027865,60.664948,1,0.005809,5088.889648,1355.703735,2191.162354,-0.006470,-0.027949,60.706276,1,-0.005828,4707.618652,-121.272285,-924.470093,0.000702,0.011792,59.738541,1,-0.013542,4455.960449,-120.420029,-923.919189,0.000691,0.011785,59.727200,2533.793945,19600.187500,-2281.314453,4.100836,-3595.718506,321.914673,0.000000,0.000000,0.000000,0.000000,0.000000,0.000000,0.000000,0.000000,0.000000
301,5.016667,-0.045776,0.000153,-53.514404,-0.030822,-0.000047,-20.195774,0.002692,-0.054556,20.195208,6778.189,1,0.070866,4,3,60.791904,1,0,0,-0.005119,0.999958,-0.007546,0.999983,0.005099,-0.002730,-0.000512,0.006590,0.000000,0.000000,0.000000,1,0.013666,5362.045898,2191.224609,1792.238892,-0.014407,-0.022860,60.771317,1,0.005725,5074.128906,2217.205322,3191.059082,-0.014566,-0.032683,60.812500,1,-0.005757,4722.647461,-29.599625,-1377.911377,0.000582,0.013939,59.851841,1,-0.013640,4439.571289,-28.216080,-486.186920,0.000568,0.006201,59.840420,4486.450684,19598.097656,-2800.451660,71.684349,-3608.933594,512.364929,0.000000,0.000000,0.000000,0.000000,0.000000,0.000000,0.000000,0.000000,0.000000
302,5.033333,-0.045044,0.000152,-53.851807,0.043952,-0.000052,-20.242449,0.000855,-0.110048,20.241827,6790.062,1,0.086614,4,3,60.876400,1,0,0,-0.005392,0.999957,-0.007550,0.999985,0.005385,-0.000896,0.000344,0.017189,0.000000,0.000000,0.000000,1,0.013882,5386.334473,2900.484375,1297.196411,-0.022792,-0.016546,60.879311,1,0.005486,5042.965820,2938.391113,2699.042236,-0.023071,-0.034427,60.873489,1,-0.005534,4753.147461,77.687462,-1645.849487,-0.000002,0.016557,60.031376,1,-0.013859,4414.053711,80.028740,-346.348297,-0.000021,0.004418,59.889698,6135.046875,19595.921875,-1600.410156,-99.603165,-4649.782715,616.614319,0.000000,0.000000,0.000000,0.000000,0.000000,0.000000,0.000000,0.000000,0.000000
303,5.050000,-0.042725,0.000151,-54.189575,0.146203,-0.000045,-20.269123,-0.002174,-0.181548,20.268812,6799.500,1,0.110236,4,3,60.991932,1,0,0,-0.005868,0.999954,-0.007581,0.999980,0.005884,0.002130,-0.000813,0.029922,0.000000,0.000000,0.000000,1,0.014283,5427.424805,3783.637695,975.586121,-0.032245,-0.012444,61.018440,1,0.005098,5007.566895,3838.467285,3975.684814,-0.032681,-0.040471,60.965435,1,-0.005176,4785.186523,269.925568,-1877.339722,-0.001279,0.019300,60.250050,1,-0.014271,4371.167969,274.179871,-329.152802,-0.001312,0.004336,59.918549,8389.424805,19589.957031,-2182.424316,2.108817,-4819.554688,761.845825,0.000000,0.000000,0.000000,0.000000,0.000000,0.000000,0.000000,0.000000,0.000000
304,5.066667,-0.037842,0.000149,-54.527954,0.286027,-0.000131,-20.305496,-0.006441,-0.255650,20.306335,6812.404,1,0.133858,4,3,61.074055,1,0,0,-0.006597,0.999949,-0.007621,0.999958,0.006646,0.006390,-0.000797,0.045712,0.000000,0.000000,0.000000,1,0.014879,5476.618164,4699.132812,488.969513,-0.042524,-0.006237,61.151062,1,0.004498,4955.921387,4773.597168,3414.262939,-0.043151,-0.043549,60.997147,1,-0.004615,4834.527832,484.034973,-2123.261475,-0.003096,0.022188,60.502537,1,-0.014887,4320.227539,491.399994,-217.629822,-0.003151,0.003757,59.944889,10658.572266,19585.433594,-779.282654,-176.780960,-6145.449707,864.648438,0.000000,0.000000,0.000000,0.000000,0.000000,0.000000,0.000000,0.000000,0.000000
305,5.083333,-0.030151,0.000145,-54.866577,0.463670,-0.000237,-20.318483,-0.012285,-0.350146,20.322060,6821.577,1,0.157480,4,3,61.189251,1,0,0,-0.007613,0.999941,-0.007711,0.999896,0.007706,0.012225,-0.002910,0.063600,0.000000,0.000000,0.000000,1,0.015736,5544.145508,5573.956543,138.557205,-0.053130,-0.001767,61.315632,1,0.003697,4899.203125,5664.794922,3999.409912,-0.053954,-0.051013,61.063129,1,-0.003866,4887.337402,818.369385,-1736.701416,-0.005821,0.022152,60.790947,1,-0.015777,4249.425293,830.215942,47.802338,-0.005912,0.002136,59.954941,13152.896484,19577.310547,-1373.647461,-49.856434,-6613.017578,958.045715,0.000000,0.000000,0.000000,0.000000,0.000000,0.000000,0.000000,0.000000,0.000000
306,5.100000,-0.018799,0.000137,-55.205566,0.682885,-0.000475,-20.341377,-0.019826,-0.451829,20.350323,6834.443,1,0.188976,4,3,61.294731,1,0,0,-0.008944,0.999929,-0.007833,0.999763,0.009098,0.019754,-0.003591,0.083426,0.000000,0.000000,0.000000,1,0.016847,5619.014160,6647.034180,4.075180,-0.064879,-0.001131,61.486298,1,0.002634,4824.572266,6761.286133,4417.402344,-0.065938,-0.056344,61.103764,1,-0.002863,4958.697266,1216.399170,-2408.977295,-0.009420,0.025335,61.022892,1,-0.016925,4172.912598,1235.267212,323.644135,-0.009566,-0.000189,59.926220,16189.705078,19572.023438,-797.469177,-106.087975,-6875.941895,1076.656616,0.000000,0.000000,0.000000,0.000000,0.000000,0.000000,0.000000,0.000000,0.000000
307,5.116667,-0.003052,0.000124,-55.544922,0.952713,-0.000768,-20.354668,-0.029132,-0.557549,20.373184,6846.225,1,0.212598,4,3,61.389053,1,0,0,-0.010633,0.999911,-0.008007,0.999519,0.010862,0.029042,-0.005016,0.105749,0.000000,0.000000,0.000000,1,0.018244,5707.978516,7522.929688,-240.250198,-0.076414,0.000427,61.655163,1,0.001286,4737.312012,5583.428711,4773.266602,-0.071217,-0.060884,61.124092,1,-0.001579,5043.344727,1666.927979,-1977.099731,-0.013815,0.025218,61.353035,1,-0.018368,4080.854492,1694.891479,637.972412,-0.014040,-0.003139,59.857204,16867.482422,19565.871094,-1391.586060,1.093103,-4613.389648,851.949402,0.000000,0.000000,0.000000,0.000000,0.000000,0.000000,0.000000,0.000000,0.000000
308,5.133333,0.017578,0.000104,-55.884521,1.233838,-0.001183,-20.377861,-0.039622,-0.628473,20.410143,6856.760,1,0.236220,4,3,61.478065,1,0,0,-0.012605,0.999887,-0.008216,0.999136,0.012921,0.039509,-0.005220,0.123447,0.000000,0.000000,0.000000,1,0.019840,5790.390137,6792.749512,-498.590332,-0.086642,0.002629,61.828899,1,-0.000318,4646.107910,5779.700195,4784.322266,-0.073721,-0.061025,61.129223,1,-0.000033,5133.661621,2060.505859,-2015.581055,-0.018443,0.025709,61.620094,1,-0.020006,3997.793945,2098.931641,799.944946,-0.018766,-0.005761,59.742275,17149.548828,19564.710938,-1010.236633,-46.851433,-2459.234619,584.027954,0.000000,0.000000,0.000000,0.000000,0.000000,0.000000,0.000000,0.000000,0.000000
309,5.150000,0.042847,0.000077,-56.224365,1.519664,-0.001623,-20.394699,-0.050744,-0.666272,20.444933,6866.702,1,0.259843,4,3,61.573658,1,0,0,-0.014773,0.999855,-0.008468,0.998604,0.015183,0.050600,-0.005977,0.135637,0.000000,0.000000,0.000000,1,0.021572,5867.759766,7583.480957,-684.796875,-0.096728,0.004895,62.013920,1,-0.002099,4561.155273,6289.757324,4661.467773,-0.080226,-0.059457,61.136520,1,0.001699,5218.490234,2344.296143,-1737.629883,-0.022696,0.022164,61.892773,1,-0.021773,3920.447754,2393.811768,824.938599,-0.023134,-0.007529,59.603687,19013.978516,19565.171875,-471.348022,-105.975693,-3323.658691,550.657654,0.000000,0.000000,0.000000,0.000000,0.000000,0.000000,0.000000,0.000000,0.000000
310,5.166667,0.073486,0.000043,-56.564331,1.836563,-0.002048,-20.402555,-0.062719,-0.717373,20.476961,6877.379,1,0.291339,4,3,61.677746,1,0,0,-0.017121,0.999815,-0.008783,0.997887,0.017638,0.062533,-0.007469,0.147095,0.000000,0.000000,0.000000,1,0.023443,5949.774414,8631.335938,-891.381836,-0.110094,0.007298,62.208710,1,-0.004041,4473.175781,6973.371094,4645.969238,-0.088946,-0.059260,61.151314,1,0.003599,5305.932129,2598.535645,-1679.645020,-0.026574,0.021424,62.124851,1,-0.023670,3838.869629,2045.036987,586.156006,-0.026085,-0.007476,59.461449,20602.595703,19565.537109,634.435791,-220.958786,-5572.912109,471.950684,0.000000,0.000000,0.000000,0.000000,0.000000,0.000000,0.000000,0.000000,0.000000
311,5.183333,0.109863,0.000002,-56.904297,2.179940,-0.002450,-20.391981,-0.076124,-0.803082,20.498125,6889.005,1,0.314961,4,3,61.787315,1,0,0,-0.019614,0.999765,-0.009201,0.996911,0.020256,0.075880,-0.010318,0.156825,0.000000,0.000000,0.000000,1,0.025446,6035.320312,8912.161133,-1178.254272,-0.113676,0.010168,62.412407,1,-0.006098,4388.383301,6998.663086,4839.730957,-0.089269,-0.061731,61.168484,1,0.005621,5390.689453,3017.605957,-1820.805298,-0.030997,0.023225,62.348461,1,-0.025699,3752.474609,2273.601562,663.724670,-0.029000,-0.008466,59.354088,21526.949219,19564.894531,1317.348877,-254.994583,-4236.202148,309.167603,0.000000,0.000000,0.000000,0.000000,0.000000,0.000000,0.000000,0.000000,0.000000
312,5.200000,0.152222,-0.000045,-57.243774,2.538723,-0.002865,-20.370026,-0.090616,-0.868237,20.515606,6901.243,1,0.346457,4,3,61.898014,1,0,0,-0.022197,0.999706,-0.009728,0.995650,0.022986,0.090292,-0.013520,0.163252,0.000000,0.000000,0.000000,1,0.027548,6119.103516,9883.566406,-1403.281006,-0.126066,0.013037,62.625500,1,-0.008230,4307.539551,7557.314941,4969.387207,-0.096394,-0.063385,61.178978,1,0.007722,5471.242188,3385.642090,-1669.185059,-0.035521,0.021291,62.592690,1,-0.027821,3669.041504,2287.064697,603.757751,-0.029172,-0.007701,59.235397,23370.511719,19565.322266,2207.765381,-291.881866,-5278.545898,282.659454,0.000000,0.000000,0.000000,0.000000,0.000000,0.000000,0.000000,0.000000,0.000000
313,5.216667,0.201050,-0.000100,-57.582764,2.928231,-0.003268,-20.333229,-0.106461,-0.949429,20.528679,6913.607,1,0.370079,4,3,62.009895,1,0,0,-0.024856,0.999637,-0.010387,0.994028,0.025818,0.106028,-0.017172,0.169114,0.000000,0.000000,0.000000,1,0.029743,6204.728027,10230.818359,-1669.538818,-0.130495,0.016103,62.845940,1,-0.010423,4226.537598,7604.338379,5140.451660,-0.096994,-0.065567,61.184971,1,0.009894,5552.874512,3843.504395,-1683.880371,-0.040533,0.021478,62.814770,1,-0.030032,3583.164795,2470.269775,707.589111,-0.031509,-0.009025,59.125465,24336.554688,19566.060547,2904.166016,-297.976532,-4077.858398,144.330368,0.000000,0.000000,0.000000,0.000000,0.000000,0.000000,0.000000,0.000000,0.000000
314,5.233333,0.256470,-0.000161,-57.920776,3.333840,-0.003669,-20.284826,-0.123353,-1.012156,20.540310,6926.104,1,0.401575,4,3,62.122921,1,0,0,-0.027543,0.999558,-0.011176,0.992020,0.028708,0.122770,-0.020813,0.172184,0.000000,0.000000,0.000000,1,0.031996,6287.272461,11201.710938,-1879.138550,-0.142879,0.019022,63.063103,1,-0.012647,4149.218750,8104.317383,5278.131348,-0.103371,-0.067323,61.196754,1,0.012103,5630.716309,3507.575684,-1512.833984,-0.044739,0.019296,63.038998,1,-0.032296,3501.382324,2459.436523,663.353821,-0.031370,-0.008461,59.000366,25336.796875,19567.802734,3851.035400,-321.428650,-6037.652832,29.411861,0.000000,0.000000,0.000000,0.000000,0.000000,0.000000,0.000000,0.000000,0.000000
315,5.250000,0.319092,-0.000228,-58.257812,3.756120,-0.004047,-20.220642,-0.141793,-1.105042,20.547937,6938.728,1,0.433071,4,3,62.236301,1,0,0,-0.030207,0.999470,-0.012118,0.989504,0.031615,0.141006,-0.024618,0.172788,0.000000,0.000000,0.000000,1,0.034279,6366.407227,12000.107422,-2167.246582,-0.153063,0.022222,63.270718,1,-0.014866,4077.470703,8453.310547,5573.043457,-0.107823,-0.071085,61.218800,1,0.014316,5703.744141,4784.921387,-1660.108398,-0.050787,0.021175,63.238239,1,-0.034583,3423.003174,2837.722900,1043.312988,-0.036195,-0.010260,58.881729,28007.623047,19570.349609,4885.030273,-340.171906,-4151.961914,147.165039,0.000000,0.000000,0.000000,0.000000,0.000000,0.000000,0.000000,0.000000,0.000000
316,5.266667,0.389526,-0.000301,-58.593506,4.222914,-0.004379,-20.139225,-0.161298,-1.168908,20.555424,6951.392,1,0.456693,4,3,62.347435,1,0,0,-0.032892,0.999372,-0.013212,0.986472,0.034586,0.160238,-0.028824,0.176050,0.000000,0.000000,0.000000,1,0.036620,6451.634766,12435.376953,-2424.567383,-0.158615,0.025453,63.467110,1,-0.017123,3998.085938,8512.052734,5695.116211,-0.108572,-0.072642,61.247513,1,0.016575,5784.370117,4209.203613,-1457.159668,-0.053689,0.018586,63.458996,1,-0.036926,3337.976562,2778.039551,717.665344,-0.035434,-0.009154,58.707592,27657.664062,19572.107422,5937.866211,-345.952393,-5642.910645,-141.301361,0.000000,0.000000,0.000000,0.000000,0.000000,0.000000,0.000000,0.000000,0.000000
317,5.283333,0.467651,-0.000380,-58.927490,4.683875,-0.004700,-20.040260,-0.182249,-1.255731,20.556688,6963.805,1,0.488189,4,3,62.461025,1,0,0,-0.035488,0.999265,-0.014473,0.982799,0.037523,0.180826,-0.032702,0.173254,0.000000,0.000000,0.000000,1,0.038952,6526.584961,13298.352539,-2244.894775,-0.169622,0.028634,63.657951,1,-0.019332,3933.051270,8867.312500,6008.971191,-0.113103,-0.076645,61.286602,1,0.018796,5851.216309,5687.525391,-1506.765015,-0.060688,0.019219,63.650105,1,-0.039254,3264.386719,3122.914551,1132.129639,-0.039833,-0.011116,58.581024,30657.669922,19575.843750,6700.353027,-303.520599,-4092.738037,50.990440,0.000000,0.000000,0.000000,0.000000,0.000000,0.000000,0.000000,0.000000,0.000000
318,5.300000,0.554199,-0.000463,-59.259644,5.194836,-0.004969,-19.928587,-0.204251,-1.318692,20.567429,6976.492,1,0.519685,4,3,62.556335,1,0,0,-0.038062,0.999149,-0.015887,0.978474,0.040492,0.202356,-0.036392,0.174560,0.000000,0.000000,0.000000,1,0.041303,6606.149414,14124.322266,-2386.858398,-0.180157,0.030445,63.822884,1,-0.021570,3855.543457,9145.091797,6108.840332,-0.116647,-0.077919,61.314922,1,0.021056,5930.842773,4874.441895,-1421.836914,-0.062174,0.018136,63.848461,1,-0.041595,3185.701660,3038.224854,696.490662,-0.038753,-0.008884,58.393913,30500.759766,19579.277344,8293.047852,-362.226288,-6852.641113,-189.808563,0.000000,0.000000,0.000000,0.000000,0.000000,0.000000,0.000000,0.000000,0.000000
319,5.316667,0.649292,-0.000549,-59.589478,5.703182,-0.005188,-19.790369,-0.228009,-1.424128,20.566700,6987.137,1,0.551181,4,3,62.651314,1,0,0,-0.040511,0.999026,-0.017491,0.973277,0.043415,0.225492,-0.040340,0.170859,0.000000,0.000000,0.000000,1,0.043632,6678.919922,14822.594727,-3277.243652,-0.189064,0.034660,63.980892,1,-0.023756,3792.178467,9341.633789,6436.040039,-0.119153,-0.082092,61.349365,1,0.023270,5996.392578,6639.038086,-1885.698730,-0.070528,0.020332,64.034409,1,-0.043911,3113.935059,3521.916504,1176.265747,-0.044922,-0.011155,58.270435,33006.898438,19582.857422,10645.106445,-498.347168,-2799.395020,-44.412781,0.000000,0.000000,0.000000,0.000000,0.000000,0.000000,0.000000,0.000000,0.000000
320,5.333333,0.753540,-0.000638,-59.916382,6.253297,-0.005321,-19.612951,-0.252486,-1.467193,20.552650,6997.746,1,0.574803,4,3,62.763111,1,0,0,-0.042905,0.998893,-0.019282,0.967345,0.046360,0.249186,-0.046285,0.170781,0.000000,0.000000,0.000000,1,0.046010,6763.953125,15361.903320,-2536.702148,-0.195943,0.032356,64.150162,1,-0.025927,3723.458496,9146.891602,6411.836914,-0.119983,-0.084106,61.406055,1,0.025468,6065.560547,5581.730957,-820.990540,-0.071196,0.010472,64.288116,1,-0.046281,3028.347412,3275.449463,847.755554,-0.041779,-0.010813,58.076878,32207.501953,19582.490234,10152.222656,-214.818237,-6800.353516,-337.331940,0.000000,0.000000,0.000000,0.000000,0.000000,0.000000,0.000000,0.000000,0.000000
321,5.350000,0.866699,-0.000730,-60.240356,6.790089,-0.005531,-19.443748,-0.278706,-1.571835,20.560873,7010.233,1,0.606299,4,3,62.849312,1,0,0,-0.045103,0.998757,-0.021235,0.960356,0.049203,0.274399,-0.048065,0.163904,0.000000,0.000000,0.000000,1,0.048292,6824.070312,16090.918945,-3505.947754,-0.205241,0.036945,64.287918,1,-0.028029,3665.295898,8948.995117,6389.446777,-0.122405,-0.087395,61.442902,1,0.027614,6127.843262,7591.807129,-1243.774048,-0.080712,0.012473,64.386299,1,-0.048545,2970.471680,3797.692871,998.601074,-0.048440,-0.012737,57.931305,34201.355469,19589.781250,13311.823242,-464.252594,-2211.293945,-217.895187,0.000000,0.000000,0.000000,0.000000,0.000000,0.000000,0.000000,0.000000,0.000000
322,5.366667,0.989380,-0.000244,-60.560791,7.360112,-0.005579,-19.221886,-0.305493,-1.605862,20.544912,7019.861,1,0.637795,4,3,62.966579,1,0,0,-0.047177,0.998613,-0.023356,0.952534,0.052016,0.299955,-0.053255,0.160451,0.000000,0.000000,0.000000,1,0.050000,7425.268555,18314.498047,-2831.321289,-0.233603,0.036114,64.452644,1,-0.030076,3606.631348,8797.816406,6298.295898,-0.125619,-0.089930,61.514782,1,0.029704,6187.739258,6390.313477,-975.776733,-0.081509,0.012446,64.546242,1,-0.050819,2894.624268,3548.623047,895.311218,-0.045263,-0.011420,57.763699,34448.757812,20041.433594,14501.643555,256.093231,-7524.711426,-473.215576,0.000000,0.000000,0.000000,0.000000,0.000000,0.000000,0.000000,0.000579,0.000000
323,5.383333,1.121704,0.001695,-60.877197,7.934258,0.000538,-18.980192,-0.334209,-1.721665,20.531956,7032.959,2,0.669291,4,4,87.614624,1,0,0,-0.048971,0.998473,-0.025551,0.943404,0.054641,0.327114,-0.048999,0.149948,0.000000,0.000579,0.000000,1,0.050000,7066.015137,12008.927734,17468.335938,-0.227519,-0.100136,89.738464,1,-0.032758,3422.729248,2160.228027,8985.339844,-0.117875,-0.117875,85.541046,1,0.031098,6127.420410,8664.734375,-1370.198730,-0.092277,0.014314,64.667038,1,-0.053502,2745.030518,3938.817383,1542.757324,-0.050240,-0.014485,57.611179,38587.960938,19231.476562,-10092.591797,3292.985352,-9634.050781,127.201431,0.000000,0.000000,0.000000,0.000000,0.000000,0.000000,0.000000,0.001930,0.000000
324,5.400000,1.264648,0.002570,-61.196289,8.577391,-0.003863,-19.148401,-0.365392,-1.869945,20.948582,7032.959,2,0.700787,4,4,85.831673,1,0,0,-0.050533,0.998350,-0.027252,0.932619,0.056933,0.356342,-0.008993,0.143307,0.000000,0.001930,0.000000,1,0.050000,6785.872559,9927.717773,17772.816406,-0.231639,-0.216891,87.772690,1,-0.037216,3007.407959,2323.771484,7780.393066,-0.103571,-0.103571,83.933578,1,0.031886,6061.361816,10481.031250,-3203.532715,-0.107648,0.024168,64.845444,1,-0.056275,2640.570557,4923.809082,401.914276,-0.062804,-0.011011,57.364086,38558.835938,18284.775391,-5238.363281,2248.938721,-3942.012695,-158.346390,0.000000,0.000000,0.000000,0.000000,0.000000,0.000000,0.000000,0.000940,0.000000
325,5.416667,1.418335,0.002628,-61.516846,9.220037,-0.021196,-19.235708,-0.397583,-1.930648,21.304945,6951.216,2,0.732283,4,4,84.109070,1,0,0,-0.051853,0.998246,-0.028574,0.920544,0.058871,0.386179,0.019528,0.133348,0.000000,0.000940,0.000000,1,0.050000,6637.571289,7590.731934,16234.498047,-0.228590,-0.228590,85.846649,1,-0.040625,3055.362061,2943.892334,7706.320801,-0.105223,-0.105223,82.406662,1,0.034317,6390.128906,12297.468750,-4892.132812,-0.125913,0.038359,65.291649,1,-0.056862,2953.540527,6157.255859,-1076.874756,-0.078536,-0.001826,57.283638,38173.621094,18985.740234,586.896973,548.523682,3081.171875,-371.133484,0.000000,0.000000,0.000000,0.000000,0.000000,0.000000,0.000000,0.000411,0.000000
326,5.433333,1.582642,0.002360,-61.837280,9.856264,-0.029332,-19.225927,-0.428981,-1.883272,21.583401,6853.935,2,0.763780,4,4,82.494537,1,0,0,-0.053008,0.998151,-0.029761,0.907846,0.060583,0.414903,0.027597,0.124416,0.000000,0.000411,0.000000,1,0.050000,6585.788086,9388.382812,15101.145508,-0.226806,-0.226806,84.058250,1,-0.043323,3075.212402,3670.234863,7447.845215,-0.105907,-0.105907,80.959915,1,0.037417,6592.923828,13718.853516,-6047.896484,-0.144128,0.052754,65.984512,1,-0.056428,3122.498047,6426.855469,-2757.785156,-0.081975,0.011909,57.419201,39684.808594,19404.035156,8055.463379,-765.276917,2106.111328,-296.328064,0.000000,0.000000,0.000000,0.000000,0.000000,0.000000,0.000000,0.000220,0.000000
327,5.450000,1.757935,0.002191,-62.155518,10.517677,-0.032084,-19.091669,-0.459836,-1.850869,21.776247,6742.577,2,0.795276,4,4,80.973282,1,0,0,-0.054086,0.998052,-0.031099,0.894493,0.062269,0.442724,0.018834,0.121209,0.000000,0.000220,0.000000,1,0.050000,6628.236328,11614.332031,14736.605469,-0.239327,-0.239327,82.381966,1,-0.045640,3057.320801,4251.654297,7075.634766,-0.105290,-0.105290,79.588684,1,0.040594,6708.293945,11465.428711,-6748.917969,-0.146243,0.065125,66.846199,1,-0.055879,3157.937012,6226.446289,-4149.396484,-0.079419,0.027134,57.800297,37921.308594,19598.136719,12893.371094,-1288.383667,-5581.315430,-653.433777,0.000000,0.000000,0.000000,0.000000,0.000000,0.000000,0.000000,0.000366,0.000000
328,5.466667,1.943726,0.002251,-62.470215,11.149699,-0.032259,-18.876780,-0.492120,-1.936737,21.904913,6618.338,2,0.826772,4,4,79.501411,1,0,0,-0.054934,0.997952,-0.032784,0.879620,0.063905,0.471364,0.004516,0.112969,0.000000,0.000366,0.000000,1,0.050000,6694.666504,14141.440430,14217.095703,-0.255773,-0.255773,80.758141,1,-0.047800,3010.640137,4617.299316,6690.050781,-0.103683,-0.103683,78.264236,1,0.043282,6721.961426,12583.147461,-7268.179199,-0.160499,0.075363,67.810287,1,-0.055741,3100.112305,6662.052734,-4872.296387,-0.084975,0.040130,58.384666,39721.132812,19549.503906,18928.626953,-1721.160400,-6204.001465,-469.120819,0.000000,0.000000,0.000000,0.000000,0.000000,0.000000,0.000000,0.000598,0.000000
329,5.483333,2.140503,0.002712,-62.779541,11.811718,-0.033222,-18.561302,-0.525995,-2.032175,21.982643,6481.490,2,0.858268,4,4,78.090195,1,0,0,-0.055621,0.997841,-0.034928,0.863035,0.065638,0.500861,-0.016344,0.110241,0.000000,0.000598,0.000000,1,0.050000,6812.022461,15883.558594,12659.133789,-0.259070,-0.255505,79.200424,1,-0.049937,2944.166992,4868.278809,6284.143066,-0.101394,-0.101394,76.995529,1,0.045449,6713.770996,13427.993164,-5101.690430,-0.171275,0.065073,68.850220,1,-0.056274,2980.709961,6827.948242,-3330.218750,-0.087091,0.042477,59.074631,41579.000000,19434.587891,20602.410156,-1360.849976,-5762.314453,-235.169006,0.000000,0.000000,0.000000,0.000000,0.000000,0.000000,0.000000,0.001015,0.000000
330,5.500000,2.348999,0.003490,-63.083130,12.504702,-0.035710,-18.217928,-0.561345,-2.120818,22.078798,6333.007,2,0.889764,4,4,76.810608,1,0,1,-0.056187,0.997717,-0.037463,0.844674,0.067507,0.531008,-0.033613,0.110973,0.000000,0.001015,0.000000,1,0.050000,6912.415039,17389.363281,10700.489258,-0.260432,-0.239366,77.797310,1,-0.052348,2823.973877,5010.418945,5747.364746,-0.097254,-0.097254,75.836426,1,0.047092,6687.802246,14069.616211,-6852.212891,-0.179459,0.073360,69.100281,1,-0.057543,2827.709961,5756.651855,-6230.927734,-0.086707,0.061546,57.392090,37134.628906,19185.789062,28992.156250,1475.876709,-65957.273438,1396.106445,0.000000,0.000000,0.000000,0.000000,0.000000,0.000000,0.000000,0.001373,0.000000
331,5.516667,2.567749,0.003766,-63.378662,13.123612,-0.041182,-17.734726,-0.613607,-3.135541,22.056360,6175.949,2,0.921260,4,4,75.698265,1,0,1,-0.056304,0.997583,-0.040710,0.815635,0.069475,0.574380,-0.018457,0.129920,0.000000,0.001373,0.000000,1,0.050000,6787.743652,16239.791016,12285.371094,-0.259724,-0.196481,76.588676,1,-0.055631,2584.294678,4038.537109,5690.084961,-0.089000,-0.089000,74.818207,1,0.049191,6825.443359,19143.964844,-7265.587402,-0.231623,0.091209,69.741302,1,-0.058516,2840.808594,7732.044434,-1867.030029,-0.101457,0.056449,56.133263,43610.218750,18968.265625,29147.972656,747.437012,-42499.738281,1584.610352,0.000000,0.000000,0.000000,0.000000,0.000000,0.000000,0.000000,0.000962,0.000000
332,5.533333,2.798584,0.005530,-63.666138,13.850450,-0.049763,-17.248926,-0.676764,-3.789378,22.121468,6013.384,2,0.952756,4,4,74.483543,1,0,1,-0.056190,0.997428,-0.044503,0.777576,0.071677,0.624690,-0.014355,0.154991,0.000000,0.000962,0.000000,1,0.050000,6721.778809,20125.685547,1203.527588,-0.257164,-0.154345,75.250656,1,-0.059013,2458.709473,3779.896484,5457.313965,-0.084675,-0.084675,73.724251,1,0.050000,7761.081055,20770.271484,-6390.101074,-0.277181,0.114375,70.577965,1,-0.058546,2982.785156,8163.704590,-1762.514771,-0.106528,0.073212,54.236992,36092.562500,19813.404297,41566.324219,-1884.400391,-23285.617188,-928.117676,0.000000,0.000000,0.000000,0.000000,0.000000,0.000000,0.000000,0.002593,0.000000
333,5.550000,3.039551,0.008798,-63.942139,14.451992,-0.046885,-16.556154,-0.745889,-4.147620,21.967621,5836.629,2,0.984252,4,4,74.027145,1,0,1,-0.055418,0.997260,-0.048992,0.732392,0.073951,0.676855,-0.037897,0.147972,0.000000,0.002593,0.000000,1,0.049207,6387.106445,18845.380859,482.732941,-0.240454,-0.112428,74.860580,1,-0.063867,2076.785156,3215.918701,4593.462891,-0.071522,-0.071522,73.202988,1,0.050000,7563.823242,20667.779297,-4623.900391,-0.270137,0.135272,71.422005,1,-0.060639,2601.389893,7121.081055,-1531.429565,-0.092907,0.075307,52.325455,31177.562500,18376.810547,40885.800781,-1394.952637,-19938.695312,-1602.828857,0.000000,0.000000,0.000000,0.000000,0.000000,0.000000,0.000000,0.004050,0.000000
334,5.566667,3.289062,0.011608,-64.206665,14.971618,-0.062603,-15.874724,-0.820124,-4.454367,21.776110,5683.119,2,1.000000,4,4,73.676956,1,0,1,-0.053725,0.997098,-0.053928,0.680014,0.076082,0.729241,-0.053122,0.128080,0.000000,0.004050,0.000000,1,0.046673,6039.965820,16877.005859,518.183289,-0.215369,-0.070670,74.575172,1,-0.069545,1766.240723,2740.880371,3902.499756,-0.060827,-0.060827,72.789558,1,0.050000,7516.529785,20771.888672,-3387.427490,-0.268447,0.153732,72.075684,1,-0.064166,2268.487305,6211.365234,-1328.100464,-0.081017,0.074403,50.380165,26914.724609,17208.460938,39501.332031,-1090.939941,-15145.187500,-2319.830078,0.000000,0.000000,0.000000,0.000000,0.000000,0.000000,0.000000,0.003853,0.000000
335,5.583333,3.546021,0.013722,-64.460205,15.420197,-0.094015,-15.216369,-0.898241,-4.687355,21.541388,5530.761,2,1.000000,4,4,73.370697,1,0,1,-0.050910,0.996957,-0.059035,0.620908,0.077895,0.780004,-0.061179,0.096170,0.000000,0.003853,0.000000,1,0.045049,6125.061035,16505.160156,1036.398193,-0.210940,-0.039837,74.321800,1,-0.073906,1823.529785,2837.940918,4023.337158,-0.062800,-0.062800,72.431770,1,0.050000,7473.084473,20788.472656,-2383.243164,-0.266896,0.137557,72.548752,1,-0.067171,2249.455811,6157.964844,-1322.977051,-0.080338,0.080338,48.405174,25023.234375,17378.435547,40360.937500,-877.026123,-11471.601562,-2126.041992,0.000000,0.000000,0.000000,0.000000,0.000000,0.000000,0.000000,0.003681,0.000000
336,5.600000,3.809937,0.015236,-64.702759,15.837251,-0.123230,-14.543686,-0.979300,-4.863827,21.255709,5377.622,2,1.000000,4,4,73.021606,1,0,1,-0.047040,0.996832,-0.064128,0.555623,0.079462,0.827629,-0.067396,0.067707,0.000000,0.003681,0.000000,1,0.044275,6228.719727,16724.287109,1768.599121,-0.214509,-0.050778,74.018120,1,-0.077071,1901.799072,2991.848389,4173.200684,-0.065496,-0.065496,72.038506,1,0.050000,7444.547363,20786.939453,-1551.135864,-0.265877,0.107152,72.875137,1,-0.069734,2232.949707,6111.668945,-1318.425415,-0.079748,0.079748,46.429436,23268.431641,17596.914062,41910.183594,-716.687500,-9423.898438,-1841.811523,0.000000,0.000000,0.000000,0.000000,0.000000,0.000000,0.000000,0.003568,0.000000
337,5.616667,4.080322,0.016278,-64.933472,16.225058,-0.149617,-13.845182,-1.062775,-5.008800,20.910347,5219.209,2,1.000000,4,4,72.613403,1,0,1,-0.042208,0.996719,-0.069068,0.484623,0.080877,0.870976,-0.072992,0.043918,0.000000,0.003568,0.000000,1,0.044261,6343.653320,16936.083984,2555.941650,-0.218468,-0.068025,73.644508,1,-0.079268,1977.194092,3140.018799,4317.297852,-0.068092,-0.068092,71.596733,1,0.050000,7437.049805,20807.267578,-828.075928,-0.265609,0.067871,73.079971,1,-0.071975,2208.537842,6047.348633,-1292.386841,-0.078876,0.078876,44.453030,21287.458984,17822.578125,43520.625000,-546.526367,-7800.078125,-1570.416992,0.000000,0.000000,0.000000,0.000000,0.000000,0.000000,0.000000,0.003535,0.000000
338,5.633333,4.356689,0.016968,-65.151978,16.579849,-0.173073,-13.119839,-1.148251,-5.128794,20.501215,5053.915,2,1.000000,4,4,72.142769,1,0,1,-0.036502,0.996610,-0.073723,0.408465,0.082207,0.909064,-0.077525,0.024158,0.000000,0.003535,0.000000,1,0.044865,6457.378906,17107.906250,3360.962158,-0.222384,-0.092604,73.196587,1,-0.080736,2039.656738,3259.850586,4438.606934,-0.070243,-0.070243,71.104118,1,0.050000,7447.766602,20853.076172,-167.067795,-0.265992,0.026895,73.179192,1,-0.074012,2173.008057,5955.590332,-1245.446411,-0.077607,0.077607,42.472820,19055.335938,18024.818359,45077.464844,-367.436279,-6449.578125,-1332.034180,0.000000,0.000000,0.000000,0.000000,0.000000,0.000000,0.000000,0.003575,0.000000
339,5.650000,4.638306,0.017407,-65.358154,16.897438,-0.193902,-12.368547,-1.235381,-5.228014,20.026461,4880.714,2,1.000000,4,4,71.610054,1,0,1,-0.030016,0.996505,-0.077959,0.327800,0.083495,0.941050,-0.080408,0.007607,0.000000,0.003575,0.000000,1,0.045941,6564.164062,17225.867188,4169.274414,-0.226062,-0.125441,72.674065,1,-0.081682,2088.032227,3343.808594,4538.993164,-0.071909,-0.071909,70.561623,1,0.050000,7472.844238,20918.863281,461.953918,-0.266887,0.022249,73.181854,1,-0.075924,2129.525635,5844.334961,-1182.032959,-0.076054,0.076054,40.485756,16599.171875,18198.294922,46512.351562,-188.601562,-5312.296875,-1116.306152,0.000000,0.000000,0.000000,0.000000,0.000000,0.000000,0.000000,0.003670,0.000000
340,5.666667,4.924561,0.017675,-65.551392,17.174091,-0.212480,-11.593342,-1.323873,-5.309738,19.486328,4844.674,2,1.000000,4,4,71.529869,1,0,1,-0.022846,0.996399,-0.081650,0.243361,0.084757,0.966225,-0.081236,-0.006243,0.000000,0.003670,0.000000,1,0.047350,6660.628906,17189.900391,5284.005859,-0.229384,-0.170234,72.598885,1,-0.082270,2123.371094,3356.150391,4648.087402,-0.073126,-0.073126,70.476593,1,0.050000,7508.330078,20995.958984,1072.324097,-0.268155,0.010606,73.092636,1,-0.077755,2082.143066,5723.718750,-1108.128784,-0.074362,0.074362,38.489429,14299.251953,18343.587891,47697.527344,17.405640,-5097.609375,-828.592285,0.000000,0.000000,0.000000,0.000000,0.000000,0.000000,0.000000,0.003809,0.000000
341,5.683333,5.214844,0.017852,-65.731323,17.412413,-0.229211,-10.798383,-1.413674,-5.388159,18.887213,4839.249,2,1.000000,4,4,71.367935,1,0,1,-0.015095,0.996295,-0.084671,0.155756,0.085990,0.984046,-0.079257,-0.016694,0.000000,0.003809,0.000000,1,0.048939,6739.974121,17080.585938,6278.394043,-0.232116,-0.227214,72.423874,1,-0.082637,2144.709961,3334.848633,4734.045410,-0.073861,-0.073861,70.327393,1,0.050000,7555.877441,21092.162109,1648.147217,-0.269853,-0.008536,72.914261,1,-0.079489,2040.046875,5618.754395,-1028.610718,-0.072859,0.072859,36.482307,11704.388672,18466.025391,48759.753906,193.556152,-4518.796875,-623.166504,0.000000,0.000000,0.000000,0.000000,0.000000,0.000000,0.000000,0.003998,0.000000
342,5.700000,5.508179,0.017979,-65.897827,17.607487,-0.244359,-9.985720,-1.504633,-5.457675,18.228880,4828.294,2,1.000000,4,4,71.134163,1,0,1,-0.006876,0.996192,-0.086909,0.065766,0.087173,0.994020,-0.074469,-0.024673,0.000000,0.003998,0.000000,1,0.050000,8256.992188,20515.529297,8725.255859,-0.284361,-0.284361,72.160782,1,-0.082890,2153.848145,3285.057861,4798.661621,-0.074176,-0.074176,70.122147,1,0.050000,7606.066406,21181.394531,2215.879395,-0.271645,-0.035859,72.651772,1,-0.081132,2000.270020,5520.387207,-945.406555,-0.071438,0.071438,34.463570,9308.063477,19957.472656,53529.554688,933.710815,-8784.656250,1254.990723,0.000000,0.000000,0.000000,0.000000,0.000000,0.000000,0.000000,0.004199,0.000000
343,5.716667,5.804199,0.018391,-66.049438,17.762621,-0.239380,-9.093560,-1.597846,-5.592817,17.509949,4812.479,2,1.000000,4,4,70.732887,1,0,1,0.001473,0.996110,-0.088100,-0.027022,0.088108,0.995744,-0.056558,-0.011271,0.000000,0.004199,0.000000,1,0.050000,7904.463867,19293.353516,9124.126953,-0.272220,-0.272220,71.688133,1,-0.083617,2058.218994,3039.539062,4652.266113,-0.070883,-0.070883,69.790367,1,0.050000,7650.292480,21250.943359,2692.374023,-0.273225,-0.071015,72.306358,1,-0.082388,2017.869629,5583.821289,-862.458496,-0.072067,0.072067,32.432678,5670.275391,19568.158203,53033.566406,811.710876,-4306.132812,524.363770,0.000000,0.000000,0.000000,0.000000,0.000000,0.000000,0.000000,0.004403,0.000000
344,5.733333,6.101807,0.018834,-66.186279,17.857126,-0.239500,-8.209667,-1.692163,-5.659059,16.731621,4785.331,2,1.000000,4,4,70.316071,1,0,1,0.009884,0.996051,-0.088227,-0.120668,0.088774,0.988716,-0.039869,-0.005344,0.000000,0.004403,0.000000,1,0.050000,7794.699707,18611.285156,9825.533203,-0.268440,-0.268440,71.191010,1,-0.084519,2002.035889,2874.636719,4577.757324,-0.068948,-0.068948,69.451881,1,0.050000,7652.690430,21182.154297,3233.489990,-0.273310,-0.115552,71.891342,1,-0.083398,2022.302002,5607.574219,-786.384705,-0.072225,0.072225,30.389669,2244.701172,19411.255859,52889.660156,803.595215,-2651.523438,393.904297,0.000000,0.000000,0.000000,0.000000,0.000000,0.000000,0.000000,0.004435,0.000000
345,5.750000,6.400024,0.019202,-66.308350,17.894539,-0.241678,-7.328173,-1.787160,-5.699846,15.903878,4757.131,2,1.000000,4,4,69.858658,1,0,1,0.018228,0.996018,-0.087273,-0.213906,0.089151,0.972778,-0.023016,-0.000135,0.000000,0.004435,0.000000,1,0.050000,7713.609863,17975.843750,10517.718750,-0.265647,-0.265647,70.640320,1,-0.085301,1994.846436,2781.869873,4612.062012,-0.068700,-0.068700,69.085640,1,0.050000,7637.474609,21048.357422,3779.130859,-0.272767,-0.170240,71.397285,1,-0.084028,2059.518311,5721.130371,-723.145386,-0.073554,0.073554,28.335548,-1157.018188,19361.275391,52754.382812,710.567261,-1639.445312,372.982422,0.000000,0.000000,0.000000,0.000000,0.000000,0.000000,0.000000,0.004396,0.000000
346,5.766667,6.697998,0.019448,-66.415894,17.875256,-0.244543,-6.448933,-1.882578,-5.725062,15.034956,4726.186,2,1.000000,4,4,69.354080,1,0,1,0.026376,0.996008,-0.085275,-0.305620,0.089255,0.947961,-0.007928,0.005456,0.000000,0.004396,0.000000,1,0.050000,7653.535156,17374.560547,11186.959961,-0.263578,-0.263578,70.031616,1,-0.085844,2013.365723,2720.395996,4706.431152,-0.069338,-0.069338,68.683098,1,0.050000,7614.051270,20878.248047,4314.295410,-0.271930,-0.235540,70.823524,1,-0.084264,2111.486816,5874.962891,-662.176758,-0.075410,0.075410,26.272190,-4579.444336,19368.824219,52525.128906,580.297729,-977.734375,408.000488,0.000000,0.000000,0.000000,0.000000,0.000000,0.000000,0.000000,0.004322,0.000000
347,5.783333,6.994629,0.019561,-66.508667,17.798931,-0.247350,-5.573514,-1.978246,-5.740099,14.132885,4692.049,2,1.000000,4,4,68.799980,1,0,1,0.034201,0.996021,-0.082297,-0.394792,0.089113,0.914439,0.004675,0.011851,0.000000,0.004322,0.000000,1,0.050000,7607.408691,16794.726562,11824.925781,-0.261990,-0.261990,69.364113,1,-0.086109,2046.887451,2671.386963,4838.073730,-0.070492,-0.070492,68.240440,1,0.050000,7587.808594,20688.070312,4836.369629,-0.270993,-0.270993,70.171593,1,-0.084131,2171.888672,6051.590820,-600.258789,-0.077567,0.077567,24.199926,-8030.475586,19411.425781,52147.281250,413.080078,-483.289062,469.412109,0.000000,0.000000,0.000000,0.000000,0.000000,0.000000,0.000000,0.004235,0.000000
348,5.800000,7.289062,0.019550,-66.587036,17.665091,-0.249646,-4.704392,-2.074039,-5.747529,13.205889,4654.562,2,1.000000,4,4,68.196083,1,0,0,0.041588,0.996052,-0.078428,-0.480474,0.088761,0.872506,0.014216,0.019100,0.000000,0.004235,0.000000,1,0.049775,6491.868164,13913.778320,10660.166016,-0.223572,-0.223572,68.638924,1,-0.086107,2087.450195,2622.946777,4988.581543,-0.071889,-0.071889,67.756096,1,0.050000,7562.931152,20490.707031,5344.404785,-0.270105,-0.270105,69.443398,1,-0.083668,2237.150391,6256.088379,-315.148926,-0.079898,0.079898,24.265867,-10703.146484,18388.892578,48849.613281,3014.763672,63038.941406,-5542.141113,0.000000,0.000000,0.000000,0.000000,0.000000,0.000000,0.000000,0.004150,0.000000
349,5.816667,7.580566,0.017856,-66.651978,17.486704,-0.263428,-3.890232,-2.153667,-4.777699,12.458038,4613.707,2,1.000000,4,4,67.662064,1,0,0,0.048412,0.996080,-0.074040,-0.548290,0.088462,0.831596,0.048378,-0.045197,0.000000,0.004150,0.000000,1,0.050000,8116.310059,16681.259766,14211.283203,-0.279516,-0.279516,68.006912,1,-0.084421,2398.220459,3252.428711,5599.094727,-0.082592,-0.082592,67.318962,1,0.050000,7211.187988,19111.556641,6514.450684,-0.257542,-0.257542,68.640991,1,-0.084650,1985.739502,5552.426270,-291.455841,-0.070919,0.070919,24.290163,-12811.146484,19736.109375,52049.546875,712.413208,30245.769531,-69.640747,0.000000,0.000000,0.000000,0.000000,0.000000,0.000000,0.000000,0.002697,0.000000
350,5.833333,7.868408,0.017399,-66.702393,17.273184,-0.261314,-3.022740,-2.225540,-4.312377,11.860654,4577.579,2,1.000000,4,4,66.850769,1,0,0,0.054283,0.996115,-0.069338,-0.606532,0.088055,0.790168,0.060768,-0.043109,0.000000,0.002697,0.000000,1,0.050000,8088.951660,16254.718750,14586.880859,-0.278574,-0.278574,67.048546,1,-0.081100,2754.924805,3811.684814,6387.434570,-0.094876,-0.094876,66.653572,1,0.050000,7142.895508,18659.501953,7199.116211,-0.255103,-0.255103,67.667679,1,-0.084275,2203.970947,6165.936035,-252.862793,-0.078713,0.074411,24.310997,-15587.083008,20313.029297,52603.671875,-476.737915,20483.144531,566.472107,0.000000,0.000000,0.000000,0.000000,0.000000,0.000000,0.000000,0.003899,0.000000
351,5.850000,8.152100,0.018472,-66.738159,17.013399,-0.251920,-2.146012,-2.292161,-3.997252,11.358663,4522.691,2,1.000000,4,4,65.963898,1,0,0,0.059366,0.996141,-0.064643,-0.657738,0.087746,0.748119,0.054718,-0.037255,0.000000,0.003899,0.000000,1,0.050000,8023.315918,15855.390625,14761.103516,-0.276313,-0.276313,66.023140,1,-0.079351,2573.413818,3583.372803,5952.912598,-0.088625,-0.088625,65.904709,1,0.050000,7161.504883,18501.525391,7732.067383,-0.255768,-0.255768,66.594353,1,-0.085186,1978.923584,5538.898926,-152.067123,-0.070676,0.060790,24.326195,-17582.746094,19765.958984,50728.292969,-414.393799,14032.219727,1352.891113,0.000000,0.000000,0.000000,0.000000,0.000000,0.000000,0.000000,0.005271,0.000000
352,5.866667,8.430664,0.019186,-66.759766,16.720354,-0.249611,-1.300540,-2.355183,-3.781379,10.916985,4462.691,2,1.000000,4,4,65.097031,1,0,0,0.063605,0.996178,-0.059871,-0.703524,0.087308,0.705288,0.053892,-0.018938,0.000000,0.005271,0.000000,1,0.050000,7911.298340,15422.703125,14778.747070,-0.272455,-0.272455,65.009483,1,-0.079158,2343.468262,3256.596436,5424.953125,-0.080706,-0.080706,65.184700,1,0.048417,6241.240234,15994.468750,7040.535156,-0.222901,-0.222901,65.443176,1,-0.087112,1761.880127,4932.882812,-61.363819,-0.062924,0.047169,24.326668,-18509.601562,18150.906250,46072.382812,-1404.888672,7684.956055,2453.917969,0.000000,0.000000,0.000000,0.000000,0.000000,0.000000,0.000000,0.004874,0.000000
353,5.883333,8.704224,0.019157,-66.768677,16.411861,-0.268761,-0.532667,-2.416234,-3.663164,10.489906,4404.045,2,1.000000,4,4,64.266785,1,0,0,0.066900,0.996232,-0.055185,-0.745267,0.086669,0.661109,0.042184,0.013163,0.000000,0.004874,0.000000,1,0.050000,7791.179199,15009.228516,14739.204102,-0.268319,-0.268319,64.025230,1,-0.078632,2411.185059,3315.249756,5602.840332,-0.083038,-0.083038,64.509254,1,0.047039,6227.466309,15865.527344,7234.000488,-0.222410,-0.222410,64.393013,1,-0.087487,1985.221436,5558.509277,35.129150,-0.070901,0.045331,24.313892,-21075.791016,18376.400391,45413.839844,-1679.266602,7021.192383,1915.470093,0.000000,0.000000,0.000000,0.000000,0.000000,0.000000,0.000000,0.004450,0.000000
354,5.900000,8.971924,0.018524,-66.765015,16.060598,-0.284975,0.224230,-2.475484,-3.555152,10.101455,4347.876,2,1.000000,4,4,63.429489,1,0,0,0.069432,0.996295,-0.050740,-0.783163,0.085943,0.615849,0.024389,0.036556,0.000000,0.004450,0.000000,1,0.050000,7695.527344,14659.619141,14724.731445,-0.265025,-0.265025,63.039604,1,-0.077839,2477.570801,3368.344238,5779.522461,-0.085325,-0.085325,63.821785,1,0.046905,6411.815430,16247.889648,7636.703125,-0.228993,-0.228993,63.314594,1,-0.086487,2226.515137,6232.489258,147.822250,-0.079518,0.038545,24.287022,-23885.843750,18867.021484,45225.617188,-1580.350342,7096.264648,1241.231812,0.000000,0.000000,0.000000,0.000000,0.000000,0.000000,0.000000,0.004117,0.000000
355,5.916667,9.232910,0.017472,-66.748657,15.662501,-0.294677,0.977991,-2.532915,-3.445977,9.758637,4291.230,2,1.000000,4,4,62.583481,1,0,0,0.071396,0.996359,-0.046599,-0.817294,0.085218,0.569885,0.005782,0.050112,0.000000,0.004117,0.000000,1,0.050000,7620.891602,14367.101562,14730.070312,-0.262454,-0.262454,62.054985,1,-0.076936,2523.848633,3394.994385,5908.463379,-0.086918,-0.086918,63.116478,1,0.047741,6586.500000,16610.455078,8012.954590,-0.235232,-0.235232,62.177353,1,-0.084519,2437.793945,6820.670898,265.149536,-0.087064,0.027644,24.243690,-26627.613281,19291.572266,44808.605469,-1393.822021,7024.735352,705.192200,0.000000,0.000000,0.000000,0.000000,0.000000,0.000000,0.000000,0.003859,0.000000
356,5.933333,9.486694,0.016147,-66.719971,15.218708,-0.298735,1.724801,-2.588545,-3.337899,9.462368,4233.995,2,1.000000,4,4,61.730564,1,0,0,0.072953,0.996418,-0.042779,-0.847795,0.084548,0.523541,-0.011793,0.055973,0.000000,0.003859,0.000000,1,0.050000,7560.950684,14115.600586,14748.027344,-0.260390,-0.260390,61.081600,1,-0.076043,2551.600342,3398.387939,5992.804199,-0.087874,-0.087874,62.386421,1,0.049303,6747.675781,16946.525391,8353.399414,-0.240988,-0.240988,60.985149,1,-0.081916,2619.308594,7324.221680,379.832397,-0.093547,0.013438,24.183220,-29269.509766,19646.201172,44154.402344,-1186.278320,6862.488281,307.928467,0.000000,0.000000,0.000000,0.000000,0.000000,0.000000,0.000000,0.003653,0.000000
357,5.950000,9.732178,0.014655,-66.678955,14.730883,-0.298066,2.460707,-2.642416,-3.232316,9.212470,4176.292,2,1.000000,4,4,60.872810,1,0,0,0.074230,0.996468,-0.039271,-0.874833,0.083971,0.477090,-0.027533,0.056183,0.000000,0.003653,0.000000,1,0.050000,7509.008789,13895.586914,14763.498047,-0.258601,-0.258601,60.119560,1,-0.075244,2563.229980,3382.579102,6037.759766,-0.088275,-0.088275,61.635498,1,0.050000,8062.340332,20181.087891,10116.033203,-0.287941,-0.287941,59.743217,1,-0.078929,2775.121826,7755.150879,485.622803,-0.099111,-0.003266,24.105999,-33585.312500,21034.726562,46005.789062,394.979614,9484.577148,-238.080688,0.000000,0.000000,0.000000,0.000000,0.000000,0.000000,0.000000,0.003476,0.000000
358,5.966667,9.968384,0.013284,-66.625122,14.171127,-0.278906,3.227471,-2.693856,-3.086399,9.044481,4118.262,2,1.000000,4,4,60.012951,1,0,0,0.075283,0.996519,-0.035818,-0.898280,0.083369,0.431443,-0.023689,0.052879,0.000000,0.003476,0.000000,1,0.050000,7454.015625,13688.235352,14754.039062,-0.256707,-0.256707,59.169807,1,-0.074439,2590.531738,3406.554932,6108.807129,-0.089215,-0.089215,60.868107,1,0.050000,7833.422363,19567.972656,9908.406250,-0.279765,-0.279765,58.243816,1,-0.076222,2821.088379,7881.168945,531.159851,-0.100753,-0.020597,24.013325,-35365.308594,20815.050781,43892.292969,41.039551,7392.073242,-173.993317,0.000000,0.000000,0.000000,0.000000,0.000000,0.000000,0.000000,0.003278,0.000000
359,5.983333,10.194702,0.013702,-66.559204,13.581705,-0.262765,3.959009,-2.743400,-2.972674,8.915508,4060.089,2,1.000000,4,4,59.150818,1,0,0,0.076155,0.996567,-0.032467,-0.918612,0.082787,0.386391,-0.024179,0.049349,0.000000,0.003278,0.000000,1,0.050000,7399.176270,13505.168945,14721.478516,-0.254819,-0.254819,58.230606,1,-0.073667,2610.835938,3415.412842,6166.602051,-0.089914,-0.089914,60.085571,1,0.050000,7754.004395,19362.775391,9821.386719,-0.276929,-0.276929,56.774742,1,-0.073669,2881.108398,8046.694824,573.461304,-0.102897,-0.038271,23.913998,-37306.968750,20754.935547,42046.171875,-58.584534,6343.557617,-212.806122,0.000000,0.000000,0.000000,0.000000,0.000000,0.000000,0.000000,0.004798,0.000000
360,6.000000,10.410767,0.014239,-66.481445,12.959923,-0.247470,4.659779,-2.791319,-2.875082,8.823824,4001.762,2,1.000000,4,4,58.288765,1,0,0,0.076891,0.996611,-0.029231,-0.936126,0.082253,0.341909,-0.025972,0.044702,0.000000,0.004798,0.000000,1,0.050000,7347.904297,13348.852539,14676.771484,-0.253053,-0.253053,57.302872,1,-0.074681,2306.490479,3001.177490,5456.647461,-0.079433,-0.079433,59.291622,1,0.050000,7689.950195,19221.388672,9703.564453,-0.274641,-0.274641,55.318378,1,-0.072978,2620.964844,7318.908691,538.624695,-0.093606,-0.055855,23.808493,-37893.175781,19955.853516,39032.375000,103.380676,4746.164062,432.200378,0.000000,0.000000,0.000000,0.000000,0.000000,0.000000,0.000000,0.004661,0.000000
361,6.016667,10.616211,0.014613,-66.392944,12.328370,-0.242537,5.310318,-2.838021,-2.802060,8.752399,3943.442,2,1.000000,4,4,57.478970,1,0,0,0.077297,0.996669,-0.026019,-0.951139,0.081540,0.297801,-0.023425,0.053278,0.000000,0.004661,0.000000,1,0.049232,6391.582031,11565.724609,12808.100586,-0.221452,-0.221452,56.436577,1,-0.075474,2314.176025,2990.414795,5486.197266,-0.079697,-0.079697,58.540615,1,0.050000,7627.448242,19117.806641,9519.702148,-0.272409,-0.272409,53.879227,1,-0.072115,2675.239746,7469.276367,565.753418,-0.095544,-0.073328,23.708076,-37874.433594,18986.699219,35354.246094,1141.222656,7964.950195,-471.209839,0.000000,0.000000,0.000000,0.000000,0.000000,0.000000,0.000000,0.004416,0.000000
362,6.033333,10.811279,0.014621,-66.294678,11.697129,-0.250371,5.899556,-2.882681,-2.679524,8.697172,3888.656,2,1.000000,4,4,56.793930,1,0,0,0.077608,0.996725,-0.022733,-0.963549,0.080842,0.255026,-0.010404,0.046759,0.000000,0.004416,0.000000,1,0.047998,6280.587891,11303.541992,12640.796875,-0.216296,-0.216296,55.701538,1,-0.075593,2412.472168,3114.713135,5720.709473,-0.083083,-0.083083,57.907745,1,0.050000,7570.609863,18996.533203,9406.087891,-0.270379,-0.270379,52.466930,1,-0.071263,2701.391602,7543.058105,561.080017,-0.096478,-0.089804,23.603697,-39288.769531,18949.761719,33568.734375,981.930359,6981.954102,-622.415649,0.000000,0.000000,0.000000,0.000000,0.000000,0.000000,0.000000,0.004181,0.000000
363,6.050000,10.995239,0.014371,-66.187012,11.042316,-0.258788,6.459034,-2.925551,-2.572115,8.675371,3842.311,2,1.000000,4,4,56.105587,1,0,0,0.077908,0.996772,-0.019393,-0.973642,0.080254,0.213498,0.000331,0.036326,0.000000,0.004181,0.000000,1,0.047525,6380.757324,11439.871094,12881.572266,-0.219745,-0.219745,54.970936,1,-0.075146,2513.141357,3241.724854,5961.039062,-0.086550,-0.086550,57.263657,1,0.050000,7543.198730,18975.695312,9274.576172,-0.269400,-0.269400,51.071232,1,-0.070464,2719.452637,7595.239258,540.782288,-0.097123,-0.097123,23.500000,-41104.144531,19182.945312,32138.556641,599.852173,5536.635742,-576.213684,0.000000,0.000000,0.000000,0.000000,0.000000,0.000000,0.000000,0.004064,0.000000
364,6.066667,11.167847,0.014008,-66.070435,10.357247,-0.264212,6.994677,-2.967001,-2.486944,8.686850,3795.742,2,1.000000,4,4,55.386147,1,0,0,0.078216,0.996807,-0.016048,-0.981687,0.079814,0.172977,0.006588,0.025682,0.000000,0.004064,0.000000,1,0.047571,6460.858887,11561.443359,13062.819336,-0.222504,-0.222504,54.216736,1,-0.074425,2578.192383,3319.819092,6118.496094,-0.088790,-0.088790,56.580780,1,0.050000,7539.311523,19047.396484,9101.200195,-0.269261,-0.269261,49.694744,1,-0.069801,2720.609863,7600.995605,504.319672,-0.097165,-0.097165,23.399267,-42787.027344,19346.826172,30504.695312,342.689148,4589.918945,-516.731018,0.000000,0.000000,0.000000,0.000000,0.000000,0.000000,0.000000,0.004041,0.000000
365,6.083333,11.328491,0.013626,-65.945312,9.644130,-0.267528,7.503089,-3.007274,-2.416337,8.726424,3747.069,2,1.000000,4,4,54.645145,1,0,0,0.078536,0.996830,-0.012725,-0.987876,0.079533,0.133326,0.009979,0.015588,0.000000,0.004041,0.000000,1,0.047935,6521.182129,11667.464844,13186.488281,-0.224582,-0.224582,53.447598,1,-0.073640,2613.676514,3358.854980,6206.312500,-0.090012,-0.090012,55.869526,1,0.050000,7549.826172,19182.457031,8883.259766,-0.269637,-0.269637,48.343578,1,-0.069325,2707.652100,7567.906738,452.557190,-0.096702,-0.096702,23.303862,-44318.050781,19446.609375,28676.429688,201.485779,4003.631836,-447.390076,0.000000,0.000000,0.000000,0.000000,0.000000,0.000000,0.000000,0.004076,0.000000
366,6.100000,11.477051,0.013271,-65.812378,8.905496,-0.269554,7.981030,-3.046520,-2.354750,8.789852,3696.938,2,1.000000,4,4,53.891075,1,0,0,0.078862,0.996841,-0.009438,-0.992355,0.079401,0.094479,0.011915,0.006591,0.000000,0.004076,0.000000,1,0.048483,6566.917969,11765.227539,13264.857422,-0.226157,-0.226157,52.671192,1,-0.072908,2629.469482,3373.165771,6247.048828,-0.090556,-0.090556,55.139214,1,0.050000,7566.643555,19355.552734,8615.951172,-0.270237,-0.270237,47.024250,1,-0.069055,2685.064453,7508.293945,385.433319,-0.095895,-0.087005,23.216017,-45703.542969,19499.876953,26681.158203,132.743164,3660.100586,-376.996185,0.000000,0.000000,0.000000,0.000000,0.000000,0.000000,0.000000,0.004138,0.000000
367,6.116667,11.612793,0.012966,-65.671875,8.143770,-0.270888,8.425715,-3.084827,-2.298446,8.873710,3645.922,2,1.000000,4,4,53.130077,1,0,0,0.079179,0.996841,-0.006191,-0.995245,0.079403,0.056422,0.013229,-0.001104,0.000000,0.004138,0.000000,1,0.049134,6603.998535,11864.982422,13310.128906,-0.227434,-0.227434,51.892937,1,-0.072281,2634.026367,3374.987061,6260.045410,-0.090713,-0.090713,54.396713,1,0.050000,7585.393555,19550.929688,8298.227539,-0.270907,-0.270907,45.743965,1,-0.068985,2657.197754,7433.972168,303.223114,-0.094900,-0.074049,23.137978,-46960.355469,19525.896484,24547.867188,106.434265,3474.166992,-311.270996,0.000000,0.000000,0.000000,0.000000,0.000000,0.000000,0.000000,0.004210,0.000000
368,6.133333,11.735474,0.012715,-65.524536,7.361098,-0.271880,8.834846,-3.122244,-2.245002,8.975209,3594.438,2,1.000000,4,4,52.366169,1,0,0,0.079476,0.996832,-0.002983,-0.996649,0.079519,0.019171,0.014380,-0.007508,0.000000,0.004210,0.000000,1,0.049844,6635.965332,11971.651367,13330.502930,-0.228535,-0.228535,51.116226,1,-0.071773,2632.418213,3371.069580,6257.225098,-0.090657,-0.090657,53.646675,1,0.050000,7603.510254,19758.207031,7929.063477,-0.271554,-0.271554,44.510094,1,-0.069093,2626.523193,7351.376465,206.094513,-0.093804,-0.061130,23.071947,-48093.859375,19535.851562,22296.763672,102.840027,3390.483398,-247.888458,0.000000,0.000000,0.000000,0.000000,0.000000,0.000000,0.000000,0.004280,0.000000
369,6.150000,11.844727,0.012511,-65.371216,6.559534,-0.272737,9.206459,3.124394,-2.192843,9.091961,3542.757,2,1.000000,4,4,51.602013,1,0,0,0.079737,0.996816,0.000185,-0.996668,0.079728,-0.017237,0.015590,-0.012638,0.000000,0.004280,0.000000,1,0.050000,7964.184570,14446.086914,15928.039062,-0.274277,-0.274277,50.343182,1,-0.071380,2628.063721,3366.223389,6246.480469,-0.090507,-0.090507,52.892319,1,0.050000,7619.908691,19970.511719,7509.504395,-0.272140,-0.272140,43.330147,1,-0.069356,2594.506836,7264.021973,93.159561,-0.092661,-0.048240,23.020103,-52255.941406,20812.191406,21485.884766,-1685.158936,-1656.421875,297.672241,0.000000,0.000000,0.000000,0.000000,0.000000,0.000000,0.000000,0.004342,0.000000
370,6.166667,11.939575,0.012680,-65.211670,5.688601,-0.256639,9.564557,3.087423,-2.218324,9.242200,3491.059,2,1.000000,4,4,50.665340,1,0,0,0.079794,0.996807,0.003080,-0.995340,0.079843,-0.054070,-0.003316,-0.007053,0.000000,0.004342,0.000000,1,0.050000,7735.055176,14199.188477,15315.076172,-0.266386,-0.266386,49.405388,1,-0.071604,2526.843262,3207.001953,6021.737793,-0.087021,-0.087021,51.957424,1,0.050000,7643.973145,20283.000000,6833.272949,-0.272999,-0.272999,42.211483,1,-0.069432,2620.269531,7336.751953,-6.071513,-0.093581,-0.048116,22.984756,-52658.789062,20517.494141,18170.253906,-953.912842,861.565430,223.717621,0.000000,0.000000,0.000000,0.000000,0.000000,0.000000,0.000000,0.004446,0.000000
371,6.183333,12.019775,0.013027,-65.047241,4.810955,-0.244403,9.867394,3.050672,-2.205066,9.389447,3427.690,2,1.000000,4,4,49.785763,1,0,0,0.079673,0.996804,0.005776,-0.992677,0.079868,-0.090624,-0.014122,-0.002522,0.000000,0.004446,0.000000,1,0.049886,6512.222656,12092.786133,12764.266602,-0.239214,-0.239214,48.526485,1,-0.072267,2438.674561,3081.912842,5818.626953,-0.083985,-0.083985,51.077721,1,0.050000,7636.772461,20464.814453,6198.581055,-0.272742,-0.272742,41.191597,1,-0.069497,2619.893555,7334.439941,-136.073029,-0.093568,-0.045490,22.963903,-50201.738281,19181.201172,13960.863281,1012.122803,6439.600586,-94.039734,0.000000,0.000000,0.000000,0.000000,0.000000,0.000000,0.000000,0.004421,0.000000
372,6.200000,12.086060,0.013154,-64.878906,3.974259,-0.249697,10.100076,3.015572,-2.105998,9.520072,3368.183,1,1.000000,4,3,33.841812,1,0,0,0.079511,0.996798,0.008534,-0.988879,0.079953,-0.125407,-0.002145,-0.005393,0.000000,0.004421,0.000000,1,0.049633,6482.937988,16947.751953,4377.369629,-0.223264,-0.223264,32.969845,1,-0.072647,2469.215576,4766.142090,4661.674805,-0.085037,-0.085037,34.736839,1,0.050000,7604.418945,20492.953125,5779.627441,-0.271586,-0.271586,40.264423,1,-0.069764,2580.493896,7218.308105,-319.665802,-0.092160,-0.039679,22.962040,-51675.851562,19108.865234,33.288818,2787.506592,11568.948242,-242.212677,0.000000,0.000000,0.000000,0.000000,0.000000,0.000000,0.000000,0.004288,0.000000
373,6.216667,12.137939,0.012721,-64.710449,3.112995,-0.255283,10.100631,2.983438,-1.928021,9.484014,3368.183,1,1.000000,4,3,33.539474,1,0,0,0.079420,0.996774,0.011601,-0.984321,0.080256,-0.157071,0.030861,-0.013986,0.000000,0.004288,0.000000,1,0.050000,8008.807129,20901.001953,5543.999512,-0.275814,-0.249776,32.680031,1,-0.072382,2575.656738,5007.178223,4825.979980,-0.088702,-0.088702,34.421520,1,0.050000,7490.655273,20087.083984,6034.137695,-0.267523,-0.267523,39.398445,1,-0.070701,2448.227051,6843.009766,-405.864288,-0.087437,-0.032683,22.986996,-55197.164062,20502.595703,-2307.166748,192.212402,3621.184082,24.710457,0.000000,0.000000,0.000000,0.000000,0.000000,0.000000,0.000000,0.003822,0.000000
374,6.233333,12.174561,0.012271,-64.542847,2.193042,-0.243235,10.062178,2.952234,-1.872311,9.469385,3393.381,1,1.000000,4,3,33.193340,1,0,0,0.079246,0.996748,0.014624,-0.978923,0.080582,-0.187661,0.032958,-0.014124,0.000000,0.003822,0.000000,1,0.050000,7909.946289,20749.132812,5058.533203,-0.272409,-0.271976,32.330830,1,-0.071842,2635.097168,5076.622070,4984.752441,-0.090750,-0.090750,34.078857,1,0.050000,7436.723633,19957.923828,5938.974121,-0.265597,-0.265597,38.495293,1,-0.071424,2457.116455,6865.358887,-447.465759,-0.087754,-0.025751,23.024542,-54734.703125,20434.060547,-4390.788086,233.137817,3762.424805,-94.484573,0.000000,0.000000,0.000000,0.000000,0.000000,0.000000,0.000000,0.003605,0.000000
375,6.250000,12.195923,0.011837,-64.376465,1.280797,-0.232157,9.988997,2.921993,-1.814428,9.470097,3413.423,1,0.897638,4,3,32.857956,1,0,0,0.079037,0.996716,0.017611,-0.972779,0.080975,-0.217126,0.035741,-0.016777,0.000000,0.003605,0.000000,1,0.050000,7882.917969,20884.001953,4106.333496,-0.271478,-0.254056,32.002937,1,-0.071499,2616.552246,4927.900391,5062.179688,-0.090111,-0.090111,33.735821,1,0.050000,7394.836914,19863.496094,5844.738281,-0.264101,-0.264101,37.606041,1,-0.072206,2422.568848,6765.750000,-486.135223,-0.086520,-0.018920,23.068165,-54079.882812,20303.658203,-5936.243652,262.795074,5563.067383,9.843338,0.000000,0.000000,0.000000,0.000000,0.000000,0.000000,0.000000,0.003435,0.000000
376,6.266667,12.202271,0.012322,-64.211548,0.379465,-0.222774,9.890060,2.893179,-1.728842,9.493290,3428.551,1,0.803150,4,3,32.551357,1,0,0,0.078776,0.996681,0.020529,-0.966097,0.081406,-0.245009,0.038738,-0.017393,0.000000,0.003435,0.000000,1,0.050000,7860.467773,20997.789062,3085.404785,-0.270705,-0.236294,31.720221,1,-0.071090,2639.764893,4802.386230,5266.537598,-0.090910,-0.090910,33.404270,1,0.050000,7351.120117,19756.119141,5775.925781,-0.262540,-0.262540,36.730553,1,-0.073052,2385.060791,6650.990723,-601.895020,-0.085181,-0.011407,23.117435,-53387.160156,20223.158203,-7456.511719,204.486450,6863.635254,54.900642,0.000000,0.000000,0.000000,0.000000,0.000000,0.000000,0.000000,0.004197,0.000000
377,6.283333,12.193726,0.013466,-64.048828,-0.510321,-0.214447,9.765785,2.866124,-1.623248,9.536635,3439.541,1,0.700787,4,3,32.271629,1,0,0,0.078466,0.996644,0.023337,-0.959094,0.081855,-0.270997,0.041007,-0.017045,0.000000,0.004197,0.000000,1,0.050000,7836.750000,21080.492188,1823.622681,-0.269888,-0.218665,31.483959,1,-0.071556,2491.698975,4254.195312,5211.741699,-0.085811,-0.085811,33.079006,1,0.050000,7311.378906,19655.511719,5723.456543,-0.261121,-0.261121,35.865116,1,-0.074855,2181.039795,6060.323730,-752.889771,-0.077894,-0.002661,23.183617,-51591.152344,19747.767578,-8867.819336,27.829987,7981.454102,493.212769,0.000000,0.000000,0.000000,0.000000,0.000000,0.000000,0.000000,0.004719,0.000000
378,6.300000,12.170898,0.014505,-63.888550,-1.370173,-0.212252,9.617989,2.841116,-1.500461,9.592950,3446.966,1,0.614173,4,3,32.035225,1,0,0,0.077974,0.996617,0.025961,-0.952008,0.082164,-0.294839,0.040202,-0.007454,0.000000,0.004719,0.000000,1,0.050000,7806.474121,21352.279297,366.491150,-0.272391,-0.201134,31.309822,1,-0.072398,2407.234375,3699.498291,5343.935059,-0.082902,-0.082902,32.777435,1,0.050000,7268.076172,19543.867188,5673.153809,-0.259574,-0.254275,35.007343,1,-0.077132,2034.696533,5606.031738,-1014.855530,-0.072668,0.007741,23.271852,-50015.199219,19415.634766,-10524.913086,-77.560425,8857.215820,726.319031,0.000000,0.000000,0.000000,0.000000,0.000000,0.000000,0.000000,0.004576,0.000000
379,6.316667,12.134155,0.015393,-63.731201,-2.203760,-0.214370,9.442574,2.818379,-1.364205,9.654060,3452.161,1,0.519685,4,3,31.842419,1,0,0,0.077239,0.996610,0.028348,-0.945069,0.082243,-0.316355,0.037468,0.007038,0.000000,0.004576,0.000000,1,0.050000,7779.691895,19264.443359,13175.496094,-0.286474,-0.199201,31.204491,1,-0.072834,2454.562500,2954.935791,5932.091309,-0.084532,-0.084532,32.493389,1,0.048552,6266.179688,16840.302734,4923.600586,-0.240448,-0.235149,34.156918,1,-0.079077,2021.549316,5458.107910,-1499.495483,-0.072198,0.019898,23.398355,-51137.753906,18397.937500,1871.081543,-3088.722412,-4058.808350,-791.339478,0.000000,0.000000,0.000000,0.000000,0.000000,0.000000,0.000000,0.004461,0.000000
380,6.333333,12.083252,0.015489,-63.573242,-3.056056,-0.230204,9.473759,2.794602,-1.426652,9.948915,3456.107,1,0.433071,4,3,31.208761,1,0,0,0.076556,0.996607,0.030206,-0.937279,0.082265,-0.338733,0.001794,-0.000785,0.000000,0.004461,0.000000,1,0.050000,7635.670898,19661.595703,11753.844727,-0.269415,-0.185043,30.464273,1,-0.073519,2394.431885,1042.034790,6454.913574,-0.066630,-0.083399,31.971443,1,0.047910,6367.577148,17764.468750,1518.072754,-0.227413,-0.216438,33.415981,1,-0.079756,2191.577637,5679.985840,-2322.364258,-0.078271,0.034886,23.595650,-48924.304688,18524.882812,-2847.770020,-1722.320312,4423.250000,-401.943207,0.000000,0.000000,0.000000,0.000000,0.000000,0.000000,0.000000,0.003932,0.000000
381,6.350000,12.018677,0.015124,-63.416138,-3.871461,-0.244487,9.426296,2.771958,-1.358605,10.188784,3430.921,1,0.346457,4,3,30.604681,1,0,0,0.075923,0.996612,0.031627,-0.929364,0.082221,-0.359893,-0.018376,-0.004036,0.000000,0.003932,0.000000,1,0.050000,7577.109375,19989.783203,9792.100586,-0.264054,-0.162719,29.787315,1,-0.073755,2454.778076,3258.411865,6604.253906,-0.058857,-0.092604,31.444475,1,0.048451,6564.967773,19584.798828,-946.583435,-0.250098,-0.215185,33.172497,1,-0.079148,2406.744873,5560.689941,-3806.746094,-0.085955,0.052849,23.913141,-50167.355469,19034.664062,-10253.173828,-167.550446,6471.041992,-504.467804,0.000000,0.000000,0.000000,0.000000,0.000000,0.000000,0.000000,0.003709,0.000000
382,6.366667,11.940308,0.014770,-63.261841,-4.707584,-0.252186,9.255410,2.750974,-1.259044,10.351109,3398.280,1,0.259843,4,3,30.060240,1,0,0,0.075471,0.996605,0.032899,-0.921589,0.082312,-0.379340,-0.019080,-0.013518,0.000000,0.003709,0.000000,1,0.050000,7621.629395,16544.488281,6920.279297,-0.244371,-0.135084,29.204817,1,-0.073817,2479.231201,60.029785,6038.759277,-0.037294,-0.077025,30.940720,1,0.049541,6683.835938,14849.109375,13474.676758,-0.231458,-0.213273,33.289028,1,-0.078203,2488.887451,4764.138672,-5749.262695,-0.085880,0.071701,24.447458,-41840.566406,19339.347656,3356.566895,-1998.966431,-3634.159668,761.600830,0.000000,0.000000,0.000000,0.000000,0.000000,0.000000,0.000000,0.003849,0.000000
383,6.383333,11.850220,0.013687,-63.106567,-5.404927,-0.255173,9.311353,2.729059,-1.314974,10.697468,3361.084,1,0.188976,4,3,29.628908,1,0,0,0.074615,0.996640,0.033773,-0.913064,0.081896,-0.399508,-0.046400,0.007526,0.000000,0.003849,0.000000,1,0.050000,7434.530273,12439.536133,2879.113770,-0.212559,-0.098574,28.771162,1,-0.073877,2477.613037,-4140.336426,4699.292480,-0.003849,-0.059940,30.512226,1,0.050000,7815.671387,16772.289062,12600.068359,-0.213932,-0.193764,31.299025,1,-0.076542,2651.799316,3992.210938,-6881.177734,-0.071733,0.090981,25.265522,-32201.888672,20433.283203,-193.553223,-14.051788,10614.778320,3365.445312,0.000000,0.000000,0.000000,0.000000,0.000000,0.000000,0.000000,0.003170,0.000000
384,6.400000,11.751221,0.012136,-62.951538,-5.941625,-0.242514,9.308126,2.709865,-1.151694,10.940420,3325.044,1,0.110236,4,3,29.374634,1,0,0,0.072781,0.996760,0.034228,-0.905323,0.080425,-0.417039,-0.057734,0.071126,0.000000,0.003170,0.000000,1,0.050000,7247.142578,8423.809570,-446.158691,-0.173543,-0.059873,28.554562,1,-0.072288,2779.752197,-7703.222656,3194.303711,0.036088,-0.043020,30.218258,1,0.050000,7399.893555,15480.034180,8459.404297,-0.197449,-0.161893,29.436775,1,-0.073930,2881.480957,3992.436279,-7667.258301,-0.057035,0.109533,26.248926,-19914.404297,20446.808594,-5299.992188,516.791931,21044.923828,3983.938232,0.000000,0.000000,0.000000,0.000000,0.000000,0.000000,0.000000,0.002491,0.000000
385,6.416667,11.646606,0.010227,-62.797852,-6.273532,-0.229437,9.219793,2.696068,-0.827943,11.023415,3298.402,1,0.047244,4,3,29.279305,1,0,0,0.069915,0.996969,0.034135,-0.899672,0.077800,-0.429578,-0.064877,0.144085,0.000000,0.002491,0.000000,1,0.050000,7087.777832,5053.861816,-2717.444824,-0.133054,-0.024783,28.522848,1,-0.068780,3185.835449,-9371.154297,1878.136353,0.076881,-0.037912,30.055822,1,0.050000,6978.622070,13579.442383,5046.045410,-0.188451,-0.125691,28.179359,1,-0.070521,3113.964111,2525.237549,-8994.117188,-0.048063,0.117051,27.347155,-8577.171875,20593.449219,-9350.259766,756.870850,22542.714844,4274.385254,0.000000,0.000000,0.000000,0.000000,0.000000,0.000000,0.000000,0.001915,0.000000
386,6.433333,11.539673,0.008020,-62.646851,-6.416485,-0.214299,9.063955,2.688052,-0.481151,10.959246,3283.359,1,0.000000,4,3,29.302025,1,0,0,0.065969,0.997259,0.033513,-0.896478,0.073983,-0.436869,-0.070241,0.221122,0.000000,0.001915,0.000000,1,0.050000,6930.915527,2207.395508,-4031.840088,-0.094117,0.003505,28.622240,1,-0.063379,3649.685791,-10907.077148,957.878418,0.115815,-0.029765,29.997955,1,0.048221,6205.084473,10895.250000,2458.211914,-0.170084,-0.090675,27.420538,1,-0.066526,3333.302734,-110.707764,-9027.210938,-0.029699,0.115143,28.639198,2385.280029,20368.982422,-9631.435547,112.235840,20843.546875,3899.604004,0.000000,0.000000,0.000000,0.000000,0.000000,0.000000,0.000000,0.001364,0.000000
387,6.450000,11.433350,0.005373,-62.498413,-6.376730,-0.203261,8.903431,2.685385,-0.160514,10.802534,3279.202,1,-0.047244,4,3,29.398281,1,0,0,0.060972,0.997616,0.032320,-0.895657,0.068975,-0.439364,-0.081932,0.295272,0.000000,0.001364,0.000000,1,0.050000,6749.650391,-228.154297,-4496.266602,-0.058102,0.023491,28.800356,1,-0.056185,4156.736816,-12466.333984,310.945038,0.151732,-0.020685,30.008619,1,0.045198,5917.565918,7960.172852,659.679199,-0.144639,-0.060141,27.039724,1,-0.061743,3609.102051,-3046.978516,-7713.037598,-0.004249,0.098381,29.936077,12013.675781,20726.621094,-6963.302246,-273.747406,18744.894531,3918.012451,0.000000,0.000000,0.000000,0.000000,0.000000,0.000000,0.000000,0.000740,0.000000
388,6.466667,11.330444,0.002251,-62.351929,-6.176502,-0.187293,8.787375,2.687533,0.127807,10.606682,3283.598,1,-0.070866,4,3,29.531107,1,0,0,0.054872,0.998026,0.030557,-0.896998,0.062714,-0.437563,-0.098607,0.370856,0.000000,0.000740,0.000000,1,0.049893,6513.596680,-1775.937744,-4329.134277,-0.028127,0.035268,29.011597,1,-0.047270,4709.351562,-13462.509766,-4139.318359,0.179649,-0.011466,30.059919,1,0.041171,5633.570312,4989.997070,-423.670166,-0.114576,-0.035812,26.921625,1,-0.056025,3938.087402,-6015.491699,-6350.358398,0.025808,0.080999,31.040993,21310.511719,21138.601562,-7099.087891,-104.972649,11072.418945,3795.535156,0.000000,0.000000,0.000000,0.000000,0.000000,0.000000,0.000000,0.000000,0.000000
389,6.483333,11.233398,-0.000517,-62.207520,-5.821327,-0.166051,8.669057,2.692532,0.298057,10.337411,3298.434,1,-0.102362,4,3,30.260456,1,0,0,0.047628,0.998461,0.028402,-0.899598,0.055235,-0.433213,-0.114258,0.444216,0.000000,0.000000,0.000000,1,0.048833,6334.324219,-3048.822266,-1459.826294,-0.003252,0.018620,29.731384,1,-0.036668,5311.774414,-15748.711914,321.580109,0.200876,-0.008732,30.798943,1,0.036235,5334.168457,2622.125244,-886.173706,-0.084462,-0.018323,26.961773,1,-0.049334,4304.228516,-8380.343750,-5773.755859,0.055905,0.078270,31.946859,25823.177734,21654.365234,2892.289307,-1247.896973,10806.424805,2943.994629,0.000000,0.000000,0.000000,0.000000,0.000000,0.000000,0.000000,0.000000,0.000000
390,6.500000,11.143555,-0.002815,-62.062256,-5.390941,-0.137915,8.717261,2.700317,0.464185,10.185322,3379.897,1,-0.133858,4,3,30.747818,1,0,0,0.039426,0.998892,0.025699,-0.903352,0.046624,-0.426359,-0.142150,0.505331,0.000000,0.000000,0.000000,1,0.046412,6048.494141,-3533.644043,-129.210388,0.014685,0.012320,30.240631,1,-0.025678,5729.690430,-15097.150391,44.636028,0.192566,-0.000569,31.263512,1,0.030019,4936.955078,667.795654,-1162.038208,-0.056273,-0.006020,27.069479,1,-0.042182,4607.818359,-10329.236328,-4524.976074,0.084058,0.070641,32.768501,28474.996094,21634.142578,5948.574707,-1409.633545,4824.828125,1974.134033,0.000000,0.000000,0.000000,0.000000,0.000000,0.000000,0.000000,0.000000,0.000000
391,6.516667,11.061646,-0.004650,-61.915405,-4.916358,-0.110089,8.816404,2.709355,0.538290,10.065596,3434.332,1,-0.157480,4,3,31.199907,1,0,0,0.030509,0.999279,0.022578,-0.907524,0.037160,-0.418353,-0.168575,0.548495,0.000000,0.000000,0.000000,1,0.042684,5728.409668,-3575.091797,1437.209595,0.026160,0.000943,30.688225,1,-0.014691,6088.212402,-13704.658203,735.121216,0.174804,-0.003838,31.720119,1,0.022927,4572.331543,-522.409424,-1338.675415,-0.032912,0.002552,27.217480,1,-0.034600,4920.942383,-11513.512695,-2960.624268,0.107368,0.058437,33.407730,28080.343750,21563.644531,9417.112305,-1474.145508,678.425415,785.865173,0.000000,0.000000,0.000000,0.000000,0.000000,0.000000,0.000000,0.000000,0.000000
392,6.533333,10.987427,-0.006037,-61.765747,-4.448352,-0.083251,8.973356,2.718581,0.548644,10.008846,3484.828,1,-0.188976,4,3,31.577114,1,0,0,0.021222,0.999591,0.019152,-0.911617,0.027212,-0.410139,-0.191495,0.569007,0.000000,0.000000,0.000000,1,0.037790,5391.353027,-3450.569824,2895.454346,0.032787,-0.013116,31.047310,1,-0.004128,6368.717285,-12294.790039,1549.030029,0.156821,-0.009748,32.115959,1,0.015424,4264.747070,-960.134766,-1581.993408,-0.016150,0.009095,27.391283,1,-0.026695,5228.098145,-11944.587891,-1350.333618,0.124066,0.043139,33.818455,26270.224609,21451.603516,12198.024414,-1325.226074,-1060.957764,-330.806488,0.000000,0.000000,0.000000,0.000000,0.000000,0.000000,0.000000,0.000000,0.000000
393,6.550000,10.920654,-0.007003,-61.612793,-4.010515,-0.057936,9.176657,2.727545,0.532303,10.014832,3526.959,1,-0.228346,4,3,31.878998,1,0,0,0.011924,0.999808,0.015532,-0.915430,0.017164,-0.402111,-0.208391,0.567266,0.000000,0.000000,0.000000,1,0.031964,5059.699707,-3220.642822,4153.724609,0.035865,-0.027913,31.321295,1,0.005648,6568.744141,-10870.404297,2329.151855,0.138653,-0.017157,32.446632,1,0.007915,4018.394531,-767.853271,-1914.201660,-0.006520,0.014782,27.600628,1,-0.018655,5511.132324,-11744.654297,79.054199,0.133620,0.026752,33.993961,23498.916016,21304.613281,14020.898438,-1006.484985,-955.899902,-1318.648315,0.000000,0.000000,0.000000,0.000000,0.000000,0.000000,0.000000,0.000000,0.000000
394,6.566667,10.860229,-0.007580,-61.455933,-3.618866,-0.034592,9.410338,2.736266,0.517657,10.074700,3560.678,1,-0.259843,4,3,32.113335,1,0,0,0.002960,0.999925,0.011843,-0.918977,0.007390,-0.394242,-0.217545,0.544973,0.000000,0.000000,0.000000,1,0.025511,4753.681152,-2728.874756,5175.033203,0.035472,-0.042053,31.520657,1,0.014348,6689.553711,-10839.154297,2941.273438,0.138505,-0.024714,32.717155,1,0.000732,3833.454346,-138.781921,-2304.639160,-0.003443,0.020206,27.858500,1,-0.010718,5754.958008,-8984.930664,1155.053467,0.114604,0.011354,33.960674,19383.273438,21129.892578,14362.029297,-372.825287,4321.117676,-2164.030518,0.000000,0.000000,0.000000,0.000000,0.000000,0.000000,0.000000,0.000000,0.000000
395,6.583333,10.805420,-0.007805,-61.295166,-3.295812,-0.013540,9.649706,2.746093,0.584284,10.174218,3586.852,1,-0.291339,4,3,32.293537,1,0,0,-0.005332,0.999952,0.008267,-0.922796,-0.001735,-0.385285,-0.215268,0.503392,0.000000,0.000000,0.000000,1,0.018810,4497.043945,-1902.248535,6116.978516,0.031312,-0.055405,31.659801,1,0.021778,6739.413086,-10043.059570,3114.016602,0.134643,-0.030284,32.939957,1,-0.005872,3705.511230,341.409851,-2532.470947,-0.003781,0.024696,28.173403,1,-0.003210,5934.966309,-8890.323242,1599.639404,0.114156,-0.000434,33.770214,17187.046875,20930.314453,14648.764648,228.224258,3252.268555,-2536.892090,0.000000,0.000000,0.000000,0.000000,0.000000,0.000000,0.000000,0.000000,0.000000
396,6.600000,10.755249,-0.007724,-61.130249,-3.009361,0.004871,9.893852,2.756747,0.634512,10.299440,3606.979,1,-0.330709,4,3,32.436752,1,0,0,-0.012801,0.999906,0.004964,-0.926775,-0.010000,-0.375485,-0.203957,0.452360,0.000000,0.000000,0.000000,1,0.012158,4287.282227,-1149.713745,6806.438477,0.025133,-0.067064,31.749538,1,0.027922,6744.897949,-9309.184570,3061.107422,0.128740,-0.033536,33.138840,1,-0.011810,3612.710938,1024.259766,-2778.209473,-0.007227,0.028683,28.521585,1,0.003635,6058.049805,-8193.315430,1642.612671,0.110574,-0.008050,33.514812,14736.820312,20715.978516,13865.910156,756.774353,3228.321045,-2850.905029,0.000000,0.000000,0.000000,0.000000,0.000000,0.000000,0.000000,0.000000,0.000000
397,6.616667,10.709106,-0.007384,-60.961426,-2.763747,0.020422,10.124950,2.768220,0.684405,10.434861,3622.975,1,-0.362205,4,3,32.558773,1,0,0,-0.019313,0.999811,0.002066,-0.930908,-0.017229,-0.364848,-0.184866,0.393230,0.000000,0.000000,0.000000,1,0.005843,4132.109863,-337.916748,7301.197754,0.017404,-0.076739,31.805822,1,0.032780,6708.432617,-8516.676758,1166.055054,0.121276,-0.014873,33.329548,1,-0.017011,3554.643799,1750.407471,-2976.906982,-0.012832,0.032130,28.905663,1,0.009616,6122.168945,-7450.782715,1318.118286,0.104806,-0.011303,33.253136,12647.561523,20495.138672,10849.757812,1347.976318,1192.883545,-3030.534912,0.000000,0.000000,0.000000,0.000000,0.000000,0.000000,0.000000,0.000000,0.000000
398,6.633333,10.666626,-0.006833,-60.789673,-2.552954,0.033036,10.305779,2.779989,0.702999,10.541823,3636.604,1,-0.401575,4,3,32.726658,1,0,0,-0.024779,0.999693,-0.000305,-0.935007,-0.023284,-0.353863,-0.157810,0.328637,0.000000,0.000000,0.000000,1,0.000142,4039.047119,132.416870,6040.238770,0.010317,-0.077044,31.866234,1,0.036436,6645.301758,-8032.858887,1141.591187,0.114292,-0.014757,33.610313,1,-0.021474,3521.036621,2604.419922,-2424.077881,-0.020399,0.030919,29.318764,1,0.014525,6119.668945,-6579.272949,80.549767,0.097053,-0.001027,33.038857,10896.365234,20272.634766,7888.780273,1685.461548,1937.362061,-3116.899170,0.000000,0.000000,0.000000,0.000000,0.000000,0.000000,0.000000,0.000000,0.000000
399,6.650000,10.627075,-0.006122,-60.615845,-2.371348,0.042642,10.437259,2.792247,0.733047,10.617805,3655.356,1,-0.433071,4,3,32.936535,1,0,0,-0.029144,0.999573,-0.002082,-0.939149,-0.028095,-0.342360,-0.126405,0.261113,0.000000,0.000000,0.000000,1,-0.004747,4002.750244,548.127075,5571.889648,0.003892,-0.071070,31.987776,1,0.038973,6558.274414,-7603.469238,1066.149170,0.107867,-0.014327,33.913433,1,-0.025196,3511.838623,3361.726562,-1533.016846,-0.028744,0.019554,29.651114,1,0.018251,6061.996094,-5802.547852,-293.416870,0.088501,0.000743,33.005352,8746.867188,20057.960938,6940.960938,1621.542236,2376.535156,-3180.734131,0.000000,0.000000,0.000000,0.000000,0.000000,0.000000,0.000000,0.000000,0.000000
400,6.666667,10.589966,-0.005301,-60.439941,-2.225567,0.049267,10.552941,2.805105,0.769842,10.695276,3678.798,1,-0.472441,4,3,33.163918,1,0,0,-0.032384,0.999470,-0.003286,-0.943368,-0.031652,-0.330235,-0.095966,0.192402,0.000000,0.000000,0.000000,1,-0.008759,4004.847168,640.143066,5341.732422,-0.000583,-0.068134,32.132397,1,0.040444,6444.488281,-7479.786621,976.035522,0.103241,-0.013630,34.228550,1,-0.028124,3536.687012,3988.712402,-1244.914917,-0.036959,0.015879,29.853304,1,0.020830,5971.911621,-5152.317383,-778.900269,0.080044,0.004155,33.026474,7663.703125,19863.246094,5775.531250,1567.519653,3436.533936,-3020.645752,0.000000,0.000000,0.000000,0.000000,0.000000,0.000000,0.000000,0.000000,0.000000
401,6.683333,10.555054,-0.004415,-60.262329,-2.097839,0.053193,10.649200,2.818838,0.822921,10.764060,3704.195,1,-0.511811,4,3,33.401402,1,0,0,-0.034547,0.999395,-0.003944,-0.947739,-0.034014,-0.317230,-0.067043,0.126918,0.000000,0.000000,0.000000,1,-0.011864,4040.924316,528.906006,5476.929688,-0.002871,-0.069859,32.288635,1,0.040970,6318.279785,-7556.951172,874.407104,0.100698,-0.012711,34.552517,1,-0.030290,3581.768555,4405.044434,-864.070068,-0.044096,0.011021,30.013411,1,0.022322,5855.789551,-4709.528320,-1326.705322,0.072630,0.008894,33.118511,7293.646973,19690.234375,5202.205078,1416.726196,3984.752441,-2722.754639,0.000000,0.000000,0.000000,0.000000,0.000000,0.000000,0.000000,0.000000,0.000000
402,6.700000,10.522095,-0.003503,-60.083374,-1.976278,0.054704,10.735904,2.833587,0.884405,10.829163,3730.720,1,-0.551181,4,3,33.637306,1,0,0,-0.035736,0.999353,-0.004113,-0.952272,-0.035300,-0.303202,-0.041263,0.067765,0.000000,0.000000,0.000000,1,-0.014098,4100.292480,205.708740,5778.267578,-0.002779,-0.073702,32.438820,1,0.040704,6189.223145,-7842.240234,761.729004,0.100450,-0.011599,34.880074,1,-0.031760,3639.377930,4622.416504,-620.037354,-0.049613,0.007909,30.117887,1,0.022845,5725.557617,-4461.023438,-1896.687012,0.066792,0.014573,33.290565,7747.357422,19541.527344,4790.807617,1245.417603,4415.832031,-2299.999512,0.000000,0.000000,0.000000,0.000000,0.000000,0.000000,0.000000,0.000000,0.000000
403,6.716667,10.491211,-0.002601,-59.903076,-1.847155,0.054135,10.815750,2.849465,0.952487,10.888877,3757.069,1,-0.590551,4,3,33.866520,1,0,0,-0.036091,0.999341,-0.003862,-0.956955,-0.035674,-0.288036,-0.019180,0.017557,0.000000,0.000000,0.000000,1,-0.015532,4174.985352,-303.211792,6186.527344,-0.000312,-0.078910,32.575024,1,0.039829,6068.161133,-6329.589844,642.242554,0.080735,-0.010334,35.209221,1,-0.032643,3699.513672,3349.496826,-398.829102,-0.042723,0.005087,30.186718,1,0.022539,5589.870117,-4393.707520,-2442.556641,0.062802,0.020728,33.545879,8183.699707,19417.960938,4830.777344,1015.270203,875.577637,-1887.447144,0.000000,0.000000,0.000000,0.000000,0.000000,0.000000,0.000000,0.000000,0.000000
404,6.733333,10.462769,-0.001737,-59.721558,-1.710760,0.051817,10.896263,2.865563,0.966072,10.949455,3782.671,1,-0.622047,4,3,34.085747,1,0,0,-0.035757,0.999355,-0.003308,-0.961482,-0.035305,-0.272591,-0.001476,-0.023517,0.000000,0.000000,0.000000,1,-0.016266,4257.143066,-1110.306519,6261.151855,0.005061,-0.079862,32.692150,1,0.038510,5957.795898,-4870.862305,707.643311,0.062128,-0.009849,35.538746,1,-0.033042,3760.138184,2869.487061,-617.197083,-0.036601,0.006121,30.223236,1,0.021567,5457.023438,-4202.313477,-2779.896973,0.059387,0.026195,33.880928,8144.615234,19319.994141,4266.438965,867.704712,250.961670,-1559.764282,0.000000,0.000000,0.000000,0.000000,0.000000,0.000000,0.000000,0.000000,0.000000
405,6.750000,10.436401,-0.000935,-59.538696,-1.575017,0.048123,10.967370,2.881724,0.970026,11.003284,3807.157,1,-0.661417,4,3,34.299889,1,0,0,-0.034846,0.999390,-0.002517,-0.965797,-0.034322,-0.257019,0.013268,-0.057532,0.000000,0.000000,0.000000,1,-0.016367,4350.076660,-2340.054688,6431.053223,0.014261,-0.082029,32.803665,1,0.036882,5857.638672,-6577.855469,679.264587,0.070210,-0.008664,35.864357,1,-0.033040,3820.905273,2530.991943,-795.583313,-0.032283,0.007616,30.291653,1,0.020044,5323.568359,-4015.857910,-2953.529053,0.056356,0.030455,34.265251,11522.053711,19245.751953,3888.349121,646.251831,3682.863281,-821.294312,0.000000,0.000000,0.000000,0.000000,0.000000,0.000000,0.000000,0.000000,0.000000
406,6.766667,10.413330,-0.000212,-59.354858,-1.382983,0.043361,11.032176,2.898828,1.026738,11.040606,3831.075,1,-0.700787,4,3,34.508896,1,0,0,-0.033614,0.999434,-0.001542,-0.970096,-0.032998,-0.240468,0.023323,-0.076081,0.000000,0.000000,0.000000,1,-0.016014,4430.504883,-3470.932617,6873.932617,0.025401,-0.087678,32.906345,1,0.035189,5792.492188,-7582.375000,874.699646,0.080048,-0.009589,36.189491,1,-0.032840,3857.558594,1691.533569,-782.718872,-0.021576,0.008495,30.386126,1,0.018190,5212.689941,-3962.479980,-3093.652832,0.054198,0.033798,34.674938,14666.090820,19195.195312,4193.503418,353.735107,5124.169922,-211.486526,0.000000,0.000000,0.000000,0.000000,0.000000,0.000000,0.000000,0.000000,0.000000
407,6.783333,10.394409,0.000418,-59.169800,-1.138548,0.037839,11.102068,2.917245,1.105589,11.076630,3854.420,1,-0.740157,4,3,34.696423,1,0,0,-0.032275,0.999479,-0.000464,-0.974406,-0.031568,-0.222567,0.028290,-0.081488,0.000000,0.000000,0.000000,1,-0.015395,4491.084961,-4528.062500,7168.147949,0.037410,-0.091430,32.983837,1,0.033607,5757.699219,-8521.999023,610.734070,0.090683,-0.007790,36.497929,1,-0.032583,3874.621582,919.624451,-661.462524,-0.011730,0.008473,30.478720,1,0.016229,5132.487305,-3946.700195,-3195.382080,0.052766,0.036381,35.105095,17603.695312,19168.578125,3838.005127,186.836731,5977.802246,277.734253,0.000000,0.000000,0.000000,0.000000,0.000000,0.000000,0.000000,0.000000,0.000000
408,6.800000,10.380371,0.000950,-58.983643,-0.845153,0.031910,11.166035,2.937194,1.197545,11.104653,3875.366,1,-0.779528,4,3,34.882511,1,0,0,-0.030999,0.999519,0.000670,-0.978694,-0.030217,-0.203091,0.030157,-0.076464,0.000000,0.000000,0.000000,1,-0.014651,4534.310059,-5490.635742,7402.881348,0.049520,-0.094425,33.049999,1,0.032279,5752.774414,-9376.046875,30.495825,0.101414,-0.000389,36.816631,1,-0.032392,3870.963379,307.550812,-426.908752,-0.003923,0.007349,30.553602,1,0.014324,5078.686523,-3946.069336,-2000.174683,0.051863,0.025512,35.550110,19858.931641,19161.482422,4266.903320,-58.693359,7404.438965,599.110718,0.000000,0.000000,0.000000,0.000000,0.000000,0.000000,0.000000,0.000000,0.000000
409,6.816667,10.371826,0.001381,-58.796509,-0.514171,0.025826,11.237150,2.959044,1.311429,11.143298,3896.150,1,-0.826772,4,3,35.079525,1,0,0,-0.029900,0.999551,0.001810,-0.982930,-0.029074,-0.181666,0.028479,-0.064346,0.000000,0.000000,0.000000,1,-0.013917,4556.767090,-6460.752930,7469.763672,0.061727,-0.095278,33.112175,1,0.031265,5767.310547,-10239.541016,-188.882645,0.112250,0.000650,37.163765,1,-0.032311,3856.748291,205.701447,-127.783081,-0.003441,0.005226,30.594223,1,0.012630,5055.346191,-4018.405273,-2512.168701,0.051637,0.027936,35.820538,22085.435547,19174.148438,2946.394287,-27.913696,8434.339844,850.825806,0.000000,0.000000,0.000000,0.000000,0.000000,0.000000,0.000000,0.000000,0.000000
410,6.833333,10.369263,0.001712,-58.608398,-0.146080,0.019915,11.286257,2.983056,1.441143,11.167319,3918.156,1,-0.866142,4,3,35.281075,1,0,0,-0.029058,0.999573,0.002965,-0.987033,-0.028225,-0.158020,0.026857,-0.047083,0.000000,0.000000,0.000000,1,-0.013254,4567.639160,-7190.289551,7673.295410,0.072857,-0.097874,33.192284,1,0.030640,5806.134766,-8745.135742,-545.460571,0.111545,0.002991,37.501316,1,-0.032423,3823.941406,-53.805939,291.909302,-0.001909,0.001904,30.591150,1,0.011199,5048.667969,-2460.711182,-2743.475830,0.031387,0.030556,36.165756,20152.492188,19197.156250,2013.530518,-57.557281,8677.914062,504.682251,0.000000,0.000000,0.000000,0.000000,0.000000,0.000000,0.000000,0.000000,0.000000
411,6.850000,10.372437,0.001951,-58.419678,0.189795,0.014320,11.319816,3.009295,1.574623,11.195404,3940.667,1,-0.905512,4,3,35.487156,1,0,0,-0.028348,0.999590,0.004145,-0.990857,-0.027553,-0.132077,0.025574,-0.036984,0.000000,0.000000,0.000000,1,-0.012605,4586.858887,-8029.830566,8104.886230,0.083831,-0.103379,33.289082,1,0.030280,5834.399902,-8779.859375,-988.041260,0.111988,0.006559,37.830368,1,-0.032609,3806.434082,-627.210815,719.624390,0.001769,-0.002210,30.526772,1,0.009968,5038.742676,-3040.877197,-2983.747803,0.034133,0.033341,36.544762,22255.748047,19229.488281,1339.118896,-105.721924,6900.068848,726.528381,0.000000,0.000000,0.000000,0.000000,0.000000,0.000000,0.000000,0.000000,0.000000
412,6.866667,10.381714,0.002104,-58.230591,0.560724,0.009152,11.342134,3.037304,1.680735,11.221686,3963.686,1,-0.944882,4,3,35.693073,1,0,0,-0.027848,0.999598,0.005324,-0.994177,-0.027142,-0.104283,0.023523,-0.022062,0.000000,0.000000,0.000000,1,-0.012050,4590.626953,-8944.851562,8384.470703,0.095064,-0.106945,33.397072,1,0.030227,5879.340820,-9019.427734,-1447.395630,0.115044,0.010977,38.146923,1,-0.032925,3776.431641,-1185.232544,1072.485107,0.006724,-0.006467,30.399916,1,0.009010,5048.870605,-3504.920898,-2500.315918,0.038058,0.031892,36.958862,24331.882812,19269.984375,874.336914,-174.506470,6420.212402,893.743835,0.000000,0.000000,0.000000,0.000000,0.000000,0.000000,0.000000,0.000000,0.000000
413,6.883333,10.397827,0.002179,-58.041260,0.966255,0.004519,11.356707,3.066961,1.779451,11.252598,3986.685,1,-0.984252,4,3,35.904369,1,0,0,-0.027614,0.999598,0.006490,-0.996834,-0.027053,-0.074766,0.020655,-0.003519,0.000000,0.000000,0.000000,1,-0.011668,4576.746094,-9881.978516,8514.324219,0.106564,-0.108601,33.520382,1,0.030493,5936.634277,-9222.024414,-1990.752930,0.117628,0.016328,38.457905,1,-0.033397,3737.358154,-1752.409546,1342.780151,0.012525,-0.010424,30.221518,1,0.008395,5080.833008,-3967.957275,-2414.898682,0.042718,0.030802,37.302349,26345.015625,19317.207031,-482.829346,-108.824997,5631.234863,1008.362366,0.000000,0.000000,0.000000,0.000000,0.000000,0.000000,0.000000,0.000000,0.000000
414,6.900000,10.421265,0.002188,-57.852051,1.405339,0.000541,11.348660,3.098063,1.866018,11.276308,4010.286,1,-1.000000,4,3,36.128708,1,0,0,-0.027685,0.999587,0.007662,-0.998669,-0.027324,-0.043741,0.018701,0.017430,0.000000,0.000000,0.000000,1,-0.011506,4548.839844,-7757.806152,8547.242188,0.098952,-0.109021,33.665272,1,0.031099,6007.876465,-8205.234375,-2570.558350,0.104659,0.022437,38.772404,1,-0.034065,3685.926270,-2297.171387,1538.874268,0.018752,-0.013841,30.003637,1,0.008145,5128.043457,-4407.813477,-2105.694092,0.047730,0.026858,37.633358,24175.212891,19365.808594,-241.622559,-250.161850,-387.206543,544.897705,0.000000,0.000000,0.000000,0.000000,0.000000,0.000000,0.000000,0.000000,0.000000
415,6.916667,10.451416,0.002142,-57.662964,1.808259,-0.002777,11.344632,3.129068,1.860021,11.320648,4035.343,1,-1.000000,4,3,36.370430,1,0,0,-0.027914,0.999572,0.008783,-0.999532,-0.027801,-0.012774,0.015557,0.029078,0.000000,0.000000,0.000000,1,-0.011507,4523.847656,-7448.224609,8386.927734,0.095003,-0.106976,33.835037,1,0.031854,6055.067383,-7869.587891,-2857.107422,0.100377,0.027636,39.095810,1,-0.034756,3659.622070,-2562.141602,1348.538208,0.023922,-0.015088,29.757113,1,0.008189,5174.295898,-4577.234863,-1098.521606,0.051684,0.014012,37.919201,23793.509766,19416.300781,-329.322510,-303.824463,-927.880859,363.108765,0.000000,0.000000,0.000000,0.000000,0.000000,0.000000,0.000000,0.000000,0.000000
416,6.933333,10.488159,0.002052,-57.473999,2.204818,-0.005401,11.339144,-3.123350,1.845718,11.377032,4062.342,1,-1.000000,4,3,36.626183,1,0,0,-0.028242,0.999553,0.009846,-0.999435,-0.028416,0.017969,0.011967,0.036869,0.000000,0.000000,0.000000,1,-0.011653,4497.250000,-7358.591797,8188.105469,0.093860,-0.104440,34.025955,1,0.032667,6090.671387,-7727.141602,-3064.169922,0.098560,0.031885,39.425117,1,-0.035406,3644.835449,-2719.824951,956.234131,0.027919,-0.014015,29.538391,1,0.008491,5223.115234,-2988.836426,-1047.713257,0.038123,0.013364,38.057926,21968.130859,19466.365234,-1698.811523,-159.550415,1058.040527,18.037422,0.000000,0.000000,0.000000,0.000000,0.000000,0.000000,0.000000,0.000000,0.000000
417,6.950000,10.531006,0.001930,-57.285522,2.570953,-0.007282,11.310830,-3.092311,1.861995,11.423303,4090.907,1,-1.000000,4,3,36.894558,1,0,0,-0.028539,0.999533,0.010896,-0.998378,-0.029040,0.048966,0.010124,0.037143,0.000000,0.000000,0.000000,1,-0.011830,4486.581055,-7172.488770,8395.486328,0.091486,-0.107085,34.236164,1,0.033458,6113.063477,-7591.958984,-3238.430664,0.096836,0.035382,39.759373,1,-0.035962,3640.844238,-3062.175537,560.108826,0.032054,-0.011465,29.376974,1,0.008900,5252.874023,-3117.173340,-1303.097534,0.039760,0.014573,38.189228,22102.751953,19508.652344,-2876.092285,-60.577042,-208.905762,-8.732834,0.000000,0.000000,0.000000,0.000000,0.000000,0.000000,0.000000,0.000000,0.000000
418,6.966667,10.579956,0.001788,-57.097778,2.939332,-0.008556,11.262896,-3.061325,1.858782,11.461865,4120.883,1,-1.000000,4,3,37.161057,1,0,0,-0.028801,0.999514,0.011941,-0.996364,-0.029664,0.079862,0.009428,0.036943,0.000000,0.000000,0.000000,1,-0.012022,4478.240234,-7201.531738,8637.383789,0.091856,-0.110171,34.451706,1,0.034233,6135.856934,-7619.519531,-2273.932861,0.097188,0.029004,40.083473,1,-0.036454,3634.381836,-3309.588379,95.309967,0.035825,-0.007660,29.273418,1,0.009373,5278.043457,-2755.354004,-950.480530,0.035145,0.012123,38.357834,22464.341797,19544.990234,-2609.849121,-173.410583,1783.379395,3.667061,0.000000,0.000000,0.000000,0.000000,0.000000,0.000000,0.000000,0.000000,0.000000
419,6.983333,10.635254,0.001632,-56.910767,3.313738,-0.009351,11.219398,-3.029882,1.886221,11.518430,4150.649,1,-1.000000,4,3,37.387058,1,0,0,-0.029021,0.999495,0.012973,-0.993344,-0.030285,0.111137,0.007388,0.036756,0.000000,0.000000,0.000000,1,-0.012258,4463.797852,-6868.350098,8663.949219,0.087607,-0.110510,34.636192,1,0.034953,6151.161621,-7353.504395,-2246.716064,0.093795,0.028657,40.356403,1,-0.036858,3634.631836,-3679.864014,-372.947632,0.039950,-0.003051,29.237757,1,0.009931,5309.096191,-3365.825195,-1270.685303,0.038035,0.013639,38.474934,22789.921875,19579.595703,-3838.635254,-49.966019,-322.723633,7.955612,0.000000,0.000000,0.000000,0.000000,0.000000,0.000000,0.000000,0.000000,0.000000
420,7.000000,10.696777,0.001471,-56.724976,3.693570,-0.009644,11.155421,-2.998522,1.881256,11.567636,4175.893,1,-1.000000,4,3,37.610596,1,0,0,-0.029213,0.999475,0.014000,-0.989353,-0.030909,0.142219,0.006812,0.036898,0.000000,0.000000,0.000000,1,-0.012524,4450.478027,-6891.854980,8672.498047,0.087906,-0.110619,34.823780,1,0.035644,6169.336914,-7354.225098,-1608.912720,0.093804,0.020522,40.620430,1,-0.037219,3629.428711,-3268.846191,-879.681152,0.041694,0.002246,29.270494,1,0.010537,5336.158203,-2564.906250,-1352.386353,0.032716,0.014980,38.638805,21720.052734,19607.347656,-4447.488281,-45.320755,2503.024414,-167.827454,0.000000,0.000000,0.000000,0.000000,0.000000,0.000000,0.000000,0.000000,0.000000
421,7.016667,10.764404,0.001312,-56.540283,4.055571,-0.009536,11.081297,-2.966520,1.919779,11.617851,4200.860,1,-1.000000,4,3,37.812164,1,0,0,-0.029300,0.999458,0.015037,-0.984279,-0.031470,0.173793,0.006029,0.033124,0.000000,0.000000,0.000000,1,-0.012770,4445.444336,-6565.609375,8826.725586,0.083745,-0.112586,34.995930,1,0.036256,6177.283203,-7142.406250,-1996.620361,0.091102,0.022357,40.855034,1,-0.037502,3631.963867,-4221.348633,-1247.926758,0.046204,0.007321,29.377251,1,0.011122,5352.183594,-3251.522217,-1539.657837,0.035966,0.016709,38.814610,22550.986328,19628.748047,-5838.235352,72.990875,-1034.517090,-61.513893,0.000000,0.000000,0.000000,0.000000,0.000000,0.000000,0.000000,0.000000,0.000000
422,7.033333,10.838257,0.001160,-56.357178,4.431421,-0.009119,10.983993,-2.934783,1.903867,11.659413,4223.374,1,-1.000000,4,3,38.020775,1,0,0,-0.029340,0.999440,0.016081,-0.978253,-0.032016,0.204928,0.006817,0.032037,0.000000,0.000000,0.000000,1,-0.013014,4437.902832,-6773.378906,8899.585938,0.086395,-0.113515,35.178764,1,0.036848,6193.447266,-7302.951172,-939.782532,0.093150,0.011987,41.092388,1,-0.037778,3623.948975,-3420.069580,-1640.265625,0.043623,0.012369,29.537798,1,0.011691,5368.203125,-2769.342041,-1164.542358,0.035323,0.014854,39.017769,22000.132812,19644.453125,-5604.512695,-63.424377,3147.283203,-141.409744,0.000000,0.000000,0.000000,0.000000,0.000000,0.000000,0.000000,0.000000,0.000000
423,7.050000,10.918213,0.001019,-56.175659,4.798090,-0.008501,10.890584,-2.902240,1.952301,11.717144,4246.674,1,-1.000000,4,3,38.191536,1,0,0,-0.029279,0.999425,0.017130,-0.971053,-0.032504,0.236642,0.005729,0.028742,0.000000,0.000000,0.000000,1,-0.013251,4431.077637,-6336.739746,8939.979492,0.080826,-0.114030,35.330490,1,0.037355,6197.299805,-7000.236328,-1298.477417,0.089289,0.013685,41.284267,1,-0.037990,3626.884277,-4467.677246,-1859.119629,0.048583,0.016580,29.755655,1,0.012235,5382.375977,-3547.314697,-1555.812012,0.039007,0.016706,39.166138,22698.564453,19657.388672,-7113.409180,76.081360,-1187.798828,-45.524811,0.000000,0.000000,0.000000,0.000000,0.000000,0.000000,0.000000,0.000000,0.000000
424,7.066667,11.004517,0.000890,-55.996094,5.176399,-0.007689,10.772027,-2.870002,1.934028,11.765346,4265.747,1,-1.000000,4,3,38.372208,1,0,0,-0.029177,0.999409,0.018182,-0.962907,-0.032983,0.267810,0.006575,0.028061,0.000000,0.000000,0.000000,1,-0.013495,4422.110840,-6612.378418,8894.828125,0.084342,-0.113454,35.494419,1,0.037844,6210.422363,-7222.946777,-1066.759033,0.092129,0.013607,41.483318,1,-0.038209,3618.489746,-3712.621826,-2107.721436,0.047355,0.020405,30.005480,1,0.012759,5396.341797,-3147.769775,-1368.096558,0.040150,0.017450,39.371658,21817.330078,19665.345703,-7783.748047,53.567032,1780.999512,-163.057480,0.000000,0.000000,0.000000,0.000000,0.000000,0.000000,0.000000,0.000000,0.000000
425,7.083333,11.096802,0.000778,-55.818726,5.540021,-0.006757,10.642298,-2.837307,1.961441,11.812770,4285.927,1,-1.000000,4,3,38.546135,1,0,0,-0.028977,0.999395,0.019245,-0.953625,-0.033410,0.299136,0.006799,0.024717,0.000000,0.000000,0.000000,1,-0.013711,4419.362793,-6416.876465,9008.416992,0.081848,-0.114903,35.655022,1,0.038280,6216.709961,-7101.596191,-1340.611084,0.090582,0.014903,41.671677,1,-0.038410,3614.879395,-4734.587891,-2166.205566,0.052193,0.023087,30.291618,1,0.013220,5401.899414,-3898.631348,-1666.452759,0.043705,0.018863,39.549759,22829.986328,19668.621094,-9241.290039,144.135941,-1777.909180,-7.945602,0.000000,0.000000,0.000000,0.000000,0.000000,0.000000,0.000000,0.000000,0.000000
426,7.100000,11.195435,0.000681,-55.643921,5.920521,-0.005783,10.488276,-2.805068,1.934084,11.854474,4305.354,1,-1.000000,4,3,38.724747,1,0,0,-0.028757,0.999380,0.020320,-0.943475,-0.033852,0.329710,0.008615,0.025079,0.000000,0.000000,0.000000,1,-0.013939,4410.007324,-6678.324219,8971.503906,0.085183,-0.114432,35.822517,1,0.038727,6233.038574,-7271.476074,-506.430359,0.092748,0.006460,41.862103,1,-0.038655,3599.968994,-3264.391602,-1858.591187,0.041638,0.023707,30.586300,1,0.013659,5412.778320,-2621.261475,-523.203491,0.033434,0.006674,39.771442,21163.523438,19669.292969,-7439.787598,-221.015823,4493.029297,-215.194550,0.000000,0.000000,0.000000,0.000000,0.000000,0.000000,0.000000,0.000000,0.000000
427,7.116667,11.300049,0.000601,-55.471313,6.273246,-0.004836,10.364280,-2.771677,2.003233,11.930717,4325.303,1,-1.000000,4,3,38.876511,1,0,0,-0.028391,0.999369,0.021358,-0.931932,-0.034190,0.361017,0.005052,0.019775,0.000000,0.000000,0.000000,1,-0.014151,4405.641602,-6247.673340,8961.041992,0.079690,-0.114299,35.967594,1,0.039029,6220.815430,-7052.129883,-933.692261,0.089951,0.008482,42.020691,1,-0.038783,3613.640625,-4464.429199,-1025.937622,0.047319,0.013086,30.836048,1,0.014055,5419.297363,-3544.973633,-1031.954346,0.037808,0.009082,39.826130,22260.548828,19671.142578,-8412.579102,-113.249603,-1282.445312,-44.959732,0.000000,0.000000,0.000000,0.000000,0.000000,0.000000,0.000000,0.000000,0.000000
428,7.133333,11.410767,0.000536,-55.300903,6.644256,-0.003865,10.224071,-2.738616,1.983509,12.010185,4342.255,1,-1.000000,4,3,39.042149,1,0,0,-0.027978,0.999359,0.022347,-0.919480,-0.034499,0.391620,0.003472,0.018625,0.000000,0.000000,0.000000,1,-0.014389,4393.795898,-6812.351074,8708.215820,0.086892,-0.111074,36.127304,1,0.039258,6217.089844,-7592.672852,-1071.326416,0.096845,0.010406,42.192169,1,-0.038867,3617.727539,-4802.336426,-1435.591064,0.052492,0.015025,30.964169,1,0.014451,5432.219727,-3782.237793,-1290.939819,0.041681,0.011823,39.955132,22744.660156,19670.755859,-11039.638672,164.434341,-675.862305,35.024628,0.000000,0.000000,0.000000,0.000000,0.000000,0.000000,0.000000,0.000000,0.000000
429,7.150000,11.527832,0.000489,-55.133545,7.023334,-0.002865,10.040076,-2.705728,1.973103,12.066073,4360.755,1,-1.000000,4,3,39.220051,1,0,0,-0.027559,0.999347,0.023357,-0.906095,-0.034842,0.421637,0.005759,0.019928,0.000000,0.000000,0.000000,1,-0.014651,4381.681152,-6909.119141,8602.623047,0.088127,-0.109727,36.300236,1,0.039515,6229.816406,-7647.761719,-1178.620728,0.097548,0.012124,42.374722,1,-0.039013,3603.276367,-3809.452881,-1584.630005,0.048590,0.016951,31.152128,1,0.014835,5442.895020,-3329.162842,-1471.157349,0.042464,0.014400,40.121964,20853.054688,19665.271484,-11770.635742,130.013428,1491.491211,-195.635986,0.000000,0.000000,0.000000,0.000000,0.000000,0.000000,0.000000,0.000000,0.000000
430,7.166667,11.650757,0.000457,-54.969482,7.370884,-0.001914,9.843899,-2.672457,1.996059,12.112318,4380.625,1,-1.000000,4,3,39.404324,1,0,0,-0.027039,0.999337,0.024377,-0.891560,-0.035137,0.451538,0.006738,0.016478,0.000000,0.000000,0.000000,1,-0.014861,4382.511230,-6822.990723,8795.946289,0.087028,-0.112193,36.480957,1,0.039754,6235.041504,-7626.447754,-1332.802490,0.097276,0.013934,42.561951,1,-0.039180,3594.808105,-4878.406250,-1138.476807,0.053651,0.014521,31.361858,1,0.015127,5438.455566,-4121.634277,-1674.193481,0.046216,0.016981,40.315117,22209.597656,19655.857422,-12930.719727,159.382812,-2082.969727,34.128296,0.000000,0.000000,0.000000,0.000000,0.000000,0.000000,0.000000,0.000000,0.000000
431,7.183333,11.779663,0.000438,-54.808960,7.741045,-0.001122,9.628386,-2.639721,1.964004,12.164473,4401.208,1,-1.000000,4,3,39.586639,1,0,0,-0.026522,0.999325,0.025405,-0.876294,-0.035472,0.480469,0.009100,0.017889,0.000000,0.000000,0.000000,1,-0.015098,4370.872070,-7132.356934,8691.606445,0.090974,-0.110862,36.661705,1,0.040028,6249.195312,-7847.644043,-1109.302246,0.100097,0.014149,42.744930,1,-0.039409,3577.958984,-3211.710449,-1490.886963,0.040966,0.016190,31.506418,1,0.015417,5447.548828,-2614.631104,-1698.295776,0.033350,0.018719,40.537930,19186.839844,19648.792969,-12878.900391,13.459412,3739.618164,-321.472443,0.000000,0.000000,0.000000,0.000000,0.000000,0.000000,0.000000,0.000000,0.000000
432,7.200000,11.914062,0.000431,-54.652100,8.060825,-0.000397,9.413738,-2.606026,2.021561,12.208741,4421.571,1,-1.000000,4,3,39.764366,1,0,0,-0.025842,0.999317,0.026419,-0.859605,-0.035704,0.509710,0.007871,0.011581,0.000000,0.000000,0.000000,1,-0.015245,4379.757812,-6811.497559,9045.250000,0.086881,-0.115373,36.839867,1,0.040239,6246.479004,-7686.511230,-1491.628174,0.098042,0.015959,42.921024,1,-0.039604,3576.596680,-4383.420898,-574.346802,0.046513,0.007326,31.702456,1,0.015581,5434.010742,-3506.583984,-1893.156006,0.037573,0.020734,40.764263,20610.816406,19637.941406,-13535.035156,6.885040,-1476.911133,-53.713226,0.000000,0.000000,0.000000,0.000000,0.000000,0.000000,0.000000,0.000000,0.000000
433,7.216667,12.054077,0.000434,-54.499023,8.404339,0.000137,9.188154,-2.572710,1.998842,12.267833,4441.422,1,-1.000000,4,3,39.942375,1,0,0,-0.025124,0.999309,0.027398,-0.842144,-0.035924,0.538054,0.007801,0.010707,0.000000,0.000000,0.000000,1,-0.015392,4374.804688,-7281.837891,9010.980469,0.092881,-0.114936,37.019749,1,0.040430,6249.658203,-8135.979980,-1265.327026,0.103775,0.016139,43.095737,1,-0.039797,3570.629883,-4688.576660,-899.040100,0.051446,0.008863,31.764612,1,0.015729,5436.249512,-3710.682861,-1339.568604,0.041195,0.017086,41.019058,21374.666016,19631.269531,-14920.041016,78.163986,42.780273,103.157120,0.000000,0.000000,0.000000,0.000000,0.000000,0.000000,0.000000,0.000000,0.000000
434,7.233333,12.200195,0.000443,-54.349976,8.760583,0.000564,8.939487,-2.539382,1.999490,12.328901,4461.305,1,-1.000000,4,3,40.113396,1,0,0,-0.024410,0.999299,0.028379,-0.823742,-0.036190,0.565809,0.009360,0.012947,0.000000,0.000000,0.000000,1,-0.015588,4361.014648,-7254.353516,8893.806641,0.092530,-0.113441,37.194500,1,0.040642,6259.768555,-8092.913086,-1584.927490,0.103226,0.017653,43.261353,1,-0.040024,3558.183594,-3708.606445,-1100.046387,0.047304,0.010781,31.874197,1,0.015914,5448.014648,-3282.468262,-1377.678711,0.041868,0.017572,41.192993,19149.636719,19626.146484,-15246.240234,13.866974,1714.838379,-154.042221,0.000000,0.000000,0.000000,0.000000,0.000000,0.000000,0.000000,0.000000,0.000000
435,7.250000,12.351562,0.000459,-54.205200,9.079743,0.000952,8.685383,-2.505615,2.025882,12.379780,4480.407,1,-0.897638,4,3,40.298134,1,0,0,-0.023604,0.999291,0.029336,-0.804165,-0.036412,0.593289,0.008810,0.010101,0.000000,0.000000,0.000000,1,-0.015782,4354.971680,-5613.259766,8939.809570,0.071598,-0.114028,37.383114,1,0.040840,6264.243164,-6185.906250,-1794.511108,0.078902,0.019596,43.440456,1,-0.040243,3552.117188,-4941.684570,-1195.914917,0.053142,0.012442,32.013142,1,0.016048,5444.448242,-4262.705078,-1694.049561,0.046509,0.019070,41.372494,18458.472656,19613.107422,-13969.929688,-205.472748,-7878.866699,-228.033966,0.000000,0.000000,0.000000,0.000000,0.000000,0.000000,0.000000,0.000000,0.000000
436,7.266667,12.507935,0.000478,-54.064331,9.387384,0.001143,8.452551,-2.473870,1.904686,12.449308,4501.041,1,-0.803150,4,3,40.487541,1,0,0,-0.022753,0.999286,0.030157,-0.784926,-0.036538,0.618511,0.005066,0.005602,0.000000,0.000000,0.000000,1,-0.015907,4361.352539,-4538.810059,8703.895508,0.066511,-0.111019,37.577339,1,0.040940,6252.572266,-5441.469238,-1469.624878,0.075377,0.019280,43.623123,1,-0.040376,3560.900391,-3027.053711,-1696.328125,0.038610,0.015855,32.166092,1,0.016117,5436.968262,-2735.869385,-1435.349487,0.034896,0.018787,41.598206,14363.435547,19608.884766,-10581.401367,-677.040894,-4887.873047,-678.453735,0.000000,0.000000,0.000000,0.000000,0.000000,0.000000,0.000000,0.000000,0.000000
437,7.283333,12.668335,0.000500,-53.926392,9.626775,0.001295,8.276195,-2.443379,1.829559,12.527485,4522.196,1,-0.700787,4,3,40.673279,1,0,0,-0.021673,0.999294,0.030698,-0.765710,-0.036334,0.642159,-0.008151,-0.009110,0.000000,0.000000,0.000000,1,-0.015802,4399.852539,-2858.641602,8865.764648,0.055357,-0.113084,37.769417,1,0.040751,6202.421387,-4023.333008,-1083.819702,0.066447,0.017255,43.800400,1,-0.040233,3607.321289,-3213.281494,-2169.270264,0.040986,0.020240,32.392139,1,0.015952,5396.097168,-3380.310547,-1256.047607,0.037947,0.017761,41.786129,13359.204102,19602.214844,-8364.978516,-898.363464,-9843.673828,-655.276184,0.000000,0.000000,0.000000,0.000000,0.000000,0.000000,0.000000,0.000000,0.000000
438,7.300000,12.832520,0.000522,-53.790771,9.849428,0.001328,8.136778,-2.415414,1.678193,12.623611,4542.942,1,-0.614173,4,3,40.840260,1,0,0,-0.020412,0.999315,0.030876,-0.747466,-0.035763,0.663337,-0.024682,-0.024001,0.000000,0.000000,0.000000,1,-0.015454,4447.960938,-1420.306152,8582.033203,0.041534,-0.109465,37.945179,1,0.040217,6132.694824,-2738.143066,-361.746033,0.054747,0.012563,43.956226,1,-0.039755,3673.880371,-2068.178955,-2899.522461,0.026380,0.026455,32.687267,1,0.015552,5347.270996,-1799.070801,-894.578857,0.022947,0.015403,41.947861,9636.634766,19598.257812,-4347.223145,-1311.101196,-7712.858398,-935.527771,0.000000,0.000000,0.000000,0.000000,0.000000,0.000000,0.000000,0.000000,0.000000
439,7.316667,12.999390,0.000544,-53.656372,10.010038,0.001316,8.064324,-2.389431,1.559649,12.727146,4561.593,1,-0.519685,4,3,40.992146,1,0,0,-0.018854,0.999355,0.030563,-0.729999,-0.034647,0.682570,-0.049413,-0.045587,0.000000,0.000000,0.000000,1,-0.014740,4526.958496,277.625732,8495.268555,0.024803,-0.108358,38.107624,1,0.039192,6024.666992,-1214.250000,457.576263,0.040174,0.005733,44.095005,1,-0.038799,3777.770508,-2694.335205,-3593.796631,0.029344,0.033650,33.089066,1,0.014787,5266.966797,-2311.809814,-617.614380,0.025375,0.012610,42.056793,8751.024414,19592.476562,-2227.131836,-1370.649292,-11935.618164,-784.622803,0.000000,0.000000,0.000000,0.000000,0.000000,0.000000,0.000000,0.000000,0.000000
440,7.333333,13.168579,0.000564,-53.522583,10.155889,0.001199,8.027205,-2.366511,1.376130,12.840614,4578.557,1,-0.433071,4,3,41.119308,1,0,0,-0.017089,0.999412,0.029734,-0.714189,-0.033013,0.699174,-0.074510,-0.064496,0.000000,0.000000,0.000000,1,-0.013689,4612.346680,1752.291138,7796.513672,0.007300,-0.099445,38.247494,1,0.037686,5902.468750,168.876465,1576.530518,0.024463,-0.003859,44.206753,1,-0.037368,3896.609863,-1729.029053,-4448.981445,0.022054,0.042223,33.592278,1,0.013693,5181.246094,-1574.617676,-203.858612,0.020084,0.008895,42.125271,5643.939941,19588.818359,1297.433960,-1568.578003,-10433.484375,-912.361450,0.000000,0.000000,0.000000,0.000000,0.000000,0.000000,0.000000,0.000000,0.000000
441,7.350000,13.339478,0.000581,-53.388428,10.249954,0.001042,8.048829,-2.346269,1.215739,12.953460,4592.760,1,-0.346457,4,3,41.232124,1,0,0,-0.015061,0.999485,0.028331,-0.699922,-0.030773,0.713556,-0.103814,-0.086394,0.000000,0.000000,0.000000,1,-0.012230,4721.972656,3230.467041,7078.208496,-0.010704,-0.090283,38.373993,1,0.035637,5753.003906,1570.567627,2809.732910,0.007947,-0.015729,44.303135,1,-0.035402,4042.011230,-2221.299561,-5205.739258,0.024385,0.051197,34.220406,1,0.012196,5070.991211,-2007.601807,143.295532,0.022134,0.004915,42.133308,4459.841797,19583.976562,3106.825439,-1469.470459,-12756.757812,-753.263977,0.000000,0.000000,0.000000,0.000000,0.000000,0.000000,0.000000,0.000000,0.000000
442,7.366667,13.511475,0.000594,-53.253296,10.324285,0.000808,8.100610,-2.329301,1.019588,13.065423,4605.361,1,-0.259843,4,3,41.327530,1,0,0,-0.012848,0.999569,0.026387,-0.687746,-0.027989,0.725411,-0.130918,-0.104951,0.000000,0.000000,0.000000,1,-0.010408,4836.641113,4614.264648,5789.520996,-0.028577,-0.073846,38.484028,1,0.033098,5595.757812,2924.826172,4278.282227,-0.008851,-0.030146,44.381130,1,-0.032953,4195.313477,-1663.210083,-5952.870117,0.021214,0.060378,34.959076,1,0.010340,4956.019043,-1584.065552,556.589905,0.020205,0.000455,42.090637,1698.612549,19579.687500,5975.378906,-1437.083984,-11502.633789,-846.529602,0.000000,0.000000,0.000000,0.000000,0.000000,0.000000,0.000000,0.000000,0.000000
443,7.383333,13.683960,0.000603,-53.116577,10.352594,0.000542,8.200199,-2.315284,0.842733,13.169590,4616.018,1,-0.188976,4,3,41.416622,1,0,0,-0.010415,0.999660,0.023914,-0.677544,-0.024643,0.735069,-0.158228,-0.124824,0.000000,0.000000,0.000000,1,-0.008187,4969.673828,5687.380859,4310.331543,-0.044897,-0.054979,38.587677,1,0.030089,5426.084473,3986.248535,5847.826172,-0.024438,-0.046643,44.452965,1,-0.030039,4361.199707,-2128.616211,-6510.002930,0.023418,0.068788,35.806881,1,0.008078,4820.566406,-2026.854492,907.891968,0.022301,-0.004012,41.987595,636.115479,19573.095703,6978.307617,-1106.283813,-11625.111328,-712.997498,0.000000,0.000000,0.000000,0.000000,0.000000,0.000000,0.000000,0.000000,0.000000
444,7.400000,13.856812,0.000607,-52.978027,10.363196,0.000198,8.316504,-2.304250,0.663967,13.265415,4625.969,1,-0.110236,4,3,41.502369,1,0,0,-0.007819,0.999748,0.021023,-0.669422,-0.020851,0.742590,-0.179548,-0.140898,0.000000,0.000000,0.000000,1,-0.005619,5106.364746,6841.433594,2611.715088,-0.060622,-0.033313,38.693447,1,0.026727,5262.726562,5150.715332,7564.221680,-0.039753,-0.065143,44.515202,1,-0.026784,4519.224121,-2338.892822,-6884.486816,0.025799,0.075849,36.736069,1,0.005468,4682.332520,-2240.512695,1235.244995,0.024631,-0.008371,41.833237,-953.426025,19565.789062,8485.767578,-858.817017,-11386.956055,-659.532776,0.000000,0.000000,0.000000,0.000000,0.000000,0.000000,0.000000,0.000000,0.000000
445,7.416667,14.029297,0.000603,-52.837036,10.347306,-0.000230,8.457934,-2.296136,0.488849,13.353101,4635.546,1,-0.047244,4,3,41.587170,1,0,0,-0.005079,0.999829,0.017800,-0.663397,-0.016688,0.748081,-0.196574,-0.154914,0.000000,0.000000,0.000000,1,-0.002746,5246.530762,7693.783203,905.968323,-0.074547,-0.011556,38.855873,1,0.023109,5105.529785,6024.329590,9310.932617,-0.053520,-0.085045,44.510460,1,-0.023273,4672.713867,-2558.253418,-4720.151855,0.028335,0.060206,37.719955,1,0.002541,4538.530273,-2463.408447,1516.921143,0.027151,-0.012446,41.631065,-261.263916,19558.007812,11130.089844,-783.856201,-12490.222656,-300.704010,0.000000,0.000000,0.000000,0.000000,0.000000,0.000000,0.000000,0.000000,0.000000
446,7.433333,14.201660,0.000589,-52.692993,10.342952,-0.000823,8.643435,-2.291225,0.296735,13.474707,4645.018,1,-0.000000,4,3,41.670261,1,0,0,-0.002287,0.999895,0.014308,-0.659729,-0.012261,0.751404,-0.210675,-0.162805,0.000000,0.000000,0.000000,1,0.000294,5371.049805,8117.680664,465.328003,-0.085309,-0.009470,39.074978,1,0.019260,4944.748535,6469.182617,10953.639648,-0.064282,-0.105338,44.437920,1,-0.019514,4833.256836,-1878.250977,-5973.659668,0.023957,0.066141,38.387695,1,-0.000548,4413.185547,-1658.715332,1654.605469,0.021157,-0.015660,41.387749,-2024.863281,19557.697266,12929.694336,-549.539917,-8511.324219,-363.441895,0.000000,0.000000,0.000000,0.000000,0.000000,0.000000,0.000000,0.000000,0.000000
447,7.450000,14.373413,0.000566,-52.545288,10.309204,-0.001385,8.858931,-2.288497,0.165828,13.591875,4654.298,1,0.000000,4,3,41.713448,1,0,0,0.000594,0.999943,0.010622,-0.657678,-0.007611,0.753261,-0.221321,-0.170765,0.000000,0.000000,0.000000,1,0.003488,5498.940918,4963.352051,-202.845612,-0.063308,-0.004994,39.291840,1,0.015261,4791.416016,3287.470215,12314.708008,-0.041932,-0.124542,44.284302,1,-0.015579,4988.483887,-2434.412109,-4495.687988,0.026590,0.057343,39.238537,1,-0.003807,4280.918945,-2214.831055,1271.545776,0.023790,-0.016219,41.124317,4256.159180,19555.585938,8498.227539,430.523315,-2144.180908,663.368164,0.000000,0.000000,0.000000,0.000000,0.000000,0.000000,0.000000,0.000000,0.000000
448,7.466667,14.546509,0.000531,-52.395264,10.380140,-0.002093,9.000567,-2.286315,0.132794,13.738563,4659.122,1,0.000000,4,3,41.733646,1,0,0,0.003250,0.999969,0.007104,-0.656023,-0.003230,0.754734,-0.210790,-0.158218,0.000000,0.000000,0.000000,1,0.006452,5560.728027,3228.395752,-887.702454,-0.041179,0.001062,39.521240,1,0.011448,4695.063477,1723.125122,9557.601562,-0.021979,-0.121908,44.069901,1,-0.011796,5089.017090,-2791.332764,-3928.131592,0.029936,0.050104,39.873489,1,-0.006800,4223.370117,-2571.686279,919.756653,0.027135,-0.014553,40.916843,4471.615234,19566.242188,3341.709961,1332.547119,-1542.077515,716.443359,0.000000,0.000000,0.000000,0.000000,0.000000,0.000000,0.000000,0.000000,0.000000
449,7.483333,14.720703,0.000488,-52.244385,10.454667,-0.002594,9.056263,-2.284526,0.108984,13.831392,4661.378,1,0.000000,4,3,41.867023,1,0,0,0.005605,0.999976,0.004019,-0.654654,0.000631,0.755928,-0.184634,-0.140678,0.000000,0.000000,0.000000,1,0.009117,5602.365723,1480.167725,-1393.217407,-0.018880,0.007264,39.823570,1,0.008141,4663.819336,1198.388062,8777.554688,-0.015286,-0.111959,44.015331,1,-0.008501,5122.505859,-2987.832275,-2781.781494,0.032970,0.035482,40.425537,1,-0.009477,4183.970215,-2768.254883,346.036499,0.030169,-0.010790,40.760754,5683.198730,19571.867188,850.594849,1610.907837,-911.966797,988.740234,0.000000,0.000000,0.000000,0.000000,0.000000,0.000000,0.000000,0.000000,0.000000
450,7.500000,14.896484,0.000437,-52.093140,10.549387,-0.003052,9.070439,-2.282967,0.094849,13.912354,4676.275,1,0.000000,4,3,42.042130,1,0,0,0.007569,0.999970,0.001468,-0.653454,0.003835,0.756956,-0.152462,-0.117597,0.000000,0.000000,0.000000,1,0.011370,5613.603516,1885.592896,-1800.336426,-0.020799,0.013092,40.161694,1,0.005438,4667.407227,1603.828247,8194.480469,-0.017205,-0.104521,44.010609,1,-0.005787,5122.997559,-2110.854004,-2168.617432,0.026924,0.027661,40.810135,1,-0.011719,4176.791992,-1703.436768,-278.352264,0.021728,-0.005467,40.688469,3126.766113,19581.593750,2270.307373,1310.555420,-277.694092,698.769043,0.000000,0.000000,0.000000,0.000000,0.000000,0.000000,0.000000,0.000000,0.000000
451,7.516667,15.073242,0.000381,-51.941406,10.601500,-0.003345,9.108278,-2.281476,0.090498,13.976570,4695.833,1,0.000000,4,3,42.249058,1,0,0,0.009245,0.999957,-0.000658,-0.652303,0.006529,0.757930,-0.126782,-0.100512,0.000000,0.000000,0.000000,1,0.013325,5632.046875,1459.661621,-2059.715088,-0.018618,0.017984,40.528091,1,0.003226,4669.426758,1198.266113,7766.565430,-0.015284,-0.099063,44.043102,1,-0.003549,5123.949219,-2191.314209,-1647.680176,0.027950,0.021016,41.105167,1,-0.013648,4161.318359,-1762.819580,-885.442688,0.022485,0.000755,40.707390,3176.965332,19588.453125,1024.170288,1372.445557,-496.185059,763.177246,0.000000,0.000000,0.000000,0.000000,0.000000,0.000000,0.000000,0.000000,0.000000
452,7.533333,15.250854,0.000322,-51.789307,10.654449,-0.003553,9.125348,-2.280111,0.082782,14.027874,4718.946,1,0.000000,4,3,42.477695,1,0,0,0.010612,0.999941,-0.002333,-0.651246,0.008682,0.758817,-0.099718,-0.082132,0.000000,0.000000,0.000000,1,0.014952,5635.485840,1415.475586,-2186.966553,-0.018055,0.021663,40.913372,1,0.001523,4691.260742,1167.845947,7572.987793,-0.014896,-0.096594,44.101833,1,-0.001806,5105.599609,-1906.810913,-1364.242798,0.024322,0.017401,41.324108,1,-0.015235,4161.372559,-1540.512451,-1403.283936,0.019649,0.007118,40.814987,2475.002441,19596.367188,985.701172,1242.588623,-377.199463,691.643555,0.000000,0.000000,0.000000,0.000000,0.000000,0.000000,0.000000,0.000000,0.000000
453,7.550000,15.429077,0.000261,-51.636963,10.695699,-0.003649,9.141776,-2.278840,0.076905,14.069900,4744.483,1,0.000000,4,3,42.715874,1,0,0,0.011699,0.999925,-0.003601,-0.650263,0.010344,0.759639,-0.075201,-0.065492,0.000000,0.000000,0.000000,1,0.016280,5633.362793,1312.111938,-2171.089844,-0.016736,0.023901,41.307644,1,0.000280,4720.368652,1090.297119,7489.749512,-0.013907,-0.095533,44.172112,1,-0.000512,5079.750000,-1761.192749,-1134.357178,0.022464,0.014469,41.501644,1,-0.016512,4166.765137,-1432.879272,-1815.528076,0.018277,0.013072,40.998226,2239.082275,19603.587891,874.686523,1116.842407,-380.585205,666.476074,0.000000,0.000000,0.000000,0.000000,0.000000,0.000000,0.000000,0.000000,0.000000
454,7.566667,15.607910,0.000201,-51.484375,10.733017,-0.003651,9.156354,-2.277665,0.070982,14.107743,4771.086,1,0.000000,4,3,42.955193,1,0,0,0.012525,0.999911,-0.004498,-0.649355,0.011554,0.760398,-0.052944,-0.049840,0.000000,0.000000,0.000000,1,0.017321,5623.804688,1204.451660,-649.212646,-0.015363,0.008281,41.702267,1,-0.000552,4755.670898,1010.692139,7461.546875,-0.012891,-0.095173,44.245762,1,0.000380,5047.831055,-1617.413818,-1021.827393,0.020630,0.013034,41.645603,1,-0.017493,4179.697266,-1329.342041,-2109.816650,0.016956,0.018209,41.241684,3198.374512,19610.955078,1769.291504,863.673340,-1293.710693,769.402344,0.000000,0.000000,0.000000,0.000000,0.000000,0.000000,0.000000,0.000000,0.000000
455,7.583333,15.787720,0.000141,-51.331177,10.786324,-0.003591,9.185843,-2.276820,0.051016,14.167435,4797.817,1,0.000000,4,3,43.144264,1,0,0,0.013083,0.999902,-0.005084,-0.648701,0.012356,0.760943,-0.034505,-0.033725,0.000000,0.000000,0.000000,1,0.018048,5600.092285,900.231201,-160.118256,-0.011483,0.002042,42.022671,1,-0.001065,4787.261719,765.209778,7253.594238,-0.009760,-0.092520,44.295795,1,0.000969,5021.018066,-1117.747437,-1354.960693,0.014257,0.014611,41.773125,1,-0.018145,4208.187500,-931.834656,-2328.237305,0.011886,0.022473,41.528130,2768.029297,19621.507812,1855.018311,754.108032,171.843506,629.764160,0.000000,0.000000,0.000000,0.000000,0.000000,0.000000,0.000000,0.000000,0.000000
456,7.600000,15.968262,0.000085,-51.177490,10.832458,-0.003365,9.216760,-2.275930,0.053606,14.222599,4818.935,1,0.000000,4,3,43.323208,1,0,0,0.013418,0.999895,-0.005406,-0.648017,0.012813,0.761518,-0.018649,-0.020362,0.000000,0.000000,0.000000,1,0.018516,5575.772461,884.488098,-31.407227,-0.011282,0.001433,42.322014,1,-0.001305,4821.032715,760.183777,6922.084961,-0.009696,-0.088292,44.348087,1,0.001290,4990.929199,-1387.785767,-1457.541626,0.015535,0.016088,41.949306,1,-0.018530,4236.211426,-1029.743408,-2487.449219,0.013134,0.025908,41.846478,2667.211426,19629.328125,1254.875488,728.362793,-725.315430,541.227051,0.000000,0.000000,0.000000,0.000000,0.000000,0.000000,0.000000,0.000000,0.000000
457,7.616667,16.149536,0.000034,-51.023560,10.876911,-0.003016,9.237675,-2.275224,0.042398,14.270004,4838.922,1,0.000000,4,3,43.507988,1,0,0,0.013555,0.999893,-0.005476,-0.647477,0.012950,0.761975,-0.003604,-0.008478,0.000000,0.000000,0.000000,1,0.018750,5548.159180,762.326660,172.289322,-0.009724,0.000085,42.619827,1,-0.001282,4861.508789,664.869751,6815.820312,-0.008480,-0.086936,44.414654,1,0.001349,4952.942871,-885.195435,-1259.529297,0.011291,0.016065,42.140472,1,-0.018684,4266.264160,-759.073425,-1724.156616,0.009682,0.021992,42.188084,3114.482178,19634.177734,2361.659912,461.581299,837.069580,527.538574,0.000000,0.000000,0.000000,0.000000,0.000000,0.000000,0.000000,0.000000,0.000000
458,7.633333,16.331665,-0.000009,-50.868896,10.928820,-0.002615,9.277036,-2.274303,0.055238,14.335041,4859.561,1,0.000000,4,3,43.688686,1,0,0,0.013518,0.999894,-0.005376,-0.646775,0.012844,0.762572,0.006733,0.001896,0.000000,0.000000,0.000000,1,0.018772,5516.439453,974.430115,424.333649,-0.010728,-0.001955,42.908901,1,-0.001097,4892.283203,876.963135,6330.543945,-0.009485,-0.080747,44.482643,1,0.001245,4925.011230,-1171.910522,-1263.436279,0.012648,0.016115,42.302715,1,-0.018623,4300.863281,-1045.813721,-1704.860474,0.011040,0.021746,42.418194,3046.400879,19639.976562,2103.398926,412.284668,-1034.192749,429.747559,0.000000,0.000000,0.000000,0.000000,0.000000,0.000000,0.000000,0.000000,0.000000
459,7.650000,16.514648,-0.000045,-50.713745,10.979593,-0.002119,9.312093,-2.273646,0.039294,14.396426,4879.744,1,0.000000,4,3,43.876194,1,0,0,0.013339,0.999898,-0.005121,-0.646278,0.012529,0.762999,0.015852,0.010575,0.000000,0.000000,0.000000,1,0.018613,5483.871094,562.768188,661.273621,-0.007178,-0.004360,43.192703,1,-0.000768,4924.868652,503.237122,6166.545898,-0.006419,-0.078655,44.570503,1,0.000993,4894.125977,-945.478699,-1615.494019,0.012060,0.017782,42.465527,1,-0.018388,4335.112793,-834.111145,-1354.160034,0.010639,0.017272,42.645485,3326.184570,19643.003906,1882.105957,351.795410,760.242920,378.146973,0.000000,0.000000,0.000000,0.000000,0.000000,0.000000,0.000000,0.000000,0.000000
460,7.666667,16.698608,-0.000071,-50.558105,11.035029,-0.001575,9.343461,-2.272793,0.050962,14.458990,4900.687,1,0.000000,4,3,44.060394,1,0,0,0.013033,0.999904,-0.004738,-0.645633,0.012034,0.763553,0.023617,0.018099,0.000000,0.000000,0.000000,1,0.018295,5449.337891,754.469971,984.419067,-0.008086,-0.007403,43.466900,1,-0.000320,4957.589355,694.903687,5772.359375,-0.007326,-0.073627,44.661991,1,0.000613,4862.394043,-1213.989502,-1246.933716,0.013331,0.015905,42.679764,1,-0.018001,4370.665039,-1102.658936,-1752.335449,0.011911,0.019158,42.821548,3349.468506,19644.476562,1696.343262,288.796753,-1603.633179,293.962891,0.000000,0.000000,0.000000,0.000000,0.000000,0.000000,0.000000,0.000000,0.000000
461,7.683333,16.883423,-0.000087,-50.401855,11.090854,-0.000998,9.371734,-2.272351,0.026267,14.519866,4921.261,1,0.000000,4,3,44.246033,1,0,0,0.012629,0.999911,-0.004244,-0.645304,0.011392,0.763841,0.030012,0.024098,0.000000,0.000000,0.000000,1,0.017848,5415.152344,478.909973,1255.102295,-0.006109,-0.010597,43.730804,1,0.000225,4990.109375,440.041290,5735.835938,-0.005613,-0.073161,44.767330,1,0.000125,4829.966797,-501.799316,-1625.540161,0.006401,0.017697,42.840164,1,-0.017497,4404.892578,-456.461395,-1037.785767,0.005822,0.013237,43.055775,3250.671631,19643.837891,2694.739502,76.363525,1558.213867,202.644531,0.000000,0.000000,0.000000,0.000000,0.000000,0.000000,0.000000,0.000000,0.000000
462,7.700000,17.069214,-0.000095,-50.244995,11.145032,-0.000427,9.416646,-2.271509,0.050230,14.590228,4941.995,1,0.000000,4,3,44.423050,1,0,0,0.012167,0.999919,-0.003718,-0.644669,0.010686,0.764387,0.032194,0.027571,0.000000,0.000000,0.000000,1,0.017317,5385.132324,661.065674,1617.071045,-0.006971,-0.014320,43.981331,1,0.000787,5011.060547,622.181885,5161.404297,-0.006475,-0.065834,44.869205,1,-0.000393,4808.563965,-773.215759,-1304.517212,0.007686,0.016639,43.055870,1,-0.016922,4434.499023,-727.923157,-1466.091675,0.007107,0.015265,43.185627,3122.907715,19642.158203,2348.637207,74.519897,-970.039795,109.219727,0.000000,0.000000,0.000000,0.000000,0.000000,0.000000,0.000000,0.000000,0.000000
463,7.716667,17.255859,-0.000092,-50.087402,11.197081,0.000139,9.455790,-2.270915,0.035298,14.655239,4961.767,1,0.000000,4,3,44.606174,1,0,0,0.011670,0.999927,-0.003158,-0.644224,0.009934,0.764772,0.034021,0.029665,0.000000,0.000000,0.000000,1,0.016734,5358.045410,401.819031,1925.410889,-0.005125,-0.018120,44.222420,1,0.001367,5032.733398,376.010040,5046.269043,-0.004796,-0.064366,44.993259,1,-0.000944,4785.480469,-817.664795,-1681.793945,0.008704,0.018425,43.224682,1,-0.016310,4460.199219,-772.358826,-1584.859985,0.008126,0.017102,43.378040,3274.853271,19638.347656,1696.523682,104.223877,-606.751343,66.107422,0.000000,0.000000,0.000000,0.000000,0.000000,0.000000,0.000000,0.000000,0.000000
464,7.733333,17.443359,-0.000081,-49.929321,11.251661,0.000664,9.484065,-2.270477,0.025957,14.715192,4982.221,1,0.000000,4,3,44.782021,1,0,0,0.011149,0.999935,-0.002560,-0.643899,0.009138,0.765056,0.036145,0.031209,0.000000,0.000000,0.000000,1,0.016112,5331.881836,350.462494,2256.071289,-0.004470,-0.022076,44.449383,1,0.001976,5057.048340,331.454712,4939.620117,-0.004228,-0.063005,45.117149,1,-0.001540,4759.105957,-601.594421,-1439.933472,0.007673,0.018366,43.448605,1,-0.015675,4484.265137,-565.330688,-1264.937744,0.007211,0.016134,43.587803,3665.397949,19633.117188,2450.899902,-55.913208,-156.147827,68.519531,0.000000,0.000000,0.000000,0.000000,0.000000,0.000000,0.000000,0.000000,0.000000
465,7.750000,17.631958,-0.000063,-49.770630,11.312751,0.001104,9.524914,-2.270079,0.023554,14.788229,5001.862,1,0.000000,4,3,44.949600,1,0,0,0.010614,0.999942,-0.001973,-0.643603,0.008342,0.765314,0.035503,0.032032,0.000000,0.000000,0.000000,1,0.015461,5306.230957,339.575287,2552.446777,-0.004331,-0.025966,44.660965,1,0.002558,5071.779297,323.746735,4613.705078,-0.004129,-0.058848,45.240101,1,-0.002120,4742.663574,-515.086975,-1829.004028,0.006570,0.020209,43.637199,1,-0.015023,4508.224609,-488.464661,-1647.861328,0.006230,0.017947,43.750835,2958.894043,19628.960938,2043.697998,-30.987915,-397.524414,-85.618652,0.000000,0.000000,0.000000,0.000000,0.000000,0.000000,0.000000,0.000000,0.000000
466,7.766667,17.821289,-0.000037,-49.611206,11.362065,0.001519,9.558975,-2.269783,0.017443,14.847892,5020.579,1,0.000000,4,3,45.117294,1,0,0,0.010104,0.999948,-0.001399,-0.643384,0.007572,0.765506,0.034588,0.030573,0.000000,0.000000,0.000000,1,0.014834,5289.356445,256.496582,2869.610840,-0.003272,-0.029914,44.862335,1,0.003120,5087.376465,246.225632,4506.398926,-0.003141,-0.057480,45.373699,1,-0.002699,4724.066406,-372.030457,-1323.624146,0.004745,0.016883,43.882626,1,-0.014412,4522.057617,-355.499542,-1233.860596,0.004534,0.015738,43.969803,3749.005859,19621.835938,2857.190918,-174.712158,-186.774170,-5.685059,0.000000,0.000000,0.000000,0.000000,0.000000,0.000000,0.000000,0.000000,0.000000
467,7.783333,18.011719,-0.000007,-49.451172,11.424549,0.001810,9.606595,-2.269535,0.014577,14.926363,5039.310,1,0.000000,4,3,45.277214,1,0,0,0.009609,0.999953,-0.000876,-0.643202,0.006851,0.765666,0.031558,0.029687,0.000000,0.000000,0.000000,1,0.014212,5269.981445,206.383499,3115.438232,-0.002632,-0.033560,45.048946,1,0.003615,5093.093262,199.143997,4147.203125,-0.002540,-0.052898,45.506641,1,-0.003216,4716.406738,-315.831879,-1729.876953,0.004028,0.018806,44.054230,1,-0.013814,4539.527344,-303.544281,-1631.888184,0.003872,0.017622,44.128296,3039.125977,19617.482422,2273.673828,-101.473999,-397.257324,-143.746582,0.000000,0.000000,0.000000,0.000000,0.000000,0.000000,0.000000,0.000000,0.000000
468,7.800000,18.203003,0.000027,-49.290405,11.475202,0.002073,9.644489,-2.269390,0.008474,14.989519,5057.172,1,0.000000,4,3,45.440029,1,0,0,0.009159,0.999958,-0.000391,-0.643097,0.006190,0.765760,0.029160,0.026992,0.000000,0.000000,0.000000,1,0.013642,5259.018066,123.533325,2659.286621,-0.001576,-0.033919,45.228333,1,0.004067,5101.570312,119.712212,4039.086426,-0.001527,-0.051519,45.652718,1,-0.003705,4704.775391,-178.196457,-1487.551514,0.002273,0.018974,44.285175,1,-0.013279,4547.349609,-172.077133,-1344.161133,0.002195,0.017145,44.344929,2943.817139,19610.335938,2332.442139,-128.735718,478.985718,-168.127930,0.000000,0.000000,0.000000,0.000000,0.000000,0.000000,0.000000,0.000000,0.000000
469,7.816667,18.395020,0.000065,-49.129028,11.524265,0.002240,9.683363,-2.269121,0.015855,15.052090,5075.357,1,0.000000,4,3,45.620556,1,0,0,0.008763,0.999962,0.000042,-0.642897,0.005602,0.765932,0.026143,0.023759,0.000000,0.000000,0.000000,1,0.013134,5251.937500,177.701477,2780.068848,-0.001832,-0.035460,45.431290,1,0.004469,5107.062500,173.875320,3858.724365,-0.001783,-0.049218,45.810612,1,-0.004153,4696.220703,-267.202087,-1359.743652,0.002694,0.017344,44.480724,1,-0.012818,4551.316406,-261.084442,-1467.483032,0.002616,0.018718,44.519531,2946.323975,19603.484375,2242.254883,-132.557373,-335.161499,-166.518555,0.000000,0.000000,0.000000,0.000000,0.000000,0.000000,0.000000,0.000000,0.000000
470,7.833333,18.587891,0.000103,-48.967041,11.573371,0.002311,9.720734,-2.268939,0.010710,15.113727,5095.521,1,0.000000,4,3,45.802086,1,0,0,0.008420,0.999964,0.000426,-0.642762,0.005087,0.766049,0.023101,0.020561,0.000000,0.000000,0.000000,1,0.012690,5247.057617,116.878868,2782.561279,-0.001491,-0.035492,45.630260,1,0.004822,5111.041504,113.694519,3821.648438,-0.001450,-0.048746,45.974560,1,-0.004559,4689.429199,-276.307922,-1433.960083,0.003002,0.018290,44.657604,1,-0.012427,4553.422363,-270.187561,-1367.702148,0.002924,0.017445,44.712151,3028.583496,19597.445312,2128.690430,-127.048828,-104.641479,-152.961426,0.000000,0.000000,0.000000,0.000000,0.000000,0.000000,0.000000,0.000000,0.000000
471,7.850000,18.781616,0.000141,-48.804321,11.623847,0.002297,9.756212,-2.268785,0.009111,15.175199,5115.796,1,0.000000,4,3,45.983780,1,0,0,0.008127,0.999967,0.000761,-0.642647,0.004640,0.766149,0.020209,0.017591,0.000000,0.000000,0.000000,1,0.012305,5243.613281,123.303711,2817.738037,-0.001573,-0.035941,45.828796,1,0.005128,5114.014160,120.138794,3757.126953,-0.001532,-0.047923,46.139290,1,-0.004923,4683.985840,-196.550522,-1420.549072,0.002507,0.018119,44.845325,1,-0.012100,4554.387207,-190.935547,-1367.098999,0.002435,0.017437,44.890194,2905.974609,19592.236328,2249.483398,-146.987061,14.223145,-164.518555,0.000000,0.000000,0.000000,0.000000,0.000000,0.000000,0.000000,0.000000,0.000000
472,7.866667,18.976074,0.000178,-48.641113,11.672280,0.002211,9.793704,-2.268626,0.009341,15.236397,5136.091,1,0.000000,4,3,46.165459,1,0,0,0.007888,0.999968,0.001042,-0.642529,0.004270,0.766250,0.016914,0.014344,0.000000,0.000000,0.000000,1,0.011988,5243.361328,119.119415,2867.370361,-0.001519,-0.036574,46.025703,1,0.005382,5114.396484,116.073685,3683.678467,-0.001481,-0.046986,46.305637,1,-0.005235,4681.554688,-208.042908,-1394.998169,0.002654,0.017793,45.031090,1,-0.011841,4552.579102,-202.120377,-1381.437256,0.002578,0.017620,45.068150,2915.825928,19588.064453,2216.636719,-141.677490,-133.985962,-148.655273,0.000000,0.000000,0.000000,0.000000,0.000000,0.000000,0.000000,0.000000,0.000000
473,7.883333,19.171387,0.000213,-48.477295,11.720878,0.002065,9.830648,-2.268503,0.007291,15.297371,5156.383,1,0.000000,4,3,46.346928,1,0,0,0.007699,0.999969,0.001271,-0.642436,0.003973,0.766329,0.013790,0.011373,0.000000,0.000000,0.000000,1,0.011732,5244.353516,94.075478,2890.720947,-0.001200,-0.036871,46.220390,1,0.005587,5113.570312,91.650024,3638.982910,-0.001169,-0.046416,46.473812,1,-0.005498,4680.597656,-160.256805,-1407.034424,0.002044,0.017947,45.213120,1,-0.011642,4549.812500,-155.664444,-1360.107910,0.001986,0.017348,45.248199,2877.375977,19584.552734,2242.260254,-143.472656,29.977783,-142.125000,0.000000,0.000000,0.000000,0.000000,0.000000,0.000000,0.000000,0.000000,0.000000
474,7.900000,19.367554,0.000244,-48.312866,11.768834,0.001869,9.868019,-2.268372,0.007763,15.358131,5176.652,1,0.000000,4,3,46.528103,1,0,0,0.007558,0.999970,0.001447,-0.642338,0.003746,0.766413,0.010659,0.008489,0.000000,0.000000,0.000000,1,0.011536,5247.150391,96.272430,2934.294189,-0.001228,-0.037427,46.413689,1,0.005742,5111.215332,93.711090,3576.514404,-0.001195,-0.045619,46.642799,1,-0.005708,4681.641602,-173.846848,-1383.640015,0.002217,0.017648,45.396908,1,-0.011501,4545.705078,-168.667496,-1375.174194,0.002151,0.017540,45.425133,2883.199707,19582.134766,2217.384521,-129.991577,-124.436768,-125.644043,0.000000,0.000000,0.000000,0.000000,0.000000,0.000000,0.000000,0.000000,0.000000
475,7.916667,19.564453,0.000271,-48.147827,11.816888,0.001638,9.904976,-2.268273,0.005859,15.418698,5196.888,1,0.000000,4,3,46.708893,1,0,0,0.007459,0.999971,0.001577,-0.642263,0.003582,0.766476,0.007843,0.005930,0.000000,0.000000,0.000000,1,0.011395,5250.845703,74.248627,2951.001465,-0.000947,-0.037640,46.604862,1,0.005855,5108.283203,72.190361,3542.042480,-0.000921,-0.045179,46.813156,1,-0.005870,4683.661133,-128.836090,-1397.287231,0.001643,0.017823,45.577278,1,-0.011410,4541.118652,-124.861198,-1353.913452,0.001593,0.017269,45.604267,2845.838867,19580.644531,2244.691895,-123.314087,38.986084,-117.443359,0.000000,0.000000,0.000000,0.000000,0.000000,0.000000,0.000000,0.000000,0.000000
476,7.933333,19.762207,0.000294,-47.982178,11.864319,0.001384,9.942388,-2.268165,0.006468,15.479081,5217.081,1,0.000000,4,3,46.889252,1,0,0,0.007401,0.999971,0.001663,-0.642181,0.003478,0.766545,0.005173,0.003523,0.000000,0.000000,0.000000,1,0.011306,5255.809570,78.860092,2987.699707,-0.001006,-0.038108,46.794788,1,0.005926,5104.470215,76.545807,3488.563965,-0.000976,-0.044497,46.983906,1,-0.005985,4686.935059,-165.417633,-1374.940918,0.001817,0.017538,45.759644,1,-0.011365,4535.586426,-161.442734,-1369.057617,0.001766,0.017462,45.780296,2879.248535,19579.917969,2188.425781,-105.273193,-172.106567,-95.366211,0.000000,0.000000,0.000000,0.000000,0.000000,0.000000,0.000000,0.000000,0.000000
477,7.950000,19.960693,0.000313,-47.815918,11.912307,0.001118,9.978862,-2.268101,0.003828,15.539287,5237.226,1,0.000000,4,3,47.069145,1,0,0,0.007375,0.999971,0.001711,-0.642132,0.003424,0.766586,0.002926,0.001552,0.000000,0.000000,0.000000,1,0.011260,5260.905762,57.825294,2990.288086,-0.000738,-0.038141,46.982761,1,0.005964,5100.575684,56.041691,3469.477539,-0.000715,-0.044254,47.155685,1,-0.006060,4690.604004,-73.224236,-1397.338257,0.000934,0.017823,45.938744,1,-0.011357,4530.273926,-70.688042,-1339.758301,0.000902,0.017089,45.958538,2780.503418,19579.908203,2289.894043,-105.421509,154.410767,-93.025879,0.000000,0.000000,0.000000,0.000000,0.000000,0.000000,0.000000,0.000000,0.000000
478,7.966667,20.160034,0.000327,-47.648926,11.958649,0.000851,10.017027,-2.267997,0.006211,15.599319,5257.319,1,0.000000,4,3,47.248554,1,0,0,0.007382,0.999971,0.001721,-0.642053,0.003420,0.766653,0.000672,-0.000395,0.000000,0.000000,0.000000,1,0.011257,5267.265625,78.530724,3036.289795,-0.000836,-0.038728,47.169922,1,0.005968,5095.488770,76.743759,3407.244141,-0.000813,-0.043460,47.327316,1,-0.006095,4695.668457,-108.607254,-1353.633667,0.001102,0.017266,46.121117,1,-0.011384,4523.902832,-106.069389,-1376.772339,0.001069,0.017561,46.132500,2791.562988,19580.304688,2260.367188,-85.849365,-140.690308,-74.264648,0.000000,0.000000,0.000000,0.000000,0.000000,0.000000,0.000000,0.000000,0.000000
479,7.983333,20.360107,0.000337,-47.481323,12.005175,0.000587,10.054700,-2.267930,0.004053,15.659176,5277.358,1,0.000000,4,3,47.427467,1,0,0,0.007414,0.999971,0.001702,-0.642001,0.003455,0.766696,-0.001144,-0.001948,0.000000,0.000000,0.000000,1,0.011289,5273.652344,37.273155,3035.815430,-0.000475,-0.038722,47.354794,1,0.005945,5090.734375,35.965935,3391.759277,-0.000459,-0.043262,47.500252,1,-0.006095,4700.833008,-112.562363,-1380.944702,0.001226,0.017614,46.297104,1,-0.011440,4517.916992,-110.025543,-1343.232300,0.001193,0.017133,46.311867,2841.284912,19581.617188,2184.368408,-63.662842,-17.398682,-52.707031,0.000000,0.000000,0.000000,0.000000,0.000000,0.000000,0.000000,0.000000,0.000000
480,8.000000,20.561035,0.000342,-47.313110,12.052529,0.000338,10.091106,-2.267867,0.003790,15.718856,5297.341,1,0.000000,4,3,47.605865,1,0,0,0.007465,0.999971,0.001660,-0.641952,0.003520,0.766737,-0.002484,-0.003067,0.000000,0.000000,0.000000,1,0.011347,5279.460938,51.046001,3050.635010,-0.000541,-0.038911,47.538921,1,0.005903,5086.469727,49.738777,3361.212158,-0.000524,-0.042873,47.672905,1,-0.006070,4705.582520,-80.137520,-1369.482666,0.001022,0.017468,46.477081,1,-0.011514,4512.571289,-76.847061,-1347.467407,0.000980,0.017187,46.486336,2774.381836,19583.003906,2249.560547,-62.161743,-6.463013,-48.020508,0.000000,0.000000,0.000000,0.000000,0.000000,0.000000,0.000000,0.000000,0.000000
481,8.016666,20.762695,0.000344,-47.144287,12.098769,0.000108,10.128599,-2.267806,0.003694,15.778377,5317.267,1,0.000000,4,3,47.783741,1,0,0,0.007534,0.999970,0.001597,-0.641905,0.003612,0.766776,-0.003776,-0.004106,0.000000,0.000000,0.000000,1,0.011429,5285.794434,44.609489,3064.108154,-0.000569,-0.039083,47.721783,1,0.005842,5081.637207,42.870983,3331.517822,-0.000547,-0.042494,47.845779,1,-0.006019,4711.142578,-81.528580,-1362.054810,0.001040,0.017373,46.655384,1,-0.011606,4506.983398,-77.967300,-1348.710571,0.000994,0.017203,46.661423,2776.258545,19584.929688,2230.218262,-44.387573,-34.750122,-31.897949,0.000000,0.000000,0.000000,0.000000,0.000000,0.000000,0.000000,0.000000,0.000000
482,8.033334,20.965088,0.000343,-46.974854,12.145041,-0.000097,10.165770,-2.267754,0.003163,15.837716,5337.135,1,0.000000,4,3,47.961098,1,0,0,0.007614,0.999970,0.001518,-0.641864,0.003723,0.766809,-0.004687,-0.004811,0.000000,0.000000,0.000000,1,0.011528,5291.616699,39.364300,3070.892090,-0.000502,-0.039170,47.903419,1,0.005769,5077.334961,37.758610,3308.800537,-0.000482,-0.042204,48.018848,1,-0.005949,4716.264160,-68.228806,-1361.225464,0.000870,0.017363,46.832603,1,-0.011708,4502.002441,-65.115303,-1342.826538,0.000831,0.017128,46.836693,2758.447021,19586.996094,2235.665527,-31.465942,-5.150146,-21.697754,0.000000,0.000000,0.000000,0.000000,0.000000,0.000000,0.000000,0.000000,0.000000
483,8.050000,21.168213,0.000338,-46.804810,12.191014,-0.000275,10.203031,-2.267704,0.003086,15.896883,5356.944,1,0.000000,4,3,48.137928,1,0,0,0.007703,0.999969,0.001429,-0.641824,0.003848,0.766842,-0.005329,-0.005297,0.000000,0.000000,0.000000,1,0.011639,5297.104980,38.282265,3079.526611,-0.000488,-0.039280,48.084045,1,0.005687,5073.380371,36.660103,3284.212158,-0.000468,-0.041890,48.191872,1,-0.005865,4721.139160,-66.414795,-1354.238647,0.000847,0.017273,47.009701,1,-0.011817,4497.372559,-63.241760,-1343.051514,0.000807,0.017131,47.011101,2749.825684,19589.132812,2230.177734,-19.907593,-28.805908,-13.239258,0.000000,0.000000,0.000000,0.000000,0.000000,0.000000,0.000000,0.000000,0.000000
484,8.066667,21.372192,0.000331,-46.634155,12.236845,-0.000424,10.240200,-2.267660,0.002644,15.955884,5376.695,1,0.000000,4,3,48.314220,1,0,0,0.007796,0.999969,0.001333,-0.641790,0.003981,0.766870,-0.005731,-0.005596,0.000000,0.000000,0.000000,1,0.011759,5302.255859,33.493519,3082.665527,-0.000427,-0.039320,48.263592,1,0.005601,5069.831055,32.011448,3265.074219,-0.000408,-0.041646,48.364902,1,-0.005772,4725.616211,-55.914425,-1353.000610,0.000713,0.017258,47.185776,1,-0.011930,4493.208008,-53.144730,-1337.604492,0.000678,0.017061,47.185543,2734.897461,19591.361328,2232.035156,-10.700806,-3.164917,-4.870605,0.000000,0.000000,0.000000,0.000000,0.000000,0.000000,0.000000,0.000000,0.000000
485,8.083333,21.576904,0.000322,-46.462891,12.282427,-0.000543,10.277401,-2.267618,0.002596,16.014713,5396.386,1,0.000000,4,3,48.489975,1,0,0,0.007891,0.999968,0.001234,-0.641757,0.004118,0.766897,-0.005938,-0.005723,0.000000,0.000000,0.000000,1,0.011883,5306.960449,32.701492,3087.459473,-0.000417,-0.039381,48.442238,1,0.005513,5066.665039,31.207317,3244.183594,-0.000398,-0.041380,48.537762,1,-0.005673,4729.718750,-54.829678,-1346.414551,0.000699,0.017174,47.361671,1,-0.012043,4489.421875,-52.043293,-1337.308350,0.000664,0.017058,47.359188,2726.827148,19593.466797,2225.852539,-2.256958,-23.055298,4.341797,0.000000,0.000000,0.000000,0.000000,0.000000,0.000000,0.000000,0.000000,0.000000
486,8.100000,21.782471,0.000311,-46.291016,12.327874,-0.000635,10.314499,-2.267582,0.002241,16.073376,5416.016,1,0.000000,4,3,48.665192,1,0,0,0.007986,0.999968,0.001134,-0.641728,0.004255,0.766921,-0.005955,-0.005666,0.000000,0.000000,0.000000,1,0.012007,5311.026367,28.875748,3087.550049,-0.000368,-0.039382,48.619923,1,0.005425,5063.911621,27.515009,3227.647949,-0.000351,-0.041169,48.710503,1,-0.005571,4733.403809,-46.422066,-1344.791260,0.000592,0.017153,47.536606,1,-0.012153,4486.320312,-43.995491,-1332.438232,0.000561,0.016995,47.532791,2712.820557,19595.576172,2225.615234,6.656372,-1.948242,6.195801,0.000000,0.000000,0.000000,0.000000,0.000000,0.000000,0.000000,0.000000,0.000000
487,8.116667,21.988647,0.000300,-46.118530,12.373088,-0.000697,10.351592,-2.267546,0.002211,16.131851,5435.587,1,0.000000,4,3,48.839874,1,0,0,0.008078,0.999967,0.001037,-0.641699,0.004389,0.766944,-0.005811,-0.005540,0.000000,0.000000,0.000000,1,0.012129,5314.832520,28.320765,3089.401123,-0.000361,-0.039406,48.796806,1,0.005341,5061.742188,26.960825,3209.950684,-0.000344,-0.040943,48.882980,1,-0.005471,4736.541992,-45.748989,-1338.499878,0.000584,0.017073,47.711304,1,-0.012259,4483.422363,-43.282799,-1331.394775,0.000552,0.016982,47.705685,2705.475098,19597.625000,2219.661377,14.431885,-17.931274,11.629395,0.000000,0.000000,0.000000,0.000000,0.000000,0.000000,0.000000,0.000000,0.000000
488,8.133333,22.195557,0.000288,-45.945435,12.418180,-0.000731,10.388586,-2.267514,0.001934,16.190172,5455.098,1,0.000000,4,3,49.013996,1,0,0,0.008166,0.999966,0.000945,-0.641674,0.004516,0.766964,-0.005508,-0.005292,0.000000,0.000000,0.000000,1,0.012247,5317.990723,25.312433,3087.307861,-0.000323,-0.039379,48.972805,1,0.005263,5060.014160,24.068911,3195.578369,-0.000307,-0.040760,49.055222,1,-0.005375,4738.934082,-39.219135,-1336.317871,0.000500,0.017045,47.885082,1,-0.012360,4480.955566,-37.083359,-1326.821167,0.000473,0.016924,47.878426,2692.994141,19599.031250,2217.976318,16.294434,-0.529419,15.302734,0.000000,0.000000,0.000000,0.000000,0.000000,0.000000,0.000000,0.000000,0.000000
489,8.150000,22.403320,0.000275,-45.771606,12.463062,-0.000746,10.425552,-2.267483,0.001924,16.248316,5474.546,1,0.000000,4,3,49.187576,1,0,0,0.008249,0.999966,0.000859,-0.641649,0.004635,0.766985,-0.005156,-0.004978,0.000000,0.000000,0.000000,1,0.012359,5320.779297,24.942524,3086.478271,-0.000318,-0.039368,49.148067,1,0.005191,5058.619629,23.703682,3179.882080,-0.000302,-0.040560,49.227116,1,-0.005285,4741.091309,-39.096645,-1330.693481,0.000499,0.016973,48.058540,1,-0.012454,4478.940430,-36.928097,-1325.564453,0.000471,0.016908,48.050499,2685.238281,19600.636719,2210.745117,23.716309,-15.067383,20.748047,0.000000,0.000000,0.000000,0.000000,0.000000,0.000000,0.000000,0.000000,0.000000
490,8.166667,22.611816,0.000263,-45.597168,12.507816,-0.000739,10.462399,-2.267456,0.001691,16.306282,5493.934,1,0.000000,4,3,49.360611,1,0,0,0.008325,0.999965,0.000781,-0.641627,0.004743,0.767002,-0.004650,-0.004544,0.000000,0.000000,0.000000,1,0.012463,5322.862305,22.489296,3082.446533,-0.000287,-0.039317,49.322536,1,0.005127,5057.837891,21.355049,3167.422363,-0.000272,-0.040401,49.398716,1,-0.005203,4742.516602,-33.534996,-1328.315552,0.000428,0.016943,48.231178,1,-0.012539,4477.502930,-31.668039,-1321.024292,0.000404,0.016850,48.222385,2673.371094,19601.941406,2208.538574,23.114868,0.640869,23.278320,0.000000,0.000000,0.000000,0.000000,0.000000,0.000000,0.000000,0.000000,0.000000
491,8.183333,22.821045,0.000251,-45.422119,12.552373,-0.000716,10.499207,-2.267428,0.001699,16.364071,5513.260,1,0.000000,4,3,49.533092,1,0,0,0.008393,0.999964,0.000712,-0.641605,0.004839,0.767020,-0.004144,-0.004074,0.000000,0.000000,0.000000,1,0.012557,5324.466797,22.288733,3079.549805,-0.000284,-0.039280,49.496319,1,0.005072,5057.279785,21.166862,3153.509277,-0.000270,-0.040223,49.569897,1,-0.005129,4743.715332,-33.845665,-1322.906860,0.000432,0.016874,48.403469,1,-0.012614,4476.519043,-31.922110,-1319.527832,0.000407,0.016831,48.393612,2665.725586,19603.210938,2200.769775,25.895264,-11.253662,23.175293,0.000000,0.000000,0.000000,0.000000,0.000000,0.000000,0.000000,0.000000,0.000000
492,8.200000,23.031006,0.000240,-45.246460,12.596802,-0.000674,10.535887,-2.267403,0.001524,16.421680,5532.525,1,0.000000,4,3,49.705029,1,0,0,0.008453,0.999964,0.000652,-0.641585,0.004924,0.767036,-0.003590,-0.003593,0.000000,0.000000,0.000000,1,0.012641,5325.635254,20.291161,3074.265137,-0.000259,-0.039213,49.669373,1,0.005025,5057.056152,19.254080,3142.072266,-0.000246,-0.040077,49.740711,1,-0.005064,4744.332031,-29.856718,-1320.186279,0.000381,0.016839,48.574970,1,-0.012680,4475.764160,-28.162554,-1315.058105,0.000359,0.016774,48.564617,2655.283691,19603.945312,2196.924805,26.262817,0.692017,22.851074,0.000000,0.000000,0.000000,0.000000,0.000000,0.000000,0.000000,0.000000,0.000000
493,8.216666,23.241699,0.000229,-45.070312,12.641056,-0.000622,10.572502,-2.267378,0.001532,16.479115,5551.729,1,0.000000,4,3,49.876411,1,0,0,0.008505,0.999964,0.000601,-0.641565,0.004996,0.767052,-0.003031,-0.003114,0.000000,0.000000,0.000000,1,0.012714,5326.466309,20.108088,3069.939941,-0.000256,-0.039157,49.841778,1,0.004987,5057.135254,19.077616,3129.610840,-0.000243,-0.039919,49.911068,1,-0.005010,4744.607422,-30.172228,-1315.121094,0.000385,0.016775,48.746071,1,-0.012737,4475.256348,-28.455263,-1313.009033,0.000363,0.016748,48.734970,2647.816895,19604.537109,2189.302002,22.817749,-8.272461,22.477051,0.000000,0.000000,0.000000,0.000000,0.000000,0.000000,0.000000,0.000000,0.000000
494,8.233334,23.453125,0.000220,-44.893433,12.685186,-0.000562,10.608991,-2.267355,0.001403,16.536373,5570.872,1,0.000000,4,3,50.047237,1,0,0,0.008549,0.999963,0.000559,-0.641547,0.005056,0.767067,-0.002534,-0.002657,0.000000,0.000000,0.000000,1,0.012777,5326.982910,18.485901,3063.716064,-0.000236,-0.039078,50.013489,1,0.004956,5057.212402,17.536499,3118.781006,-0.000224,-0.039780,50.081009,1,-0.004964,4744.735840,-27.393604,-1312.293091,0.000349,0.016738,48.916431,1,-0.012785,4474.985352,-25.832819,-1308.847168,0.000330,0.016694,48.905025,2637.988525,19604.878906,2183.893311,22.109863,0.332275,23.406738,0.000000,0.000000,0.000000,0.000000,0.000000,0.000000,0.000000,0.000000,0.000000
495,8.250000,23.665283,0.000212,-44.716064,12.729153,-0.000498,10.645389,-2.267332,0.001407,16.593449,5589.952,1,0.000000,4,3,50.217514,1,0,0,0.008586,0.999963,0.000524,-0.641529,0.005106,0.767082,-0.002045,-0.002190,0.000000,0.000000,0.000000,1,0.012830,5327.144531,18.285183,3058.164551,-0.000233,-0.039007,50.184582,1,0.004932,5057.512695,17.346514,3107.297119,-0.000221,-0.039634,50.250469,1,-0.004927,4744.681641,-27.550583,-1307.656738,0.000351,0.016679,49.086380,1,-0.012825,4475.041016,-25.993340,-1306.326050,0.000332,0.016662,49.074471,2630.191406,19605.253906,2176.343994,21.853516,-6.161011,22.033691,0.000000,0.000000,0.000000,0.000000,0.000000,0.000000,0.000000,0.000000,0.000000
496,8.266666,23.878174,0.000204,-44.538086,12.772989,-0.000428,10.681661,-2.267311,0.001310,16.650341,5608.971,1,0.000000,4,3,50.387234,1,0,0,0.008615,0.999963,0.000498,-0.641512,0.005145,0.767096,-0.001566,-0.001744,0.000000,0.000000,0.000000,1,0.012873,5327.057129,17.078739,3051.312012,-0.000218,-0.038920,50.355019,1,0.004916,5058.022461,16.203371,3097.145020,-0.000207,-0.039504,50.419472,1,-0.004898,4744.344238,-25.462034,-1304.487793,0.000325,0.016639,49.255653,1,-0.012856,4475.309570,-24.027069,-1302.306763,0.000306,0.016611,49.243549,2620.890137,19605.515625,2170.690186,23.815552,-0.230713,20.064453,0.000000,0.000000,0.000000,0.000000,0.000000,0.000000,0.000000,0.000000,0.000000
497,8.283334,24.091797,0.000199,-44.359497,12.816670,-0.000354,10.717839,-2.267289,0.001305,16.707056,5627.928,1,0.000000,4,3,50.556393,1,0,0,0.008637,0.999963,0.000480,-0.641495,0.005172,0.767110,-0.001062,-0.001320,0.000000,0.000000,0.000000,1,0.012906,5326.659668,16.825756,3044.841309,-0.000215,-0.038837,50.524841,1,0.004906,5058.792969,15.988515,3086.636963,-0.000204,-0.039370,50.587967,1,-0.004879,4743.523438,-25.396206,-1300.059082,0.000324,0.016582,49.424461,1,-0.012880,4475.667480,-23.959246,-1299.357910,0.000306,0.016573,49.412041,2613.061279,19605.271484,2163.610107,21.873047,-3.817871,17.616211,0.000000,0.000000,0.000000,0.000000,0.000000,0.000000,0.000000,0.000000,0.000000
498,8.300000,24.306152,0.000194,-44.180298,12.860222,-0.000283,10.753900,-2.267269,0.001244,16.763596,5646.822,1,0.000000,4,3,50.724983,1,0,0,0.008652,0.999962,0.000470,-0.641479,0.005190,0.767123,-0.000604,-0.000943,0.000000,0.000000,0.000000,1,0.012931,5326.162598,15.961046,3037.561035,-0.000204,-0.038744,50.694031,1,0.004903,5059.752930,15.160952,3076.868896,-0.000193,-0.039246,50.755955,1,-0.004869,4742.522949,-24.185402,-1296.617676,0.000308,0.016538,49.592625,1,-0.012897,4476.104492,-22.824129,-1295.574097,0.000291,0.016525,49.580101,2604.425781,19605.042969,2157.148438,19.416260,-0.539185,15.737305,0.000000,0.000000,0.000000,0.000000,0.000000,0.000000,0.000000,0.000000,0.000000
499,8.316667,24.521240,0.000190,-44.000488,12.903629,-0.000215,10.789852,-2.267248,0.001235,16.819958,5665.652,1,0.000000,4,3,50.893005,1,0,0,0.008663,0.999962,0.000466,-0.641463,0.005199,0.767136,-0.000197,-0.000607,0.000000,0.000000,0.000000,1,0.012948,5325.572266,15.611534,3030.433838,-0.000199,-0.038653,50.862610,1,0.004906,5060.751953,14.822793,3066.805176,-0.000189,-0.039117,50.923420,1,-0.004866,4741.421387,-24.098780,-1292.596069,0.000307,0.016487,49.760284,1,-0.012908,4476.579102,-22.750111,-1292.393677,0.000290,0.016485,49.747608,2596.419189,19604.695312,2149.675293,17.109863,-2.802856,13.832031,0.000000,0.000000,0.000000,0.000000,0.000000,0.000000,0.000000,0.000000,0.000000
500,8.333333,24.737061,0.000188,-43.820068,12.946903,-0.000151,10.825680,-2.267228,0.001190,16.876133,5684.419,1,0.000000,4,3,51.060463,1,0,0,0.008668,0.999962,0.000469,-0.641448,0.005200,0.767149,0.000162,-0.000312,0.000000,0.000000,0.000000,1,0.012959,5324.877441,14.903327,3022.811523,-0.000190,-0.038556,51.030579,1,0.004915,5061.812012,14.176232,3057.241699,-0.000181,-0.038995,51.090363,1,-0.004871,4740.207520,-23.234133,-1289.076782,0.000296,0.016442,49.927357,1,-0.012915,4477.160156,-21.942410,-1288.636475,0.000280,0.016437,49.914650,2587.930176,19604.316406,2142.903320,13.897461,-0.301270,11.691406,0.000000,0.000000,0.000000,0.000000,0.000000,0.000000,0.000000,0.000000,0.000000
501,8.350000,24.953613,0.000186,-43.639038,12.990035,-0.000093,10.861395,-2.267209,0.001185,16.932131,5703.123,1,0.000000,4,3,51.227348,1,0,0,0.008669,0.999962,0.000476,-0.641433,0.005195,0.767161,0.000456,-0.000065,0.000000,0.000000,0.000000,1,0.012963,5324.136719,14.582207,3015.326660,-0.000186,-0.038461,51.197948,1,0.004927,5062.832031,13.865024,3047.432861,-0.000177,-0.038870,51.256767,1,-0.004881,4739.016602,-23.262283,-1285.131592,0.000297,0.016392,50.093914,1,-0.012917,4477.712402,-21.988876,-1285.348755,0.000280,0.016395,50.081142,2579.982422,19603.845703,2135.248779,11.565674,-1.949829,9.647949,0.000000,0.000000,0.000000,0.000000,0.000000,0.000000,0.000000,0.000000,0.000000
502,8.366667,25.170776,0.000186,-43.457397,13.033034,-0.000041,10.896982,-2.267189,0.001154,16.987942,5721.763,1,0.000000,4,3,51.393661,1,0,0,0.008667,0.999962,0.000488,-0.641418,0.005185,0.767174,0.000700,0.000140,0.000000,0.000000,0.000000,1,0.012962,5323.348145,14.028045,3007.464844,-0.000179,-0.038361,51.364708,1,0.004943,5063.819824,13.342736,3037.908203,-0.000170,-0.038749,51.422630,1,-0.004896,4737.762207,-22.725870,-1281.604858,0.000290,0.016347,50.259895,1,-0.012916,4478.223145,-21.478670,-1281.556641,0.000274,0.016346,50.247154,2571.592529,19603.179688,2128.111084,8.625854,-0.760986,7.668945,0.000000,0.000000,0.000000,0.000000,0.000000,0.000000,0.000000,0.000000,0.000000
503,8.383333,25.388672,0.000186,-43.275146,13.075894,0.000002,10.932450,-2.267170,0.001142,17.043571,5740.339,1,0.000000,4,3,51.559402,1,0,0,0.008662,0.999962,0.000502,-0.641404,0.005170,0.767186,0.000884,0.000300,0.000000,0.000000,0.000000,1,0.012958,5322.624512,13.656603,2999.682373,-0.000174,-0.038261,51.530869,1,0.004961,5064.790039,12.993711,3028.326904,-0.000166,-0.038627,51.587952,1,-0.004915,4736.563965,-22.584864,-1277.802856,0.000288,0.016299,50.425362,1,-0.012912,4478.738281,-21.364843,-1278.022095,0.000273,0.016301,50.412613,2563.513428,19602.660156,2120.666016,7.057861,-1.431030,5.786621,0.000000,0.000000,0.000000,0.000000,0.000000,0.000000,0.000000,0.000000,0.000000
504,8.400000,25.607300,0.000186,-43.092407,13.118620,0.000038,10.967794,-2.267151,0.001119,17.099020,5758.852,1,0.000000,4,3,51.724567,1,0,0,0.008655,0.999962,0.000519,-0.641390,0.005153,0.767198,0.001032,0.000423,0.000000,0.000000,0.000000,1,0.012951,5321.952637,13.254539,2991.702637,-0.000169,-0.038159,51.696426,1,0.004981,5065.764648,12.615217,3018.895264,-0.000161,-0.038506,51.752724,1,-0.004937,4735.449707,-22.153095,-1274.222900,0.000283,0.016253,50.590275,1,-0.012907,4479.261719,-20.964012,-1274.306641,0.000267,0.016254,50.577557,2555.032227,19602.332031,2113.562500,5.647339,-0.653809,3.903809,0.000000,0.000000,0.000000,0.000000,0.000000,0.000000,0.000000,0.000000,0.000000
505,8.416667,25.826660,0.000187,-42.909058,13.161203,0.000070,11.003020,-2.267133,0.001109,17.154282,5777.299,1,0.000000,4,3,51.889156,1,0,0,0.008646,0.999962,0.000538,-0.641375,0.005132,0.767210,0.001148,0.000511,0.000000,0.000000,0.000000,1,0.012941,5321.297363,12.932980,2983.735107,-0.000165,-0.038058,51.861382,1,0.005002,5066.687012,12.312938,3009.441895,-0.000157,-0.038386,51.916946,1,-0.004961,4734.259277,-22.051914,-1270.427490,0.000281,0.016204,50.754662,1,-0.012900,4479.648438,-20.863869,-1270.676270,0.000266,0.016208,50.741959,2546.948486,19601.716797,2106.173340,1.169556,-0.488159,2.955566,0.000000,0.000000,0.000000,0.000000,0.000000,0.000000,0.000000,0.000000,0.000000
506,8.433333,26.046753,0.000189,-42.725098,13.203652,0.000094,11.038123,-2.267114,0.001101,17.209362,5795.683,1,0.000000,4,3,52.053165,1,0,0,0.008637,0.999963,0.000558,-0.641361,0.005111,0.767222,0.001181,0.000563,0.000000,0.000000,0.000000,1,0.012930,5320.699707,12.602761,2975.677246,-0.000161,-0.037955,52.025738,1,0.005024,5067.391602,12.012110,2999.813721,-0.000153,-0.038263,52.080608,1,-0.004986,4733.334961,-22.025448,-1266.785889,0.000281,0.016158,50.918495,1,-0.012892,4480.026367,-20.844669,-1267.079224,0.000266,0.016162,50.905830,2538.621094,19601.230469,2098.369141,-0.583740,-1.159302,0.697266,0.000000,0.000000,0.000000,0.000000,0.000000,0.000000,0.000000,0.000000,0.000000
507,8.450000,26.267578,0.000191,-42.540527,13.245963,0.000110,11.073096,-2.267096,0.001083,17.264252,5814.001,1,0.000000,4,3,52.216587,1,0,0,0.008627,0.999963,0.000577,-0.641348,0.005090,0.767233,0.001175,0.000571,0.000000,0.000000,0.000000,1,0.012919,5320.250000,12.242138,2967.542725,-0.000156,-0.037851,52.189480,1,0.005045,5068.019531,11.671107,2990.362549,-0.000149,-0.038142,52.243706,1,-0.005011,4732.507812,-21.734570,-1263.114014,0.000277,0.016111,51.081799,1,-0.012884,4480.288574,-20.574224,-1263.224976,0.000262,0.016113,51.069176,2530.304199,19600.812500,2091.157227,-1.638062,-0.439209,-0.609375,0.000000,0.000000,0.000000,0.000000,0.000000,0.000000,0.000000,0.000000,0.000000
508,8.466666,26.489014,0.000193,-42.355347,13.288135,0.000122,11.107949,-2.267078,0.001076,17.318960,5832.255,1,0.000000,4,3,52.379387,1,0,0,0.008618,0.999963,0.000596,-0.641334,0.005070,0.767245,0.001143,0.000554,0.000000,0.000000,0.000000,1,0.012907,5319.894043,12.026949,2959.281982,-0.000153,-0.037746,52.352581,1,0.005065,5068.556641,11.457637,2980.640381,-0.000146,-0.038018,52.406208,1,-0.005036,4731.767090,-21.650517,-1259.432007,0.000276,0.016064,51.244564,1,-0.012877,4480.420898,-20.487114,-1259.587280,0.000261,0.016066,51.231956,2521.600098,19600.355469,2083.469238,-2.977417,-1.235474,-1.047363,0.000000,0.000000,0.000000,0.000000,0.000000,0.000000,0.000000,0.000000,0.000000
509,8.483334,26.711182,0.000195,-42.169556,13.330161,0.000127,11.142673,-2.267061,0.001058,17.373472,5850.438,1,0.000000,4,3,52.541538,1,0,0,0.008609,0.999963,0.000614,-0.641321,0.005050,0.767256,0.001087,0.000524,0.000000,0.000000,0.000000,1,0.012896,5319.619141,11.703979,2950.730713,-0.000149,-0.037637,52.515011,1,0.005085,5069.000977,11.151530,2970.937256,-0.000142,-0.037895,52.568081,1,-0.005059,4731.171875,-21.280428,-1255.755615,0.000271,0.016017,51.406792,1,-0.012871,4480.575684,-20.162714,-1255.646729,0.000257,0.016016,51.394207,2512.707031,19600.085938,2076.046143,-0.451782,-0.680359,-1.534668,0.000000,0.000000,0.000000,0.000000,0.000000,0.000000,0.000000,0.000000,0.000000
510,8.500000,26.934082,0.000197,-41.983276,13.372040,0.000128,11.177275,-2.267043,0.001047,17.427795,5868.550,1,0.000000,4,3,52.703018,1,0,0,0.008601,0.999963,0.000632,-0.641307,0.005031,0.767268,0.001072,0.000498,0.000000,0.000000,0.000000,1,0.012886,5319.351074,11.535967,2941.931152,-0.000147,-0.037525,52.676746,1,0.005104,5069.614746,10.993348,2961.044189,-0.000140,-0.037768,52.729301,1,-0.005083,4730.382812,-21.007620,-1251.813721,0.000268,0.015967,51.568481,1,-0.012865,4480.661621,-19.896759,-1251.831787,0.000254,0.015967,51.555882,2503.490967,19599.714844,2068.545898,-0.857056,-0.904480,-2.938965,0.000000,0.000000,0.000000,0.000000,0.000000,0.000000,0.000000,0.000000,0.000000
511,8.516666,27.157593,0.000199,-41.796387,13.413765,0.000125,11.211750,-2.267025,0.001033,17.481915,5886.586,1,0.000000,4,3,52.863808,1,0,0,0.008593,0.999963,0.000649,-0.641294,0.005013,0.767279,0.001044,0.000449,0.000000,0.000000,0.000000,1,0.012876,5319.219238,11.315044,2932.896484,-0.000144,-0.037409,52.837776,1,0.005122,5070.183105,10.794677,2951.029053,-0.000138,-0.037641,52.889851,1,-0.005106,4729.677734,-20.713377,-1247.863525,0.000264,0.015917,51.729595,1,-0.012860,4480.647461,-19.620964,-1247.854370,0.000250,0.015917,51.716999,2494.171143,19599.433594,2060.880127,-0.432983,-1.045166,-4.007812,0.000000,0.000000,0.000000,0.000000,0.000000,0.000000,0.000000,0.000000,0.000000
512,8.533334,27.381836,0.000201,-41.609009,13.455335,0.000118,11.246098,-2.267009,0.001017,17.535835,5904.545,1,0.000000,4,3,53.023888,1,0,0,0.008587,0.999963,0.000666,-0.641281,0.004996,0.767290,0.001018,0.000384,0.000000,0.000000,0.000000,1,0.012869,5319.167969,11.041563,2923.559082,-0.000141,-0.037290,52.998085,1,0.005141,5070.774414,10.525002,2940.819336,-0.000134,-0.037510,53.049702,1,-0.005129,4728.940430,-20.397381,-1243.874146,0.000260,0.015866,51.890133,1,-0.012857,4480.508301,-19.324081,-1243.730469,0.000246,0.015864,51.877537,2484.664062,19599.089844,2052.953125,-1.426880,-0.172913,-4.173340,0.000000,0.000000,0.000000,0.000000,0.000000,0.000000,0.000000,0.000000,0.000000
513,8.550000,27.606812,0.000203,-41.421021,13.496746,0.000106,11.280313,-2.266991,0.001015,17.589552,5922.424,1,0.000000,4,3,53.183239,1,0,0,0.008582,0.999963,0.000682,-0.641268,0.004980,0.767301,0.000974,0.000312,0.000000,0.000000,0.000000,1,0.012862,5319.239258,10.899882,2914.024170,-0.000139,-0.037169,53.157650,1,0.005159,5071.328613,10.401258,2930.250488,-0.000133,-0.037376,53.208839,1,-0.005152,4728.305664,-20.367855,-1239.724731,0.000260,0.015813,52.050087,1,-0.012855,4480.371582,-19.298120,-1239.751953,0.000246,0.015813,52.037472,2474.920166,19598.970703,2044.465088,-2.680664,-1.120544,-3.669434,0.000000,0.000000,0.000000,0.000000,0.000000,0.000000,0.000000,0.000000,0.000000
514,8.566667,27.832397,0.000204,-41.232422,13.537994,0.000092,11.314388,-2.266975,0.000998,17.643051,5940.224,1,0.000000,4,3,53.341854,1,0,0,0.008578,0.999963,0.000697,-0.641255,0.004966,0.767311,0.000911,0.000243,0.000000,0.000000,0.000000,1,0.012858,5319.379395,10.640755,2904.087158,-0.000136,-0.037042,53.316463,1,0.005177,5071.785645,10.134307,2919.535400,-0.000129,-0.037239,53.367256,1,-0.005173,4727.758789,-20.020872,-1235.636963,0.000255,0.015761,52.209435,1,-0.012854,4480.191895,-18.970827,-1235.480835,0.000242,0.015759,52.196823,2464.703125,19598.867188,2036.049805,-3.120850,-0.094727,-3.781250,0.000000,0.000000,0.000000,0.000000,0.000000,0.000000,0.000000,0.000000,0.000000
515,8.583333,28.058716,0.000206,-41.043335,13.579073,0.000077,11.348323,-2.266958,0.000997,17.696333,5957.939,1,0.000000,4,3,53.499718,1,0,0,0.008575,0.999963,0.000711,-0.641243,0.004953,0.767322,0.000840,0.000169,0.000000,0.000000,0.000000,1,0.012855,5319.536133,10.555297,2894.018066,-0.000135,-0.036913,53.474514,1,0.005194,5072.206055,10.063654,2908.503662,-0.000128,-0.037098,53.524933,1,-0.005193,4727.310547,-19.970469,-1231.254761,0.000255,0.015705,52.368187,1,-0.012855,4479.980469,-18.912842,-1231.261475,0.000241,0.015705,52.355553,2454.454346,19598.814453,2027.353516,-3.320068,-0.806152,-4.496582,0.000000,0.000000,0.000000,0.000000,0.000000,0.000000,0.000000,0.000000,0.000000
516,8.600000,28.285767,0.000207,-40.853638,13.619981,0.000061,11.382113,-2.266942,0.000985,17.749388,5975.572,1,0.000000,4,3,53.656818,1,0,0,0.008574,0.999963,0.000724,-0.641230,0.004943,0.767333,0.000762,0.000083,0.000000,0.000000,0.000000,1,0.012855,5319.811523,10.352843,2883.617920,-0.000132,-0.036781,53.631783,1,0.005210,5072.566406,9.860619,2897.387939,-0.000126,-0.036956,53.681866,1,-0.005212,4726.863281,-19.733189,-1226.890991,0.000252,0.015649,52.526299,1,-0.012857,4479.618164,-18.699413,-1226.745239,0.000239,0.015647,52.513664,2444.040771,19598.648438,2018.642578,-4.084839,-0.332642,-4.231445,0.000000,0.000000,0.000000,0.000000,0.000000,0.000000,0.000000,0.000000,0.000000
517,8.616667,28.513428,0.000207,-40.663330,13.660715,0.000043,11.415756,-2.266925,0.000980,17.802216,5993.119,1,0.000000,4,3,53.813141,1,0,0,0.008574,0.999963,0.000735,-0.641218,0.004934,0.767343,0.000672,-0.000002,0.000000,0.000000,0.000000,1,0.012856,5320.184082,10.216002,2873.034424,-0.000130,-0.036646,53.788265,1,0.005224,5072.904297,9.740333,2885.930908,-0.000124,-0.036810,53.838028,1,-0.005229,4726.596191,-19.626818,-1222.414062,0.000250,0.015592,52.683773,1,-0.012861,4479.316406,-18.598423,-1222.306763,0.000237,0.015591,52.671116,2433.313477,19598.851562,2009.546387,-3.784668,-0.921753,-4.120605,0.000000,0.000000,0.000000,0.000000,0.000000,0.000000,0.000000,0.000000,0.000000
518,8.633333,28.741821,0.000208,-40.472534,13.701270,0.000028,11.449248,-2.266909,0.000966,17.854809,6010.579,1,0.000000,4,3,53.968678,1,0,0,0.008575,0.999963,0.000744,-0.641205,0.004927,0.767354,0.000588,-0.000084,0.000000,0.000000,0.000000,1,0.012859,5320.560547,10.037473,2862.139160,-0.000128,-0.036507,53.943947,1,0.005238,5073.145020,9.559753,2874.408691,-0.000122,-0.036663,53.993420,1,-0.005245,4726.303223,-19.311640,-1217.859375,0.000246,0.015534,52.840595,1,-0.012866,4478.887695,-18.299171,-1217.623535,0.000233,0.015531,52.827919,2422.349121,19598.755859,2000.651001,-3.567383,-0.128296,-3.849121,0.000000,0.000000,0.000000,0.000000,0.000000,0.000000,0.000000,0.000000,0.000000
519,8.650000,28.970825,0.000208,-40.281128,13.741643,0.000011,11.482593,-2.266893,0.000964,17.907167,6027.952,1,0.000000,4,3,54.123413,1,0,0,0.008578,0.999963,0.000753,-0.641193,0.004923,0.767364,0.000509,-0.000160,0.000000,0.000000,0.000000,1,0.012864,5321.006836,9.934602,2851.089600,-0.000127,-0.036366,54.098820,1,0.005250,5073.398438,9.481643,2862.569336,-0.000121,-0.036512,54.148018,1,-0.005259,4726.067871,-19.254232,-1213.162354,0.000246,0.015474,52.996750,1,-0.012873,4478.459473,-18.243944,-1213.023926,0.000233,0.015472,52.984039,2411.276123,19598.824219,1991.243530,-3.234985,-0.775391,-2.914551,0.000000,0.000000,0.000000,0.000000,0.000000,0.000000,0.000000,0.000000,0.000000
520,8.666667,29.200562,0.000208,-40.089233,13.781831,-0.000005,11.515780,-2.266877,0.000953,17.959284,6045.235,1,0.000000,4,3,54.277340,1,0,0,0.008581,0.999963,0.000760,-0.641181,0.004919,0.767374,0.000439,-0.000221,0.000000,0.000000,0.000000,1,0.012871,5321.458008,9.821860,2839.713867,-0.000125,-0.036221,54.252869,1,0.005262,5073.651367,9.353613,2850.648438,-0.000119,-0.036360,54.301823,1,-0.005271,4725.870117,-18.954487,-1208.450317,0.000242,0.015414,53.152218,1,-0.012881,4478.052734,-17.948101,-1208.200439,0.000229,0.015411,53.139488,2399.803223,19598.960938,1982.055420,-2.875000,-0.210571,-3.306152,0.000000,0.000000,0.000000,0.000000,0.000000,0.000000,0.000000,0.000000,0.000000
521,8.683333,29.430908,0.000208,-39.896729,13.821828,-0.000019,11.548815,-2.266861,0.000950,18.011156,6062.428,1,0.000000,4,3,54.430447,1,0,0,0.008586,0.999963,0.000766,-0.641169,0.004918,0.767384,0.000375,-0.000286,0.000000,0.000000,0.000000,1,0.012879,5321.937988,9.741638,2828.182129,-0.000124,-0.036074,54.406090,1,0.005273,5073.876953,9.286814,2838.501709,-0.000118,-0.036205,54.454811,1,-0.005283,4725.664551,-18.852926,-1203.558350,0.000240,0.015352,53.306999,1,-0.012890,4477.601562,-17.861830,-1203.386963,0.000228,0.015349,53.294231,2388.369629,19599.031250,1972.491211,-2.472412,-0.431763,-3.007324,0.000000,0.000000,0.000000,0.000000,0.000000,0.000000,0.000000,0.000000,0.000000
522,8.700000,29.661987,0.000207,-39.703735,13.861634,-0.000032,11.581690,-2.266845,0.000943,18.062780,6079.528,1,0.000000,4,3,54.582722,1,0,0,0.008592,0.999963,0.000771,-0.641156,0.004917,0.767394,0.000318,-0.000344,0.000000,0.000000,0.000000,1,0.012888,5322.442871,9.630440,2816.397705,-0.000123,-0.035923,54.558472,1,0.005283,5074.075684,9.180302,2826.222900,-0.000117,-0.036049,54.606983,1,-0.005294,4725.451660,-18.694641,-1198.597778,0.000238,0.015288,53.461067,1,-0.012900,4477.082520,-17.699722,-1198.452759,0.000226,0.015286,53.448273,2376.746826,19599.007812,1962.851074,-2.614746,-0.368042,-2.589844,0.000000,0.000000,0.000000,0.000000,0.000000,0.000000,0.000000,0.000000,0.000000
523,8.716666,29.893677,0.000206,-39.510132,13.901247,-0.000045,11.614404,-2.266830,0.000938,18.114151,6096.537,1,0.000000,4,3,54.734158,1,0,0,0.008599,0.999963,0.000775,-0.641144,0.004918,0.767404,0.000261,-0.000397,0.000000,0.000000,0.000000,1,0.012899,5323.001465,9.520084,2804.415283,-0.000121,-0.035771,54.710007,1,0.005292,5074.279785,9.074524,2813.739746,-0.000116,-0.035890,54.758320,1,-0.005303,4725.333984,-18.560843,-1193.660645,0.000237,0.015225,53.614410,1,-0.012910,4476.621582,-17.582508,-1193.473877,0.000224,0.015223,53.601593,2364.876953,19599.230469,1952.916016,-1.370728,-0.514282,-2.306641,0.000000,0.000000,0.000000,0.000000,0.000000,0.000000,0.000000,0.000000,0.000000
524,8.733334,30.125977,0.000205,-39.316040,13.940661,-0.000056,11.646953,-2.266814,0.000930,18.165264,6113.451,1,0.000000,4,3,54.884743,1,0,0,0.008606,0.999963,0.000779,-0.641132,0.004920,0.767414,0.000227,-0.000439,0.000000,0.000000,0.000000,1,0.012911,5323.561035,9.441906,2792.208252,-0.000120,-0.035615,54.860683,1,0.005301,5074.550293,8.999547,2801.197021,-0.000115,-0.035730,54.908813,1,-0.005312,4725.125488,-18.336176,-1188.503662,0.000234,0.015159,53.767033,1,-0.012922,4476.104004,-17.357620,-1188.358398,0.000221,0.015158,53.754185,2352.894531,19599.355469,1943.230957,-1.102295,-0.357605,-1.227051,0.000000,0.000000,0.000000,0.000000,0.000000,0.000000,0.000000,0.000000,0.000000
525,8.750000,30.359009,0.000204,-39.121338,13.979877,-0.000064,11.679339,-2.266799,0.000925,18.216122,6130.270,1,0.000000,4,3,55.034470,1,0,0,0.008614,0.999963,0.000782,-0.641121,0.004922,0.767424,0.000202,-0.000464,0.000000,0.000000,0.000000,1,0.012923,5324.058105,9.374627,2779.764160,-0.000120,-0.035456,55.010494,1,0.005310,5074.771484,8.934979,2788.403076,-0.000114,-0.035566,55.058456,1,-0.005320,4724.945312,-18.147383,-1183.376099,0.000231,0.015094,53.918900,1,-0.012934,4475.667480,-17.188616,-1183.246826,0.000219,0.015092,53.906033,2340.558838,19599.472656,1933.158569,-0.621216,-0.135132,-1.125000,0.000000,0.000000,0.000000,0.000000,0.000000,0.000000,0.000000,0.000000,0.000000
526,8.766666,30.592651,0.000203,-38.926147,14.018886,-0.000071,11.711558,-2.266784,0.000923,18.266714,6146.994,1,0.000000,4,3,55.183334,1,0,0,0.008622,0.999962,0.000785,-0.641109,0.004925,0.767434,0.000186,-0.000484,0.000000,0.000000,0.000000,1,0.012936,5324.563965,9.318289,2767.197510,-0.000119,-0.035296,55.159439,1,0.005318,5075.066895,8.871029,2775.554688,-0.000113,-0.035402,55.207241,1,-0.005328,4724.740723,-18.073593,-1178.134399,0.000231,0.015027,54.070019,1,-0.012946,4475.232422,-17.117809,-1178.076660,0.000218,0.015026,54.057133,2328.350830,19599.658203,1922.930420,-0.289062,-0.088806,-2.175293,0.000000,0.000000,0.000000,0.000000,0.000000,0.000000,0.000000,0.000000,0.000000
527,8.783334,30.826904,0.000202,-38.730469,14.057692,-0.000076,11.743608,-2.266768,0.000921,18.317039,6163.621,1,0.000000,4,3,55.331326,1,0,0,0.008630,0.999962,0.000788,-0.641097,0.004928,0.767444,0.000171,-0.000519,0.000000,0.000000,0.000000,1,0.012950,5325.131836,9.241710,2754.480469,-0.000118,-0.035134,55.307507,1,0.005327,5075.309082,8.817365,2762.491699,-0.000112,-0.035236,55.355152,1,-0.005336,4724.481934,-18.034311,-1172.772095,0.000230,0.014959,54.220371,1,-0.012959,4474.679199,-17.079433,-1172.776367,0.000218,0.014959,54.207478,2316.106201,19599.644531,1912.572510,-0.578369,-0.402649,-1.677246,0.000000,0.000000,0.000000,0.000000,0.000000,0.000000,0.000000,0.000000,0.000000
528,8.800000,31.061890,0.000201,-38.534180,14.096293,-0.000080,11.775484,-2.266753,0.000915,18.367100,6180.151,1,0.000000,4,3,55.478436,1,0,0,0.008640,0.999962,0.000790,-0.641085,0.004932,0.767454,0.000154,-0.000548,0.000000,0.000000,0.000000,1,0.012965,5325.724121,9.124247,2741.534912,-0.000116,-0.034969,55.454689,1,0.005336,5075.609375,8.695067,2749.365967,-0.000111,-0.035068,55.502193,1,-0.005344,4724.255859,-17.905107,-1167.484253,0.000228,0.014891,54.369942,1,-0.012973,4474.120605,-16.955776,-1167.397095,0.000216,0.014890,54.357048,2303.599609,19599.765625,1902.082764,-0.317017,0.003601,-1.169922,0.000000,0.000000,0.000000,0.000000,0.000000,0.000000,0.000000,0.000000,0.000000
529,8.816667,31.297485,0.000199,-38.337402,14.134686,-0.000083,11.807185,-2.266738,0.000915,18.416885,6196.582,1,0.000000,4,3,55.624657,1,0,0,0.008649,0.999962,0.000793,-0.641073,0.004937,0.767464,0.000143,-0.000568,0.000000,0.000000,0.000000,1,0.012980,5326.276367,9.090184,2728.425537,-0.000116,-0.034801,55.600983,1,0.005344,5075.814453,8.671916,2735.987549,-0.000111,-0.034898,55.648342,1,-0.005352,4724.024414,-17.867123,-1162.045166,0.000228,0.014822,54.518738,1,-0.012987,4473.604980,-16.918694,-1162.053589,0.000216,0.014822,54.505833,2290.861572,19599.769531,1891.406006,0.784790,-0.834900,-0.818359,0.000000,0.000000,0.000000,0.000000,0.000000,0.000000,0.000000,0.000000,0.000000
530,8.833333,31.533691,0.000198,-38.140137,14.172868,-0.000086,11.838709,-2.266723,0.000903,18.466394,6212.914,1,0.000000,4,3,55.769989,1,0,0,0.008659,0.999962,0.000795,-0.641062,0.004941,0.767473,0.000153,-0.000577,0.000000,0.000000,0.000000,1,0.012995,5326.831055,8.953307,2715.098877,-0.000114,-0.034631,55.746376,1,0.005353,5076.204590,8.541239,2722.723145,-0.000109,-0.034729,55.793610,1,-0.005359,4723.753418,-17.548143,-1156.620117,0.000224,0.014753,54.666740,1,-0.013002,4473.121582,-16.615822,-1156.499146,0.000212,0.014751,54.653835,2277.980713,19599.984375,1881.049927,1.414429,0.219055,0.145020,0.000000,0.000000,0.000000,0.000000,0.000000,0.000000,0.000000,0.000000,0.000000
531,8.850000,31.770508,0.000196,-37.942261,14.210835,-0.000087,11.870060,-2.266708,0.000906,18.515631,6229.147,1,0.000000,4,3,55.914417,1,0,0,0.008668,0.999962,0.000798,-0.641050,0.004945,0.767483,0.000178,-0.000568,0.000000,0.000000,0.000000,1,0.013010,5327.298340,9.002296,2701.699219,-0.000115,-0.034460,55.890873,1,0.005362,5076.571289,8.577958,2709.172607,-0.000109,-0.034556,55.937969,1,-0.005368,4723.379395,-17.533777,-1150.978638,0.000224,0.014681,54.813950,1,-0.013016,4472.623047,-16.612307,-1151.067261,0.000212,0.014682,54.801029,2265.058594,19599.925781,1870.333008,1.392334,-0.308411,0.389648,0.000000,0.000000,0.000000,0.000000,0.000000,0.000000,0.000000,0.000000,0.000000
532,8.866667,32.007935,0.000195,-37.743896,14.248586,-0.000088,11.901232,-2.266693,0.000901,18.564581,6245.278,1,0.000000,4,3,56.057945,1,0,0,0.008677,0.999962,0.000801,-0.641039,0.004948,0.767492,0.000204,-0.000556,0.000000,0.000000,0.000000,1,0.013025,5327.749023,8.907493,2688.092529,-0.000114,-0.034287,56.034470,1,0.005372,5076.963379,8.487566,2695.578857,-0.000108,-0.034382,56.081432,1,-0.005376,4723.038574,-17.419138,-1145.455322,0.000222,0.014610,54.960335,1,-0.013030,4472.239746,-16.492924,-1145.527588,0.000210,0.014611,54.947430,2251.973145,19600.054688,1859.409668,0.916260,-0.117493,-0.216309,0.000000,0.000000,0.000000,0.000000,0.000000,0.000000,0.000000,0.000000,0.000000
533,8.883333,32.246094,0.000193,-37.545044,14.286119,-0.000087,11.932222,-2.266678,0.000899,18.613258,6261.310,1,0.000000,4,3,56.200562,1,0,0,0.008687,0.999962,0.000805,-0.641027,0.004951,0.767502,0.000218,-0.000555,0.000000,0.000000,0.000000,1,0.013040,5328.257812,8.844111,2674.430664,-0.000113,-0.034113,56.177155,1,0.005382,5077.337402,8.436745,2681.811035,-0.000108,-0.034207,56.223980,1,-0.005386,4722.664551,-17.338739,-1139.776489,0.000221,0.014538,55.105915,1,-0.013044,4471.751465,-16.426884,-1139.925537,0.000210,0.014540,55.093018,2238.891602,19600.070312,1848.469482,0.921021,-0.101746,0.062012,0.000000,0.000000,0.000000,0.000000,0.000000,0.000000,0.000000,0.000000,0.000000
534,8.900000,32.484863,0.000192,-37.345703,14.323433,-0.000086,11.963030,-2.266663,0.000898,18.661642,6277.239,1,0.000000,4,3,56.342266,1,0,0,0.008696,0.999962,0.000808,-0.641016,0.004954,0.767512,0.000235,-0.000550,0.000000,0.000000,0.000000,1,0.013055,5328.704590,8.781084,2660.633789,-0.000112,-0.033937,56.318924,1,0.005392,5077.721680,8.366873,2667.992188,-0.000107,-0.034031,56.365620,1,-0.005395,4722.274902,-17.303499,-1134.075806,0.000221,0.014465,55.250664,1,-0.013058,4471.290039,-16.393158,-1134.234497,0.000209,0.014467,55.237789,2225.816162,19600.035156,1837.408325,1.546753,-0.515076,0.818359,0.000000,0.000000,0.000000,0.000000,0.000000,0.000000,0.000000,0.000000,0.000000
535,8.916667,32.724243,0.000191,-37.145752,14.360530,-0.000085,11.993653,-2.266648,0.000890,18.709742,6293.066,1,0.000000,4,3,56.483047,1,0,0,0.008705,0.999962,0.000813,-0.641004,0.004956,0.767521,0.000265,-0.000530,0.000000,0.000000,0.000000,1,0.013069,5329.143555,8.657393,2646.636719,-0.000110,-0.033758,56.459770,1,0.005403,5078.192383,8.249106,2654.107422,-0.000105,-0.033853,56.506332,1,-0.005405,4721.891602,-17.124399,-1128.400513,0.000218,0.014393,55.394581,1,-0.013072,4470.938477,-16.213099,-1128.536499,0.000207,0.014395,55.381729,2212.406982,19600.232422,1826.306885,2.123779,0.146423,0.113281,0.000000,0.000000,0.000000,0.000000,0.000000,0.000000,0.000000,0.000000,0.000000
536,8.933333,32.964233,0.000189,-36.945312,14.397404,-0.000082,12.024092,-2.266634,0.000892,18.757553,6308.791,1,0.000000,4,3,56.622910,1,0,0,0.008713,0.999962,0.000818,-0.640993,0.004958,0.767531,0.000302,-0.000518,0.000000,0.000000,0.000000,1,0.013084,5329.563477,8.676644,2632.602783,-0.000111,-0.033579,56.599701,1,0.005415,5078.664551,8.257889,2640.094971,-0.000105,-0.033675,56.646130,1,-0.005417,4721.364258,-17.112072,-1122.545410,0.000218,0.014318,55.537670,1,-0.013085,4470.474609,-16.212044,-1122.794800,0.000207,0.014321,55.524837,2199.094727,19600.105469,1815.187500,2.426147,-0.374939,0.320312,0.000000,0.000000,0.000000,0.000000,0.000000,0.000000,0.000000,0.000000,0.000000
537,8.950000,33.204834,0.000188,-36.744385,14.434055,-0.000080,12.054345,-2.266619,0.000886,18.805075,6324.413,1,0.000000,4,3,56.761845,1,0,0,0.008722,0.999962,0.000823,-0.640982,0.004959,0.767540,0.000346,-0.000502,0.000000,0.000000,0.000000,1,0.013098,5330.006836,8.604769,2618.458496,-0.000110,-0.033399,56.738705,1,0.005428,5079.210938,8.189631,2626.099121,-0.000104,-0.033496,56.784996,1,-0.005428,4720.868652,-16.956614,-1116.764771,0.000216,0.014244,55.679901,1,-0.013099,4470.105469,-16.054743,-1116.982422,0.000205,0.014247,55.667107,2185.624512,19600.246094,1804.108765,2.123169,-0.177307,0.379883,0.000000,0.000000,0.000000,0.000000,0.000000,0.000000,0.000000,0.000000,0.000000
538,8.966666,33.446045,0.000187,-36.542969,14.470483,-0.000077,12.084414,-2.266604,0.000883,18.852303,6339.931,1,0.000000,4,3,56.899845,1,0,0,0.008730,0.999962,0.000829,-0.640970,0.004959,0.767550,0.000384,-0.000486,0.000000,0.000000,0.000000,1,0.013112,5330.391602,8.492850,2604.164551,-0.000108,-0.033216,56.876778,1,0.005441,5079.742676,8.073641,2611.896240,-0.000103,-0.033315,56.922924,1,-0.005441,4720.337891,-16.912237,-1110.957642,0.000216,0.014170,55.821289,1,-0.013112,4469.662109,-16.023375,-1111.196533,0.000204,0.014173,55.808525,2172.092041,19600.167969,1792.554443,1.770752,-0.034546,-0.086914,0.000000,0.000000,0.000000,0.000000,0.000000,0.000000,0.000000,0.000000,0.000000
539,8.983334,33.687866,0.000185,-36.341064,14.506684,-0.000074,12.114289,-2.266589,0.000882,18.899235,6355.344,1,0.000000,4,3,57.036915,1,0,0,0.008738,0.999961,0.000836,-0.640959,0.004959,0.767559,0.000414,-0.000479,0.000000,0.000000,0.000000,1,0.013125,5330.817383,8.432098,2589.862549,-0.000108,-0.033034,57.013920,1,0.005455,5080.295898,8.044864,2597.664551,-0.000103,-0.033133,57.059921,1,-0.005455,4719.771484,-16.879211,-1104.976685,0.000215,0.014094,55.961830,1,-0.013125,4469.239258,-15.992489,-1105.301514,0.000204,0.014098,55.949100,2158.668945,19600.150391,1781.258057,0.722168,-0.149475,0.099121,0.000000,0.000000,0.000000,0.000000,0.000000,0.000000,0.000000,0.000000,0.000000
540,9.000000,33.930298,0.000184,-36.138672,14.542662,-0.000072,12.143977,-2.266575,0.000880,18.945879,6370.654,1,0.000000,4,3,57.173050,1,0,0,0.008746,0.999961,0.000843,-0.640948,0.004959,0.767569,0.000427,-0.000474,0.000000,0.000000,0.000000,1,0.013139,5331.239258,8.351643,2575.437500,-0.000107,-0.032850,57.150131,1,0.005469,5080.804688,7.968340,2583.298828,-0.000102,-0.032950,57.195976,1,-0.005468,4719.265137,-16.846817,-1099.139648,0.000215,0.014020,56.101498,1,-0.013138,4468.828613,-15.951665,-1099.434448,0.000203,0.014023,56.088814,2144.955811,19600.160156,1769.644287,0.483765,-0.288208,0.197754,0.000000,0.000000,0.000000,0.000000,0.000000,0.000000,0.000000,0.000000,0.000000
541,9.016666,34.173218,0.000183,-35.935791,14.578411,-0.000070,12.173471,-2.266560,0.000876,18.992222,6385.859,1,0.000000,4,3,57.308247,1,0,0,0.008754,0.999961,0.000850,-0.640936,0.004958,0.767578,0.000436,-0.000469,0.000000,0.000000,0.000000,1,0.013152,5331.635254,8.261621,2560.915283,-0.000105,-0.032665,57.285408,1,0.005483,5081.256836,7.873087,2568.846191,-0.000100,-0.032766,57.331093,1,-0.005482,4718.769531,-16.749304,-1093.223633,0.000214,0.013944,56.240311,1,-0.013151,4468.389648,-15.859447,-1093.505981,0.000202,0.013948,56.227669,2131.155029,19600.054688,1758.073486,-0.194092,-0.050232,0.217285,0.000000,0.000000,0.000000,0.000000,0.000000,0.000000,0.000000,0.000000,0.000000
542,9.033334,34.416748,0.000182,-35.732422,14.613931,-0.000069,12.202773,-2.266546,0.000875,19.038265,6400.960,1,0.000000,4,3,57.442509,1,0,0,0.008761,0.999961,0.000858,-0.640925,0.004957,0.767587,0.000434,-0.000466,0.000000,0.000000,0.000000,1,0.013165,5332.100586,8.212318,2546.434570,-0.000105,-0.032480,57.419750,1,0.005497,5081.729492,7.826149,2554.328369,-0.000100,-0.032581,57.465275,1,-0.005496,4718.354004,-16.729137,-1087.245483,0.000213,0.013868,56.378262,1,-0.013164,4467.992188,-15.830018,-1087.553345,0.000202,0.013872,56.365658,2117.437500,19600.203125,1746.506470,0.429932,-0.360413,0.238770,0.000000,0.000000,0.000000,0.000000,0.000000,0.000000,0.000000,0.000000,0.000000
543,9.050000,34.660889,0.000181,-35.528564,14.649221,-0.000067,12.231881,-2.266531,0.000869,19.084005,6415.957,1,0.000000,4,3,57.575829,1,0,0,0.008769,0.999961,0.000865,-0.640914,0.004957,0.767597,0.000442,-0.000461,0.000000,0.000000,0.000000,1,0.013178,5332.472656,8.113281,2531.806152,-0.000103,-0.032293,57.553150,1,0.005511,5082.204102,7.731958,2539.822998,-0.000099,-0.032396,57.598515,1,-0.005510,4717.847168,-16.600252,-1081.249023,0.000212,0.013791,56.515339,1,-0.013177,4467.567383,-15.708211,-1081.500610,0.000200,0.013795,56.502781,2103.642578,19600.097656,1735.010864,0.241211,0.146790,0.214355,0.000000,0.000000,0.000000,0.000000,0.000000,0.000000,0.000000,0.000000,0.000000
544,9.066667,34.905640,0.000180,-35.324219,14.684282,-0.000065,12.260798,-2.266517,0.000871,19.129448,6430.847,1,0.000000,4,3,57.708206,1,0,0,0.008777,0.999961,0.000872,-0.640903,0.004956,0.767606,0.000448,-0.000456,0.000000,0.000000,0.000000,1,0.013191,5332.888184,8.094642,2517.205566,-0.000103,-0.032107,57.685612,1,0.005526,5082.669434,7.714298,2525.201172,-0.000098,-0.032209,57.730812,1,-0.005525,4717.363770,-16.613369,-1075.198730,0.000212,0.013714,56.651539,1,-0.013190,4467.154297,-15.741357,-1075.553955,0.000201,0.013719,56.639019,2089.831543,19600.078125,1723.320557,-2.260986,0.090088,0.216309,0.000000,0.000000,0.000000,0.000000,0.000000,0.000000,0.000000,0.000000,0.000000
545,9.083333,35.151001,0.000178,-35.119385,14.719112,-0.000064,12.289520,-2.266502,0.000873,19.174591,6445.633,1,0.000000,4,3,57.839638,1,0,0,0.008784,0.999961,0.000879,-0.640892,0.004955,0.767615,0.000410,-0.000463,0.000000,0.000000,0.000000,1,0.013204,5333.323242,8.016574,2502.528564,-0.000102,-0.031920,57.817127,1,0.005539,5083.002441,7.639777,2510.402344,-0.000097,-0.032020,57.862160,1,-0.005538,4717.052246,-16.692211,-1069.189941,0.000213,0.013638,56.786854,1,-0.013203,4466.731445,-15.815536,-1069.569946,0.000202,0.013642,56.774387,2075.968750,19600.117188,1711.296387,-1.822754,-0.556213,0.126465,0.000000,0.000000,0.000000,0.000000,0.000000,0.000000,0.000000,0.000000,0.000000
546,9.100000,35.396851,0.000177,-34.914062,14.753712,-0.000063,12.318042,-2.266488,0.000864,19.219427,6460.313,1,0.000000,4,3,57.970131,1,0,0,0.008792,0.999961,0.000885,-0.640881,0.004956,0.767624,0.000379,-0.000470,0.000000,0.000000,0.000000,1,0.013217,5333.750000,7.899286,2487.780273,-0.000101,-0.031732,57.947701,1,0.005552,5083.312500,7.518408,2495.725830,-0.000096,-0.031833,57.992573,1,-0.005551,4716.746094,-16.522642,-1063.205200,0.000211,0.013561,56.921291,1,-0.013216,4466.287109,-15.644199,-1063.409668,0.000200,0.013564,56.908882,2062.002441,19600.101562,1699.718994,-1.958984,0.075073,-0.004395,0.000000,0.000000,0.000000,0.000000,0.000000,0.000000,0.000000,0.000000,0.000000
547,9.116667,35.643311,0.000176,-34.708252,14.788078,-0.000062,12.346371,-2.266473,0.000866,19.263960,6474.888,1,0.000000,4,3,58.099678,1,0,0,0.008800,0.999961,0.000891,-0.640869,0.004956,0.767634,0.000345,-0.000479,0.000000,0.000000,0.000000,1,0.013231,5334.209473,7.832202,2473.071533,-0.000100,-0.031544,58.077332,1,0.005564,5083.610352,7.454294,2480.896484,-0.000095,-0.031644,58.122032,1,-0.005563,4716.452637,-16.569588,-1057.080200,0.000211,0.013483,57.054855,1,-0.013229,4465.871582,-15.677974,-1057.338989,0.000200,0.013486,57.042477,2048.191895,19600.156250,1687.862793,-1.482666,-0.233704,-0.128418,0.000000,0.000000,0.000000,0.000000,0.000000,0.000000,0.000000,0.000000,0.000000
548,9.133333,35.890381,0.000175,-34.501953,14.822215,-0.000060,12.374502,-2.266459,0.000862,19.308193,6489.357,1,0.000000,4,3,58.228283,1,0,0,0.008808,0.999961,0.000896,-0.640859,0.004957,0.767643,0.000319,-0.000488,0.000000,0.000000,0.000000,1,0.013244,5334.652344,7.805030,2458.303955,-0.000100,-0.031356,58.206020,1,0.005576,5083.886719,7.437626,2466.100586,-0.000095,-0.031455,58.250557,1,-0.005574,4716.180176,-16.423231,-1051.003418,0.000209,0.013406,57.187527,1,-0.013242,4465.414062,-15.559085,-1051.243408,0.000198,0.013409,57.175186,2034.069092,19600.142578,1676.311279,-0.343384,-0.081299,-0.913086,0.000000,0.000000,0.000000,0.000000,0.000000,0.000000,0.000000,0.000000,0.000000
549,9.150000,36.137939,0.000174,-34.295288,14.856116,-0.000057,12.402441,-2.266445,0.000861,19.352119,6503.722,1,0.000000,4,3,58.355942,1,0,0,0.008817,0.999961,0.000901,-0.640848,0.004959,0.767652,0.000309,-0.000503,0.000000,0.000000,0.000000,1,0.013257,5335.130859,7.768299,2443.539062,-0.000099,-0.031168,58.333759,1,0.005587,5084.229492,7.402461,2451.276855,-0.000094,-0.031266,58.378132,1,-0.005586,4715.786133,-16.384590,-1044.839478,0.000209,0.013327,57.319309,1,-0.013256,4464.884766,-15.511788,-1045.135254,0.000198,0.013331,57.307003,2020.138916,19600.019531,1664.651123,-0.198975,-0.269653,-1.260742,0.000000,0.000000,0.000000,0.000000,0.000000,0.000000,0.000000,0.000000,0.000000
550,9.166667,36.386108,0.000174,-34.088135,14.889785,-0.000057,12.430185,-2.266430,0.000857,19.395744,6517.981,1,0.000000,4,3,58.482655,1,0,0,0.008826,0.999961,0.000906,-0.640836,0.004961,0.767661,0.000299,-0.000524,0.000000,0.000000,0.000000,1,0.013271,5335.649414,7.672894,2428.722168,-0.000098,-0.030979,58.460556,1,0.005598,5084.588379,7.301984,2436.469238,-0.000093,-0.031077,58.504765,1,-0.005597,4715.432617,-16.314436,-1038.727539,0.000208,0.013249,57.450191,1,-0.013270,4464.371094,-15.444760,-1038.996094,0.000197,0.013253,57.437927,2006.214722,19600.035156,1652.901733,-0.002441,-0.043274,-1.053223,0.000000,0.000000,0.000000,0.000000,0.000000,0.000000,0.000000,0.000000,0.000000
551,9.183333,36.634888,0.000173,-33.880493,14.923222,-0.000056,12.457734,-2.266416,0.000856,19.439064,6532.134,1,0.000000,4,3,58.608421,1,0,0,0.008835,0.999961,0.000910,-0.640825,0.004963,0.767671,0.000294,-0.000540,0.000000,0.000000,0.000000,1,0.013286,5336.171387,7.627099,2413.872803,-0.000097,-0.030789,58.586403,1,0.005609,5084.934082,7.276858,2421.592773,-0.000093,-0.030888,58.630447,1,-0.005609,4715.016602,-16.287323,-1032.623657,0.000208,0.013171,57.580181,1,-0.013285,4463.790527,-15.418449,-1032.883789,0.000197,0.013175,57.567955,1992.161987,19599.882812,1641.099487,-1.028320,-0.508789,-0.081543,0.000000,0.000000,0.000000,0.000000,0.000000,0.000000,0.000000,0.000000,0.000000
552,9.200000,36.884155,0.000172,-33.672363,14.956425,-0.000058,12.485085,-2.266402,0.000849,19.482079,6546.181,1,0.000000,4,3,58.733246,1,0,0,0.008844,0.999960,0.000915,-0.640815,0.004965,0.767680,0.000276,-0.000546,0.000000,0.000000,0.000000,1,0.013300,5336.671387,7.552206,2398.978271,-0.000096,-0.030599,58.711311,1,0.005620,5085.265625,7.195944,2406.733398,-0.000092,-0.030698,58.755192,1,-0.005620,4714.769043,-16.090820,-1026.557617,0.000205,0.013094,57.709278,1,-0.013299,4463.342773,-15.231713,-1026.748047,0.000194,0.013096,57.697090,1977.922363,19600.048828,1629.462158,-0.589966,-0.023987,-0.743652,0.000000,0.000000,0.000000,0.000000,0.000000,0.000000,0.000000,0.000000,0.000000
553,9.216666,37.134033,0.000171,-33.463867,14.989390,-0.000057,12.512243,-2.266388,0.000848,19.524786,6560.124,1,0.000000,4,3,58.857128,1,0,0,0.008853,0.999960,0.000919,-0.640804,0.004968,0.767689,0.000263,-0.000561,0.000000,0.000000,0.000000,1,0.013315,5337.210449,7.497352,2384.103516,-0.000096,-0.030409,58.835278,1,0.005631,5085.590820,7.143415,2391.825684,-0.000091,-0.030508,58.878990,1,-0.005631,4714.412598,-16.096905,-1020.386658,0.000205,0.013015,57.837490,1,-0.013314,4462.801758,-15.236779,-1020.651917,0.000194,0.013019,57.825329,1963.935303,19600.009766,1617.585083,-0.345703,-0.224792,-0.487793,0.000000,0.000000,0.000000,0.000000,0.000000,0.000000,0.000000,0.000000,0.000000
554,9.233334,37.384399,0.000170,-33.254883,15.022122,-0.000057,12.539203,-2.266374,0.000845,19.567188,6573.960,1,0.000000,4,3,58.980072,1,0,0,0.008863,0.999960,0.000923,-0.640793,0.004970,0.767698,0.000254,-0.000570,0.000000,0.000000,0.000000,1,0.013330,5337.695312,7.442772,2369.258789,-0.000095,-0.030220,58.958305,1,0.005642,5085.876953,7.091168,2376.887695,-0.000090,-0.030317,59.001846,1,-0.005641,4714.089355,-15.997339,-1014.223877,0.000204,0.012937,57.964802,1,-0.013330,4462.270996,-15.151810,-1014.464966,0.000193,0.012940,57.952679,1949.888916,19599.914062,1605.914673,0.006714,-0.312073,0.258301,0.000000,0.000000,0.000000,0.000000,0.000000,0.000000,0.000000,0.000000,0.000000
555,9.250000,37.635254,0.000169,-33.045410,15.054621,-0.000058,12.565968,-2.266360,0.000840,19.609285,6587.692,1,0.000000,4,3,59.102074,1,0,0,0.008872,0.999960,0.000927,-0.640782,0.004973,0.767707,0.000256,-0.000566,0.000000,0.000000,0.000000,1,0.013345,5338.180176,7.388535,2354.322998,-0.000094,-0.030030,59.080387,1,0.005652,5086.239746,7.039358,2362.041260,-0.000090,-0.030128,59.123768,1,-0.005652,4713.738770,-15.866638,-1008.116394,0.000202,0.012859,58.091213,1,-0.013345,4461.798340,-15.017601,-1008.351990,0.000192,0.012862,58.079124,1935.693848,19599.945312,1594.227417,0.858154,-0.199585,0.280273,0.000000,0.000000,0.000000,0.000000,0.000000,0.000000,0.000000,0.000000,0.000000
556,9.266666,37.886719,0.000168,-32.835571,15.086883,-0.000059,12.592538,-2.266346,0.000837,19.651077,6601.319,1,0.000000,4,3,59.223141,1,0,0,0.008881,0.999960,0.000932,-0.640771,0.004976,0.767716,0.000272,-0.000557,0.000000,0.000000,0.000000,1,0.013359,5338.643066,7.334606,2339.430664,-0.000094,-0.029840,59.201542,1,0.005663,5086.661621,6.997211,2347.191406,-0.000089,-0.029939,59.244747,1,-0.005663,4713.333496,-15.778783,-1001.916016,0.000201,0.012780,58.216732,1,-0.013359,4461.340820,-14.934206,-1002.206299,0.000190,0.012783,58.204678,1921.683105,19599.972656,1582.585205,0.872681,-0.272766,0.946289,0.000000,0.000000,0.000000,0.000000,0.000000,0.000000,0.000000,0.000000,0.000000
557,9.283334,38.138672,0.000167,-32.625244,15.118911,-0.000059,12.618915,-2.266332,0.000833,19.692564,6614.841,1,0.000000,4,3,59.343269,1,0,0,0.008890,0.999960,0.000937,-0.640760,0.004978,0.767725,0.000291,-0.000539,0.000000,0.000000,0.000000,1,0.013374,5339.036133,7.309999,2324.451660,-0.000093,-0.029649,59.321758,1,0.005674,5087.041992,6.955287,2332.307861,-0.000089,-0.029749,59.364792,1,-0.005674,4712.929199,-15.638909,-995.837585,0.000199,0.012702,58.341343,1,-0.013374,4460.933105,-14.801744,-996.112122,0.000189,0.012706,58.329330,1907.365479,19599.929688,1570.858398,0.458008,0.121948,0.106445,0.000000,0.000000,0.000000,0.000000,0.000000,0.000000,0.000000,0.000000,0.000000
558,9.300000,38.391235,0.000166,-32.414551,15.150701,-0.000060,12.645096,-2.266318,0.000834,19.733744,6628.259,1,0.000000,4,3,59.462467,1,0,0,0.008899,0.999960,0.000941,-0.640750,0.004980,0.767734,0.000300,-0.000535,0.000000,0.000000,0.000000,1,0.013388,5339.523438,7.285736,2309.637939,-0.000093,-0.029460,59.441044,1,0.005686,5087.458984,6.932126,2317.441895,-0.000088,-0.029559,59.483898,1,-0.005686,4712.506348,-15.678421,-989.593079,0.000200,0.012622,58.465069,1,-0.013388,4460.450684,-14.828923,-989.983826,0.000189,0.012627,58.453094,1893.549805,19599.929688,1559.134644,0.455200,-0.560547,2.097168,0.000000,0.000000,0.000000,0.000000,0.000000,0.000000,0.000000,0.000000,0.000000
559,9.316667,38.644287,0.000165,-32.203369,15.182260,-0.000062,12.671082,-2.266304,0.000826,19.774620,6641.572,1,0.000000,4,3,59.580734,1,0,0,0.008908,0.999960,0.000947,-0.640739,0.004981,0.767742,0.000317,-0.000500,0.000000,0.000000,0.000000,1,0.013402,5339.860840,7.184237,2294.683350,-0.000092,-0.029269,59.559399,1,0.005697,5087.896973,6.854001,2302.638672,-0.000087,-0.029370,59.602077,1,-0.005697,4712.172363,-15.477175,-983.548523,0.000197,0.012545,58.587879,1,-0.013402,4460.175293,-14.658465,-983.864807,0.000187,0.012549,58.575962,1879.320068,19600.128906,1547.464966,0.669678,0.103577,1.534180,0.000000,0.000000,0.000000,0.000000,0.000000,0.000000,0.000000,0.000000,0.000000
560,9.333333,38.897827,0.000164,-31.991699,15.213581,-0.000060,12.696873,-2.266291,0.000827,19.815189,6654.783,1,0.000000,4,3,59.698071,1,0,0,0.008915,0.999960,0.000952,-0.640729,0.004982,0.767751,0.000336,-0.000473,0.000000,0.000000,0.000000,1,0.013415,5340.174805,7.169949,2279.787842,-0.000091,-0.029079,59.676826,1,0.005709,5088.280273,6.831303,2287.758301,-0.000087,-0.029181,59.719322,1,-0.005709,4711.692383,-15.496218,-977.371094,0.000198,0.012466,58.709808,1,-0.013415,4459.825195,-14.657011,-977.786987,0.000187,0.012472,58.697937,1865.308472,19599.966797,1535.656494,0.716064,-0.257812,0.613281,0.000000,0.000000,0.000000,0.000000,0.000000,0.000000,0.000000,0.000000,0.000000
561,9.350000,39.151855,0.000163,-31.779663,15.244670,-0.000061,12.722467,-2.266277,0.000823,19.855457,6667.888,1,0.000000,4,3,59.814484,1,0,0,0.008923,0.999960,0.000958,-0.640718,0.004982,0.767760,0.000351,-0.000460,0.000000,0.000000,0.000000,1,0.013427,5340.563965,7.098228,2264.972900,-0.000091,-0.028890,59.793335,1,0.005721,5088.729980,6.763077,2272.992676,-0.000086,-0.028992,59.835640,1,-0.005721,4711.303223,-15.400892,-971.191528,0.000196,0.012388,58.830833,1,-0.013427,4459.458008,-14.586575,-971.592529,0.000186,0.012393,58.819023,1851.488892,19600.064453,1524.113892,0.762207,-0.046021,0.423828,0.000000,0.000000,0.000000,0.000000,0.000000,0.000000,0.000000,0.000000,0.000000
562,9.366667,39.406494,0.000162,-31.567139,15.275528,-0.000060,12.747869,-2.266263,0.000822,19.895422,6680.890,1,0.000000,4,3,59.929974,1,0,0,0.008931,0.999960,0.000964,-0.640708,0.004982,0.767769,0.000366,-0.000450,0.000000,0.000000,0.000000,1,0.013440,5340.925781,7.074850,2250.122803,-0.000090,-0.028701,59.908920,1,0.005733,5089.146973,6.731756,2258.192627,-0.000086,-0.028803,59.951035,1,-0.005733,4710.836914,-15.378855,-965.095154,0.000196,0.012310,58.950958,1,-0.013440,4459.078125,-14.546185,-965.528320,0.000186,0.012315,58.939205,1837.466919,19599.984375,1512.379883,1.409424,-0.509521,0.848633,0.000000,0.000000,0.000000,0.000000,0.000000,0.000000,0.000000,0.000000,0.000000
563,9.383333,39.661621,0.000161,-31.354248,15.306152,-0.000060,12.773076,-2.266250,0.000814,19.935081,6693.790,1,0.000000,4,3,60.044544,1,0,0,0.008938,0.999960,0.000970,-0.640697,0.004982,0.767778,0.000395,-0.000430,0.000000,0.000000,0.000000,1,0.013452,5341.289062,6.984614,2235.284912,-0.000089,-0.028511,60.023586,1,0.005746,5089.689453,6.655184,2243.531250,-0.000085,-0.028616,60.065510,1,-0.005746,4710.356445,-15.201171,-959.013855,0.000194,0.012232,59.070190,1,-0.013452,4458.737305,-14.388242,-959.359131,0.000184,0.012237,59.058502,1823.529297,19600.083984,1500.926880,1.156982,0.121582,0.665039,0.000000,0.000000,0.000000,0.000000,0.000000,0.000000,0.000000,0.000000,0.000000
564,9.400000,39.917236,0.000160,-31.140991,15.336544,-0.000059,12.798092,-2.266236,0.000816,19.974440,6706.586,1,0.000000,4,3,60.158195,1,0,0,0.008945,0.999959,0.000977,-0.640687,0.004981,0.767786,0.000418,-0.000415,0.000000,0.000000,0.000000,1,0.013464,5341.632812,6.961739,2220.574707,-0.000089,-0.028324,60.137337,1,0.005760,5090.168945,6.633587,2228.785889,-0.000085,-0.028428,60.179062,1,-0.005759,4709.863281,-15.242250,-952.847900,0.000194,0.012154,59.188538,1,-0.013464,4458.407715,-14.417747,-953.324524,0.000184,0.012160,59.176899,1809.772217,19600.082031,1489.255371,1.029541,-0.289246,0.431641,0.000000,0.000000,0.000000,0.000000,0.000000,0.000000,0.000000,0.000000,0.000000
565,9.416667,40.173340,0.000159,-30.927246,15.366707,-0.000058,12.822913,-2.266223,0.000812,20.013500,6719.281,1,0.000000,4,3,60.270935,1,0,0,0.008951,0.999959,0.000984,-0.640676,0.004980,0.767795,0.000437,-0.000403,0.000000,0.000000,0.000000,1,0.013476,5341.967285,6.891324,2205.816650,-0.000088,-0.028135,60.250179,1,0.005773,5090.646973,6.566700,2214.103271,-0.000084,-0.028241,60.291698,1,-0.005773,4709.355957,-15.128053,-946.796570,0.000193,0.012076,59.305981,1,-0.013475,4458.046387,-14.319862,-947.206787,0.000183,0.012082,59.294415,1795.883911,19600.015625,1477.722168,0.859253,-0.038147,-0.336426,0.000000,0.000000,0.000000,0.000000,0.000000,0.000000,0.000000,0.000000,0.000000
566,9.433333,40.429932,0.000158,-30.713135,15.396638,-0.000058,12.847542,-2.266209,0.000811,20.052258,6731.874,1,0.000000,4,3,60.382763,1,0,0,0.008958,0.999959,0.000992,-0.640666,0.004978,0.767804,0.000451,-0.000404,0.000000,0.000000,0.000000,1,0.013487,5342.347168,6.821338,2191.139160,-0.000087,-0.027948,60.362106,1,0.005787,5091.166016,6.500213,2199.449463,-0.000083,-0.028054,60.403423,1,-0.005787,4708.845703,-15.159167,-940.701782,0.000193,0.011999,59.422543,1,-0.013487,4457.655273,-14.330054,-941.176208,0.000183,0.012005,59.411034,1782.210693,19600.013672,1466.040527,1.243774,-0.408813,-0.352051,0.000000,0.000000,0.000000,0.000000,0.000000,0.000000,0.000000,0.000000,0.000000
567,9.450000,40.687012,0.000157,-30.498657,15.426341,-0.000057,12.871976,-2.266196,0.000805,20.090717,6744.363,1,0.000000,4,3,60.493687,1,0,0,0.008965,0.999959,0.000999,-0.640656,0.004976,0.767812,0.000470,-0.000404,0.000000,0.000000,0.000000,1,0.013499,5342.749023,6.732724,2176.478027,-0.000086,-0.027761,60.473133,1,0.005802,5091.698242,6.415962,2184.895996,-0.000082,-0.027869,60.514248,1,-0.005801,4708.291016,-15.025270,-934.674805,0.000192,0.011922,59.538212,1,-0.013499,4457.240723,-14.213470,-935.082886,0.000181,0.011927,59.526772,1768.462524,19599.972656,1454.629761,0.978027,-0.249756,-0.263184,0.000000,0.000000,0.000000,0.000000,0.000000,0.000000,0.000000,0.000000,0.000000
568,9.466666,40.944580,0.000156,-30.283691,15.455815,-0.000057,12.896219,-2.266182,0.000801,20.128876,6756.753,1,0.000000,4,3,60.603706,1,0,0,0.008972,0.999959,0.001007,-0.640645,0.004974,0.767821,0.000486,-0.000404,0.000000,0.000000,0.000000,1,0.013511,5343.165527,6.673028,2161.883301,-0.000085,-0.027575,60.583256,1,0.005816,5092.244629,6.350218,2170.323486,-0.000081,-0.027683,60.624161,1,-0.005816,4707.795898,-14.943771,-928.636169,0.000191,0.011845,59.653004,1,-0.013510,4456.875488,-14.146411,-929.054871,0.000180,0.011850,59.641621,1754.747803,19600.093750,1443.176514,0.710693,-0.293518,0.344238,0.000000,0.000000,0.000000,0.000000,0.000000,0.000000,0.000000,0.000000,0.000000
569,9.483334,41.202637,0.000155,-30.068359,15.485061,-0.000056,12.920272,-2.266169,0.000796,20.166740,6769.042,1,0.000000,4,3,60.712826,1,0,0,0.008978,0.999959,0.001016,-0.640635,0.004972,0.767829,0.000500,-0.000395,0.000000,0.000000,0.000000,1,0.013522,5343.477539,6.622992,2147.234131,-0.000084,-0.027388,60.692482,1,0.005831,5092.760742,6.311855,2155.779785,-0.000081,-0.027497,60.733177,1,-0.005831,4707.220215,-14.831744,-922.637207,0.000189,0.011768,59.766911,1,-0.013522,4456.502930,-14.031191,-923.041992,0.000179,0.011773,59.755589,1740.900146,19599.949219,1431.764160,1.646973,-0.423950,0.193359,0.000000,0.000000,0.000000,0.000000,0.000000,0.000000,0.000000,0.000000,0.000000
570,9.500000,41.461182,0.000154,-29.852661,15.514075,-0.000057,12.944135,-2.266156,0.000790,20.204304,6781.229,1,0.000000,4,3,60.821053,1,0,0,0.008985,0.999959,0.001024,-0.640625,0.004970,0.767838,0.000529,-0.000384,0.000000,0.000000,0.000000,1,0.013534,5343.809570,6.554347,2132.704834,-0.000084,-0.027203,60.800816,1,0.005847,5093.359375,6.246784,2141.362305,-0.000080,-0.027313,60.841297,1,-0.005847,4706.604492,-14.679256,-916.606506,0.000187,0.011691,59.879944,1,-0.013534,4456.132324,-13.887526,-917.008667,0.000177,0.011697,59.868679,1727.269043,19599.886719,1420.564453,1.080688,-0.000366,0.167969,0.000000,0.000000,0.000000,0.000000,0.000000,0.000000,0.000000,0.000000,0.000000
571,9.516666,41.720215,0.000153,-29.636475,15.542863,-0.000058,12.967811,-2.266143,0.000790,20.241571,6793.318,1,0.000000,4,3,60.928387,1,0,0,0.008991,0.999959,0.001033,-0.640615,0.004967,0.767846,0.000549,-0.000377,0.000000,0.000000,0.000000,1,0.013545,5344.232422,6.523916,2118.268066,-0.000083,-0.027019,60.908260,1,0.005863,5093.955566,6.209021,2126.882324,-0.000079,-0.027129,60.948521,1,-0.005863,4706.055664,-14.670982,-910.604370,0.000187,0.011615,59.992096,1,-0.013545,4455.785645,-13.889935,-911.089294,0.000177,0.011621,59.980888,1713.699219,19600.035156,1409.123291,0.665405,-0.151733,-0.990234,0.000000,0.000000,0.000000,0.000000,0.000000,0.000000,0.000000,0.000000,0.000000
572,9.533334,41.979736,0.000152,-29.419922,15.571424,-0.000058,12.991296,-2.266129,0.000787,20.278545,6805.306,1,0.000000,4,3,61.034836,1,0,0,0.008998,0.999959,0.001042,-0.640605,0.004964,0.767855,0.000556,-0.000389,0.000000,0.000000,0.000000,1,0.013557,5344.610352,6.427668,2103.817383,-0.000082,-0.026834,61.014820,1,0.005879,5094.522949,6.126534,2112.479492,-0.000078,-0.026945,61.054859,1,-0.005879,4705.467773,-14.662825,-904.648987,0.000187,0.011539,60.103371,1,-0.013557,4455.367676,-13.882647,-905.133362,0.000177,0.011545,60.092232,1700.238159,19599.962891,1397.641846,-0.318604,-0.274536,-1.444824,0.000000,0.000000,0.000000,0.000000,0.000000,0.000000,0.000000,0.000000,0.000000
573,9.550000,42.239746,0.000151,-29.203003,15.599762,-0.000058,13.014590,-2.266116,0.000783,20.315224,6817.195,1,0.000000,4,3,61.140408,1,0,0,0.009004,0.999959,0.001051,-0.640594,0.004961,0.767863,0.000544,-0.000413,0.000000,0.000000,0.000000,1,0.013569,5345.098145,6.331980,2089.534912,-0.000081,-0.026652,61.120502,1,0.005895,5094.988770,6.044299,2098.139893,-0.000077,-0.026762,61.160320,1,-0.005896,4704.923340,-14.614284,-898.696838,0.000186,0.011463,60.213776,1,-0.013569,4454.854004,-13.836700,-899.136475,0.000176,0.011469,60.202705,1686.935303,19599.839844,1386.397949,-0.597656,-0.175781,-1.030762,0.000000,0.000000,0.000000,0.000000,0.000000,0.000000,0.000000,0.000000,0.000000
574,9.566667,42.500244,0.000150,-28.985718,15.627877,-0.000060,13.037697,-2.266104,0.000781,20.351614,6828.988,1,0.000000,4,3,61.245098,1,0,0,0.009012,0.999959,0.001060,-0.640585,0.004959,0.767872,0.000529,-0.000432,0.000000,0.000000,0.000000,1,0.013582,5345.583008,6.302449,2075.234131,-0.000080,-0.026470,61.225304,1,0.005911,5095.519531,6.007267,2083.796875,-0.000077,-0.026579,61.264896,1,-0.005912,4704.454102,-14.525684,-892.831909,0.000185,0.011388,60.323311,1,-0.013582,4454.383301,-13.752742,-893.218994,0.000175,0.011393,60.312305,1673.369507,19599.933594,1375.181885,-0.840576,-0.324463,-0.687500,0.000000,0.000000,0.000000,0.000000,0.000000,0.000000,0.000000,0.000000,0.000000
575,9.583333,42.761230,0.000149,-28.768066,15.655766,-0.000061,13.060616,-2.266091,0.000776,20.387707,6840.681,1,0.000000,4,3,61.348919,1,0,0,0.009019,0.999959,0.001068,-0.640575,0.004957,0.767880,0.000511,-0.000447,0.000000,0.000000,0.000000,1,0.013594,5346.040039,6.216819,2060.992188,-0.000079,-0.026288,61.329235,1,0.005927,5095.975586,5.916739,2069.543213,-0.000075,-0.026397,61.368610,1,-0.005927,4703.974121,-14.457888,-886.978149,0.000184,0.011313,60.431988,1,-0.013595,4453.911621,-13.688503,-887.334473,0.000175,0.011318,60.421040,1659.983398,19599.890625,1363.921143,-0.972168,-0.154968,-0.477051,0.000000,0.000000,0.000000,0.000000,0.000000,0.000000,0.000000,0.000000,0.000000
576,9.600000,43.022583,0.000148,-28.550049,15.683433,-0.000062,13.083348,-2.266078,0.000773,20.423513,6852.277,1,0.000000,4,3,61.451874,1,0,0,0.009027,0.999959,0.001077,-0.640565,0.004956,0.767888,0.000492,-0.000459,0.000000,0.000000,0.000000,1,0.013608,5346.515625,6.169031,2046.844849,-0.000079,-0.026108,61.432301,1,0.005942,5096.452637,5.889077,2055.333008,-0.000075,-0.026216,61.471455,1,-0.005943,4703.545898,-14.400839,-881.069153,0.000184,0.011238,60.539810,1,-0.013608,4453.462891,-13.634362,-881.450256,0.000174,0.011243,60.528915,1646.697510,19599.982422,1352.848389,-1.645874,-0.295654,-0.295898,0.000000,0.000000,0.000000,0.000000,0.000000,0.000000,0.000000,0.000000,0.000000
577,9.616667,43.284424,0.000147,-28.331665,15.710877,-0.000063,13.105896,-2.266065,0.000769,20.459026,6863.776,1,0.000000,4,3,61.553967,1,0,0,0.009035,0.999959,0.001084,-0.640555,0.004955,0.767896,0.000462,-0.000471,0.000000,0.000000,0.000000,1,0.013621,5346.957031,6.102762,2032.769897,-0.000078,-0.025928,61.534504,1,0.005957,5096.802734,5.816909,2041.140381,-0.000074,-0.026035,61.573437,1,-0.005957,4703.144531,-14.303821,-875.255737,0.000182,0.011164,60.646770,1,-0.013622,4452.977539,-13.551769,-875.590942,0.000173,0.011168,60.635929,1633.387451,19599.869141,1341.763672,-0.849609,-0.365601,-0.186035,0.000000,0.000000,0.000000,0.000000,0.000000,0.000000,0.000000,0.000000,0.000000
578,9.633333,43.546753,0.000146,-28.112915,15.738101,-0.000064,13.128259,-2.266052,0.000763,20.494255,6875.180,1,0.000000,4,3,61.655201,1,0,0,0.009043,0.999959,0.001091,-0.640545,0.004954,0.767905,0.000447,-0.000478,0.000000,0.000000,0.000000,1,0.013634,5347.433105,6.055493,2018.670288,-0.000077,-0.025748,61.635845,1,0.005971,5097.247070,5.771847,2027.052002,-0.000074,-0.025855,61.674564,1,-0.005972,4702.705566,-14.176952,-869.447449,0.000181,0.011090,60.752880,1,-0.013635,4452.537598,-13.412454,-869.791016,0.000171,0.011094,60.742088,1620.007568,19599.919922,1330.794189,-1.483276,-0.203857,-0.040527,0.000000,0.000000,0.000000,0.000000,0.000000,0.000000,0.000000,0.000000,0.000000
579,9.650000,43.809448,0.000145,-27.893799,15.765101,-0.000066,13.150438,-2.266040,0.000760,20.529194,6886.487,1,0.000000,4,3,61.755585,1,0,0,0.009051,0.999958,0.001098,-0.640535,0.004954,0.767913,0.000421,-0.000485,0.000000,0.000000,0.000000,1,0.013648,5347.906250,6.008463,2004.723511,-0.000077,-0.025570,61.736336,1,0.005985,5097.641113,5.744715,2013.010498,-0.000073,-0.025676,61.774837,1,-0.005986,4702.384766,-14.101475,-863.633911,0.000180,0.011016,60.858143,1,-0.013649,4452.108887,-13.350184,-863.987488,0.000170,0.011020,60.847401,1606.861572,19600.058594,1319.877075,-1.295288,-0.240234,0.001465,0.000000,0.000000,0.000000,0.000000,0.000000,0.000000,0.000000,0.000000,0.000000
580,9.666667,44.072632,0.000144,-27.674316,15.791883,-0.000065,13.172437,-2.266027,0.000757,20.563847,6897.699,1,0.000000,4,3,61.855122,1,0,0,0.009059,0.999958,0.001105,-0.640526,0.004954,0.767921,0.000398,-0.000491,0.000000,0.000000,0.000000,1,0.013662,5348.374023,5.952363,1990.839722,-0.000076,-0.025393,61.835983,1,0.005999,5097.988770,5.673379,1999.048584,-0.000072,-0.025498,61.874268,1,-0.005999,4701.991699,-14.046357,-857.876831,0.000179,0.010942,60.962555,1,-0.013662,4451.626465,-13.288157,-858.186035,0.000169,0.010946,60.951866,1593.830322,19599.984375,1308.960205,-1.181763,-0.569214,0.881348,0.000000,0.000000,0.000000,0.000000,0.000000,0.000000,0.000000,0.000000,0.000000
581,9.683333,44.336304,0.000143,-27.454468,15.818446,-0.000065,13.194253,-2.266015,0.000748,20.598217,6908.817,1,0.000000,4,3,61.953815,1,0,0,0.009067,0.999958,0.001111,-0.640516,0.004954,0.767929,0.000382,-0.000483,0.000000,0.000000,0.000000,1,0.013675,5348.735840,5.859267,1976.927979,-0.000075,-0.025216,61.934784,1,0.006011,5098.338867,5.593507,1985.202148,-0.000071,-0.025321,61.972855,1,-0.006012,4701.663574,-13.861268,-852.142517,0.000177,0.010869,61.066128,1,-0.013676,4451.257812,-13.122295,-852.419128,0.000167,0.010873,61.055485,1580.705322,19600.001953,1298.210571,-0.930298,0.120239,-0.003906,0.000000,0.000000,0.000000,0.000000,0.000000,0.000000,0.000000,0.000000,0.000000
582,9.700000,44.600342,0.000142,-27.234253,15.844791,-0.000065,13.215890,-2.266002,0.000750,20.632305,6919.840,1,0.000000,4,3,62.051674,1,0,0,0.009075,0.999958,0.001117,-0.640506,0.004955,0.767937,0.000366,-0.000487,0.000000,0.000000,0.000000,1,0.013689,5349.225098,5.868663,1963.232422,-0.000075,-0.025041,62.032753,1,0.006024,5098.739258,5.593539,1971.339233,-0.000071,-0.025145,62.070602,1,-0.006025,4701.289062,-13.877368,-846.352173,0.000177,0.010795,61.168861,1,-0.013689,4450.814453,-13.137274,-846.777649,0.000168,0.010801,61.158260,1567.811523,19600.085938,1287.394897,-0.891724,-0.411316,0.175781,0.000000,0.000000,0.000000,0.000000,0.000000,0.000000,0.000000,0.000000,0.000000
583,9.716666,44.864868,0.000141,-27.013672,15.870921,-0.000064,13.237347,-2.265990,0.000743,20.666113,6930.770,1,0.000000,4,3,62.148701,1,0,0,0.009083,0.999958,0.001123,-0.640497,0.004956,0.767945,0.000352,-0.000488,0.000000,0.000000,0.000000,1,0.013702,5349.635742,5.794720,1949.517456,-0.000074,-0.024866,62.129887,1,0.006037,5099.081055,5.523012,1957.614868,-0.000070,-0.024970,62.167522,1,-0.006037,4700.933105,-13.753543,-840.691772,0.000175,0.010723,61.270752,1,-0.013702,4450.358398,-13.019712,-840.998596,0.000166,0.010727,61.260212,1554.941895,19600.013672,1276.754883,-1.281860,-0.131409,0.213867,0.000000,0.000000,0.000000,0.000000,0.000000,0.000000,0.000000,0.000000,0.000000
584,9.733334,45.129761,0.000139,-26.792725,15.896837,-0.000064,13.258626,-2.265977,0.000742,20.699642,6941.607,1,0.000000,4,3,62.244900,1,0,0,0.009091,0.999958,0.001128,-0.640487,0.004957,0.767953,0.000330,-0.000491,0.000000,0.000000,0.000000,1,0.013716,5350.084961,5.758093,1935.912842,-0.000073,-0.024693,62.226192,1,0.006048,5099.365234,5.496757,1943.881226,-0.000070,-0.024794,62.263611,1,-0.006049,4700.642090,-13.700446,-835.052612,0.000175,0.010651,61.371815,1,-0.013716,4449.942383,-12.978497,-835.402893,0.000166,0.010656,61.361320,1542.038574,19600.042969,1266.001465,-0.912354,-0.361511,-0.409180,0.000000,0.000000,0.000000,0.000000,0.000000,0.000000,0.000000,0.000000,0.000000
585,9.750000,45.395142,0.000138,-26.571411,15.922538,-0.000064,13.279726,-2.265965,0.000736,20.732891,6952.352,1,0.000000,4,3,62.340279,1,0,0,0.009100,0.999958,0.001133,-0.640478,0.004958,0.767961,0.000313,-0.000502,0.000000,0.000000,0.000000,1,0.013729,5350.546875,5.693988,1922.390991,-0.000073,-0.024520,62.321678,1,0.006060,5099.726562,5.417976,1930.336426,-0.000069,-0.024622,62.358887,1,-0.006060,4700.304199,-13.597699,-829.414429,0.000173,0.010579,61.472054,1,-0.013729,4449.475098,-12.871360,-829.716553,0.000164,0.010583,61.461609,1529.392090,19600.062500,1255.509888,-0.155151,-0.291138,-0.238770,0.000000,0.000000,0.000000,0.000000,0.000000,0.000000,0.000000,0.000000,0.000000
586,9.766666,45.660889,0.000137,-26.349731,15.948028,-0.000063,13.300652,-2.265953,0.000732,20.765865,6963.005,1,0.000000,4,3,62.434841,1,0,0,0.009108,0.999958,0.001138,-0.640468,0.004959,0.767968,0.000309,-0.000506,0.000000,0.000000,0.000000,1,0.013743,5351.012695,5.639372,1908.964600,-0.000072,-0.024349,62.416348,1,0.006072,5100.073242,5.374617,1916.829346,-0.000069,-0.024449,62.453342,1,-0.006071,4699.952637,-13.515350,-823.802063,0.000172,0.010508,61.571468,1,-0.013743,4448.991211,-12.783555,-824.092468,0.000163,0.010511,61.561069,1516.780762,19600.033203,1245.054810,0.476685,-0.145264,-0.023926,0.000000,0.000000,0.000000,0.000000,0.000000,0.000000,0.000000,0.000000,0.000000
587,9.783334,45.927124,0.000136,-26.127686,15.973308,-0.000062,13.321403,-2.265941,0.000729,20.798573,6973.567,1,0.000000,4,3,62.528591,1,0,0,0.009117,0.999958,0.001144,-0.640459,0.004961,0.767976,0.000317,-0.000504,0.000000,0.000000,0.000000,1,0.013757,5351.460938,5.612575,1895.537842,-0.000072,-0.024178,62.510201,1,0.006083,5100.469238,5.357815,1903.365845,-0.000068,-0.024278,62.546986,1,-0.006083,4699.527344,-13.433234,-818.224365,0.000171,0.010437,61.670063,1,-0.013756,4448.554199,-12.724568,-818.596069,0.000162,0.010441,61.659706,1504.064941,19600.011719,1234.546387,0.383423,-0.372070,0.754395,0.000000,0.000000,0.000000,0.000000,0.000000,0.000000,0.000000,0.000000,0.000000
588,9.800000,46.193726,0.000135,-25.905273,15.998375,-0.000062,13.341978,-2.265929,0.000724,20.830994,6984.038,1,0.000000,4,3,62.621540,1,0,0,0.009125,0.999958,0.001149,-0.640450,0.004962,0.767984,0.000327,-0.000491,0.000000,0.000000,0.000000,1,0.013770,5351.831543,5.585853,1882.246094,-0.000071,-0.024008,62.603256,1,0.006095,5100.891113,5.332409,1890.068726,-0.000068,-0.024108,62.639832,1,-0.006095,4699.147949,-13.282226,-812.662720,0.000169,0.010366,61.767841,1,-0.013770,4448.196289,-12.562835,-813.014282,0.000160,0.010370,61.757542,1491.532837,19600.076172,1224.403931,0.900757,-0.082275,0.066895,0.000000,0.000000,0.000000,0.000000,0.000000,0.000000,0.000000,0.000000,0.000000
589,9.816667,46.460815,0.000134,-25.682617,16.023233,-0.000061,13.362385,-2.265917,0.000722,20.863152,6994.420,1,0.000000,4,3,62.713684,1,0,0,0.009133,0.999958,0.001155,-0.640440,0.004963,0.767992,0.000343,-0.000485,0.000000,0.000000,0.000000,1,0.013783,5352.276855,5.531841,1869.002441,-0.000071,-0.023839,62.695503,1,0.006107,5101.331543,5.280937,1876.785400,-0.000067,-0.023939,62.731873,1,-0.006107,4698.691406,-13.260467,-807.153503,0.000169,0.010295,61.864807,1,-0.013783,4447.744141,-12.560958,-807.551392,0.000160,0.010300,61.854561,1479.138672,19600.046875,1213.931274,-0.437866,-0.369751,0.335938,0.000000,0.000000,0.000000,0.000000,0.000000,0.000000,0.000000,0.000000,0.000000
590,9.833333,46.728271,0.000133,-25.459595,16.047886,-0.000061,13.382617,-2.265905,0.000717,20.895044,7004.712,1,0.000000,4,3,62.805035,1,0,0,0.009141,0.999958,0.001160,-0.640431,0.004963,0.767999,0.000337,-0.000482,0.000000,0.000000,0.000000,1,0.013796,5352.668945,5.478003,1855.796143,-0.000070,-0.023671,62.786957,1,0.006119,5101.671875,5.212123,1863.586914,-0.000066,-0.023770,62.823116,1,-0.006119,4698.297852,-13.159980,-801.758545,0.000168,0.010227,61.960972,1,-0.013796,4447.309570,-12.446935,-802.045959,0.000159,0.010230,61.950783,1466.675781,19599.935547,1203.628296,-0.389526,-0.066040,0.379883,0.000000,0.000000,0.000000,0.000000,0.000000,0.000000,0.000000,0.000000,0.000000
591,9.850000,46.996094,0.000132,-25.236206,16.072330,-0.000062,13.402678,-2.265893,0.000716,20.926661,7014.916,1,0.000000,4,3,62.895599,1,0,0,0.009149,0.999957,0.001165,-0.640422,0.004964,0.768007,0.000332,-0.000478,0.000000,0.000000,0.000000,1,0.013809,5353.108398,5.424442,1842.748047,-0.000069,-0.023504,62.877628,1,0.006131,5102.057129,5.169771,1850.442749,-0.000066,-0.023603,62.913578,1,-0.006130,4698.003418,-13.149150,-796.291504,0.000168,0.010157,62.056347,1,-0.013809,4446.941406,-12.455149,-796.669373,0.000159,0.010162,62.046200,1454.453857,19600.128906,1193.285645,-0.226807,-0.320251,0.368164,0.000000,0.000000,0.000000,0.000000,0.000000,0.000000,0.000000,0.000000,0.000000
592,9.866667,47.264526,0.000131,-25.012451,16.096571,-0.000060,13.422565,-2.265881,0.000711,20.958012,7025.031,1,0.000000,4,3,62.985382,1,0,0,0.009157,0.999957,0.001171,-0.640413,0.004965,0.768015,0.000330,-0.000473,0.000000,0.000000,0.000000,1,0.013822,5353.494629,5.380183,1829.752930,-0.000069,-0.023339,62.967510,1,0.006142,5102.431641,5.118895,1837.464111,-0.000065,-0.023437,63.003258,1,-0.006142,4697.594727,-13.049450,-790.850464,0.000166,0.010087,62.150925,1,-0.013822,4446.529785,-12.351368,-791.220337,0.000158,0.010092,62.140831,1442.309937,19600.054688,1183.271484,0.328735,-0.141296,-1.957031,0.000000,0.000000,0.000000,0.000000,0.000000,0.000000,0.000000,0.000000,0.000000
593,9.883333,47.533203,0.000130,-24.788452,16.120609,-0.000059,13.442286,-2.265869,0.000708,20.989101,7035.059,2,0.000000,4,4,87.626938,1,0,0,0.009165,0.999957,0.001176,-0.640404,0.004966,0.768022,0.000327,-0.000502,0.000000,0.000000,0.000000,1,0.013836,5354.027344,2.712205,16062.082031,-0.000068,-0.164040,87.602257,1,0.006154,5102.815430,2.458682,15308.446289,-0.000065,-0.164397,87.651627,1,-0.006154,4697.180176,-13.009283,-785.433960,0.000166,0.010018,62.244705,1,-0.013836,4445.966309,-12.322200,-785.806396,0.000157,0.010023,62.234665,22730.529297,19599.980469,18927.265625,-2272.037842,-30.954712,2725.571777,0.000000,0.000000,0.000000,0.000000,0.000000,0.000000,0.000000,0.000000,0.000000
594,9.900000,47.808105,0.000118,-24.559082,16.499451,-0.000764,13.757741,-2.265866,0.000232,21.482185,7035.059,2,0.000000,4,4,85.514450,1,0,0,0.008641,0.999962,0.000738,-0.640404,0.004968,0.768022,-0.026307,0.031430,0.000000,0.000000,0.000000,1,0.013041,5205.402832,0.619214,14054.587891,-0.000037,-0.179268,85.478004,1,0.005358,4954.088867,2.753737,13376.040039,-0.000035,-0.170613,85.550911,1,-0.005196,4875.702637,-2.906196,-2702.418945,0.000037,0.019094,62.337696,1,-0.012880,4624.386719,-2.756351,-2715.871094,0.000035,0.019161,62.327709,16730.423828,19670.134766,13947.423828,-976.775635,-109.622559,1168.239258,0.000000,0.000000,0.000000,0.000000,0.000000,0.000000,0.000000,0.000000,0.000000
595,9.916667,48.087646,0.000116,-24.325928,16.778292,-0.000096,13.990198,-2.265890,-0.001454,21.845341,6951.746,2,0.000000,4,4,83.666023,1,0,0,0.007889,0.999969,0.000108,-0.640426,0.004970,0.768004,-0.037774,0.045121,0.000000,0.000000,0.000000,1,0.011884,5112.471680,-0.651706,13803.673828,-0.000020,-0.176067,83.619217,1,0.004197,4860.937500,-0.791448,13124.531250,-0.000018,-0.167405,83.712860,1,-0.003837,4980.878906,6.678561,-4263.287598,-0.000008,0.032191,62.710705,1,-0.011524,4729.353516,6.825049,-4270.085938,-0.000010,0.032265,62.702682,13936.486328,19696.580078,11637.125977,-303.871826,-145.720215,360.437988,0.000000,0.000000,0.000000,0.000000,0.000000,0.000000,0.000000,0.000000,0.000000
596,9.933333,48.371216,0.000135,-24.089478,17.010567,0.001146,14.184151,-2.265951,-0.003696,22.148064,6851.758,2,0.000000,4,4,81.851265,1,0,0,0.007067,0.999975,-0.000580,-0.640477,0.004972,0.767961,-0.041356,0.049352,0.000000,0.000000,0.000000,1,0.010597,5050.775391,-6.113311,13637.092773,0.000020,-0.173943,81.794312,1,0.002906,4798.938477,-5.756248,12957.131836,0.000021,-0.165270,81.908257,1,-0.002372,5045.068359,25.635672,-5653.000000,-0.000127,0.047006,63.311710,1,-0.010062,4793.231445,25.780914,-5646.993164,-0.000128,0.047025,63.304680,11531.811523,19699.423828,9669.025391,169.486450,-131.034180,-214.638672,0.000000,0.000000,0.000000,0.000000,0.000000,0.000000,0.000000,0.000000,0.000000
597,9.950000,48.657837,0.000178,-23.850464,17.202765,0.002576,14.345301,-2.266047,-0.005712,22.398975,6735.553,2,0.000000,4,4,80.058891,1,0,0,0.006287,0.999979,-0.001237,-0.640554,0.004977,0.767897,-0.039425,0.046816,0.000000,0.000000,0.000000,1,0.009350,5016.200195,-10.145390,14147.751953,0.000073,-0.180456,79.992012,1,0.001652,4763.606445,-9.440554,13323.524414,0.000075,-0.169943,80.125824,1,-0.001001,5075.323730,50.234947,-6750.483398,-0.000317,0.061519,64.115715,1,-0.008699,4822.729980,50.389008,-6730.166016,-0.000319,0.061434,64.107803,10498.918945,19685.433594,8863.437500,366.763916,-179.167480,-456.202148,0.000000,0.000000,0.000000,0.000000,0.000000,0.000000,0.000000,0.000000,0.000000
598,9.966666,48.947510,0.000243,-23.608887,17.377747,0.003873,14.493025,-2.266188,-0.008468,22.628040,6603.381,2,0.000000,4,4,78.207741,1,0,0,0.005597,0.999983,-0.001823,-0.640666,0.004985,0.767803,-0.035202,0.041429,0.000000,0.000000,0.000000,1,0.008220,4996.813965,-21.704596,14990.162109,0.000149,-0.191201,78.128883,1,0.000509,4743.021973,-17.585264,14226.054688,0.000150,-0.181455,78.286674,1,0.000192,5087.470215,85.363876,-7558.117188,-0.000604,0.074468,65.080025,1,-0.007519,4833.678223,85.517082,-7518.242188,-0.000606,0.074226,65.069145,10575.842773,19664.207031,8996.104492,381.292969,8.760742,-479.190918,0.000000,0.000000,0.000000,0.000000,0.000000,0.000000,0.000000,0.000000,0.000000
599,9.983334,49.239990,0.000324,-23.364868,17.554010,0.004883,14.642960,-2.266327,-0.008333,22.859486,6453.717,2,0.000000,4,4,76.239639,1,0,0,0.005001,0.999985,-0.002336,-0.640776,0.004998,0.767712,-0.030839,0.035742,0.000000,0.000000,0.000000,1,0.007217,4983.491699,-23.440964,13947.961914,0.000204,-0.177908,76.150253,1,-0.000514,4727.914551,-23.581572,13376.411133,0.000206,-0.170617,76.329132,1,0.001207,5093.555664,110.789566,-5900.249512,-0.000904,0.075258,66.162308,1,-0.006523,4837.978027,110.940659,-5551.187012,-0.000906,0.070806,66.145607,11873.406250,19642.376953,10137.883789,245.072021,512.084473,-319.205566,0.000000,0.000000,0.000000,0.000000,0.000000,0.000000,0.000000,0.000000,0.000000
600,10.000000,49.535889,0.000416,-23.117920,17.751900,0.005550,14.811924,-2.266335,-0.000454,23.119713,6284.188,2,0.000000,4,4,74.398331,1,0,0,0.004469,0.999986,-0.002804,-0.640784,0.005017,0.767705,-0.028095,0.031906,0.000000,0.000000,0.000000,1,0.006300,4966.600098,-4.500507,11122.849609,0.000150,-0.141873,74.301735,1,-0.001460,4708.718750,-4.639004,10793.468750,0.000152,-0.137672,74.495056,1,0.002107,5105.482422,45.201374,-5626.649414,-0.000577,0.071768,67.002426,1,-0.005652,4847.601562,42.928741,-5511.393555,-0.000548,0.070298,66.934738,8018.811035,19625.347656,6796.055664,707.807983,181.170410,-847.416016,0.000000,0.000000,0.000000,0.000000,0.000000,0.000000,0.000000,0.000000,0.000000
601,10.016666,49.833862,0.000518,-22.869263,17.885546,0.006117,14.925192,-2.266296,0.002333,23.294914,6100.910,2,0.000000,4,4,72.919479,1,0,0,0.004103,0.999987,-0.003134,-0.640756,0.005035,0.767728,-0.019797,0.021985,0.000000,0.000000,0.000000,1,0.005628,4981.932617,3.773767,7926.126953,0.000076,-0.101099,72.819382,1,-0.002160,4723.193359,3.638626,7814.749023,0.000078,-0.099678,73.019714,1,0.002700,5078.175781,39.662022,-4763.439941,-0.000550,0.060758,67.802582,1,-0.005088,4819.414062,37.392746,-4771.776367,-0.000521,0.060864,67.718056,4501.873047,19595.634766,3867.375000,971.207031,128.276855,-1163.656250,0.000000,0.000000,0.000000,0.000000,0.000000,0.000000,0.000000,0.000000,0.000000
602,10.033334,50.133179,0.000624,-22.619385,17.960577,0.006355,14.989648,-2.266224,0.004307,23.393826,5914.101,2,0.000000,4,4,71.854523,1,0,0,0.003963,0.999987,-0.003275,-0.640702,0.005054,0.767773,-0.008410,0.008351,0.000000,0.000000,0.000000,1,0.005304,5023.922363,6.981077,5206.350098,0.000015,-0.066408,71.754036,1,-0.002513,4764.241211,6.840467,5308.463867,0.000017,-0.067710,71.955147,1,0.002880,5021.319824,17.221087,-3585.060547,-0.000428,0.045728,68.476646,1,-0.004937,4761.656738,14.953056,-3681.037842,-0.000399,0.046952,68.393333,2254.755371,19559.707031,1941.467285,1000.058716,96.340088,-1188.117676,0.000000,0.000000,0.000000,0.000000,0.000000,0.000000,0.000000,0.000000,0.000000
603,10.050000,50.433105,0.000726,-22.369019,17.998156,0.006103,15.022006,-2.266127,0.005789,23.443405,5730.752,2,0.000000,4,4,71.139824,1,0,0,0.004055,0.999987,-0.003219,-0.640627,0.005070,0.767835,0.003366,-0.005537,0.000000,0.000000,0.000000,1,0.005340,5080.056641,7.329841,3289.849365,-0.000025,-0.041962,71.042038,1,-0.002501,4820.113281,7.194701,3504.814453,-0.000024,-0.044704,71.237747,1,0.002642,4950.320312,-10.248344,-2461.138916,-0.000220,0.031392,68.978584,1,-0.005199,4690.377441,-12.515133,-2601.334961,-0.000191,0.033180,68.909286,1124.363037,19526.087891,927.292603,872.894775,41.932861,-1023.597168,0.000000,0.000000,0.000000,0.000000,0.000000,0.000000,0.000000,0.000000,0.000000
604,10.066667,50.733521,0.000815,-22.118286,18.016895,0.005344,15.037461,-2.266020,0.006434,23.467686,5553.594,2,0.000000,4,4,70.674454,1,0,0,0.004346,0.999986,-0.002991,-0.640544,0.005081,0.767905,0.013710,-0.017456,0.000000,0.000000,0.000000,1,0.005697,5140.312012,4.782446,2005.998047,-0.000039,-0.025587,70.580894,1,-0.002161,4881.028320,4.648552,2286.328857,-0.000037,-0.029162,70.768135,1,0.002051,4877.190918,-38.020657,-1605.640259,0.000041,0.020480,69.316345,1,-0.005808,4617.907227,-40.292912,-1744.420898,0.000070,0.022250,69.267525,556.295288,19499.945312,374.226807,678.534668,6.106079,-779.194336,0.000000,0.000000,0.000000,0.000000,0.000000,0.000000,0.000000,0.000000,0.000000
605,10.083333,51.033936,0.000884,-21.867554,18.026167,0.004162,15.043698,-2.265911,0.006527,23.478775,5382.359,2,0.000000,4,4,70.376801,1,0,0,0.004787,0.999985,-0.002628,-0.640458,0.005084,0.767977,0.021831,-0.026471,0.000000,0.000000,0.000000,1,0.006307,5198.641602,1.235811,1180.123901,-0.000030,-0.015053,70.288322,1,-0.001556,4941.037109,1.106520,1493.333496,-0.000028,-0.019048,70.465385,1,0.001194,4808.901367,-63.974300,-1023.253662,0.000329,0.013052,69.529144,1,-0.006669,4551.296875,-66.244446,-1137.223389,0.000358,0.014505,69.500595,264.246216,19483.375000,53.735352,472.625854,-20.881531,-525.320801,0.000000,0.000000,0.000000,0.000000,0.000000,0.000000,0.000000,0.000000,0.000000
606,10.100000,51.334351,0.000929,-21.616821,18.030571,0.002687,15.044594,-2.265808,0.006206,23.482693,5216.004,2,0.000000,4,4,70.187645,1,0,0,0.005328,0.999984,-0.002169,-0.640376,0.005078,0.768045,0.027572,-0.032488,0.000000,0.000000,0.000000,1,0.007099,5252.016602,-1.854376,664.384216,-0.000010,-0.008474,70.104652,1,-0.000755,4996.894043,-1.994603,990.400879,-0.000008,-0.012633,70.270737,1,0.000163,4748.897461,-86.044373,-649.826660,0.000614,0.008289,69.656876,1,-0.007690,4493.764160,-88.314522,-731.711243,0.000643,0.009333,69.644974,112.287048,19476.531250,-138.534241,282.665405,-44.471680,-296.270508,0.000000,0.000000,0.000000,0.000000,0.000000,0.000000,0.000000,0.000000,0.000000
607,10.116667,51.635010,0.000947,-21.366089,18.032442,0.001058,15.042285,-2.265716,0.005521,23.482595,5053.325,2,0.000000,4,4,70.066765,1,0,0,0.005925,0.999981,-0.001651,-0.640302,0.005062,0.768107,0.031093,-0.035818,0.000000,0.000000,0.000000,1,0.008005,5299.020996,-3.502204,348.991119,0.000010,-0.004451,69.989380,1,0.000175,5046.968262,-3.634852,676.892395,0.000012,-0.008634,70.144234,1,-0.000958,4698.434082,-102.306641,-418.744171,0.000871,0.005341,69.730057,1,-0.008788,4446.390137,-104.576790,-469.400085,0.000900,0.005987,69.730118,31.114990,19478.314453,-252.812836,122.591797,-62.048767,-103.665039,0.000000,0.000000,0.000000,0.000000,0.000000,0.000000,0.000000,0.000000,0.000000
608,10.133333,51.935547,0.000937,-21.115479,18.032961,-0.000595,15.038072,-2.265640,0.004566,23.480228,4893.251,2,0.000000,4,4,69.988037,1,0,0,0.006540,0.999978,-0.001106,-0.640240,0.005036,0.768158,0.032741,-0.036888,0.000000,0.000000,0.000000,1,0.008968,5339.182129,-2.871444,159.154877,0.000020,-0.002030,69.916245,1,0.001178,5090.698730,-3.006203,483.236877,0.000022,-0.006164,70.059906,1,-0.002103,4657.553223,-111.556374,-278.868774,0.001076,0.003557,69.769485,1,-0.009893,4409.047363,-113.826523,-302.980255,0.001105,0.003865,69.776947,-17.137848,19487.214844,-315.433258,-13.773560,-72.464386,51.562988,0.000000,0.000000,0.000000,0.000000,0.000000,0.000000,0.000000,0.000000,0.000000
609,10.150000,52.236206,0.000901,-20.864868,18.032675,-0.002166,15.032814,-2.265582,0.003450,23.476562,4734.938,2,0.000000,4,4,69.935005,1,0,0,0.007142,0.999974,-0.000560,-0.640193,0.005003,0.768198,0.032752,-0.036170,0.000000,0.000000,0.000000,1,0.009940,5372.384766,0.408453,46.386642,0.000011,-0.000592,69.868706,1,0.002202,5127.411133,0.270337,363.484985,0.000012,-0.004636,70.001366,1,-0.003214,4626.202148,-75.298515,-195.332855,0.000960,0.002491,69.788483,1,-0.010953,4381.247070,-71.311691,-199.040421,0.000910,0.002539,69.799461,-106.341202,19501.546875,-278.642944,-124.666138,38.677277,155.497559,0.000000,0.000000,0.000000,0.000000,0.000000,0.000000,0.000000,0.000000,0.000000
610,10.166667,52.536621,0.000841,-20.614502,18.030903,-0.003567,15.028170,-2.265514,0.004045,23.472134,4731.351,2,0.000000,4,4,70.416733,1,0,0,0.007715,0.999970,-0.000039,-0.640138,0.004968,0.768243,0.031323,-0.034346,0.000000,0.000000,0.000000,1,0.010890,5399.857422,6.325916,656.722473,-0.000023,-0.003481,70.355339,1,0.003205,5156.907227,6.189911,1097.083130,-0.000022,-0.008110,70.478180,1,-0.004250,4603.859375,-75.440094,-133.541245,0.000962,0.001703,69.795273,1,-0.011936,4360.920410,-71.448357,-146.816467,0.000911,0.001873,69.806793,1006.387085,19519.408203,663.618469,-323.135498,140.960571,385.970215,0.000000,0.000000,0.000000,0.000000,0.000000,0.000000,0.000000,0.000000,0.000000
611,10.183333,52.837524,0.000762,-20.363892,18.047676,-0.004781,15.039230,-2.265411,0.006214,23.492012,4763.941,2,0.000000,4,4,70.806770,1,0,0,0.008212,0.999966,0.000419,-0.640056,0.004934,0.768312,0.027527,-0.029852,0.000000,0.000000,0.000000,1,0.011744,5413.252930,17.051231,1285.755615,-0.000095,-0.008277,70.752480,1,0.004111,5171.924316,16.918583,1743.239258,-0.000094,-0.013353,70.861107,1,-0.005131,4598.781738,-116.320511,-255.433838,0.001156,0.002280,69.793037,1,-0.012763,4357.444336,-112.328766,-286.622986,0.001105,0.002535,69.806503,1823.387085,19543.183594,1265.572876,-414.829590,20.911774,502.666016,0.000000,0.000000,0.000000,0.000000,0.000000,0.000000,0.000000,0.000000,0.000000
612,10.200000,53.138794,0.000667,-20.112793,18.078066,-0.005696,15.060323,-2.265301,0.006535,23.528782,4790.329,2,0.000000,4,4,71.110016,1,0,0,0.008612,0.999963,0.000796,-0.639971,0.004899,0.768384,0.022688,-0.023957,0.000000,0.000000,0.000000,1,0.012461,5416.051270,26.232098,1896.856689,-0.000184,-0.014185,71.063210,1,0.004883,5176.696777,26.100695,2370.008301,-0.000182,-0.019617,71.156853,1,-0.005820,4605.120117,-103.137032,-414.594421,0.001316,0.003397,69.808609,1,-0.013399,4365.765625,-97.742615,-448.787048,0.001247,0.003719,69.826630,2497.602051,19569.054688,1886.838013,-464.624634,65.036316,551.456543,0.000000,0.000000,0.000000,0.000000,0.000000,0.000000,0.000000,0.000000,0.000000
613,10.216666,53.440796,0.000562,-19.861328,18.119692,-0.006267,15.091770,-2.265176,0.007536,23.580828,4810.845,2,0.000000,4,4,71.329247,1,0,0,0.008904,0.999960,0.001082,-0.639873,0.004866,0.768465,0.017210,-0.017530,0.000000,0.000000,0.000000,1,0.013023,5410.766602,35.456993,2444.003174,-0.000284,-0.020491,71.290268,1,0.005497,5172.760254,35.323479,2921.088135,-0.000282,-0.026165,71.368248,1,-0.006305,4620.420898,-150.167816,-640.834961,0.001538,0.005170,69.847427,1,-0.013832,4382.403809,-114.337448,-679.867126,0.001458,0.005557,69.870445,3018.332031,19594.853516,2261.114502,-453.980469,-33.970337,545.492188,0.000000,0.000000,0.000000,0.000000,0.000000,0.000000,0.000000,0.000000,0.000000
614,10.233334,53.743652,0.000454,-19.609131,18.169998,-0.006479,15.129456,-2.265059,0.007013,23.643555,4825.676,2,0.000000,4,4,71.474113,1,0,0,0.009090,0.999958,0.001279,-0.639782,0.004832,0.768541,0.011891,-0.011138,0.000000,0.000000,0.000000,1,0.013425,5399.536621,42.607746,2892.999756,-0.000380,-0.026582,71.443085,1,0.005950,5163.232910,42.474236,3373.117188,-0.000378,-0.032423,71.505157,1,-0.006595,4640.585449,-110.366119,-920.980469,0.001408,0.007611,69.919296,1,-0.014070,4404.280273,-104.690002,-955.551147,0.001335,0.008018,69.948013,3241.970459,19618.417969,2529.662109,-411.653076,30.875549,474.451172,0.000000,0.000000,0.000000,0.000000,0.000000,0.000000,0.000000,0.000000,0.000000
615,10.250000,54.047485,0.000349,-19.356323,18.224031,-0.006348,15.171617,-2.264934,0.007489,23.712025,4835.477,2,0.000000,4,4,71.558083,1,0,0,0.009184,0.999957,0.001394,-0.639686,0.004803,0.768621,0.006969,-0.005655,0.000000,0.000000,0.000000,1,0.013683,5386.068848,49.181030,3236.138916,-0.000472,-0.032037,71.535095,1,0.006253,5150.150879,49.050877,2578.854004,-0.000470,-0.032894,71.581078,1,-0.006714,4662.638184,-124.128746,-1222.195190,0.001583,0.010573,70.032089,1,-0.014144,4426.718262,-117.806999,-1254.962891,0.001503,0.010984,70.065849,2441.423096,19637.636719,1844.860107,-240.538330,-921.367920,270.286621,0.000000,0.000000,0.000000,0.000000,0.000000,0.000000,0.000000,0.000000,0.000000
616,10.266666,54.351929,0.000250,-19.102905,18.264721,-0.005898,15.202364,-2.265045,-0.006685,23.762949,4841.158,2,0.000000,4,4,71.671989,1,0,0,0.009226,0.999956,0.001464,-0.639771,0.004778,0.768551,0.004105,-0.002515,0.000000,0.000000,0.000000,1,0.013851,5378.097656,14.984263,2442.451660,-0.000368,-0.031154,71.637901,1,0.006461,5142.729004,14.848638,2583.988281,-0.000366,-0.032959,71.706093,1,-0.006740,4675.854980,-85.769577,-1487.768188,0.001402,0.013692,70.188881,1,-0.014130,4440.495605,-79.451187,-1438.010498,0.001321,0.013715,70.227425,1484.089355,19649.166016,1059.277832,-94.021240,-70.719238,91.096191,0.000000,0.000000,0.000000,0.000000,0.000000,0.000000,0.000000,0.000000,0.000000
617,10.283334,54.656738,0.000163,-18.849243,18.289455,-0.005243,15.220018,-2.265174,-0.007773,23.793236,4848.864,2,0.000000,4,4,71.838341,1,0,0,0.009251,0.999956,0.001513,-0.639871,0.004757,0.768468,0.002902,-0.001520,0.000000,0.000000,0.000000,1,0.013983,5376.704102,20.928200,2635.815186,-0.000330,-0.033620,71.806557,1,0.006625,5141.272949,20.791328,2767.892578,-0.000329,-0.035305,71.870132,1,-0.006738,4680.179199,-47.604603,-1611.285400,0.001107,0.016238,70.384460,1,-0.014096,4444.759277,-41.277393,-1099.596313,0.001026,0.014025,70.415741,1881.969482,19653.802734,1505.770020,-135.632080,383.215820,128.831055,0.000000,0.000000,0.000000,0.000000,0.000000,0.000000,0.000000,0.000000,0.000000
618,10.300000,54.962036,0.000087,-18.595215,18.320822,-0.004535,15.245114,-2.265205,-0.001875,23.833389,4860.119,2,0.000000,4,4,71.978821,1,0,0,0.009253,0.999956,0.001532,-0.639895,0.004744,0.768448,0.001131,-0.000147,0.000000,0.000000,0.000000,1,0.014065,5371.954590,47.718430,2721.724121,-0.000434,-0.034716,71.949203,1,0.006727,5135.295410,47.583672,2769.553955,-0.000432,-0.035326,72.008453,1,-0.006692,4688.478027,-48.012203,-1042.225342,0.000923,0.013294,70.598083,1,-0.014029,4451.798828,-41.689220,-1086.629028,0.000843,0.013860,70.554619,2361.969238,19657.304688,1974.253906,-167.296631,-166.853394,158.247070,0.000000,0.000000,0.000000,0.000000,0.000000,0.000000,0.000000,0.000000,0.000000
619,10.316667,55.268066,0.000024,-18.340576,18.360188,-0.003786,15.278019,-2.265279,-0.004441,23.884691,4869.623,2,0.000000,4,4,72.112930,1,0,0,0.009227,0.999956,0.001516,-0.639952,0.004740,0.768400,-0.001023,0.001561,0.000000,0.000000,0.000000,1,0.014089,5363.855957,40.108398,2648.174561,-0.000512,-0.033778,72.084061,1,0.006757,5125.178711,38.334705,2723.562012,-0.000489,-0.034739,72.141815,1,-0.006588,4700.445312,-15.506870,-1127.591309,0.000654,0.014383,70.728584,1,-0.013921,4461.766113,-9.177166,-1116.514038,0.000573,0.014241,70.691605,2149.633301,19659.953125,1860.408936,-110.534790,4.207703,84.249023,0.000000,0.000000,0.000000,0.000000,0.000000,0.000000,0.000000,0.000000,0.000000
620,10.333333,55.574707,-0.000026,-18.085449,18.396015,-0.002981,15.309026,-2.265352,-0.004374,23.932068,4878.695,2,0.000000,4,4,72.254570,1,0,0,0.009188,0.999957,0.001474,-0.640008,0.004748,0.768354,-0.002547,0.002373,0.000000,0.000000,0.000000,1,0.014076,5357.861328,47.130852,2643.798828,-0.000601,-0.033722,72.226913,1,0.006732,5116.252930,45.018242,2710.395508,-0.000574,-0.034571,72.282242,1,-0.006454,4709.643555,8.005527,-1123.164673,0.000373,0.014326,70.871552,1,-0.013797,4468.033691,14.334368,-1117.069946,0.000293,0.014248,70.832954,2099.247559,19659.050781,1897.761719,-82.849487,41.539001,46.621582,0.000000,0.000000,0.000000,0.000000,0.000000,0.000000,0.000000,0.000000,0.000000
621,10.350000,55.881714,-0.000062,-17.829712,18.431004,-0.002180,15.340655,-2.265415,-0.003732,23.979200,4888.278,2,0.000000,4,4,72.396873,1,0,0,0.009142,0.999957,0.001412,-0.640056,0.004767,0.768313,-0.003769,0.002726,0.000000,0.000000,0.000000,1,0.014038,5352.800293,49.146423,2647.003418,-0.000627,-0.033763,72.370285,1,0.006665,5107.424316,46.897194,2698.251709,-0.000598,-0.034416,72.423477,1,-0.006299,4717.729492,25.127182,-1113.903687,0.000116,0.014208,71.013878,1,-0.013672,4472.362793,31.447199,-1118.063965,0.000035,0.014261,70.974388,2073.343018,19656.027344,1926.031860,-57.134033,63.476135,22.337402,0.000000,0.000000,0.000000,0.000000,0.000000,0.000000,0.000000,0.000000,0.000000
622,10.366667,56.189453,-0.000085,-17.573486,18.465559,-0.001414,15.372756,-2.265461,-0.002754,24.026310,4897.906,2,0.000000,4,4,72.539261,1,0,0,0.009095,0.999958,0.001335,-0.640091,0.004796,0.768284,-0.004660,0.002818,0.000000,0.000000,0.000000,1,0.013982,5348.303223,46.053688,2652.626709,-0.000587,-0.033835,72.513481,1,0.006563,5098.986816,43.907051,2685.865723,-0.000560,-0.034258,72.565048,1,-0.006134,4724.565918,35.226608,-1105.396606,-0.000094,0.014099,71.154846,1,-0.013554,4475.260254,41.550842,-1119.791016,-0.000175,0.014283,71.115967,2063.370850,19651.244141,1936.250977,-33.142334,77.120239,0.868164,0.000000,0.000000,0.000000,0.000000,0.000000,0.000000,0.000000,0.000000,0.000000
623,10.383333,56.497803,-0.000097,-17.316772,18.499949,-0.000708,15.405026,-2.265487,-0.001566,24.073395,4907.538,2,0.000000,4,4,72.681587,1,0,0,0.009050,0.999958,0.001248,-0.640112,0.004835,0.768267,-0.005236,0.002686,0.000000,0.000000,0.000000,1,0.013916,5344.571289,39.249672,2659.392090,-0.000501,-0.033921,72.656319,1,0.006438,5091.261230,37.400719,2673.746826,-0.000477,-0.034104,72.706863,1,-0.005969,4730.133789,38.115540,-1098.289429,-0.000240,0.014009,71.294571,1,-0.013447,4476.825684,44.439781,-1121.317993,-0.000320,0.014303,71.257797,2067.461426,19645.417969,1929.919556,-11.894043,78.752686,-11.655273,0.000000,0.000000,0.000000,0.000000,0.000000,0.000000,0.000000,0.000000,0.000000
624,10.400000,56.806763,-0.000099,-17.059448,18.534407,-0.000078,15.437192,-2.265493,-0.000353,24.120468,4917.167,2,0.000000,4,4,72.823753,1,0,0,0.009009,0.999959,0.001156,-0.640116,0.004879,0.768262,-0.005502,0.002455,0.000000,0.000000,0.000000,1,0.013844,5341.303223,29.927235,2665.624756,-0.000382,-0.034000,72.798676,1,0.006297,5084.393555,28.488422,2662.737305,-0.000363,-0.033963,72.848839,1,-0.005810,4734.395020,34.663280,-1093.350708,-0.000315,0.013946,71.433258,1,-0.013357,4477.454590,40.990875,-1121.778564,-0.000395,0.014308,71.399849,2082.458008,19638.771484,1909.681030,8.445190,73.482910,-20.639648,0.000000,0.000000,0.000000,0.000000,0.000000,0.000000,0.000000,0.000000,0.000000
625,10.416667,57.116211,-0.000091,-16.801636,18.569115,0.000463,15.469020,-2.265481,0.000778,24.167515,4926.785,2,0.000000,4,4,72.965714,1,0,0,0.008973,0.999959,0.001065,-0.640107,0.004926,0.768270,-0.005458,0.002178,0.000000,0.000000,0.000000,1,0.013770,5338.498047,19.774464,2670.777832,-0.000252,-0.034066,72.940544,1,0.006151,5078.651367,18.811026,2653.454102,-0.000240,-0.033845,72.990898,1,-0.005663,4737.222656,3.554315,-1090.231934,-0.000045,0.013906,71.571228,1,-0.013282,4477.405273,3.359208,-1120.855957,-0.000043,0.014297,71.541969,2138.255859,19631.757812,1840.800537,29.139038,-11.337402,-18.998047,0.000000,0.000000,0.000000,0.000000,0.000000,0.000000,0.000000,0.000000,0.000000
626,10.433333,57.426270,-0.000076,-16.543335,18.604752,0.000908,15.499700,-2.265471,0.000603,24.214542,4936.389,2,0.000000,4,4,73.107430,1,0,0,0.008939,0.999960,0.000981,-0.640099,0.004969,0.768276,-0.005044,0.002024,0.000000,0.000000,0.000000,1,0.013693,5335.602539,10.045356,2667.351318,-0.000128,-0.034022,73.081917,1,0.006007,5074.453613,9.545833,2652.739502,-0.000122,-0.033836,73.132950,1,-0.005536,4738.507812,2.392730,-1096.260986,-0.000040,0.013983,71.708740,1,-0.013221,4477.349609,2.200980,-1111.614258,-0.000037,0.014179,71.683952,2150.337402,19624.853516,1823.073242,37.426025,22.086731,-23.095703,0.000000,0.000000,0.000000,0.000000,0.000000,0.000000,0.000000,0.000000,0.000000
627,10.450000,57.736938,-0.000055,-16.284546,18.640591,0.001259,15.530085,-2.265456,0.000942,24.261536,4945.977,2,0.000000,4,4,73.248901,1,0,0,0.008909,0.999960,0.000906,-0.640087,0.005007,0.768286,-0.004507,0.001841,0.000000,0.000000,0.000000,1,0.013616,5333.097656,7.247113,2666.974609,-0.000092,-0.034018,73.223091,1,0.005871,5071.163574,6.898232,2649.261475,-0.000088,-0.033792,73.274719,1,-0.005429,4738.876953,-2.281912,-1095.782837,-0.000014,0.013977,71.847130,1,-0.013173,4476.953613,-2.472415,-1108.934082,-0.000012,0.014145,71.824585,2158.430664,19618.181641,1810.491943,41.483032,14.683655,-23.735352,0.000000,0.000000,0.000000,0.000000,0.000000,0.000000,0.000000,0.000000,0.000000
628,10.466666,58.048218,-0.000029,-16.025146,18.676565,0.001518,15.560260,-2.265436,0.001166,24.308498,4955.548,2,0.000000,4,4,73.390099,1,0,0,0.008881,0.999960,0.000840,-0.640072,0.005039,0.768298,-0.003903,0.001666,0.000000,0.000000,0.000000,1,0.013540,5330.826172,4.658194,2665.444824,-0.000059,-0.033998,73.363945,1,0.005746,5068.659180,4.436234,2646.500000,-0.000057,-0.033756,73.416260,1,-0.005343,4738.519531,-7.420440,-1095.796387,0.000026,0.013977,71.985451,1,-0.013137,4476.343750,-7.616411,-1106.263306,0.000029,0.014111,71.964828,2166.153320,19611.753906,1796.887695,46.805908,7.433838,-25.947754,0.000000,0.000000,0.000000,0.000000,0.000000,0.000000,0.000000,0.000000,0.000000
629,10.483334,58.360107,-0.000001,-15.765259,18.712667,0.001689,15.590208,-2.265415,0.001280,24.355412,4965.100,2,0.000000,4,4,73.531059,1,0,0,0.008856,0.999960,0.000787,-0.640056,0.005064,0.768311,-0.003215,0.001481,0.000000,0.000000,0.000000,1,0.013468,5329.015137,2.801205,2663.300781,-0.000036,-0.033971,73.504532,1,0.005635,5067.168945,2.655910,2644.858154,-0.000034,-0.033735,73.557594,1,-0.005278,4737.381348,-12.408953,-1095.808350,0.000075,0.013977,72.123779,1,-0.013112,4475.524414,-12.596100,-1103.464478,0.000078,0.014075,72.104683,2173.258057,19606.017578,1785.015381,46.077881,0.578613,-24.524902,0.000000,0.000000,0.000000,0.000000,0.000000,0.000000,0.000000,0.000000,0.000000
630,10.500000,58.672607,0.000028,-15.504883,18.748888,0.001780,15.619958,-2.265394,0.001287,24.402288,4974.637,2,0.000000,4,4,73.671745,1,0,0,0.008834,0.999961,0.000744,-0.640040,0.005083,0.768325,-0.002533,0.001313,0.000000,0.000000,0.000000,1,0.013400,5327.496582,1.717649,2660.291260,-0.000022,-0.033932,73.644859,1,0.005539,5066.337891,1.648163,2643.697266,-0.000021,-0.033721,73.698639,1,-0.005234,4735.841309,-16.776999,-1096.167358,0.000127,0.013982,72.262108,1,-0.013096,4474.691406,-16.971724,-1100.848267,0.000129,0.014041,72.244125,2177.884521,19601.000000,1774.686523,43.716919,-5.419067,-23.718750,0.000000,0.000000,0.000000,0.000000,0.000000,0.000000,0.000000,0.000000,0.000000
631,10.516666,58.985718,0.000058,-15.244019,18.785187,0.001802,15.649536,-2.265374,0.001203,24.449114,4984.154,2,0.000000,4,4,73.812180,1,0,0,0.008815,0.999961,0.000713,-0.640024,0.005095,0.768338,-0.001888,0.001146,0.000000,0.000000,0.000000,1,0.013338,5326.269531,1.488039,2656.738037,-0.000019,-0.033887,73.784966,1,0.005458,5066.024902,1.415225,2643.023926,-0.000018,-0.033712,73.839409,1,-0.005207,4734.028320,-20.157711,-1096.459106,0.000175,0.013985,72.400490,1,-0.013087,4473.795410,-20.350327,-1098.293213,0.000178,0.014009,72.383186,2180.154785,19596.589844,1767.105713,40.514282,-9.537598,-20.775391,0.000000,0.000000,0.000000,0.000000,0.000000,0.000000,0.000000,0.000000,0.000000
632,10.533334,59.299438,0.000088,-14.982666,18.821522,0.001762,15.678988,-2.265357,0.001055,24.495888,4993.655,2,0.000000,4,4,73.952362,1,0,0,0.008798,0.999961,0.000691,-0.640011,0.005100,0.768349,-0.001283,0.001010,0.000000,0.000000,0.000000,1,0.013282,5325.281250,2.384407,2652.776367,-0.000023,-0.033836,73.924866,1,0.005392,5066.245605,2.311593,2642.601074,-0.000022,-0.033707,73.979866,1,-0.005195,4732.075684,-22.360888,-1096.633179,0.000216,0.013988,72.538910,1,-0.013084,4473.031250,-22.553503,-1096.000366,0.000218,0.013980,72.521873,2179.236328,19593.109375,1762.878662,36.211548,-13.522949,-17.890137,0.000000,0.000000,0.000000,0.000000,0.000000,0.000000,0.000000,0.000000,0.000000
633,10.550000,59.613770,0.000116,-14.720825,18.857841,0.001673,15.708369,-2.265342,0.000846,24.542606,5003.139,2,0.000000,4,4,74.092308,1,0,0,0.008784,0.999961,0.000679,-0.640000,0.005100,0.768358,-0.000740,0.000898,0.000000,0.000000,0.000000,1,0.013231,5324.434082,3.143487,2648.459229,-0.000029,-0.033781,74.064590,1,0.005341,5066.741699,3.070673,2642.319824,-0.000029,-0.033703,74.120041,1,-0.005196,4730.048828,-15.960542,-1096.673340,0.000204,0.013988,72.677361,1,-0.013085,4472.378906,-15.098301,-1093.901001,0.000193,0.013953,72.660225,2166.588379,19590.164062,1772.305664,29.795776,8.419800,-17.127930,0.000000,0.000000,0.000000,0.000000,0.000000,0.000000,0.000000,0.000000,0.000000
634,10.566667,59.928711,0.000141,-14.458496,18.893951,0.001542,15.737907,-2.265326,0.000975,24.589256,5012.607,2,0.000000,4,4,74.232025,1,0,0,0.008771,0.999961,0.000673,-0.639988,0.005096,0.768368,-0.000304,0.000767,0.000000,0.000000,0.000000,1,0.013186,5324.028320,4.349544,2646.304688,-0.000039,-0.033754,74.204147,1,0.005304,5067.549316,4.273373,2639.984375,-0.000038,-0.033673,74.259911,1,-0.005207,4728.266602,-17.066309,-1094.130981,0.000218,0.013956,72.815811,1,-0.013089,4471.770020,-16.139513,-1094.327148,0.000206,0.013958,72.798271,2163.744629,19588.429688,1770.219238,24.962402,0.254822,-14.719238,0.000000,0.000000,0.000000,0.000000,0.000000,0.000000,0.000000,0.000000,0.000000
635,10.583333,60.244263,0.000164,-14.195679,18.930014,0.001387,15.767411,-2.265310,0.000978,24.635849,5022.060,2,0.000000,4,4,74.371506,1,0,0,0.008760,0.999961,0.000674,-0.639975,0.005088,0.768379,0.000060,0.000651,0.000000,0.000000,0.000000,1,0.013148,5323.735840,5.236877,2643.334229,-0.000049,-0.033716,74.343475,1,0.005278,5068.442871,5.166174,2638.226562,-0.000048,-0.033651,74.399551,1,-0.005225,4726.550781,-16.757820,-1093.055542,0.000214,0.013942,72.953896,1,-0.013096,4471.257812,-15.843729,-1093.418335,0.000202,0.013947,72.936378,2159.257812,19587.076172,1769.526245,20.159180,-0.111633,-12.687500,0.000000,0.000000,0.000000,0.000000,0.000000,0.000000,0.000000,0.000000,0.000000
636,10.600000,60.560303,0.000185,-13.932373,18.966002,0.001212,15.796904,-2.265293,0.000976,24.682377,5031.496,2,0.000000,4,4,74.510765,1,0,0,0.008751,0.999961,0.000680,-0.639963,0.005078,0.768389,0.000351,0.000544,0.000000,0.000000,0.000000,1,0.013117,5323.659180,5.991523,2640.345459,-0.000059,-0.033678,74.482597,1,0.005262,5069.481445,5.918708,2636.437500,-0.000059,-0.033628,74.538948,1,-0.005249,4724.967285,-16.804873,-1091.999878,0.000214,0.013929,73.091820,1,-0.013103,4470.800293,-15.899925,-1092.376099,0.000203,0.013933,73.074356,2155.447510,19586.322266,1768.120117,15.594482,-1.022400,-10.478027,0.000000,0.000000,0.000000,0.000000,0.000000,0.000000,0.000000,0.000000,0.000000
637,10.616667,60.876953,0.000202,-13.668579,19.001926,0.001026,15.826372,-2.265277,0.000960,24.728838,5040.917,2,0.000000,4,4,74.649803,1,0,0,0.008743,0.999961,0.000689,-0.639951,0.005066,0.768399,0.000573,0.000450,0.000000,0.000000,0.000000,1,0.013091,5323.712402,4.434412,2637.281738,-0.000057,-0.033639,74.621513,1,0.005255,5070.613281,4.216005,2634.577637,-0.000054,-0.033604,74.678101,1,-0.005275,4723.626465,-16.877790,-1091.037476,0.000215,0.013916,73.229591,1,-0.013111,4470.507324,-15.972422,-1091.258179,0.000204,0.013919,73.212181,2154.588379,19586.250000,1762.914307,11.401855,3.676636,-8.206055,0.000000,0.000000,0.000000,0.000000,0.000000,0.000000,0.000000,0.000000,0.000000
638,10.633333,61.194214,0.000216,-13.404297,19.037836,0.000838,15.855754,-2.265260,0.001017,24.775236,5050.324,2,0.000000,4,4,74.788628,1,0,0,0.008737,0.999962,0.000701,-0.639938,0.005052,0.768410,0.000732,0.000372,0.000000,0.000000,0.000000,1,0.013070,5323.836914,4.887251,2634.641602,-0.000062,-0.033605,74.760239,1,0.005255,5071.684570,4.648163,2632.215576,-0.000059,-0.033574,74.817024,1,-0.005304,4722.448242,-17.605057,-1089.572266,0.000225,0.013898,73.367218,1,-0.013119,4470.283203,-16.663939,-1090.526978,0.000213,0.013910,73.349846,2151.921875,19586.398438,1759.936768,8.612549,0.163696,-6.403320,0.000000,0.000000,0.000000,0.000000,0.000000,0.000000,0.000000,0.000000,0.000000
639,10.650000,61.512085,0.000227,-13.139526,19.073702,0.000652,15.885086,-2.265243,0.001019,24.821566,5059.716,2,0.000000,4,4,74.927246,1,0,0,0.008732,0.999962,0.000715,-0.639925,0.005038,0.768421,0.000853,0.000310,0.000000,0.000000,0.000000,1,0.013055,5324.099609,4.886045,2631.759521,-0.000062,-0.033568,74.898766,1,0.005261,5072.843262,4.655166,2630.118408,-0.000059,-0.033547,74.955734,1,-0.005332,4721.446289,-17.610325,-1088.604126,0.000225,0.013885,73.504631,1,-0.013126,4470.218750,-16.672224,-1089.355347,0.000213,0.013895,73.487404,2148.891846,19587.144531,1757.341797,4.815308,0.695801,-4.244141,0.000000,0.000000,0.000000,0.000000,0.000000,0.000000,0.000000,0.000000,0.000000
640,10.666667,61.830566,0.000235,-12.874268,19.109516,0.000476,15.914375,-2.265226,0.001030,24.867830,5069.094,2,0.000000,4,4,75.065651,1,0,0,0.008728,0.999962,0.000731,-0.639911,0.005024,0.768432,0.000917,0.000263,0.000000,0.000000,0.000000,1,0.013043,5324.363281,4.877199,2628.866211,-0.000062,-0.033531,75.037094,1,0.005273,5073.931152,4.647503,2627.865234,-0.000059,-0.033519,75.094223,1,-0.005360,4720.705566,-17.808641,-1087.509277,0.000227,0.013871,73.641907,1,-0.013131,4470.286621,-16.862867,-1088.237671,0.000215,0.013881,73.624786,2146.043945,19588.205078,1754.380249,2.311523,0.789001,-3.191895,0.000000,0.000000,0.000000,0.000000,0.000000,0.000000,0.000000,0.000000,0.000000
641,10.683333,62.149658,0.000240,-12.608521,19.145283,0.000313,15.943615,-2.265208,0.001042,24.914024,5078.457,2,0.000000,4,4,75.203857,1,0,0,0.008724,0.999962,0.000746,-0.639898,0.005009,0.768443,0.000943,0.000222,0.000000,0.000000,0.000000,1,0.013036,5324.686035,4.860814,2626.048096,-0.000062,-0.033496,75.175224,1,0.005287,5074.977051,4.625275,2625.539551,-0.000059,-0.033489,75.232498,1,-0.005386,4720.077148,-18.056622,-1086.366699,0.000230,0.013857,73.779022,1,-0.013134,4470.361328,-17.100229,-1087.052856,0.000218,0.013865,73.762009,2143.362061,19589.355469,1751.402222,-0.448486,0.579529,-2.166016,0.000000,0.000000,0.000000,0.000000,0.000000,0.000000,0.000000,0.000000,0.000000
642,10.700000,62.469360,0.000243,-12.342285,19.181005,0.000167,15.972805,-2.265191,0.001051,24.960152,5087.808,2,0.000000,4,4,75.341858,1,0,0,0.008721,0.999962,0.000761,-0.639885,0.004995,0.768455,0.000926,0.000184,0.000000,0.000000,0.000000,1,0.013032,5325.054688,4.814025,2623.213379,-0.000061,-0.033459,75.313164,1,0.005305,5075.879883,4.595735,2623.115723,-0.000059,-0.033458,75.370560,1,-0.005410,4719.706055,-18.254745,-1085.225830,0.000233,0.013842,73.915970,1,-0.013137,4470.522461,-17.289839,-1085.835693,0.000221,0.013850,73.899055,2140.576660,19590.738281,1748.415649,-1.942139,0.613220,-1.510742,0.000000,0.000000,0.000000,0.000000,0.000000,0.000000,0.000000,0.000000,0.000000
643,10.716666,62.789673,0.000243,-12.075562,19.216682,0.000039,16.001945,-2.265173,0.001060,25.006214,5097.144,2,0.000000,4,4,75.479668,1,0,0,0.008718,0.999962,0.000776,-0.639871,0.004983,0.768466,0.000886,0.000150,0.000000,0.000000,0.000000,1,0.013030,5325.422363,4.797875,2620.435791,-0.000061,-0.033424,75.450928,1,0.005323,5076.713867,4.566247,2620.645508,-0.000058,-0.033427,75.508423,1,-0.005431,4719.442871,-18.460869,-1084.084595,0.000235,0.013828,74.052750,1,-0.013137,4470.745605,-17.486906,-1084.640503,0.000223,0.013835,74.035927,2137.773193,19592.181641,1745.433594,-3.120117,0.406372,-1.672363,0.000000,0.000000,0.000000,0.000000,0.000000,0.000000,0.000000,0.000000,0.000000
644,10.733334,63.110596,0.000242,-11.808350,19.252312,-0.000069,16.031036,-2.265155,0.001067,25.052210,5106.467,2,0.000000,4,4,75.617279,1,0,0,0.008717,0.999962,0.000790,-0.639858,0.004971,0.768478,0.000825,0.000108,0.000000,0.000000,0.000000,1,0.013031,5325.846191,4.759043,2617.689209,-0.000061,-0.033389,75.588486,1,0.005342,5077.419922,4.536757,2618.139404,-0.000058,-0.033395,75.646080,1,-0.005448,4719.302246,-18.592169,-1082.882568,0.000237,0.013812,74.189362,1,-0.013137,4470.866699,-17.635818,-1083.307617,0.000225,0.013818,74.172623,2135.053955,19593.517578,1742.651978,-2.761719,0.349976,-1.118164,0.000000,0.000000,0.000000,0.000000,0.000000,0.000000,0.000000,0.000000,0.000000
645,10.750000,63.432007,0.000239,-11.540649,19.287895,-0.000159,16.060081,-2.265137,0.001072,25.098137,5115.777,2,0.000000,4,4,75.754684,1,0,0,0.008715,0.999962,0.000802,-0.639844,0.004960,0.768489,0.000773,0.000076,0.000000,0.000000,0.000000,1,0.013034,5326.255371,4.712757,2614.937988,-0.000060,-0.033354,75.725853,1,0.005362,5078.166016,4.500182,2615.643066,-0.000057,-0.033363,75.783531,1,-0.005464,4719.135742,-18.722921,-1081.618408,0.000239,0.013796,74.325798,1,-0.013136,4471.046875,-17.737467,-1082.026611,0.000226,0.013801,74.309120,2132.324707,19594.878906,1739.904907,-3.677246,0.242126,-0.049316,0.000000,0.000000,0.000000,0.000000,0.000000,0.000000,0.000000,0.000000,0.000000
646,10.766666,63.754028,0.000236,-11.272461,19.323435,-0.000230,16.089081,-2.265119,0.001076,25.144001,5125.073,2,0.000000,4,4,75.891891,1,0,0,0.008714,0.999962,0.000814,-0.639830,0.004950,0.768501,0.000709,0.000057,0.000000,0.000000,0.000000,1,0.013039,5326.642578,4.681777,2612.122314,-0.000060,-0.033318,75.863014,1,0.005382,5078.779297,4.463626,2613.014648,-0.000057,-0.033329,75.920776,1,-0.005477,4719.131836,-18.804338,-1080.461426,0.000240,0.013781,74.462051,1,-0.013134,4471.257812,-17.807634,-1080.760376,0.000227,0.013785,74.445435,2129.289551,19596.251953,1737.027954,-3.489624,0.115356,-0.457520,0.000000,0.000000,0.000000,0.000000,0.000000,0.000000,0.000000,0.000000,0.000000
647,10.783334,64.076660,0.000231,-11.003784,19.358923,-0.000282,16.118031,-2.265101,0.001078,25.189796,5134.355,2,0.000000,4,4,76.028908,1,0,0,0.008714,0.999962,0.000825,-0.639816,0.004942,0.768512,0.000647,0.000033,0.000000,0.000000,0.000000,1,0.013045,5327.002930,4.658458,2609.365723,-0.000059,-0.033283,75.999992,1,0.005401,5079.321289,4.441568,2610.458740,-0.000057,-0.033297,76.057831,1,-0.005488,4719.106934,-18.819506,-1079.180054,0.000240,0.013765,74.598137,1,-0.013132,4471.434082,-17.838430,-1079.388794,0.000228,0.013768,74.581566,2126.449707,19597.416016,1734.480713,-3.218994,-0.232849,-0.865723,0.000000,0.000000,0.000000,0.000000,0.000000,0.000000,0.000000,0.000000,0.000000
648,10.800000,64.399902,0.000226,-10.734619,19.394363,-0.000318,16.146938,-2.265083,0.001075,25.235527,5143.625,2,0.000000,4,4,76.165718,1,0,0,0.008714,0.999962,0.000834,-0.639802,0.004934,0.768524,0.000588,0.000005,0.000000,0.000000,0.000000,1,0.013052,5327.412109,4.612630,2606.635986,-0.000059,-0.033248,76.136772,1,0.005420,5079.889160,4.390831,2607.919678,-0.000056,-0.033264,76.194672,1,-0.005497,4719.086426,-18.760653,-1077.922729,0.000239,0.013749,74.734032,1,-0.013129,4471.563477,-17.783253,-1077.998779,0.000227,0.013750,74.717491,2123.568848,19598.597656,1732.040771,-3.736572,0.402283,-0.523926,0.000000,0.000000,0.000000,0.000000,0.000000,0.000000,0.000000,0.000000,0.000000
649,10.816667,64.723755,0.000220,-10.464966,19.429756,-0.000337,16.175806,-2.265065,0.001081,25.281195,5152.881,2,0.000000,4,4,76.302330,1,0,0,0.008714,0.999962,0.000843,-0.639788,0.004928,0.768535,0.000521,-0.000021,0.000000,0.000000,0.000000,1,0.013059,5327.760742,4.604600,2603.864746,-0.000059,-0.033213,76.273354,1,0.005437,5080.293457,4.397617,2605.205566,-0.000056,-0.033230,76.331314,1,-0.005504,4719.102051,-18.866421,-1076.633667,0.000241,0.013733,74.869743,1,-0.013126,4471.613281,-17.868021,-1076.745605,0.000228,0.013734,74.853218,2120.574463,19599.447266,1729.234131,-3.807617,-0.080933,-0.254395,0.000000,0.000000,0.000000,0.000000,0.000000,0.000000,0.000000,0.000000,0.000000
650,10.833333,65.048218,0.000214,-10.194946,19.465099,-0.000345,16.204626,-2.265047,0.001080,25.326796,5162.124,2,0.000000,4,4,76.438744,1,0,0,0.008715,0.999962,0.000850,-0.639775,0.004922,0.768547,0.000454,-0.000043,0.000000,0.000000,0.000000,1,0.013067,5328.108887,4.589086,2601.082031,-0.000059,-0.033177,76.409737,1,0.005454,5080.639160,4.382825,2602.492188,-0.000056,-0.033195,76.467758,1,-0.005510,4719.139648,-18.816210,-1075.372437,0.000240,0.013716,75.005272,1,-0.013124,4471.687500,-17.820625,-1075.386841,0.000227,0.013717,74.988762,2117.465332,19600.277344,1726.669678,-3.897339,0.122070,0.534668,0.000000,0.000000,0.000000,0.000000,0.000000,0.000000,0.000000,0.000000,0.000000
651,10.850000,65.373169,0.000208,-9.924438,19.500391,-0.000342,16.233404,-2.265029,0.001082,25.372328,5171.352,2,0.000000,4,4,76.574966,1,0,0,0.008716,0.999962,0.000857,-0.639761,0.004918,0.768558,0.000389,-0.000052,0.000000,0.000000,0.000000,1,0.013075,5328.342773,4.588561,2598.356445,-0.000059,-0.033142,76.545937,1,0.005468,5080.877441,4.375165,2599.791992,-0.000056,-0.033161,76.604012,1,-0.005514,4719.203613,-18.831793,-1074.030151,0.000240,0.013699,75.140617,1,-0.013121,4471.760254,-17.827705,-1074.035400,0.000227,0.013699,75.124107,2114.528809,19600.871094,1724.121460,-3.766846,0.237305,0.474609,0.000000,0.000000,0.000000,0.000000,0.000000,0.000000,0.000000,0.000000,0.000000
652,10.866667,65.698730,0.000203,-9.653442,19.535633,-0.000330,16.262140,-2.265011,0.001086,25.417795,5180.568,2,0.000000,4,4,76.710991,1,0,0,0.008717,0.999962,0.000862,-0.639747,0.004914,0.768570,0.000326,-0.000062,0.000000,0.000000,0.000000,1,0.013083,5328.614746,4.573090,2595.597168,-0.000058,-0.033107,76.681931,1,0.005482,5081.140625,4.360416,2597.054443,-0.000056,-0.033126,76.740067,1,-0.005517,4719.345215,-18.872187,-1072.744385,0.000241,0.013683,75.275764,1,-0.013119,4471.842285,-17.896742,-1072.767822,0.000228,0.013683,75.259254,2111.499512,19601.642578,1721.354126,-3.545898,0.144592,-0.158203,0.000000,0.000000,0.000000,0.000000,0.000000,0.000000,0.000000,0.000000,0.000000
653,10.883333,66.024902,0.000198,-9.381958,19.570826,-0.000308,16.290829,-2.264993,0.001088,25.463192,5189.770,2,0.000000,4,4,76.846817,1,0,0,0.008718,0.999961,0.000866,-0.639733,0.004912,0.768581,0.000264,-0.000081,0.000000,0.000000,0.000000,1,0.013091,5328.833496,4.557640,2592.827393,-0.000058,-0.033072,76.817726,1,0.005494,5081.221680,4.331305,2594.279541,-0.000055,-0.033090,76.875916,1,-0.005519,4719.405762,-18.912157,-1071.416016,0.000241,0.013666,75.410721,1,-0.013117,4471.791992,-17.918707,-1071.371826,0.000229,0.013665,75.394218,2108.543457,19601.882812,1718.690918,-3.786865,0.169617,-0.072266,0.000000,0.000000,0.000000,0.000000,0.000000,0.000000,0.000000,0.000000,0.000000
654,10.900000,66.351685,0.000193,-9.109985,19.605968,-0.000282,16.319473,-2.264975,0.001091,25.508526,5198.959,2,0.000000,4,4,76.982452,1,0,0,0.008720,0.999961,0.000869,-0.639719,0.004910,0.768593,0.000198,-0.000099,0.000000,0.000000,0.000000,1,0.013099,5329.055664,4.527318,2590.145264,-0.000058,-0.033038,76.953331,1,0.005504,5081.293457,4.316546,2591.542480,-0.000055,-0.033055,77.011581,1,-0.005520,4719.504395,-18.968473,-1070.041504,0.000242,0.013648,75.545486,1,-0.013115,4471.751465,-17.971523,-1070.015625,0.000229,0.013648,75.528976,2105.718994,19602.187500,1716.075195,-2.776733,-0.115784,-0.006348,0.000000,0.000000,0.000000,0.000000,0.000000,0.000000,0.000000,0.000000,0.000000
655,10.916667,66.679077,0.000189,-8.837524,19.641064,-0.000252,16.348074,-2.264956,0.001089,25.553795,5208.136,2,0.000000,4,4,77.117882,1,0,0,0.008722,0.999961,0.000872,-0.639705,0.004910,0.768605,0.000150,-0.000111,0.000000,0.000000,0.000000,1,0.013106,5329.238770,4.482167,2587.389893,-0.000057,-0.033002,77.088737,1,0.005512,5081.332520,4.280493,2588.791260,-0.000055,-0.033020,77.147041,1,-0.005521,4719.588379,-18.927090,-1068.764648,0.000241,0.013632,75.680046,1,-0.013115,4471.682617,-17.939423,-1068.645264,0.000229,0.013631,75.663536,2102.668945,19602.363281,1713.461914,-2.410889,0.063782,0.637695,0.000000,0.000000,0.000000,0.000000,0.000000,0.000000,0.000000,0.000000,0.000000
656,10.933333,67.006958,0.000185,-8.564575,19.676107,-0.000219,16.376631,-2.264938,0.001091,25.599003,5217.298,2,0.000000,4,4,77.253113,1,0,0,0.008724,0.999962,0.000873,-0.639691,0.004909,0.768617,0.000111,-0.000112,0.000000,0.000000,0.000000,1,0.013113,5329.322266,4.481767,2584.616699,-0.000057,-0.032967,77.223938,1,0.005519,5081.299316,4.272907,2585.993408,-0.000055,-0.032985,77.282295,1,-0.005521,4719.627930,-18.901947,-1067.406982,0.000241,0.013615,75.814423,1,-0.013115,4471.604980,-17.907444,-1067.309937,0.000228,0.013614,75.797897,2099.567871,19602.285156,1710.881104,-4.404907,0.510193,0.510742,0.000000,0.000000,0.000000,0.000000,0.000000,0.000000,0.000000,0.000000,0.000000
657,10.950000,67.335449,0.000182,-8.291138,19.711100,-0.000188,16.405146,-2.264920,0.001099,25.644135,5226.447,2,0.000000,4,4,77.388145,1,0,0,0.008726,0.999961,0.000874,-0.639677,0.004910,0.768628,0.000037,-0.000124,0.000000,0.000000,0.000000,1,0.013119,5329.466797,4.451705,2581.903076,-0.000057,-0.032932,77.358940,1,0.005524,5081.167480,4.244020,2583.135010,-0.000054,-0.032948,77.417358,1,-0.005520,4719.831055,-19.088085,-1066.078125,0.000243,0.013598,75.948601,1,-0.013115,4471.520996,-18.082663,-1066.024292,0.000231,0.013597,75.932060,2096.706299,19602.365234,1707.887451,-4.665161,-0.240601,-0.201660,0.000000,0.000000,0.000000,0.000000,0.000000,0.000000,0.000000,0.000000,0.000000
658,10.966666,67.664551,0.000180,-8.017212,19.746044,-0.000156,16.433611,-2.264902,0.001095,25.689201,5235.583,2,0.000000,4,4,77.522980,1,0,0,0.008728,0.999961,0.000873,-0.639663,0.004912,0.768640,-0.000044,-0.000148,0.000000,0.000000,0.000000,1,0.013125,5329.643555,4.392113,2579.192871,-0.000056,-0.032898,77.493752,1,0.005526,5080.907227,4.193927,2580.292480,-0.000053,-0.032912,77.552223,1,-0.005518,4720.093262,-19.023333,-1064.816528,0.000243,0.013582,76.082588,1,-0.013116,4471.388184,-18.019793,-1064.601929,0.000230,0.013579,76.066040,2093.631592,19602.351562,1705.288452,-3.593018,0.195190,-0.313965,0.000000,0.000000,0.000000,0.000000,0.000000,0.000000,0.000000,0.000000,0.000000
659,10.983334,67.994263,0.000177,-7.742798,19.780937,-0.000124,16.462032,-2.264884,0.001098,25.734201,5244.704,2,0.000000,4,4,77.657616,1,0,0,0.008731,0.999961,0.000871,-0.639649,0.004916,0.768652,-0.000108,-0.000169,0.000000,0.000000,0.000000,1,0.013130,5329.771973,4.377133,2576.516602,-0.000056,-0.032864,77.628349,1,0.005527,5080.649902,4.165204,2577.480713,-0.000053,-0.032876,77.686890,1,-0.005515,4720.319336,-19.071672,-1063.414429,0.000243,0.013564,76.216385,1,-0.013118,4471.189941,-18.063913,-1063.230713,0.000230,0.013562,76.199806,2090.773682,19602.175781,1702.668701,0.416626,-0.628174,0.295898,0.000000,0.000000,0.000000,0.000000,0.000000,0.000000,0.000000,0.000000,0.000000
660,11.000000,68.324585,0.000176,-7.468018,19.815783,-0.000093,16.490410,-2.264865,0.001089,25.779135,5253.813,2,0.000000,4,4,77.792046,1,0,0,0.008734,0.999961,0.000869,-0.639635,0.004919,0.768663,-0.000100,-0.000162,0.000000,0.000000,0.000000,1,0.013135,5329.867188,4.325222,2573.744141,-0.000055,-0.032828,77.762749,1,0.005527,5080.629395,4.136788,2574.830566,-0.000053,-0.032842,77.821350,1,-0.005512,4720.308594,-18.869251,-1062.090332,0.000241,0.013547,76.349983,1,-0.013120,4471.062012,-17.879358,-1061.795898,0.000228,0.013543,76.333374,2087.671143,19602.056641,1700.422241,0.555176,0.294983,0.344727,0.000000,0.000000,0.000000,0.000000,0.000000,0.000000,0.000000,0.000000,0.000000
661,11.016666,68.655396,0.000175,-7.192749,19.850576,-0.000065,16.518751,-2.264847,0.001093,25.824005,5262.908,2,0.000000,4,4,77.926262,1,0,0,0.008736,0.999961,0.000867,-0.639621,0.004921,0.768675,-0.000089,-0.000154,0.000000,0.000000,0.000000,1,0.013140,5329.891602,4.384150,2570.994385,-0.000056,-0.032793,77.896935,1,0.005527,5080.557129,4.192852,2572.040283,-0.000053,-0.032807,77.955597,1,-0.005510,4720.267578,-18.860434,-1060.704956,0.000241,0.013529,76.483383,1,-0.013123,4470.932617,-17.870630,-1060.513672,0.000228,0.013527,76.466736,2084.519287,19601.767578,1697.908203,0.229980,-0.004639,-0.305664,0.000000,0.000000,0.000000,0.000000,0.000000,0.000000,0.000000,0.000000,0.000000
662,11.033334,68.986816,0.000174,-6.916992,19.885319,-0.000041,16.547050,-2.264829,0.001093,25.868813,5271.988,2,0.000000,4,4,78.060272,1,0,0,0.008739,0.999961,0.000866,-0.639607,0.004924,0.768686,-0.000086,-0.000157,0.000000,0.000000,0.000000,1,0.013144,5329.989746,4.347166,2568.241211,-0.000055,-0.032758,78.030914,1,0.005527,5080.535156,4.157484,2569.342285,-0.000053,-0.032772,78.089645,1,-0.005509,4720.226562,-18.851692,-1059.326904,0.000240,0.013512,76.616585,1,-0.013126,4470.771973,-17.861851,-1059.173096,0.000228,0.013510,76.599907,2081.594727,19601.597656,1695.339355,0.352783,0.144592,-0.720703,0.000000,0.000000,0.000000,0.000000,0.000000,0.000000,0.000000,0.000000,0.000000
663,11.050000,69.318848,0.000174,-6.640747,19.920012,-0.000018,16.575306,-2.264811,0.001095,25.913551,5281.054,2,0.000000,4,4,78.194069,1,0,0,0.008742,0.999961,0.000864,-0.639593,0.004927,0.768698,-0.000084,-0.000167,0.000000,0.000000,0.000000,1,0.013148,5330.091309,4.332389,2565.465088,-0.000055,-0.032723,78.164680,1,0.005527,5080.443359,4.122191,2566.509277,-0.000053,-0.032736,78.223473,1,-0.005508,4720.179688,-18.891077,-1057.985718,0.000241,0.013495,76.749580,1,-0.013129,4470.553711,-17.898445,-1057.855103,0.000228,0.013493,76.732880,2078.548340,19601.283203,1692.576660,0.585938,-0.058105,0.155762,0.000000,0.000000,0.000000,0.000000,0.000000,0.000000,0.000000,0.000000,0.000000
664,11.066667,69.651367,0.000174,-6.364014,19.954655,-0.000000,16.603516,-2.264792,0.001094,25.958221,5290.106,2,0.000000,4,4,78.327667,1,0,0,0.008745,0.999961,0.000863,-0.639579,0.004930,0.768710,-0.000073,-0.000161,0.000000,0.000000,0.000000,1,0.013151,5330.142578,4.310290,2562.694092,-0.000055,-0.032687,78.298248,1,0.005526,5080.423828,4.115082,2563.792969,-0.000052,-0.032701,78.357101,1,-0.005508,4720.105957,-18.842287,-1056.630371,0.000240,0.013477,76.882385,1,-0.013133,4470.369141,-17.851770,-1056.479614,0.000228,0.013476,76.865662,2075.527344,19601.013672,1690.085449,1.293335,-0.164856,0.909180,0.000000,0.000000,0.000000,0.000000,0.000000,0.000000,0.000000,0.000000,0.000000
665,11.083333,69.984497,0.000174,-6.086792,19.989246,0.000013,16.631683,-2.264774,0.001092,26.002827,5299.145,2,0.000000,4,4,78.461052,1,0,0,0.008747,0.999961,0.000862,-0.639565,0.004932,0.768721,-0.000046,-0.000141,0.000000,0.000000,0.000000,1,0.013154,5330.125488,4.317542,2559.811279,-0.000055,-0.032651,78.431595,1,0.005526,5080.459473,4.115039,2561.042236,-0.000052,-0.032666,78.490517,1,-0.005509,4719.981934,-18.753584,-1055.301514,0.000239,0.013460,77.014992,1,-0.013137,4470.304688,-17.752846,-1055.197388,0.000226,0.013459,76.998245,2072.219238,19600.818359,1687.523438,1.241455,0.255737,0.729980,0.000000,0.000000,0.000000,0.000000,0.000000,0.000000,0.000000,0.000000,0.000000
666,11.100000,70.318237,0.000174,-5.809082,20.023783,0.000025,16.659809,-2.264756,0.001096,26.047363,5308.168,2,0.000000,4,4,78.594231,1,0,0,0.008749,0.999961,0.000861,-0.639551,0.004933,0.768733,-0.000022,-0.000124,0.000000,0.000000,0.000000,1,0.013157,5330.151367,4.332134,2557.046143,-0.000055,-0.032615,78.564743,1,0.005526,5080.504395,4.108039,2558.337402,-0.000052,-0.032632,78.623726,1,-0.005510,4719.856445,-18.792772,-1053.887695,0.000240,0.013442,77.147400,1,-0.013140,4470.218750,-17.790096,-1053.844971,0.000227,0.013442,77.130638,2069.324219,19600.662109,1684.962158,1.237061,-0.172424,0.150879,0.000000,0.000000,0.000000,0.000000,0.000000,0.000000,0.000000,0.000000,0.000000
667,11.116667,70.652588,0.000175,-5.531006,20.058271,0.000034,16.687891,-2.264738,0.001093,26.091835,5317.179,2,0.000000,4,4,78.727188,1,0,0,0.008751,0.999961,0.000861,-0.639537,0.004935,0.768745,0.000000,-0.000116,0.000000,0.000000,0.000000,1,0.013159,5330.175781,4.259026,2554.201172,-0.000054,-0.032579,78.697678,1,0.005526,5080.548340,4.059300,2555.571289,-0.000052,-0.032597,78.756714,1,-0.005511,4719.711426,-18.752214,-1052.583984,0.000239,0.013426,77.279602,1,-0.013144,4470.072754,-17.751675,-1052.500000,0.000226,0.013425,77.262833,2066.213867,19600.414062,1682.255615,1.132202,0.279114,0.244141,0.000000,0.000000,0.000000,0.000000,0.000000,0.000000,0.000000,0.000000,0.000000
668,11.133333,70.987427,0.000176,-5.252441,20.092709,0.000040,16.715929,-2.264719,0.001097,26.136240,5326.173,2,0.000000,4,4,78.859940,1,0,0,0.008753,0.999961,0.000861,-0.639523,0.004935,0.768756,0.000021,-0.000106,0.000000,0.000000,0.000000,1,0.013161,5330.202148,4.251812,2551.386963,-0.000054,-0.032543,78.830399,1,0.005526,5080.600098,4.045495,2552.786621,-0.000052,-0.032561,78.889488,1,-0.005514,4719.546875,-18.830919,-1051.175903,0.000240,0.013408,77.411613,1,-0.013148,4469.954102,-17.818844,-1051.168579,0.000227,0.013408,77.394836,2063.261963,19600.187500,1679.518555,1.000732,0.172668,0.325195,0.000000,0.000000,0.000000,0.000000,0.000000,0.000000,0.000000,0.000000,0.000000
669,11.150000,71.322876,0.000176,-4.973389,20.127096,0.000042,16.743921,-2.264701,0.001100,26.180576,5335.155,2,0.000000,4,4,78.992485,1,0,0,0.008754,0.999961,0.000862,-0.639509,0.004936,0.768768,0.000040,-0.000097,0.000000,0.000000,0.000000,1,0.013162,5330.198242,4.237329,2548.573730,-0.000054,-0.032507,78.962921,1,0.005527,5080.670898,4.031762,2550.026611,-0.000051,-0.032526,79.022057,1,-0.005516,4719.395996,-18.846016,-1049.824219,0.000240,0.013391,77.543419,1,-0.013151,4469.879395,-17.855968,-1049.825562,0.000228,0.013391,77.526642,2060.239746,19600.023438,1676.836426,0.956665,-0.261353,0.885742,0.000000,0.000000,0.000000,0.000000,0.000000,0.000000,0.000000,0.000000,0.000000
670,11.166667,71.658936,0.000177,-4.693848,20.161434,0.000042,16.771868,-2.264683,0.001096,26.224846,5344.122,2,0.000000,4,4,79.124817,1,0,0,0.008756,0.999961,0.000863,-0.639495,0.004936,0.768780,0.000060,-0.000079,0.000000,0.000000,0.000000,1,0.013164,5330.215820,4.179315,2545.692139,-0.000053,-0.032471,79.095230,1,0.005528,5080.794922,3.990418,2547.321777,-0.000051,-0.032491,79.154419,1,-0.005519,4719.253418,-18.781979,-1048.511597,0.000240,0.013374,77.675026,1,-0.013154,4469.823242,-17.788134,-1048.465454,0.000227,0.013373,77.658249,2057.117676,19599.976562,1674.218750,0.219360,0.221008,0.836914,0.000000,0.000000,0.000000,0.000000,0.000000,0.000000,0.000000,0.000000,0.000000
671,11.183333,71.995483,0.000178,-4.413818,20.195719,0.000042,16.799772,-2.264665,0.001099,26.269047,5353.074,2,0.000000,4,4,79.256935,1,0,0,0.008757,0.999961,0.000864,-0.639480,0.004936,0.768791,0.000068,-0.000065,0.000000,0.000000,0.000000,1,0.013164,5330.183594,4.157746,2542.842773,-0.000053,-0.032434,79.227325,1,0.005530,5080.815918,3.962974,2544.491455,-0.000051,-0.032455,79.286560,1,-0.005522,4719.166992,-18.836964,-1047.157715,0.000240,0.013357,77.806442,1,-0.013157,4469.810059,-17.840479,-1047.179688,0.000228,0.013357,77.789658,2054.019043,19599.865234,1671.375000,0.349976,0.111633,-0.032227,0.000000,0.000000,0.000000,0.000000,0.000000,0.000000,0.000000,0.000000,0.000000
672,11.200000,72.332642,0.000179,-4.133301,20.229952,0.000040,16.827629,-2.264646,0.001101,26.313175,5362.013,2,0.000000,4,4,79.388840,1,0,0,0.008758,0.999961,0.000865,-0.639466,0.004936,0.768803,0.000074,-0.000063,0.000000,0.000000,0.000000,1,0.013165,5330.214844,4.114580,2540.000000,-0.000052,-0.032398,79.359207,1,0.005531,5080.898926,3.914967,2541.682373,-0.000050,-0.032419,79.418480,1,-0.005525,4719.049316,-18.891687,-1045.788818,0.000241,0.013339,77.937660,1,-0.013160,4469.724609,-17.884943,-1045.812256,0.000228,0.013339,77.920883,2051.038086,19599.781250,1668.584717,0.280029,0.212952,-0.012695,0.000000,0.000000,0.000000,0.000000,0.000000,0.000000,0.000000,0.000000,0.000000
673,11.216666,72.670410,0.000179,-3.852417,20.264135,0.000037,16.855438,-2.264628,0.001104,26.357235,5370.937,2,0.000000,4,4,79.520531,1,0,0,0.008759,0.999961,0.000866,-0.639452,0.004935,0.768815,0.000079,-0.000062,0.000000,0.000000,0.000000,1,0.013167,5330.279297,4.100520,2537.175293,-0.000052,-0.032362,79.490875,1,0.005533,5080.978516,3.908483,2538.861816,-0.000050,-0.032383,79.550194,1,-0.005528,4718.928223,-18.930511,-1044.411133,0.000241,0.013322,78.068680,1,-0.013162,4469.638672,-17.929298,-1044.394653,0.000229,0.013321,78.051910,2048.052246,19599.726562,1665.902588,0.192505,0.263123,0.061523,0.000000,0.000000,0.000000,0.000000,0.000000,0.000000,0.000000,0.000000,0.000000
674,11.233334,73.008667,0.000180,-3.571045,20.298269,0.000033,16.883204,-2.264610,0.001108,26.401232,5379.846,2,0.000000,4,4,79.652008,1,0,0,0.008760,0.999961,0.000867,-0.639438,0.004935,0.768827,0.000082,-0.000061,0.000000,0.000000,0.000000,1,0.013168,5330.305176,4.086489,2534.347412,-0.000052,-0.032326,79.622337,1,0.005534,5081.053223,3.895145,2536.067139,-0.000050,-0.032348,79.681694,1,-0.005531,4718.835938,-18.985088,-1043.002075,0.000242,0.013304,78.199501,1,-0.013165,4469.575195,-17.981083,-1043.046753,0.000229,0.013304,78.182724,2045.072754,19599.677734,1663.187012,0.290039,-0.382690,0.081543,0.000000,0.000000,0.000000,0.000000,0.000000,0.000000,0.000000,0.000000,0.000000
675,11.250000,73.347534,0.000180,-3.289185,20.332354,0.000029,16.910923,-2.264591,0.001102,26.445162,5388.741,2,0.000000,4,4,79.783272,1,0,0,0.008761,0.999961,0.000869,-0.639424,0.004934,0.768838,0.000088,-0.000058,0.000000,0.000000,0.000000,1,0.013169,5330.351074,4.022075,2531.437500,-0.000051,-0.032289,79.753578,1,0.005536,5081.142578,3.833784,2533.270020,-0.000049,-0.032312,79.812973,1,-0.005535,4718.701660,-18.890232,-1041.695923,0.000241,0.013287,78.330116,1,-0.013167,4469.515137,-17.891516,-1041.663940,0.000228,0.013287,78.313347,2041.852783,19599.625000,1660.522461,0.176758,0.188354,-0.516113,0.000000,0.000000,0.000000,0.000000,0.000000,0.000000,0.000000,0.000000,0.000000
676,11.266666,73.687012,0.000181,-3.006836,20.366385,0.000024,16.938599,-2.264573,0.001105,26.489021,5397.622,2,0.000000,4,4,79.914322,1,0,0,0.008762,0.999961,0.000870,-0.639410,0.004934,0.768850,0.000088,-0.000065,0.000000,0.000000,0.000000,1,0.013170,5330.454102,3.986710,2528.584961,-0.000051,-0.032252,79.884605,1,0.005539,5081.259766,3.800090,2530.464355,-0.000048,-0.032276,79.944046,1,-0.005538,4718.627930,-18.960529,-1040.319824,0.000242,0.013269,78.460541,1,-0.013170,4469.415527,-17.943140,-1040.293213,0.000229,0.013269,78.443764,2038.874512,19599.695312,1657.733887,0.117310,0.239441,-0.369629,0.000000,0.000000,0.000000,0.000000,0.000000,0.000000,0.000000,0.000000,0.000000
677,11.283334,74.026978,0.000181,-2.724121,20.400366,0.000020,16.966228,-2.264554,0.001109,26.532812,5406.487,2,0.000000,4,4,80.045158,1,0,0,0.008763,0.999961,0.000871,-0.639395,0.004934,0.768862,0.000089,-0.000071,0.000000,0.000000,0.000000,1,0.013172,5330.502930,3.951431,2525.734619,-0.000050,-0.032216,80.015427,1,0.005541,5081.310059,3.759616,2527.577637,-0.000048,-0.032240,80.074898,1,-0.005541,4718.515625,-19.038309,-1038.957397,0.000243,0.013252,78.590759,1,-0.013172,4469.322754,-18.039108,-1038.959351,0.000230,0.013252,78.573982,2035.834595,19599.582031,1654.817627,0.131104,0.142212,-0.342773,0.000000,0.000000,0.000000,0.000000,0.000000,0.000000,0.000000,0.000000,0.000000
678,11.300000,74.367554,0.000181,-2.440918,20.434296,0.000014,16.993809,-2.264536,0.001111,26.576534,5415.339,2,0.000000,4,4,80.175781,1,0,0,0.008764,0.999961,0.000872,-0.639381,0.004933,0.768874,0.000090,-0.000075,0.000000,0.000000,0.000000,1,0.013174,5330.606445,3.945007,2522.872559,-0.000050,-0.032179,80.146034,1,0.005543,5081.411133,3.760343,2524.744141,-0.000048,-0.032203,80.205536,1,-0.005544,4718.401367,-19.037781,-1037.541504,0.000243,0.013234,78.720779,1,-0.013175,4469.206055,-18.023762,-1037.570312,0.000230,0.013234,78.704002,2032.743408,19599.564453,1652.197266,-2.286133,0.226501,-0.161621,0.000000,0.000000,0.000000,0.000000,0.000000,0.000000,0.000000,0.000000,0.000000
679,11.316667,74.708740,0.000181,-2.157227,20.468174,0.000008,17.021345,-2.264517,0.001114,26.620188,5424.176,2,0.000000,4,4,80.306190,1,0,0,0.008766,0.999961,0.000873,-0.639367,0.004934,0.768886,0.000049,-0.000089,0.000000,0.000000,0.000000,1,0.013176,5330.719727,3.888497,2520.044189,-0.000050,-0.032143,80.276436,1,0.005544,5081.364258,3.692714,2521.802734,-0.000047,-0.032166,80.335960,1,-0.005546,4718.494141,-19.139482,-1036.223267,0.000244,0.013217,78.850594,1,-0.013177,4469.138184,-18.134241,-1036.213745,0.000231,0.013217,78.833824,2029.716553,19599.681641,1649.179810,-1.753418,-0.072632,0.355469,0.000000,0.000000,0.000000,0.000000,0.000000,0.000000,0.000000,0.000000,0.000000
680,11.333333,75.050415,0.000181,-1.873047,20.502003,0.000003,17.048832,-2.264499,0.001113,26.663773,5432.998,2,0.000000,4,4,80.436386,1,0,0,0.008767,0.999961,0.000873,-0.639353,0.004934,0.768898,0.000021,-0.000091,0.000000,0.000000,0.000000,1,0.013178,5330.776855,3.860735,2517.151855,-0.000049,-0.032107,80.406609,1,0.005545,5081.306641,3.673009,2518.883789,-0.000047,-0.032129,80.466171,1,-0.005548,4718.534180,-19.108366,-1034.870239,0.000244,0.013200,78.980217,1,-0.013180,4469.052734,-18.104263,-1034.817505,0.000231,0.013199,78.963448,2026.491333,19599.634766,1646.452637,-1.915405,0.004822,-0.372559,0.000000,0.000000,0.000000,0.000000,0.000000,0.000000,0.000000,0.000000,0.000000
681,11.350000,75.392700,0.000181,-1.588501,20.535778,-0.000002,17.076273,-2.264480,0.001113,26.707285,5441.807,2,0.000000,4,4,80.566376,1,0,0,0.008769,0.999961,0.000873,-0.639338,0.004936,0.768910,-0.000014,-0.000106,0.000000,0.000000,0.000000,1,0.013180,5330.931152,3.797456,2514.321045,-0.000048,-0.032070,80.536575,1,0.005546,5081.240723,3.626159,2516.001465,-0.000046,-0.032092,80.596184,1,-0.005548,4718.659180,-19.132153,-1033.497925,0.000244,0.013182,79.109642,1,-0.013183,4468.966797,-18.125946,-1033.400391,0.000231,0.013181,79.092865,2023.480469,19599.791016,1643.683350,-1.365723,0.173218,-0.396973,0.000000,0.000000,0.000000,0.000000,0.000000,0.000000,0.000000,0.000000,0.000000
682,11.366667,75.735474,0.000181,-1.303467,20.569502,-0.000005,17.103668,-2.264462,0.001116,26.750731,5450.602,2,0.000000,4,4,80.696144,1,0,0,0.008771,0.999961,0.000872,-0.639324,0.004937,0.768921,-0.000040,-0.000118,0.000000,0.000000,0.000000,1,0.013183,5331.045898,3.798496,2511.460205,-0.000048,-0.032034,80.666328,1,0.005546,5081.157227,3.613420,2513.075928,-0.000046,-0.032055,80.725975,1,-0.005549,4718.727539,-19.178955,-1032.120117,0.000245,0.013165,79.238869,1,-0.013186,4468.837402,-18.154776,-1032.022339,0.000232,0.013164,79.222076,2020.343262,19599.757812,1640.898438,-1.445923,0.039307,-0.390137,0.000000,0.000000,0.000000,0.000000,0.000000,0.000000,0.000000,0.000000,0.000000
683,11.383333,76.078857,0.000181,-1.017944,20.603174,-0.000008,17.131016,-2.264443,0.001117,26.794109,5459.380,2,0.000000,4,4,80.825699,1,0,0,0.008773,0.999961,0.000871,-0.639310,0.004940,0.768933,-0.000066,-0.000131,0.000000,0.000000,0.000000,1,0.013186,5331.188477,3.749760,2508.614990,-0.000048,-0.031998,80.795860,1,0.005545,5081.056641,3.573596,2510.145020,-0.000046,-0.032017,80.855545,1,-0.005548,4718.822754,-19.194782,-1030.725708,0.000245,0.013147,79.367889,1,-0.013189,4468.710938,-18.168898,-1030.595581,0.000232,0.013145,79.351089,2017.284790,19599.769531,1638.138184,2.739502,-0.780029,0.258789,0.000000,0.000000,0.000000,0.000000,0.000000,0.000000,0.000000,0.000000,0.000000
684,11.400000,76.422852,0.000181,-0.731934,20.636795,-0.000011,17.158318,-2.264425,0.001105,26.837414,5468.145,2,0.000000,4,4,80.955040,1,0,0,0.008775,0.999961,0.000870,-0.639296,0.004941,0.768945,-0.000018,-0.000115,0.000000,0.000000,0.000000,1,0.013189,5331.241699,3.743746,2505.677002,-0.000048,-0.031960,80.925179,1,0.005546,5081.256836,3.567972,2507.453613,-0.000046,-0.031983,80.984909,1,-0.005549,4718.682617,-18.923494,-1029.331177,0.000241,0.013129,79.496712,1,-0.013191,4468.666504,-17.919708,-1029.125244,0.000229,0.013127,79.479889,2013.970703,19599.853516,1635.982666,2.333008,0.229004,-0.314941,0.000000,0.000000,0.000000,0.000000,0.000000,0.000000,0.000000,0.000000,0.000000
685,11.416667,76.767334,0.000181,-0.445557,20.670361,-0.000013,17.185583,-2.264406,0.001108,26.880653,5476.896,2,0.000000,4,4,81.084152,1,0,0,0.008777,0.999961,0.000871,-0.639281,0.004942,0.768957,0.000021,-0.000109,0.000000,0.000000,0.000000,1,0.013191,5331.364258,3.780363,2502.787598,-0.000048,-0.031923,81.054276,1,0.005547,5081.441406,3.589400,2504.618652,-0.000046,-0.031947,81.114044,1,-0.005550,4718.493164,-18.900030,-1027.859009,0.000241,0.013110,79.625328,1,-0.013194,4468.587891,-17.905201,-1027.808105,0.000228,0.013110,79.608475,2010.789551,19599.898438,1633.400146,1.910278,0.237976,-0.094727,0.000000,0.000000,0.000000,0.000000,0.000000,0.000000,0.000000,0.000000,0.000000
686,11.433333,77.112427,0.000180,-0.158691,20.703875,-0.000014,17.212807,-2.264388,0.001112,26.923828,5485.630,2,0.000000,4,4,81.213043,1,0,0,0.008779,0.999961,0.000871,-0.639267,0.004942,0.768969,0.000054,-0.000101,0.000000,0.000000,0.000000,1,0.013194,5331.426758,3.781427,2499.832520,-0.000048,-0.031886,81.183144,1,0.005550,5081.610840,3.604009,2501.704834,-0.000046,-0.031909,81.242950,1,-0.005552,4718.338379,-18.938494,-1026.460815,0.000242,0.013093,79.753731,1,-0.013197,4468.511230,-17.941891,-1026.469971,0.000229,0.013093,79.736870,2007.555664,19599.896484,1630.572266,1.631592,0.200500,-0.020020,0.000000,0.000000,0.000000,0.000000,0.000000,0.000000,0.000000,0.000000,0.000000
687,11.450000,77.458008,0.000180,0.128662,20.737333,-0.000016,17.239983,-2.264369,0.001115,26.966927,5494.351,2,0.000000,4,4,81.341721,1,0,0,0.008780,0.999961,0.000872,-0.639253,0.004942,0.768981,0.000082,-0.000094,0.000000,0.000000,0.000000,1,0.013197,5331.505371,3.754230,2496.900879,-0.000048,-0.031848,81.311806,1,0.005552,5081.802246,3.578171,2498.842041,-0.000046,-0.031873,81.371643,1,-0.005555,4718.142090,-18.984409,-1025.031006,0.000242,0.013074,79.881927,1,-0.013199,4468.425781,-17.985762,-1025.080688,0.000229,0.013075,79.865067,2004.496338,19599.880859,1627.780762,-1.690918,0.447937,0.156738,0.000000,0.000000,0.000000,0.000000,0.000000,0.000000,0.000000,0.000000,0.000000
688,11.466666,77.804199,0.000180,0.416504,20.770742,-0.000017,17.267113,-2.264350,0.001122,27.009960,5503.056,2,0.000000,4,4,81.470177,1,0,0,0.008782,0.999961,0.000873,-0.639238,0.004943,0.768993,0.000053,-0.000100,0.000000,0.000000,0.000000,1,0.013200,5331.615234,3.705976,2493.972900,-0.000047,-0.031811,81.440247,1,0.005555,5081.783691,3.532092,2495.803955,-0.000045,-0.031834,81.500114,1,-0.005557,4718.186523,-19.154131,-1023.675232,0.000244,0.013057,80.009918,1,-0.013202,4468.361816,-18.146044,-1023.731079,0.000231,0.013058,79.993065,2001.397583,19599.964844,1624.589844,-0.611694,-0.317932,0.692871,0.000000,0.000000,0.000000,0.000000,0.000000,0.000000,0.000000,0.000000,0.000000
689,11.483334,78.150879,0.000180,0.704712,20.804098,-0.000018,17.294189,-2.264332,0.001117,27.052916,5511.746,2,0.000000,4,4,81.598427,1,0,0,0.008784,0.999961,0.000874,-0.639224,0.004943,0.769005,0.000046,-0.000092,0.000000,0.000000,0.000000,1,0.013202,5331.662598,3.622601,2491.004395,-0.000046,-0.031773,81.568481,1,0.005556,5081.800781,3.459328,2492.898682,-0.000044,-0.031797,81.628380,1,-0.005558,4718.155273,-19.100576,-1022.309814,0.000244,0.013040,80.137711,1,-0.013204,4468.302246,-18.087940,-1022.291748,0.000231,0.013039,80.120865,1998.203613,19599.929688,1621.814575,-0.419678,0.147766,-0.018555,0.000000,0.000000,0.000000,0.000000,0.000000,0.000000,0.000000,0.000000,0.000000
690,11.500000,78.498169,0.000179,0.993408,20.837402,-0.000019,17.321220,-2.264313,0.001119,27.095804,5520.423,2,0.000000,4,4,81.726463,1,0,0,0.008785,0.999961,0.000874,-0.639210,0.004943,0.769017,0.000039,-0.000094,0.000000,0.000000,0.000000,1,0.013205,5331.746094,3.602851,2488.094971,-0.000046,-0.031736,81.696503,1,0.005558,5081.840820,3.433761,2489.982178,-0.000044,-0.031760,81.756432,1,-0.005560,4718.162598,-19.131659,-1020.885864,0.000244,0.013022,80.265305,1,-0.013206,4468.246094,-18.131620,-1020.901917,0.000231,0.013022,80.248451,1995.100830,19600.017578,1619.016846,-0.205200,0.168701,-0.100098,0.000000,0.000000,0.000000,0.000000,0.000000,0.000000,0.000000,0.000000,0.000000
691,11.516666,78.846069,0.000179,1.282593,20.870653,-0.000019,17.348204,-2.264294,0.001122,27.138622,5529.085,2,0.000000,4,4,81.854279,1,0,0,0.008787,0.999961,0.000875,-0.639195,0.004944,0.769028,0.000035,-0.000096,0.000000,0.000000,0.000000,1,0.013207,5331.840820,3.597231,2485.192871,-0.000046,-0.031699,81.824303,1,0.005560,5081.899414,3.414993,2487.065918,-0.000044,-0.031723,81.884262,1,-0.005561,4718.104980,-19.185371,-1019.455078,0.000245,0.013003,80.392685,1,-0.013209,4468.172363,-18.160658,-1019.473450,0.000232,0.013003,80.375839,1992.031494,19600.039062,1616.263184,-0.696899,0.079407,-0.070312,0.000000,0.000000,0.000000,0.000000,0.000000,0.000000,0.000000,0.000000,0.000000
692,11.533334,79.194458,0.000179,1.572144,20.903854,-0.000018,17.375141,-2.264276,0.001123,27.181370,5537.732,2,0.000000,4,4,81.981873,1,0,0,0.008789,0.999961,0.000875,-0.639181,0.004945,0.769040,0.000022,-0.000101,0.000000,0.000000,0.000000,1,0.013210,5331.948730,3.542544,2482.260010,-0.000045,-0.031661,81.951881,1,0.005562,5081.902832,3.382884,2484.112549,-0.000043,-0.031685,82.011879,1,-0.005563,4718.100098,-19.216263,-1018.086609,0.000245,0.012986,80.519859,1,-0.013211,4468.054199,-18.196693,-1018.069519,0.000232,0.012986,80.503014,1988.872070,19600.021484,1613.375000,-1.037109,0.108215,-0.012207,0.000000,0.000000,0.000000,0.000000,0.000000,0.000000,0.000000,0.000000,0.000000
693,11.550000,79.543457,0.000178,1.862183,20.937002,-0.000018,17.402031,-2.264257,0.001125,27.224049,5546.364,2,0.000000,4,4,82.109253,1,0,0,0.008790,0.999961,0.000875,-0.639166,0.004946,0.769052,0.000004,-0.000106,0.000000,0.000000,0.000000,1,0.013213,5332.038086,3.509035,2479.268799,-0.000045,-0.031623,82.079239,1,0.005563,5081.874512,3.350863,2481.110352,-0.000043,-0.031647,82.139275,1,-0.005563,4718.158203,-19.254993,-1016.709045,0.000246,0.012968,80.646835,1,-0.013214,4467.972656,-18.232809,-1016.694580,0.000233,0.012968,80.629982,1985.607300,19600.062500,1610.416382,0.028198,-0.256714,0.496094,0.000000,0.000000,0.000000,0.000000,0.000000,0.000000,0.000000,0.000000,0.000000
694,11.566667,79.892944,0.000178,2.152710,20.970097,-0.000017,17.428871,-2.264238,0.001121,27.266655,5554.982,2,0.000000,4,4,82.236420,1,0,0,0.008792,0.999961,0.000875,-0.639152,0.004947,0.769064,0.000007,-0.000098,0.000000,0.000000,0.000000,1,0.013215,5332.094727,3.503590,2476.329834,-0.000045,-0.031586,82.206390,1,0.005564,5081.920410,3.338994,2478.233154,-0.000043,-0.031610,82.266457,1,-0.005564,4718.102051,-19.125738,-1015.284424,0.000244,0.012950,80.773605,1,-0.013216,4467.945801,-18.117739,-1015.214661,0.000231,0.012949,80.756752,1982.359619,19600.082031,1607.950684,0.079956,0.214417,-0.227539,0.000000,0.000000,0.000000,0.000000,0.000000,0.000000,0.000000,0.000000,0.000000
695,11.583333,80.243042,0.000178,2.443604,21.003136,-0.000016,17.455669,-2.264219,0.001124,27.309196,5563.585,2,0.000000,4,4,82.363365,1,0,0,0.008794,0.999961,0.000875,-0.639138,0.004948,0.769076,0.000007,-0.000101,0.000000,0.000000,0.000000,1,0.013218,5332.178711,3.491206,2473.418213,-0.000045,-0.031549,82.333321,1,0.005565,5081.935547,3.320495,2475.306641,-0.000042,-0.031573,82.393417,1,-0.005565,4718.050781,-19.186945,-1013.794800,0.000245,0.012931,80.900169,1,-0.013218,4467.807617,-18.175316,-1013.771545,0.000232,0.012931,80.883308,1979.358398,19599.972656,1605.199463,-0.358032,-0.143250,0.540527,0.000000,0.000000,0.000000,0.000000,0.000000,0.000000,0.000000,0.000000,0.000000
696,11.600000,80.593628,0.000178,2.734985,21.036125,-0.000017,17.482422,-2.264201,0.001122,27.351664,5572.173,2,0.000000,4,4,82.490082,1,0,0,0.008795,0.999961,0.000875,-0.639123,0.004949,0.769088,0.000004,-0.000094,0.000000,0.000000,0.000000,1,0.013221,5332.262207,3.464925,2470.366455,-0.000044,-0.031510,82.460022,1,0.005566,5081.979492,3.288794,2472.335449,-0.000042,-0.031535,82.520157,1,-0.005566,4718.094727,-19.149748,-1012.478577,0.000244,0.012914,81.026520,1,-0.013221,4467.812012,-18.125570,-1012.422913,0.000231,0.012914,81.009651,1975.894531,19600.179688,1602.296875,-0.067261,0.228210,0.281738,0.000000,0.000000,0.000000,0.000000,0.000000,0.000000,0.000000,0.000000,0.000000
697,11.616667,80.944824,0.000177,3.026855,21.069057,-0.000014,17.509127,-2.264182,0.001125,27.394056,5580.747,2,0.000000,4,4,82.616592,1,0,0,0.008797,0.999961,0.000875,-0.639109,0.004950,0.769100,0.000004,-0.000090,0.000000,0.000000,0.000000,1,0.013223,5332.302246,3.431747,2467.451904,-0.000044,-0.031473,82.586517,1,0.005567,5081.981934,3.283706,2469.359131,-0.000042,-0.031497,82.646675,1,-0.005567,4718.041992,-19.195665,-1011.031677,0.000245,0.012896,81.152672,1,-0.013223,4467.721680,-18.168892,-1011.004272,0.000232,0.012895,81.135796,1972.786865,19600.054688,1599.485962,0.736450,-0.242432,0.844727,0.000000,0.000000,0.000000,0.000000,0.000000,0.000000,0.000000,0.000000,0.000000
698,11.633333,81.296509,0.000177,3.319092,21.101936,-0.000013,17.535786,-2.264163,0.001122,27.436378,5589.306,2,0.000000,4,4,82.742874,1,0,0,0.008798,0.999961,0.000875,-0.639094,0.004950,0.769112,0.000020,-0.000074,0.000000,0.000000,0.000000,1,0.013225,5332.333984,3.384774,2464.445312,-0.000043,-0.031434,82.712791,1,0.005568,5082.065918,3.225709,2466.450684,-0.000041,-0.031460,82.772972,1,-0.005567,4717.983887,-19.150700,-1009.575867,0.000244,0.012877,81.278618,1,-0.013225,4467.726562,-18.133736,-1009.545532,0.000231,0.012877,81.261734,1969.632690,19600.128906,1596.770508,0.770142,0.093201,0.059082,0.000000,0.000000,0.000000,0.000000,0.000000,0.000000,0.000000,0.000000,0.000000
699,11.650000,81.648804,0.000177,3.611816,21.134764,-0.000012,17.562399,-2.264144,0.001123,27.478642,5597.849,2,0.000000,4,4,82.868942,1,0,0,0.008799,0.999961,0.000875,-0.639080,0.004951,0.769124,0.000034,-0.000069,0.000000,0.000000,0.000000,1,0.013227,5332.325195,3.386503,2461.448242,-0.000043,-0.031396,82.838844,1,0.005569,5082.126953,3.234014,2463.496582,-0.000041,-0.031422,82.899048,1,-0.005569,4717.853516,-19.128283,-1008.126221,0.000244,0.012859,81.404350,1,-0.013226,4467.646484,-18.105537,-1008.142944,0.000231,0.012859,81.387459,1966.347656,19599.937500,1594.058350,0.774170,-0.077271,-0.035156,0.000000,0.000000,0.000000,0.000000,0.000000,0.000000,0.000000,0.000000,0.000000
700,11.666667,82.001587,0.000177,3.904907,21.167536,-0.000012,17.588966,-2.264126,0.001122,27.520824,5606.377,2,0.000000,4,4,82.994789,1,0,0,0.008800,0.999961,0.000876,-0.639066,0.004951,0.769136,0.000047,-0.000066,0.000000,0.000000,0.000000,1,0.013229,5332.423828,3.346731,2458.489990,-0.000043,-0.031358,82.964684,1,0.005571,5082.246582,3.182911,2460.573242,-0.000041,-0.031385,83.024910,1,-0.005570,4717.805176,-19.121393,-1006.744263,0.000244,0.012841,81.529869,1,-0.013228,4467.639160,-18.099186,-1006.736267,0.000231,0.012841,81.512978,1963.156250,19600.130859,1591.243530,0.769897,0.114624,-0.648926,0.000000,0.000000,0.000000,0.000000,0.000000,0.000000,0.000000,0.000000,0.000000
701,11.683333,82.354980,0.000176,4.198486,21.200254,-0.000010,17.615486,-2.264107,0.001124,27.562935,5614.892,2,0.000000,4,4,83.120407,1,0,0,0.008802,0.999961,0.000877,-0.639051,0.004951,0.769148,0.000057,-0.000073,0.000000,0.000000,0.000000,1,0.013231,5332.529785,3.341685,2455.511719,-0.000043,-0.031320,83.090286,1,0.005573,5082.369141,3.178125,2457.617920,-0.000041,-0.031347,83.150536,1,-0.005572,4717.690430,-19.136898,-1005.239197,0.000244,0.012822,81.655190,1,-0.013230,4467.498535,-18.113747,-1005.292480,0.000231,0.012823,81.638290,1960.023926,19600.097656,1588.527832,0.591919,0.347900,-1.055176,0.000000,0.000000,0.000000,0.000000,0.000000,0.000000,0.000000,0.000000,0.000000
702,11.700000,82.708862,0.000176,4.492554,21.232922,-0.000009,17.641962,-2.264088,0.001129,27.604980,5623.390,2,0.000000,4,4,83.245804,1,0,0,0.008803,0.999961,0.000877,-0.639037,0.004951,0.769160,0.000063,-0.000086,0.000000,0.000000,0.000000,1,0.013233,5332.644043,3.322852,2452.552734,-0.000042,-0.031283,83.215675,1,0.005575,5082.459473,3.166758,2454.613037,-0.000040,-0.031309,83.275940,1,-0.005575,4717.553223,-19.219965,-1003.808777,0.000245,0.012804,81.780289,1,-0.013232,4467.386230,-18.192480,-1003.889099,0.000232,0.012805,81.763397,1956.876587,19600.042969,1585.601318,1.119629,-0.220093,-0.237305,0.000000,0.000000,0.000000,0.000000,0.000000,0.000000,0.000000,0.000000,0.000000
703,11.716666,83.063232,0.000176,4.786987,21.265535,-0.000008,17.668388,-2.264069,0.001125,27.646950,5631.874,2,0.000000,4,4,83.370979,1,0,0,0.008804,0.999961,0.000879,-0.639022,0.004951,0.769172,0.000081,-0.000085,0.000000,0.000000,0.000000,1,0.013235,5332.700195,3.262663,2449.530029,-0.000042,-0.031244,83.340843,1,0.005578,5082.597168,3.109448,2451.694824,-0.000040,-0.031272,83.401131,1,-0.005577,4717.391113,-19.175125,-1002.408752,0.000245,0.012786,81.905174,1,-0.013235,4467.288574,-18.157375,-1002.400452,0.000232,0.012786,81.888298,1953.690430,19599.964844,1582.844238,-0.241211,0.013794,-0.712891,0.000000,0.000000,0.000000,0.000000,0.000000,0.000000,0.000000,0.000000,0.000000
704,11.733334,83.418213,0.000176,5.081909,21.298098,-0.000009,17.694769,-2.264050,0.001126,27.688854,5640.342,2,0.000000,4,4,83.495934,1,0,0,0.008806,0.999961,0.000880,-0.639008,0.004951,0.769184,0.000074,-0.000097,0.000000,0.000000,0.000000,1,0.013238,5332.839844,3.237149,2446.509521,-0.000041,-0.031205,83.465782,1,0.005580,5082.637207,3.085077,2448.659668,-0.000039,-0.031233,83.526093,1,-0.005580,4717.345703,-19.168419,-1000.982239,0.000244,0.012768,82.029861,1,-0.013238,4467.153809,-18.164841,-1001.005676,0.000232,0.012768,82.012978,1950.373291,19599.966797,1579.961060,-0.132324,0.132080,-0.551758,0.000000,0.000000,0.000000,0.000000,0.000000,0.000000,0.000000,0.000000,0.000000
705,11.750000,83.773682,0.000176,5.377319,21.330605,-0.000009,17.721102,-2.264032,0.001128,27.730682,5648.795,2,0.000000,4,4,83.620667,1,0,0,0.008808,0.999961,0.000881,-0.638994,0.004951,0.769196,0.000069,-0.000106,0.000000,0.000000,0.000000,1,0.013241,5332.925781,3.211688,2443.505127,-0.000041,-0.031167,83.590508,1,0.005582,5082.712891,3.073915,2445.644287,-0.000039,-0.031194,83.650833,1,-0.005583,4717.230957,-19.198902,-999.576599,0.000245,0.012750,82.154335,1,-0.013241,4467.009277,-18.193541,-999.560852,0.000232,0.012750,82.137459,1947.134766,19599.855469,1577.084717,-0.195435,0.212646,-0.388672,0.000000,0.000000,0.000000,0.000000,0.000000,0.000000,0.000000,0.000000,0.000000
706,11.766666,84.129761,0.000176,5.673096,21.363056,-0.000011,17.747387,-2.264013,0.001131,27.772440,5657.235,2,0.000000,4,4,83.745186,1,0,0,0.008810,0.999961,0.000882,-0.638979,0.004951,0.769208,0.000064,-0.000113,0.000000,0.000000,0.000000,1,0.013244,5333.099121,3.186363,2440.568359,-0.000041,-0.031130,83.715019,1,0.005585,5082.821777,3.043183,2442.659180,-0.000039,-0.031156,83.775368,1,-0.005585,4717.187012,-19.266993,-998.149658,0.000246,0.012732,82.278603,1,-0.013244,4466.920898,-18.236574,-998.176147,0.000233,0.012732,82.261726,1943.987549,19600.035156,1574.191650,-0.184570,0.153687,-0.211914,0.000000,0.000000,0.000000,0.000000,0.000000,0.000000,0.000000,0.000000,0.000000
707,11.783334,84.486328,0.000176,5.969360,21.395456,-0.000010,17.773623,-2.263994,0.001133,27.814127,5665.658,2,0.000000,4,4,83.869476,1,0,0,0.008812,0.999961,0.000882,-0.638964,0.004952,0.769220,0.000059,-0.000117,0.000000,0.000000,0.000000,1,0.013247,5333.200684,3.174792,2437.537354,-0.000040,-0.031091,83.839294,1,0.005587,5082.859863,3.032110,2439.619141,-0.000039,-0.031118,83.899666,1,-0.005587,4717.107422,-19.297482,-996.707275,0.000246,0.012713,82.402664,1,-0.013247,4466.757324,-18.272160,-996.699768,0.000233,0.012713,82.385796,1940.758179,19599.912109,1571.332153,-0.030762,-0.384399,0.009766,0.000000,0.000000,0.000000,0.000000,0.000000,0.000000,0.000000,0.000000,0.000000
708,11.800000,84.843506,0.000175,6.265991,21.427803,-0.000012,17.799812,-2.263975,0.001128,27.855742,5674.067,2,0.000000,4,4,83.993546,1,0,0,0.008814,0.999961,0.000883,-0.638950,0.004952,0.769232,0.000059,-0.000117,0.000000,0.000000,0.000000,1,0.013250,5333.279785,3.115323,2434.523193,-0.000040,-0.031053,83.963356,1,0.005589,5082.933594,2.968903,2436.647461,-0.000038,-0.031080,84.023743,1,-0.005590,4717.049316,-19.216284,-995.290527,0.000245,0.012695,82.526512,1,-0.013250,4466.714355,-18.188276,-995.243713,0.000232,0.012694,82.509644,1937.474854,19599.974609,1568.598633,0.023315,0.150757,-0.083008,0.000000,0.000000,0.000000,0.000000,0.000000,0.000000,0.000000,0.000000,0.000000
709,11.816667,85.201172,0.000175,6.563110,21.460094,-0.000012,17.825956,-2.263957,0.001130,27.897284,5682.461,2,0.000000,4,4,84.117393,1,0,0,0.008816,0.999961,0.000884,-0.638936,0.004953,0.769244,0.000059,-0.000119,0.000000,0.000000,0.000000,1,0.013253,5333.420898,3.124439,2431.489014,-0.000040,-0.031014,84.087196,1,0.005592,5083.040527,2.977574,2433.657959,-0.000038,-0.031042,84.147606,1,-0.005592,4716.973633,-19.209679,-993.848145,0.000245,0.012677,82.650154,1,-0.013253,4466.595215,-18.188881,-993.831421,0.000232,0.012676,82.633278,1934.159912,19600.039062,1565.816162,-0.037476,0.245300,0.096680,0.000000,0.000000,0.000000,0.000000,0.000000,0.000000,0.000000,0.000000,0.000000
710,11.833333,85.559326,0.000175,6.860596,21.492331,-0.000011,17.852053,-2.263938,0.001134,27.938751,5690.840,2,0.000000,4,4,84.241020,1,0,0,0.008818,0.999961,0.000885,-0.638921,0.004953,0.769256,0.000059,-0.000117,0.000000,0.000000,0.000000,1,0.013256,5333.526367,3.113037,2428.478516,-0.000040,-0.030975,84.210815,1,0.005594,5083.120605,2.973202,2430.609863,-0.000038,-0.031003,84.271240,1,-0.005594,4716.908691,-19.255173,-992.400269,0.000246,0.012658,82.773590,1,-0.013256,4466.493652,-18.231794,-992.429688,0.000233,0.012659,82.756706,1930.897217,19600.058594,1562.909424,-0.006226,0.093201,-0.377441,0.000000,0.000000,0.000000,0.000000,0.000000,0.000000,0.000000,0.000000,0.000000
711,11.850000,85.918091,0.000175,7.158569,21.524511,-0.000010,17.878101,-2.263919,0.001135,27.980148,5699.204,2,0.000000,4,4,84.364426,1,0,0,0.008820,0.999961,0.000886,-0.638906,0.004954,0.769268,0.000057,-0.000123,0.000000,0.000000,0.000000,1,0.013259,5333.631348,3.067593,2425.483154,-0.000039,-0.030937,84.334206,1,0.005597,5083.167480,2.923358,2427.573486,-0.000037,-0.030964,84.394653,1,-0.005597,4716.779785,-19.307730,-990.903137,0.000246,0.012639,82.896812,1,-0.013260,4466.337402,-18.295464,-990.941406,0.000233,0.012640,82.879936,1927.828125,19599.902344,1560.023926,0.052490,-0.402710,0.468750,0.000000,0.000000,0.000000,0.000000,0.000000,0.000000,0.000000,0.000000,0.000000
712,11.866667,86.277344,0.000175,7.457031,21.556643,-0.000012,17.904102,-2.263900,0.001129,28.021477,5707.553,2,0.000000,4,4,84.487602,1,0,0,0.008822,0.999961,0.000886,-0.638892,0.004954,0.769280,0.000060,-0.000116,0.000000,0.000000,0.000000,1,0.013262,5333.681641,3.022258,2422.363281,-0.000039,-0.030897,84.457375,1,0.005599,5083.241211,2.873684,2424.563965,-0.000037,-0.030926,84.517838,1,-0.005599,4716.739746,-19.205059,-989.559570,0.000245,0.012622,83.019814,1,-0.013263,4466.281738,-18.184139,-989.495789,0.000232,0.012621,83.002945,1924.321777,19599.937500,1557.205933,0.151123,0.185242,-0.264648,0.000000,0.000000,0.000000,0.000000,0.000000,0.000000,0.000000,0.000000,0.000000
713,11.883333,86.637207,0.000174,7.755859,21.588715,-0.000013,17.930056,-2.263881,0.001132,28.062731,5715.885,2,0.000000,4,4,84.610565,1,0,0,0.008824,0.999961,0.000887,-0.638878,0.004955,0.769293,0.000061,-0.000119,0.000000,0.000000,0.000000,1,0.013266,5333.820801,3.017894,2419.386963,-0.000038,-0.030860,84.580330,1,0.005601,5083.337402,2.869513,2421.567871,-0.000037,-0.030887,84.640808,1,-0.005602,4716.620117,-19.235495,-988.034790,0.000245,0.012602,83.142624,1,-0.013266,4466.158203,-18.219917,-988.041687,0.000232,0.012603,83.125740,1921.205811,19599.929688,1554.460449,0.026245,0.132751,-0.031738,0.000000,0.000000,0.000000,0.000000,0.000000,0.000000,0.000000,0.000000,0.000000
714,11.900000,86.997559,0.000174,8.055176,21.620735,-0.000014,17.955963,-2.263862,0.001134,28.103916,5724.205,2,0.000000,4,4,84.733299,1,0,0,0.008826,0.999961,0.000888,-0.638863,0.004955,0.769305,0.000062,-0.000119,0.000000,0.000000,0.000000,1,0.013269,5333.924316,2.986383,2416.345947,-0.000038,-0.030821,84.703056,1,0.005604,5083.426270,2.852423,2418.523438,-0.000036,-0.030849,84.763550,1,-0.005604,4716.569336,-19.266161,-986.630981,0.000246,0.012585,83.265205,1,-0.013269,4466.053223,-18.241720,-986.611755,0.000233,0.012584,83.248329,1917.908203,19599.972656,1551.530273,-0.504028,0.138184,0.033203,0.000000,0.000000,0.000000,0.000000,0.000000,0.000000,0.000000,0.000000,0.000000
715,11.916667,87.358398,0.000174,8.354858,21.652700,-0.000014,17.981821,-2.263844,0.001136,28.145023,5732.508,2,0.000000,4,4,84.855804,1,0,0,0.008828,0.999961,0.000889,-0.638848,0.004956,0.769317,0.000053,-0.000121,0.000000,0.000000,0.000000,1,0.013272,5334.038086,2.961753,2413.287109,-0.000038,-0.030782,84.825554,1,0.005606,5083.483887,2.822455,2415.442627,-0.000036,-0.030809,84.886063,1,-0.005606,4716.524414,-19.304188,-985.149536,0.000246,0.012566,83.387589,1,-0.013272,4465.970215,-18.277559,-985.193115,0.000233,0.012566,83.370705,1914.638428,19600.023438,1548.586426,-0.317993,-0.187561,0.057617,0.000000,0.000000,0.000000,0.000000,0.000000,0.000000,0.000000,0.000000,0.000000
716,11.933333,87.719849,0.000174,8.655029,21.684610,-0.000014,18.007631,-2.263824,0.001133,28.186062,5740.796,2,0.000000,4,4,84.978096,1,0,0,0.008830,0.999961,0.000889,-0.638834,0.004957,0.769329,0.000048,-0.000122,0.000000,0.000000,0.000000,1,0.013275,5334.132324,2.916889,2410.259033,-0.000037,-0.030743,84.947838,1,0.005608,5083.516113,2.779670,2412.436279,-0.000035,-0.030771,85.008362,1,-0.005608,4716.463379,-19.268480,-983.728027,0.000246,0.012548,83.509750,1,-0.013275,4465.857910,-18.243530,-983.694397,0.000233,0.012547,83.492874,1911.393555,19599.968750,1545.808594,0.428223,-0.307129,0.153320,0.000000,0.000000,0.000000,0.000000,0.000000,0.000000,0.000000,0.000000,0.000000
717,11.950000,88.081787,0.000173,8.955566,21.716467,-0.000014,18.033394,-2.263806,0.001128,28.227030,5749.069,2,0.000000,4,4,85.100159,1,0,0,0.008832,0.999961,0.000890,-0.638819,0.004957,0.769341,0.000056,-0.000117,0.000000,0.000000,0.000000,1,0.013278,5334.246582,2.878929,2407.190918,-0.000037,-0.030704,85.069893,1,0.005611,5083.639160,2.737064,2409.451172,-0.000035,-0.030733,85.130440,1,-0.005611,4716.382324,-19.188745,-982.280823,0.000245,0.012529,83.631706,1,-0.013279,4465.743652,-18.153975,-982.215393,0.000232,0.012528,83.614822,1908.071411,19600.017578,1543.104980,0.325806,0.208252,0.287109,0.000000,0.000000,0.000000,0.000000,0.000000,0.000000,0.000000,0.000000,0.000000
718,11.966666,88.444214,0.000173,9.256592,21.748268,-0.000014,18.059113,-2.263787,0.001131,28.267925,5757.327,2,0.000000,4,4,85.221992,1,0,0,0.008834,0.999961,0.000891,-0.638805,0.004958,0.769353,0.000063,-0.000111,0.000000,0.000000,0.000000,1,0.013281,5334.296875,2.874791,2404.109375,-0.000037,-0.030665,85.191719,1,0.005613,5083.716797,2.746008,2406.387939,-0.000035,-0.030694,85.252281,1,-0.005613,4716.266113,-19.211895,-980.790344,0.000245,0.012510,83.753448,1,-0.013282,4465.682617,-18.190006,-980.794556,0.000232,0.012510,83.736557,1904.758789,19599.958984,1540.223389,0.292847,0.174927,0.221191,0.000000,0.000000,0.000000,0.000000,0.000000,0.000000,0.000000,0.000000,0.000000
719,11.983334,88.807251,0.000173,9.557983,21.780014,-0.000015,18.084784,-2.263768,0.001134,28.308741,5765.570,2,0.000000,4,4,85.343605,1,0,0,0.008835,0.999961,0.000892,-0.638790,0.004958,0.769365,0.000069,-0.000107,0.000000,0.000000,0.000000,1,0.013284,5334.392090,2.863959,2401.062744,-0.000037,-0.030626,85.313332,1,0.005615,5083.805664,2.729254,2403.308838,-0.000035,-0.030654,85.373894,1,-0.005616,4716.175293,-19.249788,-979.311768,0.000246,0.012491,83.874977,1,-0.013284,4465.628906,-18.219072,-979.368591,0.000232,0.012492,83.858086,1901.481445,19600.005859,1537.319336,-0.261475,0.052429,0.209961,0.000000,0.000000,0.000000,0.000000,0.000000,0.000000,0.000000,0.000000,0.000000
720,12.000000,89.170776,0.000173,9.859863,21.811705,-0.000015,18.110405,-2.263749,0.001135,28.349491,5773.797,2,0.000000,4,4,85.464996,1,0,0,0.008837,0.999961,0.000893,-0.638776,0.004958,0.769377,0.000066,-0.000105,0.000000,0.000000,0.000000,1,0.013287,5334.476562,2.846430,2397.975098,-0.000036,-0.030586,85.434715,1,0.005618,5083.896484,2.712555,2400.245117,-0.000035,-0.030615,85.495293,1,-0.005618,4716.137695,-19.243921,-977.907227,0.000245,0.012473,83.996284,1,-0.013287,4465.539551,-18.227171,-977.927917,0.000232,0.012474,83.979401,1898.102051,19600.062500,1534.406250,-0.192383,0.227600,0.201172,0.000000,0.000000,0.000000,0.000000,0.000000,0.000000,0.000000,0.000000,0.000000
721,12.016666,89.534790,0.000173,10.162109,21.843340,-0.000014,18.135979,-2.263730,0.001138,28.390163,5782.010,2,0.000000,4,4,85.586166,1,0,0,0.008839,0.999961,0.000894,-0.638761,0.004958,0.769389,0.000063,-0.000102,0.000000,0.000000,0.000000,1,0.013290,5334.570312,2.815525,2394.956299,-0.000036,-0.030548,85.555878,1,0.005620,5083.934570,2.676673,2397.194824,-0.000034,-0.030576,85.616470,1,-0.005620,4716.052734,-19.311005,-976.386902,0.000246,0.012454,84.117386,1,-0.013290,4465.438965,-18.283672,-976.451477,0.000233,0.012455,84.100510,1895.000732,19599.996094,1531.523682,0.520996,-0.314941,0.317871,0.000000,0.000000,0.000000,0.000000,0.000000,0.000000,0.000000,0.000000,0.000000
722,12.033334,89.899414,0.000172,10.464844,21.874924,-0.000014,18.161505,-2.263711,0.001134,28.430767,5790.207,2,0.000000,4,4,85.707108,1,0,0,0.008841,0.999960,0.000895,-0.638747,0.004958,0.769401,0.000074,-0.000095,0.000000,0.000000,0.000000,1,0.013293,5334.641602,2.777992,2391.817139,-0.000035,-0.030508,85.676811,1,0.005623,5084.074707,2.640953,2394.171387,-0.000034,-0.030538,85.737419,1,-0.005623,4715.943848,-19.239204,-975.008423,0.000245,0.012436,84.238266,1,-0.013292,4465.402344,-18.209064,-974.982239,0.000232,0.012436,84.221405,1891.545166,19600.074219,1528.690186,0.398315,0.226074,0.251465,0.000000,0.000000,0.000000,0.000000,0.000000,0.000000,0.000000,0.000000,0.000000
723,12.050000,90.264526,0.000172,10.767944,21.906450,-0.000013,18.186983,-2.263692,0.001137,28.471298,5798.390,2,0.000000,4,4,85.827827,1,0,0,0.008842,0.999960,0.000896,-0.638732,0.004958,0.769413,0.000082,-0.000089,0.000000,0.000000,0.000000,1,0.013295,5334.687012,2.774061,2388.755859,-0.000035,-0.030469,85.797523,1,0.005626,5084.204102,2.637260,2391.109619,-0.000034,-0.030499,85.858139,1,-0.005625,4715.851074,-19.284309,-973.513672,0.000246,0.012417,84.358948,1,-0.013295,4465.320801,-18.258698,-973.549316,0.000233,0.012418,84.342079,1888.293945,19600.074219,1525.798096,0.320923,0.149719,0.240234,0.000000,0.000000,0.000000,0.000000,0.000000,0.000000,0.000000,0.000000,0.000000
724,12.066667,90.630127,0.000172,11.071533,21.937922,-0.000012,18.212414,-2.263674,0.001139,28.511753,5806.557,2,0.000000,4,4,85.948318,1,0,0,0.008843,0.999960,0.000897,-0.638717,0.004958,0.769425,0.000088,-0.000084,0.000000,0.000000,0.000000,1,0.013297,5334.747070,2.736702,2385.665527,-0.000035,-0.030429,85.918015,1,0.005628,5084.264648,2.608044,2388.018555,-0.000033,-0.030459,85.978630,1,-0.005628,4715.723145,-19.314629,-972.032104,0.000246,0.012398,84.479408,1,-0.013297,4465.260742,-18.287661,-972.088013,0.000233,0.012399,84.462547,1885.024658,19599.992188,1522.860352,-0.816284,0.044556,0.203613,0.000000,0.000000,0.000000,0.000000,0.000000,0.000000,0.000000,0.000000,0.000000
725,12.083333,90.996338,0.000172,11.375488,21.969339,-0.000012,18.237795,-2.263654,0.001140,28.552135,5814.708,2,0.000000,4,4,86.068573,1,0,0,0.008845,0.999960,0.000899,-0.638703,0.004958,0.769437,0.000075,-0.000085,0.000000,0.000000,0.000000,1,0.013300,5334.813965,2.712820,2382.567871,-0.000035,-0.030390,86.038269,1,0.005631,5084.319336,2.578914,2384.903564,-0.000033,-0.030420,86.098885,1,-0.005631,4715.697754,-19.345335,-970.564209,0.000247,0.012380,84.599655,1,-0.013300,4465.193848,-18.309681,-970.618225,0.000234,0.012380,84.582802,1881.714478,19600.027344,1519.915649,-0.647705,-0.149414,0.158691,0.000000,0.000000,0.000000,0.000000,0.000000,0.000000,0.000000,0.000000,0.000000
726,12.100000,91.363037,0.000171,11.679932,22.000702,-0.000012,18.263126,-2.263635,0.001138,28.592449,5822.844,2,0.000000,4,4,86.188591,1,0,0,0.008846,0.999960,0.000899,-0.638688,0.004958,0.769450,0.000065,-0.000085,0.000000,0.000000,0.000000,1,0.013302,5334.889648,2.642312,2379.414307,-0.000034,-0.030350,86.158287,1,0.005633,5084.334961,2.518060,2381.749756,-0.000032,-0.030379,86.218903,1,-0.005633,4715.628906,-19.332298,-969.107727,0.000247,0.012361,84.719688,1,-0.013302,4465.084961,-18.297161,-969.146057,0.000233,0.012362,84.702843,1878.325195,19599.925781,1516.904297,0.147461,-0.078979,0.164062,0.000000,0.000000,0.000000,0.000000,0.000000,0.000000,0.000000,0.000000,0.000000
727,12.116667,91.730225,0.000171,11.984741,22.032007,-0.000013,18.288408,-2.263616,0.001136,28.632683,5830.964,2,0.000000,4,4,86.308365,1,0,0,0.008848,0.999960,0.000900,-0.638674,0.004958,0.769462,0.000068,-0.000082,0.000000,0.000000,0.000000,1,0.013304,5334.965820,2.625310,2376.275879,-0.000033,-0.030310,86.278061,1,0.005635,5084.437988,2.495524,2378.639893,-0.000032,-0.030340,86.338684,1,-0.005635,4715.594727,-19.297752,-967.637085,0.000246,0.012342,84.839508,1,-0.013304,4465.058105,-18.271353,-967.632080,0.000233,0.012342,84.822670,1874.943359,19600.066406,1514.065063,0.212036,-0.063416,0.144531,0.000000,0.000000,0.000000,0.000000,0.000000,0.000000,0.000000,0.000000,0.000000
728,12.133333,92.097900,0.000171,12.289917,22.063257,-0.000012,18.313643,-2.263597,0.001135,28.672844,5839.067,2,0.000000,4,4,86.427887,1,0,0,0.008849,0.999960,0.000901,-0.638659,0.004958,0.769474,0.000072,-0.000079,0.000000,0.000000,0.000000,1,0.013307,5335.030762,2.601704,2373.060791,-0.000033,-0.030269,86.397583,1,0.005638,5084.524902,2.485730,2375.454590,-0.000032,-0.030299,86.458206,1,-0.005637,4715.502930,-19.263123,-966.119202,0.000246,0.012323,84.959114,1,-0.013306,4464.997070,-18.238674,-966.130493,0.000233,0.012323,84.942276,1871.463379,19600.062500,1511.161255,-0.342163,0.080261,0.084473,0.000000,0.000000,0.000000,0.000000,0.000000,0.000000,0.000000,0.000000,0.000000
729,12.150000,92.466187,0.000171,12.595581,22.094448,-0.000011,18.338829,-2.263579,0.001137,28.712927,5847.153,2,0.000000,4,4,86.547157,1,0,0,0.008850,0.999960,0.000902,-0.638644,0.004958,0.769486,0.000067,-0.000079,0.000000,0.000000,0.000000,1,0.013309,5335.093750,2.584814,2369.797363,-0.000033,-0.030227,86.516853,1,0.005640,5084.581055,2.463291,2372.199951,-0.000031,-0.030258,86.577477,1,-0.005639,4715.450684,-19.293812,-964.643921,0.000246,0.012304,85.078499,1,-0.013309,4464.937988,-18.260860,-964.636108,0.000233,0.012304,85.061661,1867.935181,19600.070312,1508.054199,-0.206299,0.161194,-0.030273,0.000000,0.000000,0.000000,0.000000,0.000000,0.000000,0.000000,0.000000,0.000000
730,12.166667,92.834961,0.000171,12.901611,22.125580,-0.000010,18.363964,-2.263560,0.001139,28.752934,5855.222,2,0.000000,4,4,86.666176,1,0,0,0.008852,0.999960,0.000903,-0.638630,0.004958,0.769498,0.000063,-0.000080,0.000000,0.000000,0.000000,1,0.013311,5335.176758,2.561351,2366.521973,-0.000033,-0.030185,86.635872,1,0.005642,5084.632812,2.440918,2368.887939,-0.000031,-0.030215,86.696495,1,-0.005642,4715.369629,-19.331564,-963.099731,0.000247,0.012284,85.197670,1,-0.013311,4464.836914,-18.303337,-963.165222,0.000233,0.012285,85.180824,1864.411377,19600.015625,1504.906006,0.525513,-0.378906,0.029785,0.000000,0.000000,0.000000,0.000000,0.000000,0.000000,0.000000,0.000000,0.000000
731,12.183333,93.204224,0.000171,13.208130,22.156652,-0.000010,18.389046,-2.263541,0.001133,28.792862,5863.274,2,0.000000,4,4,86.784935,1,0,0,0.008853,0.999960,0.000904,-0.638615,0.004958,0.769510,0.000072,-0.000077,0.000000,0.000000,0.000000,1,0.013313,5335.228516,2.518067,2363.210449,-0.000032,-0.030143,86.754631,1,0.005644,5084.725098,2.406006,2365.669189,-0.000031,-0.030174,86.815254,1,-0.005644,4715.286621,-19.225191,-961.534119,0.000245,0.012264,85.316612,1,-0.013313,4464.785156,-18.209557,-961.554199,0.000232,0.012265,85.299774,1860.896851,19600.025391,1502.088867,0.515625,0.186951,-0.075195,0.000000,0.000000,0.000000,0.000000,0.000000,0.000000,0.000000,0.000000,0.000000
732,12.200000,93.573975,0.000170,13.515015,22.187668,-0.000009,18.414080,-2.263522,0.001136,28.832712,5871.309,2,0.000000,4,4,86.903427,1,0,0,0.008854,0.999960,0.000906,-0.638601,0.004958,0.769522,0.000081,-0.000076,0.000000,0.000000,0.000000,1,0.013315,5335.298828,2.494768,2359.799316,-0.000032,-0.030099,86.873123,1,0.005647,5084.842773,2.383817,2362.289795,-0.000030,-0.030131,86.933746,1,-0.005647,4715.146484,-19.277178,-960.005188,0.000246,0.012245,85.435326,1,-0.013315,4464.692871,-18.252127,-960.033081,0.000233,0.012245,85.418488,1857.252686,19599.972656,1498.824097,0.486450,-0.100281,-0.041992,0.000000,0.000000,0.000000,0.000000,0.000000,0.000000,0.000000,0.000000,0.000000
733,12.216666,93.944336,0.000170,13.822388,22.218622,-0.000010,18.439060,-2.263503,0.001135,28.872486,5879.325,2,0.000000,4,4,87.021660,1,0,0,0.008856,0.999960,0.000907,-0.638586,0.004957,0.769534,0.000089,-0.000075,0.000000,0.000000,0.000000,1,0.013318,5335.368652,2.504580,2356.391846,-0.000032,-0.030056,86.991356,1,0.005650,5084.968750,2.380593,2358.929688,-0.000030,-0.030088,87.051979,1,-0.005649,4715.027832,-19.199871,-958.404236,0.000245,0.012225,85.553818,1,-0.013318,4464.607910,-18.185843,-958.454773,0.000232,0.012225,85.536980,1853.540649,19599.964844,1495.880371,0.368774,0.193481,-0.043945,0.000000,0.000000,0.000000,0.000000,0.000000,0.000000,0.000000,0.000000,0.000000
734,12.233334,94.315186,0.000170,14.130127,22.249514,-0.000010,18.463991,-2.263484,0.001138,28.912174,5887.323,2,0.000000,4,4,87.139626,1,0,0,0.008857,0.999960,0.000908,-0.638572,0.004957,0.769546,0.000095,-0.000074,0.000000,0.000000,0.000000,1,0.013320,5335.438965,2.461581,2352.950684,-0.000031,-0.030012,87.109322,1,0.005652,5085.069336,2.345926,2355.491455,-0.000030,-0.030045,87.169945,1,-0.005652,4714.914551,-19.280655,-956.783752,0.000246,0.012204,85.672073,1,-0.013320,4464.564941,-18.249001,-956.918152,0.000233,0.012206,85.655243,1849.963989,19599.984375,1492.564941,0.367310,0.029175,-0.698730,0.000000,0.000000,0.000000,0.000000,0.000000,0.000000,0.000000,0.000000,0.000000
735,12.250000,94.686523,0.000170,14.438232,22.280346,-0.000010,18.488867,-2.263465,0.001138,28.951786,5895.305,2,0.000000,4,4,87.257324,1,0,0,0.008858,0.999960,0.000910,-0.638557,0.004957,0.769559,0.000098,-0.000083,0.000000,0.000000,0.000000,1,0.013322,5335.553223,2.412133,2349.471191,-0.000031,-0.029968,87.227020,1,0.005655,5085.205078,2.298815,2352.039307,-0.000029,-0.030001,87.287643,1,-0.005655,4714.819336,-19.311199,-955.201416,0.000246,0.012184,85.790092,1,-0.013322,4464.450684,-18.277836,-955.294861,0.000233,0.012185,85.773285,1846.343018,19600.033203,1489.298584,0.378906,-0.295715,0.046875,0.000000,0.000000,0.000000,0.000000,0.000000,0.000000,0.000000,0.000000,0.000000
736,12.266666,95.058350,0.000170,14.746826,22.311119,-0.000010,18.513689,-2.263446,0.001134,28.991316,5903.268,2,0.000000,4,4,87.374756,1,0,0,0.008860,0.999960,0.000911,-0.638542,0.004956,0.769571,0.000105,-0.000080,0.000000,0.000000,0.000000,1,0.013324,5335.608887,2.389125,2345.895996,-0.000030,-0.029922,87.344452,1,0.005658,5085.304199,2.264364,2348.573975,-0.000029,-0.029956,87.405075,1,-0.005658,4714.668945,-19.219881,-953.614624,0.000245,0.012163,85.907883,1,-0.013324,4464.361816,-18.198376,-953.631714,0.000232,0.012164,85.891090,1842.499878,19599.933594,1486.198608,-0.265869,0.143677,0.014648,0.000000,0.000000,0.000000,0.000000,0.000000,0.000000,0.000000,0.000000,0.000000
737,12.283334,95.430664,0.000170,15.055786,22.341827,-0.000011,18.538460,-2.263427,0.001136,29.030773,5911.212,2,0.000000,4,4,87.491913,1,0,0,0.008861,0.999960,0.000913,-0.638528,0.004956,0.769583,0.000101,-0.000081,0.000000,0.000000,0.000000,1,0.013327,5335.705078,2.372777,2342.329834,-0.000030,-0.029877,87.461617,1,0.005661,5085.392578,2.261327,2345.003418,-0.000029,-0.029911,87.522224,1,-0.005662,4714.574707,-19.236256,-951.977173,0.000245,0.012143,86.025436,1,-0.013327,4464.282227,-18.213915,-952.029663,0.000232,0.012143,86.008652,1838.680176,19599.947266,1482.905029,-0.228882,0.168823,-0.007812,0.000000,0.000000,0.000000,0.000000,0.000000,0.000000,0.000000,0.000000,0.000000
738,12.300000,95.803589,0.000169,15.365112,22.372473,-0.000011,18.563175,-2.263408,0.001138,29.070133,5919.138,2,0.000000,4,4,87.608795,1,0,0,0.008862,0.999960,0.000914,-0.638513,0.004955,0.769595,0.000097,-0.000083,0.000000,0.000000,0.000000,1,0.013329,5335.793945,2.376167,2338.739746,-0.000030,-0.029831,87.578506,1,0.005664,5085.489746,2.270818,2341.371338,-0.000029,-0.029864,87.639099,1,-0.005664,4714.526367,-19.259949,-950.383545,0.000246,0.012122,86.142754,1,-0.013329,4464.224609,-18.243055,-950.439148,0.000233,0.012123,86.125977,1834.746460,19600.042969,1479.531372,-0.107544,0.119202,-0.125488,0.000000,0.000000,0.000000,0.000000,0.000000,0.000000,0.000000,0.000000,0.000000
739,12.316667,96.177002,0.000169,15.674927,22.403051,-0.000011,18.587833,-2.263389,0.001140,29.109411,5927.045,2,0.000000,4,4,87.725403,1,0,0,0.008864,0.999960,0.000916,-0.638499,0.004955,0.769607,0.000094,-0.000085,0.000000,0.000000,0.000000,1,0.013332,5335.862793,2.340216,2335.072266,-0.000030,-0.029784,87.695114,1,0.005667,5085.564941,2.230305,2337.734131,-0.000028,-0.029818,87.755699,1,-0.005667,4714.421875,-19.311903,-948.661621,0.000246,0.012100,86.259842,1,-0.013332,4464.115234,-18.278709,-948.740662,0.000233,0.012101,86.243073,1831.010498,19599.958984,1476.160156,-0.064575,-0.086914,-0.081055,0.000000,0.000000,0.000000,0.000000,0.000000,0.000000,0.000000,0.000000,0.000000
740,12.333333,96.550903,0.000169,15.985107,22.433569,-0.000011,18.612436,-2.263370,0.001139,29.148602,5934.934,2,0.000000,4,4,87.841736,1,0,0,0.008865,0.999960,0.000917,-0.638484,0.004955,0.769619,0.000093,-0.000087,0.000000,0.000000,0.000000,1,0.013334,5335.962402,2.297836,2331.409424,-0.000029,-0.029737,87.811455,1,0.005670,5085.680664,2.189924,2334.073730,-0.000028,-0.029771,87.872025,1,-0.005670,4714.337402,-19.299826,-946.992310,0.000246,0.012079,86.376678,1,-0.013334,4464.055664,-18.260633,-947.072876,0.000233,0.012080,86.359917,1827.125610,19600.042969,1472.810791,0.060913,-0.177490,-0.139648,0.000000,0.000000,0.000000,0.000000,0.000000,0.000000,0.000000,0.000000,0.000000
741,12.350000,96.925293,0.000169,16.295776,22.464022,-0.000011,18.636984,-2.263351,0.001136,29.187710,5942.805,2,0.000000,4,4,87.957787,1,0,0,0.008867,0.999960,0.000918,-0.638469,0.004955,0.769631,0.000093,-0.000088,0.000000,0.000000,0.000000,1,0.013337,5336.066406,2.281726,2327.679932,-0.000029,-0.029690,87.927513,1,0.005673,5085.777832,2.180801,2330.397705,-0.000028,-0.029724,87.988068,1,-0.005673,4714.232910,-19.245127,-945.284851,0.000245,0.012057,86.493271,1,-0.013337,4463.944824,-18.222269,-945.362488,0.000232,0.012058,86.476517,1823.163208,19600.027344,1469.554199,0.046387,0.098572,-0.099121,0.000000,0.000000,0.000000,0.000000,0.000000,0.000000,0.000000,0.000000,0.000000
742,12.366667,97.300171,0.000169,16.606812,22.494408,-0.000010,18.661476,-2.263332,0.001138,29.226732,5950.656,2,0.000000,4,4,88.073555,1,0,0,0.008868,0.999960,0.000920,-0.638455,0.004954,0.769643,0.000093,-0.000090,0.000000,0.000000,0.000000,1,0.013339,5336.129883,2.265649,2323.936523,-0.000029,-0.029642,88.043289,1,0.005676,5085.853516,2.153032,2326.648193,-0.000027,-0.029677,88.103828,1,-0.005676,4714.137695,-19.254530,-943.545471,0.000246,0.012035,86.609612,1,-0.013339,4463.850098,-18.231152,-943.649719,0.000233,0.012036,86.592865,1819.243408,19599.964844,1466.163818,0.114502,0.173157,-0.168945,0.000000,0.000000,0.000000,0.000000,0.000000,0.000000,0.000000,0.000000,0.000000
743,12.383333,97.675537,0.000168,16.918213,22.524729,-0.000011,18.685913,-2.263313,0.001140,29.265671,5958.488,2,0.000000,4,4,88.189041,1,0,0,0.008870,0.999960,0.000921,-0.638440,0.004954,0.769655,0.000095,-0.000092,0.000000,0.000000,0.000000,1,0.013342,5336.222656,2.230072,2320.162109,-0.000028,-0.029594,88.158783,1,0.005679,5085.935547,2.125345,2322.882568,-0.000027,-0.029629,88.219307,1,-0.005679,4714.009277,-19.306332,-941.820190,0.000246,0.012013,86.725700,1,-0.013342,4463.775391,-18.287102,-941.935303,0.000233,0.012014,86.708969,1815.348145,19599.933594,1462.652832,0.130493,0.093994,-0.773926,0.000000,0.000000,0.000000,0.000000,0.000000,0.000000,0.000000,0.000000,0.000000
744,12.400000,98.051514,0.000168,17.230103,22.554985,-0.000012,18.710291,-2.263294,0.001142,29.304520,5966.301,2,0.000000,4,4,88.304245,1,0,0,0.008872,0.999960,0.000923,-0.638425,0.004954,0.769668,0.000093,-0.000103,0.000000,0.000000,0.000000,1,0.013345,5336.361328,2.194613,2316.338867,-0.000028,-0.029545,88.273994,1,0.005682,5086.082520,2.103971,2319.059326,-0.000027,-0.029580,88.334503,1,-0.005682,4713.930176,-19.344101,-940.125732,0.000247,0.011991,86.841537,1,-0.013345,4463.614746,-18.322502,-940.235718,0.000234,0.011993,86.824821,1811.310913,19599.988281,1459.076660,0.204590,-0.352173,0.029785,0.000000,0.000000,0.000000,0.000000,0.000000,0.000000,0.000000,0.000000,0.000000
745,12.416667,98.427979,0.000168,17.542358,22.585173,-0.000012,18.734610,-2.263275,0.001136,29.343285,5974.096,2,0.000000,4,4,88.419159,1,0,0,0.008873,0.999960,0.000924,-0.638411,0.004954,0.769680,0.000097,-0.000102,0.000000,0.000000,0.000000,1,0.013347,5336.432617,2.152722,2312.454834,-0.000027,-0.029496,88.388916,1,0.005685,5086.161621,2.051640,2315.256348,-0.000026,-0.029531,88.449409,1,-0.005686,4713.766602,-19.268419,-938.380676,0.000246,0.011969,86.957123,1,-0.013348,4463.506348,-18.251032,-938.438538,0.000233,0.011970,86.940422,1807.239502,19599.847656,1455.711060,0.142944,0.136902,0.020020,0.000000,0.000000,0.000000,0.000000,0.000000,0.000000,0.000000,0.000000,0.000000
746,12.433333,98.804932,0.000168,17.854980,22.615294,-0.000014,18.758871,-2.263256,0.001138,29.381954,5981.870,2,0.000000,4,4,88.533783,1,0,0,0.008875,0.999960,0.000926,-0.638396,0.004954,0.769692,0.000100,-0.000101,0.000000,0.000000,0.000000,1,0.013350,5336.544434,2.136944,2308.568359,-0.000027,-0.029446,88.503548,1,0.005688,5086.313965,2.042811,2311.399658,-0.000026,-0.029482,88.564026,1,-0.005689,4713.701660,-19.292198,-936.594421,0.000246,0.011946,87.072456,1,-0.013351,4463.451172,-18.266884,-936.698364,0.000233,0.011948,87.055763,1803.188477,19600.019531,1452.210449,-0.413330,0.080811,-0.052246,0.000000,0.000000,0.000000,0.000000,0.000000,0.000000,0.000000,0.000000,0.000000
747,12.450000,99.182373,0.000168,18.168091,22.645348,-0.000014,18.783075,-2.263237,0.001140,29.420536,5989.624,2,0.000000,4,4,88.648117,1,0,0,0.008877,0.999960,0.000927,-0.638382,0.004953,0.769704,0.000092,-0.000104,0.000000,0.000000,0.000000,1,0.013353,5336.637695,2.127693,2304.666504,-0.000027,-0.029396,88.617897,1,0.005691,5086.354980,2.027784,2307.475098,-0.000026,-0.029432,88.678352,1,-0.005692,4713.600586,-19.301735,-934.808289,0.000246,0.011924,87.187531,1,-0.013354,4463.326660,-18.275791,-934.912292,0.000233,0.011925,87.170853,1799.095825,19599.910156,1448.702881,-0.295898,0.134277,-0.059570,0.000000,0.000000,0.000000,0.000000,0.000000,0.000000,0.000000,0.000000,0.000000
748,12.466666,99.560303,0.000167,18.481567,22.675333,-0.000015,18.807220,-2.263218,0.001142,29.459028,5997.360,2,0.000000,4,4,88.762154,1,0,0,0.008878,0.999960,0.000928,-0.638367,0.004953,0.769716,0.000087,-0.000106,0.000000,0.000000,0.000000,1,0.013356,5336.753418,2.112002,2300.706787,-0.000027,-0.029346,88.731941,1,0.005694,5086.472168,2.012833,2303.521240,-0.000026,-0.029382,88.792381,1,-0.005695,4713.520996,-19.325460,-933.033752,0.000246,0.011901,87.302338,1,-0.013357,4463.240234,-18.304874,-933.141602,0.000233,0.011902,87.285675,1794.942017,19599.990234,1445.092651,-0.789673,-0.176331,-0.040527,0.000000,0.000000,0.000000,0.000000,0.000000,0.000000,0.000000,0.000000,0.000000
749,12.483334,99.938721,0.000167,18.795410,22.705248,-0.000015,18.831305,-2.263199,0.001139,29.497427,6005.074,2,0.000000,4,4,88.875900,1,0,0,0.008880,0.999960,0.000929,-0.638352,0.004954,0.769728,0.000073,-0.000110,0.000000,0.000000,0.000000,1,0.013359,5336.872559,2.076949,2296.717041,-0.000026,-0.029295,88.845695,1,0.005697,5086.505859,1.973230,2299.523926,-0.000025,-0.029331,88.906113,1,-0.005697,4713.511719,-19.286211,-931.280457,0.000246,0.011879,87.416885,1,-0.013360,4463.133789,-18.260654,-931.335510,0.000233,0.011879,87.400238,1790.684326,19600.033203,1441.516602,0.777832,-0.305786,-0.128906,0.000000,0.000000,0.000000,0.000000,0.000000,0.000000,0.000000,0.000000,0.000000
750,12.500000,100.317627,0.000167,19.109619,22.735092,-0.000014,18.855330,-2.263180,0.001134,29.535736,6012.770,2,0.000000,4,4,88.989349,1,0,0,0.008882,0.999960,0.000930,-0.638338,0.004954,0.769740,0.000086,-0.000109,0.000000,0.000000,0.000000,1,0.013362,5336.952148,2.029054,2292.642822,-0.000026,-0.029243,88.959152,1,0.005700,5086.626465,1.933767,2295.571045,-0.000025,-0.029280,89.019554,1,-0.005700,4713.353027,-19.211420,-929.423340,0.000245,0.011855,87.531181,1,-0.013363,4463.036621,-18.190062,-929.474915,0.000232,0.011856,87.514542,1786.487183,19599.966797,1438.054443,0.665771,0.161865,-0.145020,0.000000,0.000000,0.000000,0.000000,0.000000,0.000000,0.000000,0.000000,0.000000
751,12.516666,100.697021,0.000167,19.424316,22.764868,-0.000015,18.879297,-2.263161,0.001137,29.573954,6020.445,2,0.000000,4,4,89.102501,1,0,0,0.008884,0.999960,0.000932,-0.638323,0.004954,0.769753,0.000097,-0.000108,0.000000,0.000000,0.000000,1,0.013365,5337.060059,2.039380,2288.622070,-0.000026,-0.029192,89.072311,1,0.005703,5086.785645,1.937480,2291.572510,-0.000025,-0.029229,89.132698,1,-0.005703,4713.213379,-19.228096,-927.550903,0.000245,0.011831,87.645203,1,-0.013366,4462.938965,-18.199352,-927.659973,0.000232,0.011832,87.628571,1782.317871,19600.001953,1434.524902,0.531982,0.325562,-0.725586,0.000000,0.000000,0.000000,0.000000,0.000000,0.000000,0.000000,0.000000,0.000000
752,12.533334,101.076904,0.000166,19.739380,22.794573,-0.000015,18.903206,-2.263142,0.001142,29.612080,6028.100,2,0.000000,4,4,89.215347,1,0,0,0.008886,0.999960,0.000933,-0.638309,0.004954,0.769765,0.000102,-0.000117,0.000000,0.000000,0.000000,1,0.013368,5337.192383,2.023914,2284.556641,-0.000026,-0.029140,89.185173,1,0.005706,5086.913086,1.928891,2287.496094,-0.000025,-0.029177,89.245537,1,-0.005707,4713.066406,-19.307764,-925.711487,0.000246,0.011808,87.758949,1,-0.013369,4462.775879,-18.281322,-925.864136,0.000233,0.011809,87.742332,1778.126221,19599.941406,1430.750977,-0.098877,-0.010132,-1.117676,0.000000,0.000000,0.000000,0.000000,0.000000,0.000000,0.000000,0.000000,0.000000
753,12.550000,101.457275,0.000166,20.054810,22.824209,-0.000015,18.927052,-2.263123,0.001142,29.650112,6035.735,2,0.000000,4,4,89.327896,1,0,0,0.008888,0.999960,0.000935,-0.638294,0.004954,0.769777,0.000096,-0.000135,0.000000,0.000000,0.000000,1,0.013372,5337.374512,1.989200,2280.421387,-0.000025,-0.029087,89.297729,1,0.005710,5087.000000,1.895775,2283.362061,-0.000024,-0.029125,89.358070,1,-0.005710,4712.955566,-19.324499,-923.886414,0.000246,0.011784,87.872429,1,-0.013373,4462.600586,-18.303501,-924.009521,0.000233,0.011786,87.855835,1773.821411,19599.921875,1426.986084,-0.067017,-0.152527,-0.815430,0.000000,0.000000,0.000000,0.000000,0.000000,0.000000,0.000000,0.000000,0.000000
754,12.566667,101.838135,0.000166,20.370605,22.853773,-0.000016,18.950834,-2.263104,0.001139,29.688046,6043.349,2,0.000000,4,4,89.440147,1,0,0,0.008891,0.999960,0.000936,-0.638279,0.004954,0.769789,0.000091,-0.000147,0.000000,0.000000,0.000000,1,0.013376,5337.548340,1.961006,2276.311523,-0.000025,-0.029035,89.409988,1,0.005713,5087.126953,1.868891,2279.285889,-0.000024,-0.029073,89.470314,1,-0.005713,4712.855469,-19.271473,-922.017090,0.000246,0.011760,87.985641,1,-0.013377,4462.424805,-18.246347,-922.085938,0.000233,0.011761,87.969070,1769.565186,19599.953125,1423.472412,0.538330,-0.017822,-0.592773,0.000000,0.000000,0.000000,0.000000,0.000000,0.000000,0.000000,0.000000,0.000000
755,12.583333,102.219482,0.000166,20.686890,22.883266,-0.000017,18.974558,-2.263085,0.001139,29.725891,6050.943,2,0.000000,4,4,89.552086,1,0,0,0.008893,0.999960,0.000938,-0.638265,0.004955,0.769801,0.000097,-0.000154,0.000000,0.000000,0.000000,1,0.013380,5337.731934,1.958577,2272.163086,-0.000025,-0.028982,89.521942,1,0.005717,5087.302246,1.854336,2275.156982,-0.000024,-0.029020,89.582245,1,-0.005717,4712.713379,-19.260313,-920.146851,0.000246,0.011737,88.098579,1,-0.013381,4462.261719,-18.229063,-920.198059,0.000233,0.011737,88.082024,1765.239868,19600.017578,1419.845459,0.360840,0.129944,-0.339355,0.000000,0.000000,0.000000,0.000000,0.000000,0.000000,0.000000,0.000000,0.000000
756,12.600000,102.601318,0.000165,21.003540,22.912687,-0.000016,18.998222,-2.263066,0.001141,29.763645,6058.516,2,0.000000,4,4,89.663719,1,0,0,0.008896,0.999960,0.000939,-0.638250,0.004955,0.769813,0.000102,-0.000158,0.000000,0.000000,0.000000,1,0.013384,5337.859375,1.930486,2267.924561,-0.000025,-0.028928,89.633583,1,0.005720,5087.400879,1.839796,2270.931396,-0.000023,-0.028966,89.693863,1,-0.005721,4712.554688,-19.283997,-918.240784,0.000246,0.011712,88.211250,1,-0.013385,4462.114258,-18.264694,-918.346375,0.000233,0.011714,88.194702,1760.844727,19599.921875,1416.012695,-0.794434,-0.254395,2.144531,0.000000,0.000000,0.000000,0.000000,0.000000,0.000000,0.000000,0.000000,0.000000
757,12.616667,102.983643,0.000165,21.320557,22.942034,-0.000018,19.021822,-2.263047,0.001137,29.801296,6066.069,2,0.000000,4,4,89.775047,1,0,0,0.008898,0.999960,0.000941,-0.638235,0.004955,0.769825,0.000098,-0.000128,0.000000,0.000000,0.000000,1,0.013388,5337.896484,1.889628,2263.580322,-0.000024,-0.028872,89.744919,1,0.005724,5087.484863,1.800875,2266.705322,-0.000023,-0.028912,89.805183,1,-0.005724,4712.508789,-19.231621,-916.404297,0.000245,0.011689,88.323639,1,-0.013389,4462.107910,-18.208672,-916.480103,0.000232,0.011690,88.307106,1756.242920,19600.003906,1412.178589,-0.545898,0.084167,1.141602,0.000000,0.000000,0.000000,0.000000,0.000000,0.000000,0.000000,0.000000,0.000000
758,12.633333,103.366455,0.000165,21.637939,22.971304,-0.000018,19.045359,-2.263028,0.001138,29.838848,6073.600,2,0.000000,4,4,89.886078,1,0,0,0.008900,0.999960,0.000942,-0.638221,0.004955,0.769837,0.000094,-0.000113,0.000000,0.000000,0.000000,1,0.013391,5337.927246,1.874466,2259.311279,-0.000024,-0.028818,89.855965,1,0.005727,5087.573730,1.792543,2262.453613,-0.000023,-0.028858,89.916199,1,-0.005727,4712.432617,-19.241850,-914.462219,0.000245,0.011664,88.435760,1,-0.013392,4462.070312,-18.225071,-914.589722,0.000232,0.011666,88.419235,1751.830322,19600.009766,1408.400146,0.270874,-0.284424,1.442383,0.000000,0.000000,0.000000,0.000000,0.000000,0.000000,0.000000,0.000000,0.000000
759,12.650000,103.749756,0.000164,21.955811,23.000502,-0.000018,19.068832,-2.263009,0.001134,29.876305,6081.112,2,0.000000,4,4,89.996803,1,0,0,0.008901,0.999960,0.000944,-0.638206,0.004955,0.769849,0.000105,-0.000089,0.000000,0.000000,0.000000,1,0.013394,5337.931641,1.846560,2255.012451,-0.000024,-0.028763,89.966713,1,0.005730,5087.669922,1.759883,2258.255859,-0.000022,-0.028804,90.026909,1,-0.005730,4712.329590,-19.168743,-912.535767,0.000244,0.011639,88.547600,1,-0.013394,4462.078613,-18.149712,-912.640198,0.000232,0.011641,88.531090,1747.382568,19600.015625,1404.771606,0.376343,-0.029968,1.670898,0.000000,0.000000,0.000000,0.000000,0.000000,0.000000,0.000000,0.000000,0.000000
760,12.666667,104.133545,0.000164,22.274048,23.029625,-0.000018,19.092245,-2.262990,0.001133,29.913670,6088.603,2,0.000000,4,4,90.107216,1,0,0,0.008903,0.999960,0.000945,-0.638192,0.004954,0.769862,0.000120,-0.000062,0.000000,0.000000,0.000000,1,0.013396,5337.907227,1.837863,2250.623535,-0.000023,-0.028707,90.077141,1,0.005733,5087.807617,1.751650,2253.968994,-0.000022,-0.028750,90.137306,1,-0.005734,4712.215332,-19.123560,-910.587952,0.000244,0.011615,88.659157,1,-0.013396,4462.106934,-18.114044,-910.740173,0.000231,0.011617,88.642662,1742.791626,19600.046875,1400.993896,-0.121216,0.111816,1.183594,0.000000,0.000000,0.000000,0.000000,0.000000,0.000000,0.000000,0.000000,0.000000
761,12.683333,104.517822,0.000164,22.592651,23.058672,-0.000018,19.115595,-2.262972,0.001135,29.950932,6096.073,2,0.000000,4,4,90.217316,1,0,0,0.008903,0.999960,0.000947,-0.638177,0.004953,0.769874,0.000123,-0.000044,0.000000,0.000000,0.000000,1,0.013398,5337.929688,1.829211,2246.283936,-0.000023,-0.028652,90.187256,1,0.005737,5087.929688,1.743439,2249.682129,-0.000022,-0.028695,90.247383,1,-0.005737,4712.154297,-19.154888,-908.604675,0.000244,0.011589,88.770432,1,-0.013397,4462.154785,-18.124474,-908.801086,0.000231,0.011592,88.753960,1738.375610,19600.199219,1397.201782,0.043335,0.062439,0.148438,0.000000,0.000000,0.000000,0.000000,0.000000,0.000000,0.000000,0.000000,0.000000
762,12.700000,104.902588,0.000164,22.911621,23.087645,-0.000015,19.138882,-2.262953,0.001136,29.988098,6103.521,2,0.000000,4,4,90.327103,1,0,0,0.008904,0.999960,0.000949,-0.638162,0.004952,0.769886,0.000124,-0.000041,0.000000,0.000000,0.000000,1,0.013399,5337.965820,1.807860,2241.907959,-0.000023,-0.028596,90.297066,1,0.005740,5088.042969,1.717048,2245.328613,-0.000022,-0.028639,90.357147,1,-0.005740,4712.012695,-19.172049,-906.627014,0.000245,0.011564,88.881416,1,-0.013399,4462.089844,-18.147562,-906.846863,0.000231,0.011567,88.864967,1733.906616,19600.126953,1393.328125,0.052856,-0.060608,0.592773,0.000000,0.000000,0.000000,0.000000,0.000000,0.000000,0.000000,0.000000,0.000000
763,12.716666,105.287842,0.000163,23.230957,23.116543,-0.000014,19.162104,-2.262934,0.001135,30.025162,6110.948,2,0.000000,4,4,90.436577,1,0,0,0.008905,0.999960,0.000951,-0.638148,0.004950,0.769898,0.000128,-0.000032,0.000000,0.000000,0.000000,1,0.013401,5337.954590,1.786551,2237.518066,-0.000023,-0.028540,90.406563,1,0.005744,5088.144531,1.690724,2240.976562,-0.000022,-0.028584,90.466599,1,-0.005743,4711.929688,-19.141150,-904.654846,0.000244,0.011539,88.992111,1,-0.013400,4462.108887,-18.138323,-904.841370,0.000231,0.011541,88.975693,1729.413574,19600.156250,1389.539673,0.861084,-0.051636,0.133789,0.000000,0.000000,0.000000,0.000000,0.000000,0.000000,0.000000,0.000000,0.000000
764,12.733334,105.673584,0.000163,23.550659,23.145367,-0.000011,19.185263,-2.262915,0.001134,30.062134,6118.355,2,0.000000,4,4,90.545738,1,0,0,0.008905,0.999960,0.000953,-0.638133,0.004949,0.769910,0.000143,-0.000026,0.000000,0.000000,0.000000,1,0.013402,5337.975098,1.739912,2233.087402,-0.000022,-0.028483,90.515747,1,0.005747,5088.299805,1.664486,2236.631348,-0.000021,-0.028528,90.575737,1,-0.005746,4711.740723,-19.144428,-902.683411,0.000244,0.011514,89.102516,1,-0.013401,4462.051758,-18.135378,-902.878601,0.000231,0.011516,89.086128,1724.903564,19600.070312,1385.651855,0.182251,0.061584,-0.029297,0.000000,0.000000,0.000000,0.000000,0.000000,0.000000,0.000000,0.000000,0.000000
765,12.750000,106.059814,0.000163,23.870850,23.174114,-0.000010,19.208357,-2.262896,0.001135,30.098999,6125.740,2,0.000000,4,4,90.654579,1,0,0,0.008905,0.999960,0.000956,-0.638119,0.004947,0.769922,0.000146,-0.000025,0.000000,0.000000,0.000000,1,0.013403,5338.014160,1.731452,2228.658691,-0.000022,-0.028427,90.624611,1,0.005751,5088.407227,1.656438,2232.226318,-0.000021,-0.028472,90.684555,1,-0.005750,4711.590820,-19.147915,-900.700500,0.000244,0.011489,89.212631,1,-0.013402,4462.023926,-18.132618,-900.903992,0.000231,0.011491,89.196274,1720.332642,19600.031250,1381.786621,0.202881,0.141113,-0.277344,0.000000,0.000000,0.000000,0.000000,0.000000,0.000000,0.000000,0.000000,0.000000
766,12.766666,106.446533,0.000163,24.191406,23.202785,-0.000010,19.231386,-2.262877,0.001137,30.135777,6133.104,2,0.000000,4,4,90.763100,1,0,0,0.008906,0.999960,0.000958,-0.638104,0.004945,0.769934,0.000149,-0.000029,0.000000,0.000000,0.000000,1,0.013404,5338.041992,1.685007,2224.183105,-0.000021,-0.028370,90.733154,1,0.005755,5088.535156,1.606154,2227.780029,-0.000020,-0.028416,90.793053,1,-0.005754,4711.457031,-19.220295,-898.688416,0.000245,0.011463,89.322456,1,-0.013404,4461.932129,-18.194788,-898.899170,0.000232,0.011466,89.306129,1715.877319,19599.949219,1377.739258,0.843994,-0.145142,-0.985840,0.000000,0.000000,0.000000,0.000000,0.000000,0.000000,0.000000,0.000000,0.000000
767,12.783334,106.833740,0.000163,24.512329,23.231384,-0.000010,19.254349,-2.262858,0.001135,30.172447,6140.445,2,0.000000,4,4,90.871307,1,0,0,0.008907,0.999960,0.000961,-0.638090,0.004944,0.769946,0.000159,-0.000040,0.000000,0.000000,0.000000,1,0.013406,5338.178223,1.651367,2219.746826,-0.000021,-0.028313,90.841385,1,0.005759,5088.730957,1.580140,2223.391846,-0.000020,-0.028360,90.901237,1,-0.005758,4711.288574,-19.175653,-896.677551,0.000245,0.011437,89.431992,1,-0.013405,4461.863281,-18.165901,-896.868896,0.000232,0.011440,89.415695,1711.359863,19600.064453,1373.959595,0.617798,-0.042725,-0.316895,0.000000,0.000000,0.000000,0.000000,0.000000,0.000000,0.000000,0.000000,0.000000
768,12.800000,107.221436,0.000162,24.833618,23.259907,-0.000009,19.277248,-2.262839,0.001135,30.209015,6147.766,2,0.000000,4,4,90.979187,1,0,0,0.008907,0.999960,0.000963,-0.638075,0.004942,0.769958,0.000168,-0.000042,0.000000,0.000000,0.000000,1,0.013408,5338.232422,1.630427,2215.175781,-0.000021,-0.028255,90.949287,1,0.005763,5088.929199,1.560217,2218.909912,-0.000020,-0.028302,91.009094,1,-0.005762,4711.112305,-19.165442,-894.712402,0.000244,0.011412,89.541229,1,-0.013407,4461.790527,-18.150114,-894.908203,0.000232,0.011415,89.524963,1706.597778,19600.068359,1369.939575,0.564209,-0.139771,-0.429199,0.000000,0.000000,0.000000,0.000000,0.000000,0.000000,0.000000,0.000000,0.000000
769,12.816667,107.609619,0.000162,25.155273,23.288349,-0.000008,19.300081,-2.262820,0.001132,30.245483,6155.065,2,0.000000,4,4,91.086746,1,0,0,0.008908,0.999960,0.000966,-0.638061,0.004940,0.769970,0.000176,-0.000046,0.000000,0.000000,0.000000,1,0.013409,5338.276367,1.603227,2210.629639,-0.000020,-0.028197,91.056877,1,0.005767,5089.062500,1.534310,2214.416992,-0.000020,-0.028245,91.116623,1,-0.005767,4710.905762,-19.120953,-892.669739,0.000244,0.011386,89.650185,1,-0.013409,4461.692383,-18.114866,-892.849792,0.000231,0.011388,89.633942,1701.955811,19599.917969,1366.073853,0.435425,0.133911,-0.509277,0.000000,0.000000,0.000000,0.000000,0.000000,0.000000,0.000000,0.000000,0.000000
770,12.833333,107.998291,0.000162,25.477295,23.316715,-0.000009,19.322849,-2.262801,0.001134,30.281849,6162.341,2,0.000000,4,4,91.193985,1,0,0,0.008909,0.999960,0.000969,-0.638046,0.004939,0.769982,0.000181,-0.000052,0.000000,0.000000,0.000000,1,0.013411,5338.372559,1.588723,2206.110840,-0.000020,-0.028139,91.164146,1,0.005772,5089.248535,1.520504,2209.874756,-0.000019,-0.028187,91.223831,1,-0.005772,4710.731934,-19.158875,-890.641235,0.000244,0.011360,89.758842,1,-0.013411,4461.607910,-18.151100,-890.851990,0.000232,0.011363,89.742622,1697.322754,19599.949219,1362.047852,0.296021,-0.003113,-1.103027,0.000000,0.000000,0.000000,0.000000,0.000000,0.000000,0.000000,0.000000,0.000000
771,12.850000,108.387329,0.000162,25.799683,23.345003,-0.000010,19.345551,-2.262782,0.001134,30.318111,6169.596,2,0.000000,4,4,91.300903,1,0,0,0.008910,0.999960,0.000972,-0.638031,0.004937,0.769994,0.000181,-0.000068,0.000000,0.000000,0.000000,1,0.013413,5338.520996,1.536490,2201.584229,-0.000020,-0.028081,91.271095,1,0.005777,5089.431641,1.470718,2205.371094,-0.000019,-0.028130,91.330719,1,-0.005777,4710.554199,-19.196747,-888.566528,0.000245,0.011334,89.867203,1,-0.013413,4461.475586,-18.180635,-888.776978,0.000232,0.011336,89.851013,1692.852783,19599.976562,1358.070068,0.699463,0.172546,-0.928711,0.000000,0.000000,0.000000,0.000000,0.000000,0.000000,0.000000,0.000000,0.000000
772,12.866667,108.776855,0.000162,26.122437,23.373217,-0.000010,19.368185,-2.262764,0.001137,30.354279,6176.830,2,0.000000,4,4,91.407486,1,0,0,0.008911,0.999960,0.000975,-0.638017,0.004935,0.770007,0.000189,-0.000079,0.000000,0.000000,0.000000,1,0.013416,5338.641113,1.534695,2196.992432,-0.000020,-0.028023,91.377708,1,0.005782,5089.631348,1.463027,2200.780029,-0.000019,-0.028071,91.437271,1,-0.005782,4710.350586,-19.220837,-886.521362,0.000245,0.011308,89.975258,1,-0.013416,4461.332031,-18.197189,-886.732605,0.000232,0.011310,89.959099,1688.143799,19599.945312,1354.049438,-0.074829,-0.083374,-0.174805,0.000000,0.000000,0.000000,0.000000,0.000000,0.000000,0.000000,0.000000,0.000000
773,12.883333,109.166870,0.000162,26.445557,23.401352,-0.000011,19.390753,-2.262744,0.001136,30.390339,6184.041,2,0.000000,4,4,91.513748,1,0,0,0.008913,0.999960,0.000978,-0.638002,0.004934,0.770019,0.000187,-0.000082,0.000000,0.000000,0.000000,1,0.013418,5338.735840,1.514054,2192.372803,-0.000019,-0.027964,91.484001,1,0.005787,5089.794922,1.443371,2196.201904,-0.000018,-0.028013,91.543503,1,-0.005787,4710.183105,-19.197353,-884.477539,0.000245,0.011282,90.083015,1,-0.013419,4461.231445,-18.188105,-884.704529,0.000232,0.011284,90.066887,1683.383789,19599.935547,1350.042725,0.487793,-0.205566,-0.791504,0.000000,0.000000,0.000000,0.000000,0.000000,0.000000,0.000000,0.000000,0.000000
774,12.900000,109.557373,0.000161,26.769165,23.429409,-0.000011,19.413254,-2.262726,0.001133,30.426296,6191.229,2,0.000000,4,4,91.619682,1,0,0,0.008914,0.999960,0.000981,-0.637988,0.004932,0.770031,0.000191,-0.000092,0.000000,0.000000,0.000000,1,0.013421,5338.865234,1.493477,2187.702393,-0.000019,-0.027904,91.589966,1,0.005792,5089.980469,1.417790,2191.583496,-0.000018,-0.027954,91.649406,1,-0.005792,4709.960938,-19.139725,-882.443970,0.000244,0.011256,90.190475,1,-0.013422,4461.095703,-18.120926,-882.627197,0.000231,0.011258,90.174377,1678.529785,19599.886719,1346.070312,0.247925,0.066162,-1.251465,0.000000,0.000000,0.000000,0.000000,0.000000,0.000000,0.000000,0.000000,0.000000
775,12.916667,109.948364,0.000161,27.093140,23.457384,-0.000013,19.435688,-2.262707,0.001134,30.462154,6198.396,2,0.000000,4,4,91.725296,1,0,0,0.008916,0.999960,0.000984,-0.637973,0.004931,0.770043,0.000190,-0.000111,0.000000,0.000000,0.000000,1,0.013425,5339.035645,1.472963,2183.125244,-0.000019,-0.027846,91.695618,1,0.005797,5090.158691,1.398245,2186.968262,-0.000018,-0.027895,91.754990,1,-0.005798,4709.761719,-19.136797,-880.343689,0.000244,0.011229,90.297638,1,-0.013425,4460.886719,-18.130962,-880.555725,0.000231,0.011232,90.281563,1673.878662,19599.818359,1342.102783,0.030762,0.094421,-0.932129,0.000000,0.000000,0.000000,0.000000,0.000000,0.000000,0.000000,0.000000,0.000000
776,12.933333,110.339844,0.000161,27.417480,23.485283,-0.000015,19.458055,-2.262688,0.001135,30.497904,6205.541,2,0.000000,4,4,91.830582,1,0,0,0.008918,0.999960,0.000986,-0.637959,0.004930,0.770055,0.000186,-0.000125,0.000000,0.000000,0.000000,1,0.013428,5339.219727,1.465026,2178.488037,-0.000019,-0.027787,91.800934,1,0.005802,5090.361328,1.390693,2182.336426,-0.000018,-0.027836,91.860245,1,-0.005803,4709.591309,-19.168024,-878.243469,0.000244,0.011202,90.404495,1,-0.013429,4460.734863,-18.154131,-878.465576,0.000232,0.011205,90.388451,1669.198486,19599.898438,1338.082031,-0.695068,-0.175842,-0.096680,0.000000,0.000000,0.000000,0.000000,0.000000,0.000000,0.000000,0.000000,0.000000
777,12.950000,110.731689,0.000161,27.742188,23.513103,-0.000016,19.480356,-2.262669,0.001133,30.533552,6212.665,2,0.000000,4,4,91.935532,1,0,0,0.008921,0.999960,0.000989,-0.637944,0.004929,0.770067,0.000174,-0.000130,0.000000,0.000000,0.000000,1,0.013432,5339.340820,1.425828,2173.749756,-0.000018,-0.027726,91.905914,1,0.005808,5090.492676,1.353335,2177.613281,-0.000017,-0.027776,91.965157,1,-0.005809,4709.445312,-19.138273,-876.234070,0.000244,0.011176,90.511040,1,-0.013433,4460.588379,-18.119501,-876.384338,0.000231,0.011178,90.495033,1664.257690,19599.855469,1333.920654,0.013428,-0.382385,-0.084961,0.000000,0.000000,0.000000,0.000000,0.000000,0.000000,0.000000,0.000000,0.000000
778,12.966666,111.124023,0.000160,28.067261,23.540842,-0.000018,19.502588,-2.262650,0.001127,30.569098,6219.765,2,0.000000,4,4,92.040161,1,0,0,0.008923,0.999960,0.000992,-0.637930,0.004928,0.770079,0.000174,-0.000131,0.000000,0.000000,0.000000,1,0.013436,5339.494141,1.386733,2169.018066,-0.000018,-0.027666,92.010574,1,0.005813,5090.670898,1.327990,2172.938721,-0.000017,-0.027716,92.069756,1,-0.005814,4709.293945,-19.034090,-874.178589,0.000243,0.011150,90.617294,1,-0.013437,4460.470703,-18.033783,-874.304199,0.000230,0.011152,90.601311,1659.307861,19599.929688,1329.931152,-0.084839,0.057373,-0.048340,0.000000,0.000000,0.000000,0.000000,0.000000,0.000000,0.000000,0.000000,0.000000
779,12.983334,111.516846,0.000160,28.392700,23.568497,-0.000019,19.524754,-2.262631,0.001128,30.604532,6226.843,2,0.000000,4,4,92.144463,1,0,0,0.008925,0.999960,0.000995,-0.637915,0.004928,0.770091,0.000172,-0.000132,0.000000,0.000000,0.000000,1,0.013440,5339.631836,1.372684,2164.320801,-0.000018,-0.027606,92.114906,1,0.005818,5090.829102,1.308648,2168.261475,-0.000017,-0.027656,92.174026,1,-0.005819,4709.135742,-19.045261,-872.051086,0.000243,0.011123,90.723251,1,-0.013441,4460.333008,-18.037996,-872.190552,0.000230,0.011125,90.707283,1654.576172,19599.931641,1325.896240,-0.158447,-0.019897,-1.099609,0.000000,0.000000,0.000000,0.000000,0.000000,0.000000,0.000000,0.000000,0.000000
780,13.000000,111.910156,0.000160,28.718506,23.596073,-0.000020,19.546852,-2.262613,0.001127,30.639862,6233.899,2,0.000000,4,4,92.248436,1,0,0,0.008927,0.999960,0.000997,-0.637901,0.004927,0.770103,0.000164,-0.000150,0.000000,0.000000,0.000000,1,0.013444,5339.826172,1.346221,2159.640869,-0.000017,-0.027546,92.218918,1,0.005823,5090.985840,1.271530,2163.534180,-0.000016,-0.027596,92.277969,1,-0.005824,4708.968262,-19.042910,-869.929565,0.000243,0.011096,90.828896,1,-0.013445,4460.127441,-18.035583,-870.095947,0.000230,0.011098,90.812943,1649.807373,19599.904297,1321.817993,-0.819092,-0.037720,-0.812012,0.000000,0.000000,0.000000,0.000000,0.000000,0.000000,0.000000,0.000000,0.000000
781,13.016666,112.303833,0.000159,29.044678,23.623569,-0.000021,19.568882,-2.262594,0.001127,30.675089,6240.934,2,0.000000,4,4,92.352074,1,0,0,0.008930,0.999960,0.000999,-0.637886,0.004927,0.770115,0.000146,-0.000166,0.000000,0.000000,0.000000,1,0.013449,5340.032227,1.313600,2154.877441,-0.000017,-0.027486,92.322586,1,0.005828,5091.096191,1.252293,2158.749512,-0.000016,-0.027535,92.381569,1,-0.005829,4708.855957,-19.047604,-867.826172,0.000243,0.011069,90.934227,1,-0.013450,4459.908691,-18.039572,-867.981812,0.000230,0.011071,90.918297,1644.933960,19599.886719,1317.651123,-0.107910,-0.332947,0.061035,0.000000,0.000000,0.000000,0.000000,0.000000,0.000000,0.000000,0.000000,0.000000
782,13.033334,112.697998,0.000159,29.371216,23.650986,-0.000023,19.590843,-2.262575,0.001122,30.710209,6247.945,2,0.000000,4,4,92.455391,1,0,0,0.008933,0.999960,0.001002,-0.637872,0.004927,0.770127,0.000145,-0.000166,0.000000,0.000000,0.000000,1,0.013453,5340.184570,1.274824,2150.109863,-0.000016,-0.027425,92.425934,1,0.005832,5091.241211,1.215326,2154.029785,-0.000016,-0.027475,92.484856,1,-0.005834,4708.720215,-18.971321,-865.738647,0.000242,0.011043,91.039253,1,-0.013455,4459.796875,-17.967398,-865.859253,0.000229,0.011044,91.023346,1640.017822,19599.947266,1313.622681,0.529663,-0.140015,0.047363,0.000000,0.000000,0.000000,0.000000,0.000000,0.000000,0.000000,0.000000,0.000000
783,13.050000,113.092651,0.000159,29.698120,23.678320,-0.000023,19.612738,-2.262557,0.001119,30.745224,6254.935,2,0.000000,4,4,92.558372,1,0,0,0.008936,0.999960,0.001004,-0.637858,0.004927,0.770139,0.000154,-0.000163,0.000000,0.000000,0.000000,1,0.013458,5340.325195,1.260982,2145.331299,-0.000016,-0.027364,92.528954,1,0.005838,5091.460938,1.208073,2149.303711,-0.000015,-0.027415,92.587807,1,-0.005839,4708.521973,-18.908504,-863.608398,0.000241,0.011015,91.143974,1,-0.013459,4459.659668,-17.914497,-863.751587,0.000229,0.011017,91.128082,1635.097168,19599.976562,1309.619141,0.278320,0.103455,0.144043,0.000000,0.000000,0.000000,0.000000,0.000000,0.000000,0.000000,0.000000,0.000000
784,13.066667,113.487793,0.000158,30.025391,23.705572,-0.000024,19.634565,-2.262538,0.001121,30.780132,6261.902,2,0.000000,4,4,92.661018,1,0,0,0.008938,0.999960,0.001007,-0.637843,0.004926,0.770151,0.000160,-0.000159,0.000000,0.000000,0.000000,1,0.013463,5340.464355,1.253380,2140.523193,-0.000016,-0.027303,92.631630,1,0.005843,5091.626465,1.194912,2144.494385,-0.000015,-0.027353,92.690414,1,-0.005844,4708.349609,-18.940201,-861.490356,0.000242,0.010988,91.248383,1,-0.013464,4459.502930,-17.938162,-861.635437,0.000229,0.010990,91.232513,1630.197754,19599.945312,1305.411133,0.260864,-0.268311,-0.344238,0.000000,0.000000,0.000000,0.000000,0.000000,0.000000,0.000000,0.000000,0.000000
785,13.083333,113.883301,0.000158,30.353027,23.732742,-0.000024,19.656322,-2.262519,0.001117,30.814934,6268.847,2,0.000000,4,4,92.763336,1,0,0,0.008941,0.999959,0.001009,-0.637829,0.004926,0.770162,0.000162,-0.000163,0.000000,0.000000,0.000000,1,0.013467,5340.645020,1.214819,2135.725342,-0.000015,-0.027241,92.733978,1,0.005848,5091.835938,1.158158,2139.764404,-0.000015,-0.027293,92.792702,1,-0.005849,4708.152832,-18.877701,-859.336792,0.000241,0.010961,91.352486,1,-0.013468,4459.343750,-17.879082,-859.489563,0.000228,0.010963,91.336632,1625.339844,19599.986328,1301.397827,0.017822,-0.095642,0.480957,0.000000,0.000000,0.000000,0.000000,0.000000,0.000000,0.000000,0.000000,0.000000
786,13.100000,114.279297,0.000157,30.681030,23.759830,-0.000025,19.678013,-2.262501,0.001115,30.849632,6275.769,2,0.000000,4,4,92.865318,1,0,0,0.008944,0.999959,0.001012,-0.637814,0.004925,0.770174,0.000165,-0.000156,0.000000,0.000000,0.000000,1,0.013472,5340.754883,1.207287,2130.905273,-0.000015,-0.027180,92.835999,1,0.005853,5091.987305,1.150988,2134.950439,-0.000015,-0.027232,92.894646,1,-0.005854,4707.994629,-18.828991,-857.197754,0.000240,0.010934,91.456268,1,-0.013472,4459.237793,-17.839483,-857.349365,0.000228,0.010936,91.440437,1620.369141,19599.980469,1297.326416,-0.019775,0.081177,0.395996,0.000000,0.000000,0.000000,0.000000,0.000000,0.000000,0.000000,0.000000,0.000000
787,13.116667,114.675781,0.000157,31.009399,23.786837,-0.000025,19.699635,-2.262482,0.001117,30.884218,6282.668,2,0.000000,4,4,92.966965,1,0,0,0.008946,0.999959,0.001014,-0.637800,0.004925,0.770186,0.000166,-0.000150,0.000000,0.000000,0.000000,1,0.013476,5340.900879,1.187414,2126.035400,-0.000015,-0.027118,92.937675,1,0.005858,5092.167480,1.126155,2130.109619,-0.000014,-0.027170,92.996262,1,-0.005859,4707.849121,-18.860966,-855.068481,0.000241,0.010906,91.559738,1,-0.013477,4459.095703,-17.857044,-855.270752,0.000228,0.010909,91.543930,1615.393311,19600.025391,1293.032837,0.577515,-0.121887,0.447266,0.000000,0.000000,0.000000,0.000000,0.000000,0.000000,0.000000,0.000000,0.000000
788,13.133333,115.072632,0.000157,31.338135,23.813761,-0.000025,19.721186,-2.262464,0.001115,30.918697,6289.544,2,0.000000,4,4,93.068283,1,0,0,0.008949,0.999959,0.001017,-0.637786,0.004924,0.770198,0.000179,-0.000140,0.000000,0.000000,0.000000,1,0.013480,5340.970215,1.179928,2121.221924,-0.000015,-0.027056,93.039032,1,0.005864,5092.360840,1.136722,2125.336426,-0.000014,-0.027109,93.097542,1,-0.005864,4707.619629,-18.798841,-852.854065,0.000240,0.010878,91.662903,1,-0.013481,4458.997559,-17.805031,-853.061279,0.000227,0.010881,91.647125,1610.544922,19599.945312,1289.120605,-0.783447,-0.130981,-0.203125,0.000000,0.000000,0.000000,0.000000,0.000000,0.000000,0.000000,0.000000,0.000000
789,13.150000,115.469971,0.000156,31.667236,23.840603,-0.000026,19.742672,-2.262445,0.001113,30.953077,6296.399,2,0.000000,4,4,93.169258,1,0,0,0.008951,0.999959,0.001020,-0.637772,0.004924,0.770210,0.000164,-0.000147,0.000000,0.000000,0.000000,1,0.013485,5341.168457,1.166319,2116.325195,-0.000015,-0.026994,93.140045,1,0.005869,5092.514160,1.106077,2120.430908,-0.000014,-0.027046,93.198479,1,-0.005869,4707.532227,-18.770927,-850.789307,0.000239,0.010852,91.765739,1,-0.013485,4458.874023,-17.778433,-850.927917,0.000227,0.010854,91.749992,1605.426758,19600.113281,1284.846558,-0.698975,0.067749,-0.167969,0.000000,0.000000,0.000000,0.000000,0.000000,0.000000,0.000000,0.000000,0.000000
790,13.166667,115.867798,0.000156,31.996582,23.867359,-0.000024,19.764086,-2.262427,0.001114,30.987341,6303.230,2,0.000000,4,4,93.269905,1,0,0,0.008954,0.999959,0.001022,-0.637757,0.004923,0.770222,0.000151,-0.000153,0.000000,0.000000,0.000000,1,0.013489,5341.301758,1.121909,2111.501709,-0.000014,-0.026932,93.240730,1,0.005874,5092.608398,1.063736,2115.551025,-0.000014,-0.026984,93.299088,1,-0.005874,4707.361816,-18.809637,-848.562073,0.000240,0.010823,91.868279,1,-0.013489,4458.687012,-17.814995,-848.765503,0.000227,0.010826,91.852547,1600.644043,19599.957031,1280.625977,-0.681396,-0.160583,0.570801,0.000000,0.000000,0.000000,0.000000,0.000000,0.000000,0.000000,0.000000,0.000000
791,13.183333,116.265991,0.000155,32.326294,23.894037,-0.000025,19.785429,-2.262408,0.001111,31.021496,6310.040,2,0.000000,4,4,93.370216,1,0,0,0.008956,0.999959,0.001024,-0.637743,0.004923,0.770233,0.000142,-0.000147,0.000000,0.000000,0.000000,1,0.013493,5341.421875,1.120699,2106.597168,-0.000014,-0.026870,93.341080,1,0.005878,5092.722168,1.062589,2110.685059,-0.000014,-0.026922,93.399368,1,-0.005879,4707.288086,-18.755264,-846.424255,0.000239,0.010796,91.970490,1,-0.013493,4458.599609,-17.757109,-846.605225,0.000226,0.010799,91.954788,1595.566650,19600.041016,1276.515381,-0.511230,0.072083,0.385742,0.000000,0.000000,0.000000,0.000000,0.000000,0.000000,0.000000,0.000000,0.000000
792,13.200000,116.664673,0.000155,32.656372,23.920630,-0.000024,19.806704,-2.262389,0.001113,31.055544,6316.827,2,0.000000,4,4,93.470192,1,0,0,0.008959,0.999959,0.001026,-0.637729,0.004923,0.770245,0.000135,-0.000143,0.000000,0.000000,0.000000,1,0.013497,5341.538086,1.094891,2101.673828,-0.000014,-0.026807,93.441086,1,0.005883,5092.850098,1.043858,2105.776367,-0.000013,-0.026859,93.499306,1,-0.005883,4707.186035,-18.774302,-844.262878,0.000239,0.010769,92.072388,1,-0.013497,4458.489258,-17.781406,-844.447998,0.000227,0.010771,92.056717,1590.585815,19600.078125,1272.228149,-0.294556,-0.340576,0.932129,0.000000,0.000000,0.000000,0.000000,0.000000,0.000000,0.000000,0.000000,0.000000
793,13.216666,117.063843,0.000155,32.986816,23.947140,-0.000023,19.827908,-2.262371,0.001107,31.089485,6323.589,2,0.000000,4,4,93.569839,1,0,0,0.008961,0.999959,0.001028,-0.637714,0.004922,0.770257,0.000134,-0.000130,0.000000,0.000000,0.000000,1,0.013501,5341.606445,1.056843,2096.748291,-0.000013,-0.026744,93.540771,1,0.005887,5092.952148,1.001733,2100.906250,-0.000013,-0.026797,93.598915,1,-0.005887,4707.058594,-18.693363,-842.104675,0.000238,0.010741,92.173973,1,-0.013501,4458.415527,-17.711248,-842.256592,0.000226,0.010743,92.158325,1585.556763,19600.039062,1268.107788,-0.190186,-0.007812,0.108398,0.000000,0.000000,0.000000,0.000000,0.000000,0.000000,0.000000,0.000000,0.000000
794,13.233334,117.463379,0.000154,33.317627,23.973566,-0.000023,19.849043,-2.262353,0.001107,31.123320,6330.331,2,0.000000,4,4,93.669151,1,0,0,0.008963,0.999959,0.001030,-0.637700,0.004922,0.770269,0.000131,-0.000129,0.000000,0.000000,0.000000,1,0.013505,5341.739746,1.049583,2091.876953,-0.000013,-0.026682,93.640121,1,0.005891,5093.123535,1.000678,2096.037842,-0.000013,-0.026735,93.698189,1,-0.005891,4706.944336,-18.672596,-839.917664,0.000238,0.010713,92.275238,1,-0.013505,4458.296875,-17.697834,-840.088318,0.000226,0.010715,92.259613,1580.605225,19600.123047,1263.993652,-0.208130,0.064575,0.089355,0.000000,0.000000,0.000000,0.000000,0.000000,0.000000,0.000000,0.000000,0.000000
795,13.250000,117.863403,0.000154,33.648804,23.999910,-0.000021,19.870110,-2.262334,0.001108,31.157043,6337.050,2,0.000000,4,4,93.768120,1,0,0,0.008965,0.999959,0.001032,-0.637686,0.004922,0.770281,0.000128,-0.000129,0.000000,0.000000,0.000000,1,0.013509,5341.853516,1.036206,2086.945801,-0.000013,-0.026619,93.739120,1,0.005896,5093.212402,0.993766,2091.108887,-0.000013,-0.026672,93.797127,1,-0.005895,4706.823242,-18.691780,-837.698120,0.000238,0.010685,92.376190,1,-0.013508,4458.200195,-17.697180,-837.919495,0.000226,0.010688,92.360588,1575.629639,19600.101562,1259.775391,-0.077637,-0.112122,0.580078,0.000000,0.000000,0.000000,0.000000,0.000000,0.000000,0.000000,0.000000,0.000000
796,13.266666,118.263794,0.000154,33.980347,24.026171,-0.000020,19.891106,-2.262316,0.001106,31.190659,6343.746,2,0.000000,4,4,93.866753,1,0,0,0.008967,0.999959,0.001034,-0.637672,0.004921,0.770292,0.000130,-0.000120,0.000000,0.000000,0.000000,1,0.013512,5341.932129,1.016730,2081.994385,-0.000013,-0.026556,93.837791,1,0.005900,5093.346680,0.969364,2086.204102,-0.000012,-0.026610,93.895721,1,-0.005899,4706.681641,-18.664442,-835.508240,0.000238,0.010657,92.476814,1,-0.013512,4458.085449,-17.671370,-835.718262,0.000225,0.010660,92.461243,1570.629639,19600.048828,1255.599854,-0.608765,0.006470,0.461426,0.000000,0.000000,0.000000,0.000000,0.000000,0.000000,0.000000,0.000000,0.000000
797,13.283334,118.664673,0.000153,34.312256,24.052347,-0.000019,19.912033,-2.262297,0.001106,31.224163,6350.418,2,0.000000,4,4,93.965050,1,0,0,0.008969,0.999959,0.001036,-0.637658,0.004921,0.770304,0.000121,-0.000116,0.000000,0.000000,0.000000,1,0.013515,5342.002930,0.978943,2077.033936,-0.000012,-0.026493,93.936134,1,0.005903,5093.415039,0.921671,2081.212891,-0.000012,-0.026546,93.993973,1,-0.005903,4706.625977,-18.683977,-833.366699,0.000238,0.010630,92.577118,1,-0.013515,4458.047363,-17.702499,-833.575256,0.000226,0.010632,92.561577,1565.568970,19600.101562,1251.185791,0.368286,-0.159119,0.089355,0.000000,0.000000,0.000000,0.000000,0.000000,0.000000,0.000000,0.000000,0.000000
798,13.300000,119.066040,0.000153,34.644531,24.078440,-0.000018,19.932886,-2.262279,0.001104,31.257559,6357.068,2,0.000000,4,4,94.063011,1,0,0,0.008971,0.999959,0.001038,-0.637643,0.004921,0.770316,0.000128,-0.000113,0.000000,0.000000,0.000000,1,0.013519,5342.121094,0.971807,2072.108887,-0.000012,-0.026430,94.034134,1,0.005907,5093.592773,0.926545,2076.315186,-0.000012,-0.026484,94.091896,1,-0.005907,4706.452637,-18.630219,-831.134705,0.000238,0.010601,92.677109,1,-0.013518,4457.924316,-17.632923,-831.338806,0.000225,0.010604,92.661598,1560.586548,19600.097656,1247.170898,-0.353760,-0.078369,-0.469727,0.000000,0.000000,0.000000,0.000000,0.000000,0.000000,0.000000,0.000000,0.000000
799,13.316667,119.467773,0.000153,34.977051,24.104450,-0.000017,19.953672,-2.262260,0.001103,31.290854,6363.696,2,0.000000,4,4,94.160637,1,0,0,0.008973,0.999959,0.001040,-0.637629,0.004920,0.770328,0.000120,-0.000122,0.000000,0.000000,0.000000,1,0.013522,5342.219238,0.921947,2067.169434,-0.000012,-0.026367,94.131805,1,0.005911,5093.659180,0.884824,2071.345947,-0.000011,-0.026420,94.189476,1,-0.005911,4706.312988,-18.629696,-828.954529,0.000238,0.010573,92.776772,1,-0.013522,4457.752930,-17.638557,-829.161194,0.000225,0.010576,92.761292,1555.593506,19599.925781,1242.864258,-0.235229,0.020752,-0.479980,0.000000,0.000000,0.000000,0.000000,0.000000,0.000000,0.000000,0.000000,0.000000
800,13.333333,119.869995,0.000152,35.309937,24.130377,-0.000018,19.974386,-2.262242,0.001103,31.324032,6370.301,2,0.000000,4,4,94.257919,1,0,0,0.008975,0.999959,0.001042,-0.637615,0.004920,0.770339,0.000113,-0.000130,0.000000,0.000000,0.000000,1,0.013526,5342.403320,0.896605,2062.257324,-0.000011,-0.026304,94.229134,1,0.005915,5093.791016,0.849019,2066.397705,-0.000011,-0.026357,94.286713,1,-0.005914,4706.215332,-18.642628,-826.725342,0.000238,0.010545,92.876122,1,-0.013525,4457.614258,-17.669411,-826.924683,0.000225,0.010548,92.860672,1550.726929,19600.021484,1238.652344,-0.713135,-0.201660,0.228027,0.000000,0.000000,0.000000,0.000000,0.000000,0.000000,0.000000,0.000000,0.000000
801,13.350000,120.272583,0.000152,35.643188,24.156221,-0.000017,19.995031,-2.262224,0.001100,31.357101,6376.883,2,0.000000,4,4,94.354866,1,0,0,0.008977,0.999959,0.001043,-0.637601,0.004920,0.770351,0.000102,-0.000130,0.000000,0.000000,0.000000,1,0.013529,5342.513184,0.883491,2057.252441,-0.000011,-0.026240,94.326118,1,0.005918,5093.869629,0.836518,2061.411621,-0.000011,-0.026294,94.383621,1,-0.005918,4706.189941,-18.596462,-824.592712,0.000237,0.010518,92.975143,1,-0.013529,4457.537598,-17.619211,-824.743103,0.000225,0.010520,92.959724,1545.533203,19600.125000,1234.397949,0.224243,-0.160828,-0.042969,0.000000,0.000000,0.000000,0.000000,0.000000,0.000000,0.000000,0.000000,0.000000
802,13.366667,120.675659,0.000152,35.976807,24.181980,-0.000016,20.015604,-2.262205,0.001098,31.390064,6383.441,2,0.000000,4,4,94.451477,1,0,0,0.008980,0.999959,0.001045,-0.637587,0.004921,0.770363,0.000106,-0.000130,0.000000,0.000000,0.000000,1,0.013533,5342.609863,0.858233,2052.293701,-0.000011,-0.026177,94.422768,1,0.005922,5093.984375,0.829856,2056.478760,-0.000011,-0.026231,94.480194,1,-0.005921,4705.994629,-18.536606,-822.335205,0.000236,0.010489,93.073853,1,-0.013532,4457.380371,-17.562626,-822.517822,0.000224,0.010491,93.058456,1540.538086,19599.957031,1230.326660,0.789307,-0.201904,-0.597168,0.000000,0.000000,0.000000,0.000000,0.000000,0.000000,0.000000,0.000000,0.000000
803,13.383333,121.079102,0.000152,36.310791,24.207655,-0.000016,20.036110,-2.262187,0.001095,31.422913,6389.977,2,0.000000,4,4,94.547745,1,0,0,0.008982,0.999959,0.001047,-0.637573,0.004920,0.770374,0.000117,-0.000135,0.000000,0.000000,0.000000,1,0.013537,5342.779785,0.857363,2047.299194,-0.000011,-0.026114,94.519073,1,0.005926,5094.176270,0.811628,2051.538574,-0.000010,-0.026168,94.576424,1,-0.005925,4705.883301,-18.477270,-820.151062,0.000236,0.010461,93.172234,1,-0.013536,4457.270996,-17.500170,-820.320862,0.000223,0.010463,93.156860,1535.421997,19600.125000,1226.179199,0.738037,0.061157,-0.583008,0.000000,0.000000,0.000000,0.000000,0.000000,0.000000,0.000000,0.000000,0.000000
804,13.400000,121.483032,0.000151,36.645020,24.233246,-0.000014,20.056547,-2.262169,0.001095,31.455656,6396.490,2,0.000000,4,4,94.643669,1,0,0,0.008984,0.999959,0.001049,-0.637559,0.004920,0.770386,0.000127,-0.000141,0.000000,0.000000,0.000000,1,0.013541,5342.926270,0.844345,2042.323730,-0.000011,-0.026050,94.615044,1,0.005930,5094.337891,0.810809,2046.537964,-0.000010,-0.026104,94.672310,1,-0.005929,4705.663574,-18.483500,-817.916992,0.000236,0.010433,93.270294,1,-0.013540,4457.063965,-17.499847,-818.101074,0.000223,0.010435,93.254944,1530.409424,19599.982422,1221.958740,0.532227,-0.100281,0.263672,0.000000,0.000000,0.000000,0.000000,0.000000,0.000000,0.000000,0.000000,0.000000
805,13.416667,121.887329,0.000151,36.979614,24.258753,-0.000014,20.076914,-2.262151,0.001094,31.488289,6402.980,2,0.000000,4,4,94.739258,1,0,0,0.008986,0.999959,0.001051,-0.637545,0.004920,0.770398,0.000137,-0.000134,0.000000,0.000000,0.000000,1,0.013544,5343.021973,0.831349,2037.276733,-0.000011,-0.025986,94.710670,1,0.005934,5094.494141,0.798422,2041.550781,-0.000010,-0.026040,94.767853,1,-0.005934,4705.492188,-18.443956,-815.736938,0.000235,0.010405,93.368027,1,-0.013544,4456.973633,-17.462683,-815.933960,0.000223,0.010407,93.352707,1525.226562,19599.972656,1217.689941,-0.062988,0.171875,-0.527832,0.000000,0.000000,0.000000,0.000000,0.000000,0.000000,0.000000,0.000000,0.000000
806,13.433333,122.292114,0.000151,37.314575,24.284174,-0.000015,20.097208,-2.262133,0.001097,31.520811,6409.447,2,0.000000,4,4,94.834511,1,0,0,0.008989,0.999959,0.001053,-0.637531,0.004920,0.770409,0.000134,-0.000143,0.000000,0.000000,0.000000,1,0.013548,5343.177246,0.824453,2032.326050,-0.000011,-0.025923,94.805969,1,0.005938,5094.632324,0.786061,2036.529663,-0.000010,-0.025976,94.863060,1,-0.005938,4705.358887,-18.470375,-813.481445,0.000236,0.010376,93.465446,1,-0.013548,4456.803223,-17.499975,-813.723267,0.000223,0.010379,93.450150,1520.270386,19599.960938,1213.434814,-0.057495,-0.028381,-0.967285,0.000000,0.000000,0.000000,0.000000,0.000000,0.000000,0.000000,0.000000,0.000000
807,13.450000,122.697266,0.000151,37.649902,24.309511,-0.000015,20.117432,-2.262114,0.001096,31.553223,6415.891,2,0.000000,4,4,94.929428,1,0,0,0.008992,0.999959,0.001055,-0.637517,0.004920,0.770421,0.000128,-0.000158,0.000000,0.000000,0.000000,1,0.013553,5343.372070,0.787300,2027.360474,-0.000010,-0.025859,94.900932,1,0.005943,5094.781738,0.762180,2031.528931,-0.000010,-0.025912,94.957932,1,-0.005943,4705.206055,-18.483606,-811.255554,0.000236,0.010348,93.562531,1,-0.013553,4456.613770,-17.512323,-811.492371,0.000223,0.010351,93.547272,1515.315430,19599.964844,1209.176025,0.535400,-0.251465,-1.323242,0.000000,0.000000,0.000000,0.000000,0.000000,0.000000,0.000000,0.000000,0.000000
808,13.466666,123.102905,0.000150,37.985474,24.334766,-0.000015,20.137585,-2.262096,0.001092,31.585526,6422.312,2,0.000000,4,4,95.024002,1,0,0,0.008994,0.999959,0.001057,-0.637503,0.004920,0.770433,0.000131,-0.000176,0.000000,0.000000,0.000000,1,0.013557,5343.578125,0.738124,2022.346924,-0.000009,-0.025795,94.995544,1,0.005947,5094.933105,0.703740,2026.534302,-0.000009,-0.025849,95.052467,1,-0.005947,4705.018066,-18.463968,-809.068726,0.000236,0.010320,93.659294,1,-0.013557,4456.370605,-17.487261,-809.259094,0.000223,0.010322,93.644066,1510.287109,19599.878906,1204.887329,0.398682,-0.058655,-1.520020,0.000000,0.000000,0.000000,0.000000,0.000000,0.000000,0.000000,0.000000,0.000000
809,13.483334,123.508911,0.000150,38.321411,24.359938,-0.000017,20.157665,-2.262078,0.001091,31.617718,6428.710,2,0.000000,4,4,95.118240,1,0,0,0.008998,0.999959,0.001059,-0.637489,0.004920,0.770444,0.000131,-0.000198,0.000000,0.000000,0.000000,1,0.013563,5343.851074,0.725322,2017.397705,-0.000009,-0.025732,95.089828,1,0.005952,5095.129883,0.697288,2021.573975,-0.000009,-0.025785,95.146667,1,-0.005952,4704.822266,-18.437860,-806.824463,0.000235,0.010291,93.755737,1,-0.013563,4456.110352,-17.462246,-807.005859,0.000223,0.010293,93.740540,1505.335083,19599.900391,1200.785645,-0.982422,-0.253113,-0.382812,0.000000,0.000000,0.000000,0.000000,0.000000,0.000000,0.000000,0.000000,0.000000
810,13.500000,123.915283,0.000150,38.657715,24.385027,-0.000018,20.177679,-2.262060,0.001088,31.649803,6435.086,2,0.000000,4,4,95.212135,1,0,0,0.009001,0.999959,0.001061,-0.637475,0.004921,0.770456,0.000112,-0.000208,0.000000,0.000000,0.000000,1,0.013568,5344.046387,0.682344,2012.320679,-0.000009,-0.025667,95.183762,1,0.005956,5095.205078,0.656293,2016.483154,-0.000008,-0.025720,95.240517,1,-0.005957,4704.728516,-18.392649,-804.718750,0.000235,0.010264,93.851852,1,-0.013569,4455.897949,-17.418945,-804.828369,0.000222,0.010266,93.836678,1500.038208,19599.861328,1196.363159,-0.794678,0.024597,-0.266602,0.000000,0.000000,0.000000,0.000000,0.000000,0.000000,0.000000,0.000000,0.000000
811,13.516666,124.322144,0.000149,38.994385,24.410028,-0.000020,20.197618,-2.262042,0.001088,31.681774,6441.438,2,0.000000,4,4,95.305695,1,0,0,0.009005,0.999959,0.001062,-0.637461,0.004922,0.770467,0.000097,-0.000216,0.000000,0.000000,0.000000,1,0.013574,5344.267578,0.681684,2007.338257,-0.000009,-0.025604,95.277359,1,0.005960,5095.310059,0.632640,2011.475220,-0.000008,-0.025657,95.334038,1,-0.005961,4704.657227,-18.399944,-802.421265,0.000235,0.010235,93.947662,1,-0.013574,4455.680176,-17.419085,-802.597351,0.000222,0.010237,93.932503,1495.091553,19599.906250,1192.184570,-0.659302,-0.010376,-0.057129,0.000000,0.000000,0.000000,0.000000,0.000000,0.000000,0.000000,0.000000,0.000000
812,13.533334,124.729370,0.000149,39.331299,24.434946,-0.000021,20.217487,-2.262024,0.001088,31.713638,6447.768,2,0.000000,4,4,95.398918,1,0,0,0.009009,0.999959,0.001063,-0.637447,0.004923,0.770479,0.000086,-0.000220,0.000000,0.000000,0.000000,1,0.013579,5344.452148,0.681022,2002.323608,-0.000009,-0.025540,95.370621,1,0.005964,5095.387695,0.649250,2006.417969,-0.000008,-0.025592,95.427223,1,-0.005965,4704.578125,-18.361580,-800.218201,0.000234,0.010207,94.043137,1,-0.013580,4455.511230,-17.388569,-800.394104,0.000222,0.010209,94.028000,1489.915527,19599.925781,1187.967651,0.180542,-0.206055,-0.610352,0.000000,0.000000,0.000000,0.000000,0.000000,0.000000,0.000000,0.000000,0.000000
813,13.550000,125.137085,0.000149,39.668579,24.459778,-0.000022,20.237288,-2.262006,0.001085,31.745392,6454.075,2,0.000000,4,4,95.491806,1,0,0,0.009012,0.999959,0.001065,-0.637433,0.004925,0.770490,0.000086,-0.000229,0.000000,0.000000,0.000000,1,0.013585,5344.692383,0.632204,1997.277222,-0.000008,-0.025475,95.463554,1,0.005968,5095.543457,0.608441,2001.386230,-0.000008,-0.025528,95.520065,1,-0.005969,4704.420410,-18.342600,-798.021301,0.000234,0.010179,94.138283,1,-0.013586,4455.269531,-17.364071,-798.160950,0.000221,0.010181,94.123177,1484.838379,19599.921875,1183.662231,-0.463135,-0.060059,-0.255859,0.000000,0.000000,0.000000,0.000000,0.000000,0.000000,0.000000,0.000000,0.000000
814,13.566667,125.545166,0.000148,40.006226,24.484526,-0.000023,20.257015,-2.261987,0.001084,31.777031,6460.359,2,0.000000,4,4,95.584358,1,0,0,0.009016,0.999959,0.001066,-0.637419,0.004926,0.770502,0.000077,-0.000235,0.000000,0.000000,0.000000,1,0.013591,5344.897949,0.613553,1992.301880,-0.000008,-0.025412,95.556145,1,0.005971,5095.627930,0.590643,1996.352295,-0.000008,-0.025464,95.612579,1,-0.005972,4704.322754,-18.323959,-795.803772,0.000234,0.010151,94.233109,1,-0.013592,4455.061523,-17.352142,-795.929077,0.000221,0.010152,94.218025,1479.805054,19599.904297,1179.446045,-0.336060,-0.149719,0.523438,0.000000,0.000000,0.000000,0.000000,0.000000,0.000000,0.000000,0.000000,0.000000
815,13.583333,125.953613,0.000148,40.344116,24.509190,-0.000025,20.276672,-2.261970,0.001082,31.808567,6466.621,2,0.000000,4,4,95.676567,1,0,0,0.009020,0.999959,0.001067,-0.637405,0.004928,0.770513,0.000074,-0.000228,0.000000,0.000000,0.000000,1,0.013597,5345.061523,0.606954,1987.212646,-0.000008,-0.025347,95.648392,1,0.005975,5095.726562,0.578611,1991.318481,-0.000007,-0.025399,95.704750,1,-0.005976,4704.242188,-18.272959,-793.583496,0.000233,0.010122,94.327614,1,-0.013598,4454.885254,-17.303457,-793.733643,0.000221,0.010124,94.312546,1474.604980,19599.910156,1175.204834,-0.181885,0.045471,0.527832,0.000000,0.000000,0.000000,0.000000,0.000000,0.000000,0.000000,0.000000,0.000000
816,13.600000,126.362549,0.000147,40.682373,24.533766,-0.000026,20.296259,-2.261951,0.001082,31.839989,6472.859,2,0.000000,4,4,95.768440,1,0,0,0.009024,0.999959,0.001068,-0.637391,0.004929,0.770525,0.000073,-0.000221,0.000000,0.000000,0.000000,1,0.013603,5345.252441,0.618384,1982.217773,-0.000008,-0.025283,95.740311,1,0.005979,5095.832520,0.583775,1986.238892,-0.000007,-0.025335,95.796577,1,-0.005979,4704.136719,-18.261021,-791.353333,0.000233,0.010094,94.421791,1,-0.013604,4454.745605,-17.292002,-791.516174,0.000221,0.010096,94.406746,1469.494385,19599.972656,1170.985107,0.568604,-0.191589,0.543945,0.000000,0.000000,0.000000,0.000000,0.000000,0.000000,0.000000,0.000000,0.000000
817,13.616667,126.771851,0.000147,41.020996,24.558258,-0.000026,20.315775,-2.261934,0.001079,31.871296,6479.074,2,0.000000,4,4,95.859978,1,0,0,0.009027,0.999959,0.001069,-0.637377,0.004930,0.770536,0.000085,-0.000210,0.000000,0.000000,0.000000,1,0.013609,5345.410156,0.599801,1977.158081,-0.000008,-0.025219,95.831886,1,0.005983,5096.046387,0.571791,1981.270264,-0.000007,-0.025271,95.888077,1,-0.005983,4703.999512,-18.197111,-789.112305,0.000232,0.010065,94.515648,1,-0.013609,4454.604492,-17.237585,-789.293274,0.000220,0.010068,94.500626,1464.403198,19600.082031,1166.843994,-0.109131,-0.058350,0.014160,0.000000,0.000000,0.000000,0.000000,0.000000,0.000000,0.000000,0.000000,0.000000
818,13.633333,127.181519,0.000147,41.359863,24.582664,-0.000025,20.335222,-2.261915,0.001078,31.902494,6485.267,2,0.000000,4,4,95.951180,1,0,0,0.009031,0.999959,0.001070,-0.637363,0.004931,0.770548,0.000083,-0.000210,0.000000,0.000000,0.000000,1,0.013614,5345.562500,0.575263,1972.134399,-0.000007,-0.025155,95.923134,1,0.005986,5096.090820,0.542675,1976.208496,-0.000007,-0.025207,95.979233,1,-0.005987,4703.869629,-18.198271,-786.879333,0.000232,0.010037,94.609177,1,-0.013615,4454.416016,-17.238430,-787.057129,0.000220,0.010039,94.594177,1459.365723,19599.935547,1162.560791,0.051392,-0.012573,0.059082,0.000000,0.000000,0.000000,0.000000,0.000000,0.000000,0.000000,0.000000,0.000000
819,13.650000,127.591675,0.000146,41.699097,24.606987,-0.000026,20.354599,-2.261898,0.001078,31.933584,6491.438,2,0.000000,4,4,96.042046,1,0,0,0.009034,0.999959,0.001072,-0.637349,0.004933,0.770559,0.000085,-0.000209,0.000000,0.000000,0.000000,1,0.013620,5345.730469,0.532814,1967.086670,-0.000007,-0.025090,96.014038,1,0.005990,5096.240234,0.519335,1971.170288,-0.000007,-0.025142,96.070061,1,-0.005991,4703.749023,-18.206005,-784.655029,0.000232,0.010008,94.702377,1,-0.013620,4454.248047,-17.239408,-784.855164,0.000220,0.010011,94.687408,1454.308350,19599.970703,1158.237183,0.685791,-0.285095,0.756348,0.000000,0.000000,0.000000,0.000000,0.000000,0.000000,0.000000,0.000000,0.000000
820,13.666667,128.002197,0.000146,42.038696,24.631226,-0.000027,20.373903,-2.261879,0.001074,31.964565,6497.585,2,0.000000,4,4,96.132576,1,0,0,0.009038,0.999959,0.001073,-0.637335,0.004933,0.770571,0.000100,-0.000194,0.000000,0.000000,0.000000,1,0.013625,5345.874512,0.526331,1962.045654,-0.000007,-0.025026,96.104614,1,0.005994,5096.417969,0.496043,1966.180176,-0.000006,-0.025079,96.160545,1,-0.005994,4703.595215,-18.123047,-782.406799,0.000231,0.009980,94.795258,1,-0.013625,4454.125977,-17.167074,-782.608948,0.000219,0.009982,94.780312,1449.219727,19600.023438,1154.148193,0.011353,-0.057068,0.741211,0.000000,0.000000,0.000000,0.000000,0.000000,0.000000,0.000000,0.000000,0.000000
821,13.683333,128.413086,0.000145,42.378540,24.655378,-0.000027,20.393139,-2.261862,0.001073,31.995436,6503.710,2,0.000000,4,4,96.222763,1,0,0,0.009041,0.999959,0.001075,-0.637322,0.004934,0.770582,0.000104,-0.000183,0.000000,0.000000,0.000000,1,0.013630,5346.023926,0.555715,1956.998901,-0.000007,-0.024962,96.194847,1,0.005998,5096.539551,0.524058,1961.140259,-0.000007,-0.025015,96.250694,1,-0.005998,4703.468750,-18.066278,-780.207642,0.000230,0.009952,94.887802,1,-0.013630,4454.024414,-17.107265,-780.420593,0.000218,0.009954,94.872887,1443.977051,19600.072266,1149.995239,0.718628,-0.206055,0.059082,0.000000,0.000000,0.000000,0.000000,0.000000,0.000000,0.000000,0.000000,0.000000
822,13.700000,128.824463,0.000145,42.718750,24.679445,-0.000025,20.412306,-2.261844,0.001070,32.026196,6509.811,2,0.000000,4,4,96.312622,1,0,0,0.009044,0.999959,0.001076,-0.637308,0.004934,0.770593,0.000116,-0.000178,0.000000,0.000000,0.000000,1,0.013635,5346.147461,0.495496,1951.913696,-0.000006,-0.024897,96.284744,1,0.006002,5096.725098,0.483737,1956.140869,-0.000006,-0.024951,96.340508,1,-0.006002,4703.298340,-18.048277,-778.007874,0.000230,0.009924,94.980026,1,-0.013635,4453.890625,-17.090322,-778.209534,0.000218,0.009926,94.965141,1438.908447,19600.076172,1145.675415,0.067505,-0.178223,0.708984,0.000000,0.000000,0.000000,0.000000,0.000000,0.000000,0.000000,0.000000,0.000000
823,13.716666,129.236206,0.000144,43.059326,24.703426,-0.000025,20.431400,-2.261826,0.001067,32.056839,6515.890,2,0.000000,4,4,96.402145,1,0,0,0.009047,0.999958,0.001078,-0.637294,0.004935,0.770605,0.000121,-0.000167,0.000000,0.000000,0.000000,1,0.013639,5346.251953,0.483104,1946.881104,-0.000006,-0.024833,96.374313,1,0.006007,5096.875977,0.443488,1951.121460,-0.000006,-0.024887,96.429985,1,-0.006007,4703.142090,-18.017519,-775.767334,0.000230,0.009895,95.071930,1,-0.013639,4453.750000,-17.055120,-775.933044,0.000218,0.009897,95.057076,1433.898193,19600.023438,1141.506836,0.026001,-0.127075,1.291504,0.000000,0.000000,0.000000,0.000000,0.000000,0.000000,0.000000,0.000000,0.000000
824,13.733334,129.648315,0.000144,43.400146,24.727325,-0.000024,20.450426,-2.261808,0.001065,32.087383,6521.947,2,0.000000,4,4,96.491333,1,0,0,0.009049,0.999959,0.001080,-0.637281,0.004935,0.770616,0.000127,-0.000147,0.000000,0.000000,0.000000,1,0.013644,5346.313965,0.482649,1941.780884,-0.000006,-0.024768,96.463539,1,0.006011,5096.996094,0.443077,1946.062378,-0.000006,-0.024822,96.519135,1,-0.006011,4703.036621,-17.961287,-773.554382,0.000229,0.009867,95.163506,1,-0.013643,4453.698730,-17.002066,-773.749817,0.000217,0.009869,95.148682,1428.653320,19600.054688,1137.267456,0.169434,0.039978,0.938477,0.000000,0.000000,0.000000,0.000000,0.000000,0.000000,0.000000,0.000000,0.000000
825,13.750000,130.060791,0.000144,43.741333,24.751137,-0.000024,20.469381,-2.261791,0.001065,32.117809,6527.981,2,0.000000,4,4,96.580185,1,0,0,0.009051,0.999958,0.001082,-0.637267,0.004934,0.770627,0.000134,-0.000131,0.000000,0.000000,0.000000,1,0.013647,5346.415527,0.482201,1936.733032,-0.000006,-0.024703,96.552437,1,0.006015,5097.178711,0.459699,1941.063110,-0.000006,-0.024758,96.607941,1,-0.006015,4702.882324,-17.943686,-771.302551,0.000229,0.009838,95.254761,1,-0.013647,4453.643555,-16.979652,-771.537109,0.000217,0.009841,95.239967,1423.582764,19600.140625,1133.105591,0.104248,0.091370,0.754883,0.000000,0.000000,0.000000,0.000000,0.000000,0.000000,0.000000,0.000000,0.000000
826,13.766666,130.473755,0.000143,44.082764,24.774862,-0.000022,20.488266,-2.261773,0.001067,32.148125,6533.992,2,0.000000,4,4,96.668701,1,0,0,0.009053,0.999958,0.001084,-0.637253,0.004934,0.770639,0.000140,-0.000119,0.000000,0.000000,0.000000,1,0.013651,5346.478027,0.463910,1931.708252,-0.000006,-0.024639,96.641006,1,0.006020,5097.302734,0.442266,1936.014282,-0.000006,-0.024694,96.696404,1,-0.006019,4702.756836,-17.971331,-769.062195,0.000229,0.009809,95.345688,1,-0.013650,4453.579590,-17.018244,-769.317627,0.000217,0.009813,95.330925,1418.590820,19600.132812,1128.803223,0.317383,-0.299133,-0.085449,0.000000,0.000000,0.000000,0.000000,0.000000,0.000000,0.000000,0.000000,0.000000
827,13.783334,130.887085,0.000143,44.424561,24.798506,-0.000020,20.507080,-2.261755,0.001062,32.178333,6539.980,2,0.000000,4,4,96.756889,1,0,0,0.009055,0.999958,0.001087,-0.637240,0.004933,0.770650,0.000145,-0.000119,0.000000,0.000000,0.000000,1,0.013655,5346.583984,0.421889,1926.668945,-0.000005,-0.024575,96.729240,1,0.006024,5097.455566,0.402210,1930.991089,-0.000005,-0.024630,96.784546,1,-0.006023,4702.567871,-17.915173,-766.843140,0.000229,0.009781,95.436287,1,-0.013654,4453.448730,-16.965248,-767.093262,0.000216,0.009784,95.421562,1413.514404,19600.058594,1124.598999,0.222290,-0.026489,-0.103027,0.000000,0.000000,0.000000,0.000000,0.000000,0.000000,0.000000,0.000000,0.000000
828,13.800000,131.300781,0.000143,44.766602,24.822063,-0.000019,20.525824,-2.261738,0.001062,32.208435,6545.946,2,0.000000,4,4,96.844742,1,0,0,0.009057,0.999958,0.001089,-0.637226,0.004932,0.770661,0.000148,-0.000120,0.000000,0.000000,0.000000,1,0.013658,5346.676758,0.397755,1921.662354,-0.000005,-0.024511,96.817146,1,0.006028,5097.577637,0.379205,1925.992188,-0.000005,-0.024566,96.872345,1,-0.006028,4702.423828,-17.923576,-764.613220,0.000229,0.009753,95.526558,1,-0.013657,4453.335449,-16.961134,-764.831421,0.000216,0.009756,95.511871,1408.571167,19600.007812,1120.403198,0.263184,-0.087280,0.415039,0.000000,0.000000,0.000000,0.000000,0.000000,0.000000,0.000000,0.000000,0.000000
829,13.816667,131.714844,0.000142,45.109009,24.845539,-0.000019,20.544497,-2.261720,0.001060,32.238422,6551.890,2,0.000000,4,4,96.932259,1,0,0,0.009059,0.999958,0.001091,-0.637212,0.004932,0.770673,0.000155,-0.000112,0.000000,0.000000,0.000000,1,0.013661,5346.798828,0.391463,1916.614014,-0.000005,-0.024447,96.904709,1,0.006033,5097.784180,0.373213,1920.997437,-0.000005,-0.024503,96.959816,1,-0.006032,4702.235352,-17.880526,-762.382568,0.000228,0.009724,95.616508,1,-0.013661,4453.244629,-16.926786,-762.674316,0.000216,0.009728,95.601852,1403.446289,19600.066406,1116.208862,0.093628,0.024780,0.367188,0.000000,0.000000,0.000000,0.000000,0.000000,0.000000,0.000000,0.000000,0.000000
830,13.833333,132.129272,0.000142,45.451782,24.868931,-0.000018,20.563101,-2.261702,0.001061,32.268303,6557.811,2,0.000000,4,4,97.019440,1,0,0,0.009061,0.999958,0.001094,-0.637199,0.004931,0.770684,0.000158,-0.000106,0.000000,0.000000,0.000000,1,0.013665,5346.867676,0.397032,1911.561157,-0.000005,-0.024382,96.991943,1,0.006038,5097.946777,0.378529,1915.936401,-0.000005,-0.024438,97.046944,1,-0.006037,4702.105469,-17.876299,-760.193237,0.000228,0.009696,95.706131,1,-0.013664,4453.168457,-16.929035,-760.431824,0.000216,0.009699,95.691521,1398.335571,19600.097656,1111.959595,-0.421265,-0.017212,0.144043,0.000000,0.000000,0.000000,0.000000,0.000000,0.000000,0.000000,0.000000,0.000000
831,13.850000,132.544189,0.000142,45.794800,24.892237,-0.000017,20.581633,-2.261685,0.001060,32.298073,6563.709,2,0.000000,4,4,97.106293,1,0,0,0.009063,0.999958,0.001096,-0.637185,0.004930,0.770695,0.000151,-0.000105,0.000000,0.000000,0.000000,1,0.013668,5346.961914,0.372991,1906.554321,-0.000005,-0.024318,97.078850,1,0.006042,5098.056641,0.355610,1910.891479,-0.000005,-0.024374,97.133751,1,-0.006041,4701.990723,-17.865795,-757.962585,0.000228,0.009668,95.795433,1,-0.013667,4453.076660,-16.919157,-758.216919,0.000216,0.009671,95.780861,1393.311035,19600.091797,1107.729614,-0.869263,-0.100220,-0.602539,0.000000,0.000000,0.000000,0.000000,0.000000,0.000000,0.000000,0.000000,0.000000
832,13.866667,132.959473,0.000141,46.138184,24.915459,-0.000016,20.600094,-2.261667,0.001059,32.327732,6569.585,2,0.000000,4,4,97.192810,1,0,0,0.009065,0.999958,0.001098,-0.637171,0.004930,0.770706,0.000133,-0.000119,0.000000,0.000000,0.000000,1,0.013671,5347.086914,0.325336,1901.528076,-0.000004,-0.024254,97.165413,1,0.006046,5098.125488,0.310172,1905.845703,-0.000004,-0.024309,97.220215,1,-0.006046,4701.870605,-17.874540,-755.762695,0.000228,0.009640,95.884407,1,-0.013670,4452.909180,-16.921177,-756.018982,0.000216,0.009643,95.869873,1388.285034,19599.980469,1103.398438,-0.053955,-0.196472,-0.600098,0.000000,0.000000,0.000000,0.000000,0.000000,0.000000,0.000000,0.000000,0.000000
833,13.883333,133.375122,0.000141,46.481812,24.938597,-0.000016,20.618484,-2.261649,0.001056,32.357285,6575.438,2,0.000000,4,4,97.278999,1,0,0,0.009067,0.999958,0.001100,-0.637158,0.004929,0.770718,0.000130,-0.000128,0.000000,0.000000,0.000000,1,0.013675,5347.270996,0.295500,1896.515137,-0.000004,-0.024190,97.251656,1,0.006050,5098.269043,0.287360,1900.842407,-0.000004,-0.024245,97.306351,1,-0.006050,4701.743164,-17.838564,-753.543213,0.000228,0.009612,95.973061,1,-0.013674,4452.752441,-16.893030,-753.735474,0.000215,0.009614,95.958565,1383.311401,19600.035156,1099.261230,-0.061768,0.018127,-0.475586,0.000000,0.000000,0.000000,0.000000,0.000000,0.000000,0.000000,0.000000,0.000000
834,13.900000,133.791138,0.000141,46.825806,24.961653,-0.000015,20.636805,-2.261632,0.001056,32.386723,6581.270,2,0.000000,4,4,97.364853,1,0,0,0.009069,0.999958,0.001102,-0.637144,0.004929,0.770729,0.000126,-0.000136,0.000000,0.000000,0.000000,1,0.013679,5347.402832,0.295239,1891.542725,-0.000004,-0.024127,97.337555,1,0.006054,5098.403320,0.287106,1895.850098,-0.000004,-0.024182,97.392159,1,-0.006054,4701.618164,-17.828262,-751.330505,0.000227,0.009583,96.061394,1,-0.013678,4452.576660,-16.877014,-751.525757,0.000215,0.009586,96.046928,1378.307861,19599.992188,1095.118164,-0.588013,-0.026978,-0.417969,0.000000,0.000000,0.000000,0.000000,0.000000,0.000000,0.000000,0.000000,0.000000
835,13.916667,134.207520,0.000141,47.170044,24.984625,-0.000016,20.655056,-2.261614,0.001056,32.416054,6587.078,2,0.000000,4,4,97.450371,1,0,0,0.009072,0.999958,0.001104,-0.637131,0.004929,0.770740,0.000114,-0.000145,0.000000,0.000000,0.000000,1,0.013682,5347.558594,0.265482,1886.481689,-0.000003,-0.024062,97.423119,1,0.006058,5098.471680,0.258728,1890.805054,-0.000003,-0.024117,97.477631,1,-0.006058,4701.516602,-17.837267,-749.128052,0.000228,0.009555,96.149399,1,-0.013682,4452.446289,-16.891459,-749.376892,0.000215,0.009558,96.134964,1373.211426,19599.986328,1090.758911,-0.386230,-0.018616,-0.467285,0.000000,0.000000,0.000000,0.000000,0.000000,0.000000,0.000000,0.000000,0.000000
836,13.933333,134.624268,0.000140,47.514648,25.007511,-0.000016,20.673235,-2.261596,0.001056,32.445274,6592.863,2,0.000000,4,4,97.535568,1,0,0,0.009074,0.999958,0.001106,-0.637117,0.004929,0.770751,0.000106,-0.000154,0.000000,0.000000,0.000000,1,0.013687,5347.719727,0.247568,1881.548340,-0.000003,-0.023999,97.508362,1,0.006062,5098.583496,0.230403,1885.811035,-0.000003,-0.024054,97.562782,1,-0.006062,4701.398926,-17.839884,-746.904663,0.000228,0.009527,96.237083,1,-0.013686,4452.250000,-16.887581,-747.129517,0.000215,0.009530,96.222687,1368.322754,19599.939453,1086.619507,-0.335815,-0.044739,-0.902832,0.000000,0.000000,0.000000,0.000000,0.000000,0.000000,0.000000,0.000000,0.000000
837,13.950000,135.041382,0.000140,47.859497,25.030317,-0.000016,20.691345,-2.261579,0.001055,32.474388,6598.627,2,0.000000,4,4,97.620430,1,0,0,0.009077,0.999958,0.001107,-0.637104,0.004930,0.770762,0.000096,-0.000170,0.000000,0.000000,0.000000,1,0.013691,5347.931152,0.217909,1876.557007,-0.000003,-0.023936,97.593269,1,0.006066,5098.693359,0.213357,1880.788330,-0.000003,-0.023990,97.647598,1,-0.006065,4701.305664,-17.829908,-744.691345,0.000227,0.009499,96.324448,1,-0.013691,4452.074707,-16.877811,-744.915588,0.000215,0.009501,96.310081,1363.324585,19600.003906,1082.413086,0.416870,-0.159668,-0.756348,0.000000,0.000000,0.000000,0.000000,0.000000,0.000000,0.000000,0.000000,0.000000
838,13.966666,135.458984,0.000140,48.204712,25.053040,-0.000016,20.709385,-2.261561,0.001053,32.503395,6604.369,2,0.000000,4,4,97.704964,1,0,0,0.009080,0.999958,0.001109,-0.637090,0.004931,0.770774,0.000099,-0.000180,0.000000,0.000000,0.000000,1,0.013696,5348.112305,0.217722,1871.568848,-0.000003,-0.023872,97.677849,1,0.006069,5098.822754,0.207563,1875.829468,-0.000003,-0.023926,97.732086,1,-0.006069,4701.151855,-17.775244,-742.474731,0.000227,0.009470,96.411484,1,-0.013696,4451.871582,-16.837889,-742.656555,0.000215,0.009473,96.397156,1358.343506,19599.949219,1078.371338,0.979004,-0.283752,0.063477,0.000000,0.000000,0.000000,0.000000,0.000000,0.000000,0.000000,0.000000,0.000000
839,13.983334,135.876953,0.000140,48.550171,25.075678,-0.000017,20.727358,-2.261544,0.001048,32.532291,6610.087,2,0.000000,4,4,97.789162,1,0,0,0.009083,0.999958,0.001110,-0.637077,0.004931,0.770785,0.000117,-0.000174,0.000000,0.000000,0.000000,1,0.013701,5348.276855,0.205776,1866.544800,-0.000003,-0.023808,97.762093,1,0.006073,5099.031738,0.184967,1870.850098,-0.000002,-0.023863,97.816238,1,-0.006073,4700.948242,-17.707842,-740.281311,0.000226,0.009442,96.498199,1,-0.013701,4451.725098,-16.768217,-740.483582,0.000214,0.009445,96.483894,1353.227661,19599.980469,1074.236572,0.197510,-0.101440,0.179199,0.000000,0.000000,0.000000,0.000000,0.000000,0.000000,0.000000,0.000000,0.000000
840,14.000000,136.295288,0.000139,48.895874,25.098232,-0.000017,20.745262,-2.261527,0.001047,32.561085,6615.784,2,0.000000,4,4,97.873032,1,0,0,0.009086,0.999958,0.001112,-0.637063,0.004931,0.770796,0.000121,-0.000171,0.000000,0.000000,0.000000,1,0.013705,5348.388672,0.205599,1861.493530,-0.000003,-0.023744,97.846008,1,0.006078,5099.179199,0.201609,1865.819458,-0.000003,-0.023799,97.900063,1,-0.006078,4700.796875,-17.653515,-738.127075,0.000225,0.009415,96.584595,1,-0.013705,4451.569336,-16.722736,-738.361755,0.000213,0.009418,96.570320,1347.974854,19599.923828,1070.007080,0.175415,-0.113342,-0.977539,0.000000,0.000000,0.000000,0.000000,0.000000,0.000000,0.000000,0.000000,0.000000
841,14.016666,136.713989,0.000139,49.241943,25.120699,-0.000018,20.763096,-2.261509,0.001045,32.589760,6621.458,2,0.000000,4,4,97.956581,1,0,0,0.009089,0.999958,0.001114,-0.637050,0.004932,0.770807,0.000119,-0.000185,0.000000,0.000000,0.000000,1,0.013710,5348.613770,0.187818,1856.562744,-0.000002,-0.023681,97.929604,1,0.006082,5099.306152,0.167864,1860.879761,-0.000002,-0.023736,97.983566,1,-0.006082,4700.644043,-17.643755,-735.904663,0.000225,0.009387,96.670677,1,-0.013710,4451.347656,-16.707199,-736.095276,0.000213,0.009389,96.656433,1343.141846,19599.898438,1065.939697,0.120605,-0.044067,-1.237305,0.000000,0.000000,0.000000,0.000000,0.000000,0.000000,0.000000,0.000000,0.000000
842,14.033334,137.133057,0.000139,49.588257,25.143085,-0.000019,20.780861,-2.261492,0.001044,32.618332,6627.110,2,0.000000,4,4,98.039795,1,0,0,0.009092,0.999958,0.001116,-0.637036,0.004932,0.770818,0.000116,-0.000204,0.000000,0.000000,0.000000,1,0.013716,5348.874512,0.164205,1851.612915,-0.000002,-0.023618,98.012871,1,0.006086,5099.497559,0.145360,1855.892822,-0.000002,-0.023672,98.066727,1,-0.006087,4700.500000,-17.640442,-733.714722,0.000225,0.009359,96.756432,1,-0.013716,4451.103027,-16.703657,-733.877869,0.000213,0.009361,96.742218,1338.205322,19599.974609,1061.770264,0.630737,-0.160095,-0.817871,0.000000,0.000000,0.000000,0.000000,0.000000,0.000000,0.000000,0.000000,0.000000
843,14.050000,137.552490,0.000138,49.934937,25.165388,-0.000019,20.798557,-2.261475,0.001042,32.646790,6632.740,2,0.000000,4,4,98.122681,1,0,0,0.009096,0.999958,0.001118,-0.637023,0.004933,0.770829,0.000123,-0.000213,0.000000,0.000000,0.000000,1,0.013721,5349.075195,0.152349,1846.611328,-0.000002,-0.023554,98.095802,1,0.006091,5099.632324,0.134065,1850.898560,-0.000002,-0.023608,98.149567,1,-0.006091,4700.290039,-17.598944,-731.520386,0.000224,0.009331,96.841866,1,-0.013722,4450.877930,-16.664267,-731.716614,0.000213,0.009333,96.827675,1333.123047,19599.859375,1057.606812,-0.631348,-0.320679,0.080078,0.000000,0.000000,0.000000,0.000000,0.000000,0.000000,0.000000,0.000000,0.000000
844,14.066667,137.972290,0.000138,50.281860,25.187607,-0.000021,20.816185,-2.261457,0.001037,32.675144,6638.348,2,0.000000,4,4,98.205246,1,0,0,0.009099,0.999958,0.001119,-0.637010,0.004934,0.770840,0.000112,-0.000215,0.000000,0.000000,0.000000,1,0.013727,5349.247559,0.117094,1841.613892,-0.000001,-0.023490,98.178413,1,0.006095,5099.787598,0.111628,1845.967529,-0.000001,-0.023546,98.232086,1,-0.006096,4700.188965,-17.532679,-729.324646,0.000224,0.009303,96.926979,1,-0.013727,4450.700195,-16.589235,-729.499329,0.000212,0.009305,96.912819,1328.122803,19599.919922,1053.544556,-0.609497,0.012817,0.162109,0.000000,0.000000,0.000000,0.000000,0.000000,0.000000,0.000000,0.000000,0.000000
845,14.083333,138.392456,0.000138,50.629028,25.209742,-0.000022,20.833744,-2.261440,0.001037,32.703392,6643.933,2,0.000000,4,4,98.287483,1,0,0,0.009103,0.999958,0.001121,-0.636996,0.004935,0.770851,0.000103,-0.000215,0.000000,0.000000,0.000000,1,0.013732,5349.461426,0.116997,1836.666260,-0.000001,-0.023427,98.260696,1,0.006099,5099.889648,0.111533,1840.967163,-0.000001,-0.023482,98.314278,1,-0.006100,4700.086914,-17.517159,-727.159363,0.000223,0.009275,97.011772,1,-0.013733,4450.513184,-16.598160,-727.333252,0.000212,0.009277,96.997643,1323.095459,19599.951172,1049.360596,-0.502441,-0.019897,0.303711,0.000000,0.000000,0.000000,0.000000,0.000000,0.000000,0.000000,0.000000,0.000000
846,14.100000,138.812988,0.000137,50.976562,25.231792,-0.000023,20.851233,-2.261423,0.001037,32.731529,6649.497,2,0.000000,4,4,98.369400,1,0,0,0.009107,0.999958,0.001122,-0.636983,0.004936,0.770862,0.000095,-0.000213,0.000000,0.000000,0.000000,1,0.013738,5349.626465,0.093520,1831.715210,-0.000001,-0.023364,98.342667,1,0.006103,5099.973145,0.089152,1835.974121,-0.000001,-0.023418,98.396141,1,-0.006104,4699.992676,-17.527018,-724.952209,0.000224,0.009247,97.096252,1,-0.013739,4450.359375,-16.583321,-725.178528,0.000212,0.009250,97.082146,1318.126953,19599.953125,1045.164185,-0.333130,-0.091248,-0.278320,0.000000,0.000000,0.000000,0.000000,0.000000,0.000000,0.000000,0.000000,0.000000
847,14.116667,139.233887,0.000137,51.324341,25.253761,-0.000024,20.868652,-2.261405,0.001035,32.759560,6655.039,2,0.000000,4,4,98.450996,1,0,0,0.009110,0.999958,0.001124,-0.636970,0.004937,0.770873,0.000088,-0.000219,0.000000,0.000000,0.000000,1,0.013744,5349.842285,0.070083,1826.816772,-0.000001,-0.023301,98.424309,1,0.006107,5100.112305,0.066808,1831.077393,-0.000001,-0.023356,98.477692,1,-0.006108,4699.906250,-17.511705,-722.776855,0.000223,0.009219,97.180405,1,-0.013744,4450.156250,-16.580332,-722.952087,0.000211,0.009221,97.166336,1313.297119,19600.029297,1041.099854,0.365845,-0.141052,-0.068848,0.000000,0.000000,0.000000,0.000000,0.000000,0.000000,0.000000,0.000000,0.000000
848,14.133333,139.655151,0.000136,51.672485,25.275650,-0.000023,20.886003,-2.261388,0.001033,32.787491,6660.559,2,0.000000,4,4,98.532257,1,0,0,0.009114,0.999958,0.001125,-0.636956,0.004938,0.770884,0.000094,-0.000218,0.000000,0.000000,0.000000,1,0.013749,5349.976562,0.081696,1821.815308,-0.000001,-0.023237,98.505615,1,0.006111,5100.198730,0.077878,1826.069702,-0.000001,-0.023292,98.558907,1,-0.006112,4699.673828,-17.445484,-720.609436,0.000223,0.009191,97.264244,1,-0.013750,4449.905273,-16.505583,-720.793640,0.000211,0.009194,97.250198,1308.123901,19599.718750,1037.000488,-0.293457,-0.197327,0.747559,0.000000,0.000000,0.000000,0.000000,0.000000,0.000000,0.000000,0.000000,0.000000
849,14.150000,140.076782,0.000136,52.020874,25.297453,-0.000027,20.903286,-2.261371,0.001030,32.815300,6666.057,2,0.000000,4,4,98.613205,1,0,0,0.009117,0.999958,0.001126,-0.636943,0.004939,0.770895,0.000093,-0.000208,0.000000,0.000000,0.000000,1,0.013755,5350.188477,0.046646,1816.897461,-0.000001,-0.023175,98.586617,1,0.006115,5100.376465,0.055582,1821.150146,-0.000001,-0.023229,98.639801,1,-0.006116,4699.652344,-17.392820,-718.455688,0.000222,0.009164,97.347763,1,-0.013756,4449.840332,-16.467499,-718.648071,0.000210,0.009166,97.333748,1303.148071,19600.082031,1032.895386,-0.145874,-0.013123,0.644043,0.000000,0.000000,0.000000,0.000000,0.000000,0.000000,0.000000,0.000000,0.000000
850,14.166667,140.498779,0.000136,52.369507,25.319172,-0.000026,20.920502,-2.261354,0.001030,32.843006,6671.533,2,0.000000,4,4,98.693825,1,0,0,0.009121,0.999958,0.001128,-0.636930,0.004940,0.770906,0.000093,-0.000199,0.000000,0.000000,0.000000,1,0.013760,5350.318359,0.086932,1811.965210,-0.000001,-0.023112,98.667282,1,0.006119,5100.498047,0.102582,1816.244385,-0.000001,-0.023166,98.720375,1,-0.006120,4699.520508,-17.352488,-716.242004,0.000221,0.009136,97.430969,1,-0.013761,4449.700195,-16.429258,-716.426758,0.000210,0.009138,97.416985,1298.193115,19600.054688,1028.979858,-0.133057,0.018311,0.604492,0.000000,0.000000,0.000000,0.000000,0.000000,0.000000,0.000000,0.000000,0.000000
851,14.183333,140.921143,0.000135,52.718506,25.340809,-0.000026,20.937651,-2.261337,0.001030,32.870605,6676.987,2,0.000000,4,4,98.774124,1,0,0,0.009124,0.999958,0.001129,-0.636917,0.004941,0.770917,0.000094,-0.000190,0.000000,0.000000,0.000000,1,0.013765,5350.438965,0.058212,1807.020630,-0.000001,-0.023049,98.747627,1,0.006123,5100.573242,0.055491,1811.251099,-0.000001,-0.023103,98.800621,1,-0.006123,4699.397949,-17.375198,-714.084778,0.000222,0.009108,97.513855,1,-0.013766,4449.543945,-16.450615,-714.301270,0.000210,0.009111,97.499893,1293.228516,19599.953125,1024.685669,0.014648,-0.078247,-0.019043,0.000000,0.000000,0.000000,0.000000,0.000000,0.000000,0.000000,0.000000,0.000000
852,14.200000,141.343872,0.000135,53.067749,25.362362,-0.000026,20.954729,-2.261320,0.001029,32.898098,6682.420,2,0.000000,4,4,98.854111,1,0,0,0.009127,0.999958,0.001131,-0.636903,0.004942,0.770928,0.000094,-0.000190,0.000000,0.000000,0.000000,1,0.013771,5350.615234,0.034899,1802.129761,-0.000000,-0.022986,98.827667,1,0.006127,5100.738281,0.033268,1806.386353,-0.000000,-0.023041,98.880562,1,-0.006127,4699.297363,-17.360312,-711.912048,0.000221,0.009081,97.596420,1,-0.013771,4449.422363,-16.436420,-712.117737,0.000210,0.009083,97.582497,1288.397095,19600.093750,1020.635864,0.132690,-0.192017,0.004395,0.000000,0.000000,0.000000,0.000000,0.000000,0.000000,0.000000,0.000000,0.000000
853,14.216666,141.766968,0.000134,53.417236,25.383835,-0.000025,20.971739,-2.261303,0.001026,32.925484,6687.831,2,0.000000,4,4,98.933769,1,0,0,0.009130,0.999958,0.001132,-0.636890,0.004942,0.770939,0.000096,-0.000189,0.000000,0.000000,0.000000,1,0.013776,5350.782715,0.023247,1797.204224,-0.000000,-0.022924,98.907372,1,0.006131,5100.855469,0.033241,1801.454956,-0.000000,-0.022978,98.960175,1,-0.006131,4699.145508,-17.307644,-709.761780,0.000221,0.009053,97.678673,1,-0.013776,4449.220703,-16.386345,-709.950317,0.000209,0.009055,97.664780,1283.391357,19600.007812,1016.582397,0.106812,-0.171265,0.775879,0.000000,0.000000,0.000000,0.000000,0.000000,0.000000,0.000000,0.000000,0.000000
854,14.233334,142.190430,0.000134,53.767090,25.405224,-0.000025,20.988682,-2.261286,0.001023,32.952766,6693.221,2,0.000000,4,4,99.013115,1,0,0,0.009133,0.999958,0.001134,-0.636877,0.004943,0.770949,0.000102,-0.000177,0.000000,0.000000,0.000000,1,0.013780,5350.884277,0.023247,1792.313477,-0.000000,-0.022861,98.986771,1,0.006135,5100.993164,0.033241,1796.584961,-0.000000,-0.022916,99.039467,1,-0.006135,4699.020996,-17.267771,-707.572510,0.000220,0.009025,97.760612,1,-0.013780,4449.131836,-16.360580,-707.806702,0.000209,0.009028,97.746742,1278.489624,19600.039062,1012.581787,-0.434814,-0.305969,1.263672,0.000000,0.000000,0.000000,0.000000,0.000000,0.000000,0.000000,0.000000,0.000000
855,14.250000,142.614258,0.000133,54.117188,25.426533,-0.000025,21.005558,-2.261269,0.001019,32.979942,6698.588,2,0.000000,4,4,99.092133,1,0,0,0.009136,0.999958,0.001135,-0.636864,0.004943,0.770960,0.000100,-0.000159,0.000000,0.000000,0.000000,1,0.013785,5350.974121,0.009819,1787.366089,-0.000000,-0.022798,99.065834,1,0.006138,5101.110840,0.013098,1791.679443,-0.000000,-0.022853,99.118431,1,-0.006138,4698.951172,-17.203150,-705.446228,0.000219,0.008998,97.842232,1,-0.013785,4449.057129,-16.287493,-705.648071,0.000208,0.009001,97.828392,1273.456787,19600.109375,1008.523438,0.280884,0.041626,0.994629,0.000000,0.000000,0.000000,0.000000,0.000000,0.000000,0.000000,0.000000,0.000000
856,14.266666,143.038330,0.000133,54.467529,25.447758,-0.000024,21.022367,-2.261252,0.001019,33.007011,6703.934,2,0.000000,4,4,99.170837,1,0,0,0.009138,0.999958,0.001137,-0.636851,0.004944,0.770971,0.000109,-0.000142,0.000000,0.000000,0.000000,1,0.013789,5351.052246,-0.001880,1782.449097,-0.000000,-0.022735,99.144592,1,0.006142,5101.215332,0.012335,1786.781250,-0.000000,-0.022791,99.197090,1,-0.006142,4698.814453,-17.213591,-703.290894,0.000220,0.008971,97.923538,1,-0.013789,4448.984863,-16.285732,-703.518250,0.000208,0.008973,97.909729,1268.535522,19600.078125,1004.394836,0.447144,-0.255554,0.189941,0.000000,0.000000,0.000000,0.000000,0.000000,0.000000,0.000000,0.000000,0.000000
857,14.283334,143.462769,0.000133,54.818237,25.468901,-0.000022,21.039108,-2.261235,0.001015,33.033966,6709.259,2,0.000000,4,4,99.249229,1,0,0,0.009141,0.999958,0.001139,-0.636838,0.004943,0.770982,0.000118,-0.000137,0.000000,0.000000,0.000000,1,0.013793,5351.129395,-0.022786,1777.588379,0.000000,-0.022673,99.223038,1,0.006146,5101.381836,-0.026221,1781.938599,-0.000000,-0.022729,99.275429,1,-0.006146,4698.662598,-17.161449,-701.114807,0.000219,0.008943,98.004532,1,-0.013792,4448.902344,-16.248447,-701.369690,0.000207,0.008946,97.990753,1263.700073,19600.085938,1000.403931,1.039429,-0.238159,0.034180,0.000000,0.000000,0.000000,0.000000,0.000000,0.000000,0.000000,0.000000,0.000000
858,14.300000,143.887573,0.000132,55.169189,25.489962,-0.000021,21.055782,-2.261218,0.001012,33.060822,6714.562,2,0.000000,4,4,99.327301,1,0,0,0.009143,0.999958,0.001141,-0.636825,0.004943,0.770993,0.000136,-0.000132,0.000000,0.000000,0.000000,1,0.013797,5351.273926,-0.048676,1772.718872,0.000000,-0.022611,99.301155,1,0.006150,5101.567383,-0.043667,1777.135254,0.000000,-0.022668,99.353455,1,-0.006150,4698.450195,-17.109226,-698.935364,0.000218,0.008915,98.085205,1,-0.013796,4448.761719,-16.187389,-699.171204,0.000206,0.008918,98.071465,1258.905762,19600.056641,996.499512,0.804199,-0.103699,0.778320,0.000000,0.000000,0.000000,0.000000,0.000000,0.000000,0.000000,0.000000,0.000000
859,14.316667,144.312744,0.000132,55.520386,25.510942,-0.000020,21.072392,-2.261201,0.001010,33.087578,6719.844,2,0.000000,4,4,99.405052,1,0,0,0.009145,0.999958,0.001143,-0.636812,0.004942,0.771003,0.000154,-0.000116,0.000000,0.000000,0.000000,1,0.013800,5351.323730,-0.059407,1767.808594,0.000000,-0.022549,99.378960,1,0.006155,5101.773438,-0.054399,1772.289307,0.000000,-0.022606,99.431152,1,-0.006154,4698.266113,-17.057247,-696.838806,0.000218,0.008888,98.165558,1,-0.013799,4448.704590,-16.138617,-697.060669,0.000206,0.008891,98.151855,1253.911133,19600.074219,992.442017,0.656372,0.114319,0.547363,0.000000,0.000000,0.000000,0.000000,0.000000,0.000000,0.000000,0.000000,0.000000
860,14.333333,144.738281,0.000132,55.871826,25.531841,-0.000020,21.088932,-2.261184,0.001012,33.114223,6725.104,2,0.000000,4,4,99.482491,1,0,0,0.009147,0.999958,0.001146,-0.636799,0.004941,0.771014,0.000167,-0.000105,0.000000,0.000000,0.000000,1,0.013803,5351.392578,-0.067647,1763.004395,0.000001,-0.022487,99.456451,1,0.006160,5101.969238,-0.069352,1767.451538,0.000001,-0.022544,99.508537,1,-0.006159,4698.074219,-17.055317,-694.649597,0.000218,0.008860,98.245605,1,-0.013803,4448.637695,-16.149029,-694.931152,0.000206,0.008864,98.231934,1249.163818,19600.080078,988.444763,0.501709,0.054688,0.405762,0.000000,0.000000,0.000000,0.000000,0.000000,0.000000,0.000000,0.000000,0.000000
861,14.350000,145.164185,0.000131,56.223633,25.552660,-0.000018,21.105406,-2.261167,0.001012,33.140762,6730.343,2,0.000000,4,4,99.559608,1,0,0,0.009148,0.999958,0.001149,-0.636786,0.004940,0.771025,0.000178,-0.000096,0.000000,0.000000,0.000000,1,0.013806,5351.475586,-0.086822,1758.129883,0.000001,-0.022425,99.533630,1,0.006165,5102.150879,-0.091020,1762.578979,0.000001,-0.022482,99.585594,1,-0.006164,4697.874512,-17.065880,-692.537415,0.000218,0.008833,98.325333,1,-0.013806,4448.567383,-16.159462,-692.829285,0.000206,0.008837,98.311707,1244.275635,19600.072266,984.292847,0.405029,0.004517,-0.298340,0.000000,0.000000,0.000000,0.000000,0.000000,0.000000,0.000000,0.000000,0.000000
862,14.366667,145.590454,0.000131,56.575684,25.573399,-0.000017,21.121811,-2.261151,0.001012,33.167194,6735.560,2,0.000000,4,4,99.636421,1,0,0,0.009150,0.999958,0.001151,-0.636773,0.004939,0.771036,0.000184,-0.000099,0.000000,0.000000,0.000000,1,0.013809,5351.587891,-0.108490,1753.298462,0.000001,-0.022364,99.610497,1,0.006170,5102.325684,-0.115180,1757.758423,0.000001,-0.022420,99.662354,1,-0.006169,4697.688965,-17.064066,-690.384460,0.000218,0.008806,98.404755,1,-0.013809,4448.437500,-16.157911,-690.723633,0.000206,0.008810,98.391167,1239.485352,19600.039062,980.246460,0.278564,0.030029,-0.268555,0.000000,0.000000,0.000000,0.000000,0.000000,0.000000,0.000000,0.000000,0.000000
863,14.383333,146.016968,0.000131,56.927979,25.594057,-0.000017,21.138149,-2.261134,0.001013,33.193527,6740.757,2,0.000000,4,4,99.712921,1,0,0,0.009152,0.999957,0.001154,-0.636760,0.004937,0.771046,0.000187,-0.000102,0.000000,0.000000,0.000000,1,0.013813,5351.691406,-0.080722,1748.542236,0.000001,-0.022303,99.687057,1,0.006175,5102.523926,-0.076960,1752.957642,0.000001,-0.022359,99.738792,1,-0.006175,4697.521484,-17.049929,-688.239624,0.000217,0.008779,98.483864,1,-0.013812,4448.323242,-16.156475,-688.580017,0.000206,0.008783,98.470322,1234.713501,19600.062500,976.377197,0.785034,-0.367004,0.336426,0.000000,0.000000,0.000000,0.000000,0.000000,0.000000,0.000000,0.000000,0.000000
864,14.400000,146.443848,0.000130,57.280518,25.614635,-0.000016,21.154423,-2.261117,0.001007,33.219757,6745.933,2,0.000000,4,4,99.789101,1,0,0,0.009153,0.999958,0.001158,-0.636747,0.004936,0.771057,0.000202,-0.000093,0.000000,0.000000,0.000000,1,0.013816,5351.761230,-0.147866,1743.677734,0.000001,-0.022241,99.763290,1,0.006181,5102.728516,-0.144104,1748.149780,0.000001,-0.022298,99.814919,1,-0.006180,4697.243652,-16.998138,-686.132507,0.000217,0.008752,98.562660,1,-0.013815,4448.229004,-16.096264,-686.444885,0.000205,0.008756,98.549164,1229.885742,19599.947266,972.327148,0.476440,0.006409,0.298828,0.000000,0.000000,0.000000,0.000000,0.000000,0.000000,0.000000,0.000000,0.000000
865,14.416667,146.871094,0.000130,57.633301,25.635134,-0.000017,21.170628,-2.261100,0.001007,33.245880,6751.086,3,0.000000,4,5,117.012260,1,0,0,0.009155,0.999958,0.001161,-0.636734,0.004934,0.771068,0.000212,-0.000086,0.000000,0.000000,0.000000,1,0.013819,5351.847656,-0.088177,16055.542969,0.000002,-0.123169,116.982079,1,0.006187,5102.971680,-0.079919,15308.915039,0.000002,-0.123538,117.042450,1,-0.006186,4697.057129,-16.971684,-684.020203,0.000216,0.008725,98.641144,1,-0.013818,4448.180664,-16.071674,-684.322205,0.000205,0.008729,98.627693,22724.333984,19600.060547,18722.251953,-2273.108887,-26.227234,2752.473145,0.000000,0.000000,0.000000,0.000000,0.000000,0.000000,0.000000,0.000000,0.000000
866,14.433333,147.304688,0.000118,57.991333,26.013872,-0.000724,21.482666,-2.261090,0.000604,33.736763,6751.086,3,0.000000,4,5,114.025352,1,0,0,0.008619,0.999963,0.000720,-0.636729,0.004933,0.771072,-0.026438,0.032159,0.000000,0.000000,0.000000,1,0.013009,5201.975586,-0.730946,15221.963867,0.000004,-0.194158,113.983727,1,0.005379,4953.104492,-0.725051,14516.591797,0.000004,-0.185161,114.066994,1,-0.005216,4876.879883,-11.474250,-2712.846191,0.000146,0.018330,98.719322,1,-0.012846,4628.008789,-10.900477,-2732.270996,0.000139,0.018425,98.705917,18308.580078,19670.591797,15087.769531,-1148.555664,-107.182129,1386.395020,0.000000,0.000000,0.000000,0.000000,0.000000,0.000000,0.000000,0.000000,0.000000
867,14.450000,147.743286,0.000116,58.353516,26.319016,-0.000105,21.734129,-2.261107,-0.001045,34.132393,6669.179,3,0.000000,4,5,111.192551,1,0,0,0.007812,0.999969,0.000055,-0.636746,0.004932,0.771058,-0.039925,0.048400,0.000000,0.000000,0.000000,1,0.011772,5096.893066,-3.714854,12661.154297,0.000020,-0.161494,111.140404,1,0.004144,4847.825195,-3.715673,12123.087891,0.000020,-0.154631,111.244720,1,-0.003769,4996.471191,-5.404464,-4428.782227,0.000118,0.032494,99.093849,1,-0.011398,4747.403320,-4.837404,-4442.977051,0.000110,0.032621,99.083282,11831.676758,19702.394531,9747.792969,-40.579834,-116.315186,39.280762,0.000000,0.000000,0.000000,0.000000,0.000000,0.000000,0.000000,0.000000,0.000000
868,14.466666,148.185303,0.000138,58.718384,26.516211,0.001300,21.896593,-2.261155,-0.002834,34.388084,6568.978,3,0.000000,4,5,108.829330,1,0,0,0.006998,0.999975,-0.000619,-0.636787,0.004933,0.771024,-0.040449,0.048847,0.000000,0.000000,0.000000,1,0.010501,5049.991211,-5.091054,9503.892578,0.000037,-0.121223,108.769447,1,0.002870,4800.414062,-5.087651,9176.717773,0.000037,-0.117050,108.889252,1,-0.002330,5042.513672,12.875737,-5704.332031,0.000013,0.047440,99.719032,1,-0.009960,4792.936035,13.453733,-5708.882812,0.000006,0.047541,99.710533,5137.199219,19696.705078,4263.799805,813.823975,-63.658203,-999.277832,0.000000,0.000000,0.000000,0.000000,0.000000,0.000000,0.000000,0.000000,0.000000
869,14.483334,148.628662,0.000186,59.084595,26.601831,0.002893,21.967657,-2.261218,-0.003813,34.499474,6455.033,3,0.000000,4,5,107.044632,1,0,0,0.006380,0.999979,-0.001134,-0.636839,0.004938,0.770981,-0.030976,0.037109,0.000000,0.000000,0.000000,1,0.009503,5058.841309,-0.629113,6854.238770,0.000008,-0.087427,106.980324,1,0.001865,4808.373047,-0.588100,6704.772461,0.000008,-0.085520,107.108978,1,-0.001261,5020.956055,33.015934,-4526.839355,-0.000148,0.057740,100.530533,1,-0.008899,4770.487793,33.596424,-4284.254395,-0.000155,0.054646,100.522697,3160.078125,19662.740234,2695.178955,920.165894,261.309326,-1133.152344,0.000000,0.000000,0.000000,0.000000,0.000000,0.000000,0.000000,0.000000,0.000000
870,14.500000,149.072998,0.000254,59.451538,26.654499,0.004050,22.012577,-2.261215,0.000207,34.568752,6333.299,3,0.000000,4,5,105.745369,1,0,0,0.005983,0.999981,-0.001473,-0.636838,0.004946,0.770982,-0.020287,0.023768,0.000000,0.000000,0.000000,1,0.008825,5085.420898,11.658175,4706.131348,-0.000050,-0.060027,105.679367,1,0.001175,4833.530762,11.692474,4664.094727,-0.000051,-0.059491,105.811417,1,-0.000603,4980.270020,22.028111,-3626.664551,-0.000197,0.046258,101.170036,1,-0.008253,4728.391113,22.597664,-3524.675537,-0.000205,0.044958,101.126762,1206.744629,19625.445312,1085.024414,967.895996,124.783936,-1186.137695,0.000000,0.000000,0.000000,0.000000,0.000000,0.000000,0.000000,0.000000,0.000000
871,14.516666,149.517578,0.000332,59.818726,26.674612,0.004705,22.030661,-2.261179,0.002127,34.595802,6207.877,3,0.000000,4,5,104.843132,1,0,0,0.005820,0.999982,-0.001623,-0.636812,0.004957,0.771003,-0.009010,0.009820,0.000000,0.000000,0.000000,1,0.008493,5126.990234,15.957169,3179.388428,-0.000107,-0.040553,104.776993,1,0.000825,4873.782715,15.995689,3214.980469,-0.000108,-0.041007,104.909317,1,-0.000366,4923.958496,8.288553,-2724.895020,-0.000163,0.034756,101.678047,1,-0.008034,4670.764160,8.862328,-2712.646973,-0.000171,0.034600,101.619881,245.041260,19588.001953,266.101562,859.665039,41.271240,-1044.198730,0.000000,0.000000,0.000000,0.000000,0.000000,0.000000,0.000000,0.000000,0.000000
872,14.533334,149.962158,0.000412,60.186035,26.678696,0.004806,22.035095,-2.261133,0.002762,34.601768,6081.756,3,0.000000,4,5,104.222954,1,0,0,0.005860,0.999982,-0.001606,-0.636776,0.004970,0.771033,0.001054,-0.002428,0.000000,0.000000,0.000000,1,0.008472,5173.603516,9.773752,2129.131348,-0.000125,-0.027157,104.157799,1,0.000785,4919.647461,9.303009,2219.341797,-0.000119,-0.028308,104.288147,1,-0.000496,4864.160156,-5.996518,-1960.124023,-0.000074,0.025002,102.054337,1,-0.008183,4610.185547,-5.422743,-1996.826904,-0.000082,0.025470,101.994385,-164.561035,19556.474609,-126.007324,693.535889,10.580322,-833.418945,0.000000,0.000000,0.000000,0.000000,0.000000,0.000000,0.000000,0.000000,0.000000
873,14.550000,150.406738,0.000486,60.553223,26.675953,0.004418,22.032995,-2.261085,0.002925,34.598286,5956.184,3,0.000000,4,5,103.796692,1,0,0,0.006063,0.999981,-0.001452,-0.636737,0.004980,0.771065,0.009218,-0.012176,0.000000,0.000000,0.000000,1,0.008707,5220.188477,0.496474,1416.720337,-0.000006,-0.018070,103.733315,1,0.001004,4966.014648,0.461972,1542.307251,-0.000006,-0.019672,103.860107,1,-0.000913,4806.886719,-20.275879,-1369.579590,0.000049,0.017469,102.318916,1,-0.008616,4552.712891,-19.702105,-1428.770874,0.000042,0.018224,102.264328,-312.731812,19532.781250,-308.928528,511.378296,-2.192505,-603.826660,0.000000,0.000000,0.000000,0.000000,0.000000,0.000000,0.000000,0.000000,0.000000
874,14.566667,150.851196,0.000547,60.920288,26.670740,0.003644,22.027847,-2.261037,0.002891,34.590935,5831.616,3,0.000000,4,5,103.502121,1,0,0,0.006383,0.999979,-0.001198,-0.636699,0.004988,0.771097,0.015290,-0.019205,0.000000,0.000000,0.000000,1,0.009136,5263.584473,-3.041997,936.270874,0.000010,-0.011942,103.441025,1,0.001422,5009.845703,-3.089927,1083.138184,0.000011,-0.013816,103.563248,1,-0.001533,4755.736328,-33.511005,-939.269836,0.000190,0.011980,102.497231,1,-0.009248,4501.987305,-32.937233,-1004.321411,0.000182,0.012810,102.451294,-356.607056,19517.843750,-388.675232,334.336304,-20.167969,-386.375000,0.000000,0.000000,0.000000,0.000000,0.000000,0.000000,0.000000,0.000000,0.000000
875,14.583333,151.295654,0.000590,61.287231,26.664797,0.002608,22.021370,-2.260994,0.002580,34.582150,5708.122,3,0.000000,4,5,103.296608,1,0,0,0.006778,0.999977,-0.000876,-0.636663,0.004991,0.771125,0.019302,-0.023676,0.000000,0.000000,0.000000,1,0.009698,5302.031250,-6.826309,612.915222,0.000039,-0.007818,103.238098,1,0.001978,5049.088379,-6.865795,772.700745,0.000039,-0.009856,103.355148,1,-0.002277,4712.577148,-44.181149,-637.286865,0.000328,0.008129,102.612694,1,-0.009997,4459.632324,-43.607376,-697.269836,0.000321,0.008894,102.576256,-357.079498,19510.998047,-426.520477,189.504395,-27.214294,-208.739746,0.000000,0.000000,0.000000,0.000000,0.000000,0.000000,0.000000,0.000000,0.000000
876,14.600000,151.739868,0.000614,61.654175,26.658846,0.001432,22.014261,-2.260958,0.002161,34.572948,5585.602,3,0.000000,4,5,103.151169,1,0,0,0.007212,0.999974,-0.000516,-0.636634,0.004990,0.771150,0.021626,-0.026059,0.000000,0.000000,0.000000,1,0.010341,5335.414062,-9.446323,396.471130,0.000069,-0.005057,103.095421,1,0.002623,5083.660156,-9.485809,562.987793,0.000070,-0.007181,103.206947,1,-0.003082,4677.096680,-51.664925,-429.318756,0.000451,0.005476,102.684044,1,-0.010800,4425.340820,-51.091156,-479.625458,0.000444,0.006118,102.656364,-344.410797,19511.054688,-442.230225,68.793823,-28.946167,-58.361328,0.000000,0.000000,0.000000,0.000000,0.000000,0.000000,0.000000,0.000000,0.000000
877,14.616667,152.184082,0.000618,62.020874,26.653105,0.000219,22.006891,-2.260929,0.001715,34.563717,5463.888,3,0.000000,4,5,103.046120,1,0,0,0.007656,0.999971,-0.000141,-0.636609,0.004983,0.771170,0.022555,-0.026665,0.000000,0.000000,0.000000,1,0.011021,5363.234863,-10.216722,252.222717,0.000092,-0.003217,102.993225,1,0.003314,5113.118652,-10.262922,420.998291,0.000092,-0.005370,103.099045,1,-0.003896,4649.283691,-35.743511,-287.852203,0.000456,0.003672,102.725014,1,-0.011602,4399.165527,-33.829208,-327.399323,0.000431,0.004176,102.704681,-358.581360,19516.796875,-412.862183,-31.331177,29.152924,49.991211,0.000000,0.000000,0.000000,0.000000,0.000000,0.000000,0.000000,0.000000,0.000000
878,14.633333,152.628296,0.000602,62.387451,26.647129,-0.000944,22.000010,-2.260893,0.002163,34.554619,5342.799,3,0.000000,4,5,102.968201,1,0,0,0.008090,0.999967,0.000230,-0.636579,0.004973,0.771195,0.022248,-0.026051,0.000000,0.000000,0.000000,1,0.011705,5386.204102,-3.835639,160.616074,0.000049,-0.002049,102.918182,1,0.004013,5137.166016,-3.657940,320.636566,0.000047,-0.004090,103.018242,1,-0.004676,4628.756836,-38.351345,-188.157532,0.000489,0.002400,102.745323,1,-0.012368,4379.727539,-36.273373,-225.827927,0.000463,0.002880,102.730766,-356.238464,19526.533203,-400.609558,-103.065552,1.495850,129.078125,0.000000,0.000000,0.000000,0.000000,0.000000,0.000000,0.000000,0.000000,0.000000
879,14.650000,153.072266,0.000569,62.754028,26.641191,-0.001993,21.993332,-2.260857,0.002186,34.545670,5222.172,3,0.000000,4,5,102.908478,1,0,0,0.008499,0.999964,0.000581,-0.636549,0.004963,0.771220,0.021065,-0.024537,0.000000,0.000000,0.000000,1,0.012368,5404.677734,-3.525228,99.521042,0.000045,-0.001269,102.861176,1,0.004692,5156.362793,-3.362933,253.079803,0.000043,-0.003228,102.955803,1,-0.005395,4614.532715,-38.266495,-123.048515,0.000488,0.001569,102.751068,1,-0.013071,4366.217285,-36.192665,-153.697021,0.000462,0.001960,102.742012,-349.884796,19539.191406,-394.338409,-152.120972,1.628510,185.554199,0.000000,0.000000,0.000000,0.000000,0.000000,0.000000,0.000000,0.000000,0.000000
880,14.666667,153.516113,0.000521,63.120605,26.635361,-0.002881,21.986759,-2.260820,0.002211,34.536877,5101.864,3,0.000000,4,5,102.860954,1,0,0,0.008872,0.999960,0.000902,-0.636519,0.004952,0.771245,0.019291,-0.022371,0.000000,0.000000,0.000000,1,0.012990,5418.837891,-3.355754,60.148930,0.000043,-0.000767,102.816246,1,0.005331,5171.123535,-3.202034,206.285217,0.000041,-0.002631,102.905678,1,-0.006036,4605.625488,-38.401165,-79.488487,0.000490,0.001014,102.747299,1,-0.013695,4357.911133,-36.343250,-103.988152,0.000464,0.001326,102.742722,-344.218719,19553.453125,-389.577026,-178.728760,-0.031403,220.368164,0.000000,0.000000,0.000000,0.000000,0.000000,0.000000,0.000000,0.000000,0.000000
881,14.683333,153.960083,0.000461,63.486938,26.629623,-0.003581,21.980267,-2.260783,0.002211,34.528210,4981.760,3,0.000000,4,5,102.821594,1,0,0,0.009202,0.999957,0.001189,-0.636489,0.004940,0.771270,0.017216,-0.019784,0.000000,0.000000,0.000000,1,0.013558,5429.151855,-3.284206,35.186741,0.000042,-0.000449,102.779358,1,0.005916,5182.194336,-3.134506,173.636627,0.000040,-0.002215,102.863853,1,-0.006589,4600.830566,-38.276497,-50.398998,0.000488,0.000643,102.737167,1,-0.014231,4353.873047,-36.218353,-69.485977,0.000462,0.000886,102.736176,-339.639069,19568.257812,-385.267639,-192.202393,-1.525558,234.336426,0.000000,0.000000,0.000000,0.000000,0.000000,0.000000,0.000000,0.000000,0.000000
882,14.700000,154.403809,0.000393,63.853149,26.623962,-0.004080,21.973845,-2.260746,0.002187,34.519661,4979.854,3,0.000000,4,5,103.300102,1,0,0,0.009486,0.999954,0.001438,-0.636459,0.004929,0.771294,0.014972,-0.017040,0.000000,0.000000,0.000000,1,0.014064,5436.284180,-3.266753,652.760620,0.000042,-0.003373,103.260010,1,0.006441,5189.991211,-3.129198,874.132935,0.000040,-0.005531,103.340210,1,-0.007052,4599.329590,-37.886280,-31.067783,0.000483,0.000396,102.722794,1,-0.014676,4353.037109,-35.853977,-45.563328,0.000457,0.000581,102.724586,710.071899,19582.707031,481.970276,-309.878662,94.429199,372.508789,0.000000,0.000000,0.000000,0.000000,0.000000,0.000000,0.000000,0.000000,0.000000
883,14.716666,154.847778,0.000319,64.219482,26.635798,-0.004416,21.981878,-2.260685,0.003640,34.533821,5003.029,3,0.000000,4,5,103.652367,1,0,0,0.009698,0.999952,0.001626,-0.636412,0.004918,0.771334,0.011321,-0.012695,0.000000,0.000000,0.000000,1,0.014465,5433.344238,-2.017881,1254.010742,0.000036,-0.008058,103.615868,1,0.006858,5187.390625,-1.880326,1489.766113,0.000034,-0.010531,103.688881,1,-0.007378,4609.503418,-69.510941,-118.045670,0.000633,0.000808,102.705589,1,-0.014985,4363.538574,-67.478638,-147.742538,0.000607,0.001065,102.709503,1541.125488,19599.822266,1088.807861,-347.680298,23.239761,429.821289,0.000000,0.000000,0.000000,0.000000,0.000000,0.000000,0.000000,0.000000,0.000000
884,14.733334,155.292114,0.000244,64.586182,26.661484,-0.004528,22.000025,-2.260619,0.003997,34.565128,5020.090,3,0.000000,4,5,103.888313,1,0,0,0.009825,0.999950,0.001747,-0.636360,0.004905,0.771377,0.007282,-0.007629,0.000000,0.000000,0.000000,1,0.014739,5422.986328,0.036986,1792.587891,0.000022,-0.013554,103.855698,1,0.007151,5178.074707,0.174541,2041.904175,0.000021,-0.016290,103.920937,1,-0.007554,4626.433594,-58.303749,-268.033356,0.000744,0.001777,102.701096,1,-0.015142,4381.563477,-55.207962,-300.176666,0.000704,0.002091,102.709343,2130.886719,19616.753906,1610.940186,-349.060791,75.048706,423.782715,0.000000,0.000000,0.000000,0.000000,0.000000,0.000000,0.000000,0.000000,0.000000
885,14.750000,155.737061,0.000170,64.953247,26.696999,-0.004406,22.026875,-2.260533,0.005152,34.609585,5031.517,3,0.000000,4,5,104.020218,1,0,0,0.009869,0.999950,0.001799,-0.636293,0.004892,0.771432,0.003188,-0.002662,0.000000,0.000000,0.000000,1,0.014883,5408.048828,2.037941,2227.947998,0.000004,-0.019071,103.991753,1,0.007315,5163.859375,2.175496,2481.724609,0.000003,-0.021993,104.048691,1,-0.007585,4647.642090,-101.033974,-479.852722,0.000946,0.003389,102.718506,1,-0.015152,4403.415039,-97.938187,-517.177368,0.000906,0.003763,102.731453,2526.024170,19631.771484,1830.941772,-301.397461,-40.123566,379.509766,0.000000,0.000000,0.000000,0.000000,0.000000,0.000000,0.000000,0.000000,0.000000
886,14.766666,156.182739,0.000103,65.320923,26.739100,-0.004063,22.057390,-2.260457,0.004534,34.661484,5037.905,3,0.000000,4,5,104.068802,1,0,0,0.009839,0.999950,0.001793,-0.636235,0.004876,0.771480,-0.000281,0.001846,0.000000,0.000000,0.000000,1,0.014907,5390.599121,3.188435,1678.630981,-0.000012,-0.021411,104.044586,1,0.007364,5147.951172,3.325990,1651.520020,-0.000014,-0.021065,104.093025,1,-0.007492,4669.316406,-65.991638,-735.958740,0.000842,0.005616,102.766861,1,-0.015035,4426.677246,-62.560986,-768.205750,0.000798,0.006004,102.785255,1022.966125,19643.849609,685.348267,-78.072144,-196.267853,90.535156,0.000000,0.000000,0.000000,0.000000,0.000000,0.000000,0.000000,0.000000,0.000000
887,14.783334,156.628662,0.000045,65.688721,26.756149,-0.003481,22.068813,-2.260432,0.001514,34.681923,5040.258,3,0.000000,4,5,104.248001,1,0,0,0.009790,0.999951,0.001773,-0.636216,0.004861,0.771496,-0.001208,0.002908,0.000000,0.000000,0.000000,1,0.014894,5384.577148,-3.994304,1879.767944,0.000011,-0.023977,104.223289,1,0.007374,5142.527832,-3.850035,1869.613647,0.000009,-0.023847,104.272720,1,-0.007376,4676.628906,-32.932571,-889.593872,0.000420,0.007743,102.852623,1,-0.014895,4434.590820,-31.226044,-900.917725,0.000398,0.008040,102.875732,1093.110840,19646.654297,808.033447,-69.752441,-57.198425,68.826172,0.000000,0.000000,0.000000,0.000000,0.000000,0.000000,0.000000,0.000000,0.000000
888,14.800000,157.074951,-0.000003,66.056763,26.774368,-0.002854,22.082281,-2.260421,0.000635,34.704556,5048.938,3,0.000000,4,5,104.386955,1,0,0,0.009729,0.999951,0.001738,-0.636208,0.004849,0.771502,-0.002099,0.003666,0.000000,0.000000,0.000000,1,0.014850,5378.515625,-6.614957,2002.809570,0.000038,-0.025546,104.362045,1,0.007349,5136.291992,-6.481625,1994.283081,0.000037,-0.025437,104.411873,1,-0.007242,4683.875977,-20.308577,-705.466064,0.000259,0.008998,102.960831,1,-0.014742,4441.632324,-19.257702,-626.699524,0.000246,0.007994,102.985588,1624.930664,19647.521484,1271.659546,-104.043457,68.135925,108.599609,0.000000,0.000000,0.000000,0.000000,0.000000,0.000000,0.000000,0.000000,0.000000
889,14.816667,157.521606,-0.000040,66.425171,26.801451,-0.002226,22.103476,-2.260393,0.001684,34.738953,5055.667,3,0.000000,4,5,104.502045,1,0,0,0.009648,0.999952,0.001681,-0.636186,0.004841,0.771520,-0.003407,0.004878,0.000000,0.000000,0.000000,1,0.014765,5369.277832,-2.907284,2023.466919,0.000037,-0.025810,104.476959,1,0.007276,5126.513672,-2.775627,2005.479614,0.000035,-0.025580,104.527138,1,-0.007074,4694.408203,-37.289207,-745.854919,0.000339,0.009513,103.042137,1,-0.014562,4451.653809,-36.231617,-696.605286,0.000326,0.008885,103.055389,1580.411621,19648.054688,1200.473389,-57.899292,-19.123047,58.420410,0.000000,0.000000,0.000000,0.000000,0.000000,0.000000,0.000000,0.000000,0.000000
890,14.833333,157.968750,-0.000066,66.793945,26.827791,-0.001577,22.123484,-2.260369,0.001390,34.772034,5061.241,3,0.000000,4,5,104.613785,1,0,0,0.009556,0.999953,0.001612,-0.636169,0.004836,0.771534,-0.004142,0.005528,0.000000,0.000000,0.000000,1,0.014651,5361.316406,-1.940838,2040.404297,0.000025,-0.026026,104.588371,1,0.007170,5118.195312,-1.852711,2024.613403,0.000024,-0.025824,104.639206,1,-0.006893,4702.354492,-24.346035,-771.283142,0.000311,0.009838,103.129349,1,-0.014373,4459.233398,-23.074589,-732.042114,0.000294,0.009337,103.135406,1542.610352,19646.064453,1205.535400,-30.698486,8.358154,18.567871,0.000000,0.000000,0.000000,0.000000,0.000000,0.000000,0.000000,0.000000,0.000000
891,14.850000,158.416260,-0.000082,67.162964,26.853502,-0.000946,22.143576,-2.260344,0.001520,34.804684,5066.653,3,0.000000,4,5,104.721786,1,0,0,0.009461,0.999954,0.001535,-0.636150,0.004835,0.771550,-0.004592,0.005683,0.000000,0.000000,0.000000,1,0.014522,5354.751465,-1.254432,2055.553223,0.000016,-0.026219,104.696083,1,0.007043,5110.753418,-1.207693,2038.380737,0.000015,-0.026000,104.747498,1,-0.006709,4708.625488,-25.688349,-783.893555,0.000328,0.009999,103.220268,1,-0.014188,4464.627441,-24.355549,-756.102905,0.000311,0.009644,103.220596,1536.602051,19642.423828,1198.844727,-3.653076,-7.374634,-6.848145,0.000000,0.000000,0.000000,0.000000,0.000000,0.000000,0.000000,0.000000,0.000000
892,14.866667,158.864258,-0.000088,67.532349,26.879112,-0.000358,22.163557,-2.260321,0.001407,34.837185,5071.883,3,0.000000,4,5,104.826736,1,0,0,0.009369,0.999955,0.001456,-0.636132,0.004836,0.771565,-0.004689,0.005569,0.000000,0.000000,0.000000,1,0.014385,5349.166504,-2.275016,2065.521484,0.000021,-0.026346,104.800720,1,0.006904,5104.484863,-2.228276,2049.313965,0.000020,-0.026139,104.852760,1,-0.006535,4713.056641,-24.332052,-792.333496,0.000310,0.010106,103.313034,1,-0.014015,4468.385742,-23.067455,-770.869873,0.000294,0.009833,103.309303,1533.593506,19637.453125,1197.089966,11.824097,-5.201294,-25.124023,0.000000,0.000000,0.000000,0.000000,0.000000,0.000000,0.000000,0.000000,0.000000
893,14.883333,159.312622,-0.000085,67.902100,26.904673,0.000165,22.183508,-2.260298,0.001327,34.869621,5076.966,3,0.000000,4,5,104.929405,1,0,0,0.009281,0.999956,0.001380,-0.636116,0.004840,0.771578,-0.004603,0.005241,0.000000,0.000000,0.000000,1,0.014247,5344.539062,-1.666264,2072.357910,0.000021,-0.026433,104.903084,1,0.006761,5099.162598,-1.579212,2056.987793,0.000020,-0.026237,104.955727,1,-0.006374,4716.168457,-23.052601,-797.311646,0.000294,0.010170,103.407036,1,-0.013860,4470.782715,-21.851870,-780.832825,0.000279,0.009960,103.400169,1530.026245,19631.800781,1198.961304,24.692505,-6.709412,-38.397949,0.000000,0.000000,0.000000,0.000000,0.000000,0.000000,0.000000,0.000000,0.000000
894,14.900000,159.761475,-0.000075,68.272217,26.930174,0.000614,22.203491,-2.260278,0.001224,34.902039,5081.939,3,0.000000,4,5,105.030411,1,0,0,0.009202,0.999957,0.001307,-0.636100,0.004845,0.771591,-0.004354,0.004766,0.000000,0.000000,0.000000,1,0.014114,5340.827637,-1.805836,2076.783447,0.000023,-0.026490,105.003807,1,0.006620,5094.733398,-1.722533,2062.480713,0.000022,-0.026307,105.057014,1,-0.006232,4718.018066,-21.542065,-800.362305,0.000275,0.010209,103.501762,1,-0.013726,4471.923340,-20.417311,-787.347473,0.000260,0.010043,103.492485,1527.756104,19625.527344,1200.492188,30.379639,-3.649536,-47.736816,0.000000,0.000000,0.000000,0.000000,0.000000,0.000000,0.000000,0.000000,0.000000
895,14.916667,160.210571,-0.000059,68.642578,26.955637,0.000979,22.223499,-2.260259,0.001169,34.934437,5086.831,3,0.000000,4,5,105.130180,1,0,0,0.009132,0.999957,0.001239,-0.636086,0.004853,0.771603,-0.004050,0.004171,0.000000,0.000000,0.000000,1,0.013990,5338.101562,-1.726745,2079.741943,0.000022,-0.026527,105.103317,1,0.006483,5091.017578,-1.636312,2066.044922,0.000021,-0.026353,105.157051,1,-0.006109,4719.166992,-20.564880,-802.021667,0.000262,0.010230,103.596931,1,-0.013615,4472.115723,-19.487288,-791.890930,0.000249,0.010101,103.585754,1525.833740,19619.511719,1201.547607,35.919556,-3.380066,-48.299316,0.000000,0.000000,0.000000,0.000000,0.000000,0.000000,0.000000,0.000000,0.000000
896,14.933333,160.660278,-0.000038,69.013306,26.981068,0.001261,22.243525,-2.260240,0.001117,34.966812,5091.663,3,0.000000,4,5,105.229050,1,0,0,0.009072,0.999958,0.001178,-0.636072,0.004862,0.771615,-0.003652,0.003591,0.000000,0.000000,0.000000,1,0.013875,5335.806641,-1.648012,2081.371094,0.000021,-0.026548,105.201927,1,0.006354,5088.057617,-1.571415,2068.467285,0.000020,-0.026384,105.256180,1,-0.006006,4719.465820,-19.644846,-802.888489,0.000251,0.010241,103.692345,1,-0.013526,4471.700684,-18.612602,-794.920593,0.000237,0.010139,103.679688,1523.868530,19613.337891,1202.395508,41.063599,-2.229858,-50.020508,0.000000,0.000000,0.000000,0.000000,0.000000,0.000000,0.000000,0.000000,0.000000
897,14.950000,161.110352,-0.000013,69.384399,27.006466,0.001458,22.263565,-2.260222,0.001083,34.999180,5096.451,3,0.000000,4,5,105.327248,1,0,0,0.009022,0.999959,0.001125,-0.636058,0.004871,0.771626,-0.003172,0.003007,0.000000,0.000000,0.000000,1,0.013771,5334.176758,-1.471584,2082.279785,0.000019,-0.026560,105.299881,1,0.006237,5085.969238,-1.403041,2070.113281,0.000018,-0.026405,105.354622,1,-0.005924,4718.950195,-18.877356,-803.108826,0.000241,0.010244,103.787888,1,-0.013458,4470.755859,-17.883640,-796.998352,0.000228,0.010166,103.774063,1522.042480,19607.535156,1203.233398,39.236694,-1.475037,-48.966797,0.000000,0.000000,0.000000,0.000000,0.000000,0.000000,0.000000,0.000000,0.000000
898,14.966666,161.560913,0.000013,69.755737,27.031834,0.001575,22.283619,-2.260205,0.001060,35.031525,5101.208,3,0.000000,4,5,105.424919,1,0,0,0.008982,0.999959,0.001080,-0.636044,0.004880,0.771637,-0.002719,0.002429,0.000000,0.000000,0.000000,1,0.013681,5333.208496,-1.339301,2082.631104,0.000017,-0.026564,105.397324,1,0.006133,5084.474121,-1.287158,2071.067871,0.000016,-0.026417,105.452522,1,-0.005860,4718.297852,-18.359726,-803.167419,0.000234,0.010244,103.883461,1,-0.013408,4469.522949,-17.390888,-798.387878,0.000222,0.010184,103.868744,1520.279053,19602.820312,1203.368164,38.176514,-0.971558,-45.779785,0.000000,0.000000,0.000000,0.000000,0.000000,0.000000,0.000000,0.000000,0.000000
899,14.983334,162.011841,0.000040,70.127441,27.057171,0.001626,22.303675,-2.260187,0.001045,35.063843,5105.938,3,0.000000,4,5,105.522186,1,0,0,0.008950,0.999959,0.001042,-0.636031,0.004889,0.771648,-0.002269,0.001896,0.000000,0.000000,0.000000,1,0.013604,5332.634277,-1.207399,2082.527588,0.000015,-0.026563,105.494370,1,0.006041,5083.458008,-1.150928,2071.578369,0.000015,-0.026423,105.550011,1,-0.005813,4717.208984,-17.971731,-802.944946,0.000229,0.010242,103.979042,1,-0.013375,4468.051270,-17.021698,-799.295959,0.000217,0.010195,103.963623,1518.558105,19598.402344,1203.236328,36.450317,-0.879150,-41.374512,0.000000,0.000000,0.000000,0.000000,0.000000,0.000000,0.000000,0.000000,0.000000
900,15.000000,162.463257,0.000067,70.499512,27.082479,0.001615,22.323729,-2.260170,0.001031,35.096138,5110.649,3,0.000000,4,5,105.619125,1,0,0,0.008927,0.999960,0.001011,-0.636018,0.004898,0.771659,-0.001828,0.001422,0.000000,0.000000,0.000000,1,0.013539,5332.380859,-1.141033,2082.104248,0.000015,-0.026557,105.591095,1,0.005963,5082.921387,-1.097962,2071.801758,0.000014,-0.026426,105.647163,1,-0.005781,4715.920410,-17.642986,-802.665833,0.000225,0.010238,104.074593,1,-0.013357,4466.472168,-16.697807,-799.812866,0.000213,0.010202,104.058640,1516.875122,19594.615234,1202.807129,33.216797,-0.118347,-36.873535,0.000000,0.000000,0.000000,0.000000,0.000000,0.000000,0.000000,0.000000,0.000000
