frame,time,x,y,z,vx,vy,vz,yaw,yaw_rate,speed,rpm,gear,steer,grounded,original_gear,shaft_spin,throttle,brake,handbrake
0,0.000000,-0.000000,0.000000,-0.000000,-0.000000,-0.000000,-0.000000,-0.000141,0.000000,0.000000,804.500,0,0.000000,4,2,0.000000,1,0,0
1,0.016667,-0.000000,0.000000,-0.000000,-0.000000,-0.000000,-0.000000,-0.000141,0.000000,0.000000,861.397,0,0.000000,4,2,0.000000,1,0,0
2,0.033333,-0.000000,0.000000,-0.000000,-0.000000,0.000000,0.000000,-0.000141,-0.000000,-0.000000,918.649,0,0.000000,4,2,0.000000,1,0,0
3,0.050000,-0.000000,0.000000,-0.000000,0.000000,-0.000000,0.000000,-0.000141,0.000000,0.000000,976.249,0,0.000000,4,2,0.000000,1,0,0
4,0.066667,-0.000000,0.000000,-0.000000,0.000000,0.000000,0.000000,-0.000141,-0.000000,-0.000000,1034.188,0,0.000000,4,2,0.000000,1,0,0
5,0.083333,-0.000000,0.000000,-0.000000,0.000000,-0.000000,0.000000,-0.000141,0.000000,-0.000000,1092.460,0,0.000000,4,2,0.000000,1,0,0
6,0.100000,0.000000,0.000000,-0.000000,0.000000,-0.000000,0.000000,-0.000141,-0.000000,-0.000000,1151.055,0,0.000000,4,2,0.000000,1,0,0
7,0.116667,0.000000,0.000000,0.000000,0.000000,0.000000,0.000000,-0.000141,-0.000000,-0.000000,1209.964,0,0.000000,4,2,0.000000,1,0,0
8,0.133333,0.000000,0.000000,0.000000,0.000000,-0.000000,0.000000,-0.000141,0.000000,-0.000000,1269.180,0,0.000000,4,2,0.000000,1,0,0
9,0.150000,0.000000,0.000000,0.000000,0.000000,0.000000,0.000000,-0.000141,-0.000000,-0.000000,1328.693,0,0.000000,4,2,0.000000,1,0,0
10,0.166667,0.000000,0.000000,0.000000,0.000000,-0.000000,0.000000,-0.000141,0.000000,-0.000000,1388.493,0,0.000000,4,2,0.000000,1,0,0
11,0.183333,0.000000,0.000000,0.000000,0.000000,-0.000000,-0.000000,-0.000141,-0.000000,0.000000,1448.573,0,0.000000,4,2,0.000000,1,0,0
12,0.200000,0.000000,0.000000,0.000000,-0.000000,0.000000,-0.000000,-0.000141,-0.000000,0.000000,1508.921,0,0.000000,4,2,0.000000,1,0,0
13,0.216667,0.000000,0.000000,0.000000,-0.000000,-0.000000,-0.000000,-0.000141,0.000000,0.000000,1508.921,0,0.000000,4,2,6.766580,1,0,0
14,0.233333,0.000000,-0.000007,-0.004446,0.000026,-0.000407,-0.266757,-0.000060,0.004912,0.266751,1474.735,0,0.000000,4,2,6.864036,1,0,0
15,0.250000,-0.000001,-0.000010,-0.013996,-0.000091,-0.000194,-0.573025,0.000076,0.008127,0.573009,1495.975,0,0.000000,4,2,6.918734,1,0,0
16,0.266667,-0.000007,-0.000000,-0.028838,-0.000358,0.000572,-0.890506,0.000228,0.009115,0.890480,1507.896,0,0.000000,4,2,6.940557,1,0,0
17,0.283333,-0.000019,0.000028,-0.048814,-0.000738,0.001726,-1.198563,0.000363,0.008112,1.198532,1512.652,0,0.000000,4,2,6.938574,1,0,0
18,0.300000,-0.000039,0.000079,-0.073550,-0.001160,0.003067,-1.484125,0.000459,0.005785,1.484094,1512.220,0,0.000000,4,2,6.920758,1,0,0
19,0.316667,-0.000064,0.000153,-0.102569,-0.001545,0.004392,-1.741135,0.000508,0.002927,1.741107,1508.337,0,0.000000,4,2,6.893940,1,0,0
20,0.333333,-0.000095,0.000245,-0.135368,-0.001832,0.005533,-1.967972,0.000497,-0.000654,1.967949,1502.492,0,0.000000,4,2,6.864655,1,0,0
21,0.350000,-0.000159,0.000351,-0.171538,-0.003848,0.006357,-2.170226,0.000487,-0.000615,2.170209,1496.110,0,0.000000,4,2,6.836684,1,0,0
22,0.366667,-0.000247,0.000465,-0.210356,-0.005293,0.006840,-2.329065,0.000474,-0.000786,2.329052,1490.013,0,0.000000,4,2,6.829102,1,0,0
23,0.383333,-0.000350,0.000579,-0.251839,-0.006149,0.006847,-2.488984,0.000470,-0.000252,2.488975,1488.361,0,0.000000,4,2,6.824221,1,0,0
24,0.400000,-0.000457,0.000686,-0.296187,-0.006458,0.006451,-2.660877,0.000474,0.000271,2.660870,1487.297,0,0.000000,4,2,6.831722,1,0,0
25,0.416667,-0.000562,0.000783,-0.343172,-0.006285,0.005813,-2.819094,0.000488,0.000838,2.819088,1488.932,0,0.000000,4,2,6.856469,1,0,0
26,0.433333,-0.000658,0.000866,-0.392665,-0.005740,0.004970,-2.969563,0.000507,0.001128,2.969557,1494.325,0,0.000000,4,2,6.901595,1,0,0
27,0.450000,-0.000740,0.000932,-0.444523,-0.004942,0.003979,-3.111458,0.000526,0.001119,3.111451,1504.160,0,0.000000,4,2,6.970084,1,0,0
28,0.466667,-0.000807,0.000981,-0.498571,-0.004007,0.002902,-3.242898,0.000540,0.000832,3.242891,1519.087,0,0.000000,4,2,7.064418,1,0,0
29,0.483333,-0.000858,0.001011,-0.554594,-0.003037,0.001786,-3.361363,0.000545,0.000327,3.361354,1539.647,0,0.000000,4,2,7.186461,1,0,0
30,0.500000,-0.000893,0.001022,-0.612330,-0.002116,0.000675,-3.464180,0.000540,-0.000315,3.464170,1566.245,0,0.000000,4,2,7.337349,1,0,0
31,0.516667,-0.000915,0.001015,-0.671480,-0.001305,-0.000398,-3.548990,0.000523,-0.001008,3.548978,1599.130,0,0.000000,4,2,7.517414,1,0,0
32,0.533333,-0.000925,0.000992,-0.731715,-0.000642,-0.001411,-3.614128,0.000495,-0.001664,3.614114,1638.375,0,0.000000,4,2,7.726134,1,0,0
33,0.550000,-0.000928,0.000952,-0.792697,-0.000144,-0.002355,-3.658886,0.000458,-0.002212,3.658868,1683.864,0,0.000000,4,2,7.962135,1,0,0
34,0.566667,-0.000925,0.000899,-0.854091,0.000188,-0.003218,-3.683632,0.000415,-0.002601,3.683610,1735.299,0,0.000000,4,2,8.223238,1,0,0
35,0.583333,-0.000918,0.000832,-0.915587,0.000369,-0.003996,-3.689806,0.000368,-0.002805,3.689779,1792.204,0,0.000000,4,2,8.506545,1,0,0
36,0.600000,-0.000911,0.000754,-0.976917,0.000419,-0.004682,-3.679799,0.000321,-0.002821,3.679766,1853.950,0,0.000000,4,2,8.808561,1,0,0
37,0.616667,-0.000905,0.000666,-1.037863,0.000365,-0.005269,-3.656755,0.000277,-0.002664,3.656716,1919.772,0,0.000000,4,2,9.125339,1,0,0
38,0.633333,-0.000901,0.000571,-1.098269,0.000235,-0.005746,-3.624329,0.000237,-0.002364,3.624281,1988.812,0,0.000000,4,2,9.452639,1,0,0
39,0.650000,-0.000901,0.000469,-1.158042,0.000057,-0.006104,-3.586423,0.000205,-0.001960,3.586366,2060.145,0,0.000000,4,2,9.786095,1,0,0
40,0.666667,-0.000903,0.000363,-1.217158,-0.000146,-0.006328,-3.546951,0.000180,-0.001493,3.546884,2132.820,0,0.000000,4,2,10.121367,1,0,0
41,0.683333,-0.000909,0.000257,-1.275652,-0.000354,-0.006408,-3.509619,0.000163,-0.001001,3.509541,2205.890,0,0.000000,4,2,10.454294,1,0,0
42,0.700000,-0.000918,0.000151,-1.333615,-0.000552,-0.006335,-3.477772,0.000155,-0.000518,3.477683,2278.449,0,0.000000,4,2,10.781011,1,0,0
43,0.716667,-0.000930,0.000049,-1.391186,-0.000731,-0.006108,-3.454272,0.000153,-0.000071,3.454172,2349.655,0,0.000000,4,2,11.098059,1,0,0
44,0.733333,-0.000945,-0.000046,-1.448543,-0.000870,-0.005726,-3.441441,0.000158,0.000304,3.441330,2418.754,0,0.000000,4,2,11.402468,1,0,0
45,0.750000,-0.000961,-0.000133,-1.505894,-0.000987,-0.005194,-3.441034,0.000169,0.000622,3.440913,2485.098,0,0.000000,4,2,11.691813,1,0,0
46,0.766667,-0.000979,-0.000208,-1.563465,-0.001084,-0.004529,-3.454257,0.000183,0.000873,3.454127,2548.159,0,0.000000,4,2,11.964247,1,0,0
47,0.783333,-0.000999,-0.000271,-1.621495,-0.001163,-0.003749,-3.481794,0.000201,0.001056,3.481655,2607.534,0,0.000000,4,2,12.218522,1,0,0
48,0.800000,-0.001019,-0.000319,-1.680226,-0.001230,-0.002877,-3.523854,0.000221,0.001175,3.523707,2662.952,0,0.000000,4,2,12.453986,1,0,0
49,0.816667,-0.001041,-0.000351,-1.739896,-0.001290,-0.001939,-3.580228,0.000241,0.001233,3.580076,2714.270,0,0.000000,4,2,12.670561,1,0,0
50,0.833333,-0.001063,-0.000367,-1.800735,-0.001349,-0.000959,-3.650344,0.000262,0.001235,3.650190,2761.471,0,0.000000,4,2,12.868712,1,0,0
51,0.850000,-0.001087,-0.000367,-1.862957,-0.001408,0.000028,-3.733322,0.000282,0.001188,3.733167,2804.657,0,0.000000,4,2,13.049404,1,0,0
52,0.866667,-0.001111,-0.000350,-1.926758,-0.001472,0.000993,-3.828014,0.000300,0.001099,3.827861,2844.038,0,0.000000,4,2,13.214043,1,0,0
53,0.883333,-0.001137,-0.000318,-1.992309,-0.001540,0.001903,-3.933053,0.000316,0.000975,3.932904,2879.920,0,0.000000,4,2,13.364418,1,0,0
54,0.900000,-0.001164,-0.000273,-2.059757,-0.001612,0.002733,-4.046888,0.000330,0.000820,4.046744,2912.693,0,0.000000,4,2,13.502632,1,0,0
55,0.916667,-0.001192,-0.000215,-2.129220,-0.001685,0.003459,-4.167824,0.000341,0.000643,4.167687,2942.816,0,0.000000,4,2,13.631028,1,0,0
56,0.933333,-0.001221,-0.000147,-2.200788,-0.001755,0.004065,-4.294065,0.000348,0.000447,4.293937,2970.799,0,0.000000,4,2,13.752111,1,0,0
57,0.950000,-0.001251,-0.000072,-2.274518,-0.001819,0.004538,-4.423759,0.000352,0.000239,4.423639,2997.189,0,0.000000,4,2,13.868475,1,0,0
58,0.966667,-0.001279,0.000009,-2.350435,-0.001651,0.004867,-4.555034,0.000363,0.000679,4.554924,3022.549,0,0.000000,4,2,13.982720,1,0,0
59,0.983333,-0.001304,0.000094,-2.428165,-0.001526,0.005083,-4.663803,0.000409,0.002762,4.663700,3047.448,0,0.000000,4,2,14.119706,1,0,0
60,1.000000,-0.001330,0.000179,-2.507700,-0.001562,0.005092,-4.772123,0.000476,0.003977,4.772028,3077.304,0,0.000000,4,2,14.269153,1,0,0
61,1.016667,-0.001360,0.000261,-2.588878,-0.001773,0.004935,-4.870626,0.000661,0.011107,4.870537,3109.875,0,0.000000,4,2,14.431174,1,0,0
62,1.033333,-0.001401,0.000338,-2.671870,-0.002454,0.004586,-4.979578,0.000995,0.020031,4.979493,3145.186,0,0.000000,4,2,14.594802,1,0,0
63,1.050000,-0.001465,0.000407,-2.756530,-0.003848,0.004144,-5.079566,0.001297,0.018158,5.079485,3180.848,0,0.000000,4,2,14.762767,1,0,0
64,1.066667,-0.001559,0.000467,-2.842714,-0.005669,0.003615,-5.171026,0.001464,0.009978,5.170950,3217.455,0,0.000000,4,2,14.935709,1,0,0
65,1.083333,-0.001684,0.000517,-2.930285,-0.007499,0.003017,-5.254249,0.001450,-0.000822,5.254177,3255.146,0,0.000000,4,2,15.114007,1,0,0
66,1.100000,-0.001833,0.000557,-3.019120,-0.008899,0.002363,-5.330118,0.001261,-0.011331,5.330047,3294.006,0,0.000000,4,2,15.297784,1,0,0
67,1.116667,-0.001991,0.000584,-3.109182,-0.009502,0.001670,-5.403766,0.000987,-0.016446,5.403694,3334.059,0,0.000000,4,2,15.486959,1,0,0
68,1.133333,-0.002145,0.000601,-3.200512,-0.009218,0.000963,-5.479775,0.000764,-0.013363,5.479701,3375.288,0,0.000000,4,2,15.681590,1,0,0
69,1.150000,-0.002283,0.000606,-3.292939,-0.008285,0.000302,-5.545603,0.000539,-0.013540,5.545524,3417.707,0,0.000000,4,2,15.881960,1,0,0
70,1.166667,-0.002395,0.000600,-3.386344,-0.006730,-0.000316,-5.604323,0.000299,-0.014378,5.604239,3461.376,0,0.000000,4,2,16.087446,1,0,0
71,1.183333,-0.002472,0.000586,-3.480666,-0.004642,-0.000887,-5.659320,0.000071,-0.013704,5.659231,3506.161,0,0.000000,4,2,16.297342,1,0,0
72,1.200000,-0.002509,0.000562,-3.575947,-0.002213,-0.001405,-5.716876,-0.000061,-0.007893,5.716782,3551.906,0,0.000000,4,2,16.510973,1,0,0
73,1.216667,-0.002507,0.000532,-3.672072,0.000148,-0.001829,-5.767508,-0.000161,-0.005969,5.767409,3598.466,0,0.000000,4,2,16.728001,1,0,0
74,1.233333,-0.002468,0.000495,-3.768976,0.002305,-0.002171,-5.814244,-0.000252,-0.005487,5.814140,3645.765,0,0.000000,4,2,16.947437,1,0,0
75,1.250000,-0.002399,0.000455,-3.866667,0.004159,-0.002434,-5.861444,-0.000309,-0.003420,5.861333,3693.590,0,0.000000,4,2,17.168325,1,0,0
76,1.266667,-0.002313,0.000411,-3.965136,0.005184,-0.002610,-5.908118,-0.000340,-0.001829,5.908002,3741.732,0,0.000000,4,2,17.389925,1,0,0
77,1.283333,-0.002214,0.000366,-4.064372,0.005920,-0.002700,-5.954138,-0.000347,-0.000416,5.954015,3790.028,0,0.000000,4,2,17.611441,1,0,0
78,1.300000,-0.002111,0.000321,-4.164385,0.006174,-0.002706,-6.000812,-0.000328,0.001146,6.000682,3838.306,0,0.000000,4,2,17.832071,1,0,0
79,1.316667,-0.002012,0.000277,-4.265180,0.005951,-0.002636,-6.047632,-0.000294,0.002026,6.047495,3886.391,0,0.000000,4,2,18.051111,1,0,0
80,1.333333,-0.001923,0.000236,-4.366346,0.005310,-0.002459,-6.069982,-0.000260,0.002040,6.069838,3934.129,0,0.000000,4,2,18.285141,1,0,0
81,1.350000,-0.001850,0.000198,-4.468276,0.004380,-0.002325,-6.115795,-0.000091,0.010159,6.115643,3985.135,0,0.000000,4,2,18.513189,1,0,0
82,1.366667,-0.001802,0.000162,-4.570996,0.002874,-0.002132,-6.163190,0.000135,0.013542,6.163032,4034.836,0,0.000000,4,2,18.736397,1,0,0
83,1.383333,-0.001788,0.000131,-4.674551,0.000876,-0.001891,-6.213355,0.000349,0.012830,6.213191,4083.483,0,0.000000,4,2,18.954166,1,0,0
84,1.400000,-0.001811,0.000104,-4.778991,-0.001406,-0.001610,-6.266363,0.000508,0.009542,6.266194,4130.945,0,0.000000,4,2,19.166086,1,0,0
85,1.416667,-0.001873,0.000082,-4.884363,-0.003702,-0.001300,-6.322354,0.000595,0.005188,6.322182,4177.131,0,0.000000,4,2,19.371883,1,0,0
86,1.433333,-0.001969,0.000066,-4.990722,-0.005735,-0.000971,-6.381500,0.000611,0.000949,6.381327,4221.983,0,0.000000,4,2,19.571434,1,0,0
87,1.450000,-0.002090,0.000055,-5.098121,-0.007277,-0.000636,-6.443955,0.000571,-0.002415,6.443782,4265.474,0,0.000000,4,2,19.764765,1,0,0
88,1.466667,-0.002226,0.000050,-5.206618,-0.008176,-0.000300,-6.509816,0.000495,-0.004531,6.509642,4307.609,0,0.000000,4,2,19.952055,1,0,0
89,1.483333,-0.002366,0.000051,-5.316269,-0.008378,0.000023,-6.579078,0.000406,-0.005355,6.578904,4348.428,0,0.000000,4,2,20.133629,1,0,0
90,1.500000,-0.002498,0.000056,-5.427130,-0.007921,0.000329,-6.651613,0.000321,-0.005116,6.651439,4388.001,0,0.000000,4,2,20.309948,1,0,0
91,1.516667,-0.002613,0.000066,-5.539249,-0.006920,0.000609,-6.727161,0.000251,-0.004176,6.726988,4426.429,0,0.000000,4,2,20.481596,1,0,0
92,1.533333,-0.002713,0.000081,-5.652571,-0.005978,0.000866,-6.799340,0.000138,-0.006818,6.799169,4463.838,0,0.000000,4,2,20.652884,1,0,0
93,1.550000,-0.002788,0.000099,-5.766846,-0.004535,0.001097,-6.856483,0.000136,-0.000110,6.856312,4501.169,0,0.000000,4,2,20.833899,1,0,0
94,1.566667,-0.002840,0.000119,-5.882665,-0.003125,0.001184,-6.949150,0.000044,-0.005521,6.948981,4540.621,0,0.000000,4,2,21.009779,1,0,0
95,1.583333,-0.002865,0.000141,-5.999342,-0.001479,0.001343,-7.000626,-0.000011,-0.003270,7.000458,4578.953,0,0.000000,4,2,21.204344,1,0,0
96,1.600000,-0.002864,0.000164,-6.117081,0.000077,0.001373,-7.064311,-0.000016,-0.000298,7.064144,4621.357,0,0.000000,4,2,21.389235,1,0,0
97,1.616667,-0.002866,0.000187,-6.235706,-0.000132,0.001357,-7.117511,-0.000042,-0.001563,7.117344,4661.653,0,0.000000,4,2,21.577833,1,0,0
98,1.633333,-0.002870,0.000207,-6.355576,-0.000234,0.001234,-7.192190,0.000023,0.003937,7.192023,4702.757,0,0.000000,4,2,21.756105,1,0,0
99,1.650000,-0.002879,0.000226,-6.476251,-0.000531,0.001151,-7.240498,0.000084,0.003615,7.240330,4741.610,0,0.000000,4,2,21.946053,1,0,0
100,1.666667,-0.002894,0.000242,-6.598100,-0.000913,0.000967,-7.310994,0.000046,-0.002237,7.310826,4783.008,0,0.000000,4,2,22.125565,1,0,0
101,1.683333,-0.002912,0.000256,-6.720831,-0.001063,0.000823,-7.363863,0.000029,-0.001030,7.363694,4822.131,0,0.000000,4,2,22.311773,1,0,0
102,1.700000,-0.002931,0.000267,-6.844734,-0.001132,0.000621,-7.434165,0.000084,0.003293,7.433996,4862.715,0,0.000000,4,2,22.490723,1,0,0
103,1.716667,-0.002953,0.000274,-6.969517,-0.001323,0.000472,-7.486985,0.000167,0.004997,7.486813,4901.715,0,0.000000,4,2,22.676027,1,0,0
104,1.733333,-0.002980,0.000279,-7.095516,-0.001672,0.000276,-7.559899,0.000182,0.000902,7.559726,4942.101,0,0.000000,4,2,22.850918,1,0,0
105,1.750000,-0.003013,0.000282,-7.222287,-0.001926,0.000165,-7.606309,0.000183,0.000012,7.606134,4980.218,0,0.000000,4,2,23.037298,1,0,0
106,1.766667,-0.003051,0.000282,-7.350118,-0.002287,0.000004,-7.669817,0.000217,0.002071,7.669641,5020.838,0,0.000000,4,2,23.213058,1,0,0
107,1.783333,-0.003094,0.000280,-7.478836,-0.002627,-0.000110,-7.723068,0.000194,-0.001411,7.722890,5059.144,0,0.000000,4,2,23.392485,1,0,0
108,1.800000,-0.003140,0.000276,-7.608815,-0.002752,-0.000254,-7.798782,0.000312,0.007078,7.798602,5098.249,0,0.000000,4,2,23.564955,1,0,0
109,1.816667,-0.003193,0.000271,-7.739596,-0.003176,-0.000289,-7.846849,0.000368,0.003356,7.846667,5135.837,0,0.000000,4,2,23.748108,1,0,0
110,1.833333,-0.003253,0.000265,-7.871461,-0.003582,-0.000364,-7.911917,0.000329,-0.002331,7.911733,5175.755,0,0.000000,4,2,23.920712,1,0,0
111,1.850000,-0.003315,0.000259,-8.004123,-0.003708,-0.000379,-7.959718,0.000330,0.000059,7.959532,5213.373,0,0.000000,4,2,24.099442,1,0,0
112,1.866667,-0.003381,0.000251,-8.137953,-0.003953,-0.000439,-8.029807,0.000284,-0.002774,8.029619,5252.326,0,0.000000,4,2,24.267239,1,0,0
113,1.883333,-0.003445,0.000244,-8.272552,-0.003841,-0.000413,-8.075986,0.000205,-0.004707,8.075795,5288.896,0,0.000000,4,2,24.445107,1,0,0
114,1.900000,-0.003502,0.000237,-8.408338,-0.003420,-0.000446,-8.147096,0.000256,0.003036,8.146902,5327.662,0,0.000000,4,2,24.612013,1,0,0
115,1.916667,-0.003555,0.000230,-8.544900,-0.003172,-0.000393,-8.193769,0.000297,0.002498,8.193573,5364.038,0,0.000000,4,2,24.788925,1,0,0
116,1.933333,-0.003604,0.000224,-8.682565,-0.002996,-0.000395,-8.259838,0.000262,-0.002113,8.259641,5402.595,0,0.000000,4,2,24.955021,1,0,0
117,1.950000,-0.003649,0.000218,-8.820983,-0.002666,-0.000333,-8.305132,0.000237,-0.001492,8.304931,5438.794,0,0.000000,4,2,25.129145,1,0,0
118,1.966667,-0.003688,0.000213,-8.960465,-0.002324,-0.000330,-8.368934,0.000193,-0.002662,8.368731,5476.743,0,0.000000,4,2,25.292217,1,0,0
119,1.983333,-0.003719,0.000208,-9.100753,-0.001899,-0.000276,-8.417238,0.000190,-0.000176,8.417034,5512.284,0,0.000000,4,2,25.462738,1,0,0
120,2.000000,-0.003746,0.000203,-9.242157,-0.001578,-0.000273,-8.484233,0.000124,-0.003953,8.484026,5549.448,0,0.000000,4,2,25.625931,1,0,0
121,2.016667,-0.003764,0.000200,-9.384326,-0.001109,-0.000204,-8.530107,0.000105,-0.001141,8.529899,5585.015,0,0.000000,4,2,25.796072,1,0,0
122,2.033333,-0.003776,0.000197,-9.527461,-0.000730,-0.000184,-8.588124,0.000102,-0.000169,8.587914,5622.097,0,0.000000,4,2,25.958637,1,0,0
123,2.050000,-0.003784,0.000195,-9.671442,-0.000460,-0.000147,-8.638855,0.000082,-0.001232,8.638640,5657.526,0,0.000000,4,2,26.123503,1,0,0
124,2.066667,-0.003788,0.000192,-9.816430,-0.000229,-0.000136,-8.699306,0.000116,0.002082,8.699089,5693.458,0,0.000000,4,2,26.285439,1,0,0
125,2.083333,-0.003792,0.000191,-9.962230,-0.000242,-0.000091,-8.747965,0.000157,0.002474,8.747746,5728.751,0,0.000000,4,2,26.448997,1,0,0
126,2.100000,-0.003800,0.000189,-10.108975,-0.000465,-0.000081,-8.804734,0.000125,-0.001950,8.804514,5764.397,0,0.000000,4,2,26.608927,1,0,0
127,2.116667,-0.003810,0.000188,-10.256611,-0.000612,-0.000057,-8.858121,0.000144,0.001136,8.857899,5799.253,0,0.000000,4,2,26.769169,1,0,0
128,2.133333,-0.003825,0.000188,-10.405059,-0.000902,-0.000031,-8.906888,0.000148,0.000262,8.906663,5834.177,0,0.000000,4,2,26.928185,1,0,0
129,2.150000,-0.003845,0.000187,-10.554525,-0.001211,-0.000040,-8.968025,0.000182,0.002010,8.967799,5868.833,0,0.000000,4,2,27.084160,1,0,0
130,2.166667,-0.003872,0.000187,-10.704783,-0.001623,-0.000006,-9.015415,0.000216,0.002056,9.015186,5902.827,0,0.000000,4,2,27.242567,1,0,0
131,2.183333,-0.003907,0.000187,-10.855918,-0.002096,-0.000002,-9.068051,0.000202,-0.000865,9.067820,5937.351,0,0.000000,4,2,27.397289,1,0,0
132,2.200000,-0.003947,0.000187,-11.007895,-0.002430,0.000006,-9.118655,0.000234,0.001924,9.118423,5971.072,0,0.000000,4,2,27.550945,1,0,0
133,2.216667,-0.003994,0.000187,-11.160791,-0.002819,-0.000000,-9.173748,0.000209,-0.001485,9.173513,6004.560,0,0.000000,4,2,27.702774,1,0,0
134,2.233333,-0.004044,0.000187,-11.314498,-0.002999,0.000010,-9.222378,0.000208,-0.000070,9.222142,6037.649,0,0.000000,4,2,27.854790,1,0,0
135,2.250000,-0.004096,0.000188,-11.469034,-0.003105,0.000008,-9.272222,0.000236,0.001663,9.271982,6070.781,0,0.000000,4,2,28.004265,1,0,0
136,2.266667,-0.004150,0.000188,-11.624464,-0.003223,-0.000004,-9.325784,0.000212,-0.001446,9.325543,6103.358,0,0.000000,4,2,28.151995,1,0,0
137,2.283333,-0.004202,0.000188,-11.780681,-0.003151,0.000001,-9.372988,0.000210,-0.000066,9.372746,6135.555,0,0.000000,4,2,28.299646,1,0,0
138,2.300000,-0.004253,0.000187,-11.937740,-0.003036,-0.000011,-9.423618,0.000214,0.000206,9.423375,6167.734,0,0.000000,4,2,28.444624,1,0,0
139,2.316667,-0.004301,0.000187,-12.095594,-0.002890,-0.000017,-9.471262,0.000211,-0.000174,9.471016,6199.332,0,0.000000,4,2,28.588612,1,0,0
140,2.333333,-0.004352,0.000187,-12.254281,-0.003040,-0.000032,-9.521184,0.000216,0.000292,9.520936,6230.713,0,0.000000,4,2,28.730511,1,0,0
141,2.350000,-0.004404,0.000186,-12.413738,-0.003103,-0.000038,-9.567490,0.000218,0.000102,9.567240,6261.639,0,0.000000,4,2,28.871458,1,0,0
142,2.366667,-0.004455,0.000185,-12.574018,-0.003101,-0.000054,-9.616744,0.000222,0.000241,9.616491,6292.357,0,0.000000,4,2,29.010115,1,0,0
143,2.383333,-0.004506,0.000184,-12.735045,-0.003058,-0.000060,-9.661680,0.000225,0.000183,9.661425,6322.577,0,0.000000,4,2,29.147907,1,0,0
144,2.400000,-0.004556,0.000183,-12.896883,-0.002983,-0.000076,-9.710265,0.000227,0.000155,9.710008,6352.608,0,0.000000,4,2,29.283230,1,0,0
145,2.416667,-0.004605,0.000181,-13.059388,-0.002949,-0.000075,-9.750258,0.000226,-0.000047,9.749997,6382.101,0,0.000000,4,2,29.417797,1,0,0
146,2.433333,-0.004656,0.000180,-13.222830,-0.003070,-0.000114,-9.806529,0.000236,0.000559,9.806268,6411.429,0,0.000000,4,2,29.548365,1,0,0
147,2.450000,-0.004707,0.000178,-13.386953,-0.003025,-0.000099,-9.847371,0.000246,0.000593,9.847107,6439.886,0,0.000000,4,2,29.681704,1,0,0
148,2.466667,-0.004757,0.000176,-13.551756,-0.003018,-0.000098,-9.888165,0.000252,0.000403,9.887897,6468.946,0,0.000000,4,2,29.811451,1,0,0
149,2.483333,-0.004806,0.000174,-13.717299,-0.002954,-0.000112,-9.932647,0.000261,0.000540,9.932376,6497.223,0,0.000000,4,2,29.938080,1,0,0
150,2.500000,-0.004855,0.000172,-13.883565,-0.002954,-0.000123,-9.975921,0.000267,0.000360,9.975650,6524.822,0,0.000000,4,2,30.063402,1,0,0
151,2.516667,-0.004908,0.000170,-14.050549,-0.003148,-0.000132,-10.018982,0.000276,0.000549,10.018707,6552.135,0,0.000000,4,2,30.187107,1,0,0
152,2.533333,-0.004963,0.000168,-14.218231,-0.003311,-0.000137,-10.060959,0.000283,0.000400,10.060681,6579.095,0,0.000000,4,2,30.309309,1,0,0
153,2.550000,-0.005019,0.000166,-14.386611,-0.003343,-0.000142,-10.102816,0.000292,0.000551,10.102535,6605.729,0,0.000000,4,2,30.429779,1,0,0
154,2.566667,-0.005076,0.000163,-14.555672,-0.003428,-0.000142,-10.143626,0.000299,0.000389,10.143343,6631.984,0,0.000000,4,2,30.548689,1,0,0
155,2.583333,-0.005134,0.000161,-14.725410,-0.003498,-0.000143,-10.184343,0.000307,0.000504,10.184056,6657.900,0,0.000000,4,2,30.665838,1,0,0
156,2.600000,-0.005194,0.000158,-14.895811,-0.003584,-0.000142,-10.224039,0.000312,0.000294,10.223751,6683.432,0,0.000000,4,2,30.781414,1,0,0
157,2.616667,-0.005255,0.000156,-15.066872,-0.003643,-0.000143,-10.263635,0.000323,0.000640,10.263344,6708.621,0,0.000000,4,2,30.895233,1,0,0
158,2.633333,-0.005317,0.000154,-15.238576,-0.003730,-0.000142,-10.302242,0.000330,0.000429,10.301949,6733.427,0,0.000000,4,2,31.007483,1,0,0
159,2.650000,-0.005381,0.000151,-15.410921,-0.003823,-0.000141,-10.340720,0.000338,0.000474,10.340424,6757.891,0,0.000000,4,2,31.117996,1,0,0
160,2.666667,-0.005446,0.000149,-15.583892,-0.003927,-0.000136,-10.378258,0.000343,0.000338,10.377958,6781.977,0,0.000000,4,2,31.226950,1,0,0
161,2.683333,-0.005513,0.000147,-15.757485,-0.004042,-0.000134,-10.415632,0.000352,0.000524,10.415333,6805.723,0,0.000000,4,2,31.334196,1,0,0
162,2.700000,-0.005583,0.000145,-15.931687,-0.004174,-0.000133,-10.452108,0.000358,0.000335,10.451806,6829.096,0,0.000000,4,2,31.439899,1,0,0
163,2.716667,-0.005653,0.000142,-16.106495,-0.004198,-0.000131,-10.488387,0.000367,0.000539,10.488081,6852.134,0,0.000000,4,2,31.543930,1,0,0
164,2.733333,-0.005724,0.000140,-16.281893,-0.004246,-0.000127,-10.523825,0.000372,0.000335,10.523516,6874.807,0,0.000000,4,2,31.646435,1,0,0
165,2.750000,-0.005798,0.000138,-16.457876,-0.004440,-0.000126,-10.559017,0.000380,0.000479,10.558705,6897.146,0,0.000000,4,2,31.747307,1,0,0
166,2.766667,-0.005874,0.000136,-16.634434,-0.004601,-0.000122,-10.593434,0.000386,0.000325,10.593120,6919.132,0,0.000000,4,2,31.846672,1,0,0
167,2.783333,-0.005950,0.000134,-16.811560,-0.004554,-0.000119,-10.627560,0.000395,0.000541,10.627243,6940.787,0,0.000000,4,2,31.944448,1,0,0
168,2.800000,-0.006026,0.000132,-16.989243,-0.004568,-0.000118,-10.660968,0.000401,0.000393,10.660648,6962.097,0,0.000000,4,2,32.040741,1,0,0
169,2.816667,-0.006105,0.000130,-17.167477,-0.004709,-0.000115,-10.694046,0.000410,0.000501,10.693724,6983.083,0,0.000000,4,2,32.135487,1,0,0
170,2.833333,-0.006185,0.000128,-17.346251,-0.004832,-0.000114,-10.726463,0.000416,0.000362,10.726138,7003.732,0,0.000000,4,2,32.228775,1,0,0
171,2.850000,-0.006269,0.000127,-17.525558,-0.004996,-0.000113,-10.758519,0.000422,0.000371,10.758190,7024.064,0,0.000000,4,2,32.320560,1,0,0
172,2.866667,-0.006352,0.000125,-17.705391,-0.005027,-0.000110,-10.789964,0.000428,0.000354,10.789635,7044.068,0,0.000000,4,2,32.410915,1,0,0
173,2.883333,-0.006438,0.000123,-17.885742,-0.005118,-0.000110,-10.821023,0.000434,0.000361,10.820691,7063.761,0,0.000000,4,2,32.499813,1,0,0
174,2.900000,-0.006524,0.000121,-18.066601,-0.005197,-0.000108,-10.851509,0.000439,0.000335,10.851174,7083.135,0,0.000000,4,2,32.587311,1,0,0
175,2.916667,-0.006612,0.000119,-18.247961,-0.005268,-0.000107,-10.881599,0.000445,0.000368,10.881261,7102.205,0,0.000000,4,2,32.673393,1,0,0
176,2.933333,-0.006702,0.000118,-18.429811,-0.005384,-0.000106,-10.911148,0.000450,0.000264,10.910807,7120.966,0,0.000000,4,2,32.758110,1,0,0
177,2.950000,-0.006792,0.000116,-18.612150,-0.005390,-0.000104,-10.940292,0.000458,0.000468,10.939951,7139.429,0,0.000000,4,2,32.841454,1,0,0
178,2.966667,-0.006882,0.000114,-18.794966,-0.005420,-0.000104,-10.968928,0.000463,0.000320,10.968584,7157.594,0,0.000000,4,2,32.923466,1,0,0
179,2.983333,-0.006975,0.000112,-18.978252,-0.005566,-0.000102,-10.997149,0.000470,0.000427,10.996803,7175.468,0,0.000000,4,2,33.004150,1,0,0
180,3.000000,-0.007070,0.000111,-19.162001,-0.005692,-0.000101,-11.024897,0.000475,0.000307,11.024547,7193.052,0,0.000000,4,2,33.083538,1,0,0
181,3.016667,-0.007165,0.000109,-19.346205,-0.005735,-0.000100,-11.052224,0.000481,0.000372,11.051871,7210.354,0,0.000000,4,2,33.161636,1,0,0
182,3.033333,-0.007262,0.000107,-19.530857,-0.005822,-0.000098,-11.079102,0.000486,0.000243,11.078749,7227.376,0,0.000000,4,2,33.238476,1,0,0
183,3.050000,-0.007360,0.000106,-19.715950,-0.005881,-0.000098,-11.105562,0.000493,0.000441,11.105207,7244.122,0,0.000000,4,2,33.314072,1,0,0
184,3.066667,-0.007460,0.000104,-19.901478,-0.005959,-0.000098,-11.131593,0.000498,0.000297,11.131235,7260.598,0,0.000000,4,2,33.388443,1,0,0
185,3.083333,-0.007561,0.000102,-20.087429,-0.006079,-0.000096,-11.157211,0.000503,0.000337,11.156851,7276.807,1,0.000000,4,3,58.996567,1,0,0
186,3.100000,-0.007670,0.000089,-20.281729,-0.006549,-0.000819,-11.657922,0.000504,0.000022,11.657614,7276.807,1,0.000000,4,3,57.956940,1,0,0
187,3.116667,-0.007787,0.000087,-20.482258,-0.006991,-0.000137,-12.031753,0.000477,-0.001610,12.031511,7223.247,1,0.000000,4,3,57.047943,1,0,0
188,3.133333,-0.007904,0.000106,-20.687984,-0.007031,0.001150,-12.343627,0.000413,-0.003854,12.343452,7156.150,1,0.000000,4,3,56.156147,1,0,0
189,3.150000,-0.008015,0.000150,-20.898014,-0.006668,0.002632,-12.601742,0.000314,-0.005924,12.601622,7075.901,1,0.000000,4,3,55.275784,1,0,0
190,3.166667,-0.008109,0.000216,-21.111649,-0.005669,0.004009,-12.818136,0.000189,-0.007495,12.818055,6982.711,1,0.000000,4,3,54.401894,1,0,0
191,3.183333,-0.008176,0.000301,-21.328426,-0.003987,0.005087,-13.006646,0.000051,-0.008289,13.006592,6876.651,1,0.000000,4,3,53.530605,1,0,0
192,3.200000,-0.008204,0.000397,-21.548111,-0.001677,0.005769,-13.181083,-0.000086,-0.008232,13.181044,6757.692,1,0.000000,4,3,52.659260,1,0,0
193,3.216667,-0.008185,0.000496,-21.771664,0.001119,0.005948,-13.413036,-0.000127,-0.002410,13.413010,6625.756,1,0.000000,4,3,51.786350,1,0,0
194,3.233333,-0.008136,0.000594,-21.999599,0.002933,0.005868,-13.676242,-0.000183,-0.003380,13.676226,6480.750,1,0.000000,4,3,50.914761,1,0,0
195,3.250000,-0.008060,0.000689,-22.231842,0.004604,0.005687,-13.934603,-0.000237,-0.003238,13.934597,6322.832,1,0.000000,4,3,50.045712,1,0,0
196,3.266667,-0.007969,0.000779,-22.468527,0.005457,0.005378,-14.201029,-0.000364,-0.007640,14.201025,6152.124,1,0.000000,4,3,49.162971,1,0,0
197,3.283333,-0.007868,0.000861,-22.710257,0.006064,0.004932,-14.503877,-0.000436,-0.004319,14.503878,5967.352,1,0.000000,4,3,48.202202,1,0,0
198,3.300000,-0.007753,0.000937,-22.956135,0.006893,0.004590,-14.752645,-0.000406,0.001824,14.752648,5762.461,1,0.000000,4,3,47.315907,1,0,0
199,3.316667,-0.007636,0.001007,-23.205282,0.006974,0.004197,-14.948785,-0.000342,0.003803,14.948788,5550.471,1,0.000000,4,3,46.566315,1,0,0
200,3.333333,-0.007525,0.001068,-23.457037,0.006672,0.003638,-15.105289,-0.000279,0.003829,15.105291,5339.532,1,0.000000,4,3,45.951260,1,0,0
201,3.350000,-0.007425,0.001116,-23.710739,0.006019,0.002889,-15.222215,-0.000230,0.002903,15.222216,5132.458,1,0.000000,4,3,45.468964,1,0,0
202,3.366667,-0.007340,0.001148,-23.965736,0.005121,0.001942,-15.299768,-0.000208,0.001346,15.299767,5078.589,1,0.000000,4,3,45.523727,1,0,0
203,3.383333,-0.007243,0.001161,-24.221857,0.005820,0.000774,-15.367280,-0.000594,-0.023152,15.367272,5084.705,1,0.000000,4,3,45.650871,1,0,0
204,3.400000,-0.007107,0.001153,-24.478691,0.008121,-0.000484,-15.410064,-0.001487,-0.053608,15.410038,5098.907,1,0.000000,4,3,45.852421,1,0,0
205,3.416667,-0.006868,0.001123,-24.736568,0.014358,-0.001845,-15.472600,-0.002436,-0.056904,15.472546,5121.419,1,0.000000,4,3,46.044350,1,0,0
206,3.433333,-0.006461,0.001071,-24.995432,0.024429,-0.003113,-15.531890,-0.003276,-0.050419,15.531816,5142.855,1,0.000000,4,3,46.234562,1,0,0
207,3.450000,-0.005834,0.001000,-25.255295,0.037578,-0.004232,-15.591758,-0.003890,-0.036820,15.591684,5164.102,1,0.000000,4,3,46.422344,1,0,0
208,3.466667,-0.004963,0.000914,-25.516146,0.052284,-0.005150,-15.651078,-0.004219,-0.019701,15.651024,5185.075,1,0.000000,4,3,46.607723,1,0,0
209,3.483333,-0.003864,0.000817,-25.777971,0.065915,-0.005840,-15.709402,-0.004449,-0.013775,15.709364,5205.781,1,0.000000,4,3,46.790585,1,0,0
210,3.500000,-0.002700,0.000712,-26.040659,0.069855,-0.006285,-15.761380,-0.004692,-0.014604,15.761323,5226.205,1,0.000000,4,3,46.989975,1,0,0
211,3.516667,-0.001472,0.000604,-26.304281,0.073697,-0.006507,-15.817187,-0.004801,-0.006504,15.817108,5248.476,1,0.000000,4,3,47.185398,1,0,0
212,3.533333,-0.000209,0.000496,-26.568800,0.075762,-0.006497,-15.871189,-0.004941,-0.008369,15.871083,5270.303,1,0.000000,4,3,47.381859,1,0,0
213,3.550000,0.001098,0.000391,-26.834234,0.078436,-0.006283,-15.926018,-0.004959,-0.001034,15.925894,5292.247,1,0.000000,4,3,47.576332,1,0,0
214,3.566667,0.002407,0.000293,-27.100563,0.078552,-0.005896,-15.979645,-0.005011,-0.003147,15.979492,5313.968,1,0.000000,4,3,47.771801,1,0,0
215,3.583333,0.003723,0.000203,-27.367796,0.078937,-0.005367,-16.034027,-0.004994,0.001007,16.033850,5335.801,1,0.000000,4,3,47.965397,1,0,0
216,3.600000,0.005044,0.000124,-27.635923,0.079257,-0.004732,-16.087650,-0.004905,0.005344,16.087454,5357.424,1,0.000000,4,3,48.159142,1,0,0
217,3.616667,0.006363,0.000057,-27.904943,0.079183,-0.004026,-16.141218,-0.004749,0.009329,16.141003,5379.064,1,0.000000,4,3,48.352375,1,0,0
218,3.633333,0.007670,0.000002,-28.174858,0.078398,-0.003286,-16.194813,-0.004542,0.012415,16.194578,5400.647,1,0.000000,4,3,48.544643,1,0,0
219,3.650000,0.008948,-0.000040,-28.445667,0.076672,-0.002537,-16.248617,-0.004303,0.014333,16.248363,5422.122,1,0.000000,4,3,48.735432,1,0,0
220,3.666667,0.010180,-0.000070,-28.717381,0.073903,-0.001807,-16.302742,-0.004052,0.015014,16.302465,5443.432,1,0.000000,4,3,48.924316,1,0,0
221,3.683333,0.011349,-0.000089,-28.990002,0.070140,-0.001113,-16.357262,-0.003809,0.014542,16.356960,5464.529,1,0.000000,4,3,49.110996,1,0,0
222,3.700000,0.012442,-0.000096,-29.263538,0.065572,-0.000472,-16.412205,-0.003590,0.013097,16.411880,5485.380,1,0.000000,4,3,49.295296,1,0,0
223,3.716667,0.013450,-0.000095,-29.537998,0.060511,0.000103,-16.467560,-0.003407,0.010915,16.467216,5505.966,1,0.000000,4,3,49.477173,1,0,0
224,3.733333,0.014373,-0.000085,-29.813387,0.055344,0.000603,-16.523294,-0.003269,0.008253,16.522934,5526.280,1,0.000000,4,3,49.656670,1,0,0
225,3.750000,0.015262,-0.000067,-30.089106,0.053364,0.001082,-16.543140,-0.002696,0.034348,16.542765,5546.328,1,0.000000,4,3,49.905384,1,0,0
226,3.766667,0.016061,-0.000044,-30.365582,0.047961,0.001341,-16.588516,-0.002020,0.040529,16.588120,5574.108,1,0.000000,4,3,50.131577,1,0,0
227,3.783333,0.016728,-0.000019,-30.642847,0.039995,0.001515,-16.635921,-0.001370,0.038946,16.635496,5599.372,1,0.000000,4,3,50.343040,1,0,0
228,3.800000,0.017225,0.000008,-30.920988,0.029802,0.001615,-16.688446,-0.000843,0.031621,16.688002,5622.992,1,0.000000,4,3,50.539162,1,0,0
229,3.816667,0.017529,0.000036,-31.200060,0.018286,0.001664,-16.744303,-0.000498,0.020632,16.743845,5644.897,1,0.000000,4,3,50.721786,1,0,0
230,3.833333,0.017663,0.000064,-31.480097,0.008000,0.001681,-16.802259,-0.000181,0.018992,16.801800,5665.295,1,0.000000,4,3,50.892643,1,0,0
231,3.850000,0.017710,0.000092,-31.761084,0.002835,0.001675,-16.859142,0.000062,0.014507,16.858686,5684.379,1,0.000000,4,3,51.055408,1,0,0
232,3.866667,0.017677,0.000119,-32.043041,-0.001953,0.001635,-16.917398,0.000294,0.013891,16.916945,5702.558,1,0.000000,4,3,51.209499,1,0,0
233,3.883333,0.017576,0.000145,-32.326096,-0.006089,0.001556,-16.983082,0.000371,0.004630,16.982635,5719.770,1,0.000000,4,3,51.356991,1,0,0
234,3.900000,0.017460,0.000170,-32.609898,-0.006952,0.001506,-17.028116,0.000666,0.017635,17.027676,5736.243,1,0.000000,4,3,51.529404,1,0,0
235,3.916667,0.017304,0.000193,-32.894726,-0.009354,0.001365,-17.089819,0.000864,0.011921,17.089382,5755.501,1,0.000000,4,3,51.691959,1,0,0
236,3.933333,0.017096,0.000213,-33.180435,-0.012463,0.001235,-17.142393,0.001032,0.010095,17.141962,5773.657,1,0.000000,4,3,51.858936,1,0,0
237,3.950000,0.016804,0.000231,-33.467087,-0.017561,0.001070,-17.199097,0.001158,0.007514,17.198675,5792.307,1,0.000000,4,3,52.022793,1,0,0
238,3.966667,0.016456,0.000246,-33.754646,-0.020867,0.000907,-17.253597,0.001284,0.007608,17.253181,5810.609,1,0.000000,4,3,52.187149,1,0,0
239,3.983333,0.016073,0.000258,-34.043121,-0.022989,0.000735,-17.308420,0.001384,0.005988,17.308008,5828.966,1,0.000000,4,3,52.350288,1,0,0
240,4.000000,0.015654,0.000268,-34.332504,-0.025146,0.000565,-17.362976,0.001493,0.006571,17.362570,5847.188,1,0.000000,4,3,52.512688,1,0,0
241,4.016667,0.015206,0.000274,-34.622791,-0.026852,0.000399,-17.417387,0.001572,0.004769,17.416985,5865.327,1,0.000000,4,3,52.674294,1,0,0
242,4.033333,0.014729,0.000278,-34.913986,-0.028623,0.000241,-17.471590,0.001667,0.005682,17.471188,5883.378,1,0.000000,4,3,52.835159,1,0,0
243,4.050000,0.014215,0.000280,-35.206081,-0.030867,0.000095,-17.525612,0.001721,0.003295,17.525211,5901.345,1,0.000000,4,3,52.995266,1,0,0
244,4.066667,0.013689,0.000279,-35.499073,-0.031549,-0.000035,-17.579407,0.001810,0.005349,17.579006,5919.228,1,0.000000,4,3,53.154648,1,0,0
245,4.083333,0.013145,0.000277,-35.792957,-0.032655,-0.000151,-17.633013,0.001873,0.003821,17.632614,5937.030,1,0.000000,4,3,53.313267,1,0,0
246,4.100000,0.012566,0.000273,-36.087730,-0.034697,-0.000248,-17.686367,0.001928,0.003300,17.685970,5954.747,1,0.000000,4,3,53.471149,1,0,0
247,4.116667,0.011975,0.000267,-36.383389,-0.035488,-0.000327,-17.739515,0.001990,0.003745,17.739117,5972.381,1,0.000000,4,3,53.628262,1,0,0
248,4.133333,0.011359,0.000261,-36.679932,-0.036945,-0.000387,-17.792431,0.002033,0.002597,17.792034,5989.930,1,0.000000,4,3,53.784603,1,0,0
249,4.150000,0.010734,0.000254,-36.977348,-0.037504,-0.000431,-17.845100,0.002089,0.003404,17.844704,6007.392,1,0.000000,4,3,53.940178,1,0,0
250,4.166667,0.010093,0.000246,-37.275639,-0.038439,-0.000459,-17.897545,0.002128,0.002356,17.897146,6024.769,1,0.000000,4,3,54.094952,1,0,0
251,4.183333,0.009439,0.000238,-37.574799,-0.039270,-0.000470,-17.949728,0.002176,0.002873,17.949329,6042.056,1,0.000000,4,3,54.248940,1,0,0
252,4.200000,0.008767,0.000230,-37.874828,-0.040333,-0.000469,-18.001677,0.002206,0.001797,18.001276,6059.255,1,0.000000,4,3,54.402107,1,0,0
253,4.216667,0.008086,0.000223,-38.175716,-0.040843,-0.000457,-18.053366,0.002250,0.002704,18.052963,6076.363,1,0.000000,4,3,54.554462,1,0,0
254,4.233333,0.007393,0.000216,-38.477463,-0.041567,-0.000434,-18.104807,0.002283,0.001956,18.104403,6093.380,1,0.000000,4,3,54.705986,1,0,0
255,4.250000,0.006687,0.000209,-38.780064,-0.042352,-0.000405,-18.155981,0.002319,0.002171,18.155577,6110.305,1,0.000000,4,3,54.856678,1,0,0
256,4.266667,0.005971,0.000203,-39.083511,-0.042996,-0.000370,-18.206902,0.002347,0.001706,18.206495,6127.136,1,0.000000,4,3,55.006516,1,0,0
257,4.283333,0.005242,0.000197,-39.387802,-0.043691,-0.000332,-18.257551,0.002380,0.001976,18.257143,6143.872,1,0.000000,4,3,55.155502,1,0,0
258,4.300000,0.004502,0.000192,-39.692936,-0.044431,-0.000290,-18.307938,0.002403,0.001398,18.307528,6160.513,1,0.000000,4,3,55.303623,1,0,0
259,4.316667,0.003753,0.000188,-39.998901,-0.044925,-0.000248,-18.358053,0.002435,0.001893,18.357643,6177.057,1,0.000000,4,3,55.450871,1,0,0
260,4.333333,0.002994,0.000185,-40.305698,-0.045576,-0.000207,-18.407896,0.002457,0.001341,18.407482,6193.503,1,0.000000,4,3,55.597240,1,0,0
261,4.350000,0.002225,0.000182,-40.613323,-0.046100,-0.000167,-18.457462,0.002486,0.001701,18.457050,6209.852,1,0.000000,4,3,55.742722,1,0,0
262,4.366667,0.001446,0.000180,-40.921772,-0.046769,-0.000132,-18.506752,0.002505,0.001168,18.506338,6226.101,1,0.000000,4,3,55.887310,1,0,0
263,4.383333,0.000659,0.000178,-41.231033,-0.047204,-0.000097,-18.555759,0.002532,0.001619,18.555344,6242.250,1,0.000000,4,3,56.030998,1,0,0
264,4.400000,-0.000137,0.000177,-41.541107,-0.047777,-0.000067,-18.604486,0.002552,0.001185,18.604067,6258.300,1,0.000000,4,3,56.173782,1,0,0
265,4.416667,-0.000942,0.000176,-41.851990,-0.048281,-0.000041,-18.652927,0.002576,0.001452,18.652508,6274.248,1,0.000000,4,3,56.315651,1,0,0
266,4.433333,-0.001757,0.000176,-42.163677,-0.048913,-0.000021,-18.701084,0.002593,0.000994,18.700663,6290.094,1,0.000000,4,3,56.456608,1,0,0
267,4.450000,-0.002579,0.000176,-42.476158,-0.049296,-0.000004,-18.748951,0.002617,0.001436,18.748529,6305.837,1,0.000000,4,3,56.596642,1,0,0
268,4.466667,-0.003409,0.000176,-42.789433,-0.049806,0.000009,-18.796528,0.002635,0.001091,18.796104,6321.479,1,0.000000,4,3,56.735752,1,0,0
269,4.483333,-0.004247,0.000176,-43.103497,-0.050308,0.000019,-18.843809,0.002656,0.001269,18.843384,6337.016,1,0.000000,4,3,56.873936,1,0,0
270,4.500000,-0.005096,0.000177,-43.418343,-0.050928,0.000024,-18.890800,0.002670,0.000851,18.890373,6352.451,1,0.000000,4,3,57.011185,1,0,0
271,4.516667,-0.005950,0.000177,-43.733971,-0.051257,0.000027,-18.937496,0.002692,0.001317,18.937069,6367.780,1,0.000000,4,3,57.147499,1,0,0
272,4.533333,-0.006812,0.000178,-44.050369,-0.051704,0.000025,-18.983896,0.002710,0.001047,18.983465,6383.006,1,0.000000,4,3,57.282875,1,0,0
273,4.550000,-0.007685,0.000178,-44.367535,-0.052347,0.000023,-19.029997,0.002726,0.000966,19.029568,6398.127,1,0.000000,4,3,57.417313,1,0,0
274,4.566667,-0.008563,0.000178,-44.685463,-0.052707,0.000019,-19.075798,0.002745,0.001141,19.075365,6413.142,1,0.000000,4,3,57.550808,1,0,0
275,4.583333,-0.009451,0.000178,-45.004154,-0.053266,0.000012,-19.121300,0.002760,0.000896,19.120867,6428.052,1,0.000000,4,3,57.683365,1,0,0
276,4.600000,-0.010344,0.000179,-45.323593,-0.053612,0.000004,-19.166500,0.002779,0.001121,19.166063,6442.858,1,0.000000,4,3,57.814976,1,0,0
277,4.616667,-0.011247,0.000178,-45.643784,-0.054139,-0.000004,-19.211403,0.002793,0.000891,19.210966,6457.558,1,0.000000,4,3,57.945641,1,0,0
278,4.633333,-0.012155,0.000178,-45.964718,-0.054508,-0.000013,-19.255997,0.002811,0.001069,19.255556,6472.152,1,0.000000,4,3,58.075363,1,0,0
279,4.650000,-0.013073,0.000178,-46.286388,-0.055054,-0.000022,-19.300291,0.002825,0.000835,19.299852,6486.643,1,0.000000,4,3,58.204136,1,0,0
280,4.666667,-0.013996,0.000177,-46.608791,-0.055387,-0.000030,-19.344278,0.002843,0.001055,19.343838,6501.025,1,0.000000,4,3,58.331966,1,0,0
281,4.683333,-0.014927,0.000177,-46.931923,-0.055888,-0.000039,-19.387962,0.002857,0.000846,19.387520,6515.303,1,0.000000,4,3,58.458851,1,0,0
282,4.700000,-0.015865,0.000176,-47.255783,-0.056249,-0.000047,-19.431341,0.002874,0.001008,19.430897,6529.476,1,0.000000,4,3,58.584793,1,0,0
283,4.716667,-0.016811,0.000175,-47.580357,-0.056778,-0.000053,-19.474417,0.002887,0.000789,19.473970,6543.542,1,0.000000,4,3,58.709789,1,0,0
284,4.733333,-0.017763,0.000174,-47.905643,-0.057097,-0.000060,-19.517185,0.002904,0.001003,19.516735,6557.503,1,0.000000,4,3,58.833843,1,0,0
285,4.750000,-0.018722,0.000173,-48.231636,-0.057541,-0.000065,-19.559649,0.002916,0.000777,19.559198,6571.359,1,0.000000,4,3,58.956959,1,0,0
286,4.766667,-0.019687,0.000172,-48.558334,-0.057908,-0.000070,-19.601807,0.002933,0.000972,19.601355,6585.111,1,0.000000,4,3,59.079132,1,0,0
287,4.783333,-0.020660,0.000171,-48.885727,-0.058369,-0.000074,-19.643660,0.002944,0.000709,19.643208,6598.756,1,0.000000,4,3,59.200371,1,0,0
288,4.800000,-0.021638,0.000169,-49.213814,-0.058709,-0.000077,-19.685205,0.002961,0.000975,19.684750,6612.298,1,0.000000,4,3,59.320675,1,0,0
289,4.816667,-0.022624,0.000168,-49.542587,-0.059144,-0.000079,-19.726450,0.002973,0.000754,19.725996,6625.735,1,0.000000,4,3,59.440041,1,0,0
290,4.833333,-0.023616,0.000167,-49.872047,-0.059517,-0.000080,-19.767385,0.002989,0.000928,19.766928,6639.068,1,0.000000,4,3,59.558479,1,0,0
291,4.850000,-0.024615,0.000165,-50.202179,-0.059982,-0.000081,-19.808020,0.003000,0.000674,19.807562,6652.296,1,0.000000,4,3,59.675987,1,0,0
292,4.866667,-0.025620,0.000164,-50.532982,-0.060301,-0.000081,-19.848347,0.003016,0.000946,19.847887,6665.422,1,0.000000,4,3,59.792572,1,0,0
293,4.883333,-0.026632,0.000163,-50.864456,-0.060713,-0.000079,-19.888374,0.003028,0.000743,19.887913,6678.443,1,0.000000,4,3,59.908230,1,0,0
294,4.900000,-0.027651,0.000161,-51.196590,-0.061088,-0.000081,-19.928095,0.003043,0.000890,19.927631,6691.361,1,0.000000,4,3,60.022972,1,0,0
295,4.916667,-0.028676,0.000160,-51.529381,-0.061555,-0.000079,-19.967514,0.003054,0.000637,19.967051,6704.177,1,0.000000,4,3,60.136795,1,0,0
296,4.933333,-0.029707,0.000159,-51.862823,-0.061855,-0.000077,-20.006632,0.003069,0.000924,20.006166,6716.891,1,0.000000,4,3,60.249702,1,0,0
297,4.950000,-0.030745,0.000157,-52.196918,-0.062246,-0.000075,-20.045448,0.003081,0.000740,20.044981,6729.501,1,0.000000,4,3,60.361702,1,0,0
298,4.966667,-0.031789,0.000156,-52.531651,-0.062627,-0.000074,-20.083963,0.003096,0.000856,20.083494,6742.011,1,0.000000,4,3,60.472797,1,0,0
299,4.983333,-0.032839,0.000155,-52.867020,-0.063043,-0.000072,-20.122181,0.003107,0.000670,20.121710,6754.420,1,0.000000,4,3,60.582985,1,0,0
300,5.000000,-0.033896,0.000154,-53.203026,-0.063384,-0.000071,-20.160101,0.003121,0.000872,20.159628,6766.727,1,0.047244,4,3,60.692276,1,0,0
301,5.016667,-0.034247,0.000153,-53.539658,-0.021055,-0.000047,-20.198093,0.002215,-0.054339,20.197514,6778.934,1,0.070866,4,3,60.798508,1,0,0
302,5.033333,-0.033350,0.000152,-53.877068,0.053787,-0.000052,-20.244730,0.000382,-0.109835,20.244129,6790.800,1,0.086614,4,3,60.882938,1,0,0
303,5.050000,-0.030749,0.000151,-54.214924,0.156058,-0.000048,-20.271351,-0.002645,-0.181364,20.271111,6800.230,1,0.110236,4,3,60.998417,1,0,0
304,5.066667,-0.025818,0.000149,-54.553383,0.295872,-0.000136,-20.307629,-0.006909,-0.255529,20.308603,6813.128,1,0.133858,4,3,61.080524,1,0,0
305,5.083333,-0.017927,0.000145,-54.892056,0.473470,-0.000244,-20.320541,-0.012752,-0.350060,20.324337,6822.299,1,0.157480,4,3,61.195629,1,0,0
306,5.100000,-0.006383,0.000137,-55.231113,0.692629,-0.000483,-20.343267,-0.020291,-0.451739,20.352537,6835.156,1,0.188976,4,3,61.301041,1,0,0
307,5.116667,0.009657,0.000124,-55.570385,0.962383,-0.000777,-20.356398,-0.029596,-0.557488,20.375364,6846.929,1,0.212598,4,3,61.395252,1,0,0
308,5.133333,0.030380,0.000104,-55.910046,1.243406,-0.001193,-20.379456,-0.040084,-0.628308,20.412313,6857.452,1,0.236220,4,3,61.484211,1,0,0
309,5.150000,0.055869,0.000077,-56.249981,1.529310,-0.001634,-20.396166,-0.051207,-0.666313,20.447109,6867.388,1,0.259843,4,3,61.579731,1,0,0
310,5.166667,0.086640,0.000043,-56.590046,1.846257,-0.002058,-20.403843,-0.063184,-0.717475,20.479115,6878.057,1,0.291339,4,3,61.683739,1,0,0
311,5.183333,0.123135,0.000002,-56.929932,2.189731,-0.002462,-20.393099,-0.076590,-0.803197,20.500273,6889.674,1,0.314961,4,3,61.793217,1,0,0
312,5.200000,0.165612,-0.000046,-57.269447,2.548600,-0.002878,-20.370962,-0.091086,-0.868444,20.517748,6901.902,1,0.346457,4,3,61.903858,1,0,0
313,5.216667,0.214583,-0.000101,-57.608345,2.938299,-0.003283,-20.333954,-0.106935,-0.949643,20.530827,6914.260,1,0.370079,4,3,62.015633,1,0,0
314,5.233333,0.270318,-0.000163,-57.946434,3.344073,-0.003689,-20.285255,-0.123831,-1.012436,20.542383,6926.744,1,0.401575,4,3,62.128620,1,0,0
315,5.250000,0.333094,-0.000231,-58.283447,3.766577,-0.004071,-20.220781,-0.142277,-1.105413,20.549965,6939.365,1,0.433071,4,3,62.241943,1,0,0
316,5.266667,0.403654,-0.000304,-58.619099,4.233607,-0.004408,-20.139088,-0.161791,-1.169417,20.557461,6952.022,1,0.456693,4,3,62.352974,1,0,0
317,5.283333,0.481903,-0.000383,-58.953094,4.694928,-0.004736,-20.039755,-0.182751,-1.256262,20.558681,6964.424,1,0.488189,4,3,62.466473,1,0,0
318,5.300000,0.568673,-0.000466,-59.285225,5.206213,-0.005016,-19.927736,-0.204766,-1.319448,20.569433,6977.100,1,0.519685,4,3,62.561581,1,0,0
319,5.316667,0.663923,-0.000554,-59.615040,5.714979,-0.005245,-19.789030,-0.228539,-1.424979,20.568630,6987.723,1,0.551181,4,3,62.656479,1,0,0
320,5.333333,0.768348,-0.000644,-59.941891,6.265513,-0.005390,-19.611094,-0.253034,-1.468324,20.554529,6998.323,1,0.574803,4,3,62.768131,1,0,0
321,5.350000,0.881747,-0.000737,-60.265915,6.803927,-0.005612,-19.441402,-0.279288,-1.573859,20.563103,7010.793,1,0.606299,4,3,62.852962,1,0,0
322,5.366667,1.004671,-0.000112,-60.586227,7.375448,-0.005673,-19.218819,-0.306119,-1.608448,20.547367,7020.269,1,0.637795,4,3,62.969067,1,0,0
323,5.383333,1.137177,0.001861,-60.902489,7.950370,0.000233,-18.975800,-0.334861,-1.723241,20.533907,7033.237,2,0.669291,4,4,87.617859,1,0,0
324,5.400000,1.280385,0.002761,-61.221531,8.592460,-0.005315,-19.142466,-0.366065,-1.871171,20.949209,7033.237,2,0.700787,4,4,85.838921,1,0,0
325,5.416667,1.434301,0.002847,-61.542019,9.234966,-0.022909,-19.229214,-0.398268,-1.931352,21.305458,6951.508,2,0.732283,4,4,84.116203,1,0,0
326,5.433333,1.598814,0.002605,-61.862339,9.870773,-0.031408,-19.219152,-0.429685,-1.884470,21.583956,6854.240,2,0.763780,4,4,82.501518,1,0,0
327,5.450000,1.774343,0.002458,-62.180416,10.531729,-0.034595,-19.084518,-0.460559,-1.851949,21.776772,6742.894,2,0.795276,4,4,80.980759,1,0,0
328,5.466667,1.960392,0.002535,-62.494904,11.162971,-0.035209,-18.869184,-0.492844,-1.936788,21.905155,6618.676,2,0.826772,4,4,79.510574,1,0,0
329,5.483333,2.157460,0.003007,-62.804123,11.824027,-0.036588,-18.553411,-0.526706,-2.031399,21.982651,6481.882,2,0.858268,4,4,78.100784,1,0,0
330,5.500000,2.366056,0.003789,-63.107635,12.515796,-0.039439,-18.210720,-0.562025,-2.118892,22.079216,6333.460,2,0.889764,4,4,76.823746,1,0,0
331,5.516667,2.586092,0.004830,-63.404495,13.202136,-0.045560,-17.811565,-0.598502,-2.188412,22.153770,6176.512,2,0.921260,4,4,75.714096,1,0,0
332,5.533333,2.817214,0.006070,-63.693832,13.867323,-0.054404,-17.360205,-0.635835,-2.239779,22.202763,6014.085,2,0.952756,4,4,74.770676,1,0,0
333,5.550000,3.058903,0.007423,-63.974972,14.501304,-0.065896,-16.868425,-0.673755,-2.275055,22.230202,5848.396,2,0.984252,4,4,73.976845,1,0,0
334,5.566667,3.310549,0.008800,-64.247437,15.098789,-0.079751,-16.348095,-0.712003,-2.294714,22.241310,5680.943,2,1.000000,4,4,73.307739,1,0,0
335,5.583333,3.571771,0.010154,-64.510735,15.673347,-0.095472,-15.797920,-0.750470,-2.307874,22.243162,5512.518,2,1.000000,4,4,72.716370,1,0,0
336,5.600000,3.842202,0.011448,-64.764397,16.225853,-0.112376,-15.219848,-0.788901,-2.305730,22.237965,5342.264,2,1.000000,4,4,72.186165,1,0,0
337,5.616667,4.121438,0.012658,-65.008011,16.754185,-0.130004,-14.616983,-0.827184,-2.296845,22.226707,5170.261,2,1.000000,4,4,71.705544,1,0,0
338,5.633333,4.408992,0.013776,-65.241135,17.253204,-0.147997,-13.987267,-0.865194,-2.280492,22.204353,4996.608,2,1.000000,4,4,71.265831,1,0,0
339,5.650000,4.704406,0.014786,-65.463402,17.724852,-0.166021,-13.335784,-0.902917,-2.263240,22.175840,4821.386,2,1.000000,4,4,70.857330,1,0,0
340,5.666667,5.007239,0.015676,-65.674492,18.169987,-0.183887,-12.665405,-0.940373,-2.247267,22.143711,4793.750,2,1.000000,4,4,70.990707,1,0,0
341,5.683333,5.317256,0.016416,-65.874214,18.601002,-0.201325,-11.983383,-0.977764,-2.243319,22.122478,4802.773,2,1.000000,4,4,71.094849,1,0,0
342,5.700000,5.634163,0.017001,-66.062317,19.014414,-0.218087,-11.286212,-1.015174,-2.244554,22.107674,4809.819,2,1.000000,4,4,71.179405,1,0,0
343,5.716667,5.957644,0.017443,-66.238533,19.408903,-0.233769,-10.572449,-1.052613,-2.246254,22.097893,4815.539,2,1.000000,4,4,71.249252,1,0,0
344,5.733333,6.287346,0.017759,-66.402550,19.782108,-0.248194,-9.841592,-1.090065,-2.247036,22.091410,4820.265,2,1.000000,4,4,71.307617,1,0,0
345,5.750000,6.622874,0.017968,-66.554123,20.131647,-0.261307,-9.093878,-1.127511,-2.246708,22.086769,4824.213,2,1.000000,4,4,71.356636,1,0,0
346,5.766667,6.964501,0.018462,-66.691391,20.497646,-0.257147,-8.235941,-1.162717,-2.112368,22.083372,4827.530,2,1.000000,4,4,71.397736,1,0,0
347,5.783333,7.310971,0.018712,-66.816010,20.788177,-0.270795,-7.477556,-1.198993,-2.176503,22.084900,4830.310,2,1.000000,4,4,71.408806,1,0,0
348,5.800000,7.661612,0.018744,-66.928009,21.038481,-0.284315,-6.719438,-1.236274,-2.236844,22.078936,4831.059,2,1.000000,4,4,71.434830,1,0,0
349,5.816667,8.016039,0.018666,-67.026917,21.265596,-0.295422,-5.934984,-1.273974,-2.262016,22.072126,4832.819,2,1.000000,4,4,71.463676,1,0,0
350,5.833333,8.373808,0.018531,-67.112442,21.466135,-0.304357,-5.131319,-1.311810,-2.270225,22.064957,4834.771,2,1.000000,4,4,71.487778,1,0,0
351,5.850000,8.734441,0.018361,-67.184349,21.638010,-0.311832,-4.314386,-1.349671,-2.271636,22.057989,4836.401,2,1.000000,4,4,71.505699,1,0,0
352,5.866667,9.097897,0.018555,-67.240700,21.807322,-0.301246,-3.381358,-1.385218,-2.132843,22.057404,4837.614,2,1.000000,4,4,71.517746,1,0,0
353,5.883333,9.463235,0.018547,-67.283562,21.920353,-0.309465,-2.571565,-1.421960,-2.204530,22.059996,4838.429,2,1.000000,4,4,71.501892,1,0,0
354,5.900000,9.829822,0.018351,-67.313103,21.995182,-0.318351,-1.772293,-1.459816,-2.271400,22.056835,4837.356,2,1.000000,4,4,71.505920,1,0,0
355,5.916667,10.197142,0.018078,-67.328934,22.039238,-0.324975,-0.950125,-1.498075,-2.295615,22.050711,4837.629,2,1.000000,4,4,71.517235,1,0,0
356,5.933333,10.564683,0.017783,-67.330849,22.052475,-0.329575,-0.114955,-1.536434,-2.301532,22.044088,4838.395,2,1.000000,4,4,71.525490,1,0,0
357,5.950000,10.931925,0.017488,-67.318748,22.034483,-0.332961,0.726114,-1.574784,-2.301085,22.037867,4838.953,2,1.000000,4,4,71.529015,1,0,0
358,5.966667,11.298388,0.017592,-67.290833,21.987841,-0.317251,1.675323,-1.610881,-2.165826,22.038012,4839.192,2,1.000000,4,4,71.528290,1,0,0
359,5.983333,11.663622,0.017511,-67.249298,21.913998,-0.322827,2.492327,-1.648212,-2.239891,22.041851,4839.142,2,1.000000,4,4,71.500908,1,0,0
360,6.000000,12.027037,0.017272,-67.194405,21.804861,-0.328509,3.293436,-1.686608,-2.303835,22.040121,4837.290,2,1.000000,4,4,71.496307,1,0,0
361,6.016667,12.388046,0.016984,-67.125916,21.660604,-0.332245,4.109524,-1.725370,-2.325752,22.035809,4836.979,2,1.000000,4,4,71.500473,1,0,0
362,6.033333,12.746103,0.016698,-67.043739,21.483402,-0.334317,4.930574,-1.764210,-2.330444,22.031263,4837.261,2,1.000000,4,4,71.503052,1,0,0
363,6.050000,13.100718,0.016425,-66.947899,21.276920,-0.335509,5.750093,-1.803065,-2.331336,22.029867,4837.435,2,1.000000,4,4,71.502510,1,0,0
364,6.066667,13.451355,0.016172,-66.838501,21.038193,-0.336182,6.564172,-1.841910,-2.330719,22.028336,4837.398,2,1.000000,4,4,71.500687,1,0,0
365,6.083333,13.797493,0.015941,-66.715652,20.768349,-0.336436,7.370840,-1.880721,-2.328704,22.027529,4837.275,2,1.000000,4,4,71.497765,1,0,0
366,6.100000,14.138116,0.016122,-66.577827,20.437346,-0.318207,8.269253,-1.917279,-2.193448,22.031652,4837.077,2,1.000000,4,4,71.494217,1,0,0
367,6.116667,14.473424,0.016143,-66.427299,20.118498,-0.320741,9.031508,-1.955072,-2.267591,22.037758,4836.837,2,1.000000,4,4,71.466293,1,0,0
368,6.133333,14.802918,0.016019,-66.264526,19.769655,-0.324823,9.766469,-1.993921,-2.331011,22.037113,4834.948,2,1.000000,4,4,71.462639,1,0,0
369,6.150000,15.126001,0.015850,-66.089439,19.384918,-0.327284,10.505454,-2.033068,-2.348850,22.036263,4834.701,2,1.000000,4,4,71.468468,1,0,0
370,6.166667,15.442101,0.015687,-65.902153,18.965956,-0.328448,11.237201,-2.072244,-2.350540,22.033371,4835.095,2,1.000000,4,4,71.473465,1,0,0
371,6.183333,15.750704,0.015543,-65.702888,18.516174,-0.329029,11.955884,-2.111362,-2.347134,22.029512,4835.434,2,1.000000,4,4,71.475357,1,0,0
372,6.200000,16.050482,0.015810,-65.490395,17.986603,-0.310766,12.749458,-2.148225,-2.211768,22.030678,4835.562,2,1.000000,4,4,71.474136,1,0,0
373,6.216667,16.342161,0.015896,-65.266823,17.500763,-0.314767,13.414146,-2.186323,-2.285892,22.034748,4835.479,2,1.000000,4,4,71.446640,1,0,0
374,6.233333,16.625340,0.015836,-65.032692,16.990694,-0.319254,14.048344,-2.225402,-2.344719,22.032553,4833.619,2,1.000000,4,4,71.442963,1,0,0
375,6.250000,16.899389,0.015733,-64.788086,16.443026,-0.322188,14.676279,-2.264772,-2.362241,22.027582,4833.370,2,1.000000,4,4,71.447456,1,0,0
376,6.266667,17.163807,0.015630,-64.533241,15.865051,-0.323885,15.290541,-2.304160,-2.363260,22.022385,4833.674,2,1.000000,4,4,71.449913,1,0,0
377,6.283333,17.418159,0.015537,-64.268478,15.261266,-0.325070,15.886039,-2.343473,-2.358817,22.017792,4833.840,2,1.000000,4,4,71.448944,1,0,0
378,6.300000,17.662088,0.015447,-63.994118,14.635714,-0.326007,16.461754,-2.382717,-2.354617,22.016434,4833.774,2,1.000000,4,4,71.445045,1,0,0
379,6.316667,17.895224,0.015357,-63.710537,13.988057,-0.326777,17.014851,-2.421879,-2.349721,22.016235,4833.511,2,1.000000,4,4,71.440407,1,0,0
380,6.333333,18.115900,0.015667,-63.416946,13.240618,-0.308344,17.615545,-2.458721,-2.210474,22.021317,4833.197,2,1.000000,4,4,71.435532,1,0,0
381,6.350000,18.325478,0.015790,-63.115189,12.574715,-0.312510,18.105453,-2.496757,-2.282150,22.028801,4832.867,2,1.000000,4,4,71.406128,1,0,0
382,6.366667,18.523779,0.015754,-62.805878,11.898061,-0.317188,18.558598,-2.535762,-2.340293,22.031712,4830.878,2,1.000000,4,4,71.401772,1,0,0
383,6.383333,18.710213,0.015670,-62.489353,11.185987,-0.320318,18.991558,-2.575067,-2.358299,22.028782,4830.583,2,1.000000,4,4,71.407715,1,0,0
384,6.400000,18.884356,0.015585,-62.165997,10.448589,-0.322146,19.401459,-2.614389,-2.359334,22.024641,4830.985,2,1.000000,4,4,71.412239,1,0,0
385,6.416667,19.045889,0.015509,-61.836250,9.692018,-0.323461,19.784811,-2.653636,-2.354821,22.020267,4831.291,2,1.000000,4,4,71.413483,1,0,0
386,6.433333,19.194546,0.015440,-61.500580,8.919436,-0.324543,20.139994,-2.692784,-2.348846,22.016130,4831.375,2,1.000000,4,4,71.411591,1,0,0
387,6.450000,19.328524,0.015765,-61.158665,8.038726,-0.307202,20.514978,-2.729613,-2.209732,22.018044,4831.247,2,1.000000,4,4,71.407227,1,0,0
388,6.466667,19.449633,0.015905,-60.811893,7.266451,-0.311147,20.806393,-2.767636,-2.281399,22.023582,4830.952,2,1.000000,4,4,71.377312,1,0,0
389,6.483333,19.557875,0.015878,-60.460876,6.494511,-0.316261,21.061016,-2.806629,-2.339620,22.026167,4828.928,2,1.000000,4,4,71.371597,1,0,0
390,6.500000,19.652773,0.015797,-60.106079,5.693938,-0.319754,21.287893,-2.845918,-2.357311,22.023947,4828.542,2,1.000000,4,4,71.376060,1,0,0
391,6.516667,19.734024,0.015708,-59.747978,4.875046,-0.321884,21.486122,-2.885224,-2.358337,22.020746,4828.844,2,1.000000,4,4,71.379364,1,0,0
392,6.533333,19.801432,0.015623,-59.387077,4.044577,-0.323434,21.653841,-2.924458,-2.354054,22.017382,4829.067,2,1.000000,4,4,71.379738,1,0,0
393,6.550000,19.854866,0.015544,-59.023907,3.205966,-0.324690,21.790192,-2.963600,-2.348495,22.014202,4829.092,2,1.000000,4,4,71.377388,1,0,0
394,6.566667,19.892506,0.015854,-58.658581,2.258328,-0.307351,21.919487,-3.000470,-2.212230,22.019884,4828.934,2,1.000000,4,4,71.372955,1,0,0
395,6.583333,19.916454,0.015974,-58.291988,1.437001,-0.311603,21.995632,-3.038558,-2.285277,22.027479,4828.633,2,1.000000,4,4,71.344887,1,0,0
396,6.600000,19.926855,0.015935,-57.924751,0.624023,-0.316696,22.034264,-3.077615,-2.343450,22.029789,4826.734,2,1.000000,4,4,71.341667,1,0,0
397,6.616667,19.923370,0.015842,-57.557404,-0.208936,-0.320140,22.041006,-3.116930,-2.358898,22.029856,4826.517,2,1.000000,4,4,71.348114,1,0,0
398,6.633333,19.905846,0.015744,-57.190506,-1.051537,-0.322258,22.013807,3.126941,-2.358805,22.027538,4826.953,2,1.000000,4,4,71.353653,1,0,0
399,6.650000,19.874228,0.015654,-56.824623,-1.897044,-0.323782,21.952917,3.087708,-2.353986,22.023899,4827.328,2,1.000000,4,4,71.356094,1,0,0
400,6.666667,19.828527,0.015572,-56.460312,-2.741898,-0.325014,21.858711,3.048569,-2.348351,22.019541,4827.493,2,1.000000,4,4,71.355377,1,0,0
401,6.683333,19.767031,0.015891,-56.098232,-3.689830,-0.307628,21.724968,3.011736,-2.209944,22.020523,4827.444,2,1.000000,4,4,71.351990,1,0,0
402,6.700000,19.692001,0.016022,-55.738647,-4.501701,-0.311908,21.575035,2.973689,-2.282836,22.024639,4827.215,2,1.000000,4,4,71.322792,1,0,0
403,6.716667,19.603764,0.015996,-55.382137,-5.294330,-0.317103,21.390482,2.934624,-2.343927,22.022644,4825.240,2,1.000000,4,4,71.317558,1,0,0
404,6.733333,19.502132,0.015920,-55.029320,-6.097886,-0.320679,21.169189,2.895244,-2.362823,22.017853,4824.886,2,1.000000,4,4,71.321396,1,0,0
405,6.750000,19.387091,0.015837,-54.680740,-6.902466,-0.322949,20.914560,2.855833,-2.364659,22.012848,4825.146,2,1.000000,4,4,71.323685,1,0,0
406,6.766667,19.258734,0.015757,-54.336933,-7.701440,-0.324660,20.628456,2.816490,-2.360580,22.008471,4825.300,2,1.000000,4,4,71.322876,1,0,0
407,6.783333,19.117203,0.015677,-53.998379,-8.491839,-0.326078,20.313246,2.777227,-2.355758,22.006464,4825.246,2,1.000000,4,4,71.319344,1,0,0
408,6.800000,18.960999,0.015992,-53.666157,-9.372278,-0.308415,19.933493,2.740284,-2.216569,22.011501,4825.006,2,1.000000,4,4,71.314621,1,0,0
409,6.816667,18.792383,0.016111,-53.339916,-10.116778,-0.313230,19.574196,2.702148,-2.288143,22.019178,4824.687,2,1.000000,4,4,71.285408,1,0,0
410,6.833333,18.611807,0.016063,-53.020103,-10.834730,-0.318414,19.188803,2.663070,-2.344712,22.023218,4822.710,2,1.000000,4,4,71.281334,1,0,0
411,6.850000,18.419281,0.015961,-52.707386,-11.551587,-0.321938,18.763067,2.623715,-2.361278,22.021885,4822.435,2,1.000000,4,4,71.287605,1,0,0
412,6.866667,18.214951,0.015854,-52.402321,-12.259745,-0.324066,18.303751,2.584359,-2.361375,22.018932,4822.859,2,1.000000,4,4,71.292740,1,0,0
413,6.883333,17.999063,0.015755,-52.105415,-12.953275,-0.325586,17.814575,2.545088,-2.356280,22.015306,4823.207,2,1.000000,4,4,71.294785,1,0,0
414,6.900000,17.771910,0.015664,-51.817120,-13.629224,-0.326800,17.297600,2.505919,-2.350099,22.011478,4823.345,2,1.000000,4,4,71.293785,1,0,0
415,6.916667,17.532354,0.015974,-51.538895,-14.373423,-0.309236,16.693586,2.469077,-2.210551,22.013351,4823.277,2,1.000000,4,4,71.290314,1,0,0
416,6.933333,17.282476,0.016096,-51.269794,-14.992672,-0.313487,16.146187,2.431034,-2.282566,22.018555,4823.042,2,1.000000,4,4,71.261185,1,0,0
417,6.950000,17.022839,0.016055,-51.010109,-15.578227,-0.318638,15.581037,2.391996,-2.342280,22.019592,4821.072,2,1.000000,4,4,71.256310,1,0,0
418,6.966667,16.753630,0.015962,-50.760490,-16.152456,-0.322154,14.977132,2.352639,-2.361424,22.015472,4820.742,2,1.000000,4,4,71.261398,1,0,0
419,6.983333,16.475124,0.015864,-50.521427,-16.710276,-0.324294,14.343760,2.313251,-2.363306,22.010813,4821.086,2,1.000000,4,4,71.264999,1,0,0
420,7.000000,16.187677,0.015826,-50.293324,-17.246832,-0.325861,13.686114,2.273928,-2.359396,22.006500,4821.330,2,0.897638,4,4,71.265465,1,0,0
421,7.016667,15.891038,0.015888,-50.076839,-17.798328,-0.327482,12.989129,2.235138,-2.327319,22.022022,4821.361,2,0.803150,4,4,71.228424,1,0,0
422,7.033333,15.583387,0.016365,-49.873226,-18.459053,-0.310577,12.216745,2.198962,-2.170576,22.115330,4818.855,2,0.700787,4,4,70.957375,1,0,0
423,7.050000,15.267099,0.016640,-49.680748,-18.977306,-0.316408,11.548868,2.163345,-2.136981,22.192532,4800.518,2,0.614173,4,4,70.802513,1,0,0
424,7.066667,14.943681,0.016592,-49.498402,-19.405077,-0.322978,10.940522,2.129355,-2.039423,22.254704,4790.041,2,0.519685,4,4,70.769493,1,0,0
425,7.083333,14.613711,0.016134,-49.325230,-19.798206,-0.327828,10.390532,2.098163,-1.871566,22.338186,4787.807,2,0.433071,4,4,70.694351,1,0,0
426,7.100000,14.277732,0.015135,-49.159832,-20.158749,-0.329901,9.923712,2.070292,-1.672458,22.449829,4782.724,2,0.346457,4,4,70.521126,1,0,0
427,7.116667,13.936737,0.013512,-49.000687,-20.459681,-0.328222,9.548861,2.046269,-1.441621,22.561962,4771.004,2,0.259843,4,4,70.333588,1,0,0
428,7.133333,13.591380,0.011345,-48.847038,-20.721415,-0.321487,9.218705,2.025337,-1.256291,22.665508,4758.317,2,0.188976,4,4,70.129547,1,0,0
429,7.150000,13.242191,0.008659,-48.697693,-20.951302,-0.308497,8.960686,2.007972,-1.042370,22.775229,4744.513,2,0.110236,4,4,69.982109,1,0,0
430,7.166667,12.890153,0.005451,-48.551067,-21.122290,-0.289561,8.797663,1.994101,-0.832780,22.872368,4734.538,2,0.047244,4,4,69.848938,1,0,0
431,7.183333,12.536207,0.001753,-48.405659,-21.236771,-0.264509,8.724345,1.983525,-0.635159,22.953455,4725.528,2,0.000000,4,4,69.745293,1,0,0
432,7.200000,12.181172,-0.002131,-48.260227,-21.302080,-0.233030,8.725919,1.976117,-0.445313,23.017338,4718.516,2,0.000000,4,4,69.687553,1,0,0
433,7.216667,11.825535,-0.005374,-48.114216,-21.338266,-0.194598,8.760527,1.970842,-0.317442,23.065790,4714.610,2,0.000000,4,4,69.698532,1,0,0
434,7.233333,11.469001,-0.007893,-47.968323,-21.392021,-0.151118,8.753771,1.966312,-0.272967,23.113571,4715.353,2,0.000000,4,4,69.758202,1,0,0
435,7.250000,11.111666,-0.009732,-47.822819,-21.440138,-0.110392,8.730144,1.962945,-0.203411,23.149309,4719.390,2,0.000000,4,4,69.857582,1,0,0
436,7.266667,10.753441,-0.010954,-47.677517,-21.493441,-0.073263,8.718047,1.960147,-0.169292,23.194145,4726.113,2,0.000000,4,4,69.970146,1,0,0
437,7.283333,10.394241,-0.011624,-47.532394,-21.552031,-0.040206,8.707559,1.957827,-0.140808,23.244427,4733.729,2,0.000000,4,4,70.101074,1,0,0
438,7.300000,10.034092,-0.011815,-47.387413,-21.608946,-0.011510,8.698730,1.955867,-0.119198,23.293766,4742.586,2,0.000000,4,4,70.249100,1,0,0
439,7.316667,9.673029,-0.011604,-47.242554,-21.663797,0.012698,8.691745,1.954207,-0.101138,23.341902,4752.601,2,0.000000,4,4,70.405441,1,0,0
440,7.333333,9.311095,-0.011063,-47.097767,-21.716022,0.032436,8.686979,1.952799,-0.085954,23.388460,4763.178,2,0.000000,4,4,70.564575,1,0,0
441,7.350000,8.948284,-0.010266,-46.953007,-21.768661,0.047856,8.685732,1.951646,-0.070515,23.436749,4773.944,2,0.000000,4,4,70.709816,1,0,0
442,7.366667,8.584737,-0.009278,-46.808250,-21.812851,0.059244,8.685332,1.950623,-0.062611,23.477533,4783.770,2,0.000000,4,4,70.873482,1,0,0
443,7.383333,8.220374,-0.008164,-46.663445,-21.861744,0.066875,8.688474,1.949822,-0.049104,23.524036,4794.842,2,0.000000,4,4,71.011612,1,0,0
444,7.400000,7.855338,-0.006977,-46.518570,-21.902166,0.071178,8.692510,1.949088,-0.044873,23.563025,4804.187,2,0.000000,4,4,71.168304,1,0,0
445,7.416667,7.489398,-0.005768,-46.373524,-21.956400,0.072533,8.702764,1.948478,-0.037294,23.617178,4814.788,2,0.000000,4,4,71.290947,1,0,0
446,7.433333,7.122747,-0.004577,-46.228344,-21.999016,0.071462,8.710609,1.947846,-0.038421,23.659668,4823.085,2,0.000000,4,4,71.451576,1,0,0
447,7.450000,6.755304,-0.003438,-46.083023,-22.046562,0.068356,8.719324,1.947297,-0.033277,23.707085,4833.952,2,0.000000,4,4,71.601151,1,0,0
448,7.466667,6.387077,-0.002377,-45.937538,-22.093637,0.063671,8.729276,1.946796,-0.030287,23.754539,4844.072,2,0.000000,4,4,71.748917,1,0,0
449,7.483333,6.018067,-0.001413,-45.791870,-22.140596,0.057817,8.739779,1.946344,-0.027184,23.802103,4854.069,2,0.000000,4,4,71.895012,1,0,0
450,7.500000,5.648268,-0.000561,-45.646053,-22.187975,0.051170,8.749192,1.945902,-0.026400,23.849670,4863.953,2,0.000000,4,4,72.039825,1,0,0
451,7.516667,5.277679,0.000174,-45.500072,-22.235331,0.044065,8.758764,1.945492,-0.024497,23.897284,4873.750,2,0.000000,4,4,72.183403,1,0,0
452,7.533333,4.906303,0.000787,-45.353928,-22.282497,0.036799,8.768651,1.945103,-0.023086,23.944847,4883.463,2,0.000000,4,4,72.326080,1,0,0
453,7.550000,4.534144,0.001281,-45.207615,-22.329556,0.029618,8.778727,1.944736,-0.021703,23.992376,4893.116,2,0.000000,4,4,72.467926,1,0,0
454,7.566667,4.161202,0.001660,-45.061134,-22.376509,0.022730,8.788973,1.944390,-0.020471,24.039879,4902.712,2,0.000000,4,4,72.609055,1,0,0
455,7.583333,3.787480,0.001931,-44.914482,-22.423370,0.016291,8.799358,1.944062,-0.019303,24.087343,4912.260,2,0.000000,4,4,72.749565,1,0,0
456,7.600000,3.412977,0.002105,-44.767651,-22.470135,0.010424,8.809871,1.943753,-0.018202,24.134762,4921.766,2,0.000000,4,4,72.889557,1,0,0
457,7.616667,3.037697,0.002192,-44.620640,-22.516800,0.005209,8.820510,1.943461,-0.017154,24.182135,4931.237,2,0.000000,4,4,73.029121,1,0,0
458,7.633333,2.661641,0.002203,-44.473454,-22.563354,0.000696,8.831286,1.943186,-0.016151,24.229448,4940.679,2,0.000000,4,4,73.168335,1,0,0
459,7.650000,2.284811,0.002152,-44.326080,-22.609787,-0.003097,8.842208,1.942927,-0.015187,24.276701,4950.097,2,0.000000,4,4,73.307274,1,0,0
460,7.666667,1.907210,0.002049,-44.178528,-22.656084,-0.006173,8.853294,1.942685,-0.014259,24.323879,4959.497,2,0.000000,4,4,73.445999,1,0,0
461,7.683333,1.528839,0.001906,-44.030785,-22.702236,-0.008559,8.864560,1.942457,-0.013363,24.370985,4968.882,2,0.000000,4,4,73.584572,1,0,0
462,7.700000,1.149702,0.001735,-43.882851,-22.748230,-0.010294,8.876026,1.942245,-0.012498,24.418011,4978.257,2,0.000000,4,4,73.723030,1,0,0
463,7.716667,0.769801,0.001544,-43.734722,-22.794058,-0.011437,8.887705,1.942047,-0.011663,24.464956,4987.624,2,0.000000,4,4,73.861412,1,0,0
464,7.733333,0.389139,0.001343,-43.586391,-22.839710,-0.012049,8.899612,1.941863,-0.010860,24.511824,4996.986,2,0.000000,4,4,73.999741,1,0,0
465,7.750000,0.007720,0.001140,-43.437862,-22.885183,-0.012197,8.911761,1.941692,-0.010087,24.558601,5006.345,2,0.000000,4,4,74.138031,1,0,0
466,7.766667,-0.374455,0.000941,-43.289124,-22.930471,-0.011957,8.924156,1.941535,-0.009347,24.605301,5015.701,2,0.000000,4,4,74.276306,1,0,0
467,7.783333,-0.757381,0.000751,-43.140175,-22.975576,-0.011396,8.936806,1.941389,-0.008638,24.651911,5025.056,2,0.000000,4,4,74.414558,1,0,0
468,7.800000,-1.141056,0.000574,-42.991013,-23.020491,-0.010584,8.949714,1.941255,-0.007963,24.698441,5034.409,2,0.000000,4,4,74.552803,1,0,0
469,7.816667,-1.525477,0.000414,-42.841633,-23.065220,-0.009588,8.962877,1.941133,-0.007322,24.744888,5043.761,2,0.000000,4,4,74.691025,1,0,0
470,7.833333,-1.910639,0.000273,-42.692028,-23.109764,-0.008467,8.976294,1.941021,-0.006714,24.791258,5053.112,2,0.000000,4,4,74.829224,1,0,0
471,7.850000,-2.296541,0.000152,-42.542198,-23.154129,-0.007274,8.989955,1.940919,-0.006141,24.837545,5062.462,2,0.000000,4,4,74.967392,1,0,0
472,7.866667,-2.683180,0.000051,-42.392132,-23.198318,-0.006057,9.003852,1.940826,-0.005601,24.883757,5071.810,2,0.000000,4,4,75.105507,1,0,0
473,7.883333,-3.070552,-0.000030,-42.241833,-23.242338,-0.004857,9.017975,1.940742,-0.005095,24.929890,5081.154,2,0.000000,4,4,75.243561,1,0,0
474,7.900000,-3.458655,-0.000092,-42.091293,-23.286192,-0.003706,9.032312,1.940665,-0.004622,24.975950,5090.494,2,0.000000,4,4,75.381546,1,0,0
475,7.916667,-3.847487,-0.000135,-41.940510,-23.329889,-0.002628,9.046851,1.940597,-0.004180,25.021936,5099.829,2,0.000000,4,4,75.519440,1,0,0
476,7.933333,-4.237044,-0.000163,-41.789486,-23.373436,-0.001648,9.061582,1.940535,-0.003772,25.067854,5109.158,2,0.000000,4,4,75.657219,1,0,0
477,7.950000,-4.627325,-0.000176,-41.638206,-23.416838,-0.000776,9.076490,1.940480,-0.003393,25.113701,5118.479,2,0.000000,4,4,75.794876,1,0,0
478,7.966667,-5.018327,-0.000176,-41.486683,-23.460104,-0.000019,9.091561,1.940430,-0.003043,25.159481,5127.792,2,0.000000,4,4,75.932381,1,0,0
479,7.983333,-5.410048,-0.000166,-41.334904,-23.503239,0.000616,9.106781,1.940386,-0.002721,25.205196,5137.095,2,0.000000,4,4,76.069733,1,0,0
480,8.000000,-5.802485,-0.000147,-41.182869,-23.546253,0.001132,9.122136,1.940347,-0.002426,25.250847,5146.387,2,0.000000,4,4,76.206909,1,0,0
481,8.016666,-6.195638,-0.000121,-41.030575,-23.589148,0.001532,9.137613,1.940312,-0.002154,25.296429,5155.667,2,0.000000,4,4,76.343903,1,0,0
482,8.033334,-6.589503,-0.000091,-40.878025,-23.631937,0.001823,9.153197,1.940281,-0.001907,25.341955,5164.936,2,0.000000,4,4,76.480690,1,0,0
483,8.050000,-6.984080,-0.000057,-40.725212,-23.674618,0.002015,9.168876,1.940254,-0.001680,25.387411,5174.190,2,0.000000,4,4,76.617271,1,0,0
484,8.066667,-7.379367,-0.000022,-40.572132,-23.717203,0.002116,9.184634,1.940230,-0.001473,25.432814,5183.430,2,0.000000,4,4,76.753632,1,0,0
485,8.083333,-7.775362,0.000014,-40.418793,-23.759693,0.002139,9.200467,1.940210,-0.001286,25.478157,5192.656,2,0.000000,4,4,76.889763,1,0,0
486,8.100000,-8.172063,0.000048,-40.265186,-23.802094,0.002094,9.216358,1.940192,-0.001115,25.523432,5201.865,2,0.000000,4,4,77.025665,1,0,0
487,8.116667,-8.569470,0.000082,-40.111317,-23.844408,0.001997,9.232301,1.940176,-0.000958,25.568647,5211.060,2,0.000000,4,4,77.161331,1,0,0
488,8.133333,-8.967581,0.000113,-39.957176,-23.886642,0.001857,9.248286,1.940163,-0.000817,25.613806,5220.238,2,0.000000,4,4,77.296761,1,0,0
489,8.150000,-9.366394,0.000141,-39.802769,-23.928797,0.001685,9.264303,1.940152,-0.000687,25.658899,5229.400,2,0.000000,4,4,77.431953,1,0,0
490,8.166667,-9.765908,0.000166,-39.648098,-23.970875,0.001492,9.280351,1.940143,-0.000569,25.703930,5238.546,2,0.000000,4,4,77.566902,1,0,0
491,8.183333,-10.166123,0.000187,-39.493160,-24.012877,0.001284,9.296418,1.940135,-0.000461,25.748903,5247.676,2,0.000000,4,4,77.701614,1,0,0
492,8.200000,-10.567037,0.000205,-39.337952,-24.054804,0.001072,9.312503,1.940129,-0.000362,25.793814,5256.790,2,0.000000,4,4,77.836090,1,0,0
493,8.216666,-10.968648,0.000219,-39.182476,-24.096661,0.000863,9.328598,1.940125,-0.000271,25.838657,5265.887,2,0.000000,4,4,77.970322,1,0,0
494,8.233334,-11.370955,0.000230,-39.026730,-24.138447,0.000662,9.344701,1.940121,-0.000186,25.883438,5274.968,2,0.000000,4,4,78.104317,1,0,0
495,8.250000,-11.773958,0.000238,-38.870716,-24.180162,0.000473,9.360806,1.940120,-0.000108,25.928156,5284.034,2,0.000000,4,4,78.238083,1,0,0
496,8.266666,-12.177654,0.000243,-38.714436,-24.221807,0.000299,9.376911,1.940119,-0.000037,25.972805,5293.084,2,0.000000,4,4,78.371620,1,0,0
497,8.283334,-12.582045,0.000246,-38.557888,-24.263382,0.000145,9.393017,1.940119,0.000031,26.017387,5302.118,2,0.000000,4,4,78.504929,1,0,0
498,8.300000,-12.987125,0.000246,-38.401066,-24.304895,0.000011,9.409096,1.940121,0.000122,26.061907,5311.137,2,0.000000,4,4,78.638016,1,0,0
499,8.316667,-13.392899,0.000244,-38.243980,-24.346340,-0.000103,9.425175,1.940125,0.000217,26.106365,5320.141,2,0.000000,4,4,78.770882,1,0,0
500,8.333333,-13.799360,0.000241,-38.086624,-24.387711,-0.000197,9.441258,1.940129,0.000297,26.150753,5329.129,2,0.000000,4,4,78.903526,1,0,0
501,8.350000,-14.206511,0.000236,-37.929005,-24.429005,-0.000270,9.457353,1.940135,0.000357,26.195068,5338.103,2,0.000000,4,4,79.035957,1,0,0
502,8.366667,-14.614347,0.000231,-37.771111,-24.470221,-0.000324,9.473460,1.940142,0.000395,26.239319,5347.062,2,0.000000,4,4,79.168175,1,0,0
503,8.383333,-15.022870,0.000225,-37.612953,-24.511360,-0.000360,9.489579,1.940148,0.000413,26.283499,5356.008,2,0.000000,4,4,79.300179,1,0,0
504,8.400000,-15.432077,0.000218,-37.454521,-24.552423,-0.000380,9.505705,1.940155,0.000417,26.327612,5364.938,2,0.000000,4,4,79.431969,1,0,0
505,8.416667,-15.841968,0.000212,-37.295826,-24.593416,-0.000386,9.521829,1.940162,0.000408,26.371666,5373.854,2,0.000000,4,4,79.563545,1,0,0
506,8.433333,-16.252541,0.000206,-37.136860,-24.634371,-0.000383,9.537852,1.940170,0.000508,26.415636,5382.756,2,0.000000,4,4,79.694923,1,0,0
507,8.450000,-16.663795,0.000200,-36.977627,-24.675226,-0.000366,9.553945,1.940178,0.000451,26.459545,5391.645,2,0.000000,4,4,79.826088,1,0,0
508,8.466666,-17.075729,0.000194,-36.818130,-24.716061,-0.000343,9.569901,1.940187,0.000568,26.503389,5400.518,2,0.000000,4,4,79.957039,1,0,0
509,8.483334,-17.488342,0.000189,-36.658367,-24.756790,-0.000316,9.585938,1.940196,0.000500,26.547157,5409.377,2,0.000000,4,4,80.087784,1,0,0
510,8.500000,-17.901634,0.000184,-36.498337,-24.797478,-0.000281,9.601891,1.940206,0.000646,26.590858,5418.223,2,0.000000,4,4,80.218315,1,0,0
511,8.516666,-18.315601,0.000180,-36.338036,-24.838062,-0.000245,9.617913,1.940215,0.000541,26.634491,5427.054,2,0.000000,4,4,80.348640,1,0,0
512,8.533334,-18.730246,0.000176,-36.177471,-24.878614,-0.000209,9.633832,1.940227,0.000707,26.678049,5435.871,2,0.000000,4,4,80.478752,1,0,0
513,8.550000,-19.145563,0.000173,-36.016640,-24.919060,-0.000172,9.649832,1.940237,0.000590,26.721540,5444.673,2,0.000000,4,4,80.608658,1,0,0
514,8.566667,-19.561554,0.000171,-35.855545,-24.959473,-0.000136,9.665723,1.940250,0.000761,26.764963,5453.461,2,0.000000,4,4,80.738350,1,0,0
515,8.583333,-19.978216,0.000170,-35.694183,-24.999775,-0.000102,9.681706,1.940260,0.000624,26.808315,5462.235,2,0.000000,4,4,80.867828,1,0,0
516,8.600000,-20.395550,0.000168,-35.532558,-25.040051,-0.000071,9.697561,1.940273,0.000810,26.851597,5470.996,2,0.000000,4,4,80.997101,1,0,0
517,8.616667,-20.813553,0.000168,-35.370667,-25.080215,-0.000044,9.713518,1.940284,0.000662,26.894812,5479.741,2,0.000000,4,4,81.126152,1,0,0
518,8.633333,-21.232225,0.000167,-35.208511,-25.120356,-0.000019,9.729341,1.940299,0.000852,26.937956,5488.472,2,0.000000,4,4,81.254990,1,0,0
519,8.650000,-21.651567,0.000167,-35.046089,-25.160379,0.000002,9.745273,1.940310,0.000689,26.981035,5497.188,2,0.000000,4,4,81.383614,1,0,0
520,8.666667,-22.071573,0.000168,-34.883408,-25.200384,0.000018,9.761059,1.940325,0.000890,27.024038,5505.890,2,0.000000,4,4,81.512024,1,0,0
521,8.683333,-22.492245,0.000168,-34.720459,-25.240269,0.000032,9.776964,1.940337,0.000717,27.066973,5514.578,2,0.000000,4,4,81.640213,1,0,0
522,8.700000,-22.913580,0.000169,-34.557247,-25.280136,0.000042,9.792715,1.940352,0.000921,27.109833,5523.250,2,0.000000,4,4,81.768188,1,0,0
523,8.716666,-23.335577,0.000170,-34.393772,-25.319881,0.000050,9.808591,1.940365,0.000737,27.152630,5531.908,2,0.000000,4,4,81.895943,1,0,0
524,8.733334,-23.758238,0.000171,-34.230034,-25.359615,0.000056,9.824301,1.940381,0.000950,27.195358,5540.551,2,0.000000,4,4,82.023483,1,0,0
525,8.750000,-24.181561,0.000171,-34.066032,-25.399225,0.000056,9.840142,1.940393,0.000758,27.238010,5549.179,2,0.000000,4,4,82.150803,1,0,0
526,8.766666,-24.605541,0.000172,-33.901768,-25.438822,0.000056,9.855814,1.940410,0.000973,27.280594,5557.793,2,0.000000,4,4,82.277901,1,0,0
527,8.783334,-25.030180,0.000173,-33.737240,-25.478292,0.000054,9.871622,1.940423,0.000773,27.323109,5566.392,2,0.000000,4,4,82.404778,1,0,0
528,8.800000,-25.455475,0.000174,-33.572453,-25.517757,0.000051,9.887249,1.940439,0.000994,27.365551,5574.975,2,0.000000,4,4,82.531433,1,0,0
529,8.816667,-25.881426,0.000175,-33.407402,-25.557093,0.000046,9.903017,1.940452,0.000788,27.407925,5583.544,2,0.000000,4,4,82.657867,1,0,0
530,8.833333,-26.308033,0.000176,-33.242092,-25.596420,0.000040,9.918600,1.940469,0.001011,27.450222,5592.098,2,0.000000,4,4,82.784088,1,0,0
531,8.850000,-26.735292,0.000176,-33.076519,-25.635620,0.000034,9.934330,1.940482,0.000799,27.492456,5600.637,2,0.000000,4,4,82.910080,1,0,0
532,8.866667,-27.163208,0.000177,-32.910686,-25.674814,0.000028,9.949869,1.940500,0.001026,27.534616,5609.161,2,0.000000,4,4,83.035858,1,0,0
533,8.883333,-27.591772,0.000177,-32.744595,-25.713875,0.000021,9.965557,1.940513,0.000810,27.576708,5617.670,2,0.000000,4,4,83.161415,1,0,0
534,8.900000,-28.020988,0.000177,-32.578243,-25.752937,0.000015,9.981051,1.940530,0.001039,27.618729,5626.165,2,0.000000,4,4,83.286743,1,0,0
535,8.916667,-28.450853,0.000177,-32.411633,-25.791862,0.000008,9.996696,1.940544,0.000817,27.660675,5634.643,2,0.000000,4,4,83.411858,1,0,0
536,8.933333,-28.881367,0.000177,-32.244762,-25.830788,0.000003,10.012143,1.940561,0.001049,27.702553,5643.107,2,0.000000,4,4,83.536743,1,0,0
537,8.950000,-29.312527,0.000177,-32.077633,-25.869579,-0.000003,10.027744,1.940575,0.000825,27.744358,5651.557,2,0.000000,4,4,83.661407,1,0,0
538,8.966666,-29.744333,0.000177,-31.910248,-25.908369,-0.000007,10.043144,1.940593,0.001058,27.786085,5659.991,2,0.000000,4,4,83.785851,1,0,0
539,8.983334,-30.176783,0.000177,-31.742603,-25.947023,-0.000011,10.058700,1.940607,0.000831,27.827749,5668.410,2,0.000000,4,4,83.910072,1,0,0
540,9.000000,-30.609877,0.000177,-31.574703,-25.985680,-0.000015,10.074054,1.940624,0.001065,27.869339,5676.813,2,0.000000,4,4,84.034065,1,0,0
541,9.016666,-31.043613,0.000177,-31.406544,-26.024197,-0.000017,10.089565,1.940638,0.000836,27.910856,5685.202,2,0.000000,4,4,84.157845,1,0,0
542,9.033334,-31.477991,0.000176,-31.238129,-26.062717,-0.000020,10.104870,1.940656,0.001072,27.952305,5693.577,2,0.000000,4,4,84.281403,1,0,0
543,9.050000,-31.913010,0.000176,-31.069454,-26.101097,-0.000021,10.120336,1.940670,0.000841,27.993675,5701.936,2,0.000000,4,4,84.404732,1,0,0
544,9.066667,-32.348671,0.000176,-30.900528,-26.139482,-0.000021,10.135592,1.940688,0.001078,28.034979,5710.279,2,0.000000,4,4,84.527840,1,0,0
545,9.083333,-32.784966,0.000175,-30.731344,-26.177729,-0.000022,10.151009,1.940702,0.000846,28.076212,5718.608,2,0.000000,4,4,84.650726,1,0,0
546,9.100000,-33.221897,0.000175,-30.561907,-26.215977,-0.000022,10.166216,1.940720,0.001084,28.117371,5726.922,2,0.000000,4,4,84.773392,1,0,0
547,9.116667,-33.659466,0.000174,-30.392214,-26.254086,-0.000022,10.181587,1.940735,0.000850,28.158459,5735.220,2,0.000000,4,4,84.895828,1,0,0
548,9.133333,-34.097668,0.000174,-30.222269,-26.292198,-0.000022,10.196745,1.940753,0.001089,28.199471,5743.504,2,0.000000,4,4,85.018044,1,0,0
549,9.150000,-34.536503,0.000174,-30.052069,-26.330172,-0.000021,10.212069,1.940767,0.000854,28.240410,5751.772,2,0.000000,4,4,85.140030,1,0,0
550,9.166667,-34.975971,0.000173,-29.881617,-26.368147,-0.000021,10.227179,1.940785,0.001092,28.281279,5760.025,2,0.000000,4,4,85.261795,1,0,0
551,9.183333,-35.416069,0.000173,-29.710909,-26.405981,-0.000020,10.242456,1.940799,0.000855,28.322077,5768.263,2,0.000000,4,4,85.383339,1,0,0
552,9.200000,-35.856800,0.000173,-29.539949,-26.443823,-0.000018,10.257517,1.940818,0.001096,28.362804,5776.486,2,0.000000,4,4,85.504654,1,0,0
553,9.216666,-36.298157,0.000172,-29.368736,-26.481520,-0.000017,10.272745,1.940832,0.000859,28.403454,5784.693,2,0.000000,4,4,85.625748,1,0,0
554,9.233334,-36.740143,0.000172,-29.197273,-26.519222,-0.000017,10.287756,1.940850,0.001099,28.444031,5792.885,2,0.000000,4,4,85.746620,1,0,0
555,9.250000,-37.182755,0.000172,-29.025558,-26.556782,-0.000015,10.302938,1.940865,0.000860,28.484537,5801.062,2,0.000000,4,4,85.867264,1,0,0
556,9.266666,-37.625992,0.000172,-28.853594,-26.594349,-0.000014,10.317897,1.940883,0.001102,28.524971,5809.225,2,0.000000,4,4,85.987679,1,0,0
557,9.283334,-38.069855,0.000171,-28.681377,-26.631771,-0.000015,10.333027,1.940897,0.000864,28.565331,5817.372,2,0.000000,4,4,86.107857,1,0,0
558,9.300000,-38.514339,0.000171,-28.508911,-26.669201,-0.000013,10.347938,1.940916,0.001104,28.605618,5825.502,2,0.000000,4,4,86.227791,1,0,0
559,9.316667,-38.959446,0.000171,-28.336195,-26.706482,-0.000012,10.363020,1.940930,0.000864,28.645828,5833.616,2,0.000000,4,4,86.347481,1,0,0
560,9.333333,-39.405174,0.000171,-28.163231,-26.743769,-0.000011,10.377878,1.940949,0.001106,28.685961,5841.713,2,0.000000,4,4,86.466919,1,0,0
561,9.350000,-39.851528,0.000171,-27.990015,-26.780907,-0.000011,10.392909,1.940963,0.000867,28.726027,5849.794,2,0.000000,4,4,86.586105,1,0,0
562,9.366667,-40.298496,0.000170,-27.816553,-26.818050,-0.000012,10.407715,1.940982,0.001109,28.766006,5857.856,2,0.000000,4,4,86.705032,1,0,0
563,9.383333,-40.746078,0.000170,-27.642841,-26.855043,-0.000010,10.422695,1.940996,0.000868,28.805914,5865.903,2,0.000000,4,4,86.823700,1,0,0
564,9.400000,-41.194279,0.000170,-27.468884,-26.892038,-0.000010,10.437447,1.941015,0.001110,28.845737,5873.931,2,0.000000,4,4,86.942116,1,0,0
565,9.416667,-41.643093,0.000170,-27.294678,-26.928881,-0.000010,10.452374,1.941029,0.000868,28.885481,5881.942,2,0.000000,4,4,87.060265,1,0,0
566,9.433333,-42.092522,0.000170,-27.120224,-26.965727,-0.000009,10.467069,1.941048,0.001111,28.925146,5889.935,2,0.000000,4,4,87.178146,1,0,0
567,9.450000,-42.542561,0.000170,-26.945524,-27.002420,-0.000011,10.481940,1.941062,0.000870,28.964737,5897.911,2,0.000000,4,4,87.295753,1,0,0
568,9.466666,-42.993214,0.000169,-26.770582,-27.039112,-0.000011,10.496579,1.941081,0.001112,29.004238,5905.867,2,0.000000,4,4,87.413101,1,0,0
569,9.483334,-43.444473,0.000169,-26.595392,-27.075649,-0.000011,10.511395,1.941095,0.000870,29.043655,5913.807,2,0.000000,4,4,87.530167,1,0,0
570,9.500000,-43.896343,0.000169,-26.419960,-27.112186,-0.000011,10.525976,1.941114,0.001113,29.082993,5921.726,2,0.000000,4,4,87.646957,1,0,0
571,9.516666,-44.348820,0.000169,-26.244282,-27.148565,-0.000011,10.540733,1.941128,0.000870,29.122242,5929.627,2,0.000000,4,4,87.763474,1,0,0
572,9.533334,-44.801903,0.000169,-26.068361,-27.184942,-0.000011,10.555255,1.941147,0.001113,29.161407,5937.510,2,0.000000,4,4,87.879715,1,0,0
573,9.550000,-45.255589,0.000169,-25.892195,-27.221161,-0.000012,10.569953,1.941161,0.000871,29.200491,5945.375,2,0.000000,4,4,87.995674,1,0,0
574,9.566667,-45.709877,0.000168,-25.715788,-27.257378,-0.000012,10.584414,1.941180,0.001113,29.239483,5953.219,2,0.000000,4,4,88.111351,1,0,0
575,9.583333,-46.164768,0.000168,-25.539137,-27.293434,-0.000013,10.599054,1.941195,0.000871,29.278391,5961.045,2,0.000000,4,4,88.226738,1,0,0
576,9.600000,-46.620258,0.000168,-25.362246,-27.329487,-0.000013,10.613456,1.941213,0.001113,29.317211,5968.852,2,0.000000,4,4,88.341850,1,0,0
577,9.616667,-47.076347,0.000168,-25.185112,-27.365376,-0.000013,10.628036,1.941228,0.000870,29.355940,5976.640,2,0.000000,4,4,88.456665,1,0,0
578,9.633333,-47.533035,0.000167,-25.007740,-27.401262,-0.000012,10.642376,1.941246,0.001113,29.394587,5984.407,2,0.000000,4,4,88.571190,1,0,0
579,9.650000,-47.990318,0.000167,-24.830126,-27.436983,-0.000013,10.656893,1.941261,0.000870,29.433136,5992.155,2,0.000000,4,4,88.685425,1,0,0
580,9.666667,-48.448200,0.000167,-24.652273,-27.472702,-0.000014,10.671167,1.941279,0.001113,29.471601,5999.883,2,0.000000,4,4,88.799370,1,0,0
581,9.683333,-48.906670,0.000167,-24.474180,-27.508255,-0.000015,10.685620,1.941294,0.000870,29.509975,6007.592,2,0.000000,4,4,88.913017,1,0,0
582,9.700000,-49.365734,0.000166,-24.295849,-27.543802,-0.000016,10.699832,1.941312,0.001113,29.548254,6015.281,2,0.000000,4,4,89.026367,1,0,0
583,9.716666,-49.825386,0.000166,-24.117279,-27.579180,-0.000015,10.714223,1.941327,0.000870,29.586435,6022.949,2,0.000000,4,4,89.139420,1,0,0
584,9.733334,-50.285629,0.000166,-23.938473,-27.614553,-0.000015,10.728368,1.941346,0.001112,29.624531,6030.598,2,0.000000,4,4,89.252174,1,0,0
585,9.750000,-50.746460,0.000166,-23.759428,-27.649759,-0.000016,10.742693,1.941360,0.000870,29.662533,6038.227,2,0.000000,4,4,89.364624,1,0,0
586,9.766666,-51.207874,0.000165,-23.580149,-27.684959,-0.000017,10.756771,1.941378,0.001112,29.700441,6045.833,2,0.000000,4,4,89.476776,1,0,0
587,9.783334,-51.669872,0.000165,-23.400631,-27.719986,-0.000017,10.771029,1.941393,0.000869,29.738251,6053.421,2,0.000000,4,4,89.588623,1,0,0
588,9.800000,-52.132454,0.000165,-23.220879,-27.755007,-0.000018,10.785041,1.941412,0.001112,29.775969,6060.988,2,0.000000,4,4,89.700165,1,0,0
589,9.816667,-52.595619,0.000165,-23.040892,-27.789856,-0.000018,10.799234,1.941426,0.000869,29.813587,6068.534,2,0.000000,4,4,89.811394,1,0,0
590,9.833333,-53.059364,0.000164,-22.860672,-27.824699,-0.000016,10.813178,1.941445,0.001111,29.851116,6076.060,2,0.000000,4,4,89.922310,1,0,0
591,9.850000,-53.523685,0.000164,-22.680218,-27.859365,-0.000017,10.827302,1.941459,0.000869,29.888544,6083.563,2,0.000000,4,4,90.032928,1,0,0
592,9.866667,-53.988586,0.000164,-22.499531,-27.894028,-0.000018,10.841177,1.941478,0.001109,29.925875,6091.047,2,0.000000,4,4,90.143234,1,0,0
593,9.883333,-54.454060,0.000163,-22.318611,-27.928513,-0.000017,10.855234,1.941492,0.000868,29.963104,6098.509,2,0.000000,4,4,90.253227,1,0,0
594,9.900000,-54.920109,0.000163,-22.137461,-27.962990,-0.000017,10.869040,1.941511,0.001109,30.000240,6105.951,2,0.000000,4,4,90.362907,1,0,0
595,9.916667,-55.386730,0.000163,-21.956078,-27.997290,-0.000017,10.883027,1.941525,0.000867,30.037277,6113.371,2,0.000000,4,4,90.472275,1,0,0
596,9.933333,-55.853928,0.000163,-21.774466,-28.031582,-0.000017,10.896763,1.941543,0.001107,30.074211,6120.770,2,0.000000,4,4,90.581322,1,0,0
597,9.950000,-56.321690,0.000162,-21.592621,-28.065699,-0.000016,10.910682,1.941558,0.000865,30.111052,6128.148,2,0.000000,4,4,90.690048,1,0,0
598,9.966666,-56.790020,0.000162,-21.410549,-28.099806,-0.000016,10.924345,1.941576,0.001106,30.147795,6135.503,2,0.000000,4,4,90.798462,1,0,0
599,9.983334,-57.258915,0.000162,-21.228247,-28.133734,-0.000017,10.938191,1.941591,0.000865,30.184435,6142.838,2,0.000000,4,4,90.906555,1,0,0
600,10.000000,-57.728374,0.000161,-21.045717,-28.167650,-0.000019,10.951785,1.941609,0.001104,30.220968,6150.151,2,0.000000,4,4,91.014336,1,0,0
601,10.016666,-58.198399,0.000161,-20.862957,-28.201387,-0.000018,10.965563,1.941624,0.000862,30.257404,6157.443,2,0.000000,4,4,91.121788,1,0,0
602,10.033334,-58.668983,0.000161,-20.679972,-28.235115,-0.000018,10.979084,1.941642,0.001103,30.293736,6164.712,2,0.000000,4,4,91.228920,1,0,0
603,10.050000,-59.140129,0.000161,-20.496759,-28.268661,-0.000018,10.992788,1.941656,0.000863,30.329966,6171.960,2,0.000000,4,4,91.335732,1,0,0
604,10.066667,-59.611832,0.000160,-20.313322,-28.302198,-0.000018,11.006235,1.941675,0.001101,30.366095,6179.186,2,0.000000,4,4,91.442215,1,0,0
605,10.083333,-60.084091,0.000160,-20.129658,-28.335554,-0.000019,11.019866,1.941689,0.000861,30.402124,6186.391,2,0.000000,4,4,91.548378,1,0,0
606,10.100000,-60.556908,0.000160,-19.945768,-28.368900,-0.000018,11.033240,1.941707,0.001100,30.438049,6193.572,2,0.000000,4,4,91.654213,1,0,0
607,10.116667,-61.030273,0.000159,-19.761656,-28.402061,-0.000018,11.046798,1.941722,0.000860,30.473869,6200.733,2,0.000000,4,4,91.759720,1,0,0
608,10.133333,-61.504192,0.000159,-19.577320,-28.435213,-0.000019,11.060098,1.941740,0.001098,30.509581,6207.870,2,0.000000,4,4,91.864899,1,0,0
609,10.150000,-61.978661,0.000159,-19.392761,-28.468180,-0.000017,11.073583,1.941754,0.000858,30.545191,6214.986,2,0.000000,4,4,91.969757,1,0,0
610,10.166667,-62.453678,0.000158,-19.207981,-28.501135,-0.000018,11.086809,1.941773,0.001096,30.580700,6222.080,2,0.000000,4,4,92.074287,1,0,0
611,10.183333,-62.929245,0.000158,-19.022978,-28.533905,-0.000018,11.100222,1.941787,0.000857,30.616102,6229.152,2,0.000000,4,4,92.178482,1,0,0
612,10.200000,-63.405357,0.000158,-18.837755,-28.566664,-0.000018,11.113374,1.941805,0.001094,30.651400,6236.201,2,0.000000,4,4,92.282349,1,0,0
613,10.216666,-63.882011,0.000158,-18.652309,-28.599239,-0.000018,11.126711,1.941819,0.000855,30.686588,6243.228,2,0.000000,4,4,92.385887,1,0,0
614,10.233334,-64.359200,0.000157,-18.466646,-28.631802,-0.000018,11.139785,1.941838,0.001092,30.721676,6250.233,2,0.000000,4,4,92.489098,1,0,0
615,10.250000,-64.836937,0.000157,-18.280762,-28.664179,-0.000019,11.153044,1.941852,0.000854,30.756655,6257.216,2,0.000000,4,4,92.591972,1,0,0
616,10.266666,-65.315216,0.000157,-18.094662,-28.696543,-0.000019,11.166043,1.941870,0.001090,30.791527,6264.175,2,0.000000,4,4,92.694511,1,0,0
617,10.283334,-65.794037,0.000156,-17.908340,-28.728722,-0.000019,11.179229,1.941884,0.000851,30.826294,6271.112,2,0.000000,4,4,92.796715,1,0,0
618,10.300000,-66.273384,0.000156,-17.721806,-28.760885,-0.000019,11.192150,1.941902,0.001087,30.860952,6278.027,2,0.000000,4,4,92.898598,1,0,0
619,10.316667,-66.753265,0.000156,-17.535051,-28.792864,-0.000018,11.205258,1.941916,0.000850,30.895508,6284.920,2,0.000000,4,4,93.000137,1,0,0
620,10.333333,-67.233681,0.000155,-17.348083,-28.824829,-0.000018,11.218104,1.941934,0.001085,30.929953,6291.789,2,0.000000,4,4,93.101341,1,0,0
621,10.350000,-67.714622,0.000155,-17.160898,-28.856606,-0.000020,11.231136,1.941949,0.000848,30.964293,6298.636,2,0.000000,4,4,93.202217,1,0,0
622,10.366667,-68.196098,0.000155,-16.973497,-28.888369,-0.000019,11.243905,1.941967,0.001083,30.998520,6305.460,2,0.000000,4,4,93.302757,1,0,0
623,10.383333,-68.678101,0.000154,-16.785883,-28.919945,-0.000019,11.256861,1.941981,0.000846,31.032646,6312.262,2,0.000000,4,4,93.402962,1,0,0
624,10.400000,-69.160622,0.000154,-16.598057,-28.951508,-0.000019,11.269552,1.941999,0.001081,31.066656,6319.042,2,0.000000,4,4,93.502823,1,0,0
625,10.416667,-69.643669,0.000154,-16.410017,-28.982882,-0.000021,11.282430,1.942013,0.000845,31.100565,6325.798,2,0.000000,4,4,93.602356,1,0,0
626,10.433333,-70.127243,0.000153,-16.221766,-29.014242,-0.000019,11.295044,1.942031,0.001078,31.134363,6332.531,2,0.000000,4,4,93.701546,1,0,0
627,10.450000,-70.611336,0.000153,-16.033302,-29.045412,-0.000020,11.307845,1.942045,0.000843,31.168055,6339.242,2,0.000000,4,4,93.800400,1,0,0
628,10.466666,-71.095947,0.000153,-15.844629,-29.076567,-0.000021,11.320381,1.942063,0.001076,31.201633,6345.930,2,0.000000,4,4,93.898926,1,0,0
629,10.483334,-71.581070,0.000152,-15.655745,-29.107534,-0.000021,11.333105,1.942077,0.000841,31.235106,6352.595,2,0.000000,4,4,93.997108,1,0,0
630,10.500000,-72.066711,0.000152,-15.466652,-29.138489,-0.000020,11.345561,1.942095,0.001073,31.268471,6359.238,2,0.000000,4,4,94.094955,1,0,0
631,10.516666,-72.552864,0.000152,-15.277349,-29.169254,-0.000020,11.358205,1.942109,0.000840,31.301723,6365.857,2,0.000000,4,4,94.192459,1,0,0
632,10.533334,-73.039528,0.000151,-15.087839,-29.200003,-0.000021,11.370584,1.942127,0.001071,31.334867,6372.454,2,0.000000,4,4,94.289635,1,0,0
633,10.550000,-73.526703,0.000151,-14.898119,-29.230562,-0.000020,11.383151,1.942141,0.000837,31.367903,6379.028,2,0.000000,4,4,94.386467,1,0,0
634,10.566667,-74.014389,0.000151,-14.708195,-29.261108,-0.000020,11.395452,1.942158,0.001068,31.400827,6385.579,2,0.000000,4,4,94.482964,1,0,0
635,10.583333,-74.502579,0.000150,-14.518063,-29.291464,-0.000020,11.407940,1.942172,0.000835,31.433647,6392.107,2,0.000000,4,4,94.579124,1,0,0
636,10.600000,-74.991272,0.000150,-14.327726,-29.321804,-0.000021,11.420160,1.942190,0.001066,31.466352,6398.613,2,0.000000,4,4,94.674942,1,0,0
637,10.616667,-75.480469,0.000150,-14.137183,-29.351955,-0.000021,11.432569,1.942204,0.000833,31.498945,6405.095,2,0.000000,4,4,94.770424,1,0,0
638,10.633333,-75.970169,0.000149,-13.946438,-29.382092,-0.000019,11.444710,1.942222,0.001063,31.531431,6411.556,2,0.000000,4,4,94.865570,1,0,0
639,10.650000,-76.460373,0.000149,-13.755487,-29.412035,-0.000019,11.457040,1.942236,0.000831,31.563807,6417.992,2,0.000000,4,4,94.960381,1,0,0
640,10.666667,-76.951073,0.000149,-13.564335,-29.441965,-0.000020,11.469103,1.942253,0.001060,31.596073,6424.406,2,0.000000,4,4,95.054848,1,0,0
641,10.683333,-77.442268,0.000148,-13.372979,-29.471704,-0.000020,11.481356,1.942267,0.000829,31.628227,6430.798,2,0.000000,4,4,95.148972,1,0,0
642,10.700000,-77.933960,0.000148,-13.181423,-29.501429,-0.000019,11.493340,1.942285,0.001057,31.660271,6437.165,2,0.000000,4,4,95.242760,1,0,0
643,10.716666,-78.426147,0.000148,-12.989665,-29.530962,-0.000020,11.505513,1.942298,0.000826,31.692209,6443.510,2,0.000000,4,4,95.336212,1,0,0
644,10.733334,-78.918823,0.000147,-12.797709,-29.560482,-0.000020,11.517415,1.942316,0.001054,31.724033,6449.833,2,0.000000,4,4,95.429329,1,0,0
645,10.750000,-79.411987,0.000147,-12.605550,-29.589813,-0.000020,11.529506,1.942330,0.000824,31.755754,6456.132,2,0.000000,4,4,95.522102,1,0,0
646,10.766666,-79.905640,0.000147,-12.413195,-29.619127,-0.000020,11.541330,1.942347,0.001051,31.787359,6462.409,2,0.000000,4,4,95.614548,1,0,0
647,10.783334,-80.399780,0.000146,-12.220639,-29.648251,-0.000020,11.553344,1.942361,0.000822,31.818853,6468.664,2,0.000000,4,4,95.706650,1,0,0
648,10.800000,-80.894402,0.000146,-12.027887,-29.677359,-0.000020,11.565088,1.942378,0.001048,31.850239,6474.894,2,0.000000,4,4,95.798416,1,0,0
649,10.816667,-81.389503,0.000146,-11.834937,-29.706276,-0.000020,11.577023,1.942392,0.000819,31.881516,6481.103,2,0.000000,4,4,95.889847,1,0,0
650,10.833333,-81.885086,0.000145,-11.641792,-29.735178,-0.000021,11.588688,1.942410,0.001045,31.912678,6487.288,2,0.000000,4,4,95.980934,1,0,0
651,10.850000,-82.381149,0.000145,-11.448450,-29.763889,-0.000021,11.600543,1.942423,0.000816,31.943733,6493.451,2,0.000000,4,4,96.071686,1,0,0
652,10.866667,-82.877693,0.000145,-11.254914,-29.792587,-0.000021,11.612128,1.942440,0.001042,31.974678,6499.590,2,0.000000,4,4,96.162102,1,0,0
653,10.883333,-83.374710,0.000144,-11.061183,-29.821093,-0.000021,11.623901,1.942454,0.000814,32.005508,6505.707,2,0.000000,4,4,96.252190,1,0,0
654,10.900000,-83.872200,0.000144,-10.867260,-29.849585,-0.000020,11.635406,1.942471,0.001039,32.036232,6511.802,2,0.000000,4,4,96.341934,1,0,0
655,10.916667,-84.370163,0.000144,-10.673141,-29.877886,-0.000020,11.647099,1.942485,0.000812,32.066845,6517.874,2,0.000000,4,4,96.431343,1,0,0
656,10.933333,-84.868599,0.000143,-10.478832,-29.906172,-0.000021,11.658525,1.942502,0.001035,32.097347,6523.922,2,0.000000,4,4,96.520424,1,0,0
657,10.950000,-85.367500,0.000143,-10.284330,-29.934267,-0.000021,11.670142,1.942516,0.000809,32.127747,6529.949,2,0.000000,4,4,96.609161,1,0,0
658,10.966666,-85.866875,0.000143,-10.089639,-29.962347,-0.000022,11.681488,1.942533,0.001033,32.158024,6535.953,2,0.000000,4,4,96.697571,1,0,0
659,10.983334,-86.366714,0.000142,-9.894755,-29.990236,-0.000020,11.693023,1.942546,0.000807,32.188198,6541.934,2,0.000000,4,4,96.785645,1,0,0
660,11.000000,-86.867020,0.000142,-9.699684,-30.018114,-0.000021,11.704288,1.942563,0.001029,32.218262,6547.892,2,0.000000,4,4,96.873383,1,0,0
661,11.016666,-87.367783,0.000142,-9.504422,-30.045799,-0.000021,11.715743,1.942577,0.000804,32.248215,6553.828,2,0.000000,4,4,96.960793,1,0,0
662,11.033334,-87.869003,0.000141,-9.308972,-30.073471,-0.000021,11.726931,1.942594,0.001025,32.278053,6559.741,2,0.000000,4,4,97.047867,1,0,0
663,11.050000,-88.370682,0.000141,-9.113334,-30.100952,-0.000021,11.738307,1.942607,0.000801,32.307789,6565.632,2,0.000000,4,4,97.134605,1,0,0
664,11.066667,-88.872818,0.000141,-8.917510,-30.128420,-0.000019,11.749415,1.942624,0.001022,32.337418,6571.500,2,0.000000,4,4,97.221016,1,0,0
665,11.083333,-89.375412,0.000140,-8.721498,-30.155695,-0.000019,11.760714,1.942638,0.000799,32.366932,6577.346,2,0.000000,4,4,97.307091,1,0,0
666,11.100000,-89.878464,0.000140,-8.525303,-30.182959,-0.000020,11.771742,1.942654,0.001018,32.396336,6583.170,2,0.000000,4,4,97.392838,1,0,0
667,11.116667,-90.381966,0.000140,-8.328920,-30.210030,-0.000021,11.782959,1.942668,0.000796,32.425629,6588.971,2,0.000000,4,4,97.478256,1,0,0
668,11.133333,-90.885918,0.000139,-8.132356,-30.237089,-0.000020,11.793908,1.942685,0.001015,32.454819,6594.750,2,0.000000,4,4,97.563339,1,0,0
669,11.150000,-91.390327,0.000139,-7.935605,-30.263960,-0.000020,11.805047,1.942698,0.000793,32.483898,6600.506,2,0.000000,4,4,97.648087,1,0,0
670,11.166667,-91.895172,0.000139,-7.738673,-30.290815,-0.000020,11.815916,1.942715,0.001011,32.512867,6606.239,2,0.000000,4,4,97.732513,1,0,0
671,11.183333,-92.400467,0.000138,-7.541556,-30.317482,-0.000020,11.826976,1.942728,0.000790,32.541729,6611.951,2,0.000000,4,4,97.816612,1,0,0
672,11.200000,-92.906204,0.000138,-7.344260,-30.344137,-0.000020,11.837768,1.942745,0.001008,32.570480,6617.641,2,0.000000,4,4,97.900375,1,0,0
673,11.216666,-93.412384,0.000138,-7.146782,-30.370632,-0.000020,11.848668,1.942760,0.000898,32.599125,6623.308,2,0.000000,4,4,97.983818,1,0,0
674,11.233334,-93.918999,0.000137,-6.949125,-30.397058,-0.000021,11.859444,1.942777,0.001011,32.627655,6628.953,2,0.000000,4,4,98.066933,1,0,0
675,11.250000,-94.426056,0.000137,-6.751288,-30.423365,-0.000019,11.870234,1.942794,0.001018,32.656082,6634.576,2,0.000000,4,4,98.149719,1,0,0
676,11.266666,-94.933548,0.000137,-6.553271,-30.449558,-0.000021,11.881009,1.942811,0.001018,32.684395,6640.177,2,0.000000,4,4,98.232185,1,0,0
677,11.283334,-95.441475,0.000136,-6.355075,-30.475649,-0.000020,11.891762,1.942828,0.001019,32.712616,6645.756,2,0.000000,4,4,98.314316,1,0,0
678,11.300000,-95.949837,0.000136,-6.156700,-30.501631,-0.000021,11.902483,1.942845,0.001018,32.740715,6651.312,2,0.000000,4,4,98.396133,1,0,0
679,11.316667,-96.458626,0.000136,-5.958148,-30.527512,-0.000021,11.913171,1.942862,0.001019,32.768707,6656.848,2,0.000000,4,4,98.477615,1,0,0
680,11.333333,-96.967850,0.000135,-5.759417,-30.553293,-0.000020,11.923823,1.942879,0.001018,32.796593,6662.360,2,0.000000,4,4,98.558777,1,0,0
681,11.350000,-97.477501,0.000135,-5.560510,-30.578972,-0.000020,11.934439,1.942896,0.001018,32.824379,6667.851,2,0.000000,4,4,98.639618,1,0,0
682,11.366667,-97.987579,0.000135,-5.361426,-30.604549,-0.000022,11.945018,1.942913,0.001018,32.852051,6673.320,2,0.000000,4,4,98.720139,1,0,0
683,11.383333,-98.498077,0.000134,-5.162166,-30.630028,-0.000021,11.955560,1.942930,0.001017,32.879616,6678.768,2,0.000000,4,4,98.800331,1,0,0
684,11.400000,-99.009003,0.000134,-4.962732,-30.655407,-0.000021,11.966063,1.942946,0.001016,32.907070,6684.193,2,0.000000,4,4,98.880211,1,0,0
685,11.416667,-99.520348,0.000134,-4.763123,-30.680687,-0.000019,11.976527,1.942963,0.001016,32.934422,6689.597,2,0.000000,4,4,98.959763,1,0,0
686,11.433333,-100.032112,0.000133,-4.563341,-30.705866,-0.000019,11.986954,1.942980,0.001015,32.961670,6694.979,2,0.000000,4,4,99.039001,1,0,0
687,11.450000,-100.544296,0.000133,-4.363385,-30.730946,-0.000019,11.997342,1.942997,0.001014,32.988808,6700.340,2,0.000000,4,4,99.117920,1,0,0
688,11.466666,-101.056892,0.000133,-4.163257,-30.755928,-0.000020,12.007692,1.943014,0.001012,33.015846,6705.679,2,0.000000,4,4,99.196518,1,0,0
689,11.483334,-101.569908,0.000132,-3.962957,-30.780809,-0.000019,12.018004,1.943031,0.001010,33.042774,6710.996,2,0.000000,4,4,99.274803,1,0,0
690,11.500000,-102.083336,0.000132,-3.762486,-30.805593,-0.000018,12.028279,1.943048,0.001009,33.069595,6716.292,2,0.000000,4,4,99.352768,1,0,0
691,11.516666,-102.597176,0.000132,-3.561843,-30.830278,-0.000018,12.038516,1.943065,0.001008,33.096310,6721.567,2,0.000000,4,4,99.430420,1,0,0
692,11.533334,-103.111420,0.000131,-3.361032,-30.854866,-0.000019,12.048717,1.943081,0.001008,33.122921,6726.821,2,0.000000,4,4,99.507751,1,0,0
693,11.550000,-103.626083,0.000131,-3.160050,-30.879354,-0.000019,12.058879,1.943098,0.001007,33.149429,6732.052,2,0.000000,4,4,99.584770,1,0,0
694,11.566667,-104.141144,0.000131,-2.958900,-30.903746,-0.000018,12.069002,1.943115,0.001005,33.175827,6737.263,2,0.000000,4,4,99.661476,1,0,0
695,11.583333,-104.656609,0.000130,-2.757582,-30.928038,-0.000020,12.079086,1.943132,0.001004,33.202122,6742.452,2,0.000000,4,4,99.737877,1,0,0
696,11.600000,-105.172478,0.000130,-2.556097,-30.952236,-0.000019,12.089133,1.943148,0.001003,33.228317,6747.621,3,0.000000,4,5,116.952217,1,0,0
697,11.616667,-105.695961,0.000118,-2.351627,-31.409088,-0.000726,12.268182,1.943158,0.000585,33.719162,6747.621,3,0.000000,4,5,113.965309,1,0,0
698,11.633333,-106.225578,0.000116,-2.144753,-31.777205,-0.000112,12.412396,1.943141,-0.001061,34.114742,6665.751,3,0.000000,4,5,111.132523,1,0,0
699,11.650000,-106.759163,0.000138,-1.936327,-32.014950,0.001295,12.505565,1.943093,-0.002847,34.370281,6565.587,3,0.000000,4,5,108.769966,1,0,0
700,11.666667,-107.294472,0.000186,-1.727232,-32.118488,0.002895,12.545697,1.943029,-0.003810,34.481449,6451.686,3,0.000000,4,5,106.986488,1,0,0
701,11.683333,-107.830864,0.000254,-1.517737,-32.183109,0.004062,12.569742,1.943033,0.000214,34.550457,6330.007,3,0.000000,4,5,105.688461,1,0,0
702,11.700000,-108.367676,0.000332,-1.308096,-32.208595,0.004729,12.578462,1.943069,0.002134,34.577393,6204.647,3,0.000000,4,5,104.787048,1,0,0
703,11.716666,-108.904579,0.000413,-1.098431,-32.214451,0.004844,12.579859,1.943115,0.002779,34.583355,6078.590,3,0.000000,4,5,104.167389,1,0,0
704,11.733334,-109.441437,0.000488,-0.888790,-32.211327,0.004463,12.578503,1.943164,0.002941,34.579914,5953.080,3,0.000000,4,5,103.741432,1,0,0
705,11.750000,-109.978180,0.000549,-0.679182,-32.204350,0.003692,12.576482,1.943212,0.002909,34.572632,5828.572,3,0.000000,4,5,103.447067,1,0,0
706,11.766666,-110.514786,0.000593,-0.469607,-32.195843,0.002653,12.574473,1.943256,0.002600,34.563896,5705.136,3,0.000000,4,5,103.241722,1,0,0
707,11.783334,-111.051231,0.000618,-0.260061,-32.186775,0.001471,12.572765,1.943292,0.002183,34.554737,5582.675,3,0.000000,4,5,103.096413,1,0,0
708,11.800000,-111.587524,0.000622,-0.050538,-32.177574,0.000247,12.571366,1.943321,0.001738,34.545555,5461.019,3,0.000000,4,5,102.991470,1,0,0
709,11.816667,-112.123665,0.000606,0.158954,-32.168674,-0.000932,12.569523,1.943357,0.002181,34.536484,5339.989,3,0.000000,4,5,102.913651,1,0,0
710,11.833333,-112.659668,0.000573,0.368414,-32.159966,-0.001997,12.567599,1.943394,0.002198,34.527550,5219.420,3,0.000000,4,5,102.854012,1,0,0
711,11.850000,-113.195526,0.000525,0.577842,-32.151398,-0.002903,12.565714,1.943431,0.002222,34.518768,5099.170,3,0.000000,4,5,102.806549,1,0,0
712,11.866667,-113.731247,0.000464,0.787240,-32.142941,-0.003621,12.563870,1.943468,0.002221,34.510109,4979.125,3,0.000000,4,5,102.767250,1,0,0
713,11.883333,-114.266815,0.000396,0.996608,-32.134575,-0.004135,12.562058,1.943505,0.002197,34.501553,4977.222,3,0.000000,4,5,103.245964,1,0,0
714,11.900000,-114.802605,0.000321,1.206083,-32.147346,-0.004482,12.568498,1.943566,0.003649,34.515713,5000.406,3,0.000000,4,5,103.598450,1,0,0
715,11.916667,-115.338867,0.000244,1.415785,-32.175694,-0.004603,12.582124,1.943633,0.004004,34.547020,5017.479,3,0.000000,4,5,103.834579,1,0,0
716,11.933333,-115.875809,0.000169,1.625787,-32.216434,-0.004486,12.600098,1.943719,0.005164,34.591488,5028.915,3,0.000000,4,5,103.966629,1,0,0
717,11.950000,-116.413536,0.000100,1.836154,-32.263584,-0.004140,12.622046,1.943795,0.004544,34.643394,5035.310,3,0.000000,4,5,104.015320,1,0,0
718,11.966666,-116.951561,0.000041,2.046678,-32.281925,-0.003551,12.631416,1.943821,0.001527,34.663898,5037.668,3,0.000000,4,5,104.194252,1,0,0
719,11.983334,-117.489944,-0.000007,2.257358,-32.302578,-0.002912,12.640798,1.943831,0.000650,34.686565,5046.334,3,0.000000,4,5,104.333122,1,0,0
720,12.000000,-118.028847,-0.000045,2.468260,-32.334270,-0.002272,12.654152,1.943860,0.001697,34.720970,5053.060,3,0.000000,4,5,104.448204,1,0,0
721,12.016666,-118.568260,-0.000072,2.679384,-32.364571,-0.001610,12.667437,1.943883,0.001391,34.754055,5058.634,3,0.000000,4,5,104.559959,1,0,0
722,12.033334,-119.108170,-0.000088,2.890720,-32.394638,-0.000964,12.680123,1.943908,0.001520,34.786709,5064.046,3,0.000000,4,5,104.668007,1,0,0
723,12.050000,-119.648582,-0.000094,3.102266,-32.424561,-0.000362,12.692778,1.943932,0.001411,34.819214,5069.279,3,0.000000,4,5,104.773026,1,0,0
724,12.066667,-120.189484,-0.000091,3.314023,-32.454433,0.000176,12.705406,1.943954,0.001327,34.851662,5074.365,3,0.000000,4,5,104.875763,1,0,0
725,12.083333,-120.730888,-0.000081,3.525989,-32.484306,0.000635,12.717967,1.943974,0.001228,34.884083,5079.341,3,0.000000,4,5,104.976837,1,0,0
726,12.100000,-121.272797,-0.000064,3.738164,-32.514187,0.001012,12.730486,1.943994,0.001165,34.916496,5084.236,3,0.000000,4,5,105.076675,1,0,0
727,12.116667,-121.815193,-0.000042,3.950547,-32.544067,0.001300,12.742965,1.944012,0.001119,34.948891,5089.071,3,0.000000,4,5,105.175613,1,0,0
728,12.133333,-122.358101,-0.000017,4.163136,-32.573948,0.001504,12.755409,1.944031,0.001089,34.981274,5093.864,3,0.000000,4,5,105.273865,1,0,0
729,12.150000,-122.901497,0.000010,4.375934,-32.603828,0.001627,12.767824,1.944048,0.001065,35.013638,5098.622,3,0.000000,4,5,105.371582,1,0,0
730,12.166667,-123.445389,0.000038,4.588937,-32.633694,0.001676,12.780213,1.944066,0.001050,35.045975,5103.354,3,0.000000,4,5,105.468903,1,0,0
731,12.183333,-123.989784,0.000066,4.802147,-32.663548,0.001662,12.792580,1.944083,0.001042,35.078293,5108.068,3,0.000000,4,5,105.565895,1,0,0
732,12.200000,-124.534668,0.000092,5.015563,-32.693378,0.001594,12.804927,1.944100,0.001035,35.110580,5112.766,3,0.000000,4,5,105.662621,1,0,0
733,12.216666,-125.080055,0.000117,5.229184,-32.723186,0.001481,12.817255,1.944117,0.001033,35.142834,5117.450,3,0.000000,4,5,105.759117,1,0,0
734,12.233334,-125.625938,0.000139,5.443009,-32.752968,0.001338,12.829570,1.944134,0.001034,35.175068,5122.124,3,0.000000,4,5,105.855423,1,0,0
735,12.250000,-126.172318,0.000159,5.657041,-32.782719,0.001169,12.841869,1.944152,0.001036,35.207253,5126.788,3,0.000000,4,5,105.951569,1,0,0
736,12.266666,-126.719185,0.000175,5.871277,-32.812435,0.000989,12.854157,1.944169,0.001039,35.239403,5131.445,3,0.000000,4,5,106.047562,1,0,0
737,12.283334,-127.266556,0.000189,6.085717,-32.842117,0.000802,12.866433,1.944186,0.001044,35.271519,5136.093,3,0.000000,4,5,106.143433,1,0,0
738,12.300000,-127.814423,0.000199,6.300363,-32.871765,0.000618,12.878698,1.944204,0.001049,35.303593,5140.737,3,0.000000,4,5,106.239174,1,0,0
739,12.316667,-128.362778,0.000206,6.515212,-32.901379,0.000443,12.890953,1.944221,0.001055,35.335636,5145.374,3,0.000000,4,5,106.334808,1,0,0
740,12.333333,-128.911621,0.000211,6.730265,-32.930954,0.000279,12.903196,1.944239,0.001061,35.367638,5150.005,3,0.000000,4,5,106.430344,1,0,0
741,12.350000,-129.460968,0.000213,6.945522,-32.960495,0.000130,12.915433,1.944257,0.001067,35.399605,5154.632,3,0.000000,4,5,106.525772,1,0,0
742,12.366667,-130.010803,0.000213,7.160983,-32.990002,0.000002,12.927661,1.944275,0.001073,35.431538,5159.254,3,0.000000,4,5,106.621109,1,0,0
743,12.383333,-130.561127,0.000211,7.376648,-33.019470,-0.000108,12.939878,1.944293,0.001080,35.463425,5163.872,3,0.000000,4,5,106.716354,1,0,0
744,12.400000,-131.111938,0.000208,7.592516,-33.048904,-0.000196,12.952088,1.944311,0.001086,35.495285,5168.484,3,0.000000,4,5,106.811516,1,0,0
745,12.416667,-131.663239,0.000204,7.808588,-33.078304,-0.000266,12.964292,1.944329,0.001091,35.527107,5173.093,3,0.000000,4,5,106.906586,1,0,0
746,12.433333,-132.215027,0.000198,8.024862,-33.107670,-0.000316,12.976486,1.944348,0.001098,35.558895,5177.698,3,0.000000,4,5,107.001564,1,0,0
747,12.450000,-132.767303,0.000193,8.241341,-33.137005,-0.000348,12.988672,1.944366,0.001104,35.590652,5182.298,3,0.000000,4,5,107.096458,1,0,0
748,12.466666,-133.320068,0.000186,8.458021,-33.166306,-0.000364,13.000852,1.944384,0.001109,35.622375,5186.894,3,0.000000,4,5,107.191269,1,0,0
749,12.483334,-133.873322,0.000180,8.674905,-33.195576,-0.000366,13.013024,1.944403,0.001114,35.654064,5191.485,3,0.000000,4,5,107.285988,1,0,0
750,12.500000,-134.427063,0.000174,8.891992,-33.224812,-0.000358,13.025188,1.944422,0.001119,35.685722,5196.073,3,0.000000,4,5,107.380630,1,0,0
751,12.516666,-134.981293,0.000169,9.109281,-33.254017,-0.000338,13.037346,1.944440,0.001124,35.717354,5200.657,3,0.000000,4,5,107.475174,1,0,0
752,12.533334,-135.536011,0.000164,9.326773,-33.283188,-0.000312,13.049496,1.944459,0.001129,35.748943,5205.236,3,0.000000,4,5,107.569633,1,0,0
753,12.550000,-136.091217,0.000159,9.544466,-33.312332,-0.000281,13.061638,1.944478,0.001133,35.780506,5209.811,3,0.000000,4,5,107.664001,1,0,0
754,12.566667,-136.646912,0.000155,9.762362,-33.341446,-0.000245,13.073772,1.944497,0.001137,35.812035,5214.381,3,0.000000,4,5,107.758286,1,0,0
755,12.583333,-137.203094,0.000151,9.980461,-33.370525,-0.000207,13.085899,1.944516,0.001141,35.843533,5218.947,3,0.000000,4,5,107.852478,1,0,0
756,12.600000,-137.759750,0.000148,10.198762,-33.399574,-0.000171,13.098019,1.944535,0.001144,35.875004,5223.509,3,0.000000,4,5,107.946579,1,0,0
757,12.616667,-138.316895,0.000146,10.417264,-33.428593,-0.000134,13.110129,1.944554,0.001148,35.906445,5228.067,3,0.000000,4,5,108.040588,1,0,0
758,12.633333,-138.874527,0.000145,10.635968,-33.457584,-0.000101,13.122233,1.944574,0.001152,35.937847,5232.620,3,0.000000,4,5,108.134499,1,0,0
759,12.650000,-139.432632,0.000143,10.854874,-33.486546,-0.000069,13.134330,1.944593,0.001155,35.969223,5237.168,3,0.000000,4,5,108.228317,1,0,0
760,12.666667,-139.991226,0.000143,11.073980,-33.515472,-0.000040,13.146417,1.944612,0.001158,36.000565,5241.712,3,0.000000,4,5,108.322044,1,0,0
761,12.683333,-140.550293,0.000142,11.293289,-33.544373,-0.000014,13.158495,1.944631,0.001160,36.031876,5246.251,3,0.000000,4,5,108.415672,1,0,0
762,12.700000,-141.109848,0.000143,11.512797,-33.573238,0.000008,13.170564,1.944651,0.001162,36.063160,5250.786,3,0.000000,4,5,108.509216,1,0,0
763,12.716666,-141.669876,0.000143,11.732508,-33.602077,0.000025,13.182624,1.944670,0.001165,36.094406,5255.316,3,0.000000,4,5,108.602654,1,0,0
764,12.733334,-142.230392,0.000144,11.952419,-33.630886,0.000039,13.194676,1.944690,0.001167,36.125626,5259.842,3,0.000000,4,5,108.695992,1,0,0
765,12.750000,-142.791382,0.000145,12.172531,-33.659664,0.000049,13.206719,1.944709,0.001170,36.156811,5264.362,3,0.000000,4,5,108.789246,1,0,0
766,12.766666,-143.352859,0.000145,12.392843,-33.688412,0.000056,13.218754,1.944729,0.001171,36.187969,5268.879,3,0.000000,4,5,108.882401,1,0,0
767,12.783334,-143.914810,0.000146,12.613357,-33.717129,0.000060,13.230779,1.944748,0.001174,36.219093,5273.390,3,0.000000,4,5,108.975456,1,0,0
768,12.800000,-144.477234,0.000147,12.834070,-33.745819,0.000062,13.242794,1.944768,0.001176,36.250191,5277.897,3,0.000000,4,5,109.068413,1,0,0
769,12.816667,-145.040146,0.000148,13.054983,-33.774475,0.000061,13.254802,1.944788,0.001177,36.281250,5282.399,3,0.000000,4,5,109.161270,1,0,0
770,12.833333,-145.603531,0.000149,13.276096,-33.803101,0.000059,13.266800,1.944807,0.001179,36.312283,5286.896,3,0.000000,4,5,109.254028,1,0,0
771,12.850000,-146.167389,0.000150,13.497410,-33.831696,0.000055,13.278788,1.944827,0.001181,36.343277,5291.389,3,0.000000,4,5,109.346687,1,0,0
772,12.866667,-146.731720,0.000151,13.718923,-33.860264,0.000049,13.290765,1.944847,0.001183,36.374245,5295.877,3,0.000000,4,5,109.439247,1,0,0
773,12.883333,-147.296539,0.000152,13.940635,-33.888802,0.000044,13.302734,1.944866,0.001184,36.405182,5300.359,3,0.000000,4,5,109.531708,1,0,0
774,12.900000,-147.861832,0.000153,14.162546,-33.917309,0.000037,13.314693,1.944886,0.001185,36.436085,5304.837,3,0.000000,4,5,109.624069,1,0,0
775,12.916667,-148.427597,0.000153,14.384657,-33.945782,0.000032,13.326642,1.944906,0.001186,36.466961,5309.311,3,0.000000,4,5,109.716339,1,0,0
776,12.933333,-148.993835,0.000154,14.606967,-33.974228,0.000025,13.338582,1.944926,0.001189,36.497799,5313.779,3,0.000000,4,5,109.808510,1,0,0
777,12.950000,-149.560547,0.000154,14.829475,-34.002644,0.000020,13.350513,1.944945,0.001189,36.528610,5318.244,3,0.000000,4,5,109.900589,1,0,0
778,12.966666,-150.127731,0.000154,15.052182,-34.031029,0.000013,13.362432,1.944965,0.001191,36.559387,5322.703,3,0.000000,4,5,109.992561,1,0,0
779,12.983334,-150.695389,0.000154,15.275089,-34.059383,0.000008,13.374343,1.944985,0.001192,36.590134,5327.158,3,0.000000,4,5,110.084435,1,0,0
780,13.000000,-151.263519,0.000154,15.498194,-34.087704,0.000002,13.386246,1.945005,0.001193,36.620842,5331.608,3,0.000000,4,5,110.176216,1,0,0
781,13.016666,-151.832123,0.000154,15.721496,-34.115997,-0.000001,13.398138,1.945025,0.001195,36.651524,5336.052,3,0.000000,4,5,110.267891,1,0,0
782,13.033334,-152.401199,0.000154,15.944996,-34.144260,-0.000005,13.410019,1.945045,0.001196,36.682175,5340.493,3,0.000000,4,5,110.359474,1,0,0
783,13.050000,-152.970734,0.000154,16.168694,-34.172493,-0.000008,13.421890,1.945065,0.001197,36.712791,5344.928,3,0.000000,4,5,110.450958,1,0,0
784,13.066667,-153.540741,0.000154,16.392590,-34.200695,-0.000010,13.433751,1.945085,0.001198,36.743374,5349.358,3,0.000000,4,5,110.542343,1,0,0
785,13.083333,-154.111221,0.000154,16.616682,-34.228867,-0.000012,13.445601,1.945105,0.001199,36.773926,5353.784,3,0.000000,4,5,110.633636,1,0,0
786,13.100000,-154.682175,0.000153,16.840973,-34.257008,-0.000012,13.457442,1.945125,0.001199,36.804451,5358.206,3,0.000000,4,5,110.724823,1,0,0
787,13.116667,-155.253586,0.000153,17.065460,-34.285118,-0.000014,13.469274,1.945145,0.001201,36.834938,5362.623,3,0.000000,4,5,110.815918,1,0,0
788,13.133333,-155.825470,0.000153,17.290146,-34.313198,-0.000014,13.481097,1.945165,0.001201,36.865395,5367.035,3,0.000000,4,5,110.906906,1,0,0
789,13.150000,-156.397827,0.000153,17.515028,-34.341248,-0.000014,13.492910,1.945185,0.001202,36.895824,5371.441,3,0.000000,4,5,110.997803,1,0,0
790,13.166667,-156.970642,0.000153,17.740107,-34.369267,-0.000012,13.504712,1.945205,0.001204,36.926212,5375.844,3,0.000000,4,5,111.088608,1,0,0
791,13.183333,-157.543930,0.000152,17.965382,-34.397255,-0.000010,13.516504,1.945225,0.001205,36.956573,5380.241,3,0.000000,4,5,111.179306,1,0,0
792,13.200000,-158.117691,0.000152,18.190853,-34.425213,-0.000011,13.528286,1.945245,0.001205,36.986904,5384.634,3,0.000000,4,5,111.269913,1,0,0
793,13.216666,-158.691910,0.000152,18.416521,-34.453140,-0.000009,13.540057,1.945265,0.001206,37.017200,5389.022,3,0.000000,4,5,111.360420,1,0,0
794,13.233334,-159.266586,0.000152,18.642385,-34.481037,-0.000009,13.551818,1.945285,0.001207,37.047466,5393.406,3,0.000000,4,5,111.450829,1,0,0
795,13.250000,-159.841736,0.000152,18.868444,-34.508904,-0.000008,13.563568,1.945306,0.001207,37.077698,5397.785,3,0.000000,4,5,111.541138,1,0,0
796,13.266666,-160.417343,0.000152,19.094700,-34.536739,-0.000007,13.575309,1.945326,0.001208,37.107895,5402.158,3,0.000000,4,5,111.631355,1,0,0
797,13.283334,-160.993423,0.000152,19.321150,-34.564545,-0.000005,13.587039,1.945346,0.001209,37.138065,5406.528,3,0.000000,4,5,111.721474,1,0,0
798,13.300000,-161.569962,0.000152,19.547796,-34.592319,-0.000004,13.598760,1.945366,0.001209,37.168198,5410.893,3,0.000000,4,5,111.811493,1,0,0
799,13.316667,-162.146957,0.000151,19.774637,-34.620064,-0.000003,13.610470,1.945386,0.001209,37.198311,5415.252,3,0.000000,4,5,111.901413,1,0,0
800,13.333333,-162.724426,0.000151,20.001673,-34.647778,-0.000004,13.622171,1.945407,0.001210,37.228374,5419.607,3,0.000000,4,5,111.991234,1,0,0
801,13.350000,-163.302353,0.000151,20.228903,-34.675461,-0.000002,13.633862,1.945427,0.001211,37.258419,5423.958,3,0.000000,4,5,112.080956,1,0,0
802,13.366667,-163.880737,0.000151,20.456329,-34.703114,-0.000001,13.645541,1.945447,0.001211,37.288429,5428.303,3,0.000000,4,5,112.170578,1,0,0
803,13.383333,-164.459579,0.000151,20.683950,-34.730736,-0.000003,13.657209,1.945467,0.001212,37.318405,5432.643,3,0.000000,4,5,112.260109,1,0,0
804,13.400000,-165.038879,0.000151,20.911764,-34.758327,-0.000002,13.668867,1.945487,0.001213,37.348343,5436.979,3,0.000000,4,5,112.349533,1,0,0
805,13.416667,-165.618637,0.000151,21.139772,-34.785889,-0.000002,13.680515,1.945508,0.001214,37.378258,5441.311,3,0.000000,4,5,112.438866,1,0,0
806,13.433333,-166.198868,0.000151,21.367975,-34.813419,-0.000001,13.692154,1.945528,0.001214,37.408134,5445.637,3,0.000000,4,5,112.528091,1,0,0
807,13.450000,-166.779556,0.000151,21.596371,-34.840919,-0.000001,13.703782,1.945548,0.001214,37.437981,5449.958,3,0.000000,4,5,112.617218,1,0,0
808,13.466666,-167.360703,0.000151,21.824961,-34.868389,-0.000000,13.715400,1.945568,0.001215,37.467800,5454.275,3,0.000000,4,5,112.706245,1,0,0
809,13.483334,-167.942307,0.000151,22.053743,-34.895828,-0.000001,13.727006,1.945588,0.001216,37.497578,5458.586,3,0.000000,4,5,112.795181,1,0,0
810,13.500000,-168.524353,0.000151,22.282721,-34.923237,-0.000001,13.738602,1.945609,0.001217,37.527325,5462.894,3,0.000000,4,5,112.884026,1,0,0
811,13.516666,-169.106857,0.000151,22.511890,-34.950615,-0.000001,13.750189,1.945629,0.001217,37.557045,5467.197,3,0.000000,4,5,112.972763,1,0,0
812,13.533334,-169.689819,0.000151,22.741253,-34.977962,-0.000001,13.761766,1.945650,0.001218,37.586731,5471.495,3,0.000000,4,5,113.061401,1,0,0
813,13.550000,-170.273239,0.000151,22.970808,-35.005280,-0.000002,13.773333,1.945670,0.001218,37.616386,5475.788,3,0.000000,4,5,113.149948,1,0,0
814,13.566667,-170.857117,0.000151,23.200556,-35.032562,-0.000001,13.784888,1.945690,0.001219,37.646008,5480.076,3,0.000000,4,5,113.238388,1,0,0
815,13.583333,-171.441452,0.000151,23.430496,-35.059818,-0.000003,13.796433,1.945711,0.001220,37.675594,5484.360,3,0.000000,4,5,113.326736,1,0,0
816,13.600000,-172.026230,0.000151,23.660629,-35.087040,-0.000002,13.807969,1.945731,0.001220,37.705151,5488.639,3,0.000000,4,5,113.414978,1,0,0
817,13.616667,-172.611465,0.000151,23.890955,-35.114235,-0.000002,13.819492,1.945751,0.001221,37.734676,5492.912,3,0.000000,4,5,113.503120,1,0,0
818,13.633333,-173.197159,0.000151,24.121471,-35.141396,-0.000002,13.831007,1.945772,0.001221,37.764164,5497.181,3,0.000000,4,5,113.591171,1,0,0
819,13.650000,-173.783295,0.000151,24.352180,-35.168530,-0.000002,13.842510,1.945792,0.001221,37.793625,5501.445,3,0.000000,4,5,113.679115,1,0,0
820,13.666667,-174.369888,0.000151,24.583080,-35.195633,-0.000002,13.854003,1.945812,0.001223,37.823051,5505.705,3,0.000000,4,5,113.766968,1,0,0
821,13.683333,-174.956940,0.000151,24.814171,-35.222706,-0.000004,13.865484,1.945833,0.001222,37.852448,5509.959,3,0.000000,4,5,113.854721,1,0,0
822,13.700000,-175.544434,0.000151,25.045454,-35.249744,-0.000003,13.876955,1.945853,0.001222,37.881805,5514.210,3,0.000000,4,5,113.942375,1,0,0
823,13.716666,-176.132385,0.000151,25.276928,-35.276756,-0.000003,13.888414,1.945873,0.001223,37.911137,5518.455,3,0.000000,4,5,114.029922,1,0,0
824,13.733334,-176.720795,0.000151,25.508593,-35.303738,-0.000002,13.899864,1.945894,0.001223,37.940437,5522.696,3,0.000000,4,5,114.117371,1,0,0
825,13.750000,-177.309647,0.000151,25.740448,-35.330685,-0.000004,13.911303,1.945914,0.001224,37.969700,5526.930,3,0.000000,4,5,114.204727,1,0,0
826,13.766666,-177.898941,0.000151,25.972494,-35.357601,-0.000004,13.922729,1.945934,0.001224,37.998928,5531.161,3,0.000000,4,5,114.291985,1,0,0
827,13.783334,-178.488678,0.000150,26.204729,-35.384487,-0.000003,13.934146,1.945955,0.001226,38.028126,5535.388,3,0.000000,4,5,114.379135,1,0,0
828,13.800000,-179.078873,0.000150,26.437155,-35.411346,-0.000004,13.945554,1.945975,0.001225,38.057304,5539.608,3,0.000000,4,5,114.466194,1,0,0
829,13.816667,-179.669510,0.000150,26.669771,-35.438171,-0.000005,13.956951,1.945996,0.001225,38.086433,5543.825,3,0.000000,4,5,114.553154,1,0,0
830,13.833333,-180.260590,0.000150,26.902576,-35.464966,-0.000004,13.968339,1.946016,0.001226,38.115536,5548.036,3,0.000000,4,5,114.640007,1,0,0
831,13.850000,-180.852112,0.000150,27.135572,-35.491730,-0.000004,13.979714,1.946036,0.001226,38.144604,5552.243,3,0.000000,4,5,114.726768,1,0,0
832,13.866667,-181.444092,0.000150,27.368757,-35.518463,-0.000003,13.991080,1.946057,0.001227,38.173641,5556.445,3,0.000000,4,5,114.813431,1,0,0
833,13.883333,-182.036514,0.000150,27.602131,-35.545166,-0.000003,14.002437,1.946077,0.001226,38.202656,5560.642,3,0.000000,4,5,114.899994,1,0,0
834,13.900000,-182.629379,0.000150,27.835693,-35.571838,-0.000005,14.013783,1.946098,0.001227,38.231625,5564.834,3,0.000000,4,5,114.986458,1,0,0
835,13.916667,-183.222687,0.000150,28.069445,-35.598476,-0.000004,14.025118,1.946118,0.001227,38.260567,5569.022,3,0.000000,4,5,115.072823,1,0,0
836,13.933333,-183.816437,0.000150,28.303385,-35.625084,-0.000004,14.036443,1.946139,0.001226,38.289467,5573.205,3,0.000000,4,5,115.159088,1,0,0
837,13.950000,-184.410629,0.000150,28.537514,-35.651665,-0.000003,14.047756,1.946159,0.001227,38.318344,5577.383,3,0.000000,4,5,115.245255,1,0,0
838,13.966666,-185.005264,0.000150,28.771832,-35.678211,-0.000003,14.059059,1.946180,0.001227,38.347191,5581.556,3,0.000000,4,5,115.331322,1,0,0
839,13.983334,-185.600342,0.000150,29.006338,-35.704727,-0.000004,14.070352,1.946200,0.001228,38.375996,5585.725,3,0.000000,4,5,115.417290,1,0,0
840,14.000000,-186.195862,0.000150,29.241032,-35.731216,-0.000004,14.081634,1.946221,0.001227,38.404778,5589.888,3,0.000000,4,5,115.503151,1,0,0
841,14.016666,-186.791824,0.000150,29.475914,-35.757671,-0.000005,14.092905,1.946241,0.001228,38.433525,5594.046,3,0.000000,4,5,115.588921,1,0,0
842,14.033334,-187.388229,0.000149,29.710983,-35.784096,-0.000005,14.104165,1.946262,0.001228,38.462234,5598.200,3,0.000000,4,5,115.674591,1,0,0
843,14.050000,-187.985077,0.000149,29.946239,-35.810490,-0.000003,14.115415,1.946282,0.001229,38.490913,5602.350,3,0.000000,4,5,115.760155,1,0,0
844,14.066667,-188.582352,0.000149,30.181684,-35.836853,-0.000002,14.126654,1.946303,0.001230,38.519562,5606.494,3,0.000000,4,5,115.845627,1,0,0
845,14.083333,-189.180069,0.000149,30.417316,-35.863186,-0.000002,14.137881,1.946323,0.001230,38.548172,5610.634,3,0.000000,4,5,115.931000,1,0,0
846,14.100000,-189.778229,0.000149,30.653135,-35.889484,-0.000002,14.149097,1.946344,0.001230,38.576752,5614.768,3,0.000000,4,5,116.016273,1,0,0
847,14.116667,-190.376831,0.000149,30.889141,-35.915756,-0.000003,14.160303,1.946364,0.001230,38.605301,5618.898,3,0.000000,4,5,116.101448,1,0,0
848,14.133333,-190.975861,0.000149,31.125332,-35.941998,-0.000003,14.171499,1.946385,0.001230,38.633820,5623.023,3,0.000000,4,5,116.186516,1,0,0
849,14.150000,-191.575333,0.000149,31.361710,-35.968204,-0.000002,14.182683,1.946405,0.001230,38.662304,5627.143,3,0.000000,4,5,116.271492,1,0,0
850,14.166667,-192.175232,0.000149,31.598274,-35.994381,-0.000002,14.193856,1.946426,0.001230,38.690746,5631.259,3,0.000000,4,5,116.356369,1,0,0
851,14.183333,-192.775574,0.000149,31.835024,-36.020527,-0.000002,14.205019,1.946446,0.001231,38.719166,5635.369,3,0.000000,4,5,116.441147,1,0,0
852,14.200000,-193.376358,0.000149,32.071957,-36.046646,-0.000004,14.216171,1.946467,0.001231,38.747559,5639.476,3,0.000000,4,5,116.525826,1,0,0
853,14.216666,-193.977570,0.000149,32.309078,-36.072731,-0.000002,14.227313,1.946487,0.001231,38.775909,5643.576,3,0.000000,4,5,116.610405,1,0,0
854,14.233334,-194.579224,0.000149,32.546387,-36.098785,-0.000003,14.238443,1.946508,0.001231,38.804234,5647.673,3,0.000000,4,5,116.694885,1,0,0
855,14.250000,-195.181305,0.000149,32.783878,-36.124813,-0.000002,14.249562,1.946529,0.001232,38.832520,5651.765,3,0.000000,4,5,116.779259,1,0,0
856,14.266666,-195.783813,0.000149,33.021557,-36.150806,-0.000003,14.260671,1.946549,0.001232,38.860779,5655.851,3,0.000000,4,5,116.863541,1,0,0
857,14.283334,-196.386765,0.000149,33.259418,-36.176769,-0.000003,14.271769,1.946569,0.001232,38.889000,5659.933,3,0.000000,4,5,116.947716,1,0,0
858,14.300000,-196.990143,0.000149,33.497467,-36.202702,-0.000003,14.282854,1.946590,0.001233,38.917194,5664.010,3,0.000000,4,5,117.031799,1,0,0
859,14.316667,-197.593948,0.000149,33.735699,-36.228603,-0.000003,14.293931,1.946611,0.001234,38.945347,5668.082,3,0.000000,4,5,117.115776,1,0,0
860,14.333333,-198.198196,0.000149,33.974113,-36.254475,-0.000003,14.304997,1.946631,0.001233,38.973476,5672.149,3,0.000000,4,5,117.199661,1,0,0
861,14.350000,-198.802872,0.000149,34.212715,-36.280315,-0.000003,14.316054,1.946652,0.001233,39.001568,5676.212,3,0.000000,4,5,117.283440,1,0,0
862,14.366667,-199.407974,0.000149,34.451500,-36.306122,-0.000002,14.327099,1.946672,0.001233,39.029625,5680.270,3,0.000000,4,5,117.367119,1,0,0
863,14.383333,-200.013504,0.000149,34.690468,-36.331898,-0.000003,14.338134,1.946693,0.001233,39.057648,5684.322,3,0.000000,4,5,117.450699,1,0,0
864,14.400000,-200.619461,0.000149,34.929619,-36.357643,-0.000001,14.349157,1.946714,0.001234,39.085648,5688.370,3,0.000000,4,5,117.534187,1,0,0
865,14.416667,-201.225845,0.000148,35.168957,-36.383358,-0.000004,14.360170,1.946734,0.001234,39.113609,5692.413,3,0.000000,4,5,117.617569,1,0,0
866,14.433333,-201.832657,0.000148,35.408478,-36.409042,-0.000004,14.371173,1.946755,0.001234,39.141537,5696.452,3,0.000000,4,5,117.700859,1,0,0
867,14.450000,-202.439896,0.000148,35.648182,-36.434696,-0.000003,14.382164,1.946776,0.001235,39.169434,5700.486,3,0.000000,4,5,117.784042,1,0,0
868,14.466666,-203.047562,0.000148,35.888069,-36.460320,-0.000003,14.393145,1.946796,0.001235,39.197296,5704.515,3,0.000000,4,5,117.867126,1,0,0
869,14.483334,-203.655655,0.000148,36.128139,-36.485912,-0.000003,14.404114,1.946817,0.001235,39.225128,5708.538,3,0.000000,4,5,117.950111,1,0,0
870,14.500000,-204.264175,0.000148,36.368389,-36.511471,-0.000003,14.415072,1.946837,0.001236,39.252922,5712.558,3,0.000000,4,5,118.033005,1,0,0
871,14.516666,-204.873123,0.000148,36.608822,-36.536999,-0.000003,14.426020,1.946858,0.001235,39.280685,5716.572,3,0.000000,4,5,118.115791,1,0,0
872,14.533334,-205.482498,0.000148,36.849438,-36.562500,-0.000002,14.436956,1.946878,0.001236,39.308418,5720.582,3,0.000000,4,5,118.198471,1,0,0
873,14.550000,-206.092300,0.000148,37.090237,-36.587967,-0.000002,14.447882,1.946899,0.001236,39.336128,5724.586,3,0.000000,4,5,118.281067,1,0,0
874,14.566667,-206.702530,0.000148,37.331215,-36.613407,-0.000004,14.458797,1.946920,0.001236,39.363792,5728.586,3,0.000000,4,5,118.363556,1,0,0
875,14.583333,-207.313171,0.000148,37.572376,-36.638813,-0.000002,14.469702,1.946940,0.001236,39.391422,5732.582,3,0.000000,4,5,118.445946,1,0,0
876,14.600000,-207.924240,0.000148,37.813721,-36.664188,-0.000004,14.480595,1.946961,0.001236,39.419025,5736.572,3,0.000000,4,5,118.528236,1,0,0
877,14.616667,-208.535736,0.000148,38.055244,-36.689533,-0.000003,14.491478,1.946982,0.001236,39.446606,5740.558,3,0.000000,4,5,118.610420,1,0,0
878,14.633333,-209.147644,0.000148,38.296951,-36.714848,-0.000004,14.502349,1.947002,0.001236,39.474136,5744.538,3,0.000000,4,5,118.692513,1,0,0
879,14.650000,-209.759979,0.000148,38.538837,-36.740131,-0.000004,14.513210,1.947023,0.001236,39.501640,5748.514,3,0.000000,4,5,118.774506,1,0,0
880,14.666667,-210.372742,0.000148,38.780907,-36.765385,-0.000004,14.524060,1.947043,0.001236,39.529106,5752.485,3,0.000000,4,5,118.856400,1,0,0
881,14.683333,-210.985916,0.000148,39.023155,-36.790607,-0.000004,14.534898,1.947064,0.001237,39.556549,5756.451,3,0.000000,4,5,118.938194,1,0,0
882,14.700000,-211.599518,0.000148,39.265583,-36.815800,-0.000004,14.545725,1.947085,0.001237,39.583961,5760.413,3,0.000000,4,5,119.019890,1,0,0
883,14.716666,-212.213531,0.000147,39.508190,-36.840961,-0.000003,14.556542,1.947105,0.001238,39.611336,5764.369,3,0.000000,4,5,119.101479,1,0,0
884,14.733334,-212.827972,0.000147,39.750980,-36.866089,-0.000003,14.567348,1.947126,0.001237,39.638672,5768.321,3,0.000000,4,5,119.182983,1,0,0
885,14.750000,-213.442825,0.000147,39.993950,-36.891186,-0.000003,14.578142,1.947146,0.001238,39.665977,5772.268,3,0.000000,4,5,119.264381,1,0,0
886,14.766666,-214.058090,0.000147,40.237099,-36.916256,-0.000003,14.588926,1.947167,0.001238,39.693268,5776.210,3,0.000000,4,5,119.345673,1,0,0
887,14.783334,-214.673782,0.000147,40.480427,-36.941292,-0.000003,14.599701,1.947188,0.001238,39.720509,5780.147,3,0.000000,4,5,119.426865,1,0,0
888,14.800000,-215.289886,0.000147,40.723934,-36.966297,-0.000002,14.610463,1.947208,0.001238,39.747715,5784.080,3,0.000000,4,5,119.507965,1,0,0
889,14.816667,-215.906403,0.000147,40.967621,-36.991272,-0.000004,14.621215,1.947229,0.001238,39.774895,5788.007,3,0.000000,4,5,119.588959,1,0,0
890,14.833333,-216.523346,0.000147,41.211487,-37.016216,-0.000003,14.631954,1.947249,0.001239,39.802036,5791.931,3,0.000000,4,5,119.669853,1,0,0
891,14.850000,-217.140701,0.000147,41.455532,-37.041130,-0.000003,14.642682,1.947270,0.001238,39.829147,5795.849,3,0.000000,4,5,119.750656,1,0,0
892,14.866667,-217.758469,0.000147,41.699757,-37.066013,-0.000004,14.653399,1.947291,0.001239,39.856224,5799.761,3,0.000000,4,5,119.831360,1,0,0
893,14.883333,-218.376648,0.000147,41.944157,-37.090866,-0.000004,14.664106,1.947311,0.001239,39.883274,5803.670,3,0.000000,4,5,119.911957,1,0,0
894,14.900000,-218.995239,0.000147,42.188736,-37.115688,-0.000003,14.674803,1.947332,0.001239,39.910290,5807.574,3,0.000000,4,5,119.992455,1,0,0
895,14.916667,-219.614243,0.000147,42.433498,-37.140476,-0.000002,14.685487,1.947352,0.001239,39.937267,5811.472,3,0.000000,4,5,120.072853,1,0,0
896,14.933333,-220.233658,0.000147,42.678436,-37.165237,-0.000002,14.696160,1.947373,0.001240,39.964218,5815.367,3,0.000000,4,5,120.153145,1,0,0
897,14.950000,-220.853485,0.000147,42.923550,-37.189964,-0.000002,14.706822,1.947394,0.001241,39.991131,5819.255,3,0.000000,4,5,120.233330,1,0,0
898,14.966666,-221.473724,0.000147,43.168842,-37.214661,-0.000002,14.717475,1.947415,0.001241,40.018017,5823.139,3,0.000000,4,5,120.313408,1,0,0
899,14.983334,-222.094376,0.000147,43.414310,-37.239326,-0.000003,14.728117,1.947435,0.001241,40.044868,5827.017,3,0.000000,4,5,120.393387,1,0,0
900,15.000000,-222.715439,0.000147,43.659958,-37.263958,-0.000003,14.738749,1.947456,0.001241,40.071686,5830.891,3,0.000000,4,5,120.473259,1,0,0
