frame,time,x,y,z,vx,vy,vz,yaw,yaw_rate,speed,rpm,gear,steer,grounded,original_gear,shaft_spin,throttle,brake,handbrake
0,0.000000,-0.000000,0.000000,-0.000000,-0.000000,-0.000000,-0.000000,-0.000141,0.000000,0.000000,804.500,0,0.000000,4,2,0.000000,1,0,0
1,0.016667,-0.000000,0.000000,-0.000000,-0.000000,-0.000000,-0.000000,-0.000141,0.000000,0.000000,861.397,0,0.000000,4,2,0.000000,1,0,0
2,0.033333,-0.000000,0.000000,-0.000000,-0.000000,0.000000,0.000000,-0.000141,-0.000000,-0.000000,918.649,0,0.000000,4,2,0.000000,1,0,0
3,0.050000,-0.000000,0.000000,-0.000000,0.000000,-0.000000,0.000000,-0.000141,0.000000,0.000000,976.249,0,0.000000,4,2,0.000000,1,0,0
4,0.066667,-0.000000,0.000000,-0.000000,0.000000,0.000000,0.000000,-0.000141,-0.000000,-0.000000,1034.188,0,0.000000,4,2,0.000000,1,0,0
5,0.083333,-0.000000,0.000000,-0.000000,0.000000,-0.000000,0.000000,-0.000141,0.000000,-0.000000,1092.460,0,0.000000,4,2,0.000000,1,0,0
6,0.100000,0.000000,0.000000,-0.000000,0.000000,-0.000000,0.000000,-0.000141,-0.000000,-0.000000,1151.055,0,0.000000,4,2,0.000000,1,0,0
7,0.116667,0.000000,0.000000,0.000000,0.000000,0.000000,0.000000,-0.000141,-0.000000,-0.000000,1209.964,0,0.000000,4,2,0.000000,1,0,0
8,0.133333,0.000000,0.000000,0.000000,0.000000,-0.000000,0.000000,-0.000141,0.000000,-0.000000,1269.180,0,0.000000,4,2,0.000000,1,0,0
9,0.150000,0.000000,0.000000,0.000000,0.000000,0.000000,0.000000,-0.000141,-0.000000,-0.000000,1328.693,0,0.000000,4,2,0.000000,1,0,0
10,0.166667,0.000000,0.000000,0.000000,0.000000,-0.000000,0.000000,-0.000141,0.000000,-0.000000,1388.493,0,0.000000,4,2,0.000000,1,0,0
11,0.183333,0.000000,0.000000,0.000000,0.000000,-0.000000,-0.000000,-0.000141,-0.000000,0.000000,1448.573,0,0.000000,4,2,0.000000,1,0,0
12,0.200000,0.000000,0.000000,0.000000,-0.000000,0.000000,-0.000000,-0.000141,-0.000000,0.000000,1508.921,0,0.000000,4,2,0.000000,1,0,0
13,0.216667,0.000000,0.000000,0.000000,-0.000000,-0.000000,-0.000000,-0.000141,0.000000,0.000000,1508.921,0,0.000000,4,2,6.766580,1,0,0
14,0.233333,0.000000,-0.000007,-0.004446,0.000026,-0.000407,-0.266757,-0.000060,0.004912,0.266751,1474.735,0,0.000000,4,2,6.864036,1,0,0
15,0.250000,-0.000001,-0.000010,-0.013996,-0.000091,-0.000194,-0.573025,0.000076,0.008127,0.573009,1495.975,0,0.000000,4,2,6.918734,1,0,0
16,0.266667,-0.000007,-0.000000,-0.028838,-0.000358,0.000572,-0.890506,0.000228,0.009115,0.890480,1507.896,0,0.000000,4,2,6.940557,1,0,0
17,0.283333,-0.000019,0.000028,-0.048814,-0.000738,0.001726,-1.198563,0.000363,0.008112,1.198532,1512.652,0,0.000000,4,2,6.938574,1,0,0
18,0.300000,-0.000039,0.000079,-0.073550,-0.001160,0.003067,-1.484125,0.000459,0.005785,1.484094,1512.220,0,0.000000,4,2,6.920758,1,0,0
19,0.316667,-0.000064,0.000153,-0.102569,-0.001545,0.004392,-1.741135,0.000508,0.002927,1.741107,1508.337,0,0.000000,4,2,6.893940,1,0,0
20,0.333333,-0.000095,0.000245,-0.135368,-0.001832,0.005533,-1.967972,0.000497,-0.000654,1.967949,1502.492,0,0.000000,4,2,6.864655,1,0,0
21,0.350000,-0.000159,0.000351,-0.171538,-0.003848,0.006357,-2.170226,0.000487,-0.000615,2.170209,1496.110,0,0.000000,4,2,6.836684,1,0,0
22,0.366667,-0.000247,0.000465,-0.210356,-0.005293,0.006840,-2.329065,0.000474,-0.000786,2.329052,1490.013,0,0.000000,4,2,6.829102,1,0,0
23,0.383333,-0.000350,0.000579,-0.251839,-0.006149,0.006847,-2.488984,0.000470,-0.000252,2.488975,1488.361,0,0.000000,4,2,6.824221,1,0,0
24,0.400000,-0.000457,0.000686,-0.296187,-0.006458,0.006451,-2.660877,0.000474,0.000271,2.660870,1487.297,0,0.000000,4,2,6.831722,1,0,0
25,0.416667,-0.000562,0.000783,-0.343172,-0.006285,0.005813,-2.819094,0.000488,0.000838,2.819088,1488.932,0,0.000000,4,2,6.856469,1,0,0
26,0.433333,-0.000658,0.000866,-0.392665,-0.005740,0.004970,-2.969563,0.000507,0.001128,2.969557,1494.325,0,0.000000,4,2,6.901595,1,0,0
27,0.450000,-0.000740,0.000932,-0.444523,-0.004942,0.003979,-3.111458,0.000526,0.001119,3.111451,1504.160,0,0.000000,4,2,6.970084,1,0,0
28,0.466667,-0.000807,0.000981,-0.498571,-0.004007,0.002902,-3.242898,0.000540,0.000832,3.242891,1519.087,0,0.000000,4,2,7.064418,1,0,0
29,0.483333,-0.000858,0.001011,-0.554594,-0.003037,0.001786,-3.361363,0.000545,0.000327,3.361354,1539.647,0,0.000000,4,2,7.186461,1,0,0
30,0.500000,-0.000893,0.001022,-0.612330,-0.002116,0.000675,-3.464180,0.000540,-0.000315,3.464170,1566.245,0,0.000000,4,2,7.337349,1,0,0
31,0.516667,-0.000915,0.001015,-0.671480,-0.001305,-0.000398,-3.548990,0.000523,-0.001008,3.548978,1599.130,0,0.000000,4,2,7.517414,1,0,0
32,0.533333,-0.000925,0.000992,-0.731715,-0.000642,-0.001411,-3.614128,0.000495,-0.001664,3.614114,1638.375,0,0.000000,4,2,7.726134,1,0,0
33,0.550000,-0.000928,0.000952,-0.792697,-0.000144,-0.002355,-3.658886,0.000458,-0.002212,3.658868,1683.864,0,0.000000,4,2,7.962135,1,0,0
34,0.566667,-0.000925,0.000899,-0.854091,0.000188,-0.003218,-3.683632,0.000415,-0.002601,3.683610,1735.299,0,0.000000,4,2,8.223238,1,0,0
35,0.583333,-0.000918,0.000832,-0.915587,0.000369,-0.003996,-3.689806,0.000368,-0.002805,3.689779,1792.204,0,0.000000,4,2,8.506545,1,0,0
36,0.600000,-0.000911,0.000754,-0.976917,0.000419,-0.004682,-3.679799,0.000321,-0.002821,3.679766,1853.950,0,0.000000,4,2,8.808561,1,0,0
37,0.616667,-0.000905,0.000666,-1.037863,0.000365,-0.005269,-3.656755,0.000277,-0.002664,3.656716,1919.772,0,0.000000,4,2,9.125339,1,0,0
38,0.633333,-0.000901,0.000571,-1.098269,0.000235,-0.005746,-3.624329,0.000237,-0.002364,3.624281,1988.812,0,0.000000,4,2,9.452639,1,0,0
39,0.650000,-0.000901,0.000469,-1.158042,0.000057,-0.006104,-3.586423,0.000205,-0.001960,3.586366,2060.145,0,0.000000,4,2,9.786095,1,0,0
40,0.666667,-0.000903,0.000363,-1.217158,-0.000146,-0.006328,-3.546951,0.000180,-0.001493,3.546884,2132.820,0,0.000000,4,2,10.121367,1,0,0
41,0.683333,-0.000909,0.000257,-1.275652,-0.000354,-0.006408,-3.509619,0.000163,-0.001001,3.509541,2205.890,0,0.000000,4,2,10.454294,1,0,0
42,0.700000,-0.000918,0.000151,-1.333615,-0.000552,-0.006335,-3.477772,0.000155,-0.000518,3.477683,2278.449,0,0.000000,4,2,10.781011,1,0,0
43,0.716667,-0.000930,0.000049,-1.391186,-0.000731,-0.006108,-3.454272,0.000153,-0.000071,3.454172,2349.655,0,0.000000,4,2,11.098059,1,0,0
44,0.733333,-0.000945,-0.000046,-1.448543,-0.000870,-0.005726,-3.441441,0.000158,0.000304,3.441330,2418.754,0,0.000000,4,2,11.402468,1,0,0
45,0.750000,-0.000961,-0.000133,-1.505894,-0.000987,-0.005194,-3.441034,0.000169,0.000622,3.440913,2485.098,0,0.000000,4,2,11.691813,1,0,0
46,0.766667,-0.000979,-0.000208,-1.563465,-0.001084,-0.004529,-3.454257,0.000183,0.000873,3.454127,2548.159,0,0.000000,4,2,11.964247,1,0,0
47,0.783333,-0.000999,-0.000271,-1.621495,-0.001163,-0.003749,-3.481794,0.000201,0.001056,3.481655,2607.534,0,0.000000,4,2,12.218522,1,0,0
48,0.800000,-0.001019,-0.000319,-1.680226,-0.001230,-0.002877,-3.523854,0.000221,0.001175,3.523707,2662.952,0,0.000000,4,2,12.453986,1,0,0
49,0.816667,-0.001041,-0.000351,-1.739896,-0.001290,-0.001939,-3.580228,0.000241,0.001233,3.580076,2714.270,0,0.000000,4,2,12.670561,1,0,0
50,0.833333,-0.001063,-0.000367,-1.800735,-0.001349,-0.000959,-3.650344,0.000262,0.001235,3.650190,2761.471,0,0.000000,4,2,12.868712,1,0,0
51,0.850000,-0.001087,-0.000367,-1.862957,-0.001408,0.000028,-3.733322,0.000282,0.001188,3.733167,2804.657,0,0.000000,4,2,13.049404,1,0,0
52,0.866667,-0.001111,-0.000350,-1.926758,-0.001472,0.000993,-3.828014,0.000300,0.001099,3.827861,2844.038,0,0.000000,4,2,13.214043,1,0,0
53,0.883333,-0.001137,-0.000318,-1.992309,-0.001540,0.001903,-3.933053,0.000316,0.000975,3.932904,2879.920,0,0.000000,4,2,13.364418,1,0,0
54,0.900000,-0.001164,-0.000273,-2.059757,-0.001612,0.002733,-4.046888,0.000330,0.000820,4.046744,2912.693,0,0.000000,4,2,13.502632,1,0,0
55,0.916667,-0.001192,-0.000215,-2.129220,-0.001685,0.003459,-4.167824,0.000341,0.000643,4.167687,2942.816,0,0.000000,4,2,13.631028,1,0,0
56,0.933333,-0.001221,-0.000147,-2.200788,-0.001755,0.004065,-4.294065,0.000348,0.000447,4.293937,2970.799,0,0.000000,4,2,13.752111,1,0,0
57,0.950000,-0.001251,-0.000072,-2.274518,-0.001819,0.004538,-4.423759,0.000352,0.000239,4.423639,2997.189,0,0.000000,4,2,13.868475,1,0,0
58,0.966667,-0.001279,0.000009,-2.350435,-0.001651,0.004867,-4.555034,0.000363,0.000679,4.554924,3022.549,0,0.000000,4,2,13.982720,1,0,0
59,0.983333,-0.001304,0.000094,-2.428165,-0.001526,0.005083,-4.663803,0.000409,0.002762,4.663700,3047.448,0,0.000000,4,2,14.119706,1,0,0
60,1.000000,-0.001330,0.000179,-2.507700,-0.001562,0.005092,-4.772123,0.000476,0.003977,4.772028,3077.304,0,0.000000,4,2,14.269153,1,0,0
61,1.016667,-0.001360,0.000261,-2.588878,-0.001773,0.004935,-4.870626,0.000661,0.011107,4.870537,3109.875,0,0.000000,4,2,14.431174,1,0,0
62,1.033333,-0.001401,0.000338,-2.671870,-0.002454,0.004586,-4.979578,0.000995,0.020031,4.979493,3145.186,0,0.000000,4,2,14.594802,1,0,0
63,1.050000,-0.001465,0.000407,-2.756530,-0.003848,0.004144,-5.079566,0.001297,0.018158,5.079485,3180.848,0,0.000000,4,2,14.762767,1,0,0
64,1.066667,-0.001559,0.000467,-2.842714,-0.005669,0.003615,-5.171026,0.001464,0.009978,5.170950,3217.455,0,0.000000,4,2,14.935709,1,0,0
65,1.083333,-0.001684,0.000517,-2.930285,-0.007499,0.003017,-5.254249,0.001450,-0.000822,5.254177,3255.146,0,0.000000,4,2,15.114007,1,0,0
66,1.100000,-0.001833,0.000557,-3.019120,-0.008899,0.002363,-5.330118,0.001261,-0.011331,5.330047,3294.006,0,0.000000,4,2,15.297784,1,0,0
67,1.116667,-0.001991,0.000584,-3.109182,-0.009502,0.001670,-5.403766,0.000987,-0.016446,5.403694,3334.059,0,0.000000,4,2,15.486959,1,0,0
68,1.133333,-0.002145,0.000601,-3.200512,-0.009218,0.000963,-5.479775,0.000764,-0.013363,5.479701,3375.288,0,0.000000,4,2,15.681590,1,0,0
69,1.150000,-0.002283,0.000606,-3.292939,-0.008285,0.000302,-5.545603,0.000539,-0.013540,5.545524,3417.707,0,0.000000,4,2,15.881960,1,0,0
70,1.166667,-0.002395,0.000600,-3.386344,-0.006730,-0.000316,-5.604323,0.000299,-0.014378,5.604239,3461.376,0,0.000000,4,2,16.087446,1,0,0
71,1.183333,-0.002472,0.000586,-3.480666,-0.004642,-0.000887,-5.659320,0.000071,-0.013704,5.659231,3506.161,0,0.000000,4,2,16.297342,1,0,0
72,1.200000,-0.002509,0.000562,-3.575947,-0.002213,-0.001405,-5.716876,-0.000061,-0.007893,5.716782,3551.906,0,0.000000,4,2,16.510973,1,0,0
73,1.216667,-0.002507,0.000532,-3.672072,0.000148,-0.001829,-5.767508,-0.000161,-0.005969,5.767409,3598.466,0,0.000000,4,2,16.728001,1,0,0
74,1.233333,-0.002468,0.000495,-3.768976,0.002305,-0.002171,-5.814244,-0.000252,-0.005487,5.814140,3645.765,0,0.000000,4,2,16.947437,1,0,0
75,1.250000,-0.002399,0.000455,-3.866667,0.004159,-0.002434,-5.861444,-0.000309,-0.003420,5.861333,3693.590,0,0.000000,4,2,17.168325,1,0,0
76,1.266667,-0.002313,0.000411,-3.965136,0.005184,-0.002610,-5.908118,-0.000340,-0.001829,5.908002,3741.732,0,0.000000,4,2,17.389925,1,0,0
77,1.283333,-0.002214,0.000366,-4.064372,0.005920,-0.002700,-5.954138,-0.000347,-0.000416,5.954015,3790.028,0,0.000000,4,2,17.611441,1,0,0
78,1.300000,-0.002111,0.000321,-4.164385,0.006174,-0.002706,-6.000812,-0.000328,0.001146,6.000682,3838.306,0,0.000000,4,2,17.832071,1,0,0
79,1.316667,-0.002012,0.000277,-4.265180,0.005951,-0.002636,-6.047632,-0.000294,0.002026,6.047495,3886.391,0,0.000000,4,2,18.051111,1,0,0
80,1.333333,-0.001923,0.000236,-4.366346,0.005310,-0.002459,-6.069982,-0.000260,0.002040,6.069838,3934.129,0,0.000000,4,2,18.285141,1,0,0
81,1.350000,-0.001850,0.000198,-4.468276,0.004380,-0.002325,-6.115795,-0.000091,0.010159,6.115643,3985.135,0,0.000000,4,2,18.513189,1,0,0
82,1.366667,-0.001802,0.000162,-4.570996,0.002874,-0.002132,-6.163190,0.000135,0.013542,6.163032,4034.836,0,0.000000,4,2,18.736397,1,0,0
83,1.383333,-0.001788,0.000131,-4.674551,0.000876,-0.001891,-6.213355,0.000349,0.012830,6.213191,4083.483,0,0.000000,4,2,18.954166,1,0,0
84,1.400000,-0.001811,0.000104,-4.778991,-0.001406,-0.001610,-6.266363,0.000508,0.009542,6.266194,4130.945,0,0.000000,4,2,19.166086,1,0,0
85,1.416667,-0.001873,0.000082,-4.884363,-0.003702,-0.001300,-6.322354,0.000595,0.005188,6.322182,4177.131,0,0.000000,4,2,19.371883,1,0,0
86,1.433333,-0.001969,0.000066,-4.990722,-0.005735,-0.000971,-6.381500,0.000611,0.000949,6.381327,4221.983,0,0.000000,4,2,19.571434,1,0,0
87,1.450000,-0.002090,0.000055,-5.098121,-0.007277,-0.000636,-6.443955,0.000571,-0.002415,6.443782,4265.474,0,0.000000,4,2,19.764765,1,0,0
88,1.466667,-0.002226,0.000050,-5.206618,-0.008176,-0.000300,-6.509816,0.000495,-0.004531,6.509642,4307.609,0,0.000000,4,2,19.952055,1,0,0
89,1.483333,-0.002366,0.000051,-5.316269,-0.008378,0.000023,-6.579078,0.000406,-0.005355,6.578904,4348.428,0,0.000000,4,2,20.133629,1,0,0
90,1.500000,-0.002498,0.000056,-5.427130,-0.007921,0.000329,-6.651613,0.000321,-0.005116,6.651439,4388.001,0,0.000000,4,2,20.309948,1,0,0
91,1.516667,-0.002613,0.000066,-5.539249,-0.006920,0.000609,-6.727161,0.000251,-0.004176,6.726988,4426.429,0,0.000000,4,2,20.481596,1,0,0
92,1.533333,-0.002713,0.000081,-5.652571,-0.005978,0.000866,-6.799340,0.000138,-0.006818,6.799169,4463.838,0,0.000000,4,2,20.652884,1,0,0
93,1.550000,-0.002788,0.000099,-5.766846,-0.004535,0.001097,-6.856483,0.000136,-0.000110,6.856312,4501.169,0,0.000000,4,2,20.833899,1,0,0
94,1.566667,-0.002840,0.000119,-5.882665,-0.003125,0.001184,-6.949150,0.000044,-0.005521,6.948981,4540.621,0,0.000000,4,2,21.009779,1,0,0
95,1.583333,-0.002865,0.000141,-5.999342,-0.001479,0.001343,-7.000626,-0.000011,-0.003270,7.000458,4578.953,0,0.000000,4,2,21.204344,1,0,0
96,1.600000,-0.002864,0.000164,-6.117081,0.000077,0.001373,-7.064311,-0.000016,-0.000298,7.064144,4621.357,0,0.000000,4,2,21.389235,1,0,0
97,1.616667,-0.002866,0.000187,-6.235706,-0.000132,0.001357,-7.117511,-0.000042,-0.001563,7.117344,4661.653,0,0.000000,4,2,21.577833,1,0,0
98,1.633333,-0.002870,0.000207,-6.355576,-0.000234,0.001234,-7.192190,0.000023,0.003937,7.192023,4702.757,0,0.000000,4,2,21.756105,1,0,0
99,1.650000,-0.002879,0.000226,-6.476251,-0.000531,0.001151,-7.240498,0.000084,0.003615,7.240330,4741.610,0,0.000000,4,2,21.946053,1,0,0
100,1.666667,-0.002894,0.000242,-6.598100,-0.000913,0.000967,-7.310994,0.000046,-0.002237,7.310826,4783.008,0,0.000000,4,2,22.125565,1,0,0
101,1.683333,-0.002912,0.000256,-6.720831,-0.001063,0.000823,-7.363863,0.000029,-0.001030,7.363694,4822.131,0,0.000000,4,2,22.311773,1,0,0
102,1.700000,-0.002931,0.000267,-6.844734,-0.001132,0.000621,-7.434165,0.000084,0.003293,7.433996,4862.715,0,0.000000,4,2,22.490723,1,0,0
103,1.716667,-0.002953,0.000274,-6.969517,-0.001323,0.000472,-7.486985,0.000167,0.004997,7.486813,4901.715,0,0.000000,4,2,22.676027,1,0,0
104,1.733333,-0.002980,0.000279,-7.095516,-0.001672,0.000276,-7.559899,0.000182,0.000902,7.559726,4942.101,0,0.000000,4,2,22.850918,1,0,0
105,1.750000,-0.003013,0.000282,-7.222287,-0.001926,0.000165,-7.606309,0.000183,0.000012,7.606134,4980.218,0,0.000000,4,2,23.037298,1,0,0
106,1.766667,-0.003051,0.000282,-7.350118,-0.002287,0.000004,-7.669817,0.000217,0.002071,7.669641,5020.838,0,0.000000,4,2,23.213058,1,0,0
107,1.783333,-0.003094,0.000280,-7.478836,-0.002627,-0.000110,-7.723068,0.000194,-0.001411,7.722890,5059.144,0,0.000000,4,2,23.392485,1,0,0
108,1.800000,-0.003140,0.000276,-7.608815,-0.002752,-0.000254,-7.798782,0.000312,0.007078,7.798602,5098.249,0,0.000000,4,2,23.564955,1,0,0
109,1.816667,-0.003193,0.000271,-7.739596,-0.003176,-0.000289,-7.846849,0.000368,0.003356,7.846667,5135.837,0,0.000000,4,2,23.748108,1,0,0
110,1.833333,-0.003253,0.000265,-7.871461,-0.003582,-0.000364,-7.911917,0.000329,-0.002331,7.911733,5175.755,0,0.000000,4,2,23.920712,1,0,0
111,1.850000,-0.003315,0.000259,-8.004123,-0.003708,-0.000379,-7.959718,0.000330,0.000059,7.959532,5213.373,0,0.000000,4,2,24.099442,1,0,0
112,1.866667,-0.003381,0.000251,-8.137953,-0.003953,-0.000439,-8.029807,0.000284,-0.002774,8.029619,5252.326,0,0.000000,4,2,24.267239,1,0,0
113,1.883333,-0.003445,0.000244,-8.272552,-0.003841,-0.000413,-8.075986,0.000205,-0.004707,8.075795,5288.896,0,0.000000,4,2,24.445107,1,0,0
114,1.900000,-0.003502,0.000237,-8.408338,-0.003420,-0.000446,-8.147096,0.000256,0.003036,8.146902,5327.662,0,0.000000,4,2,24.612013,1,0,0
115,1.916667,-0.003555,0.000230,-8.544900,-0.003172,-0.000393,-8.193769,0.000297,0.002498,8.193573,5364.038,0,0.000000,4,2,24.788925,1,0,0
116,1.933333,-0.003604,0.000224,-8.682565,-0.002996,-0.000395,-8.259838,0.000262,-0.002113,8.259641,5402.595,0,0.000000,4,2,24.955021,1,0,0
117,1.950000,-0.003649,0.000218,-8.820983,-0.002666,-0.000333,-8.305132,0.000237,-0.001492,8.304931,5438.794,0,0.000000,4,2,25.129145,1,0,0
118,1.966667,-0.003688,0.000213,-8.960465,-0.002324,-0.000330,-8.368934,0.000193,-0.002662,8.368731,5476.743,0,0.000000,4,2,25.292217,1,0,0
119,1.983333,-0.003719,0.000208,-9.100753,-0.001899,-0.000276,-8.417238,0.000190,-0.000176,8.417034,5512.284,0,0.000000,4,2,25.462738,1,0,0
120,2.000000,-0.003746,0.000203,-9.242157,-0.001578,-0.000273,-8.484233,0.000124,-0.003953,8.484026,5549.448,0,0.000000,4,2,25.625931,1,0,0
121,2.016667,-0.003764,0.000200,-9.384326,-0.001109,-0.000204,-8.530107,0.000105,-0.001141,8.529899,5585.015,0,0.000000,4,2,25.796072,1,0,0
122,2.033333,-0.003776,0.000197,-9.527461,-0.000730,-0.000184,-8.588124,0.000102,-0.000169,8.587914,5622.097,0,0.000000,4,2,25.958637,1,0,0
123,2.050000,-0.003784,0.000195,-9.671442,-0.000460,-0.000147,-8.638855,0.000082,-0.001232,8.638640,5657.526,0,0.000000,4,2,26.123503,1,0,0
124,2.066667,-0.003788,0.000192,-9.816430,-0.000229,-0.000136,-8.699306,0.000116,0.002082,8.699089,5693.458,0,0.000000,4,2,26.285439,1,0,0
125,2.083333,-0.003792,0.000191,-9.962230,-0.000242,-0.000091,-8.747965,0.000157,0.002474,8.747746,5728.751,0,0.000000,4,2,26.448997,1,0,0
126,2.100000,-0.003800,0.000189,-10.108975,-0.000465,-0.000081,-8.804734,0.000125,-0.001950,8.804514,5764.397,0,0.000000,4,2,26.608927,1,0,0
127,2.116667,-0.003810,0.000188,-10.256611,-0.000612,-0.000057,-8.858121,0.000144,0.001136,8.857899,5799.253,0,0.000000,4,2,26.769169,1,0,0
128,2.133333,-0.003825,0.000188,-10.405059,-0.000902,-0.000031,-8.906888,0.000148,0.000262,8.906663,5834.177,0,0.000000,4,2,26.928185,1,0,0
129,2.150000,-0.003845,0.000187,-10.554525,-0.001211,-0.000040,-8.968025,0.000182,0.002010,8.967799,5868.833,0,0.000000,4,2,27.084160,1,0,0
130,2.166667,-0.003872,0.000187,-10.704783,-0.001623,-0.000006,-9.015415,0.000216,0.002056,9.015186,5902.827,0,0.000000,4,2,27.242567,1,0,0
131,2.183333,-0.003907,0.000187,-10.855918,-0.002096,-0.000002,-9.068051,0.000202,-0.000865,9.067820,5937.351,0,0.000000,4,2,27.397289,1,0,0
132,2.200000,-0.003947,0.000187,-11.007895,-0.002430,0.000006,-9.118655,0.000234,0.001924,9.118423,5971.072,0,0.000000,4,2,27.550945,1,0,0
133,2.216667,-0.003994,0.000187,-11.160791,-0.002819,-0.000000,-9.173748,0.000209,-0.001485,9.173513,6004.560,0,0.000000,4,2,27.702774,1,0,0
134,2.233333,-0.004044,0.000187,-11.314498,-0.002999,0.000010,-9.222378,0.000208,-0.000070,9.222142,6037.649,0,0.000000,4,2,27.854790,1,0,0
135,2.250000,-0.004096,0.000188,-11.469034,-0.003105,0.000008,-9.272222,0.000236,0.001663,9.271982,6070.781,0,0.000000,4,2,28.004265,1,0,0
136,2.266667,-0.004150,0.000188,-11.624464,-0.003223,-0.000004,-9.325784,0.000212,-0.001446,9.325543,6103.358,0,0.000000,4,2,28.151995,1,0,0
137,2.283333,-0.004202,0.000188,-11.780681,-0.003151,0.000001,-9.372988,0.000210,-0.000066,9.372746,6135.555,0,0.000000,4,2,28.299646,1,0,0
138,2.300000,-0.004253,0.000187,-11.937740,-0.003036,-0.000011,-9.423618,0.000214,0.000206,9.423375,6167.734,0,0.000000,4,2,28.444624,1,0,0
139,2.316667,-0.004301,0.000187,-12.095594,-0.002890,-0.000017,-9.471262,0.000211,-0.000174,9.471016,6199.332,0,0.000000,4,2,28.588612,1,0,0
140,2.333333,-0.004352,0.000187,-12.254281,-0.003040,-0.000032,-9.521184,0.000216,0.000292,9.520936,6230.713,0,0.000000,4,2,28.730511,1,0,0
141,2.350000,-0.004404,0.000186,-12.413738,-0.003103,-0.000038,-9.567490,0.000218,0.000102,9.567240,6261.639,0,0.000000,4,2,28.871458,1,0,0
142,2.366667,-0.004455,0.000185,-12.574018,-0.003101,-0.000054,-9.616744,0.000222,0.000241,9.616491,6292.357,0,0.000000,4,2,29.010115,1,0,0
143,2.383333,-0.004506,0.000184,-12.735045,-0.003058,-0.000060,-9.661680,0.000225,0.000183,9.661425,6322.577,0,0.000000,4,2,29.147907,1,0,0
144,2.400000,-0.004556,0.000183,-12.896883,-0.002983,-0.000076,-9.710265,0.000227,0.000155,9.710008,6352.608,0,0.000000,4,2,29.283230,1,0,0
145,2.416667,-0.004605,0.000181,-13.059388,-0.002949,-0.000075,-9.750258,0.000226,-0.000047,9.749997,6382.101,0,0.000000,4,2,29.417797,1,0,0
146,2.433333,-0.004656,0.000180,-13.222830,-0.003070,-0.000114,-9.806529,0.000236,0.000559,9.806268,6411.429,0,0.000000,4,2,29.548365,1,0,0
147,2.450000,-0.004707,0.000178,-13.386953,-0.003025,-0.000099,-9.847371,0.000246,0.000593,9.847107,6439.886,0,0.000000,4,2,29.681704,1,0,0
148,2.466667,-0.004757,0.000176,-13.551756,-0.003018,-0.000098,-9.888165,0.000252,0.000403,9.887897,6468.946,0,0.000000,4,2,29.811451,1,0,0
149,2.483333,-0.004806,0.000174,-13.717299,-0.002954,-0.000112,-9.932647,0.000261,0.000540,9.932376,6497.223,0,0.000000,4,2,29.938080,1,0,0
150,2.500000,-0.004855,0.000172,-13.883565,-0.002954,-0.000123,-9.975921,0.000267,0.000360,9.975650,6524.822,0,0.000000,4,2,30.063402,1,0,0
151,2.516667,-0.004908,0.000170,-14.050549,-0.003148,-0.000132,-10.018982,0.000276,0.000549,10.018707,6552.135,0,0.000000,4,2,30.187107,1,0,0
152,2.533333,-0.004963,0.000168,-14.218231,-0.003311,-0.000137,-10.060959,0.000283,0.000400,10.060681,6579.095,0,0.000000,4,2,30.309309,1,0,0
153,2.550000,-0.005019,0.000166,-14.386611,-0.003343,-0.000142,-10.102816,0.000292,0.000551,10.102535,6605.729,0,0.000000,4,2,30.429779,1,0,0
154,2.566667,-0.005076,0.000163,-14.555672,-0.003428,-0.000142,-10.143626,0.000299,0.000389,10.143343,6631.984,0,0.000000,4,2,30.548689,1,0,0
155,2.583333,-0.005134,0.000161,-14.725410,-0.003498,-0.000143,-10.184343,0.000307,0.000504,10.184056,6657.900,0,0.000000,4,2,30.665838,1,0,0
156,2.600000,-0.005194,0.000158,-14.895811,-0.003584,-0.000142,-10.224039,0.000312,0.000294,10.223751,6683.432,0,0.000000,4,2,30.781414,1,0,0
157,2.616667,-0.005255,0.000156,-15.066872,-0.003643,-0.000143,-10.263635,0.000323,0.000640,10.263344,6708.621,0,0.000000,4,2,30.895233,1,0,0
158,2.633333,-0.005317,0.000154,-15.238576,-0.003730,-0.000142,-10.302242,0.000330,0.000429,10.301949,6733.427,0,0.000000,4,2,31.007483,1,0,0
159,2.650000,-0.005381,0.000151,-15.410921,-0.003823,-0.000141,-10.340720,0.000338,0.000474,10.340424,6757.891,0,0.000000,4,2,31.117996,1,0,0
160,2.666667,-0.005446,0.000149,-15.583892,-0.003927,-0.000136,-10.378258,0.000343,0.000338,10.377958,6781.977,0,0.000000,4,2,31.226950,1,0,0
161,2.683333,-0.005513,0.000147,-15.757485,-0.004042,-0.000134,-10.415632,0.000352,0.000524,10.415333,6805.723,0,0.000000,4,2,31.334196,1,0,0
162,2.700000,-0.005583,0.000145,-15.931687,-0.004174,-0.000133,-10.452108,0.000358,0.000335,10.451806,6829.096,0,0.000000,4,2,31.439899,1,0,0
163,2.716667,-0.005653,0.000142,-16.106495,-0.004198,-0.000131,-10.488387,0.000367,0.000539,10.488081,6852.134,0,0.000000,4,2,31.543930,1,0,0
164,2.733333,-0.005724,0.000140,-16.281893,-0.004246,-0.000127,-10.523825,0.000372,0.000335,10.523516,6874.807,0,0.000000,4,2,31.646435,1,0,0
165,2.750000,-0.005798,0.000138,-16.457876,-0.004440,-0.000126,-10.559017,0.000380,0.000479,10.558705,6897.146,0,0.000000,4,2,31.747307,1,0,0
166,2.766667,-0.005874,0.000136,-16.634434,-0.004601,-0.000122,-10.593434,0.000386,0.000325,10.593120,6919.132,0,0.000000,4,2,31.846672,1,0,0
167,2.783333,-0.005950,0.000134,-16.811560,-0.004554,-0.000119,-10.627560,0.000395,0.000541,10.627243,6940.787,0,0.000000,4,2,31.944448,1,0,0
168,2.800000,-0.006026,0.000132,-16.989243,-0.004568,-0.000118,-10.660968,0.000401,0.000393,10.660648,6962.097,0,0.000000,4,2,32.040741,1,0,0
169,2.816667,-0.006105,0.000130,-17.167477,-0.004709,-0.000115,-10.694046,0.000410,0.000501,10.693724,6983.083,0,0.000000,4,2,32.135487,1,0,0
170,2.833333,-0.006185,0.000128,-17.346251,-0.004832,-0.000114,-10.726463,0.000416,0.000362,10.726138,7003.732,0,0.000000,4,2,32.228775,1,0,0
171,2.850000,-0.006269,0.000127,-17.525558,-0.004996,-0.000113,-10.758519,0.000422,0.000371,10.758190,7024.064,0,0.000000,4,2,32.320560,1,0,0
172,2.866667,-0.006352,0.000125,-17.705391,-0.005027,-0.000110,-10.789964,0.000428,0.000354,10.789635,7044.068,0,0.000000,4,2,32.410915,1,0,0
173,2.883333,-0.006438,0.000123,-17.885742,-0.005118,-0.000110,-10.821023,0.000434,0.000361,10.820691,7063.761,0,0.000000,4,2,32.499813,1,0,0
174,2.900000,-0.006524,0.000121,-18.066601,-0.005197,-0.000108,-10.851509,0.000439,0.000335,10.851174,7083.135,0,0.000000,4,2,32.587311,1,0,0
175,2.916667,-0.006612,0.000119,-18.247961,-0.005268,-0.000107,-10.881599,0.000445,0.000368,10.881261,7102.205,0,0.000000,4,2,32.673393,1,0,0
176,2.933333,-0.006702,0.000118,-18.429811,-0.005384,-0.000106,-10.911148,0.000450,0.000264,10.910807,7120.966,0,0.000000,4,2,32.758110,1,0,0
177,2.950000,-0.006792,0.000116,-18.612150,-0.005390,-0.000104,-10.940292,0.000458,0.000468,10.939951,7139.429,0,0.000000,4,2,32.841454,1,0,0
178,2.966667,-0.006882,0.000114,-18.794966,-0.005420,-0.000104,-10.968928,0.000463,0.000320,10.968584,7157.594,0,0.000000,4,2,32.923466,1,0,0
179,2.983333,-0.006975,0.000112,-18.978252,-0.005566,-0.000102,-10.997149,0.000470,0.000427,10.996803,7175.468,0,0.000000,4,2,33.004150,1,0,0
180,3.000000,-0.007070,0.000111,-19.162001,-0.005692,-0.000101,-11.024897,0.000475,0.000307,11.024547,7193.052,0,0.000000,4,2,33.083538,1,0,0
181,3.016667,-0.007165,0.000109,-19.346205,-0.005735,-0.000100,-11.052224,0.000481,0.000372,11.051871,7210.354,0,0.000000,4,2,33.161636,1,0,0
182,3.033333,-0.007262,0.000107,-19.530857,-0.005822,-0.000098,-11.079102,0.000486,0.000243,11.078749,7227.376,0,0.000000,4,2,33.238476,1,0,0
183,3.050000,-0.007360,0.000106,-19.715950,-0.005881,-0.000098,-11.105562,0.000493,0.000441,11.105207,7244.122,0,0.000000,4,2,33.314072,1,0,0
184,3.066667,-0.007460,0.000104,-19.901478,-0.005959,-0.000098,-11.131593,0.000498,0.000297,11.131235,7260.598,0,0.000000,4,2,33.388443,1,0,0
185,3.083333,-0.007561,0.000102,-20.087429,-0.006079,-0.000096,-11.157211,0.000503,0.000337,11.156851,7276.807,1,0.000000,4,3,58.996567,1,0,0
186,3.100000,-0.007670,0.000089,-20.281729,-0.006549,-0.000819,-11.657922,0.000504,0.000022,11.657614,7276.807,1,0.000000,4,3,57.956940,1,0,0
187,3.116667,-0.007787,0.000087,-20.482258,-0.006991,-0.000137,-12.031753,0.000477,-0.001610,12.031511,7223.247,1,0.000000,4,3,57.047943,1,0,0
188,3.133333,-0.007904,0.000106,-20.687984,-0.007031,0.001150,-12.343627,0.000413,-0.003854,12.343452,7156.150,1,0.000000,4,3,56.156147,1,0,0
189,3.150000,-0.008015,0.000150,-20.898014,-0.006668,0.002632,-12.601742,0.000314,-0.005924,12.601622,7075.901,1,0.000000,4,3,55.275784,1,0,0
190,3.166667,-0.008109,0.000216,-21.111649,-0.005669,0.004009,-12.818136,0.000189,-0.007495,12.818055,6982.711,1,0.000000,4,3,54.401894,1,0,0
191,3.183333,-0.008176,0.000301,-21.328426,-0.003987,0.005087,-13.006646,0.000051,-0.008289,13.006592,6876.651,1,0.000000,4,3,53.530605,1,0,0
192,3.200000,-0.008204,0.000397,-21.548111,-0.001677,0.005769,-13.181083,-0.000086,-0.008232,13.181044,6757.692,1,0.000000,4,3,52.659260,1,0,0
193,3.216667,-0.008185,0.000496,-21.771664,0.001119,0.005948,-13.413036,-0.000127,-0.002410,13.413010,6625.756,1,0.000000,4,3,51.786350,1,0,0
194,3.233333,-0.008136,0.000594,-21.999599,0.002933,0.005868,-13.676242,-0.000183,-0.003380,13.676226,6480.750,1,0.000000,4,3,50.914761,1,0,0
195,3.250000,-0.008060,0.000689,-22.231842,0.004604,0.005687,-13.934603,-0.000237,-0.003238,13.934597,6322.832,1,0.000000,4,3,50.045712,1,0,0
196,3.266667,-0.007969,0.000779,-22.468527,0.005457,0.005378,-14.201029,-0.000364,-0.007640,14.201025,6152.124,1,0.000000,4,3,49.162971,1,0,0
197,3.283333,-0.007868,0.000861,-22.710257,0.006064,0.004932,-14.503877,-0.000436,-0.004319,14.503878,5967.352,1,0.000000,4,3,48.202202,1,0,0
198,3.300000,-0.007753,0.000937,-22.956135,0.006893,0.004590,-14.752645,-0.000406,0.001824,14.752648,5762.461,1,0.000000,4,3,47.315907,1,0,0
199,3.316667,-0.007636,0.001007,-23.205282,0.006974,0.004197,-14.948785,-0.000342,0.003803,14.948788,5550.471,1,0.000000,4,3,46.566315,1,0,0
200,3.333333,-0.007525,0.001068,-23.457037,0.006672,0.003638,-15.105289,-0.000279,0.003829,15.105291,5339.532,1,0.000000,4,3,45.951260,1,0,0
201,3.350000,-0.007425,0.001116,-23.710739,0.006019,0.002889,-15.222215,-0.000230,0.002903,15.222216,5132.458,1,0.000000,4,3,45.468964,1,0,0
202,3.366667,-0.007340,0.001148,-23.965736,0.005121,0.001942,-15.299768,-0.000208,0.001346,15.299767,5078.589,1,0.000000,4,3,45.523727,1,0,0
203,3.383333,-0.007243,0.001161,-24.221857,0.005820,0.000774,-15.367280,-0.000594,-0.023152,15.367272,5084.705,1,0.000000,4,3,45.650871,1,0,0
204,3.400000,-0.007107,0.001153,-24.478691,0.008121,-0.000484,-15.410064,-0.001487,-0.053608,15.410038,5098.907,1,0.000000,4,3,45.852421,1,0,0
205,3.416667,-0.006868,0.001123,-24.736568,0.014358,-0.001845,-15.472600,-0.002436,-0.056904,15.472546,5121.419,1,0.000000,4,3,46.044350,1,0,0
206,3.433333,-0.006461,0.001071,-24.995432,0.024429,-0.003113,-15.531890,-0.003276,-0.050419,15.531816,5142.855,1,0.000000,4,3,46.234562,1,0,0
207,3.450000,-0.005834,0.001000,-25.255295,0.037578,-0.004232,-15.591758,-0.003890,-0.036820,15.591684,5164.102,1,0.000000,4,3,46.422344,1,0,0
208,3.466667,-0.004963,0.000914,-25.516146,0.052284,-0.005150,-15.651078,-0.004219,-0.019701,15.651024,5185.075,1,0.000000,4,3,46.607723,1,0,0
209,3.483333,-0.003864,0.000817,-25.777971,0.065915,-0.005840,-15.709402,-0.004449,-0.013775,15.709364,5205.781,1,0.000000,4,3,46.790585,1,0,0
210,3.500000,-0.002700,0.000712,-26.040659,0.069855,-0.006285,-15.761380,-0.004692,-0.014604,15.761323,5226.205,1,0.000000,4,3,46.989975,1,0,0
211,3.516667,-0.001472,0.000604,-26.304281,0.073697,-0.006507,-15.817187,-0.004801,-0.006504,15.817108,5248.476,1,0.000000,4,3,47.185398,1,0,0
212,3.533333,-0.000209,0.000496,-26.568800,0.075762,-0.006497,-15.871189,-0.004941,-0.008369,15.871083,5270.303,1,0.000000,4,3,47.381859,1,0,0
213,3.550000,0.001098,0.000391,-26.834234,0.078436,-0.006283,-15.926018,-0.004959,-0.001034,15.925894,5292.247,1,0.000000,4,3,47.576332,1,0,0
214,3.566667,0.002407,0.000293,-27.100563,0.078552,-0.005896,-15.979645,-0.005011,-0.003147,15.979492,5313.968,1,0.000000,4,3,47.771801,1,0,0
215,3.583333,0.003723,0.000203,-27.367796,0.078937,-0.005367,-16.034027,-0.004994,0.001007,16.033850,5335.801,1,0.000000,4,3,47.965397,1,0,0
216,3.600000,0.005044,0.000124,-27.635923,0.079257,-0.004732,-16.087650,-0.004905,0.005344,16.087454,5357.424,1,0.000000,4,3,48.159142,1,0,0
217,3.616667,0.006363,0.000057,-27.904943,0.079183,-0.004026,-16.141218,-0.004749,0.009329,16.141003,5379.064,1,0.000000,4,3,48.352375,1,0,0
218,3.633333,0.007670,0.000002,-28.174858,0.078398,-0.003286,-16.194813,-0.004542,0.012415,16.194578,5400.647,1,0.000000,4,3,48.544643,1,0,0
219,3.650000,0.008948,-0.000040,-28.445667,0.076672,-0.002537,-16.248617,-0.004303,0.014333,16.248363,5422.122,1,0.000000,4,3,48.735432,1,0,0
220,3.666667,0.010180,-0.000070,-28.717381,0.073903,-0.001807,-16.302742,-0.004052,0.015014,16.302465,5443.432,1,0.000000,4,3,48.924316,1,0,0
221,3.683333,0.011349,-0.000089,-28.990002,0.070140,-0.001113,-16.357262,-0.003809,0.014542,16.356960,5464.529,1,0.000000,4,3,49.110996,1,0,0
222,3.700000,0.012442,-0.000096,-29.263538,0.065572,-0.000472,-16.412205,-0.003590,0.013097,16.411880,5485.380,1,0.000000,4,3,49.295296,1,0,0
223,3.716667,0.013450,-0.000095,-29.537998,0.060511,0.000103,-16.467560,-0.003407,0.010915,16.467216,5505.966,1,0.000000,4,3,49.477173,1,0,0
224,3.733333,0.014373,-0.000085,-29.813387,0.055344,0.000603,-16.523294,-0.003269,0.008253,16.522934,5526.280,1,0.000000,4,3,49.656670,1,0,0
225,3.750000,0.015262,-0.000067,-30.089106,0.053364,0.001082,-16.543140,-0.002696,0.034348,16.542765,5546.328,1,0.000000,4,3,49.905384,1,0,0
226,3.766667,0.016061,-0.000044,-30.365582,0.047961,0.001341,-16.588516,-0.002020,0.040529,16.588120,5574.108,1,0.000000,4,3,50.131577,1,0,0
227,3.783333,0.016728,-0.000019,-30.642847,0.039995,0.001515,-16.635921,-0.001370,0.038946,16.635496,5599.372,1,0.000000,4,3,50.343040,1,0,0
228,3.800000,0.017225,0.000008,-30.920988,0.029802,0.001615,-16.688446,-0.000843,0.031621,16.688002,5622.992,1,0.000000,4,3,50.539162,1,0,0
229,3.816667,0.017529,0.000036,-31.200060,0.018286,0.001664,-16.744303,-0.000498,0.020632,16.743845,5644.897,1,0.000000,4,3,50.721786,1,0,0
230,3.833333,0.017663,0.000064,-31.480097,0.008000,0.001681,-16.802259,-0.000181,0.018992,16.801800,5665.295,1,0.000000,4,3,50.892643,1,0,0
231,3.850000,0.017710,0.000092,-31.761084,0.002835,0.001675,-16.859142,0.000062,0.014507,16.858686,5684.379,1,0.000000,4,3,51.055408,1,0,0
232,3.866667,0.017677,0.000119,-32.043041,-0.001953,0.001635,-16.917398,0.000294,0.013891,16.916945,5702.558,1,0.000000,4,3,51.209499,1,0,0
233,3.883333,0.017576,0.000145,-32.326096,-0.006089,0.001556,-16.983082,0.000371,0.004630,16.982635,5719.770,1,0.000000,4,3,51.356991,1,0,0
234,3.900000,0.017460,0.000170,-32.609898,-0.006952,0.001506,-17.028116,0.000666,0.017635,17.027676,5736.243,1,0.000000,4,3,51.529404,1,0,0
235,3.916667,0.017304,0.000193,-32.894726,-0.009354,0.001365,-17.089819,0.000864,0.011921,17.089382,5755.501,1,0.000000,4,3,51.691959,1,0,0
236,3.933333,0.017096,0.000213,-33.180435,-0.012463,0.001235,-17.142393,0.001032,0.010095,17.141962,5773.657,1,0.000000,4,3,51.858936,1,0,0
237,3.950000,0.016804,0.000231,-33.467087,-0.017561,0.001070,-17.199097,0.001158,0.007514,17.198675,5792.307,1,0.000000,4,3,52.022793,1,0,0
238,3.966667,0.016456,0.000246,-33.754646,-0.020867,0.000907,-17.253597,0.001284,0.007608,17.253181,5810.609,1,0.000000,4,3,52.187149,1,0,0
239,3.983333,0.016073,0.000258,-34.043121,-0.022989,0.000735,-17.308420,0.001384,0.005988,17.308008,5828.966,1,0.000000,4,3,52.350288,1,0,0
240,4.000000,0.015654,0.000268,-34.332504,-0.025146,0.000565,-17.362976,0.001493,0.006571,17.362570,5847.188,1,0.000000,4,3,52.512688,1,0,0
241,4.016667,0.015206,0.000274,-34.622791,-0.026852,0.000399,-17.417387,0.001572,0.004769,17.416985,5865.327,1,0.000000,4,3,52.674294,1,0,0
242,4.033333,0.014729,0.000278,-34.913986,-0.028623,0.000241,-17.471590,0.001667,0.005682,17.471188,5883.378,1,0.000000,4,3,52.835159,1,0,0
243,4.050000,0.014215,0.000280,-35.206081,-0.030867,0.000095,-17.525612,0.001721,0.003295,17.525211,5901.345,1,0.000000,4,3,52.995266,1,0,0
244,4.066667,0.013689,0.000279,-35.499073,-0.031549,-0.000035,-17.579407,0.001810,0.005349,17.579006,5919.228,1,0.000000,4,3,53.154648,1,0,0
245,4.083333,0.013145,0.000277,-35.792957,-0.032655,-0.000151,-17.633013,0.001873,0.003821,17.632614,5937.030,1,0.000000,4,3,53.313267,1,0,0
246,4.100000,0.012566,0.000273,-36.087730,-0.034697,-0.000248,-17.686367,0.001928,0.003300,17.685970,5954.747,1,0.000000,4,3,53.471149,1,0,0
247,4.116667,0.011975,0.000267,-36.383389,-0.035488,-0.000327,-17.739515,0.001990,0.003745,17.739117,5972.381,1,0.000000,4,3,53.628262,1,0,0
248,4.133333,0.011359,0.000261,-36.679932,-0.036945,-0.000387,-17.792431,0.002033,0.002597,17.792034,5989.930,1,0.000000,4,3,53.784603,1,0,0
249,4.150000,0.010734,0.000254,-36.977348,-0.037504,-0.000431,-17.845100,0.002089,0.003404,17.844704,6007.392,1,0.000000,4,3,53.940178,1,0,0
250,4.166667,0.010093,0.000246,-37.275639,-0.038439,-0.000459,-17.897545,0.002128,0.002356,17.897146,6024.769,1,0.000000,4,3,54.094952,1,0,0
251,4.183333,0.009439,0.000238,-37.574799,-0.039270,-0.000470,-17.949728,0.002176,0.002873,17.949329,6042.056,1,0.000000,4,3,54.248940,1,0,0
252,4.200000,0.008767,0.000230,-37.874828,-0.040333,-0.000469,-18.001677,0.002206,0.001797,18.001276,6059.255,1,0.000000,4,3,54.402107,1,0,0
253,4.216667,0.008086,0.000223,-38.175716,-0.040843,-0.000457,-18.053366,0.002250,0.002704,18.052963,6076.363,1,0.000000,4,3,54.554462,1,0,0
254,4.233333,0.007393,0.000216,-38.477463,-0.041567,-0.000434,-18.104807,0.002283,0.001956,18.104403,6093.380,1,0.000000,4,3,54.705986,1,0,0
255,4.250000,0.006687,0.000209,-38.780064,-0.042352,-0.000405,-18.155981,0.002319,0.002171,18.155577,6110.305,1,0.000000,4,3,54.856678,1,0,0
256,4.266667,0.005971,0.000203,-39.083511,-0.042996,-0.000370,-18.206902,0.002347,0.001706,18.206495,6127.136,1,0.000000,4,3,55.006516,1,0,0
257,4.283333,0.005242,0.000197,-39.387802,-0.043691,-0.000332,-18.257551,0.002380,0.001976,18.257143,6143.872,1,0.000000,4,3,55.155502,1,0,0
258,4.300000,0.004502,0.000192,-39.692936,-0.044431,-0.000290,-18.307938,0.002403,0.001398,18.307528,6160.513,1,0.000000,4,3,55.303623,1,0,0
259,4.316667,0.003753,0.000188,-39.998901,-0.044925,-0.000248,-18.358053,0.002435,0.001893,18.357643,6177.057,1,0.000000,4,3,55.450871,1,0,0
260,4.333333,0.002994,0.000185,-40.305698,-0.045576,-0.000207,-18.407896,0.002457,0.001341,18.407482,6193.503,1,0.000000,4,3,55.597240,1,0,0
261,4.350000,0.002225,0.000182,-40.613323,-0.046100,-0.000167,-18.457462,0.002486,0.001701,18.457050,6209.852,1,0.000000,4,3,55.742722,1,0,0
262,4.366667,0.001446,0.000180,-40.921772,-0.046769,-0.000132,-18.506752,0.002505,0.001168,18.506338,6226.101,1,0.000000,4,3,55.887310,1,0,0
263,4.383333,0.000659,0.000178,-41.231033,-0.047204,-0.000097,-18.555759,0.002532,0.001619,18.555344,6242.250,1,0.000000,4,3,56.030998,1,0,0
264,4.400000,-0.000137,0.000177,-41.541107,-0.047777,-0.000067,-18.604486,0.002552,0.001185,18.604067,6258.300,1,0.000000,4,3,56.173782,1,0,0
265,4.416667,-0.000942,0.000176,-41.851990,-0.048281,-0.000041,-18.652927,0.002576,0.001452,18.652508,6274.248,1,0.000000,4,3,56.315651,1,0,0
266,4.433333,-0.001757,0.000176,-42.163677,-0.048913,-0.000021,-18.701084,0.002593,0.000994,18.700663,6290.094,1,0.000000,4,3,56.456608,1,0,0
267,4.450000,-0.002579,0.000176,-42.476158,-0.049296,-0.000004,-18.748951,0.002617,0.001436,18.748529,6305.837,1,0.000000,4,3,56.596642,1,0,0
268,4.466667,-0.003409,0.000176,-42.789433,-0.049806,0.000009,-18.796528,0.002635,0.001091,18.796104,6321.479,1,0.000000,4,3,56.735752,1,0,0
269,4.483333,-0.004247,0.000176,-43.103497,-0.050308,0.000019,-18.843809,0.002656,0.001269,18.843384,6337.016,1,0.000000,4,3,56.873936,1,0,0
270,4.500000,-0.005096,0.000177,-43.418343,-0.050928,0.000024,-18.890800,0.002670,0.000851,18.890373,6352.451,1,0.000000,4,3,57.011185,1,0,0
271,4.516667,-0.005950,0.000177,-43.733971,-0.051257,0.000027,-18.937496,0.002692,0.001317,18.937069,6367.780,1,0.000000,4,3,57.147499,1,0,0
272,4.533333,-0.006812,0.000178,-44.050369,-0.051704,0.000025,-18.983896,0.002710,0.001047,18.983465,6383.006,1,0.000000,4,3,57.282875,1,0,0
273,4.550000,-0.007685,0.000178,-44.367535,-0.052347,0.000023,-19.029997,0.002726,0.000966,19.029568,6398.127,1,0.000000,4,3,57.417313,1,0,0
274,4.566667,-0.008563,0.000178,-44.685463,-0.052707,0.000019,-19.075798,0.002745,0.001141,19.075365,6413.142,1,0.000000,4,3,57.550808,1,0,0
275,4.583333,-0.009451,0.000178,-45.004154,-0.053266,0.000012,-19.121300,0.002760,0.000896,19.120867,6428.052,1,0.000000,4,3,57.683365,1,0,0
276,4.600000,-0.010344,0.000179,-45.323593,-0.053612,0.000004,-19.166500,0.002779,0.001121,19.166063,6442.858,1,0.000000,4,3,57.814976,1,0,0
277,4.616667,-0.011247,0.000178,-45.643784,-0.054139,-0.000004,-19.211403,0.002793,0.000891,19.210966,6457.558,1,0.000000,4,3,57.945641,1,0,0
278,4.633333,-0.012155,0.000178,-45.964718,-0.054508,-0.000013,-19.255997,0.002811,0.001069,19.255556,6472.152,1,0.000000,4,3,58.075363,1,0,0
279,4.650000,-0.013073,0.000178,-46.286388,-0.055054,-0.000022,-19.300291,0.002825,0.000835,19.299852,6486.643,1,0.000000,4,3,58.204136,1,0,0
280,4.666667,-0.013996,0.000177,-46.608791,-0.055387,-0.000030,-19.344278,0.002843,0.001055,19.343838,6501.025,1,0.000000,4,3,58.331966,1,0,0
281,4.683333,-0.014927,0.000177,-46.931923,-0.055888,-0.000039,-19.387962,0.002857,0.000846,19.387520,6515.303,1,0.000000,4,3,58.458851,1,0,0
282,4.700000,-0.015865,0.000176,-47.255783,-0.056249,-0.000047,-19.431341,0.002874,0.001008,19.430897,6529.476,1,0.000000,4,3,58.584793,1,0,0
283,4.716667,-0.016811,0.000175,-47.580357,-0.056778,-0.000053,-19.474417,0.002887,0.000789,19.473970,6543.542,1,0.000000,4,3,58.709789,1,0,0
284,4.733333,-0.017763,0.000174,-47.905643,-0.057097,-0.000060,-19.517185,0.002904,0.001003,19.516735,6557.503,1,0.000000,4,3,58.833843,1,0,0
285,4.750000,-0.018722,0.000173,-48.231636,-0.057541,-0.000065,-19.559649,0.002916,0.000777,19.559198,6571.359,1,0.000000,4,3,58.956959,1,0,0
286,4.766667,-0.019687,0.000172,-48.558334,-0.057908,-0.000070,-19.601807,0.002933,0.000972,19.601355,6585.111,1,0.000000,4,3,59.079132,1,0,0
287,4.783333,-0.020660,0.000171,-48.885727,-0.058369,-0.000074,-19.643660,0.002944,0.000709,19.643208,6598.756,1,0.000000,4,3,59.200371,1,0,0
288,4.800000,-0.021638,0.000169,-49.213814,-0.058709,-0.000077,-19.685205,0.002961,0.000975,19.684750,6612.298,1,0.000000,4,3,59.320675,1,0,0
289,4.816667,-0.022624,0.000168,-49.542587,-0.059144,-0.000079,-19.726450,0.002973,0.000754,19.725996,6625.735,1,0.000000,4,3,59.440041,1,0,0
290,4.833333,-0.023616,0.000167,-49.872047,-0.059517,-0.000080,-19.767385,0.002989,0.000928,19.766928,6639.068,1,0.000000,4,3,59.558479,1,0,0
291,4.850000,-0.024615,0.000165,-50.202179,-0.059982,-0.000081,-19.808020,0.003000,0.000674,19.807562,6652.296,1,0.000000,4,3,59.675987,1,0,0
292,4.866667,-0.025620,0.000164,-50.532982,-0.060301,-0.000081,-19.848347,0.003016,0.000946,19.847887,6665.422,1,0.000000,4,3,59.792572,1,0,0
293,4.883333,-0.026632,0.000163,-50.864456,-0.060713,-0.000079,-19.888374,0.003028,0.000743,19.887913,6678.443,1,0.000000,4,3,59.908230,1,0,0
294,4.900000,-0.027651,0.000161,-51.196590,-0.061088,-0.000081,-19.928095,0.003043,0.000890,19.927631,6691.361,1,0.000000,4,3,60.022972,1,0,0
295,4.916667,-0.028676,0.000160,-51.529381,-0.061555,-0.000079,-19.967514,0.003054,0.000637,19.967051,6704.177,1,0.000000,4,3,60.136795,1,0,0
296,4.933333,-0.029707,0.000159,-51.862823,-0.061855,-0.000077,-20.006632,0.003069,0.000924,20.006166,6716.891,1,0.000000,4,3,60.249702,1,0,0
297,4.950000,-0.030745,0.000157,-52.196918,-0.062246,-0.000075,-20.045448,0.003081,0.000740,20.044981,6729.501,1,0.000000,4,3,60.361702,1,0,0
298,4.966667,-0.031789,0.000156,-52.531651,-0.062627,-0.000074,-20.083963,0.003096,0.000856,20.083494,6742.011,1,0.000000,4,3,60.472797,1,0,0
299,4.983333,-0.032839,0.000155,-52.867020,-0.063043,-0.000072,-20.122181,0.003107,0.000670,20.121710,6754.420,1,0.000000,4,3,60.582985,1,0,0
300,5.000000,-0.033896,0.000154,-53.203026,-0.063384,-0.000071,-20.160101,0.003121,0.000872,20.159628,6766.727,1,0.000000,4,3,59.503788,0,1,0
301,5.016667,-0.034955,0.000155,-53.538296,-0.063559,0.000056,-20.116354,0.003114,-0.000459,20.115862,6646.188,1,0.000000,4,3,58.470291,0,1,0
302,5.033333,-0.036010,0.000157,-53.871231,-0.063324,0.000122,-19.975945,0.003065,-0.002921,19.975397,6530.753,1,0.000000,4,3,57.527683,0,1,0
303,5.050000,-0.037052,0.000155,-54.200397,-0.062487,-0.000074,-19.750040,0.002973,-0.005503,19.749393,6425.470,1,0.000000,4,3,56.671757,0,1,0
304,5.066667,-0.038067,0.000145,-54.524704,-0.060895,-0.000641,-19.458580,0.002851,-0.007345,19.457777,6329.868,1,0.000000,4,3,55.890339,0,1,0
305,5.083333,-0.039043,0.000117,-54.843910,-0.058583,-0.001638,-19.152225,0.003045,0.011670,19.151224,6242.589,1,0.000000,4,3,55.167103,0,1,0
306,5.100000,-0.040003,0.000068,-55.158779,-0.057588,-0.002993,-18.892153,0.003012,-0.001965,18.890938,6161.809,1,0.000000,4,3,54.491295,0,1,0
307,5.116667,-0.040942,-0.000004,-55.469048,-0.056326,-0.004298,-18.616076,0.002894,-0.007100,18.614626,6086.325,1,0.000000,4,3,53.864254,0,1,0
308,5.133333,-0.041851,-0.000096,-55.774559,-0.054576,-0.005494,-18.330866,0.002755,-0.008333,18.329182,6016.289,1,0.000000,4,3,53.275394,0,1,0
309,5.150000,-0.042723,-0.000204,-56.075241,-0.052296,-0.006519,-18.040869,0.002627,-0.007647,18.038948,5950.517,1,0.000000,4,3,52.713844,0,1,0
310,5.166667,-0.043552,-0.000328,-56.371952,-0.049727,-0.007407,-17.802576,0.002561,-0.003993,17.800451,5887.795,1,0.000000,4,3,52.064198,0,1,0
311,5.183333,-0.044336,-0.000459,-56.664558,-0.047071,-0.007891,-17.556524,0.002527,-0.002005,17.554228,5815.233,1,0.000000,4,3,51.408615,0,1,0
312,5.200000,-0.045096,-0.000593,-56.953106,-0.045583,-0.008027,-17.312635,0.002475,-0.003129,17.310204,5742.009,1,0.000000,4,3,50.742435,0,1,0
313,5.216667,-0.045826,-0.000724,-57.237614,-0.043778,-0.007846,-17.070578,0.002430,-0.002665,17.068045,5667.601,1,0.000000,4,3,50.069149,0,1,0
314,5.233333,-0.046534,-0.000847,-57.518116,-0.042513,-0.007386,-16.830044,0.002380,-0.002971,16.827446,5592.400,1,0.000000,4,3,49.391380,0,1,0
315,5.250000,-0.047214,-0.000958,-57.794632,-0.040818,-0.006698,-16.590824,0.002340,-0.002419,16.588184,5516.697,1,0.000000,4,3,48.711018,0,1,0
316,5.266667,-0.047881,-0.001056,-58.067177,-0.039987,-0.005840,-16.352793,0.002288,-0.003106,16.350136,5440.706,1,0.000000,4,3,48.029404,0,1,0
317,5.283333,-0.048526,-0.001137,-58.335773,-0.038686,-0.004867,-16.115837,0.002243,-0.002687,16.113184,5364.573,1,0.000000,4,3,47.347527,0,1,0
318,5.300000,-0.049144,-0.001201,-58.600437,-0.037109,-0.003830,-15.879889,0.002194,-0.002943,15.877254,5288.413,1,0.000000,4,3,46.666073,0,1,0
319,5.316667,-0.049743,-0.001247,-58.861187,-0.035958,-0.002781,-15.644871,0.002145,-0.002920,15.642274,5212.298,1,0.000000,4,3,45.985546,0,1,0
320,5.333333,-0.050320,-0.001276,-59.118034,-0.034592,-0.001757,-15.410744,0.002094,-0.003036,15.408188,5136.288,1,0.000000,4,3,45.306278,0,1,0
321,5.350000,-0.050874,-0.001290,-59.370991,-0.033257,-0.000790,-15.177467,0.002045,-0.002951,15.174964,5060.417,1,0.000000,4,3,44.628510,0,1,0
322,5.366667,-0.051407,-0.001288,-59.620075,-0.031973,0.000087,-14.945018,0.001995,-0.003013,14.942567,4984.716,1,0.000000,4,3,43.952404,0,1,0
323,5.383333,-0.051919,-0.001274,-59.865295,-0.030699,0.000861,-14.713358,0.001946,-0.002936,14.710964,4909.199,1,0.000000,4,3,43.278076,0,1,0
324,5.400000,-0.052410,-0.001249,-60.106670,-0.029473,0.001514,-14.482476,0.001896,-0.002968,14.480141,4833.881,1,0.000000,4,3,42.605595,0,1,0
325,5.416667,-0.052881,-0.001214,-60.344208,-0.028263,0.002042,-14.252339,0.001848,-0.002891,14.250065,4758.769,1,0.000000,4,3,41.935009,0,1,0
326,5.433333,-0.053333,-0.001174,-60.577923,-0.027100,0.002439,-14.022938,0.001800,-0.002909,14.020721,4683.869,1,0.000000,4,3,41.266331,0,1,0
327,5.450000,-0.053765,-0.001129,-60.807827,-0.025957,0.002716,-13.794250,0.001753,-0.002827,13.792089,4609.182,1,0.000000,4,3,40.599571,0,1,0
328,5.466667,-0.054180,-0.001081,-61.033932,-0.024863,0.002875,-13.566269,0.001705,-0.002840,13.564163,4534.709,1,0.000000,4,3,39.934723,0,1,0
329,5.483333,-0.054576,-0.001032,-61.256248,-0.023787,0.002930,-13.338983,0.001660,-0.002750,13.336931,4460.450,1,0.000000,4,3,39.271774,0,1,0
330,5.500000,-0.054955,-0.000984,-61.474789,-0.022762,0.002892,-13.112382,0.001614,-0.002767,13.110382,4386.403,1,0.000000,4,3,38.610710,0,1,0
331,5.516667,-0.055318,-0.000937,-61.689564,-0.021752,0.002777,-12.886463,0.001569,-0.002661,12.884513,4312.566,1,0.000000,4,3,37.951508,0,1,0
332,5.533333,-0.055665,-0.000894,-61.900585,-0.020797,0.002598,-12.661223,0.001525,-0.002692,12.659323,4238.938,1,0.000000,4,3,37.294151,0,1,0
333,5.550000,-0.055995,-0.000855,-62.107861,-0.019850,0.002370,-12.436651,0.001482,-0.002558,12.434797,4165.515,1,0.000000,4,3,36.638626,0,1,0
334,5.566667,-0.056312,-0.000819,-62.311405,-0.018965,0.002108,-12.212752,0.001439,-0.002624,12.210943,4092.297,1,0.000000,4,3,35.984905,0,1,0
335,5.583333,-0.056613,-0.000789,-62.511230,-0.018074,0.001825,-11.989518,0.001398,-0.002432,11.987754,4019.281,1,0.000000,4,3,35.332981,0,1,0
336,5.600000,-0.056901,-0.000763,-62.707348,-0.017264,0.001532,-11.766953,0.001355,-0.002577,11.765230,3946.465,1,0.000000,4,3,34.682831,0,1,0
337,5.616667,-0.057174,-0.000743,-62.899765,-0.016417,0.001241,-11.545046,0.001318,-0.002264,11.543363,3873.848,1,0.000000,4,3,34.034454,0,1,0
338,5.633333,-0.057436,-0.000727,-63.088497,-0.015694,0.000961,-11.323815,0.001274,-0.002591,11.322171,3801.428,1,0.000000,4,3,33.387821,0,1,0
339,5.650000,-0.057683,-0.000715,-63.273548,-0.014844,0.000699,-11.103230,0.001246,-0.001722,11.101626,3729.203,1,0.000000,4,3,32.742950,0,1,0
340,5.666667,-0.057922,-0.000707,-63.454937,-0.014345,0.000460,-10.883331,0.001193,-0.003157,10.881765,3657.176,1,0.000000,4,3,32.099800,0,1,0
341,5.683333,-0.058150,-0.000703,-63.632671,-0.013675,0.000247,-10.664058,0.001153,-0.002417,10.662527,3585.340,1,0.000000,4,3,31.458401,0,1,0
342,5.700000,-0.058366,-0.000702,-63.806759,-0.012956,0.000064,-10.445502,0.001117,-0.002197,10.444008,3513.700,1,0.000000,4,3,30.818689,0,1,0
343,5.716667,-0.058565,-0.000704,-63.977219,-0.011930,-0.000089,-10.227544,0.001082,-0.002073,10.226085,3442.248,1,0.000000,4,3,30.180754,0,1,0
344,5.733333,-0.058758,-0.000707,-64.144058,-0.011607,-0.000211,-10.010292,0.001046,-0.002133,10.008867,3370.995,1,0.000000,4,3,29.544483,0,1,0
345,5.750000,-0.058937,-0.000712,-64.307289,-0.010726,-0.000303,-9.793661,0.001017,-0.001793,9.792271,3299.927,1,0.000000,4,3,28.909960,0,1,0
346,5.766667,-0.059111,-0.000718,-64.466911,-0.010444,-0.000368,-9.577722,0.000977,-0.002402,9.576365,3229.055,1,0.000000,4,3,28.277113,0,1,0
347,5.783333,-0.059279,-0.000725,-64.622955,-0.010046,-0.000408,-9.362399,0.000950,-0.001615,9.361075,3158.370,1,0.000000,4,3,27.646002,0,1,0
348,5.800000,-0.059432,-0.000732,-64.775421,-0.009175,-0.000425,-9.147779,0.000907,-0.002541,9.146490,3087.879,1,0.000000,4,3,27.016556,0,1,0
349,5.816667,-0.059569,-0.000739,-64.924316,-0.008228,-0.000423,-8.933742,0.000879,-0.001676,8.932485,3017.574,1,0.000000,4,3,26.388859,0,1,0
350,5.833333,-0.059705,-0.000746,-65.069656,-0.008181,-0.000404,-8.720452,0.000836,-0.002635,8.719227,2947.465,1,0.000000,4,3,25.762779,0,1,0
351,5.850000,-0.059836,-0.000752,-65.211449,-0.007868,-0.000371,-8.507672,0.000804,-0.001894,8.506479,2877.536,1,0.000000,4,3,25.138504,0,1,0
352,5.866667,-0.059960,-0.000758,-65.349716,-0.007427,-0.000329,-8.295725,0.000771,-0.001974,8.294565,2807.808,1,0.000000,4,3,24.515755,0,1,0
353,5.883333,-0.060077,-0.000762,-65.484451,-0.007013,-0.000280,-8.084181,0.000748,-0.001404,8.083052,2738.251,1,0.000000,4,3,23.894911,0,1,0
354,5.900000,-0.060181,-0.000766,-65.615669,-0.006236,-0.000225,-7.873569,0.000710,-0.002283,7.872471,2668.907,1,0.000000,4,3,23.275465,0,1,0
355,5.916667,-0.060271,-0.000769,-65.743393,-0.005416,-0.000167,-7.663225,0.000687,-0.001349,7.662158,2599.719,1,0.000000,4,3,22.658049,0,1,0
356,5.933333,-0.060365,-0.000771,-65.867630,-0.005654,-0.000113,-7.454032,0.000642,-0.002742,7.452997,2530.757,1,0.000000,4,3,22.041822,0,1,0
357,5.950000,-0.060459,-0.000772,-65.988380,-0.005622,-0.000057,-7.244727,0.000613,-0.001715,7.243721,2461.929,0,0.000000,4,2,11.727184,0,1,0
358,5.966667,-0.060541,-0.000762,-66.099174,-0.004925,0.000590,-6.647778,0.000462,-0.009065,6.646780,2461.929,0,0.000000,4,2,11.802356,0,1,0
359,5.983333,-0.060608,-0.000757,-66.199226,-0.003990,0.000310,-6.003024,0.000231,-0.013872,6.002017,2469.284,0,0.000000,4,2,11.920203,0,1,0
360,6.000000,-0.060653,-0.000770,-66.288879,-0.002718,-0.000815,-5.379137,-0.000009,-0.014413,5.378120,2480.063,0,0.000000,4,2,12.059815,0,1,0
361,6.016667,-0.060674,-0.000812,-66.369041,-0.001242,-0.002474,-4.809815,-0.000200,-0.011439,4.808807,2495.216,0,0.000000,4,2,12.204103,0,1,0
362,6.033333,-0.060669,-0.000883,-66.440941,0.000255,-0.004302,-4.313929,-0.000307,-0.006375,4.312954,2514.697,0,0.000000,4,2,12.339185,0,1,0
363,6.050000,-0.060643,-0.000984,-66.506508,0.001585,-0.006019,-3.933949,-0.000308,-0.000101,3.933026,2537.703,0,0.000000,4,0,-14.429790,0,1,0
364,6.066667,-0.060535,-0.001100,-66.564766,0.006467,-0.006992,-3.495861,-0.000211,0.005876,3.495021,2315.793,0,0.000000,4,0,-13.736010,0,1,0
365,6.083333,-0.060371,-0.001228,-66.616898,0.009866,-0.007642,-3.127685,-0.000035,0.010573,3.126930,2244.396,0,0.000000,4,0,-13.041816,0,1,0
366,6.100000,-0.060178,-0.001358,-66.663948,0.011573,-0.007811,-2.823317,0.000190,0.013561,2.822644,2159.526,0,0.000000,4,0,-12.350311,0,1,0
367,6.116667,-0.059985,-0.001481,-66.706802,0.011592,-0.007424,-2.570830,0.000435,0.014747,2.570229,2061.441,0,0.000000,4,0,-11.663989,0,1,0
368,6.133333,-0.059816,-0.001590,-66.746040,0.010118,-0.006490,-2.354717,0.000674,0.014323,2.354177,1950.463,0,0.000000,4,0,-10.984488,0,1,0
369,6.150000,-0.059691,-0.001674,-66.782013,0.007490,-0.005071,-2.158295,0.000885,0.012659,2.157808,1826.915,0,0.000000,4,0,-10.312683,0,1,0
370,6.166667,-0.059622,-0.001729,-66.814766,0.004135,-0.003300,-1.965555,0.001055,0.010198,1.965116,1691.098,0,0.000000,4,0,-9.648490,0,1,0
371,6.183333,-0.059614,-0.001751,-66.844147,0.000503,-0.001340,-1.762895,0.001179,0.007382,1.762500,1543.225,0,0.000000,4,0,-8.991150,0,1,0
372,6.200000,-0.059664,-0.001741,-66.869820,-0.002983,0.000637,-1.540150,0.001256,0.004593,1.539798,1383.414,0,0.000000,4,0,-8.339368,0,1,0
373,6.216667,-0.059763,-0.001700,-66.891335,-0.005973,0.002469,-1.291115,0.001292,0.002126,1.290805,1211.676,0,0.000000,4,0,-7.691527,0,1,0
374,6.233333,-0.059900,-0.001633,-66.908226,-0.008208,0.004015,-1.013542,0.001296,0.000169,1.013276,1117.547,0,0.000000,4,0,-7.399222,0,1,0
375,6.250000,-0.060059,-0.001546,-66.920036,-0.009569,0.005180,-0.708696,0.001277,-0.001163,0.708477,1075.077,0,0.000000,4,0,-7.106100,0,1,0
376,6.266667,-0.060226,-0.001448,-66.926376,-0.010006,0.005912,-0.380621,0.001246,-0.001887,0.380453,1032.487,0,0.000000,4,0,-6.810715,0,1,0
377,6.283333,-0.060385,-0.001345,-66.926964,-0.009552,0.006195,-0.035221,0.001212,-0.002103,0.035110,989.569,0,0.000000,4,0,-6.511956,0,1,0
378,6.300000,-0.060524,-0.001244,-66.921654,-0.008306,0.006059,0.318969,0.001180,-0.001945,-0.319017,946.161,0,0.000000,4,0,-6.209121,0,1,0
379,6.316667,-0.060631,-0.001151,-66.910400,-0.006405,0.005573,0.674977,0.001153,-0.001603,-0.674953,902.160,0,0.000000,4,0,-5.901920,0,1,0
380,6.333333,-0.060700,-0.001070,-66.892799,-0.004146,0.004866,1.056038,0.001474,0.019230,-1.055927,857.525,0,0.000000,4,0,-5.553329,0,1,0
381,6.350000,-0.060606,-0.001005,-66.869057,0.005617,0.003902,1.424556,0.001170,-0.018185,-1.424363,806.876,0,0.000000,4,0,-5.201060,0,1,0
382,6.366667,-0.060491,-0.000957,-66.838921,0.006879,0.002856,1.808252,0.000947,-0.013351,-1.807953,755.693,0,0.000000,4,0,-4.806472,0,1,0
383,6.383333,-0.060368,-0.000929,-66.803238,0.007424,0.001675,2.141552,0.000789,-0.009460,-2.141148,754.568,0,0.000000,4,0,0.010194,0,1,0
384,6.400000,-0.060249,-0.000925,-66.766205,0.007143,0.000252,2.221669,0.000807,0.001140,-2.221225,811.145,0,0.000000,4,0,2.701524,0,1,0
385,6.416667,-0.060146,-0.000935,-66.730774,0.006133,-0.000630,2.125864,0.001006,0.011959,-2.125451,868.084,0,0.000000,4,0,3.564345,0,1,0
386,6.433333,-0.060070,-0.000946,-66.698952,0.004562,-0.000619,1.909188,0.001298,0.017527,-1.908862,925.377,0,0.000000,4,0,3.038090,0,1,0
387,6.450000,-0.060024,-0.000939,-66.671265,0.002755,0.000396,1.661253,0.001597,0.017943,-1.661034,983.017,0,0.000000,4,0,1.654590,0,1,0
388,6.466667,-0.060007,-0.000902,-66.647125,0.001060,0.002212,1.448249,0.001833,0.014175,-1.448125,1040.996,0,0.000000,4,0,-0.107187,0,1,0
389,6.483333,-0.060010,-0.000828,-66.625282,-0.000212,0.004438,1.310713,0.001971,0.008258,-1.310659,1099.306,0,0.000000,4,0,-1.837518,0,1,0
390,6.500000,-0.060025,-0.000718,-66.604263,-0.000879,0.006638,1.261043,0.001991,0.001198,-1.261033,1157.938,0,0.000000,4,0,-3.362506,0,1,0
391,6.516667,-0.060040,-0.000577,-66.582733,-0.000897,0.008429,1.291983,0.001896,-0.005667,-1.291998,1216.884,0,0.000000,4,0,-4.570729,0,1,0
392,6.533333,-0.060046,-0.000418,-66.559692,-0.000360,0.009559,1.382243,0.001713,-0.010988,-1.382270,1276.135,0,0.000000,4,0,-5.441696,0,1,0
393,6.550000,-0.060037,-0.000253,-66.534615,0.000542,0.009910,1.504360,0.001481,-0.013907,-1.504388,1335.682,0,0.000000,4,0,-6.011228,0,1,0
394,6.566667,-0.060010,-0.000094,-66.507431,0.001585,0.009512,1.631424,0.001242,-0.014348,-1.631447,1395.516,0,0.000000,4,0,-6.339992,0,1,0
395,6.583333,-0.059968,0.000047,-66.478401,0.002567,0.008491,1.741774,0.001028,-0.012830,-1.741783,1455.627,0,0.000000,4,0,-6.490364,0,1,0
396,6.600000,-0.059912,0.000165,-66.448044,0.003339,0.007051,1.821392,0.000859,-0.010174,-1.821385,1516.006,0,0.000000,4,0,-6.513216,0,1,0
397,6.616667,-0.059848,0.000255,-66.416977,0.003818,0.005400,1.864268,0.000738,-0.007223,-1.864242,1516.006,0,0.000000,4,0,-10.294903,0,1,0
398,6.633333,-0.059780,0.000321,-66.383255,0.004098,0.003969,2.023142,0.000584,-0.009271,-2.023090,1495.807,0,0.000000,4,0,-10.446178,0,1,0
399,6.650000,-0.059711,0.000360,-66.346863,0.004153,0.002344,2.183812,0.000398,-0.011136,-2.183726,1517.787,0,0.000000,4,0,-10.526292,0,1,0
400,6.666667,-0.059645,0.000371,-66.307838,0.003976,0.000651,2.340966,0.000191,-0.012424,-2.340841,1529.427,0,0.000000,4,0,-10.544785,0,1,0
401,6.683333,-0.059585,0.000354,-66.266289,0.003567,-0.000991,2.492846,-0.000026,-0.013010,-2.492677,1532.114,0,0.000000,4,0,-10.511371,0,1,0
402,6.700000,-0.059536,0.000313,-66.222290,0.002936,-0.002480,2.640221,-0.000241,-0.012954,-2.640007,1527.259,0,0.000000,4,0,-10.435984,0,1,0
403,6.716667,-0.059501,0.000251,-66.175873,0.002107,-0.003750,2.785236,-0.000448,-0.012399,-2.784976,1516.306,0,0.000000,4,0,-10.328878,0,1,0
404,6.733333,-0.059483,0.000171,-66.127029,0.001113,-0.004752,2.930331,-0.000640,-0.011502,-2.930027,1500.744,0,0.000000,4,0,-10.200680,0,1,0
405,6.750000,-0.059483,0.000080,-66.075745,-0.000001,-0.005476,3.077384,-0.000812,-0.010384,-3.077040,1482.117,0,0.000000,4,0,-10.062342,0,1,0
406,6.766667,-0.059502,-0.000019,-66.021957,-0.001185,-0.005929,3.227156,-0.000964,-0.009114,-3.226775,1462.017,0,0.000000,4,0,-9.924988,0,1,0
407,6.783333,-0.059542,-0.000121,-65.965729,-0.002380,-0.006141,3.373529,-0.001048,-0.005042,-3.373117,1442.060,0,0.000000,4,0,-9.833601,0,1,0
408,6.800000,-0.059601,-0.000223,-65.907021,-0.003563,-0.006116,3.522138,-0.001115,-0.004034,-3.521699,1428.782,0,0.000000,4,0,-9.752601,0,1,0
409,6.816667,-0.059678,-0.000321,-65.845901,-0.004616,-0.005903,3.667031,-0.001168,-0.003181,-3.666570,1417.013,0,0.000000,4,0,-9.701381,0,1,0
410,6.833333,-0.059749,-0.000414,-65.782486,-0.004240,-0.005529,3.805115,-0.001228,-0.003610,-3.804636,1409.571,0,0.000000,4,0,-9.687702,0,1,0
411,6.850000,-0.059819,-0.000497,-65.716934,-0.004178,-0.005021,3.933292,-0.001277,-0.002917,-3.932803,1407.583,0,0.000000,4,0,-9.717752,0,1,0
412,6.866667,-0.059901,-0.000571,-65.649452,-0.004973,-0.004401,4.048838,-0.001318,-0.002506,-4.048347,1411.950,0,0.000000,4,0,-9.795889,0,1,0
413,6.883333,-0.059980,-0.000632,-65.580292,-0.004713,-0.003686,4.149664,-0.001371,-0.003137,-4.149177,1423.303,0,0.000000,4,0,-9.924506,0,1,0
414,6.900000,-0.060055,-0.000680,-65.509720,-0.004527,-0.002893,4.234513,-0.001396,-0.001516,-4.234037,1441.990,0,0.000000,4,0,-10.103980,0,1,0
415,6.916667,-0.060185,-0.000714,-65.438004,-0.007801,-0.002040,4.303064,-0.001488,-0.005540,-4.302614,1468.067,0,0.000000,4,0,-10.332717,0,1,0
416,6.933333,-0.060361,-0.000733,-65.365402,-0.010525,-0.001143,4.355895,-0.001582,-0.005617,-4.355474,1501.302,0,0.000000,4,0,-10.607337,0,1,0
417,6.950000,-0.060551,-0.000737,-65.292160,-0.011402,-0.000225,4.394448,-0.001656,-0.004426,-4.394061,1541.203,0,0.000000,4,0,-10.922859,0,1,0
418,6.966667,-0.060700,-0.000726,-65.218483,-0.008940,0.000688,4.420841,-0.001730,-0.004475,-4.420483,1587.047,0,0.000000,4,0,-11.273023,0,1,0
419,6.983333,-0.060813,-0.000700,-65.144524,-0.006777,0.001559,4.437659,-0.001768,-0.002256,-4.437332,1637.924,0,0.000000,4,0,-11.650626,0,1,0
420,7.000000,-0.060897,-0.000660,-65.070396,-0.005052,0.002367,4.447799,-0.001751,0.001012,-4.447502,1692.788,0,0.000000,4,0,-12.047860,0,1,0
421,7.016667,-0.060961,-0.000609,-64.996162,-0.003859,0.003080,4.454247,-0.001678,0.004393,-4.453979,1750.505,0,0.000000,4,0,-12.456674,0,1,0
422,7.033333,-0.061015,-0.000547,-64.921829,-0.003191,0.003676,4.459901,-0.001558,0.007216,-4.459660,1809.904,0,0.000000,4,0,-12.869105,0,1,0
423,7.050000,-0.061064,-0.000479,-64.847374,-0.002971,0.004135,4.467438,-0.001406,0.009131,-4.467221,1869.828,0,0.000000,4,0,-13.277589,0,1,0
424,7.066667,-0.061115,-0.000405,-64.772888,-0.003062,0.004427,4.469078,-0.001115,0.017505,-4.468880,1929.179,0,0.000000,4,0,-13.675209,0,1,0
425,7.083333,-0.061172,-0.000328,-64.698196,-0.003390,0.004592,4.481351,-0.000786,0.019742,-4.481169,1986.952,0,0.000000,4,0,-14.054368,0,1,0
426,7.100000,-0.061233,-0.000252,-64.623108,-0.003659,0.004604,4.505383,-0.000493,0.017550,-4.505210,2042.042,0,0.000000,4,0,-14.410229,0,1,0
427,7.116667,-0.061294,-0.000177,-64.547417,-0.003673,0.004457,4.541649,-0.000280,0.012823,-4.541479,2093.747,0,0.000000,4,0,-14.739295,0,1,0
428,7.133333,-0.061350,-0.000108,-64.470917,-0.003353,0.004152,4.589859,-0.000158,0.007286,-4.589685,2141.559,0,0.000000,4,0,-15.039399,0,1,0
429,7.150000,-0.061395,-0.000046,-64.393433,-0.002729,0.003699,4.649196,-0.000122,0.002211,-4.649015,2185.163,0,0.000000,4,0,-15.309614,0,1,0
430,7.166667,-0.061396,0.000006,-64.314789,-0.000030,0.003122,4.718531,-0.000109,0.000773,-4.718337,2224.424,0,0.000000,4,0,-15.550138,0,1,0
431,7.183333,-0.061402,0.000046,-64.234848,-0.000355,0.002442,4.796608,-0.000068,0.002434,-4.796398,2259.371,0,0.000000,4,0,-15.762152,0,1,0
432,7.200000,-0.061411,0.000075,-64.153481,-0.000577,0.001695,4.882153,-0.000013,0.003296,-4.881920,2290.176,0,0.000000,4,0,-15.947699,0,1,0
433,7.216667,-0.061423,0.000090,-64.070580,-0.000691,0.000914,4.973923,0.000047,0.003631,-4.973665,2317.135,0,0.000000,4,0,-16.109550,0,1,0
434,7.233333,-0.061434,0.000092,-63.986065,-0.000666,0.000137,5.070757,0.000108,0.003663,-5.070471,2340.652,0,0.000000,4,0,-16.251062,0,1,0
435,7.250000,-0.061442,0.000082,-63.899872,-0.000487,-0.000607,5.171568,0.000168,0.003574,-5.171251,2361.213,0,0.000000,4,0,-16.376036,0,1,0
436,7.266667,-0.061445,0.000060,-63.811951,-0.000161,-0.001287,5.275325,0.000226,0.003474,-5.274977,2379.371,0,0.000000,4,0,-16.488581,0,1,0
437,7.283333,-0.061440,0.000029,-63.722263,0.000292,-0.001881,5.381024,0.000283,0.003397,-5.380644,2395.723,0,0.000000,4,0,-16.592979,0,1,0
438,7.300000,-0.061426,-0.000010,-63.630806,0.000844,-0.002373,5.487668,0.000338,0.003322,-5.487256,2410.892,0,0.000000,4,0,-16.693544,0,1,0
439,7.316667,-0.061401,-0.000057,-63.537945,0.001454,-0.002786,5.571656,0.000586,0.014876,-5.571219,2425.504,0,0.000000,4,0,-16.843140,0,1,0
440,7.333333,-0.061367,-0.000107,-63.443634,0.002092,-0.003017,5.658581,0.000905,0.019134,-5.658122,2447.240,0,0.000000,4,0,-17.024181,0,1,0
441,7.350000,-0.061317,-0.000159,-63.348339,0.002976,-0.003140,5.717585,0.001194,0.017356,-5.717113,2473.544,0,0.000000,4,0,-17.237034,0,1,0
442,7.366667,-0.061246,-0.000210,-63.252068,0.004239,-0.003060,5.776460,0.001450,0.015368,-5.775983,2504.470,0,0.000000,4,0,-17.471275,0,1,0
443,7.383333,-0.061149,-0.000258,-63.154892,0.005836,-0.002831,5.830543,0.001346,-0.006267,-5.830070,2538.505,0,0.000000,4,0,-17.713083,0,1,0
444,7.400000,-0.061020,-0.000298,-63.056499,0.007719,-0.002444,5.903654,0.001060,-0.017126,-5.903186,2573.639,0,0.000000,4,0,-17.942728,0,1,0
445,7.416667,-0.060866,-0.000332,-62.956894,0.009278,-0.002022,5.976249,0.000689,-0.022254,-5.975785,2607.005,0,0.000000,4,0,-18.171978,0,1,0
446,7.433333,-0.060697,-0.000358,-62.856052,0.010112,-0.001583,6.050513,0.000304,-0.023119,-6.050051,2640.314,0,0.000000,4,0,-18.398596,0,1,0
447,7.450000,-0.060531,-0.000378,-62.753941,0.009982,-0.001152,6.126696,-0.000059,-0.021768,-6.126235,2673.241,0,0.000000,4,0,-18.621326,0,1,0
448,7.466667,-0.060384,-0.000390,-62.650547,0.008822,-0.000750,6.203659,-0.000373,-0.018824,-6.203198,2705.603,0,0.000000,4,0,-18.840742,0,1,0
449,7.483333,-0.060272,-0.000397,-62.545868,0.006712,-0.000390,6.280883,-0.000624,-0.015076,-6.280423,2737.483,0,0.000000,4,0,-19.056950,0,1,0
450,7.500000,-0.060208,-0.000398,-62.440033,0.003858,-0.000088,6.350157,-0.000897,-0.016378,-6.349699,2768.897,0,0.000000,4,0,-19.280092,0,1,0
451,7.516667,-0.060199,-0.000395,-62.333004,0.000525,0.000187,6.421798,-0.001174,-0.016665,-6.421342,2801.319,0,0.000000,4,0,-19.498255,0,1,0
452,7.533333,-0.060251,-0.000388,-62.224800,-0.003102,0.000419,6.492000,-0.001439,-0.015918,-6.491547,2833.017,0,0.000000,4,0,-19.716335,0,1,0
453,7.550000,-0.060365,-0.000377,-62.115128,-0.006859,0.000637,6.580433,-0.001810,-0.022304,-6.579983,2864.703,0,0.000000,4,0,-19.932650,0,1,0
454,7.566667,-0.060540,-0.000365,-62.004299,-0.010528,0.000737,6.649727,-0.002083,-0.016410,-6.649281,2896.133,0,0.000000,4,0,-20.169264,0,1,0
455,7.583333,-0.060776,-0.000351,-61.892162,-0.014152,0.000826,6.728113,-0.002233,-0.008989,-6.727670,2930.512,0,0.000000,4,0,-20.394640,0,1,0
456,7.600000,-0.061067,-0.000337,-61.778881,-0.017453,0.000851,6.796888,-0.002347,-0.006852,-6.796450,2963.258,0,0.000000,4,0,-20.621662,0,1,0
457,7.616667,-0.061360,-0.000323,-61.664307,-0.017592,0.000873,6.874444,-0.002345,0.000053,-6.874002,2996.243,0,0.000000,4,0,-20.835339,0,1,0
458,7.633333,-0.061717,-0.000309,-61.548809,-0.021379,0.000818,6.929729,-0.002343,0.000147,-6.929293,3027.290,0,0.000000,4,0,-21.067417,0,1,0
459,7.650000,-0.062117,-0.000295,-61.431904,-0.024046,0.000835,7.014298,-0.002159,0.011014,-7.013861,3061.010,0,0.000000,4,0,-21.277319,0,1,0
460,7.666667,-0.062543,-0.000282,-61.313919,-0.025536,0.000763,7.078979,-0.001893,0.015943,-7.078539,3091.508,0,0.000000,4,0,-21.502600,0,1,0
461,7.683333,-0.062971,-0.000270,-61.194633,-0.025674,0.000717,7.157100,-0.001640,0.015189,-7.156651,3124.240,0,0.000000,4,0,-21.706095,0,1,0
462,7.700000,-0.063377,-0.000260,-61.074417,-0.024369,0.000607,7.212901,-0.001373,0.016019,-7.212443,3153.807,0,0.000000,4,0,-21.932484,0,1,0
463,7.716667,-0.063742,-0.000251,-60.952724,-0.021887,0.000580,7.301620,-0.001358,0.000897,-7.301152,3186.700,0,0.000000,4,0,-22.135471,0,1,0
464,7.733333,-0.064050,-0.000243,-60.830025,-0.018465,0.000453,7.362096,-0.001314,0.002641,-7.361619,3216.194,0,0.000000,4,0,-22.364588,0,1,0
465,7.750000,-0.064297,-0.000237,-60.706055,-0.014811,0.000378,7.438177,-0.001248,0.004022,-7.437688,3249.483,0,0.000000,4,0,-22.570917,0,1,0
466,7.766667,-0.064509,-0.000232,-60.580997,-0.012777,0.000270,7.503545,-0.001208,0.002438,-7.503047,3279.462,0,0.000000,4,0,-22.792418,0,1,0
467,7.783333,-0.064688,-0.000229,-60.454590,-0.010691,0.000206,7.584511,-0.001047,0.009642,-7.584004,3311.645,0,0.000000,4,0,-22.998970,0,1,0
468,7.800000,-0.064832,-0.000227,-60.327133,-0.008663,0.000092,7.647487,-0.001039,0.000525,-7.646973,3341.656,0,0.000000,4,0,-23.225452,0,1,0
469,7.816667,-0.064963,-0.000227,-60.198429,-0.007846,0.000028,7.722228,-0.001072,-0.001919,-7.721707,3374.563,0,0.000000,4,0,-23.438745,0,1,0
470,7.833333,-0.065080,-0.000228,-60.068573,-0.007057,-0.000044,7.791478,-0.001051,0.001250,-7.790950,3405.554,0,0.000000,4,0,-23.657377,0,1,0
471,7.850000,-0.065202,-0.000229,-59.937473,-0.007267,-0.000092,7.866012,-0.001137,-0.005092,-7.865478,3437.320,0,0.000000,4,0,-23.873001,0,1,0
472,7.866667,-0.065327,-0.000231,-59.805164,-0.007499,-0.000140,7.938428,-0.001138,-0.000052,-7.937889,3468.649,0,0.000000,4,0,-24.091730,0,1,0
473,7.883333,-0.065458,-0.000235,-59.671745,-0.007876,-0.000187,8.005194,-0.001152,-0.000853,-8.004650,3500.430,0,0.000000,4,0,-24.310476,0,1,0
474,7.900000,-0.065596,-0.000238,-59.537029,-0.008297,-0.000193,8.082923,-0.001204,-0.003103,-8.082374,3532.213,0,0.000000,4,0,-24.523783,0,1,0
475,7.916667,-0.065742,-0.000242,-59.401253,-0.008738,-0.000228,8.146557,-0.001256,-0.003135,-8.146004,3563.205,0,0.000000,4,0,-24.743814,0,1,0
476,7.933333,-0.065896,-0.000245,-59.264118,-0.009268,-0.000202,8.228086,-0.001259,-0.000175,-8.227528,3595.175,0,0.000000,4,0,-24.955114,0,1,0
477,7.950000,-0.066060,-0.000249,-59.125923,-0.009804,-0.000226,8.291668,-0.001247,0.000744,-8.291104,3625.876,0,0.000000,4,0,-25.177166,0,1,0
478,7.966667,-0.066231,-0.000252,-58.986477,-0.010284,-0.000200,8.367062,-0.001318,-0.004269,-8.366494,3658.139,0,0.000000,4,0,-25.389862,0,1,0
479,7.983333,-0.066409,-0.000255,-58.845932,-0.010686,-0.000196,8.432580,-0.001368,-0.003024,-8.432009,3689.043,0,0.000000,4,0,-25.606998,0,1,0
480,8.000000,-0.066595,-0.000258,-58.704094,-0.011135,-0.000154,8.510450,-0.001366,0.000132,-8.509874,3720.592,0,0.000000,4,0,-25.818209,0,1,0
481,8.016666,-0.066787,-0.000260,-58.561199,-0.011546,-0.000150,8.573498,-0.001345,0.001243,-8.572917,3751.280,0,0.000000,4,0,-26.036446,0,1,0
482,8.033334,-0.066985,-0.000262,-58.416973,-0.011873,-0.000097,8.653774,-0.001412,-0.004073,-8.653189,3782.989,0,0.000000,4,0,-26.246241,0,1,0
483,8.050000,-0.067187,-0.000264,-58.271687,-0.012097,-0.000096,8.716906,-0.001489,-0.004633,-8.716317,3813.472,0,0.000000,4,0,-26.465439,0,1,0
484,8.066667,-0.067393,-0.000264,-58.125114,-0.012400,-0.000051,8.794462,-0.001433,0.003356,-8.793870,3845.320,0,0.000000,4,0,-26.676073,0,1,0
485,8.083333,-0.067605,-0.000265,-57.977448,-0.012693,-0.000046,8.859866,-0.001373,0.003581,-8.859271,3875.925,0,0.000000,4,0,-26.893326,0,1,0
486,8.100000,-0.067819,-0.000265,-57.828564,-0.012821,-0.000014,8.933131,-0.001394,-0.001251,-8.932531,3907.490,0,0.000000,4,0,-27.104601,0,1,0
487,8.116667,-0.068025,-0.000266,-57.678604,-0.012374,-0.000004,8.997675,-0.001406,-0.000704,-8.997070,3938.188,0,0.000000,4,0,-27.318426,0,1,0
488,8.133333,-0.068225,-0.000265,-57.527351,-0.012004,0.000036,9.075227,-0.001414,-0.000499,-9.074616,3969.255,0,0.000000,4,0,-27.526630,0,1,0
489,8.150000,-0.068429,-0.000264,-57.375061,-0.012251,0.000029,9.137427,-0.001425,-0.000674,-9.136815,3999.507,0,0.000000,4,0,-27.741825,0,1,0
490,8.166667,-0.068637,-0.000263,-57.221451,-0.012491,0.000067,9.216541,-0.001441,-0.000939,-9.215923,4030.774,0,0.000000,4,0,-27.949066,0,1,0
491,8.183333,-0.068849,-0.000262,-57.066803,-0.012719,0.000051,9.278845,-0.001451,-0.000610,-9.278223,4060.885,0,0.000000,4,0,-28.164717,0,1,0
492,8.200000,-0.069065,-0.000261,-56.910908,-0.012975,0.000075,9.353803,-0.001465,-0.000869,-9.353176,4092.218,0,0.000000,4,0,-28.372425,0,1,0
493,8.216666,-0.069286,-0.000260,-56.753986,-0.013214,0.000060,9.415236,-0.001474,-0.000518,-9.414608,4122.397,0,0.000000,4,0,-28.584827,0,1,0
494,8.233334,-0.069509,-0.000259,-56.595699,-0.013400,0.000098,9.497337,-0.001487,-0.000793,-9.496703,4153.259,0,0.000000,4,0,-28.789562,0,1,0
495,8.250000,-0.069735,-0.000257,-56.436367,-0.013579,0.000066,9.559814,-0.001493,-0.000343,-9.559176,4183.006,0,0.000000,4,0,-29.005472,0,1,0
496,8.266666,-0.069966,-0.000256,-56.275951,-0.013814,0.000061,9.625099,-0.001504,-0.000678,-9.624459,4214.376,0,0.000000,4,0,-29.213608,0,1,0
497,8.283334,-0.070200,-0.000255,-56.114250,-0.014076,0.000081,9.702169,-0.001532,-0.001639,-9.701525,4244.618,0,0.000000,4,0,-29.418388,0,1,0
498,8.300000,-0.070439,-0.000254,-55.951527,-0.014324,0.000055,9.763406,-0.001556,-0.001447,-9.762757,4274.372,0,0.000000,4,0,-29.630032,0,1,0
499,8.316667,-0.070683,-0.000253,-55.787533,-0.014626,0.000074,9.839598,-0.001564,-0.000496,-9.838944,4305.123,0,0.000000,4,0,-29.834181,0,1,0
500,8.333333,-0.070931,-0.000252,-55.622528,-0.014920,0.000046,9.900437,-0.001567,-0.000160,-9.899781,4334.785,0,0.000000,4,0,-30.044533,0,1,0
501,8.350000,-0.071182,-0.000251,-55.456242,-0.015046,0.000066,9.977222,-0.001609,-0.002547,-9.976562,4365.348,0,0.000000,4,0,-30.247471,0,1,0
502,8.366667,-0.071435,-0.000250,-55.288940,-0.015195,0.000037,10.037960,-0.001654,-0.002689,-10.037296,4394.834,0,0.000000,4,0,-30.457247,0,1,0
503,8.383333,-0.071693,-0.000250,-55.120392,-0.015475,0.000053,10.112956,-0.001660,-0.000368,-10.112288,4425.313,0,0.000000,4,0,-30.659729,0,1,0
504,8.400000,-0.071957,-0.000249,-54.950844,-0.015813,0.000027,10.173047,-0.001647,0.000805,-10.172376,4454.733,0,0.000000,4,0,-30.867672,0,1,0
505,8.416667,-0.072226,-0.000248,-54.780006,-0.016177,0.000051,10.250112,-0.001698,-0.003051,-10.249434,4484.947,0,0.000000,4,0,-31.068350,0,1,0
506,8.433333,-0.072502,-0.000248,-54.608166,-0.016530,0.000022,10.310454,-0.001759,-0.003681,-10.309775,4514.104,0,0.000000,4,0,-31.276371,0,1,0
507,8.450000,-0.072785,-0.000247,-54.435135,-0.017008,0.000033,10.381808,-0.001712,0.002829,-10.381125,4544.329,0,0.000000,4,0,-31.477331,0,1,0
508,8.466666,-0.073077,-0.000247,-54.260986,-0.017486,0.000028,10.449038,-0.001730,-0.001099,-10.448351,4573.528,0,0.000000,4,0,-31.681204,0,1,0
509,8.483334,-0.073373,-0.000247,-54.085819,-0.017801,0.000015,10.509804,-0.001729,0.000093,-10.509115,4603.150,0,0.000000,4,0,-31.884146,0,1,0
510,8.500000,-0.073684,-0.000246,-53.909351,-0.018639,0.000046,10.588257,-0.001750,-0.001273,-10.587565,4632.636,0,0.000000,4,0,-32.081680,0,1,0
511,8.516666,-0.073998,-0.000246,-53.731876,-0.018862,0.000017,10.648410,-0.001777,-0.001668,-10.647714,4661.337,0,0.000000,4,0,-32.287998,0,1,0
512,8.533334,-0.074317,-0.000245,-53.553314,-0.019111,0.000019,10.713873,-0.001759,0.001098,-10.713173,4691.314,0,0.000000,4,0,-32.487606,0,1,0
513,8.550000,-0.074639,-0.000245,-53.373573,-0.019292,0.000032,10.784442,-0.001802,-0.002550,-10.783739,4720.316,0,0.000000,4,0,-32.686012,0,1,0
514,8.566667,-0.074962,-0.000244,-53.192795,-0.019403,0.000020,10.846706,-0.001802,-0.000046,-10.846000,4749.144,0,0.000000,4,0,-32.887123,0,1,0
515,8.583333,-0.075290,-0.000244,-53.010849,-0.019706,0.000034,10.916818,-0.001831,-0.001718,-10.916107,4778.365,0,0.000000,4,0,-33.084354,0,1,0
516,8.600000,-0.075622,-0.000243,-52.827888,-0.019905,0.000020,10.977586,-0.001819,0.000728,-10.976873,4807.021,0,0.000000,4,0,-33.284172,0,1,0
517,8.616667,-0.075957,-0.000243,-52.643726,-0.020085,0.000039,11.049615,-0.001851,-0.001945,-11.048898,4836.054,0,0.000000,4,0,-33.479370,0,1,0
518,8.633333,-0.076294,-0.000243,-52.458607,-0.020207,0.000018,11.107127,-0.001891,-0.002356,-11.106408,4864.416,0,0.000000,4,0,-33.678894,0,1,0
519,8.650000,-0.076634,-0.000242,-52.272236,-0.020414,0.000048,11.182236,-0.001873,0.001068,-11.181513,4893.406,0,0.000000,4,0,-33.871613,0,1,0
520,8.666667,-0.076977,-0.000241,-52.084896,-0.020601,0.000023,11.240340,-0.001828,0.002667,-11.239614,4921.407,0,0.000000,4,0,-34.071281,0,1,0
521,8.683333,-0.077322,-0.000241,-51.896427,-0.020704,0.000035,11.308117,-0.001878,-0.003000,-11.307386,4950.417,0,0.000000,4,0,-34.264519,0,1,0
522,8.700000,-0.077668,-0.000240,-51.706894,-0.020771,0.000033,11.371928,-0.001857,0.001265,-11.371197,4978.495,0,0.000000,4,0,-34.459442,0,1,0
523,8.716666,-0.078016,-0.000240,-51.516266,-0.020861,0.000035,11.437540,-0.001868,-0.000653,-11.436804,5006.816,0,0.000000,4,0,-34.652950,0,1,0
524,8.733334,-0.078362,-0.000239,-51.324581,-0.020737,0.000034,11.501068,-0.001872,-0.000245,-11.500328,5034.933,0,0.000000,4,0,-34.846558,0,1,0
525,8.750000,-0.078712,-0.000239,-51.131821,-0.021011,0.000035,11.565683,-0.001892,-0.001149,-11.564941,5063.062,0,0.000000,4,0,-35.038822,0,1,0
526,8.766666,-0.079067,-0.000238,-50.938000,-0.021308,0.000035,11.629242,-0.001909,-0.001061,-11.628496,5090.998,0,0.000000,4,0,-35.230762,0,1,0
527,8.783334,-0.079427,-0.000237,-50.743114,-0.021623,0.000037,11.693167,-0.001929,-0.001150,-11.692418,5118.886,0,0.000000,4,0,-35.421726,0,1,0
528,8.800000,-0.079793,-0.000237,-50.547173,-0.021953,0.000039,11.756504,-0.001946,-0.001068,-11.755753,5146.632,0,0.000000,4,0,-35.612164,0,1,0
529,8.816667,-0.080165,-0.000236,-50.350170,-0.022297,0.000039,11.819878,-0.001962,-0.000960,-11.819123,5174.302,0,0.000000,4,0,-35.801781,0,1,0
530,8.833333,-0.080542,-0.000235,-50.152122,-0.022648,0.000041,11.882870,-0.001976,-0.000817,-11.882113,5201.853,0,0.000000,4,0,-35.990768,0,1,0
531,8.850000,-0.080924,-0.000235,-49.953026,-0.022903,0.000044,11.945751,-0.001989,-0.000762,-11.944993,5229.312,0,0.000000,4,0,-36.178997,0,1,0
532,8.866667,-0.081309,-0.000234,-49.752888,-0.023096,0.000043,12.008339,-0.002000,-0.000690,-12.007578,5256.660,0,0.000000,4,0,-36.366547,0,1,0
533,8.883333,-0.081699,-0.000233,-49.551708,-0.023392,0.000046,12.070748,-0.002013,-0.000797,-12.069984,5283.910,0,0.000000,4,0,-36.553352,0,1,0
534,8.900000,-0.082094,-0.000232,-49.349491,-0.023720,0.000047,12.132903,-0.002022,-0.000533,-12.132136,5311.053,0,0.000000,4,0,-36.739449,0,1,0
535,8.916667,-0.082493,-0.000232,-49.146244,-0.023905,0.000049,12.194846,-0.002039,-0.000984,-12.194077,5338.091,0,0.000000,4,0,-36.924809,0,1,0
536,8.933333,-0.082895,-0.000231,-48.941967,-0.024128,0.000049,12.256555,-0.002051,-0.000762,-12.255781,5365.023,0,0.000000,4,0,-37.109440,0,1,0
537,8.950000,-0.083302,-0.000230,-48.736668,-0.024454,0.000049,12.318026,-0.002065,-0.000807,-12.317250,5391.851,0,0.000000,4,0,-37.293335,0,1,0
538,8.966666,-0.083715,-0.000229,-48.530346,-0.024736,0.000050,12.379275,-0.002075,-0.000606,-12.378497,5418.569,0,0.000000,4,0,-37.476482,0,1,0
539,8.983334,-0.084132,-0.000228,-48.323006,-0.025048,0.000051,12.440283,-0.002090,-0.000917,-12.439505,5445.180,0,0.000000,4,0,-37.658886,0,1,0
540,9.000000,-0.084555,-0.000227,-48.114655,-0.025395,0.000051,12.501060,-0.002101,-0.000677,-12.500280,5471.682,0,0.000000,4,0,-37.840534,0,1,0
541,9.016666,-0.084982,-0.000226,-47.905296,-0.025568,0.000051,12.561592,-0.002114,-0.000785,-12.560808,5498.075,0,0.000000,4,0,-38.021431,0,1,0
542,9.033334,-0.085413,-0.000226,-47.694931,-0.025910,0.000051,12.621894,-0.002126,-0.000668,-12.621107,5524.359,0,0.000000,4,0,-38.201565,0,1,0
543,9.050000,-0.085849,-0.000225,-47.483566,-0.026170,0.000051,12.681949,-0.002139,-0.000828,-12.681159,5550.532,0,0.000000,4,0,-38.380936,0,1,0
544,9.066667,-0.086291,-0.000224,-47.271202,-0.026467,0.000052,12.741768,-0.002149,-0.000579,-12.740975,5576.593,0,0.000000,4,0,-38.559536,0,1,0
545,9.083333,-0.086736,-0.000223,-47.057846,-0.026728,0.000052,12.801335,-0.002165,-0.000938,-12.800540,5602.543,0,0.000000,4,0,-38.737366,0,1,0
546,9.100000,-0.087187,-0.000222,-46.843502,-0.027028,0.000052,12.860670,-0.002177,-0.000715,-12.859876,5628.381,0,0.000000,4,0,-38.914417,0,1,0
547,9.116667,-0.087642,-0.000221,-46.628174,-0.027319,0.000051,12.919744,-0.002190,-0.000805,-12.918946,5654.106,0,0.000000,4,0,-39.090694,0,1,0
548,9.133333,-0.088103,-0.000221,-46.411865,-0.027650,0.000050,12.978584,-0.002199,-0.000527,-12.977784,5679.718,0,0.000000,4,0,-39.266182,0,1,0
549,9.150000,-0.088567,-0.000220,-46.194576,-0.027876,0.000051,13.037166,-0.002215,-0.000992,-13.036364,5705.215,0,0.000000,4,0,-39.440887,0,1,0
550,9.166667,-0.089036,-0.000219,-45.976318,-0.028142,0.000050,13.095509,-0.002228,-0.000792,-13.094704,5730.600,0,0.000000,4,0,-39.614799,0,1,0
551,9.183333,-0.089510,-0.000218,-45.757092,-0.028437,0.000050,13.153586,-0.002241,-0.000725,-13.152780,5755.869,0,0.000000,4,0,-39.787922,0,1,0
552,9.200000,-0.089991,-0.000217,-45.536903,-0.028852,0.000050,13.211426,-0.002253,-0.000722,-13.210617,5781.022,0,0.000000,4,0,-39.960243,0,1,0
553,9.216666,-0.090475,-0.000216,-45.315754,-0.029032,0.000051,13.269003,-0.002265,-0.000721,-13.268195,5806.061,0,0.000000,4,0,-40.131767,0,1,0
554,9.233334,-0.090966,-0.000215,-45.093647,-0.029437,0.000050,13.326331,-0.002276,-0.000683,-13.325521,5830.982,0,0.000000,4,0,-40.302448,0,1,0
555,9.250000,-0.091459,-0.000215,-44.870590,-0.029578,0.000050,13.383394,-0.002288,-0.000722,-13.382582,5855.781,0,0.000000,4,0,-40.472244,0,1,0
556,9.266666,-0.091958,-0.000214,-44.646587,-0.029963,0.000050,13.440193,-0.002300,-0.000717,-13.439379,5880.452,0,0.000000,4,0,-40.641113,0,1,0
557,9.283334,-0.092461,-0.000213,-44.421642,-0.030160,0.000051,13.496709,-0.002312,-0.000697,-13.495892,5904.988,0,0.000000,4,0,-40.809025,0,1,0
558,9.300000,-0.092969,-0.000212,-44.195759,-0.030497,0.000052,13.552942,-0.002325,-0.000788,-13.552123,5929.384,0,0.000000,4,0,-40.975945,0,1,0
559,9.316667,-0.093482,-0.000211,-43.968945,-0.030770,0.000053,13.608878,-0.002336,-0.000660,-13.608056,5953.637,0,0.000000,4,0,-41.141846,0,1,0
560,9.333333,-0.094000,-0.000210,-43.741203,-0.031081,0.000054,13.664507,-0.002350,-0.000837,-13.663686,5977.743,0,0.000000,4,0,-41.306702,0,1,0
561,9.350000,-0.094524,-0.000209,-43.512539,-0.031434,0.000053,13.719827,-0.002360,-0.000602,-13.719004,6001.695,0,0.000000,4,0,-41.470486,0,1,0
562,9.366667,-0.095051,-0.000209,-43.282955,-0.031668,0.000054,13.774818,-0.002375,-0.000894,-13.773993,6025.492,0,0.000000,4,0,-41.633179,0,1,0
563,9.383333,-0.095584,-0.000208,-43.052464,-0.031945,0.000054,13.829486,-0.002386,-0.000679,-13.828660,6049.130,0,0.000000,4,0,-41.794754,0,1,0
564,9.400000,-0.096122,-0.000207,-42.821068,-0.032274,0.000055,13.883808,-0.002400,-0.000834,-13.882980,6072.607,0,0.000000,4,0,-41.955196,0,1,0
565,9.416667,-0.096666,-0.000206,-42.588772,-0.032647,0.000058,13.937792,-0.002410,-0.000585,-13.936961,6095.918,0,0.000000,4,0,-42.114479,0,1,0
566,9.433333,-0.097214,-0.000205,-42.355579,-0.032866,0.000060,13.991415,-0.002425,-0.000907,-13.990586,6119.062,0,0.000000,4,0,-42.272594,0,1,0
567,9.450000,-0.097766,-0.000204,-42.121502,-0.033130,0.000060,14.044686,-0.002436,-0.000701,-14.043856,6142.035,0,0.000000,4,0,-42.429516,0,1,0
568,9.466666,-0.098325,-0.000203,-41.886543,-0.033538,0.000062,14.097581,-0.002449,-0.000747,-14.096749,6164.835,0,0.000000,4,0,-42.585232,0,1,0
569,9.483334,-0.098888,-0.000202,-41.650707,-0.033762,0.000064,14.150114,-0.002461,-0.000712,-14.149282,6187.460,0,0.000000,4,0,-42.739723,0,1,0
570,9.500000,-0.099455,-0.000201,-41.414005,-0.034073,0.000067,14.202262,-0.002474,-0.000772,-14.201428,6209.907,0,0.000000,4,0,-42.892982,0,1,0
571,9.516666,-0.100027,-0.000199,-41.176441,-0.034321,0.000068,14.254031,-0.002484,-0.000638,-14.253196,6232.175,0,0.000000,4,0,-43.044991,0,1,0
572,9.533334,-0.100605,-0.000198,-40.938019,-0.034664,0.000072,14.305407,-0.002498,-0.000843,-14.304572,6254.261,0,0.000000,4,0,-43.195744,0,1,0
573,9.550000,-0.101189,-0.000197,-40.698742,-0.035055,0.000073,14.356394,-0.002509,-0.000622,-14.355558,6276.165,0,0.000000,4,0,-43.345222,0,1,0
574,9.566667,-0.101777,-0.000196,-40.458626,-0.035269,0.000076,14.406979,-0.002523,-0.000847,-14.406143,6297.884,0,0.000000,4,0,-43.493423,0,1,0
575,9.583333,-0.102369,-0.000194,-40.217674,-0.035530,0.000078,14.457165,-0.002533,-0.000627,-14.456328,6319.417,0,0.000000,4,0,-43.640335,0,1,0
576,9.600000,-0.102967,-0.000193,-39.975891,-0.035866,0.000079,14.506942,-0.002547,-0.000849,-14.506106,6340.763,0,0.000000,4,0,-43.785954,0,1,0
577,9.616667,-0.103571,-0.000192,-39.733288,-0.036250,0.000082,14.556315,-0.002558,-0.000628,-14.555479,6361.920,0,0.000000,4,0,-43.930267,0,1,0
578,9.633333,-0.104179,-0.000190,-39.489864,-0.036475,0.000084,14.605269,-0.002572,-0.000831,-14.604433,6382.889,0,0.000000,4,0,-44.073273,0,1,0
579,9.650000,-0.104792,-0.000189,-39.245636,-0.036747,0.000086,14.653814,-0.002582,-0.000606,-14.652977,6403.666,0,0.000000,4,0,-44.214966,0,1,0
580,9.666667,-0.105409,-0.000187,-39.000607,-0.037067,0.000087,14.701939,-0.002596,-0.000848,-14.701102,6424.254,0,0.000000,4,0,-44.355339,0,1,0
581,9.683333,-0.106033,-0.000186,-38.754776,-0.037436,0.000089,14.749646,-0.002606,-0.000637,-14.748809,6444.650,0,0.000000,4,0,-44.494392,0,1,0
582,9.700000,-0.106661,-0.000184,-38.508163,-0.037676,0.000091,14.796928,-0.002620,-0.000805,-14.796093,6464.853,0,0.000000,4,0,-44.632122,0,1,0
583,9.716666,-0.107294,-0.000183,-38.260769,-0.037963,0.000091,14.843790,-0.002630,-0.000577,-14.842954,6484.865,0,0.000000,4,0,-44.768524,0,1,0
584,9.733334,-0.107932,-0.000181,-38.012596,-0.038261,0.000093,14.890224,-0.002644,-0.000849,-14.889387,6504.684,0,0.000000,4,0,-44.903603,0,1,0
585,9.750000,-0.108575,-0.000180,-37.763660,-0.038608,0.000093,14.936235,-0.002655,-0.000652,-14.935401,6524.310,0,0.000000,4,0,-45.037354,0,1,0
586,9.766666,-0.109223,-0.000178,-37.513962,-0.038867,0.000092,14.981814,-0.002667,-0.000774,-14.980980,6543.744,0,0.000000,4,0,-45.169777,0,1,0
587,9.783334,-0.109876,-0.000177,-37.263515,-0.039173,0.000094,15.026972,-0.002676,-0.000538,-15.026138,6562.984,0,0.000000,4,0,-45.300873,0,1,0
588,9.800000,-0.110533,-0.000175,-37.012321,-0.039443,0.000093,15.071697,-0.002691,-0.000853,-15.070863,6582.032,0,0.000000,4,0,-45.430649,0,1,0
589,9.816667,-0.111196,-0.000174,-36.760387,-0.039762,0.000094,15.115997,-0.002702,-0.000676,-15.115165,6600.888,0,0.000000,4,0,-45.559101,0,1,0
590,9.833333,-0.111863,-0.000172,-36.507725,-0.039998,0.000094,15.159865,-0.002713,-0.000674,-15.159032,6619.551,0,0.000000,4,0,-45.686237,0,1,0
591,9.850000,-0.112535,-0.000170,-36.254333,-0.040327,0.000094,15.203307,-0.002725,-0.000720,-15.202475,6638.023,0,0.000000,4,0,-45.812057,0,1,0
592,9.866667,-0.113211,-0.000169,-36.000229,-0.040580,0.000093,15.246320,-0.002735,-0.000614,-15.245486,6656.305,0,0.000000,4,0,-45.936565,0,1,0
593,9.883333,-0.113893,-0.000167,-35.745415,-0.040902,0.000095,15.288906,-0.002748,-0.000756,-15.288074,6674.395,0,0.000000,4,0,-46.059765,0,1,0
594,9.900000,-0.114581,-0.000166,-35.489895,-0.041274,0.000093,15.331064,-0.002757,-0.000544,-15.330232,6692.295,0,0.000000,4,0,-46.181667,0,1,0
595,9.916667,-0.115272,-0.000164,-35.233685,-0.041482,0.000094,15.372798,-0.002770,-0.000792,-15.371967,6710.008,0,0.000000,4,0,-46.302269,0,1,0
596,9.933333,-0.115968,-0.000163,-34.976784,-0.041737,0.000094,15.414108,-0.002780,-0.000610,-15.413280,6727.530,0,0.000000,4,0,-46.421581,0,1,0
597,9.950000,-0.116668,-0.000161,-34.719196,-0.042047,0.000093,15.454992,-0.002793,-0.000739,-15.454164,6744.866,0,0.000000,4,0,-46.539608,0,1,0
598,9.966666,-0.117375,-0.000160,-34.460941,-0.042408,0.000093,15.495456,-0.002801,-0.000524,-15.494629,6762.015,0,0.000000,4,0,-46.656357,0,1,0
599,9.983334,-0.118086,-0.000158,-34.202015,-0.042617,0.000092,15.535499,-0.002814,-0.000780,-15.534672,6778.979,0,0.000000,4,0,-46.771835,0,1,0
600,10.000000,-0.118800,-0.000156,-33.942432,-0.042873,0.000092,15.575124,-0.002825,-0.000606,-15.574298,6795.756,0,0.000000,4,0,-46.886051,0,1,0
601,10.016666,-0.119520,-0.000155,-33.682194,-0.043175,0.000091,15.614329,-0.002836,-0.000713,-15.613503,6812.352,0,0.000000,4,0,-46.999012,0,1,0
602,10.033334,-0.120244,-0.000153,-33.421307,-0.043484,0.000091,15.653123,-0.002845,-0.000542,-15.652299,6828.765,0,0.000000,4,0,-47.110725,0,1,0
603,10.050000,-0.120973,-0.000152,-33.159782,-0.043732,0.000089,15.691503,-0.002858,-0.000739,-15.690679,6844.996,0,0.000000,4,0,-47.221199,0,1,0
604,10.066667,-0.121707,-0.000150,-32.897621,-0.044028,0.000091,15.729474,-0.002867,-0.000555,-15.728651,6861.047,0,0.000000,4,0,-47.330441,0,1,0
605,10.083333,-0.122445,-0.000149,-32.634838,-0.044282,0.000089,15.767032,-0.002879,-0.000716,-15.766210,6876.919,0,0.000000,4,0,-47.438461,0,1,0
606,10.100000,-0.123188,-0.000147,-32.371437,-0.044584,0.000089,15.804190,-0.002888,-0.000524,-15.803369,6892.614,0,0.000000,4,0,-47.545265,0,1,0
607,10.116667,-0.123935,-0.000146,-32.107418,-0.044824,0.000088,15.840938,-0.002900,-0.000722,-15.840117,6908.132,0,0.000000,4,0,-47.650871,0,1,0
608,10.133333,-0.124687,-0.000145,-31.842796,-0.045112,0.000088,15.877292,-0.002909,-0.000545,-15.876473,6923.478,0,0.000000,4,0,-47.755280,0,1,0
609,10.150000,-0.125443,-0.000143,-31.577576,-0.045362,0.000088,15.913242,-0.002920,-0.000692,-15.912423,6938.647,0,0.000000,4,0,-47.858505,0,1,0
610,10.166667,-0.126204,-0.000142,-31.311762,-0.045660,0.000087,15.948802,-0.002929,-0.000504,-15.947985,6953.646,0,0.000000,4,0,-47.960552,0,1,0
611,10.183333,-0.126969,-0.000140,-31.045362,-0.045892,0.000087,15.983964,-0.002940,-0.000704,-15.983147,6968.473,0,0.000000,4,0,-48.061436,0,1,0
612,10.200000,-0.127739,-0.000139,-30.778385,-0.046171,0.000086,16.018740,-0.002949,-0.000535,-16.017925,6983.130,0,0.000000,4,0,-48.161167,0,1,0
613,10.216666,-0.128512,-0.000137,-30.510832,-0.046418,0.000084,16.053127,-0.002961,-0.000668,-16.052313,6997.621,0,0.000000,4,0,-48.259754,0,1,0
614,10.233334,-0.129291,-0.000136,-30.242712,-0.046712,0.000085,16.087133,-0.002969,-0.000482,-16.086321,7011.945,0,0.000000,4,0,-48.357204,0,1,0
615,10.250000,-0.130073,-0.000135,-29.974033,-0.046934,0.000084,16.120756,-0.002980,-0.000687,-16.119944,7026.104,0,0.000000,4,0,-48.453533,0,1,0
616,10.266666,-0.130860,-0.000133,-29.704800,-0.047202,0.000083,16.154003,-0.002989,-0.000528,-16.153193,7040.101,0,0.000000,4,0,-48.548748,0,1,0
617,10.283334,-0.131650,-0.000132,-29.435019,-0.047447,0.000083,16.186872,-0.002999,-0.000642,-16.186062,7053.935,0,0.000000,4,0,-48.642860,0,1,0
618,10.300000,-0.132446,-0.000130,-29.164696,-0.047738,0.000082,16.219376,-0.003007,-0.000457,-16.218569,7067.609,0,0.000000,4,0,-48.735878,0,1,0
619,10.316667,-0.133245,-0.000129,-28.893839,-0.047949,0.000081,16.251505,-0.003018,-0.000672,-16.250696,7081.124,0,0.000000,4,0,-48.827820,0,1,0
620,10.333333,-0.134049,-0.000128,-28.622450,-0.048206,0.000081,16.283279,-0.003027,-0.000523,-16.282475,7094.482,0,0.000000,4,0,-48.918686,0,1,0
621,10.350000,-0.134856,-0.000126,-28.350538,-0.048449,0.000080,16.314682,-0.003037,-0.000614,-16.313877,7107.685,0,0.000000,4,0,-49.008499,0,1,0
622,10.366667,-0.135668,-0.000125,-28.078110,-0.048737,0.000079,16.345736,-0.003044,-0.000428,-16.344933,7120.735,0,0.000000,4,0,-49.097260,0,1,0
623,10.383333,-0.136484,-0.000124,-27.805168,-0.048937,0.000078,16.376429,-0.003055,-0.000658,-16.375628,7133.631,0,0.000000,4,0,-49.184986,0,1,0
624,10.400000,-0.137304,-0.000122,-27.531721,-0.049181,0.000078,16.406773,-0.003064,-0.000523,-16.405972,7146.377,0,0.000000,4,0,-49.271687,0,1,0
625,10.416667,-0.138127,-0.000121,-27.257776,-0.049423,0.000076,16.436769,-0.003074,-0.000583,-16.435970,7158.975,0,0.000000,4,0,-49.357368,0,1,0
626,10.433333,-0.138955,-0.000120,-26.983335,-0.049632,0.000076,16.466421,-0.003082,-0.000483,-16.465624,7171.424,0,0.000000,4,0,-49.442047,0,1,0
627,10.450000,-0.139786,-0.000119,-26.708406,-0.049896,0.000075,16.495733,-0.003092,-0.000595,-16.494934,7183.728,0,0.000000,4,0,-49.525730,0,1,0
628,10.466666,-0.140623,-0.000117,-26.432997,-0.050205,0.000075,16.524708,-0.003099,-0.000430,-16.523911,7195.886,0,0.000000,4,0,-49.608433,0,1,0
629,10.483334,-0.141463,-0.000116,-26.157106,-0.050378,0.000075,16.553347,-0.003109,-0.000607,-16.552553,7207.903,0,0.000000,4,0,-49.690163,0,1,0
630,10.500000,-0.142306,-0.000115,-25.880745,-0.050592,0.000073,16.581656,-0.003117,-0.000466,-16.580860,7219.777,0,0.000000,4,0,-49.770931,0,1,0
631,10.516666,-0.143153,-0.000114,-25.603918,-0.050831,0.000073,16.609636,-0.003126,-0.000575,-16.608845,7231.513,0,0.000000,4,0,-49.850750,0,1,0
632,10.533334,-0.144005,-0.000113,-25.326630,-0.051114,0.000071,16.637297,-0.003133,-0.000414,-16.636503,7243.110,0,0.000000,4,0,-49.929630,0,1,0
633,10.550000,-0.144860,-0.000111,-25.048885,-0.051293,0.000072,16.664635,-0.003143,-0.000588,-16.663843,7254.571,0,0.000000,4,0,-50.007584,0,1,0
634,10.566667,-0.145718,-0.000110,-24.770693,-0.051514,0.000071,16.691660,-0.003151,-0.000454,-16.690870,7265.898,0,0.000000,4,0,-50.084618,0,1,0
635,10.583333,-0.146581,-0.000109,-24.492052,-0.051737,0.000069,16.718365,-0.003160,-0.000552,-16.717577,7277.090,0,0.000000,4,0,-50.160748,0,1,0
636,10.600000,-0.147447,-0.000108,-24.212975,-0.052003,0.000069,16.744766,-0.003166,-0.000395,-16.743979,7288.152,0,0.000000,4,0,-50.235977,0,1,0
637,10.616667,-0.148317,-0.000107,-23.933460,-0.052182,0.000069,16.770859,-0.003176,-0.000571,-16.770069,7299.083,0,0.000000,4,0,-50.310322,0,1,0
638,10.633333,-0.149190,-0.000106,-23.653515,-0.052401,0.000069,16.796650,-0.003183,-0.000444,-16.795866,7309.884,0,0.000000,4,0,-50.383789,0,1,0
639,10.650000,-0.150067,-0.000104,-23.373146,-0.052614,0.000066,16.822140,-0.003192,-0.000529,-16.821356,7320.558,0,0.000000,4,0,-50.456394,0,1,0
640,10.666667,-0.150948,-0.000103,-23.092356,-0.052869,0.000065,16.847336,-0.003198,-0.000374,-16.846552,7331.108,0,0.000000,4,0,-50.528141,0,1,0
641,10.683333,-0.151832,-0.000102,-22.811153,-0.053043,0.000065,16.872236,-0.003208,-0.000555,-16.871454,7341.533,0,0.000000,4,0,-50.599049,0,1,0
642,10.700000,-0.152720,-0.000101,-22.529539,-0.053257,0.000064,16.896849,-0.003215,-0.000437,-16.896067,7351.835,0,0.000000,4,0,-50.669121,0,1,0
643,10.716666,-0.153611,-0.000100,-22.247520,-0.053463,0.000063,16.921177,-0.003223,-0.000504,-16.920395,7362.016,0,0.000000,4,0,-50.738369,0,1,0
644,10.733334,-0.154506,-0.000099,-21.965099,-0.053680,0.000064,16.945221,-0.003230,-0.000385,-16.944443,7372.078,0,0.000000,4,0,-50.806801,0,1,0
645,10.750000,-0.155404,-0.000098,-21.682283,-0.053876,0.000061,16.968987,-0.003239,-0.000523,-16.968210,7382.021,0,0.000000,4,0,-50.874432,0,1,0
646,10.766666,-0.156306,-0.000097,-21.399075,-0.054112,0.000061,16.992476,-0.003245,-0.000397,-16.991699,7391.847,0,0.000000,4,0,-50.941265,0,1,0
647,10.783334,-0.157210,-0.000096,-21.115479,-0.054289,0.000060,17.015690,-0.003253,-0.000500,-17.014914,7401.558,0,0.000000,4,0,-51.007317,0,1,0
648,10.800000,-0.158119,-0.000095,-20.831503,-0.054505,0.000060,17.038639,-0.003260,-0.000366,-17.037863,7411.154,0,0.000000,4,0,-51.072594,0,1,0
649,10.816667,-0.159030,-0.000094,-20.547146,-0.054685,0.000059,17.061316,-0.003268,-0.000507,-17.060539,7420.639,0,0.000000,4,0,-51.137108,0,1,0
650,10.833333,-0.159945,-0.000093,-20.262419,-0.054904,0.000059,17.083735,-0.003275,-0.000389,-17.082964,7430.013,0,0.000000,4,0,-51.200863,0,1,0
651,10.850000,-0.160863,-0.000092,-19.977320,-0.055082,0.000058,17.105890,-0.003282,-0.000479,-17.105120,7439.276,0,0.000000,4,0,-51.263874,0,1,0
652,10.866667,-0.161785,-0.000091,-19.691858,-0.055298,0.000056,17.127790,-0.003288,-0.000347,-17.127022,7448.431,0,0.000000,4,0,-51.326149,0,1,0
653,10.883333,-0.162709,-0.000090,-19.406033,-0.055467,0.000056,17.149435,-0.003296,-0.000491,-17.148666,7457.480,0,0.000000,4,0,-51.387695,0,1,0
654,10.900000,-0.163637,-0.000089,-19.119852,-0.055673,0.000056,17.170832,-0.003303,-0.000380,-17.170063,7466.422,0,0.000000,4,0,-51.448521,0,1,0
655,10.916667,-0.164568,-0.000088,-18.833319,-0.055849,0.000055,17.191978,-0.003310,-0.000459,-17.191210,7475.260,0,0.000000,4,0,-51.508640,0,1,0
656,10.933333,-0.165502,-0.000088,-18.546438,-0.056063,0.000055,17.212879,-0.003316,-0.000329,-17.212112,7483.995,0,0.000000,4,0,-51.568058,0,1,0
657,10.950000,-0.166440,-0.000087,-18.259211,-0.056222,0.000054,17.233543,-0.003324,-0.000476,-17.232779,7492.628,0,0.000000,4,0,-51.626781,0,1,0
658,10.966666,-0.167380,-0.000086,-17.971645,-0.056418,0.000053,17.253963,-0.003330,-0.000373,-17.253202,7501.161,0,0.000000,4,0,-51.684826,0,1,0
659,10.983334,-0.168323,-0.000085,-17.683744,-0.056591,0.000052,17.274151,-0.003337,-0.000438,-17.273388,7509.594,0,0.000000,4,0,-51.742195,0,1,0
660,11.000000,-0.169270,-0.000084,-17.395508,-0.056802,0.000051,17.294106,-0.003343,-0.000310,-17.293344,7517.930,0,0.000000,4,0,-51.798901,0,1,0
661,11.016666,-0.170219,-0.000083,-17.106945,-0.056952,0.000051,17.313829,-0.003350,-0.000463,-17.313068,7526.168,0,0.000000,4,0,-51.854946,0,1,0
662,11.033334,-0.171171,-0.000082,-16.818056,-0.057137,0.000051,17.333324,-0.003356,-0.000368,-17.332565,7534.312,0,0.000000,4,0,-51.910347,0,1,0
663,11.050000,-0.172126,-0.000081,-16.528847,-0.057308,0.000050,17.352598,-0.003363,-0.000418,-17.351837,7542.361,0,0.000000,4,0,-51.965103,0,1,0
664,11.066667,-0.173084,-0.000081,-16.239319,-0.057462,0.000050,17.371651,-0.003369,-0.000348,-17.370895,7550.317,0,0.000000,4,0,-52.019230,0,1,0
665,11.083333,-0.174045,-0.000080,-15.949478,-0.057654,0.000048,17.390482,-0.003376,-0.000421,-17.389727,7558.182,0,0.000000,4,0,-52.072735,0,1,0
666,11.100000,-0.175009,-0.000079,-15.659327,-0.057830,0.000047,17.409100,-0.003382,-0.000360,-17.408346,7565.956,0,0.000000,4,0,-52.125622,0,1,0
667,11.116667,-0.175976,-0.000078,-15.368868,-0.058006,0.000047,17.427502,-0.003389,-0.000401,-17.426746,7573.640,0,0.000000,4,0,-52.177902,0,1,0
668,11.133333,-0.176945,-0.000078,-15.078106,-0.058159,0.000047,17.445696,-0.003395,-0.000340,-17.444942,7581.236,0,0.000000,4,0,-52.229580,0,1,0
669,11.150000,-0.177917,-0.000077,-14.787045,-0.058344,0.000046,17.463680,-0.003401,-0.000403,-17.462927,7588.744,0,0.000000,4,0,-52.280666,0,1,0
670,11.166667,-0.178892,-0.000076,-14.495687,-0.058511,0.000046,17.481459,-0.003407,-0.000346,-17.480707,7596.167,0,0.000000,4,0,-52.331165,0,1,0
671,11.183333,-0.179870,-0.000075,-14.204037,-0.058683,0.000045,17.499037,-0.003414,-0.000389,-17.498283,7603.505,0,0.000000,4,0,-52.381088,0,1,0
672,11.200000,-0.180851,-0.000074,-13.912096,-0.058834,0.000045,17.516413,-0.003419,-0.000331,-17.515661,7610.758,0,0.000000,4,0,-52.430443,0,1,0
673,11.216666,-0.181835,-0.000074,-13.619869,-0.059011,0.000044,17.533590,-0.003426,-0.000388,-17.532843,7617.929,0,0.000000,4,0,-52.479233,0,1,0
674,11.233334,-0.182821,-0.000073,-13.327360,-0.059171,0.000042,17.550575,-0.003431,-0.000333,-17.549828,7625.018,0,0.000000,4,0,-52.527470,0,1,0
675,11.250000,-0.183810,-0.000072,-13.034571,-0.059339,0.000042,17.567366,-0.003437,-0.000376,-17.566620,7632.027,0,0.000000,4,0,-52.575157,0,1,0
676,11.266666,-0.184801,-0.000072,-12.741505,-0.059486,0.000042,17.583967,-0.003443,-0.000321,-17.583221,7638.956,0,0.000000,4,0,-52.622303,0,1,0
677,11.283334,-0.185795,-0.000071,-12.448165,-0.059657,0.000041,17.600380,-0.003449,-0.000374,-17.599634,7645.806,0,0.000000,4,0,-52.668915,0,1,0
678,11.300000,-0.186792,-0.000070,-12.154555,-0.059809,0.000042,17.616608,-0.003454,-0.000321,-17.615864,7652.579,0,0.000000,4,0,-52.715000,0,1,0
679,11.316667,-0.187792,-0.000070,-11.860678,-0.059973,0.000040,17.632650,-0.003460,-0.000364,-17.631905,7659.274,0,0.000000,4,0,-52.760563,0,1,0
680,11.333333,-0.188794,-0.000069,-11.566536,-0.060116,0.000041,17.648516,-0.003466,-0.000311,-17.647770,7665.894,0,0.000000,4,0,-52.805611,0,1,0
681,11.350000,-0.189798,-0.000068,-11.272133,-0.060281,0.000041,17.664200,-0.003472,-0.000360,-17.663456,7672.439,0,0.000000,4,0,-52.850155,0,1,0
682,11.366667,-0.190805,-0.000068,-10.977470,-0.060427,0.000039,17.679710,-0.003477,-0.000309,-17.678967,7678.912,0,0.000000,4,0,-52.894196,0,1,0
683,11.383333,-0.191815,-0.000067,-10.682552,-0.060586,0.000039,17.695044,-0.003483,-0.000351,-17.694305,7685.311,0,0.000000,4,0,-52.937744,0,1,0
684,11.400000,-0.192827,-0.000066,-10.387383,-0.060725,0.000037,17.710209,-0.003488,-0.000301,-17.709469,7691.638,0,0.000000,4,0,-52.980801,0,1,0
685,11.416667,-0.193842,-0.000066,-10.091962,-0.060884,0.000038,17.725199,-0.003493,-0.000347,-17.724461,7697.894,0,0.000000,4,0,-53.023380,0,1,0
686,11.433333,-0.194859,-0.000065,-9.796294,-0.061025,0.000036,17.740026,-0.003498,-0.000299,-17.739288,7704.081,0,0.000000,4,0,-53.065479,0,1,0
687,11.450000,-0.195879,-0.000064,-9.500383,-0.061178,0.000037,17.754686,-0.003504,-0.000340,-17.753950,7710.197,0,0.000000,4,0,-53.107109,0,1,0
688,11.466666,-0.196901,-0.000064,-9.204230,-0.061314,0.000036,17.769184,-0.003509,-0.000291,-17.768448,7716.246,0,0.000000,4,0,-53.148277,0,1,0
689,11.483334,-0.197925,-0.000063,-8.907838,-0.061467,0.000036,17.783522,-0.003514,-0.000335,-17.782784,7722.228,0,0.000000,4,0,-53.188988,0,1,0
690,11.500000,-0.198952,-0.000063,-8.611210,-0.061603,0.000035,17.797697,-0.003519,-0.000288,-17.796961,7728.143,0,0.000000,4,0,-53.229248,0,1,0
691,11.516666,-0.199981,-0.000062,-8.314347,-0.061751,0.000036,17.811716,-0.003525,-0.000328,-17.810980,7733.993,0,0.000000,4,0,-53.269062,0,1,0
692,11.533334,-0.201012,-0.000062,-8.017254,-0.061882,0.000034,17.825581,-0.003529,-0.000282,-17.824846,7739.777,0,0.000000,4,0,-53.308434,0,1,0
693,11.550000,-0.202046,-0.000061,-7.719934,-0.062030,0.000034,17.839291,-0.003535,-0.000323,-17.838554,7745.498,0,0.000000,4,0,-53.347370,0,1,0
694,11.566667,-0.203082,-0.000060,-7.422386,-0.062161,0.000034,17.852852,-0.003539,-0.000278,-17.852123,7751.155,0,0.000000,4,0,-53.385880,0,1,0
695,11.583333,-0.204121,-0.000060,-7.124615,-0.062305,0.000032,17.866262,-0.003545,-0.000317,-17.865530,7756.750,0,0.000000,4,0,-53.423965,0,1,0
696,11.600000,-0.205161,-0.000059,-6.826622,-0.062432,0.000032,17.879522,-0.003549,-0.000272,-17.878790,7762.284,0,0.000000,4,0,-53.461632,0,1,0
697,11.616667,-0.206204,-0.000059,-6.528412,-0.062574,0.000032,17.892641,-0.003554,-0.000311,-17.891911,7767.757,0,0.000000,4,0,-53.498886,0,1,0
698,11.633333,-0.207249,-0.000058,-6.229985,-0.062700,0.000033,17.905617,-0.003559,-0.000269,-17.904886,7773.169,0,0.000000,4,0,-53.535732,0,1,0
699,11.650000,-0.208296,-0.000058,-5.931344,-0.062840,0.000032,17.918446,-0.003564,-0.000306,-17.917715,7778.523,0,0.000000,4,0,-53.572178,0,1,0
700,11.666667,-0.209346,-0.000057,-5.632492,-0.062963,0.000031,17.931139,-0.003568,-0.000264,-17.930408,7783.818,0,0.000000,4,0,-53.608223,0,1,0
701,11.683333,-0.210397,-0.000057,-5.333430,-0.063100,0.000032,17.943691,-0.003573,-0.000301,-17.942966,7789.056,0,0.000000,4,0,-53.643875,0,1,0
702,11.700000,-0.211451,-0.000056,-5.034162,-0.063222,0.000030,17.956106,-0.003578,-0.000260,-17.955379,7794.236,0,0.000000,4,0,-53.679142,0,1,0
703,11.716666,-0.212507,-0.000056,-4.734689,-0.063357,0.000030,17.968388,-0.003583,-0.000295,-17.967661,7799.360,0,0.000000,4,0,-53.714024,0,1,0
704,11.733334,-0.213565,-0.000055,-4.435013,-0.063476,0.000029,17.980537,-0.003587,-0.000256,-17.979813,7804.429,0,0.000000,4,0,-53.748528,0,1,0
705,11.750000,-0.214625,-0.000055,-4.135138,-0.063609,0.000029,17.992552,-0.003592,-0.000290,-17.991827,7809.441,0,0.000000,4,0,-53.782661,0,1,0
706,11.766666,-0.215687,-0.000054,-3.835063,-0.063726,0.000029,18.004436,-0.003596,-0.000251,-18.003710,7814.401,0,0.000000,4,0,-53.816429,0,1,0
707,11.783334,-0.216752,-0.000054,-3.534793,-0.063857,0.000029,18.016195,-0.003601,-0.000286,-18.015471,7819.307,0,0.000000,4,0,-53.849827,0,1,0
708,11.800000,-0.217818,-0.000053,-3.234330,-0.063972,0.000028,18.027826,-0.003605,-0.000247,-18.027102,7824.160,0,0.000000,4,0,-53.882866,0,1,0
709,11.816667,-0.218886,-0.000053,-2.933674,-0.064101,0.000027,18.039331,-0.003609,-0.000281,-18.038610,7828.960,0,0.000000,4,0,-53.915554,0,1,0
710,11.833333,-0.219956,-0.000052,-2.632829,-0.064214,0.000025,18.050714,-0.003614,-0.000243,-18.049994,7833.710,0,0.000000,4,0,-53.947891,0,1,0
711,11.850000,-0.221029,-0.000052,-2.331796,-0.064341,0.000027,18.061972,-0.003618,-0.000276,-18.061249,7838.408,0,0.000000,4,0,-53.979881,0,1,0
712,11.866667,-0.222103,-0.000052,-2.030577,-0.064452,0.000027,18.073112,-0.003622,-0.000239,-18.072392,7843.056,0,0.000000,4,0,-54.011528,0,1,0
713,11.883333,-0.223179,-0.000051,-1.729175,-0.064577,0.000027,18.084133,-0.003627,-0.000272,-18.083412,7847.654,0,0.000000,4,0,-54.042839,0,1,0
714,11.900000,-0.224257,-0.000051,-1.427591,-0.064686,0.000026,18.095034,-0.003631,-0.000235,-18.094313,7852.204,0,0.000000,4,0,-54.073818,0,1,0
715,11.916667,-0.225337,-0.000050,-1.125827,-0.064809,0.000026,18.105822,-0.003635,-0.000267,-18.105103,7856.705,0,0.000000,4,0,-54.104465,0,1,0
716,11.933333,-0.226419,-0.000050,-0.823886,-0.064916,0.000026,18.116493,-0.003639,-0.000231,-18.115772,7861.158,0,0.000000,4,0,-54.134789,0,1,0
717,11.950000,-0.227503,-0.000049,-0.521768,-0.065037,0.000026,18.127050,-0.003643,-0.000263,-18.126331,7865.564,0,0.000000,4,0,-54.164791,0,1,0
718,11.966666,-0.228589,-0.000049,-0.219477,-0.065143,0.000025,18.137497,-0.003647,-0.000229,-18.136784,7869.923,0,0.000000,4,0,-54.194477,0,1,0
719,11.983334,-0.229677,-0.000049,0.082987,-0.065262,0.000024,18.147833,-0.003651,-0.000258,-18.147116,7874.236,0,0.000000,4,0,-54.223850,0,1,0
720,12.000000,-0.230766,-0.000048,0.385622,-0.065365,0.000024,18.158060,-0.003655,-0.000224,-18.157343,7878.504,0,0.000000,4,0,-54.252914,0,1,0
721,12.016666,-0.231858,-0.000048,0.688425,-0.065482,0.000023,18.168179,-0.003659,-0.000255,-18.167463,7882.727,0,0.000000,4,0,-54.281673,0,1,0
722,12.033334,-0.232951,-0.000047,0.991394,-0.065585,0.000024,18.178190,-0.003663,-0.000221,-18.177475,7886.905,0,0.000000,4,0,-54.310131,0,1,0
723,12.050000,-0.234046,-0.000047,1.294530,-0.065700,0.000022,18.188097,-0.003667,-0.000251,-18.187382,7891.041,0,0.000000,4,0,-54.338291,0,1,0
724,12.066667,-0.235142,-0.000047,1.597828,-0.065801,0.000022,18.197901,-0.003671,-0.000217,-18.197186,7895.132,0,0.000000,4,0,-54.366154,0,1,0
725,12.083333,-0.236241,-0.000046,1.901288,-0.065914,0.000023,18.207600,-0.003675,-0.000247,-18.206884,7899.180,0,0.000000,4,0,-54.393726,0,1,0
726,12.100000,-0.237341,-0.000046,2.204908,-0.066013,0.000022,18.217199,-0.003679,-0.000214,-18.216484,7903.186,0,0.000000,4,0,-54.421013,0,1,0
727,12.116667,-0.238443,-0.000045,2.508686,-0.066125,0.000023,18.226698,-0.003683,-0.000243,-18.225985,7907.150,0,0.000000,4,0,-54.448013,0,1,0
728,12.133333,-0.239547,-0.000045,2.812621,-0.066222,0.000022,18.236097,-0.003686,-0.000210,-18.235388,7911.074,0,0.000000,4,0,-54.474735,0,1,0
729,12.150000,-0.240652,-0.000045,3.116711,-0.066332,0.000020,18.245398,-0.003690,-0.000240,-18.244686,7914.957,0,0.000000,4,0,-54.501183,0,1,0
730,12.166667,-0.241760,-0.000044,3.420954,-0.066428,0.000021,18.254604,-0.003694,-0.000207,-18.253895,7918.799,0,0.000000,4,0,-54.527351,0,1,0
731,12.183333,-0.242869,-0.000044,3.725350,-0.066536,0.000020,18.263714,-0.003697,-0.000236,-18.263002,7922.601,0,0.000000,4,0,-54.553253,0,1,0
732,12.200000,-0.243979,-0.000044,4.029895,-0.066630,0.000021,18.272730,-0.003701,-0.000204,-18.272018,7926.365,0,0.000000,4,0,-54.578888,0,1,0
733,12.216666,-0.245091,-0.000043,4.334589,-0.066736,0.000021,18.281652,-0.003705,-0.000232,-18.280943,7930.089,0,0.000000,4,0,-54.604259,0,1,0
734,12.233334,-0.246205,-0.000043,4.639431,-0.066830,0.000020,18.290482,-0.003708,-0.000201,-18.289772,7933.775,0,0.000000,4,0,-54.629372,0,1,0
735,12.250000,-0.247321,-0.000043,4.944417,-0.066934,0.000019,18.299221,-0.003712,-0.000228,-18.298512,7937.425,0,0.000000,4,0,-54.654224,0,1,0
736,12.266666,-0.248438,-0.000042,5.249548,-0.067025,0.000020,18.307871,-0.003715,-0.000199,-18.307163,7941.036,0,0.000000,4,0,-54.678822,0,1,0
737,12.283334,-0.249557,-0.000042,5.554822,-0.067128,0.000020,18.316431,-0.003719,-0.000225,-18.315722,7944.609,0,0.000000,4,0,-54.703167,0,1,0
738,12.300000,-0.250677,-0.000042,5.860238,-0.067218,0.000019,18.324905,-0.003722,-0.000195,-18.324196,7948.146,0,0.000000,4,0,-54.727264,0,1,0
739,12.316667,-0.251799,-0.000041,6.165792,-0.067320,0.000019,18.333292,-0.003726,-0.000221,-18.332584,7951.648,0,0.000000,4,0,-54.751118,0,1,0
740,12.333333,-0.252922,-0.000041,6.471485,-0.067408,0.000020,18.341593,-0.003729,-0.000193,-18.340891,7955.113,0,0.000000,4,0,-54.774727,0,1,0
741,12.350000,-0.254048,-0.000041,6.777316,-0.067508,0.000017,18.349808,-0.003733,-0.000218,-18.349102,7958.544,0,0.000000,4,0,-54.798100,0,1,0
742,12.366667,-0.255174,-0.000040,7.083281,-0.067595,0.000018,18.357941,-0.003736,-0.000189,-18.357235,7961.939,0,0.000000,4,0,-54.821232,0,1,0
743,12.383333,-0.256302,-0.000040,7.389381,-0.067693,0.000017,18.365990,-0.003739,-0.000214,-18.365286,7965.301,0,0.000000,4,0,-54.844131,0,1,0
744,12.400000,-0.257432,-0.000040,7.695614,-0.067779,0.000018,18.373957,-0.003743,-0.000187,-18.373253,7968.628,0,0.000000,4,0,-54.866798,0,1,0
745,12.416667,-0.258563,-0.000040,8.001979,-0.067876,0.000018,18.381845,-0.003746,-0.000211,-18.381140,7971.922,0,0.000000,4,0,-54.889236,0,1,0
746,12.433333,-0.259696,-0.000039,8.308473,-0.067960,0.000018,18.389652,-0.003749,-0.000184,-18.388948,7975.182,0,0.000000,4,0,-54.911449,0,1,0
747,12.450000,-0.260830,-0.000039,8.615095,-0.068056,0.000017,18.397383,-0.003753,-0.000209,-18.396679,7978.409,0,0.000000,4,0,-54.933441,0,1,0
748,12.466666,-0.261966,-0.000039,8.921846,-0.068140,0.000018,18.405033,-0.003756,-0.000182,-18.404329,7981.604,0,0.000000,4,0,-54.955212,0,1,0
749,12.483334,-0.263103,-0.000038,9.228723,-0.068233,0.000017,18.412607,-0.003759,-0.000206,-18.411905,7984.768,0,0.000000,4,0,-54.976765,0,1,0
750,12.500000,-0.264242,-0.000038,9.535724,-0.068315,0.000018,18.420105,-0.003762,-0.000179,-18.419403,7987.899,0,0.000000,4,0,-54.998100,0,1,0
751,12.516666,-0.265382,-0.000038,9.842849,-0.068408,0.000017,18.427526,-0.003765,-0.000202,-18.426825,7990.999,0,0.000000,4,0,-55.019226,0,1,0
752,12.533334,-0.266523,-0.000038,10.150098,-0.068488,0.000017,18.434875,-0.003768,-0.000177,-18.434172,7994.069,0,0.000000,4,0,-55.040138,0,1,0
753,12.550000,-0.267666,-0.000037,10.457467,-0.068579,0.000017,18.442152,-0.003772,-0.000200,-18.441450,7997.107,0,0.000000,4,0,-55.060841,0,1,0
754,12.566667,-0.268811,-0.000037,10.764956,-0.068659,0.000016,18.449354,-0.003775,-0.000174,-18.448652,8000.115,0,0.000000,4,0,-55.081341,0,1,0
755,12.583333,-0.269956,-0.000037,11.072565,-0.068749,0.000016,18.456482,-0.003778,-0.000197,-18.455780,8003.094,0,0.000000,4,0,-55.101639,0,1,0
756,12.600000,-0.271104,-0.000036,11.380291,-0.068827,0.000016,18.463543,-0.003781,-0.000172,-18.462849,8006.043,0,0.000000,4,0,-55.121735,0,1,0
757,12.616667,-0.272252,-0.000036,11.688133,-0.068916,0.000013,18.470533,-0.003784,-0.000194,-18.469835,8008.963,0,0.000000,4,0,-55.141628,0,1,0
758,12.633333,-0.273402,-0.000036,11.996091,-0.068993,0.000015,18.477453,-0.003787,-0.000169,-18.476755,8011.854,0,0.000000,4,0,-55.161327,0,1,0
759,12.650000,-0.274553,-0.000036,12.304163,-0.069080,0.000015,18.484304,-0.003790,-0.000192,-18.483606,8014.716,0,0.000000,4,0,-55.180832,0,1,0
760,12.666667,-0.275706,-0.000036,12.612348,-0.069157,0.000014,18.491087,-0.003793,-0.000168,-18.490391,8017.549,0,0.000000,4,0,-55.200146,0,1,0
761,12.683333,-0.276860,-0.000035,12.920644,-0.069242,0.000014,18.497805,-0.003796,-0.000188,-18.497108,8020.356,0,0.000000,4,0,-55.219269,0,1,0
762,12.700000,-0.278015,-0.000035,13.229052,-0.069317,0.000015,18.504456,-0.003799,-0.000165,-18.503757,8023.134,0,0.000000,4,0,-55.238205,0,1,0
763,12.716666,-0.279172,-0.000035,13.537570,-0.069402,0.000015,18.511040,-0.003802,-0.000187,-18.510342,8025.886,0,0.000000,4,0,-55.256958,0,1,0
764,12.733334,-0.280330,-0.000035,13.846196,-0.069477,0.000014,18.517561,-0.003805,-0.000163,-18.516865,8028.611,0,0.000000,4,0,-55.275524,0,1,0
765,12.750000,-0.281489,-0.000034,14.154929,-0.069560,0.000014,18.524017,-0.003808,-0.000184,-18.523321,8031.308,0,0.000000,4,0,-55.293911,0,1,0
766,12.766666,-0.282650,-0.000034,14.463769,-0.069633,0.000014,18.530411,-0.003810,-0.000161,-18.529715,8033.979,0,0.000000,4,0,-55.312119,0,1,0
767,12.783334,-0.283812,-0.000034,14.772716,-0.069715,0.000014,18.536743,-0.003813,-0.000181,-18.536047,8036.625,0,0.000000,4,0,-55.330147,0,1,0
768,12.800000,-0.284975,-0.000034,15.081765,-0.069787,0.000014,18.543011,-0.003816,-0.000159,-18.542316,8039.244,0,0.000000,4,0,-55.348003,0,1,0
769,12.816667,-0.286139,-0.000033,15.390919,-0.069868,0.000013,18.549219,-0.003819,-0.000179,-18.548525,8041.838,0,0.000000,4,0,-55.365685,0,1,0
770,12.833333,-0.287305,-0.000033,15.700174,-0.069938,0.000013,18.555365,-0.003822,-0.000156,-18.554670,8044.408,0,0.000000,4,0,-55.383194,0,1,0
771,12.850000,-0.288472,-0.000033,16.009533,-0.070018,0.000013,18.561455,-0.003825,-0.000177,-18.560759,8046.952,0,0.000000,4,0,-55.400532,0,1,0
772,12.866667,-0.289640,-0.000033,16.318991,-0.070089,0.000013,18.567484,-0.003827,-0.000154,-18.566790,8049.471,0,0.000000,4,0,-55.417706,0,1,0
773,12.883333,-0.290809,-0.000033,16.628548,-0.070167,0.000013,18.573454,-0.003830,-0.000174,-18.572760,8051.966,0,0.000000,4,0,-55.434715,0,1,0
774,12.900000,-0.291980,-0.000032,16.938204,-0.070236,0.000013,18.579367,-0.003833,-0.000153,-18.578672,8054.438,0,0.000000,4,0,-55.451557,0,1,0
775,12.916667,-0.293152,-0.000032,17.247957,-0.070314,0.000013,18.585222,-0.003835,-0.000172,-18.584528,8056.885,0,0.000000,4,0,-55.468239,0,1,0
776,12.933333,-0.294325,-0.000032,17.557808,-0.070381,0.000013,18.591022,-0.003838,-0.000151,-18.590330,8059.308,0,0.000000,4,0,-55.484760,0,1,0
777,12.950000,-0.295499,-0.000032,17.867754,-0.070458,0.000012,18.596762,-0.003841,-0.000170,-18.596067,8061.708,0,0.000000,4,0,-55.501125,0,1,0
778,12.966666,-0.296675,-0.000032,18.177797,-0.070525,0.000012,18.602451,-0.003843,-0.000149,-18.601763,8064.087,0,0.000000,4,0,-55.517330,0,1,0
779,12.983334,-0.297851,-0.000031,18.487932,-0.070601,0.000010,18.608086,-0.003846,-0.000168,-18.607395,8066.441,0,0.000000,4,0,-55.533382,0,1,0
780,13.000000,-0.299029,-0.000031,18.798161,-0.070667,0.000011,18.613665,-0.003848,-0.000147,-18.612976,8068.773,0,0.000000,4,0,-55.549282,0,1,0
781,13.016666,-0.300208,-0.000031,19.108480,-0.070742,0.000011,18.619190,-0.003851,-0.000166,-18.618502,8071.084,0,0.000000,4,0,-55.565029,0,1,0
782,13.033334,-0.301388,-0.000031,19.418892,-0.070807,0.000011,18.624662,-0.003854,-0.000145,-18.623972,8073.372,0,0.000000,4,0,-55.580627,0,1,0
783,13.050000,-0.302570,-0.000031,19.729393,-0.070880,0.000011,18.630083,-0.003856,-0.000164,-18.629393,8075.639,0,0.000000,4,0,-55.596077,0,1,0
784,13.066667,-0.303752,-0.000030,20.039984,-0.070945,0.000011,18.635452,-0.003859,-0.000143,-18.634764,8077.883,0,0.000000,4,0,-55.611378,0,1,0
785,13.083333,-0.304936,-0.000030,20.350662,-0.071017,0.000011,18.640772,-0.003861,-0.000162,-18.640083,8080.106,0,0.000000,4,0,-55.626534,0,1,0
786,13.100000,-0.306120,-0.000030,20.661428,-0.071081,0.000011,18.646038,-0.003864,-0.000142,-18.645350,8082.308,0,0.000000,4,0,-55.641548,0,1,0
787,13.116667,-0.307306,-0.000030,20.972282,-0.071152,0.000011,18.651255,-0.003866,-0.000159,-18.650566,8084.490,0,0.000000,4,0,-55.656422,0,1,0
788,13.133333,-0.308493,-0.000030,21.283224,-0.071215,0.000011,18.656424,-0.003869,-0.000140,-18.655735,8086.650,0,0.000000,4,0,-55.671154,0,1,0
789,13.150000,-0.309681,-0.000030,21.594250,-0.071285,0.000011,18.661543,-0.003871,-0.000158,-18.660854,8088.791,0,0.000000,4,0,-55.685745,0,1,0
790,13.166667,-0.310870,-0.000029,21.905359,-0.071347,0.000011,18.666613,-0.003874,-0.000139,-18.665924,8090.911,0,0.000000,4,0,-55.700203,0,1,0
791,13.183333,-0.312061,-0.000029,22.216553,-0.071417,0.000011,18.671635,-0.003876,-0.000156,-18.670946,8093.012,0,0.000000,4,0,-55.714523,0,1,0
792,13.200000,-0.313252,-0.000029,22.527830,-0.071477,0.000012,18.676611,-0.003879,-0.000137,-18.675922,8095.093,0,0.000000,4,0,-55.728706,0,1,0
793,13.216666,-0.314444,-0.000029,22.839190,-0.071546,0.000011,18.681540,-0.003881,-0.000154,-18.680853,8097.154,0,0.000000,4,0,-55.742760,0,1,0
794,13.233334,-0.315638,-0.000029,23.150629,-0.071607,0.000010,18.686422,-0.003883,-0.000135,-18.685736,8099.195,0,0.000000,4,0,-55.756680,0,1,0
795,13.250000,-0.316832,-0.000028,23.462151,-0.071675,0.000010,18.691257,-0.003886,-0.000152,-18.690571,8101.218,0,0.000000,4,0,-55.770470,0,1,0
796,13.266666,-0.318028,-0.000028,23.773750,-0.071734,0.000010,18.696047,-0.003888,-0.000134,-18.695360,8103.221,0,0.000000,4,0,-55.784134,0,1,0
797,13.283334,-0.319225,-0.000028,24.085430,-0.071801,0.000009,18.700796,-0.003891,-0.000151,-18.700111,8105.207,0,0.000000,4,0,-55.797668,0,1,0
798,13.300000,-0.320422,-0.000028,24.397188,-0.071860,0.000010,18.705498,-0.003893,-0.000132,-18.704813,8107.173,0,0.000000,4,0,-55.811077,0,1,0
799,13.316667,-0.321621,-0.000028,24.709026,-0.071926,0.000009,18.710155,-0.003895,-0.000149,-18.709471,8109.121,0,0.000000,4,0,-55.824360,0,1,0
800,13.333333,-0.322821,-0.000028,25.020939,-0.071984,0.000010,18.714769,-0.003898,-0.000131,-18.714085,8111.051,0,0.000000,4,0,-55.837521,0,1,0
801,13.350000,-0.324022,-0.000027,25.332928,-0.072049,0.000010,18.719341,-0.003900,-0.000147,-18.718655,8112.963,0,0.000000,4,0,-55.850559,0,1,0
802,13.366667,-0.325223,-0.000027,25.644993,-0.072106,0.000010,18.723871,-0.003902,-0.000130,-18.723186,8114.858,0,0.000000,4,0,-55.863476,0,1,0
803,13.383333,-0.326426,-0.000027,25.957132,-0.072170,0.000009,18.728357,-0.003905,-0.000145,-18.727673,8116.735,0,0.000000,4,0,-55.876274,0,1,0
804,13.400000,-0.327630,-0.000027,26.269346,-0.072226,0.000009,18.732801,-0.003907,-0.000128,-18.732117,8118.594,0,0.000000,4,0,-55.888954,0,1,0
805,13.416667,-0.328835,-0.000027,26.581633,-0.072290,0.000009,18.737206,-0.003909,-0.000143,-18.736521,8120.437,0,0.000000,4,0,-55.901516,0,1,0
806,13.433333,-0.330041,-0.000027,26.893991,-0.072346,0.000009,18.741570,-0.003911,-0.000126,-18.740885,8122.262,0,0.000000,4,0,-55.913963,0,1,0
807,13.450000,-0.331247,-0.000027,27.206423,-0.072409,0.000008,18.745892,-0.003914,-0.000142,-18.745209,8124.070,0,0.000000,4,0,-55.926296,0,1,0
808,13.466666,-0.332455,-0.000026,27.518925,-0.072464,0.000009,18.750175,-0.003916,-0.000125,-18.749493,8125.862,0,0.000000,4,0,-55.938515,0,1,0
809,13.483334,-0.333664,-0.000026,27.831499,-0.072526,0.000009,18.754417,-0.003918,-0.000140,-18.753733,8127.638,0,0.000000,4,0,-55.950623,0,1,0
810,13.500000,-0.334874,-0.000026,28.144142,-0.072580,0.000009,18.758621,-0.003920,-0.000124,-18.757936,8129.397,0,0.000000,4,0,-55.962620,0,1,0
811,13.516666,-0.336084,-0.000026,28.456856,-0.072641,0.000009,18.762789,-0.003922,-0.000139,-18.762104,8131.140,0,0.000000,4,0,-55.974506,0,1,0
812,13.533334,-0.337296,-0.000026,28.769640,-0.072695,0.000008,18.766916,-0.003924,-0.000122,-18.766233,8132.867,0,0.000000,4,0,-55.986282,0,1,0
813,13.550000,-0.338508,-0.000026,29.082489,-0.072755,0.000008,18.771006,-0.003927,-0.000137,-18.770323,8134.578,0,0.000000,4,0,-55.997952,0,1,0
814,13.566667,-0.339722,-0.000026,29.395407,-0.072808,0.000008,18.775057,-0.003929,-0.000121,-18.774374,8136.274,0,0.000000,4,0,-56.009518,0,1,0
815,13.583333,-0.340936,-0.000025,29.708391,-0.072868,0.000008,18.779072,-0.003931,-0.000135,-18.778389,8137.954,0,0.000000,4,0,-56.020977,0,1,0
816,13.600000,-0.342152,-0.000025,30.021442,-0.072920,0.000007,18.783051,-0.003933,-0.000120,-18.782373,8139.619,0,0.000000,4,0,-56.032330,0,1,0
817,13.616667,-0.343368,-0.000025,30.334558,-0.072979,0.000006,18.786993,-0.003935,-0.000134,-18.786314,8141.269,0,0.000000,4,0,-56.043579,0,1,0
818,13.633333,-0.344585,-0.000025,30.647739,-0.073031,0.000007,18.790899,-0.003937,-0.000118,-18.790220,8142.903,0,0.000000,4,0,-56.054729,0,1,0
819,13.650000,-0.345803,-0.000025,30.960985,-0.073089,0.000007,18.794771,-0.003939,-0.000134,-18.794092,8144.523,0,0.000000,4,0,-56.065777,0,1,0
820,13.666667,-0.347022,-0.000025,31.274296,-0.073140,0.000007,18.798605,-0.003941,-0.000117,-18.797926,8146.128,0,0.000000,4,0,-56.076725,0,1,0
821,13.683333,-0.348242,-0.000025,31.587669,-0.073198,0.000007,18.802406,-0.003944,-0.000131,-18.801727,8147.719,0,0.000000,4,0,-56.087574,0,1,0
822,13.700000,-0.349463,-0.000025,31.901106,-0.073248,0.000007,18.806173,-0.003945,-0.000116,-18.805496,8149.295,0,0.000000,4,0,-56.098324,0,1,0
823,13.716666,-0.350685,-0.000025,32.214603,-0.073305,0.000007,18.809904,-0.003948,-0.000130,-18.809227,8150.857,0,0.000000,4,0,-56.108978,0,1,0
824,13.733334,-0.351907,-0.000024,32.528164,-0.073354,0.000007,18.813602,-0.003950,-0.000114,-18.812925,8152.405,0,0.000000,4,0,-56.119537,0,1,0
825,13.750000,-0.353131,-0.000024,32.841785,-0.073411,0.000007,18.817268,-0.003952,-0.000129,-18.816591,8153.939,0,0.000000,4,0,-56.130001,0,1,0
826,13.766666,-0.354355,-0.000024,33.155468,-0.073461,0.000007,18.820900,-0.003954,-0.000114,-18.820221,8155.459,0,0.000000,4,0,-56.140369,0,1,0
827,13.783334,-0.355581,-0.000024,33.469208,-0.073516,0.000008,18.824499,-0.003956,-0.000127,-18.823820,8156.967,0,0.000000,4,0,-56.150646,0,1,0
828,13.800000,-0.356807,-0.000024,33.783009,-0.073564,0.000008,18.828066,-0.003958,-0.000112,-18.827389,8158.460,0,0.000000,4,0,-56.160828,0,1,0
829,13.816667,-0.358034,-0.000024,34.096867,-0.073619,0.000007,18.831600,-0.003960,-0.000127,-18.830923,8159.939,0,0.000000,4,0,-56.170921,0,1,0
830,13.833333,-0.359261,-0.000024,34.410786,-0.073668,0.000008,18.835102,-0.003962,-0.000111,-18.834425,8161.406,0,0.000000,4,0,-56.180923,0,1,0
831,13.850000,-0.360490,-0.000024,34.724762,-0.073722,0.000008,18.838573,-0.003964,-0.000125,-18.837896,8162.858,0,0.000000,4,0,-56.190838,0,1,0
832,13.866667,-0.361720,-0.000023,35.038795,-0.073769,0.000007,18.842014,-0.003965,-0.000110,-18.841337,8164.299,0,0.000000,4,0,-56.200661,0,1,0
833,13.883333,-0.362950,-0.000023,35.352886,-0.073823,0.000007,18.845425,-0.003968,-0.000124,-18.844749,8165.727,0,0.000000,4,0,-56.210396,0,1,0
834,13.900000,-0.364181,-0.000023,35.667034,-0.073870,0.000007,18.848803,-0.003969,-0.000110,-18.848127,8167.141,0,0.000000,4,0,-56.220047,0,1,0
835,13.916667,-0.365413,-0.000023,35.981236,-0.073923,0.000006,18.852150,-0.003971,-0.000123,-18.851475,8168.542,0,0.000000,4,0,-56.229610,0,1,0
836,13.933333,-0.366646,-0.000023,36.295494,-0.073969,0.000007,18.855469,-0.003973,-0.000109,-18.854792,8169.932,0,0.000000,4,0,-56.239090,0,1,0
837,13.950000,-0.367880,-0.000023,36.609806,-0.074022,0.000006,18.858757,-0.003975,-0.000122,-18.858080,8171.311,0,0.000000,4,0,-56.248486,0,1,0
838,13.966666,-0.369114,-0.000023,36.924171,-0.074068,0.000006,18.862017,-0.003977,-0.000107,-18.861340,8172.675,0,0.000000,4,0,-56.257797,0,1,0
839,13.983334,-0.370350,-0.000023,37.238594,-0.074120,0.000007,18.865248,-0.003979,-0.000121,-18.864573,8174.028,0,0.000000,4,0,-56.267025,0,1,0
840,14.000000,-0.371586,-0.000023,37.553066,-0.074166,0.000007,18.868450,-0.003981,-0.000107,-18.867775,8175.368,0,0.000000,4,0,-56.276173,0,1,0
841,14.016666,-0.372823,-0.000022,37.867592,-0.074217,0.000007,18.871624,-0.003983,-0.000120,-18.870949,8176.698,0,0.000000,4,0,-56.285236,0,1,0
842,14.033334,-0.374060,-0.000022,38.182171,-0.074262,0.000006,18.874769,-0.003985,-0.000105,-18.874094,8178.015,0,0.000000,4,0,-56.294220,0,1,0
843,14.050000,-0.375299,-0.000022,38.496803,-0.074313,0.000006,18.877886,-0.003987,-0.000119,-18.877211,8179.320,0,0.000000,4,0,-56.303127,0,1,0
844,14.066667,-0.376538,-0.000022,38.811485,-0.074358,0.000006,18.880978,-0.003988,-0.000105,-18.880304,8180.614,0,0.000000,4,0,-56.311954,0,1,0
845,14.083333,-0.377778,-0.000022,39.126221,-0.074408,0.000005,18.884041,-0.003990,-0.000117,-18.883368,8181.897,0,0.000000,4,0,-56.320705,0,1,0
846,14.100000,-0.379019,-0.000022,39.441006,-0.074452,0.000006,18.887077,-0.003992,-0.000104,-18.886404,8183.168,0,0.000000,4,0,-56.329376,0,1,0
847,14.116667,-0.380261,-0.000022,39.755840,-0.074502,0.000006,18.890085,-0.003994,-0.000116,-18.889412,8184.428,0,0.000000,4,0,-56.337975,0,1,0
848,14.133333,-0.381503,-0.000022,40.070724,-0.074546,0.000006,18.893066,-0.003996,-0.000103,-18.892391,8185.677,0,0.000000,4,0,-56.346497,0,1,0
849,14.150000,-0.382747,-0.000022,40.385658,-0.074595,0.000005,18.896023,-0.003998,-0.000115,-18.895348,8186.916,0,0.000000,4,0,-56.354942,0,1,0
850,14.166667,-0.383990,-0.000022,40.700642,-0.074638,0.000006,18.898954,-0.003999,-0.000102,-18.898281,8188.143,0,0.000000,4,0,-56.363312,0,1,0
851,14.183333,-0.385235,-0.000021,41.015671,-0.074687,0.000005,18.901857,-0.004001,-0.000114,-18.901184,8189.359,0,0.000000,4,0,-56.371613,0,1,0
852,14.200000,-0.386481,-0.000021,41.330750,-0.074729,0.000007,18.904736,-0.004003,-0.000101,-18.904062,8190.565,0,0.000000,4,0,-56.379837,0,1,0
853,14.216666,-0.387727,-0.000021,41.645878,-0.074778,0.000007,18.907589,-0.004005,-0.000113,-18.906916,8191.760,0,0.000000,4,0,-56.387993,0,1,0
854,14.233334,-0.388974,-0.000021,41.961056,-0.074819,0.000005,18.910418,-0.004006,-0.000100,-18.909744,8192.945,0,0.000000,4,0,-56.396076,0,1,0
855,14.250000,-0.390222,-0.000021,42.276276,-0.074867,0.000006,18.913221,-0.004008,-0.000112,-18.912548,8194.119,0,0.000000,4,0,-56.404087,0,1,0
856,14.266666,-0.391470,-0.000021,42.591541,-0.074909,0.000006,18.916000,-0.004010,-0.000099,-18.915329,8195.283,0,0.000000,4,0,-56.412029,0,1,0
857,14.283334,-0.392720,-0.000021,42.906853,-0.074956,0.000006,18.918755,-0.004012,-0.000111,-18.918083,8196.438,0,0.000000,4,0,-56.419903,0,1,0
858,14.300000,-0.393970,-0.000021,43.222210,-0.074997,0.000005,18.921486,-0.004013,-0.000098,-18.920815,8197.581,0,0.000000,4,0,-56.427708,0,1,0
859,14.316667,-0.395220,-0.000021,43.537613,-0.075044,0.000005,18.924192,-0.004015,-0.000110,-18.923521,8198.716,0,0.000000,4,0,-56.435444,0,1,0
860,14.333333,-0.396472,-0.000021,43.853062,-0.075085,0.000005,18.926876,-0.004017,-0.000097,-18.926205,8199.839,0,0.000000,4,0,-56.443115,0,1,0
861,14.350000,-0.397724,-0.000021,44.168552,-0.075131,0.000005,18.929535,-0.004019,-0.000110,-18.928862,8200.954,0,0.000000,4,0,-56.450718,0,1,0
862,14.366667,-0.398977,-0.000020,44.484089,-0.075172,0.000005,18.932173,-0.004020,-0.000097,-18.931499,8202.059,0,0.000000,4,0,-56.458256,0,1,0
863,14.383333,-0.400230,-0.000020,44.799667,-0.075217,0.000005,18.934788,-0.004022,-0.000108,-18.934116,8203.154,0,0.000000,4,0,-56.465729,0,1,0
864,14.400000,-0.401485,-0.000020,45.115292,-0.075257,0.000005,18.937378,-0.004024,-0.000096,-18.936707,8204.239,0,0.000000,4,0,-56.473137,0,1,0
865,14.416667,-0.402740,-0.000020,45.430958,-0.075303,0.000005,18.939945,-0.004026,-0.000108,-18.939274,8205.316,0,0.000000,4,0,-56.480480,0,1,0
866,14.433333,-0.403995,-0.000020,45.746666,-0.075342,0.000006,18.942493,-0.004027,-0.000095,-18.941822,8206.383,0,0.000000,4,0,-56.487759,0,1,0
867,14.450000,-0.405252,-0.000020,46.062416,-0.075387,0.000006,18.945017,-0.004029,-0.000107,-18.944345,8207.440,0,0.000000,4,0,-56.494976,0,1,0
868,14.466666,-0.406509,-0.000020,46.378208,-0.075426,0.000005,18.947521,-0.004030,-0.000094,-18.946850,8208.489,0,0.000000,4,0,-56.502129,0,1,0
869,14.483334,-0.407767,-0.000020,46.694042,-0.075471,0.000005,18.950003,-0.004032,-0.000106,-18.949333,8209.528,0,0.000000,4,0,-56.509220,0,1,0
870,14.500000,-0.409025,-0.000020,47.009918,-0.075510,0.000005,18.952461,-0.004034,-0.000094,-18.951792,8210.559,0,0.000000,4,0,-56.516254,0,1,0
871,14.516666,-0.410285,-0.000020,47.325832,-0.075554,0.000005,18.954899,-0.004036,-0.000105,-18.954229,8211.580,0,0.000000,4,0,-56.523228,0,1,0
872,14.533334,-0.411544,-0.000020,47.641788,-0.075592,0.000005,18.957317,-0.004037,-0.000093,-18.956648,8212.595,0,0.000000,4,0,-56.530140,0,1,0
873,14.550000,-0.412805,-0.000020,47.957783,-0.075636,0.000005,18.959713,-0.004039,-0.000104,-18.959044,8213.599,0,0.000000,4,0,-56.536991,0,1,0
874,14.566667,-0.414066,-0.000019,48.273819,-0.075674,0.000004,18.962088,-0.004040,-0.000092,-18.961418,8214.594,0,0.000000,4,0,-56.543785,0,1,0
875,14.583333,-0.415328,-0.000019,48.589893,-0.075717,0.000005,18.964443,-0.004042,-0.000103,-18.963774,8215.581,0,0.000000,4,0,-56.550522,0,1,0
876,14.600000,-0.416591,-0.000019,48.906006,-0.075755,0.000004,18.966778,-0.004044,-0.000092,-18.966108,8216.560,0,0.000000,4,0,-56.557198,0,1,0
877,14.616667,-0.417854,-0.000019,49.222157,-0.075798,0.000004,18.969093,-0.004045,-0.000102,-18.968424,8217.529,0,0.000000,4,0,-56.563820,0,1,0
878,14.633333,-0.419118,-0.000019,49.538345,-0.075835,0.000004,18.971388,-0.004047,-0.000091,-18.970718,8218.492,0,0.000000,4,0,-56.570385,0,1,0
879,14.650000,-0.420383,-0.000019,49.854572,-0.075877,0.000004,18.973663,-0.004049,-0.000102,-18.972994,8219.446,0,0.000000,4,0,-56.576893,0,1,0
880,14.666667,-0.421648,-0.000019,50.170837,-0.075915,0.000004,18.975920,-0.004050,-0.000090,-18.975250,8220.392,0,0.000000,4,0,-56.583344,0,1,0
881,14.683333,-0.422914,-0.000019,50.487141,-0.075957,0.000004,18.978155,-0.004052,-0.000101,-18.977486,8221.329,0,0.000000,4,0,-56.589741,0,1,0
882,14.700000,-0.424180,-0.000019,50.803482,-0.075993,0.000004,18.980373,-0.004053,-0.000090,-18.979706,8222.258,0,0.000000,4,0,-56.596081,0,1,0
883,14.716666,-0.425448,-0.000019,51.119858,-0.076035,0.000004,18.982573,-0.004055,-0.000100,-18.981905,8223.180,0,0.000000,4,0,-56.602371,0,1,0
884,14.733334,-0.426715,-0.000019,51.436272,-0.076071,0.000005,18.984753,-0.004056,-0.000089,-18.984085,8224.094,0,0.000000,4,0,-56.608608,0,1,0
885,14.750000,-0.427984,-0.000019,51.752720,-0.076112,0.000005,18.986916,-0.004058,-0.000100,-18.986248,8224.999,0,0.000000,4,0,-56.614788,0,1,0
886,14.766666,-0.429253,-0.000019,52.069202,-0.076148,0.000004,18.989059,-0.004060,-0.000088,-18.988392,8225.897,0,0.000000,4,0,-56.620918,0,1,0
887,14.783334,-0.430523,-0.000019,52.385723,-0.076189,0.000003,18.991182,-0.004061,-0.000099,-18.990515,8226.788,0,0.000000,4,0,-56.626995,0,1,0
888,14.800000,-0.431793,-0.000019,52.702278,-0.076225,0.000004,18.993288,-0.004063,-0.000087,-18.992620,8227.671,0,0.000000,4,0,-56.633022,0,1,0
889,14.816667,-0.433064,-0.000019,53.018867,-0.076265,0.000004,18.995377,-0.004064,-0.000098,-18.994711,8228.547,0,0.000000,4,0,-56.638996,0,1,0
890,14.833333,-0.434336,-0.000018,53.335491,-0.076301,0.000004,18.997448,-0.004066,-0.000087,-18.996782,8229.415,0,0.000000,4,0,-56.644920,0,1,0
891,14.850000,-0.435608,-0.000018,53.652149,-0.076341,0.000004,18.999500,-0.004067,-0.000097,-18.998835,8230.275,0,0.000000,4,0,-56.650795,0,1,0
892,14.866667,-0.436881,-0.000018,53.968842,-0.076375,0.000004,19.001537,-0.004069,-0.000086,-19.000872,8231.129,0,0.000000,4,0,-56.656620,0,1,0
893,14.883333,-0.438155,-0.000018,54.285568,-0.076415,0.000003,19.003555,-0.004070,-0.000096,-19.002888,8231.976,0,0.000000,4,0,-56.662395,0,1,0
894,14.900000,-0.439429,-0.000018,54.602329,-0.076450,0.000003,19.005558,-0.004072,-0.000086,-19.004890,8232.814,0,0.000000,4,0,-56.668121,0,1,0
895,14.916667,-0.440704,-0.000018,54.919121,-0.076489,0.000004,19.007542,-0.004073,-0.000096,-19.006874,8233.646,0,0.000000,4,0,-56.673798,0,1,0
896,14.933333,-0.441979,-0.000018,55.235947,-0.076523,0.000004,19.009512,-0.004075,-0.000084,-19.008844,8234.472,0,0.000000,4,0,-56.679428,0,1,0
897,14.950000,-0.443255,-0.000018,55.552803,-0.076563,0.000003,19.011463,-0.004076,-0.000095,-19.010798,8235.289,0,0.000000,4,0,-56.685013,0,1,0
898,14.966666,-0.444532,-0.000018,55.869694,-0.076597,0.000002,19.013397,-0.004078,-0.000084,-19.012732,8236.101,0,0.000000,4,0,-56.690548,0,1,0
899,14.983334,-0.445809,-0.000018,56.186615,-0.076635,0.000003,19.015316,-0.004079,-0.000094,-19.014650,8236.905,0,0.000000,4,0,-56.696037,0,1,0
900,15.000000,-0.447087,-0.000018,56.503567,-0.076668,0.000003,19.017218,-0.004081,-0.000083,-19.016552,8237.702,0,0.000000,4,0,-56.701481,0,1,0
