frame,time,x,y,z,vx,vy,vz,yaw,yaw_rate,speed,rpm,gear,steer,grounded,original_gear,shaft_spin,throttle,brake,handbrake
0,0.000000,-0.000000,0.000000,0.000000,-0.000000,0.000000,-0.000000,-0.000011,-0.000000,0.000000,862.546,0,0.000000,4,2,0.000000,1,0,0
1,0.016667,-0.000000,0.000000,0.000000,-0.000000,0.000000,-0.000000,-0.000011,-0.000000,0.000000,976.613,0,0.000000,4,2,0.000000,1,0,0
2,0.033333,-0.000000,0.000000,0.000000,-0.000000,-0.000000,-0.000000,-0.000011,-0.000000,0.000000,1092.005,0,0.000000,4,2,0.000000,1,0,0
3,0.050000,-0.000000,0.000000,0.000000,-0.000000,0.000000,-0.000000,-0.000011,-0.000000,0.000000,1208.666,0,0.000000,4,2,0.000000,1,0,0
4,0.066667,-0.000000,0.000000,0.000000,-0.000000,0.000000,-0.000000,-0.000011,-0.000000,0.000000,1326.537,0,0.000000,4,2,0.000000,1,0,0
5,0.083333,-0.000000,0.000000,0.000000,-0.000000,-0.000000,-0.000000,-0.000011,-0.000000,0.000000,1445.556,0,0.000000,4,2,0.000000,1,0,0
6,0.100000,-0.000000,0.000000,0.000000,-0.000000,-0.000000,-0.000000,-0.000011,-0.000000,0.000000,1565.658,0,0.000000,4,2,0.000000,1,0,0
7,0.116667,-0.000000,0.000000,0.000000,-0.000000,0.000000,-0.000000,-0.000011,-0.000000,0.000000,1565.658,0,0.000000,4,2,8.131288,1,0,0
8,0.133333,0.000000,-0.000002,-0.005225,0.000004,-0.000145,-0.313491,-0.000011,0.000003,0.313491,1355.627,0,0.000000,4,2,8.312123,1,0,0
9,0.150000,0.000000,-0.000005,-0.016499,0.000008,-0.000140,-0.676433,-0.000012,-0.000019,0.676432,1385.776,0,0.000000,4,2,8.381642,1,0,0
10,0.166667,0.000000,-0.000004,-0.033725,0.000012,0.000043,-1.033567,-0.000015,-0.000215,1.033566,1397.366,0,0.000000,4,2,8.393019,1,0,0
11,0.183333,0.000001,0.000002,-0.056098,0.000012,0.000385,-1.342368,-0.000022,-0.000398,1.342365,1399.262,0,0.000000,4,2,8.399267,1,0,0
12,0.200000,0.000001,0.000018,-0.078916,0.000015,0.000926,-1.369087,-0.000030,-0.000467,1.369083,1400.304,0,0.000000,4,2,8.706410,1,0,0
13,0.216667,0.000001,0.000038,-0.106361,0.000006,0.001220,-1.646700,-0.000039,-0.000576,1.646693,1451.510,0,0.000000,4,2,8.707002,1,0,0
14,0.233333,0.000001,0.000066,-0.134140,-0.000012,0.001641,-1.666759,-0.000049,-0.000564,1.666749,1451.609,0,0.000000,4,2,9.013066,1,0,0
15,0.250000,-0.000000,0.000097,-0.162945,-0.000062,0.001873,-1.728271,-0.000057,-0.000522,1.728260,1502.635,0,0.000000,4,2,9.320422,1,0,0
16,0.266667,-0.000002,0.000129,-0.193195,-0.000129,0.001945,-1.815048,-0.000065,-0.000459,1.815034,1553.877,0,0.000000,4,2,9.629229,1,0,0
17,0.283333,-0.000006,0.000160,-0.225405,-0.000201,0.001874,-1.932584,-0.000072,-0.000384,1.932565,1605.360,0,0.000000,4,2,9.939618,1,0,0
18,0.300000,-0.000009,0.000188,-0.262103,-0.000185,0.001630,-2.201896,-0.000743,-0.040276,2.201869,1657.108,0,0.000000,4,2,10.095349,1,0,0
19,0.316667,0.000015,0.000211,-0.303363,0.001418,0.001384,-2.475562,-0.000543,0.011973,2.475526,1683.071,0,0.000000,4,2,10.251251,1,0,0
20,0.333333,-0.000029,0.000231,-0.347045,-0.002605,0.001203,-2.620913,-0.000384,0.009560,2.620867,1709.062,0,0.000000,4,2,10.563537,1,0,0
21,0.350000,-0.000104,0.000246,-0.393266,-0.004517,0.000946,-2.773255,-0.000260,0.007436,2.773202,1761.126,0,0.000000,4,2,10.877373,1,0,0
22,0.366667,-0.000150,0.000255,-0.446282,-0.002739,0.000507,-3.180978,-0.000147,0.006802,3.180910,1813.448,0,0.000000,4,2,10.878333,1,0,0
23,0.383333,-0.000212,0.000260,-0.501394,-0.003762,0.000309,-3.306703,-0.000080,0.004037,3.306628,1813.608,0,0.000000,4,2,11.192755,1,0,0
24,0.400000,-0.000263,0.000261,-0.558587,-0.003066,0.000044,-3.431602,-0.000042,0.002260,3.431522,1866.027,0,0.000000,4,2,11.508877,1,0,0
25,0.416667,-0.000275,0.000254,-0.622416,-0.000706,-0.000408,-3.829735,0.000003,0.002692,3.829638,1918.730,0,0.000000,4,2,11.511476,1,0,0
26,0.433333,-0.000304,0.000244,-0.688449,-0.001707,-0.000611,-3.961984,0.000029,0.001572,3.961883,1919.164,0,0.000000,4,2,11.796412,1,0,0
27,0.450000,-0.000293,0.000228,-0.760400,0.000649,-0.000962,-4.317068,0.000053,0.001452,4.316952,1966.667,0,0.000000,4,2,11.799359,1,0,0
28,0.466667,-0.000254,0.000208,-0.837622,0.002359,-0.001191,-4.633312,0.000058,0.000266,4.633182,1967.159,0,0.000000,4,2,11.816556,1,0,0
29,0.483333,-0.000192,0.000186,-0.919199,0.003662,-0.001315,-4.894634,0.000042,-0.000952,4.894492,1970.026,0,0.000000,4,2,11.875451,1,0,0
30,0.500000,-0.000118,0.000163,-1.004319,0.004439,-0.001374,-5.107179,0.000009,-0.001995,5.107029,1979.845,0,0.000000,4,2,11.982148,1,0,0
31,0.516667,-0.000040,0.000140,-1.092328,0.004731,-0.001405,-5.280562,-0.000037,-0.002747,5.280408,1997.633,0,0.000000,4,2,12.139844,1,0,0
32,0.533333,0.000037,0.000115,-1.183229,0.004617,-0.001449,-5.454041,-0.000084,-0.002858,5.453886,2023.923,0,0.000000,4,2,12.349604,1,0,0
33,0.550000,0.000107,0.000091,-1.276420,0.004195,-0.001488,-5.591466,-0.000133,-0.002925,5.591316,2058.894,0,0.000000,4,2,12.614802,1,0,0
34,0.566667,0.000167,0.000065,-1.371492,0.003576,-0.001543,-5.704311,-0.000178,-0.002693,5.704169,2103.107,0,0.000000,4,2,12.932919,1,0,0
35,0.583333,0.000215,0.000038,-1.468155,0.002864,-0.001624,-5.799756,-0.000214,-0.002198,5.799627,2156.143,0,0.000000,4,2,13.300270,1,0,0
36,0.600000,0.000250,0.000009,-1.566212,0.002152,-0.001731,-5.883415,-0.000239,-0.001500,5.883301,2217.387,0,0.000000,4,2,13.712105,1,0,0
37,0.616667,0.000276,-0.000022,-1.665532,0.001508,-0.001855,-5.959198,-0.000251,-0.000670,5.959100,2286.047,0,0.000000,4,2,14.162861,1,0,0
38,0.633333,0.000301,-0.000055,-1.766024,0.001555,-0.001980,-6.029542,-0.000252,-0.000092,6.029462,2361.196,0,0.000000,4,2,14.646336,1,0,0
39,0.650000,0.000332,-0.000090,-1.867622,0.001853,-0.002089,-6.095868,-0.000252,-0.000010,6.095804,2441.799,0,0.000000,4,2,15.155818,1,0,0
40,0.666667,0.000367,-0.000126,-1.970273,0.002084,-0.002164,-6.159077,-0.000248,0.000239,6.159029,2526.739,0,0.000000,4,2,15.684213,1,0,0
41,0.683333,0.000404,-0.000162,-2.073940,0.002234,-0.002192,-6.220016,-0.000238,0.000593,6.219981,2614.831,0,0.000000,4,2,16.224184,1,0,0
42,0.700000,0.000443,-0.000198,-2.178603,0.002292,-0.002160,-6.279791,-0.000222,0.000994,6.279767,2704.854,0,0.000000,4,2,16.768341,1,0,0
43,0.716667,0.000480,-0.000233,-2.284269,0.002254,-0.002060,-6.339926,-0.000199,0.001386,6.339911,2795.574,0,0.000000,4,2,17.309462,1,0,0
44,0.733333,0.000515,-0.000264,-2.390975,0.002120,-0.001887,-6.402367,-0.000170,0.001719,6.402358,2885.789,0,0.000000,4,2,17.840734,1,0,0
45,0.750000,0.000547,-0.000291,-2.498797,0.001895,-0.001641,-6.469352,-0.000138,0.001958,6.469347,2974.361,0,0.000000,4,2,18.356010,1,0,0
46,0.766667,0.000574,-0.000313,-2.607851,0.001591,-0.001325,-6.543212,-0.000103,0.002082,6.543210,3060.267,0,0.000000,4,2,18.850035,1,0,0
47,0.783333,0.000594,-0.000329,-2.718286,0.001224,-0.000946,-6.626130,-0.000068,0.002086,6.626129,3142.629,0,0.000000,4,2,19.318647,1,0,0
48,0.800000,0.000608,-0.000338,-2.830285,0.000815,-0.000513,-6.719923,-0.000035,0.001978,6.719923,3220.755,0,0.000000,4,2,19.758921,1,0,0
49,0.816667,0.000614,-0.000338,-2.944049,0.000386,-0.000039,-6.825865,-0.000006,0.001775,6.825865,3294.156,0,0.000000,4,2,20.169243,1,0,0
50,0.833333,0.000613,-0.000331,-3.059792,-0.000036,0.000463,-6.944585,0.000020,0.001504,6.944585,3362.564,0,0.000000,4,2,20.549316,1,0,0
51,0.850000,0.000606,-0.000314,-3.177726,-0.000430,0.000979,-7.076027,0.000039,0.001191,7.076027,3425.929,0,0.000000,4,2,20.900103,1,0,0
52,0.866667,0.000593,-0.000290,-3.298051,-0.000772,0.001494,-7.219483,0.000054,0.000863,7.219483,3484.411,0,0.000000,4,2,21.223701,1,0,0
53,0.883333,0.000576,-0.000256,-3.420946,-0.001046,0.001995,-7.373678,0.000063,0.000543,7.373677,3538.361,0,0.000000,4,2,21.523178,1,0,0
54,0.900000,0.000564,-0.000215,-3.546561,-0.000736,0.002464,-7.536891,0.000072,0.000571,7.536889,3588.289,0,0.000000,4,2,21.802368,1,0,0
55,0.916667,0.000551,-0.000167,-3.675012,-0.000731,0.002887,-7.707094,0.000083,0.000668,7.707089,3634.834,0,0.000000,4,2,22.065655,1,0,0
56,0.933333,0.000538,-0.000113,-3.806842,-0.000792,0.003233,-7.909811,0.000093,0.000581,7.909801,3678.729,0,0.000000,4,2,22.317738,1,0,0
57,0.950000,0.000521,-0.000054,-3.941704,-0.001009,0.003528,-8.091660,0.000102,0.000538,8.091641,3720.756,0,0.000000,4,2,22.567101,1,0,0
58,0.966667,0.000501,0.000008,-4.078690,-0.001211,0.003758,-8.219237,0.000110,0.000476,8.219209,3762.329,0,0.000000,4,2,22.875214,1,0,0
59,0.983333,0.000478,0.000072,-4.218227,-0.001412,0.003840,-8.372246,0.000101,-0.000524,8.372204,3813.697,0,0.000000,4,2,23.215651,1,0,0
60,1.000000,0.000454,0.000136,-4.359485,-0.001445,0.003824,-8.475451,0.000080,-0.001272,8.475395,3870.454,0,0.000000,4,2,23.596495,1,0,0
61,1.016667,0.000431,0.000197,-4.503003,-0.001386,0.003642,-8.611095,0.000063,-0.001057,8.611025,3933.947,0,0.000000,4,2,23.958620,1,0,0
62,1.033333,0.000410,0.000252,-4.648589,-0.001241,0.003346,-8.735156,0.000049,-0.000819,8.735070,3994.320,0,0.000000,4,2,24.313316,1,0,0
63,1.050000,0.000393,0.000301,-4.796374,-0.001032,0.002931,-8.867116,-0.000003,-0.003093,8.867017,4053.454,0,0.000000,4,2,24.659491,1,0,0
64,1.066667,0.000381,0.000342,-4.946405,-0.000698,0.002420,-9.001871,-0.000001,0.000096,9.001757,4111.167,0,0.000000,4,2,24.998266,1,0,0
65,1.083333,0.000375,0.000372,-5.098429,-0.000353,0.001844,-9.121406,-0.000059,-0.003470,9.121282,4167.646,0,0.000000,4,2,25.356497,1,0,0
66,1.100000,0.000377,0.000392,-5.252835,0.000091,0.001193,-9.264411,-0.000077,-0.001117,9.264277,4227.370,0,0.000000,4,2,25.695864,1,0,0
67,1.116667,0.000386,0.000401,-5.408849,0.000549,0.000539,-9.360830,-0.000058,0.001159,9.360690,4283.948,0,0.000000,4,2,26.068802,1,0,0
68,1.133333,0.000401,0.000398,-5.567225,0.000915,-0.000169,-9.502531,-0.000077,-0.001114,9.502387,4346.124,0,0.000000,4,2,26.419786,1,0,0
69,1.150000,0.000422,0.000384,-5.727726,0.001230,-0.000852,-9.630136,-0.000125,-0.002884,9.629992,4404.639,0,0.000000,4,2,26.763134,1,0,0
70,1.166667,0.000448,0.000359,-5.890435,0.001564,-0.001505,-9.762508,-0.000144,-0.001198,9.762365,4461.881,0,0.000000,4,2,27.097956,1,0,0
71,1.183333,0.000479,0.000324,-6.055000,0.001865,-0.002094,-9.873932,-0.000140,0.000296,9.873795,4517.701,0,0.000000,4,2,27.449047,1,0,0
72,1.200000,0.000515,0.000280,-6.221858,0.002171,-0.002635,-10.011432,-0.000120,0.001139,10.011300,4576.234,0,0.000000,4,2,27.779037,1,0,0
73,1.216667,0.000553,0.000229,-6.390465,0.002308,-0.003067,-10.116440,-0.000136,-0.000940,10.116318,4631.250,0,0.000000,4,2,28.131565,1,0,0
74,1.233333,0.000593,0.000172,-6.561448,0.002371,-0.003430,-10.258960,-0.000136,-0.000020,10.258848,4690.022,0,0.000000,4,2,28.461893,1,0,0
75,1.250000,0.000632,0.000111,-6.734177,0.002340,-0.003655,-10.363768,-0.000109,0.001620,10.363667,4745.094,0,0.000000,4,2,28.812500,1,0,0
76,1.266667,0.000668,0.000048,-6.909177,0.002175,-0.003791,-10.499966,-0.000110,-0.000014,10.499874,4803.546,0,0.000000,4,2,29.140583,1,0,0
77,1.283333,0.000701,-0.000015,-7.085922,0.001945,-0.003787,-10.604727,-0.000133,-0.001399,10.604646,4858.243,0,0.000000,4,2,29.481527,1,0,0
78,1.300000,0.000730,-0.000077,-7.265103,0.001749,-0.003698,-10.750828,-0.000120,0.000791,10.750754,4915.084,0,0.000000,4,2,29.799442,1,0,0
79,1.316667,0.000755,-0.000134,-7.445823,0.001523,-0.003459,-10.843190,-0.000082,0.002252,10.843126,4968.086,0,0.000000,4,2,30.156252,1,0,0
80,1.333333,0.000776,-0.000187,-7.628665,0.001226,-0.003156,-10.970531,-0.000085,-0.000179,10.970474,5027.573,0,0.000000,4,2,30.488741,1,0,0
81,1.350000,0.000791,-0.000233,-7.813520,0.000955,-0.002757,-11.091340,-0.000087,-0.000100,11.091290,5083.004,0,0.000000,4,2,30.811256,1,0,0
82,1.366667,0.000806,-0.000271,-8.000444,0.000888,-0.002286,-11.215413,-0.000068,0.001166,11.215369,5136.773,0,0.000000,4,2,31.123730,1,0,0
83,1.383333,0.000819,-0.000300,-8.189316,0.000788,-0.001755,-11.332266,-0.000082,-0.000838,11.332225,5188.868,0,0.000000,4,2,31.452169,1,0,0
84,1.400000,0.000832,-0.000320,-8.380141,0.000742,-0.001188,-11.449568,-0.000085,-0.000227,11.449532,5243.625,0,0.000000,4,2,31.775862,1,0,0
85,1.416667,0.000844,-0.000330,-8.572901,0.000738,-0.000603,-11.565569,-0.000087,-0.000106,11.565535,5297.590,0,0.000000,4,2,32.097717,1,0,0
86,1.433333,0.000857,-0.000331,-8.767599,0.000767,-0.000019,-11.681829,-0.000088,-0.000039,11.681796,5351.249,0,0.000000,4,2,32.416737,1,0,0
87,1.450000,0.000870,-0.000321,-8.964207,0.000820,0.000545,-11.796467,-0.000088,-0.000016,11.796434,5404.435,0,0.000000,4,2,32.734543,1,0,0
88,1.466667,0.000885,-0.000304,-9.162732,0.000890,0.001074,-11.911532,-0.000088,-0.000013,11.911501,5457.418,0,0.000000,4,2,33.049393,1,0,0
89,1.483333,0.000901,-0.000278,-9.363145,0.000969,0.001552,-12.024748,-0.000089,-0.000019,12.024715,5509.910,0,0.000000,4,2,33.363167,1,0,0
90,1.500000,0.000919,-0.000245,-9.565454,0.001048,0.001967,-12.138543,-0.000089,-0.000030,12.138508,5562.221,0,0.000000,4,2,33.673786,1,0,0
91,1.516667,0.000937,-0.000206,-9.769626,0.001088,0.002309,-12.250315,-0.000090,-0.000023,12.250278,5614.007,0,0.000000,4,2,33.983406,1,0,0
92,1.533333,0.000956,-0.000164,-9.975672,0.001128,0.002569,-12.362755,-0.000090,-0.000027,12.362715,5665.626,0,0.000000,4,2,34.289719,1,0,0
93,1.550000,0.000975,-0.000118,-10.183556,0.001163,0.002744,-12.473068,-0.000091,-0.000031,12.473026,5716.694,0,0.000000,4,2,34.595055,1,0,0
94,1.566667,0.000995,-0.000071,-10.393290,0.001192,0.002829,-12.584060,-0.000091,-0.000035,12.584015,5767.599,0,0.000000,4,2,34.897003,1,0,0
95,1.583333,0.001015,-0.000024,-10.604838,0.001209,0.002829,-12.692905,-0.000092,-0.000041,12.692857,5817.938,0,0.000000,4,2,35.197933,1,0,0
96,1.600000,0.001036,0.000022,-10.818211,0.001223,0.002744,-12.802355,-0.000092,-0.000044,12.802301,5868.109,0,0.000000,4,2,35.495472,1,0,0
97,1.616667,0.001056,0.000065,-11.033373,0.001233,0.002581,-12.909719,-0.000093,-0.000045,12.909661,5917.714,0,0.000000,4,2,35.791885,1,0,0
98,1.633333,0.001077,0.000104,-11.250332,0.001240,0.002347,-13.017543,-0.000094,-0.000046,13.017482,5967.131,0,0.000000,4,2,36.084969,1,0,0
99,1.650000,0.001098,0.000139,-11.469055,0.001246,0.002054,-13.123405,-0.000095,-0.000044,13.123340,6015.993,0,0.000000,4,2,36.376766,1,0,0
100,1.666667,0.001118,0.000167,-11.689548,0.001252,0.001711,-13.229534,-0.000095,-0.000042,13.229464,6064.641,0,0.000000,4,2,36.665344,1,0,0
101,1.683333,0.001140,0.000189,-11.911778,0.001266,0.001332,-13.333869,-0.000096,-0.000042,13.333795,6112.752,0,0.000000,4,2,36.952450,1,0,0
102,1.700000,0.001161,0.000205,-12.135750,0.001286,0.000929,-13.438254,-0.000097,-0.000042,13.438178,6160.617,0,0.000000,4,2,37.236237,1,0,0
103,1.716667,0.001183,0.000213,-12.361432,0.001308,0.000515,-13.540945,-0.000097,-0.000040,13.540866,6207.930,0,0.000000,4,2,37.517296,1,0,0
104,1.733333,0.001205,0.000215,-12.588818,0.001332,0.000103,-13.643131,-0.000098,-0.000038,13.643051,6254.787,0,0.000000,4,2,37.793804,1,0,0
105,1.750000,0.001228,0.000210,-12.817874,0.001357,-0.000295,-13.743416,-0.000099,-0.000035,13.743333,6300.886,0,0.000000,4,2,38.066288,1,0,0
106,1.766667,0.001251,0.000199,-13.048585,0.001383,-0.000669,-13.842654,-0.000099,-0.000031,13.842572,6346.314,0,0.000000,4,2,38.333408,1,0,0
107,1.783333,0.001274,0.000182,-13.280914,0.001402,-0.001007,-13.939809,-0.000100,-0.000031,13.939727,6390.847,0,0.000000,4,2,38.595535,1,0,0
108,1.800000,0.001298,0.000160,-13.514839,0.001421,-0.001303,-14.035469,-0.000100,-0.000030,14.035389,6434.548,0,0.000000,4,2,38.851692,1,0,0
109,1.816667,0.001322,0.000135,-13.750320,0.001438,-0.001549,-14.128896,-0.000101,-0.000030,14.128818,6477.254,0,0.000000,4,2,39.102135,1,0,0
110,1.833333,0.001346,0.000106,-13.987329,0.001460,-0.001740,-14.220484,-0.000101,-0.000027,14.220407,6519.007,0,0.000000,4,2,39.346180,1,0,0
111,1.850000,0.001371,0.000074,-14.225825,0.001471,-0.001874,-14.309726,-0.000102,-0.000030,14.309652,6559.694,0,0.000000,4,2,39.584000,1,0,0
112,1.866667,0.001395,0.000042,-14.465774,0.001487,-0.001950,-14.396879,-0.000102,-0.000029,14.396810,6599.342,0,0.000000,4,2,39.815155,1,0,0
113,1.883333,0.001420,0.000009,-14.707133,0.001506,-0.001966,-14.481615,-0.000102,-0.000026,14.481553,6637.880,0,0.000000,4,2,40.039776,1,0,0
114,1.900000,0.001446,-0.000023,-14.949869,0.001526,-0.001928,-14.564101,-0.000103,-0.000024,14.564043,6675.328,0,0.000000,4,2,40.257599,1,0,0
115,1.916667,0.001472,-0.000054,-15.193937,0.001542,-0.001836,-14.644132,-0.000103,-0.000024,14.644078,6711.644,0,0.000000,4,2,40.468746,1,0,0
116,1.933333,0.001497,-0.000082,-15.439301,0.001558,-0.001697,-14.721824,-0.000104,-0.000022,14.721774,6746.845,0,0.000000,4,2,40.673092,1,0,0
117,1.950000,0.001524,-0.000107,-15.685920,0.001570,-0.001517,-14.797061,-0.000104,-0.000022,14.797015,6780.913,0,0.000000,4,2,40.870758,1,0,0
118,1.966667,0.001550,-0.000129,-15.933752,0.001585,-0.001303,-14.869931,-0.000104,-0.000020,14.869889,6813.868,0,0.000000,4,2,41.061714,1,0,0
119,1.983333,0.001577,-0.000147,-16.182758,0.001596,-0.001062,-14.940376,-0.000105,-0.000020,14.940339,6845.703,0,0.000000,4,2,41.246094,1,0,0
120,2.000000,0.001603,-0.000160,-16.432899,0.001609,-0.000803,-15.008471,-0.000105,-0.000018,15.008437,6876.443,0,0.000000,4,2,41.423939,1,0,0
121,2.016667,0.001630,-0.000169,-16.684135,0.001619,-0.000535,-15.074200,-0.000105,-0.000019,15.074170,6906.093,0,0.000000,4,2,41.595394,1,0,0
122,2.033333,0.001658,-0.000173,-16.936430,0.001630,-0.000265,-15.137629,-0.000106,-0.000017,15.137603,6934.677,0,0.000000,4,2,41.760551,1,0,0
123,2.050000,0.001685,-0.000173,-17.189743,0.001640,-0.000001,-15.198771,-0.000106,-0.000017,15.198745,6962.211,0,0.000000,4,2,41.919567,1,0,0
124,2.066667,0.001712,-0.000169,-17.444038,0.001651,0.000250,-15.257692,-0.000106,-0.000015,15.257670,6988.722,0,0.000000,4,2,42.072563,1,0,0
125,2.083333,0.001740,-0.000161,-17.699278,0.001656,0.000481,-15.314422,-0.000106,-0.000017,15.314401,7014.230,0,0.000000,4,2,42.219704,1,0,0
126,2.100000,0.001768,-0.000150,-17.955427,0.001663,0.000686,-15.369024,-0.000107,-0.000017,15.369004,7038.760,0,0.000000,4,2,42.361134,1,0,0
127,2.116667,0.001796,-0.000135,-18.212454,0.001672,0.000862,-15.421545,-0.000107,-0.000016,15.421527,7062.339,0,0.000000,4,2,42.497025,1,0,0
128,2.133333,0.001824,-0.000119,-18.470322,0.001681,0.001005,-15.472043,-0.000107,-0.000015,15.472029,7084.995,0,0.000000,4,2,42.627533,1,0,0
129,2.150000,0.001852,-0.000100,-18.728998,0.001690,0.001111,-15.520574,-0.000107,-0.000013,15.520560,7106.752,0,0.000000,4,2,42.752827,1,0,0
130,2.166667,0.001880,-0.000080,-18.988451,0.001693,0.001181,-15.567196,-0.000108,-0.000016,15.567182,7127.641,0,0.000000,4,2,42.873074,1,0,0
131,2.183333,0.001908,-0.000060,-19.248650,0.001697,0.001214,-15.611967,-0.000108,-0.000015,15.611954,7147.688,0,0.000000,4,2,42.988438,1,0,0
132,2.200000,0.001937,-0.000040,-19.509567,0.001704,0.001211,-15.654948,-0.000108,-0.000015,15.654935,7166.921,1,0.000000,4,3,61.973755,1,0,0
133,2.216667,0.001966,-0.000023,-19.777515,0.001747,0.000998,-16.076822,-0.000111,-0.000157,16.076803,7166.921,1,0.000000,4,3,60.719719,1,0,0
134,2.233333,0.001995,-0.000005,-20.047544,0.001739,0.001103,-16.201719,-0.000115,-0.000248,16.201691,7067.946,1,0.000000,4,3,60.128174,1,0,0
135,2.250000,0.002024,0.000015,-20.319374,0.001726,0.001204,-16.309856,-0.000120,-0.000333,16.309820,6961.590,1,0.000000,4,3,59.534775,1,0,0
136,2.266667,0.002053,0.000035,-20.596905,0.001786,0.001167,-16.651760,-0.000128,-0.000453,16.651705,6847.817,1,0.000000,4,3,58.265118,1,0,0
137,2.283333,0.002083,0.000057,-20.875566,0.001773,0.001356,-16.719769,-0.000137,-0.000522,16.719692,6709.765,1,0.000000,4,3,57.665955,1,0,0
138,2.300000,0.002113,0.000081,-21.156488,0.001784,0.001428,-16.855358,-0.000145,-0.000505,16.855263,6576.785,1,0.000000,4,3,57.065037,1,0,0
139,2.316667,0.002147,0.000103,-21.443838,0.002058,0.001335,-17.240833,-0.000154,-0.000524,17.240700,6436.264,1,0.000000,4,3,55.778557,1,0,0
140,2.333333,0.002183,0.000128,-21.732475,0.002150,0.001483,-17.318241,-0.000164,-0.000588,17.318075,6258.305,1,0.000000,4,3,55.171185,1,0,0
141,2.350000,0.002225,0.000151,-22.027378,0.002527,0.001377,-17.694199,-0.000173,-0.000534,17.693983,6098.188,1,0.000000,4,3,53.871738,1,0,0
142,2.366667,0.002269,0.000176,-22.323320,0.002652,0.001491,-17.756496,-0.000182,-0.000571,17.756243,5891.633,1,0.000000,4,3,53.258575,1,0,0
143,2.383333,0.002322,0.000198,-22.625753,0.003164,0.001309,-18.146036,-0.000189,-0.000417,18.145720,5711.681,1,0.000000,4,3,51.947792,1,0,0
144,2.400000,0.002384,0.000218,-22.933207,0.003717,0.001239,-18.447136,-0.000192,-0.000182,18.446758,5476.201,1,0.000000,4,3,50.693958,1,0,0
145,2.416667,0.002447,0.000238,-23.244005,0.003770,0.001215,-18.647804,-0.000196,-0.000249,18.647366,5228.630,1,0.000000,4,3,49.642071,1,0,0
146,2.433333,0.002511,0.000257,-23.558348,0.003836,0.001115,-18.860554,-0.000199,-0.000162,18.860058,4981.792,1,0.000000,4,3,48.748512,1,0,0
147,2.450000,0.002576,0.000274,-23.874908,0.003938,0.000992,-18.993721,-0.000201,-0.000103,18.993185,4735.659,1,0.000000,4,3,48.072056,1,0,0
148,2.466667,0.002642,0.000287,-24.192610,0.003942,0.000793,-19.062134,-0.000202,-0.000104,19.061586,4498.693,1,0.000000,4,3,47.624641,1,0,0
149,2.483333,0.002708,0.000295,-24.510508,0.003959,0.000489,-19.073822,-0.000204,-0.000083,19.073290,4456.823,1,0.000000,4,3,48.138393,1,0,0
150,2.500000,0.002774,0.000296,-24.828262,0.003985,0.000047,-19.065304,-0.000204,-0.000044,19.064817,4504.901,1,0.000000,4,3,48.781914,1,0,0
151,2.516667,0.002840,0.000287,-25.145643,0.003963,-0.000524,-19.042850,-0.000205,-0.000025,19.042429,4565.124,1,0.000000,4,3,49.515331,1,0,0
152,2.533333,0.002906,0.000267,-25.462561,0.003949,-0.001198,-19.015083,-0.000205,0.000008,19.014738,4633.758,1,0.000000,4,3,50.297676,1,0,0
153,2.550000,0.002972,0.000235,-25.778963,0.003943,-0.001928,-18.984138,-0.000204,0.000035,18.983875,4706.972,1,0.000000,4,3,51.089993,1,0,0
154,2.566667,0.003037,0.000190,-26.095058,0.003934,-0.002674,-18.965721,-0.000203,0.000072,18.965534,4781.119,1,0.000000,4,3,51.855804,1,0,0
155,2.583333,0.003103,0.000134,-26.411203,0.003922,-0.003381,-18.968662,-0.000201,0.000113,18.968538,4852.785,1,0.000000,4,3,52.566666,1,0,0
156,2.600000,0.003168,0.000067,-26.727821,0.003904,-0.003994,-18.997053,-0.000199,0.000151,18.996981,4919.309,1,0.000000,4,3,53.202419,1,0,0
157,2.616667,0.003232,-0.000007,-27.045340,0.003877,-0.004462,-19.051092,-0.000196,0.000180,19.051056,4978.805,1,0.000000,4,3,53.750984,1,0,0
158,2.633333,0.003296,-0.000086,-27.364143,0.003840,-0.004744,-19.128246,-0.000192,0.000196,19.128233,5030.140,1,0.000000,4,3,54.207539,1,0,0
159,2.650000,0.003360,-0.000166,-27.684549,0.003792,-0.004812,-19.224424,-0.000189,0.000196,19.224421,5072.866,1,0.000000,4,3,54.573399,1,0,0
160,2.666667,0.003422,-0.000244,-28.006800,0.003733,-0.004655,-19.334999,-0.000186,0.000180,19.334999,5107.104,1,0.000000,4,3,54.854752,1,0,0
161,2.683333,0.003483,-0.000315,-28.331059,0.003668,-0.004277,-19.455551,-0.000184,0.000149,19.455551,5133.434,1,0.000000,4,3,55.061447,1,0,0
162,2.700000,0.003543,-0.000377,-28.657431,0.003589,-0.003698,-19.582315,-0.000182,0.000114,19.582314,5152.777,1,0.000000,4,3,55.205856,1,0,0
163,2.716667,0.003601,-0.000426,-28.985971,0.003514,-0.002950,-19.712353,-0.000180,0.000073,19.712351,5166.291,1,0.000000,4,3,55.301910,1,0,0
164,2.733333,0.003660,-0.000461,-29.317072,0.003524,-0.002082,-19.866077,-0.000179,0.000113,19.866076,5175.280,1,0.000000,4,3,55.364246,1,0,0
165,2.750000,0.003719,-0.000479,-29.650713,0.003539,-0.001111,-20.018490,-0.000177,0.000105,20.018486,5181.113,1,0.000000,4,3,55.414146,1,0,0
166,2.766667,0.003778,-0.000480,-29.985390,0.003506,-0.000042,-20.080570,-0.000177,-0.000037,20.080568,5185.783,1,0.000000,4,3,55.708740,1,0,0
167,2.783333,0.003835,-0.000464,-30.321886,0.003468,0.000969,-20.189659,-0.000179,-0.000126,20.189655,5213.352,1,0.000000,4,3,55.929726,1,0,0
168,2.800000,0.003893,-0.000431,-30.659924,0.003455,0.001940,-20.282240,-0.000182,-0.000154,20.282236,5234.032,1,0.000000,4,3,56.192425,1,0,0
169,2.816667,0.003951,-0.000384,-30.999596,0.003477,0.002816,-20.380314,-0.000185,-0.000167,20.380304,5258.617,1,0.000000,4,3,56.448177,1,0,0
170,2.833333,0.004010,-0.000325,-31.340857,0.003531,0.003575,-20.475683,-0.000188,-0.000166,20.475664,5282.550,1,0.000000,4,3,56.711086,1,0,0
171,2.850000,0.004070,-0.000255,-31.683727,0.003616,0.004188,-20.572216,-0.000190,-0.000158,20.572186,5307.154,1,0.000000,4,3,56.971546,1,0,0
172,2.866667,0.004132,-0.000178,-32.028191,0.003724,0.004640,-20.667894,-0.000193,-0.000142,20.667850,5331.528,1,0.000000,4,3,57.233139,1,0,0
173,2.883333,0.004196,-0.000096,-32.374252,0.003844,0.004921,-20.763651,-0.000195,-0.000121,20.763586,5356.009,1,0.000000,4,3,57.493565,1,0,0
174,2.900000,0.004262,-0.000012,-32.721905,0.003966,0.005026,-20.858982,-0.000196,-0.000095,20.858900,5380.380,1,0.000000,4,3,57.753727,1,0,0
175,2.916667,0.004330,0.000071,-33.071140,0.004091,0.004958,-20.954105,-0.000197,-0.000073,20.954002,5404.727,1,0.000000,4,3,58.013077,1,0,0
176,2.933333,0.004401,0.000150,-33.421951,0.004209,0.004725,-21.048889,-0.000198,-0.000050,21.048767,5428.997,1,0.000000,4,3,58.271835,1,0,0
177,2.950000,0.004472,0.000222,-33.774342,0.004259,0.004340,-21.143377,-0.000199,-0.000064,21.143232,5453.212,1,0.000000,4,3,58.529881,1,0,0
178,2.966667,0.004543,0.000286,-34.128304,0.004308,0.003824,-21.237532,-0.000200,-0.000062,21.237371,5477.361,1,0.000000,4,3,58.787258,1,0,0
179,2.983333,0.004616,0.000339,-34.483822,0.004352,0.003196,-21.331362,-0.000201,-0.000056,21.331186,5501.447,1,0.000000,4,3,59.043926,1,0,0
180,3.000000,0.004689,0.000380,-34.840904,0.004376,0.002482,-21.424850,-0.000202,-0.000056,21.424667,5525.467,1,0.000000,4,3,59.299904,1,0,0
181,3.016667,0.004762,0.000409,-35.199539,0.004403,0.001708,-21.518000,-0.000203,-0.000049,21.517807,5549.421,1,0.000000,4,3,59.555168,1,0,0
182,3.033333,0.004836,0.000424,-35.559719,0.004443,0.000901,-21.610804,-0.000204,-0.000047,21.610607,5573.310,1,0.000000,4,3,59.809715,1,0,0
183,3.050000,0.004911,0.000425,-35.921440,0.004485,0.000088,-21.703262,-0.000205,-0.000043,21.703070,5597.130,1,0.000000,4,3,60.063530,1,0,0
184,3.066667,0.004986,0.000413,-36.284698,0.004516,-0.000704,-21.795374,-0.000205,-0.000046,21.795187,5620.883,1,0.000000,4,3,60.316608,1,0,0
185,3.083333,0.005062,0.000389,-36.649483,0.004554,-0.001453,-21.887138,-0.000206,-0.000044,21.886957,5644.567,1,0.000000,4,3,60.568939,1,0,0
186,3.100000,0.005139,0.000354,-37.015793,0.004593,-0.002134,-21.978561,-0.000207,-0.000041,21.978394,5668.181,1,0.000000,4,3,60.820499,1,0,0
187,3.116667,0.005216,0.000308,-37.383621,0.004621,-0.002728,-22.069647,-0.000207,-0.000045,22.069490,5691.722,1,0.000000,4,3,61.071281,1,0,0
188,3.133333,0.005293,0.000255,-37.752960,0.004656,-0.003219,-22.160397,-0.000208,-0.000043,22.160255,5715.191,1,0.000000,4,3,61.321270,1,0,0
189,3.150000,0.005372,0.000195,-38.123810,0.004693,-0.003594,-22.250820,-0.000209,-0.000041,22.250692,5738.585,1,0.000000,4,3,61.570446,1,0,0
190,3.166667,0.005450,0.000131,-38.496159,0.004724,-0.003845,-22.340921,-0.000210,-0.000042,22.340807,5761.904,1,0.000000,4,3,61.818790,1,0,0
191,3.183333,0.005530,0.000064,-38.870003,0.004761,-0.003968,-22.430710,-0.000210,-0.000039,22.430609,5785.144,1,0.000000,4,3,62.066292,1,0,0
192,3.200000,0.005609,-0.000002,-39.245338,0.004789,-0.003963,-22.520189,-0.000211,-0.000042,22.520100,5808.306,1,0.000000,4,3,62.312931,1,0,0
193,3.216667,0.005690,-0.000066,-39.622162,0.004823,-0.003835,-22.609365,-0.000212,-0.000041,22.609287,5831.387,1,0.000000,4,3,62.558697,1,0,0
194,3.233333,0.005771,-0.000125,-40.000465,0.004859,-0.003593,-22.698246,-0.000212,-0.000038,22.698177,5854.386,1,0.000000,4,3,62.803574,1,0,0
195,3.250000,0.005852,-0.000180,-40.380249,0.004886,-0.003249,-22.786833,-0.000213,-0.000041,22.786774,5877.303,1,0.000000,4,3,63.047558,1,0,0
196,3.266667,0.005934,-0.000226,-40.761501,0.004919,-0.002816,-22.875130,-0.000214,-0.000040,22.875076,5900.135,1,0.000000,4,3,63.290638,1,0,0
197,3.283333,0.006017,-0.000265,-41.144218,0.004955,-0.002314,-22.963142,-0.000214,-0.000038,22.963093,5922.883,1,0.000000,4,3,63.532799,1,0,0
198,3.300000,0.006100,-0.000294,-41.528400,0.004984,-0.001759,-23.050867,-0.000215,-0.000040,23.050823,5945.545,1,0.000000,4,3,63.774044,1,0,0
199,3.316667,0.006184,-0.000314,-41.914040,0.005019,-0.001172,-23.138309,-0.000216,-0.000038,23.138266,5968.121,1,0.000000,4,3,64.014366,1,0,0
200,3.333333,0.006268,-0.000323,-42.301128,0.005049,-0.000573,-23.225470,-0.000216,-0.000039,23.225428,5990.612,1,0.000000,4,3,64.253754,1,0,0
201,3.350000,0.006352,-0.000323,-42.689667,0.005084,0.000020,-23.312342,-0.000217,-0.000037,23.312302,6013.014,1,0.000000,4,3,64.492218,1,0,0
202,3.366667,0.006438,-0.000313,-43.079651,0.005114,0.000588,-23.398932,-0.000217,-0.000039,23.398890,6035.330,1,0.000000,4,3,64.729744,1,0,0
203,3.383333,0.006523,-0.000295,-43.471073,0.005148,0.001114,-23.485229,-0.000218,-0.000037,23.485189,6057.558,1,0.000000,4,3,64.966347,1,0,0
204,3.400000,0.006610,-0.000268,-43.863926,0.005180,0.001585,-23.571241,-0.000219,-0.000039,23.571199,6079.699,1,0.000000,4,3,65.202011,1,0,0
205,3.416667,0.006697,-0.000235,-44.258209,0.005216,0.001988,-23.656958,-0.000219,-0.000036,23.656912,6101.753,1,0.000000,4,3,65.436745,1,0,0
206,3.433333,0.006784,-0.000197,-44.653915,0.005246,0.002314,-23.742376,-0.000220,-0.000038,23.742327,6123.721,1,0.000000,4,3,65.670547,1,0,0
207,3.450000,0.006872,-0.000154,-45.051041,0.005280,0.002556,-23.827494,-0.000221,-0.000037,23.827440,6145.601,1,0.000000,4,3,65.903336,1,0,0
208,3.466667,0.006961,-0.000109,-45.449577,0.005313,0.002710,-23.912287,-0.000221,-0.000037,23.912230,6167.386,1,0.000000,4,3,66.134911,1,0,0
209,3.483333,0.007050,-0.000063,-45.849525,0.005347,0.002777,-23.996706,-0.000222,-0.000037,23.996643,6189.057,1,0.000000,4,3,66.365150,1,0,0
210,3.500000,0.007140,-0.000017,-46.250874,0.005381,0.002756,-24.080711,-0.000222,-0.000036,24.080641,6210.603,1,0.000000,4,3,66.593948,1,0,0
211,3.516667,0.007230,0.000028,-46.653606,0.005415,0.002653,-24.164261,-0.000223,-0.000037,24.164185,6232.014,1,0.000000,4,3,66.821220,1,0,0
212,3.533333,0.007321,0.000069,-47.057728,0.005449,0.002474,-24.247320,-0.000224,-0.000036,24.247246,6253.283,1,0.000000,4,3,67.046867,1,0,0
213,3.550000,0.007412,0.000106,-47.463230,0.005482,0.002228,-24.329849,-0.000224,-0.000037,24.329769,6274.400,1,0.000000,4,3,67.270813,1,0,0
214,3.566667,0.007504,0.000138,-47.870090,0.005517,0.001927,-24.411818,-0.000225,-0.000035,24.411730,6295.357,1,0.000000,4,3,67.492981,1,0,0
215,3.583333,0.007596,0.000164,-48.278313,0.005549,0.001581,-24.493189,-0.000225,-0.000036,24.493097,6316.147,1,0.000000,4,3,67.713295,1,0,0
216,3.600000,0.007689,0.000184,-48.687878,0.005584,0.001203,-24.573933,-0.000226,-0.000036,24.573837,6336.765,1,0.000000,4,3,67.931694,1,0,0
217,3.616667,0.007783,0.000198,-49.098782,0.005617,0.000805,-24.654024,-0.000227,-0.000035,24.653929,6357.204,1,0.000000,4,3,68.148102,1,0,0
218,3.633333,0.007877,0.000205,-49.511005,0.005650,0.000401,-24.733431,-0.000227,-0.000035,24.733332,6377.456,1,0.000000,4,3,68.362473,1,0,0
219,3.650000,0.007972,0.000205,-49.924541,0.005682,0.000002,-24.812130,-0.000228,-0.000035,24.812031,6397.517,1,0.000000,4,3,68.574745,1,0,0
220,3.666667,0.008067,0.000198,-50.339378,0.005715,-0.000378,-24.890100,-0.000228,-0.000035,24.889999,6417.382,1,0.000000,4,3,68.784859,1,0,0
221,3.683333,0.008163,0.000186,-50.755501,0.005747,-0.000731,-24.967318,-0.000229,-0.000034,24.967218,6437.045,1,0.000000,4,3,68.992775,1,0,0
222,3.700000,0.008259,0.000169,-51.172897,0.005778,-0.001046,-25.043764,-0.000230,-0.000034,25.043667,6456.502,1,0.000000,4,3,69.198441,1,0,0
223,3.716667,0.008356,0.000147,-51.591553,0.005810,-0.001317,-25.119421,-0.000230,-0.000034,25.119328,6475.749,1,0.000000,4,3,69.401810,1,0,0
224,3.733333,0.008453,0.000121,-52.011459,0.005841,-0.001536,-25.194273,-0.000231,-0.000033,25.194185,6494.780,1,0.000000,4,3,69.602852,1,0,0
225,3.750000,0.008551,0.000093,-52.432598,0.005871,-0.001700,-25.268305,-0.000231,-0.000033,25.268217,6513.595,1,0.000000,4,3,69.801529,1,0,0
226,3.766667,0.008650,0.000063,-52.854958,0.005902,-0.001807,-25.341503,-0.000232,-0.000033,25.341421,6532.188,1,0.000000,4,3,69.997810,1,0,0
227,3.783333,0.008748,0.000032,-53.278522,0.005931,-0.001855,-25.413857,-0.000232,-0.000032,25.413778,6550.556,1,0.000000,4,3,70.191666,1,0,0
228,3.800000,0.008848,0.000001,-53.703274,0.005961,-0.001846,-25.485357,-0.000233,-0.000032,25.485285,6568.697,1,0.000000,4,3,70.383064,1,0,0
229,3.816667,0.008948,-0.000029,-54.129208,0.005990,-0.001783,-25.555994,-0.000233,-0.000032,25.555925,6586.608,1,0.000000,4,3,70.571983,1,0,0
230,3.833333,0.009048,-0.000057,-54.556305,0.006019,-0.001671,-25.625757,-0.000234,-0.000031,25.625694,6604.289,1,0.000000,4,3,70.758415,1,0,0
231,3.850000,0.009149,-0.000082,-54.984550,0.006047,-0.001514,-25.694645,-0.000234,-0.000031,25.694586,6621.734,1,0.000000,4,3,70.942337,1,0,0
232,3.866667,0.009250,-0.000104,-55.413929,0.006075,-0.001321,-25.762650,-0.000235,-0.000031,25.762592,6638.947,1,0.000000,4,3,71.123734,1,0,0
233,3.883333,0.009352,-0.000122,-55.844421,0.006103,-0.001096,-25.829765,-0.000235,-0.000030,25.829712,6655.922,1,0.000000,4,3,71.302597,1,0,0
234,3.900000,0.009454,-0.000136,-56.276024,0.006131,-0.000851,-25.895987,-0.000236,-0.000030,25.895933,6672.660,1,0.000000,4,3,71.478928,1,0,0
235,3.916667,0.009557,-0.000146,-56.708714,0.006158,-0.000593,-25.961315,-0.000236,-0.000030,25.961269,6689.162,1,0.000000,4,3,71.652702,1,0,0
236,3.933333,0.009660,-0.000152,-57.142475,0.006185,-0.000331,-26.025742,-0.000237,-0.000030,26.025696,6705.424,1,0.000000,4,3,71.823944,1,0,0
237,3.950000,0.009763,-0.000153,-57.577297,0.006213,-0.000070,-26.089273,-0.000237,-0.000029,26.089231,6721.450,1,0.000000,4,3,71.992630,1,0,0
238,3.966667,0.009867,-0.000150,-58.013161,0.006239,0.000180,-26.151901,-0.000238,-0.000029,26.151859,6737.235,1,0.000000,4,3,72.158783,1,0,0
239,3.983333,0.009972,-0.000143,-58.450058,0.006265,0.000411,-26.213631,-0.000238,-0.000028,26.213589,6752.784,1,0.000000,4,3,72.322395,1,0,0
240,4.000000,0.010076,-0.000133,-58.887966,0.006291,0.000619,-26.274460,-0.000239,-0.000027,26.274420,6768.096,1,0.000000,4,3,72.483482,1,0,0
241,4.016667,0.010182,-0.000119,-59.326874,0.006317,0.000799,-26.334389,-0.000239,-0.000027,26.334351,6783.170,1,0.000000,4,3,72.642044,1,0,0
242,4.033333,0.010287,-0.000104,-59.766769,0.006342,0.000946,-26.393419,-0.000240,-0.000027,26.393381,6798.009,1,0.000000,4,3,72.798096,1,0,0
243,4.050000,0.010394,-0.000086,-60.207630,0.006368,0.001057,-26.451553,-0.000240,-0.000026,26.451515,6812.613,1,0.000000,4,3,72.951660,1,0,0
244,4.066667,0.010500,-0.000067,-60.649441,0.006393,0.001132,-26.508795,-0.000241,-0.000026,26.508757,6826.984,1,0.000000,4,3,73.102737,1,0,0
245,4.083333,0.010607,-0.000048,-61.092194,0.006418,0.001170,-26.565145,-0.000241,-0.000026,26.565107,6841.122,1,0.000000,4,3,73.251358,1,0,0
246,4.100000,0.010714,-0.000028,-61.535870,0.006442,0.001171,-26.620611,-0.000241,-0.000025,26.620571,6855.030,1,0.000000,4,3,73.397522,1,0,0
247,4.116667,0.010822,-0.000009,-61.980457,0.006467,0.001138,-26.675194,-0.000242,-0.000025,26.675154,6868.709,1,0.000000,4,3,73.541267,1,0,0
248,4.133333,0.010930,0.000009,-62.425938,0.006491,0.001072,-26.728899,-0.000242,-0.000024,26.728859,6882.161,1,0.000000,4,3,73.682602,1,0,0
249,4.150000,0.011039,0.000025,-62.872299,0.006514,0.000978,-26.781731,-0.000243,-0.000024,26.781691,6895.387,1,0.000000,4,3,73.821556,1,0,0
250,4.166667,0.011148,0.000039,-63.319527,0.006538,0.000861,-26.833696,-0.000243,-0.000024,26.833656,6908.391,1,0.000000,4,3,73.958138,1,0,0
251,4.183333,0.011257,0.000051,-63.767605,0.006561,0.000724,-26.884802,-0.000243,-0.000023,26.884760,6921.173,1,0.000000,4,3,74.092384,1,0,0
252,4.200000,0.011367,0.000061,-64.216515,0.006583,0.000573,-26.935053,-0.000244,-0.000023,26.935009,6933.735,1,0.000000,4,3,74.224312,1,0,0
253,4.216667,0.011477,0.000068,-64.666260,0.006605,0.000412,-26.984457,-0.000244,-0.000023,26.984413,6946.082,1,0.000000,4,3,74.353951,1,0,0
254,4.233333,0.011588,0.000072,-65.116806,0.006628,0.000249,-27.033020,-0.000245,-0.000022,27.032978,6958.213,1,0.000000,4,3,74.481331,1,0,0
255,4.250000,0.011698,0.000073,-65.568153,0.006649,0.000086,-27.080753,-0.000245,-0.000022,27.080711,6970.133,1,0.000000,4,3,74.606468,1,0,0
256,4.266667,0.011810,0.000072,-66.020279,0.006670,-0.000071,-27.127663,-0.000245,-0.000022,27.127621,6981.845,1,0.000000,4,3,74.729393,1,0,0
257,4.283333,0.011921,0.000069,-66.473175,0.006691,-0.000217,-27.173756,-0.000246,-0.000021,27.173714,6993.348,1,0.000000,4,3,74.850136,1,0,0
258,4.300000,0.012033,0.000063,-66.926834,0.006712,-0.000349,-27.219044,-0.000246,-0.000021,27.219004,7004.647,2,0.000000,4,4,89.132317,1,0,0
259,4.316667,0.012147,0.000052,-67.387474,0.006819,-0.000638,-27.638937,-0.000249,-0.000168,27.638882,7004.647,2,0.000000,4,4,87.264801,1,0,0
260,4.333333,0.012262,0.000041,-67.854065,0.006913,-0.000669,-27.994930,-0.000254,-0.000334,27.994846,6890.732,2,0.000000,4,4,85.385475,1,0,0
261,4.350000,0.012377,0.000034,-68.321785,0.006937,-0.000395,-28.062927,-0.000261,-0.000427,28.062817,6761.611,2,0.000000,4,4,84.498360,1,0,0
262,4.366667,0.012496,0.000030,-68.795609,0.007133,-0.000292,-28.429640,-0.000269,-0.000480,28.429483,6629.326,2,0.000000,4,4,82.599747,1,0,0
263,4.383333,0.012622,0.000029,-69.275063,0.007566,-0.000040,-28.767061,-0.000276,-0.000421,28.766834,6473.493,2,0.000000,4,4,80.691612,1,0,0
264,4.400000,0.012753,0.000035,-69.757957,0.007853,0.000356,-28.973761,-0.000284,-0.000427,28.973454,6302.104,2,0.000000,4,4,79.260826,1,0,0
265,4.416667,0.012890,0.000047,-70.244354,0.008192,0.000724,-29.183630,-0.000290,-0.000381,29.183231,6126.862,2,0.000000,4,4,77.855705,1,0,0
266,4.433333,0.013032,0.000065,-70.733032,0.008532,0.001083,-29.320770,-0.000295,-0.000309,29.320290,5940.771,2,0.000000,4,4,76.775627,1,0,0
267,4.450000,0.013180,0.000088,-71.222801,0.008851,0.001371,-29.386076,-0.000299,-0.000218,29.385534,5753.829,2,0.000000,4,4,76.053947,1,0,0
268,4.466667,0.013329,0.000113,-71.712578,0.008968,0.001532,-29.386606,-0.000302,-0.000215,29.386034,5571.199,2,0.000000,4,4,75.688026,1,0,0
269,4.483333,0.013480,0.000139,-72.201477,0.009060,0.001530,-29.333971,-0.000305,-0.000194,29.333408,5397.122,2,0.000000,4,4,75.645866,1,0,0
270,4.500000,0.013632,0.000161,-72.688843,0.009116,0.001341,-29.242332,-0.000308,-0.000166,29.241821,5234.493,2,0.000000,4,4,75.874092,1,0,0
271,4.516667,0.013784,0.000177,-73.174286,0.009141,0.000960,-29.126490,-0.000310,-0.000132,29.126060,5084.650,2,0.000000,4,4,76.306267,1,0,0
272,4.533333,0.013937,0.000184,-73.657448,0.009137,0.000402,-28.989820,-0.000312,-0.000118,28.989494,4947.381,2,0.000000,4,4,76.870735,1,0,0
273,4.550000,0.014089,0.000179,-74.138428,0.009136,-0.000302,-28.858994,-0.000314,-0.000077,28.858770,4821.104,2,0.000000,4,4,77.492790,1,0,0
274,4.566667,0.014241,0.000161,-74.617584,0.009109,-0.001096,-28.749062,-0.000314,-0.000034,28.748932,4702.887,2,0.000000,4,4,78.110176,1,0,0
275,4.583333,0.014392,0.000129,-75.095375,0.009065,-0.001910,-28.667557,-0.000314,0.000011,28.667496,4740.354,2,0.000000,4,4,79.368340,1,0,0
276,4.600000,0.014542,0.000084,-75.572372,0.009038,-0.002674,-28.620153,-0.000313,0.000080,28.620138,4816.710,2,0.000000,4,4,80.425583,1,0,0
277,4.616667,0.014693,0.000029,-76.049400,0.009013,-0.003328,-28.621389,-0.000310,0.000141,28.621389,4880.872,2,0.000000,4,4,81.241806,1,0,0
278,4.633333,0.014842,-0.000035,-76.527191,0.008984,-0.003807,-28.667570,-0.000307,0.000186,28.667568,4930.407,2,0.000000,4,4,81.807373,1,0,0
279,4.650000,0.014991,-0.000103,-77.006401,0.008944,-0.004067,-28.752407,-0.000304,0.000213,28.752392,4964.730,2,0.000000,4,4,82.134850,1,0,0
280,4.666667,0.015140,-0.000171,-77.487686,0.008892,-0.004085,-28.877087,-0.000300,0.000225,28.877054,4984.604,2,0.000000,4,4,82.254173,1,0,0
281,4.683333,0.015287,-0.000235,-77.971375,0.008822,-0.003847,-29.021414,-0.000296,0.000213,29.021374,4991.846,2,0.000000,4,4,82.211334,1,0,0
282,4.700000,0.015432,-0.000291,-78.457542,0.008729,-0.003369,-29.170406,-0.000293,0.000181,29.170362,4989.246,2,0.000000,4,4,82.054733,1,0,0
283,4.716667,0.015576,-0.000336,-78.946098,0.008623,-0.002690,-29.313152,-0.000291,0.000133,29.313112,4979.742,2,0.000000,4,4,81.831070,1,0,0
284,4.733333,0.015718,-0.000367,-79.436813,0.008515,-0.001855,-29.443167,-0.000290,0.000077,29.443140,4966.168,2,0.000000,4,4,81.582115,1,0,0
285,4.750000,0.015860,-0.000382,-79.929001,0.008508,-0.000903,-29.531168,-0.000289,0.000041,29.531153,4951.060,2,0.000000,4,4,81.627823,1,0,0
286,4.766667,0.016002,-0.000380,-80.422211,0.008525,0.000089,-29.592690,-0.000288,0.000045,29.592684,4953.834,2,0.000000,4,4,81.801476,1,0,0
287,4.783333,0.016144,-0.000363,-80.916595,0.008536,0.001044,-29.662779,-0.000288,0.000039,29.662779,4964.373,2,0.000000,4,4,81.970238,1,0,0
288,4.800000,0.016286,-0.000331,-81.412140,0.008541,0.001935,-29.732729,-0.000287,0.000031,29.732731,4974.615,2,0.000000,4,4,82.153305,1,0,0
289,4.816667,0.016429,-0.000285,-81.908867,0.008547,0.002726,-29.803808,-0.000287,0.000024,29.803801,4985.724,2,0.000000,4,4,82.340553,1,0,0
290,4.833333,0.016571,-0.000229,-82.406792,0.008561,0.003391,-29.875221,-0.000287,0.000021,29.875200,4997.088,2,0.000000,4,4,82.531197,1,0,0
291,4.850000,0.016714,-0.000163,-82.905907,0.008575,0.003907,-29.946869,-0.000286,0.000017,29.946827,5008.658,2,0.000000,4,4,82.723518,1,0,0
292,4.866667,0.016858,-0.000092,-83.406212,0.008592,0.004264,-30.018591,-0.000286,0.000013,30.018524,5020.329,2,0.000000,4,4,82.916847,1,0,0
293,4.883333,0.017001,-0.000018,-83.907715,0.008610,0.004451,-30.090311,-0.000286,0.000010,30.090218,5032.062,2,0.000000,4,4,83.110733,1,0,0
294,4.900000,0.017145,0.000056,-84.410423,0.008629,0.004471,-30.161978,-0.000286,0.000007,30.161850,5043.829,2,0.000000,4,4,83.304901,1,0,0
295,4.916667,0.017289,0.000128,-84.914314,0.008651,0.004327,-30.233547,-0.000286,0.000004,30.233391,5055.612,2,0.000000,4,4,83.499229,1,0,0
296,4.933333,0.017434,0.000196,-85.419395,0.008673,0.004031,-30.305002,-0.000286,0.000001,30.304823,5067.406,2,0.000000,4,4,83.693604,1,0,0
297,4.950000,0.017578,0.000256,-85.925674,0.008694,0.003599,-30.376324,-0.000286,-0.000004,30.376120,5079.202,2,0.000000,4,4,83.887970,1,0,0
298,4.966667,0.017724,0.000306,-86.433128,0.008716,0.003051,-30.447500,-0.000286,-0.000008,30.447281,5090.998,2,0.000000,4,4,84.082306,1,0,0
299,4.983333,0.017869,0.000347,-86.941772,0.008739,0.002410,-30.518526,-0.000286,-0.000012,30.518291,5102.792,2,0.000000,4,4,84.276573,1,0,0
300,5.000000,0.018015,0.000375,-87.451599,0.008764,0.001700,-30.589396,-0.000286,-0.000016,30.589157,5114.582,2,0.047244,4,4,84.470757,1,0,0
301,5.016667,0.019391,0.000391,-87.962593,0.082551,0.000949,-30.659567,-0.000946,-0.039636,30.659393,5126.366,2,0.078740,4,4,84.664841,1,0,0
302,5.033333,0.023068,0.000394,-88.474823,0.220580,0.000179,-30.733990,-0.002655,-0.102599,30.734232,5138.145,2,0.110236,4,4,84.831459,1,0,0
303,5.050000,0.030219,0.000384,-88.988075,0.429074,-0.000572,-30.795319,-0.005743,-0.185485,30.797052,5148.256,2,0.149606,4,4,85.028938,1,0,0
304,5.066667,0.042299,0.000363,-89.502182,0.724808,-0.001288,-30.846510,-0.010681,-0.296556,30.852285,5160.241,2,0.188976,4,4,85.236641,1,0,0
305,5.083333,0.058299,0.000330,-90.017136,0.959973,-0.001948,-30.897135,-0.016503,-0.349700,30.908587,5172.846,2,0.228346,4,4,85.451561,1,0,0
306,5.100000,0.079065,0.000288,-90.533005,1.245990,-0.002524,-30.952444,-0.023453,-0.417343,30.972988,5185.889,2,0.267717,4,4,85.618294,1,0,0
307,5.116667,0.105360,0.000239,-91.049812,1.577682,-0.002980,-31.008524,-0.031643,-0.491825,31.042772,5196.008,2,0.307087,4,4,85.737663,1,0,0
308,5.133333,0.137890,0.000184,-91.567108,1.951840,-0.003274,-31.038155,-0.041201,-0.573953,31.092089,5203.252,2,0.354331,4,4,85.909431,1,0,0
309,5.150000,0.177517,0.000127,-92.084763,2.377578,-0.003401,-31.058825,-0.052179,-0.659120,31.140451,5213.676,2,0.393701,4,4,86.062622,1,0,0
310,5.166667,0.224915,0.000072,-92.602554,2.843894,-0.003333,-31.067574,-0.064437,-0.735955,31.186132,5222.973,2,0.440945,4,4,86.208282,1,0,0
311,5.183333,0.280860,0.000021,-93.120216,3.356727,-0.003048,-31.059782,-0.077932,-0.810160,31.226767,5231.813,2,0.480315,4,4,86.355858,1,0,0
312,5.200000,0.345954,-0.000021,-93.637466,3.905590,-0.002529,-31.034990,-0.092483,-0.873489,31.262985,5240.769,2,0.527559,4,4,86.506866,1,0,0
313,5.216667,0.420789,-0.000051,-94.153862,4.490129,-0.001763,-30.983891,-0.108057,-0.934918,31.287371,5249.934,2,0.574803,4,4,86.664062,1,0,0
314,5.233333,0.505900,-0.000063,-94.669090,5.106632,-0.000752,-30.913651,-0.124567,-0.990998,31.308546,5259.473,2,0.622047,4,4,86.820290,1,0,0
315,5.250000,0.601710,-0.000055,-95.182808,5.748639,0.000501,-30.823153,-0.141925,-1.041859,31.326340,5268.955,2,0.669291,4,4,86.975990,1,0,0
316,5.266667,0.708292,-0.000022,-95.694725,6.394893,0.001981,-30.714888,-0.160318,-1.103976,31.341810,5278.404,2,0.716535,4,4,87.130020,1,0,0
317,5.283333,0.825767,0.000039,-96.204376,7.048521,0.003665,-30.578730,-0.179791,-1.168777,31.346251,5287.751,2,0.763780,4,4,87.278336,1,0,0
318,5.300000,0.954354,0.000131,-96.711586,7.715203,0.005497,-30.433102,-0.200300,-1.230876,31.359667,5296.752,2,0.811024,4,4,87.384575,1,0,0
319,5.316667,1.094212,0.000255,-97.216148,8.391497,0.007435,-30.273348,-0.221736,-1.286457,31.377628,5303.200,2,0.866142,4,4,87.478447,1,0,0
320,5.333333,1.245377,0.000412,-97.717621,9.069885,0.009425,-30.088646,-0.244097,-1.341945,31.388680,5308.897,2,0.913386,4,4,87.591339,1,0,0
321,5.350000,1.407971,0.000602,-98.215637,9.755625,0.011392,-29.880962,-0.267362,-1.396256,31.396622,5315.748,2,0.960630,4,4,87.707108,1,0,0
322,5.366667,1.582061,0.000823,-98.709755,10.445447,0.013264,-29.647476,-0.291458,-1.446059,31.398577,5322.774,2,1.000000,4,4,87.843224,1,0,0
323,5.383333,1.767718,0.001072,-99.199608,11.139402,0.014962,-29.391054,-0.316244,-1.487413,31.397861,5331.035,2,1.000000,4,4,87.990334,1,0,0
324,5.400000,1.965187,0.001346,-99.684738,11.848166,0.016406,-29.107449,-0.341296,-1.503421,31.394218,5339.962,2,1.000000,4,4,88.138313,1,0,0
325,5.416667,2.174685,0.001638,-100.164772,12.569879,0.017529,-28.801880,-0.366336,-1.502690,31.393194,5348.943,2,1.000000,4,4,88.270363,1,0,0
326,5.433333,2.396397,0.001942,-100.639389,13.302679,0.018274,-28.477446,-0.391190,-1.491461,31.398237,5356.956,2,1.000000,4,4,88.375031,1,0,0
327,5.450000,2.630468,0.002253,-101.108322,14.044278,0.018607,-28.136095,-0.415758,-1.474311,31.411362,5363.309,2,1.000000,4,4,88.444481,1,0,0
328,5.466667,2.876256,0.002561,-101.571648,14.747316,0.018523,-27.799517,-0.440525,-1.486223,31.433807,5367.523,2,1.000000,4,4,88.473747,1,0,0
329,5.483333,3.133673,0.002861,-102.029099,15.445005,0.018005,-27.447191,-0.465413,-1.493431,31.459290,5369.300,2,1.000000,4,4,88.479683,1,0,0
330,5.500000,3.402615,0.003145,-102.480431,16.136507,0.017044,-27.080183,-0.490381,-1.498175,31.488432,5369.660,2,1.000000,4,4,87.552132,1,0,1
331,5.516667,3.682878,0.003391,-102.924965,16.815756,0.014746,-26.672073,-0.535830,-2.726946,31.518913,5313.368,2,1.000000,4,4,86.715622,1,0,1
332,5.533333,3.972791,0.003617,-103.359360,17.394823,0.013537,-26.063866,-0.593488,-3.459399,31.334314,5262.602,2,1.000000,4,4,86.441368,1,0,1
333,5.550000,4.269173,0.003830,-103.784615,17.782885,0.012780,-25.514784,-0.658519,-3.901439,31.060654,5245.959,2,1.000000,4,4,86.261597,1,0,1
334,5.566667,4.571915,0.004027,-104.200981,18.164518,0.011849,-24.982491,-0.726387,-4.071206,30.739113,5235.048,2,1.000000,4,4,86.051376,1,0,1
335,5.583333,4.880969,0.004199,-104.608643,18.543198,0.010332,-24.459261,-0.795306,-4.133830,30.362331,5222.291,2,1.000000,4,4,85.812569,1,0,1
336,5.600000,5.196245,0.004334,-105.007492,18.916620,0.008065,-23.930708,-0.864693,-4.161592,29.919285,5207.798,2,1.000000,4,4,85.547173,1,0,1
337,5.616667,5.517558,0.004418,-105.397369,19.278751,0.005048,-23.393061,-0.934330,-4.176394,29.405491,5191.691,2,1.000000,4,4,85.256981,1,0,1
338,5.633333,5.844648,0.004441,-105.778099,19.625433,0.001364,-22.843662,-1.004129,-4.186166,28.818695,5174.080,2,1.000000,4,4,84.943573,1,0,1
339,5.650000,6.177212,0.004393,-106.149445,19.953819,-0.002839,-22.280716,-1.074055,-4.193958,28.158489,5155.060,2,1.000000,4,4,84.608414,1,0,1
340,5.666667,6.514909,0.004271,-106.511162,20.261824,-0.007366,-21.703037,-1.144092,-4.200963,27.425842,5134.720,2,1.000000,4,4,84.252884,1,0,1
341,5.683333,6.857372,0.004071,-106.862991,20.547768,-0.011990,-21.109892,-1.214235,-4.207585,26.622795,5113.144,2,1.000000,4,4,83.878304,1,0,1
342,5.700000,7.204208,0.003796,-107.204674,20.810179,-0.016463,-20.500919,-1.284476,-4.213854,25.752279,5090.411,2,1.000000,4,4,83.485909,1,0,1
343,5.716667,7.555003,0.003454,-107.535942,21.047676,-0.020538,-19.876099,-1.354808,-4.219625,24.817987,5066.598,2,1.000000,4,4,83.076790,1,0,1
344,5.733333,7.909318,0.003054,-107.856537,21.258921,-0.023981,-19.235758,-1.425221,-4.224649,23.824299,5041.769,2,1.000000,4,4,82.651863,1,0,1
345,5.750000,8.266696,0.002611,-108.166214,21.442617,-0.026599,-18.580584,-1.495699,-4.228656,22.776207,5015.980,2,1.000000,4,4,82.211792,1,0,1
346,5.766667,8.626655,0.002140,-108.464745,21.597517,-0.028244,-17.911619,-1.566222,-4.231369,21.679237,4989.273,2,1.000000,4,4,81.757004,1,0,1
347,5.783333,8.988696,0.001660,-108.751915,21.722450,-0.028829,-17.230251,-1.636765,-4.232518,20.539351,4961.673,2,1.000000,4,4,81.287704,1,0,1
348,5.800000,9.352303,0.001188,-109.027550,21.816368,-0.028315,-16.538202,-1.707297,-4.231845,19.362854,4933.192,2,1.000000,4,4,81.715820,1,0,0
349,5.816667,9.716977,0.000753,-109.291512,21.880505,-0.026130,-15.837925,-1.758796,-3.089809,18.534630,4959.174,2,1.000000,4,4,82.117401,1,0,0
350,5.833333,10.082397,0.000353,-109.543671,21.925154,-0.023958,-15.129330,-1.803222,-2.665325,17.850122,4983.545,2,1.000000,4,4,82.479675,1,0,0
351,5.850000,10.448179,0.000001,-109.783905,21.947025,-0.021116,-14.414253,-1.844175,-2.456958,17.239410,5005.531,2,1.000000,4,4,82.819931,1,0,0
352,5.866667,10.813934,-0.000291,-110.012138,21.945299,-0.017511,-13.694424,-1.883290,-2.346655,16.671103,5026.180,2,1.000000,4,4,83.143616,1,0,0
353,5.883333,11.179262,-0.000511,-110.228333,21.919651,-0.013221,-12.971829,-1.921413,-2.287128,16.129021,5045.825,2,1.000000,4,4,83.452629,1,0,0
354,5.900000,11.543763,-0.000651,-110.432480,21.870049,-0.008412,-12.248635,-1.959000,-2.255057,15.604556,5064.578,2,1.000000,4,4,83.747299,1,0,0
355,5.916667,11.907042,-0.000706,-110.624603,21.796722,-0.003299,-11.527082,-1.996294,-2.237663,15.093269,5082.461,2,1.000000,4,4,84.027138,1,0,0
356,5.933333,12.268711,-0.000675,-110.804756,21.700150,0.001881,-10.809385,-2.033419,-2.227581,14.593132,5099.443,2,1.000000,4,4,84.291267,1,0,0
357,5.950000,12.628395,-0.000560,-110.973053,21.581026,0.006892,-10.097642,-2.070423,-2.220499,14.103516,5115.473,2,1.000000,4,4,84.538643,1,0,0
358,5.966667,12.985732,-0.000368,-111.129616,21.440235,0.011512,-9.393765,-2.107315,-2.213938,13.624586,5130.486,2,1.000000,4,4,84.768196,1,0,0
359,5.983333,13.340379,-0.000109,-111.274612,21.278786,0.015553,-8.699425,-2.144084,-2.206603,13.156897,5144.417,2,1.000000,4,4,84.978928,1,0,0
360,6.000000,13.692008,0.000206,-111.408211,21.097773,0.018873,-8.016023,-2.180708,-2.197891,12.701195,5157.206,2,1.000000,4,4,85.169930,1,0,0
361,6.016667,14.040314,0.000562,-111.530624,20.898323,0.021375,-7.344701,-2.217162,-2.187634,12.258224,5168.797,2,1.000000,4,4,85.340439,1,0,0
362,6.033333,14.385006,0.000946,-111.642059,20.681545,0.023011,-6.686326,-2.253421,-2.175948,11.828696,5179.145,2,1.000000,4,4,85.489868,1,0,0
363,6.050000,14.725814,0.001342,-111.742760,20.448463,0.023769,-6.041514,-2.289468,-2.163126,11.413157,5188.213,2,1.000000,4,4,85.617920,1,0,0
364,6.066667,15.062481,0.001736,-111.832932,20.199982,0.023672,-5.410645,-2.325290,-2.149551,11.012016,5195.985,2,1.000000,4,4,85.724564,1,0,0
365,6.083333,15.394761,0.002116,-111.912834,19.936853,0.022776,-4.793919,-2.360883,-2.135639,10.625496,5202.457,2,1.000000,4,4,85.810059,1,0,0
366,6.100000,15.722423,0.002468,-111.982689,19.659674,0.021161,-4.191385,-2.396245,-2.121799,10.253670,5207.646,2,1.000000,4,4,85.874908,1,0,0
367,6.116667,16.045237,0.002784,-112.042740,19.368877,0.018921,-3.603008,-2.431385,-2.108387,9.896457,5211.581,2,1.000000,4,4,85.919861,1,0,0
368,6.133333,16.362982,0.003053,-112.093224,19.064751,0.016169,-3.028691,-2.466315,-2.095711,9.553656,5214.309,2,1.000000,4,4,85.945831,1,0,0
369,6.150000,16.675440,0.003270,-112.134361,18.747448,0.013020,-2.468332,-2.501050,-2.084028,9.224964,5215.885,2,1.000000,4,4,85.953896,1,0,0
370,6.166667,16.982389,0.003430,-112.166389,18.417004,0.009597,-1.921846,-2.535611,-2.073544,8.910001,5216.375,2,1.000000,4,4,85.945221,1,0,0
371,6.183333,17.283613,0.003531,-112.189545,18.073353,0.006020,-1.389196,-2.570020,-2.064418,8.608308,5215.849,2,1.000000,4,4,85.921074,1,0,0
372,6.200000,17.578884,0.003571,-112.204056,17.716358,0.002406,-0.870419,-2.604301,-2.056768,8.319388,5214.383,2,1.000000,4,4,85.882774,1,0,0
373,6.216667,17.867981,0.003552,-112.210152,17.345818,-0.001135,-0.365637,-2.638480,-2.050690,8.042698,5212.058,2,1.000000,4,4,85.831680,1,0,0
374,6.233333,18.150673,0.003477,-112.208069,16.961475,-0.004505,0.124923,-2.672585,-2.046263,7.777637,5208.958,2,1.000000,4,4,85.769257,1,0,0
375,6.250000,18.426723,0.003350,-112.198059,16.563032,-0.007626,0.600919,-2.706644,-2.043539,7.523581,5205.170,2,0.897638,4,4,85.697052,1,0,0
376,6.266667,18.695953,0.003175,-112.180275,16.153824,-0.010449,1.066705,-2.739746,-1.986165,7.299318,5200.788,2,0.803150,4,4,85.616623,1,0,0
377,6.283333,18.958178,0.002960,-112.154907,15.733471,-0.012915,1.521991,-2.771476,-1.903907,7.109629,5195.906,2,0.700787,4,4,85.528702,1,0,0
378,6.300000,19.213209,0.002710,-112.122124,15.301978,-0.015001,1.966949,-2.801595,-1.807264,6.956875,5190.571,2,0.614173,4,4,85.434731,1,0,0
379,6.316667,19.460854,0.002432,-112.082115,14.858680,-0.016675,2.400656,-2.830125,-1.711995,6.838255,5184.868,2,0.519685,4,4,85.336235,1,0,0
380,6.333333,19.700914,0.002134,-112.035065,14.403635,-0.017900,2.823038,-2.857099,-1.618584,6.751886,5178.890,2,0.433071,4,4,85.234726,1,0,0
381,6.350000,19.933193,0.001823,-111.981178,13.936649,-0.018643,3.233393,-2.882639,-1.532561,6.694026,5172.730,2,0.346457,4,4,85.131462,1,0,0
382,6.366667,20.157490,0.001508,-111.920654,13.457846,-0.018887,3.631292,-2.906889,-1.455113,6.661181,5166.463,2,0.259843,4,4,85.027519,1,0,0
383,6.383333,20.373613,0.001198,-111.853714,12.967496,-0.018626,4.016352,-2.930009,-1.387321,6.649890,5160.155,2,0.188976,4,4,84.923706,1,0,0
384,6.400000,20.581377,0.000900,-111.780586,12.465794,-0.017872,4.387785,-2.952208,-1.331971,6.655961,5153.854,2,0.110236,4,4,84.820602,1,0,0
385,6.416667,20.780600,0.000623,-111.701492,11.953399,-0.016647,4.745537,-2.973668,-1.287649,6.676568,5147.598,2,0.047244,4,4,84.718567,1,0,0
386,6.433333,20.971113,0.000373,-111.616669,11.430852,-0.014993,5.089157,-2.994588,-1.255268,6.708570,5141.405,2,0.000000,4,4,84.617729,1,0,0
387,6.450000,21.152761,0.000157,-111.526367,10.898815,-0.012966,5.418281,-3.015155,-1.233982,6.749373,5135.286,2,-0.047244,4,4,84.518036,1,0,0
388,6.466667,21.325397,-0.000021,-111.430824,10.358148,-0.010631,5.732858,-3.035504,-1.220938,6.797455,5129.235,2,-0.078740,4,4,84.419266,1,0,0
389,6.483333,21.488894,-0.000155,-111.330276,9.809687,-0.008066,6.032779,-3.055732,-1.213678,6.851796,5123.241,2,-0.118110,4,4,84.321060,1,0,0
390,6.500000,21.643131,-0.000244,-111.224968,9.254405,-0.005359,6.318127,-3.075890,-1.209505,6.912097,5117.281,2,-0.149606,4,4,84.222961,1,0,0
391,6.516667,21.788019,-0.000288,-111.115150,8.693244,-0.002602,6.589135,-3.096013,-1.207433,6.978373,5111.328,2,-0.188976,4,4,84.124458,1,0,0
392,6.533333,21.923473,-0.000286,-111.001053,8.127160,0.000115,6.846024,-3.116102,-1.205351,7.050916,5105.350,2,-0.228346,4,4,84.025009,1,0,0
393,6.550000,22.049425,-0.000241,-110.882896,7.557083,0.002701,7.089302,-3.136139,-1.202313,7.130362,5099.314,2,-0.267717,4,4,83.924088,1,0,0
394,6.566667,22.165823,-0.000156,-110.760902,6.983883,0.005076,7.319546,3.127087,-1.197640,7.217412,5093.190,2,-0.314961,4,4,83.821190,1,0,0
395,6.583333,22.272629,-0.000037,-110.635284,6.408377,0.007169,7.537211,3.107265,-1.189397,7.312757,5086.945,2,-0.354331,4,4,83.715843,1,0,0
396,6.600000,22.369816,0.000112,-110.506226,5.831313,0.008922,7.743569,3.087617,-1.179046,7.417611,5080.551,2,-0.401575,4,4,83.607613,1,0,0
397,6.616667,22.457373,0.000284,-110.373909,5.253374,0.010293,7.938813,3.068211,-1.164474,7.532203,5073.983,2,-0.440945,4,4,83.496140,1,0,0
398,6.633333,22.535292,0.000471,-110.238495,4.675200,0.011252,8.124647,3.049082,-1.147882,7.657926,5067.218,2,-0.488189,4,4,83.381104,1,0,0
399,6.650000,22.603050,0.000668,-110.100166,4.065550,0.011785,8.299964,3.030014,-1.144216,7.795574,5060.237,2,-0.535433,4,4,83.262207,1,0,0
400,6.666667,22.661425,0.000865,-109.956032,3.502439,0.011840,8.647893,3.010745,-1.156238,8.116912,5053.021,2,-0.582677,4,4,83.139091,1,0,0
401,6.683333,22.710468,0.001057,-109.805382,2.942635,0.011555,9.039220,2.992515,-1.093935,8.501842,5045.550,2,-0.629921,4,4,83.010605,1,0,0
402,6.700000,22.750393,0.001241,-109.650101,2.395516,0.011038,9.316887,2.975453,-1.023809,8.792397,5037.752,2,-0.677165,4,4,82.874008,1,0,0
403,6.716667,22.781656,0.001412,-109.491974,1.875830,0.010249,9.488077,2.959729,-0.943530,8.992311,5029.462,2,-0.724409,4,4,82.729408,1,0,0
404,6.733333,22.805038,0.001565,-109.332382,1.402931,0.009152,9.575043,2.945528,-0.852134,9.118276,5020.687,2,-0.771654,4,4,82.577789,1,0,0
405,6.750000,22.821619,0.001694,-109.172295,0.994895,0.007735,9.605329,2.933143,-0.743142,9.191509,5011.485,2,-0.818898,4,4,82.420670,1,0,0
406,6.766667,22.832691,0.001794,-109.012192,0.664370,0.006009,9.606133,2.923005,-0.608317,9.233480,5001.950,2,-0.874016,4,4,82.259766,1,0,0
407,6.783333,22.839706,0.001861,-108.852180,0.420969,0.004004,9.600725,2.915727,-0.436705,9.262595,4992.185,2,-0.921260,4,4,82.096741,1,0,0
408,6.800000,22.844152,0.001890,-108.691719,0.266763,0.001759,9.627494,2.911844,-0.233058,9.313766,4982.292,2,-0.976378,4,4,81.933067,1,0,0
409,6.816667,22.847490,0.001879,-108.530029,0.200249,-0.000662,9.701352,2.912426,0.034901,9.402230,4972.358,2,-1.000000,4,4,81.769661,1,0,0
410,6.833333,22.850679,0.001826,-108.367035,0.191417,-0.003144,9.779957,2.917712,0.317045,9.493383,4962.442,2,-1.000000,4,4,81.606590,1,0,0
411,6.850000,22.854242,0.001733,-108.203148,0.213690,-0.005596,9.833068,2.927155,0.566422,9.562382,4952.545,2,-1.000000,4,4,81.444038,1,0,0
412,6.866667,22.858700,0.001601,-108.037804,0.267428,-0.007954,9.920545,2.940558,0.803968,9.667352,4942.681,2,-1.000000,4,4,81.282188,1,0,0
413,6.883333,22.864357,0.001433,-107.871056,0.339427,-0.010072,10.004770,2.957130,0.994099,9.772788,4932.858,2,-1.000000,4,4,81.119904,1,0,0
414,6.900000,22.871538,0.001235,-107.702751,0.430949,-0.011843,10.098501,2.976118,1.139029,9.889579,4923.009,2,-1.000000,4,4,80.956108,1,0,0
415,6.916667,22.880598,0.001016,-107.532761,0.543558,-0.013163,10.199490,2.997282,1.269619,10.015306,4913.069,2,-1.000000,4,4,80.789352,1,0,0
416,6.933333,22.891422,0.000783,-107.361000,0.649424,-0.013966,10.305746,3.020066,1.366889,10.151012,4902.949,2,-1.000000,4,4,80.618286,1,0,0
417,6.950000,22.904249,0.000546,-107.187439,0.769647,-0.014208,10.413285,3.044237,1.450271,10.289159,4892.567,2,-1.000000,4,4,80.441681,1,0,0
418,6.966667,22.919430,0.000315,-107.012215,0.910829,-0.013881,10.513845,3.069636,1.524089,10.421138,4881.849,2,-1.000000,4,4,80.258682,1,0,0
419,6.983333,22.937366,0.000098,-106.835480,1.076097,-0.013012,10.604055,3.096146,1.590916,10.544187,4870.743,2,-1.000000,4,4,80.068848,1,0,0
420,7.000000,22.958477,-0.000096,-106.657448,1.266650,-0.011652,10.682117,3.123669,1.651794,10.657643,4859.223,2,-1.000000,4,4,79.872139,1,0,0
421,7.016667,22.983192,-0.000261,-106.478325,1.482933,-0.009875,10.747104,-3.131071,1.707249,10.762031,4847.285,2,-1.000000,4,4,79.668846,1,0,0
422,7.033333,23.011942,-0.000390,-106.298355,1.724976,-0.007770,10.798386,-3.101789,1.757600,10.858367,4834.947,2,-1.000000,4,4,79.459564,1,0,0
423,7.050000,23.045149,-0.000481,-106.117767,1.992470,-0.005433,10.835361,-3.071748,1.803118,10.947859,4822.247,2,-1.000000,4,4,79.245155,1,0,0
424,7.066667,23.083227,-0.000530,-105.936806,2.284754,-0.002971,10.857301,-3.041025,1.844085,11.031672,4809.234,2,-1.000000,4,4,79.026711,1,0,0
425,7.083333,23.126036,-0.000538,-105.755219,2.568444,-0.000499,10.895214,-3.009995,1.862545,11.137862,4795.978,2,-1.000000,4,4,78.805496,1,0,0
426,7.100000,23.173889,-0.000507,-105.573326,2.871140,0.001904,10.913501,-2.978575,1.885815,11.234601,4782.552,2,-1.000000,4,4,78.582588,1,0,0
427,7.116667,23.226995,-0.000438,-105.391434,3.186424,0.004136,10.913858,-2.946799,1.907176,11.324041,4769.024,2,-1.000000,4,4,78.359619,1,0,0
428,7.133333,23.285603,-0.000336,-105.209724,3.516461,0.006097,10.902799,-2.914701,1.926370,11.414208,4755.493,2,-1.000000,4,4,78.138313,1,0,0
429,7.150000,23.349808,-0.000207,-105.028549,3.852248,0.007722,10.870440,-2.882316,1.943514,11.494580,4742.062,2,-1.000000,4,4,77.920258,1,0,0
430,7.166667,23.419809,-0.000058,-104.848114,4.199976,0.008950,10.826138,-2.849667,1.959254,11.576693,4728.829,2,-1.000000,4,4,77.707047,1,0,0
431,7.183333,23.495638,0.000104,-104.668793,4.549744,0.009762,10.759713,-2.816784,1.973192,11.648933,4715.890,2,-1.000000,4,4,77.499939,1,0,0
432,7.200000,23.577454,0.000273,-104.490784,4.908975,0.010141,10.680422,-2.783684,1.986213,11.723221,4703.320,2,-1.000000,4,4,77.300194,1,0,0
433,7.216667,23.665237,0.000442,-104.314476,5.267099,0.010109,10.578604,-2.750389,1.997797,11.787685,4691.198,2,-1.000000,4,4,77.108673,1,0,0
434,7.233333,23.759104,0.000603,-104.140091,5.631995,0.009686,10.462889,-2.716910,2.008854,11.853985,4679.576,2,-1.000000,4,4,76.926186,1,0,0
435,7.250000,23.858988,0.000752,-103.968010,5.993002,0.008930,10.324859,-2.683265,2.018745,11.910847,4668.500,2,-0.897638,4,4,76.753136,1,0,0
436,7.266667,23.964199,0.000883,-103.797729,6.312691,0.007868,10.217058,-2.650824,1.946468,11.986338,4657.999,2,-0.803150,4,4,76.589859,1,0,0
437,7.283333,24.074394,0.000993,-103.628342,6.611641,0.006553,10.163101,-2.620099,1.843466,12.105944,4648.089,2,-0.700787,4,4,76.435829,1,0,0
438,7.300000,24.188894,0.001077,-103.459274,6.870071,0.005064,10.144294,-2.591637,1.707714,12.239132,4638.742,2,-0.614173,4,4,76.290413,1,0,0
439,7.316667,24.307011,0.001134,-103.289917,7.086895,0.003450,10.161301,-2.565677,1.557623,12.381755,4629.917,2,-0.519685,4,4,76.153000,1,0,0
440,7.333333,24.428297,0.001164,-103.119942,7.277273,0.001763,10.198628,-2.542206,1.408412,12.526169,4621.577,2,-0.433071,4,4,76.022926,1,0,0
441,7.350000,24.552311,0.001165,-102.949020,7.440749,0.000051,10.255172,-2.521184,1.261596,12.669794,4613.684,2,-0.346457,4,4,75.899452,1,0,0
442,7.366667,24.678692,0.001137,-102.776947,7.582973,-0.001641,10.324697,-2.502535,1.119355,12.809919,4606.190,2,-0.259843,4,4,75.781502,1,0,0
443,7.383333,24.807474,0.001083,-102.603531,7.726821,-0.003256,10.404924,-2.486132,0.984758,12.958286,4599.032,2,-0.188976,4,4,75.667542,1,0,0
444,7.400000,24.938429,0.001004,-102.428894,7.857379,-0.004714,10.478394,-2.471771,0.862383,13.092484,4592.116,2,-0.110236,4,4,75.555511,1,0,0
445,7.416667,25.071350,0.000905,-102.252838,7.975305,-0.005974,10.563155,-2.459131,0.759231,13.227221,4585.317,2,-0.047244,4,4,75.443512,1,0,0
446,7.433333,25.206015,0.000789,-102.075218,8.079804,-0.006964,10.656871,-2.448031,0.666866,13.360029,4578.520,2,-0.000000,4,4,75.329506,1,0,0
447,7.450000,25.342245,0.000661,-101.895966,8.173726,-0.007650,10.755262,-2.438323,0.583271,13.489382,4571.601,2,0.000000,4,4,75.211876,1,0,0
448,7.466667,25.480345,0.000527,-101.715408,8.286085,-0.008032,10.833259,-2.429587,0.524922,13.615040,4564.462,2,0.000000,4,4,75.089600,1,0,0
449,7.483333,25.620399,0.000392,-101.533638,8.403236,-0.008121,10.906546,-2.421703,0.473656,13.740631,4557.042,2,0.000000,4,4,74.962074,1,0,0
450,7.500000,25.762735,0.000260,-101.350983,8.540105,-0.007937,10.959417,-2.414376,0.440062,13.864372,4549.302,2,0.000000,4,4,74.828903,1,0,0
451,7.516667,25.907625,0.000135,-101.167702,8.693352,-0.007507,10.996448,-2.407412,0.418212,13.987899,4541.220,2,0.000000,4,4,74.689964,1,0,0
452,7.533333,26.055311,0.000020,-100.984055,8.861191,-0.006863,11.018555,-2.400645,0.406181,14.111001,4532.789,2,0.000000,4,4,74.545197,1,0,0
453,7.550000,26.206001,-0.000080,-100.800255,9.041453,-0.006037,11.027921,-2.393949,0.401835,14.234100,4524.003,2,0.000000,4,4,74.394539,1,0,0
454,7.566667,26.359982,-0.000165,-100.616341,9.238790,-0.005070,11.035054,-2.387172,0.406606,14.368235,4514.860,2,0.000000,4,4,74.237968,1,0,0
455,7.583333,26.517033,-0.000231,-100.432144,9.423044,-0.003990,11.051653,-2.380491,0.400846,14.501490,4505.358,2,0.000000,4,4,74.075424,1,0,0
456,7.600000,26.677174,-0.000279,-100.247688,9.608467,-0.002843,11.067112,-2.373875,0.396937,14.635770,4495.494,2,0.000000,4,4,73.906990,1,0,0
457,7.616667,26.840185,-0.000307,-100.062759,9.780651,-0.001676,11.095706,-2.367487,0.383329,14.771328,4485.271,2,0.000000,4,4,73.732826,1,0,0
458,7.633333,27.006088,-0.000315,-99.877380,9.954206,-0.000528,11.123118,-2.361271,0.372981,14.907853,4474.702,2,0.000000,4,4,73.553154,1,0,0
459,7.650000,27.174883,-0.000306,-99.691521,10.127701,0.000558,11.151099,-2.355217,0.363405,15.045570,4463.798,2,0.000000,4,4,73.368294,1,0,0
460,7.666667,27.346563,-0.000280,-99.505188,10.300823,0.001554,11.179718,-2.349315,0.354341,15.184265,4452.579,2,0.000000,4,4,73.178596,1,0,0
461,7.683333,27.521124,-0.000240,-99.318375,10.473517,0.002435,11.208928,-2.343558,0.345756,15.323837,4441.067,2,0.000000,4,4,72.984543,1,0,0
462,7.700000,27.698551,-0.000187,-99.131058,10.645721,0.003168,11.238624,-2.337937,0.337645,15.464125,4429.290,2,0.000000,4,4,72.786911,1,0,0
463,7.716667,27.878841,-0.000125,-98.943253,10.817366,0.003730,11.268676,-2.332445,0.330001,15.604959,4417.296,2,0.000000,4,4,72.586555,1,0,0
464,7.733333,28.061981,-0.000056,-98.754936,10.988378,0.004104,11.298941,-2.327074,0.322814,15.746159,4405.137,2,0.000000,4,4,72.384407,1,0,0
465,7.750000,28.247961,0.000015,-98.566116,11.158700,0.004287,11.329281,-2.321815,0.316066,15.887556,4392.869,2,0.000000,4,4,72.181351,1,0,0
466,7.766667,28.436766,0.000087,-98.376793,11.328283,0.004283,11.359567,-2.316663,0.309729,16.028999,4380.546,2,0.000000,4,4,71.978210,1,0,0
467,7.783333,28.628384,0.000155,-98.186958,11.497087,0.004104,11.389685,-2.311610,0.303771,16.170361,4368.218,2,0.000000,4,4,71.775734,1,0,0
468,7.800000,28.822802,0.000218,-97.996635,11.665089,0.003768,11.419535,-2.306649,0.298152,16.311523,4355.930,2,0.000000,4,4,71.574570,1,0,0
469,7.816667,29.020006,0.000273,-97.805817,11.832273,0.003302,11.449033,-2.301776,0.292827,16.452398,4343.721,2,0.000000,4,4,71.375252,1,0,0
470,7.833333,29.219984,0.000318,-97.614517,11.998632,0.002732,11.478109,-2.296988,0.287751,16.592926,4331.625,2,0.000000,4,4,71.178230,1,0,0
471,7.850000,29.422720,0.000353,-97.422737,12.164173,0.002084,11.506710,-2.292279,0.282873,16.733040,4319.668,2,0.000000,4,4,70.983856,1,0,0
472,7.866667,29.628202,0.000376,-97.230492,12.328903,0.001390,11.534796,-2.287648,0.278146,16.872717,4307.872,2,0.000000,4,4,70.792389,1,0,0
473,7.883333,29.836416,0.000387,-97.037788,12.492834,0.000674,11.562339,-2.283093,0.273520,17.011921,4296.252,2,0.000000,4,4,70.604012,1,0,0
474,7.900000,30.047350,0.000387,-96.844635,12.655981,-0.000034,11.589328,-2.278613,0.268948,17.150652,4284.820,2,0.000000,4,4,70.418846,1,0,0
475,7.916667,30.260988,0.000375,-96.651039,12.818357,-0.000715,11.615764,-2.274208,0.264383,17.288900,4273.583,2,0.000000,4,4,70.236954,1,0,0
476,7.933333,30.477322,0.000353,-96.457008,12.979980,-0.001347,11.641656,-2.269879,0.259784,17.426678,4262.544,2,0.000000,4,4,70.058334,1,0,0
477,7.950000,30.696337,0.000321,-96.262558,13.140873,-0.001912,11.667023,-2.265627,0.255113,17.564007,4251.704,2,0.000000,4,4,69.882942,1,0,0
478,7.966667,30.918020,0.000281,-96.067696,13.301052,-0.002397,11.691895,-2.261454,0.250335,17.700901,4241.060,2,0.000000,4,4,69.710686,1,0,0
479,7.983333,31.142363,0.000234,-95.872414,13.460528,-0.002790,11.716327,-2.257362,0.245412,17.837400,4230.606,2,0.000000,4,4,69.541420,1,0,0
480,8.000000,31.369350,0.000183,-95.676750,13.619309,-0.003085,11.740381,-2.253356,0.240313,17.973534,4220.333,2,0.000000,4,4,69.374985,1,0,0
481,8.016666,31.598974,0.000128,-95.480682,13.777406,-0.003278,11.764143,-2.249437,0.235008,18.109360,4210.233,2,0.000000,4,4,69.211136,1,0,0
482,8.033334,31.831221,0.000072,-95.284218,13.934836,-0.003364,11.787715,-2.245610,0.229473,18.244944,4200.289,2,0.000000,4,4,69.049530,1,0,0
483,8.050000,32.068241,0.000015,-95.087013,14.221182,-0.003396,11.832200,-2.241956,0.219179,18.494917,4190.482,2,0.000000,4,4,68.417389,1,0,0
484,8.066667,32.307053,-0.000037,-94.889687,14.328499,-0.003175,11.839777,-2.238511,0.206573,18.582321,4152.118,2,0.000000,4,4,68.257782,1,0,0
485,8.083333,32.548450,-0.000086,-94.691727,14.483824,-0.002917,11.877645,-2.235222,0.197279,18.726458,4142.432,2,0.000000,4,4,68.099426,1,0,0
486,8.100000,32.792374,-0.000129,-94.493233,14.635504,-0.002570,11.909355,-2.232061,0.189508,18.864225,4132.822,2,0.000000,4,4,67.941505,1,0,0
487,8.116667,33.040981,-0.000166,-94.294014,14.916368,-0.002208,11.953215,-2.229162,0.173844,19.111950,4123.238,2,0.000000,4,4,67.324974,1,0,0
488,8.133333,33.291271,-0.000193,-94.094551,15.017445,-0.001654,11.968204,-2.226472,0.161315,19.200247,4085.822,1,0.000000,4,3,54.142559,1,0,0
489,8.150000,33.547661,-0.000213,-93.896843,15.383189,-0.001171,11.862343,-2.226827,-0.021327,19.425606,4085.822,1,0.000000,4,3,53.330296,1,0,0
490,8.166667,33.808727,-0.000223,-93.700737,15.664024,-0.000589,11.766541,-2.229505,-0.160629,19.589006,4146.152,1,0.000000,4,3,52.610104,1,0,0
491,8.183333,34.073132,-0.000222,-93.505882,15.864167,0.000031,11.691181,-2.233647,-0.248448,19.699045,4197.496,1,0.000000,4,3,52.011536,1,0,0
492,8.200000,34.339798,-0.000212,-93.311279,16.000126,0.000624,11.676072,-2.238776,-0.307673,19.793350,4242.129,1,0.000000,4,3,51.552341,1,0,0
493,8.216666,34.607117,-0.000192,-93.116211,16.039026,0.001176,11.704290,-2.244305,-0.331728,19.836941,4282.772,1,0.000000,4,3,51.248783,1,0,0
494,8.233334,34.873623,-0.000165,-92.919891,15.990334,0.001633,11.778662,-2.249778,-0.328418,19.840773,4322.541,1,0.000000,4,3,51.097752,1,0,0
495,8.250000,35.138062,-0.000132,-92.721680,15.866371,0.001961,11.893014,-2.254864,-0.305380,19.812265,4364.231,1,0.000000,4,3,51.087955,1,0,0
496,8.266666,35.399456,-0.000097,-92.521072,15.683722,0.002127,12.036136,-2.259349,-0.269333,19.758354,4410.204,1,0.000000,4,3,51.201065,1,0,0
497,8.283334,35.657391,-0.000061,-92.318428,15.476030,0.002127,12.158735,-2.262758,-0.204916,19.674269,4462.190,1,0.000000,4,3,51.413620,1,0,0
498,8.300000,35.911724,-0.000029,-92.113914,15.260111,0.001957,12.270318,-2.264971,-0.133111,19.578543,4521.172,1,0.000000,4,3,51.695602,1,0,0
499,8.316667,36.162670,-0.000001,-91.907814,15.056817,0.001645,12.365956,-2.266007,-0.062493,19.483355,4587.136,1,0.000000,4,3,52.018459,1,0,0
500,8.333333,36.410698,0.000019,-91.700470,14.881895,0.001241,12.441068,-2.266017,-0.000864,19.397158,4659.424,1,0.000000,4,3,52.356297,1,0,0
501,8.350000,36.656307,0.000033,-91.491989,14.736558,0.000799,12.508855,-2.265356,0.039471,19.328871,4736.862,1,0.000000,4,3,52.675636,1,0,0
502,8.366667,36.900105,0.000039,-91.282745,14.627604,0.000376,12.554678,-2.264259,0.065741,19.274168,4817.016,1,0.000000,4,3,52.974178,1,0,0
503,8.383333,37.142952,0.000039,-91.073013,14.570751,0.000007,12.583743,-2.262671,0.095209,19.248428,4899.336,1,0.000000,4,3,53.141586,1,0,0
504,8.400000,37.385632,0.000035,-90.863197,14.560893,-0.000272,12.589144,-2.260750,0.115297,19.243465,4973.111,1,0.000000,4,3,53.204311,1,0,0
505,8.416667,37.628761,0.000027,-90.653778,14.587889,-0.000445,12.565542,-2.258669,0.124869,19.248377,4978.981,1,0.000000,4,3,53.920193,1,0,0
506,8.433333,37.873032,0.000018,-90.445030,14.656378,-0.000528,12.524843,-2.256670,0.119958,19.274666,5045.976,1,0.000000,4,3,54.548149,1,0,0
507,8.450000,38.119194,0.000009,-90.237000,14.769578,-0.000541,12.481982,-2.254936,0.104019,19.334562,5104.741,1,0.000000,4,3,55.066086,1,0,0
508,8.466666,38.367451,0.000001,-90.029228,14.895510,-0.000490,12.466637,-2.253843,0.065579,19.422173,5153.211,1,0.000000,4,3,55.474243,1,0,0
509,8.483334,38.618080,-0.000005,-89.821472,15.037740,-0.000381,12.464893,-2.253412,0.025800,19.531315,5191.407,1,0.000000,4,3,55.779205,1,0,0
510,8.500000,38.871170,-0.000009,-89.613472,15.185240,-0.000219,12.480324,-2.253614,-0.012229,19.655525,5219.946,1,0.000000,4,3,55.992420,1,0,0
511,8.516666,39.126656,-0.000009,-89.404884,15.329199,-0.000017,12.514782,-2.254406,-0.047605,19.788975,5239.899,1,0.000000,4,3,56.128593,1,0,0
512,8.533334,39.384380,-0.000005,-89.195412,15.463407,0.000214,12.568631,-2.255661,-0.075282,19.926996,5252.643,1,0.000000,4,3,56.204338,1,0,0
513,8.550000,39.644112,0.000002,-88.984718,15.583793,0.000458,12.641483,-2.257195,-0.092041,20.066193,5259.730,1,0.000000,4,3,56.237061,1,0,0
514,8.566667,39.905434,0.000014,-88.772652,15.679379,0.000705,12.723990,-2.258649,-0.087169,20.192257,5262.793,1,0.000000,4,3,56.369064,1,0,0
515,8.583333,40.167988,0.000030,-88.559204,15.753187,0.000937,12.807326,-2.259798,-0.068806,20.302044,5275.146,1,0.000000,4,3,56.550438,1,0,0
516,8.600000,40.431644,0.000048,-88.344185,15.819288,0.001127,12.901262,-2.260589,-0.047332,20.412685,5292.120,1,0.000000,4,3,56.741558,1,0,0
517,8.616667,40.696304,0.000070,-88.127495,15.879607,0.001274,13.001659,-2.261009,-0.025029,20.523054,5310.005,1,0.000000,4,3,56.938351,1,0,0
518,8.633333,40.961922,0.000092,-87.909088,15.937192,0.001371,13.104245,-2.261064,-0.003156,20.632748,5328.421,1,0.000000,4,3,57.138992,1,0,0
519,8.650000,41.228264,0.000116,-87.689217,15.980402,0.001426,13.192409,-2.260880,0.011161,20.722183,5347.198,1,0.000000,4,3,57.396770,1,0,0
520,8.666667,41.495613,0.000140,-87.467865,16.040953,0.001409,13.280989,-2.260538,0.020640,20.825233,5371.321,1,0.000000,4,3,57.629223,1,0,0
521,8.683333,41.763817,0.000162,-87.245323,16.092161,0.001345,13.352643,-2.260089,0.027026,20.910278,5393.075,1,0.000000,4,3,57.908749,1,0,0
522,8.700000,42.033329,0.000182,-87.021439,16.170956,0.001203,13.432965,-2.259584,0.030345,21.022106,5419.234,1,0.000000,4,3,58.122639,1,0,0
523,8.716666,42.303791,0.000199,-86.796768,16.227440,0.001036,13.480053,-2.259081,0.030181,21.095573,5439.250,1,0.000000,4,3,58.430183,1,0,0
524,8.733334,42.575687,0.000213,-86.571136,16.314001,0.000791,13.537919,-2.258615,0.027896,21.199123,5468.030,1,0.000000,4,3,58.670189,1,0,0
525,8.750000,42.849033,0.000221,-86.344734,16.400803,0.000513,13.584221,-2.258153,0.027746,21.295532,5490.491,1,0.000000,4,3,58.918819,1,0,0
526,8.766666,43.123779,0.000225,-86.117744,16.484661,0.000204,13.619135,-2.257755,0.023790,21.382465,5513.758,1,0.000000,4,3,59.191338,1,0,0
527,8.783334,43.400166,0.000222,-85.890068,16.583120,-0.000142,13.660624,-2.257390,0.021816,21.484886,5539.261,1,0.000000,4,3,59.424320,1,0,0
528,8.800000,43.677872,0.000214,-85.661835,16.662472,-0.000485,13.694122,-2.257177,0.012714,21.567490,5561.064,1,0.000000,4,3,59.703842,1,0,0
529,8.816667,43.957119,0.000200,-85.432823,16.754717,-0.000845,13.740479,-2.257072,0.006230,21.668232,5587.222,1,0.000000,4,3,59.939461,1,0,0
530,8.833333,44.237633,0.000180,-85.203125,16.830975,-0.001177,13.781877,-2.257064,0.000431,21.753475,5609.272,1,0.000000,4,3,60.209629,1,0,0
531,8.850000,44.519630,0.000155,-84.972549,16.919668,-0.001498,13.834784,-2.257095,-0.001940,21.855625,5634.556,1,0.000000,4,3,60.436489,1,0,0
532,8.866667,44.802773,0.000126,-84.741272,16.988533,-0.001765,13.876331,-2.257206,-0.006784,21.935238,5655.785,1,0.000000,4,3,60.716850,1,0,0
533,8.883333,45.087357,0.000093,-84.508965,17.075111,-0.002004,13.938457,-2.257372,-0.010014,22.041592,5682.023,1,0.000000,4,3,60.930466,1,0,0
534,8.900000,45.372917,0.000057,-84.275894,17.133575,-0.002161,13.984119,-2.257571,-0.012018,22.115757,5702.013,1,0.000000,4,3,61.220695,1,0,0
535,8.916667,45.659763,0.000019,-84.041695,17.210909,-0.002278,14.051692,-2.257778,-0.012520,22.218410,5729.173,1,0.000000,4,3,61.443024,1,0,0
536,8.933333,45.947563,-0.000020,-83.806557,17.268122,-0.002310,14.108454,-2.257997,-0.013194,22.298653,5749.979,1,0.000000,4,3,61.715790,1,0,0
537,8.950000,46.236618,-0.000058,-83.570145,17.343393,-0.002291,14.184630,-2.258204,-0.012534,22.405165,5775.505,1,0.000000,4,3,61.921421,1,0,0
538,8.966666,46.526470,-0.000094,-83.332863,17.391136,-0.002175,14.236962,-2.258378,-0.010469,22.475281,5794.749,1,0.000000,4,3,62.214993,1,0,0
539,8.983334,46.817497,-0.000128,-83.094391,17.461416,-0.002018,14.308514,-2.258497,-0.007212,22.575008,5822.222,1,0.000000,4,3,62.439636,1,0,0
540,9.000000,47.109470,-0.000158,-82.854904,17.518614,-0.001786,14.369018,-2.258579,-0.004962,22.657619,5843.244,1,0.000000,4,3,62.700645,1,0,0
541,9.016666,47.402527,-0.000183,-82.614334,17.583153,-0.001509,14.434156,-2.258619,-0.002438,22.748844,5867.670,1,0.000000,4,3,62.940762,1,0,0
542,9.033334,47.696640,-0.000203,-82.372757,17.646875,-0.001185,14.494553,-2.258636,-0.001055,22.836424,5890.141,1,0.000000,4,3,63.186630,1,0,0
543,9.050000,47.991871,-0.000216,-82.130219,17.713673,-0.000829,14.552637,-2.258655,-0.001171,22.924911,5913.150,1,0.000000,4,3,63.428776,1,0,0
544,9.066667,48.288208,-0.000224,-81.886719,17.780272,-0.000452,14.609824,-2.258677,-0.001318,23.012678,5935.810,1,0.000000,4,3,63.670799,1,0,0
545,9.083333,48.585659,-0.000225,-81.642273,17.847042,-0.000068,14.666603,-2.258699,-0.001333,23.100315,5958.459,1,0.000000,4,3,63.911488,1,0,0
546,9.100000,48.884224,-0.000220,-81.396889,17.913809,0.000312,14.722863,-2.258720,-0.001289,23.187618,5980.983,1,0.000000,4,3,64.151314,1,0,0
547,9.116667,49.183899,-0.000209,-81.150574,17.980564,0.000674,14.778729,-2.258740,-0.001190,23.274662,6003.427,1,0.000000,4,3,64.390137,1,0,0
548,9.133333,49.484684,-0.000192,-80.903336,18.047190,0.001009,14.834297,-2.258757,-0.001003,23.361416,6025.777,1,0.000000,4,3,64.628021,1,0,0
549,9.150000,49.786579,-0.000170,-80.655182,18.113707,0.001306,14.889552,-2.258770,-0.000803,23.447884,6048.038,1,0.000000,4,3,64.864952,1,0,0
550,9.166667,50.089581,-0.000144,-80.406105,18.180035,0.001556,14.944581,-2.258781,-0.000614,23.534061,6070.211,1,0.000000,4,3,65.100937,1,0,0
551,9.183333,50.393684,-0.000115,-80.156105,18.246115,0.001752,14.999455,-2.258790,-0.000509,23.619951,6092.295,1,0.000000,4,3,65.335968,1,0,0
552,9.200000,50.698883,-0.000083,-79.905205,18.312000,0.001892,15.054091,-2.258797,-0.000412,23.705536,6114.290,1,0.000000,4,3,65.570076,1,0,0
553,9.216666,51.005180,-0.000051,-79.653397,18.377695,0.001971,15.108479,-2.258803,-0.000328,23.790817,6136.198,1,0.000000,4,3,65.803238,1,0,0
554,9.233334,51.312565,-0.000017,-79.400688,18.443201,0.001990,15.162614,-2.258808,-0.000256,23.875792,6158.018,1,0.000000,4,3,66.035248,1,0,0
555,9.250000,51.621040,0.000015,-79.147079,18.508471,0.001948,15.216464,-2.258811,-0.000191,23.960400,6179.730,1,0.000000,4,3,66.265984,1,0,0
556,9.266666,51.930599,0.000046,-78.892578,18.573473,0.001850,15.270008,-2.258814,-0.000135,24.044615,6201.322,1,0.000000,4,3,66.495338,1,0,0
557,9.283334,52.241234,0.000074,-78.637192,18.638172,0.001699,15.323221,-2.258816,-0.000089,24.128380,6222.787,1,0.000000,4,3,66.723206,1,0,0
558,9.300000,52.552940,0.000099,-78.380920,18.702536,0.001503,15.376083,-2.258818,-0.000051,24.211662,6244.111,1,0.000000,4,3,66.949501,1,0,0
559,9.316667,52.865715,0.000120,-78.123772,18.766495,0.001270,15.428617,-2.258818,0.000011,24.294426,6265.288,1,0.000000,4,3,67.174149,1,0,0
560,9.333333,53.179550,0.000137,-77.865761,18.830042,0.001007,15.480785,-2.258818,0.000077,24.376640,6286.311,1,0.000000,4,3,67.397049,1,0,0
561,9.350000,53.494434,0.000149,-77.606880,18.893158,0.000722,15.532549,-2.258816,0.000134,24.458263,6307.170,1,0.000000,4,3,67.618149,1,0,0
562,9.366667,53.810364,0.000156,-77.347153,18.955828,0.000426,15.583879,-2.258813,0.000177,24.539268,6327.862,1,0.000000,4,3,67.837379,1,0,0
563,9.383333,54.127331,0.000158,-77.086578,19.018036,0.000128,15.634754,-2.258811,0.000199,24.619627,6348.378,1,0.000000,4,3,68.054657,1,0,0
564,9.400000,54.445328,0.000156,-76.825157,19.079756,-0.000164,15.685157,-2.258807,0.000198,24.699314,6368.711,1,0.000000,4,3,68.269936,1,0,0
565,9.416667,54.764343,0.000148,-76.562904,19.140966,-0.000441,15.735082,-2.258805,0.000173,24.778305,6388.857,1,0.000000,4,3,68.483139,1,0,0
566,9.433333,55.084370,0.000137,-76.299828,19.201637,-0.000696,15.784520,-2.258803,0.000128,24.856565,6408.810,1,0.000000,4,3,68.694229,1,0,0
567,9.450000,55.405399,0.000121,-76.035942,19.261747,-0.000922,15.833476,-2.258802,0.000066,24.934086,6428.564,1,0.000000,4,3,68.903130,1,0,0
568,9.466666,55.727421,0.000103,-75.771240,19.321262,-0.001113,15.881948,-2.258802,-0.000009,25.010845,6448.113,1,0.000000,4,3,69.109818,1,0,0
569,9.483334,56.050423,0.000082,-75.505737,19.380096,-0.001264,15.930022,-2.258802,-0.000024,25.086834,6467.456,1,0.000000,4,3,69.314224,1,0,0
570,9.500000,56.374393,0.000059,-75.239441,19.438271,-0.001375,15.977637,-2.258802,-0.000029,25.162010,6486.584,1,0.000000,4,3,69.516327,1,0,0
571,9.516666,56.699322,0.000035,-74.972366,19.495808,-0.001442,16.024754,-2.258803,-0.000049,25.236383,6505.497,1,0.000000,4,3,69.716072,1,0,0
572,9.533334,57.025204,0.000010,-74.704506,19.552677,-0.001465,16.071375,-2.258804,-0.000062,25.309923,6524.190,1,0.000000,4,3,69.913437,1,0,0
573,9.550000,57.352016,-0.000014,-74.435883,19.608889,-0.001445,16.117487,-2.258805,-0.000080,25.382635,6542.660,1,0.000000,4,3,70.108376,1,0,0
574,9.566667,57.679760,-0.000037,-74.166496,19.664442,-0.001385,16.163059,-2.258806,-0.000113,25.454494,6560.902,1,0.000000,4,3,70.300880,1,0,0
575,9.583333,58.008415,-0.000058,-73.896362,19.719324,-0.001286,16.208101,-2.258809,-0.000152,25.525497,6578.918,1,0.000000,4,3,70.490913,1,0,0
576,9.600000,58.337971,-0.000077,-73.625488,19.773520,-0.001157,16.252615,-2.258812,-0.000191,25.595634,6596.702,1,0.000000,4,3,70.678452,1,0,0
577,9.616667,58.668423,-0.000094,-73.353874,19.827017,-0.000997,16.296604,-2.258815,-0.000225,25.664898,6614.252,1,0.000000,4,3,70.863480,1,0,0
578,9.633333,58.999752,-0.000108,-73.081543,19.879807,-0.000815,16.340071,-2.258819,-0.000250,25.733280,6631.567,1,0.000000,4,3,71.045982,1,0,0
579,9.650000,59.331951,-0.000118,-72.808495,19.931883,-0.000617,16.383013,-2.258823,-0.000263,25.800785,6648.646,1,0.000000,4,3,71.225952,1,0,0
580,9.666667,59.665005,-0.000125,-72.534729,19.983248,-0.000410,16.425421,-2.258827,-0.000259,25.867393,6665.488,1,0.000000,4,3,71.403389,1,0,0
581,9.683333,59.998905,-0.000128,-72.260277,20.033897,-0.000199,16.467299,-2.258831,-0.000243,25.933117,6682.093,1,0.000000,4,3,71.578270,1,0,0
582,9.700000,60.333633,-0.000128,-71.985130,20.083834,0.000008,16.508635,-2.258835,-0.000215,25.997944,6698.459,1,0.000000,4,3,71.750595,1,0,0
583,9.716666,60.669186,-0.000125,-71.709312,20.133057,0.000207,16.549421,-2.258838,-0.000179,26.061871,6714.586,1,0.000000,4,3,71.920380,1,0,0
584,9.733334,61.005547,-0.000118,-71.432816,20.181578,0.000390,16.589651,-2.258840,-0.000135,26.124901,6730.475,1,0.000000,4,3,72.087608,1,0,0
585,9.750000,61.342705,-0.000109,-71.155655,20.229404,0.000555,16.629303,-2.258841,-0.000084,26.187027,6746.124,1,0.000000,4,3,72.252304,1,0,0
586,9.766666,61.680649,-0.000097,-70.877846,20.276617,0.000695,16.668291,-2.258843,-0.000106,26.248257,6761.537,1,0.000000,4,3,72.414452,1,0,0
587,9.783334,62.019367,-0.000084,-70.599403,20.323116,0.000810,16.706726,-2.258844,-0.000090,26.308582,6776.711,1,0.000000,4,3,72.574081,1,0,0
588,9.800000,62.358852,-0.000069,-70.320328,20.368938,0.000895,16.744570,-2.258846,-0.000081,26.368013,6791.649,1,0.000000,4,3,72.731194,1,0,0
589,9.816667,62.699085,-0.000053,-70.040634,20.414076,0.000951,16.781836,-2.258847,-0.000066,26.426544,6806.352,1,0.000000,4,3,72.885803,1,0,0
590,9.833333,63.040062,-0.000037,-69.760330,20.458529,0.000976,16.818520,-2.258848,-0.000055,26.484179,6820.821,1,0.000000,4,3,73.037933,1,0,0
591,9.850000,63.381767,-0.000020,-69.479416,20.502300,0.000972,16.854631,-2.258849,-0.000042,26.540928,6835.058,1,0.000000,4,3,73.187584,1,0,0
592,9.866667,63.724190,-0.000005,-69.197914,20.545399,0.000939,16.890163,-2.258849,-0.000032,26.596783,6849.062,1,0.000000,4,3,73.334785,1,0,0
593,9.883333,64.067322,0.000010,-68.915825,20.587818,0.000880,16.925123,-2.258850,-0.000021,26.651749,6862.837,1,0.000000,4,3,73.479553,1,0,0
594,9.900000,64.411148,0.000023,-68.633171,20.629568,0.000800,16.959507,-2.258850,-0.000014,26.705835,6876.385,1,0.000000,4,3,73.621910,1,0,0
595,9.916667,64.755653,0.000035,-68.349945,20.670652,0.000698,16.993328,-2.258850,-0.000007,26.759047,6889.707,1,0.000000,4,3,73.761871,1,0,0
596,9.933333,65.100845,0.000045,-68.066170,20.711073,0.000582,17.026583,-2.258850,-0.000002,26.811394,6902.805,1,0.000000,4,3,73.899460,1,0,0
597,9.950000,65.446686,0.000052,-67.781853,20.750835,0.000453,17.059277,-2.258850,0.000001,26.862867,6915.681,1,0.000000,4,3,74.034698,1,0,0
598,9.966666,65.793190,0.000057,-67.496994,20.789936,0.000318,17.091423,-2.258850,0.000009,26.913483,6928.336,1,0.000000,4,3,74.167618,1,0,0
599,9.983334,66.140327,0.000060,-67.211609,20.828384,0.000180,17.123022,-2.258850,0.000019,26.963249,6940.776,1,0.000000,4,3,74.298241,1,0,0
600,10.000000,66.488098,0.000061,-66.925705,20.866186,0.000044,17.154078,-2.258850,0.000027,27.012180,6953.000,1,0.000000,4,3,74.426590,1,0,0
601,10.016666,66.836487,0.000060,-66.639297,20.903353,-0.000088,17.184591,-2.258849,0.000034,27.060268,6965.011,1,0.000000,4,3,74.552689,1,0,0
602,10.033334,67.185486,0.000056,-66.352386,20.939888,-0.000210,17.214565,-2.258849,0.000037,27.107525,6976.812,1,0.000000,4,3,74.676567,1,0,0
603,10.050000,67.535080,0.000051,-66.064987,20.975803,-0.000321,17.244007,-2.258848,0.000037,27.153965,6988.404,1,0.000000,4,3,74.798248,1,0,0
604,10.066667,67.885262,0.000044,-65.777100,21.011099,-0.000415,17.272923,-2.258847,0.000034,27.199593,6999.792,1,0.000000,4,3,74.917770,1,0,0
605,10.083333,68.236023,0.000036,-65.488747,21.045778,-0.000494,17.301329,-2.258847,0.000021,27.244423,7010.977,2,0.000000,4,4,89.212685,1,0,0
606,10.100000,68.592194,0.000024,-65.195946,21.370312,-0.000728,17.568029,-2.258846,0.000075,27.664471,7010.977,2,0.000000,4,4,87.345398,1,0,0
607,10.116667,68.952957,0.000012,-64.899368,21.645521,-0.000705,17.794186,-2.258845,0.000075,28.020655,6896.967,2,0.000000,4,4,85.466370,1,0,0
608,10.133333,69.314590,0.000005,-64.602081,21.698214,-0.000381,17.837440,-2.258844,0.000023,28.088802,6767.752,2,0.000000,4,4,84.579391,1,0,0
609,10.150000,69.680954,0.000002,-64.300903,21.981453,-0.000226,18.070127,-2.258844,-0.000003,28.455317,6635.374,2,0.000000,4,4,82.680908,1,0,0
610,10.166667,70.051651,0.000003,-63.996174,22.242109,0.000073,18.284258,-2.258845,-0.000074,28.792576,6479.448,2,0.000000,4,4,80.773003,1,0,0
611,10.183333,70.425011,0.000011,-63.689255,22.401724,0.000512,18.415339,-2.258848,-0.000141,28.999031,6307.970,2,0.000000,4,4,79.342926,1,0,0
612,10.200000,70.801079,0.000027,-63.380108,22.564138,0.000922,18.548767,-2.258851,-0.000178,29.209139,6132.653,2,0.000000,4,4,77.936653,1,0,0
613,10.216666,71.178925,0.000049,-63.069508,22.670372,0.001318,18.636074,-2.258853,-0.000192,29.346556,5946.439,2,0.000000,4,4,76.855080,1,0,0
614,10.233334,71.557610,0.000076,-62.758209,22.721079,0.001639,18.677786,-2.258856,-0.000178,29.412146,5759.355,2,0.000000,4,4,76.131744,1,0,0
615,10.250000,71.936302,0.000106,-62.446903,22.721678,0.001826,18.678356,-2.258858,-0.000144,29.412933,5576.563,2,0.000000,4,4,75.764175,1,0,0
616,10.266666,72.314323,0.000137,-62.136150,22.681124,0.001839,18.645136,-2.258860,-0.000098,29.360514,5402.312,2,0.000000,4,4,75.720497,1,0,0
617,10.283334,72.691162,0.000165,-61.826366,22.610359,0.001654,18.587107,-2.258860,-0.000048,29.269053,5239.502,2,0.000000,4,4,75.947418,1,0,0
618,10.300000,73.066505,0.000186,-61.517803,22.520842,0.001263,18.513653,-2.258860,0.000007,29.153336,5089.477,2,0.000000,4,4,76.378540,1,0,0
619,10.316667,73.440086,0.000197,-61.210690,22.415110,0.000686,18.426853,-2.258859,0.000052,29.016647,4952.027,2,0.000000,4,4,76.942215,1,0,0
620,10.333333,73.811981,0.000196,-60.904961,22.313919,-0.000054,18.343756,-2.258857,0.000096,28.885818,4825.574,2,0.000000,4,4,77.563683,1,0,0
621,10.350000,74.182472,0.000181,-60.600395,22.228918,-0.000896,18.273933,-2.258855,0.000138,28.775917,4707.189,2,0.000000,4,4,78.180656,1,0,0
622,10.366667,74.551903,0.000152,-60.296696,22.165936,-0.001771,18.222172,-2.258852,0.000169,28.694469,4744.632,2,0.000000,4,4,79.438362,1,0,0
623,10.383333,74.920731,0.000108,-59.993492,22.129469,-0.002608,18.192171,-2.258850,0.000160,28.647293,4820.960,2,0.000000,4,4,80.495346,1,0,0
624,10.400000,75.289574,0.000053,-59.690273,22.130503,-0.003338,18.192961,-2.258847,0.000141,28.648609,4885.106,2,0.000000,4,4,81.311584,1,0,0
625,10.416667,75.659004,-0.000012,-59.386574,22.166212,-0.003895,18.222223,-2.258846,0.000112,28.694775,4934.642,2,0.000000,4,4,81.877380,1,0,0
626,10.433333,76.029533,-0.000083,-59.081974,22.231743,-0.004227,18.275984,-2.258844,0.000073,28.779516,4968.979,2,0.000000,4,4,82.205246,1,0,0
627,10.450000,76.401672,-0.000154,-58.776054,22.328070,-0.004309,18.355053,-2.258844,0.000033,28.904121,4988.876,2,0.000000,4,4,82.325066,1,0,0
628,10.466666,76.775658,-0.000223,-58.468613,22.439541,-0.004122,18.446594,-2.258844,-0.000026,29.048347,4996.148,2,0.000000,4,4,82.282784,1,0,0
629,10.483334,77.151573,-0.000284,-58.159592,22.554583,-0.003678,18.541096,-2.258846,-0.000095,29.197220,4993.582,2,0.000000,4,4,82.126770,1,0,0
630,10.500000,77.529312,-0.000335,-57.849064,22.664762,-0.003014,18.631641,-2.258848,-0.000165,29.339836,4984.114,2,0.000000,4,4,81.903679,1,0,0
631,10.516666,77.908730,-0.000371,-57.537159,22.765074,-0.002175,18.714130,-2.258852,-0.000230,29.469727,4970.575,2,0.000000,4,4,81.655235,1,0,0
632,10.533334,78.289268,-0.000391,-57.224335,22.832365,-0.001203,18.769539,-2.258857,-0.000295,29.556908,4955.497,2,0.000000,4,4,81.703255,1,0,0
633,10.550000,78.670609,-0.000394,-56.910854,22.880011,-0.000177,18.808867,-2.258862,-0.000302,29.618700,4958.412,2,0.000000,4,4,81.875580,1,0,0
634,10.566667,79.052834,-0.000380,-56.596630,22.933954,0.000826,18.853437,-2.258867,-0.000281,29.688686,4968.870,2,0.000000,4,4,82.044395,1,0,0
635,10.583333,79.435966,-0.000351,-56.281666,22.987871,0.001776,18.898027,-2.258871,-0.000236,29.758657,4979.115,2,0.000000,4,4,82.227127,1,0,0
636,10.600000,79.820007,-0.000307,-55.965942,23.042631,0.002635,18.943331,-2.258874,-0.000176,29.829723,4990.204,2,0.000000,4,4,82.414146,1,0,0
637,10.616667,80.204964,-0.000250,-55.649460,23.097662,0.003371,18.988853,-2.258876,-0.000110,29.901131,5001.554,2,0.000000,4,4,82.604523,1,0,0
638,10.633333,80.590851,-0.000184,-55.332214,23.152927,0.003962,19.034485,-2.258877,-0.000082,29.972782,5013.107,2,0.000000,4,4,82.796555,1,0,0
639,10.650000,80.977654,-0.000111,-55.014217,23.208317,0.004390,19.080093,-2.258878,-0.000098,30.044498,5024.762,2,0.000000,4,4,82.989594,1,0,0
640,10.666667,81.365387,-0.000034,-54.695454,23.263706,0.004644,19.125710,-2.258880,-0.000089,30.116222,5036.477,2,0.000000,4,4,83.183167,1,0,0
641,10.683333,81.754036,0.000045,-54.375935,23.319077,0.004721,19.171265,-2.258882,-0.000087,30.187893,5048.225,2,0.000000,4,4,83.377045,1,0,0
642,10.700000,82.143608,0.000122,-54.055656,23.374376,0.004625,19.216770,-2.258883,-0.000071,30.259472,5059.991,2,0.000000,4,4,83.571060,1,0,0
643,10.716666,82.534103,0.000195,-53.734619,23.429586,0.004363,19.262190,-2.258884,-0.000076,30.330933,5071.765,2,0.000000,4,4,83.765167,1,0,0
644,10.733334,82.925522,0.000260,-53.412823,23.484688,0.003951,19.307533,-2.258885,-0.000070,30.402260,5083.545,2,0.000000,4,4,83.959282,1,0,0
645,10.750000,83.317848,0.000317,-53.090279,23.539679,0.003406,19.352776,-2.258886,-0.000068,30.473446,5095.326,2,0.000000,4,4,84.153381,1,0,0
646,10.766666,83.711090,0.000363,-52.766979,23.594543,0.002754,19.397915,-2.258888,-0.000065,30.544479,5107.105,2,0.000000,4,4,84.347450,1,0,0
647,10.783334,84.105247,0.000397,-52.442932,23.649286,0.002018,19.442947,-2.258888,-0.000064,30.615358,5118.883,2,0.000000,4,4,84.541451,1,0,0
648,10.800000,84.500313,0.000417,-52.118134,23.703897,0.001224,19.487873,-2.258890,-0.000062,30.686073,5130.656,2,0.000000,4,4,84.735382,1,0,0
649,10.816667,84.896286,0.000424,-51.792591,23.758377,0.000405,19.532692,-2.258891,-0.000060,30.756626,5142.425,2,0.000000,4,4,84.929222,1,0,0
650,10.833333,85.293159,0.000417,-51.466301,23.812729,-0.000414,19.577404,-2.258892,-0.000058,30.827019,5154.189,2,0.000000,4,4,85.122940,1,0,0
651,10.850000,85.690941,0.000397,-51.139267,23.866951,-0.001205,19.622009,-2.258893,-0.000057,30.897247,5165.945,2,0.000000,4,4,85.316544,1,0,0
652,10.866667,86.089622,0.000365,-50.811489,23.921053,-0.001942,19.666512,-2.258893,-0.000058,30.967323,5177.695,2,0.000000,4,4,85.509995,1,0,0
653,10.883333,86.489212,0.000321,-50.482975,23.975029,-0.002602,19.710924,-2.258894,-0.000053,31.037243,5189.435,2,0.000000,4,4,85.703278,1,0,0
654,10.900000,86.889694,0.000269,-50.153721,24.028900,-0.003162,19.755236,-2.258895,-0.000056,31.107023,5201.165,2,0.000000,4,4,85.896362,1,0,0
655,10.916667,87.291069,0.000208,-49.823730,24.082661,-0.003607,19.799469,-2.258896,-0.000054,31.176666,5212.883,2,0.000000,4,4,86.089226,1,0,0
656,10.933333,87.693344,0.000143,-49.493004,24.136330,-0.003926,19.843618,-2.258897,-0.000055,31.246185,5224.588,2,0.000000,4,4,86.281845,1,0,0
657,10.950000,88.096512,0.000074,-49.161541,24.189907,-0.004110,19.887697,-2.258898,-0.000055,31.315582,5236.277,2,0.000000,4,4,86.474197,1,0,0
658,10.966666,88.500565,0.000005,-48.829346,24.243401,-0.004157,19.931711,-2.258899,-0.000054,31.384876,5247.951,2,0.000000,4,4,86.666260,1,0,0
659,10.983334,88.905518,-0.000063,-48.496422,24.296820,-0.004068,19.975662,-2.258900,-0.000054,31.454067,5259.606,2,0.000000,4,4,86.858017,1,0,0
660,11.000000,89.311356,-0.000127,-48.162758,24.350170,-0.003852,20.019562,-2.258900,-0.000052,31.523172,5271.244,2,0.000000,4,4,87.049446,1,0,0
661,11.016666,89.718071,-0.000185,-47.828365,24.403458,-0.003520,20.063408,-2.258901,-0.000052,31.592186,5282.862,2,0.000000,4,4,87.240555,1,0,0
662,11.033334,90.125687,-0.000237,-47.493248,24.456692,-0.003086,20.107208,-2.258902,-0.000052,31.661133,5294.459,2,0.000000,4,4,87.431297,1,0,0
663,11.050000,90.534180,-0.000280,-47.157398,24.509869,-0.002567,20.150967,-2.258903,-0.000050,31.730001,5306.036,2,0.000000,4,4,87.621696,1,0,0
664,11.066667,90.943565,-0.000313,-46.820820,24.563000,-0.001984,20.194685,-2.258904,-0.000050,31.798813,5317.590,2,0.000000,4,4,87.811722,1,0,0
665,11.083333,91.353828,-0.000335,-46.483513,24.616079,-0.001357,20.238363,-2.258904,-0.000049,31.867554,5329.123,2,0.000000,4,4,88.001396,1,0,0
666,11.100000,91.764977,-0.000347,-46.145481,24.669113,-0.000709,20.282001,-2.258905,-0.000048,31.936237,5340.634,2,0.000000,4,4,88.190712,1,0,0
667,11.116667,92.177010,-0.000348,-45.806721,24.722103,-0.000062,20.325603,-2.258906,-0.000048,32.004860,5352.123,2,0.000000,4,4,88.379654,1,0,0
668,11.133333,92.589928,-0.000339,-45.467236,24.775042,0.000565,20.369167,-2.258907,-0.000046,32.073418,5363.589,2,0.000000,4,4,88.568253,1,0,0
669,11.150000,93.003723,-0.000320,-45.127022,24.827934,0.001153,20.412693,-2.258908,-0.000044,32.141918,5375.035,2,0.000000,4,4,88.756493,1,0,0
670,11.166667,93.418404,-0.000292,-44.786087,24.880777,0.001683,20.456175,-2.258909,-0.000044,32.210346,5386.459,2,0.000000,4,4,88.944389,1,0,0
671,11.183333,93.833961,-0.000256,-44.444427,24.933569,0.002144,20.499619,-2.258909,-0.000041,32.278709,5397.862,2,0.000000,4,4,89.131943,1,0,0
672,11.200000,94.250404,-0.000214,-44.102043,24.986303,0.002520,20.543009,-2.258910,-0.000041,32.346996,5409.244,2,0.000000,4,4,89.319191,1,0,0
673,11.216666,94.667717,-0.000167,-43.758938,25.038982,0.002805,20.586355,-2.258911,-0.000039,32.415211,5420.608,2,0.000000,4,4,89.506096,1,0,0
674,11.233334,95.085915,-0.000117,-43.415112,25.091597,0.002993,20.629642,-2.258911,-0.000039,32.483341,5431.951,2,0.000000,4,4,89.692719,1,0,0
675,11.250000,95.504990,-0.000066,-43.070564,25.144146,0.003082,20.672878,-2.258912,-0.000038,32.551380,5443.277,2,0.000000,4,4,89.879021,1,0,0
676,11.266666,95.924927,-0.000015,-42.725296,25.196623,0.003074,20.716051,-2.258913,-0.000038,32.619324,5454.583,2,0.000000,4,4,90.065048,1,0,0
677,11.283334,96.345749,0.000035,-42.379311,25.249023,0.002972,20.759163,-2.258913,-0.000037,32.687168,5465.873,2,0.000000,4,4,90.250793,1,0,0
678,11.300000,96.767441,0.000081,-42.032608,25.301344,0.002784,20.802212,-2.258914,-0.000036,32.754913,5477.145,2,0.000000,4,4,90.436256,1,0,0
679,11.316667,97.190002,0.000123,-41.685184,25.353584,0.002519,20.845188,-2.258914,-0.000036,32.822556,5488.400,2,0.000000,4,4,90.621452,1,0,0
680,11.333333,97.613434,0.000160,-41.337051,25.405737,0.002188,20.888094,-2.258915,-0.000035,32.890083,5499.640,2,0.000000,4,4,90.806381,1,0,0
681,11.350000,98.037727,0.000190,-40.988201,25.457802,0.001804,20.930925,-2.258916,-0.000034,32.957497,5510.863,2,0.000000,4,4,90.991043,1,0,0
682,11.366667,98.462891,0.000213,-40.638638,25.509771,0.001381,20.973680,-2.258916,-0.000034,33.024780,5522.070,2,0.000000,4,4,91.175453,1,0,0
683,11.383333,98.888916,0.000228,-40.288368,25.561651,0.000934,21.016356,-2.258917,-0.000036,33.091957,5533.261,2,0.000000,4,4,91.359596,1,0,0
684,11.400000,99.315811,0.000236,-39.937386,25.613432,0.000477,21.058958,-2.258918,-0.000033,33.159004,5544.436,2,0.000000,4,4,91.543480,1,0,0
685,11.416667,99.743561,0.000237,-39.585693,25.665121,0.000024,21.101473,-2.258918,-0.000036,33.225929,5555.596,2,0.000000,4,4,91.727104,1,0,0
686,11.433333,100.172173,0.000230,-39.233295,25.716707,-0.000410,21.143911,-2.258919,-0.000034,33.292728,5566.740,2,0.000000,4,4,91.910469,1,0,0
687,11.450000,100.601646,0.000216,-38.880188,25.768202,-0.000814,21.186270,-2.258919,-0.000035,33.359406,5577.868,2,0.000000,4,4,92.093559,1,0,0
688,11.466666,101.031967,0.000197,-38.526379,25.819599,-0.001176,21.228544,-2.258920,-0.000037,33.425961,5588.979,2,0.000000,4,4,92.276390,1,0,0
689,11.483334,101.463150,0.000172,-38.171867,25.870897,-0.001487,21.270746,-2.258920,-0.000034,33.492390,5600.075,2,0.000000,4,4,92.458939,1,0,0
690,11.500000,101.895180,0.000143,-37.816654,25.922098,-0.001741,21.312864,-2.258921,-0.000036,33.558701,5611.153,2,0.000000,4,4,92.641228,1,0,0
691,11.516666,102.328072,0.000111,-37.460739,25.973207,-0.001932,21.354904,-2.258921,-0.000037,33.624878,5622.216,2,0.000000,4,4,92.823227,1,0,0
692,11.533334,102.761810,0.000077,-37.104126,26.024223,-0.002057,21.396870,-2.258922,-0.000037,33.690941,5633.261,2,0.000000,4,4,93.004944,1,0,0
693,11.550000,103.196388,0.000041,-36.746815,26.075151,-0.002115,21.438761,-2.258923,-0.000038,33.756893,5644.290,2,0.000000,4,4,93.186363,1,0,0
694,11.566667,103.631821,0.000006,-36.388805,26.125986,-0.002107,21.480585,-2.258923,-0.000036,33.822727,5655.299,2,0.000000,4,4,93.367493,1,0,0
695,11.583333,104.068100,-0.000028,-36.030098,26.176737,-0.002036,21.522329,-2.258924,-0.000039,33.888451,5666.292,2,0.000000,4,4,93.548325,1,0,0
696,11.600000,104.505226,-0.000060,-35.670696,26.227400,-0.001909,21.564009,-2.258924,-0.000038,33.954056,5677.266,2,0.000000,4,4,93.728851,1,0,0
697,11.616667,104.943192,-0.000088,-35.310604,26.277979,-0.001729,21.605623,-2.258925,-0.000036,34.019558,5688.222,2,0.000000,4,4,93.909065,1,0,0
698,11.633333,105.382004,-0.000114,-34.949818,26.328484,-0.001505,21.647161,-2.258925,-0.000040,34.084949,5699.159,2,0.000000,4,4,94.088966,1,0,0
699,11.650000,105.821648,-0.000134,-34.588345,26.378902,-0.001247,21.688641,-2.258926,-0.000039,34.150242,5710.076,2,0.000000,4,4,94.268555,1,0,0
700,11.666667,106.262138,-0.000150,-34.226177,26.429239,-0.000963,21.730057,-2.258927,-0.000038,34.215439,5720.975,2,0.000000,4,4,94.447830,1,0,0
701,11.683333,106.703461,-0.000161,-33.863323,26.479502,-0.000663,21.771408,-2.258927,-0.000039,34.280525,5731.855,2,0.000000,4,4,94.626770,1,0,0
702,11.700000,107.145622,-0.000167,-33.499775,26.529686,-0.000357,21.812696,-2.258928,-0.000039,34.345509,5742.714,2,0.000000,4,4,94.805397,1,0,0
703,11.716666,107.588615,-0.000168,-33.135544,26.579792,-0.000055,21.853920,-2.258928,-0.000039,34.410393,5753.556,2,0.000000,4,4,94.983711,1,0,0
704,11.733334,108.032448,-0.000164,-32.770626,26.629826,0.000235,21.895084,-2.258929,-0.000038,34.475182,5764.376,2,0.000000,4,4,95.161682,1,0,0
705,11.750000,108.477112,-0.000156,-32.405022,26.679779,0.000504,21.936188,-2.258929,-0.000038,34.539871,5775.178,2,0.000000,4,4,95.339333,1,0,0
706,11.766666,108.922607,-0.000144,-32.038738,26.729654,0.000746,21.977226,-2.258930,-0.000037,34.604469,5785.958,2,0.000000,4,4,95.516663,1,0,0
707,11.783334,109.368935,-0.000128,-31.671766,26.779455,0.000954,22.018204,-2.258931,-0.000037,34.668953,5796.721,2,0.000000,4,4,95.693665,1,0,0
708,11.800000,109.816086,-0.000109,-31.304115,26.829180,0.001123,22.059114,-2.258932,-0.000037,34.733345,5807.462,2,0.000000,4,4,95.870338,1,0,0
709,11.816667,110.264069,-0.000088,-30.935783,26.878820,0.001252,22.099964,-2.258932,-0.000035,34.797630,5818.184,2,0.000000,4,4,96.046692,1,0,0
710,11.833333,110.712875,-0.000066,-30.566771,26.928387,0.001338,22.140745,-2.258933,-0.000036,34.861816,5828.887,2,0.000000,4,4,96.222717,1,0,0
711,11.850000,111.162498,-0.000043,-30.197079,26.977869,0.001379,22.181459,-2.258933,-0.000036,34.925892,5839.569,2,0.000000,4,4,96.398430,1,0,0
712,11.866667,111.612953,-0.000020,-29.826710,27.027271,0.001378,22.222107,-2.258934,-0.000036,34.989861,5850.233,2,0.000000,4,4,96.573814,1,0,0
713,11.883333,112.064232,0.000002,-29.455664,27.076588,0.001335,22.262688,-2.258935,-0.000036,35.053726,5860.877,2,0.000000,4,4,96.748878,1,0,0
714,11.900000,112.516327,0.000023,-29.083946,27.125820,0.001256,22.303200,-2.258935,-0.000035,35.117481,5871.501,2,0.000000,4,4,96.923622,1,0,0
715,11.916667,112.969246,0.000042,-28.711550,27.174969,0.001142,22.343636,-2.258936,-0.000037,35.181126,5882.106,2,0.000000,4,4,97.098061,1,0,0
716,11.933333,113.422981,0.000059,-28.338484,27.224026,0.001000,22.384007,-2.258936,-0.000034,35.244656,5892.692,2,0.000000,4,4,97.272179,1,0,0
717,11.950000,113.877525,0.000073,-27.964746,27.272999,0.000836,22.424295,-2.258937,-0.000036,35.308071,5903.259,2,0.000000,4,4,97.445992,1,0,0
718,11.966666,114.332893,0.000084,-27.590338,27.321882,0.000655,22.464520,-2.258938,-0.000033,35.371372,5913.807,2,0.000000,4,4,97.619476,1,0,0
719,11.983334,114.789070,0.000092,-27.215260,27.370676,0.000462,22.504662,-2.258938,-0.000035,35.434555,5924.336,2,0.000000,4,4,97.792656,1,0,0
720,12.000000,115.246063,0.000096,-26.839514,27.419378,0.000268,22.544731,-2.258939,-0.000035,35.497623,5934.846,2,0.000000,4,4,97.965523,1,0,0
721,12.016666,115.703865,0.000097,-26.463102,27.467987,0.000073,22.584724,-2.258939,-0.000035,35.560570,5945.337,2,0.000000,4,4,98.138084,1,0,0
722,12.033334,116.162476,0.000095,-26.086025,27.516506,-0.000113,22.624645,-2.258940,-0.000034,35.623398,5955.809,2,0.000000,4,4,98.310318,1,0,0
723,12.050000,116.621887,0.000091,-25.708284,27.564930,-0.000288,22.664486,-2.258940,-0.000034,35.686104,5966.262,2,0.000000,4,4,98.482254,1,0,0
724,12.066667,117.082108,0.000083,-25.329882,27.613262,-0.000445,22.704252,-2.258941,-0.000034,35.748692,5976.697,2,0.000000,4,4,98.653870,1,0,0
725,12.083333,117.543129,0.000074,-24.950815,27.661503,-0.000581,22.743940,-2.258942,-0.000034,35.811161,5987.112,2,0.000000,4,4,98.825172,1,0,0
726,12.100000,118.004959,0.000062,-24.571091,27.709648,-0.000693,22.783554,-2.258942,-0.000033,35.873508,5997.508,2,0.000000,4,4,98.996162,1,0,0
727,12.116667,118.467583,0.000049,-24.190706,27.757704,-0.000779,22.823088,-2.258943,-0.000034,35.935738,6007.884,2,0.000000,4,4,99.166840,1,0,0
728,12.133333,118.931015,0.000035,-23.809664,27.805666,-0.000838,22.862547,-2.258943,-0.000035,35.997845,6018.243,2,0.000000,4,4,99.337196,1,0,0
729,12.150000,119.395241,0.000021,-23.427965,27.853533,-0.000869,22.901934,-2.258944,-0.000033,36.059837,6028.582,2,0.000000,4,4,99.507240,1,0,0
730,12.166667,119.860260,0.000006,-23.045610,27.901314,-0.000873,22.941240,-2.258944,-0.000035,36.121708,6038.900,2,0.000000,4,4,99.676964,1,0,0
731,12.183333,120.326073,-0.000008,-22.662603,27.949001,-0.000851,22.980474,-2.258945,-0.000034,36.183464,6049.201,2,0.000000,4,4,99.846367,1,0,0
732,12.200000,120.792686,-0.000022,-22.278942,27.996599,-0.000805,23.019634,-2.258945,-0.000034,36.245098,6059.482,2,0.000000,4,4,100.015450,1,0,0
733,12.216666,121.260086,-0.000034,-21.894630,28.044104,-0.000737,23.058718,-2.258946,-0.000035,36.306618,6069.743,2,0.000000,4,4,100.184227,1,0,0
734,12.233334,121.728279,-0.000045,-21.509668,28.091524,-0.000651,23.097731,-2.258947,-0.000035,36.368019,6079.986,2,0.000000,4,4,100.352661,1,0,0
735,12.250000,122.197258,-0.000054,-21.124058,28.138845,-0.000551,23.136673,-2.258947,-0.000032,36.429321,6090.208,2,0.000000,4,4,100.520782,1,0,0
736,12.266666,122.667023,-0.000061,-20.737799,28.186085,-0.000439,23.175537,-2.258948,-0.000034,36.490486,6100.411,2,0.000000,4,4,100.688576,1,0,0
737,12.283334,123.137573,-0.000067,-20.350895,28.233236,-0.000320,23.214329,-2.258948,-0.000036,36.551544,6110.593,2,0.000000,4,4,100.856033,1,0,0
738,12.300000,123.608917,-0.000070,-19.963343,28.280296,-0.000198,23.253054,-2.258949,-0.000032,36.612492,6120.756,2,0.000000,4,4,101.023170,1,0,0
739,12.316667,124.081039,-0.000071,-19.575148,28.327271,-0.000076,23.291698,-2.258949,-0.000035,36.673317,6130.899,2,0.000000,4,4,101.189980,1,0,0
740,12.333333,124.553940,-0.000070,-19.186310,28.374155,0.000042,23.330278,-2.258950,-0.000033,36.734035,6141.023,2,0.000000,4,4,101.356407,1,0,0
741,12.350000,125.027618,-0.000068,-18.796831,28.420950,0.000153,23.368778,-2.258950,-0.000035,36.794636,6151.123,2,0.000000,4,4,101.522438,1,0,0
742,12.366667,125.502083,-0.000064,-18.406712,28.467644,0.000253,23.407202,-2.258951,-0.000033,36.855103,6161.199,2,0.000000,4,4,101.688042,1,0,0
743,12.383333,125.977318,-0.000058,-18.015953,28.514238,0.000341,23.445536,-2.258952,-0.000035,36.915440,6171.250,2,0.000000,4,4,101.853203,1,0,0
744,12.400000,126.453331,-0.000051,-17.624556,28.560722,0.000414,23.483788,-2.258952,-0.000032,36.975639,6181.272,2,0.000000,4,4,102.017899,1,0,0
745,12.416667,126.930115,-0.000043,-17.232523,28.607096,0.000471,23.521942,-2.258953,-0.000034,37.035690,6191.268,2,0.000000,4,4,102.182121,1,0,0
746,12.433333,127.407669,-0.000035,-16.839855,28.653353,0.000511,23.560001,-2.258953,-0.000034,37.095592,6201.234,2,0.000000,4,4,102.345840,1,0,0
747,12.450000,127.885986,-0.000026,-16.446558,28.699484,0.000535,23.597961,-2.258954,-0.000033,37.155334,6211.169,2,0.000000,4,4,102.509056,1,0,0
748,12.466666,128.365082,-0.000017,-16.052628,28.745491,0.000541,23.635818,-2.258954,-0.000033,37.214912,6221.075,2,0.000000,4,4,102.671745,1,0,0
749,12.483334,128.844940,-0.000008,-15.658068,28.791367,0.000531,23.673569,-2.258955,-0.000033,37.274326,6230.948,2,0.000000,4,4,102.833893,1,0,0
750,12.500000,129.325562,0.000000,-15.262881,28.837109,0.000505,23.711205,-2.258955,-0.000034,37.333561,6240.789,2,0.000000,4,4,102.995499,1,0,0
751,12.516666,129.806946,0.000008,-14.867068,28.882708,0.000467,23.748732,-2.258956,-0.000031,37.392616,6250.597,2,0.000000,4,4,103.156532,1,0,0
752,12.533334,130.289078,0.000015,-14.470634,28.928167,0.000416,23.786133,-2.258956,-0.000033,37.451481,6260.370,2,0.000000,4,4,103.316986,1,0,0
753,12.550000,130.771973,0.000021,-14.073576,28.973475,0.000355,23.823416,-2.258957,-0.000031,37.510159,6270.106,2,0.000000,4,4,103.476852,1,0,0
754,12.566667,131.255615,0.000026,-13.675900,29.018631,0.000287,23.860571,-2.258958,-0.000032,37.568630,6279.809,2,0.000000,4,4,103.636124,1,0,0
755,12.583333,131.740005,0.000029,-13.277606,29.063635,0.000214,23.897600,-2.258958,-0.000032,37.626915,6289.475,2,0.000000,4,4,103.794762,1,0,0
756,12.600000,132.225143,0.000032,-12.878697,29.108473,0.000139,23.934494,-2.258959,-0.000032,37.684978,6299.102,2,0.000000,4,4,103.952797,1,0,0
757,12.616667,132.711029,0.000033,-12.479177,29.153151,0.000063,23.971256,-2.258959,-0.000031,37.742832,6308.693,2,0.000000,4,4,104.110184,1,0,0
758,12.633333,133.197662,0.000033,-12.079045,29.197659,-0.000010,24.007879,-2.258960,-0.000031,37.800468,6318.245,2,0.000000,4,4,104.266930,1,0,0
759,12.650000,133.685028,0.000031,-11.678306,29.241997,-0.000080,24.044361,-2.258960,-0.000031,37.857891,6327.757,2,0.000000,4,4,104.423012,1,0,0
760,12.666667,134.173126,0.000029,-11.276961,29.286160,-0.000143,24.080700,-2.258961,-0.000031,37.915085,6337.229,2,0.000000,4,4,104.578430,1,0,0
761,12.683333,134.661957,0.000026,-10.875012,29.330145,-0.000200,24.116894,-2.258961,-0.000030,37.972046,6346.661,2,0.000000,4,4,104.733170,1,0,0
762,12.700000,135.151520,0.000021,-10.472464,29.373949,-0.000247,24.152937,-2.258962,-0.000031,38.028770,6356.052,2,0.000000,4,4,104.887222,1,0,0
763,12.716666,135.641815,0.000017,-10.069316,29.417570,-0.000284,24.188831,-2.258962,-0.000030,38.085266,6365.402,2,0.000000,4,4,105.040573,1,0,0
764,12.733334,136.132828,0.000012,-9.665573,29.461006,-0.000311,24.224571,-2.258963,-0.000031,38.141510,6374.708,2,0.000000,4,4,105.193214,1,0,0
765,12.750000,136.624557,0.000006,-9.261237,29.504251,-0.000329,24.260157,-2.258963,-0.000030,38.197521,6383.971,2,0.000000,4,4,105.345146,1,0,0
766,12.766666,137.117004,0.000000,-8.856311,29.547304,-0.000335,24.295584,-2.258964,-0.000029,38.253277,6393.192,2,0.000000,4,4,105.496353,1,0,0
767,12.783334,137.610168,-0.000005,-8.450796,29.590164,-0.000332,24.330851,-2.258965,-0.000031,38.308781,6402.369,2,0.000000,4,4,105.646820,1,0,0
768,12.800000,138.104050,-0.000010,-8.044697,29.632826,-0.000318,24.365955,-2.258965,-0.000030,38.364037,6411.500,2,0.000000,4,4,105.796547,1,0,0
769,12.816667,138.598633,-0.000015,-7.638015,29.675287,-0.000296,24.400898,-2.258965,-0.000030,38.419022,6420.587,2,0.000000,4,4,105.945526,1,0,0
770,12.833333,139.093918,-0.000020,-7.230753,29.717550,-0.000267,24.435673,-2.258966,-0.000031,38.473755,6429.628,2,0.000000,4,4,106.093742,1,0,0
771,12.850000,139.589920,-0.000024,-6.822915,29.759609,-0.000232,24.470284,-2.258966,-0.000030,38.528225,6438.623,2,0.000000,4,4,106.241196,1,0,0
772,12.866667,140.086609,-0.000027,-6.414503,29.801462,-0.000192,24.504723,-2.258967,-0.000030,38.582420,6447.571,2,0.000000,4,4,106.387878,1,0,0
773,12.883333,140.584000,-0.000029,-6.005520,29.843109,-0.000148,24.538990,-2.258968,-0.000030,38.636353,6456.474,2,0.000000,4,4,106.533775,1,0,0
774,12.900000,141.082077,-0.000031,-5.595969,29.884544,-0.000101,24.573086,-2.258968,-0.000030,38.690018,6465.328,2,0.000000,4,4,106.678886,1,0,0
775,12.916667,141.580841,-0.000032,-5.185852,29.925770,-0.000055,24.607006,-2.258969,-0.000031,38.743401,6474.134,2,0.000000,4,4,106.823212,1,0,0
776,12.933333,142.080292,-0.000032,-4.775172,29.966780,-0.000010,24.640755,-2.258969,-0.000029,38.796516,6482.893,2,0.000000,4,4,106.966728,1,0,0
777,12.950000,142.580414,-0.000031,-4.363934,30.007578,0.000033,24.674322,-2.258970,-0.000030,38.849350,6491.603,2,0.000000,4,4,107.109444,1,0,0
778,12.966666,143.081223,-0.000030,-3.952139,30.048157,0.000072,24.707718,-2.258970,-0.000027,38.901905,6500.264,2,0.000000,4,4,107.251343,1,0,0
779,12.983334,143.582703,-0.000028,-3.539790,30.088518,0.000108,24.740927,-2.258970,-0.000029,38.954174,6508.875,2,0.000000,4,4,107.392433,1,0,0
780,13.000000,144.084854,-0.000026,-3.126890,30.128660,0.000139,24.773958,-2.258971,-0.000028,39.006161,6517.438,2,0.000000,4,4,107.532700,1,0,0
781,13.016666,144.587662,-0.000023,-2.713444,30.168581,0.000162,24.806808,-2.258971,-0.000028,39.057858,6525.951,2,0.000000,4,4,107.672134,1,0,0
782,13.033334,145.091125,-0.000020,-2.299453,30.208277,0.000182,24.839472,-2.258972,-0.000028,39.109264,6534.413,2,0.000000,4,4,107.810753,1,0,0
783,13.050000,145.595261,-0.000017,-1.884920,30.247747,0.000194,24.871952,-2.258972,-0.000028,39.160385,6542.825,2,0.000000,4,4,107.948540,1,0,0
784,13.066667,146.100037,-0.000014,-1.469849,30.286997,0.000200,24.904249,-2.258973,-0.000028,39.211205,6551.187,2,0.000000,4,4,108.085472,1,0,0
785,13.083333,146.605469,-0.000011,-1.054243,30.326015,0.000200,24.936357,-2.258973,-0.000028,39.261742,6559.497,2,0.000000,4,4,108.221573,1,0,0
786,13.100000,147.111542,-0.000007,-0.638105,30.364805,0.000193,24.968277,-2.258974,-0.000027,39.311974,6567.757,2,0.000000,4,4,108.356834,1,0,0
787,13.116667,147.618271,-0.000004,-0.221438,30.403366,0.000182,25.000010,-2.258974,-0.000027,39.361916,6575.966,2,0.000000,4,4,108.491241,1,0,0
788,13.133333,148.125626,-0.000002,0.195754,30.441694,0.000165,25.031551,-2.258975,-0.000026,39.411556,6584.123,2,0.000000,4,4,108.624802,1,0,0
789,13.150000,148.633621,0.000001,0.613469,30.479790,0.000145,25.062901,-2.258975,-0.000026,39.460888,6592.228,2,0.000000,4,4,108.757515,1,0,0
790,13.166667,149.142242,0.000003,1.031704,30.517653,0.000122,25.094059,-2.258976,-0.000026,39.509930,6600.282,2,0.000000,4,4,108.889366,1,0,0
791,13.183333,149.651489,0.000005,1.450454,30.555281,0.000096,25.125027,-2.258976,-0.000026,39.558662,6608.284,2,0.000000,4,4,109.020363,1,0,0
792,13.200000,150.161362,0.000006,1.869718,30.592676,0.000069,25.155798,-2.258977,-0.000026,39.607086,6616.234,2,0.000000,4,4,109.150505,1,0,0
793,13.216666,150.671860,0.000006,2.289490,30.629835,0.000041,25.186375,-2.258977,-0.000026,39.655205,6624.132,2,0.000000,4,4,109.279785,1,0,0
794,13.233334,151.182968,0.000007,2.709770,30.666758,0.000014,25.216759,-2.258978,-0.000026,39.703022,6631.978,2,0.000000,4,4,109.408203,1,0,0
795,13.250000,151.694687,0.000006,3.130552,30.703444,-0.000012,25.246946,-2.258978,-0.000027,39.750534,6639.771,2,0.000000,4,4,109.535767,1,0,0
796,13.266666,152.207016,0.000006,3.551835,30.739891,-0.000037,25.276939,-2.258979,-0.000027,39.797737,6647.513,2,0.000000,4,4,109.662460,1,0,0
797,13.283334,152.719955,0.000005,3.973614,30.776094,-0.000059,25.306742,-2.258979,-0.000023,39.844627,6655.202,2,0.000000,4,4,109.788292,1,0,0
798,13.300000,153.233490,0.000003,4.395886,30.812065,-0.000077,25.336340,-2.258979,-0.000025,39.891212,6662.838,2,0.000000,4,4,109.913261,1,0,0
799,13.316667,153.747620,0.000002,4.818649,30.847795,-0.000093,25.365742,-2.258980,-0.000026,39.937489,6670.421,2,0.000000,4,4,110.037369,1,0,0
800,13.333333,154.262344,0.000000,5.241898,30.883287,-0.000106,25.394949,-2.258980,-0.000026,39.983452,6677.954,2,0.000000,4,4,110.160606,1,0,0
801,13.350000,154.777649,-0.000002,5.665630,30.918539,-0.000114,25.423960,-2.258981,-0.000026,40.029106,6685.433,2,0.000000,4,4,110.282974,1,0,0
802,13.366667,155.293533,-0.000004,6.089844,30.953550,-0.000119,25.452770,-2.258981,-0.000026,40.074448,6692.859,2,0.000000,4,4,110.404488,1,0,0
803,13.383333,155.810013,-0.000006,6.514534,30.988319,-0.000119,25.481386,-2.258981,-0.000024,40.119476,6700.234,2,0.000000,4,4,110.525139,1,0,0
804,13.400000,156.327057,-0.000008,6.939697,31.022854,-0.000116,25.509800,-2.258982,-0.000026,40.164200,6707.556,2,0.000000,4,4,110.644920,1,0,0
805,13.416667,156.844681,-0.000009,7.365331,31.057142,-0.000110,25.538019,-2.258982,-0.000024,40.208611,6714.825,2,0.000000,4,4,110.763847,1,0,0
806,13.433333,157.362869,-0.000011,7.791431,31.091196,-0.000102,25.566038,-2.258983,-0.000026,40.252705,6722.042,2,0.000000,4,4,110.881905,1,0,0
807,13.450000,157.881622,-0.000013,8.217995,31.125006,-0.000090,25.593864,-2.258983,-0.000024,40.296494,6729.208,2,0.000000,4,4,110.999092,1,0,0
808,13.466666,158.400925,-0.000014,8.645020,31.158577,-0.000076,25.621489,-2.258984,-0.000025,40.339970,6736.319,2,0.000000,4,4,111.115433,1,0,0
809,13.483334,158.920792,-0.000015,9.072502,31.191910,-0.000062,25.648916,-2.258984,-0.000026,40.383141,6743.379,2,0.000000,4,4,111.230911,1,0,0
810,13.500000,159.441208,-0.000016,9.500439,31.224998,-0.000046,25.676153,-2.258984,-0.000022,40.425995,6750.388,2,0.000000,4,4,111.345528,1,0,0
811,13.516666,159.962173,-0.000016,9.928824,31.257853,-0.000029,25.703184,-2.258985,-0.000024,40.468544,6757.344,2,0.000000,4,4,111.459290,1,0,0
812,13.533334,160.483688,-0.000016,10.357658,31.290466,-0.000013,25.730024,-2.258985,-0.000024,40.510773,6764.247,2,0.000000,4,4,111.572189,1,0,0
813,13.550000,161.005737,-0.000016,10.786937,31.322844,0.000004,25.756664,-2.258986,-0.000026,40.552708,6771.099,2,0.000000,4,4,111.684242,1,0,0
814,13.566667,161.528320,-0.000016,11.216655,31.354979,0.000019,25.783112,-2.258986,-0.000023,40.594322,6777.899,2,0.000000,4,4,111.795441,1,0,0
815,13.583333,162.051437,-0.000016,11.646811,31.386879,0.000032,25.809361,-2.258986,-0.000024,40.635643,6784.648,2,0.000000,4,4,111.905792,1,0,0
816,13.600000,162.575073,-0.000015,12.077401,31.418543,0.000043,25.835415,-2.258987,-0.000025,40.676647,6791.345,2,0.000000,4,4,112.015297,1,0,0
817,13.616667,163.099243,-0.000014,12.508423,31.449966,0.000053,25.861277,-2.258987,-0.000023,40.717346,6797.991,2,0.000000,4,4,112.123955,1,0,0
818,13.633333,163.623932,-0.000013,12.939872,31.481157,0.000062,25.886942,-2.258987,-0.000024,40.757736,6804.585,2,0.000000,4,4,112.231766,1,0,0
819,13.650000,164.149139,-0.000012,13.371746,31.512108,0.000068,25.912415,-2.258988,-0.000023,40.797817,6811.127,2,0.000000,4,4,112.338737,1,0,0
820,13.666667,164.674850,-0.000011,13.804041,31.542826,0.000071,25.937691,-2.258988,-0.000024,40.837608,6817.620,2,0.000000,4,4,112.444870,1,0,0
821,13.683333,165.201065,-0.000009,14.236754,31.573307,0.000072,25.962778,-2.258988,-0.000022,40.877083,6824.060,2,0.000000,4,4,112.550171,1,0,0
822,13.700000,165.727783,-0.000008,14.669882,31.603556,0.000071,25.987667,-2.258989,-0.000023,40.916252,6830.451,2,0.000000,4,4,112.654640,1,0,0
823,13.716666,166.255005,-0.000007,15.103422,31.633572,0.000069,26.012367,-2.258989,-0.000023,40.955124,6836.791,2,0.000000,4,4,112.758270,1,0,0
824,13.733334,166.782730,-0.000006,15.537370,31.663347,0.000064,26.036879,-2.258990,-0.000020,40.993698,6843.081,3,0.000000,4,5,121.582222,1,0,0
825,13.750000,167.315536,-0.000008,15.975493,31.968052,-0.000108,26.287453,-2.258990,-0.000011,41.388180,6843.081,3,0.000000,4,5,119.497787,1,0,0
826,13.766666,167.852646,-0.000009,16.417158,32.226330,-0.000056,26.499840,-2.258991,-0.000057,41.722534,6749.100,3,0.000000,4,5,117.365273,1,0,0
827,13.783334,168.392014,-0.000005,16.860691,32.362663,0.000208,26.611965,-2.258994,-0.000221,41.898998,6642.191,3,0.000000,4,5,115.777214,1,0,0
828,13.800000,168.932388,0.000004,17.305044,32.422352,0.000537,26.661116,-2.258999,-0.000269,41.976269,6527.305,3,0.000000,4,5,114.999130,1,0,0
829,13.816667,169.473816,0.000017,17.750271,32.485973,0.000805,26.713575,-2.259003,-0.000281,42.058678,6412.612,3,0.000000,4,5,114.231628,1,0,0
830,13.833333,170.015869,0.000034,18.196011,32.523243,0.001021,26.744425,-2.259008,-0.000263,42.107010,6293.363,3,0.000000,4,5,113.655136,1,0,0
831,13.850000,170.558105,0.000054,18.641901,32.533791,0.001161,26.753355,-2.259012,-0.000222,42.120796,6172.935,3,0.000000,4,5,113.285378,1,0,0
832,13.866667,171.100113,0.000074,19.087612,32.520523,0.001201,26.742735,-2.259014,-0.000162,42.103798,6053.397,3,0.000000,4,5,113.114952,1,0,0
833,13.883333,171.641586,0.000092,19.532890,32.488487,0.001126,26.716692,-2.259016,-0.000091,42.062515,5936.453,3,0.000000,4,5,113.118683,1,0,0
834,13.900000,172.182312,0.000108,19.977560,32.443886,0.000935,26.680153,-2.259017,-0.000084,42.004890,5823.227,3,0.000000,4,5,113.259666,1,0,0
835,13.916667,172.722198,0.000118,20.421532,32.392918,0.000628,26.638342,-2.259018,-0.000078,41.939018,5714.184,3,0.000000,4,5,113.495224,1,0,0
836,13.933333,173.261093,0.000122,20.864700,32.334167,0.000229,26.590103,-2.259020,-0.000085,41.863064,5609.148,3,0.000000,4,5,113.782196,1,0,0
837,13.950000,173.799149,0.000118,21.307169,32.283047,-0.000249,26.548140,-2.259021,-0.000068,41.796982,5507.411,3,0.000000,4,5,114.076439,1,0,0
838,13.966666,174.336563,0.000105,21.749111,32.244442,-0.000765,26.516439,-2.259022,-0.000044,41.747078,5407.700,3,0.000000,4,5,114.346985,1,0,0
839,13.983334,174.874069,0.000084,22.191133,32.250404,-0.001296,26.521376,-2.259021,0.000050,41.754860,5308.767,3,0.000000,4,5,114.379234,1,0,0
840,14.000000,175.411560,0.000055,22.633148,32.249741,-0.001746,26.520849,-2.259019,0.000128,41.754040,5200.640,3,0.000000,4,5,114.404144,1,0,0
841,14.016666,175.949051,0.000020,23.075151,32.248867,-0.002101,26.520111,-2.259016,0.000169,41.752907,5201.772,3,0.000000,4,5,115.001213,1,0,0
842,14.033334,176.486755,-0.000020,23.517344,32.262863,-0.002357,26.531557,-2.259012,0.000197,41.770988,5228.920,3,0.000000,4,5,115.488091,1,0,0
843,14.050000,177.024963,-0.000061,23.959942,32.292564,-0.002492,26.555855,-2.259009,0.000208,41.809361,5251.057,3,0.000000,4,5,115.851112,1,0,0
844,14.066667,177.563904,-0.000103,24.403147,32.337086,-0.002495,26.592287,-2.259006,0.000200,41.866886,5267.563,3,0.000000,4,5,116.093987,1,0,0
845,14.083333,178.103760,-0.000142,24.847086,32.390926,-0.002359,26.636356,-2.259003,0.000167,41.936459,5278.606,3,0.000000,4,5,116.231712,1,0,0
846,14.100000,178.644592,-0.000177,25.291822,32.449394,-0.002090,26.684202,-2.259001,0.000118,42.012001,5284.869,3,0.000000,4,5,116.284821,1,0,0
847,14.116667,179.186386,-0.000205,25.737368,32.508583,-0.001704,26.732637,-2.259000,0.000059,42.088486,5287.284,3,0.000000,4,5,116.276413,1,0,0
848,14.133333,179.729446,-0.000226,26.183922,32.582531,-0.001233,26.793337,-2.258999,0.000071,42.184158,5286.901,3,0.000000,4,5,116.229630,1,0,0
849,14.150000,180.272995,-0.000237,26.630896,32.613041,-0.000658,26.818325,-2.258999,0.000002,42.223602,5284.774,3,0.000000,4,5,116.425026,1,0,0
850,14.166667,180.817413,-0.000238,27.078590,32.665779,-0.000077,26.861685,-2.258999,-0.000018,42.291874,5293.659,3,0.000000,4,5,116.488556,1,0,0
851,14.183333,181.362305,-0.000229,27.526655,32.692776,0.000527,26.883883,-2.259000,-0.000030,42.326828,5296.547,3,0.000000,4,5,116.704735,1,0,0
852,14.200000,181.908005,-0.000211,27.975399,32.742352,0.001082,26.924658,-2.259000,-0.000033,42.391014,5306.376,3,0.000000,4,5,116.789917,1,0,0
853,14.216666,182.454224,-0.000185,28.424562,32.773022,0.001606,26.949894,-2.259001,-0.000041,42.430729,5310.250,3,0.000000,4,5,116.986458,1,0,0
854,14.233334,183.001312,-0.000151,28.874447,32.825531,0.002041,26.993099,-2.259001,-0.000039,42.498718,5319.186,3,0.000000,4,5,117.052788,1,0,0
855,14.250000,183.548874,-0.000110,29.324711,32.853054,0.002417,27.015768,-2.259002,-0.000040,42.534359,5322.202,3,0.000000,4,5,117.266762,1,0,0
856,14.266666,184.097244,-0.000066,29.775656,32.902740,0.002672,27.056673,-2.259002,-0.000032,42.598694,5331.931,3,0.000000,4,5,117.351181,1,0,0
857,14.283334,184.646133,-0.000018,30.227018,32.933308,0.002842,27.081856,-2.259003,-0.000031,42.638279,5335.770,3,0.000000,4,5,117.548050,1,0,0
858,14.300000,185.195892,0.000030,30.679100,32.985451,0.002884,27.124786,-2.259003,-0.000021,42.705791,5344.721,3,0.000000,4,5,117.615967,1,0,0
859,14.316667,185.746109,0.000077,31.131559,33.013157,0.002844,27.147602,-2.259004,-0.000028,42.741653,5347.809,3,0.000000,4,5,117.828285,1,0,0
860,14.333333,186.297150,0.000122,31.584700,33.062767,0.002679,27.188438,-2.259004,-0.000022,42.805885,5357.462,3,0.000000,4,5,117.911995,1,0,0
861,14.350000,186.848694,0.000162,32.038258,33.093082,0.002438,27.213387,-2.259005,-0.000032,42.845127,5361.269,3,0.000000,4,5,118.109261,1,0,0
862,14.366667,187.401108,0.000197,32.492523,33.144840,0.002094,27.255980,-2.259005,-0.000028,42.912140,5370.238,3,0.000000,4,5,118.178192,1,0,0
863,14.383333,187.953995,0.000226,32.947170,33.172501,0.001705,27.278753,-2.259006,-0.000030,42.947960,5373.372,3,0.000000,4,5,118.389458,1,0,0
864,14.400000,188.507690,0.000246,33.402493,33.221962,0.001241,27.319462,-2.259006,-0.000023,43.012009,5382.978,3,0.000000,4,5,118.472359,1,0,0
865,14.416667,189.061890,0.000259,33.858227,33.251877,0.000758,27.344082,-2.259007,-0.000032,43.050758,5386.748,3,0.000000,4,5,118.670288,1,0,0
866,14.433333,189.616943,0.000263,34.314667,33.303249,0.000238,27.386354,-2.259007,-0.000028,43.117287,5395.747,3,0.000000,4,5,118.739784,1,0,0
867,14.450000,190.172455,0.000259,34.771481,33.330742,-0.000260,27.408989,-2.259008,-0.000033,43.152908,5398.907,3,0.000000,4,5,118.950279,1,0,0
868,14.466666,190.728790,0.000246,35.228973,33.380066,-0.000765,27.449583,-2.259008,-0.000026,43.216805,5408.478,3,0.000000,4,5,119.032028,1,0,0
869,14.483334,191.285599,0.000226,35.686874,33.409500,-0.001217,27.473812,-2.259009,-0.000033,43.254936,5412.195,3,0.000000,4,5,119.230843,1,0,0
870,14.500000,191.843277,0.000198,36.145470,33.460518,-0.001642,27.515800,-2.259009,-0.000028,43.321030,5421.235,3,0.000000,4,5,119.300568,1,0,0
871,14.516666,192.401413,0.000165,36.604443,33.487831,-0.001982,27.538284,-2.259010,-0.000034,43.356422,5424.405,3,0.000000,4,5,119.510262,1,0,0
872,14.533334,192.960373,0.000127,37.064091,33.537083,-0.002274,27.578819,-2.259010,-0.000027,43.420227,5433.939,3,0.000000,4,5,119.590462,1,0,0
873,14.550000,193.519806,0.000086,37.524136,33.566044,-0.002467,27.602655,-2.259011,-0.000035,43.457756,5437.585,3,0.000000,4,5,119.790161,1,0,0
874,14.566667,194.080093,0.000043,37.984875,33.616764,-0.002596,27.644396,-2.259011,-0.000029,43.523457,5446.666,3,0.000000,4,5,119.859932,1,0,0
875,14.583333,194.640823,-0.000001,38.445988,33.643948,-0.002616,27.666777,-2.259012,-0.000034,43.558693,5449.838,3,0.000000,4,5,120.068642,1,0,0
876,14.600000,195.202362,-0.000044,38.907776,33.693195,-0.002575,27.707314,-2.259012,-0.000026,43.622482,5459.328,3,0.000000,4,5,120.147064,1,0,0
877,14.616667,195.764389,-0.000084,39.369957,33.721756,-0.002432,27.730818,-2.259013,-0.000035,43.659485,5462.893,3,0.000000,4,5,120.347420,1,0,0
878,14.633333,196.327271,-0.000121,39.832829,33.772236,-0.002236,27.772358,-2.259013,-0.000032,43.724861,5472.003,3,0.000000,4,5,120.417114,1,0,0
879,14.650000,196.890579,-0.000154,40.296070,33.799374,-0.001952,27.794706,-2.259014,-0.000034,43.760021,5475.172,3,0.000000,4,5,120.624603,1,0,0
880,14.666667,197.454727,-0.000181,40.759995,33.848671,-0.001637,27.835272,-2.259014,-0.000030,43.823883,5484.606,3,0.000000,4,5,120.701233,1,0,0
881,14.683333,198.019333,-0.000202,41.224304,33.876926,-0.001260,27.858536,-2.259015,-0.000035,43.860474,5488.091,3,0.000000,4,5,120.901909,1,0,0
882,14.700000,198.584778,-0.000217,41.689301,33.927200,-0.000874,27.899908,-2.259016,-0.000031,43.925587,5497.215,3,0.000000,4,5,120.971512,1,0,0
883,14.716666,199.150681,-0.000224,42.154671,33.954353,-0.000451,27.922264,-2.259016,-0.000036,43.960762,5500.380,3,0.000000,4,5,121.177658,1,0,0
884,14.733334,199.717407,-0.000225,42.620720,34.003681,-0.000049,27.962868,-2.259017,-0.000028,44.024651,5509.752,3,0.000000,4,5,121.252693,1,0,0
885,14.750000,200.284607,-0.000219,43.087154,34.031723,0.000361,27.985950,-2.259017,-0.000035,44.060966,5513.165,3,0.000000,4,5,121.453362,1,0,0
886,14.766666,200.852646,-0.000207,43.554272,34.081806,0.000726,28.027172,-2.259018,-0.000029,44.125835,5522.289,3,0.000000,4,5,121.522881,1,0,0
887,14.783334,201.421112,-0.000189,44.021763,34.108990,0.001078,28.049555,-2.259018,-0.000034,44.161049,5525.450,3,0.000000,4,5,121.727692,1,0,0
888,14.800000,201.990417,-0.000166,44.489933,34.158318,0.001364,28.090155,-2.259019,-0.000026,44.224930,5534.762,3,0.000000,4,5,121.801437,1,0,0
889,14.816667,202.560196,-0.000139,44.958485,34.186184,0.001619,28.113096,-2.259019,-0.000033,44.261017,5538.115,3,0.000000,4,5,122.001900,1,0,0
890,14.833333,203.130783,-0.000109,45.427719,34.236073,0.001794,28.154156,-2.259020,-0.000027,44.325623,5547.230,3,0.000000,4,5,122.071350,1,0,0
891,14.850000,203.701843,-0.000077,45.897331,34.263268,0.001929,28.176544,-2.259020,-0.000033,44.360847,5550.388,3,0.000000,4,5,122.274940,1,0,0
892,14.866667,204.273712,-0.000044,46.367615,34.312538,0.001979,28.217100,-2.259021,-0.000026,44.424656,5559.645,3,0.000000,4,5,122.347641,1,0,0
893,14.883333,204.846054,-0.000011,46.838280,34.340233,0.001988,28.239902,-2.259021,-0.000032,44.460526,5562.950,3,0.000000,4,5,122.547829,1,0,0
894,14.900000,205.419205,0.000021,47.309624,34.389904,0.001916,28.280788,-2.259022,-0.000025,44.524849,5572.052,3,0.000000,4,5,122.617195,1,0,0
895,14.916667,205.992828,0.000051,47.781342,34.417053,0.001809,28.303137,-2.259022,-0.000033,44.560013,5575.207,3,0.000000,4,5,122.819748,1,0,0
896,14.933333,206.567276,0.000078,48.253735,34.466221,0.001630,28.343605,-2.259023,-0.000028,44.623684,5584.416,3,0.000000,4,5,122.891579,1,0,0
897,14.950000,207.142166,0.000102,48.726505,34.493717,0.001428,28.366245,-2.259023,-0.000032,44.659294,5587.683,3,0.000000,4,5,123.091499,1,0,0
898,14.966666,207.717896,0.000121,49.199955,34.543163,0.001171,28.406940,-2.259024,-0.000027,44.723320,5596.772,3,0.000000,4,5,123.160721,1,0,0
899,14.983334,208.294067,0.000137,49.673779,34.570206,0.000910,28.429205,-2.259025,-0.000033,44.758354,5599.920,3,0.000000,4,5,123.362427,1,0,0
900,15.000000,208.871063,0.000147,50.148270,34.619236,0.000611,28.469563,-2.259025,-0.000026,44.821854,5609.091,3,0.000000,4,5,123.433449,1,0,0
